OFF
1971 3739 0


26.9027 31.0821 5.7241
26.9027 31.0821 5.7241
26.8287 31.0572 5.821
26.7565 31.0331 5.9128
26.6856 31.0097 6.0
26.6158 30.9867 6.0831
26.5467 30.9642 6.1624
26.4779 30.9421 6.2383
26.4092 30.9201 6.3108
26.3404 30.8984 6.3804
26.2714 30.8767 6.447
26.2018 30.8552 6.5108
26.1317 30.8337 6.572
26.0609 30.8121 6.6307
25.9894 30.7906 6.687
25.9171 30.769 6.741
25.844 30.7473 6.793
25.77 30.7255 6.8431
25.695 30.7037 6.8914
25.6189 30.6816 6.9383
25.5417 30.6594 6.9838
25.4632 30.6369 7.0282
25.3832 30.614 7.0716
25.3015 30.5909 7.1144
25.2179 30.5672 7.1568
25.1321 30.5431 7.1988
25.0437 30.5183 7.2409
24.9523 30.4927 7.2831
24.8575 30.4663 7.3258
24.7587 30.4388 7.3692
24.6552 30.4101 7.4136
24.5465 30.38 7.4593
24.4314 30.3482 7.5066
24.4314 30.3482 7.5066
24.4027 30.2234 7.5144
24.3726 30.1029 7.5202
24.3413 29.9864 7.5244
24.309 29.8738 7.527
24.2759 29.7648 7.5283
24.242 29.6594 7.5282
24.2077 29.5573 7.5271
24.1729 29.4583 7.525
24.1379 29.3622 7.5221
24.1026 29.2688 7.5184
24.0672 29.178 7.514
24.0318 29.0894 7.5091
23.9963 29.0029 7.5037
23.9607 28.9183 7.4979
23.9251 28.8354 7.4917
23.8896 28.754 7.4851
23.8539 28.6739 7.4782
23.8182 28.5949 7.471
23.7824 28.5169 7.4636
23.7465 28.4395 7.4558
23.7103 28.3627 7.4479
23.6739 28.2863 7.4396
23.6373 28.2101 7.4312
23.6002 28.1339 7.4224
23.5628 28.0576 7.4134
23.5248 27.9809 7.4042
23.4862 27.9036 7.3946
23.447 27.8256 7.3848
23.4069 27.7466 7.3746
23.366 27.6664 7.3641
23.3241 27.5848 7.3532
23.281 27.5015 7.3419
23.2367 27.4163 7.3301
23.1909 27.3288 7.3178
23.1435 27.2387 7.305
23.0944 27.1457 7.2916
23.0431 27.0494 7.2775
22.9896 26.9492 7.2627
22.9335 26.8448 7.2471
22.8746 26.7355 7.2305
22.8123 26.6206 7.2129
22.7464 26.4994 7.1942
22.7464 26.4994 7.1942
22.846 26.5612 7.1709
22.9438 26.6219 7.1479
23.0399 26.6815 7.1253
23.1346 26.7401 7.1029
23.228 26.7978 7.0808
23.3202 26.8548 7.0589
23.4115 26.9111 7.0371
23.5018 26.9669 7.0155
23.5915 27.0221 6.9939
23.6805 27.0768 6.9723
23.769 27.1312 6.9508
23.8572 27.1853 6.9292
23.9452 27.2391 6.9076
24.033 27.2928 6.8858
24.1208 27.3463 6.8639
24.2088 27.3998 6.8418
24.2969 27.4533 6.8194
24.3854 27.5068 6.7967
24.4743 27.5604 6.7736
24.5637 27.6142 6.7501
24.6538 27.6681 6.726
24.7447 27.7221 6.7014
24.8363 27.7763 6.6761
24.929 27.8308 6.6499
25.0227 27.8853 6.6228
25.1174 27.94 6.5946
25.2133 27.9946 6.5651
25.3104 28.0491 6.534
25.4086 28.1032 6.501
25.5078 28.1566 6.4658
25.608 28.2087 6.4279
25.7087 28.2591 6.3866
25.8095 28.3068 6.3413
25.9099 28.3508 6.2912
26.009 28.39 6.2355
26.1057 28.4229 6.1733
26.1993 28.4487 6.1043
26.2889 28.4667 6.0286
26.374 28.477 5.9466
26.4546 28.4802 5.8594
26.531 28.4773 5.7682
26.6036 28.4694 5.6741
26.6728 28.4576 5.5781
26.7391 28.4428 5.4809
26.803 28.4256 5.3831
26.8648 28.4066 5.2851
26.9247 28.3863 5.1871
26.9832 28.3649 5.0893
27.0404 28.3426 4.9918
27.0964 28.3198 4.8946
27.1516 28.2964 4.7977
27.2059 28.2725 4.701
27.2595 28.2483 4.6046
27.3127 28.2238 4.5083
27.3654 28.199 4.4121
27.4177 28.1739 4.3159
27.4698 28.1485 4.2196
27.5218 28.1229 4.123
27.5737 28.097 4.0261
27.5903 28.221 4.0708
27.6054 28.3374 4.1113
27.6192 28.4474 4.1482
27.6321 28.5523 4.1819
27.644 28.6527 4.213
27.6551 28.7495 4.2416
27.6656 28.8434 4.2682
27.6754 28.9351 4.2927
27.6846 29.0249 4.3155
27.6934 29.1134 4.3367
27.7017 29.2011 4.3564
27.7096 29.2883 4.3747
27.7171 29.3756 4.3916
27.7242 29.4633 4.4072
27.731 29.5517 4.4215
27.7375 29.6413 4.4345
27.7436 29.7326 4.4462
27.7494 29.8258 4.4565
27.7549 29.9215 4.4654
27.7601 30.0202 4.4729
27.7649 30.1223 4.4787
27.7693 30.2285 4.4829
27.7734 30.3394 4.4853
27.7771 30.4558 4.4856
27.7803 30.5785 4.4837
27.7831 30.7086 4.4793
27.7831 30.7086 4.4793
27.7027 30.746 4.6088
27.6358 30.7767 4.7145
27.578 30.8029 4.8045
27.5263 30.8261 4.8838
27.4785 30.8473 4.9558
27.4333 30.8672 5.023
27.3893 30.8863 5.0874
27.3455 30.9051 5.1505
27.3007 30.9241 5.2139
27.2537 30.9438 5.2792
27.203 30.9648 5.3482
27.1466 30.9877 5.4232
27.0815 31.0136 5.5072
27.0031 31.0442 5.6048
26.9027 31.0821 5.7241
24.2862 28.9714 7.3789
24.2532 28.8572 7.363
24.2227 28.7491 7.3459
24.1946 28.6461 7.3279
24.1687 28.5472 7.309
24.1021 27.8096 7.074
24.212 27.8619 7.0418
24.3204 27.9132 7.0097
24.4278 27.9637 6.9776
24.5348 28.0134 6.9451
24.6419 28.0627 6.9121
24.7494 28.1114 6.8783
24.8578 28.1596 6.8434
24.9675 28.2071 6.8071
25.0788 28.2536 6.7688
25.192 28.2988 6.728
25.3075 28.3421 6.6839
24.3603 29.2226 7.4068
24.6366 29.3849 7.329
24.3219 29.0928 7.3936
24.6161 29.279 7.3163
24.0794 28.1345 7.2094
24.5763 28.5813 7.1421
25.4257 28.383 6.6356
25.6508 28.6633 6.6406
25.5476 28.4212 6.5816
25.7426 28.6727 6.5895
24.4015 29.3623 7.4181
24.6608 29.5008 7.3398
24.8684 29.6081 7.2738
24.1566 28.4991 7.2991
24.5613 28.8265 7.2257
24.8445 29.052 7.1694
24.1135 28.3133 7.2569
24.5628 28.6979 7.186
24.8649 28.9531 7.1333
24.0558 27.9587 7.1548
24.604 28.4744 7.0924
24.9406 28.7887 7.0489
24.0464 27.783 7.0902
24.6499 28.3763 7.035
25.0013 28.72 6.9977
25.6749 28.457 6.5199
25.8391 28.6782 6.5302
25.951 28.8313 6.5362
27.4015 28.4248 4.4867
27.3429 28.6444 4.702
27.2916 28.8229 4.8795
27.4864 28.3971 4.3356
27.4136 28.632 4.5812
27.3511 28.8206 4.7811
27.3453 30.7889 5.1652
27.2698 30.7218 5.2866
27.2042 30.6634 5.3915
27.2692 30.8256 5.2742
27.2031 30.7568 5.3808
27.1453 30.6965 5.4737
24.4456 29.5131 7.4268
24.689 29.6283 7.3479
24.8869 29.7184 7.2808
25.0515 29.7903 7.2225
24.2083 28.697 7.3371
24.5709 28.9709 7.2618
24.8345 29.1663 7.2026
25.036 29.3125 7.1535
24.2663 27.8877 7.0257
24.8025 28.4298 6.983
25.118 28.7475 6.9532
25.3275 28.9575 6.9298
24.4813 27.9886 6.9614
24.9547 28.4816 6.9299
25.236 28.7739 6.907
25.424 28.9687 6.8885
24.6955 28.0871 6.8954
25.109 28.5318 6.874
25.3573 28.7989 6.8576
25.5243 28.9784 6.8437
27.2247 28.4797 4.7963
27.1925 28.6691 4.9555
27.1624 28.8269 5.0901
27.134 28.9604 5.2058
27.3145 28.4524 4.6401
27.2695 28.6568 4.8265
27.2289 28.825 4.9823
27.1919 28.9658 5.1146
27.5357 28.769 4.4504
27.4547 28.9426 4.6685
27.3852 29.0846 4.8493
27.3245 29.2027 5.0021
27.5552 28.9343 4.4959
27.4709 29.0835 4.704
27.3986 29.2064 4.8779
27.3353 29.3091 5.0255
27.5721 29.0918 4.5355
27.4849 29.2192 4.7357
27.4099 29.3246 4.9038
27.3443 29.4131 5.0472
27.587 29.2448 4.5705
27.4969 29.3522 4.7642
27.4194 29.4414 4.9277
27.3517 29.5164 5.0676
27.6 29.3964 4.6014
27.5071 29.4849 4.7901
27.4272 29.5585 4.9498
27.3574 29.6206 5.0869
27.6113 29.5489 4.6287
27.5156 29.6192 4.8136
27.4333 29.6777 4.9705
27.3614 29.727 5.1053
27.4249 30.7496 5.0475
27.3388 30.6844 5.186
27.2646 30.6282 5.3046
27.2 30.5792 5.4074
27.1886 30.8632 5.3856
27.1319 30.7929 5.4781
27.0818 30.7309 5.5592
27.0374 30.6759 5.631
25.3279 30.5497 7.1051
25.4258 30.5324 7.0583
25.5137 30.5156 7.0156
25.5929 30.499 6.9764
25.6648 30.4827 6.9401
25.1769 30.5066 7.1802
25.2939 30.4945 7.1258
25.3977 30.482 7.0767
25.4903 30.4693 7.032
25.5736 30.4564 6.991
25.0183 30.4617 7.2547
25.1576 30.4555 7.1919
25.2795 30.448 7.1357
25.3871 30.4396 7.0852
25.4828 30.4304 7.0392
24.8494 30.4142 7.3303
25.0148 30.415 7.2578
25.1575 30.4132 7.1938
25.2819 30.4096 7.1368
25.3915 30.4044 7.0855
24.6663 30.363 7.4087
24.8628 30.3721 7.3249
25.0297 30.3771 7.2521
25.1733 30.3789 7.188
25.2983 30.3782 7.1309
24.4921 29.6765 7.4322
24.7213 29.7686 7.3526
24.9102 29.8411 7.2844
25.0689 29.899 7.2247
25.2046 29.9459 7.1717
24.2376 28.8025 7.3546
24.5799 29.0507 7.2787
24.8335 29.2307 7.218
25.03 29.3669 7.1674
25.1875 29.4734 7.1238
24.9125 28.1834 6.8255
25.2679 28.5798 6.8133
25.484 28.8213 6.8029
25.6303 28.9853 6.7934
25.7368 29.1051 6.7844
25.8102 28.4919 6.4478
25.9434 28.6818 6.4601
26.038 28.8195 6.4682
26.1088 28.9251 6.4736
26.1639 29.0094 6.4773
27.1314 28.5066 4.956
27.1112 28.6813 5.0896
27.0911 28.8286 5.204
27.0712 28.9545 5.3033
27.0516 29.0633 5.3906
27.5131 28.5918 4.3978
27.4358 28.7935 4.628
27.3696 28.957 4.8174
27.3117 29.0922 4.9763
27.2602 29.2056 5.1117
27.6209 29.7051 4.6526
27.5223 29.7573 4.835
27.4376 29.8006 4.9898
27.3636 29.837 5.1231
27.2985 29.8679 5.2391
27.6289 29.8673 4.6731
27.5271 29.901 4.8542
27.4398 29.9288 5.008
27.3638 29.9519 5.1403
27.2969 29.9713 5.2555
27.4687 30.7275 4.9812
27.3764 30.6636 5.1298
27.2974 30.6087 5.2564
27.2288 30.561 5.3657
27.1686 30.519 5.461
25.5448 30.612 6.9882
25.6188 30.5882 6.9515
25.6862 30.5655 6.9175
25.7478 30.5438 6.8859
25.8044 30.5228 6.8564
25.8565 30.5026 6.8289
25.4013 30.5707 7.0669
25.4907 30.5512 7.0236
25.5713 30.5322 6.9839
25.6443 30.5139 6.9473
25.7109 30.496 6.9133
25.7718 30.4785 6.8817
24.5408 29.8538 7.4332
24.7575 29.9228 7.3528
24.9383 29.9771 7.2834
25.0917 30.0203 7.2223
25.2238 30.055 7.168
25.3388 30.0829 7.119
24.2694 28.9135 7.3711
24.592 29.1365 7.2946
24.8354 29.3009 7.2327
25.0265 29.4268 7.1806
25.1812 29.5259 7.1354
25.3097 29.6058 7.0954
27.0336 28.5329 5.1199
27.0247 28.693 5.2295
27.0143 28.8298 5.3246
27.0027 28.9479 5.408
26.9903 29.0509 5.482
26.9773 29.1417 5.5484
27.635 30.0384 4.69
27.5298 30.0527 4.8713
27.4397 30.0641 5.025
27.3616 30.0731 5.1571
27.293 30.0804 5.2719
27.2323 30.0861 5.3726
27.639 30.2213 4.703
27.5299 30.2146 4.8861
27.4369 30.2082 5.0408
27.3566 30.2021 5.1734
27.2863 30.1963 5.2884
27.2243 30.1906 5.3891
27.5173 30.7026 4.9066
27.4179 30.6402 5.0669
27.3332 30.5869 5.2028
27.26 30.5407 5.3196
27.1961 30.5002 5.4209
27.1398 30.4644 5.5098
27.0936 30.906 5.5117
27.047 30.8341 5.5894
27.0056 30.7703 5.658
26.9686 30.7133 5.7192
26.9352 30.662 5.774
26.9049 30.6156 5.8234
25.7544 30.6726 6.8616
25.809 30.6432 6.8339
25.8593 30.6153 6.808
25.9058 30.5888 6.7837
25.9489 30.5635 6.7609
25.989 30.5392 6.7394
26.0264 30.5159 6.7191
25.6154 30.6323 6.9473
25.6824 30.6066 6.9137
25.7438 30.5822 6.8824
25.8001 30.5588 6.8533
25.852 30.5363 6.8261
25.9 30.5147 6.8005
25.9445 30.4939 6.7764
24.5657 29.9479 7.4318
24.777 30.0053 7.3508
24.9542 30.0503 7.2807
25.1052 30.0858 7.2191
25.2356 30.114 7.1641
25.3495 30.1364 7.1145
25.45 30.1541 7.0694
24.3037 29.0311 7.3864
24.6072 29.2295 7.3094
24.8403 29.378 7.2463
25.0258 29.4929 7.1927
25.1775 29.5841 7.1461
25.3045 29.658 7.1046
25.4128 29.7189 7.0671
25.1351 28.2764 6.7487
25.4331 28.6232 6.7449
25.6174 28.8386 6.74
25.7435 28.987 6.7347
25.8358 29.0964 6.7291
25.9069 29.1813 6.7233
25.9637 29.2497 6.7175
26.9301 28.5578 5.2882
26.9318 28.704 5.3758
26.9306 28.8302 5.4526
26.9272 28.9404 5.5208
26.922 29.0373 5.5819
26.9155 29.1235 5.637
26.9078 29.2006 5.6873
27.5003 28.497 4.3681
27.4252 28.7146 4.6055
27.3607 28.8902 4.7999
27.3044 29.0347 4.9623
27.2543 29.1556 5.1003
27.2091 29.258 5.2192
27.168 29.3459 5.323
27.6406 30.4199 4.7114
27.527 30.3896 4.8982
27.4308 30.3634 5.0553
27.3482 30.3405 5.1894
27.2763 30.3203 5.3051
27.2131 30.3021 5.4062
27.157 30.2857 5.4952
27.5729 30.6737 4.8197
27.465 30.6133 4.9943
27.3736 30.5619 5.1414
27.2951 30.5176 5.267
27.2269 30.4789 5.3755
27.1669 30.4447 5.4702
27.1138 30.4142 5.5537
26.8738 30.998 5.7802
26.848 30.923 5.8301
26.8247 30.8556 5.8749
26.8035 30.7947 5.9152
26.7843 30.7393 5.9518
26.7666 30.6888 5.9851
26.7504 30.6425 6.0155
26.7354 30.5998 6.0435
25.8913 30.7124 6.7695
25.935 30.6794 6.7475
25.9754 30.6482 6.7269
26.013 30.6186 6.7074
26.0481 30.5904 6.6891
26.0808 30.5635 6.6718
26.1114 30.5377 6.6554
26.1401 30.513 6.6398
24.6161 30.1477 7.424
24.8186 30.1815 7.3418
24.9897 30.2071 7.2703
25.1365 30.2263 7.2074
25.2639 30.2407 7.1513
25.3756 30.2512 7.1007
25.4745 30.2585 7.0546
25.5627 30.2632 7.0124
26.8758 28.5695 5.3739
26.8825 28.709 5.4514
26.8858 28.8301 5.5196
26.8864 28.9362 5.5805
26.8848 29.0301 5.6352
26.8815 29.1138 5.6849
26.8768 29.189 5.7303
26.8709 29.257 5.7721
27.4442 28.411 4.411
27.3786 28.6382 4.6412
27.3217 28.8218 4.8298
27.2715 28.973 4.9876
27.2264 29.0996 5.1218
27.1855 29.207 5.2375
27.1479 29.2992 5.3385
27.113 29.3791 5.4277
27.6391 30.6388 4.7144
27.5204 30.581 4.9072
27.4208 30.5321 5.0683
27.3358 30.4902 5.2048
27.2624 30.4537 5.3221
27.1981 30.4215 5.424
27.1414 30.3929 5.5134
27.0909 30.3673 5.5924
26.7411 30.9597 5.9495
26.7271 30.8932 5.9826
26.7143 30.8327 6.0128
26.7026 30.7773 6.0403
26.6917 30.7265 6.0654
26.6816 30.6796 6.0886
26.6722 30.6362 6.11
26.6634 30.596 6.1298
26.6552 30.5585 6.1482
26.6117 30.9222 6.1048
26.6078 30.8631 6.1247
26.6041 30.8086 6.1429
26.6006 30.7583 6.1597
26.5974 30.7116 6.1753
26.5942 30.6682 6.1897
26.5912 30.6278 6.2031
26.5884 30.5899 6.2156
26.5857 30.5545 6.2273
26.0929 30.7712 6.6166
26.1225 30.7327 6.6033
26.15 30.6963 6.5909
26.1758 30.6619 6.5791
26.1998 30.6293 6.568
26.2223 30.5982 6.5575
26.2434 30.5687 6.5475
26.2632 30.5405 6.538
26.2818 30.5135 6.529
25.959 30.7321 6.7206
25.9977 30.6974 6.7015
26.0337 30.6645 6.6835
26.0671 30.6333 6.6666
26.0984 30.6036 6.6506
26.1276 30.5754 6.6355
26.155 30.5483 6.6211
26.1806 30.5225 6.6074
26.2048 30.4977 6.5944
24.3407 29.1566 7.4004
24.6259 29.3308 7.3229
24.8487 29.4631 7.2586
25.0283 29.5664 7.2037
25.1768 29.6491 7.1556
25.302 29.7164 7.1127
25.4094 29.772 7.0738
25.503 29.8184 7.0381
25.5854 29.8577 7.005
25.9558 28.5273 6.3617
26.0592 28.687 6.3758
26.1363 28.8092 6.386
26.1959 28.9067 6.3936
26.2434 28.987 6.3995
26.2823 29.0549 6.404
26.3146 29.1136 6.4076
26.3419 29.1654 6.4105
26.3653 29.2116 6.4128
26.8196 28.5803 5.4606
26.8311 28.7135 5.5285
26.8388 28.8296 5.5886
26.8433 28.9318 5.6424
26.8453 29.0225 5.691
26.8452 29.1038 5.7353
26.8435 29.177 5.7759
26.8403 29.2435 5.8134
26.8359 29.3041 5.8483
27.3583 28.4386 4.5631
27.3066 28.6506 4.7637
27.2607 28.824 4.9303
27.2193 28.9683 5.071
27.1815 29.0902 5.1918
27.1465 29.1944 5.2969
27.114 29.2845 5.3892
27.0834 29.3631 5.4712
27.0546 29.4322 5.5446
26.4834 30.885 6.2482
26.4884 30.8322 6.2574
26.4929 30.7831 6.2659
26.497 30.7373 6.2738
26.5008 30.6946 6.2811
26.5043 30.6545 6.288
26.5074 30.6169 6.2944
26.5103 30.5815 6.3004
26.5129 30.5481 6.306
26.5153 30.5165 6.3113
26.3548 30.8476 6.3809
26.368 30.8002 6.3814
26.3802 30.7558 6.3818
26.3915 30.7142 6.3822
26.402 30.6751 6.3825
26.4118 30.6382 6.3828
26.4209 30.6034 6.3831
26.4294 30.5704 6.3833
26.4373 30.5391 6.3835
26.4448 30.5094 6.3837
26.2247 30.8097 6.5035
26.246 30.767 6.4967
26.2658 30.7269 6.4902
26.2842 30.689 6.4842
26.3014 30.6532 6.4784
26.3174 30.6194 6.473
26.3325 30.5872 6.4678
26.3466 30.5567 6.4629
26.3599 30.5275 6.4583
26.3723 30.4997 6.4538
24.3806 29.2911 7.4127
24.6482 29.4415 7.3347
24.8608 29.5572 7.2693
25.0345 29.6485 7.213
25.1794 29.7219 7.1634
25.3026 29.7819 7.1191
25.409 29.8315 7.0789
25.5021 29.873 7.0419
25.5845 29.908 7.0076
25.6583 29.9378 6.9755
24.3742 27.9385 6.9937
24.8785 28.4558 6.9567
25.1767 28.7608 6.9304
25.3754 28.9632 6.9095
25.5184 29.1083 6.8916
25.6271 29.2182 6.8755
25.7132 29.3048 6.8608
25.7837 29.3752 6.8469
25.8429 29.4341 6.8336
25.8937 29.4842 6.8207
26.761 28.5901 5.548
26.7774 28.7174 5.6069
26.7893 28.8287 5.6594
26.7977 28.9271 5.7065
26.8032 29.0147 5.7492
26.8064 29.0934 5.7882
26.8077 29.1646 5.8241
26.8073 29.2295 5.8574
26.8055 29.2889 5.8884
26.8025 29.3436 5.9175
27.27 28.4661 4.7178
27.2315 28.663 4.8904
27.1962 28.826 5.0355
27.1635 28.9632 5.1595
27.1329 29.0801 5.2669
27.1041 29.1809 5.361
27.0767 29.2686 5.4444
27.0507 29.3456 5.5189
27.0257 29.4138 5.586
27.0017 29.4745 5.6469
27.3073 30.8074 5.22
27.2366 30.7393 5.3339
27.1749 30.68 5.4326
27.1206 30.6278 5.5192
27.0725 30.5813 5.5956
27.0293 30.5398 5.6636
26.9905 30.5023 5.7246
26.9552 30.4683 5.7795
26.9231 30.4372 5.8293
26.8936 30.4088 5.8747
26.9648 30.9611 5.673
26.9308 30.8873 5.7334
26.9002 30.8214 5.7873
26.8727 30.762 5.8357
26.8477 30.7083 5.8793
26.8249 30.6594 5.9189
26.804 30.6146 5.9551
26.7848 30.5736 5.9881
26.767 30.5357 6.0185
26.7505 30.5007 6.0465
24.9354 30.4383 7.2922
25.0872 30.4355 7.2247
25.2191 30.4308 7.1648
25.3349 30.4246 7.1111
25.4373 30.4174 7.0625
25.5287 30.4092 7.0182
25.6108 30.4004 6.9776
25.685 30.3909 6.94
25.7524 30.381 6.9051
25.8139 30.3706 6.8725
25.8704 30.3599 6.842
25.3662 28.3629 6.6604
25.6061 28.6571 6.6638
25.7587 28.8458 6.664
25.8649 28.9785 6.6627
25.9435 29.0781 6.6603
26.0045 29.1563 6.6574
26.0535 29.22 6.654
26.0939 29.2734 6.6503
26.1281 29.3193 6.6463
26.1576 29.3596 6.642
26.1834 29.3955 6.6376
26.7 28.5984 5.6357
26.721 28.7204 5.6865
26.7372 28.8273 5.7318
26.7495 28.922 5.7726
26.7585 29.0067 5.8097
26.765 29.0829 5.8437
26.7693 29.152 5.875
26.7717 29.2152 5.9041
26.7725 29.2732 5.9314
26.772 29.3268 5.9569
26.7702 29.3766 5.9811
27.5458 28.8529 4.4739
27.4631 29.0139 4.6868
27.3922 29.1461 4.864
27.3301 29.2563 5.0141
27.2751 29.3494 5.143
27.2257 29.4291 5.2551
27.1809 29.4979 5.3536
27.1399 29.5578 5.441
27.102 29.6103 5.5193
27.0669 29.6568 5.5897
27.034 29.698 5.6537
27.5798 29.1687 4.5535
27.4912 29.2859 4.7503
27.4149 29.3831 4.916
27.3482 29.4647 5.0576
27.2892 29.5342 5.1801
27.2363 29.5939 5.2873
27.1884 29.6456 5.382
27.1448 29.6908 5.4664
27.1047 29.7305 5.5421
27.0676 29.7656 5.6106
27.033 29.7968 5.6728
27.6058 29.4724 4.6155
27.5116 29.5517 4.8021
27.4305 29.6178 4.9603
27.3596 29.6735 5.0962
27.297 29.7209 5.2143
27.241 29.7617 5.318
27.1906 29.797 5.4099
27.1447 29.8277 5.4919
27.1027 29.8547 5.5657
27.064 29.8785 5.6325
27.0281 29.8995 5.6933
25.0987 30.4844 7.2174
25.2264 30.4752 7.1589
25.339 30.4651 7.1064
25.4389 30.4545 7.0588
25.5282 30.4434 7.0154
25.6086 30.4319 6.9755
25.6815 30.4202 6.9386
25.7477 30.4083 6.9044
25.8083 30.3961 6.8724
25.864 30.3839 6.8424
25.9154 30.3715 6.8141
25.9629 30.359 6.7873
24.4232 29.4362 7.4228
24.6744 29.5631 7.3442
24.8771 29.6618 7.2777
25.0447 29.7403 7.22
25.186 29.8037 7.1691
25.307 29.8557 7.1234
25.4121 29.8986 7.0818
25.5046 29.9345 7.0436
25.5868 29.9646 7.0082
25.6605 29.9901 6.975
25.7272 30.0116 6.9438
25.788 30.0299 6.9141
24.134 28.4051 7.2786
24.5606 28.7605 7.2063
24.8534 29.0009 7.1517
25.0682 29.1744 7.1077
25.2336 29.3057 7.0703
25.3658 29.4085 7.0377
25.4745 29.4913 7.0083
25.5659 29.5594 6.9815
25.6445 29.6166 6.9565
25.713 29.6652 6.9329
25.7737 29.7072 6.9105
25.8281 29.7438 6.889
24.0661 28.0464 7.1832
24.5882 28.5268 7.1181
24.9167 28.8262 7.0719
25.1442 29.0314 7.0357
25.3123 29.1813 7.0056
25.4427 29.296 6.9793
25.5474 29.3869 6.9557
25.6341 29.4609 6.9341
25.7074 29.5225 6.9138
25.7707 29.5748 6.8946
25.8263 29.6199 6.8762
25.8758 29.6594 6.8584
24.1573 27.8359 7.0578
24.7265 28.4033 7.0091
25.0596 28.7339 6.9756
25.2802 28.9515 6.9496
25.4383 29.1066 6.9278
25.5582 29.2233 6.9086
25.6529 29.3148 6.8912
25.7303 29.389 6.875
25.7952 29.4506 6.8597
25.8508 29.5029 6.845
25.8993 29.5481 6.8308
25.9423 29.5878 6.8168
27.1786 28.4932 4.8757
27.1524 28.6752 5.0218
27.1274 28.8278 5.1463
27.1033 28.9575 5.2537
27.0799 29.0692 5.3477
27.0574 29.1662 5.4308
27.0354 29.2513 5.5049
27.0141 29.3266 5.5717
26.9933 29.3936 5.6322
26.9729 29.4536 5.6874
26.953 29.5078 5.7381
26.9335 29.5568 5.7849
27.6251 29.7853 4.6633
27.525 29.8283 4.8449
27.4389 29.8639 4.9991
27.364 29.8938 5.1318
27.298 29.9189 5.2473
27.2392 29.9403 5.3488
27.1864 29.9587 5.4388
27.1386 29.9745 5.5191
27.095 29.9881 5.5914
27.055 29.9999 5.6568
27.0181 30.0101 5.7163
26.9838 30.019 5.7707
27.1438 30.8836 5.4459
27.0919 30.8125 5.5311
27.046 30.7497 5.6062
27.0051 30.6937 5.6728
26.9684 30.6434 5.7324
26.9352 30.5981 5.7859
26.905 30.5569 5.8343
26.8774 30.5193 5.8783
26.852 30.4848 5.9185
26.8287 30.453 5.9553
26.807 30.4237 5.9892
26.7869 30.3964 6.0205
24.6413 30.2533 7.4174
24.8404 30.275 7.3344
25.0092 30.2905 7.2623
25.1542 30.3012 7.1987
25.2803 30.3082 7.1421
25.391 30.3122 7.091
25.4892 30.3139 7.0446
25.5768 30.3137 7.0021
25.6556 30.3118 6.9629
25.7269 30.3087 6.9265
25.7919 30.3044 6.8925
25.8513 30.2991 6.8605
25.9059 30.2931 6.8304
24.4686 29.5932 7.43
24.7046 29.6968 7.3508
24.8979 29.7782 7.2831
25.0596 29.8431 7.2241
25.1971 29.8957 7.1718
25.3158 29.9388 7.1247
25.4195 29.9743 7.0818
25.5111 30.0037 7.0424
25.5929 30.0283 7.0059
25.6665 30.0488 6.9718
25.7332 30.0659 6.9396
25.7941 30.0801 6.9092
25.8501 30.0919 6.8802
26.1113 28.5624 6.2567
26.1886 28.6967 6.273
26.2488 28.8051 6.2858
26.297 28.8952 6.2963
26.3364 28.9719 6.305
26.3691 29.0384 6.3123
26.3966 29.0971 6.3186
26.42 29.1497 6.3241
26.4402 29.1975 6.329
26.4576 29.2412 6.3333
26.4728 29.2818 6.3372
26.4861 29.3198 6.3407
26.4978 29.3556 6.3439
26.6362 28.6049 5.7234
26.662 28.7223 5.7668
26.6824 28.8254 5.8056
26.6985 28.9167 5.8405
26.7111 28.9985 5.8723
26.7208 29.0723 5.9015
26.728 29.1394 5.9284
26.7333 29.2009 5.9536
26.7367 29.2575 5.9771
26.7387 29.3099 5.9992
26.7393 29.3587 6.0202
26.7388 29.4043 6.0401
26.7372 29.4472 6.0592
27.0831 28.5199 5.0375
27.0687 28.6872 5.1588
27.0535 28.8292 5.2634
27.0378 28.9513 5.3547
27.0217 29.0573 5.4353
27.0055 29.1502 5.5073
26.9891 29.2324 5.572
26.9727 29.3056 5.6306
26.9563 29.3712 5.6841
26.9399 29.4304 5.7333
26.9235 29.484 5.7787
26.9071 29.5329 5.8209
26.8908 29.5777 5.8602
27.6373 30.1281 4.697
27.5301 30.1322 4.879
27.4387 30.1349 5.0331
27.3594 30.1366 5.1653
27.2901 30.1374 5.2801
27.2286 30.1376 5.3808
27.1738 30.1372 5.4698
27.1244 30.1364 5.5491
27.0796 30.1352 5.6203
27.0388 30.1337 5.6846
27.0013 30.1319 5.743
26.9666 30.1299 5.7962
26.9345 30.1278 5.845
26.5693 28.609 5.8102
26.6 28.7229 5.8471
26.6248 28.8228 5.88
26.6448 28.9113 5.9096
26.6609 28.9905 5.9366
26.6738 29.0621 5.9613
26.6841 29.1272 5.9841
26.6921 29.1869 6.0054
26.6982 29.242 6.0254
26.7027 29.2931 6.0442
26.7056 29.3409 6.0621
26.7074 29.3856 6.0791
26.7079 29.4279 6.0954
26.7075 29.4678 6.1111
24.8035 28.1355 6.8611
25.1878 28.5562 6.8444
25.4199 28.8105 6.831
25.5765 28.9823 6.8194
25.6902 29.1072 6.8087
25.7772 29.2029 6.7986
25.8464 29.2791 6.789
25.9033 29.3418 6.7796
25.9512 29.3947 6.7704
25.9923 29.4403 6.7613
26.0284 29.4803 6.7522
26.0605 29.516 6.7431
26.0894 29.5482 6.734
26.1159 29.5777 6.7247
26.1403 29.605 6.7153
26.2711 28.5915 6.1286
26.3278 28.7092 6.1486
26.3736 28.8085 6.1655
26.4111 28.8938 6.18
26.4422 28.9685 6.1928
26.4683 29.0348 6.2041
26.4903 29.0944 6.2143
26.5091 29.1485 6.2236
26.5251 29.1981 6.2321
26.5389 29.2441 6.24
26.5507 29.287 6.2474
26.5608 29.3273 6.2544
26.5694 29.3655 6.261
26.5768 29.4018 6.2673
26.583 29.4367 6.2733
26.4992 28.6101 5.8953
26.5352 28.7219 5.9266
26.5645 28.8196 5.9543
26.5885 28.9059 5.9792
26.6082 28.983 6.0018
26.6244 29.0525 6.0225
26.6377 29.1158 6.0415
26.6485 29.1739 6.0593
26.6572 29.2275 6.0759
26.6641 29.2773 6.0916
26.6694 29.3239 6.1065
26.6733 29.3677 6.1207
26.676 29.409 6.1343
26.6777 29.4483 6.1474
26.6783 29.4857 6.16
27.6402 30.5265 4.7137
27.5242 30.483 4.9031
27.4263 30.4459 5.062
27.3426 30.4138 5.1971
27.2699 30.3857 5.3136
27.2061 30.3608 5.415
27.1497 30.3384 5.5041
27.0993 30.3182 5.5831
27.0539 30.2998 5.6537
27.0128 30.283 5.7171
26.9753 30.2674 5.7744
26.941 30.2529 5.8265
26.9093 30.2395 5.874
26.88 30.2268 5.9176
26.8528 30.2149 5.9578
26.8069 30.9787 5.8667
26.7873 30.9081 5.9078
26.7694 30.8442 5.9448
26.7531 30.7862 5.9785
26.7382 30.7331 6.0091
26.7244 30.6844 6.0372
26.7116 30.6396 6.0629
26.6998 30.5981 6.0867
26.6887 30.5597 6.1087
26.6784 30.5239 6.129
26.6687 30.4905 6.148
26.6596 30.4593 6.1657
26.651 30.4299 6.1823
26.6429 30.4024 6.1978
26.6352 30.3764 6.2124
26.6279 30.3519 6.2261
25.6852 30.6525 6.9052
25.7458 30.625 6.8745
25.8014 30.5988 6.846
25.8527 30.5738 6.8193
25.9001 30.5499 6.7943
25.9441 30.527 6.7707
25.985 30.5049 6.7485
26.0231 30.4836 6.7274
26.0588 30.463 6.7075
26.0921 30.4431 6.6885
26.1235 30.4238 6.6703
26.153 30.405 6.653
26.1808 30.3866 6.6364
26.2071 30.3687 6.6204
26.2319 30.3513 6.6051
26.2554 30.3341 6.5903
26.4259 28.6077 5.9775
26.4678 28.7192 6.0041
26.502 28.8158 6.0275
26.5302 28.9008 6.0483
26.5536 28.9764 6.067
26.573 29.0443 6.0841
26.5892 29.1061 6.0998
26.6028 29.1626 6.1143
26.614 29.2148 6.1279
26.6233 29.2632 6.1407
26.6309 29.3086 6.1528
26.6371 29.3513 6.1644
26.6419 29.3917 6.1754
26.6455 29.4301 6.186
26.6481 29.4668 6.1963
26.6497 29.5021 6.2063
27.23 30.844 5.3289
27.1685 30.7745 5.4285
27.1145 30.7134 5.5155
27.0667 30.6593 5.5922
27.024 30.6109 5.6604
26.9856 30.5675 5.7214
26.9509 30.5282 5.7762
26.9193 30.4924 5.8259
26.8903 30.4597 5.8711
26.8637 30.4297 5.9124
26.8392 30.4019 5.9502
26.8164 30.3762 5.9851
26.7952 30.3523 6.0173
26.7755 30.33 6.0472
26.757 30.3091 6.075
26.7396 30.2895 6.1009
26.7232 30.271 6.1251
26.5475 30.9036 6.1779
26.5482 30.8477 6.1922
26.5487 30.796 6.2053
26.5491 30.7481 6.2174
26.5494 30.7034 6.2287
26.5496 30.6617 6.2392
26.5497 30.6227 6.249
26.5497 30.586 6.2582
26.5497 30.5516 6.2667
26.5496 30.5191 6.2748
26.5494 30.4885 6.2824
26.5492 30.4595 6.2895
26.549 30.432 6.2963
26.5486 30.4058 6.3027
26.5483 30.381 6.3087
26.5479 30.3573 6.3144
26.5475 30.3347 6.3199
26.547 30.3132 6.3251
25.2532 30.5283 7.1428
25.3603 30.5136 7.0923
25.4559 30.4988 7.0465
25.5416 30.4841 7.0046
25.6191 30.4695 6.966
25.6894 30.455 6.9303
25.7535 30.4406 6.8971
25.8123 30.4262 6.8661
25.8663 30.412 6.837
25.9163 30.3978 6.8096
25.9626 30.3837 6.7836
26.0057 30.3697 6.7591
26.0458 30.3558 6.7357
26.0834 30.3419 6.7133
26.1186 30.3281 6.6919
26.1518 30.3143 6.6714
26.183 30.3006 6.6517
26.2125 30.2869 6.6326
27.5639 29.0138 4.5163
27.4782 29.1518 4.7203
27.4045 29.2658 4.8912
27.34 29.3612 5.0366
27.2829 29.4422 5.162
27.2317 29.5117 5.2715
27.1853 29.5718 5.368
27.1429 29.6242 5.4538
27.1039 29.6703 5.5307
27.0677 29.711 5.6001
27.034 29.7472 5.6631
27.0023 29.7795 5.7207
26.9724 29.8085 5.7736
26.9442 29.8346 5.8224
26.9173 29.8582 5.8676
26.8916 29.8796 5.9097
26.867 29.899 5.949
26.8434 29.9166 5.9859
26.29 30.8287 6.4434
26.3072 30.7837 6.4401
26.3232 30.7416 6.437
26.338 30.7019 6.434
26.3519 30.6645 6.4312
26.3648 30.6291 6.4285
26.3769 30.5956 6.426
26.3882 30.5639 6.4236
26.3988 30.5337 6.4213
26.4087 30.5049 6.4191
26.4181 30.4775 6.417
26.4269 30.4513 6.415
26.4352 30.4262 6.413
26.443 30.4021 6.4111
26.4504 30.3791 6.4093
26.4574 30.3569 6.4076
26.464 30.3356 6.4059
26.4703 30.3151 6.4043
26.4762 30.2953 6.4027
26.0262 30.7517 6.6697
26.0602 30.7151 6.6534
26.0919 30.6805 6.6382
26.1214 30.6477 6.6238
26.149 30.6166 6.6102
26.1748 30.587 6.5973
26.199 30.5587 6.5851
26.2217 30.5317 6.5735
26.2431 30.5058 6.5624
26.2633 30.4809 6.5519
26.2823 30.4571 6.5418
26.3003 30.4341 6.5321
26.3173 30.4119 6.5228
26.3334 30.3905 6.5139
26.3487 30.3697 6.5053
26.3633 30.3497 6.497
26.3771 30.3302 6.489
26.3903 30.3113 6.4813
26.4028 30.2929 6.4738
25.6104 28.4393 6.5518
25.7901 28.6758 6.561
25.9103 28.8363 6.5659
25.9968 28.9537 6.5683
26.0622 29.0443 6.5693
26.1137 29.1171 6.5692
26.1554 29.1774 6.5685
26.1901 29.2288 6.5672
26.2196 29.2736 6.5654
26.245 29.3133 6.5634
26.2672 29.3491 6.561
26.287 29.3818 6.5584
26.3047 29.4121 6.5556
26.3208 29.4406 6.5525
26.3355 29.4675 6.5492
26.3492 29.4933 6.5457
26.3618 29.5183 6.5419
26.3737 29.5426 6.5379
26.385 29.5665 6.5336
27.6163 29.6264 4.6411
27.5192 29.6877 4.8246
27.4357 29.7386 4.9803
27.3628 29.7815 5.1143
27.2984 29.8179 5.2309
27.241 29.8492 5.3333
27.1894 29.8761 5.4241
27.1425 29.8995 5.5053
27.0997 29.92 5.5782
27.0603 29.9379 5.6443
27.0238 29.9536 5.7044
26.9899 29.9675 5.7594
26.9582 29.9798 5.81
26.9285 29.9907 5.8566
26.9005 30.0004 5.8999
26.874 30.0089 5.9401
26.8489 30.0165 5.9776
26.825 30.0233 6.0127
26.8021 30.0293 6.0457
26.8738 30.998 5.7802
26.848 30.923 5.8301
26.8247 30.8556 5.8749
26.8035 30.7947 5.9152
26.7843 30.7393 5.9518
26.7666 30.6888 5.9851
26.7504 30.6425 6.0155
26.7354 30.5998 6.0435
26.7215 30.5604 6.0692
26.7086 30.5239 6.093
26.6965 30.4899 6.1151
26.6851 30.4582 6.1357
26.6745 30.4285 6.1548
26.6645 30.4007 6.1727
26.655 30.3745 6.1895
26.646 30.3499 6.2052
26.6375 30.3266 6.22
26.6294 30.3046 6.234
26.6218 30.2837 6.2472
24.5163 29.7634 7.4333
24.7389 29.8439 7.3534
24.9236 29.9074 7.2845
25.0796 29.9581 7.2242
25.2135 29.999 7.1705
25.3297 30.0322 7.1221
25.4319 30.0593 7.0781
25.5225 30.0815 7.0376
25.6037 30.0996 7.0
25.6769 30.1144 6.965
25.7434 30.1264 6.932
25.8042 30.1359 6.9009
25.8601 30.1435 6.8713
25.9118 30.1492 6.843
25.9598 30.1535 6.8159
26.0047 30.1563 6.7898
26.0467 30.158 6.7646
26.0863 30.1585 6.74
26.1237 30.1581 6.7162
26.1591 30.1567 6.6928
27.6401 30.3184 4.7078
27.5288 30.3003 4.8925
27.4343 30.2843 5.0482
27.3528 30.2701 5.1815
27.2818 30.2572 5.2967
27.2192 30.2454 5.3975
27.1634 30.2346 5.4865
27.1134 30.2245 5.5656
27.0683 30.2151 5.6364
27.0272 30.2062 5.7002
26.9896 30.1978 5.758
26.955 30.1899 5.8107
26.923 30.1822 5.8589
26.8934 30.1749 5.9032
26.8657 30.1679 5.944
26.8398 30.1611 5.9819
26.8154 30.1545 6.017
26.7925 30.1481 6.0498
26.7708 30.1419 6.0804
26.7502 30.1359 6.1091
26.7307 30.13 6.1361
24.5908 30.0459 7.4287
24.7974 30.0915 7.3472
24.9714 30.1269 7.2764
25.1201 30.1545 7.2141
25.249 30.1759 7.1586
25.3617 30.1925 7.1084
25.4614 30.2051 7.0628
25.5503 30.2146 7.0209
25.6302 30.2215 6.9822
25.7024 30.2262 6.9461
25.7682 30.229 6.9123
25.8284 30.2302 6.8805
25.8838 30.2301 6.8504
25.935 30.2288 6.8217
25.9825 30.2265 6.7944
26.0268 30.2232 6.7682
26.0683 30.2192 6.7429
26.1073 30.2144 6.7186
26.144 30.2089 6.695
26.1788 30.2027 6.6721
26.2117 30.196 6.6497
26.243 30.1887 6.6279
26.2729 30.1809 6.6064
24.0953 28.2233 7.2339
24.568 28.6383 7.1646
24.8791 28.9082 7.1139
25.1011 29.0983 7.0735
25.2686 29.2395 7.0396
25.4004 29.3489 7.0101
25.5076 29.4362 6.9836
25.597 29.5078 6.9592
25.6732 29.5676 6.9366
25.7394 29.6184 6.9152
25.7977 29.6622 6.8948
25.8498 29.7005 6.8751
25.8969 29.7343 6.8559
25.94 29.7644 6.8372
25.9798 29.7915 6.8188
26.0168 29.8161 6.8006
26.0515 29.8384 6.7824
26.0843 29.859 6.7642
26.1156 29.8779 6.7459
26.1456 29.8955 6.7274
26.1745 29.9119 6.7087
26.2026 29.9273 6.6895
26.2301 29.9417 6.6699
26.257 29.9554 6.6498
25.2494 28.3208 6.7064
25.5186 28.6417 6.7063
25.687 28.8439 6.7041
25.8031 28.9844 6.7008
25.8885 29.0888 6.6968
25.9545 29.1702 6.6925
26.0073 29.2362 6.6878
26.0508 29.2912 6.683
26.0876 29.3383 6.6779
26.1193 29.3793 6.6727
26.147 29.4159 6.6673
26.1717 29.4488 6.6617
26.1939 29.479 6.656
26.2142 29.507 6.65
26.233 29.5332 6.6438
26.2504 29.5581 6.6374
26.2668 29.5819 6.6308
26.2824 29.605 6.6238
26.2973 29.6274 6.6164
26.3117 29.6495 6.6087
26.3257 29.6714 6.6005
26.3395 29.6934 6.5917
26.3531 29.7156 6.5824
26.3667 29.7382 6.5724
25.8816 28.5095 6.4068
25.9997 28.684 6.42
26.0855 28.8139 6.4291
26.1508 28.9154 6.4356
26.2022 28.9977 6.4403
26.2438 29.0665 6.4437
26.2782 29.1253 6.4463
26.3072 29.1768 6.4481
26.332 29.2225 6.4493
26.3535 29.2637 6.4502
26.3723 29.3015 6.4506
26.3889 29.3364 6.4508
26.4038 29.3691 6.4506
26.4171 29.4001 6.4503
26.4291 29.4296 6.4497
26.4401 29.458 6.4489
26.4501 29.4856 6.4479
26.4593 29.5126 6.4467
26.4678 29.5392 6.4453
26.4757 29.5656 6.4437
26.4829 29.5921 6.4419
26.4897 29.6187 6.4399
26.496 29.6458 6.4377
26.5018 29.6735 6.4352
27.5937 29.3206 4.5864
27.5023 29.4185 4.7775
27.4235 29.4998 4.9389
27.3547 29.5683 5.0773
27.2939 29.6267 5.1974
27.2394 29.6769 5.3027
27.1902 29.7204 5.3959
27.1454 29.7584 5.479
27.1043 29.7918 5.5537
27.0664 29.8213 5.6213
27.0311 29.8474 5.6828
26.9982 29.8707 5.739
26.9673 29.8916 5.7907
26.9382 29.9103 5.8385
26.9106 29.9271 5.8827
26.8844 29.9423 5.9239
26.8594 29.956 5.9623
26.8355 29.9684 5.9984
26.8126 29.9796 6.0322
26.7905 29.9897 6.0641
26.7692 29.999 6.0943
26.7487 30.0073 6.1229
26.7287 30.0149 6.1501
26.7093 30.0218 6.1759
26.4192 30.8663 6.3158
26.4284 30.8163 6.3205
26.4368 30.7697 6.3248
26.4445 30.726 6.3287
26.4517 30.6851 6.3324
26.4583 30.6467 6.3359
26.4644 30.6105 6.3391
26.4701 30.5763 6.3422
26.4754 30.544 6.345
26.4804 30.5133 6.3477
26.485 30.4842 6.3502
26.4892 30.4565 6.3526
26.4932 30.4302 6.3548
26.497 30.405 6.3569
26.5004 30.381 6.3589
26.5037 30.358 6.3609
26.5068 30.3359 6.3627
26.5096 30.3148 6.3644
26.5123 30.2945 6.366
26.5148 30.275 6.3676
26.5171 30.2562 6.3691
26.5193 30.2381 6.3705
26.5214 30.2206 6.3718
26.5233 30.2037 6.3731
26.5251 30.1874 6.3743
25.4735 30.5914 7.028
25.555 30.5697 6.9881
25.6287 30.5489 6.9513
25.6959 30.5288 6.9172
25.7574 30.5094 6.8855
25.8138 30.4905 6.8559
25.8658 30.4722 6.8281
25.914 30.4543 6.802
25.9586 30.4369 6.7773
26.0002 30.4199 6.754
26.039 30.4032 6.7318
26.0753 30.3868 6.7106
26.1094 30.3708 6.6904
26.1415 30.3549 6.6711
26.1716 30.3393 6.6525
26.2001 30.324 6.6346
26.2271 30.3087 6.6174
26.2527 30.2937 6.6008
26.277 30.2788 6.5846
26.3 30.264 6.569
26.322 30.2494 6.5539
26.343 30.2348 6.5391
26.363 30.2203 6.5247
26.3822 30.2058 6.5107
26.4005 30.1914 6.4969
27.0354 30.9313 5.586
26.9946 30.8585 5.6555
26.9583 30.7937 5.7172
26.9256 30.7356 5.7723
26.8961 30.6832 5.8219
26.8692 30.6356 5.8668
26.8447 30.5922 5.9076
26.8221 30.5525 5.9448
26.8014 30.5159 5.9789
26.7822 30.4821 6.0103
26.7643 30.4508 6.0394
26.7476 30.4216 6.0662
26.7321 30.3944 6.0912
26.7175 30.369 6.1145
26.7037 30.3451 6.1362
26.6908 30.3227 6.1565
26.6786 30.3015 6.1756
26.667 30.2815 6.1936
26.656 30.2625 6.2105
26.6455 30.2446 6.2265
26.6355 30.2275 6.2416
26.626 30.2112 6.2559
26.6169 30.1957 6.2695
26.6082 30.1809 6.2824
26.5998 30.1667 6.2946
25.8231 30.6926 6.8164
25.872 30.6614 6.7916
25.9173 30.6318 6.7683
25.9592 30.6038 6.7465
25.9982 30.577 6.7259
26.0346 30.5514 6.7065
26.0685 30.5269 6.6881
26.1003 30.5033 6.6706
26.1301 30.4806 6.654
26.1582 30.4587 6.6381
26.1846 30.4376 6.623
26.2095 30.4171 6.6085
26.233 30.3972 6.5946
26.2553 30.3779 6.5812
26.2764 30.3591 6.5684
26.2964 30.3408 6.556
26.3155 30.323 6.544
26.3336 30.3055 6.5325
26.3508 30.2884 6.5213
26.3673 30.2717 6.5104
26.383 30.2552 6.4999
26.398 30.2391 6.4896
26.4124 30.2233 6.4796
26.4261 30.2076 6.4699
26.4393 30.1923 6.4604
26.4519 30.1771 6.4512
26.464 30.1621 6.4421
26.1913 28.5782 6.1957
26.2575 28.7029 6.2135
26.3101 28.806 6.2282
26.3528 28.8932 6.2405
26.388 28.9686 6.251
26.4174 29.0348 6.2601
26.4423 29.0938 6.2682
26.4635 29.1471 6.2754
26.4816 29.1957 6.282
26.4973 29.2405 6.2879
26.5109 29.2822 6.2934
26.5228 29.3213 6.2985
26.533 29.3583 6.3033
26.542 29.3936 6.3078
26.5498 29.4273 6.3121
26.5565 29.4599 6.3161
26.5622 29.4916 6.32
26.5671 29.5224 6.3238
26.5711 29.5528 6.3275
26.5744 29.5827 6.3311
26.577 29.6124 6.3346
26.5788 29.6421 6.3381
26.58 29.6718 6.3415
26.5804 29.7018 6.3449
26.5801 29.7323 6.3484
26.5791 29.7633 6.3519
26.5774 29.7951 6.3554
24.5883 28.0381 6.9287
25.0314 28.5069 6.9024
25.2961 28.7866 6.8828
25.4735 28.9738 6.8666
25.6018 29.1089 6.8524
25.6996 29.2117 6.8394
25.7772 29.2932 6.8272
25.8409 29.3598 6.8156
25.8944 29.4157 6.8043
25.9405 29.4637 6.7933
25.9807 29.5055 6.7825
26.0165 29.5426 6.7718
26.0488 29.576 6.761
26.0782 29.6063 6.7502
26.1054 29.6342 6.7394
26.1307 29.6602 6.7283
26.1546 29.6845 6.717
26.1772 29.7076 6.7054
26.199 29.7297 6.6935
26.22 29.7509 6.6812
26.2404 29.7715 6.6684
26.2605 29.7916 6.6549
26.2803 29.8114 6.6408
26.3001 29.8311 6.6259
26.3199 29.8508 6.6101
26.34 29.8707 6.5932
26.3606 29.8909 6.575
26.3817 29.9116 6.5553
27.5248 28.6822 4.4251
27.4457 28.8693 4.6489
27.3777 29.0217 4.8339
27.3183 29.1481 4.9895
27.2656 29.2544 5.1225
27.2182 29.345 5.2378
27.1752 29.4229 5.3387
27.1356 29.4907 5.428
27.0991 29.55 5.5077
27.065 29.6023 5.5794
27.0331 29.6487 5.6443
27.003 29.6901 5.7034
26.9744 29.7273 5.7577
26.9473 29.7607 5.8076
26.9213 29.791 5.8538
26.8964 29.8185 5.8968
26.8724 29.8435 5.937
26.8493 29.8663 5.9746
26.8269 29.8872 6.0099
26.8051 29.9064 6.0433
26.7839 29.924 6.0749
26.7632 29.9402 6.1049
26.7429 29.9552 6.1334
26.723 29.969 6.1606
26.7035 29.9818 6.1867
26.6843 29.9936 6.2117
26.6653 30.0046 6.2357
26.6466 30.0147 6.2589
27.3841 30.7699 5.1082
27.3036 30.7036 5.2377
27.2339 30.6463 5.3492
27.1729 30.5961 5.4461
27.1191 30.5517 5.5313
27.0712 30.5121 5.6067
27.0282 30.4765 5.6739
26.9893 30.4443 5.7343
26.9541 30.415 5.7888
26.9218 30.3882 5.8382
26.8922 30.3635 5.8834
26.8649 30.3407 5.9247
26.8396 30.3195 5.9627
26.8161 30.2998 5.9977
26.7941 30.2814 6.0302
26.7736 30.2641 6.0604
26.7543 30.2478 6.0885
26.7361 30.2324 6.1147
26.7189 30.2179 6.1393
26.7027 30.2041 6.1624
26.6872 30.191 6.1841
26.6725 30.1785 6.2046
26.6586 30.1665 6.2239
26.6452 30.1551 6.2422
26.6324 30.1441 6.2595
26.6201 30.1336 6.276
26.6084 30.1234 6.2917
26.597 30.1136 6.3066
26.1591 30.7905 6.5612
26.1844 30.75 6.5511
26.208 30.7118 6.5416
26.2301 30.6757 6.5326
26.2506 30.6415 6.5241
26.2699 30.6091 6.516
26.2879 30.5782 6.5084
26.3049 30.5488 6.5011
26.3208 30.5208 6.4942
26.3358 30.494 6.4876
26.35 30.4683 6.4813
26.3634 30.4437 6.4753
26.3761 30.42 6.4695
26.388 30.3972 6.4639
26.3994 30.3753 6.4586
26.4102 30.3541 6.4534
26.4204 30.3337 6.4484
26.4301 30.3139 6.4436
26.4394 30.2947 6.439
26.4482 30.2762 6.4345
26.4566 30.2582 6.4302
26.4645 30.2407 6.426
26.4722 30.2236 6.4219
26.4794 30.2071 6.4179
26.4864 30.1909 6.4141
26.493 30.1752 6.4103
26.4994 30.1599 6.4067
26.5055 30.1448 6.4031
26.5113 30.1302 6.3996
25.7414 28.4744 6.4854
25.8901 28.68 6.4967
25.9934 28.8255 6.5037
26.0695 28.9351 6.5081
26.1282 29.0215 6.5108
26.1749 29.0921 6.5124
26.2132 29.1515 6.5131
26.2451 29.2027 6.5133
26.2723 29.2477 6.5129
26.2958 29.2878 6.5121
26.3164 29.3243 6.511
26.3347 29.3579 6.5096
26.351 29.3891 6.508
26.3658 29.4185 6.5061
26.3792 29.4465 6.504
26.3916 29.4733 6.5017
26.403 29.4993 6.4992
26.4137 29.5248 6.4964
26.4236 29.5498 6.4934
26.433 29.5747 6.4901
26.4419 29.5997 6.4866
26.4504 29.6248 6.4827
26.4585 29.6505 6.4785
26.4663 29.6767 6.4739
26.4738 29.7039 6.4689
26.4811 29.7323 6.4634
26.4883 29.7622 6.4572
26.4953 29.7939 6.4504
26.5022 29.828 6.4427
24.049 27.8709 7.124
24.6243 28.4243 7.0649
24.9686 28.7533 7.0243
25.1997 28.9723 6.9929
25.3668 29.1294 6.9669
25.4944 29.2481 6.9442
25.5957 29.3413 6.9237
25.6787 29.4168 6.9049
25.7485 29.4796 6.8872
25.8084 29.5328 6.8703
25.8608 29.5786 6.8541
25.9073 29.6187 6.8383
25.9491 29.6543 6.8228
25.9872 29.6862 6.8075
26.0223 29.7151 6.7923
26.0549 29.7415 6.7772
26.0855 29.7659 6.7619
26.1145 29.7885 6.7465
26.1421 29.8098 6.7308
26.1687 29.8298 6.7148
26.1944 29.8488 6.6985
26.2194 29.8669 6.6816
26.2441 29.8843 6.6641
26.2684 29.9012 6.6459
26.2926 29.9176 6.6269
26.3169 29.9336 6.6069
26.3414 29.9494 6.5858
26.3662 29.965 6.5633
26.3917 29.9806 6.5393
26.418 29.9962 6.5134
25.4861 28.4024 6.6094
25.6963 28.6685 6.6159
25.8328 28.8434 6.6185
25.9292 28.9685 6.6191
26.0012 29.0634 6.6184
26.0574 29.1386 6.6168
26.1026 29.2005 6.6147
26.1402 29.2527 6.6122
26.1719 29.2978 6.6093
26.1993 29.3375 6.6061
26.2232 29.3732 6.6027
26.2445 29.4056 6.599
26.2637 29.4356 6.5951
26.2811 29.4635 6.591
26.2971 29.4899 6.5867
26.312 29.5151 6.5821
26.3259 29.5394 6.5773
26.339 29.563 6.5722
26.3515 29.5862 6.5668
26.3634 29.6092 6.561
26.375 29.6321 6.5548
26.3863 29.6552 6.5482
26.3973 29.6787 6.5411
26.4083 29.7027 6.5334
26.4192 29.7276 6.5251
26.4302 29.7536 6.5159
26.4413 29.781 6.5058
26.4527 29.8102 6.4945
26.4645 29.8416 6.4819
26.4769 29.8759 6.4676
26.49 29.9138 6.4513
26.3497 28.6015 6.0556
26.3984 28.7149 6.0785
26.438 28.812 6.0983
26.4707 28.8966 6.1156
26.4978 28.9713 6.1311
26.5206 29.0382 6.1451
26.5397 29.0987 6.1578
26.5559 29.1539 6.1695
26.5696 29.2047 6.1804
26.5812 29.2519 6.1906
26.591 29.296 6.2002
26.5992 29.3375 6.2093
26.606 29.3768 6.218
26.6116 29.4143 6.2263
26.6161 29.4501 6.2344
26.6195 29.4846 6.2422
26.622 29.518 6.2498
26.6237 29.5505 6.2573
26.6245 29.5822 6.2647
26.6246 29.6133 6.272
26.6238 29.6439 6.2792
26.6224 29.6742 6.2864
26.6202 29.7043 6.2936
26.6172 29.7343 6.3008
26.6135 29.7644 6.3082
26.6089 29.7947 6.3156
26.6036 29.8253 6.3231
26.5973 29.8563 6.3309
26.5902 29.8879 6.3388
26.582 29.9203 6.347
26.5727 29.9536 6.3555
27.6322 29.9516 4.682
27.5287 29.9757 4.8631
27.4401 29.9954 5.0167
27.363 30.0116 5.1488
27.2953 30.025 5.2637
27.2352 30.0362 5.3646
27.1813 30.0455 5.4539
27.1327 30.0532 5.5337
27.0884 30.0596 5.6054
27.0479 30.065 5.6702
27.0106 30.0694 5.7291
26.9761 30.0731 5.7829
26.9441 30.076 5.8323
26.9141 30.0783 5.8779
26.886 30.0801 5.92
26.8596 30.0815 5.9591
26.8346 30.0824 5.9956
26.811 30.0829 6.0296
26.7885 30.0831 6.0615
26.7671 30.083 6.0915
26.7466 30.0827 6.1198
26.727 30.0821 6.1465
26.7082 30.0813 6.1717
26.6901 30.0802 6.1957
26.6726 30.079 6.2184
26.6558 30.0776 6.2401
26.6394 30.076 6.2608
26.6236 30.0743 6.2805
26.6082 30.0725 6.2994
26.5932 30.0705 6.3176
26.5786 30.0683 6.335
24.7599 30.3891 7.369
24.9401 30.3939 7.2911
25.0945 30.3954 7.2229
25.2282 30.3944 7.1624
25.3452 30.3913 7.1083
25.4486 30.3867 7.0593
25.5406 30.3809 7.0147
25.6232 30.374 6.9738
25.6977 30.3663 6.9359
25.7654 30.3579 6.9008
25.8271 30.3489 6.8679
25.8837 30.3395 6.8371
25.9359 30.3296 6.808
25.9841 30.3193 6.7805
26.0289 30.3087 6.7543
26.0706 30.2978 6.7293
26.1096 30.2867 6.7053
26.1462 30.2753 6.6824
26.1806 30.2637 6.6602
26.213 30.2518 6.6388
26.2437 30.2398 6.6181
26.2728 30.2275 6.598
26.3004 30.215 6.5784
26.3266 30.2023 6.5592
26.3517 30.1894 6.5405
26.3757 30.1762 6.5222
26.3986 30.1628 6.5041
26.4206 30.1492 6.4864
26.4418 30.1353 6.4688
26.4622 30.1211 6.4515
26.4818 30.1066 6.4343
26.5007 30.0918 6.4172
25.0229 28.2305 6.7882
25.3496 28.6023 6.7803
25.5497 28.8309 6.7727
25.6859 28.9871 6.7653
25.7853 29.1016 6.7581
25.8616 29.19 6.7509
25.9225 29.261 6.7438
25.9726 29.3198 6.7366
26.0149 29.3696 6.7295
26.0512 29.4128 6.7223
26.0831 29.451 6.715
26.1114 29.4852 6.7077
26.137 29.5163 6.7002
26.1603 29.545 6.6925
26.1819 29.5717 6.6847
26.202 29.5968 6.6766
26.221 29.6207 6.6683
26.239 29.6436 6.6596
26.2564 29.6659 6.6506
26.2731 29.6876 6.6411
26.2894 29.7089 6.6312
26.3055 29.7302 6.6206
26.3214 29.7515 6.6095
26.3373 29.773 6.5975
26.3534 29.7949 6.5847
26.3697 29.8174 6.5707
26.3865 29.8408 6.5556
26.4038 29.8653 6.5389
26.422 29.8913 6.5205
26.4413 29.9191 6.4999
26.4619 29.9492 6.4767
26.4843 29.9823 6.4501
26.9827 28.5456 5.2035
26.9791 28.6987 5.3018
26.9734 28.8301 5.3876
26.9659 28.9442 5.4633
26.9571 29.0443 5.5308
26.9473 29.1328 5.5916
26.9367 29.2117 5.6467
26.9255 29.2824 5.6969
26.9137 29.3464 5.7432
26.9014 29.4044 5.7859
26.8889 29.4574 5.8256
26.876 29.506 5.8628
26.8628 29.5507 5.8976
26.8495 29.5921 5.9304
26.8359 29.6305 5.9614
26.8221 29.6662 5.9909
26.8081 29.6996 6.019
26.794 29.7309 6.0458
26.7797 29.7603 6.0715
26.7652 29.788 6.0963
26.7505 29.8142 6.1202
26.7356 29.8389 6.1433
26.7206 29.8624 6.1656
26.7053 29.8848 6.1874
26.6898 29.906 6.2086
26.674 29.9263 6.2293
26.658 29.9457 6.2496
26.6417 29.9642 6.2695
26.6252 29.982 6.289
26.6082 29.9991 6.3083
26.591 30.0155 6.3273
26.5733 30.0313 6.3461
24.1813 28.5962 7.3186
24.5647 28.8965 7.2442
24.8382 29.107 7.1864
25.0445 29.2626 7.1389
25.2066 29.3824 7.0983
25.338 29.4772 7.0627
25.4474 29.5543 7.0306
25.5403 29.618 7.0012
25.6206 29.6716 6.9739
25.6911 29.7173 6.9483
25.7538 29.7568 6.9239
25.8102 29.7911 6.9006
25.8615 29.8213 6.8781
25.9085 29.848 6.8562
25.952 29.8718 6.8348
25.9925 29.8931 6.8138
26.0306 29.9123 6.7931
26.0665 29.9296 6.7725
26.1007 29.9453 6.7519
26.1334 29.9596 6.7314
26.1648 29.9727 6.7107
26.1952 29.9846 6.6898
26.2248 29.9954 6.6686
26.2536 30.0053 6.647
26.282 30.0144 6.625
26.3099 30.0226 6.6024
26.3377 30.03 6.579
26.3653 30.0367 6.5548
26.3929 30.0427 6.5297
26.4207 30.0479 6.5035
26.4489 30.0524 6.4759
26.4775 30.0562 6.4469
26.5067 30.0591 6.4161
26.0326 28.5452 6.3119
26.1223 28.6913 6.3269
26.1907 28.8062 6.3384
26.2446 28.8998 6.3473
26.2881 28.9781 6.3544
26.324 29.0453 6.3603
26.354 29.104 6.3651
26.3795 29.1561 6.3692
26.4013 29.203 6.3727
26.4203 29.2458 6.3756
26.4369 29.2854 6.3782
26.4515 29.3222 6.3804
26.4644 29.3569 6.3823
26.4759 29.3899 6.3839
26.4861 29.4214 6.3854
26.4953 29.4518 6.3866
26.5035 29.4814 6.3877
26.5109 29.5103 6.3886
26.5175 29.5387 6.3894
26.5234 29.567 6.39
26.5286 29.5951 6.3905
26.5332 29.6234 6.3909
26.5372 29.652 6.3911
26.5406 29.6811 6.3913
26.5435 29.7108 6.3913
26.5458 29.7415 6.3912
26.5474 29.7733 6.3909
26.5484 29.8066 6.3905
26.5488 29.8417 6.3899
26.5484 29.879 6.3891
26.5471 29.9189 6.3881
26.5449 29.962 6.3868
26.5415 30.0091 6.3853
26.6761 30.9409 6.0287
26.6674 30.8782 6.0549
26.6593 30.8208 6.0788
26.6518 30.768 6.1007
26.6448 30.7193 6.1208
26.6382 30.6742 6.1395
26.6321 30.6323 6.1567
26.6263 30.5932 6.1728
26.6208 30.5567 6.1877
26.6157 30.5226 6.2017
26.6108 30.4905 6.2147
26.6061 30.4603 6.227
26.6016 30.4318 6.2385
26.5974 30.4049 6.2494
26.5933 30.3794 6.2596
26.5894 30.3552 6.2693
26.5856 30.3322 6.2785
26.582 30.3103 6.2872
26.5785 30.2895 6.2955
26.5752 30.2696 6.3033
26.5719 30.2506 6.3108
26.5687 30.2324 6.3179
26.5657 30.215 6.3247
26.5627 30.1983 6.3312
26.5598 30.1822 6.3375
26.557 30.1667 6.3434
26.5543 30.1519 6.3491
26.5516 30.1375 6.3546
26.549 30.1237 6.3599
26.5464 30.1104 6.3649
26.544 30.0975 6.3698
26.5415 30.085 6.3745
26.5391 30.0729 6.379
26.5368 30.0612 6.3834
26.5368 30.0612 6.3834
3 97 247 96 0.6679018989832508 0.6780535598724938 0.5050042719397436
3 78 79 73 0.6679018989832508 0.6780535598724938 0.5050042719397436
3 66 85 86 0.6679018989832508 0.6780535598724938 0.5050042719397436
3 782 51 52 0.6679018989832508 0.6780535598724938 0.5050042719397436
3 52 53 782 0.6679018989832508 0.6780535598724938 0.5050042719397436
3 57 58 214 0.6679018989832508 0.6780535598724938 0.5050042719397436
3 214 184 794 0.6679018989832508 0.6780535598724938 0.5050042719397436
3 794 57 214 0.6679018989832508 0.6780535598724938 0.5050042719397436
3 199 794 185 0.6679018989832508 0.6780535598724938 0.5050042719397436
3 91 92 217 0.6679018989832508 0.6780535598724938 0.5050042719397436
3 217 90 91 0.6679018989832508 0.6780535598724938 0.5050042719397436
3 89 90 217 0.6679018989832508 0.6780535598724938 0.5050042719397436
3 88 89 217 0.6679018989832508 0.6780535598724938 0.5050042719397436
3 217 62 88 0.6679018989832508 0.6780535598724938 0.5050042719397436
3 74 77 78 0.6679018989832508 0.6780535598724938 0.5050042719397436
3 78 73 74 0.6679018989832508 0.6780535598724938 0.5050042719397436
3 75 77 74 0.6679018989832508 0.6780535598724938 0.5050042719397436
3 69 82 83 0.6679018989832508 0.6780535598724938 0.5050042719397436
3 86 87 65 0.6679018989832508 0.6780535598724938 0.5050042719397436
3 65 66 86 0.6679018989832508 0.6780535598724938 0.5050042719397436
3 63 87 88 0.6679018989832508 0.6780535598724938 0.5050042719397436
3 88 62 63 0.6679018989832508 0.6780535598724938 0.5050042719397436
3 172 173 291 0.6679018989832508 0.6780535598724938 0.5050042719397436
3 175 413 174 0.6679018989832508 0.6780535598724938 0.5050042719397436
3 170 672 229 0.6679018989832508 0.6780535598724938 0.5050042719397436
3 229 672 1566 0.6679018989832508 0.6780535598724938 0.5050042719397436
3 175 176 1430 0.6679018989832508 0.6780535598724938 0.5050042719397436
3 1430 413 175 0.6679018989832508 0.6780535598724938 0.5050042719397436
3 279 148 149 0.6679018989832508 0.6780535598724938 0.5050042719397436
3 539 5 6 0.6679018989832508 0.6780535598724938 0.5050042719397436
3 191 248 643 0.6679018989832508 0.6780535598724938 0.5050042719397436
3 192 102 103 0.6679018989832508 0.6780535598724938 0.5050042719397436
3 107 108 1163 0.6679018989832508 0.6780535598724938 0.5050042719397436
3 106 703 105 0.6679018989832508 0.6780535598724938 0.5050042719397436
3 44 45 440 0.6679018989832508 0.6780535598724938 0.5050042719397436
3 440 240 326 0.6679018989832508 0.6780535598724938 0.5050042719397436
3 211 53 54 0.6679018989832508 0.6780535598724938 0.5050042719397436
3 211 782 53 0.6679018989832508 0.6780535598724938 0.5050042719397436
3 211 247 1652 0.6679018989832508 0.6780535598724938 0.5050042719397436
3 1652 782 211 0.6679018989832508 0.6780535598724938 0.5050042719397436
3 199 55 56 0.6679018989832508 0.6780535598724938 0.5050042719397436
3 56 794 199 0.6679018989832508 0.6780535598724938 0.5050042719397436
3 57 794 56 0.6679018989832508 0.6780535598724938 0.5050042719397436
3 199 185 642 0.6679018989832508 0.6780535598724938 0.5050042719397436
3 642 95 96 0.6679018989832508 0.6780535598724938 0.5050042719397436
3 642 185 95 0.6679018989832508 0.6780535598724938 0.5050042719397436
3 94 95 243 0.6679018989832508 0.6780535598724938 0.5050042719397436
3 95 185 243 0.6679018989832508 0.6780535598724938 0.5050042719397436
3 243 184 94 0.6679018989832508 0.6780535598724938 0.5050042719397436
3 243 794 184 0.6679018989832508 0.6780535598724938 0.5050042719397436
3 243 185 794 0.6679018989832508 0.6780535598724938 0.5050042719397436
3 214 58 1651 0.6679018989832508 0.6780535598724938 0.5050042719397436
3 183 1651 217 0.6679018989832508 0.6780535598724938 0.5050042719397436
3 92 93 183 0.6679018989832508 0.6780535598724938 0.5050042719397436
3 183 217 92 0.6679018989832508 0.6780535598724938 0.5050042719397436
3 217 1651 60 0.6679018989832508 0.6780535598724938 0.5050042719397436
3 83 84 68 0.6679018989832508 0.6780535598724938 0.5050042719397436
3 68 69 83 0.6679018989832508 0.6780535598724938 0.5050042719397436
3 81 82 70 0.6679018989832508 0.6780535598724938 0.5050042719397436
3 82 69 70 0.6679018989832508 0.6780535598724938 0.5050042719397436
3 64 65 87 0.6679018989832508 0.6780535598724938 0.5050042719397436
3 87 63 64 0.6679018989832508 0.6780535598724938 0.5050042719397436
3 171 672 170 0.6679018989832508 0.6780535598724938 0.5050042719397436
3 171 232 672 0.6679018989832508 0.6780535598724938 0.5050042719397436
3 287 168 1565 0.6679018989832508 0.6780535598724938 0.5050042719397436
3 167 168 287 0.6679018989832508 0.6780535598724938 0.5050042719397436
3 522 160 161 0.6679018989832508 0.6780535598724938 0.5050042719397436
3 682 176 0 0.6679018989832508 0.6780535598724938 0.5050042719397436
3 682 1430 176 0.6679018989832508 0.6780535598724938 0.5050042719397436
3 482 682 0 0.6679018989832508 0.6780535598724938 0.5050042719397436
3 683 682 482 0.6679018989832508 0.6780535598724938 0.5050042719397436
3 413 843 842 0.6679018989832508 0.6780535598724938 0.5050042719397436
3 842 174 413 0.6679018989832508 0.6780535598724938 0.5050042719397436
3 291 173 842 0.6679018989832508 0.6780535598724938 0.5050042719397436
3 173 174 842 0.6679018989832508 0.6780535598724938 0.5050042719397436
3 1431 682 683 0.6679018989832508 0.6780535598724938 0.5050042719397436
3 1430 682 1431 0.6679018989832508 0.6780535598724938 0.5050042719397436
3 5 539 1936 0.6679018989832508 0.6780535598724938 0.5050042719397436
3 6 7 1071 0.6679018989832508 0.6780535598724938 0.5050042719397436
3 1071 539 6 0.6679018989832508 0.6780535598724938 0.5050042719397436
3 1072 1071 602 0.6679018989832508 0.6780535598724938 0.5050042719397436
3 602 1071 7 0.6679018989832508 0.6780535598724938 0.5050042719397436
3 602 7 8 0.6679018989832508 0.6780535598724938 0.5050042719397436
3 612 613 1381 0.6679018989832508 0.6780535598724938 0.5050042719397436
3 16 17 1455 0.6679018989832508 0.6780535598724938 0.5050042719397436
3 51 782 208 0.6679018989832508 0.6780535598724938 0.5050042719397436
3 32 34 31 0.6679018989832508 0.6780535598724938 0.5050042719397436
3 300 25 758 0.6679018989832508 0.6780535598724938 0.5050042719397436
3 330 191 643 0.6679018989832508 0.6780535598724938 0.5050042719397436
3 192 248 1806 0.6679018989832508 0.6780535598724938 0.5050042719397436
3 248 191 1806 0.6679018989832508 0.6780535598724938 0.5050042719397436
3 1806 102 192 0.6679018989832508 0.6780535598724938 0.5050042719397436
3 1806 191 102 0.6679018989832508 0.6780535598724938 0.5050042719397436
3 218 807 1652 0.6679018989832508 0.6780535598724938 0.5050042719397436
3 1652 247 218 0.6679018989832508 0.6780535598724938 0.5050042719397436
3 1652 807 215 0.6679018989832508 0.6780535598724938 0.5050042719397436
3 215 782 1652 0.6679018989832508 0.6780535598724938 0.5050042719397436
3 215 208 782 0.6679018989832508 0.6780535598724938 0.5050042719397436
3 244 330 643 0.6679018989832508 0.6780535598724938 0.5050042719397436
3 244 215 807 0.6679018989832508 0.6780535598724938 0.5050042719397436
3 188 98 99 0.6679018989832508 0.6780535598724938 0.5050042719397436
3 1482 1904 880 0.6679018989832508 0.6780535598724938 0.5050042719397436
3 880 113 1482 0.6679018989832508 0.6780535598724938 0.5050042719397436
3 1905 1904 881 0.6679018989832508 0.6780535598724938 0.5050042719397436
3 881 882 1905 0.6679018989832508 0.6780535598724938 0.5050042719397436
3 1483 882 881 0.6679018989832508 0.6780535598724938 0.5050042719397436
3 1482 1483 881 0.6679018989832508 0.6780535598724938 0.5050042719397436
3 881 1904 1482 0.6679018989832508 0.6780535598724938 0.5050042719397436
3 1903 880 576 0.6679018989832508 0.6780535598724938 0.5050042719397436
3 576 880 1904 0.6679018989832508 0.6780535598724938 0.5050042719397436
3 110 335 109 0.6679018989832508 0.6780535598724938 0.5050042719397436
3 110 111 575 0.6679018989832508 0.6780535598724938 0.5050042719397436
3 575 111 1903 0.6679018989832508 0.6780535598724938 0.5050042719397436
3 583 1912 1341 0.6679018989832508 0.6780535598724938 0.5050042719397436
3 1909 886 1910 0.6679018989832508 0.6780535598724938 0.5050042719397436
3 219 808 1653 0.6679018989832508 0.6780535598724938 0.5050042719397436
3 1653 643 219 0.6679018989832508 0.6780535598724938 0.5050042719397436
3 643 248 219 0.6679018989832508 0.6780535598724938 0.5050042719397436
3 644 947 331 0.6679018989832508 0.6780535598724938 0.5050042719397436
3 245 947 644 0.6679018989832508 0.6780535598724938 0.5050042719397436
3 252 245 808 0.6679018989832508 0.6780535598724938 0.5050042719397436
3 947 245 252 0.6679018989832508 0.6780535598724938 0.5050042719397436
3 104 105 1308 0.6679018989832508 0.6780535598724938 0.5050042719397436
3 1262 1263 499 0.6679018989832508 0.6780535598724938 0.5050042719397436
3 326 1872 384 0.6679018989832508 0.6780535598724938 0.5050042719397436
3 241 384 1872 0.6679018989832508 0.6780535598724938 0.5050042719397436
3 249 331 1511 0.6679018989832508 0.6780535598724938 0.5050042719397436
3 644 331 249 0.6679018989832508 0.6780535598724938 0.5050042719397436
3 1871 209 1286 0.6679018989832508 0.6780535598724938 0.5050042719397436
3 1286 209 783 0.6679018989832508 0.6780535598724938 0.5050042719397436
3 236 320 771 0.6679018989832508 0.6780535598724938 0.5050042719397436
3 633 196 442 0.6679018989832508 0.6780535598724938 0.5050042719397436
3 1322 1321 1694 0.6679018989832508 0.6780535598724938 0.5050042719397436
3 644 249 1654 0.6679018989832508 0.6780535598724938 0.5050042719397436
3 1654 245 644 0.6679018989832508 0.6780535598724938 0.5050042719397436
3 808 245 1654 0.6679018989832508 0.6780535598724938 0.5050042719397436
3 327 241 1873 0.6679018989832508 0.6780535598724938 0.5050042719397436
3 566 43 44 0.6679018989832508 0.6780535598724938 0.5050042719397436
3 326 384 566 0.6679018989832508 0.6780535598724938 0.5050042719397436
3 1284 211 54 0.6679018989832508 0.6780535598724938 0.5050042719397436
3 54 55 1284 0.6679018989832508 0.6780535598724938 0.5050042719397436
3 1284 55 199 0.6679018989832508 0.6780535598724938 0.5050042719397436
3 199 642 1284 0.6679018989832508 0.6780535598724938 0.5050042719397436
3 806 183 93 0.6679018989832508 0.6780535598724938 0.5050042719397436
3 94 184 806 0.6679018989832508 0.6780535598724938 0.5050042719397436
3 806 93 94 0.6679018989832508 0.6780535598724938 0.5050042719397436
3 1651 183 806 0.6679018989832508 0.6780535598724938 0.5050042719397436
3 806 184 214 0.6679018989832508 0.6780535598724938 0.5050042719397436
3 214 1651 806 0.6679018989832508 0.6780535598724938 0.5050042719397436
3 62 217 61 0.6679018989832508 0.6780535598724938 0.5050042719397436
3 217 60 61 0.6679018989832508 0.6780535598724938 0.5050042719397436
3 59 1651 58 0.6679018989832508 0.6780535598724938 0.5050042719397436
3 59 60 1651 0.6679018989832508 0.6780535598724938 0.5050042719397436
3 67 68 84 0.6679018989832508 0.6780535598724938 0.5050042719397436
3 84 85 67 0.6679018989832508 0.6780535598724938 0.5050042719397436
3 85 66 67 0.6679018989832508 0.6780535598724938 0.5050042719397436
3 71 80 81 0.6679018989832508 0.6780535598724938 0.5050042719397436
3 81 70 71 0.6679018989832508 0.6780535598724938 0.5050042719397436
3 169 229 1565 0.6679018989832508 0.6780535598724938 0.5050042719397436
3 1565 168 169 0.6679018989832508 0.6780535598724938 0.5050042719397436
3 170 229 169 0.6679018989832508 0.6780535598724938 0.5050042719397436
3 163 522 161 0.6679018989832508 0.6780535598724938 0.5050042719397436
3 523 522 475 0.6679018989832508 0.6780535598724938 0.5050042719397436
3 157 158 1240 0.6679018989832508 0.6780535598724938 0.5050042719397436
3 991 522 523 0.6679018989832508 0.6780535598724938 0.5050042719397436
3 160 522 991 0.6679018989832508 0.6780535598724938 0.5050042719397436
3 991 159 160 0.6679018989832508 0.6780535598724938 0.5050042719397436
3 674 675 1568 0.6679018989832508 0.6780535598724938 0.5050042719397436
3 1054 172 291 0.6679018989832508 0.6780535598724938 0.5050042719397436
3 1054 171 172 0.6679018989832508 0.6780535598724938 0.5050042719397436
3 232 171 1054 0.6679018989832508 0.6780535598724938 0.5050042719397436
3 292 843 293 0.6679018989832508 0.6780535598724938 0.5050042719397436
3 291 842 292 0.6679018989832508 0.6780535598724938 0.5050042719397436
3 292 842 843 0.6679018989832508 0.6780535598724938 0.5050042719397436
3 474 1246 1245 0.6679018989832508 0.6780535598724938 0.5050042719397436
3 683 482 1202 0.6679018989832508 0.6780535598724938 0.5050042719397436
3 1202 684 683 0.6679018989832508 0.6780535598724938 0.5050042719397436
3 414 843 413 0.6679018989832508 0.6780535598724938 0.5050042719397436
3 413 1430 414 0.6679018989832508 0.6780535598724938 0.5050042719397436
3 1430 1431 414 0.6679018989832508 0.6780535598724938 0.5050042719397436
3 724 1848 1849 0.6679018989832508 0.6780535598724938 0.5050042719397436
3 1849 905 724 0.6679018989832508 0.6780535598724938 0.5050042719397436
3 916 1848 915 0.6679018989832508 0.6780535598724938 0.5050042719397436
3 916 1849 1848 0.6679018989832508 0.6780535598724938 0.5050042719397436
3 116 1038 115 0.6679018989832508 0.6780535598724938 0.5050042719397436
3 976 1038 116 0.6679018989832508 0.6780535598724938 0.5050042719397436
3 1356 275 147 0.6679018989832508 0.6780535598724938 0.5050042719397436
3 1356 148 279 0.6679018989832508 0.6780535598724938 0.5050042719397436
3 1356 147 148 0.6679018989832508 0.6780535598724938 0.5050042719397436
3 147 275 146 0.6679018989832508 0.6780535598724938 0.5050042719397436
3 467 1543 521 0.6679018989832508 0.6780535598724938 0.5050042719397436
3 521 1543 1544 0.6679018989832508 0.6780535598724938 0.5050042719397436
3 152 153 830 0.6679018989832508 0.6780535598724938 0.5050042719397436
3 925 1246 926 0.6679018989832508 0.6780535598724938 0.5050042719397436
3 5 1936 4 0.6679018989832508 0.6780535598724938 0.5050042719397436
3 4 530 3 0.6679018989832508 0.6780535598724938 0.5050042719397436
3 1936 530 4 0.6679018989832508 0.6780535598724938 0.5050042719397436
3 1380 602 8 0.6679018989832508 0.6780535598724938 0.5050042719397436
3 1380 612 1381 0.6679018989832508 0.6780535598724938 0.5050042719397436
3 8 9 1380 0.6679018989832508 0.6780535598724938 0.5050042719397436
3 9 612 1380 0.6679018989832508 0.6780535598724938 0.5050042719397436
3 419 17 18 0.6679018989832508 0.6780535598724938 0.5050042719397436
3 419 1455 17 0.6679018989832508 0.6780535598724938 0.5050042719397436
3 420 1455 419 0.6679018989832508 0.6780535598724938 0.5050042719397436
3 1456 1455 420 0.6679018989832508 0.6780535598724938 0.5050042719397436
3 14 15 557 0.6679018989832508 0.6780535598724938 0.5050042719397436
3 10 11 622 0.6679018989832508 0.6780535598724938 0.5050042719397436
3 613 612 1126 0.6679018989832508 0.6780535598724938 0.5050042719397436
3 742 1113 741 0.6679018989832508 0.6780535598724938 0.5050042719397436
3 753 752 1187 0.6679018989832508 0.6780535598724938 0.5050042719397436
3 1553 1554 1856 0.6679018989832508 0.6780535598724938 0.5050042719397436
3 180 212 783 0.6679018989832508 0.6780535598724938 0.5050042719397436
3 377 321 1221 0.6679018989832508 0.6780535598724938 0.5050042719397436
3 1221 433 377 0.6679018989832508 0.6780535598724938 0.5050042719397436
3 378 433 1221 0.6679018989832508 0.6780535598724938 0.5050042719397436
3 1221 321 869 0.6679018989832508 0.6780535598724938 0.5050042719397436
3 868 320 236 0.6679018989832508 0.6780535598724938 0.5050042719397436
3 30 31 315 0.6679018989832508 0.6780535598724938 0.5050042719397436
3 30 1774 29 0.6679018989832508 0.6780535598724938 0.5050042719397436
3 315 1774 30 0.6679018989832508 0.6780535598724938 0.5050042719397436
3 1089 300 759 0.6679018989832508 0.6780535598724938 0.5050042719397436
3 503 504 859 0.6679018989832508 0.6780535598724938 0.5050042719397436
3 1779 697 309 0.6679018989832508 0.6780535598724938 0.5050042719397436
3 102 191 101 0.6679018989832508 0.6780535598724938 0.5050042719397436
3 191 330 101 0.6679018989832508 0.6780535598724938 0.5050042719397436
3 795 244 200 0.6679018989832508 0.6780535598724938 0.5050042719397436
3 215 244 795 0.6679018989832508 0.6780535598724938 0.5050042719397436
3 208 215 795 0.6679018989832508 0.6780535598724938 0.5050042719397436
3 330 244 190 0.6679018989832508 0.6780535598724938 0.5050042719397436
3 946 100 190 0.6679018989832508 0.6780535598724938 0.5050042719397436
3 190 807 946 0.6679018989832508 0.6780535598724938 0.5050042719397436
3 190 244 807 0.6679018989832508 0.6780535598724938 0.5050042719397436
3 100 101 190 0.6679018989832508 0.6780535598724938 0.5050042719397436
3 190 101 330 0.6679018989832508 0.6780535598724938 0.5050042719397436
3 255 127 128 0.6679018989832508 0.6780535598724938 0.5050042719397436
3 133 226 132 0.6679018989832508 0.6780535598724938 0.5050042719397436
3 132 226 131 0.6679018989832508 0.6780535598724938 0.5050042719397436
3 189 100 946 0.6679018989832508 0.6780535598724938 0.5050042719397436
3 99 100 189 0.6679018989832508 0.6780535598724938 0.5050042719397436
3 946 807 189 0.6679018989832508 0.6780535598724938 0.5050042719397436
3 807 218 189 0.6679018989832508 0.6780535598724938 0.5050042719397436
3 97 98 1509 0.6679018989832508 0.6780535598724938 0.5050042719397436
3 98 188 1509 0.6679018989832508 0.6780535598724938 0.5050042719397436
3 1509 188 218 0.6679018989832508 0.6780535598724938 0.5050042719397436
3 883 882 1484 0.6679018989832508 0.6780535598724938 0.5050042719397436
3 1484 882 1483 0.6679018989832508 0.6780535598724938 0.5050042719397436
3 1336 578 579 0.6679018989832508 0.6780535598724938 0.5050042719397436
3 581 1339 1338 0.6679018989832508 0.6780535598724938 0.5050042719397436
3 1905 578 577 0.6679018989832508 0.6780535598724938 0.5050042719397436
3 577 1904 1905 0.6679018989832508 0.6780535598724938 0.5050042719397436
3 1903 111 112 0.6679018989832508 0.6780535598724938 0.5050042719397436
3 112 880 1903 0.6679018989832508 0.6780535598724938 0.5050042719397436
3 113 880 112 0.6679018989832508 0.6780535598724938 0.5050042719397436
3 1903 576 1333 0.6679018989832508 0.6780535598724938 0.5050042719397436
3 336 575 1333 0.6679018989832508 0.6780535598724938 0.5050042719397436
3 1333 575 1903 0.6679018989832508 0.6780535598724938 0.5050042719397436
3 1333 576 337 0.6679018989832508 0.6780535598724938 0.5050042719397436
3 204 1682 1622 0.6679018989832508 0.6780535598724938 0.5050042719397436
3 108 109 1622 0.6679018989832508 0.6780535598724938 0.5050042719397436
3 1622 109 335 0.6679018989832508 0.6780535598724938 0.5050042719397436
3 106 107 1681 0.6679018989832508 0.6780535598724938 0.5050042719397436
3 1163 704 1309 0.6679018989832508 0.6780535598724938 0.5050042719397436
3 448 1681 1309 0.6679018989832508 0.6780535598724938 0.5050042719397436
3 1332 335 110 0.6679018989832508 0.6780535598724938 0.5050042719397436
3 110 575 1332 0.6679018989832508 0.6780535598724938 0.5050042719397436
3 1175 1174 1633 0.6679018989832508 0.6780535598724938 0.5050042719397436
3 1852 1550 1853 0.6679018989832508 0.6780535598724938 0.5050042719397436
3 1851 1852 945 0.6679018989832508 0.6780535598724938 0.5050042719397436
3 945 905 1851 0.6679018989832508 0.6780535598724938 0.5050042719397436
3 724 905 904 0.6679018989832508 0.6780535598724938 0.5050042719397436
3 1911 1912 583 0.6679018989832508 0.6780535598724938 0.5050042719397436
3 583 1910 1911 0.6679018989832508 0.6780535598724938 0.5050042719397436
3 965 964 1715 0.6679018989832508 0.6780535598724938 0.5050042719397436
3 1511 331 1807 0.6679018989832508 0.6780535598724938 0.5050042719397436
3 1807 331 703 0.6679018989832508 0.6780535598724938 0.5050042719397436
3 1510 219 248 0.6679018989832508 0.6780535598724938 0.5050042719397436
3 1510 248 192 0.6679018989832508 0.6780535598724938 0.5050042719397436
3 808 219 1510 0.6679018989832508 0.6780535598724938 0.5050042719397436
3 1510 252 808 0.6679018989832508 0.6780535598724938 0.5050042719397436
3 947 252 193 0.6679018989832508 0.6780535598724938 0.5050042719397436
3 193 1308 947 0.6679018989832508 0.6780535598724938 0.5050042719397436
3 193 103 104 0.6679018989832508 0.6780535598724938 0.5050042719397436
3 104 1308 193 0.6679018989832508 0.6780535598724938 0.5050042719397436
3 194 105 703 0.6679018989832508 0.6780535598724938 0.5050042719397436
3 194 1308 105 0.6679018989832508 0.6780535598724938 0.5050042719397436
3 703 331 194 0.6679018989832508 0.6780535598724938 0.5050042719397436
3 194 331 947 0.6679018989832508 0.6780535598724938 0.5050042719397436
3 947 1308 194 0.6679018989832508 0.6780535598724938 0.5050042719397436
3 238 774 870 0.6679018989832508 0.6780535598724938 0.5050042719397436
3 379 323 1223 0.6679018989832508 0.6780535598724938 0.5050042719397436
3 1261 433 378 0.6679018989832508 0.6780535598724938 0.5050042719397436
3 1261 35 433 0.6679018989832508 0.6780535598724938 0.5050042719397436
3 759 300 306 0.6679018989832508 0.6780535598724938 0.5050042719397436
3 306 300 758 0.6679018989832508 0.6780535598724938 0.5050042719397436
3 758 693 306 0.6679018989832508 0.6780535598724938 0.5050042719397436
3 441 327 198 0.6679018989832508 0.6780535598724938 0.5050042719397436
3 441 241 327 0.6679018989832508 0.6780535598724938 0.5050042719397436
3 384 241 441 0.6679018989832508 0.6780535598724938 0.5050042719397436
3 636 774 238 0.6679018989832508 0.6780535598724938 0.5050042719397436
3 867 771 320 0.6679018989832508 0.6780535598724938 0.5050042719397436
3 235 633 206 0.6679018989832508 0.6780535598724938 0.5050042719397436
3 206 867 235 0.6679018989832508 0.6780535598724938 0.5050042719397436
3 771 867 206 0.6679018989832508 0.6780535598724938 0.5050042719397436
3 1633 1174 1632 0.6679018989832508 0.6780535598724938 0.5050042719397436
3 1174 1173 1632 0.6679018989832508 0.6780535598724938 0.5050042719397436
3 1173 1631 1632 0.6679018989832508 0.6780535598724938 0.5050042719397436
3 1632 1631 1341 0.6679018989832508 0.6780535598724938 0.5050042719397436
3 1693 1175 1694 0.6679018989832508 0.6780535598724938 0.5050042719397436
3 1174 1175 1693 0.6679018989832508 0.6780535598724938 0.5050042719397436
3 1694 1321 1693 0.6679018989832508 0.6780535598724938 0.5050042719397436
3 1321 1322 1820 0.6679018989832508 0.6780535598724938 0.5050042719397436
3 775 638 776 0.6679018989832508 0.6780535598724938 0.5050042719397436
3 1287 1286 797 0.6679018989832508 0.6780535598724938 0.5050042719397436
3 808 1654 797 0.6679018989832508 0.6780535598724938 0.5050042719397436
3 786 1873 785 0.6679018989832508 0.6780535598724938 0.5050042719397436
3 785 241 1872 0.6679018989832508 0.6780535598724938 0.5050042719397436
3 785 1873 241 0.6679018989832508 0.6780535598724938 0.5050042719397436
3 386 442 328 0.6679018989832508 0.6780535598724938 0.5050042719397436
3 44 440 197 0.6679018989832508 0.6780535598724938 0.5050042719397436
3 197 566 44 0.6679018989832508 0.6780535598724938 0.5050042719397436
3 197 440 326 0.6679018989832508 0.6780535598724938 0.5050042719397436
3 326 566 197 0.6679018989832508 0.6780535598724938 0.5050042719397436
3 42 43 195 0.6679018989832508 0.6780535598724938 0.5050042719397436
3 43 566 195 0.6679018989832508 0.6780535598724938 0.5050042719397436
3 195 566 384 0.6679018989832508 0.6780535598724938 0.5050042719397436
3 384 441 195 0.6679018989832508 0.6780535598724938 0.5050042719397436
3 186 1284 642 0.6679018989832508 0.6780535598724938 0.5050042719397436
3 186 96 247 0.6679018989832508 0.6780535598724938 0.5050042719397436
3 186 642 96 0.6679018989832508 0.6780535598724938 0.5050042719397436
3 247 211 186 0.6679018989832508 0.6780535598724938 0.5050042719397436
3 211 1284 186 0.6679018989832508 0.6780535598724938 0.5050042719397436
3 79 80 72 0.6679018989832508 0.6780535598724938 0.5050042719397436
3 80 71 72 0.6679018989832508 0.6780535598724938 0.5050042719397436
3 72 73 79 0.6679018989832508 0.6780535598724938 0.5050042719397436
3 361 287 1565 0.6679018989832508 0.6780535598724938 0.5050042719397436
3 361 408 287 0.6679018989832508 0.6780535598724938 0.5050042719397436
3 522 163 164 0.6679018989832508 0.6780535598724938 0.5050042719397436
3 164 475 522 0.6679018989832508 0.6780535598724938 0.5050042719397436
3 165 475 164 0.6679018989832508 0.6780535598724938 0.5050042719397436
3 165 166 407 0.6679018989832508 0.6780535598724938 0.5050042719397436
3 407 475 165 0.6679018989832508 0.6780535598724938 0.5050042719397436
3 523 475 407 0.6679018989832508 0.6780535598724938 0.5050042719397436
3 832 833 353 0.6679018989832508 0.6780535598724938 0.5050042719397436
3 1747 359 1746 0.6679018989832508 0.6780535598724938 0.5050042719397436
3 354 353 833 0.6679018989832508 0.6780535598724938 0.5050042719397436
3 1746 359 358 0.6679018989832508 0.6780535598724938 0.5050042719397436
3 358 1745 1746 0.6679018989832508 0.6780535598724938 0.5050042719397436
3 155 1743 154 0.6679018989832508 0.6780535598724938 0.5050042719397436
3 830 153 355 0.6679018989832508 0.6780535598724938 0.5050042719397436
3 153 154 355 0.6679018989832508 0.6780535598724938 0.5050042719397436
3 355 154 1743 0.6679018989832508 0.6780535598724938 0.5050042719397436
3 356 355 1743 0.6679018989832508 0.6780535598724938 0.5050042719397436
3 1242 402 1241 0.6679018989832508 0.6780535598724938 0.5050042719397436
3 1240 469 1241 0.6679018989832508 0.6780535598724938 0.5050042719397436
3 525 993 524 0.6679018989832508 0.6780535598724938 0.5050042719397436
3 469 993 470 0.6679018989832508 0.6780535598724938 0.5050042719397436
3 1242 1241 470 0.6679018989832508 0.6780535598724938 0.5050042719397436
3 470 1241 469 0.6679018989832508 0.6780535598724938 0.5050042719397436
3 468 469 1240 0.6679018989832508 0.6780535598724938 0.5050042719397436
3 159 991 468 0.6679018989832508 0.6780535598724938 0.5050042719397436
3 1240 158 468 0.6679018989832508 0.6780535598724938 0.5050042719397436
3 158 159 468 0.6679018989832508 0.6780535598724938 0.5050042719397436
3 992 991 523 0.6679018989832508 0.6780535598724938 0.5050042719397436
3 992 993 469 0.6679018989832508 0.6780535598724938 0.5050042719397436
3 469 468 992 0.6679018989832508 0.6780535598724938 0.5050042719397436
3 992 468 991 0.6679018989832508 0.6780535598724938 0.5050042719397436
3 523 524 992 0.6679018989832508 0.6780535598724938 0.5050042719397436
3 992 524 993 0.6679018989832508 0.6780535598724938 0.5050042719397436
3 685 686 1434 0.6679018989832508 0.6780535598724938 0.5050042719397436
3 293 294 1057 0.6679018989832508 0.6780535598724938 0.5050042719397436
3 844 294 293 0.6679018989832508 0.6780535598724938 0.5050042719397436
3 293 843 844 0.6679018989832508 0.6780535598724938 0.5050042719397436
3 843 414 844 0.6679018989832508 0.6780535598724938 0.5050042719397436
3 293 1057 1056 0.6679018989832508 0.6780535598724938 0.5050042719397436
3 1056 1057 675 0.6679018989832508 0.6780535598724938 0.5050042719397436
3 1056 292 293 0.6679018989832508 0.6780535598724938 0.5050042719397436
3 1568 675 1569 0.6679018989832508 0.6780535598724938 0.5050042719397436
3 1569 364 1568 0.6679018989832508 0.6780535598724938 0.5050042719397436
3 1569 1570 412 0.6679018989832508 0.6780535598724938 0.5050042719397436
3 412 364 1569 0.6679018989832508 0.6780535598724938 0.5050042719397436
3 996 528 997 0.6679018989832508 0.6780535598724938 0.5050042719397436
3 527 528 996 0.6679018989832508 0.6780535598724938 0.5050042719397436
3 479 410 363 0.6679018989832508 0.6780535598724938 0.5050042719397436
3 1746 1745 397 0.6679018989832508 0.6780535598724938 0.5050042719397436
3 397 1745 396 0.6679018989832508 0.6780535598724938 0.5050042719397436
3 1246 474 1247 0.6679018989832508 0.6780535598724938 0.5050042719397436
3 926 1246 1247 0.6679018989832508 0.6780535598724938 0.5050042719397436
3 1006 1202 482 0.6679018989832508 0.6780535598724938 0.5050042719397436
3 1007 1202 1006 0.6679018989832508 0.6780535598724938 0.5050042719397436
3 1006 530 1007 0.6679018989832508 0.6780535598724938 0.5050042719397436
3 3 530 1006 0.6679018989832508 0.6780535598724938 0.5050042719397436
3 603 1380 1381 0.6679018989832508 0.6780535598724938 0.5050042719397436
3 602 1380 603 0.6679018989832508 0.6780535598724938 0.5050042719397436
3 1072 602 603 0.6679018989832508 0.6780535598724938 0.5050042719397436
3 1117 735 1116 0.6679018989832508 0.6780535598724938 0.5050042719397436
3 1851 905 1850 0.6679018989832508 0.6780535598724938 0.5050042719397436
3 905 1849 1850 0.6679018989832508 0.6780535598724938 0.5050042719397436
3 1849 916 917 0.6679018989832508 0.6780535598724938 0.5050042719397436
3 917 1850 1849 0.6679018989832508 0.6780535598724938 0.5050042719397436
3 917 828 829 0.6679018989832508 0.6780535598724938 0.5050042719397436
3 916 828 917 0.6679018989832508 0.6780535598724938 0.5050042719397436
3 961 1483 1482 0.6679018989832508 0.6780535598724938 0.5050042719397436
3 1482 113 961 0.6679018989832508 0.6780535598724938 0.5050042719397436
3 113 114 961 0.6679018989832508 0.6780535598724938 0.5050042719397436
3 117 118 932 0.6679018989832508 0.6780535598724938 0.5050042719397436
3 976 116 117 0.6679018989832508 0.6780535598724938 0.5050042719397436
3 117 932 976 0.6679018989832508 0.6780535598724938 0.5050042719397436
3 932 118 893 0.6679018989832508 0.6780535598724938 0.5050042719397436
3 933 932 893 0.6679018989832508 0.6780535598724938 0.5050042719397436
3 893 119 714 0.6679018989832508 0.6780535598724938 0.5050042719397436
3 893 118 119 0.6679018989832508 0.6780535598724938 0.5050042719397436
3 125 906 124 0.6679018989832508 0.6780535598724938 0.5050042719397436
3 122 123 454 0.6679018989832508 0.6780535598724938 0.5050042719397436
3 1840 1841 456 0.6679018989832508 0.6780535598724938 0.5050042719397436
3 456 455 1840 0.6679018989832508 0.6780535598724938 0.5050042719397436
3 457 456 1841 0.6679018989832508 0.6780535598724938 0.5050042719397436
3 344 343 822 0.6679018989832508 0.6780535598724938 0.5050042719397436
3 1842 457 1841 0.6679018989832508 0.6780535598724938 0.5050042719397436
3 121 584 120 0.6679018989832508 0.6780535598724938 0.5050042719397436
3 749 285 282 0.6679018989832508 0.6780535598724938 0.5050042719397436
3 269 1108 272 0.6679018989832508 0.6780535598724938 0.5050042719397436
3 727 1108 269 0.6679018989832508 0.6780535598724938 0.5050042719397436
3 727 265 268 0.6679018989832508 0.6780535598724938 0.5050042719397436
3 268 1108 727 0.6679018989832508 0.6780535598724938 0.5050042719397436
3 348 265 727 0.6679018989832508 0.6780535598724938 0.5050042719397436
3 727 1540 348 0.6679018989832508 0.6780535598724938 0.5050042719397436
3 460 1845 513 0.6679018989832508 0.6780535598724938 0.5050042719397436
3 1845 913 1846 0.6679018989832508 0.6780535598724938 0.5050042719397436
3 592 513 1846 0.6679018989832508 0.6780535598724938 0.5050042719397436
3 1846 513 1845 0.6679018989832508 0.6780535598724938 0.5050042719397436
3 825 913 912 0.6679018989832508 0.6780535598724938 0.5050042719397436
3 912 913 1845 0.6679018989832508 0.6780535598724938 0.5050042719397436
3 729 1111 730 0.6679018989832508 0.6780535598724938 0.5050042719397436
3 1110 729 270 0.6679018989832508 0.6780535598724938 0.5050042719397436
3 269 728 266 0.6679018989832508 0.6780535598724938 0.5050042719397436
3 266 727 269 0.6679018989832508 0.6780535598724938 0.5050042719397436
3 1540 727 266 0.6679018989832508 0.6780535598724938 0.5050042719397436
3 665 597 666 0.6679018989832508 0.6780535598724938 0.5050042719397436
3 666 667 822 0.6679018989832508 0.6780535598724938 0.5050042719397436
3 348 1540 465 0.6679018989832508 0.6780535598724938 0.5050042719397436
3 465 266 349 0.6679018989832508 0.6780535598724938 0.5050042719397436
3 1540 266 465 0.6679018989832508 0.6780535598724938 0.5050042719397436
3 348 465 518 0.6679018989832508 0.6780535598724938 0.5050042719397436
3 268 265 1539 0.6679018989832508 0.6780535598724938 0.5050042719397436
3 1007 530 531 0.6679018989832508 0.6780535598724938 0.5050042719397436
3 531 530 1936 0.6679018989832508 0.6780535598724938 0.5050042719397436
3 768 1099 1098 0.6679018989832508 0.6780535598724938 0.5050042719397436
3 1098 767 768 0.6679018989832508 0.6780535598724938 0.5050042719397436
3 1886 1301 1887 0.6679018989832508 0.6780535598724938 0.5050042719397436
3 1470 1157 1469 0.6679018989832508 0.6780535598724938 0.5050042719397436
3 1885 1886 1234 0.6679018989832508 0.6780535598724938 0.5050042719397436
3 1234 879 1885 0.6679018989832508 0.6780535598724938 0.5050042719397436
3 1233 879 1234 0.6679018989832508 0.6780535598724938 0.5050042719397436
3 1277 1789 1276 0.6679018989832508 0.6780535598724938 0.5050042719397436
3 420 419 1023 0.6679018989832508 0.6780535598724938 0.5050042719397436
3 421 1456 420 0.6679018989832508 0.6780535598724938 0.5050042719397436
3 490 557 15 0.6679018989832508 0.6780535598724938 0.5050042719397436
3 490 15 16 0.6679018989832508 0.6780535598724938 0.5050042719397436
3 16 1455 490 0.6679018989832508 0.6780535598724938 0.5050042719397436
3 1455 1456 490 0.6679018989832508 0.6780535598724938 0.5050042719397436
3 1097 767 1098 0.6679018989832508 0.6780535598724938 0.5050042719397436
3 766 767 1097 0.6679018989832508 0.6780535598724938 0.5050042719397436
3 1097 1096 766 0.6679018989832508 0.6780535598724938 0.5050042719397436
3 1098 1099 1413 0.6679018989832508 0.6780535598724938 0.5050042719397436
3 1144 13 14 0.6679018989832508 0.6780535598724938 0.5050042719397436
3 14 557 1144 0.6679018989832508 0.6780535598724938 0.5050042719397436
3 1125 622 623 0.6679018989832508 0.6780535598724938 0.5050042719397436
3 623 1126 1125 0.6679018989832508 0.6780535598724938 0.5050042719397436
3 10 622 1125 0.6679018989832508 0.6780535598724938 0.5050042719397436
3 1125 1126 612 0.6679018989832508 0.6780535598724938 0.5050042719397436
3 1125 9 10 0.6679018989832508 0.6780535598724938 0.5050042719397436
3 1125 612 9 0.6679018989832508 0.6780535598724938 0.5050042719397436
3 613 1126 1127 0.6679018989832508 0.6780535598724938 0.5050042719397436
3 1361 742 741 0.6679018989832508 0.6780535598724938 0.5050042719397436
3 746 1118 1117 0.6679018989832508 0.6780535598724938 0.5050042719397436
3 752 753 1362 0.6679018989832508 0.6780535598724938 0.5050042719397436
3 1362 1361 752 0.6679018989832508 0.6780535598724938 0.5050042719397436
3 743 742 1362 0.6679018989832508 0.6780535598724938 0.5050042719397436
3 742 1361 1362 0.6679018989832508 0.6780535598724938 0.5050042719397436
3 918 1852 1851 0.6679018989832508 0.6780535598724938 0.5050042719397436
3 1851 1850 918 0.6679018989832508 0.6780535598724938 0.5050042719397436
3 918 917 829 0.6679018989832508 0.6780535598724938 0.5050042719397436
3 1850 917 918 0.6679018989832508 0.6780535598724938 0.5050042719397436
3 1548 918 829 0.6679018989832508 0.6780535598724938 0.5050042719397436
3 1548 735 1117 0.6679018989832508 0.6780535598724938 0.5050042719397436
3 1200 1376 1375 0.6679018989832508 0.6780535598724938 0.5050042719397436
3 1377 1376 1200 0.6679018989832508 0.6780535598724938 0.5050042719397436
3 1200 1762 1377 0.6679018989832508 0.6780535598724938 0.5050042719397436
3 1253 1004 1254 0.6679018989832508 0.6780535598724938 0.5050042719397436
3 1553 1856 1855 0.6679018989832508 0.6780535598724938 0.5050042719397436
3 1375 1376 1558 0.6679018989832508 0.6780535598724938 0.5050042719397436
3 1556 1859 1858 0.6679018989832508 0.6780535598724938 0.5050042719397436
3 1859 1736 1858 0.6679018989832508 0.6780535598724938 0.5050042719397436
3 1285 212 239 0.6679018989832508 0.6780535598724938 0.5050042719397436
3 212 180 239 0.6679018989832508 0.6780535598724938 0.5050042719397436
3 239 48 49 0.6679018989832508 0.6780535598724938 0.5050042719397436
3 239 180 48 0.6679018989832508 0.6780535598724938 0.5050042719397436
3 783 209 325 0.6679018989832508 0.6780535598724938 0.5050042719397436
3 325 180 783 0.6679018989832508 0.6780535598724938 0.5050042719397436
3 325 47 48 0.6679018989832508 0.6780535598724938 0.5050042719397436
3 48 180 325 0.6679018989832508 0.6780535598724938 0.5050042719397436
3 433 35 36 0.6679018989832508 0.6780535598724938 0.5050042719397436
3 36 37 377 0.6679018989832508 0.6780535598724938 0.5050042719397436
3 377 433 36 0.6679018989832508 0.6780535598724938 0.5050042719397436
3 320 868 1220 0.6679018989832508 0.6780535598724938 0.5050042719397436
3 377 37 1220 0.6679018989832508 0.6780535598724938 0.5050042719397436
3 1220 321 377 0.6679018989832508 0.6780535598724938 0.5050042719397436
3 1220 868 321 0.6679018989832508 0.6780535598724938 0.5050042719397436
3 37 38 1220 0.6679018989832508 0.6780535598724938 0.5050042719397436
3 1220 38 320 0.6679018989832508 0.6780535598724938 0.5050042719397436
3 39 40 235 0.6679018989832508 0.6780535598724938 0.5050042719397436
3 235 867 39 0.6679018989832508 0.6780535598724938 0.5050042719397436
3 320 38 39 0.6679018989832508 0.6780535598724938 0.5050042719397436
3 39 867 320 0.6679018989832508 0.6780535598724938 0.5050042719397436
3 758 25 26 0.6679018989832508 0.6780535598724938 0.5050042719397436
3 316 1774 855 0.6679018989832508 0.6780535598724938 0.5050042719397436
3 316 855 1775 0.6679018989832508 0.6780535598724938 0.5050042719397436
3 1775 855 856 0.6679018989832508 0.6780535598724938 0.5050042719397436
3 1889 1304 1890 0.6679018989832508 0.6780535598724938 0.5050042719397436
3 1890 1304 1305 0.6679018989832508 0.6780535598724938 0.5050042719397436
3 1300 1886 1885 0.6679018989832508 0.6780535598724938 0.5050042719397436
3 1300 1301 1886 0.6679018989832508 0.6780535598724938 0.5050042719397436
3 444 387 388 0.6679018989832508 0.6780535598724938 0.5050042719397436
3 25 300 24 0.6679018989832508 0.6780535598724938 0.5050042719397436
3 300 1089 24 0.6679018989832508 0.6780535598724938 0.5050042719397436
3 864 1784 1783 0.6679018989832508 0.6780535598724938 0.5050042719397436
3 762 697 304 0.6679018989832508 0.6780535598724938 0.5050042719397436
3 762 309 697 0.6679018989832508 0.6780535598724938 0.5050042719397436
3 1092 762 304 0.6679018989832508 0.6780535598724938 0.5050042719397436
3 1779 859 860 0.6679018989832508 0.6780535598724938 0.5050042719397436
3 860 859 504 0.6679018989832508 0.6780535598724938 0.5050042719397436
3 259 128 129 0.6679018989832508 0.6780535598724938 0.5050042719397436
3 223 130 131 0.6679018989832508 0.6780535598724938 0.5050042719397436
3 251 188 99 0.6679018989832508 0.6780535598724938 0.5050042719397436
3 99 189 251 0.6679018989832508 0.6780535598724938 0.5050042719397436
3 218 188 251 0.6679018989832508 0.6780535598724938 0.5050042719397436
3 251 189 218 0.6679018989832508 0.6780535598724938 0.5050042719397436
3 187 247 97 0.6679018989832508 0.6780535598724938 0.5050042719397436
3 97 1509 187 0.6679018989832508 0.6780535598724938 0.5050042719397436
3 187 218 247 0.6679018989832508 0.6780535598724938 0.5050042719397436
3 187 1509 218 0.6679018989832508 0.6780535598724938 0.5050042719397436
3 883 1484 1485 0.6679018989832508 0.6780535598724938 0.5050042719397436
3 1906 579 578 0.6679018989832508 0.6780535598724938 0.5050042719397436
3 1907 579 1906 0.6679018989832508 0.6780535598724938 0.5050042719397436
3 883 1907 1906 0.6679018989832508 0.6780535598724938 0.5050042719397436
3 1906 882 883 0.6679018989832508 0.6780535598724938 0.5050042719397436
3 1905 882 1906 0.6679018989832508 0.6780535598724938 0.5050042719397436
3 1906 578 1905 0.6679018989832508 0.6780535598724938 0.5050042719397436
3 1630 1339 1340 0.6679018989832508 0.6780535598724938 0.5050042719397436
3 1340 1631 1630 0.6679018989832508 0.6780535598724938 0.5050042719397436
3 1341 1631 1340 0.6679018989832508 0.6780535598724938 0.5050042719397436
3 583 1341 1340 0.6679018989832508 0.6780535598724938 0.5050042719397436
3 582 1910 583 0.6679018989832508 0.6780535598724938 0.5050042719397436
3 583 1340 582 0.6679018989832508 0.6780535598724938 0.5050042719397436
3 582 1340 1339 0.6679018989832508 0.6780535598724938 0.5050042719397436
3 1339 581 582 0.6679018989832508 0.6780535598724938 0.5050042719397436
3 1909 1910 582 0.6679018989832508 0.6780535598724938 0.5050042719397436
3 582 581 1909 0.6679018989832508 0.6780535598724938 0.5050042719397436
3 580 581 1338 0.6679018989832508 0.6780535598724938 0.5050042719397436
3 580 579 1907 0.6679018989832508 0.6780535598724938 0.5050042719397436
3 335 1332 221 0.6679018989832508 0.6780535598724938 0.5050042719397436
3 705 1682 204 0.6679018989832508 0.6780535598724938 0.5050042719397436
3 1335 577 578 0.6679018989832508 0.6780535598724938 0.5050042719397436
3 1335 578 1336 0.6679018989832508 0.6780535598724938 0.5050042719397436
3 1682 202 220 0.6679018989832508 0.6780535598724938 0.5050042719397436
3 220 1622 1682 0.6679018989832508 0.6780535598724938 0.5050042719397436
3 220 704 1163 0.6679018989832508 0.6780535598724938 0.5050042719397436
3 220 202 704 0.6679018989832508 0.6780535598724938 0.5050042719397436
3 1163 108 220 0.6679018989832508 0.6780535598724938 0.5050042719397436
3 108 1622 220 0.6679018989832508 0.6780535598724938 0.5050042719397436
3 1163 1309 203 0.6679018989832508 0.6780535598724938 0.5050042719397436
3 203 1309 1681 0.6679018989832508 0.6780535598724938 0.5050042719397436
3 203 107 1163 0.6679018989832508 0.6780535598724938 0.5050042719397436
3 203 1681 107 0.6679018989832508 0.6780535598724938 0.5050042719397436
3 724 904 903 0.6679018989832508 0.6780535598724938 0.5050042719397436
3 944 904 905 0.6679018989832508 0.6780535598724938 0.5050042719397436
3 944 945 989 0.6679018989832508 0.6780535598724938 0.5050042719397436
3 905 945 944 0.6679018989832508 0.6780535598724938 0.5050042719397436
3 989 945 990 0.6679018989832508 0.6780535598724938 0.5050042719397436
3 990 1052 989 0.6679018989832508 0.6780535598724938 0.5050042719397436
3 1852 1853 990 0.6679018989832508 0.6780535598724938 0.5050042719397436
3 990 945 1852 0.6679018989832508 0.6780535598724938 0.5050042719397436
3 1494 972 973 0.6679018989832508 0.6780535598724938 0.5050042719397436
3 887 1910 886 0.6679018989832508 0.6780535598724938 0.5050042719397436
3 887 1911 1910 0.6679018989832508 0.6780535598724938 0.5050042719397436
3 884 1907 883 0.6679018989832508 0.6780535598724938 0.5050042719397436
3 883 1485 884 0.6679018989832508 0.6780535598724938 0.5050042719397436
3 1716 965 1715 0.6679018989832508 0.6780535598724938 0.5050042719397436
3 966 965 1716 0.6679018989832508 0.6780535598724938 0.5050042719397436
3 201 1681 448 0.6679018989832508 0.6780535598724938 0.5050042719397436
3 448 1807 201 0.6679018989832508 0.6780535598724938 0.5050042719397436
3 201 1807 703 0.6679018989832508 0.6780535598724938 0.5050042719397436
3 201 703 106 0.6679018989832508 0.6780535598724938 0.5050042719397436
3 106 1681 201 0.6679018989832508 0.6780535598724938 0.5050042719397436
3 447 193 252 0.6679018989832508 0.6780535598724938 0.5050042719397436
3 447 1510 192 0.6679018989832508 0.6780535598724938 0.5050042719397436
3 252 1510 447 0.6679018989832508 0.6780535598724938 0.5050042719397436
3 192 103 447 0.6679018989832508 0.6780535598724938 0.5050042719397436
3 103 193 447 0.6679018989832508 0.6780535598724938 0.5050042719397436
3 434 379 1262 0.6679018989832508 0.6780535598724938 0.5050042719397436
3 434 1261 378 0.6679018989832508 0.6780535598724938 0.5050042719397436
3 1262 1261 434 0.6679018989832508 0.6780535598724938 0.5050042719397436
3 1263 1262 435 0.6679018989832508 0.6780535598724938 0.5050042719397436
3 1262 379 435 0.6679018989832508 0.6780535598724938 0.5050042719397436
3 435 379 1223 0.6679018989832508 0.6780535598724938 0.5050042719397436
3 870 323 1222 0.6679018989832508 0.6780535598724938 0.5050042719397436
3 323 379 1222 0.6679018989832508 0.6780535598724938 0.5050042719397436
3 1222 434 378 0.6679018989832508 0.6780535598724938 0.5050042719397436
3 379 434 1222 0.6679018989832508 0.6780535598724938 0.5050042719397436
3 498 1262 499 0.6679018989832508 0.6780535598724938 0.5050042719397436
3 498 1261 1262 0.6679018989832508 0.6780535598724938 0.5050042719397436
3 34 35 498 0.6679018989832508 0.6780535598724938 0.5050042719397436
3 35 1261 498 0.6679018989832508 0.6780535598724938 0.5050042719397436
3 856 501 857 0.6679018989832508 0.6780535598724938 0.5050042719397436
3 500 501 856 0.6679018989832508 0.6780535598724938 0.5050042719397436
3 856 855 500 0.6679018989832508 0.6780535598724938 0.5050042719397436
3 499 1263 500 0.6679018989832508 0.6780535598724938 0.5050042719397436
3 500 855 499 0.6679018989832508 0.6780535598724938 0.5050042719397436
3 1263 435 436 0.6679018989832508 0.6780535598724938 0.5050042719397436
3 213 1286 1287 0.6679018989832508 0.6780535598724938 0.5050042719397436
3 1287 784 213 0.6679018989832508 0.6780535598724938 0.5050042719397436
3 1871 1286 213 0.6679018989832508 0.6780535598724938 0.5050042719397436
3 213 240 1871 0.6679018989832508 0.6780535598724938 0.5050042719397436
3 213 784 240 0.6679018989832508 0.6780535598724938 0.5050042719397436
3 236 771 634 0.6679018989832508 0.6780535598724938 0.5050042719397436
3 570 635 444 0.6679018989832508 0.6780535598724938 0.5050042719397436
3 570 636 635 0.6679018989832508 0.6780535598724938 0.5050042719397436
3 444 388 570 0.6679018989832508 0.6780535598724938 0.5050042719397436
3 570 388 445 0.6679018989832508 0.6780535598724938 0.5050042719397436
3 570 445 571 0.6679018989832508 0.6780535598724938 0.5050042719397436
3 571 636 570 0.6679018989832508 0.6780535598724938 0.5050042719397436
3 773 636 238 0.6679018989832508 0.6780535598724938 0.5050042719397436
3 635 636 773 0.6679018989832508 0.6780535598724938 0.5050042719397436
3 238 869 773 0.6679018989832508 0.6780535598724938 0.5050042719397436
3 444 635 569 0.6679018989832508 0.6780535598724938 0.5050042719397436
3 569 387 444 0.6679018989832508 0.6780535598724938 0.5050042719397436
3 960 1820 1821 0.6679018989832508 0.6780535598724938 0.5050042719397436
3 1323 1822 1821 0.6679018989832508 0.6780535598724938 0.5050042719397436
3 1821 1322 1323 0.6679018989832508 0.6780535598724938 0.5050042719397436
3 1821 1820 1322 0.6679018989832508 0.6780535598724938 0.5050042719397436
3 873 776 777 0.6679018989832508 0.6780535598724938 0.5050042719397436
3 1267 504 503 0.6679018989832508 0.6780535598724938 0.5050042719397436
3 1267 1268 504 0.6679018989832508 0.6780535598724938 0.5050042719397436
3 774 775 871 0.6679018989832508 0.6780535598724938 0.5050042719397436
3 1223 323 871 0.6679018989832508 0.6780535598724938 0.5050042719397436
3 871 870 774 0.6679018989832508 0.6780535598724938 0.5050042719397436
3 871 323 870 0.6679018989832508 0.6780535598724938 0.5050042719397436
3 637 775 774 0.6679018989832508 0.6780535598724938 0.5050042719397436
3 637 636 571 0.6679018989832508 0.6780535598724938 0.5050042719397436
3 774 636 637 0.6679018989832508 0.6780535598724938 0.5050042719397436
3 571 572 637 0.6679018989832508 0.6780535598724938 0.5050042719397436
3 572 638 637 0.6679018989832508 0.6780535598724938 0.5050042719397436
3 638 775 637 0.6679018989832508 0.6780535598724938 0.5050042719397436
3 796 797 1286 0.6679018989832508 0.6780535598724938 0.5050042719397436
3 796 212 1285 0.6679018989832508 0.6780535598724938 0.5050042719397436
3 783 212 796 0.6679018989832508 0.6780535598724938 0.5050042719397436
3 796 1286 783 0.6679018989832508 0.6780535598724938 0.5050042719397436
3 210 784 1287 0.6679018989832508 0.6780535598724938 0.5050042719397436
3 1287 785 210 0.6679018989832508 0.6780535598724938 0.5050042719397436
3 210 785 1872 0.6679018989832508 0.6780535598724938 0.5050042719397436
3 210 1872 326 0.6679018989832508 0.6780535598724938 0.5050042719397436
3 326 240 210 0.6679018989832508 0.6780535598724938 0.5050042719397436
3 240 784 210 0.6679018989832508 0.6780535598724938 0.5050042719397436
3 327 1873 242 0.6679018989832508 0.6780535598724938 0.5050042719397436
3 205 41 42 0.6679018989832508 0.6780535598724938 0.5050042719397436
3 198 567 205 0.6679018989832508 0.6780535598724938 0.5050042719397436
3 288 361 1565 0.6679018989832508 0.6780535598724938 0.5050042719397436
3 288 229 1566 0.6679018989832508 0.6780535598724938 0.5050042719397436
3 1565 229 288 0.6679018989832508 0.6780535598724938 0.5050042719397436
3 361 288 409 0.6679018989832508 0.6780535598724938 0.5050042719397436
3 287 408 360 0.6679018989832508 0.6780535598724938 0.5050042719397436
3 360 407 166 0.6679018989832508 0.6780535598724938 0.5050042719397436
3 167 287 360 0.6679018989832508 0.6780535598724938 0.5050042719397436
3 360 166 167 0.6679018989832508 0.6780535598724938 0.5050042719397436
3 523 407 476 0.6679018989832508 0.6780535598724938 0.5050042719397436
3 476 524 523 0.6679018989832508 0.6780535598724938 0.5050042719397436
3 408 524 476 0.6679018989832508 0.6780535598724938 0.5050042719397436
3 476 360 408 0.6679018989832508 0.6780535598724938 0.5050042719397436
3 407 360 476 0.6679018989832508 0.6780535598724938 0.5050042719397436
3 832 353 352 0.6679018989832508 0.6780535598724938 0.5050042719397436
3 834 358 359 0.6679018989832508 0.6780535598724938 0.5050042719397436
3 1187 354 834 0.6679018989832508 0.6780535598724938 0.5050042719397436
3 834 354 833 0.6679018989832508 0.6780535598724938 0.5050042719397436
3 833 358 834 0.6679018989832508 0.6780535598724938 0.5050042719397436
3 1188 753 1187 0.6679018989832508 0.6780535598724938 0.5050042719397436
3 754 753 1188 0.6679018989832508 0.6780535598724938 0.5050042719397436
3 835 834 359 0.6679018989832508 0.6780535598724938 0.5050042719397436
3 1187 834 835 0.6679018989832508 0.6780535598724938 0.5050042719397436
3 835 1188 1187 0.6679018989832508 0.6780535598724938 0.5050042719397436
3 926 1751 1750 0.6679018989832508 0.6780535598724938 0.5050042719397436
3 1750 925 926 0.6679018989832508 0.6780535598724938 0.5050042719397436
3 1750 1749 925 0.6679018989832508 0.6780535598724938 0.5050042719397436
3 1751 838 1750 0.6679018989832508 0.6780535598724938 0.5050042719397436
3 924 925 400 0.6679018989832508 0.6780535598724938 0.5050042719397436
3 925 1749 400 0.6679018989832508 0.6780535598724938 0.5050042719397436
3 1744 356 1743 0.6679018989832508 0.6780535598724938 0.5050042719397436
3 396 1745 1744 0.6679018989832508 0.6780535598724938 0.5050042719397436
3 832 356 357 0.6679018989832508 0.6780535598724938 0.5050042719397436
3 1745 358 357 0.6679018989832508 0.6780535598724938 0.5050042719397436
3 357 1744 1745 0.6679018989832508 0.6780535598724938 0.5050042719397436
3 356 1744 357 0.6679018989832508 0.6780535598724938 0.5050042719397436
3 357 833 832 0.6679018989832508 0.6780535598724938 0.5050042719397436
3 357 358 833 0.6679018989832508 0.6780535598724938 0.5050042719397436
3 355 356 831 0.6679018989832508 0.6780535598724938 0.5050042719397436
3 831 351 830 0.6679018989832508 0.6780535598724938 0.5050042719397436
3 830 355 831 0.6679018989832508 0.6780535598724938 0.5050042719397436
3 831 352 351 0.6679018989832508 0.6780535598724938 0.5050042719397436
3 831 356 832 0.6679018989832508 0.6780535598724938 0.5050042719397436
3 832 352 831 0.6679018989832508 0.6780535598724938 0.5050042719397436
3 396 919 920 0.6679018989832508 0.6780535598724938 0.5050042719397436
3 920 397 396 0.6679018989832508 0.6780535598724938 0.5050042719397436
3 157 919 156 0.6679018989832508 0.6780535598724938 0.5050042719397436
3 1240 1241 401 0.6679018989832508 0.6780535598724938 0.5050042719397436
3 401 1241 402 0.6679018989832508 0.6780535598724938 0.5050042719397436
3 401 157 1240 0.6679018989832508 0.6780535598724938 0.5050042719397436
3 401 919 157 0.6679018989832508 0.6780535598724938 0.5050042719397436
3 402 920 401 0.6679018989832508 0.6780535598724938 0.5050042719397436
3 401 920 919 0.6679018989832508 0.6780535598724938 0.5050042719397436
3 395 919 396 0.6679018989832508 0.6780535598724938 0.5050042719397436
3 396 1744 395 0.6679018989832508 0.6780535598724938 0.5050042719397436
3 395 1744 1743 0.6679018989832508 0.6780535598724938 0.5050042719397436
3 395 1743 155 0.6679018989832508 0.6780535598724938 0.5050042719397436
3 155 156 395 0.6679018989832508 0.6780535598724938 0.5050042719397436
3 395 156 919 0.6679018989832508 0.6780535598724938 0.5050042719397436
3 849 1436 1437 0.6679018989832508 0.6780535598724938 0.5050042719397436
3 1437 850 849 0.6679018989832508 0.6780535598724938 0.5050042719397436
3 1438 850 1437 0.6679018989832508 0.6780535598724938 0.5050042719397436
3 1058 1057 294 0.6679018989832508 0.6780535598724938 0.5050042719397436
3 1435 687 1436 0.6679018989832508 0.6780535598724938 0.5050042719397436
3 1434 686 1435 0.6679018989832508 0.6780535598724938 0.5050042719397436
3 686 687 1435 0.6679018989832508 0.6780535598724938 0.5050042719397436
3 418 1435 1436 0.6679018989832508 0.6780535598724938 0.5050042719397436
3 1434 1435 418 0.6679018989832508 0.6780535598724938 0.5050042719397436
3 1434 418 417 0.6679018989832508 0.6780535598724938 0.5050042719397436
3 417 418 847 0.6679018989832508 0.6780535598724938 0.5050042719397436
3 1432 1431 683 0.6679018989832508 0.6780535598724938 0.5050042719397436
3 683 684 1432 0.6679018989832508 0.6780535598724938 0.5050042719397436
3 231 674 1568 0.6679018989832508 0.6780535598724938 0.5050042719397436
3 233 674 231 0.6679018989832508 0.6780535598724938 0.5050042719397436
3 1566 672 230 0.6679018989832508 0.6780535598724938 0.5050042719397436
3 672 232 230 0.6679018989832508 0.6780535598724938 0.5050042719397436
3 675 674 234 0.6679018989832508 0.6780535598724938 0.5050042719397436
3 234 1056 675 0.6679018989832508 0.6780535598724938 0.5050042719397436
3 234 674 233 0.6679018989832508 0.6780535598724938 0.5050042719397436
3 412 528 480 0.6679018989832508 0.6780535598724938 0.5050042719397436
3 480 528 527 0.6679018989832508 0.6780535598724938 0.5050042719397436
3 480 364 412 0.6679018989832508 0.6780535598724938 0.5050042719397436
3 473 474 1245 0.6679018989832508 0.6780535598724938 0.5050042719397436
3 997 474 473 0.6679018989832508 0.6780535598724938 0.5050042719397436
3 473 996 997 0.6679018989832508 0.6780535598724938 0.5050042719397436
3 994 993 525 0.6679018989832508 0.6780535598724938 0.5050042719397436
3 994 470 993 0.6679018989832508 0.6780535598724938 0.5050042719397436
3 479 363 411 0.6679018989832508 0.6780535598724938 0.5050042719397436
3 364 480 411 0.6679018989832508 0.6780535598724938 0.5050042719397436
3 411 527 479 0.6679018989832508 0.6780535598724938 0.5050042719397436
3 411 480 527 0.6679018989832508 0.6780535598724938 0.5050042719397436
3 1568 364 290 0.6679018989832508 0.6780535598724938 0.5050042719397436
3 290 363 1567 0.6679018989832508 0.6780535598724938 0.5050042719397436
3 364 411 290 0.6679018989832508 0.6780535598724938 0.5050042719397436
3 290 411 363 0.6679018989832508 0.6780535598724938 0.5050042719397436
3 290 231 1568 0.6679018989832508 0.6780535598724938 0.5050042719397436
3 1567 231 290 0.6679018989832508 0.6780535598724938 0.5050042719397436
3 923 400 399 0.6679018989832508 0.6780535598724938 0.5050042719397436
3 924 400 923 0.6679018989832508 0.6780535598724938 0.5050042719397436
3 399 922 923 0.6679018989832508 0.6780535598724938 0.5050042719397436
3 922 404 923 0.6679018989832508 0.6780535598724938 0.5050042719397436
3 1746 397 398 0.6679018989832508 0.6780535598724938 0.5050042719397436
3 398 922 399 0.6679018989832508 0.6780535598724938 0.5050042719397436
3 399 1747 398 0.6679018989832508 0.6780535598724938 0.5050042719397436
3 398 1747 1746 0.6679018989832508 0.6780535598724938 0.5050042719397436
3 403 404 922 0.6679018989832508 0.6780535598724938 0.5050042719397436
3 403 402 1242 0.6679018989832508 0.6780535598724938 0.5050042719397436
3 1242 1243 403 0.6679018989832508 0.6780535598724938 0.5050042719397436
3 1243 404 403 0.6679018989832508 0.6780535598724938 0.5050042719397436
3 1247 999 1248 0.6679018989832508 0.6780535598724938 0.5050042719397436
3 1003 1004 1253 0.6679018989832508 0.6780535598724938 0.5050042719397436
3 1003 1576 1004 0.6679018989832508 0.6780535598724938 0.5050042719397436
3 1003 1002 1575 0.6679018989832508 0.6780535598724938 0.5050042719397436
3 1575 1576 1003 0.6679018989832508 0.6780535598724938 0.5050042719397436
3 3 1006 2 0.6679018989832508 0.6780535598724938 0.5050042719397436
3 2 1006 482 0.6679018989832508 0.6780535598724938 0.5050042719397436
3 2 482 0 0.6679018989832508 0.6780535598724938 0.5050042719397436
3 604 1382 605 0.6679018989832508 0.6780535598724938 0.5050042719397436
3 604 603 1381 0.6679018989832508 0.6780535598724938 0.5050042719397436
3 1381 1382 604 0.6679018989832508 0.6780535598724938 0.5050042719397436
3 1076 606 607 0.6679018989832508 0.6780535598724938 0.5050042719397436
3 1117 1116 745 0.6679018989832508 0.6780535598724938 0.5050042719397436
3 745 746 1117 0.6679018989832508 0.6780535598724938 0.5050042719397436
3 1365 746 745 0.6679018989832508 0.6780535598724938 0.5050042719397436
3 827 670 671 0.6679018989832508 0.6780535598724938 0.5050042719397436
3 671 828 827 0.6679018989832508 0.6780535598724938 0.5050042719397436
3 827 916 915 0.6679018989832508 0.6780535598724938 0.5050042719397436
3 827 828 916 0.6679018989832508 0.6780535598724938 0.5050042719397436
3 601 521 1544 0.6679018989832508 0.6780535598724938 0.5050042719397436
3 1544 1545 601 0.6679018989832508 0.6780535598724938 0.5050042719397436
3 671 670 601 0.6679018989832508 0.6780535598724938 0.5050042719397436
3 601 1545 671 0.6679018989832508 0.6780535598724938 0.5050042719397436
3 732 1545 1544 0.6679018989832508 0.6780535598724938 0.5050042719397436
3 671 1545 1546 0.6679018989832508 0.6780535598724938 0.5050042719397436
3 1546 828 671 0.6679018989832508 0.6780535598724938 0.5050042719397436
3 829 828 1546 0.6679018989832508 0.6780535598724938 0.5050042719397436
3 592 660 591 0.6679018989832508 0.6780535598724938 0.5050042719397436
3 591 513 592 0.6679018989832508 0.6780535598724938 0.5050042719397436
3 661 660 592 0.6679018989832508 0.6780535598724938 0.5050042719397436
3 661 1848 724 0.6679018989832508 0.6780535598724938 0.5050042719397436
3 589 590 658 0.6679018989832508 0.6780535598724938 0.5050042719397436
3 976 932 977 0.6679018989832508 0.6780535598724938 0.5050042719397436
3 977 932 933 0.6679018989832508 0.6780535598724938 0.5050042719397436
3 1839 455 454 0.6679018989832508 0.6780535598724938 0.5050042719397436
3 390 391 1839 0.6679018989832508 0.6780535598724938 0.5050042719397436
3 1840 455 1839 0.6679018989832508 0.6780535598724938 0.5050042719397436
3 1839 391 1840 0.6679018989832508 0.6780535598724938 0.5050042719397436
3 585 584 507 0.6679018989832508 0.6780535598724938 0.5050042719397436
3 455 456 507 0.6679018989832508 0.6780535598724938 0.5050042719397436
3 1838 1839 454 0.6679018989832508 0.6780535598724938 0.5050042719397436
3 390 1839 1838 0.6679018989832508 0.6780535598724938 0.5050042719397436
3 454 123 1838 0.6679018989832508 0.6780535598724938 0.5050042719397436
3 123 124 1838 0.6679018989832508 0.6780535598724938 0.5050042719397436
3 585 586 653 0.6679018989832508 0.6780535598724938 0.5050042719397436
3 653 715 714 0.6679018989832508 0.6780535598724938 0.5050042719397436
3 715 653 716 0.6679018989832508 0.6780535598724938 0.5050042719397436
3 894 893 714 0.6679018989832508 0.6780535598724938 0.5050042719397436
3 714 715 894 0.6679018989832508 0.6780535598724938 0.5050042719397436
3 933 893 894 0.6679018989832508 0.6780535598724938 0.5050042719397436
3 456 457 508 0.6679018989832508 0.6780535598724938 0.5050042719397436
3 508 507 456 0.6679018989832508 0.6780535598724938 0.5050042719397436
3 508 586 585 0.6679018989832508 0.6780535598724938 0.5050042719397436
3 585 507 508 0.6679018989832508 0.6780535598724938 0.5050042719397436
3 392 1841 1840 0.6679018989832508 0.6780535598724938 0.5050042719397436
3 1840 391 392 0.6679018989832508 0.6780535598724938 0.5050042719397436
3 457 1842 458 0.6679018989832508 0.6780535598724938 0.5050042719397436
3 1843 1842 394 0.6679018989832508 0.6780535598724938 0.5050042719397436
3 460 459 1843 0.6679018989832508 0.6780535598724938 0.5050042719397436
3 459 458 1843 0.6679018989832508 0.6780535598724938 0.5050042719397436
3 1843 458 1842 0.6679018989832508 0.6780535598724938 0.5050042719397436
3 652 120 584 0.6679018989832508 0.6780535598724938 0.5050042719397436
3 652 653 714 0.6679018989832508 0.6780535598724938 0.5050042719397436
3 714 119 652 0.6679018989832508 0.6780535598724938 0.5050042719397436
3 119 120 652 0.6679018989832508 0.6780535598724938 0.5050042719397436
3 652 584 585 0.6679018989832508 0.6780535598724938 0.5050042719397436
3 585 653 652 0.6679018989832508 0.6780535598724938 0.5050042719397436
3 749 282 1359 0.6679018989832508 0.6780535598724938 0.5050042719397436
3 1359 740 278 0.6679018989832508 0.6780535598724938 0.5050042719397436
3 1185 352 353 0.6679018989832508 0.6780535598724938 0.5050042719397436
3 278 740 739 0.6679018989832508 0.6780535598724938 0.5050042719397436
3 739 740 1111 0.6679018989832508 0.6780535598724938 0.5050042719397436
3 274 729 1110 0.6679018989832508 0.6780535598724938 0.5050042719397436
3 274 1111 729 0.6679018989832508 0.6780535598724938 0.5050042719397436
3 274 739 1111 0.6679018989832508 0.6780535598724938 0.5050042719397436
3 277 739 274 0.6679018989832508 0.6780535598724938 0.5050042719397436
3 749 1359 281 0.6679018989832508 0.6780535598724938 0.5050042719397436
3 281 1359 278 0.6679018989832508 0.6780535598724938 0.5050042719397436
3 830 351 350 0.6679018989832508 0.6780535598724938 0.5050042719397436
3 350 152 830 0.6679018989832508 0.6780535598724938 0.5050042719397436
3 151 1182 150 0.6679018989832508 0.6780535598724938 0.5050042719397436
3 152 350 151 0.6679018989832508 0.6780535598724938 0.5050042719397436
3 151 350 1182 0.6679018989832508 0.6780535598724938 0.5050042719397436
3 150 1182 283 0.6679018989832508 0.6780535598724938 0.5050042719397436
3 284 285 749 0.6679018989832508 0.6780535598724938 0.5050042719397436
3 749 281 284 0.6679018989832508 0.6780535598724938 0.5050042719397436
3 284 283 1182 0.6679018989832508 0.6780535598724938 0.5050042719397436
3 269 272 1109 0.6679018989832508 0.6780535598724938 0.5050042719397436
3 1109 728 269 0.6679018989832508 0.6780535598724938 0.5050042719397436
3 1109 270 728 0.6679018989832508 0.6780535598724938 0.5050042719397436
3 276 1356 279 0.6679018989832508 0.6780535598724938 0.5050042719397436
3 736 146 275 0.6679018989832508 0.6780535598724938 0.5050042719397436
3 275 272 736 0.6679018989832508 0.6780535598724938 0.5050042719397436
3 736 272 1108 0.6679018989832508 0.6780535598724938 0.5050042719397436
3 460 513 512 0.6679018989832508 0.6780535598724938 0.5050042719397436
3 512 459 460 0.6679018989832508 0.6780535598724938 0.5050042719397436
3 512 591 590 0.6679018989832508 0.6780535598724938 0.5050042719397436
3 513 591 512 0.6679018989832508 0.6780535598724938 0.5050042719397436
3 826 827 915 0.6679018989832508 0.6780535598724938 0.5050042719397436
3 670 827 826 0.6679018989832508 0.6780535598724938 0.5050042719397436
3 825 670 826 0.6679018989832508 0.6780535598724938 0.5050042719397436
3 915 1848 1847 0.6679018989832508 0.6780535598724938 0.5050042719397436
3 1848 661 1847 0.6679018989832508 0.6780535598724938 0.5050042719397436
3 592 1846 1847 0.6679018989832508 0.6780535598724938 0.5050042719397436
3 1847 661 592 0.6679018989832508 0.6780535598724938 0.5050042719397436
3 729 730 1542 0.6679018989832508 0.6780535598724938 0.5050042719397436
3 1542 1543 467 0.6679018989832508 0.6780535598724938 0.5050042719397436
3 1542 730 1543 0.6679018989832508 0.6780535598724938 0.5050042719397436
3 1541 466 349 0.6679018989832508 0.6780535598724938 0.5050042719397436
3 729 1542 1541 0.6679018989832508 0.6780535598724938 0.5050042719397436
3 1541 1542 466 0.6679018989832508 0.6780535598724938 0.5050042719397436
3 349 266 1541 0.6679018989832508 0.6780535598724938 0.5050042719397436
3 1541 266 728 0.6679018989832508 0.6780535598724938 0.5050042719397436
3 1541 270 729 0.6679018989832508 0.6780535598724938 0.5050042719397436
3 728 270 1541 0.6679018989832508 0.6780535598724938 0.5050042719397436
3 597 518 519 0.6679018989832508 0.6780535598724938 0.5050042719397436
3 519 518 465 0.6679018989832508 0.6780535598724938 0.5050042719397436
3 349 466 519 0.6679018989832508 0.6780535598724938 0.5050042719397436
3 519 465 349 0.6679018989832508 0.6780535598724938 0.5050042719397436
3 667 668 823 0.6679018989832508 0.6780535598724938 0.5050042719397436
3 822 667 823 0.6679018989832508 0.6780535598724938 0.5050042719397436
3 823 344 822 0.6679018989832508 0.6780535598724938 0.5050042719397436
3 741 1113 1112 0.6679018989832508 0.6780535598724938 0.5050042719397436
3 1112 740 741 0.6679018989832508 0.6780535598724938 0.5050042719397436
3 1112 730 1111 0.6679018989832508 0.6780535598724938 0.5050042719397436
3 1111 740 1112 0.6679018989832508 0.6780535598724938 0.5050042719397436
3 669 670 825 0.6679018989832508 0.6780535598724938 0.5050042719397436
3 669 601 670 0.6679018989832508 0.6780535598724938 0.5050042719397436
3 825 912 824 0.6679018989832508 0.6780535598724938 0.5050042719397436
3 824 669 825 0.6679018989832508 0.6780535598724938 0.5050042719397436
3 668 669 824 0.6679018989832508 0.6780535598724938 0.5050042719397436
3 824 823 668 0.6679018989832508 0.6780535598724938 0.5050042719397436
3 599 668 667 0.6679018989832508 0.6780535598724938 0.5050042719397436
3 343 342 821 0.6679018989832508 0.6780535598724938 0.5050042719397436
3 822 343 821 0.6679018989832508 0.6780535598724938 0.5050042719397436
3 821 666 822 0.6679018989832508 0.6780535598724938 0.5050042719397436
3 227 223 461 0.6679018989832508 0.6780535598724938 0.5050042719397436
3 908 342 343 0.6679018989832508 0.6780535598724938 0.5050042719397436
3 908 391 390 0.6679018989832508 0.6780535598724938 0.5050042719397436
3 1007 531 1008 0.6679018989832508 0.6780535598724938 0.5050042719397436
3 1937 1936 539 0.6679018989832508 0.6780535598724938 0.5050042719397436
3 1937 531 1936 0.6679018989832508 0.6780535598724938 0.5050042719397436
3 543 542 1074 0.6679018989832508 0.6780535598724938 0.5050042719397436
3 1074 604 605 0.6679018989832508 0.6780535598724938 0.5050042719397436
3 1787 1100 769 0.6679018989832508 0.6780535598724938 0.5050042719397436
3 769 1100 1099 0.6679018989832508 0.6780535598724938 0.5050042719397436
3 1099 768 769 0.6679018989832508 0.6780535598724938 0.5050042719397436
3 1415 1101 1416 0.6679018989832508 0.6780535598724938 0.5050042719397436
3 1100 1101 1415 0.6679018989832508 0.6780535598724938 0.5050042719397436
3 1785 768 702 0.6679018989832508 0.6780535598724938 0.5050042719397436
3 702 768 767 0.6679018989832508 0.6780535598724938 0.5050042719397436
3 767 1784 702 0.6679018989832508 0.6780535598724938 0.5050042719397436
3 1024 429 1025 0.6679018989832508 0.6780535598724938 0.5050042719397436
3 1025 421 1024 0.6679018989832508 0.6780535598724938 0.5050042719397436
3 1024 421 420 0.6679018989832508 0.6780535598724938 0.5050042719397436
3 420 1023 1024 0.6679018989832508 0.6780535598724938 0.5050042719397436
3 701 767 766 0.6679018989832508 0.6780535598724938 0.5050042719397436
3 701 1784 767 0.6679018989832508 0.6780535598724938 0.5050042719397436
3 766 1783 701 0.6679018989832508 0.6780535598724938 0.5050042719397436
3 701 1783 1784 0.6679018989832508 0.6780535598724938 0.5050042719397436
3 1888 1889 1237 0.6679018989832508 0.6780535598724938 0.5050042719397436
3 1233 1273 1232 0.6679018989832508 0.6780535598724938 0.5050042719397436
3 1232 879 1233 0.6679018989832508 0.6780535598724938 0.5050042719397436
3 1232 1231 879 0.6679018989832508 0.6780535598724938 0.5050042719397436
3 1274 866 1273 0.6679018989832508 0.6780535598724938 0.5050042719397436
3 1274 1234 1275 0.6679018989832508 0.6780535598724938 0.5050042719397436
3 1274 1275 1787 0.6679018989832508 0.6780535598724938 0.5050042719397436
3 1787 866 1274 0.6679018989832508 0.6780535598724938 0.5050042719397436
3 1274 1273 1233 0.6679018989832508 0.6780535598724938 0.5050042719397436
3 1233 1234 1274 0.6679018989832508 0.6780535598724938 0.5050042719397436
3 1273 866 865 0.6679018989832508 0.6780535598724938 0.5050042719397436
3 865 866 1785 0.6679018989832508 0.6780535598724938 0.5050042719397436
3 865 1784 864 0.6679018989832508 0.6780535598724938 0.5050042719397436
3 1785 702 865 0.6679018989832508 0.6780535598724938 0.5050042719397436
3 865 702 1784 0.6679018989832508 0.6780535598724938 0.5050042719397436
3 1601 629 1600 0.6679018989832508 0.6780535598724938 0.5050042719397436
3 1156 1469 1157 0.6679018989832508 0.6780535598724938 0.5050042719397436
3 1468 1469 1156 0.6679018989832508 0.6780535598724938 0.5050042719397436
3 1156 1155 1468 0.6679018989832508 0.6780535598724938 0.5050042719397436
3 1154 1155 1602 0.6679018989832508 0.6780535598724938 0.5050042719397436
3 1416 1417 1032 0.6679018989832508 0.6780535598724938 0.5050042719397436
3 1278 1277 1237 0.6679018989832508 0.6780535598724938 0.5050042719397436
3 1275 1234 1235 0.6679018989832508 0.6780535598724938 0.5050042719397436
3 1235 1276 1275 0.6679018989832508 0.6780535598724938 0.5050042719397436
3 1886 1887 1235 0.6679018989832508 0.6780535598724938 0.5050042719397436
3 1235 1234 1886 0.6679018989832508 0.6780535598724938 0.5050042719397436
3 1105 1420 1419 0.6679018989832508 0.6780535598724938 0.5050042719397436
3 422 421 1025 0.6679018989832508 0.6780535598724938 0.5050042719397436
3 1025 1026 422 0.6679018989832508 0.6780535598724938 0.5050042719397436
3 557 490 491 0.6679018989832508 0.6780535598724938 0.5050042719397436
3 491 490 1456 0.6679018989832508 0.6780535598724938 0.5050042719397436
3 1410 1096 1411 0.6679018989832508 0.6780535598724938 0.5050042719397436
3 1096 1097 1411 0.6679018989832508 0.6780535598724938 0.5050042719397436
3 1028 1413 1029 0.6679018989832508 0.6780535598724938 0.5050042719397436
3 432 1413 1028 0.6679018989832508 0.6780535598724938 0.5050042719397436
3 432 1028 1027 0.6679018989832508 0.6780535598724938 0.5050042719397436
3 1027 1028 424 0.6679018989832508 0.6780535598724938 0.5050042719397436
3 1099 1100 1414 0.6679018989832508 0.6780535598724938 0.5050042719397436
3 1414 1413 1099 0.6679018989832508 0.6780535598724938 0.5050042719397436
3 1100 1415 1414 0.6679018989832508 0.6780535598724938 0.5050042719397436
3 1029 1413 1414 0.6679018989832508 0.6780535598724938 0.5050042719397436
3 1593 11 12 0.6679018989832508 0.6780535598724938 0.5050042719397436
3 1593 622 11 0.6679018989832508 0.6780535598724938 0.5050042719397436
3 1146 549 1145 0.6679018989832508 0.6780535598724938 0.5050042719397436
3 1146 560 1147 0.6679018989832508 0.6780535598724938 0.5050042719397436
3 12 13 548 0.6679018989832508 0.6780535598724938 0.5050042719397436
3 548 1593 12 0.6679018989832508 0.6780535598724938 0.5050042719397436
3 549 1593 548 0.6679018989832508 0.6780535598724938 0.5050042719397436
3 1145 549 548 0.6679018989832508 0.6780535598724938 0.5050042719397436
3 13 1144 548 0.6679018989832508 0.6780535598724938 0.5050042719397436
3 1144 1145 548 0.6679018989832508 0.6780535598724938 0.5050042719397436
3 613 1127 614 0.6679018989832508 0.6780535598724938 0.5050042719397436
3 615 1382 614 0.6679018989832508 0.6780535598724938 0.5050042719397436
3 1381 613 614 0.6679018989832508 0.6780535598724938 0.5050042719397436
3 614 1382 1381 0.6679018989832508 0.6780535598724938 0.5050042719397436
3 1119 1550 1118 0.6679018989832508 0.6780535598724938 0.5050042719397436
3 1550 1119 1551 0.6679018989832508 0.6780535598724938 0.5050042719397436
3 1551 1119 1120 0.6679018989832508 0.6780535598724938 0.5050042719397436
3 1854 1853 1551 0.6679018989832508 0.6780535598724938 0.5050042719397436
3 1551 1853 1550 0.6679018989832508 0.6780535598724938 0.5050042719397436
3 1549 1550 1852 0.6679018989832508 0.6780535598724938 0.5050042719397436
3 1852 918 1549 0.6679018989832508 0.6780535598724938 0.5050042719397436
3 918 1548 1549 0.6679018989832508 0.6780535598724938 0.5050042719397436
3 1118 1550 1549 0.6679018989832508 0.6780535598724938 0.5050042719397436
3 1117 1118 1549 0.6679018989832508 0.6780535598724938 0.5050042719397436
3 1549 1548 1117 0.6679018989832508 0.6780535598724938 0.5050042719397436
3 1761 1200 1760 0.6679018989832508 0.6780535598724938 0.5050042719397436
3 1762 1200 1761 0.6679018989832508 0.6780535598724938 0.5050042719397436
3 1760 1257 1761 0.6679018989832508 0.6780535598724938 0.5050042719397436
3 1556 1124 1373 0.6679018989832508 0.6780535598724938 0.5050042719397436
3 1253 1254 1757 0.6679018989832508 0.6780535598724938 0.5050042719397436
3 1255 1254 1005 0.6679018989832508 0.6780535598724938 0.5050042719397436
3 1005 1254 1004 0.6679018989832508 0.6780535598724938 0.5050042719397436
3 1375 1558 1557 0.6679018989832508 0.6780535598724938 0.5050042719397436
3 1557 1859 1556 0.6679018989832508 0.6780535598724938 0.5050042719397436
3 1556 1858 1555 0.6679018989832508 0.6780535598724938 0.5050042719397436
3 1555 1124 1556 0.6679018989832508 0.6780535598724938 0.5050042719397436
3 1555 1123 1124 0.6679018989832508 0.6780535598724938 0.5050042719397436
3 1554 1123 1555 0.6679018989832508 0.6780535598724938 0.5050042719397436
3 1857 1856 1554 0.6679018989832508 0.6780535598724938 0.5050042719397436
3 1554 1555 1857 0.6679018989832508 0.6780535598724938 0.5050042719397436
3 1857 1555 1858 0.6679018989832508 0.6780535598724938 0.5050042719397436
3 1305 1304 1672 0.6679018989832508 0.6780535598724938 0.5050042719397436
3 1324 1822 1323 0.6679018989832508 0.6780535598724938 0.5050042719397436
3 1324 1325 1822 0.6679018989832508 0.6780535598724938 0.5050042719397436
3 1822 1325 1823 0.6679018989832508 0.6780535598724938 0.5050042719397436
3 1526 1822 1823 0.6679018989832508 0.6780535598724938 0.5050042719397436
3 1870 200 1285 0.6679018989832508 0.6780535598724938 0.5050042719397436
3 49 50 1870 0.6679018989832508 0.6780535598724938 0.5050042719397436
3 383 209 1871 0.6679018989832508 0.6780535598724938 0.5050042719397436
3 316 1775 310 0.6679018989832508 0.6780535598724938 0.5050042719397436
3 310 28 29 0.6679018989832508 0.6780535598724938 0.5050042719397436
3 29 1774 310 0.6679018989832508 0.6780535598724938 0.5050042719397436
3 310 1774 316 0.6679018989832508 0.6780535598724938 0.5050042719397436
3 27 28 692 0.6679018989832508 0.6780535598724938 0.5050042719397436
3 28 310 692 0.6679018989832508 0.6780535598724938 0.5050042719397436
3 692 310 1775 0.6679018989832508 0.6780535598724938 0.5050042719397436
3 317 1775 856 0.6679018989832508 0.6780535598724938 0.5050042719397436
3 1891 1890 1305 0.6679018989832508 0.6780535598724938 0.5050042719397436
3 1301 1300 1668 0.6679018989832508 0.6780535598724938 0.5050042719397436
3 1668 1300 1667 0.6679018989832508 0.6780535598724938 0.5050042719397436
3 1526 1527 1668 0.6679018989832508 0.6780535598724938 0.5050042719397436
3 1524 1523 960 0.6679018989832508 0.6780535598724938 0.5050042719397436
3 1523 1524 1666 0.6679018989832508 0.6780535598724938 0.5050042719397436
3 1666 1524 1667 0.6679018989832508 0.6780535598724938 0.5050042719397436
3 573 638 572 0.6679018989832508 0.6780535598724938 0.5050042719397436
3 1884 879 781 0.6679018989832508 0.6780535598724938 0.5050042719397436
3 781 1883 1884 0.6679018989832508 0.6780535598724938 0.5050042719397436
3 1885 879 1884 0.6679018989832508 0.6780535598724938 0.5050042719397436
3 1884 1883 1298 0.6679018989832508 0.6780535598724938 0.5050042719397436
3 328 242 1874 0.6679018989832508 0.6780535598724938 0.5050042719397436
3 386 328 1874 0.6679018989832508 0.6780535598724938 0.5050042719397436
3 1874 1873 786 0.6679018989832508 0.6780535598724938 0.5050042719397436
3 1874 242 1873 0.6679018989832508 0.6780535598724938 0.5050042719397436
3 700 1783 766 0.6679018989832508 0.6780535598724938 0.5050042719397436
3 23 24 1089 0.6679018989832508 0.6780535598724938 0.5050042719397436
3 1780 860 861 0.6679018989832508 0.6780535598724938 0.5050042719397436
3 1780 697 1779 0.6679018989832508 0.6780535598724938 0.5050042719397436
3 1779 860 1780 0.6679018989832508 0.6780535598724938 0.5050042719397436
3 1780 698 304 0.6679018989832508 0.6780535598724938 0.5050042719397436
3 304 697 1780 0.6679018989832508 0.6780535598724938 0.5050042719397436
3 1780 1781 698 0.6679018989832508 0.6780535598724938 0.5050042719397436
3 861 1781 1780 0.6679018989832508 0.6780535598724938 0.5050042719397436
3 864 1783 863 0.6679018989832508 0.6780535598724938 0.5050042719397436
3 1269 1268 1228 0.6679018989832508 0.6780535598724938 0.5050042719397436
3 864 863 1271 0.6679018989832508 0.6780535598724938 0.5050042719397436
3 1271 863 1270 0.6679018989832508 0.6780535598724938 0.5050042719397436
3 255 128 662 0.6679018989832508 0.6780535598724938 0.5050042719397436
3 128 259 662 0.6679018989832508 0.6780535598724938 0.5050042719397436
3 131 226 514 0.6679018989832508 0.6780535598724938 0.5050042719397436
3 514 223 131 0.6679018989832508 0.6780535598724938 0.5050042719397436
3 226 461 514 0.6679018989832508 0.6780535598724938 0.5050042719397436
3 461 223 514 0.6679018989832508 0.6780535598724938 0.5050042719397436
3 129 130 593 0.6679018989832508 0.6780535598724938 0.5050042719397436
3 130 223 593 0.6679018989832508 0.6780535598724938 0.5050042719397436
3 593 259 129 0.6679018989832508 0.6780535598724938 0.5050042719397436
3 223 227 593 0.6679018989832508 0.6780535598724938 0.5050042719397436
3 515 259 593 0.6679018989832508 0.6780535598724938 0.5050042719397436
3 593 227 515 0.6679018989832508 0.6780535598724938 0.5050042719397436
3 962 1484 1483 0.6679018989832508 0.6780535598724938 0.5050042719397436
3 1483 961 962 0.6679018989832508 0.6780535598724938 0.5050042719397436
3 964 1485 963 0.6679018989832508 0.6780535598724938 0.5050042719397436
3 963 1485 1484 0.6679018989832508 0.6780535598724938 0.5050042719397436
3 1484 962 963 0.6679018989832508 0.6780535598724938 0.5050042719397436
3 963 962 1713 0.6679018989832508 0.6780535598724938 0.5050042719397436
3 1337 580 1338 0.6679018989832508 0.6780535598724938 0.5050042719397436
3 1336 579 1337 0.6679018989832508 0.6780535598724938 0.5050042719397436
3 579 580 1337 0.6679018989832508 0.6780535598724938 0.5050042719397436
3 1909 581 1908 0.6679018989832508 0.6780535598724938 0.5050042719397436
3 581 580 1908 0.6679018989832508 0.6780535598724938 0.5050042719397436
3 1908 580 1907 0.6679018989832508 0.6780535598724938 0.5050042719397436
3 1907 884 1908 0.6679018989832508 0.6780535598724938 0.5050042719397436
3 1164 221 1683 0.6679018989832508 0.6780535598724938 0.5050042719397436
3 1164 705 204 0.6679018989832508 0.6780535598724938 0.5050042719397436
3 1683 705 1164 0.6679018989832508 0.6780535598724938 0.5050042719397436
3 335 221 1164 0.6679018989832508 0.6780535598724938 0.5050042719397436
3 204 1622 1164 0.6679018989832508 0.6780535598724938 0.5050042719397436
3 1164 1622 335 0.6679018989832508 0.6780535598724938 0.5050042719397436
3 1623 221 1332 0.6679018989832508 0.6780535598724938 0.5050042719397436
3 1623 575 336 0.6679018989832508 0.6780535598724938 0.5050042719397436
3 1623 1332 575 0.6679018989832508 0.6780535598724938 0.5050042719397436
3 336 222 1623 0.6679018989832508 0.6780535598724938 0.5050042719397436
3 336 1333 1624 0.6679018989832508 0.6780535598724938 0.5050042719397436
3 1624 222 336 0.6679018989832508 0.6780535598724938 0.5050042719397436
3 1624 1333 337 0.6679018989832508 0.6780535598724938 0.5050042719397436
3 1310 202 1682 0.6679018989832508 0.6780535598724938 0.5050042719397436
3 1682 705 1310 0.6679018989832508 0.6780535598724938 0.5050042719397436
3 577 1335 1334 0.6679018989832508 0.6780535598724938 0.5050042719397436
3 337 576 1334 0.6679018989832508 0.6780535598724938 0.5050042719397436
3 1334 576 1904 0.6679018989832508 0.6780535598724938 0.5050042719397436
3 1904 577 1334 0.6679018989832508 0.6780535598724938 0.5050042719397436
3 1722 1048 1723 0.6679018989832508 0.6780535598724938 0.5050042719397436
3 1723 972 1722 0.6679018989832508 0.6780535598724938 0.5050042719397436
3 1724 973 1723 0.6679018989832508 0.6780535598724938 0.5050042719397436
3 1723 973 972 0.6679018989832508 0.6780535598724938 0.5050042719397436
3 986 1048 985 0.6679018989832508 0.6780535598724938 0.5050042719397436
3 1724 1050 1725 0.6679018989832508 0.6780535598724938 0.5050042719397436
3 1049 1048 986 0.6679018989832508 0.6780535598724938 0.5050042719397436
3 1049 1723 1048 0.6679018989832508 0.6780535598724938 0.5050042719397436
3 1049 1050 1724 0.6679018989832508 0.6780535598724938 0.5050042719397436
3 1724 1723 1049 0.6679018989832508 0.6780535598724938 0.5050042719397436
3 1722 972 971 0.6679018989832508 0.6780535598724938 0.5050042719397436
3 988 944 989 0.6679018989832508 0.6780535598724938 0.5050042719397436
3 1492 891 890 0.6679018989832508 0.6780535598724938 0.5050042719397436
3 1493 891 1492 0.6679018989832508 0.6780535598724938 0.5050042719397436
3 1493 972 1494 0.6679018989832508 0.6780535598724938 0.5050042719397436
3 1492 971 1493 0.6679018989832508 0.6780535598724938 0.5050042719397436
3 1493 971 972 0.6679018989832508 0.6780535598724938 0.5050042719397436
3 1722 971 1721 0.6679018989832508 0.6780535598724938 0.5050042719397436
3 1633 1632 1342 0.6679018989832508 0.6780535598724938 0.5050042719397436
3 1342 1343 1633 0.6679018989832508 0.6780535598724938 0.5050042719397436
3 1342 1632 1341 0.6679018989832508 0.6780535598724938 0.5050042719397436
3 1913 1343 1342 0.6679018989832508 0.6780535598724938 0.5050042719397436
3 1342 1912 1913 0.6679018989832508 0.6780535598724938 0.5050042719397436
3 1342 1341 1912 0.6679018989832508 0.6780535598724938 0.5050042719397436
3 1344 1635 1634 0.6679018989832508 0.6780535598724938 0.5050042719397436
3 1633 1343 1634 0.6679018989832508 0.6780535598724938 0.5050042719397436
3 1634 1343 1344 0.6679018989832508 0.6780535598724938 0.5050042719397436
3 1634 1175 1633 0.6679018989832508 0.6780535598724938 0.5050042719397436
3 1487 965 966 0.6679018989832508 0.6780535598724938 0.5050042719397436
3 1486 884 1485 0.6679018989832508 0.6780535598724938 0.5050042719397436
3 964 965 1486 0.6679018989832508 0.6780535598724938 0.5050042719397436
3 1486 1485 964 0.6679018989832508 0.6780535598724938 0.5050042719397436
3 965 1487 1486 0.6679018989832508 0.6780535598724938 0.5050042719397436
3 978 977 933 0.6679018989832508 0.6780535598724938 0.5050042719397436
3 1040 977 978 0.6679018989832508 0.6780535598724938 0.5050042719397436
3 870 1222 322 0.6679018989832508 0.6780535598724938 0.5050042719397436
3 322 869 238 0.6679018989832508 0.6780535598724938 0.5050042719397436
3 238 870 322 0.6679018989832508 0.6780535598724938 0.5050042719397436
3 322 1221 869 0.6679018989832508 0.6780535598724938 0.5050042719397436
3 378 1221 322 0.6679018989832508 0.6780535598724938 0.5050042719397436
3 322 1222 378 0.6679018989832508 0.6780535598724938 0.5050042719397436
3 854 498 499 0.6679018989832508 0.6780535598724938 0.5050042719397436
3 499 855 854 0.6679018989832508 0.6780535598724938 0.5050042719397436
3 315 31 854 0.6679018989832508 0.6780535598724938 0.5050042719397436
3 854 1774 315 0.6679018989832508 0.6780535598724938 0.5050042719397436
3 854 855 1774 0.6679018989832508 0.6780535598724938 0.5050042719397436
3 854 31 34 0.6679018989832508 0.6780535598724938 0.5050042719397436
3 34 498 854 0.6679018989832508 0.6780535598724938 0.5050042719397436
3 1224 381 380 0.6679018989832508 0.6780535598724938 0.5050042719397436
3 381 436 380 0.6679018989832508 0.6780535598724938 0.5050042719397436
3 380 435 1223 0.6679018989832508 0.6780535598724938 0.5050042719397436
3 380 436 435 0.6679018989832508 0.6780535598724938 0.5050042719397436
3 568 442 386 0.6679018989832508 0.6780535598724938 0.5050042719397436
3 633 442 568 0.6679018989832508 0.6780535598724938 0.5050042719397436
3 568 206 633 0.6679018989832508 0.6780535598724938 0.5050042719397436
3 771 206 568 0.6679018989832508 0.6780535598724938 0.5050042719397436
3 568 634 771 0.6679018989832508 0.6780535598724938 0.5050042719397436
3 387 569 443 0.6679018989832508 0.6780535598724938 0.5050042719397436
3 443 568 386 0.6679018989832508 0.6780535598724938 0.5050042719397436
3 443 569 634 0.6679018989832508 0.6780535598724938 0.5050042719397436
3 634 568 443 0.6679018989832508 0.6780535598724938 0.5050042719397436
3 381 382 437 0.6679018989832508 0.6780535598724938 0.5050042719397436
3 437 436 381 0.6679018989832508 0.6780535598724938 0.5050042719397436
3 1266 1267 503 0.6679018989832508 0.6780535598724938 0.5050042719397436
3 503 859 858 0.6679018989832508 0.6780535598724938 0.5050042719397436
3 874 873 777 0.6679018989832508 0.6780535598724938 0.5050042719397436
3 777 778 874 0.6679018989832508 0.6780535598724938 0.5050042719397436
3 874 778 875 0.6679018989832508 0.6780535598724938 0.5050042719397436
3 1225 381 1224 0.6679018989832508 0.6780535598724938 0.5050042719397436
3 1225 382 381 0.6679018989832508 0.6780535598724938 0.5050042719397436
3 1223 871 324 0.6679018989832508 0.6780535598724938 0.5050042719397436
3 1224 380 324 0.6679018989832508 0.6780535598724938 0.5050042719397436
3 324 380 1223 0.6679018989832508 0.6780535598724938 0.5050042719397436
3 808 797 216 0.6679018989832508 0.6780535598724938 0.5050042719397436
3 797 796 216 0.6679018989832508 0.6780535598724938 0.5050042719397436
3 1653 808 216 0.6679018989832508 0.6780535598724938 0.5050042719397436
3 216 796 1285 0.6679018989832508 0.6780535598724938 0.5050042719397436
3 1285 200 216 0.6679018989832508 0.6780535598724938 0.5050042719397436
3 200 244 216 0.6679018989832508 0.6780535598724938 0.5050042719397436
3 216 643 1653 0.6679018989832508 0.6780535598724938 0.5050042719397436
3 216 244 643 0.6679018989832508 0.6780535598724938 0.5050042719397436
3 385 328 442 0.6679018989832508 0.6780535598724938 0.5050042719397436
3 385 242 328 0.6679018989832508 0.6780535598724938 0.5050042719397436
3 327 242 385 0.6679018989832508 0.6780535598724938 0.5050042719397436
3 198 327 385 0.6679018989832508 0.6780535598724938 0.5050042719397436
3 385 567 198 0.6679018989832508 0.6780535598724938 0.5050042719397436
3 385 442 196 0.6679018989832508 0.6780535598724938 0.5050042719397436
3 196 567 385 0.6679018989832508 0.6780535598724938 0.5050042719397436
3 42 195 632 0.6679018989832508 0.6780535598724938 0.5050042719397436
3 632 205 42 0.6679018989832508 0.6780535598724938 0.5050042719397436
3 632 195 441 0.6679018989832508 0.6780535598724938 0.5050042719397436
3 632 441 198 0.6679018989832508 0.6780535598724938 0.5050042719397436
3 198 205 632 0.6679018989832508 0.6780535598724938 0.5050042719397436
3 40 41 770 0.6679018989832508 0.6780535598724938 0.5050042719397436
3 41 205 770 0.6679018989832508 0.6780535598724938 0.5050042719397436
3 235 40 770 0.6679018989832508 0.6780535598724938 0.5050042719397436
3 770 633 235 0.6679018989832508 0.6780535598724938 0.5050042719397436
3 770 196 633 0.6679018989832508 0.6780535598724938 0.5050042719397436
3 770 567 196 0.6679018989832508 0.6780535598724938 0.5050042719397436
3 770 205 567 0.6679018989832508 0.6780535598724938 0.5050042719397436
3 525 409 478 0.6679018989832508 0.6780535598724938 0.5050042719397436
3 525 524 477 0.6679018989832508 0.6780535598724938 0.5050042719397436
3 477 409 525 0.6679018989832508 0.6780535598724938 0.5050042719397436
3 477 524 408 0.6679018989832508 0.6780535598724938 0.5050042719397436
3 408 361 477 0.6679018989832508 0.6780535598724938 0.5050042719397436
3 361 409 477 0.6679018989832508 0.6780535598724938 0.5050042719397436
3 410 478 362 0.6679018989832508 0.6780535598724938 0.5050042719397436
3 362 478 409 0.6679018989832508 0.6780535598724938 0.5050042719397436
3 362 288 1566 0.6679018989832508 0.6780535598724938 0.5050042719397436
3 362 409 288 0.6679018989832508 0.6780535598724938 0.5050042719397436
3 1188 835 836 0.6679018989832508 0.6780535598724938 0.5050042719397436
3 1748 400 1749 0.6679018989832508 0.6780535598724938 0.5050042719397436
3 1749 836 1748 0.6679018989832508 0.6780535598724938 0.5050042719397436
3 1748 836 835 0.6679018989832508 0.6780535598724938 0.5050042719397436
3 359 1747 1748 0.6679018989832508 0.6780535598724938 0.5050042719397436
3 1748 835 359 0.6679018989832508 0.6780535598724938 0.5050042719397436
3 1748 1747 399 0.6679018989832508 0.6780535598724938 0.5050042719397436
3 399 400 1748 0.6679018989832508 0.6780535598724938 0.5050042719397436
3 851 850 1438 0.6679018989832508 0.6780535598724938 0.5050042719397436
3 1062 680 1061 0.6679018989832508 0.6780535598724938 0.5050042719397436
3 1062 1061 849 0.6679018989832508 0.6780535598724938 0.5050042719397436
3 849 850 1062 0.6679018989832508 0.6780535598724938 0.5050042719397436
3 1062 681 680 0.6679018989832508 0.6780535598724938 0.5050042719397436
3 688 687 1206 0.6679018989832508 0.6780535598724938 0.5050042719397436
3 1436 687 688 0.6679018989832508 0.6780535598724938 0.5050042719397436
3 688 1437 1436 0.6679018989832508 0.6780535598724938 0.5050042719397436
3 675 1057 676 0.6679018989832508 0.6780535598724938 0.5050042719397436
3 1057 1058 676 0.6679018989832508 0.6780535598724938 0.5050042719397436
3 676 1569 675 0.6679018989832508 0.6780535598724938 0.5050042719397436
3 1058 677 676 0.6679018989832508 0.6780535598724938 0.5050042719397436
3 1570 1569 676 0.6679018989832508 0.6780535598724938 0.5050042719397436
3 676 677 1570 0.6679018989832508 0.6780535598724938 0.5050042719397436
3 847 1060 1059 0.6679018989832508 0.6780535598724938 0.5050042719397436
3 1059 677 1058 0.6679018989832508 0.6780535598724938 0.5050042719397436
3 1059 1060 678 0.6679018989832508 0.6780535598724938 0.5050042719397436
3 678 677 1059 0.6679018989832508 0.6780535598724938 0.5050042719397436
3 848 1060 847 0.6679018989832508 0.6780535598724938 0.5050042719397436
3 847 418 848 0.6679018989832508 0.6780535598724938 0.5050042719397436
3 849 1061 848 0.6679018989832508 0.6780535598724938 0.5050042719397436
3 1061 1060 848 0.6679018989832508 0.6780535598724938 0.5050042719397436
3 848 1436 849 0.6679018989832508 0.6780535598724938 0.5050042719397436
3 848 418 1436 0.6679018989832508 0.6780535598724938 0.5050042719397436
3 415 414 1431 0.6679018989832508 0.6780535598724938 0.5050042719397436
3 1431 1432 415 0.6679018989832508 0.6780535598724938 0.5050042719397436
3 415 844 414 0.6679018989832508 0.6780535598724938 0.5050042719397436
3 684 685 1433 0.6679018989832508 0.6780535598724938 0.5050042719397436
3 1433 1432 684 0.6679018989832508 0.6780535598724938 0.5050042719397436
3 1433 685 1434 0.6679018989832508 0.6780535598724938 0.5050042719397436
3 1434 417 1433 0.6679018989832508 0.6780535598724938 0.5050042719397436
3 673 231 1567 0.6679018989832508 0.6780535598724938 0.5050042719397436
3 1567 230 673 0.6679018989832508 0.6780535598724938 0.5050042719397436
3 233 231 673 0.6679018989832508 0.6780535598724938 0.5050042719397436
3 673 230 232 0.6679018989832508 0.6780535598724938 0.5050042719397436
3 232 1054 673 0.6679018989832508 0.6780535598724938 0.5050042719397436
3 673 1054 233 0.6679018989832508 0.6780535598724938 0.5050042719397436
3 292 1056 1055 0.6679018989832508 0.6780535598724938 0.5050042719397436
3 1056 234 1055 0.6679018989832508 0.6780535598724938 0.5050042719397436
3 1055 234 233 0.6679018989832508 0.6780535598724938 0.5050042719397436
3 291 292 1055 0.6679018989832508 0.6780535598724938 0.5050042719397436
3 1055 1054 291 0.6679018989832508 0.6780535598724938 0.5050042719397436
3 233 1054 1055 0.6679018989832508 0.6780535598724938 0.5050042719397436
3 997 528 529 0.6679018989832508 0.6780535598724938 0.5050042719397436
3 998 1247 474 0.6679018989832508 0.6780535598724938 0.5050042719397436
3 998 999 1247 0.6679018989832508 0.6780535598724938 0.5050042719397436
3 998 474 997 0.6679018989832508 0.6780535598724938 0.5050042719397436
3 997 529 998 0.6679018989832508 0.6780535598724938 0.5050042719397436
3 998 529 999 0.6679018989832508 0.6780535598724938 0.5050042719397436
3 470 994 471 0.6679018989832508 0.6780535598724938 0.5050042719397436
3 471 1243 1242 0.6679018989832508 0.6780535598724938 0.5050042719397436
3 1242 470 471 0.6679018989832508 0.6780535598724938 0.5050042719397436
3 479 527 526 0.6679018989832508 0.6780535598724938 0.5050042719397436
3 526 410 479 0.6679018989832508 0.6780535598724938 0.5050042719397436
3 526 478 410 0.6679018989832508 0.6780535598724938 0.5050042719397436
3 526 994 525 0.6679018989832508 0.6780535598724938 0.5050042719397436
3 525 478 526 0.6679018989832508 0.6780535598724938 0.5050042719397436
3 924 923 405 0.6679018989832508 0.6780535598724938 0.5050042719397436
3 405 923 404 0.6679018989832508 0.6780535598724938 0.5050042719397436
3 405 404 1243 0.6679018989832508 0.6780535598724938 0.5050042719397436
3 921 403 922 0.6679018989832508 0.6780535598724938 0.5050042719397436
3 922 398 921 0.6679018989832508 0.6780535598724938 0.5050042719397436
3 921 398 397 0.6679018989832508 0.6780535598724938 0.5050042719397436
3 397 920 921 0.6679018989832508 0.6780535598724938 0.5050042719397436
3 921 920 402 0.6679018989832508 0.6780535598724938 0.5050042719397436
3 402 403 921 0.6679018989832508 0.6780535598724938 0.5050042719397436
3 1000 1250 1249 0.6679018989832508 0.6780535598724938 0.5050042719397436
3 1249 1248 1000 0.6679018989832508 0.6780535598724938 0.5050042719397436
3 1000 1248 999 0.6679018989832508 0.6780535598724938 0.5050042719397436
3 1600 629 628 0.6679018989832508 0.6780535598724938 0.5050042719397436
3 1132 629 630 0.6679018989832508 0.6780535598724938 0.5050042719397436
3 1602 631 630 0.6679018989832508 0.6780535598724938 0.5050042719397436
3 630 1601 1602 0.6679018989832508 0.6780535598724938 0.5050042719397436
3 629 1601 630 0.6679018989832508 0.6780535598724938 0.5050042719397436
3 1383 1382 615 0.6679018989832508 0.6780535598724938 0.5050042719397436
3 605 1382 1383 0.6679018989832508 0.6780535598724938 0.5050042719397436
3 1383 606 605 0.6679018989832508 0.6780535598724938 0.5050042719397436
3 1365 745 1364 0.6679018989832508 0.6780535598724938 0.5050042719397436
3 754 755 1364 0.6679018989832508 0.6780535598724938 0.5050042719397436
3 1364 755 1365 0.6679018989832508 0.6780535598724938 0.5050042719397436
3 1113 742 1114 0.6679018989832508 0.6780535598724938 0.5050042719397436
3 1114 732 1113 0.6679018989832508 0.6780535598724938 0.5050042719397436
3 743 1115 1114 0.6679018989832508 0.6780535598724938 0.5050042719397436
3 1114 742 743 0.6679018989832508 0.6780535598724938 0.5050042719397436
3 1547 1548 829 0.6679018989832508 0.6780535598724938 0.5050042719397436
3 829 1546 1547 0.6679018989832508 0.6780535598724938 0.5050042719397436
3 735 1548 1547 0.6679018989832508 0.6780535598724938 0.5050042719397436
3 721 720 658 0.6679018989832508 0.6780535598724938 0.5050042719397436
3 658 720 657 0.6679018989832508 0.6780535598724938 0.5050042719397436
3 657 589 658 0.6679018989832508 0.6780535598724938 0.5050042719397436
3 717 718 897 0.6679018989832508 0.6780535598724938 0.5050042719397436
3 1039 1713 1038 0.6679018989832508 0.6780535598724938 0.5050042719397436
3 1039 1038 976 0.6679018989832508 0.6780535598724938 0.5050042719397436
3 976 977 1039 0.6679018989832508 0.6780535598724938 0.5050042719397436
3 1039 977 1040 0.6679018989832508 0.6780535598724938 0.5050042719397436
3 506 507 584 0.6679018989832508 0.6780535598724938 0.5050042719397436
3 506 584 121 0.6679018989832508 0.6780535598724938 0.5050042719397436
3 454 455 506 0.6679018989832508 0.6780535598724938 0.5050042719397436
3 455 507 506 0.6679018989832508 0.6780535598724938 0.5050042719397436
3 506 122 454 0.6679018989832508 0.6780535598724938 0.5050042719397436
3 121 122 506 0.6679018989832508 0.6780535598724938 0.5050042719397436
3 390 1838 389 0.6679018989832508 0.6780535598724938 0.5050042719397436
3 389 124 906 0.6679018989832508 0.6780535598724938 0.5050042719397436
3 389 1838 124 0.6679018989832508 0.6780535598724938 0.5050042719397436
3 715 716 895 0.6679018989832508 0.6780535598724938 0.5050042719397436
3 895 894 715 0.6679018989832508 0.6780535598724938 0.5050042719397436
3 654 653 586 0.6679018989832508 0.6780535598724938 0.5050042719397436
3 654 716 653 0.6679018989832508 0.6780535598724938 0.5050042719397436
3 717 716 654 0.6679018989832508 0.6780535598724938 0.5050042719397436
3 656 587 588 0.6679018989832508 0.6780535598724938 0.5050042719397436
3 510 589 588 0.6679018989832508 0.6780535598724938 0.5050042719397436
3 588 657 656 0.6679018989832508 0.6780535598724938 0.5050042719397436
3 589 657 588 0.6679018989832508 0.6780535598724938 0.5050042719397436
3 509 508 457 0.6679018989832508 0.6780535598724938 0.5050042719397436
3 509 587 586 0.6679018989832508 0.6780535598724938 0.5050042719397436
3 586 508 509 0.6679018989832508 0.6780535598724938 0.5050042719397436
3 509 458 510 0.6679018989832508 0.6780535598724938 0.5050042719397436
3 457 458 509 0.6679018989832508 0.6780535598724938 0.5050042719397436
3 510 588 509 0.6679018989832508 0.6780535598724938 0.5050042719397436
3 509 588 587 0.6679018989832508 0.6780535598724938 0.5050042719397436
3 343 344 909 0.6679018989832508 0.6780535598724938 0.5050042719397436
3 909 392 391 0.6679018989832508 0.6780535598724938 0.5050042719397436
3 391 908 909 0.6679018989832508 0.6780535598724938 0.5050042719397436
3 909 908 343 0.6679018989832508 0.6780535598724938 0.5050042719397436
3 394 1842 393 0.6679018989832508 0.6780535598724938 0.5050042719397436
3 393 1842 1841 0.6679018989832508 0.6780535598724938 0.5050042719397436
3 1841 392 393 0.6679018989832508 0.6780535598724938 0.5050042719397436
3 394 912 1844 0.6679018989832508 0.6780535598724938 0.5050042719397436
3 1844 1843 394 0.6679018989832508 0.6780535598724938 0.5050042719397436
3 460 1843 1844 0.6679018989832508 0.6780535598724938 0.5050042719397436
3 1844 1845 460 0.6679018989832508 0.6780535598724938 0.5050042719397436
3 1844 912 1845 0.6679018989832508 0.6780535598724938 0.5050042719397436
3 1187 752 1186 0.6679018989832508 0.6780535598724938 0.5050042719397436
3 1186 354 1187 0.6679018989832508 0.6780535598724938 0.5050042719397436
3 353 354 1186 0.6679018989832508 0.6780535598724938 0.5050042719397436
3 1186 1185 353 0.6679018989832508 0.6780535598724938 0.5050042719397436
3 752 1361 751 0.6679018989832508 0.6780535598724938 0.5050042719397436
3 751 1186 752 0.6679018989832508 0.6780535598724938 0.5050042719397436
3 1185 1186 751 0.6679018989832508 0.6780535598724938 0.5050042719397436
3 1185 751 286 0.6679018989832508 0.6780535598724938 0.5050042719397436
3 1358 281 278 0.6679018989832508 0.6780535598724938 0.5050042719397436
3 278 739 1358 0.6679018989832508 0.6780535598724938 0.5050042719397436
3 1358 739 277 0.6679018989832508 0.6780535598724938 0.5050042719397436
3 747 149 150 0.6679018989832508 0.6780535598724938 0.5050042719397436
3 150 283 747 0.6679018989832508 0.6780535598724938 0.5050042719397436
3 279 149 747 0.6679018989832508 0.6780535598724938 0.5050042719397436
3 285 284 1183 0.6679018989832508 0.6780535598724938 0.5050042719397436
3 1183 350 351 0.6679018989832508 0.6780535598724938 0.5050042719397436
3 1182 350 1183 0.6679018989832508 0.6780535598724938 0.5050042719397436
3 1183 284 1182 0.6679018989832508 0.6780535598724938 0.5050042719397436
3 1110 270 273 0.6679018989832508 0.6780535598724938 0.5050042719397436
3 270 1109 273 0.6679018989832508 0.6780535598724938 0.5050042719397436
3 737 1109 272 0.6679018989832508 0.6780535598724938 0.5050042719397436
3 1356 276 737 0.6679018989832508 0.6780535598724938 0.5050042719397436
3 737 273 1109 0.6679018989832508 0.6780535598724938 0.5050042719397436
3 276 273 737 0.6679018989832508 0.6780535598724938 0.5050042719397436
3 275 1356 737 0.6679018989832508 0.6780535598724938 0.5050042719397436
3 737 272 275 0.6679018989832508 0.6780535598724938 0.5050042719397436
3 146 736 145 0.6679018989832508 0.6780535598724938 0.5050042719397436
3 136 134 135 0.6679018989832508 0.6780535598724938 0.5050042719397436
3 136 226 133 0.6679018989832508 0.6780535598724938 0.5050042719397436
3 133 134 136 0.6679018989832508 0.6780535598724938 0.5050042719397436
3 138 461 226 0.6679018989832508 0.6780535598724938 0.5050042719397436
3 138 139 461 0.6679018989832508 0.6780535598724938 0.5050042719397436
3 459 512 511 0.6679018989832508 0.6780535598724938 0.5050042719397436
3 511 589 510 0.6679018989832508 0.6780535598724938 0.5050042719397436
3 590 589 511 0.6679018989832508 0.6780535598724938 0.5050042719397436
3 511 512 590 0.6679018989832508 0.6780535598724938 0.5050042719397436
3 510 458 511 0.6679018989832508 0.6780535598724938 0.5050042719397436
3 511 458 459 0.6679018989832508 0.6780535598724938 0.5050042719397436
3 914 1846 913 0.6679018989832508 0.6780535598724938 0.5050042719397436
3 914 913 825 0.6679018989832508 0.6780535598724938 0.5050042719397436
3 825 826 914 0.6679018989832508 0.6780535598724938 0.5050042719397436
3 914 826 915 0.6679018989832508 0.6780535598724938 0.5050042719397436
3 915 1847 914 0.6679018989832508 0.6780535598724938 0.5050042719397436
3 914 1847 1846 0.6679018989832508 0.6780535598724938 0.5050042719397436
3 667 666 598 0.6679018989832508 0.6780535598724938 0.5050042719397436
3 598 599 667 0.6679018989832508 0.6780535598724938 0.5050042719397436
3 598 666 597 0.6679018989832508 0.6780535598724938 0.5050042719397436
3 597 519 598 0.6679018989832508 0.6780535598724938 0.5050042719397436
3 911 912 394 0.6679018989832508 0.6780535598724938 0.5050042719397436
3 344 823 911 0.6679018989832508 0.6780535598724938 0.5050042719397436
3 911 824 912 0.6679018989832508 0.6780535598724938 0.5050042719397436
3 823 824 911 0.6679018989832508 0.6780535598724938 0.5050042719397436
3 394 393 911 0.6679018989832508 0.6780535598724938 0.5050042719397436
3 1543 730 731 0.6679018989832508 0.6780535598724938 0.5050042719397436
3 730 1112 731 0.6679018989832508 0.6780535598724938 0.5050042719397436
3 1544 1543 731 0.6679018989832508 0.6780535598724938 0.5050042719397436
3 731 1112 1113 0.6679018989832508 0.6780535598724938 0.5050042719397436
3 731 732 1544 0.6679018989832508 0.6780535598724938 0.5050042719397436
3 1113 732 731 0.6679018989832508 0.6780535598724938 0.5050042719397436
3 467 521 520 0.6679018989832508 0.6780535598724938 0.5050042719397436
3 521 599 520 0.6679018989832508 0.6780535598724938 0.5050042719397436
3 520 1542 467 0.6679018989832508 0.6780535598724938 0.5050042719397436
3 466 1542 520 0.6679018989832508 0.6780535598724938 0.5050042719397436
3 599 598 520 0.6679018989832508 0.6780535598724938 0.5050042719397436
3 520 519 466 0.6679018989832508 0.6780535598724938 0.5050042719397436
3 520 598 519 0.6679018989832508 0.6780535598724938 0.5050042719397436
3 600 669 668 0.6679018989832508 0.6780535598724938 0.5050042719397436
3 668 599 600 0.6679018989832508 0.6780535598724938 0.5050042719397436
3 600 599 521 0.6679018989832508 0.6780535598724938 0.5050042719397436
3 521 601 600 0.6679018989832508 0.6780535598724938 0.5050042719397436
3 601 669 600 0.6679018989832508 0.6780535598724938 0.5050042719397436
3 665 666 258 0.6679018989832508 0.6780535598724938 0.5050042719397436
3 666 821 258 0.6679018989832508 0.6780535598724938 0.5050042719397436
3 258 821 342 0.6679018989832508 0.6780535598724938 0.5050042719397436
3 255 662 594 0.6679018989832508 0.6780535598724938 0.5050042719397436
3 125 126 340 0.6679018989832508 0.6780535598724938 0.5050042719397436
3 340 906 125 0.6679018989832508 0.6780535598724938 0.5050042719397436
3 1537 227 345 0.6679018989832508 0.6780535598724938 0.5050042719397436
3 345 227 461 0.6679018989832508 0.6780535598724938 0.5050042719397436
3 461 139 345 0.6679018989832508 0.6780535598724938 0.5050042719397436
3 264 1538 267 0.6679018989832508 0.6780535598724938 0.5050042719397436
3 267 1107 264 0.6679018989832508 0.6780535598724938 0.5050042719397436
3 264 463 1538 0.6679018989832508 0.6780535598724938 0.5050042719397436
3 267 1538 725 0.6679018989832508 0.6780535598724938 0.5050042719397436
3 1538 346 725 0.6679018989832508 0.6780535598724938 0.5050042719397436
3 725 346 263 0.6679018989832508 0.6780535598724938 0.5050042719397436
3 141 263 1537 0.6679018989832508 0.6780535598724938 0.5050042719397436
3 464 265 348 0.6679018989832508 0.6780535598724938 0.5050042719397436
3 464 1539 265 0.6679018989832508 0.6780535598724938 0.5050042719397436
3 348 518 464 0.6679018989832508 0.6780535598724938 0.5050042719397436
3 532 1008 531 0.6679018989832508 0.6780535598724938 0.5050042719397436
3 531 1937 532 0.6679018989832508 0.6780535598724938 0.5050042719397436
3 484 685 684 0.6679018989832508 0.6780535598724938 0.5050042719397436
3 684 1202 484 0.6679018989832508 0.6780535598724938 0.5050042719397436
3 484 1202 1007 0.6679018989832508 0.6780535598724938 0.5050042719397436
3 1007 1008 484 0.6679018989832508 0.6780535598724938 0.5050042719397436
3 1009 532 533 0.6679018989832508 0.6780535598724938 0.5050042719397436
3 1008 532 1009 0.6679018989832508 0.6780535598724938 0.5050042719397436
3 535 1012 1011 0.6679018989832508 0.6780535598724938 0.5050042719397436
3 543 1074 1075 0.6679018989832508 0.6780535598724938 0.5050042719397436
3 1076 544 1075 0.6679018989832508 0.6780535598724938 0.5050042719397436
3 1075 544 543 0.6679018989832508 0.6780535598724938 0.5050042719397436
3 1075 606 1076 0.6679018989832508 0.6780535598724938 0.5050042719397436
3 605 606 1075 0.6679018989832508 0.6780535598724938 0.5050042719397436
3 1075 1074 605 0.6679018989832508 0.6780535598724938 0.5050042719397436
3 604 1074 1073 0.6679018989832508 0.6780535598724938 0.5050042719397436
3 1072 603 1073 0.6679018989832508 0.6780535598724938 0.5050042719397436
3 603 604 1073 0.6679018989832508 0.6780535598724938 0.5050042719397436
3 1073 1074 542 0.6679018989832508 0.6780535598724938 0.5050042719397436
3 1786 769 768 0.6679018989832508 0.6780535598724938 0.5050042719397436
3 1786 768 1785 0.6679018989832508 0.6780535598724938 0.5050042719397436
3 1785 866 1786 0.6679018989832508 0.6780535598724938 0.5050042719397436
3 1786 866 1787 0.6679018989832508 0.6780535598724938 0.5050042719397436
3 1787 769 1786 0.6679018989832508 0.6780535598724938 0.5050042719397436
3 1789 1101 1788 0.6679018989832508 0.6780535598724938 0.5050042719397436
3 1788 1276 1789 0.6679018989832508 0.6780535598724938 0.5050042719397436
3 1788 1100 1787 0.6679018989832508 0.6780535598724938 0.5050042719397436
3 1788 1101 1100 0.6679018989832508 0.6780535598724938 0.5050042719397436
3 1787 1275 1788 0.6679018989832508 0.6780535598724938 0.5050042719397436
3 1275 1276 1788 0.6679018989832508 0.6780535598724938 0.5050042719397436
3 1102 1417 1416 0.6679018989832508 0.6780535598724938 0.5050042719397436
3 1416 1101 1102 0.6679018989832508 0.6780535598724938 0.5050042719397436
3 1102 1103 1417 0.6679018989832508 0.6780535598724938 0.5050042719397436
3 1789 1103 1102 0.6679018989832508 0.6780535598724938 0.5050042719397436
3 1102 1101 1789 0.6679018989832508 0.6780535598724938 0.5050042719397436
3 1302 1887 1301 0.6679018989832508 0.6780535598724938 0.5050042719397436
3 1302 1888 1887 0.6679018989832508 0.6780535598724938 0.5050042719397436
3 878 877 781 0.6679018989832508 0.6780535598724938 0.5050042719397436
3 781 879 878 0.6679018989832508 0.6780535598724938 0.5050042719397436
3 879 1231 878 0.6679018989832508 0.6780535598724938 0.5050042719397436
3 1231 1271 1230 0.6679018989832508 0.6780535598724938 0.5050042719397436
3 1230 1271 1270 0.6679018989832508 0.6780535598724938 0.5050042719397436
3 1230 878 1231 0.6679018989832508 0.6780535598724938 0.5050042719397436
3 877 878 1230 0.6679018989832508 0.6780535598724938 0.5050042719397436
3 1419 1034 1418 0.6679018989832508 0.6780535598724938 0.5050042719397436
3 1417 1103 1418 0.6679018989832508 0.6780535598724938 0.5050042719397436
3 1790 1789 1277 0.6679018989832508 0.6780535598724938 0.5050042719397436
3 1277 1278 1790 0.6679018989832508 0.6780535598724938 0.5050042719397436
3 1790 1103 1789 0.6679018989832508 0.6780535598724938 0.5050042719397436
3 1239 1891 1892 0.6679018989832508 0.6780535598724938 0.5050042719397436
3 1890 1891 1239 0.6679018989832508 0.6780535598724938 0.5050042719397436
3 1035 1466 1034 0.6679018989832508 0.6780535598724938 0.5050042719397436
3 1035 1034 1419 0.6679018989832508 0.6780535598724938 0.5050042719397436
3 1419 1420 1035 0.6679018989832508 0.6780535598724938 0.5050042719397436
3 1277 1276 1236 0.6679018989832508 0.6780535598724938 0.5050042719397436
3 1276 1235 1236 0.6679018989832508 0.6780535598724938 0.5050042719397436
3 1237 1277 1236 0.6679018989832508 0.6780535598724938 0.5050042719397436
3 1236 1888 1237 0.6679018989832508 0.6780535598724938 0.5050042719397436
3 1887 1888 1236 0.6679018989832508 0.6780535598724938 0.5050042719397436
3 1236 1235 1887 0.6679018989832508 0.6780535598724938 0.5050042719397436
3 1022 427 1023 0.6679018989832508 0.6780535598724938 0.5050042719397436
3 1022 419 18 0.6679018989832508 0.6780535598724938 0.5050042719397436
3 1022 1023 419 0.6679018989832508 0.6780535598724938 0.5050042719397436
3 18 19 1022 0.6679018989832508 0.6780535598724938 0.5050042719397436
3 1457 422 1458 0.6679018989832508 0.6780535598724938 0.5050042719397436
3 1457 491 1456 0.6679018989832508 0.6780535598724938 0.5050042719397436
3 1456 421 1457 0.6679018989832508 0.6780535598724938 0.5050042719397436
3 421 422 1457 0.6679018989832508 0.6780535598724938 0.5050042719397436
3 432 1027 431 0.6679018989832508 0.6780535598724938 0.5050042719397436
3 431 1027 1026 0.6679018989832508 0.6780535598724938 0.5050042719397436
3 1412 1413 432 0.6679018989832508 0.6780535598724938 0.5050042719397436
3 432 431 1412 0.6679018989832508 0.6780535598724938 0.5050042719397436
3 1412 431 1411 0.6679018989832508 0.6780535598724938 0.5050042719397436
3 1098 1413 1412 0.6679018989832508 0.6780535598724938 0.5050042719397436
3 1412 1097 1098 0.6679018989832508 0.6780535598724938 0.5050042719397436
3 1412 1411 1097 0.6679018989832508 0.6780535598724938 0.5050042719397436
3 423 1027 424 0.6679018989832508 0.6780535598724938 0.5050042719397436
3 1458 422 423 0.6679018989832508 0.6780535598724938 0.5050042719397436
3 423 422 1026 0.6679018989832508 0.6780535598724938 0.5050042719397436
3 1026 1027 423 0.6679018989832508 0.6780535598724938 0.5050042719397436
3 550 1146 1147 0.6679018989832508 0.6780535598724938 0.5050042719397436
3 549 1146 550 0.6679018989832508 0.6780535598724938 0.5050042719397436
3 623 1595 624 0.6679018989832508 0.6780535598724938 0.5050042719397436
3 625 1127 624 0.6679018989832508 0.6780535598724938 0.5050042719397436
3 624 1126 623 0.6679018989832508 0.6780535598724938 0.5050042719397436
3 624 1127 1126 0.6679018989832508 0.6780535598724938 0.5050042719397436
3 1600 628 1599 0.6679018989832508 0.6780535598724938 0.5050042719397436
3 554 1599 1598 0.6679018989832508 0.6780535598724938 0.5050042719397436
3 556 1601 1600 0.6679018989832508 0.6780535598724938 0.5050042719397436
3 1602 1601 556 0.6679018989832508 0.6780535598724938 0.5050042719397436
3 556 1154 1602 0.6679018989832508 0.6780535598724938 0.5050042719397436
3 1147 560 561 0.6679018989832508 0.6780535598724938 0.5050042719397436
3 1552 1551 1120 0.6679018989832508 0.6780535598724938 0.5050042719397436
3 1553 1855 1552 0.6679018989832508 0.6780535598724938 0.5050042719397436
3 1552 1855 1854 0.6679018989832508 0.6780535598724938 0.5050042719397436
3 1854 1551 1552 0.6679018989832508 0.6780535598724938 0.5050042719397436
3 839 838 1751 0.6679018989832508 0.6780535598724938 0.5050042719397436
3 1559 1376 1377 0.6679018989832508 0.6780535598724938 0.5050042719397436
3 1559 1558 1376 0.6679018989832508 0.6780535598724938 0.5050042719397436
3 1256 1257 1760 0.6679018989832508 0.6780535598724938 0.5050042719397436
3 1255 1005 1256 0.6679018989832508 0.6780535598724938 0.5050042719397436
3 1249 1250 929 0.6679018989832508 0.6780535598724938 0.5050042719397436
3 1124 1123 1371 0.6679018989832508 0.6780535598724938 0.5050042719397436
3 1195 841 1755 0.6679018989832508 0.6780535598724938 0.5050042719397436
3 1755 841 1754 0.6679018989832508 0.6780535598724938 0.5050042719397436
3 1802 1900 1803 0.6679018989832508 0.6780535598724938 0.5050042719397436
3 1426 1425 1797 0.6679018989832508 0.6780535598724938 0.5050042719397436
3 1797 1427 1426 0.6679018989832508 0.6780535598724938 0.5050042719397436
3 1733 1855 1856 0.6679018989832508 0.6780535598724938 0.5050042719397436
3 1556 1373 1374 0.6679018989832508 0.6780535598724938 0.5050042719397436
3 1374 1557 1556 0.6679018989832508 0.6780535598724938 0.5050042719397436
3 1375 1557 1374 0.6679018989832508 0.6780535598724938 0.5050042719397436
3 1374 1200 1375 0.6679018989832508 0.6780535598724938 0.5050042719397436
3 1735 1858 1736 0.6679018989832508 0.6780535598724938 0.5050042719397436
3 1735 1857 1858 0.6679018989832508 0.6780535598724938 0.5050042719397436
3 1671 1672 1304 0.6679018989832508 0.6780535598724938 0.5050042719397436
3 1530 1672 1671 0.6679018989832508 0.6780535598724938 0.5050042719397436
3 1305 1672 1673 0.6679018989832508 0.6780535598724938 0.5050042719397436
3 1827 1828 1530 0.6679018989832508 0.6780535598724938 0.5050042719397436
3 1827 1826 1329 0.6679018989832508 0.6780535598724938 0.5050042719397436
3 1530 1828 1531 0.6679018989832508 0.6780535598724938 0.5050042719397436
3 1531 1672 1530 0.6679018989832508 0.6780535598724938 0.5050042719397436
3 1531 1673 1672 0.6679018989832508 0.6780535598724938 0.5050042719397436
3 1680 1898 1679 0.6679018989832508 0.6780535598724938 0.5050042719397436
3 1329 1826 1328 0.6679018989832508 0.6780535598724938 0.5050042719397436
3 1824 1527 1526 0.6679018989832508 0.6780535598724938 0.5050042719397436
3 1526 1823 1824 0.6679018989832508 0.6780535598724938 0.5050042719397436
3 1285 239 181 0.6679018989832508 0.6780535598724938 0.5050042719397436
3 181 1870 1285 0.6679018989832508 0.6780535598724938 0.5050042719397436
3 181 239 49 0.6679018989832508 0.6780535598724938 0.5050042719397436
3 49 1870 181 0.6679018989832508 0.6780535598724938 0.5050042719397436
3 200 1870 182 0.6679018989832508 0.6780535598724938 0.5050042719397436
3 182 795 200 0.6679018989832508 0.6780535598724938 0.5050042719397436
3 208 795 182 0.6679018989832508 0.6780535598724938 0.5050042719397436
3 182 1870 50 0.6679018989832508 0.6780535598724938 0.5050042719397436
3 182 50 51 0.6679018989832508 0.6780535598724938 0.5050042719397436
3 51 208 182 0.6679018989832508 0.6780535598724938 0.5050042719397436
3 179 325 209 0.6679018989832508 0.6780535598724938 0.5050042719397436
3 209 383 179 0.6679018989832508 0.6780535598724938 0.5050042719397436
3 47 325 179 0.6679018989832508 0.6780535598724938 0.5050042719397436
3 46 47 179 0.6679018989832508 0.6780535598724938 0.5050042719397436
3 179 383 46 0.6679018989832508 0.6780535598724938 0.5050042719397436
3 178 383 1871 0.6679018989832508 0.6780535598724938 0.5050042719397436
3 1871 240 178 0.6679018989832508 0.6780535598724938 0.5050042719397436
3 240 440 178 0.6679018989832508 0.6780535598724938 0.5050042719397436
3 178 440 45 0.6679018989832508 0.6780535598724938 0.5050042719397436
3 178 45 46 0.6679018989832508 0.6780535598724938 0.5050042719397436
3 46 383 178 0.6679018989832508 0.6780535598724938 0.5050042719397436
3 311 692 1775 0.6679018989832508 0.6780535598724938 0.5050042719397436
3 1775 317 311 0.6679018989832508 0.6780535598724938 0.5050042719397436
3 311 317 693 0.6679018989832508 0.6780535598724938 0.5050042719397436
3 960 1523 959 0.6679018989832508 0.6780535598724938 0.5050042719397436
3 1320 1693 1321 0.6679018989832508 0.6780535598724938 0.5050042719397436
3 1173 1691 1172 0.6679018989832508 0.6780535598724938 0.5050042719397436
3 1630 1631 1172 0.6679018989832508 0.6780535598724938 0.5050042719397436
3 1172 1631 1173 0.6679018989832508 0.6780535598724938 0.5050042719397436
3 1525 1524 960 0.6679018989832508 0.6780535598724938 0.5050042719397436
3 960 1821 1525 0.6679018989832508 0.6780535598724938 0.5050042719397436
3 1525 1821 1822 0.6679018989832508 0.6780535598724938 0.5050042719397436
3 1525 1822 1526 0.6679018989832508 0.6780535598724938 0.5050042719397436
3 1667 1524 1525 0.6679018989832508 0.6780535598724938 0.5050042719397436
3 1526 1668 1525 0.6679018989832508 0.6780535598724938 0.5050042719397436
3 1525 1668 1667 0.6679018989832508 0.6780535598724938 0.5050042719397436
3 1667 1300 1299 0.6679018989832508 0.6780535598724938 0.5050042719397436
3 1299 1666 1667 0.6679018989832508 0.6780535598724938 0.5050042719397436
3 1298 1666 1299 0.6679018989832508 0.6780535598724938 0.5050042719397436
3 1299 1300 1885 0.6679018989832508 0.6780535598724938 0.5050042719397436
3 1885 1884 1299 0.6679018989832508 0.6780535598724938 0.5050042719397436
3 1299 1884 1298 0.6679018989832508 0.6780535598724938 0.5050042719397436
3 776 638 639 0.6679018989832508 0.6780535598724938 0.5050042719397436
3 638 573 639 0.6679018989832508 0.6780535598724938 0.5050042719397436
3 777 776 639 0.6679018989832508 0.6780535598724938 0.5050042719397436
3 639 573 574 0.6679018989832508 0.6780535598724938 0.5050042719397436
3 640 778 777 0.6679018989832508 0.6780535598724938 0.5050042719397436
3 777 639 640 0.6679018989832508 0.6780535598724938 0.5050042719397436
3 640 639 574 0.6679018989832508 0.6780535598724938 0.5050042719397436
3 875 778 779 0.6679018989832508 0.6780535598724938 0.5050042719397436
3 1882 1883 781 0.6679018989832508 0.6780535598724938 0.5050042719397436
3 1882 1881 793 0.6679018989832508 0.6780535598724938 0.5050042719397436
3 793 1296 1882 0.6679018989832508 0.6780535598724938 0.5050042719397436
3 1298 1883 1297 0.6679018989832508 0.6780535598724938 0.5050042719397436
3 1883 1882 1297 0.6679018989832508 0.6780535598724938 0.5050042719397436
3 1297 1882 1296 0.6679018989832508 0.6780535598724938 0.5050042719397436
3 1295 1296 793 0.6679018989832508 0.6780535598724938 0.5050042719397436
3 386 1874 329 0.6679018989832508 0.6780535598724938 0.5050042719397436
3 329 443 386 0.6679018989832508 0.6780535598724938 0.5050042719397436
3 387 443 329 0.6679018989832508 0.6780535598724938 0.5050042719397436
3 313 695 307 0.6679018989832508 0.6780535598724938 0.5050042719397436
3 307 695 760 0.6679018989832508 0.6780535598724938 0.5050042719397436
3 295 23 1089 0.6679018989832508 0.6780535598724938 0.5050042719397436
3 1783 700 1782 0.6679018989832508 0.6780535598724938 0.5050042719397436
3 1782 863 1783 0.6679018989832508 0.6780535598724938 0.5050042719397436
3 699 1781 1782 0.6679018989832508 0.6780535598724938 0.5050042719397436
3 505 1269 861 0.6679018989832508 0.6780535598724938 0.5050042719397436
3 1268 1269 505 0.6679018989832508 0.6780535598724938 0.5050042719397436
3 861 860 505 0.6679018989832508 0.6780535598724938 0.5050042719397436
3 504 1268 505 0.6679018989832508 0.6780535598724938 0.5050042719397436
3 505 860 504 0.6679018989832508 0.6780535598724938 0.5050042719397436
3 1270 863 862 0.6679018989832508 0.6780535598724938 0.5050042719397436
3 862 1269 1270 0.6679018989832508 0.6780535598724938 0.5050042719397436
3 862 1782 1781 0.6679018989832508 0.6780535598724938 0.5050042719397436
3 863 1782 862 0.6679018989832508 0.6780535598724938 0.5050042719397436
3 862 1781 861 0.6679018989832508 0.6780535598724938 0.5050042719397436
3 861 1269 862 0.6679018989832508 0.6780535598724938 0.5050042719397436
3 1273 865 1272 0.6679018989832508 0.6780535598724938 0.5050042719397436
3 1272 1232 1273 0.6679018989832508 0.6780535598724938 0.5050042719397436
3 1272 865 864 0.6679018989832508 0.6780535598724938 0.5050042719397436
3 864 1271 1272 0.6679018989832508 0.6780535598724938 0.5050042719397436
3 1231 1232 1272 0.6679018989832508 0.6780535598724938 0.5050042719397436
3 1272 1271 1231 0.6679018989832508 0.6780535598724938 0.5050042719397436
3 1712 962 961 0.6679018989832508 0.6780535598724938 0.5050042719397436
3 115 1038 1712 0.6679018989832508 0.6780535598724938 0.5050042719397436
3 1038 1713 1712 0.6679018989832508 0.6780535598724938 0.5050042719397436
3 1713 962 1712 0.6679018989832508 0.6780535598724938 0.5050042719397436
3 1712 114 115 0.6679018989832508 0.6780535598724938 0.5050042719397436
3 1712 961 114 0.6679018989832508 0.6780535598724938 0.5050042719397436
3 1715 964 1714 0.6679018989832508 0.6780535598724938 0.5050042719397436
3 964 963 1714 0.6679018989832508 0.6780535598724938 0.5050042719397436
3 1714 1040 1715 0.6679018989832508 0.6780535598724938 0.5050042719397436
3 1714 963 1713 0.6679018989832508 0.6780535598724938 0.5050042719397436
3 1714 1039 1040 0.6679018989832508 0.6780535598724938 0.5050042719397436
3 1713 1039 1714 0.6679018989832508 0.6780535598724938 0.5050042719397436
3 1165 1623 222 0.6679018989832508 0.6780535598724938 0.5050042719397436
3 1683 221 1165 0.6679018989832508 0.6780535598724938 0.5050042719397436
3 221 1623 1165 0.6679018989832508 0.6780535598724938 0.5050042719397436
3 704 202 449 0.6679018989832508 0.6780535598724938 0.5050042719397436
3 202 1310 449 0.6679018989832508 0.6780535598724938 0.5050042719397436
3 901 902 941 0.6679018989832508 0.6780535598724938 0.5050042719397436
3 986 985 941 0.6679018989832508 0.6780535598724938 0.5050042719397436
3 1051 1725 1050 0.6679018989832508 0.6780535598724938 0.5050042719397436
3 989 1052 1051 0.6679018989832508 0.6780535598724938 0.5050042719397436
3 1051 988 989 0.6679018989832508 0.6780535598724938 0.5050042719397436
3 1050 988 1051 0.6679018989832508 0.6780535598724938 0.5050042719397436
3 970 971 1492 0.6679018989832508 0.6780535598724938 0.5050042719397436
3 970 1721 971 0.6679018989832508 0.6780535598724938 0.5050042719397436
3 1050 1049 987 0.6679018989832508 0.6780535598724938 0.5050042719397436
3 987 988 1050 0.6679018989832508 0.6780535598724938 0.5050042719397436
3 987 1049 986 0.6679018989832508 0.6780535598724938 0.5050042719397436
3 892 1493 1494 0.6679018989832508 0.6780535598724938 0.5050042719397436
3 891 1493 892 0.6679018989832508 0.6780535598724938 0.5050042719397436
3 1914 1343 1913 0.6679018989832508 0.6780535598724938 0.5050042719397436
3 1344 1343 1914 0.6679018989832508 0.6780535598724938 0.5050042719397436
3 1913 890 1914 0.6679018989832508 0.6780535598724938 0.5050042719397436
3 1914 890 891 0.6679018989832508 0.6780535598724938 0.5050042719397436
3 1345 1635 1344 0.6679018989832508 0.6780535598724938 0.5050042719397436
3 1047 985 1048 0.6679018989832508 0.6780535598724938 0.5050042719397436
3 1047 1048 1722 0.6679018989832508 0.6780535598724938 0.5050042719397436
3 1722 1721 1047 0.6679018989832508 0.6780535598724938 0.5050042719397436
3 984 985 1047 0.6679018989832508 0.6780535598724938 0.5050042719397436
3 885 1908 884 0.6679018989832508 0.6780535598724938 0.5050042719397436
3 884 1486 885 0.6679018989832508 0.6780535598724938 0.5050042719397436
3 885 1486 1487 0.6679018989832508 0.6780535598724938 0.5050042719397436
3 885 1487 886 0.6679018989832508 0.6780535598724938 0.5050042719397436
3 885 886 1909 0.6679018989832508 0.6780535598724938 0.5050042719397436
3 1909 1908 885 0.6679018989832508 0.6780535598724938 0.5050042719397436
3 1488 1487 966 0.6679018989832508 0.6780535598724938 0.5050042719397436
3 886 1487 1488 0.6679018989832508 0.6780535598724938 0.5050042719397436
3 1488 887 886 0.6679018989832508 0.6780535598724938 0.5050042719397436
3 1488 1489 887 0.6679018989832508 0.6780535598724938 0.5050042719397436
3 984 939 940 0.6679018989832508 0.6780535598724938 0.5050042719397436
3 901 941 940 0.6679018989832508 0.6780535598724938 0.5050042719397436
3 940 985 984 0.6679018989832508 0.6780535598724938 0.5050042719397436
3 940 941 985 0.6679018989832508 0.6780535598724938 0.5050042719397436
3 969 1490 968 0.6679018989832508 0.6780535598724938 0.5050042719397436
3 968 1490 1489 0.6679018989832508 0.6780535598724938 0.5050042719397436
3 966 1716 1717 0.6679018989832508 0.6780535598724938 0.5050042719397436
3 1716 1042 1717 0.6679018989832508 0.6780535598724938 0.5050042719397436
3 979 935 980 0.6679018989832508 0.6780535598724938 0.5050042719397436
3 980 1042 979 0.6679018989832508 0.6780535598724938 0.5050042719397436
3 313 307 694 0.6679018989832508 0.6780535598724938 0.5050042719397436
3 694 307 759 0.6679018989832508 0.6780535598724938 0.5050042719397436
3 759 306 694 0.6679018989832508 0.6780535598724938 0.5050042719397436
3 693 317 1776 0.6679018989832508 0.6780535598724938 0.5050042719397436
3 857 318 1776 0.6679018989832508 0.6780535598724938 0.5050042719397436
3 856 857 1776 0.6679018989832508 0.6780535598724938 0.5050042719397436
3 1776 317 856 0.6679018989832508 0.6780535598724938 0.5050042719397436
3 237 773 869 0.6679018989832508 0.6780535598724938 0.5050042719397436
3 869 321 237 0.6679018989832508 0.6780535598724938 0.5050042719397436
3 635 773 237 0.6679018989832508 0.6780535598724938 0.5050042719397436
3 237 772 635 0.6679018989832508 0.6780535598724938 0.5050042719397436
3 321 868 237 0.6679018989832508 0.6780535598724938 0.5050042719397436
3 868 772 237 0.6679018989832508 0.6780535598724938 0.5050042719397436
3 207 569 635 0.6679018989832508 0.6780535598724938 0.5050042719397436
3 635 772 207 0.6679018989832508 0.6780535598724938 0.5050042719397436
3 634 569 207 0.6679018989832508 0.6780535598724938 0.5050042719397436
3 236 634 207 0.6679018989832508 0.6780535598724938 0.5050042719397436
3 207 868 236 0.6679018989832508 0.6780535598724938 0.5050042719397436
3 207 772 868 0.6679018989832508 0.6780535598724938 0.5050042719397436
3 1264 1265 501 0.6679018989832508 0.6780535598724938 0.5050042719397436
3 1264 437 1265 0.6679018989832508 0.6780535598724938 0.5050042719397436
3 436 437 1264 0.6679018989832508 0.6780535598724938 0.5050042719397436
3 501 500 1264 0.6679018989832508 0.6780535598724938 0.5050042719397436
3 1264 500 1263 0.6679018989832508 0.6780535598724938 0.5050042719397436
3 1263 436 1264 0.6679018989832508 0.6780535598724938 0.5050042719397436
3 438 1266 1265 0.6679018989832508 0.6780535598724938 0.5050042719397436
3 438 437 382 0.6679018989832508 0.6780535598724938 0.5050042719397436
3 1265 437 438 0.6679018989832508 0.6780535598724938 0.5050042719397436
3 502 858 857 0.6679018989832508 0.6780535598724938 0.5050042719397436
3 502 857 501 0.6679018989832508 0.6780535598724938 0.5050042719397436
3 501 1265 502 0.6679018989832508 0.6780535598724938 0.5050042719397436
3 1265 1266 502 0.6679018989832508 0.6780535598724938 0.5050042719397436
3 502 1266 503 0.6679018989832508 0.6780535598724938 0.5050042719397436
3 503 858 502 0.6679018989832508 0.6780535598724938 0.5050042719397436
3 319 695 313 0.6679018989832508 0.6780535598724938 0.5050042719397436
3 1778 695 319 0.6679018989832508 0.6780535598724938 0.5050042719397436
3 319 859 1778 0.6679018989832508 0.6780535598724938 0.5050042719397436
3 319 858 859 0.6679018989832508 0.6780535598724938 0.5050042719397436
3 1777 318 857 0.6679018989832508 0.6780535598724938 0.5050042719397436
3 857 858 1777 0.6679018989832508 0.6780535598724938 0.5050042719397436
3 858 319 1777 0.6679018989832508 0.6780535598724938 0.5050042719397436
3 1777 319 313 0.6679018989832508 0.6780535598724938 0.5050042719397436
3 313 694 1777 0.6679018989832508 0.6780535598724938 0.5050042719397436
3 1777 694 318 0.6679018989832508 0.6780535598724938 0.5050042719397436
3 1227 875 1228 0.6679018989832508 0.6780535598724938 0.5050042719397436
3 1227 874 875 0.6679018989832508 0.6780535598724938 0.5050042719397436
3 1228 1268 1227 0.6679018989832508 0.6780535598724938 0.5050042719397436
3 872 775 776 0.6679018989832508 0.6780535598724938 0.5050042719397436
3 872 871 775 0.6679018989832508 0.6780535598724938 0.5050042719397436
3 872 324 871 0.6679018989832508 0.6780535598724938 0.5050042719397436
3 872 1225 1224 0.6679018989832508 0.6780535598724938 0.5050042719397436
3 1224 324 872 0.6679018989832508 0.6780535598724938 0.5050042719397436
3 776 873 872 0.6679018989832508 0.6780535598724938 0.5050042719397436
3 873 1225 872 0.6679018989832508 0.6780535598724938 0.5050042719397436
3 289 363 410 0.6679018989832508 0.6780535598724938 0.5050042719397436
3 410 362 289 0.6679018989832508 0.6780535598724938 0.5050042719397436
3 1567 363 289 0.6679018989832508 0.6780535598724938 0.5050042719397436
3 289 362 1566 0.6679018989832508 0.6780535598724938 0.5050042719397436
3 1566 230 289 0.6679018989832508 0.6780535598724938 0.5050042719397436
3 289 230 1567 0.6679018989832508 0.6780535598724938 0.5050042719397436
3 1188 836 1189 0.6679018989832508 0.6780535598724938 0.5050042719397436
3 754 1188 1189 0.6679018989832508 0.6780535598724938 0.5050042719397436
3 1189 755 754 0.6679018989832508 0.6780535598724938 0.5050042719397436
3 681 1062 1063 0.6679018989832508 0.6780535598724938 0.5050042719397436
3 850 851 1063 0.6679018989832508 0.6780535598724938 0.5050042719397436
3 1063 1062 850 0.6679018989832508 0.6780535598724938 0.5050042719397436
3 489 690 689 0.6679018989832508 0.6780535598724938 0.5050042719397436
3 1437 688 689 0.6679018989832508 0.6780535598724938 0.5050042719397436
3 1438 1437 689 0.6679018989832508 0.6780535598724938 0.5050042719397436
3 689 690 1438 0.6679018989832508 0.6780535598724938 0.5050042719397436
3 294 844 845 0.6679018989832508 0.6780535598724938 0.5050042719397436
3 844 415 845 0.6679018989832508 0.6780535598724938 0.5050042719397436
3 845 1058 294 0.6679018989832508 0.6780535598724938 0.5050042719397436
3 481 528 412 0.6679018989832508 0.6780535598724938 0.5050042719397436
3 481 529 528 0.6679018989832508 0.6780535598724938 0.5050042719397436
3 412 1570 481 0.6679018989832508 0.6780535598724938 0.5050042719397436
3 1575 1002 1574 0.6679018989832508 0.6780535598724938 0.5050042719397436
3 1574 681 1575 0.6679018989832508 0.6780535598724938 0.5050042719397436
3 680 681 1574 0.6679018989832508 0.6780535598724938 0.5050042719397436
3 1574 1573 680 0.6679018989832508 0.6780535598724938 0.5050042719397436
3 999 529 1572 0.6679018989832508 0.6780535598724938 0.5050042719397436
3 1572 1000 999 0.6679018989832508 0.6780535598724938 0.5050042719397436
3 1573 1000 1572 0.6679018989832508 0.6780535598724938 0.5050042719397436
3 1244 473 1245 0.6679018989832508 0.6780535598724938 0.5050042719397436
3 1244 405 1243 0.6679018989832508 0.6780535598724938 0.5050042719397436
3 995 471 994 0.6679018989832508 0.6780535598724938 0.5050042719397436
3 994 526 995 0.6679018989832508 0.6780535598724938 0.5050042719397436
3 527 996 995 0.6679018989832508 0.6780535598724938 0.5050042719397436
3 995 526 527 0.6679018989832508 0.6780535598724938 0.5050042719397436
3 924 405 406 0.6679018989832508 0.6780535598724938 0.5050042719397436
3 406 925 924 0.6679018989832508 0.6780535598724938 0.5050042719397436
3 406 1244 1245 0.6679018989832508 0.6780535598724938 0.5050042719397436
3 405 1244 406 0.6679018989832508 0.6780535598724938 0.5050042719397436
3 1245 1246 406 0.6679018989832508 0.6780535598724938 0.5050042719397436
3 1246 925 406 0.6679018989832508 0.6780535598724938 0.5050042719397436
3 1064 1063 851 0.6679018989832508 0.6780535598724938 0.5050042719397436
3 1064 1576 1575 0.6679018989832508 0.6780535598724938 0.5050042719397436
3 1575 681 1064 0.6679018989832508 0.6780535598724938 0.5050042719397436
3 681 1063 1064 0.6679018989832508 0.6780535598724938 0.5050042719397436
3 1439 851 1438 0.6679018989832508 0.6780535598724938 0.5050042719397436
3 691 1440 1439 0.6679018989832508 0.6780535598724938 0.5050042719397436
3 1438 690 1439 0.6679018989832508 0.6780535598724938 0.5050042719397436
3 1439 690 691 0.6679018989832508 0.6780535598724938 0.5050042719397436
3 1250 1000 1001 0.6679018989832508 0.6780535598724938 0.5050042719397436
3 1002 1251 1001 0.6679018989832508 0.6780535598724938 0.5050042719397436
3 1251 1250 1001 0.6679018989832508 0.6780535598724938 0.5050042719397436
3 1001 1574 1002 0.6679018989832508 0.6780535598724938 0.5050042719397436
3 1001 1000 1573 0.6679018989832508 0.6780535598724938 0.5050042719397436
3 1573 1574 1001 0.6679018989832508 0.6780535598724938 0.5050042719397436
3 1158 1605 1157 0.6679018989832508 0.6780535598724938 0.5050042719397436
3 1158 1157 1470 0.6679018989832508 0.6780535598724938 0.5050042719397436
3 1603 631 1602 0.6679018989832508 0.6780535598724938 0.5050042719397436
3 1602 1155 1603 0.6679018989832508 0.6780535598724938 0.5050042719397436
3 1155 1156 1603 0.6679018989832508 0.6780535598724938 0.5050042719397436
3 606 1383 1384 0.6679018989832508 0.6780535598724938 0.5050042719397436
3 1385 607 1384 0.6679018989832508 0.6780535598724938 0.5050042719397436
3 1384 607 606 0.6679018989832508 0.6780535598724938 0.5050042719397436
3 743 1362 1363 0.6679018989832508 0.6780535598724938 0.5050042719397436
3 1363 1362 753 0.6679018989832508 0.6780535598724938 0.5050042719397436
3 1363 753 754 0.6679018989832508 0.6780535598724938 0.5050042719397436
3 754 1364 1363 0.6679018989832508 0.6780535598724938 0.5050042719397436
3 744 745 1116 0.6679018989832508 0.6780535598724938 0.5050042719397436
3 744 1364 745 0.6679018989832508 0.6780535598724938 0.5050042719397436
3 744 1363 1364 0.6679018989832508 0.6780535598724938 0.5050042719397436
3 744 1116 1115 0.6679018989832508 0.6780535598724938 0.5050042719397436
3 744 1115 743 0.6679018989832508 0.6780535598724938 0.5050042719397436
3 743 1363 744 0.6679018989832508 0.6780535598724938 0.5050042719397436
3 733 1546 1545 0.6679018989832508 0.6780535598724938 0.5050042719397436
3 1545 732 733 0.6679018989832508 0.6780535598724938 0.5050042719397436
3 732 1114 733 0.6679018989832508 0.6780535598724938 0.5050042719397436
3 733 1114 1115 0.6679018989832508 0.6780535598724938 0.5050042719397436
3 734 1116 735 0.6679018989832508 0.6780535598724938 0.5050042719397436
3 735 1547 734 0.6679018989832508 0.6780535598724938 0.5050042719397436
3 1115 1116 734 0.6679018989832508 0.6780535598724938 0.5050042719397436
3 734 1547 1546 0.6679018989832508 0.6780535598724938 0.5050042719397436
3 734 733 1115 0.6679018989832508 0.6780535598724938 0.5050042719397436
3 1546 733 734 0.6679018989832508 0.6780535598724938 0.5050042719397436
3 900 721 901 0.6679018989832508 0.6780535598724938 0.5050042719397436
3 901 940 900 0.6679018989832508 0.6780535598724938 0.5050042719397436
3 900 940 939 0.6679018989832508 0.6780535598724938 0.5050042719397436
3 900 939 899 0.6679018989832508 0.6780535598724938 0.5050042719397436
3 899 720 900 0.6679018989832508 0.6780535598724938 0.5050042719397436
3 720 721 900 0.6679018989832508 0.6780535598724938 0.5050042719397436
3 901 721 722 0.6679018989832508 0.6780535598724938 0.5050042719397436
3 722 902 901 0.6679018989832508 0.6780535598724938 0.5050042719397436
3 659 721 658 0.6679018989832508 0.6780535598724938 0.5050042719397436
3 658 590 659 0.6679018989832508 0.6780535598724938 0.5050042719397436
3 590 591 659 0.6679018989832508 0.6780535598724938 0.5050042719397436
3 659 591 660 0.6679018989832508 0.6780535598724938 0.5050042719397436
3 660 722 659 0.6679018989832508 0.6780535598724938 0.5050042719397436
3 659 722 721 0.6679018989832508 0.6780535598724938 0.5050042719397436
3 724 903 723 0.6679018989832508 0.6780535598724938 0.5050042719397436
3 903 902 723 0.6679018989832508 0.6780535598724938 0.5050042719397436
3 723 661 724 0.6679018989832508 0.6780535598724938 0.5050042719397436
3 902 722 723 0.6679018989832508 0.6780535598724938 0.5050042719397436
3 660 661 723 0.6679018989832508 0.6780535598724938 0.5050042719397436
3 723 722 660 0.6679018989832508 0.6780535598724938 0.5050042719397436
3 717 897 896 0.6679018989832508 0.6780535598724938 0.5050042719397436
3 935 895 896 0.6679018989832508 0.6780535598724938 0.5050042719397436
3 896 716 717 0.6679018989832508 0.6780535598724938 0.5050042719397436
3 896 895 716 0.6679018989832508 0.6780535598724938 0.5050042719397436
3 980 935 936 0.6679018989832508 0.6780535598724938 0.5050042719397436
3 935 896 936 0.6679018989832508 0.6780535598724938 0.5050042719397436
3 936 896 897 0.6679018989832508 0.6780535598724938 0.5050042719397436
3 899 939 938 0.6679018989832508 0.6780535598724938 0.5050042719397436
3 719 720 899 0.6679018989832508 0.6780535598724938 0.5050042719397436
3 719 657 720 0.6679018989832508 0.6780535598724938 0.5050042719397436
3 719 718 656 0.6679018989832508 0.6780535598724938 0.5050042719397436
3 656 657 719 0.6679018989832508 0.6780535598724938 0.5050042719397436
3 934 895 935 0.6679018989832508 0.6780535598724938 0.5050042719397436
3 935 979 934 0.6679018989832508 0.6780535598724938 0.5050042719397436
3 934 979 978 0.6679018989832508 0.6780535598724938 0.5050042719397436
3 934 978 933 0.6679018989832508 0.6780535598724938 0.5050042719397436
3 933 894 934 0.6679018989832508 0.6780535598724938 0.5050042719397436
3 894 895 934 0.6679018989832508 0.6780535598724938 0.5050042719397436
3 586 587 655 0.6679018989832508 0.6780535598724938 0.5050042719397436
3 655 654 586 0.6679018989832508 0.6780535598724938 0.5050042719397436
3 717 654 655 0.6679018989832508 0.6780535598724938 0.5050042719397436
3 655 587 656 0.6679018989832508 0.6780535598724938 0.5050042719397436
3 655 718 717 0.6679018989832508 0.6780535598724938 0.5050042719397436
3 656 718 655 0.6679018989832508 0.6780535598724938 0.5050042719397436
3 1360 751 1361 0.6679018989832508 0.6780535598724938 0.5050042719397436
3 1360 1361 741 0.6679018989832508 0.6780535598724938 0.5050042719397436
3 741 740 1360 0.6679018989832508 0.6780535598724938 0.5050042719397436
3 1360 1359 282 0.6679018989832508 0.6780535598724938 0.5050042719397436
3 740 1359 1360 0.6679018989832508 0.6780535598724938 0.5050042719397436
3 750 282 285 0.6679018989832508 0.6780535598724938 0.5050042719397436
3 285 286 750 0.6679018989832508 0.6780535598724938 0.5050042719397436
3 750 1360 282 0.6679018989832508 0.6780535598724938 0.5050042719397436
3 750 286 751 0.6679018989832508 0.6780535598724938 0.5050042719397436
3 751 1360 750 0.6679018989832508 0.6780535598724938 0.5050042719397436
3 352 1185 1184 0.6679018989832508 0.6780535598724938 0.5050042719397436
3 1185 286 1184 0.6679018989832508 0.6780535598724938 0.5050042719397436
3 1184 286 285 0.6679018989832508 0.6780535598724938 0.5050042719397436
3 351 352 1184 0.6679018989832508 0.6780535598724938 0.5050042719397436
3 1184 1183 351 0.6679018989832508 0.6780535598724938 0.5050042719397436
3 285 1183 1184 0.6679018989832508 0.6780535598724938 0.5050042719397436
3 748 284 281 0.6679018989832508 0.6780535598724938 0.5050042719397436
3 281 1358 748 0.6679018989832508 0.6780535598724938 0.5050042719397436
3 283 284 748 0.6679018989832508 0.6780535598724938 0.5050042719397436
3 738 273 276 0.6679018989832508 0.6780535598724938 0.5050042719397436
3 1110 273 738 0.6679018989832508 0.6780535598724938 0.5050042719397436
3 738 274 1110 0.6679018989832508 0.6780535598724938 0.5050042719397436
3 277 274 738 0.6679018989832508 0.6780535598724938 0.5050042719397436
3 271 145 736 0.6679018989832508 0.6780535598724938 0.5050042719397436
3 268 1107 271 0.6679018989832508 0.6780535598724938 0.5050042719397436
3 271 1107 144 0.6679018989832508 0.6780535598724938 0.5050042719397436
3 144 145 271 0.6679018989832508 0.6780535598724938 0.5050042719397436
3 271 1108 268 0.6679018989832508 0.6780535598724938 0.5050042719397436
3 271 736 1108 0.6679018989832508 0.6780535598724938 0.5050042719397436
3 226 136 137 0.6679018989832508 0.6780535598724938 0.5050042719397436
3 137 138 226 0.6679018989832508 0.6780535598724938 0.5050042719397436
3 344 911 910 0.6679018989832508 0.6780535598724938 0.5050042719397436
3 910 911 393 0.6679018989832508 0.6780535598724938 0.5050042719397436
3 910 909 344 0.6679018989832508 0.6780535598724938 0.5050042719397436
3 392 909 910 0.6679018989832508 0.6780535598724938 0.5050042719397436
3 910 393 392 0.6679018989832508 0.6780535598724938 0.5050042719397436
3 260 594 516 0.6679018989832508 0.6780535598724938 0.5050042719397436
3 260 663 255 0.6679018989832508 0.6780535598724938 0.5050042719397436
3 255 594 260 0.6679018989832508 0.6780535598724938 0.5050042719397436
3 818 340 126 0.6679018989832508 0.6780535598724938 0.5050042719397436
3 818 127 255 0.6679018989832508 0.6780535598724938 0.5050042719397436
3 818 126 127 0.6679018989832508 0.6780535598724938 0.5050042719397436
3 255 663 818 0.6679018989832508 0.6780535598724938 0.5050042719397436
3 341 389 906 0.6679018989832508 0.6780535598724938 0.5050042719397436
3 596 464 518 0.6679018989832508 0.6780535598724938 0.5050042719397436
3 517 464 596 0.6679018989832508 0.6780535598724938 0.5050042719397436
3 224 259 515 0.6679018989832508 0.6780535598724938 0.5050042719397436
3 224 662 259 0.6679018989832508 0.6780535598724938 0.5050042719397436
3 224 594 662 0.6679018989832508 0.6780535598724938 0.5050042719397436
3 1538 463 228 0.6679018989832508 0.6780535598724938 0.5050042719397436
3 228 346 1538 0.6679018989832508 0.6780535598724938 0.5050042719397436
3 228 463 516 0.6679018989832508 0.6780535598724938 0.5050042719397436
3 516 594 228 0.6679018989832508 0.6780535598724938 0.5050042719397436
3 594 224 228 0.6679018989832508 0.6780535598724938 0.5050042719397436
3 1537 263 462 0.6679018989832508 0.6780535598724938 0.5050042719397436
3 263 346 462 0.6679018989832508 0.6780535598724938 0.5050042719397436
3 462 227 1537 0.6679018989832508 0.6780535598724938 0.5050042719397436
3 515 227 462 0.6679018989832508 0.6780535598724938 0.5050042719397436
3 462 224 515 0.6679018989832508 0.6780535598724938 0.5050042719397436
3 346 228 462 0.6679018989832508 0.6780535598724938 0.5050042719397436
3 462 228 224 0.6679018989832508 0.6780535598724938 0.5050042719397436
3 268 1539 726 0.6679018989832508 0.6780535598724938 0.5050042719397436
3 726 1107 268 0.6679018989832508 0.6780535598724938 0.5050042719397436
3 726 264 1107 0.6679018989832508 0.6780535598724938 0.5050042719397436
3 463 264 347 0.6679018989832508 0.6780535598724938 0.5050042719397436
3 517 463 347 0.6679018989832508 0.6780535598724938 0.5050042719397436
3 347 726 1539 0.6679018989832508 0.6780535598724938 0.5050042719397436
3 264 726 347 0.6679018989832508 0.6780535598724938 0.5050042719397436
3 1539 464 347 0.6679018989832508 0.6780535598724938 0.5050042719397436
3 347 464 517 0.6679018989832508 0.6780535598724938 0.5050042719397436
3 267 725 143 0.6679018989832508 0.6780535598724938 0.5050042719397436
3 144 1107 143 0.6679018989832508 0.6780535598724938 0.5050042719397436
3 143 1107 267 0.6679018989832508 0.6780535598724938 0.5050042719397436
3 140 141 1537 0.6679018989832508 0.6780535598724938 0.5050042719397436
3 1537 345 140 0.6679018989832508 0.6780535598724938 0.5050042719397436
3 140 345 139 0.6679018989832508 0.6780535598724938 0.5050042719397436
3 1205 687 686 0.6679018989832508 0.6780535598724938 0.5050042719397436
3 1206 687 1205 0.6679018989832508 0.6780535598724938 0.5050042719397436
3 542 1939 541 0.6679018989832508 0.6780535598724938 0.5050042719397436
3 1072 1073 541 0.6679018989832508 0.6780535598724938 0.5050042719397436
3 541 1073 542 0.6679018989832508 0.6780535598724938 0.5050042719397436
3 1938 532 1937 0.6679018989832508 0.6780535598724938 0.5050042719397436
3 1938 541 1939 0.6679018989832508 0.6780535598724938 0.5050042719397436
3 533 532 1938 0.6679018989832508 0.6780535598724938 0.5050042719397436
3 1938 1939 533 0.6679018989832508 0.6780535598724938 0.5050042719397436
3 1940 542 543 0.6679018989832508 0.6780535598724938 0.5050042719397436
3 1940 1939 542 0.6679018989832508 0.6780535598724938 0.5050042719397436
3 488 1012 489 0.6679018989832508 0.6780535598724938 0.5050042719397436
3 488 688 1206 0.6679018989832508 0.6780535598724938 0.5050042719397436
3 1206 1011 488 0.6679018989832508 0.6780535598724938 0.5050042719397436
3 488 1011 1012 0.6679018989832508 0.6780535598724938 0.5050042719397436
3 489 689 488 0.6679018989832508 0.6780535598724938 0.5050042719397436
3 488 689 688 0.6679018989832508 0.6780535598724938 0.5050042719397436
3 536 1012 535 0.6679018989832508 0.6780535598724938 0.5050042719397436
3 535 1011 534 0.6679018989832508 0.6780535598724938 0.5050042719397436
3 534 1940 535 0.6679018989832508 0.6780535598724938 0.5050042719397436
3 533 1939 534 0.6679018989832508 0.6780535598724938 0.5050042719397436
3 1939 1940 534 0.6679018989832508 0.6780535598724938 0.5050042719397436
3 766 1096 765 0.6679018989832508 0.6780535598724938 0.5050042719397436
3 765 700 766 0.6679018989832508 0.6780535598724938 0.5050042719397436
3 699 1782 765 0.6679018989832508 0.6780535598724938 0.5050042719397436
3 765 1782 700 0.6679018989832508 0.6780535598724938 0.5050042719397436
3 304 698 763 0.6679018989832508 0.6780535598724938 0.5050042719397436
3 1303 1302 1670 0.6679018989832508 0.6780535598724938 0.5050042719397436
3 1670 1671 1303 0.6679018989832508 0.6780535598724938 0.5050042719397436
3 1303 1671 1304 0.6679018989832508 0.6780535598724938 0.5050042719397436
3 1303 1304 1889 0.6679018989832508 0.6780535598724938 0.5050042719397436
3 1889 1888 1303 0.6679018989832508 0.6780535598724938 0.5050042719397436
3 1888 1302 1303 0.6679018989832508 0.6780535598724938 0.5050042719397436
3 1301 1668 1669 0.6679018989832508 0.6780535598724938 0.5050042719397436
3 1669 1302 1301 0.6679018989832508 0.6780535598724938 0.5050042719397436
3 1670 1302 1669 0.6679018989832508 0.6780535598724938 0.5050042719397436
3 1669 1668 1527 0.6679018989832508 0.6780535598724938 0.5050042719397436
3 1669 1528 1670 0.6679018989832508 0.6780535598724938 0.5050042719397436
3 1527 1528 1669 0.6679018989832508 0.6780535598724938 0.5050042719397436
3 1270 1269 1229 0.6679018989832508 0.6780535598724938 0.5050042719397436
3 1229 1230 1270 0.6679018989832508 0.6780535598724938 0.5050042719397436
3 1229 1269 1228 0.6679018989832508 0.6780535598724938 0.5050042719397436
3 877 1230 1229 0.6679018989832508 0.6780535598724938 0.5050042719397436
3 1033 1418 1034 0.6679018989832508 0.6780535598724938 0.5050042719397436
3 1464 1032 1033 0.6679018989832508 0.6780535598724938 0.5050042719397436
3 1033 1032 1417 0.6679018989832508 0.6780535598724938 0.5050042719397436
3 1417 1418 1033 0.6679018989832508 0.6780535598724938 0.5050042719397436
3 1159 1472 1160 0.6679018989832508 0.6780535598724938 0.5050042719397436
3 1161 1608 1160 0.6679018989832508 0.6780535598724938 0.5050042719397436
3 1161 1610 1609 0.6679018989832508 0.6780535598724938 0.5050042719397436
3 1609 1608 1161 0.6679018989832508 0.6780535598724938 0.5050042719397436
3 1610 1141 1609 0.6679018989832508 0.6780535598724938 0.5050042719397436
3 1606 1158 1159 0.6679018989832508 0.6780535598724938 0.5050042719397436
3 1605 1158 1606 0.6679018989832508 0.6780535598724938 0.5050042719397436
3 1606 1137 1605 0.6679018989832508 0.6780535598724938 0.5050042719397436
3 1791 1790 1278 0.6679018989832508 0.6780535598724938 0.5050042719397436
3 1792 1105 1791 0.6679018989832508 0.6780535598724938 0.5050042719397436
3 1896 1799 1798 0.6679018989832508 0.6780535598724938 0.5050042719397436
3 1798 1283 1896 0.6679018989832508 0.6780535598724938 0.5050042719397436
3 1797 1283 1798 0.6679018989832508 0.6780535598724938 0.5050042719397436
3 1798 1427 1797 0.6679018989832508 0.6780535598724938 0.5050042719397436
3 1896 1283 1895 0.6679018989832508 0.6780535598724938 0.5050042719397436
3 1895 1677 1896 0.6679018989832508 0.6780535598724938 0.5050042719397436
3 1893 1283 1282 0.6679018989832508 0.6780535598724938 0.5050042719397436
3 1893 1239 1892 0.6679018989832508 0.6780535598724938 0.5050042719397436
3 1282 1239 1893 0.6679018989832508 0.6780535598724938 0.5050042719397436
3 1893 1892 1307 0.6679018989832508 0.6780535598724938 0.5050042719397436
3 1282 1283 1795 0.6679018989832508 0.6780535598724938 0.5050042719397436
3 1036 1035 1420 0.6679018989832508 0.6780535598724938 0.5050042719397436
3 1890 1239 1238 0.6679018989832508 0.6780535598724938 0.5050042719397436
3 1237 1889 1238 0.6679018989832508 0.6780535598724938 0.5050042719397436
3 1889 1890 1238 0.6679018989832508 0.6780535598724938 0.5050042719397436
3 1238 1278 1237 0.6679018989832508 0.6780535598724938 0.5050042719397436
3 1466 1035 1467 0.6679018989832508 0.6780535598724938 0.5050042719397436
3 1467 1036 1468 0.6679018989832508 0.6780535598724938 0.5050042719397436
3 1035 1036 1467 0.6679018989832508 0.6780535598724938 0.5050042719397436
3 1468 1155 1467 0.6679018989832508 0.6780535598724938 0.5050042719397436
3 1155 1154 1467 0.6679018989832508 0.6780535598724938 0.5050042719397436
3 429 1024 428 0.6679018989832508 0.6780535598724938 0.5050042719397436
3 428 1024 1023 0.6679018989832508 0.6780535598724938 0.5050042719397436
3 1023 427 428 0.6679018989832508 0.6780535598724938 0.5050042719397436
3 1410 369 376 0.6679018989832508 0.6780535598724938 0.5050042719397436
3 376 1096 1410 0.6679018989832508 0.6780535598724938 0.5050042719397436
3 430 1026 1025 0.6679018989832508 0.6780535598724938 0.5050042719397436
3 430 431 1026 0.6679018989832508 0.6780535598724938 0.5050042719397436
3 1025 429 430 0.6679018989832508 0.6780535598724938 0.5050042719397436
3 429 369 430 0.6679018989832508 0.6780535598724938 0.5050042719397436
3 1459 493 1458 0.6679018989832508 0.6780535598724938 0.5050042719397436
3 1458 423 1459 0.6679018989832508 0.6780535598724938 0.5050042719397436
3 1459 423 424 0.6679018989832508 0.6780535598724938 0.5050042719397436
3 424 1460 1459 0.6679018989832508 0.6780535598724938 0.5050042719397436
3 558 1144 557 0.6679018989832508 0.6780535598724938 0.5050042719397436
3 558 1145 1144 0.6679018989832508 0.6780535598724938 0.5050042719397436
3 557 491 558 0.6679018989832508 0.6780535598724938 0.5050042719397436
3 551 550 1147 0.6679018989832508 0.6780535598724938 0.5050042719397436
3 1595 550 551 0.6679018989832508 0.6780535598724938 0.5050042719397436
3 1594 550 1595 0.6679018989832508 0.6780535598724938 0.5050042719397436
3 1594 1595 623 0.6679018989832508 0.6780535598724938 0.5050042719397436
3 1594 1593 549 0.6679018989832508 0.6780535598724938 0.5050042719397436
3 549 550 1594 0.6679018989832508 0.6780535598724938 0.5050042719397436
3 623 622 1594 0.6679018989832508 0.6780535598724938 0.5050042719397436
3 622 1593 1594 0.6679018989832508 0.6780535598724938 0.5050042719397436
3 1151 554 1150 0.6679018989832508 0.6780535598724938 0.5050042719397436
3 1150 564 1151 0.6679018989832508 0.6780535598724938 0.5050042719397436
3 1029 1414 1030 0.6679018989832508 0.6780535598724938 0.5050042719397436
3 1030 1414 1415 0.6679018989832508 0.6780535598724938 0.5050042719397436
3 1463 1032 1464 0.6679018989832508 0.6780535598724938 0.5050042719397436
3 563 1150 1149 0.6679018989832508 0.6780535598724938 0.5050042719397436
3 564 1150 563 0.6679018989832508 0.6780535598724938 0.5050042719397436
3 425 1460 424 0.6679018989832508 0.6780535598724938 0.5050042719397436
3 425 1028 1029 0.6679018989832508 0.6780535598724938 0.5050042719397436
3 424 1028 425 0.6679018989832508 0.6780535598724938 0.5050042719397436
3 1029 1030 425 0.6679018989832508 0.6780535598724938 0.5050042719397436
3 1461 1462 496 0.6679018989832508 0.6780535598724938 0.5050042719397436
3 1460 425 1461 0.6679018989832508 0.6780535598724938 0.5050042719397436
3 1461 1030 1462 0.6679018989832508 0.6780535598724938 0.5050042719397436
3 1461 425 1030 0.6679018989832508 0.6780535598724938 0.5050042719397436
3 562 563 1149 0.6679018989832508 0.6780535598724938 0.5050042719397436
3 496 563 562 0.6679018989832508 0.6780535598724938 0.5050042719397436
3 1368 757 1192 0.6679018989832508 0.6780535598724938 0.5050042719397436
3 1118 746 1366 0.6679018989832508 0.6780535598724938 0.5050042719397436
3 1366 1119 1118 0.6679018989832508 0.6780535598724938 0.5050042719397436
3 1366 746 1365 0.6679018989832508 0.6780535598724938 0.5050042719397436
3 755 1189 1190 0.6679018989832508 0.6780535598724938 0.5050042719397436
3 1122 1554 1553 0.6679018989832508 0.6780535598724938 0.5050042719397436
3 1122 1123 1554 0.6679018989832508 0.6780535598724938 0.5050042719397436
3 1377 1762 1763 0.6679018989832508 0.6780535598724938 0.5050042719397436
3 1400 1615 1401 0.6679018989832508 0.6780535598724938 0.5050042719397436
3 1377 1763 1378 0.6679018989832508 0.6780535598724938 0.5050042719397436
3 1378 1763 1764 0.6679018989832508 0.6780535598724938 0.5050042719397436
3 1859 1557 1860 0.6679018989832508 0.6780535598724938 0.5050042719397436
3 1860 1557 1558 0.6679018989832508 0.6780535598724938 0.5050042719397436
3 1019 1214 1018 0.6679018989832508 0.6780535598724938 0.5050042719397436
3 1018 1214 1213 0.6679018989832508 0.6780535598724938 0.5050042719397436
3 1212 1017 1213 0.6679018989832508 0.6780535598724938 0.5050042719397436
3 1213 1017 1018 0.6679018989832508 0.6780535598724938 0.5050042719397436
3 1214 1443 1213 0.6679018989832508 0.6780535598724938 0.5050042719397436
3 1752 839 1751 0.6679018989832508 0.6780535598724938 0.5050042719397436
3 928 1248 1249 0.6679018989832508 0.6780535598724938 0.5050042719397436
3 1249 929 928 0.6679018989832508 0.6780535598724938 0.5050042719397436
3 1193 1368 1192 0.6679018989832508 0.6780535598724938 0.5050042719397436
3 1369 1368 1193 0.6679018989832508 0.6780535598724938 0.5050042719397436
3 1757 1197 1196 0.6679018989832508 0.6780535598724938 0.5050042719397436
3 1196 1371 1195 0.6679018989832508 0.6780535598724938 0.5050042719397436
3 1372 1197 1373 0.6679018989832508 0.6780535598724938 0.5050042719397436
3 1372 1373 1124 0.6679018989832508 0.6780535598724938 0.5050042719397436
3 1124 1371 1372 0.6679018989832508 0.6780535598724938 0.5050042719397436
3 1371 1196 1372 0.6679018989832508 0.6780535598724938 0.5050042719397436
3 1372 1196 1197 0.6679018989832508 0.6780535598724938 0.5050042719397436
3 1759 1256 1760 0.6679018989832508 0.6780535598724938 0.5050042719397436
3 1255 1256 1759 0.6679018989832508 0.6780535598724938 0.5050042719397436
3 1754 929 930 0.6679018989832508 0.6780535598724938 0.5050042719397436
3 930 1755 1754 0.6679018989832508 0.6780535598724938 0.5050042719397436
3 930 1250 1251 0.6679018989832508 0.6780535598724938 0.5050042719397436
3 930 929 1250 0.6679018989832508 0.6780535598724938 0.5050042719397436
3 1253 1757 931 0.6679018989832508 0.6780535598724938 0.5050042719397436
3 1755 930 931 0.6679018989832508 0.6780535598724938 0.5050042719397436
3 931 930 1251 0.6679018989832508 0.6780535598724938 0.5050042719397436
3 1016 1017 1212 0.6679018989832508 0.6780535598724938 0.5050042719397436
3 1018 1017 1947 0.6679018989832508 0.6780535598724938 0.5050042719397436
3 1386 1385 618 0.6679018989832508 0.6780535598724938 0.5050042719397436
3 1944 1945 538 0.6679018989832508 0.6780535598724938 0.5050042719397436
3 538 1943 1944 0.6679018989832508 0.6780535598724938 0.5050042719397436
3 545 544 1076 0.6679018989832508 0.6780535598724938 0.5050042719397436
3 1942 544 545 0.6679018989832508 0.6780535598724938 0.5050042719397436
3 545 1943 1942 0.6679018989832508 0.6780535598724938 0.5050042719397436
3 1800 1898 1801 0.6679018989832508 0.6780535598724938 0.5050042719397436
3 1897 1799 1896 0.6679018989832508 0.6780535598724938 0.5050042719397436
3 1897 1679 1898 0.6679018989832508 0.6780535598724938 0.5050042719397436
3 1897 1800 1799 0.6679018989832508 0.6780535598724938 0.5050042719397436
3 1898 1800 1897 0.6679018989832508 0.6780535598724938 0.5050042719397436
3 1899 1802 1801 0.6679018989832508 0.6780535598724938 0.5050042719397436
3 1801 1898 1899 0.6679018989832508 0.6780535598724938 0.5050042719397436
3 1900 1802 1899 0.6679018989832508 0.6780535598724938 0.5050042719397436
3 1680 1900 1899 0.6679018989832508 0.6780535598724938 0.5050042719397436
3 1899 1898 1680 0.6679018989832508 0.6780535598724938 0.5050042719397436
3 1473 1472 1425 0.6679018989832508 0.6780535598724938 0.5050042719397436
3 1425 1426 1473 0.6679018989832508 0.6780535598724938 0.5050042719397436
3 1161 1160 1473 0.6679018989832508 0.6780535598724938 0.5050042719397436
3 1473 1160 1472 0.6679018989832508 0.6780535598724938 0.5050042719397436
3 1398 1088 1397 0.6679018989832508 0.6780535598724938 0.5050042719397436
3 1399 1088 1398 0.6679018989832508 0.6780535598724938 0.5050042719397436
3 1804 1805 1621 0.6679018989832508 0.6780535598724938 0.5050042719397436
3 1901 1805 1804 0.6679018989832508 0.6780535598724938 0.5050042719397436
3 1803 1900 1804 0.6679018989832508 0.6780535598724938 0.5050042719397436
3 1804 1900 1901 0.6679018989832508 0.6780535598724938 0.5050042719397436
3 1803 1804 1620 0.6679018989832508 0.6780535598724938 0.5050042719397436
3 1620 1804 1621 0.6679018989832508 0.6780535598724938 0.5050042719397436
3 1506 1735 1736 0.6679018989832508 0.6780535598724938 0.5050042719397436
3 1505 1735 1506 0.6679018989832508 0.6780535598724938 0.5050042719397436
3 1929 1648 1928 0.6679018989832508 0.6780535598724938 0.5050042719397436
3 1052 1727 1726 0.6679018989832508 0.6780535598724938 0.5050042719397436
3 1726 1051 1052 0.6679018989832508 0.6780535598724938 0.5050042719397436
3 1725 1051 1726 0.6679018989832508 0.6780535598724938 0.5050042719397436
3 1854 1855 1732 0.6679018989832508 0.6780535598724938 0.5050042719397436
3 1855 1733 1732 0.6679018989832508 0.6780535598724938 0.5050042719397436
3 1732 1733 1503 0.6679018989832508 0.6780535598724938 0.5050042719397436
3 1503 1733 1504 0.6679018989832508 0.6780535598724938 0.5050042719397436
3 1373 1197 1198 0.6679018989832508 0.6780535598724938 0.5050042719397436
3 1857 1735 1734 0.6679018989832508 0.6780535598724938 0.5050042719397436
3 1856 1857 1734 0.6679018989832508 0.6780535598724938 0.5050042719397436
3 1734 1733 1856 0.6679018989832508 0.6780535598724938 0.5050042719397436
3 1734 1735 1505 0.6679018989832508 0.6780535598724938 0.5050042719397436
3 1505 1504 1734 0.6679018989832508 0.6780535598724938 0.5050042719397436
3 1734 1504 1733 0.6679018989832508 0.6780535598724938 0.5050042719397436
3 1305 1673 1306 0.6679018989832508 0.6780535598724938 0.5050042719397436
3 1307 1892 1306 0.6679018989832508 0.6780535598724938 0.5050042719397436
3 1892 1891 1306 0.6679018989832508 0.6780535598724938 0.5050042719397436
3 1306 1891 1305 0.6679018989832508 0.6780535598724938 0.5050042719397436
3 1529 1528 1826 0.6679018989832508 0.6780535598724938 0.5050042719397436
3 1529 1827 1530 0.6679018989832508 0.6780535598724938 0.5050042719397436
3 1826 1827 1529 0.6679018989832508 0.6780535598724938 0.5050042719397436
3 1530 1671 1529 0.6679018989832508 0.6780535598724938 0.5050042719397436
3 1529 1671 1670 0.6679018989832508 0.6780535598724938 0.5050042719397436
3 1670 1528 1529 0.6679018989832508 0.6780535598724938 0.5050042719397436
3 1330 1331 1828 0.6679018989832508 0.6780535598724938 0.5050042719397436
3 1330 1827 1329 0.6679018989832508 0.6780535598724938 0.5050042719397436
3 1828 1827 1330 0.6679018989832508 0.6780535598724938 0.5050042719397436
3 1674 1675 1307 0.6679018989832508 0.6780535598724938 0.5050042719397436
3 1307 1306 1674 0.6679018989832508 0.6780535598724938 0.5050042719397436
3 1674 1306 1673 0.6679018989832508 0.6780535598724938 0.5050042719397436
3 1649 1648 1929 0.6679018989832508 0.6780535598724938 0.5050042719397436
3 1837 1900 1680 0.6679018989832508 0.6780535598724938 0.5050042719397436
3 1901 1900 1837 0.6679018989832508 0.6780535598724938 0.5050042719397436
3 1836 1837 1680 0.6679018989832508 0.6780535598724938 0.5050042719397436
3 1711 1837 1836 0.6679018989832508 0.6780535598724938 0.5050042719397436
3 1825 1824 1327 0.6679018989832508 0.6780535598724938 0.5050042719397436
3 1825 1328 1826 0.6679018989832508 0.6780535598724938 0.5050042719397436
3 1327 1328 1825 0.6679018989832508 0.6780535598724938 0.5050042719397436
3 1826 1528 1825 0.6679018989832508 0.6780535598724938 0.5050042719397436
3 1825 1528 1527 0.6679018989832508 0.6780535598724938 0.5050042719397436
3 1527 1824 1825 0.6679018989832508 0.6780535598724938 0.5050042719397436
3 1327 1824 1326 0.6679018989832508 0.6780535598724938 0.5050042719397436
3 1326 1823 1325 0.6679018989832508 0.6780535598724938 0.5050042719397436
3 1326 1824 1823 0.6679018989832508 0.6780535598724938 0.5050042719397436
3 27 692 305 0.6679018989832508 0.6780535598724938 0.5050042719397436
3 692 311 305 0.6679018989832508 0.6780535598724938 0.5050042719397436
3 305 26 27 0.6679018989832508 0.6780535598724938 0.5050042719397436
3 305 311 693 0.6679018989832508 0.6780535598724938 0.5050042719397436
3 305 693 758 0.6679018989832508 0.6780535598724938 0.5050042719397436
3 758 26 305 0.6679018989832508 0.6780535598724938 0.5050042719397436
3 1819 1820 960 0.6679018989832508 0.6780535598724938 0.5050042719397436
3 960 959 1819 0.6679018989832508 0.6780535598724938 0.5050042719397436
3 1321 1820 1819 0.6679018989832508 0.6780535598724938 0.5050042719397436
3 1819 1320 1321 0.6679018989832508 0.6780535598724938 0.5050042719397436
3 1320 1819 1818 0.6679018989832508 0.6780535598724938 0.5050042719397436
3 1818 959 958 0.6679018989832508 0.6780535598724938 0.5050042719397436
3 1818 1819 959 0.6679018989832508 0.6780535598724938 0.5050042719397436
3 1693 1320 1692 0.6679018989832508 0.6780535598724938 0.5050042719397436
3 1174 1693 1692 0.6679018989832508 0.6780535598724938 0.5050042719397436
3 1692 1173 1174 0.6679018989832508 0.6780535598724938 0.5050042719397436
3 1692 1691 1173 0.6679018989832508 0.6780535598724938 0.5050042719397436
3 446 573 572 0.6679018989832508 0.6780535598724938 0.5050042719397436
3 446 1877 573 0.6679018989832508 0.6780535598724938 0.5050042719397436
3 445 388 446 0.6679018989832508 0.6780535598724938 0.5050042719397436
3 446 572 571 0.6679018989832508 0.6780535598724938 0.5050042719397436
3 571 445 446 0.6679018989832508 0.6780535598724938 0.5050042719397436
3 781 877 780 0.6679018989832508 0.6780535598724938 0.5050042719397436
3 780 1882 781 0.6679018989832508 0.6780535598724938 0.5050042719397436
3 1881 1882 780 0.6679018989832508 0.6780535598724938 0.5050042719397436
3 778 640 641 0.6679018989832508 0.6780535598724938 0.5050042719397436
3 641 779 778 0.6679018989832508 0.6780535598724938 0.5050042719397436
3 641 640 574 0.6679018989832508 0.6780535598724938 0.5050042719397436
3 1881 780 641 0.6679018989832508 0.6780535598724938 0.5050042719397436
3 641 780 779 0.6679018989832508 0.6780535598724938 0.5050042719397436
3 793 1881 1880 0.6679018989832508 0.6780535598724938 0.5050042719397436
3 1881 641 1880 0.6679018989832508 0.6780535598724938 0.5050042719397436
3 574 1879 1880 0.6679018989832508 0.6780535598724938 0.5050042719397436
3 1880 641 574 0.6679018989832508 0.6780535598724938 0.5050042719397436
3 574 573 1878 0.6679018989832508 0.6780535598724938 0.5050042719397436
3 1878 1879 574 0.6679018989832508 0.6780535598724938 0.5050042719397436
3 573 1877 1878 0.6679018989832508 0.6780535598724938 0.5050042719397436
3 1877 790 1878 0.6679018989832508 0.6780535598724938 0.5050042719397436
3 1523 1666 1665 0.6679018989832508 0.6780535598724938 0.5050042719397436
3 1665 1666 1298 0.6679018989832508 0.6780535598724938 0.5050042719397436
3 1298 1297 1665 0.6679018989832508 0.6780535598724938 0.5050042719397436
3 957 1520 956 0.6679018989832508 0.6780535598724938 0.5050042719397436
3 958 1521 957 0.6679018989832508 0.6780535598724938 0.5050042719397436
3 957 1521 1520 0.6679018989832508 0.6780535598724938 0.5050042719397436
3 760 695 308 0.6679018989832508 0.6780535598724938 0.5050042719397436
3 301 307 760 0.6679018989832508 0.6780535598724938 0.5050042719397436
3 301 295 1089 0.6679018989832508 0.6780535598724938 0.5050042719397436
3 301 1089 759 0.6679018989832508 0.6780535598724938 0.5050042719397436
3 759 307 301 0.6679018989832508 0.6780535598724938 0.5050042719397436
3 301 760 1090 0.6679018989832508 0.6780535598724938 0.5050042719397436
3 1090 295 301 0.6679018989832508 0.6780535598724938 0.5050042719397436
3 296 1091 372 0.6679018989832508 0.6780535598724938 0.5050042719397436
3 372 1091 297 0.6679018989832508 0.6780535598724938 0.5050042719397436
3 297 1406 372 0.6679018989832508 0.6780535598724938 0.5050042719397436
3 426 1022 19 0.6679018989832508 0.6780535598724938 0.5050042719397436
3 427 1022 426 0.6679018989832508 0.6780535598724938 0.5050042719397436
3 20 426 19 0.6679018989832508 0.6780535598724938 0.5050042719397436
3 298 1092 304 0.6679018989832508 0.6780535598724938 0.5050042719397436
3 222 1624 1166 0.6679018989832508 0.6780535598724938 0.5050042719397436
3 1311 705 1683 0.6679018989832508 0.6780535598724938 0.5050042719397436
3 1288 785 1287 0.6679018989832508 0.6780535598724938 0.5050042719397436
3 786 785 1288 0.6679018989832508 0.6780535598724938 0.5050042719397436
3 1808 1309 704 0.6679018989832508 0.6780535598724938 0.5050042719397436
3 704 449 1808 0.6679018989832508 0.6780535598724938 0.5050042719397436
3 942 987 986 0.6679018989832508 0.6780535598724938 0.5050042719397436
3 986 941 942 0.6679018989832508 0.6780535598724938 0.5050042719397436
3 942 902 903 0.6679018989832508 0.6780535598724938 0.5050042719397436
3 942 941 902 0.6679018989832508 0.6780535598724938 0.5050042719397436
3 944 988 943 0.6679018989832508 0.6780535598724938 0.5050042719397436
3 988 987 943 0.6679018989832508 0.6780535598724938 0.5050042719397436
3 904 944 943 0.6679018989832508 0.6780535598724938 0.5050042719397436
3 987 942 943 0.6679018989832508 0.6780535598724938 0.5050042719397436
3 943 903 904 0.6679018989832508 0.6780535598724938 0.5050042719397436
3 943 942 903 0.6679018989832508 0.6780535598724938 0.5050042719397436
3 1344 1914 1915 0.6679018989832508 0.6780535598724938 0.5050042719397436
3 1915 1345 1344 0.6679018989832508 0.6780535598724938 0.5050042719397436
3 1916 1345 1915 0.6679018989832508 0.6780535598724938 0.5050042719397436
3 1915 892 1916 0.6679018989832508 0.6780535598724938 0.5050042719397436
3 891 892 1915 0.6679018989832508 0.6780535598724938 0.5050042719397436
3 1915 1914 891 0.6679018989832508 0.6780535598724938 0.5050042719397436
3 1495 892 1494 0.6679018989832508 0.6780535598724938 0.5050042719397436
3 1916 892 1495 0.6679018989832508 0.6780535598724938 0.5050042719397436
3 1494 973 1495 0.6679018989832508 0.6780535598724938 0.5050042719397436
3 1720 970 969 0.6679018989832508 0.6780535598724938 0.5050042719397436
3 1721 970 1720 0.6679018989832508 0.6780535598724938 0.5050042719397436
3 982 1045 1044 0.6679018989832508 0.6780535598724938 0.5050042719397436
3 983 1045 982 0.6679018989832508 0.6780535598724938 0.5050042719397436
3 982 938 983 0.6679018989832508 0.6780535598724938 0.5050042719397436
3 983 938 939 0.6679018989832508 0.6780535598724938 0.5050042719397436
3 983 939 984 0.6679018989832508 0.6780535598724938 0.5050042719397436
3 1694 1175 1176 0.6679018989832508 0.6780535598724938 0.5050042719397436
3 1175 1634 1176 0.6679018989832508 0.6780535598724938 0.5050042719397436
3 1176 1634 1635 0.6679018989832508 0.6780535598724938 0.5050042719397436
3 1325 1324 1698 0.6679018989832508 0.6780535598724938 0.5050042719397436
3 1324 1697 1698 0.6679018989832508 0.6780535598724938 0.5050042719397436
3 1695 1322 1694 0.6679018989832508 0.6780535598724938 0.5050042719397436
3 1323 1322 1695 0.6679018989832508 0.6780535598724938 0.5050042719397436
3 1694 1176 1695 0.6679018989832508 0.6780535598724938 0.5050042719397436
3 1696 1324 1323 0.6679018989832508 0.6780535598724938 0.5050042719397436
3 1696 1697 1324 0.6679018989832508 0.6780535598724938 0.5050042719397436
3 1323 1695 1696 0.6679018989832508 0.6780535598724938 0.5050042719397436
3 1179 1698 1697 0.6679018989832508 0.6780535598724938 0.5050042719397436
3 969 970 1491 0.6679018989832508 0.6780535598724938 0.5050042719397436
3 1491 1490 969 0.6679018989832508 0.6780535598724938 0.5050042719397436
3 1491 970 1492 0.6679018989832508 0.6780535598724938 0.5050042719397436
3 1492 890 1491 0.6679018989832508 0.6780535598724938 0.5050042719397436
3 1490 1491 889 0.6679018989832508 0.6780535598724938 0.5050042719397436
3 889 1491 890 0.6679018989832508 0.6780535598724938 0.5050042719397436
3 1913 1912 889 0.6679018989832508 0.6780535598724938 0.5050042719397436
3 889 890 1913 0.6679018989832508 0.6780535598724938 0.5050042719397436
3 887 1489 888 0.6679018989832508 0.6780535598724938 0.5050042719397436
3 1489 1490 888 0.6679018989832508 0.6780535598724938 0.5050042719397436
3 1911 887 888 0.6679018989832508 0.6780535598724938 0.5050042719397436
3 1490 889 888 0.6679018989832508 0.6780535598724938 0.5050042719397436
3 1912 1911 888 0.6679018989832508 0.6780535598724938 0.5050042719397436
3 888 889 1912 0.6679018989832508 0.6780535598724938 0.5050042719397436
3 1489 1488 967 0.6679018989832508 0.6780535598724938 0.5050042719397436
3 967 968 1489 0.6679018989832508 0.6780535598724938 0.5050042719397436
3 1718 968 967 0.6679018989832508 0.6780535598724938 0.5050042719397436
3 967 1488 966 0.6679018989832508 0.6780535598724938 0.5050042719397436
3 966 1717 967 0.6679018989832508 0.6780535598724938 0.5050042719397436
3 967 1717 1718 0.6679018989832508 0.6780535598724938 0.5050042719397436
3 1041 979 1042 0.6679018989832508 0.6780535598724938 0.5050042719397436
3 1041 1716 1715 0.6679018989832508 0.6780535598724938 0.5050042719397436
3 1041 1042 1716 0.6679018989832508 0.6780535598724938 0.5050042719397436
3 1715 1040 1041 0.6679018989832508 0.6780535598724938 0.5050042719397436
3 1040 978 1041 0.6679018989832508 0.6780535598724938 0.5050042719397436
3 978 979 1041 0.6679018989832508 0.6780535598724938 0.5050042719397436
3 312 694 306 0.6679018989832508 0.6780535598724938 0.5050042719397436
3 318 694 312 0.6679018989832508 0.6780535598724938 0.5050042719397436
3 312 1776 318 0.6679018989832508 0.6780535598724938 0.5050042719397436
3 312 306 693 0.6679018989832508 0.6780535598724938 0.5050042719397436
3 693 1776 312 0.6679018989832508 0.6780535598724938 0.5050042719397436
3 1267 1266 439 0.6679018989832508 0.6780535598724938 0.5050042719397436
3 1266 438 439 0.6679018989832508 0.6780535598724938 0.5050042719397436
3 1268 1267 439 0.6679018989832508 0.6780535598724938 0.5050042719397436
3 439 1227 1268 0.6679018989832508 0.6780535598724938 0.5050042719397436
3 873 874 1226 0.6679018989832508 0.6780535598724938 0.5050042719397436
3 874 1227 1226 0.6679018989832508 0.6780535598724938 0.5050042719397436
3 1227 439 1226 0.6679018989832508 0.6780535598724938 0.5050042719397436
3 382 1225 1226 0.6679018989832508 0.6780535598724938 0.5050042719397436
3 1226 1225 873 0.6679018989832508 0.6780535598724938 0.5050042719397436
3 1226 438 382 0.6679018989832508 0.6780535598724938 0.5050042719397436
3 1226 439 438 0.6679018989832508 0.6780535598724938 0.5050042719397436
3 1209 1014 1210 0.6679018989832508 0.6780535598724938 0.5050042719397436
3 1209 690 489 0.6679018989832508 0.6780535598724938 0.5050042719397436
3 691 690 1209 0.6679018989832508 0.6780535598724938 0.5050042719397436
3 1209 1210 691 0.6679018989832508 0.6780535598724938 0.5050042719397436
3 1058 845 846 0.6679018989832508 0.6780535598724938 0.5050042719397436
3 846 417 847 0.6679018989832508 0.6780535598724938 0.5050042719397436
3 847 1059 846 0.6679018989832508 0.6780535598724938 0.5050042719397436
3 846 1059 1058 0.6679018989832508 0.6780535598724938 0.5050042719397436
3 416 845 415 0.6679018989832508 0.6780535598724938 0.5050042719397436
3 416 415 1432 0.6679018989832508 0.6780535598724938 0.5050042719397436
3 1432 1433 416 0.6679018989832508 0.6780535598724938 0.5050042719397436
3 416 1433 417 0.6679018989832508 0.6780535598724938 0.5050042719397436
3 417 846 416 0.6679018989832508 0.6780535598724938 0.5050042719397436
3 416 846 845 0.6679018989832508 0.6780535598724938 0.5050042719397436
3 680 1573 679 0.6679018989832508 0.6780535598724938 0.5050042719397436
3 1573 1572 679 0.6679018989832508 0.6780535598724938 0.5050042719397436
3 1061 680 679 0.6679018989832508 0.6780535598724938 0.5050042719397436
3 679 1572 678 0.6679018989832508 0.6780535598724938 0.5050042719397436
3 678 1060 679 0.6679018989832508 0.6780535598724938 0.5050042719397436
3 679 1060 1061 0.6679018989832508 0.6780535598724938 0.5050042719397436
3 529 481 1571 0.6679018989832508 0.6780535598724938 0.5050042719397436
3 1571 1572 529 0.6679018989832508 0.6780535598724938 0.5050042719397436
3 1571 481 1570 0.6679018989832508 0.6780535598724938 0.5050042719397436
3 678 1572 1571 0.6679018989832508 0.6780535598724938 0.5050042719397436
3 1571 677 678 0.6679018989832508 0.6780535598724938 0.5050042719397436
3 1570 677 1571 0.6679018989832508 0.6780535598724938 0.5050042719397436
3 471 995 472 0.6679018989832508 0.6780535598724938 0.5050042719397436
3 1243 471 472 0.6679018989832508 0.6780535598724938 0.5050042719397436
3 472 1244 1243 0.6679018989832508 0.6780535598724938 0.5050042719397436
3 473 1244 472 0.6679018989832508 0.6780535598724938 0.5050042719397436
3 996 473 472 0.6679018989832508 0.6780535598724938 0.5050042719397436
3 472 995 996 0.6679018989832508 0.6780535598724938 0.5050042719397436
3 1128 1129 615 0.6679018989832508 0.6780535598724938 0.5050042719397436
3 615 614 1128 0.6679018989832508 0.6780535598724938 0.5050042719397436
3 1128 614 1127 0.6679018989832508 0.6780535598724938 0.5050042719397436
3 1128 1127 625 0.6679018989832508 0.6780535598724938 0.5050042719397436
3 615 1129 616 0.6679018989832508 0.6780535598724938 0.5050042719397436
3 616 1383 615 0.6679018989832508 0.6780535598724938 0.5050042719397436
3 616 1384 1383 0.6679018989832508 0.6780535598724938 0.5050042719397436
3 626 1597 1598 0.6679018989832508 0.6780535598724938 0.5050042719397436
3 625 1597 626 0.6679018989832508 0.6780535598724938 0.5050042719397436
3 626 1128 625 0.6679018989832508 0.6780535598724938 0.5050042719397436
3 1129 1128 626 0.6679018989832508 0.6780535598724938 0.5050042719397436
3 1131 1132 618 0.6679018989832508 0.6780535598724938 0.5050042719397436
3 1131 629 1132 0.6679018989832508 0.6780535598724938 0.5050042719397436
3 1131 628 629 0.6679018989832508 0.6780535598724938 0.5050042719397436
3 1471 1472 1159 0.6679018989832508 0.6780535598724938 0.5050042719397436
3 1159 1158 1471 0.6679018989832508 0.6780535598724938 0.5050042719397436
3 1471 1158 1470 0.6679018989832508 0.6780535598724938 0.5050042719397436
3 980 936 981 0.6679018989832508 0.6780535598724938 0.5050042719397436
3 982 1044 981 0.6679018989832508 0.6780535598724938 0.5050042719397436
3 937 936 897 0.6679018989832508 0.6780535598724938 0.5050042719397436
3 937 981 936 0.6679018989832508 0.6780535598724938 0.5050042719397436
3 937 938 982 0.6679018989832508 0.6780535598724938 0.5050042719397436
3 982 981 937 0.6679018989832508 0.6780535598724938 0.5050042719397436
3 280 1358 277 0.6679018989832508 0.6780535598724938 0.5050042719397436
3 280 748 1358 0.6679018989832508 0.6780535598724938 0.5050042719397436
3 280 747 283 0.6679018989832508 0.6780535598724938 0.5050042719397436
3 283 748 280 0.6679018989832508 0.6780535598724938 0.5050042719397436
3 663 595 261 0.6679018989832508 0.6780535598724938 0.5050042719397436
3 261 596 664 0.6679018989832508 0.6780535598724938 0.5050042719397436
3 261 595 517 0.6679018989832508 0.6780535598724938 0.5050042719397436
3 517 596 261 0.6679018989832508 0.6780535598724938 0.5050042719397436
3 663 260 225 0.6679018989832508 0.6780535598724938 0.5050042719397436
3 225 595 663 0.6679018989832508 0.6780535598724938 0.5050042719397436
3 225 260 516 0.6679018989832508 0.6780535598724938 0.5050042719397436
3 516 463 225 0.6679018989832508 0.6780535598724938 0.5050042719397436
3 225 463 517 0.6679018989832508 0.6780535598724938 0.5050042719397436
3 517 595 225 0.6679018989832508 0.6780535598724938 0.5050042719397436
3 906 340 819 0.6679018989832508 0.6780535598724938 0.5050042719397436
3 819 341 906 0.6679018989832508 0.6780535598724938 0.5050042719397436
3 665 258 820 0.6679018989832508 0.6780535598724938 0.5050042719397436
3 820 258 342 0.6679018989832508 0.6780535598724938 0.5050042719397436
3 390 389 907 0.6679018989832508 0.6780535598724938 0.5050042719397436
3 389 341 907 0.6679018989832508 0.6780535598724938 0.5050042719397436
3 907 908 390 0.6679018989832508 0.6780535598724938 0.5050042719397436
3 342 908 907 0.6679018989832508 0.6780535598724938 0.5050042719397436
3 907 820 342 0.6679018989832508 0.6780535598724938 0.5050042719397436
3 341 820 907 0.6679018989832508 0.6780535598724938 0.5050042719397436
3 664 596 262 0.6679018989832508 0.6780535598724938 0.5050042719397436
3 262 597 665 0.6679018989832508 0.6780535598724938 0.5050042719397436
3 262 518 597 0.6679018989832508 0.6780535598724938 0.5050042719397436
3 262 596 518 0.6679018989832508 0.6780535598724938 0.5050042719397436
3 142 143 725 0.6679018989832508 0.6780535598724938 0.5050042719397436
3 142 725 263 0.6679018989832508 0.6780535598724938 0.5050042719397436
3 263 141 142 0.6679018989832508 0.6780535598724938 0.5050042719397436
3 686 685 485 0.6679018989832508 0.6780535598724938 0.5050042719397436
3 485 1205 686 0.6679018989832508 0.6780535598724938 0.5050042719397436
3 685 484 485 0.6679018989832508 0.6780535598724938 0.5050042719397436
3 1009 1205 485 0.6679018989832508 0.6780535598724938 0.5050042719397436
3 485 484 1008 0.6679018989832508 0.6780535598724938 0.5050042719397436
3 1008 1009 485 0.6679018989832508 0.6780535598724938 0.5050042719397436
3 1010 1205 1009 0.6679018989832508 0.6780535598724938 0.5050042719397436
3 1010 534 1011 0.6679018989832508 0.6780535598724938 0.5050042719397436
3 1010 1011 1206 0.6679018989832508 0.6780535598724938 0.5050042719397436
3 1206 1205 1010 0.6679018989832508 0.6780535598724938 0.5050042719397436
3 1010 1009 533 0.6679018989832508 0.6780535598724938 0.5050042719397436
3 533 534 1010 0.6679018989832508 0.6780535598724938 0.5050042719397436
3 540 1937 539 0.6679018989832508 0.6780535598724938 0.5050042719397436
3 1072 541 540 0.6679018989832508 0.6780535598724938 0.5050042719397436
3 540 1938 1937 0.6679018989832508 0.6780535598724938 0.5050042719397436
3 541 1938 540 0.6679018989832508 0.6780535598724938 0.5050042719397436
3 540 1071 1072 0.6679018989832508 0.6780535598724938 0.5050042719397436
3 539 1071 540 0.6679018989832508 0.6780535598724938 0.5050042719397436
3 1941 544 1942 0.6679018989832508 0.6780535598724938 0.5050042719397436
3 535 1940 1941 0.6679018989832508 0.6780535598724938 0.5050042719397436
3 543 544 1941 0.6679018989832508 0.6780535598724938 0.5050042719397436
3 1941 1940 543 0.6679018989832508 0.6780535598724938 0.5050042719397436
3 1941 536 535 0.6679018989832508 0.6780535598724938 0.5050042719397436
3 1942 536 1941 0.6679018989832508 0.6780535598724938 0.5050042719397436
3 1012 536 1013 0.6679018989832508 0.6780535598724938 0.5050042719397436
3 489 1012 1013 0.6679018989832508 0.6780535598724938 0.5050042719397436
3 1013 1209 489 0.6679018989832508 0.6780535598724938 0.5050042719397436
3 1014 1209 1013 0.6679018989832508 0.6780535598724938 0.5050042719397436
3 699 765 764 0.6679018989832508 0.6780535598724938 0.5050042719397436
3 764 765 1094 0.6679018989832508 0.6780535598724938 0.5050042719397436
3 764 763 698 0.6679018989832508 0.6780535598724938 0.5050042719397436
3 698 1781 764 0.6679018989832508 0.6780535598724938 0.5050042719397436
3 764 1781 699 0.6679018989832508 0.6780535598724938 0.5050042719397436
3 877 1229 876 0.6679018989832508 0.6780535598724938 0.5050042719397436
3 876 780 877 0.6679018989832508 0.6780535598724938 0.5050042719397436
3 779 780 876 0.6679018989832508 0.6780535598724938 0.5050042719397436
3 875 779 876 0.6679018989832508 0.6780535598724938 0.5050042719397436
3 1228 875 876 0.6679018989832508 0.6780535598724938 0.5050042719397436
3 876 1229 1228 0.6679018989832508 0.6780535598724938 0.5050042719397436
3 1153 1467 1154 0.6679018989832508 0.6780535598724938 0.5050042719397436
3 1466 1467 1153 0.6679018989832508 0.6780535598724938 0.5050042719397436
3 1154 556 1153 0.6679018989832508 0.6780535598724938 0.5050042719397436
3 556 1152 1153 0.6679018989832508 0.6780535598724938 0.5050042719397436
3 555 1152 556 0.6679018989832508 0.6780535598724938 0.5050042719397436
3 1599 554 555 0.6679018989832508 0.6780535598724938 0.5050042719397436
3 555 554 1151 0.6679018989832508 0.6780535598724938 0.5050042719397436
3 1151 1152 555 0.6679018989832508 0.6780535598724938 0.5050042719397436
3 1600 1599 555 0.6679018989832508 0.6780535598724938 0.5050042719397436
3 555 556 1600 0.6679018989832508 0.6780535598724938 0.5050042719397436
3 565 564 1464 0.6679018989832508 0.6780535598724938 0.5050042719397436
3 1466 1153 565 0.6679018989832508 0.6780535598724938 0.5050042719397436
3 565 1153 1152 0.6679018989832508 0.6780535598724938 0.5050042719397436
3 1151 564 565 0.6679018989832508 0.6780535598724938 0.5050042719397436
3 565 1152 1151 0.6679018989832508 0.6780535598724938 0.5050042719397436
3 1140 1609 1141 0.6679018989832508 0.6780535598724938 0.5050042719397436
3 1139 1608 1140 0.6679018989832508 0.6780535598724938 0.5050042719397436
3 1608 1609 1140 0.6679018989832508 0.6780535598724938 0.5050042719397436
3 1607 1606 1159 0.6679018989832508 0.6780535598724938 0.5050042719397436
3 1159 1160 1607 0.6679018989832508 0.6780535598724938 0.5050042719397436
3 1607 1160 1608 0.6679018989832508 0.6780535598724938 0.5050042719397436
3 1607 1608 1139 0.6679018989832508 0.6780535598724938 0.5050042719397436
3 1801 1802 1480 0.6679018989832508 0.6780535598724938 0.5050042719397436
3 1427 1798 1428 0.6679018989832508 0.6780535598724938 0.5050042719397436
3 1428 1798 1799 0.6679018989832508 0.6780535598724938 0.5050042719397436
3 1612 1611 1162 0.6679018989832508 0.6780535598724938 0.5050042719397436
3 1162 1610 1161 0.6679018989832508 0.6780535598724938 0.5050042719397436
3 1162 1611 1610 0.6679018989832508 0.6780535598724938 0.5050042719397436
3 1104 1105 1419 0.6679018989832508 0.6780535598724938 0.5050042719397436
3 1104 1791 1105 0.6679018989832508 0.6780535598724938 0.5050042719397436
3 1419 1418 1104 0.6679018989832508 0.6780535598724938 0.5050042719397436
3 1104 1418 1103 0.6679018989832508 0.6780535598724938 0.5050042719397436
3 1103 1790 1104 0.6679018989832508 0.6780535598724938 0.5050042719397436
3 1790 1791 1104 0.6679018989832508 0.6780535598724938 0.5050042719397436
3 1894 1895 1283 0.6679018989832508 0.6780535598724938 0.5050042719397436
3 1283 1893 1894 0.6679018989832508 0.6780535598724938 0.5050042719397436
3 1894 1893 1307 0.6679018989832508 0.6780535598724938 0.5050042719397436
3 1280 1793 1792 0.6679018989832508 0.6780535598724938 0.5050042719397436
3 1421 1036 1420 0.6679018989832508 0.6780535598724938 0.5050042719397436
3 1282 1795 1794 0.6679018989832508 0.6780535598724938 0.5050042719397436
3 1422 1794 1423 0.6679018989832508 0.6780535598724938 0.5050042719397436
3 1423 1794 1795 0.6679018989832508 0.6780535598724938 0.5050042719397436
3 1423 1471 1470 0.6679018989832508 0.6780535598724938 0.5050042719397436
3 1796 1283 1797 0.6679018989832508 0.6780535598724938 0.5050042719397436
3 1796 1795 1283 0.6679018989832508 0.6780535598724938 0.5050042719397436
3 1797 1425 1796 0.6679018989832508 0.6780535598724938 0.5050042719397436
3 368 369 429 0.6679018989832508 0.6780535598724938 0.5050042719397436
3 429 428 368 0.6679018989832508 0.6780535598724938 0.5050042719397436
3 367 428 427 0.6679018989832508 0.6780535598724938 0.5050042719397436
3 1408 368 367 0.6679018989832508 0.6780535598724938 0.5050042719397436
3 367 368 428 0.6679018989832508 0.6780535598724938 0.5050042719397436
3 1094 765 1095 0.6679018989832508 0.6780535598724938 0.5050042719397436
3 1095 765 1096 0.6679018989832508 0.6780535598724938 0.5050042719397436
3 1096 376 1095 0.6679018989832508 0.6780535598724938 0.5050042719397436
3 1411 431 370 0.6679018989832508 0.6780535598724938 0.5050042719397436
3 431 430 370 0.6679018989832508 0.6780535598724938 0.5050042719397436
3 1410 1411 370 0.6679018989832508 0.6780535598724938 0.5050042719397436
3 370 369 1410 0.6679018989832508 0.6780535598724938 0.5050042719397436
3 370 430 369 0.6679018989832508 0.6780535598724938 0.5050042719397436
3 559 493 560 0.6679018989832508 0.6780535598724938 0.5050042719397436
3 1145 558 559 0.6679018989832508 0.6780535598724938 0.5050042719397436
3 559 1146 1145 0.6679018989832508 0.6780535598724938 0.5050042719397436
3 560 1146 559 0.6679018989832508 0.6780535598724938 0.5050042719397436
3 1458 493 492 0.6679018989832508 0.6780535598724938 0.5050042719397436
3 492 558 491 0.6679018989832508 0.6780535598724938 0.5050042719397436
3 493 559 492 0.6679018989832508 0.6780535598724938 0.5050042719397436
3 492 559 558 0.6679018989832508 0.6780535598724938 0.5050042719397436
3 492 1457 1458 0.6679018989832508 0.6780535598724938 0.5050042719397436
3 491 1457 492 0.6679018989832508 0.6780535598724938 0.5050042719397436
3 1148 551 1147 0.6679018989832508 0.6780535598724938 0.5050042719397436
3 1148 562 1149 0.6679018989832508 0.6780535598724938 0.5050042719397436
3 1147 561 1148 0.6679018989832508 0.6780535598724938 0.5050042719397436
3 561 562 1148 0.6679018989832508 0.6780535598724938 0.5050042719397436
3 1149 1150 553 0.6679018989832508 0.6780535598724938 0.5050042719397436
3 553 1150 554 0.6679018989832508 0.6780535598724938 0.5050042719397436
3 1598 1597 553 0.6679018989832508 0.6780535598724938 0.5050042719397436
3 553 554 1598 0.6679018989832508 0.6780535598724938 0.5050042719397436
3 1595 551 1596 0.6679018989832508 0.6780535598724938 0.5050042719397436
3 1596 1597 625 0.6679018989832508 0.6780535598724938 0.5050042719397436
3 625 624 1596 0.6679018989832508 0.6780535598724938 0.5050042719397436
3 1596 624 1595 0.6679018989832508 0.6780535598724938 0.5050042719397436
3 1031 1415 1416 0.6679018989832508 0.6780535598724938 0.5050042719397436
3 1031 1030 1415 0.6679018989832508 0.6780535598724938 0.5050042719397436
3 1416 1032 1031 0.6679018989832508 0.6780535598724938 0.5050042719397436
3 1032 1463 1031 0.6679018989832508 0.6780535598724938 0.5050042719397436
3 1462 1030 1031 0.6679018989832508 0.6780535598724938 0.5050042719397436
3 1031 1463 1462 0.6679018989832508 0.6780535598724938 0.5050042719397436
3 564 563 497 0.6679018989832508 0.6780535598724938 0.5050042719397436
3 1464 564 497 0.6679018989832508 0.6780535598724938 0.5050042719397436
3 497 1463 1464 0.6679018989832508 0.6780535598724938 0.5050042719397436
3 497 563 496 0.6679018989832508 0.6780535598724938 0.5050042719397436
3 496 1462 497 0.6679018989832508 0.6780535598724938 0.5050042719397436
3 1462 1463 497 0.6679018989832508 0.6780535598724938 0.5050042719397436
3 495 1461 496 0.6679018989832508 0.6780535598724938 0.5050042719397436
3 496 562 495 0.6679018989832508 0.6780535598724938 0.5050042719397436
3 495 562 561 0.6679018989832508 0.6780535598724938 0.5050042719397436
3 1460 1461 495 0.6679018989832508 0.6780535598724938 0.5050042719397436
3 1119 1366 1367 0.6679018989832508 0.6780535598724938 0.5050042719397436
3 1120 1119 1367 0.6679018989832508 0.6780535598724938 0.5050042719397436
3 1367 1368 1120 0.6679018989832508 0.6780535598724938 0.5050042719397436
3 757 1368 1367 0.6679018989832508 0.6780535598724938 0.5050042719397436
3 1367 1366 757 0.6679018989832508 0.6780535598724938 0.5050042719397436
3 1365 755 756 0.6679018989832508 0.6780535598724938 0.5050042719397436
3 756 1366 1365 0.6679018989832508 0.6780535598724938 0.5050042719397436
3 757 1366 756 0.6679018989832508 0.6780535598724938 0.5050042719397436
3 755 1190 756 0.6679018989832508 0.6780535598724938 0.5050042719397436
3 1192 757 1191 0.6679018989832508 0.6780535598724938 0.5050042719397436
3 1191 1190 838 0.6679018989832508 0.6780535598724938 0.5050042719397436
3 757 756 1191 0.6679018989832508 0.6780535598724938 0.5050042719397436
3 1191 756 1190 0.6679018989832508 0.6780535598724938 0.5050042719397436
3 838 839 1191 0.6679018989832508 0.6780535598724938 0.5050042719397436
3 1191 839 1192 0.6679018989832508 0.6780535598724938 0.5050042719397436
3 837 1189 836 0.6679018989832508 0.6780535598724938 0.5050042719397436
3 837 1190 1189 0.6679018989832508 0.6780535598724938 0.5050042719397436
3 838 1190 837 0.6679018989832508 0.6780535598724938 0.5050042719397436
3 837 1750 838 0.6679018989832508 0.6780535598724938 0.5050042719397436
3 1749 1750 837 0.6679018989832508 0.6780535598724938 0.5050042719397436
3 837 836 1749 0.6679018989832508 0.6780535598724938 0.5050042719397436
3 1553 1552 1121 0.6679018989832508 0.6780535598724938 0.5050042719397436
3 1121 1122 1553 0.6679018989832508 0.6780535598724938 0.5050042719397436
3 1121 1552 1120 0.6679018989832508 0.6780535598724938 0.5050042719397436
3 1369 1122 1121 0.6679018989832508 0.6780535598724938 0.5050042719397436
3 1120 1368 1121 0.6679018989832508 0.6780535598724938 0.5050042719397436
3 1121 1368 1369 0.6679018989832508 0.6780535598724938 0.5050042719397436
3 1370 1122 1369 0.6679018989832508 0.6780535598724938 0.5050042719397436
3 1195 1371 1370 0.6679018989832508 0.6780535598724938 0.5050042719397436
3 1370 1371 1123 0.6679018989832508 0.6780535598724938 0.5050042719397436
3 1123 1122 1370 0.6679018989832508 0.6780535598724938 0.5050042719397436
3 1963 1620 1621 0.6679018989832508 0.6780535598724938 0.5050042719397436
3 1576 1064 1065 0.6679018989832508 0.6780535598724938 0.5050042719397436
3 1560 1559 1377 0.6679018989832508 0.6780535598724938 0.5050042719397436
3 1377 1378 1560 0.6679018989832508 0.6780535598724938 0.5050042719397436
3 1738 1508 1737 0.6679018989832508 0.6780535598724938 0.5050042719397436
3 1737 1736 1859 0.6679018989832508 0.6780535598724938 0.5050042719397436
3 1859 1860 1737 0.6679018989832508 0.6780535598724938 0.5050042719397436
3 1931 1508 1738 0.6679018989832508 0.6780535598724938 0.5050042719397436
3 1753 929 1754 0.6679018989832508 0.6780535598724938 0.5050042719397436
3 1754 841 1753 0.6679018989832508 0.6780535598724938 0.5050042719397436
3 1753 928 929 0.6679018989832508 0.6780535598724938 0.5050042719397436
3 1752 928 1753 0.6679018989832508 0.6780535598724938 0.5050042719397436
3 927 1752 1751 0.6679018989832508 0.6780535598724938 0.5050042719397436
3 927 928 1752 0.6679018989832508 0.6780535598724938 0.5050042719397436
3 927 1751 926 0.6679018989832508 0.6780535598724938 0.5050042719397436
3 1248 928 927 0.6679018989832508 0.6780535598724938 0.5050042719397436
3 926 1247 927 0.6679018989832508 0.6780535598724938 0.5050042719397436
3 1247 1248 927 0.6679018989832508 0.6780535598724938 0.5050042719397436
3 1194 841 1195 0.6679018989832508 0.6780535598724938 0.5050042719397436
3 1194 1193 841 0.6679018989832508 0.6780535598724938 0.5050042719397436
3 1369 1193 1194 0.6679018989832508 0.6780535598724938 0.5050042719397436
3 1195 1370 1194 0.6679018989832508 0.6780535598724938 0.5050042719397436
3 1194 1370 1369 0.6679018989832508 0.6780535598724938 0.5050042719397436
3 1757 1196 1756 0.6679018989832508 0.6780535598724938 0.5050042719397436
3 1756 931 1757 0.6679018989832508 0.6780535598724938 0.5050042719397436
3 1755 931 1756 0.6679018989832508 0.6780535598724938 0.5050042719397436
3 1195 1755 1756 0.6679018989832508 0.6780535598724938 0.5050042719397436
3 1756 1196 1195 0.6679018989832508 0.6780535598724938 0.5050042719397436
3 1253 931 1252 0.6679018989832508 0.6780535598724938 0.5050042719397436
3 1252 931 1251 0.6679018989832508 0.6780535598724938 0.5050042719397436
3 1252 1003 1253 0.6679018989832508 0.6780535598724938 0.5050042719397436
3 1252 1251 1002 0.6679018989832508 0.6780535598724938 0.5050042719397436
3 1002 1003 1252 0.6679018989832508 0.6780535598724938 0.5050042719397436
3 1015 1014 538 0.6679018989832508 0.6780535598724938 0.5050042719397436
3 538 1945 1015 0.6679018989832508 0.6780535598724938 0.5050042719397436
3 1945 1016 1015 0.6679018989832508 0.6780535598724938 0.5050042719397436
3 1210 1014 1015 0.6679018989832508 0.6780535598724938 0.5050042719397436
3 1211 1016 1212 0.6679018989832508 0.6780535598724938 0.5050042719397436
3 691 1210 1211 0.6679018989832508 0.6780535598724938 0.5050042719397436
3 1210 1015 1211 0.6679018989832508 0.6780535598724938 0.5050042719397436
3 1211 1015 1016 0.6679018989832508 0.6780535598724938 0.5050042719397436
3 1211 1440 691 0.6679018989832508 0.6780535598724938 0.5050042719397436
3 1946 1947 1017 0.6679018989832508 0.6780535598724938 0.5050042719397436
3 1946 1016 1945 0.6679018989832508 0.6780535598724938 0.5050042719397436
3 1017 1016 1946 0.6679018989832508 0.6780535598724938 0.5050042719397436
3 1948 1019 1018 0.6679018989832508 0.6780535598724938 0.5050042719397436
3 1018 1947 1948 0.6679018989832508 0.6780535598724938 0.5050042719397436
3 1952 1086 1087 0.6679018989832508 0.6780535598724938 0.5050042719397436
3 1087 1086 1396 0.6679018989832508 0.6780535598724938 0.5050042719397436
3 1087 1396 1397 0.6679018989832508 0.6780535598724938 0.5050042719397436
3 1397 1088 1087 0.6679018989832508 0.6780535598724938 0.5050042719397436
3 1396 1086 1395 0.6679018989832508 0.6780535598724938 0.5050042719397436
3 1395 1141 1396 0.6679018989832508 0.6780535598724938 0.5050042719397436
3 1395 1140 1141 0.6679018989832508 0.6780535598724938 0.5050042719397436
3 1140 1395 1394 0.6679018989832508 0.6780535598724938 0.5050042719397436
3 1394 1393 1139 0.6679018989832508 0.6780535598724938 0.5050042719397436
3 1139 1140 1394 0.6679018989832508 0.6780535598724938 0.5050042719397436
3 1077 545 1076 0.6679018989832508 0.6780535598724938 0.5050042719397436
3 1076 607 1077 0.6679018989832508 0.6780535598724938 0.5050042719397436
3 546 1944 1943 0.6679018989832508 0.6780535598724938 0.5050042719397436
3 1943 545 546 0.6679018989832508 0.6780535598724938 0.5050042719397436
3 546 1077 1078 0.6679018989832508 0.6780535598724938 0.5050042719397436
3 545 1077 546 0.6679018989832508 0.6780535598724938 0.5050042719397436
3 1474 1473 1426 0.6679018989832508 0.6780535598724938 0.5050042719397436
3 1161 1473 1474 0.6679018989832508 0.6780535598724938 0.5050042719397436
3 1474 1162 1161 0.6679018989832508 0.6780535598724938 0.5050042719397436
3 1143 1611 1612 0.6679018989832508 0.6780535598724938 0.5050042719397436
3 1143 1398 1397 0.6679018989832508 0.6780535598724938 0.5050042719397436
3 1612 1613 1143 0.6679018989832508 0.6780535598724938 0.5050042719397436
3 1399 1398 1143 0.6679018989832508 0.6780535598724938 0.5050042719397436
3 1507 1508 1929 0.6679018989832508 0.6780535598724938 0.5050042719397436
3 1929 1928 1507 0.6679018989832508 0.6780535598724938 0.5050042719397436
3 1507 1928 1506 0.6679018989832508 0.6780535598724938 0.5050042719397436
3 1507 1506 1736 0.6679018989832508 0.6780535598724938 0.5050042719397436
3 1736 1737 1507 0.6679018989832508 0.6780535598724938 0.5050042719397436
3 1507 1737 1508 0.6679018989832508 0.6780535598724938 0.5050042719397436
3 1731 1853 1854 0.6679018989832508 0.6780535598724938 0.5050042719397436
3 1854 1732 1731 0.6679018989832508 0.6780535598724938 0.5050042719397436
3 1926 1504 1505 0.6679018989832508 0.6780535598724938 0.5050042719397436
3 1199 1374 1373 0.6679018989832508 0.6780535598724938 0.5050042719397436
3 1373 1198 1199 0.6679018989832508 0.6780535598724938 0.5050042719397436
3 1200 1374 1199 0.6679018989832508 0.6780535598724938 0.5050042719397436
3 1199 1198 1759 0.6679018989832508 0.6780535598724938 0.5050042719397436
3 1760 1200 1199 0.6679018989832508 0.6780535598724938 0.5050042719397436
3 1199 1759 1760 0.6679018989832508 0.6780535598724938 0.5050042719397436
3 1759 1198 1758 0.6679018989832508 0.6780535598724938 0.5050042719397436
3 1758 1757 1254 0.6679018989832508 0.6780535598724938 0.5050042719397436
3 1758 1197 1757 0.6679018989832508 0.6780535598724938 0.5050042719397436
3 1758 1198 1197 0.6679018989832508 0.6780535598724938 0.5050042719397436
3 1758 1254 1255 0.6679018989832508 0.6780535598724938 0.5050042719397436
3 1255 1759 1758 0.6679018989832508 0.6780535598724938 0.5050042719397436
3 1648 1706 1647 0.6679018989832508 0.6780535598724938 0.5050042719397436
3 1647 1928 1648 0.6679018989832508 0.6780535598724938 0.5050042719397436
3 1331 1330 1704 0.6679018989832508 0.6780535598724938 0.5050042719397436
3 1331 1706 1830 0.6679018989832508 0.6780535598724938 0.5050042719397436
3 1706 1831 1830 0.6679018989832508 0.6780535598724938 0.5050042719397436
3 1707 1831 1706 0.6679018989832508 0.6780535598724938 0.5050042719397436
3 1707 1706 1648 0.6679018989832508 0.6780535598724938 0.5050042719397436
3 1707 1649 1708 0.6679018989832508 0.6780535598724938 0.5050042719397436
3 1648 1649 1707 0.6679018989832508 0.6780535598724938 0.5050042719397436
3 1673 1531 1532 0.6679018989832508 0.6780535598724938 0.5050042719397436
3 1532 1674 1673 0.6679018989832508 0.6780535598724938 0.5050042719397436
3 1646 1704 1645 0.6679018989832508 0.6780535598724938 0.5050042719397436
3 1875 329 1874 0.6679018989832508 0.6780535598724938 0.5050042719397436
3 1875 388 387 0.6679018989832508 0.6780535598724938 0.5050042719397436
3 387 329 1875 0.6679018989832508 0.6780535598724938 0.5050042719397436
3 1877 446 1876 0.6679018989832508 0.6780535598724938 0.5050042719397436
3 1876 446 388 0.6679018989832508 0.6780535598724938 0.5050042719397436
3 388 1875 1876 0.6679018989832508 0.6780535598724938 0.5050042719397436
3 1876 1875 788 0.6679018989832508 0.6780535598724938 0.5050042719397436
3 1879 1878 791 0.6679018989832508 0.6780535598724938 0.5050042719397436
3 791 1878 790 0.6679018989832508 0.6780535598724938 0.5050042719397436
3 793 1880 792 0.6679018989832508 0.6780535598724938 0.5050042719397436
3 792 1295 793 0.6679018989832508 0.6780535598724938 0.5050042719397436
3 1294 1295 792 0.6679018989832508 0.6780535598724938 0.5050042719397436
3 792 791 1294 0.6679018989832508 0.6780535598724938 0.5050042719397436
3 792 1880 1879 0.6679018989832508 0.6780535598724938 0.5050042719397436
3 1879 791 792 0.6679018989832508 0.6780535598724938 0.5050042719397436
3 958 959 1522 0.6679018989832508 0.6780535598724938 0.5050042719397436
3 1522 1521 958 0.6679018989832508 0.6780535598724938 0.5050042719397436
3 1522 959 1523 0.6679018989832508 0.6780535598724938 0.5050042719397436
3 1523 1665 1522 0.6679018989832508 0.6780535598724938 0.5050042719397436
3 1296 1295 805 0.6679018989832508 0.6780535598724938 0.5050042719397436
3 805 1295 1294 0.6679018989832508 0.6780535598724938 0.5050042719397436
3 1664 1297 1296 0.6679018989832508 0.6780535598724938 0.5050042719397436
3 1664 1665 1297 0.6679018989832508 0.6780535598724938 0.5050042719397436
3 1664 1522 1665 0.6679018989832508 0.6780535598724938 0.5050042719397436
3 1521 1522 1664 0.6679018989832508 0.6780535598724938 0.5050042719397436
3 956 1520 1519 0.6679018989832508 0.6780535598724938 0.5050042719397436
3 314 695 1778 0.6679018989832508 0.6780535598724938 0.5050042719397436
3 314 308 695 0.6679018989832508 0.6780535598724938 0.5050042719397436
3 314 859 1779 0.6679018989832508 0.6780535598724938 0.5050042719397436
3 1778 859 314 0.6679018989832508 0.6780535598724938 0.5050042719397436
3 1779 309 696 0.6679018989832508 0.6780535598724938 0.5050042719397436
3 696 314 1779 0.6679018989832508 0.6780535598724938 0.5050042719397436
3 308 314 696 0.6679018989832508 0.6780535598724938 0.5050042719397436
3 1090 760 302 0.6679018989832508 0.6780535598724938 0.5050042719397436
3 760 308 302 0.6679018989832508 0.6780535598724938 0.5050042719397436
3 302 296 1090 0.6679018989832508 0.6780535598724938 0.5050042719397436
3 1091 296 302 0.6679018989832508 0.6780535598724938 0.5050042719397436
3 23 295 22 0.6679018989832508 0.6780535598724938 0.5050042719397436
3 373 297 1092 0.6679018989832508 0.6780535598724938 0.5050042719397436
3 1406 297 373 0.6679018989832508 0.6780535598724938 0.5050042719397436
3 1092 298 373 0.6679018989832508 0.6780535598724938 0.5050042719397436
3 303 297 1091 0.6679018989832508 0.6780535598724938 0.5050042719397436
3 309 762 303 0.6679018989832508 0.6780535598724938 0.5050042719397436
3 762 1092 303 0.6679018989832508 0.6780535598724938 0.5050042719397436
3 1092 297 303 0.6679018989832508 0.6780535598724938 0.5050042719397436
3 372 1406 365 0.6679018989832508 0.6780535598724938 0.5050042719397436
3 426 20 365 0.6679018989832508 0.6780535598724938 0.5050042719397436
3 763 764 1093 0.6679018989832508 0.6780535598724938 0.5050042719397436
3 304 763 1093 0.6679018989832508 0.6780535598724938 0.5050042719397436
3 1093 298 304 0.6679018989832508 0.6780535598724938 0.5050042719397436
3 1817 1818 958 0.6679018989832508 0.6780535598724938 0.5050042719397436
3 958 957 1817 0.6679018989832508 0.6780535598724938 0.5050042719397436
3 1319 1692 1320 0.6679018989832508 0.6780535598724938 0.5050042719397436
3 1319 1817 1318 0.6679018989832508 0.6780535598724938 0.5050042719397436
3 1320 1818 1319 0.6679018989832508 0.6780535598724938 0.5050042719397436
3 1818 1817 1319 0.6679018989832508 0.6780535598724938 0.5050042719397436
3 1690 1172 1691 0.6679018989832508 0.6780535598724938 0.5050042719397436
3 1628 1337 1338 0.6679018989832508 0.6780535598724938 0.5050042719397436
3 1628 1627 1337 0.6679018989832508 0.6780535598724938 0.5050042719397436
3 1626 1627 1168 0.6679018989832508 0.6780535598724938 0.5050042719397436
3 1684 1165 222 0.6679018989832508 0.6780535598724938 0.5050042719397436
3 222 1166 1684 0.6679018989832508 0.6780535598724938 0.5050042719397436
3 1683 1165 1684 0.6679018989832508 0.6780535598724938 0.5050042719397436
3 1166 1685 1684 0.6679018989832508 0.6780535598724938 0.5050042719397436
3 1314 709 1315 0.6679018989832508 0.6780535598724938 0.5050042719397436
3 1511 1807 253 0.6679018989832508 0.6780535598724938 0.5050042719397436
3 253 1807 448 0.6679018989832508 0.6780535598724938 0.5050042719397436
3 448 1309 332 0.6679018989832508 0.6780535598724938 0.5050042719397436
3 1309 1808 332 0.6679018989832508 0.6780535598724938 0.5050042719397436
3 450 1310 705 0.6679018989832508 0.6780535598724938 0.5050042719397436
3 450 1809 1310 0.6679018989832508 0.6780535598724938 0.5050042719397436
3 705 1311 450 0.6679018989832508 0.6780535598724938 0.5050042719397436
3 334 1809 450 0.6679018989832508 0.6780535598724938 0.5050042719397436
3 950 1809 334 0.6679018989832508 0.6780535598724938 0.5050042719397436
3 974 1495 973 0.6679018989832508 0.6780535598724938 0.5050042719397436
3 974 973 1724 0.6679018989832508 0.6780535598724938 0.5050042719397436
3 1724 1725 974 0.6679018989832508 0.6780535598724938 0.5050042719397436
3 1497 1919 1918 0.6679018989832508 0.6780535598724938 0.5050042719397436
3 969 968 1719 0.6679018989832508 0.6780535598724938 0.5050042719397436
3 1719 1720 969 0.6679018989832508 0.6780535598724938 0.5050042719397436
3 1719 968 1718 0.6679018989832508 0.6780535598724938 0.5050042719397436
3 1045 1720 1719 0.6679018989832508 0.6780535598724938 0.5050042719397436
3 1718 1044 1719 0.6679018989832508 0.6780535598724938 0.5050042719397436
3 1719 1044 1045 0.6679018989832508 0.6780535598724938 0.5050042719397436
3 1046 1047 1721 0.6679018989832508 0.6780535598724938 0.5050042719397436
3 1721 1720 1046 0.6679018989832508 0.6780535598724938 0.5050042719397436
3 1046 1720 1045 0.6679018989832508 0.6780535598724938 0.5050042719397436
3 984 1047 1046 0.6679018989832508 0.6780535598724938 0.5050042719397436
3 1046 983 984 0.6679018989832508 0.6780535598724938 0.5050042719397436
3 1045 983 1046 0.6679018989832508 0.6780535598724938 0.5050042719397436
3 1718 1717 1043 0.6679018989832508 0.6780535598724938 0.5050042719397436
3 1043 1044 1718 0.6679018989832508 0.6780535598724938 0.5050042719397436
3 1043 981 1044 0.6679018989832508 0.6780535598724938 0.5050042719397436
3 1043 1717 1042 0.6679018989832508 0.6780535598724938 0.5050042719397436
3 1043 1042 980 0.6679018989832508 0.6780535598724938 0.5050042719397436
3 980 981 1043 0.6679018989832508 0.6780535598724938 0.5050042719397436
3 1635 1345 1636 0.6679018989832508 0.6780535598724938 0.5050042719397436
3 1327 1326 1700 0.6679018989832508 0.6780535598724938 0.5050042719397436
3 1177 1695 1176 0.6679018989832508 0.6780535598724938 0.5050042719397436
3 1177 1696 1695 0.6679018989832508 0.6780535598724938 0.5050042719397436
3 1177 1176 1635 0.6679018989832508 0.6780535598724938 0.5050042719397436
3 1635 1636 1177 0.6679018989832508 0.6780535598724938 0.5050042719397436
3 1638 1179 1637 0.6679018989832508 0.6780535598724938 0.5050042719397436
3 1129 626 627 0.6679018989832508 0.6780535598724938 0.5050042719397436
3 627 626 1598 0.6679018989832508 0.6780535598724938 0.5050042719397436
3 1598 1599 627 0.6679018989832508 0.6780535598724938 0.5050042719397436
3 627 1599 628 0.6679018989832508 0.6780535598724938 0.5050042719397436
3 1130 616 1129 0.6679018989832508 0.6780535598724938 0.5050042719397436
3 1129 627 1130 0.6679018989832508 0.6780535598724938 0.5050042719397436
3 628 1131 1130 0.6679018989832508 0.6780535598724938 0.5050042719397436
3 1130 627 628 0.6679018989832508 0.6780535598724938 0.5050042719397436
3 1605 1137 1136 0.6679018989832508 0.6780535598724938 0.5050042719397436
3 1604 1603 1156 0.6679018989832508 0.6780535598724938 0.5050042719397436
3 1605 1136 1604 0.6679018989832508 0.6780535598724938 0.5050042719397436
3 1604 1136 1135 0.6679018989832508 0.6780535598724938 0.5050042719397436
3 631 1603 1604 0.6679018989832508 0.6780535598724938 0.5050042719397436
3 1604 1135 631 0.6679018989832508 0.6780535598724938 0.5050042719397436
3 1604 1156 1157 0.6679018989832508 0.6780535598724938 0.5050042719397436
3 1157 1605 1604 0.6679018989832508 0.6780535598724938 0.5050042719397436
3 1132 630 1133 0.6679018989832508 0.6780535598724938 0.5050042719397436
3 1133 630 631 0.6679018989832508 0.6780535598724938 0.5050042719397436
3 898 937 897 0.6679018989832508 0.6780535598724938 0.5050042719397436
3 898 897 718 0.6679018989832508 0.6780535598724938 0.5050042719397436
3 718 719 898 0.6679018989832508 0.6780535598724938 0.5050042719397436
3 898 719 899 0.6679018989832508 0.6780535598724938 0.5050042719397436
3 899 938 898 0.6679018989832508 0.6780535598724938 0.5050042719397436
3 938 937 898 0.6679018989832508 0.6780535598724938 0.5050042719397436
3 1357 280 277 0.6679018989832508 0.6780535598724938 0.5050042719397436
3 277 738 1357 0.6679018989832508 0.6780535598724938 0.5050042719397436
3 1357 738 276 0.6679018989832508 0.6780535598724938 0.5050042719397436
3 1357 276 279 0.6679018989832508 0.6780535598724938 0.5050042719397436
3 279 747 1357 0.6679018989832508 0.6780535598724938 0.5050042719397436
3 747 280 1357 0.6679018989832508 0.6780535598724938 0.5050042719397436
3 256 261 664 0.6679018989832508 0.6780535598724938 0.5050042719397436
3 664 819 256 0.6679018989832508 0.6780535598724938 0.5050042719397436
3 663 261 256 0.6679018989832508 0.6780535598724938 0.5050042719397436
3 256 819 340 0.6679018989832508 0.6780535598724938 0.5050042719397436
3 256 818 663 0.6679018989832508 0.6780535598724938 0.5050042719397436
3 340 818 256 0.6679018989832508 0.6780535598724938 0.5050042719397436
3 341 819 257 0.6679018989832508 0.6780535598724938 0.5050042719397436
3 257 820 341 0.6679018989832508 0.6780535598724938 0.5050042719397436
3 257 819 664 0.6679018989832508 0.6780535598724938 0.5050042719397436
3 665 820 257 0.6679018989832508 0.6780535598724938 0.5050042719397436
3 257 262 665 0.6679018989832508 0.6780535598724938 0.5050042719397436
3 664 262 257 0.6679018989832508 0.6780535598724938 0.5050042719397436
3 537 1013 536 0.6679018989832508 0.6780535598724938 0.5050042719397436
3 537 1943 538 0.6679018989832508 0.6780535598724938 0.5050042719397436
3 538 1014 537 0.6679018989832508 0.6780535598724938 0.5050042719397436
3 1014 1013 537 0.6679018989832508 0.6780535598724938 0.5050042719397436
3 1942 1943 537 0.6679018989832508 0.6780535598724938 0.5050042719397436
3 537 536 1942 0.6679018989832508 0.6780535598724938 0.5050042719397436
3 1465 565 1464 0.6679018989832508 0.6780535598724938 0.5050042719397436
3 1466 565 1465 0.6679018989832508 0.6780535598724938 0.5050042719397436
3 1464 1033 1465 0.6679018989832508 0.6780535598724938 0.5050042719397436
3 1034 1466 1465 0.6679018989832508 0.6780535598724938 0.5050042719397436
3 1465 1033 1034 0.6679018989832508 0.6780535598724938 0.5050042719397436
3 1137 1606 1138 0.6679018989832508 0.6780535598724938 0.5050042719397436
3 1606 1607 1138 0.6679018989832508 0.6780535598724938 0.5050042719397436
3 1138 1607 1139 0.6679018989832508 0.6780535598724938 0.5050042719397436
3 1139 1393 1138 0.6679018989832508 0.6780535598724938 0.5050042719397436
3 1615 1478 1479 0.6679018989832508 0.6780535598724938 0.5050042719397436
3 1801 1480 1479 0.6679018989832508 0.6780535598724938 0.5050042719397436
3 1429 1479 1478 0.6679018989832508 0.6780535598724938 0.5050042719397436
3 1799 1800 1429 0.6679018989832508 0.6780535598724938 0.5050042719397436
3 1429 1428 1799 0.6679018989832508 0.6780535598724938 0.5050042719397436
3 1429 1800 1801 0.6679018989832508 0.6780535598724938 0.5050042719397436
3 1801 1479 1429 0.6679018989832508 0.6780535598724938 0.5050042719397436
3 1614 1478 1615 0.6679018989832508 0.6780535598724938 0.5050042719397436
3 1614 1613 1478 0.6679018989832508 0.6780535598724938 0.5050042719397436
3 1615 1400 1614 0.6679018989832508 0.6780535598724938 0.5050042719397436
3 1614 1400 1399 0.6679018989832508 0.6780535598724938 0.5050042719397436
3 1399 1143 1614 0.6679018989832508 0.6780535598724938 0.5050042719397436
3 1614 1143 1613 0.6679018989832508 0.6780535598724938 0.5050042719397436
3 1162 1474 1475 0.6679018989832508 0.6780535598724938 0.5050042719397436
3 1475 1426 1427 0.6679018989832508 0.6780535598724938 0.5050042719397436
3 1475 1474 1426 0.6679018989832508 0.6780535598724938 0.5050042719397436
3 1793 1280 1281 0.6679018989832508 0.6780535598724938 0.5050042719397436
3 1282 1794 1281 0.6679018989832508 0.6780535598724938 0.5050042719397436
3 1281 1794 1793 0.6679018989832508 0.6780535598724938 0.5050042719397436
3 1281 1239 1282 0.6679018989832508 0.6780535598724938 0.5050042719397436
3 1281 1280 1239 0.6679018989832508 0.6780535598724938 0.5050042719397436
3 1279 1238 1239 0.6679018989832508 0.6780535598724938 0.5050042719397436
3 1239 1280 1279 0.6679018989832508 0.6780535598724938 0.5050042719397436
3 1278 1238 1279 0.6679018989832508 0.6780535598724938 0.5050042719397436
3 1279 1791 1278 0.6679018989832508 0.6780535598724938 0.5050042719397436
3 1792 1791 1279 0.6679018989832508 0.6780535598724938 0.5050042719397436
3 1279 1280 1792 0.6679018989832508 0.6780535598724938 0.5050042719397436
3 1422 1421 1106 0.6679018989832508 0.6780535598724938 0.5050042719397436
3 1106 1794 1422 0.6679018989832508 0.6780535598724938 0.5050042719397436
3 1793 1794 1106 0.6679018989832508 0.6780535598724938 0.5050042719397436
3 1106 1105 1792 0.6679018989832508 0.6780535598724938 0.5050042719397436
3 1792 1793 1106 0.6679018989832508 0.6780535598724938 0.5050042719397436
3 1420 1105 1106 0.6679018989832508 0.6780535598724938 0.5050042719397436
3 1106 1421 1420 0.6679018989832508 0.6780535598724938 0.5050042719397436
3 1037 1421 1422 0.6679018989832508 0.6780535598724938 0.5050042719397436
3 1036 1421 1037 0.6679018989832508 0.6780535598724938 0.5050042719397436
3 1470 1469 1037 0.6679018989832508 0.6780535598724938 0.5050042719397436
3 1037 1469 1468 0.6679018989832508 0.6780535598724938 0.5050042719397436
3 1468 1036 1037 0.6679018989832508 0.6780535598724938 0.5050042719397436
3 1037 1423 1470 0.6679018989832508 0.6780535598724938 0.5050042719397436
3 1422 1423 1037 0.6679018989832508 0.6780535598724938 0.5050042719397436
3 1424 1423 1795 0.6679018989832508 0.6780535598724938 0.5050042719397436
3 1424 1796 1425 0.6679018989832508 0.6780535598724938 0.5050042719397436
3 1795 1796 1424 0.6679018989832508 0.6780535598724938 0.5050042719397436
3 1425 1472 1424 0.6679018989832508 0.6780535598724938 0.5050042719397436
3 1472 1471 1424 0.6679018989832508 0.6780535598724938 0.5050042719397436
3 1471 1423 1424 0.6679018989832508 0.6780535598724938 0.5050042719397436
3 1409 376 369 0.6679018989832508 0.6780535598724938 0.5050042719397436
3 369 368 1409 0.6679018989832508 0.6780535598724938 0.5050042719397436
3 552 1596 551 0.6679018989832508 0.6780535598724938 0.5050042719397436
3 1149 553 552 0.6679018989832508 0.6780535598724938 0.5050042719397436
3 552 553 1597 0.6679018989832508 0.6780535598724938 0.5050042719397436
3 1597 1596 552 0.6679018989832508 0.6780535598724938 0.5050042719397436
3 552 1148 1149 0.6679018989832508 0.6780535598724938 0.5050042719397436
3 551 1148 552 0.6679018989832508 0.6780535598724938 0.5050042719397436
3 1460 495 494 0.6679018989832508 0.6780535598724938 0.5050042719397436
3 560 493 494 0.6679018989832508 0.6780535598724938 0.5050042719397436
3 494 561 560 0.6679018989832508 0.6780535598724938 0.5050042719397436
3 494 495 561 0.6679018989832508 0.6780535598724938 0.5050042719397436
3 493 1459 494 0.6679018989832508 0.6780535598724938 0.5050042719397436
3 494 1459 1460 0.6679018989832508 0.6780535598724938 0.5050042719397436
3 1260 1765 1764 0.6679018989832508 0.6780535598724938 0.5050042719397436
3 1764 1763 1260 0.6679018989832508 0.6780535598724938 0.5050042719397436
3 1260 1766 1765 0.6679018989832508 0.6780535598724938 0.5050042719397436
3 1257 1256 1580 0.6679018989832508 0.6780535598724938 0.5050042719397436
3 1580 1256 1005 0.6679018989832508 0.6780535598724938 0.5050042719397436
3 1960 1404 1961 0.6679018989832508 0.6780535598724938 0.5050042719397436
3 1960 1959 1404 0.6679018989832508 0.6780535598724938 0.5050042719397436
3 1404 1959 1403 0.6679018989832508 0.6780535598724938 0.5050042719397436
3 1403 1617 1404 0.6679018989832508 0.6780535598724938 0.5050042719397436
3 1402 1617 1403 0.6679018989832508 0.6780535598724938 0.5050042719397436
3 1958 1402 1403 0.6679018989832508 0.6780535598724938 0.5050042719397436
3 1403 1959 1958 0.6679018989832508 0.6780535598724938 0.5050042719397436
3 1404 1620 1962 0.6679018989832508 0.6780535598724938 0.5050042719397436
3 1620 1963 1962 0.6679018989832508 0.6780535598724938 0.5050042719397436
3 1961 1404 1962 0.6679018989832508 0.6780535598724938 0.5050042719397436
3 1963 1592 1962 0.6679018989832508 0.6780535598724938 0.5050042719397436
3 1738 1737 1861 0.6679018989832508 0.6780535598724938 0.5050042719397436
3 1861 1737 1860 0.6679018989832508 0.6780535598724938 0.5050042719397436
3 1558 1559 1861 0.6679018989832508 0.6780535598724938 0.5050042719397436
3 1861 1860 1558 0.6679018989832508 0.6780535598724938 0.5050042719397436
3 1379 1766 1767 0.6679018989832508 0.6780535598724938 0.5050042719397436
3 1765 1766 1379 0.6679018989832508 0.6780535598724938 0.5050042719397436
3 1764 1765 1379 0.6679018989832508 0.6780535598724938 0.5050042719397436
3 1379 1378 1764 0.6679018989832508 0.6780535598724938 0.5050042719397436
3 1929 1508 1930 0.6679018989832508 0.6780535598724938 0.5050042719397436
3 1508 1931 1930 0.6679018989832508 0.6780535598724938 0.5050042719397436
3 1930 1649 1929 0.6679018989832508 0.6780535598724938 0.5050042719397436
3 839 1752 840 0.6679018989832508 0.6780535598724938 0.5050042719397436
3 1752 1753 840 0.6679018989832508 0.6780535598724938 0.5050042719397436
3 840 1753 841 0.6679018989832508 0.6780535598724938 0.5050042719397436
3 841 1193 840 0.6679018989832508 0.6780535598724938 0.5050042719397436
3 1192 839 840 0.6679018989832508 0.6780535598724938 0.5050042719397436
3 840 1193 1192 0.6679018989832508 0.6780535598724938 0.5050042719397436
3 1947 1946 1081 0.6679018989832508 0.6780535598724938 0.5050042719397436
3 1949 1020 1019 0.6679018989832508 0.6780535598724938 0.5050042719397436
3 1019 1948 1949 0.6679018989832508 0.6780535598724938 0.5050042719397436
3 1949 1948 1083 0.6679018989832508 0.6780535598724938 0.5050042719397436
3 608 607 1385 0.6679018989832508 0.6780535598724938 0.5050042719397436
3 1385 1386 608 0.6679018989832508 0.6780535598724938 0.5050042719397436
3 608 1077 607 0.6679018989832508 0.6780535598724938 0.5050042719397436
3 608 609 1078 0.6679018989832508 0.6780535598724938 0.5050042719397436
3 1078 1077 608 0.6679018989832508 0.6780535598724938 0.5050042719397436
3 1945 1944 547 0.6679018989832508 0.6780535598724938 0.5050042719397436
3 1944 546 547 0.6679018989832508 0.6780535598724938 0.5050042719397436
3 547 546 1078 0.6679018989832508 0.6780535598724938 0.5050042719397436
3 1611 1143 1142 0.6679018989832508 0.6780535598724938 0.5050042719397436
3 1142 1141 1610 0.6679018989832508 0.6780535598724938 0.5050042719397436
3 1610 1611 1142 0.6679018989832508 0.6780535598724938 0.5050042719397436
3 1142 1143 1397 0.6679018989832508 0.6780535598724938 0.5050042719397436
3 1397 1396 1142 0.6679018989832508 0.6780535598724938 0.5050042719397436
3 1396 1141 1142 0.6679018989832508 0.6780535598724938 0.5050042719397436
3 1730 990 1853 0.6679018989832508 0.6780535598724938 0.5050042719397436
3 1853 1731 1730 0.6679018989832508 0.6780535598724938 0.5050042719397436
3 1928 1647 1927 0.6679018989832508 0.6780535598724938 0.5050042719397436
3 1927 1926 1505 0.6679018989832508 0.6780535598724938 0.5050042719397436
3 1505 1506 1927 0.6679018989832508 0.6780535598724938 0.5050042719397436
3 1506 1928 1927 0.6679018989832508 0.6780535598724938 0.5050042719397436
3 1705 1706 1331 0.6679018989832508 0.6780535598724938 0.5050042719397436
3 1331 1704 1705 0.6679018989832508 0.6780535598724938 0.5050042719397436
3 1705 1704 1646 0.6679018989832508 0.6780535598724938 0.5050042719397436
3 1646 1647 1705 0.6679018989832508 0.6780535598724938 0.5050042719397436
3 1705 1647 1706 0.6679018989832508 0.6780535598724938 0.5050042719397436
3 1830 1532 1829 0.6679018989832508 0.6780535598724938 0.5050042719397436
3 1828 1331 1829 0.6679018989832508 0.6780535598724938 0.5050042719397436
3 1331 1830 1829 0.6679018989832508 0.6780535598724938 0.5050042719397436
3 1829 1531 1828 0.6679018989832508 0.6780535598724938 0.5050042719397436
3 1829 1532 1531 0.6679018989832508 0.6780535598724938 0.5050042719397436
3 1675 1534 1676 0.6679018989832508 0.6780535598724938 0.5050042719397436
3 1307 1675 1676 0.6679018989832508 0.6780535598724938 0.5050042719397436
3 1676 1894 1307 0.6679018989832508 0.6780535598724938 0.5050042719397436
3 1677 1895 1676 0.6679018989832508 0.6780535598724938 0.5050042719397436
3 1895 1894 1676 0.6679018989832508 0.6780535598724938 0.5050042719397436
3 1533 1534 1675 0.6679018989832508 0.6780535598724938 0.5050042719397436
3 1675 1674 1533 0.6679018989832508 0.6780535598724938 0.5050042719397436
3 1674 1532 1533 0.6679018989832508 0.6780535598724938 0.5050042719397436
3 1831 1534 1533 0.6679018989832508 0.6780535598724938 0.5050042719397436
3 1533 1830 1831 0.6679018989832508 0.6780535598724938 0.5050042719397436
3 1533 1532 1830 0.6679018989832508 0.6780535598724938 0.5050042719397436
3 1934 1837 1711 0.6679018989832508 0.6780535598724938 0.5050042719397436
3 1646 1645 1355 0.6679018989832508 0.6780535598724938 0.5050042719397436
3 1926 1927 1355 0.6679018989832508 0.6780535598724938 0.5050042719397436
3 1355 1647 1646 0.6679018989832508 0.6780535598724938 0.5050042719397436
3 1355 1927 1647 0.6679018989832508 0.6780535598724938 0.5050042719397436
3 789 790 1877 0.6679018989832508 0.6780535598724938 0.5050042719397436
3 1877 1876 789 0.6679018989832508 0.6780535598724938 0.5050042719397436
3 789 1876 788 0.6679018989832508 0.6780535598724938 0.5050042719397436
3 788 1875 787 0.6679018989832508 0.6780535598724938 0.5050042719397436
3 787 1290 788 0.6679018989832508 0.6780535598724938 0.5050042719397436
3 787 1874 786 0.6679018989832508 0.6780535598724938 0.5050042719397436
3 787 1875 1874 0.6679018989832508 0.6780535598724938 0.5050042719397436
3 1663 805 1662 0.6679018989832508 0.6780535598724938 0.5050042719397436
3 1296 805 1663 0.6679018989832508 0.6780535598724938 0.5050042719397436
3 1663 1664 1296 0.6679018989832508 0.6780535598724938 0.5050042719397436
3 1521 1664 1663 0.6679018989832508 0.6780535598724938 0.5050042719397436
3 1091 302 761 0.6679018989832508 0.6780535598724938 0.5050042719397436
3 761 696 309 0.6679018989832508 0.6780535598724938 0.5050042719397436
3 308 696 761 0.6679018989832508 0.6780535598724938 0.5050042719397436
3 761 302 308 0.6679018989832508 0.6780535598724938 0.5050042719397436
3 309 303 761 0.6679018989832508 0.6780535598724938 0.5050042719397436
3 761 303 1091 0.6679018989832508 0.6780535598724938 0.5050042719397436
3 371 295 1090 0.6679018989832508 0.6780535598724938 0.5050042719397436
3 371 22 295 0.6679018989832508 0.6780535598724938 0.5050042719397436
3 1090 296 371 0.6679018989832508 0.6780535598724938 0.5050042719397436
3 1406 373 366 0.6679018989832508 0.6780535598724938 0.5050042719397436
3 366 365 1406 0.6679018989832508 0.6780535598724938 0.5050042719397436
3 426 365 366 0.6679018989832508 0.6780535598724938 0.5050042719397436
3 427 426 366 0.6679018989832508 0.6780535598724938 0.5050042719397436
3 366 367 427 0.6679018989832508 0.6780535598724938 0.5050042719397436
3 299 764 1094 0.6679018989832508 0.6780535598724938 0.5050042719397436
3 299 1093 764 0.6679018989832508 0.6780535598724938 0.5050042719397436
3 956 1519 955 0.6679018989832508 0.6780535598724938 0.5050042719397436
3 955 1815 956 0.6679018989832508 0.6780535598724938 0.5050042719397436
3 1814 1815 955 0.6679018989832508 0.6780535598724938 0.5050042719397436
3 1812 1811 452 0.6679018989832508 0.6780535598724938 0.5050042719397436
3 1172 1690 1171 0.6679018989832508 0.6780535598724938 0.5050042719397436
3 1630 1172 1171 0.6679018989832508 0.6780535598724938 0.5050042719397436
3 713 1690 1691 0.6679018989832508 0.6780535598724938 0.5050042719397436
3 713 1319 1318 0.6679018989832508 0.6780535598724938 0.5050042719397436
3 1691 1692 713 0.6679018989832508 0.6780535598724938 0.5050042719397436
3 1692 1319 713 0.6679018989832508 0.6780535598724938 0.5050042719397436
3 1316 1814 1315 0.6679018989832508 0.6780535598724938 0.5050042719397436
3 1316 1815 1814 0.6679018989832508 0.6780535598724938 0.5050042719397436
3 1168 1627 1169 0.6679018989832508 0.6780535598724938 0.5050042719397436
3 1627 1628 1169 0.6679018989832508 0.6780535598724938 0.5050042719397436
3 1169 1687 1168 0.6679018989832508 0.6780535598724938 0.5050042719397436
3 1688 1687 1169 0.6679018989832508 0.6780535598724938 0.5050042719397436
3 1625 1624 337 0.6679018989832508 0.6780535598724938 0.5050042719397436
3 1625 1166 1624 0.6679018989832508 0.6780535598724938 0.5050042719397436
3 1627 1626 339 0.6679018989832508 0.6780535598724938 0.5050042719397436
3 1336 1337 339 0.6679018989832508 0.6780535598724938 0.5050042719397436
3 1337 1627 339 0.6679018989832508 0.6780535598724938 0.5050042719397436
3 339 1335 1336 0.6679018989832508 0.6780535598724938 0.5050042719397436
3 708 1314 1313 0.6679018989832508 0.6780535598724938 0.5050042719397436
3 709 1314 708 0.6679018989832508 0.6780535598724938 0.5050042719397436
3 706 1311 1683 0.6679018989832508 0.6780535598724938 0.5050042719397436
3 1683 1684 706 0.6679018989832508 0.6780535598724938 0.5050042719397436
3 1313 1314 453 0.6679018989832508 0.6780535598724938 0.5050042719397436
3 453 452 1313 0.6679018989832508 0.6780535598724938 0.5050042719397436
3 1812 452 453 0.6679018989832508 0.6780535598724938 0.5050042719397436
3 948 253 448 0.6679018989832508 0.6780535598724938 0.5050042719397436
3 448 332 948 0.6679018989832508 0.6780535598724938 0.5050042719397436
3 975 1726 1727 0.6679018989832508 0.6780535598724938 0.5050042719397436
3 1725 1726 975 0.6679018989832508 0.6780535598724938 0.5050042719397436
3 975 974 1725 0.6679018989832508 0.6780535598724938 0.5050042719397436
3 1497 1918 1496 0.6679018989832508 0.6780535598724938 0.5050042719397436
3 1496 975 1497 0.6679018989832508 0.6780535598724938 0.5050042719397436
3 1495 974 1496 0.6679018989832508 0.6780535598724938 0.5050042719397436
3 974 975 1496 0.6679018989832508 0.6780535598724938 0.5050042719397436
3 1916 1495 1917 0.6679018989832508 0.6780535598724938 0.5050042719397436
3 1495 1496 1917 0.6679018989832508 0.6780535598724938 0.5050042719397436
3 1917 1496 1918 0.6679018989832508 0.6780535598724938 0.5050042719397436
3 1347 1917 1918 0.6679018989832508 0.6780535598724938 0.5050042719397436
3 1347 1638 1637 0.6679018989832508 0.6780535598724938 0.5050042719397436
3 1498 1919 1497 0.6679018989832508 0.6780535598724938 0.5050042719397436
3 1498 975 1727 0.6679018989832508 0.6780535598724938 0.5050042719397436
3 1497 975 1498 0.6679018989832508 0.6780535598724938 0.5050042719397436
3 1699 1700 1326 0.6679018989832508 0.6780535598724938 0.5050042719397436
3 1699 1326 1325 0.6679018989832508 0.6780535598724938 0.5050042719397436
3 1325 1698 1699 0.6679018989832508 0.6780535598724938 0.5050042719397436
3 1700 1699 1181 0.6679018989832508 0.6780535598724938 0.5050042719397436
3 1181 1699 1698 0.6679018989832508 0.6780535598724938 0.5050042719397436
3 1329 1328 1702 0.6679018989832508 0.6780535598724938 0.5050042719397436
3 1696 1177 1178 0.6679018989832508 0.6780535598724938 0.5050042719397436
3 1697 1696 1178 0.6679018989832508 0.6780535598724938 0.5050042719397436
3 1178 1179 1697 0.6679018989832508 0.6780535598724938 0.5050042719397436
3 1637 1179 1178 0.6679018989832508 0.6780535598724938 0.5050042719397436
3 1178 1636 1637 0.6679018989832508 0.6780535598724938 0.5050042719397436
3 1178 1177 1636 0.6679018989832508 0.6780535598724938 0.5050042719397436
3 616 1130 617 0.6679018989832508 0.6780535598724938 0.5050042719397436
3 618 1385 617 0.6679018989832508 0.6780535598724938 0.5050042719397436
3 617 1131 618 0.6679018989832508 0.6780535598724938 0.5050042719397436
3 617 1130 1131 0.6679018989832508 0.6780535598724938 0.5050042719397436
3 1385 1384 617 0.6679018989832508 0.6780535598724938 0.5050042719397436
3 1384 616 617 0.6679018989832508 0.6780535598724938 0.5050042719397436
3 1391 1136 1137 0.6679018989832508 0.6780535598724938 0.5050042719397436
3 631 1135 1134 0.6679018989832508 0.6780535598724938 0.5050042719397436
3 1134 1133 631 0.6679018989832508 0.6780535598724938 0.5050042719397436
3 618 1132 619 0.6679018989832508 0.6780535598724938 0.5050042719397436
3 1132 1133 619 0.6679018989832508 0.6780535598724938 0.5050042719397436
3 619 1386 618 0.6679018989832508 0.6780535598724938 0.5050042719397436
3 1480 1617 1616 0.6679018989832508 0.6780535598724938 0.5050042719397436
3 1615 1479 1616 0.6679018989832508 0.6780535598724938 0.5050042719397436
3 1616 1479 1480 0.6679018989832508 0.6780535598724938 0.5050042719397436
3 1616 1617 1402 0.6679018989832508 0.6780535598724938 0.5050042719397436
3 1401 1615 1616 0.6679018989832508 0.6780535598724938 0.5050042719397436
3 1616 1402 1401 0.6679018989832508 0.6780535598724938 0.5050042719397436
3 1481 1617 1480 0.6679018989832508 0.6780535598724938 0.5050042719397436
3 1803 1620 1481 0.6679018989832508 0.6780535598724938 0.5050042719397436
3 1481 1802 1803 0.6679018989832508 0.6780535598724938 0.5050042719397436
3 1481 1480 1802 0.6679018989832508 0.6780535598724938 0.5050042719397436
3 1612 1162 1476 0.6679018989832508 0.6780535598724938 0.5050042719397436
3 1162 1475 1476 0.6679018989832508 0.6780535598724938 0.5050042719397436
3 1427 1428 1476 0.6679018989832508 0.6780535598724938 0.5050042719397436
3 1476 1475 1427 0.6679018989832508 0.6780535598724938 0.5050042719397436
3 375 368 1408 0.6679018989832508 0.6780535598724938 0.5050042719397436
3 375 1409 368 0.6679018989832508 0.6780535598724938 0.5050042719397436
3 375 299 1094 0.6679018989832508 0.6780535598724938 0.5050042719397436
3 1408 299 375 0.6679018989832508 0.6780535598724938 0.5050042719397436
3 1094 1095 375 0.6679018989832508 0.6780535598724938 0.5050042719397436
3 375 1095 376 0.6679018989832508 0.6780535598724938 0.5050042719397436
3 376 1409 375 0.6679018989832508 0.6780535598724938 0.5050042719397436
3 1259 1763 1762 0.6679018989832508 0.6780535598724938 0.5050042719397436
3 1259 1260 1763 0.6679018989832508 0.6780535598724938 0.5050042719397436
3 1766 1260 1587 0.6679018989832508 0.6780535598724938 0.5050042719397436
3 1767 1766 1587 0.6679018989832508 0.6780535598724938 0.5050042719397436
3 1579 1580 1005 0.6679018989832508 0.6780535598724938 0.5050042719397436
3 1591 1592 1770 0.6679018989832508 0.6780535598724938 0.5050042719397436
3 1770 1590 1591 0.6679018989832508 0.6780535598724938 0.5050042719397436
3 1441 853 1440 0.6679018989832508 0.6780535598724938 0.5050042719397436
3 1441 1211 1212 0.6679018989832508 0.6780535598724938 0.5050042719397436
3 1440 1211 1441 0.6679018989832508 0.6780535598724938 0.5050042719397436
3 1440 853 852 0.6679018989832508 0.6780535598724938 0.5050042719397436
3 851 1439 852 0.6679018989832508 0.6780535598724938 0.5050042719397436
3 852 1439 1440 0.6679018989832508 0.6780535598724938 0.5050042719397436
3 852 1064 851 0.6679018989832508 0.6780535598724938 0.5050042719397436
3 852 1065 1064 0.6679018989832508 0.6780535598724938 0.5050042719397436
3 852 853 1065 0.6679018989832508 0.6780535598724938 0.5050042719397436
3 1649 1930 1650 0.6679018989832508 0.6780535598724938 0.5050042719397436
3 1650 1930 1931 0.6679018989832508 0.6780535598724938 0.5050042719397436
3 1650 1709 1708 0.6679018989832508 0.6780535598724938 0.5050042719397436
3 1708 1649 1650 0.6679018989832508 0.6780535598724938 0.5050042719397436
3 1650 1710 1709 0.6679018989832508 0.6780535598724938 0.5050042719397436
3 1947 1081 1082 0.6679018989832508 0.6780535598724938 0.5050042719397436
3 1083 1948 1082 0.6679018989832508 0.6780535598724938 0.5050042719397436
3 1082 1948 1947 0.6679018989832508 0.6780535598724938 0.5050042719397436
3 1081 1391 1082 0.6679018989832508 0.6780535598724938 0.5050042719397436
3 1020 1949 1950 0.6679018989832508 0.6780535598724938 0.5050042719397436
3 1080 1081 1946 0.6679018989832508 0.6780535598724938 0.5050042719397436
3 1080 1946 1945 0.6679018989832508 0.6780535598724938 0.5050042719397436
3 1945 547 1080 0.6679018989832508 0.6780535598724938 0.5050042719397436
3 611 1081 1080 0.6679018989832508 0.6780535598724938 0.5050042719397436
3 610 611 1080 0.6679018989832508 0.6780535598724938 0.5050042719397436
3 990 1730 1053 0.6679018989832508 0.6780535598724938 0.5050042719397436
3 1052 990 1053 0.6679018989832508 0.6780535598724938 0.5050042719397436
3 1053 1727 1052 0.6679018989832508 0.6780535598724938 0.5050042719397436
3 1677 1676 1535 0.6679018989832508 0.6780535598724938 0.5050042719397436
3 1535 1676 1534 0.6679018989832508 0.6780535598724938 0.5050042719397436
3 1535 1536 1677 0.6679018989832508 0.6780535598724938 0.5050042719397436
3 1678 1536 1679 0.6679018989832508 0.6780535598724938 0.5050042719397436
3 1677 1536 1678 0.6679018989832508 0.6780535598724938 0.5050042719397436
3 1896 1677 1678 0.6679018989832508 0.6780535598724938 0.5050042719397436
3 1678 1897 1896 0.6679018989832508 0.6780535598724938 0.5050042719397436
3 1679 1897 1678 0.6679018989832508 0.6780535598724938 0.5050042719397436
3 1679 1536 1835 0.6679018989832508 0.6780535598724938 0.5050042719397436
3 1680 1679 1835 0.6679018989832508 0.6780535598724938 0.5050042719397436
3 1835 1836 1680 0.6679018989832508 0.6780535598724938 0.5050042719397436
3 1711 1836 1835 0.6679018989832508 0.6780535598724938 0.5050042719397436
3 1835 1710 1711 0.6679018989832508 0.6780535598724938 0.5050042719397436
3 1621 1805 1966 0.6679018989832508 0.6780535598724938 0.5050042719397436
3 1805 1967 1966 0.6679018989832508 0.6780535598724938 0.5050042719397436
3 1902 1805 1901 0.6679018989832508 0.6780535598724938 0.5050042719397436
3 1901 1837 1902 0.6679018989832508 0.6780535598724938 0.5050042719397436
3 1773 1966 1967 0.6679018989832508 0.6780535598724938 0.5050042719397436
3 1560 1863 1862 0.6679018989832508 0.6780535598724938 0.5050042719397436
3 1559 1560 1862 0.6679018989832508 0.6780535598724938 0.5050042719397436
3 1862 1861 1559 0.6679018989832508 0.6780535598724938 0.5050042719397436
3 1738 1861 1862 0.6679018989832508 0.6780535598724938 0.5050042719397436
3 1933 1934 1711 0.6679018989832508 0.6780535598724938 0.5050042719397436
3 1354 1355 1645 0.6679018989832508 0.6780535598724938 0.5050042719397436
3 1645 1644 1354 0.6679018989832508 0.6780535598724938 0.5050042719397436
3 1354 1644 1353 0.6679018989832508 0.6780535598724938 0.5050042719397436
3 1353 1924 1354 0.6679018989832508 0.6780535598724938 0.5050042719397436
3 952 1811 1812 0.6679018989832508 0.6780535598724938 0.5050042719397436
3 817 1663 1662 0.6679018989832508 0.6780535598724938 0.5050042719397436
3 817 1519 1520 0.6679018989832508 0.6780535598724938 0.5050042719397436
3 1520 1521 817 0.6679018989832508 0.6780535598724938 0.5050042719397436
3 1521 1663 817 0.6679018989832508 0.6780535598724938 0.5050042719397436
3 22 371 21 0.6679018989832508 0.6780535598724938 0.5050042719397436
3 21 365 20 0.6679018989832508 0.6780535598724938 0.5050042719397436
3 1407 373 298 0.6679018989832508 0.6780535598724938 0.5050042719397436
3 1407 366 373 0.6679018989832508 0.6780535598724938 0.5050042719397436
3 367 366 1407 0.6679018989832508 0.6780535598724938 0.5050042719397436
3 1318 1817 1816 0.6679018989832508 0.6780535598724938 0.5050042719397436
3 956 1815 1816 0.6679018989832508 0.6780535598724938 0.5050042719397436
3 1816 957 956 0.6679018989832508 0.6780535598724938 0.5050042719397436
3 1816 1817 957 0.6679018989832508 0.6780535598724938 0.5050042719397436
3 953 952 1812 0.6679018989832508 0.6780535598724938 0.5050042719397436
3 1815 1316 1317 0.6679018989832508 0.6780535598724938 0.5050042719397436
3 1318 1816 1317 0.6679018989832508 0.6780535598724938 0.5050042719397436
3 1317 1816 1815 0.6679018989832508 0.6780535598724938 0.5050042719397436
3 710 1316 1315 0.6679018989832508 0.6780535598724938 0.5050042719397436
3 1315 709 710 0.6679018989832508 0.6780535598724938 0.5050042719397436
3 710 1687 1688 0.6679018989832508 0.6780535598724938 0.5050042719397436
3 709 1687 710 0.6679018989832508 0.6780535598724938 0.5050042719397436
3 711 710 1688 0.6679018989832508 0.6780535598724938 0.5050042719397436
3 1316 710 711 0.6679018989832508 0.6780535598724938 0.5050042719397436
3 711 1317 1316 0.6679018989832508 0.6780535598724938 0.5050042719397436
3 1170 1169 1628 0.6679018989832508 0.6780535598724938 0.5050042719397436
3 1688 1169 1170 0.6679018989832508 0.6780535598724938 0.5050042719397436
3 1626 1625 338 0.6679018989832508 0.6780535598724938 0.5050042719397436
3 1335 339 338 0.6679018989832508 0.6780535598724938 0.5050042719397436
3 338 339 1626 0.6679018989832508 0.6780535598724938 0.5050042719397436
3 338 1334 1335 0.6679018989832508 0.6780535598724938 0.5050042719397436
3 337 1334 338 0.6679018989832508 0.6780535598724938 0.5050042719397436
3 338 1625 337 0.6679018989832508 0.6780535598724938 0.5050042719397436
3 1167 1625 1626 0.6679018989832508 0.6780535598724938 0.5050042719397436
3 1167 1626 1168 0.6679018989832508 0.6780535598724938 0.5050042719397436
3 1167 1685 1166 0.6679018989832508 0.6780535598724938 0.5050042719397436
3 1166 1625 1167 0.6679018989832508 0.6780535598724938 0.5050042719397436
3 1686 708 1685 0.6679018989832508 0.6780535598724938 0.5050042719397436
3 1686 1167 1168 0.6679018989832508 0.6780535598724938 0.5050042719397436
3 1685 1167 1686 0.6679018989832508 0.6780535598724938 0.5050042719397436
3 1168 1687 1686 0.6679018989832508 0.6780535598724938 0.5050042719397436
3 1686 1687 709 0.6679018989832508 0.6780535598724938 0.5050042719397436
3 709 708 1686 0.6679018989832508 0.6780535598724938 0.5050042719397436
3 334 450 1810 0.6679018989832508 0.6780535598724938 0.5050042719397436
3 1810 450 1311 0.6679018989832508 0.6780535598724938 0.5050042719397436
3 707 1684 1685 0.6679018989832508 0.6780535598724938 0.5050042719397436
3 707 706 1684 0.6679018989832508 0.6780535598724938 0.5050042719397436
3 707 708 1313 0.6679018989832508 0.6780535598724938 0.5050042719397436
3 1685 708 707 0.6679018989832508 0.6780535598724938 0.5050042719397436
3 253 948 645 0.6679018989832508 0.6780535598724938 0.5050042719397436
3 1346 1636 1345 0.6679018989832508 0.6780535598724938 0.5050042719397436
3 1917 1347 1346 0.6679018989832508 0.6780535598724938 0.5050042719397436
3 1637 1636 1346 0.6679018989832508 0.6780535598724938 0.5050042719397436
3 1346 1347 1637 0.6679018989832508 0.6780535598724938 0.5050042719397436
3 1346 1345 1916 0.6679018989832508 0.6780535598724938 0.5050042719397436
3 1916 1917 1346 0.6679018989832508 0.6780535598724938 0.5050042719397436
3 1639 1638 1348 0.6679018989832508 0.6780535598724938 0.5050042719397436
3 1638 1347 1348 0.6679018989832508 0.6780535598724938 0.5050042719397436
3 1348 1918 1919 0.6679018989832508 0.6780535598724938 0.5050042719397436
3 1348 1347 1918 0.6679018989832508 0.6780535598724938 0.5050042719397436
3 1921 1351 1350 0.6679018989832508 0.6780535598724938 0.5050042719397436
3 1501 1730 1731 0.6679018989832508 0.6780535598724938 0.5050042719397436
3 1500 1730 1501 0.6679018989832508 0.6780535598724938 0.5050042719397436
3 1640 1181 1639 0.6679018989832508 0.6780535598724938 0.5050042719397436
3 1639 1181 1180 0.6679018989832508 0.6780535598724938 0.5050042719397436
3 1180 1638 1639 0.6679018989832508 0.6780535598724938 0.5050042719397436
3 1179 1638 1180 0.6679018989832508 0.6780535598724938 0.5050042719397436
3 1698 1179 1180 0.6679018989832508 0.6780535598724938 0.5050042719397436
3 1180 1181 1698 0.6679018989832508 0.6780535598724938 0.5050042719397436
3 1701 1702 1328 0.6679018989832508 0.6780535598724938 0.5050042719397436
3 1701 1328 1327 0.6679018989832508 0.6780535598724938 0.5050042719397436
3 1327 1700 1701 0.6679018989832508 0.6780535598724938 0.5050042719397436
3 1642 1702 1701 0.6679018989832508 0.6780535598724938 0.5050042719397436
3 1701 1181 1642 0.6679018989832508 0.6780535598724938 0.5050042719397436
3 1700 1181 1701 0.6679018989832508 0.6780535598724938 0.5050042719397436
3 1703 1330 1329 0.6679018989832508 0.6780535598724938 0.5050042719397436
3 1329 1702 1703 0.6679018989832508 0.6780535598724938 0.5050042719397436
3 1703 1704 1330 0.6679018989832508 0.6780535598724938 0.5050042719397436
3 1703 1702 1644 0.6679018989832508 0.6780535598724938 0.5050042719397436
3 1703 1645 1704 0.6679018989832508 0.6780535598724938 0.5050042719397436
3 1703 1644 1645 0.6679018989832508 0.6780535598724938 0.5050042719397436
3 1643 1702 1642 0.6679018989832508 0.6780535598724938 0.5050042719397436
3 1644 1702 1643 0.6679018989832508 0.6780535598724938 0.5050042719397436
3 1353 1644 1643 0.6679018989832508 0.6780535598724938 0.5050042719397436
3 1137 1138 1392 0.6679018989832508 0.6780535598724938 0.5050042719397436
3 1392 1391 1137 0.6679018989832508 0.6780535598724938 0.5050042719397436
3 1392 1138 1393 0.6679018989832508 0.6780535598724938 0.5050042719397436
3 1392 1393 1083 0.6679018989832508 0.6780535598724938 0.5050042719397436
3 1083 1082 1392 0.6679018989832508 0.6780535598724938 0.5050042719397436
3 1392 1082 1391 0.6679018989832508 0.6780535598724938 0.5050042719397436
3 1136 1391 1390 0.6679018989832508 0.6780535598724938 0.5050042719397436
3 1390 1081 611 0.6679018989832508 0.6780535598724938 0.5050042719397436
3 1390 1391 1081 0.6679018989832508 0.6780535598724938 0.5050042719397436
3 1386 619 1387 0.6679018989832508 0.6780535598724938 0.5050042719397436
3 1387 608 1386 0.6679018989832508 0.6780535598724938 0.5050042719397436
3 609 608 1387 0.6679018989832508 0.6780535598724938 0.5050042719397436
3 1617 1481 1618 0.6679018989832508 0.6780535598724938 0.5050042719397436
3 1404 1617 1618 0.6679018989832508 0.6780535598724938 0.5050042719397436
3 1477 1613 1612 0.6679018989832508 0.6780535598724938 0.5050042719397436
3 1612 1476 1477 0.6679018989832508 0.6780535598724938 0.5050042719397436
3 1478 1613 1477 0.6679018989832508 0.6780535598724938 0.5050042719397436
3 1477 1429 1478 0.6679018989832508 0.6780535598724938 0.5050042719397436
3 1428 1429 1477 0.6679018989832508 0.6780535598724938 0.5050042719397436
3 1477 1476 1428 0.6679018989832508 0.6780535598724938 0.5050042719397436
3 1258 1259 1762 0.6679018989832508 0.6780535598724938 0.5050042719397436
3 1762 1761 1258 0.6679018989832508 0.6780535598724938 0.5050042719397436
3 1258 1761 1257 0.6679018989832508 0.6780535598724938 0.5050042719397436
3 1767 1587 1588 0.6679018989832508 0.6780535598724938 0.5050042719397436
3 1585 1260 1584 0.6679018989832508 0.6780535598724938 0.5050042719397436
3 1589 1588 1453 0.6679018989832508 0.6780535598724938 0.5050042719397436
3 1958 1959 1453 0.6679018989832508 0.6780535598724938 0.5050042719397436
3 1576 1065 1577 0.6679018989832508 0.6780535598724938 0.5050042719397436
3 1004 1576 1577 0.6679018989832508 0.6780535598724938 0.5050042719397436
3 1577 1005 1004 0.6679018989832508 0.6780535598724938 0.5050042719397436
3 1953 1954 1219 0.6679018989832508 0.6780535598724938 0.5050042719397436
3 1088 1954 1953 0.6679018989832508 0.6780535598724938 0.5050042719397436
3 1952 1087 1953 0.6679018989832508 0.6780535598724938 0.5050042719397436
3 1953 1087 1088 0.6679018989832508 0.6780535598724938 0.5050042719397436
3 1401 1402 1957 0.6679018989832508 0.6780535598724938 0.5050042719397436
3 1957 1402 1958 0.6679018989832508 0.6780535598724938 0.5050042719397436
3 1955 1088 1399 0.6679018989832508 0.6780535598724938 0.5050042719397436
3 1955 1954 1088 0.6679018989832508 0.6780535598724938 0.5050042719397436
3 1399 1400 1955 0.6679018989832508 0.6780535598724938 0.5050042719397436
3 1219 1954 1955 0.6679018989832508 0.6780535598724938 0.5050042719397436
3 1952 1217 1021 0.6679018989832508 0.6780535598724938 0.5050042719397436
3 1020 1950 1021 0.6679018989832508 0.6780535598724938 0.5050042719397436
3 1218 1217 1952 0.6679018989832508 0.6780535598724938 0.5050042719397436
3 1952 1953 1218 0.6679018989832508 0.6780535598724938 0.5050042719397436
3 1218 1953 1219 0.6679018989832508 0.6780535598724938 0.5050042719397436
3 1214 1019 1215 0.6679018989832508 0.6780535598724938 0.5050042719397436
3 1019 1020 1215 0.6679018989832508 0.6780535598724938 0.5050042719397436
3 1444 1443 1214 0.6679018989832508 0.6780535598724938 0.5050042719397436
3 1214 1215 1444 0.6679018989832508 0.6780535598724938 0.5050042719397436
3 853 1441 1442 0.6679018989832508 0.6780535598724938 0.5050042719397436
3 1443 1067 1442 0.6679018989832508 0.6780535598724938 0.5050042719397436
3 1442 1067 853 0.6679018989832508 0.6780535598724938 0.5050042719397436
3 1442 1213 1443 0.6679018989832508 0.6780535598724938 0.5050042719397436
3 1212 1213 1442 0.6679018989832508 0.6780535598724938 0.5050042719397436
3 1442 1441 1212 0.6679018989832508 0.6780535598724938 0.5050042719397436
3 1084 1949 1083 0.6679018989832508 0.6780535598724938 0.5050042719397436
3 1084 1950 1949 0.6679018989832508 0.6780535598724938 0.5050042719397436
3 1083 1393 1084 0.6679018989832508 0.6780535598724938 0.5050042719397436
3 1393 1394 1084 0.6679018989832508 0.6780535598724938 0.5050042719397436
3 610 1080 1079 0.6679018989832508 0.6780535598724938 0.5050042719397436
3 1079 609 610 0.6679018989832508 0.6780535598724938 0.5050042719397436
3 1078 609 1079 0.6679018989832508 0.6780535598724938 0.5050042719397436
3 1079 547 1078 0.6679018989832508 0.6780535598724938 0.5050042719397436
3 1079 1080 547 0.6679018989832508 0.6780535598724938 0.5050042719397436
3 1727 1053 1728 0.6679018989832508 0.6780535598724938 0.5050042719397436
3 1728 1498 1727 0.6679018989832508 0.6780535598724938 0.5050042719397436
3 1536 1535 1833 0.6679018989832508 0.6780535598724938 0.5050042719397436
3 1708 1709 1833 0.6679018989832508 0.6780535598724938 0.5050042719397436
3 1621 1966 1965 0.6679018989832508 0.6780535598724938 0.5050042719397436
3 1965 1773 1592 0.6679018989832508 0.6780535598724938 0.5050042719397436
3 1966 1773 1965 0.6679018989832508 0.6780535598724938 0.5050042719397436
3 1968 1967 1805 0.6679018989832508 0.6780535598724938 0.5050042719397436
3 1805 1902 1968 0.6679018989832508 0.6780535598724938 0.5050042719397436
3 1968 1773 1967 0.6679018989832508 0.6780535598724938 0.5050042719397436
3 1772 1773 1869 0.6679018989832508 0.6780535598724938 0.5050042719397436
3 1592 1773 1772 0.6679018989832508 0.6780535598724938 0.5050042719397436
3 1379 1562 1561 0.6679018989832508 0.6780535598724938 0.5050042719397436
3 1561 1560 1378 0.6679018989832508 0.6780535598724938 0.5050042719397436
3 1378 1379 1561 0.6679018989832508 0.6780535598724938 0.5050042719397436
3 1561 1863 1560 0.6679018989832508 0.6780535598724938 0.5050042719397436
3 1767 1588 1768 0.6679018989832508 0.6780535598724938 0.5050042719397436
3 1768 1588 1589 0.6679018989832508 0.6780535598724938 0.5050042719397436
3 1932 1933 1711 0.6679018989832508 0.6780535598724938 0.5050042719397436
3 1711 1710 1932 0.6679018989832508 0.6780535598724938 0.5050042719397436
3 1932 1650 1931 0.6679018989832508 0.6780535598724938 0.5050042719397436
3 1710 1650 1932 0.6679018989832508 0.6780535598724938 0.5050042719397436
3 1868 1772 1869 0.6679018989832508 0.6780535598724938 0.5050042719397436
3 1868 1867 1770 0.6679018989832508 0.6780535598724938 0.5050042719397436
3 1863 1561 1864 0.6679018989832508 0.6780535598724938 0.5050042719397436
3 1864 1561 1562 0.6679018989832508 0.6780535598724938 0.5050042719397436
3 1925 1354 1924 0.6679018989832508 0.6780535598724938 0.5050042719397436
3 1925 1924 1503 0.6679018989832508 0.6780535598724938 0.5050042719397436
3 1926 1355 1925 0.6679018989832508 0.6780535598724938 0.5050042719397436
3 1355 1354 1925 0.6679018989832508 0.6780535598724938 0.5050042719397436
3 1503 1504 1925 0.6679018989832508 0.6780535598724938 0.5050042719397436
3 1504 1926 1925 0.6679018989832508 0.6780535598724938 0.5050042719397436
3 1514 950 334 0.6679018989832508 0.6780535598724938 0.5050042719397436
3 1293 791 790 0.6679018989832508 0.6780535598724938 0.5050042719397436
3 1294 791 1293 0.6679018989832508 0.6780535598724938 0.5050042719397436
3 1293 803 1294 0.6679018989832508 0.6780535598724938 0.5050042719397436
3 804 805 1294 0.6679018989832508 0.6780535598724938 0.5050042719397436
3 1294 803 804 0.6679018989832508 0.6780535598724938 0.5050042719397436
3 788 1290 1291 0.6679018989832508 0.6780535598724938 0.5050042719397436
3 1291 789 788 0.6679018989832508 0.6780535598724938 0.5050042719397436
3 803 1659 1660 0.6679018989832508 0.6780535598724938 0.5050042719397436
3 1660 804 803 0.6679018989832508 0.6780535598724938 0.5050042719397436
3 1405 21 371 0.6679018989832508 0.6780535598724938 0.5050042719397436
3 1405 296 372 0.6679018989832508 0.6780535598724938 0.5050042719397436
3 1405 371 296 0.6679018989832508 0.6780535598724938 0.5050042719397436
3 372 365 1405 0.6679018989832508 0.6780535598724938 0.5050042719397436
3 365 21 1405 0.6679018989832508 0.6780535598724938 0.5050042719397436
3 298 1093 374 0.6679018989832508 0.6780535598724938 0.5050042719397436
3 374 1407 298 0.6679018989832508 0.6780535598724938 0.5050042719397436
3 1093 299 374 0.6679018989832508 0.6780535598724938 0.5050042719397436
3 374 299 1408 0.6679018989832508 0.6780535598724938 0.5050042719397436
3 1408 367 374 0.6679018989832508 0.6780535598724938 0.5050042719397436
3 367 1407 374 0.6679018989832508 0.6780535598724938 0.5050042719397436
3 1315 1814 1813 0.6679018989832508 0.6780535598724938 0.5050042719397436
3 1812 453 1813 0.6679018989832508 0.6780535598724938 0.5050042719397436
3 1813 953 1812 0.6679018989832508 0.6780535598724938 0.5050042719397436
3 1813 1314 1315 0.6679018989832508 0.6780535598724938 0.5050042719397436
3 1813 453 1314 0.6679018989832508 0.6780535598724938 0.5050042719397436
3 1689 711 1688 0.6679018989832508 0.6780535598724938 0.5050042719397436
3 1689 1171 1690 0.6679018989832508 0.6780535598724938 0.5050042719397436
3 1688 1170 1689 0.6679018989832508 0.6780535598724938 0.5050042719397436
3 1689 1170 1171 0.6679018989832508 0.6780535598724938 0.5050042719397436
3 1690 713 712 0.6679018989832508 0.6780535598724938 0.5050042719397436
3 712 1689 1690 0.6679018989832508 0.6780535598724938 0.5050042719397436
3 711 1689 712 0.6679018989832508 0.6780535598724938 0.5050042719397436
3 1317 711 712 0.6679018989832508 0.6780535598724938 0.5050042719397436
3 712 713 1318 0.6679018989832508 0.6780535598724938 0.5050042719397436
3 1318 1317 712 0.6679018989832508 0.6780535598724938 0.5050042719397436
3 1629 1170 1628 0.6679018989832508 0.6780535598724938 0.5050042719397436
3 1629 1339 1630 0.6679018989832508 0.6780535598724938 0.5050042719397436
3 1630 1171 1629 0.6679018989832508 0.6780535598724938 0.5050042719397436
3 1171 1170 1629 0.6679018989832508 0.6780535598724938 0.5050042719397436
3 1338 1339 1629 0.6679018989832508 0.6780535598724938 0.5050042719397436
3 1629 1628 1338 0.6679018989832508 0.6780535598724938 0.5050042719397436
3 706 707 1312 0.6679018989832508 0.6780535598724938 0.5050042719397436
3 1312 452 1811 0.6679018989832508 0.6780535598724938 0.5050042719397436
3 1313 452 1312 0.6679018989832508 0.6780535598724938 0.5050042719397436
3 1312 707 1313 0.6679018989832508 0.6780535598724938 0.5050042719397436
3 1511 253 246 0.6679018989832508 0.6780535598724938 0.5050042719397436
3 253 645 246 0.6679018989832508 0.6780535598724938 0.5050042719397436
3 250 948 332 0.6679018989832508 0.6780535598724938 0.5050042719397436
3 250 645 948 0.6679018989832508 0.6780535598724938 0.5050042719397436
3 250 810 645 0.6679018989832508 0.6780535598724938 0.5050042719397436
3 786 1288 1289 0.6679018989832508 0.6780535598724938 0.5050042719397436
3 1289 787 786 0.6679018989832508 0.6780535598724938 0.5050042719397436
3 1290 787 1289 0.6679018989832508 0.6780535598724938 0.5050042719397436
3 1289 799 1290 0.6679018989832508 0.6780535598724938 0.5050042719397436
3 1639 1348 1349 0.6679018989832508 0.6780535598724938 0.5050042719397436
3 1349 1640 1639 0.6679018989832508 0.6780535598724938 0.5050042719397436
3 1350 1640 1349 0.6679018989832508 0.6780535598724938 0.5050042719397436
3 1349 1348 1919 0.6679018989832508 0.6780535598724938 0.5050042719397436
3 1919 1498 1920 0.6679018989832508 0.6780535598724938 0.5050042719397436
3 1920 1349 1919 0.6679018989832508 0.6780535598724938 0.5050042719397436
3 1920 1921 1350 0.6679018989832508 0.6780535598724938 0.5050042719397436
3 1350 1349 1920 0.6679018989832508 0.6780535598724938 0.5050042719397436
3 1500 1921 1499 0.6679018989832508 0.6780535598724938 0.5050042719397436
3 1498 1728 1499 0.6679018989832508 0.6780535598724938 0.5050042719397436
3 1499 1920 1498 0.6679018989832508 0.6780535598724938 0.5050042719397436
3 1921 1920 1499 0.6679018989832508 0.6780535598724938 0.5050042719397436
3 1351 1921 1922 0.6679018989832508 0.6780535598724938 0.5050042719397436
3 1922 1921 1500 0.6679018989832508 0.6780535598724938 0.5050042719397436
3 1500 1501 1922 0.6679018989832508 0.6780535598724938 0.5050042719397436
3 1503 1924 1502 0.6679018989832508 0.6780535598724938 0.5050042719397436
3 1502 1501 1731 0.6679018989832508 0.6780535598724938 0.5050042719397436
3 1502 1732 1503 0.6679018989832508 0.6780535598724938 0.5050042719397436
3 1502 1731 1732 0.6679018989832508 0.6780535598724938 0.5050042719397436
3 1642 1181 1641 0.6679018989832508 0.6780535598724938 0.5050042719397436
3 1181 1640 1641 0.6679018989832508 0.6780535598724938 0.5050042719397436
3 1641 1351 1642 0.6679018989832508 0.6780535598724938 0.5050042719397436
3 1350 1351 1641 0.6679018989832508 0.6780535598724938 0.5050042719397436
3 1641 1640 1350 0.6679018989832508 0.6780535598724938 0.5050042719397436
3 621 1134 1135 0.6679018989832508 0.6780535598724938 0.5050042719397436
3 1135 1136 621 0.6679018989832508 0.6780535598724938 0.5050042719397436
3 1136 1390 621 0.6679018989832508 0.6780535598724938 0.5050042719397436
3 1619 1481 1620 0.6679018989832508 0.6780535598724938 0.5050042719397436
3 1619 1618 1481 0.6679018989832508 0.6780535598724938 0.5050042719397436
3 1619 1620 1404 0.6679018989832508 0.6780535598724938 0.5050042719397436
3 1404 1618 1619 0.6679018989832508 0.6780535598724938 0.5050042719397436
3 1259 1258 1582 0.6679018989832508 0.6780535598724938 0.5050042719397436
3 1586 1587 1260 0.6679018989832508 0.6780535598724938 0.5050042719397436
3 1260 1585 1586 0.6679018989832508 0.6780535598724938 0.5050042719397436
3 1959 1960 1454 0.6679018989832508 0.6780535598724938 0.5050042719397436
3 1454 1453 1959 0.6679018989832508 0.6780535598724938 0.5050042719397436
3 1454 1960 1961 0.6679018989832508 0.6780535598724938 0.5050042719397436
3 1961 1962 1454 0.6679018989832508 0.6780535598724938 0.5050042719397436
3 1591 1590 1454 0.6679018989832508 0.6780535598724938 0.5050042719397436
3 1454 1592 1591 0.6679018989832508 0.6780535598724938 0.5050042719397436
3 1454 1962 1592 0.6679018989832508 0.6780535598724938 0.5050042719397436
3 1454 1590 1589 0.6679018989832508 0.6780535598724938 0.5050042719397436
3 1589 1453 1454 0.6679018989832508 0.6780535598724938 0.5050042719397436
3 1065 853 1066 0.6679018989832508 0.6780535598724938 0.5050042719397436
3 853 1067 1066 0.6679018989832508 0.6780535598724938 0.5050042719397436
3 1066 1577 1065 0.6679018989832508 0.6780535598724938 0.5050042719397436
3 1580 1579 1068 0.6679018989832508 0.6780535598724938 0.5050042719397436
3 1579 1067 1068 0.6679018989832508 0.6780535598724938 0.5050042719397436
3 1068 1067 1443 0.6679018989832508 0.6780535598724938 0.5050042719397436
3 1443 1444 1068 0.6679018989832508 0.6780535598724938 0.5050042719397436
3 1956 1955 1400 0.6679018989832508 0.6780535598724938 0.5050042719397436
3 1956 1400 1401 0.6679018989832508 0.6780535598724938 0.5050042719397436
3 1401 1957 1956 0.6679018989832508 0.6780535598724938 0.5050042719397436
3 1219 1955 1956 0.6679018989832508 0.6780535598724938 0.5050042719397436
3 1952 1021 1951 0.6679018989832508 0.6780535598724938 0.5050042719397436
3 1951 1021 1950 0.6679018989832508 0.6780535598724938 0.5050042719397436
3 1951 1086 1952 0.6679018989832508 0.6780535598724938 0.5050042719397436
3 1020 1021 1216 0.6679018989832508 0.6780535598724938 0.5050042719397436
3 1216 1215 1020 0.6679018989832508 0.6780535598724938 0.5050042719397436
3 1216 1021 1217 0.6679018989832508 0.6780535598724938 0.5050042719397436
3 1217 1446 1216 0.6679018989832508 0.6780535598724938 0.5050042719397436
3 1950 1084 1085 0.6679018989832508 0.6780535598724938 0.5050042719397436
3 1086 1951 1085 0.6679018989832508 0.6780535598724938 0.5050042719397436
3 1085 1951 1950 0.6679018989832508 0.6780535598724938 0.5050042719397436
3 1085 1084 1394 0.6679018989832508 0.6780535598724938 0.5050042719397436
3 1085 1395 1086 0.6679018989832508 0.6780535598724938 0.5050042719397436
3 1085 1394 1395 0.6679018989832508 0.6780535598724938 0.5050042719397436
3 1729 1053 1730 0.6679018989832508 0.6780535598724938 0.5050042719397436
3 1729 1728 1053 0.6679018989832508 0.6780535598724938 0.5050042719397436
3 1729 1730 1500 0.6679018989832508 0.6780535598724938 0.5050042719397436
3 1500 1499 1729 0.6679018989832508 0.6780535598724938 0.5050042719397436
3 1729 1499 1728 0.6679018989832508 0.6780535598724938 0.5050042719397436
3 1832 1833 1535 0.6679018989832508 0.6780535598724938 0.5050042719397436
3 1832 1534 1831 0.6679018989832508 0.6780535598724938 0.5050042719397436
3 1832 1535 1534 0.6679018989832508 0.6780535598724938 0.5050042719397436
3 1708 1833 1832 0.6679018989832508 0.6780535598724938 0.5050042719397436
3 1832 1707 1708 0.6679018989832508 0.6780535598724938 0.5050042719397436
3 1831 1707 1832 0.6679018989832508 0.6780535598724938 0.5050042719397436
3 1834 1835 1536 0.6679018989832508 0.6780535598724938 0.5050042719397436
3 1536 1833 1834 0.6679018989832508 0.6780535598724938 0.5050042719397436
3 1710 1835 1834 0.6679018989832508 0.6780535598724938 0.5050042719397436
3 1709 1710 1834 0.6679018989832508 0.6780535598724938 0.5050042719397436
3 1834 1833 1709 0.6679018989832508 0.6780535598724938 0.5050042719397436
3 1964 1592 1963 0.6679018989832508 0.6780535598724938 0.5050042719397436
3 1964 1965 1592 0.6679018989832508 0.6780535598724938 0.5050042719397436
3 1964 1963 1621 0.6679018989832508 0.6780535598724938 0.5050042719397436
3 1621 1965 1964 0.6679018989832508 0.6780535598724938 0.5050042719397436
3 1935 1868 1869 0.6679018989832508 0.6780535598724938 0.5050042719397436
3 1837 1934 1935 0.6679018989832508 0.6780535598724938 0.5050042719397436
3 1935 1902 1837 0.6679018989832508 0.6780535598724938 0.5050042719397436
3 1771 1770 1592 0.6679018989832508 0.6780535598724938 0.5050042719397436
3 1592 1772 1771 0.6679018989832508 0.6780535598724938 0.5050042719397436
3 1771 1868 1770 0.6679018989832508 0.6780535598724938 0.5050042719397436
3 1772 1868 1771 0.6679018989832508 0.6780535598724938 0.5050042719397436
3 1739 1931 1738 0.6679018989832508 0.6780535598724938 0.5050042719397436
3 1739 1932 1931 0.6679018989832508 0.6780535598724938 0.5050042719397436
3 1738 1862 1739 0.6679018989832508 0.6780535598724938 0.5050042719397436
3 1739 1862 1863 0.6679018989832508 0.6780535598724938 0.5050042719397436
3 1867 1868 1742 0.6679018989832508 0.6780535598724938 0.5050042719397436
3 1742 1866 1867 0.6679018989832508 0.6780535598724938 0.5050042719397436
3 1742 1935 1934 0.6679018989832508 0.6780535598724938 0.5050042719397436
3 1868 1935 1742 0.6679018989832508 0.6780535598724938 0.5050042719397436
3 1934 1933 1742 0.6679018989832508 0.6780535598724938 0.5050042719397436
3 1563 1379 1767 0.6679018989832508 0.6780535598724938 0.5050042719397436
3 1563 1562 1379 0.6679018989832508 0.6780535598724938 0.5050042719397436
3 647 1513 950 0.6679018989832508 0.6780535598724938 0.5050042719397436
3 950 1514 647 0.6679018989832508 0.6780535598724938 0.5050042719397436
3 1292 1291 801 0.6679018989832508 0.6780535598724938 0.5050042719397436
3 790 789 1292 0.6679018989832508 0.6780535598724938 0.5050042719397436
3 789 1291 1292 0.6679018989832508 0.6780535598724938 0.5050042719397436
3 1292 1293 790 0.6679018989832508 0.6780535598724938 0.5050042719397436
3 804 1660 1661 0.6679018989832508 0.6780535598724938 0.5050042719397436
3 1662 805 1661 0.6679018989832508 0.6780535598724938 0.5050042719397436
3 805 804 1661 0.6679018989832508 0.6780535598724938 0.5050042719397436
3 1814 955 954 0.6679018989832508 0.6780535598724938 0.5050042719397436
3 954 1813 1814 0.6679018989832508 0.6780535598724938 0.5050042719397436
3 953 1813 954 0.6679018989832508 0.6780535598724938 0.5050042719397436
3 1311 706 451 0.6679018989832508 0.6780535598724938 0.5050042719397436
3 706 1312 451 0.6679018989832508 0.6780535598724938 0.5050042719397436
3 451 1810 1311 0.6679018989832508 0.6780535598724938 0.5050042719397436
3 1811 1810 451 0.6679018989832508 0.6780535598724938 0.5050042719397436
3 451 1312 1811 0.6679018989832508 0.6780535598724938 0.5050042719397436
3 809 249 1511 0.6679018989832508 0.6780535598724938 0.5050042719397436
3 1511 246 809 0.6679018989832508 0.6780535598724938 0.5050042719397436
3 809 1654 249 0.6679018989832508 0.6780535598724938 0.5050042719397436
3 798 1289 1288 0.6679018989832508 0.6780535598724938 0.5050042719397436
3 799 1289 798 0.6679018989832508 0.6780535598724938 0.5050042719397436
3 798 797 1654 0.6679018989832508 0.6780535598724938 0.5050042719397436
3 1287 797 798 0.6679018989832508 0.6780535598724938 0.5050042719397436
3 798 1288 1287 0.6679018989832508 0.6780535598724938 0.5050042719397436
3 1655 246 645 0.6679018989832508 0.6780535598724938 0.5050042719397436
3 645 810 1655 0.6679018989832508 0.6780535598724938 0.5050042719397436
3 1655 809 246 0.6679018989832508 0.6780535598724938 0.5050042719397436
3 799 798 1655 0.6679018989832508 0.6780535598724938 0.5050042719397436
3 1654 809 1655 0.6679018989832508 0.6780535598724938 0.5050042719397436
3 1655 798 1654 0.6679018989832508 0.6780535598724938 0.5050042719397436
3 254 332 1808 0.6679018989832508 0.6780535598724938 0.5050042719397436
3 1351 1922 1352 0.6679018989832508 0.6780535598724938 0.5050042719397436
3 1642 1351 1352 0.6679018989832508 0.6780535598724938 0.5050042719397436
3 1353 1643 1352 0.6679018989832508 0.6780535598724938 0.5050042719397436
3 1352 1643 1642 0.6679018989832508 0.6780535598724938 0.5050042719397436
3 1133 1134 620 0.6679018989832508 0.6780535598724938 0.5050042719397436
3 1134 621 620 0.6679018989832508 0.6780535598724938 0.5050042719397436
3 620 619 1133 0.6679018989832508 0.6780535598724938 0.5050042719397436
3 620 1387 619 0.6679018989832508 0.6780535598724938 0.5050042719397436
3 1389 1390 611 0.6679018989832508 0.6780535598724938 0.5050042719397436
3 1389 621 1390 0.6679018989832508 0.6780535598724938 0.5050042719397436
3 1389 611 610 0.6679018989832508 0.6780535598724938 0.5050042719397436
3 1259 1582 1583 0.6679018989832508 0.6780535598724938 0.5050042719397436
3 1584 1260 1583 0.6679018989832508 0.6780535598724938 0.5050042719397436
3 1260 1259 1583 0.6679018989832508 0.6780535598724938 0.5050042719397436
3 1583 1582 1070 0.6679018989832508 0.6780535598724938 0.5050042719397436
3 1581 1258 1257 0.6679018989832508 0.6780535598724938 0.5050042719397436
3 1581 1582 1258 0.6679018989832508 0.6780535598724938 0.5050042719397436
3 1257 1580 1581 0.6679018989832508 0.6780535598724938 0.5050042719397436
3 1070 1582 1581 0.6679018989832508 0.6780535598724938 0.5050042719397436
3 1449 1585 1584 0.6679018989832508 0.6780535598724938 0.5050042719397436
3 1577 1066 1578 0.6679018989832508 0.6780535598724938 0.5050042719397436
3 1578 1579 1005 0.6679018989832508 0.6780535598724938 0.5050042719397436
3 1005 1577 1578 0.6679018989832508 0.6780535598724938 0.5050042719397436
3 1578 1067 1579 0.6679018989832508 0.6780535598724938 0.5050042719397436
3 1578 1066 1067 0.6679018989832508 0.6780535598724938 0.5050042719397436
3 1217 1218 1447 0.6679018989832508 0.6780535598724938 0.5050042719397436
3 1447 1446 1217 0.6679018989832508 0.6780535598724938 0.5050042719397436
3 1070 1446 1447 0.6679018989832508 0.6780535598724938 0.5050042719397436
3 1447 1583 1070 0.6679018989832508 0.6780535598724938 0.5050042719397436
3 1445 1216 1446 0.6679018989832508 0.6780535598724938 0.5050042719397436
3 1445 1446 1070 0.6679018989832508 0.6780535598724938 0.5050042719397436
3 1445 1444 1215 0.6679018989832508 0.6780535598724938 0.5050042719397436
3 1215 1216 1445 0.6679018989832508 0.6780535598724938 0.5050042719397436
3 1969 1968 1902 0.6679018989832508 0.6780535598724938 0.5050042719397436
3 1902 1935 1969 0.6679018989832508 0.6780535598724938 0.5050042719397436
3 1969 1935 1869 0.6679018989832508 0.6780535598724938 0.5050042719397436
3 1869 1773 1969 0.6679018989832508 0.6780535598724938 0.5050042719397436
3 1773 1968 1969 0.6679018989832508 0.6780535598724938 0.5050042719397436
3 1933 1932 1741 0.6679018989832508 0.6780535598724938 0.5050042719397436
3 1741 1742 1933 0.6679018989832508 0.6780535598724938 0.5050042719397436
3 1866 1742 1741 0.6679018989832508 0.6780535598724938 0.5050042719397436
3 1867 1866 1564 0.6679018989832508 0.6780535598724938 0.5050042719397436
3 1770 1867 1564 0.6679018989832508 0.6780535598724938 0.5050042719397436
3 1767 1768 1564 0.6679018989832508 0.6780535598724938 0.5050042719397436
3 1564 1563 1767 0.6679018989832508 0.6780535598724938 0.5050042719397436
3 646 1513 811 0.6679018989832508 0.6780535598724938 0.5050042719397436
3 1513 647 811 0.6679018989832508 0.6780535598724938 0.5050042719397436
3 800 1291 1290 0.6679018989832508 0.6780535598724938 0.5050042719397436
3 801 1291 800 0.6679018989832508 0.6780535598724938 0.5050042719397436
3 1290 799 800 0.6679018989832508 0.6780535598724938 0.5050042719397436
3 812 647 1514 0.6679018989832508 0.6780535598724938 0.5050042719397436
3 802 1292 801 0.6679018989832508 0.6780535598724938 0.5050042719397436
3 802 1659 803 0.6679018989832508 0.6780535598724938 0.5050042719397436
3 803 1293 802 0.6679018989832508 0.6780535598724938 0.5050042719397436
3 1293 1292 802 0.6679018989832508 0.6780535598724938 0.5050042719397436
3 1519 817 816 0.6679018989832508 0.6780535598724938 0.5050042719397436
3 816 817 1662 0.6679018989832508 0.6780535598724938 0.5050042719397436
3 1662 1661 816 0.6679018989832508 0.6780535598724938 0.5050042719397436
3 1811 952 951 0.6679018989832508 0.6780535598724938 0.5050042719397436
3 952 1515 951 0.6679018989832508 0.6780535598724938 0.5050042719397436
3 951 1515 1514 0.6679018989832508 0.6780535598724938 0.5050042719397436
3 951 1810 1811 0.6679018989832508 0.6780535598724938 0.5050042719397436
3 334 1810 951 0.6679018989832508 0.6780535598724938 0.5050042719397436
3 951 1514 334 0.6679018989832508 0.6780535598724938 0.5050042719397436
3 1512 250 332 0.6679018989832508 0.6780535598724938 0.5050042719397436
3 332 254 1512 0.6679018989832508 0.6780535598724938 0.5050042719397436
3 810 250 1512 0.6679018989832508 0.6780535598724938 0.5050042719397436
3 646 810 1512 0.6679018989832508 0.6780535598724938 0.5050042719397436
3 1512 254 646 0.6679018989832508 0.6780535598724938 0.5050042719397436
3 949 1808 449 0.6679018989832508 0.6780535598724938 0.5050042719397436
3 949 254 1808 0.6679018989832508 0.6780535598724938 0.5050042719397436
3 949 1513 646 0.6679018989832508 0.6780535598724938 0.5050042719397436
3 646 254 949 0.6679018989832508 0.6780535598724938 0.5050042719397436
3 1923 1352 1922 0.6679018989832508 0.6780535598724938 0.5050042719397436
3 1923 1922 1501 0.6679018989832508 0.6780535598724938 0.5050042719397436
3 1923 1924 1353 0.6679018989832508 0.6780535598724938 0.5050042719397436
3 1353 1352 1923 0.6679018989832508 0.6780535598724938 0.5050042719397436
3 1923 1502 1924 0.6679018989832508 0.6780535598724938 0.5050042719397436
3 1501 1502 1923 0.6679018989832508 0.6780535598724938 0.5050042719397436
3 1388 620 621 0.6679018989832508 0.6780535598724938 0.5050042719397436
3 621 1389 1388 0.6679018989832508 0.6780535598724938 0.5050042719397436
3 1387 620 1388 0.6679018989832508 0.6780535598724938 0.5050042719397436
3 1388 1389 610 0.6679018989832508 0.6780535598724938 0.5050042719397436
3 610 609 1388 0.6679018989832508 0.6780535598724938 0.5050042719397436
3 609 1387 1388 0.6679018989832508 0.6780535598724938 0.5050042719397436
3 1070 1581 1069 0.6679018989832508 0.6780535598724938 0.5050042719397436
3 1069 1445 1070 0.6679018989832508 0.6780535598724938 0.5050042719397436
3 1580 1068 1069 0.6679018989832508 0.6780535598724938 0.5050042719397436
3 1069 1581 1580 0.6679018989832508 0.6780535598724938 0.5050042719397436
3 1069 1068 1444 0.6679018989832508 0.6780535598724938 0.5050042719397436
3 1444 1445 1069 0.6679018989832508 0.6780535598724938 0.5050042719397436
3 1450 1586 1585 0.6679018989832508 0.6780535598724938 0.5050042719397436
3 1585 1449 1450 0.6679018989832508 0.6780535598724938 0.5050042719397436
3 1219 1956 1450 0.6679018989832508 0.6780535598724938 0.5050042719397436
3 1450 1449 1219 0.6679018989832508 0.6780535598724938 0.5050042719397436
3 1448 1449 1584 0.6679018989832508 0.6780535598724938 0.5050042719397436
3 1584 1583 1448 0.6679018989832508 0.6780535598724938 0.5050042719397436
3 1583 1447 1448 0.6679018989832508 0.6780535598724938 0.5050042719397436
3 1219 1449 1448 0.6679018989832508 0.6780535598724938 0.5050042719397436
3 1448 1218 1219 0.6679018989832508 0.6780535598724938 0.5050042719397436
3 1448 1447 1218 0.6679018989832508 0.6780535598724938 0.5050042719397436
3 1864 1741 1740 0.6679018989832508 0.6780535598724938 0.5050042719397436
3 1863 1864 1740 0.6679018989832508 0.6780535598724938 0.5050042719397436
3 1740 1739 1863 0.6679018989832508 0.6780535598724938 0.5050042719397436
3 1932 1739 1740 0.6679018989832508 0.6780535598724938 0.5050042719397436
3 1740 1741 1932 0.6679018989832508 0.6780535598724938 0.5050042719397436
3 1865 1741 1864 0.6679018989832508 0.6780535598724938 0.5050042719397436
3 1866 1741 1865 0.6679018989832508 0.6780535598724938 0.5050042719397436
3 1865 1864 1562 0.6679018989832508 0.6780535598724938 0.5050042719397436
3 1562 1563 1865 0.6679018989832508 0.6780535598724938 0.5050042719397436
3 1865 1564 1866 0.6679018989832508 0.6780535598724938 0.5050042719397436
3 1563 1564 1865 0.6679018989832508 0.6780535598724938 0.5050042719397436
3 1770 1564 1769 0.6679018989832508 0.6780535598724938 0.5050042719397436
3 1769 1564 1768 0.6679018989832508 0.6780535598724938 0.5050042719397436
3 1590 1770 1769 0.6679018989832508 0.6780535598724938 0.5050042719397436
3 1589 1590 1769 0.6679018989832508 0.6780535598724938 0.5050042719397436
3 1769 1768 1589 0.6679018989832508 0.6780535598724938 0.5050042719397436
3 1656 810 646 0.6679018989832508 0.6780535598724938 0.5050042719397436
3 646 811 1656 0.6679018989832508 0.6780535598724938 0.5050042719397436
3 799 1655 1656 0.6679018989832508 0.6780535598724938 0.5050042719397436
3 1656 1655 810 0.6679018989832508 0.6780535598724938 0.5050042719397436
3 1656 800 799 0.6679018989832508 0.6780535598724938 0.5050042719397436
3 1514 1515 648 0.6679018989832508 0.6780535598724938 0.5050042719397436
3 648 812 1514 0.6679018989832508 0.6780535598724938 0.5050042719397436
3 813 812 648 0.6679018989832508 0.6780535598724938 0.5050042719397436
3 648 649 813 0.6679018989832508 0.6780535598724938 0.5050042719397436
3 648 1515 649 0.6679018989832508 0.6780535598724938 0.5050042719397436
3 1658 812 813 0.6679018989832508 0.6780535598724938 0.5050042719397436
3 813 1659 1658 0.6679018989832508 0.6780535598724938 0.5050042719397436
3 1659 802 1658 0.6679018989832508 0.6780535598724938 0.5050042719397436
3 1658 802 801 0.6679018989832508 0.6780535598724938 0.5050042719397436
3 1657 811 647 0.6679018989832508 0.6780535598724938 0.5050042719397436
3 647 812 1657 0.6679018989832508 0.6780535598724938 0.5050042719397436
3 1657 1656 811 0.6679018989832508 0.6780535598724938 0.5050042719397436
3 800 1656 1657 0.6679018989832508 0.6780535598724938 0.5050042719397436
3 812 1658 1657 0.6679018989832508 0.6780535598724938 0.5050042719397436
3 801 800 1657 0.6679018989832508 0.6780535598724938 0.5050042719397436
3 1657 1658 801 0.6679018989832508 0.6780535598724938 0.5050042719397436
3 814 1660 1659 0.6679018989832508 0.6780535598724938 0.5050042719397436
3 649 650 814 0.6679018989832508 0.6780535598724938 0.5050042719397436
3 814 1659 813 0.6679018989832508 0.6780535598724938 0.5050042719397436
3 813 649 814 0.6679018989832508 0.6780535598724938 0.5050042719397436
3 1519 816 651 0.6679018989832508 0.6780535598724938 0.5050042719397436
3 1516 650 649 0.6679018989832508 0.6780535598724938 0.5050042719397436
3 952 953 1516 0.6679018989832508 0.6780535598724938 0.5050042719397436
3 1516 1515 952 0.6679018989832508 0.6780535598724938 0.5050042719397436
3 649 1515 1516 0.6679018989832508 0.6780535598724938 0.5050042719397436
3 333 949 449 0.6679018989832508 0.6780535598724938 0.5050042719397436
3 333 449 1310 0.6679018989832508 0.6780535598724938 0.5050042719397436
3 1310 1809 333 0.6679018989832508 0.6780535598724938 0.5050042719397436
3 1513 949 333 0.6679018989832508 0.6780535598724938 0.5050042719397436
3 1809 950 333 0.6679018989832508 0.6780535598724938 0.5050042719397436
3 950 1513 333 0.6679018989832508 0.6780535598724938 0.5050042719397436
3 1587 1586 1451 0.6679018989832508 0.6780535598724938 0.5050042719397436
3 1586 1450 1451 0.6679018989832508 0.6780535598724938 0.5050042719397436
3 1451 1956 1957 0.6679018989832508 0.6780535598724938 0.5050042719397436
3 1451 1450 1956 0.6679018989832508 0.6780535598724938 0.5050042719397436
3 1660 814 815 0.6679018989832508 0.6780535598724938 0.5050042719397436
3 815 814 650 0.6679018989832508 0.6780535598724938 0.5050042719397436
3 650 651 815 0.6679018989832508 0.6780535598724938 0.5050042719397436
3 815 651 816 0.6679018989832508 0.6780535598724938 0.5050042719397436
3 815 1661 1660 0.6679018989832508 0.6780535598724938 0.5050042719397436
3 815 816 1661 0.6679018989832508 0.6780535598724938 0.5050042719397436
3 1518 955 1519 0.6679018989832508 0.6780535598724938 0.5050042719397436
3 1519 651 1518 0.6679018989832508 0.6780535598724938 0.5050042719397436
3 1518 954 955 0.6679018989832508 0.6780535598724938 0.5050042719397436
3 1452 1588 1587 0.6679018989832508 0.6780535598724938 0.5050042719397436
3 1587 1451 1452 0.6679018989832508 0.6780535598724938 0.5050042719397436
3 1452 1453 1588 0.6679018989832508 0.6780535598724938 0.5050042719397436
3 1958 1453 1452 0.6679018989832508 0.6780535598724938 0.5050042719397436
3 1452 1957 1958 0.6679018989832508 0.6780535598724938 0.5050042719397436
3 1452 1451 1957 0.6679018989832508 0.6780535598724938 0.5050042719397436
3 954 1518 1517 0.6679018989832508 0.6780535598724938 0.5050042719397436
3 953 954 1517 0.6679018989832508 0.6780535598724938 0.5050042719397436
3 1517 651 650 0.6679018989832508 0.6780535598724938 0.5050042719397436
3 1517 1518 651 0.6679018989832508 0.6780535598724938 0.5050042719397436
3 1517 1516 953 0.6679018989832508 0.6780535598724938 0.5050042719397436
3 650 1516 1517 0.6679018989832508 0.6780535598724938 0.5050042719397436
