OFF
3857 7030 0


29.4407 36.001 5.4152
29.4407 36.001 5.4152
29.5127 35.9179 5.5178
29.5696 35.8518 5.5997
29.6174 35.7958 5.6693
29.6599 35.7457 5.7317
29.6993 35.6988 5.7903
29.7377 35.6529 5.8478
29.7766 35.606 5.9067
29.8177 35.556 5.9698
29.8633 35.4999 6.0406
29.9165 35.4337 6.1247
29.9826 35.35 6.2315
30.0245 35.3017 6.3545
30.0538 35.2669 6.4422
30.0827 35.232 6.5299
30.1225 35.1825 6.6531
30.1225 35.1825 6.6531
30.1296 35.1809 6.7811
30.1341 35.1811 6.8985
30.1364 35.1828 7.0074
30.1368 35.1859 7.1095
30.1356 35.1902 7.2064
30.133 35.1956 7.2993
30.1289 35.202 7.3892
30.1235 35.2096 7.4772
30.1167 35.2182 7.5641
30.1085 35.228 7.6507
30.0988 35.2392 7.738
30.0874 35.2517 7.8267
30.0742 35.266 7.9178
30.0588 35.2822 8.0123
30.0408 35.3007 8.1113
30.0198 35.3219 8.216
29.9952 35.3464 8.3281
29.9661 35.375 8.4495
29.9661 35.375 8.4495
29.9399 35.4278 8.3206
29.9163 35.4733 8.2104
29.8946 35.5136 8.1131
29.874 35.5505 8.0248
29.854 35.5851 7.9427
29.8342 35.6182 7.8643
29.8141 35.6507 7.7879
29.7932 35.6834 7.7116
29.7711 35.7169 7.6339
29.7471 35.7522 7.5528
29.7205 35.79 7.4663
29.6901 35.8318 7.3717
29.6544 35.879 7.2656
29.6112 35.934 7.1433
29.6112 35.934 7.1433
29.5965 35.948 6.9903
29.5841 35.958 6.8626
29.5733 35.9655 6.752
29.5637 35.9714 6.6533
29.5548 35.9761 6.563
29.5465 35.98 6.4784
29.5385 35.9834 6.3976
29.5308 35.9862 6.3189
29.523 35.9888 6.2409
29.5152 35.991 6.162
29.5072 35.9931 6.0808
29.4987 35.9949 5.9957
29.4896 35.9965 5.9046
29.4797 35.998 5.8051
29.4686 35.9993 5.6938
29.4558 36.0003 5.5662
29.4407 36.001 5.4152
29.5432 35.9602 6.2231
29.5697 35.9307 6.2813
29.5949 35.9025 6.337
29.6404 35.7798 5.7903
29.6612 35.7649 5.9017
29.6803 35.751 6.0049
29.6978 35.7379 6.101
29.7131 35.6927 5.8944
29.7257 35.6869 5.9913
29.7373 35.6814 6.0819
29.748 35.6761 6.1671
29.7824 35.6086 5.9959
29.7877 35.611 6.0798
29.7925 35.6131 6.1589
29.797 35.615 6.2338
29.5621 35.9554 6.4352
29.5849 35.9283 6.4717
29.6069 35.902 6.5071
29.6282 35.8764 6.5416
29.5495 35.9589 6.2937
29.5747 35.9302 6.3444
29.5988 35.9026 6.3931
29.6218 35.876 6.44
29.5301 35.9619 6.0756
29.5595 35.9309 6.1509
29.5871 35.9014 6.222
29.613 35.8734 6.2894
29.5155 35.9626 5.9091
29.5484 35.9298 6.0055
29.5788 35.899 6.0954
29.607 35.8702 6.1795
29.5983 35.8296 5.7311
29.6243 35.8092 5.8513
29.6479 35.7903 5.962
29.6695 35.7726 6.0645
29.6894 35.7561 6.16
29.8544 35.5892 7.8698
29.8546 35.5931 7.7986
29.8544 35.5968 7.7287
29.8539 35.6002 7.6599
29.8532 35.6034 7.5917
29.8165 35.6502 7.7283
29.8187 35.6495 7.6695
29.8207 35.6486 7.6112
29.8224 35.6477 7.5531
29.8239 35.6466 7.4952
29.5688 35.9531 6.5088
29.5904 35.9268 6.5384
29.6113 35.9012 6.5673
29.6317 35.8761 6.5956
29.6516 35.8515 6.6232
29.4976 35.9619 5.7042
29.5351 35.9269 5.8296
29.5692 35.8948 5.9444
29.6003 35.865 6.0502
29.6288 35.8373 6.1483
29.5487 35.888 5.6622
29.581 35.8608 5.7932
29.6102 35.8358 5.9129
29.6367 35.8126 6.023
29.661 35.791 6.125
29.6833 35.7708 6.2199
29.861 35.5117 6.1142
29.8586 35.5228 6.1841
29.8563 35.5333 6.2507
29.854 35.5433 6.3142
29.8516 35.5527 6.3749
29.8493 35.5617 6.4332
30.0362 35.296 6.4765
30.0192 35.3241 6.5098
30.0025 35.3513 6.5421
29.9863 35.3777 6.5735
29.9704 35.4033 6.6041
29.9549 35.4282 6.6339
30.1094 35.2315 7.3537
30.09 35.2606 7.3188
30.0706 35.2893 7.2842
30.0513 35.3177 7.2499
30.0319 35.3459 7.2159
30.0124 35.3739 7.1821
30.0984 35.2468 7.5165
30.0802 35.2749 7.4697
30.062 35.3026 7.4236
30.0438 35.3299 7.378
30.0255 35.3568 7.3328
30.0071 35.3836 7.2879
30.082 35.2671 7.6774
30.0652 35.2942 7.6183
30.0485 35.3207 7.5603
30.0317 35.3467 7.5033
30.0149 35.3723 7.4469
29.9979 35.3976 7.3911
30.0592 35.2932 7.8424
30.0443 35.3193 7.7694
30.0294 35.3445 7.6986
30.0146 35.3691 7.6293
29.9996 35.393 7.5613
29.9844 35.4166 7.4942
30.0283 35.327 8.0175
30.0159 35.3519 7.9281
30.0036 35.3756 7.8423
29.9912 35.3983 7.7593
29.9786 35.4202 7.6785
29.9658 35.4415 7.5993
29.8929 35.5236 8.0229
29.8909 35.533 7.9363
29.8885 35.5418 7.8526
29.8858 35.5502 7.771
29.8827 35.5582 7.6912
29.8792 35.5659 7.6125
29.7757 35.712 7.5859
29.7801 35.7069 7.538
29.7844 35.7017 7.4902
29.7886 35.6965 7.4423
29.7926 35.6911 7.3942
29.7965 35.6856 7.3458
29.5833 35.9465 6.6693
29.6026 35.922 6.685
29.6214 35.8979 6.7006
29.64 35.874 6.7159
29.6583 35.8505 6.7311
29.6762 35.8273 6.7461
30.1151 35.2146 6.9977
30.0939 35.2459 6.9882
30.073 35.2768 6.9789
30.0522 35.3073 6.9698
30.0316 35.3375 6.9607
30.011 35.3673 6.9518
29.9906 35.3969 6.943
30.1151 35.2207 7.1832
30.0948 35.2508 7.1603
30.0745 35.2806 7.1377
30.0543 35.3101 7.1153
30.0341 35.3393 7.0932
30.0139 35.3683 7.0712
29.9936 35.3972 7.0493
29.9864 35.3715 8.2101
29.9776 35.3947 8.0998
29.9687 35.4162 7.9957
29.9596 35.4365 7.8964
29.9503 35.4557 7.8009
29.9407 35.4741 7.7083
29.9307 35.4919 7.6177
29.9355 35.4461 8.2052
29.9309 35.4629 8.097
29.9258 35.4785 7.9944
29.9205 35.4932 7.8964
29.9148 35.5071 7.8019
29.9087 35.5203 7.71
29.9021 35.5329 7.6199
29.7278 35.7803 7.4293
29.735 35.7706 7.3923
29.7422 35.7607 7.3552
29.7493 35.7507 7.3178
29.7564 35.7406 7.2802
29.7635 35.7302 7.2423
29.7705 35.7198 7.204
29.7474 35.6512 5.9444
29.7563 35.6495 6.0347
29.7645 35.6478 6.1196
29.7721 35.6461 6.1997
29.7791 35.6444 6.2754
29.7856 35.6427 6.3474
29.7916 35.641 6.4159
29.7972 35.6393 6.4813
30.0089 35.3285 6.3967
29.9939 35.3544 6.4374
29.9793 35.3794 6.4768
29.9651 35.4035 6.515
29.9512 35.4268 6.5521
29.9377 35.4494 6.5881
29.9245 35.4713 6.6231
29.9116 35.4925 6.6572
30.1077 35.2143 6.7879
30.0861 35.247 6.7945
30.0649 35.279 6.8011
30.044 35.3105 6.8075
30.0233 35.3413 6.8139
30.0029 35.3717 6.8203
29.9828 35.4016 6.8266
29.9629 35.431 6.8328
29.5916 35.9418 6.7605
29.6097 35.9183 6.769
29.6275 35.895 6.7774
29.6451 35.872 6.7858
29.6625 35.8491 6.7941
29.6796 35.8264 6.8024
29.6966 35.8038 6.8106
29.7135 35.7814 6.8188
29.5231 35.9624 5.9957
29.5541 35.9305 6.0809
29.583 35.9004 6.1608
29.61 35.872 6.2361
29.6354 35.845 6.3074
29.6592 35.8194 6.3751
29.6817 35.7949 6.4396
29.703 35.7713 6.5013
29.9702 35.3738 6.2855
29.9582 35.3965 6.3372
29.9466 35.4182 6.387
29.9353 35.4391 6.4349
29.9243 35.4592 6.4812
29.9137 35.4785 6.5259
29.9033 35.4972 6.5692
29.8931 35.5152 6.6111
29.8832 35.5326 6.6519
30.1004 35.2169 6.6698
30.0788 35.2503 6.6862
30.0577 35.283 6.7023
30.0369 35.3148 6.718
30.0165 35.3459 6.7334
29.9965 35.3764 6.7485
29.9767 35.4062 6.7634
29.9573 35.4355 6.7781
29.9381 35.4642 6.7925
29.6657 35.8634 7.2409
29.677 35.8477 7.216
29.6883 35.8319 7.1911
29.6996 35.816 7.1661
29.7109 35.7999 7.1409
29.7222 35.7837 7.1156
29.7336 35.7672 7.0901
29.7451 35.7506 7.0643
29.7565 35.7338 7.0383
29.6011 35.9355 6.8633
29.6179 35.9132 6.8641
29.6346 35.8909 6.8648
29.6511 35.8687 6.8656
29.6676 35.8466 6.8664
29.6839 35.8246 6.8672
29.7001 35.8026 6.8681
29.7162 35.7806 6.8689
29.7323 35.7587 6.8698
29.4865 35.9607 5.5769
29.5272 35.9245 5.722
29.5636 35.8915 5.8534
29.5965 35.8613 5.9732
29.6264 35.8334 6.0833
29.6537 35.8075 6.1851
29.6788 35.7832 6.2799
29.702 35.7604 6.3686
29.7235 35.7387 6.4521
29.4865 35.9607 5.5769
29.5272 35.9245 5.722
29.5636 35.8915 5.8534
29.5965 35.8613 5.9732
29.6264 35.8334 6.0833
29.6537 35.8075 6.1851
29.6788 35.7832 6.2799
29.702 35.7604 6.3686
29.7235 35.7387 6.4521
29.7436 35.7182 6.531
29.9095 35.4509 6.1893
29.9028 35.4672 6.251
29.8962 35.4827 6.31
29.8899 35.4976 6.3665
29.8836 35.5117 6.4209
29.8776 35.5253 6.4731
29.8716 35.5383 6.5236
29.8658 35.5508 6.5723
29.8601 35.5628 6.6194
29.8545 35.5744 6.6651
30.0909 35.2563 7.5968
30.0734 35.2839 7.544
30.0559 35.311 7.492
30.0383 35.3377 7.4407
30.0207 35.364 7.39
30.003 35.3901 7.3396
29.9851 35.416 7.2894
29.9669 35.4418 7.2393
29.9484 35.4676 7.189
29.9296 35.4934 7.1385
29.8734 35.5574 7.944
29.8725 35.5639 7.8656
29.8712 35.57 7.7892
29.8697 35.5758 7.7144
29.8678 35.5813 7.6406
29.8655 35.5865 7.5676
29.8629 35.5916 7.4948
29.86 35.5964 7.422
29.8567 35.6011 7.3487
29.853 35.6057 7.2746
29.7967 35.6806 7.658
29.8 35.6777 7.6047
29.8031 35.6748 7.5517
29.806 35.6717 7.4988
29.8087 35.6685 7.4457
29.8112 35.6651 7.3925
29.8137 35.6617 7.3389
29.8159 35.658 7.2847
29.818 35.6542 7.2299
29.8199 35.6502 7.1741
29.6121 35.9269 6.9825
29.6277 35.9058 6.9748
29.6432 35.8847 6.9671
29.6586 35.8636 6.9594
29.674 35.8425 6.9517
29.6893 35.8213 6.9441
29.7047 35.8001 6.9365
29.72 35.7788 6.9289
29.7353 35.7575 6.9213
29.7506 35.736 6.9137
29.5368 35.9612 6.1509
29.5647 35.9309 6.2172
29.591 35.9021 6.2804
29.6159 35.8746 6.3405
29.6396 35.8482 6.3981
29.6621 35.8228 6.4533
29.6835 35.7984 6.5063
29.704 35.7748 6.5575
29.7237 35.752 6.6069
29.7426 35.7298 6.6548
29.8196 35.563 6.0514
29.8212 35.5695 6.1286
29.8226 35.5757 6.2017
29.8238 35.5814 6.2712
29.8248 35.5868 6.3374
29.8256 35.5919 6.4007
29.8263 35.5967 6.4613
29.8269 35.6012 6.5196
29.8273 35.6054 6.5756
29.8276 35.6095 6.6296
29.8278 35.6133 6.6818
30.1159 35.217 7.0928
30.0951 35.2477 7.0764
30.0745 35.278 7.0602
30.0539 35.308 7.0443
30.0335 35.3378 7.0284
30.013 35.3672 7.0128
29.9926 35.3965 6.9972
29.9722 35.4255 6.9818
29.9518 35.4544 6.9665
29.9314 35.4833 6.9513
29.9108 35.512 6.9361
30.1046 35.2386 7.4357
30.0857 35.2672 7.3948
30.0669 35.2954 7.3545
30.0481 35.3232 7.3145
30.0292 35.3508 7.2749
30.0102 35.3782 7.2355
29.9911 35.4055 7.1962
29.9718 35.4327 7.157
29.9523 35.46 7.1177
29.9325 35.4873 7.0782
29.9123 35.5147 7.0386
30.0449 35.309 7.9282
30.0312 35.3345 7.8475
30.0175 35.359 7.7695
30.0037 35.3827 7.6936
29.9899 35.4057 7.6194
29.9758 35.4282 7.5463
29.9615 35.4502 7.4741
29.9469 35.472 7.4023
29.9319 35.4936 7.3304
29.9163 35.5152 7.2582
29.9002 35.5369 7.1851
29.9599 35.3992 8.3159
29.9536 35.4211 8.1926
29.9469 35.4413 8.0775
29.94 35.46 7.9687
29.9327 35.4776 7.8649
29.9251 35.4941 7.7648
29.917 35.51 7.6674
29.9084 35.5252 7.5718
29.8993 35.54 7.477
29.8896 35.5545 7.3821
29.8791 35.5688 7.2864
29.9134 35.487 8.109
29.9102 35.4997 8.0126
29.9066 35.5117 7.9203
29.9026 35.5229 7.8312
29.8982 35.5337 7.7445
29.8935 35.5439 7.6596
29.8884 35.5538 7.5759
29.8828 35.5634 7.4927
29.8768 35.5727 7.4095
29.8702 35.5818 7.3257
29.8631 35.5909 7.2408
29.6991 35.8194 7.3406
29.7082 35.8069 7.3094
29.7172 35.7943 7.278
29.7262 35.7815 7.2465
29.7352 35.7686 7.2147
29.7442 35.7555 7.1827
29.7532 35.7423 7.1504
29.7623 35.7288 7.1178
29.7714 35.7151 7.0847
29.7805 35.7012 7.0513
29.7897 35.6869 7.0173
29.5558 35.9574 6.364
29.5797 35.9295 6.4074
29.6028 35.9025 6.4494
29.6249 35.8763 6.4901
29.6463 35.851 6.5295
29.6669 35.8263 6.5678
29.6869 35.8022 6.6051
29.7062 35.7788 6.6414
29.7249 35.7558 6.6769
29.7431 35.7334 6.7116
29.7609 35.7114 6.7456
30.1124 35.2136 6.8965
30.091 35.2456 6.8947
30.0699 35.2771 6.8929
30.049 35.3081 6.8911
30.0283 35.3386 6.8895
30.0077 35.3687 6.8878
29.9873 35.3985 6.8863
29.9671 35.4279 6.8848
29.947 35.457 6.8833
29.9269 35.4859 6.8819
29.907 35.5145 6.8806
29.887 35.5428 6.8793
30.113 35.2255 7.2699
30.093 35.2551 7.2408
30.0732 35.2844 7.2121
30.0534 35.3133 7.1837
30.0335 35.342 7.1555
30.0136 35.3706 7.1275
29.9937 35.399 7.0996
29.9736 35.4273 7.0718
29.9534 35.4556 7.044
29.9331 35.4838 7.0163
29.9125 35.5122 6.9884
29.8917 35.5406 6.9605
29.8706 35.5692 6.9324
30.009 35.3477 8.1111
29.9982 35.3718 8.0119
29.9875 35.3945 7.9175
29.9766 35.4161 7.8267
29.9655 35.4368 7.7389
29.9542 35.4567 7.6532
29.9426 35.4761 7.569
29.9306 35.495 7.4857
29.9181 35.5136 7.4027
29.905 35.5321 7.3193
29.8914 35.5506 7.2351
29.8769 35.5692 7.1493
29.8615 35.588 7.0613
29.8356 35.6199 7.7984
29.8368 35.6214 7.7337
29.8377 35.6228 7.6698
29.8383 35.624 7.6065
29.8387 35.625 7.5435
29.8388 35.6259 7.4807
29.8386 35.6267 7.4177
29.8382 35.6272 7.3542
29.8376 35.6277 7.2902
29.8366 35.628 7.2252
29.8354 35.6281 7.159
29.8339 35.6281 7.0913
29.8321 35.6279 7.0217
29.753 35.7449 7.5103
29.7587 35.7376 7.4678
29.7643 35.7302 7.4252
29.7699 35.7226 7.3825
29.7753 35.7149 7.3395
29.7807 35.7071 7.2962
29.7861 35.6991 7.2524
29.7913 35.691 7.2082
29.7965 35.6826 7.1633
29.8017 35.674 7.1178
29.8069 35.6652 7.0715
29.812 35.6561 7.0242
29.8172 35.6467 6.9759
29.5758 35.9502 6.5862
29.5962 35.9248 6.6089
29.6161 35.8998 6.6312
29.6356 35.8753 6.6532
29.6547 35.8513 6.6747
29.6734 35.8275 6.6959
29.6917 35.8042 6.7169
29.7096 35.7812 6.7375
29.7273 35.7584 6.7578
29.7446 35.736 6.778
29.7617 35.7138 6.7978
29.7785 35.6918 6.8175
29.795 35.67 6.8371
30.0632 35.2632 6.5567
30.0442 35.2935 6.5828
30.0256 35.323 6.6082
30.0075 35.3516 6.633
29.9897 35.3795 6.6573
29.9723 35.4068 6.6809
29.9552 35.4333 6.7041
29.9384 35.4593 6.7269
29.9218 35.4846 6.7492
29.9056 35.5095 6.7711
29.8896 35.5338 6.7926
29.8738 35.5577 6.8138
29.8581 35.5812 6.8347
29.8427 35.6043 6.8553
30.0715 35.2793 7.759
30.0556 35.3059 7.6933
30.0397 35.3318 7.629
30.0238 35.3572 7.566
30.0079 35.382 7.5039
29.9917 35.4064 7.4425
29.9754 35.4306 7.3815
29.9587 35.4546 7.3206
29.9417 35.4786 7.2595
29.9243 35.5026 7.1982
29.9063 35.5267 7.1361
29.8878 35.5511 7.0731
29.8685 35.5759 7.0089
29.8484 35.6011 6.9432
29.6255 35.9144 7.1259
29.6398 35.8949 7.1084
29.654 35.8752 7.091
29.6683 35.8554 7.0735
29.6825 35.8356 7.056
29.6968 35.8156 7.0384
29.711 35.7954 7.0208
29.7253 35.7751 7.0031
29.7397 35.7546 6.9853
29.7541 35.7339 6.9674
29.7686 35.7131 6.9493
29.7831 35.6919 6.9312
29.7978 35.6706 6.9128
29.8126 35.6489 6.8943
29.5071 35.9625 5.8132
29.5421 35.9286 5.9228
29.5742 35.8972 6.024
29.6038 35.8679 6.1182
29.6311 35.8404 6.2061
29.6565 35.8145 6.2886
29.6802 35.79 6.3665
29.7023 35.7667 6.4402
29.7232 35.7445 6.5103
29.7429 35.7232 6.5772
29.7615 35.7027 6.6413
29.7792 35.6829 6.7029
29.796 35.6637 6.7623
29.8121 35.6451 6.8198
29.6779 35.7349 5.8438
29.6944 35.7248 5.9476
29.7096 35.7153 6.0443
29.7236 35.7063 6.1347
29.7365 35.6977 6.2196
29.7485 35.6895 6.2997
29.7596 35.6816 6.3756
29.77 35.6741 6.4476
29.7798 35.6668 6.5163
29.7889 35.6597 6.582
29.7975 35.6529 6.645
29.8057 35.6462 6.7056
29.8133 35.6396 6.7641
29.8206 35.6332 6.8207
29.8275 35.6269 6.8756
29.8275 35.6269 6.8756
29.4407 36.001 5.4152
29.4407 36.001 5.4152
29.435 36.0483 5.3379
29.4293 36.0957 5.2607
29.4236 36.1431 5.1834
29.4178 36.1905 5.1062
29.4121 36.2379 5.029
29.4064 36.2853 4.9517
29.4007 36.3327 4.8745
29.395 36.3801 4.7972
29.3893 36.4275 4.72
29.3836 36.4749 4.6427
29.3778 36.5223 4.5655
29.3721 36.5697 4.4883
29.3664 36.617 4.411
29.3607 36.6644 4.3338
29.355 36.7118 4.2565
29.3493 36.7592 4.1793
29.3436 36.8066 4.1021
29.3378 36.854 4.0248
29.3321 36.9014 3.9476
29.3264 36.9488 3.8703
29.3207 36.9962 3.7931
29.3207 36.9962 3.7931
29.3379 37.019 3.9549
29.3535 37.04 4.1009
29.3677 37.0594 4.234
29.3807 37.0776 4.3564
29.3929 37.0947 4.4697
29.4042 37.111 4.5755
29.4148 37.1266 4.6749
29.4249 37.1416 4.7688
29.4345 37.1561 4.8582
29.4437 37.1702 4.9437
29.4525 37.1841 5.026
29.4611 37.1978 5.1055
29.4694 37.2113 5.1828
29.4776 37.2248 5.2584
29.4856 37.2384 5.3325
29.4935 37.252 5.4057
29.5014 37.2659 5.4782
29.5093 37.28 5.5504
29.5172 37.2945 5.6227
29.5251 37.3094 5.6954
29.5331 37.325 5.7689
29.5413 37.3413 5.8436
29.5497 37.3585 5.9198
29.5584 37.3768 5.9982
29.5673 37.3964 6.0792
29.5767 37.4177 6.1634
29.5866 37.441 6.2516
29.597 37.4668 6.3448
29.6083 37.496 6.4441
29.6204 37.5294 6.551
29.6338 37.5686 6.6676
29.6488 37.6156 6.7968
29.666 37.6742 6.9432
29.6864 37.7504 7.114
29.6864 37.7504 7.114
29.6782 37.6321 7.0824
29.6708 37.5205 7.0565
29.6641 37.4143 7.0353
29.658 37.3125 7.0184
29.6525 37.2142 7.0053
29.6474 37.1186 6.9956
29.6427 37.0249 6.9891
29.6384 36.9324 6.9856
29.6344 36.8405 6.9852
29.6307 36.7485 6.9878
29.6273 36.6559 6.9934
29.6241 36.5621 7.0022
29.6212 36.4663 7.0146
29.6186 36.368 7.0307
29.6163 36.2664 7.051
29.6143 36.1608 7.0761
29.6126 36.0503 7.1065
29.6112 35.934 7.1433
29.5965 35.948 6.9903
29.5841 35.958 6.8626
29.5733 35.9655 6.752
29.5637 35.9714 6.6533
29.5548 35.9761 6.563
29.5465 35.98 6.4784
29.5385 35.9834 6.3976
29.5308 35.9862 6.3189
29.523 35.9888 6.2409
29.5152 35.991 6.162
29.5072 35.9931 6.0808
29.4987 35.9949 5.9957
29.4896 35.9965 5.9046
29.4797 35.998 5.8051
29.4686 35.9993 5.6938
29.4558 36.0003 5.5662
29.4407 36.001 5.4152
30.549 34.9045 9.05
30.549 34.9045 9.05
30.5523 34.8987 8.9604
30.5555 34.8929 8.8708
30.5588 34.8871 8.7813
30.5621 34.8813 8.6917
30.5654 34.8755 8.6021
30.5686 34.8697 8.5126
30.5719 34.864 8.423
30.5752 34.8582 8.3334
30.5785 34.8524 8.2439
30.5817 34.8466 8.1543
30.585 34.8408 8.0648
30.5883 34.835 7.9752
30.5883 34.835 7.9752
30.5881 34.8322 7.8893
30.5884 34.8291 7.8033
30.5884 34.8291 7.8033
30.5716 34.839 7.6765
30.56 34.8453 7.5743
30.5512 34.8497 7.4854
30.5442 34.8528 7.4022
30.5382 34.855 7.3189
30.5331 34.8563 7.2296
30.5287 34.8565 7.1268
30.5254 34.8549 6.9984
30.44 34.9246 6.9327
30.3758 34.9769 6.8808
30.32 35.0223 6.8339
30.2647 35.0672 6.7856
30.2027 35.1176 6.7293
30.1225 35.1825 6.6531
30.1225 35.1825 6.6531
30.1296 35.1809 6.7811
30.1341 35.1811 6.8985
30.1364 35.1828 7.0074
30.1368 35.1859 7.1095
30.1356 35.1902 7.2064
30.133 35.1956 7.2993
30.1289 35.202 7.3892
30.1235 35.2096 7.4772
30.1167 35.2182 7.5641
30.1085 35.228 7.6507
30.0988 35.2392 7.738
30.0874 35.2517 7.8267
30.0742 35.266 7.9178
30.0588 35.2822 8.0123
30.0408 35.3007 8.1113
30.0198 35.3219 8.216
29.9952 35.3464 8.3281
29.9661 35.375 8.4495
29.9661 35.375 8.4495
29.9978 35.3528 8.5826
30.0202 35.3372 8.6795
30.04 35.3236 8.7674
30.0613 35.3089 8.8646
30.09 35.2892 8.9989
30.09 35.2892 8.9989
30.1876 35.2074 9.0085
30.2585 35.148 9.0159
30.3196 35.0967 9.0226
30.3807 35.0455 9.0295
30.4515 34.9861 9.0379
30.549 34.9045 9.05
30.549 34.9045 9.05
30.549 34.9045 9.05
30.659 34.975 9.1145
30.7623 35.0413 9.176
30.8596 35.1038 9.2347
30.9517 35.163 9.2909
31.0391 35.2193 9.3449
31.1223 35.2729 9.3969
31.2019 35.3243 9.4472
31.2783 35.3736 9.4959
31.3518 35.4211 9.5432
31.4228 35.467 9.5893
31.4916 35.5115 9.6343
31.5584 35.5547 9.6784
31.6236 35.5969 9.7217
31.6873 35.6382 9.7643
31.7497 35.6787 9.8064
31.8112 35.7186 9.8479
31.8718 35.758 9.8892
31.9318 35.7969 9.9302
31.9913 35.8356 9.9711
32.0505 35.8741 10.0121
32.1097 35.9125 10.0531
32.1689 35.9511 10.0943
32.2283 35.9897 10.1358
32.2881 36.0287 10.1778
32.3486 36.0681 10.2204
32.4099 36.108 10.2637
32.4721 36.1485 10.3078
32.5356 36.1899 10.3529
32.6005 36.2322 10.3992
32.6671 36.2757 10.4468
32.7357 36.3204 10.496
32.8066 36.3667 10.547
32.8801 36.4146 10.5999
32.9566 36.4646 10.6552
33.0365 36.5167 10.7131
33.1204 36.5715 10.774
33.2087 36.6292 10.8383
33.3023 36.6904 10.9065
33.4017 36.7554 10.9792
33.5081 36.8249 11.057
33.5081 36.8249 11.057
33.3884 36.8781 11.0213
33.2788 36.9279 10.9892
33.1774 36.9749 10.9601
33.0827 37.0198 10.9334
32.9933 37.0629 10.9088
32.9083 37.1048 10.8859
32.8268 37.1458 10.8644
32.7481 37.1863 10.8442
32.6714 37.2265 10.825
32.5962 37.2668 10.8067
32.5218 37.3075 10.7891
32.4479 37.3489 10.7721
32.3739 37.3913 10.7557
32.2993 37.435 10.7399
32.2237 37.4805 10.7244
32.1465 37.5281 10.7094
32.0672 37.5784 10.6948
31.9854 37.6318 10.6807
31.9005 37.689 10.667
31.8118 37.7507 10.6539
31.7187 37.8176 10.6416
31.6207 37.8907 10.6301
31.5168 37.9712 10.6198
31.3993 37.9427 10.5566
31.3007 37.9172 10.5032
31.2145 37.8939 10.4564
31.1365 37.8717 10.4137
31.0634 37.85 10.3735
30.9927 37.8282 10.3344
30.9222 37.8056 10.2952
30.8498 37.7814 10.2548
30.7732 37.7547 10.2117
30.6893 37.724 10.1642
30.5946 37.6876 10.1101
30.4837 37.6423 10.0463
30.4837 37.6423 10.0463
30.473 37.516 9.9878
30.4626 37.4004 9.9344
30.4523 37.2935 9.8851
30.4422 37.1938 9.8393
30.4322 37.1 9.7963
30.4222 37.011 9.7557
30.4121 36.9261 9.717
30.4019 36.8443 9.6798
30.3916 36.765 9.6439
30.381 36.6877 9.609
30.3701 36.6118 9.5748
30.3588 36.5369 9.5411
30.3471 36.4623 9.5078
30.3349 36.3877 9.4745
30.322 36.3126 9.4412
30.3084 36.2366 9.4075
30.294 36.1592 9.3734
30.2785 36.0798 9.3385
30.2619 35.9979 9.3027
30.2439 35.9129 9.2657
30.2243 35.824 9.2272
30.2028 35.7306 9.1869
30.1791 35.6316 9.1444
30.1527 35.526 9.0993
30.1233 35.4124 9.051
30.09 35.2892 8.9989
30.09 35.2892 8.9989
30.1876 35.2074 9.0085
30.2585 35.148 9.0159
30.3196 35.0967 9.0226
30.3807 35.0455 9.0295
30.4515 34.9861 9.0379
30.549 34.9045 9.05
32.358 36.1315 10.2485
32.3074 36.1544 10.2337
32.2582 36.1767 10.2194
32.2102 36.1983 10.2054
32.1634 36.2194 10.1919
32.1177 36.2399 10.1787
32.8058 37.0598 10.8198
32.7093 37.0174 10.7577
32.6183 36.9775 10.6992
32.5323 36.9397 10.644
32.4508 36.9038 10.5919
32.3734 36.8697 10.5424
32.66 37.1365 10.783
32.5768 37.0895 10.7252
32.4979 37.0449 10.6706
32.423 37.0025 10.6188
32.3518 36.9623 10.5697
32.2839 36.9239 10.523
32.521 37.2125 10.7496
32.4497 37.1609 10.6956
32.3819 37.1119 10.6443
32.3173 37.0652 10.5956
32.2556 37.0206 10.5491
32.1966 36.978 10.5048
32.3847 37.2899 10.7187
32.3245 37.2339 10.668
32.2671 37.1804 10.6197
32.2122 37.1293 10.5736
32.1597 37.0804 10.5296
32.1093 37.0336 10.4875
31.9676 35.8706 9.9731
31.9443 35.9051 9.9751
31.9211 35.9392 9.977
31.8982 35.9728 9.979
31.8754 36.0061 9.9809
31.8529 36.0389 9.9829
31.8306 36.0714 9.9849
32.0787 35.9446 10.0507
32.0482 35.9761 10.0483
32.0182 36.007 10.046
31.9886 36.0375 10.0438
31.9593 36.0675 10.0417
31.9305 36.097 10.0396
31.902 36.1261 10.0375
32.1895 36.0186 10.1287
32.1515 36.0469 10.1217
32.1142 36.0746 10.1149
32.0775 36.1017 10.1083
32.0415 36.1282 10.1017
32.0061 36.1543 10.0954
31.9713 36.1799 10.0892
32.3013 36.0935 10.208
32.2551 36.1183 10.196
32.21 36.1424 10.1843
32.1659 36.166 10.1729
32.1228 36.1889 10.1617
32.0806 36.2113 10.1509
32.0393 36.2332 10.1403
32.4737 36.2094 10.3315
32.4139 36.2282 10.3108
32.3558 36.2464 10.2908
32.2996 36.264 10.2715
32.2449 36.281 10.2528
32.1918 36.2975 10.2346
32.1402 36.3135 10.217
32.5941 36.2905 10.4184
32.5238 36.3047 10.391
32.4561 36.3184 10.3647
32.3908 36.3315 10.3394
32.3277 36.3441 10.315
32.2667 36.3562 10.2915
32.2077 36.3679 10.2688
32.7207 36.376 10.5103
32.6387 36.385 10.4754
32.5602 36.3935 10.442
32.4849 36.4015 10.41
32.4126 36.4092 10.3794
32.3431 36.4166 10.3501
32.2761 36.4236 10.3218
32.8559 36.4675 10.609
32.7604 36.4702 10.5652
32.6697 36.4728 10.5237
32.5832 36.4751 10.4842
32.5007 36.4773 10.4467
32.4219 36.4794 10.4108
32.3464 36.4813 10.3766
33.0022 36.5667 10.7163
32.8911 36.562 10.6622
32.7862 36.5576 10.6112
32.6871 36.5534 10.5632
32.5932 36.5493 10.5177
32.504 36.5454 10.4747
32.4191 36.5416 10.4338
33.0485 36.938 10.8846
32.9283 36.9035 10.8143
32.8158 36.8711 10.7487
32.7103 36.8408 10.6873
32.611 36.8122 10.6296
32.5173 36.7852 10.5753
32.4287 36.7596 10.524
32.8827 37.0204 10.8399
32.779 36.9805 10.7753
32.6814 36.943 10.7147
32.5893 36.9075 10.6576
32.5022 36.874 10.6037
32.4197 36.8422 10.5528
32.3413 36.812 10.5045
32.2475 37.3713 10.6897
32.198 37.3105 10.6418
32.1506 37.2523 10.5962
32.1052 37.1967 10.5526
32.0616 37.1433 10.5108
32.0197 37.092 10.4707
31.9794 37.0427 10.4323
32.1058 37.4592 10.662
32.0668 37.3932 10.6168
32.0295 37.33 10.5735
31.9936 37.2694 10.5321
31.959 37.2111 10.4924
31.9257 37.1551 10.4542
31.8936 37.1011 10.4176
31.0933 37.7688 10.3508
31.122 37.6903 10.329
31.1497 37.6143 10.308
31.1763 37.5406 10.2877
31.202 37.469 10.2681
31.2269 37.3994 10.2491
31.2509 37.3315 10.2307
30.9598 37.7292 10.2777
30.9961 37.6552 10.2609
31.031 37.5833 10.2446
31.0649 37.5134 10.2289
31.0976 37.4453 10.2137
31.1294 37.3789 10.1989
31.1603 37.3139 10.1846
31.7977 35.7579 9.8559
31.7844 35.7968 9.8638
31.771 35.8353 9.8717
31.7577 35.8736 9.8796
31.7445 35.9116 9.8875
31.7312 35.9493 9.8953
31.718 35.9867 9.9031
31.7048 36.024 9.9109
31.9116 35.8334 9.9343
31.8916 35.8694 9.9383
31.8718 35.9049 9.9422
31.8521 35.9401 9.9462
31.8326 35.975 9.9502
31.8132 36.0094 9.9541
31.7939 36.0436 9.9581
31.7747 36.0774 9.962
33.1631 36.6759 10.8349
33.0334 36.6624 10.7684
32.9121 36.6496 10.7063
32.7984 36.6376 10.6482
32.6915 36.6263 10.5937
32.5907 36.6156 10.5425
32.4954 36.6054 10.4941
32.4051 36.5956 10.4484
33.343 36.7983 10.9682
33.1908 36.7737 10.8865
33.0501 36.7509 10.8111
32.9193 36.7296 10.7411
32.7974 36.7098 10.6761
32.6833 36.6911 10.6154
32.5763 36.6735 10.5585
32.4755 36.657 10.5051
33.1393 36.894 10.9098
33.0096 36.8625 10.8362
32.8887 36.8331 10.7677
32.7755 36.8055 10.7038
32.6694 36.7796 10.6439
32.5695 36.7552 10.5876
32.4752 36.7321 10.5347
32.386 36.7102 10.4847
31.956 37.5568 10.6357
31.9278 37.4849 10.5927
31.9007 37.416 10.5516
31.8746 37.3499 10.5122
31.8494 37.2862 10.4743
31.8251 37.2248 10.4379
31.8016 37.1657 10.4029
31.7788 37.1085 10.3691
31.2358 37.8073 10.4279
31.2561 37.724 10.4005
31.2756 37.6437 10.3742
31.2943 37.566 10.3489
31.3122 37.4908 10.3245
31.3294 37.4179 10.3009
31.3459 37.347 10.2781
31.3619 37.2781 10.256
30.8185 37.6833 10.1994
30.8623 37.614 10.1875
30.9047 37.5465 10.1761
30.9459 37.4807 10.165
30.9859 37.4164 10.1543
31.0248 37.3535 10.144
31.0628 37.2917 10.1339
31.0998 37.2311 10.1241
30.3823 35.167 9.0684
30.4427 35.2348 9.113
30.5012 35.3007 9.1566
30.558 35.3649 9.1995
30.6135 35.4279 9.2418
30.668 35.4898 9.2838
30.7216 35.551 9.3257
30.7747 35.6118 9.3676
31.6199 35.6406 9.7353
31.6161 35.6839 9.7489
31.6123 35.727 9.7624
31.6084 35.7699 9.7759
31.6045 35.8126 9.7894
31.6005 35.8551 9.8029
31.5964 35.8976 9.8165
31.5923 35.9399 9.83
31.5881 35.9822 9.8436
31.7396 35.7194 9.8162
31.7294 35.7598 9.8261
31.7193 35.7998 9.8359
31.7091 35.8396 9.8456
31.699 35.8792 9.8554
31.6888 35.9185 9.8651
31.6786 35.9576 9.8748
31.6684 35.9965 9.8846
31.6582 36.0353 9.8943
33.2369 36.8477 10.9375
33.0967 36.8195 10.8601
32.9664 36.7932 10.7884
32.8449 36.7686 10.7216
32.7313 36.7456 10.6593
32.6246 36.724 10.6009
32.5242 36.7035 10.5461
32.4295 36.6842 10.4945
32.3399 36.6659 10.4458
31.7942 37.6683 10.611
31.7773 37.5894 10.5699
31.761 37.5138 10.5306
31.7453 37.4411 10.4928
31.73 37.3711 10.4566
31.7153 37.3037 10.4218
31.7009 37.2385 10.3883
31.687 37.1756 10.3559
31.6734 37.1146 10.3247
30.4417 36.7543 9.6591
30.4917 36.7434 9.6745
30.5418 36.7325 9.6899
30.5919 36.7215 9.7054
30.6422 36.7103 9.7211
30.6926 36.699 9.737
30.7434 36.6875 9.753
30.7945 36.6758 9.7692
30.846 36.664 9.7857
30.4197 36.6078 9.5925
30.4694 36.6037 9.6102
30.5191 36.5995 9.6282
30.5691 36.5952 9.6463
30.6193 36.5908 9.6646
30.6699 36.5863 9.6831
30.7208 36.5816 9.7019
30.7723 36.5768 9.721
30.8243 36.5719 9.7404
30.3967 36.4645 9.5278
30.4464 36.4667 9.5479
30.4963 36.4687 9.5682
30.5464 36.4708 9.5888
30.5969 36.4727 9.6096
30.6477 36.4747 9.6307
30.6991 36.4765 9.6521
30.751 36.4783 9.6738
30.8036 36.4801 9.696
30.3722 36.3209 9.4635
30.4224 36.3292 9.486
30.4728 36.3374 9.5088
30.5234 36.3456 9.5317
30.5744 36.3538 9.555
30.6258 36.3621 9.5786
30.6777 36.3703 9.6026
30.7303 36.3786 9.6269
30.7835 36.3869 9.6518
31.4289 35.5155 9.6085
31.4348 35.5637 9.6276
31.4406 35.6117 9.6467
31.4463 35.6595 9.6658
31.4518 35.7072 9.685
31.4573 35.7548 9.7042
31.4627 35.8024 9.7235
31.4679 35.8501 9.7428
31.4731 35.8978 9.7623
31.4783 35.9457 9.7819
31.5579 35.5999 9.6939
31.5574 35.6448 9.7093
31.5567 35.6894 9.7247
31.556 35.7339 9.74
31.5552 35.7782 9.7554
31.5543 35.8224 9.7708
31.5533 35.8666 9.7863
31.5523 35.9107 9.8017
31.5512 35.9548 9.8173
31.55 35.9989 9.8329
31.616 37.7991 10.5885
31.6114 37.7115 10.5488
31.6069 37.6275 10.5109
31.6025 37.5468 10.4746
31.5981 37.4692 10.4397
31.5937 37.3945 10.4062
31.5894 37.3223 10.374
31.5851 37.2526 10.3429
31.5809 37.1851 10.3129
31.5767 37.1196 10.2839
31.3168 37.8277 10.4713
31.3322 37.7416 10.4406
31.3468 37.6588 10.4113
31.3607 37.5789 10.383
31.3741 37.5016 10.3558
31.3868 37.4269 10.3296
31.399 37.3545 10.3043
31.4108 37.2841 10.2798
31.422 37.2157 10.2561
31.4329 37.149 10.233
30.4848 37.0727 9.8058
30.537 37.0455 9.8152
30.5886 37.0184 9.8247
30.64 36.9913 9.8341
30.691 36.9643 9.8437
30.7419 36.9371 9.8532
30.7926 36.91 9.8629
30.8433 36.8827 9.8726
30.8939 36.8552 9.8824
30.9447 36.8275 9.8923
30.4632 36.9077 9.7295
30.5141 36.8894 9.7421
30.5648 36.8709 9.7548
30.6153 36.8524 9.7675
30.6659 36.8338 9.7803
30.7165 36.8151 9.7932
30.7671 36.7962 9.8063
30.818 36.7771 9.8194
30.8691 36.7578 9.8327
30.9205 36.7383 9.8462
30.3453 36.1737 9.3983
30.3966 36.1883 9.4233
30.448 36.2028 9.4486
30.4996 36.2173 9.4741
30.5515 36.2318 9.4999
30.6037 36.2464 9.5261
30.6565 36.2611 9.5526
30.7099 36.2759 9.5797
30.764 36.2908 9.6073
30.8191 36.306 9.6355
30.3152 36.0193 9.3305
30.3683 36.0406 9.3584
30.4214 36.0618 9.3865
30.4744 36.083 9.4148
30.5277 36.1042 9.4433
30.5812 36.1255 9.4722
30.6352 36.1469 9.5016
30.6897 36.1685 9.5314
30.7449 36.1904 9.5618
30.801 36.2126 9.5929
30.3238 35.2153 9.0617
30.3867 35.2804 9.1063
30.4476 35.3436 9.1499
30.5068 35.4052 9.1928
30.5647 35.4655 9.2352
30.6216 35.525 9.2773
30.6776 35.5837 9.3192
30.7332 35.6421 9.3612
30.7884 35.7004 9.4035
30.8436 35.7587 9.4462
30.5089 35.0632 9.0839
30.564 35.1375 9.1286
30.6173 35.2096 9.1723
30.6689 35.2798 9.2152
30.7193 35.3486 9.2575
30.7686 35.4161 9.2994
30.817 35.4828 9.3411
30.8649 35.5489 9.3827
30.9124 35.6148 9.4245
30.9596 35.6807 9.4666
31.2912 35.4259 9.5189
31.3039 35.4779 9.5419
31.3164 35.5297 9.5649
31.3288 35.5812 9.5879
31.341 35.6325 9.6109
31.3531 35.6838 9.634
31.3651 35.7351 9.6572
31.377 35.7865 9.6805
31.3888 35.838 9.704
31.4005 35.8898 9.7277
31.4122 35.9419 9.7516
31.4093 37.8496 10.5205
31.4187 37.7603 10.486
31.4277 37.6747 10.453
31.4361 37.5922 10.4214
31.4441 37.5128 10.3909
31.4517 37.4361 10.3617
31.4589 37.3619 10.3335
31.4657 37.29 10.3062
31.4723 37.2202 10.2799
31.4785 37.1523 10.2543
31.4844 37.0863 10.2296
30.6488 37.6222 10.1038
30.7013 37.5585 10.0977
30.7523 37.4963 10.0918
30.8019 37.4355 10.0862
30.8503 37.3759 10.0808
30.8975 37.3174 10.0756
30.9437 37.2598 10.0705
30.989 37.2031 10.0657
31.0335 37.1472 10.0609
31.0772 37.0918 10.0564
31.1202 37.037 10.052
30.5187 37.3553 9.9376
30.5737 37.311 9.9408
30.6277 37.2672 9.944
30.6808 37.2239 9.9473
30.7331 37.1811 9.9506
30.7847 37.1386 9.954
30.8356 37.0964 9.9574
30.8861 37.0545 9.9608
30.9361 37.0127 9.9644
30.9857 36.9709 9.9679
31.0351 36.9292 9.9716
30.4959 37.1613 9.8469
30.5488 37.129 9.8545
30.6011 37.0969 9.8622
30.653 37.065 9.8698
30.7044 37.0332 9.8774
30.7554 37.0014 9.8851
30.8062 36.9696 9.8929
30.8568 36.9378 9.9007
30.9073 36.9059 9.9086
30.9577 36.8738 9.9165
31.0081 36.8416 9.9246
30.2807 35.8533 9.2586
30.3366 35.8823 9.2899
30.3921 35.9111 9.3212
30.4474 35.9398 9.3527
30.5027 35.9684 9.3843
30.558 35.997 9.4163
30.6136 36.0258 9.4487
30.6696 36.0548 9.4815
30.7262 36.084 9.5149
30.7836 36.1136 9.5491
30.8419 36.1437 9.584
30.2402 35.6707 9.1803
30.3002 35.709 9.2159
30.3593 35.7469 9.2513
30.4179 35.7843 9.2866
30.4759 35.8214 9.3219
30.5338 35.8584 9.3574
30.5916 35.8954 9.3932
30.6496 35.9326 9.4294
30.708 35.9699 9.4662
30.7669 36.0077 9.5036
30.8266 36.046 9.5418
31.0636 35.2792 9.3746
31.0877 35.3384 9.404
31.1115 35.397 9.4334
31.1349 35.4551 9.4626
31.158 35.5128 9.4919
31.1809 35.5704 9.5211
31.2036 35.6279 9.5505
31.2261 35.6854 9.5801
31.2486 35.743 9.6099
31.2711 35.8009 9.64
31.2936 35.8593 9.6705
31.3161 35.9182 9.7014
31.2185 35.3789 9.4723
31.2348 35.433 9.4973
31.2508 35.4868 9.5223
31.2667 35.5403 9.5473
31.2824 35.5937 9.5723
31.298 35.6469 9.5974
31.3134 35.7002 9.6226
31.3287 35.7535 9.648
31.344 35.807 9.6735
31.3592 35.8608 9.6993
31.3744 35.9149 9.7254
31.3896 35.9695 9.7518
32.5899 37.1744 10.7659
32.5128 37.1251 10.7101
32.4395 37.0783 10.6572
32.3699 37.0338 10.607
32.3035 36.9914 10.5593
32.2401 36.9509 10.5138
32.1795 36.9122 10.4704
32.1215 36.8751 10.4289
32.0658 36.8395 10.3892
32.0123 36.8053 10.3511
31.9608 36.7724 10.3146
31.9112 36.7407 10.2795
32.3164 37.33 10.704
32.2616 37.2716 10.6548
32.2092 37.2158 10.6078
32.1591 37.1624 10.563
32.111 37.1113 10.5201
32.0649 37.0623 10.4791
32.0205 37.0152 10.4397
31.9778 36.9699 10.4019
31.9366 36.9262 10.3656
31.8969 36.8841 10.3306
31.8585 36.8434 10.2968
31.8213 36.8041 10.2643
30.5307 37.4632 9.9882
30.587 37.4115 9.9887
30.6421 37.3607 9.9893
30.6959 37.3107 9.99
30.7487 37.2615 9.9907
30.8006 37.2128 9.9915
30.8517 37.1646 9.9924
30.9021 37.1169 9.9934
30.9518 37.0695 9.9944
31.001 37.0223 9.9955
31.0498 36.9754 9.9967
31.0981 36.9285 9.998
30.1914 35.4643 9.0931
30.2575 35.5147 9.1343
30.3219 35.5639 9.1749
30.385 35.6122 9.2151
30.4471 35.6597 9.2549
30.5084 35.7067 9.2947
30.5693 35.7533 9.3346
30.6299 35.7999 9.3747
30.6905 35.8465 9.4152
30.7514 35.8934 9.4562
30.8128 35.9407 9.4981
30.8751 35.9888 9.5409
30.7051 35.0514 9.1566
30.7496 35.1256 9.1976
30.7928 35.1979 9.2379
30.8348 35.2686 9.2776
30.8758 35.338 9.3169
30.9161 35.4065 9.3559
30.9558 35.4742 9.3947
30.9949 35.5415 9.4336
31.0338 35.6086 9.4726
31.0725 35.6758 9.5119
31.1111 35.7432 9.5516
31.1499 35.8112 9.592
31.1889 35.88 9.6331
30.8937 35.1707 9.2698
30.927 35.2363 9.3045
30.9595 35.3009 9.3388
30.9914 35.3646 9.3728
31.0228 35.4276 9.4067
31.0538 35.4901 9.4406
31.0845 35.5523 9.4745
31.115 35.6144 9.5085
31.1453 35.6766 9.5428
31.1755 35.739 9.5773
31.2058 35.8017 9.6124
31.2362 35.8651 9.6479
31.2668 35.9293 9.6841
32.1341 35.9815 10.0896
32.0999 36.0115 10.085
32.0663 36.0408 10.0805
32.0332 36.0696 10.0761
32.0006 36.0979 10.0718
31.9685 36.1257 10.0675
31.9369 36.153 10.0634
31.9057 36.18 10.0594
31.8749 36.2064 10.0554
31.8445 36.2325 10.0516
31.8145 36.2582 10.0478
31.7848 36.2835 10.044
31.7555 36.3085 10.0404
32.5332 36.2495 10.3744
32.4683 36.2661 10.3505
32.4056 36.2821 10.3274
32.3449 36.2975 10.3052
32.2861 36.3123 10.2837
32.2291 36.3267 10.2629
32.1738 36.3406 10.2428
32.1201 36.354 10.2233
32.0679 36.367 10.2044
32.0171 36.3797 10.1861
31.9676 36.3919 10.1682
31.9193 36.4038 10.1509
31.8723 36.4154 10.1341
32.7871 36.4209 10.5587
32.6986 36.4269 10.5195
32.6142 36.4325 10.4822
32.5335 36.4378 10.4466
32.4562 36.4429 10.4126
32.3821 36.4477 10.3801
32.311 36.4522 10.349
32.2426 36.4565 10.3191
32.1767 36.4606 10.2904
32.1131 36.4645 10.2627
32.0518 36.4683 10.2361
31.9925 36.4718 10.2105
31.935 36.4752 10.1857
33.0806 36.6199 10.774
32.9606 36.611 10.714
32.8479 36.6026 10.6577
32.7417 36.5947 10.6048
32.6415 36.5871 10.555
32.5467 36.5799 10.508
32.4568 36.573 10.4635
32.3712 36.5664 10.4213
32.2898 36.56 10.3811
32.212 36.5539 10.3429
32.1376 36.548 10.3065
32.0663 36.5423 10.2716
31.9979 36.5368 10.2383
32.0322 37.5065 10.6487
31.9985 37.4377 10.6046
31.9662 37.3718 10.5625
31.9352 37.3085 10.5221
31.9053 37.2476 10.4833
31.8764 37.189 10.4461
31.8485 37.1325 10.4102
31.8215 37.0779 10.3757
31.7954 37.0252 10.3423
31.7701 36.9742 10.3101
31.7455 36.9247 10.279
31.7216 36.8767 10.2489
31.6983 36.8302 10.2197
31.0265 37.7494 10.3143
31.059 37.6732 10.295
31.0904 37.5993 10.2764
31.1207 37.5275 10.2584
31.1499 37.4576 10.241
31.1783 37.3895 10.2242
31.2058 37.3231 10.2078
31.2325 37.2581 10.1919
31.2585 37.1944 10.1764
31.2838 37.132 10.1613
31.3085 37.0707 10.1466
31.3326 37.0105 10.1322
31.3562 36.9511 10.118
30.256 35.2715 9.0543
30.3219 35.3335 9.099
30.3857 35.3937 9.1427
30.4478 35.4523 9.1857
30.5085 35.5098 9.2281
30.5682 35.5664 9.2703
30.627 35.6224 9.3123
30.6853 35.678 9.3545
30.7434 35.7335 9.3969
30.8015 35.7892 9.4397
30.8599 35.8452 9.4833
30.9189 35.902 9.5277
30.9787 35.9596 9.5732
32.4154 36.1701 10.2896
32.3603 36.1911 10.2719
32.3068 36.2113 10.2548
32.2547 36.231 10.2383
32.2041 36.2501 10.2222
32.1547 36.2686 10.2065
32.1066 36.2866 10.1913
32.0596 36.3042 10.1765
32.0138 36.3213 10.1621
31.9689 36.3379 10.1481
31.9251 36.3541 10.1344
31.8822 36.37 10.1211
31.8402 36.3854 10.108
31.799 36.4006 10.0953
31.7586 36.4153 10.0828
32.7318 37.0984 10.8009
32.6421 37.0537 10.741
32.5573 37.0113 10.6846
32.477 36.9712 10.6312
32.4008 36.9332 10.5806
32.3282 36.8969 10.5325
32.259 36.8624 10.4868
32.193 36.8293 10.4433
32.1298 36.7978 10.4017
32.0692 36.7675 10.3619
32.0111 36.7384 10.3239
31.9553 36.7105 10.2874
31.9015 36.6836 10.2523
31.8496 36.6576 10.2186
31.7996 36.6325 10.1862
31.7075 37.7309 10.5994
31.6966 37.6479 10.5591
31.686 37.5683 10.5205
31.6758 37.4919 10.4835
31.6658 37.4183 10.448
31.6561 37.3474 10.4139
31.6467 37.2789 10.3811
31.6374 37.2127 10.3494
31.6284 37.1486 10.3188
31.6196 37.0864 10.2892
31.6109 37.0261 10.2605
31.6024 36.9674 10.2327
31.594 36.9103 10.2057
31.5858 36.8546 10.1795
31.5776 36.8003 10.154
30.7389 37.6555 10.1547
30.7868 37.5888 10.1456
30.8333 37.5238 10.1368
30.8785 37.4603 10.1283
30.9224 37.3982 10.1201
30.9653 37.3373 10.1122
31.0071 37.2775 10.1045
31.0481 37.2187 10.097
31.0882 37.1608 10.0897
31.1276 37.1036 10.0826
31.1663 37.0471 10.0757
31.2044 36.9911 10.069
31.242 36.9356 10.0623
31.2791 36.8805 10.0559
31.3158 36.8256 10.0495
30.4525 36.8299 9.6937
30.5029 36.8154 9.7078
30.5532 36.8008 9.7218
30.6035 36.7862 9.736
30.6539 36.7714 9.7503
30.7044 36.7564 9.7647
30.7551 36.7413 9.7793
30.806 36.7261 9.794
30.8573 36.7106 9.809
30.9091 36.6948 9.8241
30.9613 36.6788 9.8395
31.0141 36.6626 9.8552
31.0675 36.646 9.8711
31.1217 36.629 9.8874
31.1768 36.6117 9.9041
30.4084 36.536 9.56
30.458 36.535 9.5789
30.5078 36.534 9.5981
30.5578 36.5329 9.6174
30.6081 36.5317 9.637
30.6587 36.5305 9.6568
30.7099 36.5291 9.6769
30.7615 36.5276 9.6973
30.8138 36.5261 9.7181
30.8668 36.5244 9.7393
30.9207 36.5227 9.7609
30.9754 36.5208 9.7831
31.0312 36.5188 9.8057
31.0881 36.5167 9.8289
31.1463 36.5145 9.8528
31.4944 35.5582 9.6516
31.497 35.6047 9.6689
31.4995 35.651 9.6861
31.502 35.6971 9.7034
31.5044 35.7431 9.7206
31.5066 35.789 9.7379
31.5088 35.8349 9.7553
31.5109 35.8807 9.7727
31.5129 35.9266 9.7902
31.5148 35.9726 9.8078
31.5167 36.0188 9.8255
31.5184 36.0651 9.8433
31.5201 36.1116 9.8614
31.5217 36.1584 9.8795
31.5232 36.2055 9.8979
31.5247 36.253 9.9165
32.0233 35.9076 10.0119
31.9964 35.9407 10.0117
31.9698 35.9732 10.0116
31.9436 36.0053 10.0115
31.9177 36.0369 10.0114
31.892 36.0681 10.0114
31.8666 36.0989 10.0113
31.8414 36.1293 10.0113
31.8165 36.1593 10.0114
31.7918 36.189 10.0114
31.7673 36.2184 10.0115
31.743 36.2475 10.0116
31.7189 36.2762 10.0117
31.6949 36.3047 10.0118
31.6711 36.333 10.012
31.6474 36.361 10.0121
32.9275 36.516 10.6614
32.8245 36.5152 10.6127
32.7269 36.5144 10.5666
32.6344 36.5136 10.523
32.5463 36.5128 10.4817
32.4625 36.5119 10.4423
32.3824 36.5111 10.4048
32.3058 36.5102 10.3691
32.2324 36.5093 10.3349
32.162 36.5084 10.3022
32.0943 36.5075 10.2708
32.0291 36.5066 10.2407
31.9663 36.5057 10.2117
31.9057 36.5047 10.1839
31.8471 36.5038 10.157
31.7903 36.5028 10.131
32.9634 36.9799 10.8614
32.8517 36.9427 10.7941
32.747 36.9077 10.7311
32.6484 36.8747 10.672
32.5554 36.8435 10.6163
32.4675 36.8141 10.5637
32.3842 36.7861 10.514
32.305 36.7595 10.4668
32.2296 36.7342 10.4221
32.1577 36.71 10.3795
32.0889 36.6868 10.3389
32.0232 36.6647 10.3001
31.9601 36.6434 10.263
31.8994 36.6229 10.2274
31.8411 36.6032 10.1933
31.7849 36.5841 10.1605
32.1774 37.4142 10.6757
32.1332 37.3509 10.6292
32.0908 37.2903 10.5848
32.0501 37.2322 10.5423
32.011 37.1765 10.5016
31.9734 37.1229 10.4625
31.9372 37.0713 10.4249
31.9022 37.0215 10.3888
31.8684 36.9735 10.354
31.8356 36.9271 10.3204
31.804 36.8822 10.288
31.7732 36.8388 10.2566
31.7434 36.7966 10.2263
31.7144 36.7557 10.1969
31.6862 36.7159 10.1684
31.6587 36.6772 10.1408
30.3591 36.248 9.4311
30.4098 36.2594 9.4549
30.4606 36.2707 9.4788
30.5116 36.282 9.5031
30.563 36.2934 9.5276
30.6148 36.3047 9.5524
30.6671 36.3162 9.5777
30.72 36.3277 9.6034
30.7737 36.3393 9.6296
30.8283 36.3511 9.6564
30.8839 36.363 9.6839
30.9405 36.3751 9.712
30.9985 36.3874 9.741
31.0579 36.3999 9.7708
31.1189 36.4127 9.8016
31.1817 36.4259 9.8335
30.2986 35.938 9.2952
30.353 35.963 9.3247
30.4071 35.9879 9.3543
30.4612 36.0127 9.3842
30.5154 36.0375 9.4142
30.5697 36.0624 9.4446
30.6244 36.0874 9.4754
30.6796 36.1126 9.5067
30.7355 36.1381 9.5386
30.7922 36.1639 9.5712
30.8499 36.1901 9.6045
30.9087 36.2168 9.6388
30.9689 36.2442 9.6741
31.0307 36.2722 9.7106
31.0943 36.3009 9.7483
31.1599 36.3306 9.7876
30.802 35.1126 9.2144
30.8405 35.1821 9.252
30.8781 35.2503 9.2892
30.9148 35.3173 9.3259
30.9509 35.3833 9.3624
30.9864 35.4487 9.3987
31.0214 35.5136 9.435
31.0561 35.5782 9.4714
31.0906 35.6427 9.508
31.1249 35.7074 9.5449
31.1593 35.7725 9.5823
31.1938 35.8382 9.6202
31.2285 35.9046 9.6588
31.2636 35.9722 9.6983
31.2992 36.0409 9.7388
31.3353 36.1113 9.7804
31.3722 36.1835 9.8234
31.1427 35.33 9.4242
31.1628 35.3865 9.4514
31.1826 35.4426 9.4785
31.2021 35.4983 9.5056
31.2215 35.5538 9.5327
31.2406 35.6091 9.5598
31.2596 35.6644 9.5871
31.2785 35.7198 9.6145
31.2973 35.7754 9.6422
31.3161 35.8312 9.6701
31.3348 35.8874 9.6983
31.3536 35.9441 9.727
31.3725 36.0014 9.7561
31.3915 36.0595 9.7857
31.4106 36.1184 9.8158
31.4299 36.1782 9.8466
31.4494 36.2393 9.8782
31.855 35.7958 9.8952
31.8384 35.8333 9.9012
31.8218 35.8704 9.9072
31.8054 35.9071 9.9131
31.789 35.9435 9.919
31.7727 35.9796 9.9249
31.7564 36.0154 9.9308
31.7402 36.0509 9.9367
31.7241 36.0862 9.9425
31.7079 36.1213 9.9484
31.6919 36.1562 9.9543
31.6758 36.1909 9.9601
31.6597 36.2254 9.966
31.6437 36.2598 9.9718
31.6276 36.294 9.9777
31.6115 36.3282 9.9836
31.5955 36.3622 9.9895
31.1623 37.7879 10.3882
31.187 37.7071 10.3637
31.2108 37.629 10.3402
31.2336 37.5534 10.3175
31.2555 37.48 10.2956
31.2767 37.4087 10.2744
31.2972 37.3394 10.2539
31.3169 37.2718 10.234
31.3361 37.2058 10.2146
31.3546 37.1413 10.1958
31.3727 37.0781 10.1774
31.3902 37.0161 10.1595
31.4073 36.9553 10.142
31.4239 36.8955 10.1249
31.4402 36.8366 10.1081
31.456 36.7786 10.0917
31.4716 36.7212 10.0755
30.5071 37.2551 9.8907
30.561 37.2172 9.8962
30.6141 37.1796 9.9018
30.6665 37.1423 9.9074
30.7183 37.1052 9.913
30.7696 37.0684 9.9186
30.8205 37.0316 9.9243
30.871 36.9949 9.93
30.9213 36.9582 9.9358
30.9713 36.9215 9.9417
31.0212 36.8847 9.9476
31.0711 36.8477 9.9536
31.121 36.8105 9.9597
31.171 36.773 9.9659
31.2212 36.7352 9.9723
31.2716 36.697 9.9787
31.3224 36.6583 9.9853
30.217 35.571 9.138
30.2797 35.6149 9.1762
30.3413 35.6581 9.214
30.4019 35.7006 9.2516
30.4618 35.7426 9.2891
30.5213 35.7844 9.3266
30.5805 35.826 9.3643
30.6397 35.8677 9.4024
30.6991 35.9095 9.441
30.759 35.9517 9.4801
30.8195 35.9944 9.5201
30.881 36.0377 9.5611
30.9437 36.082 9.6032
31.0079 36.1273 9.6467
31.0738 36.174 9.6918
31.142 36.2222 9.7388
31.2127 36.2722 9.7879
30.6025 34.987 9.0962
30.6538 35.0666 9.1412
30.7032 35.1436 9.185
30.7511 35.2185 9.2279
30.7976 35.2918 9.2702
30.8431 35.3636 9.312
30.8877 35.4345 9.3536
30.9316 35.5047 9.395
30.9751 35.5745 9.4366
31.0183 35.6441 9.4783
31.0614 35.714 9.5205
31.1045 35.7843 9.5633
31.1479 35.8555 9.6069
31.1918 35.9277 9.6515
31.2363 36.0015 9.6973
31.2817 36.077 9.7445
31.3282 36.1547 9.7935
32.6565 36.3326 10.4636
32.5805 36.3443 10.4326
32.5076 36.3554 10.4029
32.4374 36.3661 10.3743
32.3698 36.3763 10.3469
32.3046 36.3862 10.3206
32.2417 36.3956 10.2952
32.1809 36.4046 10.2707
32.122 36.4134 10.247
32.065 36.4218 10.2242
32.0097 36.4299 10.2021
31.956 36.4377 10.1806
31.9038 36.4452 10.1599
31.853 36.4525 10.1397
31.8036 36.4596 10.1202
31.7554 36.4665 10.1012
31.7083 36.4731 10.0827
31.6624 36.4795 10.0647
31.5192 37.8739 10.5786
31.5213 37.7809 10.5394
31.5233 37.6919 10.5019
31.525 37.6065 10.4661
31.5265 37.5244 10.4318
31.5278 37.4454 10.3988
31.5289 37.3692 10.3671
31.5299 37.2956 10.3366
31.5307 37.2243 10.3072
31.5314 37.1552 10.2787
31.5319 37.0881 10.2512
31.5323 37.0229 10.2245
31.5326 36.9593 10.1986
31.5327 36.8973 10.1734
31.5328 36.8367 10.1489
31.5327 36.7775 10.125
31.5325 36.7195 10.1016
31.5322 36.6626 10.0789
30.5433 37.5805 10.0435
30.6011 37.5203 10.0408
30.6573 37.4614 10.0383
30.7121 37.4038 10.036
30.7655 37.3472 10.0338
30.8177 37.2916 10.0317
30.8689 37.2368 10.0297
30.9192 37.1827 10.0279
30.9686 37.1292 10.0262
31.0173 37.0761 10.0246
31.0654 37.0235 10.0231
31.1129 36.9712 10.0217
31.16 36.919 10.0205
31.2068 36.867 10.0193
31.2532 36.8149 10.0181
31.2995 36.7628 10.0171
31.3456 36.7105 10.0162
31.3917 36.658 10.0153
30.4308 36.6804 9.6254
30.4806 36.673 9.642
30.5305 36.6655 9.6587
30.5805 36.6579 9.6756
30.6307 36.6502 9.6926
30.6811 36.6423 9.7098
30.732 36.6343 9.7272
30.7832 36.6262 9.7449
30.835 36.6178 9.7629
30.8874 36.6093 9.7811
30.9404 36.6006 9.7998
30.9942 36.5917 9.8187
31.0488 36.5825 9.8381
31.1044 36.573 9.858
31.1611 36.5633 9.8783
31.219 36.5533 9.8991
31.2781 36.543 9.9206
31.3387 36.5323 9.9427
30.3307 36.0977 9.3648
30.3828 36.1155 9.3912
30.435 36.1333 9.4179
30.4872 36.151 9.4447
30.5397 36.1688 9.4719
30.5925 36.1867 9.4994
30.6459 36.2047 9.5273
30.6998 36.2229 9.5557
30.7544 36.2413 9.5847
30.81 36.2599 9.6143
30.8665 36.2788 9.6447
30.9242 36.298 9.6759
30.9833 36.3177 9.708
31.0439 36.3378 9.7411
31.1062 36.3584 9.7753
31.1705 36.3797 9.8109
31.2369 36.4016 9.8478
31.3059 36.4242 9.8863
30.4409 35.1188 9.0754
30.4989 35.1896 9.12
30.5549 35.2583 9.1637
30.6093 35.3252 9.2065
30.6625 35.3908 9.2489
30.7145 35.4553 9.2908
30.7658 35.519 9.3326
30.8165 35.5823 9.3744
30.8668 35.6453 9.4164
30.917 35.7084 9.4587
30.9673 35.7719 9.5016
31.0179 35.8359 9.5452
31.069 35.9009 9.5898
31.1209 35.9671 9.6356
31.1738 36.0349 9.6828
31.228 36.1046 9.7317
31.2839 36.1766 9.7825
31.3416 36.2513 9.8357
30.9808 35.2262 9.3231
31.0092 35.2884 9.3551
31.0372 35.3497 9.3868
31.0647 35.4105 9.4184
31.0918 35.4708 9.4499
31.1187 35.5307 9.4814
31.1452 35.5905 9.513
31.1717 35.6502 9.5447
31.198 35.7101 9.5767
31.2243 35.7702 9.6091
31.2506 35.8307 9.6418
31.277 35.8918 9.675
31.3035 35.9537 9.7088
31.3303 36.0164 9.7432
31.3574 36.0802 9.7785
31.3848 36.1453 9.8146
31.4127 36.2119 9.8518
31.4411 36.2802 9.8901
31.4702 36.3504 9.9296
31.6804 35.6804 9.7761
31.6734 35.7222 9.7878
31.6664 35.7638 9.7994
31.6594 35.8051 9.8111
31.6524 35.8462 9.8227
31.6453 35.8871 9.8344
31.6381 35.9279 9.846
31.631 35.9685 9.8576
31.6237 36.0091 9.8693
31.6164 36.0495 9.881
31.6091 36.09 9.8927
31.6016 36.1304 9.9044
31.5941 36.1708 9.9162
31.5865 36.2112 9.9281
31.5788 36.2518 9.94
31.5711 36.2924 9.952
31.5632 36.3331 9.964
31.5553 36.374 9.9762
31.5472 36.415 9.9885
33.2503 36.7352 10.8995
33.1099 36.7165 10.8257
32.9794 36.6989 10.7573
32.8575 36.6825 10.6936
32.7434 36.6671 10.634
32.6362 36.6526 10.5782
32.5352 36.6388 10.5257
32.4398 36.6258 10.4763
32.3495 36.6134 10.4296
32.2637 36.6015 10.3854
32.1821 36.5902 10.3434
32.1044 36.5794 10.3035
32.0301 36.569 10.2655
31.9589 36.559 10.2293
31.8907 36.5494 10.1946
31.8251 36.5401 10.1613
31.7621 36.5311 10.1294
31.7012 36.5224 10.0987
31.6425 36.514 10.0692
32.4528 37.2509 10.7339
32.3871 37.1971 10.6816
32.3245 37.1458 10.6318
32.2648 37.0969 10.5845
32.2077 37.0502 10.5393
32.1531 37.0055 10.4961
32.1007 36.9627 10.4548
32.0504 36.9215 10.4152
32.0019 36.882 10.3773
31.9553 36.8439 10.3408
31.9104 36.8071 10.3057
31.8669 36.7717 10.2718
31.8249 36.7374 10.2392
31.7843 36.7043 10.2077
31.7449 36.6722 10.1773
31.7067 36.641 10.1478
31.6695 36.6108 10.1193
31.6335 36.5814 10.0916
31.5983 36.5528 10.0648
30.8912 37.7075 10.2398
30.9312 37.6357 10.2254
30.9698 37.566 10.2115
31.0072 37.4981 10.1981
31.0435 37.4318 10.1851
31.0788 37.367 10.1725
31.1132 37.3036 10.1602
31.1466 37.2414 10.1483
31.1793 37.1804 10.1366
31.2113 37.1203 10.1253
31.2426 37.0611 10.1142
31.2733 37.0027 10.1033
31.3035 36.945 10.0927
31.3331 36.8879 10.0823
31.3624 36.8313 10.072
31.3912 36.7751 10.0619
31.4196 36.7192 10.0519
31.4478 36.6637 10.0421
31.4756 36.6083 10.0324
30.3847 36.393 9.4957
30.4346 36.3982 9.517
30.4847 36.4033 9.5385
30.535 36.4085 9.5603
30.5857 36.4135 9.5823
30.6367 36.4186 9.6046
30.6883 36.4237 9.6273
30.7406 36.4287 9.6504
30.7935 36.4337 9.6739
30.8472 36.4388 9.6979
30.9019 36.4439 9.7225
30.9576 36.449 9.7476
31.0145 36.4541 9.7735
31.0726 36.4593 9.8
31.1323 36.4645 9.8274
31.1935 36.4698 9.8556
31.2566 36.4752 9.8848
31.3216 36.4807 9.915
31.3888 36.4863 9.9465
30.1629 35.3493 9.045
30.2331 35.4073 9.0898
30.301 35.4635 9.1337
30.3671 35.5183 9.1768
30.4318 35.572 9.2194
30.4953 35.6248 9.2617
30.558 35.677 9.3039
30.6202 35.7289 9.3462
30.6822 35.7807 9.3888
30.7442 35.8326 9.4318
30.8067 35.885 9.4756
30.8697 35.9379 9.5203
30.9338 35.9918 9.5662
30.9992 36.0469 9.6135
31.0663 36.1035 9.6625
31.1354 36.162 9.7134
31.2071 36.2227 9.7668
31.2818 36.286 9.8229
31.3602 36.3526 9.8823
31.3613 35.4714 9.5643
31.3705 35.5215 9.5853
31.3796 35.5712 9.6063
31.3886 35.6208 9.6274
31.3974 35.6703 9.6484
31.4062 35.7197 9.6696
31.4148 35.7692 9.6908
31.4233 35.8187 9.7121
31.4318 35.8683 9.7336
31.4402 35.9181 9.7552
31.4485 35.9681 9.7771
31.4568 36.0185 9.7991
31.4651 36.0693 9.8214
31.4733 36.1205 9.8441
31.4815 36.1722 9.867
31.4896 36.2245 9.8903
31.4978 36.2775 9.9139
31.506 36.3312 9.938
31.5142 36.3858 9.9626
31.5224 36.4413 9.9877
32.2452 36.0559 10.1681
32.2032 36.0825 10.1587
32.162 36.1084 10.1495
32.1217 36.1338 10.1405
32.0822 36.1585 10.1317
32.0435 36.1828 10.1231
32.0054 36.2066 10.1148
31.9681 36.2299 10.1066
31.9314 36.2527 10.0985
31.8953 36.2751 10.0907
31.8597 36.297 10.083
31.8248 36.3186 10.0754
31.7903 36.3398 10.068
31.7564 36.3606 10.0608
31.7229 36.3811 10.0536
31.6899 36.4013 10.0466
31.6573 36.4212 10.0397
31.6251 36.4407 10.033
31.5933 36.46 10.0263
31.5618 36.479 10.0198
31.8769 37.6105 10.6231
31.8543 37.5353 10.5811
31.8325 37.4632 10.541
31.8114 37.3939 10.5024
31.7911 37.3272 10.4654
31.7715 37.2629 10.4298
31.7524 37.2009 10.3955
31.734 37.141 10.3625
31.7161 37.0829 10.3306
31.6986 37.0267 10.2997
31.6816 36.9722 10.2698
31.6651 36.9192 10.2409
31.6489 36.8677 10.2128
31.6331 36.8175 10.1855
31.6176 36.7686 10.159
31.6025 36.7209 10.1332
31.5876 36.6744 10.108
31.573 36.6288 10.0835
31.5587 36.5843 10.0596
31.5446 36.5406 10.0362
30.474 36.9884 9.7668
30.5254 36.9659 9.7779
30.5765 36.9433 9.789
30.6275 36.9206 9.8001
30.6782 36.898 9.8114
30.7289 36.8752 9.8227
30.7796 36.8523 9.8341
30.8304 36.8292 9.8456
30.8812 36.8059 9.8572
30.9323 36.7824 9.8689
30.9837 36.7587 9.8809
31.0354 36.7346 9.8929
31.0876 36.7102 9.9052
31.1402 36.6855 9.9177
31.1935 36.6603 9.9305
31.2474 36.6347 9.9435
31.3021 36.6085 9.9568
31.3577 36.5818 9.9704
31.4143 36.5545 9.9843
31.4719 36.5265 9.9986
30.2613 35.7645 9.2204
30.3191 35.7979 9.2537
30.3762 35.831 9.2869
30.433 35.8638 9.3202
30.4895 35.8965 9.3536
30.546 35.9292 9.3873
30.6027 35.9619 9.4213
30.6596 35.9948 9.4558
30.717 36.028 9.4908
30.7751 36.0616 9.5265
30.8341 36.0957 9.5631
30.8942 36.1304 9.6006
30.9556 36.1659 9.6392
31.0186 36.2022 9.6791
31.0834 36.2397 9.7205
31.1503 36.2783 9.7636
31.2198 36.3184 9.8085
31.2921 36.3601 9.8556
31.3676 36.4037 9.9052
31.447 36.4495 9.9577
30.6025 34.987 9.0962
30.6538 35.0666 9.1412
30.7032 35.1436 9.185
30.7511 35.2185 9.2279
30.7976 35.2918 9.2702
30.8431 35.3636 9.312
30.8877 35.4345 9.3536
30.9316 35.5047 9.395
30.9751 35.5745 9.4366
31.0183 35.6441 9.4783
31.0614 35.714 9.5205
31.1045 35.7843 9.5633
31.1479 35.8555 9.6069
31.1918 35.9277 9.6515
31.2363 36.0015 9.6973
31.2817 36.077 9.7445
31.3282 36.1547 9.7935
31.376 36.2351 9.8445
31.4255 36.3187 9.8979
31.477 36.4061 9.954
31.5307 36.4978 10.0133
31.5307 36.4978 10.0133
30.09 35.2892 8.9989
30.09 35.2892 8.9989
30.0613 35.3089 8.8646
30.04 35.3236 8.7674
30.0202 35.3372 8.6795
29.9978 35.3528 8.5826
29.9661 35.375 8.4495
29.9399 35.4278 8.3206
29.9163 35.4733 8.2104
29.8946 35.5136 8.1131
29.874 35.5505 8.0248
29.854 35.5851 7.9427
29.8342 35.6182 7.8643
29.8141 35.6507 7.7879
29.7932 35.6834 7.7116
29.7711 35.7169 7.6339
29.7471 35.7522 7.5528
29.7205 35.79 7.4663
29.6901 35.8318 7.3717
29.6544 35.879 7.2656
29.6112 35.934 7.1433
29.6112 35.934 7.1433
29.6126 36.0503 7.1065
29.6143 36.1608 7.0761
29.6163 36.2664 7.051
29.6186 36.368 7.0307
29.6212 36.4663 7.0146
29.6241 36.5621 7.0022
29.6273 36.6559 6.9934
29.6307 36.7485 6.9878
29.6344 36.8405 6.9852
29.6384 36.9324 6.9856
29.6427 37.0249 6.9891
29.6474 37.1186 6.9956
29.6525 37.2142 7.0053
29.658 37.3125 7.0184
29.6641 37.4143 7.0353
29.6708 37.5205 7.0565
29.6782 37.6321 7.0824
29.6864 37.7504 7.114
29.6864 37.7504 7.114
29.6864 37.7504 7.114
29.7189 37.8678 7.2073
29.7448 37.9655 7.2865
29.7664 38.0499 7.3559
29.7849 38.1248 7.4183
29.8013 38.193 7.4758
29.8162 38.2564 7.5298
29.83 38.3166 7.5813
29.843 38.3747 7.6315
29.8555 38.4317 7.6812
29.8678 38.4887 7.7311
29.88 38.5466 7.7821
29.8925 38.6064 7.8351
29.9053 38.6693 7.8911
29.9187 38.7366 7.9514
29.9331 38.8101 8.0176
29.9489 38.892 8.0918
29.9665 38.9857 8.1772
29.9868 39.0958 8.2781
29.9868 39.0958 8.2781
30.0235 39.0464 8.3848
30.0577 39.0038 8.4884
30.0896 38.9671 8.5892
30.1196 38.9358 8.6874
30.1477 38.9093 8.7832
30.1743 38.887 8.877
30.1995 38.8683 8.9688
30.2234 38.8529 9.0592
30.2464 38.8403 9.1483
30.2685 38.8301 9.2367
30.29 38.8222 9.3247
30.3109 38.8162 9.413
30.3316 38.812 9.5019
30.3521 38.8095 9.5921
30.3726 38.8085 9.6844
30.3933 38.8091 9.7795
30.4144 38.8112 9.8782
30.4362 38.8148 9.9817
30.4588 38.8202 10.0913
30.4825 38.8275 10.2084
30.5078 38.8369 10.3349
30.5078 38.8369 10.3349
30.5073 38.6996 10.3029
30.5066 38.5864 10.2763
30.5057 38.4886 10.2531
30.5046 38.4005 10.2322
30.5034 38.3183 10.2126
30.502 38.2388 10.1934
30.5004 38.1593 10.1742
30.4985 38.077 10.1542
30.4962 37.989 10.1327
30.4932 37.8914 10.1086
30.4893 37.7786 10.0806
30.4837 37.6423 10.0463
30.473 37.516 9.9878
30.4626 37.4004 9.9344
30.4523 37.2935 9.8851
30.4422 37.1938 9.8393
30.4322 37.1 9.7963
30.4222 37.011 9.7557
30.4121 36.9261 9.717
30.4019 36.8443 9.6798
30.3916 36.765 9.6439
30.381 36.6877 9.609
30.3701 36.6118 9.5748
30.3588 36.5369 9.5411
30.3471 36.4623 9.5078
30.3349 36.3877 9.4745
30.322 36.3126 9.4412
30.3084 36.2366 9.4075
30.294 36.1592 9.3734
30.2785 36.0798 9.3385
30.2619 35.9979 9.3027
30.2439 35.9129 9.2657
30.2243 35.824 9.2272
30.2028 35.7306 9.1869
30.1791 35.6316 9.1444
30.1527 35.526 9.0993
30.1233 35.4124 9.051
30.09 35.2892 8.9989
30.4765 38.1605 10.0492
30.4534 38.0902 9.9197
30.4324 38.0266 9.8026
30.478 38.3034 10.0788
30.454 38.2168 9.9421
30.4324 38.1391 9.8194
30.4126 38.0687 9.7085
30.4742 38.0164 10.0187
30.4521 37.9615 9.8962
30.4318 37.9115 9.7847
30.4131 37.8658 9.6828
29.885 38.3671 7.7496
29.9122 38.3059 7.8137
29.9374 38.2477 7.8741
29.9608 38.1922 7.931
29.9826 38.1391 7.9851
29.9085 38.471 7.8461
29.9347 38.3998 7.9058
29.9589 38.3326 7.9618
29.9812 38.2687 8.0144
30.002 38.2078 8.0641
30.3041 38.6909 9.3472
30.2978 38.5771 9.2874
30.2918 38.4731 9.2328
30.2862 38.3776 9.1826
30.2808 38.2896 9.1364
30.3412 38.6804 9.5075
30.3312 38.5639 9.431
30.3219 38.4581 9.3615
30.3133 38.3615 9.2981
30.3052 38.2729 9.2399
30.378 38.675 9.6734
30.3641 38.5548 9.5784
30.3514 38.4464 9.4927
30.3397 38.3481 9.4149
30.3289 38.2585 9.344
30.4159 38.6742 9.8507
30.3978 38.5494 9.7343
30.3814 38.4377 9.6301
30.3664 38.3371 9.5364
30.3527 38.2459 9.4515
30.4784 38.3807 10.0946
30.4541 38.2849 9.9539
30.4321 38.1992 9.828
30.4121 38.1219 9.7147
30.3939 38.052 9.6122
29.8606 38.262 7.6539
29.8889 38.2102 7.7222
29.9152 38.1606 7.7866
29.9397 38.1132 7.8476
29.9627 38.0675 7.9057
29.9841 38.0233 7.9612
29.9328 38.581 7.9499
29.958 38.4984 8.0046
29.981 38.4208 8.0555
30.0023 38.3475 8.1031
30.0219 38.2781 8.1478
30.0401 38.2121 8.19
30.2248 38.7313 9.0271
30.2259 38.6197 8.9976
30.2266 38.5169 8.9704
30.2271 38.4219 8.9451
30.2274 38.3336 8.9216
30.2275 38.2513 8.8996
30.2658 38.7074 9.1883
30.263 38.5952 9.144
30.2604 38.4923 9.1033
30.2577 38.3974 9.0657
30.2551 38.3096 9.0309
30.2525 38.228 8.9985
30.4565 38.6784 10.0467
30.4334 38.5475 9.9047
30.4128 38.4315 9.7789
30.3942 38.3279 9.6666
30.3773 38.2348 9.5657
30.3618 38.1506 9.4745
30.4787 38.4661 10.1119
30.4539 38.3598 9.9666
30.4316 38.265 9.8373
30.4114 38.18 9.7213
30.393 38.1033 9.6167
30.3761 38.0335 9.5216
30.4704 37.8496 9.9827
30.4495 37.8114 9.8678
30.4301 37.7764 9.7627
30.4122 37.7441 9.6659
30.3954 37.7142 9.5765
30.3798 37.6864 9.4936
29.8475 38.2068 7.6045
29.8764 38.1596 7.6748
29.9034 38.1144 7.7412
29.9285 38.0709 7.8043
29.952 38.029 7.8644
29.9741 37.9884 7.9219
29.9948 37.9489 7.9771
29.9596 38.7059 8.0698
29.9836 38.6091 8.1179
30.0055 38.5189 8.1624
30.0255 38.4344 8.2037
30.0438 38.3548 8.2423
30.0607 38.2797 8.2784
30.0762 38.2084 8.3123
30.1801 38.7648 8.8608
30.1852 38.6524 8.8459
30.1897 38.5487 8.832
30.1936 38.4525 8.819
30.1971 38.363 8.8069
30.2 38.2795 8.7954
30.2026 38.2012 8.7846
30.4787 38.5643 10.1315
30.4534 38.4455 9.981
30.4307 38.3401 9.8476
30.4103 38.246 9.7285
30.3918 38.1613 9.6215
30.3749 38.0847 9.5246
30.3593 38.0149 9.4365
30.4008 36.9607 9.6456
30.39 36.9933 9.5781
30.3794 37.024 9.514
30.3692 37.0531 9.453
30.3592 37.0806 9.3948
30.3495 37.1067 9.3392
30.34 37.1315 9.286
30.3825 36.8097 9.58
30.3737 36.8518 9.5192
30.365 36.8916 9.4614
30.3564 36.9295 9.4061
30.348 36.9654 9.3532
30.3397 36.9997 9.3024
30.3316 37.0324 9.2536
30.3632 36.6657 9.5173
30.3564 36.7166 9.4625
30.3496 36.765 9.4102
30.3428 36.8109 9.36
30.336 36.8547 9.3119
30.3291 36.8966 9.2656
30.3223 36.9367 9.2209
30.3425 36.5252 9.4559
30.3378 36.5847 9.4065
30.333 36.6412 9.3592
30.3279 36.695 9.3138
30.3228 36.7463 9.2701
30.3175 36.7954 9.228
30.3121 36.8425 9.1872
30.3199 36.3849 9.3945
30.3174 36.4532 9.35
30.3147 36.518 9.3073
30.3116 36.5796 9.2664
30.3082 36.6384 9.227
30.3046 36.6947 9.1889
30.3007 36.7487 9.152
30.2946 36.2417 9.3315
30.2947 36.3194 9.2917
30.2942 36.393 9.2536
30.2933 36.4627 9.217
30.2919 36.5292 9.1817
30.2901 36.5928 9.1476
30.2878 36.6538 9.1145
30.2658 36.0922 9.2656
30.2688 36.1806 9.2304
30.271 36.2638 9.1968
30.2725 36.3425 9.1645
30.2733 36.4172 9.1334
30.2736 36.4885 9.1033
30.2733 36.5567 9.0741
30.0497 35.4907 8.6869
30.075 35.6282 8.6928
30.0966 35.753 8.6976
30.1154 35.8674 8.7013
30.1317 35.9736 8.7042
30.146 36.0729 8.7063
30.1584 36.1666 8.7078
30.1693 36.2559 8.7087
29.8334 38.1484 7.5528
29.8631 38.1059 7.6252
29.8907 38.0651 7.6938
29.9165 38.0257 7.7589
29.9406 37.9877 7.8211
29.9633 37.9508 7.8806
29.9847 37.9148 7.9379
30.005 37.8795 7.9931
30.0745 38.8728 8.5053
30.0896 38.7527 8.5206
30.1031 38.642 8.5346
30.1152 38.5394 8.5473
30.1262 38.4439 8.5589
30.1361 38.3548 8.5696
30.1451 38.2712 8.5795
30.1532 38.1925 8.5886
30.1304 38.8108 8.6873
30.1401 38.6958 8.6872
30.1488 38.5896 8.6869
30.1565 38.4911 8.6864
30.1635 38.3993 8.6859
30.1697 38.3135 8.6853
30.1753 38.2331 8.6846
30.1803 38.1574 8.6838
30.4274 37.2106 9.7539
30.4133 37.2262 9.6737
30.3999 37.2408 9.5983
30.387 37.2544 9.5271
30.3747 37.2672 9.4597
30.3629 37.2792 9.3959
30.3515 37.2904 9.3351
30.3404 37.301 9.2773
30.4098 37.0402 9.6801
30.3979 37.0676 9.6087
30.3864 37.0934 9.5412
30.3753 37.1176 9.477
30.3646 37.1406 9.416
30.3541 37.1622 9.3578
30.344 37.1828 9.3022
30.3341 37.2024 9.249
30.2322 35.9328 9.195
30.2388 36.0339 9.1645
30.2442 36.1283 9.1354
30.2486 36.217 9.1077
30.252 36.3009 9.0809
30.2547 36.3805 9.055
30.2565 36.4565 9.0298
30.2576 36.5294 9.0052
30.0682 35.4808 8.7685
30.0923 35.6217 8.7687
30.1129 35.7493 8.7682
30.1306 35.8663 8.7672
30.146 35.9746 8.7656
30.1593 36.0759 8.7635
30.1708 36.1713 8.761
30.1809 36.262 8.758
30.1895 36.3488 8.7547
29.8745 35.7341 7.9206
29.9091 35.8375 7.9704
29.9394 35.931 8.0153
29.9661 36.017 8.0562
29.9899 36.0969 8.0939
30.0113 36.1723 8.1293
30.0308 36.244 8.1627
30.0486 36.3131 8.1946
30.065 36.3803 8.2254
29.8368 35.7957 7.7771
29.8741 35.8951 7.8349
29.9066 35.9846 7.8866
29.9351 36.0664 7.9338
29.9606 36.1423 7.9773
29.9836 36.2136 8.018
30.0044 36.2815 8.0565
30.0235 36.3467 8.0934
30.0412 36.4101 8.129
29.9917 38.8595 8.2198
30.0142 38.7437 8.2586
30.0346 38.6367 8.2941
30.053 38.5374 8.3268
30.0697 38.4448 8.357
30.0849 38.3581 8.385
30.0988 38.2766 8.411
30.1115 38.1996 8.4354
30.1232 38.1267 8.4582
30.0438 38.911 8.4108
30.062 38.7871 8.4344
30.0783 38.6731 8.4558
30.0929 38.5677 8.4754
30.1061 38.4697 8.4934
30.1181 38.3784 8.51
30.129 38.2928 8.5253
30.1388 38.2123 8.5395
30.1478 38.1363 8.5527
30.4755 38.0898 10.0343
30.4529 38.0272 9.9083
30.4322 37.9703 9.794
30.4132 37.9185 9.6898
30.3957 37.8709 9.5944
30.3794 37.8271 9.5067
30.3642 37.7866 9.4257
30.35 37.749 9.3506
30.3367 37.7139 9.2807
30.454 37.5081 9.8824
30.4362 37.5008 9.7849
30.4195 37.4938 9.6942
30.4038 37.4872 9.6097
30.3889 37.481 9.5307
30.3749 37.475 9.4566
30.3615 37.4694 9.3868
30.3488 37.4639 9.3211
30.3366 37.4587 9.2589
30.4362 37.3031 9.7939
30.421 37.312 9.7086
30.4065 37.3201 9.6286
30.3927 37.3277 9.5534
30.3796 37.3347 9.4825
30.367 37.3413 9.4155
30.355 37.3474 9.352
30.3434 37.353 9.2917
30.3322 37.3583 9.2343
30.1922 35.7589 9.1175
30.2033 35.8757 9.0921
30.2128 35.9837 9.0681
30.2207 36.0844 9.0451
30.2273 36.1787 9.023
30.2327 36.2678 9.0016
30.2371 36.3524 8.9807
30.2406 36.4332 8.9603
30.2432 36.5107 8.9402
30.1436 35.5648 9.0304
30.1608 35.7022 9.011
30.1753 35.8274 8.9926
30.1877 35.9426 8.9751
30.1982 36.0496 8.9582
30.2071 36.1496 8.9418
30.2145 36.2438 8.9257
30.2207 36.3333 8.9099
30.2258 36.4187 8.8942
29.8929 35.7035 7.9945
29.9265 35.8094 8.0404
29.9557 35.9054 8.0818
29.9816 35.9938 8.1195
30.0046 36.0761 8.1543
30.0253 36.1537 8.1869
30.0441 36.2276 8.2176
30.0613 36.2987 8.2469
30.077 36.3679 8.2751
30.0916 36.4358 8.3025
29.7951 35.8625 7.629
29.8359 35.9591 7.6957
29.8711 36.0454 7.7552
29.9021 36.1238 7.8091
29.9295 36.1962 7.8587
29.9543 36.2639 7.905
29.9767 36.328 7.9487
29.9973 36.3896 7.9906
30.0164 36.4493 8.0312
30.0342 36.5079 8.0709
29.6806 36.88 7.0828
29.7216 36.9154 7.1714
29.7583 36.9475 7.2531
29.7917 36.9769 7.3293
29.8223 37.0042 7.4012
29.8507 37.0298 7.4698
29.8771 37.0539 7.5358
29.902 37.077 7.6
29.9257 37.0992 7.6631
29.9484 37.1207 7.7255
29.8179 38.0854 7.4977
29.8484 38.0477 7.5725
29.8769 38.0115 7.6433
29.9034 37.9765 7.7106
29.9283 37.9425 7.7749
29.9517 37.9094 7.8366
29.9738 37.8771 7.896
29.9947 37.8453 7.9534
30.0145 37.8141 8.009
30.0334 37.7831 8.0633
30.463 37.6236 9.9322
30.4438 37.6062 9.8272
30.4259 37.5901 9.7302
30.4092 37.5751 9.6402
30.3934 37.561 9.5565
30.3786 37.5478 9.4783
30.3645 37.5354 9.405
30.3512 37.5236 9.3363
30.3386 37.5124 9.2715
30.3265 37.5018 9.2104
29.9116 35.6721 8.0721
29.9441 35.781 8.114
29.9725 35.8799 8.1517
29.9975 35.971 8.1861
30.0198 36.0559 8.2177
30.0398 36.136 8.2473
30.0579 36.2122 8.2751
30.0744 36.2856 8.3016
30.0894 36.3569 8.327
30.1033 36.4267 8.3516
30.1161 36.4958 8.3756
29.6738 36.5311 7.1176
29.7191 36.5879 7.2087
29.7587 36.6387 7.2909
29.794 36.6847 7.3661
29.8258 36.7271 7.436
29.8548 36.7667 7.5019
29.8816 36.8041 7.5648
29.9065 36.8398 7.6255
29.9299 36.8743 7.6847
29.9522 36.9079 7.7432
29.9735 36.9412 7.8014
29.6763 36.7073 7.0933
29.7192 36.7528 7.183
29.7572 36.7939 7.2648
29.7915 36.8314 7.3405
29.8226 36.8661 7.4114
29.8512 36.8986 7.4787
29.8778 36.9293 7.5432
29.9027 36.9587 7.6057
29.9262 36.9871 7.667
29.9487 37.0147 7.7275
29.9703 37.042 7.788
29.6867 37.0535 7.085
29.7262 37.0792 7.1731
29.762 37.1026 7.2549
29.7947 37.124 7.3317
29.8249 37.1437 7.4046
29.853 37.1622 7.4744
29.8794 37.1795 7.5419
29.9044 37.196 7.6075
29.9282 37.2117 7.6721
29.951 37.2268 7.736
29.973 37.2414 7.7997
29.6948 37.2321 7.1002
29.7332 37.248 7.1881
29.7682 37.2624 7.2703
29.8005 37.2753 7.3479
29.8304 37.2872 7.4218
29.8584 37.298 7.4927
29.8847 37.308 7.5613
29.9097 37.3173 7.6282
29.9336 37.3259 7.6939
29.9564 37.334 7.7588
29.9785 37.3416 7.8235
29.8005 38.0159 7.438
29.8321 37.9833 7.5154
29.8614 37.9519 7.5886
29.8889 37.9215 7.6583
29.9146 37.8919 7.7248
29.9388 37.863 7.7888
29.9616 37.8346 7.8504
29.9833 37.8067 7.9101
30.0039 37.779 7.968
30.0235 37.7516 8.0246
30.0422 37.7242 8.0799
30.3228 38.685 9.4269
30.3146 38.5699 9.359
30.307 38.4651 9.2971
30.2998 38.3692 9.2404
30.2931 38.2809 9.1882
30.2868 38.1994 9.1401
30.2807 38.1239 9.0954
30.275 38.0537 9.0538
30.2695 37.9881 9.015
30.2642 37.9268 8.9787
30.2592 37.8692 8.9445
30.3967 38.674 9.7602
30.3808 38.5516 9.6549
30.3663 38.4417 9.5604
30.353 38.3423 9.4749
30.3408 38.252 9.3971
30.3294 38.1694 9.3261
30.3189 38.0936 9.2609
30.309 38.0238 9.2008
30.2998 37.9591 9.1452
30.291 37.899 9.0935
30.2828 37.843 9.0454
30.4783 38.6827 10.1549
30.4525 38.5481 9.9979
30.4295 38.4294 9.8596
30.4088 38.3241 9.7367
30.3902 38.2297 9.6268
30.3732 38.1447 9.5278
30.3576 38.0676 9.438
30.3433 37.9974 9.3563
30.33 37.933 9.2814
30.3176 37.8738 9.2125
30.3061 37.819 9.1489
30.0882 35.4707 8.8584
30.111 35.6154 8.8521
30.1304 35.7463 8.8457
30.147 35.8662 8.8391
30.1613 35.977 8.8324
30.1736 36.0804 8.8255
30.1842 36.1776 8.8185
30.1933 36.2698 8.8113
30.201 36.3579 8.8038
30.2075 36.4426 8.7961
30.213 36.5247 8.7881
30.2174 36.6048 8.7798
29.9311 35.6391 8.1555
29.9625 35.7516 8.1931
29.99 35.854 8.2268
30.0142 35.9482 8.2575
30.0357 36.0361 8.2857
30.055 36.1189 8.312
30.0724 36.1978 8.3366
30.0881 36.2736 8.3599
30.1025 36.3472 8.3822
30.1157 36.4192 8.4037
30.1278 36.4903 8.4246
30.1389 36.561 8.4451
29.7446 35.9419 7.4624
29.7903 36.0369 7.5407
29.8295 36.1209 7.6098
29.8637 36.1964 7.672
29.8938 36.2654 7.7289
29.9209 36.3296 7.7818
29.9454 36.3901 7.8317
29.9678 36.4479 7.8793
29.9886 36.5038 7.9253
30.0081 36.5584 7.9704
30.0265 36.6126 8.015
30.0439 36.6668 8.0597
29.6732 36.3472 7.1578
29.7214 36.4171 7.2507
29.7631 36.4788 7.3333
29.7997 36.5344 7.4082
29.8323 36.5852 7.4771
29.8618 36.6324 7.5415
29.8888 36.6768 7.6026
29.9137 36.7191 7.6612
29.9371 36.7599 7.7182
29.9591 36.7997 7.7742
29.9801 36.8391 7.83
30.0003 36.8784 7.886
29.7053 37.4208 7.13
29.7429 37.4262 7.2181
29.7774 37.4307 7.3008
29.8094 37.4344 7.3791
29.8391 37.4374 7.4539
29.867 37.4397 7.5257
29.8933 37.4415 7.5952
29.9183 37.4427 7.6629
29.9421 37.4434 7.7292
29.9649 37.4436 7.7947
29.987 37.4433 7.8597
30.0083 37.4426 7.9246
30.2457 38.7183 9.1082
30.2448 38.6066 9.0713
30.2438 38.5038 9.0374
30.2428 38.409 9.006
30.2416 38.321 8.9768
30.2403 38.2391 8.9497
30.2389 38.1627 8.9242
30.2375 38.0911 8.9004
30.236 38.0239 8.8779
30.2344 37.9606 8.8567
30.2328 37.9008 8.8366
30.2311 37.8442 8.8176
30.4674 37.7475 9.9601
30.4472 37.719 9.8498
30.4285 37.6927 9.7484
30.4111 37.6683 9.6547
30.3948 37.6457 9.5679
30.3794 37.6245 9.4871
30.365 37.6047 9.4117
30.3514 37.5861 9.3412
30.3385 37.5685 9.2749
30.3262 37.552 9.2126
30.3145 37.5363 9.1538
30.3034 37.5214 9.0982
29.9517 35.6037 8.2474
29.9822 35.7206 8.2801
30.0088 35.827 8.3094
30.0321 35.9251 8.3359
30.0528 36.0164 8.3602
30.0713 36.1024 8.3827
30.0879 36.1842 8.4037
30.1029 36.2628 8.4234
30.1165 36.3389 8.4422
30.1289 36.4132 8.4602
30.1402 36.4864 8.4776
30.1505 36.559 8.4945
30.16 36.6318 8.511
29.6748 36.1509 7.2175
29.7266 36.2366 7.3124
29.7706 36.3113 7.3955
29.8088 36.378 7.4699
29.8425 36.4384 7.5376
29.8727 36.4942 7.6004
29.8999 36.5464 7.6595
29.925 36.596 7.7158
29.9482 36.6437 7.7702
29.97 36.6902 7.8235
29.9906 36.736 7.8763
30.0104 36.7818 7.9293
30.0295 36.828 7.983
29.7188 37.6256 7.1773
29.7559 37.6189 7.2659
29.7902 37.6121 7.3492
29.8219 37.605 7.4282
29.8516 37.5977 7.5035
29.8794 37.5901 7.5758
29.9056 37.5822 7.6457
29.9304 37.5741 7.7136
29.9541 37.5656 7.78
29.9768 37.5568 7.8452
29.9986 37.5476 7.9096
30.0196 37.5379 7.9736
30.0401 37.5278 8.0374
29.7804 37.9374 7.3719
29.8133 37.9104 7.4522
29.8438 37.8843 7.5282
29.8723 37.8589 7.6005
29.8991 37.834 7.6696
29.9242 37.8097 7.736
29.9479 37.7857 7.8
29.9704 37.7619 7.8621
29.9918 37.7383 7.9225
30.0123 37.7147 7.9816
30.0318 37.6911 8.0395
30.0506 37.6674 8.0965
30.0688 37.6434 8.1529
29.8968 38.4187 7.7974
29.9235 38.3527 7.8593
29.9482 38.2901 7.9176
29.971 38.2305 7.9724
29.9923 38.1735 8.0244
30.0121 38.1189 8.0737
30.0307 38.0663 8.1206
30.0481 38.0156 8.1655
30.0644 37.9664 8.2086
30.0798 37.9187 8.25
30.0943 37.8721 8.2899
30.108 37.8266 8.3285
30.1209 37.7821 8.3659
29.9457 38.6409 8.0072
29.9703 38.5517 8.0588
29.9929 38.4681 8.1067
30.0135 38.3895 8.1514
30.0325 38.3153 8.1932
30.05 38.2449 8.2325
30.0663 38.178 8.2696
30.0813 38.114 8.3046
30.0953 38.0528 8.3379
30.1083 37.994 8.3695
30.1204 37.9373 8.3997
30.1317 37.8826 8.4286
30.1423 37.8295 8.4563
30.203 38.7466 8.9448
30.2061 38.6349 8.9225
30.2086 38.5318 8.902
30.2108 38.4363 8.8828
30.2126 38.3476 8.865
30.2141 38.2647 8.8482
30.2153 38.1872 8.8325
30.2163 38.1144 8.8176
30.217 38.0459 8.8036
30.2175 37.9811 8.7902
30.2178 37.9199 8.7776
30.218 37.8618 8.7655
30.2179 37.8065 8.7539
29.9993 35.52 8.4725
30.0278 35.6498 8.4925
30.0524 35.7676 8.5101
30.0739 35.8758 8.5257
30.0927 35.9763 8.5396
30.1094 36.0706 8.5523
30.1242 36.1598 8.5637
30.1373 36.2451 8.5742
30.149 36.3272 8.5839
30.1595 36.407 8.5928
30.1688 36.485 8.6011
30.1771 36.562 8.6089
30.1844 36.6384 8.6162
30.1909 36.7149 8.6231
30.156 38.786 8.7751
30.1633 38.6726 8.7675
30.1698 38.5679 8.7603
30.1756 38.4707 8.7536
30.1807 38.3802 8.7472
30.1852 38.2957 8.7411
30.1893 38.2164 8.7353
30.1929 38.1418 8.7297
30.1961 38.0715 8.7244
30.1988 38.005 8.7193
30.2013 37.9419 8.7143
30.2034 37.8819 8.7095
30.2053 37.8247 8.7049
30.2069 37.7701 8.7003
30.373 36.737 9.5484
30.3652 36.7836 9.4907
30.3574 36.8278 9.4357
30.3497 36.8697 9.383
30.3421 36.9097 9.3326
30.3346 36.9478 9.2841
30.327 36.9843 9.2373
30.3195 37.0192 9.1922
30.312 37.0528 9.1485
30.3045 37.085 9.1062
30.297 37.1161 9.0651
30.2895 37.1462 9.0251
30.282 37.1752 8.9861
30.2745 37.2034 8.9481
30.3315 36.4552 9.4253
30.3279 36.5191 9.3784
30.324 36.5797 9.3334
30.32 36.6374 9.2903
30.3157 36.6924 9.2488
30.3112 36.7451 9.2087
30.3065 36.7957 9.1698
30.3016 36.8443 9.1321
30.2966 36.8912 9.0954
30.2913 36.9366 9.0595
30.2859 36.9805 9.0245
30.2802 37.0232 8.9901
30.2744 37.0647 8.9564
30.2683 37.1052 8.9231
30.2807 36.168 9.299
30.2822 36.2508 9.2615
30.283 36.329 9.2256
30.2832 36.4032 9.1912
30.2829 36.4737 9.158
30.2821 36.541 9.1259
30.2808 36.6056 9.0947
30.279 36.6677 9.0643
30.2769 36.7277 9.0346
30.2743 36.7857 9.0054
30.2713 36.8421 8.9767
30.2679 36.897 8.9484
30.2641 36.9506 8.9203
30.2599 37.0032 8.8924
29.6765 36.0464 7.2564
29.7303 36.1414 7.3522
29.7758 36.2237 7.4355
29.8149 36.2967 7.5095
29.8492 36.3627 7.5765
29.8797 36.4233 7.6384
29.9072 36.4799 7.6963
29.9323 36.5335 7.7513
29.9555 36.585 7.8043
29.9771 36.6351 7.8561
29.9976 36.6844 7.9072
30.0171 36.7337 7.9584
30.0359 36.7834 8.0103
30.0542 36.8342 8.0635
30.0722 36.8869 8.1187
29.7565 37.8462 7.2968
29.7911 37.8254 7.3808
29.8232 37.8051 7.4601
29.8531 37.7853 7.5355
29.881 37.7658 7.6075
29.9073 37.7466 7.6766
29.9321 37.7275 7.7433
29.9556 37.7085 7.808
29.978 37.6894 7.8711
29.9993 37.6703 7.9328
30.0198 37.651 7.9935
30.0396 37.6315 8.0534
30.0586 37.6116 8.1128
30.0771 37.5914 8.172
30.095 37.5706 8.2311
30.0111 38.9547 8.3139
30.0327 38.826 8.3462
30.0521 38.708 8.3755
30.0695 38.5991 8.4023
30.0851 38.4981 8.4268
30.0993 38.4041 8.4495
30.1122 38.3161 8.4704
30.1239 38.2335 8.4898
30.1345 38.1556 8.5079
30.1442 38.0819 8.5248
30.1531 38.012 8.5406
30.1612 37.9454 8.5555
30.1686 37.8818 8.5695
30.1754 37.8209 8.5827
30.1816 37.7624 8.5952
30.4358 38.6757 9.9457
30.4153 38.548 9.8172
30.3968 38.4343 9.7027
30.3801 38.3323 9.6001
30.3648 38.2402 9.5075
30.3508 38.1566 9.4234
30.3379 38.0803 9.3467
30.3259 38.0103 9.2763
30.3147 37.9459 9.2116
30.3042 37.8862 9.1517
30.2943 37.8309 9.0961
30.285 37.7793 9.0443
30.2762 37.7312 8.996
30.2678 37.686 8.9506
30.2598 37.6435 8.908
30.4726 37.9375 10.0018
30.451 37.8907 9.8829
30.4311 37.8479 9.7745
30.4128 37.8085 9.675
30.3957 37.7723 9.5834
30.3798 37.7387 9.4988
30.3649 37.7074 9.4202
30.351 37.6783 9.3471
30.3378 37.651 9.2787
30.3253 37.6254 9.2147
30.3135 37.6013 9.1546
30.3022 37.5785 9.098
30.2915 37.557 9.0446
30.2813 37.5366 8.994
30.2715 37.5172 8.9461
30.2131 35.848 9.1572
30.2218 35.9564 9.1292
30.2291 36.0573 9.1026
30.2352 36.1517 9.0772
30.2401 36.2406 9.0527
30.2441 36.3248 9.029
30.2472 36.405 9.0059
30.2494 36.4817 8.9834
30.2509 36.5555 8.9613
30.2517 36.6268 8.9394
30.2518 36.696 8.9177
30.2513 36.7634 8.8962
30.2502 36.8294 8.8746
30.2484 36.8942 8.853
30.2461 36.9582 8.8313
30.3595 38.6771 9.5894
30.3476 38.5589 9.504
30.3367 38.4519 9.4266
30.3265 38.3545 9.3562
30.3171 38.2654 9.2917
30.3083 38.1836 9.2325
30.3 38.108 9.1779
30.2922 38.0381 9.1273
30.2848 37.973 9.0802
30.2778 37.9124 9.0363
30.2712 37.8557 8.9953
30.2648 37.8024 8.9567
30.2587 37.7523 8.9204
30.2528 37.7051 8.8862
30.2471 37.6605 8.8539
30.2417 37.6182 8.8232
30.4186 37.1233 9.7161
30.4056 37.1451 9.6405
30.3932 37.1654 9.5692
30.3812 37.1846 9.5017
30.3697 37.2026 9.4376
30.3586 37.2196 9.3767
30.3478 37.2357 9.3186
30.3373 37.2509 9.2631
30.3272 37.2653 9.21
30.3173 37.279 9.1591
30.3076 37.2921 9.1102
30.2982 37.3045 9.0631
30.2889 37.3164 9.0177
30.2799 37.3277 8.9739
30.271 37.3386 8.9316
30.2622 37.3489 8.8905
30.115 35.4578 8.9821
30.1361 35.6081 8.9662
30.1538 35.7439 8.9512
30.1689 35.8678 8.9367
30.1818 35.982 8.9227
30.1926 36.0882 8.909
30.2019 36.1879 8.8956
30.2096 36.282 8.8822
30.2161 36.3717 8.869
30.2214 36.4577 8.8557
30.2256 36.5406 8.8423
30.2288 36.6212 8.8288
30.2311 36.6999 8.8151
30.2325 36.7773 8.801
30.233 36.8539 8.7866
30.2327 36.93 8.7717
30.115 35.4578 8.9821
30.1361 35.6081 8.9662
30.1538 35.7439 8.9512
30.1689 35.8678 8.9367
30.1818 35.982 8.9227
30.1926 36.0882 8.909
30.2019 36.1879 8.8956
30.2096 36.282 8.8822
30.2161 36.3717 8.869
30.2214 36.4577 8.8557
30.2256 36.5406 8.8423
30.2288 36.6212 8.8288
30.2311 36.6999 8.8151
30.2325 36.7773 8.801
30.233 36.8539 8.7866
30.2327 36.93 8.7717
30.2316 37.0061 8.7563
29.8167 35.828 7.7045
29.8556 35.9259 7.7664
29.8894 36.0137 7.8219
29.919 36.0938 7.8723
29.9455 36.1678 7.9188
29.9692 36.2373 7.9622
29.9909 36.3033 8.0033
30.0107 36.3667 8.0426
30.029 36.4283 8.0807
30.0461 36.4887 8.118
30.0622 36.5487 8.1548
30.0775 36.6089 8.1916
30.092 36.6698 8.2287
30.106 36.7322 8.2666
30.1195 36.7967 8.3056
30.1327 36.8641 8.3463
30.1457 36.9354 8.3891
29.6834 36.9664 7.0823
29.7236 36.997 7.1706
29.7598 37.0247 7.2523
29.7929 37.0501 7.3289
29.8232 37.0737 7.4012
29.8515 37.0957 7.4704
29.8779 37.1165 7.5372
29.9029 37.1363 7.6022
29.9266 37.1553 7.666
29.9493 37.1737 7.7292
29.9713 37.1916 7.7923
29.9926 37.2092 7.8558
30.0135 37.2266 7.9203
30.0342 37.244 7.9863
30.0547 37.2616 8.0544
30.0753 37.2794 8.1253
30.0962 37.2976 8.1999
29.9205 38.5248 7.8966
29.9462 38.4481 7.9539
29.9698 38.3759 8.0075
29.9916 38.3075 8.0577
30.0118 38.2425 8.1051
30.0305 38.1804 8.1498
30.048 38.1211 8.1922
30.0642 38.0641 8.2325
30.0794 38.0092 8.271
30.0937 37.9561 8.3079
30.107 37.9046 8.3432
30.1196 37.8547 8.3772
30.1314 37.806 8.41
30.1425 37.7584 8.4417
30.153 37.7118 8.4724
30.1629 37.6661 8.5023
30.1723 37.6211 8.5313
30.3531 36.5952 9.4865
30.3473 36.6505 9.4345
30.3415 36.7029 9.3847
30.3355 36.7528 9.337
30.3295 36.8004 9.2911
30.3235 36.8459 9.2469
30.3173 36.8895 9.2042
30.3111 36.9314 9.1628
30.3047 36.9717 9.1226
30.2983 37.0107 9.0836
30.2918 37.0483 9.0455
30.2852 37.0847 9.0083
30.2785 37.1201 8.9719
30.2716 37.1545 8.9362
30.2647 37.188 8.9011
30.2576 37.2206 8.8666
30.2504 37.2525 8.8325
29.9742 35.5645 8.3513
30.0037 35.6871 8.3783
30.0293 35.7985 8.4024
30.0518 35.9011 8.424
30.0716 35.9965 8.4437
30.0893 36.0863 8.4617
30.105 36.1715 8.4784
30.1192 36.2532 8.494
30.1319 36.3321 8.5087
30.1434 36.409 8.5226
30.1538 36.4845 8.5358
30.1631 36.5592 8.5485
30.1716 36.6337 8.5608
30.1792 36.7087 8.5728
30.186 36.7845 8.5845
30.1921 36.862 8.5961
30.1974 36.9416 8.6076
30.2019 37.0242 8.6192
29.7135 35.9898 7.3661
29.7628 36.0847 7.4521
29.8047 36.1677 7.5275
29.841 36.2419 7.595
29.873 36.3094 7.6565
29.9016 36.3718 7.7134
29.9274 36.4304 7.7669
29.9511 36.4862 7.8179
29.9729 36.54 7.8672
29.9934 36.5925 7.9154
30.0127 36.6443 7.9631
30.0311 36.6962 8.0108
30.0489 36.7487 8.0592
30.0661 36.8024 8.1088
30.0831 36.8581 8.1603
30.0999 36.9166 8.2145
30.1168 36.9788 8.2722
30.134 37.046 8.3345
29.6732 36.4404 7.1355
29.7199 36.5034 7.2275
29.7605 36.5595 7.3099
29.7965 36.6102 7.3849
29.8287 36.6567 7.4544
29.8579 36.6999 7.5195
29.8847 36.7407 7.5815
29.9096 36.7797 7.6412
29.933 36.8173 7.6993
29.9551 36.854 7.7566
29.9763 36.8903 7.8137
29.9968 36.9265 7.8711
30.0167 36.9631 7.9296
30.0363 37.0003 7.9899
30.0558 37.0388 8.0526
30.0755 37.079 8.1186
30.0955 37.1215 8.189
30.116 37.1671 8.265
29.6782 36.7938 7.0864
29.7201 36.8342 7.1755
29.7575 36.8707 7.2573
29.7912 36.9042 7.3332
29.8221 36.9351 7.4046
29.8506 36.9642 7.4725
29.8771 36.9916 7.5378
29.902 37.0178 7.6012
29.9256 37.0432 7.6634
29.9482 37.0678 7.7249
29.9699 37.092 7.7863
29.9911 37.116 7.8483
30.0118 37.14 7.9113
30.0322 37.1642 7.976
30.0526 37.1889 8.0431
30.073 37.2143 8.1132
30.0938 37.2407 8.1874
30.1152 37.2685 8.2667
29.6998 37.3248 7.1131
29.7377 37.3356 7.2011
29.7724 37.3452 7.2836
29.8045 37.3537 7.3615
29.8343 37.3612 7.4358
29.8623 37.368 7.5072
29.8886 37.374 7.5763
29.9136 37.3794 7.6437
29.9374 37.3842 7.7098
29.9603 37.3884 7.7751
29.9824 37.3922 7.84
30.0038 37.3955 7.905
30.0247 37.3983 7.9705
30.0453 37.4008 8.0369
30.0656 37.4027 8.1046
30.0858 37.4043 8.1743
30.106 37.4054 8.2462
30.1263 37.4061 8.3212
29.7269 37.7365 7.2091
29.764 37.7228 7.298
29.7982 37.7094 7.3815
29.8299 37.696 7.4607
29.8595 37.6828 7.5362
29.8872 37.6695 7.6085
29.9133 37.6561 7.6783
29.9381 37.6426 7.746
29.9616 37.629 7.8119
29.9841 37.6151 7.8766
30.0057 37.6009 7.9403
30.0265 37.5863 8.0033
30.0466 37.5714 8.066
30.0662 37.5559 8.1286
30.0852 37.5399 8.1916
30.1039 37.5232 8.255
30.1222 37.5058 8.3194
30.1403 37.4875 8.385
30.1033 38.8396 8.5975
30.1156 38.7224 8.6049
30.1266 38.6142 8.6116
30.1364 38.5139 8.6177
30.1453 38.4205 8.6231
30.1533 38.3332 8.6281
30.1605 38.2513 8.6326
30.1671 38.1742 8.6367
30.173 38.1015 8.6405
30.1783 38.0326 8.6439
30.1831 37.9672 8.647
30.1875 37.9049 8.6499
30.1914 37.8455 8.6525
30.195 37.7887 8.6548
30.1981 37.7342 8.657
30.201 37.6819 8.659
30.2035 37.6315 8.6608
30.2057 37.5828 8.6624
30.2497 36.014 9.231
30.2544 36.1084 9.1981
30.2581 36.197 9.1668
30.261 36.2805 9.1367
30.2631 36.3597 9.1077
30.2645 36.435 9.0797
30.2652 36.5071 9.0525
30.2653 36.5763 9.0259
30.2648 36.643 8.9998
30.2638 36.7075 8.9742
30.2623 36.7702 8.9489
30.2602 36.8313 8.9238
30.2577 36.8911 8.8989
30.2547 36.9497 8.874
30.2511 37.0075 8.8491
30.2471 37.0646 8.8241
30.2426 37.1212 8.799
30.2376 37.1775 8.7735
29.9748 38.7779 8.1398
29.9981 38.6724 8.1837
30.0193 38.5745 8.2241
30.0385 38.4832 8.2616
30.0561 38.3976 8.2963
30.0722 38.3171 8.3287
30.087 38.241 8.359
30.1005 38.1689 8.3874
30.1131 38.1003 8.4142
30.1246 38.0349 8.4395
30.1353 37.9723 8.4635
30.1452 37.9121 8.4862
30.1544 37.8543 8.5079
30.1629 37.7984 8.5285
30.1707 37.7444 8.5483
30.1781 37.692 8.5673
30.1848 37.6411 8.5855
30.1911 37.5914 8.603
30.197 37.543 8.6199
30.4773 38.231 10.0639
30.4538 38.1527 9.9308
30.4325 38.0822 9.811
30.413 38.0182 9.7024
30.3951 37.9599 9.6035
30.3785 37.9065 9.513
30.3632 37.8574 9.4298
30.3488 37.8119 9.3529
30.3355 37.7698 9.2818
30.3229 37.7306 9.2155
30.311 37.6939 9.1538
30.2998 37.6596 9.096
30.2892 37.6273 9.0417
30.2791 37.5969 8.9907
30.2695 37.5682 8.9426
30.2603 37.541 8.897
30.2515 37.5153 8.8539
30.243 37.4907 8.813
30.2348 37.4674 8.774
30.3918 36.884 9.6123
30.3819 36.9215 9.5483
30.3723 36.9569 9.4874
30.3629 36.9905 9.4294
30.3537 37.0223 9.3739
30.3447 37.0526 9.3208
30.3359 37.0815 9.2698
30.3272 37.109 9.2208
30.3186 37.1354 9.1735
30.3101 37.1607 9.1278
30.3017 37.1849 9.0837
30.2934 37.2083 9.0409
30.2851 37.2308 8.9994
30.2769 37.2524 8.959
30.2687 37.2734 8.9196
30.2606 37.2936 8.8813
30.2525 37.3133 8.8438
30.2444 37.3323 8.8072
30.2363 37.3508 8.7713
29.7714 35.9 7.5491
29.8144 35.9957 7.6211
29.8514 36.0807 7.685
29.8838 36.1576 7.7428
29.9125 36.2283 7.7958
29.9383 36.2942 7.8452
29.9617 36.3566 7.8919
29.9831 36.4163 7.9365
30.003 36.4741 7.9797
30.0216 36.5308 8.022
30.0391 36.587 8.0639
30.0558 36.6433 8.1058
30.0718 36.7004 8.1482
30.0873 36.7589 8.1916
30.1024 36.8195 8.2366
30.1173 36.8831 8.2836
30.1321 36.9506 8.3336
30.1471 37.0232 8.3872
30.1623 37.1024 8.4457
30.178 37.1903 8.5105
29.6748 36.6199 7.1036
29.7188 36.6709 7.194
29.7577 36.7167 7.2759
29.7924 36.7584 7.3514
29.8238 36.7969 7.4218
29.8526 36.8328 7.4884
29.8793 36.8669 7.5521
29.9042 36.8994 7.6137
29.9277 36.9308 7.674
29.95 36.9615 7.7336
29.9715 36.9917 7.793
29.9923 37.0219 7.8529
30.0127 37.0522 7.9139
30.0328 37.083 7.9767
30.0528 37.1146 8.0419
30.073 37.1474 8.1104
30.0935 37.1819 8.1832
30.1146 37.2186 8.2615
30.1366 37.258 8.3468
30.1598 37.3012 8.441
29.7116 37.5207 7.1512
29.749 37.5204 7.2395
29.7833 37.5194 7.3225
29.8151 37.518 7.4012
29.8448 37.516 7.4763
29.8727 37.5136 7.5484
29.8989 37.5108 7.6182
29.9239 37.5075 7.6861
29.9476 37.5038 7.7525
29.9704 37.4997 7.818
29.9923 37.4951 7.8828
30.0136 37.49 7.9474
30.0342 37.4845 8.0121
30.0544 37.4784 8.0773
30.0743 37.4717 8.1433
30.0939 37.4645 8.2105
30.1133 37.4565 8.2795
30.1327 37.4478 8.3505
30.1521 37.4383 8.4242
30.1717 37.4277 8.5011
30.445 37.4018 9.8366
30.4286 37.4031 9.7455
30.413 37.4042 9.6605
30.3983 37.4051 9.5809
30.3843 37.4058 9.5061
30.371 37.4064 9.4357
30.3583 37.4068 9.3692
30.3461 37.4072 9.3062
30.3345 37.4074 9.2465
30.3232 37.4075 9.1898
30.3124 37.4076 9.1357
30.302 37.4075 9.0841
30.2918 37.4074 9.0348
30.282 37.4072 8.9875
30.2725 37.4069 8.9421
30.2632 37.4066 8.8986
30.2542 37.4062 8.8566
30.2454 37.4057 8.8162
30.2368 37.4052 8.7771
30.2284 37.4046 8.7394
30.1692 35.6648 9.0753
30.1831 35.7912 9.0528
30.1949 35.9072 9.0315
30.2049 36.0147 9.0111
30.2133 36.1151 8.9915
30.2204 36.2094 8.9726
30.2263 36.2987 8.954
30.231 36.3837 8.9359
30.2348 36.4651 8.9179
30.2377 36.5435 8.9002
30.2397 36.6194 8.8825
30.2409 36.6933 8.8647
30.2414 36.7656 8.8469
30.2411 36.8367 8.8289
30.2401 36.9069 8.8106
30.2384 36.9766 8.7919
30.2359 37.0462 8.7729
30.2328 37.1159 8.7533
30.2288 37.1861 8.733
30.2241 37.2571 8.7121
29.8559 35.7646 7.8487
29.8918 35.8658 7.9024
29.9231 35.9572 7.9507
29.9507 36.041 7.9947
29.9753 36.1189 8.0353
29.9975 36.1921 8.0733
30.0176 36.2619 8.1093
30.0361 36.329 8.1437
30.0531 36.3943 8.177
30.0689 36.4584 8.2095
30.0837 36.522 8.2414
30.0976 36.5856 8.2733
30.1108 36.65 8.3053
30.1234 36.7157 8.3377
30.1354 36.7835 8.3709
30.147 36.854 8.4053
30.1583 36.9283 8.4413
30.1693 37.0073 8.4794
30.18 37.0924 8.5202
30.1907 37.1852 8.5644
30.2013 37.2879 8.613
29.6737 36.2509 7.1849
29.7236 36.3283 7.2788
29.7664 36.3962 7.3617
29.8038 36.4571 7.4363
29.8369 36.5125 7.5047
29.8667 36.5638 7.5683
29.8938 36.612 7.6284
29.9188 36.6578 7.6859
29.9421 36.702 7.7417
29.964 36.7451 7.7964
29.9848 36.7876 7.8507
30.0048 36.8301 7.9053
30.0242 36.873 7.9608
30.0433 36.9169 8.0178
30.0621 36.9624 8.0772
30.081 37.01 8.1398
30.1002 37.0605 8.2067
30.1199 37.115 8.2791
30.1405 37.1746 8.3587
30.1623 37.2409 8.4478
30.1859 37.3161 8.5493
29.6905 37.1419 7.0909
29.7294 37.1628 7.1789
29.7647 37.1816 7.2609
29.7972 37.1989 7.3381
29.8273 37.2148 7.4114
29.8553 37.2295 7.4818
29.8817 37.2433 7.5498
29.9067 37.2563 7.6162
29.9305 37.2685 7.6813
29.9533 37.2802 7.7458
29.9754 37.2914 7.8101
29.9969 37.3021 7.8747
30.0179 37.3126 7.9401
30.0386 37.3228 8.0067
30.0591 37.3328 8.0751
30.0796 37.3426 8.1458
30.1003 37.3524 8.2197
30.1212 37.3623 8.2973
30.1426 37.3722 8.3797
30.1647 37.3823 8.4678
30.1878 37.3926 8.5632
29.873 38.3151 7.7021
29.9008 38.2586 7.7682
29.9265 38.2048 7.8306
29.9505 38.1533 7.8897
29.9728 38.1039 7.9457
29.9937 38.0563 7.9992
30.0134 38.0102 8.0503
30.0318 37.9655 8.0994
30.0493 37.922 8.1467
30.0657 37.8794 8.1923
30.0813 37.8378 8.2366
30.0961 37.7968 8.2795
30.1102 37.7565 8.3213
30.1236 37.7167 8.3622
30.1364 37.6773 8.4022
30.1486 37.6381 8.4414
30.1603 37.5991 8.48
30.1715 37.5602 8.5182
30.1822 37.5212 8.5559
30.1926 37.4822 8.5932
30.2025 37.4429 8.6304
30.2852 38.6983 9.2678
30.2807 38.5855 9.2159
30.2763 38.4821 9.1683
30.2722 38.387 9.1245
30.2682 38.2991 9.084
30.2643 38.2177 9.0464
30.2606 38.1419 9.0114
30.2569 38.0712 8.9787
30.2534 38.0049 8.948
30.2499 37.9427 8.9192
30.2465 37.8841 8.892
30.2431 37.8288 8.8663
30.2399 37.7765 8.842
30.2366 37.7269 8.8189
30.2335 37.6797 8.7969
30.2303 37.6348 8.7759
30.2272 37.592 8.7559
30.2241 37.551 8.7367
30.2211 37.5118 8.7184
30.218 37.4742 8.7007
30.215 37.4381 8.6838
30.3076 36.3139 9.3633
30.3064 36.3868 9.3211
30.3047 36.4558 9.2808
30.3027 36.5215 9.242
30.3003 36.5841 9.2047
30.2975 36.644 9.1686
30.2945 36.7014 9.1336
30.2911 36.7568 9.0995
30.2874 36.8101 9.0662
30.2834 36.8618 9.0337
30.2791 36.912 9.0017
30.2745 36.9608 8.9703
30.2696 37.0084 8.9393
30.2645 37.0549 8.9087
30.259 37.1005 8.8783
30.2533 37.1453 8.8481
30.2472 37.1894 8.8181
30.2408 37.2329 8.7881
30.2342 37.276 8.7581
30.2271 37.3187 8.728
30.2198 37.3611 8.6978
30.0289 35.5024 8.5967
30.0554 35.6365 8.6087
30.0783 35.7582 8.619
30.0982 35.8699 8.6278
30.1156 35.9737 8.6355
30.1308 36.0708 8.6421
30.1443 36.1627 8.6479
30.1561 36.2503 8.6529
30.1665 36.3345 8.6572
30.1757 36.4161 8.6609
30.1838 36.4957 8.6641
30.1908 36.5739 8.6668
30.1969 36.6512 8.6689
30.2021 36.7283 8.6706
30.2064 36.8056 8.6719
30.2099 36.8837 8.6727
30.2125 36.9631 8.6731
30.2143 37.0444 8.673
30.2152 37.1283 8.6724
30.2151 37.2155 8.6713
30.2141 37.3068 8.6697
30.212 37.4033 8.6674
30.212 37.4033 8.6674
30.5883 34.835 7.9752
30.5883 34.835 7.9752
30.5976 34.8359 7.922
30.5884 34.8291 7.8033
30.5881 34.8322 7.8893
30.5883 34.835 7.9752
30.6064 34.8366 7.8687
30.5973 34.8328 7.8361
30.5884 34.8291 7.8033
30.5897 34.8343 7.9375
30.5898 34.8313 7.8516
30.5897 34.8343 7.9375
30.5989 34.835 7.8844
30.5912 34.8335 7.9002
30.5078 38.8369 10.3349
30.5078 38.8369 10.3349
30.6049 38.7405 10.3593
30.6893 38.6591 10.381
30.7648 38.588 10.4009
30.8344 38.5239 10.4196
30.9003 38.4647 10.4375
30.9643 38.4084 10.4552
31.028 38.3535 10.4732
31.0931 38.2987 10.4918
31.1613 38.2425 10.5116
31.2347 38.1837 10.5333
31.3159 38.1203 10.5577
31.4083 38.0504 10.5859
31.5168 37.9712 10.6198
31.3993 37.9427 10.5566
31.3007 37.9172 10.5032
31.2145 37.8939 10.4564
31.1365 37.8717 10.4137
31.0634 37.85 10.3735
30.9927 37.8282 10.3344
30.9222 37.8056 10.2952
30.8498 37.7814 10.2548
30.7732 37.7547 10.2117
30.6893 37.724 10.1642
30.5946 37.6876 10.1101
30.4837 37.6423 10.0463
30.4837 37.6423 10.0463
30.4893 37.7786 10.0806
30.4932 37.8914 10.1086
30.4962 37.989 10.1327
30.4985 38.077 10.1542
30.5004 38.1593 10.1742
30.502 38.2388 10.1934
30.5034 38.3183 10.2126
30.5046 38.4005 10.2322
30.5057 38.4886 10.2531
30.5066 38.5864 10.2763
30.5073 38.6996 10.3029
30.5078 38.8369 10.3349
30.1225 35.1825 6.6531
30.1225 35.1825 6.6531
30.2027 35.1176 6.7293
30.2647 35.0672 6.7856
30.32 35.0223 6.8339
30.3758 34.9769 6.8808
30.44 34.9246 6.9327
30.5254 34.8549 6.9984
30.5254 34.8549 6.9984
30.5382 34.8735 6.8832
30.5486 34.8856 6.8005
30.5646 34.9008 6.6853
30.4749 34.9744 6.6079
30.4029 35.0322 6.5481
30.3401 35.0817 6.4973
30.2811 35.1275 6.4508
30.2215 35.1732 6.405
30.1567 35.2221 6.3564
30.0806 35.2786 6.3008
29.9826 35.35 6.2315
29.9826 35.35 6.2315
30.0245 35.3017 6.3545
30.0538 35.2669 6.4422
30.0827 35.232 6.5299
30.1225 35.1825 6.6531
30.1512 35.1669 6.6451
30.2651 35.0744 6.7518
30.2655 35.0816 6.7176
30.3546 35.002 6.8283
30.3331 35.0272 6.7753
30.4843 34.9202 6.829
30.4304 34.9663 6.7751
30.5041 34.9425 6.6704
30.4442 34.9835 6.6558
30.3752 35.0468 6.5612
30.3477 35.0612 6.5743
30.2781 35.1226 6.4841
30.2752 35.1178 6.5169
30.1798 35.1975 6.4099
30.2023 35.1735 6.4622
30.0757 35.2605 6.4087
30.1252 35.2203 6.4614
30.1201 35.2061 6.5467
30.1571 35.1803 6.5634
30.3096 35.0384 6.7906
30.2991 35.0545 6.7469
30.2884 35.0707 6.7027
30.4745 34.9053 6.9215
30.4235 34.955 6.845
30.3721 35.0044 6.7685
30.4922 34.93 6.7626
30.4359 34.9738 6.7251
30.3797 35.0172 6.6877
30.3251 35.0862 6.5209
30.3102 35.0906 6.5442
30.2954 35.0949 6.5673
30.1203 35.242 6.3668
30.1585 35.2063 6.4307
30.1955 35.1714 6.4929
30.0979 35.2335 6.4773
30.141 35.2006 6.5119
30.1834 35.1679 6.5459
30.2153 35.1148 6.7064
30.2279 35.1121 6.6833
30.2406 35.1092 6.66
30.2534 35.1063 6.6365
30.4062 34.9604 6.8697
30.3721 34.996 6.8064
30.3375 35.0316 6.7427
30.3023 35.0673 6.6782
30.4326 35.0008 6.6089
30.3907 35.0269 6.6098
30.3491 35.0526 6.6108
30.3076 35.0781 6.6118
30.2309 35.1589 6.448
30.24 35.1448 6.4902
30.249 35.1309 6.5317
30.2577 35.1171 6.5725
30.0446 35.2975 6.3139
30.1035 35.247 6.3926
30.1598 35.1981 6.4682
30.2139 35.1503 6.5414
30.1512 35.1669 6.6451
30.1799 35.1512 6.637
30.2086 35.1353 6.629
30.2374 35.1194 6.6209
30.2663 35.1034 6.6128
3 3 302 125 0.997454096686774 0.4433148988457809 0.13855313282607384
3 19 18 242 0.997454096686774 0.4433148988457809 0.13855313282607384
3 275 18 17 0.997454096686774 0.4433148988457809 0.13855313282607384
3 275 242 18 0.997454096686774 0.4433148988457809 0.13855313282607384
3 244 470 243 0.997454096686774 0.4433148988457809 0.13855313282607384
3 66 302 67 0.997454096686774 0.4433148988457809 0.13855313282607384
3 2 302 3 0.997454096686774 0.4433148988457809 0.13855313282607384
3 0 67 2 0.997454096686774 0.4433148988457809 0.13855313282607384
3 2 67 302 0.997454096686774 0.4433148988457809 0.13855313282607384
3 3 125 4 0.997454096686774 0.4433148988457809 0.13855313282607384
3 557 480 479 0.997454096686774 0.4433148988457809 0.13855313282607384
3 19 242 469 0.997454096686774 0.4433148988457809 0.13855313282607384
3 243 470 469 0.997454096686774 0.4433148988457809 0.13855313282607384
3 469 242 243 0.997454096686774 0.4433148988457809 0.13855313282607384
3 23 22 481 0.997454096686774 0.4433148988457809 0.13855313282607384
3 481 144 23 0.997454096686774 0.4433148988457809 0.13855313282607384
3 50 49 284 0.997454096686774 0.4433148988457809 0.13855313282607384
3 421 567 422 0.997454096686774 0.4433148988457809 0.13855313282607384
3 562 164 163 0.997454096686774 0.4433148988457809 0.13855313282607384
3 322 267 266 0.997454096686774 0.4433148988457809 0.13855313282607384
3 13 12 266 0.997454096686774 0.4433148988457809 0.13855313282607384
3 266 267 13 0.997454096686774 0.4433148988457809 0.13855313282607384
3 10 131 11 0.997454096686774 0.4433148988457809 0.13855313282607384
3 72 6 5 0.997454096686774 0.4433148988457809 0.13855313282607384
3 9 8 80 0.997454096686774 0.4433148988457809 0.13855313282607384
3 250 54 53 0.997454096686774 0.4433148988457809 0.13855313282607384
3 197 400 399 0.997454096686774 0.4433148988457809 0.13855313282607384
3 144 481 145 0.997454096686774 0.4433148988457809 0.13855313282607384
3 483 146 145 0.997454096686774 0.4433148988457809 0.13855313282607384
3 21 198 22 0.997454096686774 0.4433148988457809 0.13855313282607384
3 411 487 488 0.997454096686774 0.4433148988457809 0.13855313282607384
3 410 487 411 0.997454096686774 0.4433148988457809 0.13855313282607384
3 339 340 569 0.997454096686774 0.4433148988457809 0.13855313282607384
3 410 411 339 0.997454096686774 0.4433148988457809 0.13855313282607384
3 339 411 340 0.997454096686774 0.4433148988457809 0.13855313282607384
3 569 340 570 0.997454096686774 0.4433148988457809 0.13855313282607384
3 570 424 569 0.997454096686774 0.4433148988457809 0.13855313282607384
3 28 27 155 0.997454096686774 0.4433148988457809 0.13855313282607384
3 331 27 26 0.997454096686774 0.4433148988457809 0.13855313282607384
3 331 155 27 0.997454096686774 0.4433148988457809 0.13855313282607384
3 425 37 35 0.997454096686774 0.4433148988457809 0.13855313282607384
3 40 39 173 0.997454096686774 0.4433148988457809 0.13855313282607384
3 323 267 322 0.997454096686774 0.4433148988457809 0.13855313282607384
3 13 267 234 0.997454096686774 0.4433148988457809 0.13855313282607384
3 321 11 131 0.997454096686774 0.4433148988457809 0.13855313282607384
3 12 11 321 0.997454096686774 0.4433148988457809 0.13855313282607384
3 322 266 321 0.997454096686774 0.4433148988457809 0.13855313282607384
3 321 266 12 0.997454096686774 0.4433148988457809 0.13855313282607384
3 140 548 139 0.997454096686774 0.4433148988457809 0.13855313282607384
3 243 242 276 0.997454096686774 0.4433148988457809 0.13855313282607384
3 242 275 276 0.997454096686774 0.4433148988457809 0.13855313282607384
3 473 472 245 0.997454096686774 0.4433148988457809 0.13855313282607384
3 245 246 473 0.997454096686774 0.4433148988457809 0.13855313282607384
3 248 475 247 0.997454096686774 0.4433148988457809 0.13855313282607384
3 5 4 100 0.997454096686774 0.4433148988457809 0.13855313282607384
3 100 72 5 0.997454096686774 0.4433148988457809 0.13855313282607384
3 100 4 125 0.997454096686774 0.4433148988457809 0.13855313282607384
3 80 8 226 0.997454096686774 0.4433148988457809 0.13855313282607384
3 8 7 226 0.997454096686774 0.4433148988457809 0.13855313282607384
3 381 131 10 0.997454096686774 0.4433148988457809 0.13855313282607384
3 10 9 381 0.997454096686774 0.4433148988457809 0.13855313282607384
3 381 9 80 0.997454096686774 0.4433148988457809 0.13855313282607384
3 80 81 381 0.997454096686774 0.4433148988457809 0.13855313282607384
3 227 81 80 0.997454096686774 0.4433148988457809 0.13855313282607384
3 80 226 227 0.997454096686774 0.4433148988457809 0.13855313282607384
3 361 53 52 0.997454096686774 0.4433148988457809 0.13855313282607384
3 593 130 592 0.997454096686774 0.4433148988457809 0.13855313282607384
3 592 130 307 0.997454096686774 0.4433148988457809 0.13855313282607384
3 375 263 374 0.997454096686774 0.4433148988457809 0.13855313282607384
3 185 55 54 0.997454096686774 0.4433148988457809 0.13855313282607384
3 325 269 324 0.997454096686774 0.4433148988457809 0.13855313282607384
3 385 386 135 0.997454096686774 0.4433148988457809 0.13855313282607384
3 135 325 324 0.997454096686774 0.4433148988457809 0.13855313282607384
3 229 79 606 0.997454096686774 0.4433148988457809 0.13855313282607384
3 322 321 132 0.997454096686774 0.4433148988457809 0.13855313282607384
3 132 321 131 0.997454096686774 0.4433148988457809 0.13855313282607384
3 265 596 310 0.997454096686774 0.4433148988457809 0.13855313282607384
3 609 608 310 0.997454096686774 0.4433148988457809 0.13855313282607384
3 310 608 318 0.997454096686774 0.4433148988457809 0.13855313282607384
3 378 464 379 0.997454096686774 0.4433148988457809 0.13855313282607384
3 378 596 265 0.997454096686774 0.4433148988457809 0.13855313282607384
3 379 464 465 0.997454096686774 0.4433148988457809 0.13855313282607384
3 533 55 534 0.997454096686774 0.4433148988457809 0.13855313282607384
3 55 185 534 0.997454096686774 0.4433148988457809 0.13855313282607384
3 280 247 246 0.997454096686774 0.4433148988457809 0.13855313282607384
3 329 390 330 0.997454096686774 0.4433148988457809 0.13855313282607384
3 326 387 327 0.997454096686774 0.4433148988457809 0.13855313282607384
3 327 328 272 0.997454096686774 0.4433148988457809 0.13855313282607384
3 407 408 154 0.997454096686774 0.4433148988457809 0.13855313282607384
3 148 408 147 0.997454096686774 0.4433148988457809 0.13855313282607384
3 408 407 147 0.997454096686774 0.4433148988457809 0.13855313282607384
3 147 407 146 0.997454096686774 0.4433148988457809 0.13855313282607384
3 483 145 482 0.997454096686774 0.4433148988457809 0.13855313282607384
3 482 145 481 0.997454096686774 0.4433148988457809 0.13855313282607384
3 482 199 483 0.997454096686774 0.4433148988457809 0.13855313282607384
3 482 198 199 0.997454096686774 0.4433148988457809 0.13855313282607384
3 482 481 22 0.997454096686774 0.4433148988457809 0.13855313282607384
3 22 198 482 0.997454096686774 0.4433148988457809 0.13855313282607384
3 483 199 200 0.997454096686774 0.4433148988457809 0.13855313282607384
3 488 487 204 0.997454096686774 0.4433148988457809 0.13855313282607384
3 25 24 403 0.997454096686774 0.4433148988457809 0.13855313282607384
3 24 404 403 0.997454096686774 0.4433148988457809 0.13855313282607384
3 144 404 143 0.997454096686774 0.4433148988457809 0.13855313282607384
3 143 404 24 0.997454096686774 0.4433148988457809 0.13855313282607384
3 23 144 143 0.997454096686774 0.4433148988457809 0.13855313282607384
3 143 24 23 0.997454096686774 0.4433148988457809 0.13855313282607384
3 144 145 405 0.997454096686774 0.4433148988457809 0.13855313282607384
3 405 404 144 0.997454096686774 0.4433148988457809 0.13855313282607384
3 410 148 486 0.997454096686774 0.4433148988457809 0.13855313282607384
3 486 487 410 0.997454096686774 0.4433148988457809 0.13855313282607384
3 573 572 493 0.997454096686774 0.4433148988457809 0.13855313282607384
3 572 492 493 0.997454096686774 0.4433148988457809 0.13855313282607384
3 479 480 402 0.997454096686774 0.4433148988457809 0.13855313282607384
3 480 493 402 0.997454096686774 0.4433148988457809 0.13855313282607384
3 402 493 492 0.997454096686774 0.4433148988457809 0.13855313282607384
3 491 492 572 0.997454096686774 0.4433148988457809 0.13855313282607384
3 491 402 492 0.997454096686774 0.4433148988457809 0.13855313282607384
3 571 572 506 0.997454096686774 0.4433148988457809 0.13855313282607384
3 421 422 502 0.997454096686774 0.4433148988457809 0.13855313282607384
3 561 562 163 0.997454096686774 0.4433148988457809 0.13855313282607384
3 163 164 417 0.997454096686774 0.4433148988457809 0.13855313282607384
3 164 418 417 0.997454096686774 0.4433148988457809 0.13855313282607384
3 34 425 35 0.997454096686774 0.4433148988457809 0.13855313282607384
3 205 34 33 0.997454096686774 0.4433148988457809 0.13855313282607384
3 425 34 205 0.997454096686774 0.4433148988457809 0.13855313282607384
3 426 205 206 0.997454096686774 0.4433148988457809 0.13855313282607384
3 425 205 426 0.997454096686774 0.4433148988457809 0.13855313282607384
3 42 41 105 0.997454096686774 0.4433148988457809 0.13855313282607384
3 41 342 105 0.997454096686774 0.4433148988457809 0.13855313282607384
3 137 234 235 0.997454096686774 0.4433148988457809 0.13855313282607384
3 268 234 267 0.997454096686774 0.4433148988457809 0.13855313282607384
3 235 234 268 0.997454096686774 0.4433148988457809 0.13855313282607384
3 324 269 268 0.997454096686774 0.4433148988457809 0.13855313282607384
3 267 323 268 0.997454096686774 0.4433148988457809 0.13855313282607384
3 268 323 324 0.997454096686774 0.4433148988457809 0.13855313282607384
3 270 325 326 0.997454096686774 0.4433148988457809 0.13855313282607384
3 269 325 270 0.997454096686774 0.4433148988457809 0.13855313282607384
3 235 268 236 0.997454096686774 0.4433148988457809 0.13855313282607384
3 236 268 269 0.997454096686774 0.4433148988457809 0.13855313282607384
3 476 475 248 0.997454096686774 0.4433148988457809 0.13855313282607384
3 476 197 475 0.997454096686774 0.4433148988457809 0.13855313282607384
3 400 197 476 0.997454096686774 0.4433148988457809 0.13855313282607384
3 476 477 400 0.997454096686774 0.4433148988457809 0.13855313282607384
3 474 247 475 0.997454096686774 0.4433148988457809 0.13855313282607384
3 475 197 474 0.997454096686774 0.4433148988457809 0.13855313282607384
3 473 246 474 0.997454096686774 0.4433148988457809 0.13855313282607384
3 246 247 474 0.997454096686774 0.4433148988457809 0.13855313282607384
3 312 100 125 0.997454096686774 0.4433148988457809 0.13855313282607384
3 76 226 7 0.997454096686774 0.4433148988457809 0.13855313282607384
3 372 260 93 0.997454096686774 0.4433148988457809 0.13855313282607384
3 129 75 103 0.997454096686774 0.4433148988457809 0.13855313282607384
3 93 260 98 0.997454096686774 0.4433148988457809 0.13855313282607384
3 77 227 226 0.997454096686774 0.4433148988457809 0.13855313282607384
3 295 364 296 0.997454096686774 0.4433148988457809 0.13855313282607384
3 364 365 296 0.997454096686774 0.4433148988457809 0.13855313282607384
3 296 365 297 0.997454096686774 0.4433148988457809 0.13855313282607384
3 254 296 297 0.997454096686774 0.4433148988457809 0.13855313282607384
3 363 364 295 0.997454096686774 0.4433148988457809 0.13855313282607384
3 293 53 361 0.997454096686774 0.4433148988457809 0.13855313282607384
3 361 362 293 0.997454096686774 0.4433148988457809 0.13855313282607384
3 250 53 293 0.997454096686774 0.4433148988457809 0.13855313282607384
3 293 251 250 0.997454096686774 0.4433148988457809 0.13855313282607384
3 330 390 391 0.997454096686774 0.4433148988457809 0.13855313282607384
3 317 130 593 0.997454096686774 0.4433148988457809 0.13855313282607384
3 606 130 317 0.997454096686774 0.4433148988457809 0.13855313282607384
3 99 260 94 0.997454096686774 0.4433148988457809 0.13855313282607384
3 260 372 94 0.997454096686774 0.4433148988457809 0.13855313282607384
3 231 386 385 0.997454096686774 0.4433148988457809 0.13855313282607384
3 318 608 607 0.997454096686774 0.4433148988457809 0.13855313282607384
3 606 317 607 0.997454096686774 0.4433148988457809 0.13855313282607384
3 607 317 318 0.997454096686774 0.4433148988457809 0.13855313282607384
3 608 231 607 0.997454096686774 0.4433148988457809 0.13855313282607384
3 59 88 60 0.997454096686774 0.4433148988457809 0.13855313282607384
3 85 460 459 0.997454096686774 0.4433148988457809 0.13855313282607384
3 85 57 115 0.997454096686774 0.4433148988457809 0.13855313282607384
3 386 387 136 0.997454096686774 0.4433148988457809 0.13855313282607384
3 136 135 386 0.997454096686774 0.4433148988457809 0.13855313282607384
3 325 135 136 0.997454096686774 0.4433148988457809 0.13855313282607384
3 136 387 326 0.997454096686774 0.4433148988457809 0.13855313282607384
3 326 325 136 0.997454096686774 0.4433148988457809 0.13855313282607384
3 81 227 228 0.997454096686774 0.4433148988457809 0.13855313282607384
3 82 229 83 0.997454096686774 0.4433148988457809 0.13855313282607384
3 81 228 82 0.997454096686774 0.4433148988457809 0.13855313282607384
3 79 229 82 0.997454096686774 0.4433148988457809 0.13855313282607384
3 82 228 79 0.997454096686774 0.4433148988457809 0.13855313282607384
3 133 323 322 0.997454096686774 0.4433148988457809 0.13855313282607384
3 322 132 133 0.997454096686774 0.4433148988457809 0.13855313282607384
3 597 378 379 0.997454096686774 0.4433148988457809 0.13855313282607384
3 389 611 390 0.997454096686774 0.4433148988457809 0.13855313282607384
3 390 329 389 0.997454096686774 0.4433148988457809 0.13855313282607384
3 389 329 328 0.997454096686774 0.4433148988457809 0.13855313282607384
3 464 378 463 0.997454096686774 0.4433148988457809 0.13855313282607384
3 250 251 187 0.997454096686774 0.4433148988457809 0.13855313282607384
3 249 476 248 0.997454096686774 0.4433148988457809 0.13855313282607384
3 477 476 249 0.997454096686774 0.4433148988457809 0.13855313282607384
3 549 548 140 0.997454096686774 0.4433148988457809 0.13855313282607384
3 277 244 243 0.997454096686774 0.4433148988457809 0.13855313282607384
3 243 276 277 0.997454096686774 0.4433148988457809 0.13855313282607384
3 277 276 548 0.997454096686774 0.4433148988457809 0.13855313282607384
3 548 549 277 0.997454096686774 0.4433148988457809 0.13855313282607384
3 248 247 281 0.997454096686774 0.4433148988457809 0.13855313282607384
3 247 280 281 0.997454096686774 0.4433148988457809 0.13855313282607384
3 274 329 330 0.997454096686774 0.4433148988457809 0.13855313282607384
3 330 555 274 0.997454096686774 0.4433148988457809 0.13855313282607384
3 471 193 470 0.997454096686774 0.4433148988457809 0.13855313282607384
3 470 244 471 0.997454096686774 0.4433148988457809 0.13855313282607384
3 244 245 471 0.997454096686774 0.4433148988457809 0.13855313282607384
3 471 245 472 0.997454096686774 0.4433148988457809 0.13855313282607384
3 192 469 470 0.997454096686774 0.4433148988457809 0.13855313282607384
3 470 193 192 0.997454096686774 0.4433148988457809 0.13855313282607384
3 195 472 473 0.997454096686774 0.4433148988457809 0.13855313282607384
3 483 200 484 0.997454096686774 0.4433148988457809 0.13855313282607384
3 484 146 483 0.997454096686774 0.4433148988457809 0.13855313282607384
3 484 147 146 0.997454096686774 0.4433148988457809 0.13855313282607384
3 406 405 145 0.997454096686774 0.4433148988457809 0.13855313282607384
3 406 145 146 0.997454096686774 0.4433148988457809 0.13855313282607384
3 146 407 406 0.997454096686774 0.4433148988457809 0.13855313282607384
3 154 336 153 0.997454096686774 0.4433148988457809 0.13855313282607384
3 153 407 154 0.997454096686774 0.4433148988457809 0.13855313282607384
3 153 406 407 0.997454096686774 0.4433148988457809 0.13855313282607384
3 201 484 200 0.997454096686774 0.4433148988457809 0.13855313282607384
3 203 204 487 0.997454096686774 0.4433148988457809 0.13855313282607384
3 487 486 203 0.997454096686774 0.4433148988457809 0.13855313282607384
3 479 402 478 0.997454096686774 0.4433148988457809 0.13855313282607384
3 478 283 479 0.997454096686774 0.4433148988457809 0.13855313282607384
3 477 249 478 0.997454096686774 0.4433148988457809 0.13855313282607384
3 478 249 283 0.997454096686774 0.4433148988457809 0.13855313282607384
3 413 572 571 0.997454096686774 0.4433148988457809 0.13855313282607384
3 413 491 572 0.997454096686774 0.4433148988457809 0.13855313282607384
3 402 491 401 0.997454096686774 0.4433148988457809 0.13855313282607384
3 401 478 402 0.997454096686774 0.4433148988457809 0.13855313282607384
3 400 477 401 0.997454096686774 0.4433148988457809 0.13855313282607384
3 477 478 401 0.997454096686774 0.4433148988457809 0.13855313282607384
3 337 336 154 0.997454096686774 0.4433148988457809 0.13855313282607384
3 567 336 337 0.997454096686774 0.4433148988457809 0.13855313282607384
3 154 408 337 0.997454096686774 0.4433148988457809 0.13855313282607384
3 408 338 337 0.997454096686774 0.4433148988457809 0.13855313282607384
3 423 422 568 0.997454096686774 0.4433148988457809 0.13855313282607384
3 568 422 567 0.997454096686774 0.4433148988457809 0.13855313282607384
3 568 569 423 0.997454096686774 0.4433148988457809 0.13855313282607384
3 567 337 568 0.997454096686774 0.4433148988457809 0.13855313282607384
3 568 337 338 0.997454096686774 0.4433148988457809 0.13855313282607384
3 568 339 569 0.997454096686774 0.4433148988457809 0.13855313282607384
3 568 338 339 0.997454096686774 0.4433148988457809 0.13855313282607384
3 409 408 148 0.997454096686774 0.4433148988457809 0.13855313282607384
3 409 338 408 0.997454096686774 0.4433148988457809 0.13855313282607384
3 409 148 410 0.997454096686774 0.4433148988457809 0.13855313282607384
3 410 339 409 0.997454096686774 0.4433148988457809 0.13855313282607384
3 339 338 409 0.997454096686774 0.4433148988457809 0.13855313282607384
3 368 299 367 0.997454096686774 0.4433148988457809 0.13855313282607384
3 297 365 366 0.997454096686774 0.4433148988457809 0.13855313282607384
3 448 284 49 0.997454096686774 0.4433148988457809 0.13855313282607384
3 522 182 183 0.997454096686774 0.4433148988457809 0.13855313282607384
3 163 417 416 0.997454096686774 0.4433148988457809 0.13855313282607384
3 416 417 170 0.997454096686774 0.4433148988457809 0.13855313282607384
3 28 155 560 0.997454096686774 0.4433148988457809 0.13855313282607384
3 155 561 560 0.997454096686774 0.4433148988457809 0.13855313282607384
3 170 417 498 0.997454096686774 0.4433148988457809 0.13855313282607384
3 171 417 418 0.997454096686774 0.4433148988457809 0.13855313282607384
3 171 498 417 0.997454096686774 0.4433148988457809 0.13855313282607384
3 210 498 171 0.997454096686774 0.4433148988457809 0.13855313282607384
3 495 206 494 0.997454096686774 0.4433148988457809 0.13855313282607384
3 494 205 33 0.997454096686774 0.4433148988457809 0.13855313282607384
3 206 205 494 0.997454096686774 0.4433148988457809 0.13855313282607384
3 44 43 110 0.997454096686774 0.4433148988457809 0.13855313282607384
3 38 37 212 0.997454096686774 0.4433148988457809 0.13855313282607384
3 37 425 212 0.997454096686774 0.4433148988457809 0.13855313282607384
3 425 426 212 0.997454096686774 0.4433148988457809 0.13855313282607384
3 207 206 495 0.997454096686774 0.4433148988457809 0.13855313282607384
3 207 427 206 0.997454096686774 0.4433148988457809 0.13855313282607384
3 207 428 214 0.997454096686774 0.4433148988457809 0.13855313282607384
3 214 427 207 0.997454096686774 0.4433148988457809 0.13855313282607384
3 436 173 39 0.997454096686774 0.4433148988457809 0.13855313282607384
3 436 39 38 0.997454096686774 0.4433148988457809 0.13855313282607384
3 38 212 436 0.997454096686774 0.4433148988457809 0.13855313282607384
3 437 427 214 0.997454096686774 0.4433148988457809 0.13855313282607384
3 214 174 437 0.997454096686774 0.4433148988457809 0.13855313282607384
3 437 174 173 0.997454096686774 0.4433148988457809 0.13855313282607384
3 173 436 437 0.997454096686774 0.4433148988457809 0.13855313282607384
3 213 426 206 0.997454096686774 0.4433148988457809 0.13855313282607384
3 206 427 213 0.997454096686774 0.4433148988457809 0.13855313282607384
3 213 212 426 0.997454096686774 0.4433148988457809 0.13855313282607384
3 213 436 212 0.997454096686774 0.4433148988457809 0.13855313282607384
3 427 437 213 0.997454096686774 0.4433148988457809 0.13855313282607384
3 213 437 436 0.997454096686774 0.4433148988457809 0.13855313282607384
3 214 428 438 0.997454096686774 0.4433148988457809 0.13855313282607384
3 438 174 214 0.997454096686774 0.4433148988457809 0.13855313282607384
3 438 428 215 0.997454096686774 0.4433148988457809 0.13855313282607384
3 342 174 438 0.997454096686774 0.4433148988457809 0.13855313282607384
3 40 173 341 0.997454096686774 0.4433148988457809 0.13855313282607384
3 173 174 341 0.997454096686774 0.4433148988457809 0.13855313282607384
3 341 41 40 0.997454096686774 0.4433148988457809 0.13855313282607384
3 341 342 41 0.997454096686774 0.4433148988457809 0.13855313282607384
3 341 174 342 0.997454096686774 0.4433148988457809 0.13855313282607384
3 13 234 14 0.997454096686774 0.4433148988457809 0.13855313282607384
3 234 137 14 0.997454096686774 0.4433148988457809 0.13855313282607384
3 14 137 15 0.997454096686774 0.4433148988457809 0.13855313282607384
3 547 139 548 0.997454096686774 0.4433148988457809 0.13855313282607384
3 547 276 275 0.997454096686774 0.4433148988457809 0.13855313282607384
3 548 276 547 0.997454096686774 0.4433148988457809 0.13855313282607384
3 238 270 271 0.997454096686774 0.4433148988457809 0.13855313282607384
3 272 239 271 0.997454096686774 0.4433148988457809 0.13855313282607384
3 271 239 238 0.997454096686774 0.4433148988457809 0.13855313282607384
3 271 327 272 0.997454096686774 0.4433148988457809 0.13855313282607384
3 326 327 271 0.997454096686774 0.4433148988457809 0.13855313282607384
3 271 270 326 0.997454096686774 0.4433148988457809 0.13855313282607384
3 237 270 238 0.997454096686774 0.4433148988457809 0.13855313282607384
3 237 238 140 0.997454096686774 0.4433148988457809 0.13855313282607384
3 269 270 237 0.997454096686774 0.4433148988457809 0.13855313282607384
3 237 236 269 0.997454096686774 0.4433148988457809 0.13855313282607384
3 140 139 237 0.997454096686774 0.4433148988457809 0.13855313282607384
3 139 236 237 0.997454096686774 0.4433148988457809 0.13855313282607384
3 138 236 139 0.997454096686774 0.4433148988457809 0.13855313282607384
3 139 547 138 0.997454096686774 0.4433148988457809 0.13855313282607384
3 138 137 235 0.997454096686774 0.4433148988457809 0.13855313282607384
3 235 236 138 0.997454096686774 0.4433148988457809 0.13855313282607384
3 120 312 125 0.997454096686774 0.4433148988457809 0.13855313282607384
3 120 302 66 0.997454096686774 0.4433148988457809 0.13855313282607384
3 120 125 302 0.997454096686774 0.4433148988457809 0.13855313282607384
3 66 65 120 0.997454096686774 0.4433148988457809 0.13855313282607384
3 588 120 65 0.997454096686774 0.4433148988457809 0.13855313282607384
3 312 120 588 0.997454096686774 0.4433148988457809 0.13855313282607384
3 74 77 603 0.997454096686774 0.4433148988457809 0.13855313282607384
3 226 76 603 0.997454096686774 0.4433148988457809 0.13855313282607384
3 603 77 226 0.997454096686774 0.4433148988457809 0.13855313282607384
3 88 89 70 0.997454096686774 0.4433148988457809 0.13855313282607384
3 373 94 70 0.997454096686774 0.4433148988457809 0.13855313282607384
3 70 94 372 0.997454096686774 0.4433148988457809 0.13855313282607384
3 104 75 129 0.997454096686774 0.4433148988457809 0.13855313282607384
3 104 129 307 0.997454096686774 0.4433148988457809 0.13855313282607384
3 307 130 104 0.997454096686774 0.4433148988457809 0.13855313282607384
3 104 130 606 0.997454096686774 0.4433148988457809 0.13855313282607384
3 64 588 65 0.997454096686774 0.4433148988457809 0.13855313282607384
3 63 62 92 0.997454096686774 0.4433148988457809 0.13855313282607384
3 129 103 315 0.997454096686774 0.4433148988457809 0.13855313282607384
3 590 98 123 0.997454096686774 0.4433148988457809 0.13855313282607384
3 123 305 590 0.997454096686774 0.4433148988457809 0.13855313282607384
3 591 260 99 0.997454096686774 0.4433148988457809 0.13855313282607384
3 591 98 260 0.997454096686774 0.4433148988457809 0.13855313282607384
3 123 98 591 0.997454096686774 0.4433148988457809 0.13855313282607384
3 591 315 123 0.997454096686774 0.4433148988457809 0.13855313282607384
3 69 61 60 0.997454096686774 0.4433148988457809 0.13855313282607384
3 60 88 69 0.997454096686774 0.4433148988457809 0.13855313282607384
3 88 70 69 0.997454096686774 0.4433148988457809 0.13855313282607384
3 69 70 372 0.997454096686774 0.4433148988457809 0.13855313282607384
3 92 62 371 0.997454096686774 0.4433148988457809 0.13855313282607384
3 62 61 371 0.997454096686774 0.4433148988457809 0.13855313282607384
3 61 69 371 0.997454096686774 0.4433148988457809 0.13855313282607384
3 371 372 93 0.997454096686774 0.4433148988457809 0.13855313282607384
3 371 69 372 0.997454096686774 0.4433148988457809 0.13855313282607384
3 227 77 604 0.997454096686774 0.4433148988457809 0.13855313282607384
3 604 77 74 0.997454096686774 0.4433148988457809 0.13855313282607384
3 74 103 604 0.997454096686774 0.4433148988457809 0.13855313282607384
3 604 103 75 0.997454096686774 0.4433148988457809 0.13855313282607384
3 294 293 362 0.997454096686774 0.4433148988457809 0.13855313282607384
3 294 363 295 0.997454096686774 0.4433148988457809 0.13855313282607384
3 362 363 294 0.997454096686774 0.4433148988457809 0.13855313282607384
3 251 293 294 0.997454096686774 0.4433148988457809 0.13855313282607384
3 369 583 370 0.997454096686774 0.4433148988457809 0.13855313282607384
3 318 317 594 0.997454096686774 0.4433148988457809 0.13855313282607384
3 263 264 594 0.997454096686774 0.4433148988457809 0.13855313282607384
3 593 263 594 0.997454096686774 0.4433148988457809 0.13855313282607384
3 594 317 593 0.997454096686774 0.4433148988457809 0.13855313282607384
3 593 592 261 0.997454096686774 0.4433148988457809 0.13855313282607384
3 261 592 99 0.997454096686774 0.4433148988457809 0.13855313282607384
3 99 94 261 0.997454096686774 0.4433148988457809 0.13855313282607384
3 261 94 373 0.997454096686774 0.4433148988457809 0.13855313282607384
3 373 95 261 0.997454096686774 0.4433148988457809 0.13855313282607384
3 262 95 374 0.997454096686774 0.4433148988457809 0.13855313282607384
3 262 263 593 0.997454096686774 0.4433148988457809 0.13855313282607384
3 262 374 263 0.997454096686774 0.4433148988457809 0.13855313282607384
3 593 261 262 0.997454096686774 0.4433148988457809 0.13855313282607384
3 262 261 95 0.997454096686774 0.4433148988457809 0.13855313282607384
3 386 231 232 0.997454096686774 0.4433148988457809 0.13855313282607384
3 232 387 386 0.997454096686774 0.4433148988457809 0.13855313282607384
3 232 608 609 0.997454096686774 0.4433148988457809 0.13855313282607384
3 232 231 608 0.997454096686774 0.4433148988457809 0.13855313282607384
3 230 231 385 0.997454096686774 0.4433148988457809 0.13855313282607384
3 230 607 231 0.997454096686774 0.4433148988457809 0.13855313282607384
3 83 229 230 0.997454096686774 0.4433148988457809 0.13855313282607384
3 230 229 606 0.997454096686774 0.4433148988457809 0.13855313282607384
3 606 607 230 0.997454096686774 0.4433148988457809 0.13855313282607384
3 86 460 85 0.997454096686774 0.4433148988457809 0.13855313282607384
3 85 115 86 0.997454096686774 0.4433148988457809 0.13855313282607384
3 84 57 85 0.997454096686774 0.4433148988457809 0.13855313282607384
3 85 459 84 0.997454096686774 0.4433148988457809 0.13855313282607384
3 58 57 84 0.997454096686774 0.4433148988457809 0.13855313282607384
3 84 459 58 0.997454096686774 0.4433148988457809 0.13855313282607384
3 71 95 373 0.997454096686774 0.4433148988457809 0.13855313282607384
3 374 95 71 0.997454096686774 0.4433148988457809 0.13855313282607384
3 373 70 71 0.997454096686774 0.4433148988457809 0.13855313282607384
3 71 70 89 0.997454096686774 0.4433148988457809 0.13855313282607384
3 88 59 458 0.997454096686774 0.4433148988457809 0.13855313282607384
3 458 89 88 0.997454096686774 0.4433148988457809 0.13855313282607384
3 458 59 58 0.997454096686774 0.4433148988457809 0.13855313282607384
3 58 459 458 0.997454096686774 0.4433148988457809 0.13855313282607384
3 459 89 458 0.997454096686774 0.4433148988457809 0.13855313282607384
3 56 115 57 0.997454096686774 0.4433148988457809 0.13855313282607384
3 56 55 533 0.997454096686774 0.4433148988457809 0.13855313282607384
3 383 82 83 0.997454096686774 0.4433148988457809 0.13855313282607384
3 383 133 132 0.997454096686774 0.4433148988457809 0.13855313282607384
3 384 230 385 0.997454096686774 0.4433148988457809 0.13855313282607384
3 83 230 384 0.997454096686774 0.4433148988457809 0.13855313282607384
3 384 383 83 0.997454096686774 0.4433148988457809 0.13855313282607384
3 133 383 384 0.997454096686774 0.4433148988457809 0.13855313282607384
3 609 610 233 0.997454096686774 0.4433148988457809 0.13855313282607384
3 233 232 609 0.997454096686774 0.4433148988457809 0.13855313282607384
3 387 232 233 0.997454096686774 0.4433148988457809 0.13855313282607384
3 611 597 598 0.997454096686774 0.4433148988457809 0.13855313282607384
3 598 597 379 0.997454096686774 0.4433148988457809 0.13855313282607384
3 611 610 320 0.997454096686774 0.4433148988457809 0.13855313282607384
3 320 597 611 0.997454096686774 0.4433148988457809 0.13855313282607384
3 320 610 609 0.997454096686774 0.4433148988457809 0.13855313282607384
3 596 378 320 0.997454096686774 0.4433148988457809 0.13855313282607384
3 378 597 320 0.997454096686774 0.4433148988457809 0.13855313282607384
3 609 310 320 0.997454096686774 0.4433148988457809 0.13855313282607384
3 320 310 596 0.997454096686774 0.4433148988457809 0.13855313282607384
3 388 610 611 0.997454096686774 0.4433148988457809 0.13855313282607384
3 611 389 388 0.997454096686774 0.4433148988457809 0.13855313282607384
3 388 233 610 0.997454096686774 0.4433148988457809 0.13855313282607384
3 387 233 388 0.997454096686774 0.4433148988457809 0.13855313282607384
3 388 327 387 0.997454096686774 0.4433148988457809 0.13855313282607384
3 328 327 388 0.997454096686774 0.4433148988457809 0.13855313282607384
3 388 389 328 0.997454096686774 0.4433148988457809 0.13855313282607384
3 265 310 595 0.997454096686774 0.4433148988457809 0.13855313282607384
3 595 264 265 0.997454096686774 0.4433148988457809 0.13855313282607384
3 595 310 318 0.997454096686774 0.4433148988457809 0.13855313282607384
3 318 594 595 0.997454096686774 0.4433148988457809 0.13855313282607384
3 595 594 264 0.997454096686774 0.4433148988457809 0.13855313282607384
3 376 263 375 0.997454096686774 0.4433148988457809 0.13855313282607384
3 376 264 263 0.997454096686774 0.4433148988457809 0.13855313282607384
3 540 467 466 0.997454096686774 0.4433148988457809 0.13855313282607384
3 466 539 540 0.997454096686774 0.4433148988457809 0.13855313282607384
3 465 539 466 0.997454096686774 0.4433148988457809 0.13855313282607384
3 541 467 540 0.997454096686774 0.4433148988457809 0.13855313282607384
3 540 256 541 0.997454096686774 0.4433148988457809 0.13855313282607384
3 599 467 468 0.997454096686774 0.4433148988457809 0.13855313282607384
3 467 541 468 0.997454096686774 0.4433148988457809 0.13855313282607384
3 250 187 186 0.997454096686774 0.4433148988457809 0.13855313282607384
3 186 54 250 0.997454096686774 0.4433148988457809 0.13855313282607384
3 186 185 54 0.997454096686774 0.4433148988457809 0.13855313282607384
3 252 294 295 0.997454096686774 0.4433148988457809 0.13855313282607384
3 251 294 252 0.997454096686774 0.4433148988457809 0.13855313282607384
3 253 252 295 0.997454096686774 0.4433148988457809 0.13855313282607384
3 295 296 253 0.997454096686774 0.4433148988457809 0.13855313282607384
3 296 254 253 0.997454096686774 0.4433148988457809 0.13855313282607384
3 119 537 464 0.997454096686774 0.4433148988457809 0.13855313282607384
3 464 463 119 0.997454096686774 0.4433148988457809 0.13855313282607384
3 463 118 119 0.997454096686774 0.4433148988457809 0.13855313282607384
3 553 241 554 0.997454096686774 0.4433148988457809 0.13855313282607384
3 554 283 553 0.997454096686774 0.4433148988457809 0.13855313282607384
3 554 555 283 0.997454096686774 0.4433148988457809 0.13855313282607384
3 241 274 554 0.997454096686774 0.4433148988457809 0.13855313282607384
3 554 274 555 0.997454096686774 0.4433148988457809 0.13855313282607384
3 556 555 330 0.997454096686774 0.4433148988457809 0.13855313282607384
3 330 391 556 0.997454096686774 0.4433148988457809 0.13855313282607384
3 556 557 479 0.997454096686774 0.4433148988457809 0.13855313282607384
3 556 614 557 0.997454096686774 0.4433148988457809 0.13855313282607384
3 391 614 556 0.997454096686774 0.4433148988457809 0.13855313282607384
3 479 283 556 0.997454096686774 0.4433148988457809 0.13855313282607384
3 283 555 556 0.997454096686774 0.4433148988457809 0.13855313282607384
3 240 239 272 0.997454096686774 0.4433148988457809 0.13855313282607384
3 140 238 141 0.997454096686774 0.4433148988457809 0.13855313282607384
3 238 239 141 0.997454096686774 0.4433148988457809 0.13855313282607384
3 141 549 140 0.997454096686774 0.4433148988457809 0.13855313282607384
3 278 277 549 0.997454096686774 0.4433148988457809 0.13855313282607384
3 278 245 244 0.997454096686774 0.4433148988457809 0.13855313282607384
3 244 277 278 0.997454096686774 0.4433148988457809 0.13855313282607384
3 553 283 282 0.997454096686774 0.4433148988457809 0.13855313282607384
3 283 249 282 0.997454096686774 0.4433148988457809 0.13855313282607384
3 282 249 248 0.997454096686774 0.4433148988457809 0.13855313282607384
3 248 281 282 0.997454096686774 0.4433148988457809 0.13855313282607384
3 328 329 273 0.997454096686774 0.4433148988457809 0.13855313282607384
3 329 274 273 0.997454096686774 0.4433148988457809 0.13855313282607384
3 272 328 273 0.997454096686774 0.4433148988457809 0.13855313282607384
3 273 240 272 0.997454096686774 0.4433148988457809 0.13855313282607384
3 273 274 241 0.997454096686774 0.4433148988457809 0.13855313282607384
3 241 240 273 0.997454096686774 0.4433148988457809 0.13855313282607384
3 19 469 191 0.997454096686774 0.4433148988457809 0.13855313282607384
3 469 192 191 0.997454096686774 0.4433148988457809 0.13855313282607384
3 394 193 395 0.997454096686774 0.4433148988457809 0.13855313282607384
3 394 192 193 0.997454096686774 0.4433148988457809 0.13855313282607384
3 395 201 394 0.997454096686774 0.4433148988457809 0.13855313282607384
3 394 201 200 0.997454096686774 0.4433148988457809 0.13855313282607384
3 472 195 194 0.997454096686774 0.4433148988457809 0.13855313282607384
3 194 471 472 0.997454096686774 0.4433148988457809 0.13855313282607384
3 193 471 194 0.997454096686774 0.4433148988457809 0.13855313282607384
3 395 193 194 0.997454096686774 0.4433148988457809 0.13855313282607384
3 473 474 196 0.997454096686774 0.4433148988457809 0.13855313282607384
3 196 195 473 0.997454096686774 0.4433148988457809 0.13855313282607384
3 196 474 197 0.997454096686774 0.4433148988457809 0.13855313282607384
3 25 403 150 0.997454096686774 0.4433148988457809 0.13855313282607384
3 150 403 404 0.997454096686774 0.4433148988457809 0.13855313282607384
3 149 331 26 0.997454096686774 0.4433148988457809 0.13855313282607384
3 149 332 331 0.997454096686774 0.4433148988457809 0.13855313282607384
3 26 25 149 0.997454096686774 0.4433148988457809 0.13855313282607384
3 25 150 149 0.997454096686774 0.4433148988457809 0.13855313282607384
3 149 150 332 0.997454096686774 0.4433148988457809 0.13855313282607384
3 331 332 156 0.997454096686774 0.4433148988457809 0.13855313282607384
3 155 331 156 0.997454096686774 0.4433148988457809 0.13855313282607384
3 562 561 156 0.997454096686774 0.4433148988457809 0.13855313282607384
3 156 561 155 0.997454096686774 0.4433148988457809 0.13855313282607384
3 164 562 563 0.997454096686774 0.4433148988457809 0.13855313282607384
3 566 567 421 0.997454096686774 0.4433148988457809 0.13855313282607384
3 566 336 567 0.997454096686774 0.4433148988457809 0.13855313282607384
3 566 160 336 0.997454096686774 0.4433148988457809 0.13855313282607384
3 484 201 485 0.997454096686774 0.4433148988457809 0.13855313282607384
3 485 486 148 0.997454096686774 0.4433148988457809 0.13855313282607384
3 148 147 485 0.997454096686774 0.4433148988457809 0.13855313282607384
3 147 484 485 0.997454096686774 0.4433148988457809 0.13855313282607384
3 399 204 398 0.997454096686774 0.4433148988457809 0.13855313282607384
3 398 197 399 0.997454096686774 0.4433148988457809 0.13855313282607384
3 398 196 197 0.997454096686774 0.4433148988457809 0.13855313282607384
3 202 203 486 0.997454096686774 0.4433148988457809 0.13855313282607384
3 486 485 202 0.997454096686774 0.4433148988457809 0.13855313282607384
3 202 485 201 0.997454096686774 0.4433148988457809 0.13855313282607384
3 202 201 395 0.997454096686774 0.4433148988457809 0.13855313282607384
3 489 411 488 0.997454096686774 0.4433148988457809 0.13855313282607384
3 399 400 489 0.997454096686774 0.4433148988457809 0.13855313282607384
3 488 204 489 0.997454096686774 0.4433148988457809 0.13855313282607384
3 489 204 399 0.997454096686774 0.4433148988457809 0.13855313282607384
3 571 570 412 0.997454096686774 0.4433148988457809 0.13855313282607384
3 412 413 571 0.997454096686774 0.4433148988457809 0.13855313282607384
3 412 570 340 0.997454096686774 0.4433148988457809 0.13855313282607384
3 340 411 412 0.997454096686774 0.4433148988457809 0.13855313282607384
3 411 489 412 0.997454096686774 0.4433148988457809 0.13855313282607384
3 367 366 581 0.997454096686774 0.4433148988457809 0.13855313282607384
3 581 368 367 0.997454096686774 0.4433148988457809 0.13855313282607384
3 579 365 364 0.997454096686774 0.4433148988457809 0.13855313282607384
3 529 517 518 0.997454096686774 0.4433148988457809 0.13855313282607384
3 504 435 423 0.997454096686774 0.4433148988457809 0.13855313282607384
3 423 569 504 0.997454096686774 0.4433148988457809 0.13855313282607384
3 569 424 504 0.997454096686774 0.4433148988457809 0.13855313282607384
3 571 506 505 0.997454096686774 0.4433148988457809 0.13855313282607384
3 505 570 571 0.997454096686774 0.4433148988457809 0.13855313282607384
3 506 518 505 0.997454096686774 0.4433148988457809 0.13855313282607384
3 505 518 517 0.997454096686774 0.4433148988457809 0.13855313282607384
3 424 570 505 0.997454096686774 0.4433148988457809 0.13855313282607384
3 420 419 166 0.997454096686774 0.4433148988457809 0.13855313282607384
3 48 47 219 0.997454096686774 0.4433148988457809 0.13855313282607384
3 520 47 46 0.997454096686774 0.4433148988457809 0.13855313282607384
3 46 180 520 0.997454096686774 0.4433148988457809 0.13855313282607384
3 356 183 355 0.997454096686774 0.4433148988457809 0.13855313282607384
3 355 183 182 0.997454096686774 0.4433148988457809 0.13855313282607384
3 181 355 182 0.997454096686774 0.4433148988457809 0.13855313282607384
3 181 520 180 0.997454096686774 0.4433148988457809 0.13855313282607384
3 503 502 422 0.997454096686774 0.4433148988457809 0.13855313282607384
3 503 422 423 0.997454096686774 0.4433148988457809 0.13855313282607384
3 423 435 503 0.997454096686774 0.4433148988457809 0.13855313282607384
3 447 49 48 0.997454096686774 0.4433148988457809 0.13855313282607384
3 447 448 49 0.997454096686774 0.4433148988457809 0.13855313282607384
3 448 447 221 0.997454096686774 0.4433148988457809 0.13855313282607384
3 162 561 163 0.997454096686774 0.4433148988457809 0.13855313282607384
3 162 560 561 0.997454096686774 0.4433148988457809 0.13855313282607384
3 163 416 162 0.997454096686774 0.4433148988457809 0.13855313282607384
3 161 560 162 0.997454096686774 0.4433148988457809 0.13855313282607384
3 162 415 161 0.997454096686774 0.4433148988457809 0.13855313282607384
3 162 416 415 0.997454096686774 0.4433148988457809 0.13855313282607384
3 161 30 29 0.997454096686774 0.4433148988457809 0.13855313282607384
3 28 560 29 0.997454096686774 0.4433148988457809 0.13855313282607384
3 29 560 161 0.997454096686774 0.4433148988457809 0.13855313282607384
3 161 415 414 0.997454096686774 0.4433148988457809 0.13855313282607384
3 414 30 161 0.997454096686774 0.4433148988457809 0.13855313282607384
3 31 30 414 0.997454096686774 0.4433148988457809 0.13855313282607384
3 32 494 33 0.997454096686774 0.4433148988457809 0.13855313282607384
3 429 439 215 0.997454096686774 0.4433148988457809 0.13855313282607384
3 216 439 429 0.997454096686774 0.4433148988457809 0.13855313282607384
3 44 110 111 0.997454096686774 0.4433148988457809 0.13855313282607384
3 507 43 42 0.997454096686774 0.4433148988457809 0.13855313282607384
3 168 414 415 0.997454096686774 0.4433148988457809 0.13855313282607384
3 15 137 546 0.997454096686774 0.4433148988457809 0.13855313282607384
3 546 547 275 0.997454096686774 0.4433148988457809 0.13855313282607384
3 137 138 546 0.997454096686774 0.4433148988457809 0.13855313282607384
3 546 138 547 0.997454096686774 0.4433148988457809 0.13855313282607384
3 17 15 546 0.997454096686774 0.4433148988457809 0.13855313282607384
3 546 275 17 0.997454096686774 0.4433148988457809 0.13855313282607384
3 100 312 126 0.997454096686774 0.4433148988457809 0.13855313282607384
3 72 100 126 0.997454096686774 0.4433148988457809 0.13855313282607384
3 126 101 72 0.997454096686774 0.4433148988457809 0.13855313282607384
3 72 101 602 0.997454096686774 0.4433148988457809 0.13855313282607384
3 6 72 602 0.997454096686774 0.4433148988457809 0.13855313282607384
3 602 7 6 0.997454096686774 0.4433148988457809 0.13855313282607384
3 602 76 7 0.997454096686774 0.4433148988457809 0.13855313282607384
3 101 127 73 0.997454096686774 0.4433148988457809 0.13855313282607384
3 73 602 101 0.997454096686774 0.4433148988457809 0.13855313282607384
3 73 603 76 0.997454096686774 0.4433148988457809 0.13855313282607384
3 76 602 73 0.997454096686774 0.4433148988457809 0.13855313282607384
3 92 97 258 0.997454096686774 0.4433148988457809 0.13855313282607384
3 258 63 92 0.997454096686774 0.4433148988457809 0.13855313282607384
3 258 97 589 0.997454096686774 0.4433148988457809 0.13855313282607384
3 127 305 102 0.997454096686774 0.4433148988457809 0.13855313282607384
3 102 73 127 0.997454096686774 0.4433148988457809 0.13855313282607384
3 74 603 102 0.997454096686774 0.4433148988457809 0.13855313282607384
3 603 73 102 0.997454096686774 0.4433148988457809 0.13855313282607384
3 589 97 122 0.997454096686774 0.4433148988457809 0.13855313282607384
3 122 305 127 0.997454096686774 0.4433148988457809 0.13855313282607384
3 97 590 122 0.997454096686774 0.4433148988457809 0.13855313282607384
3 122 590 305 0.997454096686774 0.4433148988457809 0.13855313282607384
3 98 590 259 0.997454096686774 0.4433148988457809 0.13855313282607384
3 93 98 259 0.997454096686774 0.4433148988457809 0.13855313282607384
3 259 97 92 0.997454096686774 0.4433148988457809 0.13855313282607384
3 259 590 97 0.997454096686774 0.4433148988457809 0.13855313282607384
3 92 371 259 0.997454096686774 0.4433148988457809 0.13855313282607384
3 259 371 93 0.997454096686774 0.4433148988457809 0.13855313282607384
3 124 591 99 0.997454096686774 0.4433148988457809 0.13855313282607384
3 99 592 124 0.997454096686774 0.4433148988457809 0.13855313282607384
3 124 592 307 0.997454096686774 0.4433148988457809 0.13855313282607384
3 307 129 124 0.997454096686774 0.4433148988457809 0.13855313282607384
3 129 315 124 0.997454096686774 0.4433148988457809 0.13855313282607384
3 315 591 124 0.997454096686774 0.4433148988457809 0.13855313282607384
3 78 228 227 0.997454096686774 0.4433148988457809 0.13855313282607384
3 227 604 78 0.997454096686774 0.4433148988457809 0.13855313282607384
3 78 604 75 0.997454096686774 0.4433148988457809 0.13855313282607384
3 369 370 301 0.997454096686774 0.4433148988457809 0.13855313282607384
3 255 254 297 0.997454096686774 0.4433148988457809 0.13855313282607384
3 613 614 391 0.997454096686774 0.4433148988457809 0.13855313282607384
3 557 614 558 0.997454096686774 0.4433148988457809 0.13855313282607384
3 480 557 558 0.997454096686774 0.4433148988457809 0.13855313282607384
3 87 463 462 0.997454096686774 0.4433148988457809 0.13855313282607384
3 87 118 463 0.997454096686774 0.4433148988457809 0.13855313282607384
3 116 86 115 0.997454096686774 0.4433148988457809 0.13855313282607384
3 116 56 533 0.997454096686774 0.4433148988457809 0.13855313282607384
3 115 56 116 0.997454096686774 0.4433148988457809 0.13855313282607384
3 90 89 459 0.997454096686774 0.4433148988457809 0.13855313282607384
3 90 71 89 0.997454096686774 0.4433148988457809 0.13855313282607384
3 374 71 90 0.997454096686774 0.4433148988457809 0.13855313282607384
3 375 374 90 0.997454096686774 0.4433148988457809 0.13855313282607384
3 90 459 460 0.997454096686774 0.4433148988457809 0.13855313282607384
3 82 383 382 0.997454096686774 0.4433148988457809 0.13855313282607384
3 131 381 382 0.997454096686774 0.4433148988457809 0.13855313282607384
3 382 132 131 0.997454096686774 0.4433148988457809 0.13855313282607384
3 382 383 132 0.997454096686774 0.4433148988457809 0.13855313282607384
3 382 381 81 0.997454096686774 0.4433148988457809 0.13855313282607384
3 81 82 382 0.997454096686774 0.4433148988457809 0.13855313282607384
3 134 384 385 0.997454096686774 0.4433148988457809 0.13855313282607384
3 133 384 134 0.997454096686774 0.4433148988457809 0.13855313282607384
3 385 135 134 0.997454096686774 0.4433148988457809 0.13855313282607384
3 323 133 134 0.997454096686774 0.4433148988457809 0.13855313282607384
3 324 323 134 0.997454096686774 0.4433148988457809 0.13855313282607384
3 134 135 324 0.997454096686774 0.4433148988457809 0.13855313282607384
3 390 611 612 0.997454096686774 0.4433148988457809 0.13855313282607384
3 611 598 612 0.997454096686774 0.4433148988457809 0.13855313282607384
3 612 391 390 0.997454096686774 0.4433148988457809 0.13855313282607384
3 612 613 391 0.997454096686774 0.4433148988457809 0.13855313282607384
3 612 598 599 0.997454096686774 0.4433148988457809 0.13855313282607384
3 599 613 612 0.997454096686774 0.4433148988457809 0.13855313282607384
3 91 376 375 0.997454096686774 0.4433148988457809 0.13855313282607384
3 375 90 91 0.997454096686774 0.4433148988457809 0.13855313282607384
3 91 90 460 0.997454096686774 0.4433148988457809 0.13855313282607384
3 265 264 377 0.997454096686774 0.4433148988457809 0.13855313282607384
3 264 376 377 0.997454096686774 0.4433148988457809 0.13855313282607384
3 377 376 462 0.997454096686774 0.4433148988457809 0.13855313282607384
3 462 463 377 0.997454096686774 0.4433148988457809 0.13855313282607384
3 377 378 265 0.997454096686774 0.4433148988457809 0.13855313282607384
3 377 463 378 0.997454096686774 0.4433148988457809 0.13855313282607384
3 380 466 467 0.997454096686774 0.4433148988457809 0.13855313282607384
3 380 467 599 0.997454096686774 0.4433148988457809 0.13855313282607384
3 599 598 380 0.997454096686774 0.4433148988457809 0.13855313282607384
3 380 598 379 0.997454096686774 0.4433148988457809 0.13855313282607384
3 379 465 380 0.997454096686774 0.4433148988457809 0.13855313282607384
3 465 466 380 0.997454096686774 0.4433148988457809 0.13855313282607384
3 600 468 543 0.997454096686774 0.4433148988457809 0.13855313282607384
3 599 468 600 0.997454096686774 0.4433148988457809 0.13855313282607384
3 600 613 599 0.997454096686774 0.4433148988457809 0.13855313282607384
3 614 613 600 0.997454096686774 0.4433148988457809 0.13855313282607384
3 543 468 542 0.997454096686774 0.4433148988457809 0.13855313282607384
3 542 468 541 0.997454096686774 0.4433148988457809 0.13855313282607384
3 535 534 185 0.997454096686774 0.4433148988457809 0.13855313282607384
3 185 186 535 0.997454096686774 0.4433148988457809 0.13855313282607384
3 535 118 534 0.997454096686774 0.4433148988457809 0.13855313282607384
3 189 253 254 0.997454096686774 0.4433148988457809 0.13855313282607384
3 142 240 241 0.997454096686774 0.4433148988457809 0.13855313282607384
3 239 240 142 0.997454096686774 0.4433148988457809 0.13855313282607384
3 142 141 239 0.997454096686774 0.4433148988457809 0.13855313282607384
3 279 280 246 0.997454096686774 0.4433148988457809 0.13855313282607384
3 246 245 279 0.997454096686774 0.4433148988457809 0.13855313282607384
3 245 278 279 0.997454096686774 0.4433148988457809 0.13855313282607384
3 19 191 20 0.997454096686774 0.4433148988457809 0.13855313282607384
3 21 20 392 0.997454096686774 0.4433148988457809 0.13855313282607384
3 392 20 191 0.997454096686774 0.4433148988457809 0.13855313282607384
3 199 198 392 0.997454096686774 0.4433148988457809 0.13855313282607384
3 198 21 392 0.997454096686774 0.4433148988457809 0.13855313282607384
3 165 418 164 0.997454096686774 0.4433148988457809 0.13855313282607384
3 164 563 165 0.997454096686774 0.4433148988457809 0.13855313282607384
3 418 165 172 0.997454096686774 0.4433148988457809 0.13855313282607384
3 172 165 419 0.997454096686774 0.4433148988457809 0.13855313282607384
3 395 194 396 0.997454096686774 0.4433148988457809 0.13855313282607384
3 396 194 195 0.997454096686774 0.4433148988457809 0.13855313282607384
3 396 202 395 0.997454096686774 0.4433148988457809 0.13855313282607384
3 203 202 396 0.997454096686774 0.4433148988457809 0.13855313282607384
3 195 196 397 0.997454096686774 0.4433148988457809 0.13855313282607384
3 196 398 397 0.997454096686774 0.4433148988457809 0.13855313282607384
3 397 396 195 0.997454096686774 0.4433148988457809 0.13855313282607384
3 397 398 204 0.997454096686774 0.4433148988457809 0.13855313282607384
3 204 203 397 0.997454096686774 0.4433148988457809 0.13855313282607384
3 203 396 397 0.997454096686774 0.4433148988457809 0.13855313282607384
3 491 413 490 0.997454096686774 0.4433148988457809 0.13855313282607384
3 490 489 400 0.997454096686774 0.4433148988457809 0.13855313282607384
3 413 412 490 0.997454096686774 0.4433148988457809 0.13855313282607384
3 490 412 489 0.997454096686774 0.4433148988457809 0.13855313282607384
3 400 401 490 0.997454096686774 0.4433148988457809 0.13855313282607384
3 490 401 491 0.997454096686774 0.4433148988457809 0.13855313282607384
3 531 532 457 0.997454096686774 0.4433148988457809 0.13855313282607384
3 292 581 291 0.997454096686774 0.4433148988457809 0.13855313282607384
3 292 457 583 0.997454096686774 0.4433148988457809 0.13855313282607384
3 292 291 455 0.997454096686774 0.4433148988457809 0.13855313282607384
3 368 581 582 0.997454096686774 0.4433148988457809 0.13855313282607384
3 582 583 369 0.997454096686774 0.4433148988457809 0.13855313282607384
3 369 368 582 0.997454096686774 0.4433148988457809 0.13855313282607384
3 582 292 583 0.997454096686774 0.4433148988457809 0.13855313282607384
3 581 292 582 0.997454096686774 0.4433148988457809 0.13855313282607384
3 361 52 575 0.997454096686774 0.4433148988457809 0.13855313282607384
3 577 363 362 0.997454096686774 0.4433148988457809 0.13855313282607384
3 290 579 289 0.997454096686774 0.4433148988457809 0.13855313282607384
3 580 366 365 0.997454096686774 0.4433148988457809 0.13855313282607384
3 365 579 580 0.997454096686774 0.4433148988457809 0.13855313282607384
3 580 581 366 0.997454096686774 0.4433148988457809 0.13855313282607384
3 291 581 580 0.997454096686774 0.4433148988457809 0.13855313282607384
3 580 290 291 0.997454096686774 0.4433148988457809 0.13855313282607384
3 579 290 580 0.997454096686774 0.4433148988457809 0.13855313282607384
3 529 518 530 0.997454096686774 0.4433148988457809 0.13855313282607384
3 530 455 529 0.997454096686774 0.4433148988457809 0.13855313282607384
3 531 457 530 0.997454096686774 0.4433148988457809 0.13855313282607384
3 519 518 506 0.997454096686774 0.4433148988457809 0.13855313282607384
3 519 506 572 0.997454096686774 0.4433148988457809 0.13855313282607384
3 531 530 519 0.997454096686774 0.4433148988457809 0.13855313282607384
3 519 530 518 0.997454096686774 0.4433148988457809 0.13855313282607384
3 519 532 531 0.997454096686774 0.4433148988457809 0.13855313282607384
3 519 572 573 0.997454096686774 0.4433148988457809 0.13855313282607384
3 573 532 519 0.997454096686774 0.4433148988457809 0.13855313282607384
3 585 457 532 0.997454096686774 0.4433148988457809 0.13855313282607384
3 179 45 352 0.997454096686774 0.4433148988457809 0.13855313282607384
3 179 180 46 0.997454096686774 0.4433148988457809 0.13855313282607384
3 46 45 179 0.997454096686774 0.4433148988457809 0.13855313282607384
3 443 348 347 0.997454096686774 0.4433148988457809 0.13855313282607384
3 353 179 352 0.997454096686774 0.4433148988457809 0.13855313282607384
3 180 179 353 0.997454096686774 0.4433148988457809 0.13855313282607384
3 444 348 443 0.997454096686774 0.4433148988457809 0.13855313282607384
3 349 348 444 0.997454096686774 0.4433148988457809 0.13855313282607384
3 502 444 433 0.997454096686774 0.4433148988457809 0.13855313282607384
3 433 444 443 0.997454096686774 0.4433148988457809 0.13855313282607384
3 356 355 513 0.997454096686774 0.4433148988457809 0.13855313282607384
3 513 514 356 0.997454096686774 0.4433148988457809 0.13855313282607384
3 513 348 349 0.997454096686774 0.4433148988457809 0.13855313282607384
3 349 514 513 0.997454096686774 0.4433148988457809 0.13855313282607384
3 520 181 521 0.997454096686774 0.4433148988457809 0.13855313282607384
3 47 520 521 0.997454096686774 0.4433148988457809 0.13855313282607384
3 521 182 522 0.997454096686774 0.4433148988457809 0.13855313282607384
3 521 181 182 0.997454096686774 0.4433148988457809 0.13855313282607384
3 522 219 521 0.997454096686774 0.4433148988457809 0.13855313282607384
3 521 219 47 0.997454096686774 0.4433148988457809 0.13855313282607384
3 445 503 435 0.997454096686774 0.4433148988457809 0.13855313282607384
3 448 221 222 0.997454096686774 0.4433148988457809 0.13855313282607384
3 220 447 48 0.997454096686774 0.4433148988457809 0.13855313282607384
3 220 221 447 0.997454096686774 0.4433148988457809 0.13855313282607384
3 48 219 220 0.997454096686774 0.4433148988457809 0.13855313282607384
3 220 219 522 0.997454096686774 0.4433148988457809 0.13855313282607384
3 215 439 175 0.997454096686774 0.4433148988457809 0.13855313282607384
3 175 438 215 0.997454096686774 0.4433148988457809 0.13855313282607384
3 342 438 175 0.997454096686774 0.4433148988457809 0.13855313282607384
3 31 414 167 0.997454096686774 0.4433148988457809 0.13855313282607384
3 495 494 167 0.997454096686774 0.4433148988457809 0.13855313282607384
3 167 168 495 0.997454096686774 0.4433148988457809 0.13855313282607384
3 414 168 167 0.997454096686774 0.4433148988457809 0.13855313282607384
3 167 32 31 0.997454096686774 0.4433148988457809 0.13855313282607384
3 494 32 167 0.997454096686774 0.4433148988457809 0.13855313282607384
3 216 429 209 0.997454096686774 0.4433148988457809 0.13855313282607384
3 209 429 497 0.997454096686774 0.4433148988457809 0.13855313282607384
3 170 498 209 0.997454096686774 0.4433148988457809 0.13855313282607384
3 209 497 170 0.997454096686774 0.4433148988457809 0.13855313282607384
3 497 429 208 0.997454096686774 0.4433148988457809 0.13855313282607384
3 215 428 208 0.997454096686774 0.4433148988457809 0.13855313282607384
3 208 429 215 0.997454096686774 0.4433148988457809 0.13855313282607384
3 351 45 44 0.997454096686774 0.4433148988457809 0.13855313282607384
3 44 111 351 0.997454096686774 0.4433148988457809 0.13855313282607384
3 352 45 351 0.997454096686774 0.4433148988457809 0.13855313282607384
3 509 111 110 0.997454096686774 0.4433148988457809 0.13855313282607384
3 343 175 439 0.997454096686774 0.4433148988457809 0.13855313282607384
3 342 175 343 0.997454096686774 0.4433148988457809 0.13855313282607384
3 169 168 415 0.997454096686774 0.4433148988457809 0.13855313282607384
3 415 416 169 0.997454096686774 0.4433148988457809 0.13855313282607384
3 497 208 169 0.997454096686774 0.4433148988457809 0.13855313282607384
3 169 416 170 0.997454096686774 0.4433148988457809 0.13855313282607384
3 170 497 169 0.997454096686774 0.4433148988457809 0.13855313282607384
3 312 588 121 0.997454096686774 0.4433148988457809 0.13855313282607384
3 121 126 312 0.997454096686774 0.4433148988457809 0.13855313282607384
3 64 63 96 0.997454096686774 0.4433148988457809 0.13855313282607384
3 63 258 96 0.997454096686774 0.4433148988457809 0.13855313282607384
3 96 258 589 0.997454096686774 0.4433148988457809 0.13855313282607384
3 589 121 96 0.997454096686774 0.4433148988457809 0.13855313282607384
3 588 64 96 0.997454096686774 0.4433148988457809 0.13855313282607384
3 96 121 588 0.997454096686774 0.4433148988457809 0.13855313282607384
3 128 305 123 0.997454096686774 0.4433148988457809 0.13855313282607384
3 128 102 305 0.997454096686774 0.4433148988457809 0.13855313282607384
3 123 315 128 0.997454096686774 0.4433148988457809 0.13855313282607384
3 128 315 103 0.997454096686774 0.4433148988457809 0.13855313282607384
3 128 103 74 0.997454096686774 0.4433148988457809 0.13855313282607384
3 74 102 128 0.997454096686774 0.4433148988457809 0.13855313282607384
3 605 78 75 0.997454096686774 0.4433148988457809 0.13855313282607384
3 75 104 605 0.997454096686774 0.4433148988457809 0.13855313282607384
3 79 228 605 0.997454096686774 0.4433148988457809 0.13855313282607384
3 228 78 605 0.997454096686774 0.4433148988457809 0.13855313282607384
3 606 79 605 0.997454096686774 0.4433148988457809 0.13855313282607384
3 605 104 606 0.997454096686774 0.4433148988457809 0.13855313282607384
3 257 256 299 0.997454096686774 0.4433148988457809 0.13855313282607384
3 257 541 256 0.997454096686774 0.4433148988457809 0.13855313282607384
3 257 542 541 0.997454096686774 0.4433148988457809 0.13855313282607384
3 257 301 543 0.997454096686774 0.4433148988457809 0.13855313282607384
3 543 542 257 0.997454096686774 0.4433148988457809 0.13855313282607384
3 298 255 297 0.997454096686774 0.4433148988457809 0.13855313282607384
3 256 255 298 0.997454096686774 0.4433148988457809 0.13855313282607384
3 299 256 298 0.997454096686774 0.4433148988457809 0.13855313282607384
3 297 366 298 0.997454096686774 0.4433148988457809 0.13855313282607384
3 367 299 298 0.997454096686774 0.4433148988457809 0.13855313282607384
3 298 366 367 0.997454096686774 0.4433148988457809 0.13855313282607384
3 117 87 86 0.997454096686774 0.4433148988457809 0.13855313282607384
3 86 116 117 0.997454096686774 0.4433148988457809 0.13855313282607384
3 118 87 117 0.997454096686774 0.4433148988457809 0.13855313282607384
3 534 118 117 0.997454096686774 0.4433148988457809 0.13855313282607384
3 533 534 117 0.997454096686774 0.4433148988457809 0.13855313282607384
3 117 116 533 0.997454096686774 0.4433148988457809 0.13855313282607384
3 462 376 461 0.997454096686774 0.4433148988457809 0.13855313282607384
3 376 91 461 0.997454096686774 0.4433148988457809 0.13855313282607384
3 461 87 462 0.997454096686774 0.4433148988457809 0.13855313282607384
3 86 87 461 0.997454096686774 0.4433148988457809 0.13855313282607384
3 460 86 461 0.997454096686774 0.4433148988457809 0.13855313282607384
3 461 91 460 0.997454096686774 0.4433148988457809 0.13855313282607384
3 536 119 118 0.997454096686774 0.4433148988457809 0.13855313282607384
3 118 535 536 0.997454096686774 0.4433148988457809 0.13855313282607384
3 537 119 536 0.997454096686774 0.4433148988457809 0.13855313282607384
3 536 186 187 0.997454096686774 0.4433148988457809 0.13855313282607384
3 536 535 186 0.997454096686774 0.4433148988457809 0.13855313282607384
3 254 255 190 0.997454096686774 0.4433148988457809 0.13855313282607384
3 190 189 254 0.997454096686774 0.4433148988457809 0.13855313282607384
3 540 539 190 0.997454096686774 0.4433148988457809 0.13855313282607384
3 190 256 540 0.997454096686774 0.4433148988457809 0.13855313282607384
3 190 255 256 0.997454096686774 0.4433148988457809 0.13855313282607384
3 537 189 538 0.997454096686774 0.4433148988457809 0.13855313282607384
3 538 539 465 0.997454096686774 0.4433148988457809 0.13855313282607384
3 538 190 539 0.997454096686774 0.4433148988457809 0.13855313282607384
3 189 190 538 0.997454096686774 0.4433148988457809 0.13855313282607384
3 538 465 464 0.997454096686774 0.4433148988457809 0.13855313282607384
3 464 537 538 0.997454096686774 0.4433148988457809 0.13855313282607384
3 252 253 188 0.997454096686774 0.4433148988457809 0.13855313282607384
3 253 189 188 0.997454096686774 0.4433148988457809 0.13855313282607384
3 188 187 251 0.997454096686774 0.4433148988457809 0.13855313282607384
3 251 252 188 0.997454096686774 0.4433148988457809 0.13855313282607384
3 188 189 537 0.997454096686774 0.4433148988457809 0.13855313282607384
3 537 536 188 0.997454096686774 0.4433148988457809 0.13855313282607384
3 188 536 187 0.997454096686774 0.4433148988457809 0.13855313282607384
3 552 241 553 0.997454096686774 0.4433148988457809 0.13855313282607384
3 552 142 241 0.997454096686774 0.4433148988457809 0.13855313282607384
3 553 282 552 0.997454096686774 0.4433148988457809 0.13855313282607384
3 552 282 281 0.997454096686774 0.4433148988457809 0.13855313282607384
3 393 392 191 0.997454096686774 0.4433148988457809 0.13855313282607384
3 393 191 192 0.997454096686774 0.4433148988457809 0.13855313282607384
3 192 394 393 0.997454096686774 0.4433148988457809 0.13855313282607384
3 393 394 200 0.997454096686774 0.4433148988457809 0.13855313282607384
3 393 200 199 0.997454096686774 0.4433148988457809 0.13855313282607384
3 199 392 393 0.997454096686774 0.4433148988457809 0.13855313282607384
3 151 150 404 0.997454096686774 0.4433148988457809 0.13855313282607384
3 404 405 151 0.997454096686774 0.4433148988457809 0.13855313282607384
3 335 153 336 0.997454096686774 0.4433148988457809 0.13855313282607384
3 336 160 335 0.997454096686774 0.4433148988457809 0.13855313282607384
3 159 335 160 0.997454096686774 0.4433148988457809 0.13855313282607384
3 334 335 159 0.997454096686774 0.4433148988457809 0.13855313282607384
3 332 150 333 0.997454096686774 0.4433148988457809 0.13855313282607384
3 150 151 333 0.997454096686774 0.4433148988457809 0.13855313282607384
3 333 151 334 0.997454096686774 0.4433148988457809 0.13855313282607384
3 500 172 419 0.997454096686774 0.4433148988457809 0.13855313282607384
3 211 172 500 0.997454096686774 0.4433148988457809 0.13855313282607384
3 419 420 500 0.997454096686774 0.4433148988457809 0.13855313282607384
3 499 172 211 0.997454096686774 0.4433148988457809 0.13855313282607384
3 210 171 499 0.997454096686774 0.4433148988457809 0.13855313282607384
3 499 171 418 0.997454096686774 0.4433148988457809 0.13855313282607384
3 418 172 499 0.997454096686774 0.4433148988457809 0.13855313282607384
3 499 431 210 0.997454096686774 0.4433148988457809 0.13855313282607384
3 211 431 499 0.997454096686774 0.4433148988457809 0.13855313282607384
3 50 284 285 0.997454096686774 0.4433148988457809 0.13855313282607384
3 529 455 454 0.997454096686774 0.4433148988457809 0.13855313282607384
3 454 528 529 0.997454096686774 0.4433148988457809 0.13855313282607384
3 455 291 454 0.997454096686774 0.4433148988457809 0.13855313282607384
3 291 290 454 0.997454096686774 0.4433148988457809 0.13855313282607384
3 527 528 225 0.997454096686774 0.4433148988457809 0.13855313282607384
3 287 286 451 0.997454096686774 0.4433148988457809 0.13855313282607384
3 451 452 287 0.997454096686774 0.4433148988457809 0.13855313282607384
3 451 225 452 0.997454096686774 0.4433148988457809 0.13855313282607384
3 350 445 435 0.997454096686774 0.4433148988457809 0.13855313282607384
3 360 516 517 0.997454096686774 0.4433148988457809 0.13855313282607384
3 360 517 529 0.997454096686774 0.4433148988457809 0.13855313282607384
3 529 528 360 0.997454096686774 0.4433148988457809 0.13855313282607384
3 360 528 527 0.997454096686774 0.4433148988457809 0.13855313282607384
3 288 577 287 0.997454096686774 0.4433148988457809 0.13855313282607384
3 287 452 288 0.997454096686774 0.4433148988457809 0.13855313282607384
3 289 579 578 0.997454096686774 0.4433148988457809 0.13855313282607384
3 578 288 289 0.997454096686774 0.4433148988457809 0.13855313282607384
3 577 288 578 0.997454096686774 0.4433148988457809 0.13855313282607384
3 578 579 364 0.997454096686774 0.4433148988457809 0.13855313282607384
3 364 363 578 0.997454096686774 0.4433148988457809 0.13855313282607384
3 363 577 578 0.997454096686774 0.4433148988457809 0.13855313282607384
3 287 577 576 0.997454096686774 0.4433148988457809 0.13855313282607384
3 576 286 287 0.997454096686774 0.4433148988457809 0.13855313282607384
3 576 575 286 0.997454096686774 0.4433148988457809 0.13855313282607384
3 361 575 576 0.997454096686774 0.4433148988457809 0.13855313282607384
3 576 362 361 0.997454096686774 0.4433148988457809 0.13855313282607384
3 576 577 362 0.997454096686774 0.4433148988457809 0.13855313282607384
3 455 530 456 0.997454096686774 0.4433148988457809 0.13855313282607384
3 456 530 457 0.997454096686774 0.4433148988457809 0.13855313282607384
3 456 292 455 0.997454096686774 0.4433148988457809 0.13855313282607384
3 457 292 456 0.997454096686774 0.4433148988457809 0.13855313282607384
3 584 370 583 0.997454096686774 0.4433148988457809 0.13855313282607384
3 584 585 370 0.997454096686774 0.4433148988457809 0.13855313282607384
3 583 457 584 0.997454096686774 0.4433148988457809 0.13855313282607384
3 457 585 584 0.997454096686774 0.4433148988457809 0.13855313282607384
3 370 585 586 0.997454096686774 0.4433148988457809 0.13855313282607384
3 586 585 532 0.997454096686774 0.4433148988457809 0.13855313282607384
3 354 181 180 0.997454096686774 0.4433148988457809 0.13855313282607384
3 180 353 354 0.997454096686774 0.4433148988457809 0.13855313282607384
3 114 355 354 0.997454096686774 0.4433148988457809 0.13855313282607384
3 355 181 354 0.997454096686774 0.4433148988457809 0.13855313282607384
3 502 503 434 0.997454096686774 0.4433148988457809 0.13855313282607384
3 434 444 502 0.997454096686774 0.4433148988457809 0.13855313282607384
3 503 445 434 0.997454096686774 0.4433148988457809 0.13855313282607384
3 349 444 434 0.997454096686774 0.4433148988457809 0.13855313282607384
3 434 445 349 0.997454096686774 0.4433148988457809 0.13855313282607384
3 443 442 432 0.997454096686774 0.4433148988457809 0.13855313282607384
3 432 433 443 0.997454096686774 0.4433148988457809 0.13855313282607384
3 211 500 432 0.997454096686774 0.4433148988457809 0.13855313282607384
3 512 347 348 0.997454096686774 0.4433148988457809 0.13855313282607384
3 348 513 512 0.997454096686774 0.4433148988457809 0.13855313282607384
3 114 511 512 0.997454096686774 0.4433148988457809 0.13855313282607384
3 511 347 512 0.997454096686774 0.4433148988457809 0.13855313282607384
3 512 355 114 0.997454096686774 0.4433148988457809 0.13855313282607384
3 512 513 355 0.997454096686774 0.4433148988457809 0.13855313282607384
3 522 183 523 0.997454096686774 0.4433148988457809 0.13855313282607384
3 523 220 522 0.997454096686774 0.4433148988457809 0.13855313282607384
3 221 220 523 0.997454096686774 0.4433148988457809 0.13855313282607384
3 352 351 112 0.997454096686774 0.4433148988457809 0.13855313282607384
3 112 351 111 0.997454096686774 0.4433148988457809 0.13855313282607384
3 111 509 112 0.997454096686774 0.4433148988457809 0.13855313282607384
3 112 509 510 0.997454096686774 0.4433148988457809 0.13855313282607384
3 346 347 511 0.997454096686774 0.4433148988457809 0.13855313282607384
3 178 442 346 0.997454096686774 0.4433148988457809 0.13855313282607384
3 346 442 443 0.997454096686774 0.4433148988457809 0.13855313282607384
3 443 347 346 0.997454096686774 0.4433148988457809 0.13855313282607384
3 218 431 211 0.997454096686774 0.4433148988457809 0.13855313282607384
3 211 432 218 0.997454096686774 0.4433148988457809 0.13855313282607384
3 218 442 178 0.997454096686774 0.4433148988457809 0.13855313282607384
3 218 432 442 0.997454096686774 0.4433148988457809 0.13855313282607384
3 176 439 216 0.997454096686774 0.4433148988457809 0.13855313282607384
3 176 343 439 0.997454096686774 0.4433148988457809 0.13855313282607384
3 106 105 342 0.997454096686774 0.4433148988457809 0.13855313282607384
3 342 343 106 0.997454096686774 0.4433148988457809 0.13855313282607384
3 42 105 106 0.997454096686774 0.4433148988457809 0.13855313282607384
3 106 507 42 0.997454096686774 0.4433148988457809 0.13855313282607384
3 168 169 496 0.997454096686774 0.4433148988457809 0.13855313282607384
3 496 169 208 0.997454096686774 0.4433148988457809 0.13855313282607384
3 496 207 495 0.997454096686774 0.4433148988457809 0.13855313282607384
3 495 168 496 0.997454096686774 0.4433148988457809 0.13855313282607384
3 428 207 496 0.997454096686774 0.4433148988457809 0.13855313282607384
3 496 208 428 0.997454096686774 0.4433148988457809 0.13855313282607384
3 126 121 304 0.997454096686774 0.4433148988457809 0.13855313282607384
3 304 127 101 0.997454096686774 0.4433148988457809 0.13855313282607384
3 101 126 304 0.997454096686774 0.4433148988457809 0.13855313282607384
3 304 122 127 0.997454096686774 0.4433148988457809 0.13855313282607384
3 589 122 304 0.997454096686774 0.4433148988457809 0.13855313282607384
3 304 121 589 0.997454096686774 0.4433148988457809 0.13855313282607384
3 300 257 299 0.997454096686774 0.4433148988457809 0.13855313282607384
3 301 257 300 0.997454096686774 0.4433148988457809 0.13855313282607384
3 299 368 300 0.997454096686774 0.4433148988457809 0.13855313282607384
3 300 368 369 0.997454096686774 0.4433148988457809 0.13855313282607384
3 369 301 300 0.997454096686774 0.4433148988457809 0.13855313282607384
3 549 141 550 0.997454096686774 0.4433148988457809 0.13855313282607384
3 141 142 550 0.997454096686774 0.4433148988457809 0.13855313282607384
3 280 279 550 0.997454096686774 0.4433148988457809 0.13855313282607384
3 550 278 549 0.997454096686774 0.4433148988457809 0.13855313282607384
3 550 279 278 0.997454096686774 0.4433148988457809 0.13855313282607384
3 153 335 152 0.997454096686774 0.4433148988457809 0.13855313282607384
3 405 406 152 0.997454096686774 0.4433148988457809 0.13855313282607384
3 406 153 152 0.997454096686774 0.4433148988457809 0.13855313282607384
3 152 151 405 0.997454096686774 0.4433148988457809 0.13855313282607384
3 334 151 152 0.997454096686774 0.4433148988457809 0.13855313282607384
3 152 335 334 0.997454096686774 0.4433148988457809 0.13855313282607384
3 565 420 166 0.997454096686774 0.4433148988457809 0.13855313282607384
3 565 159 160 0.997454096686774 0.4433148988457809 0.13855313282607384
3 160 566 565 0.997454096686774 0.4433148988457809 0.13855313282607384
3 565 566 421 0.997454096686774 0.4433148988457809 0.13855313282607384
3 421 420 565 0.997454096686774 0.4433148988457809 0.13855313282607384
3 564 165 563 0.997454096686774 0.4433148988457809 0.13855313282607384
3 564 565 166 0.997454096686774 0.4433148988457809 0.13855313282607384
3 159 565 564 0.997454096686774 0.4433148988457809 0.13855313282607384
3 166 419 564 0.997454096686774 0.4433148988457809 0.13855313282607384
3 419 165 564 0.997454096686774 0.4433148988457809 0.13855313282607384
3 332 333 157 0.997454096686774 0.4433148988457809 0.13855313282607384
3 157 156 332 0.997454096686774 0.4433148988457809 0.13855313282607384
3 562 156 157 0.997454096686774 0.4433148988457809 0.13855313282607384
3 157 563 562 0.997454096686774 0.4433148988457809 0.13855313282607384
3 286 575 574 0.997454096686774 0.4433148988457809 0.13855313282607384
3 574 285 286 0.997454096686774 0.4433148988457809 0.13855313282607384
3 50 285 574 0.997454096686774 0.4433148988457809 0.13855313282607384
3 574 52 50 0.997454096686774 0.4433148988457809 0.13855313282607384
3 574 575 52 0.997454096686774 0.4433148988457809 0.13855313282607384
3 452 225 453 0.997454096686774 0.4433148988457809 0.13855313282607384
3 528 454 453 0.997454096686774 0.4433148988457809 0.13855313282607384
3 453 225 528 0.997454096686774 0.4433148988457809 0.13855313282607384
3 289 288 453 0.997454096686774 0.4433148988457809 0.13855313282607384
3 453 288 452 0.997454096686774 0.4433148988457809 0.13855313282607384
3 453 290 289 0.997454096686774 0.4433148988457809 0.13855313282607384
3 453 454 290 0.997454096686774 0.4433148988457809 0.13855313282607384
3 286 285 450 0.997454096686774 0.4433148988457809 0.13855313282607384
3 450 451 286 0.997454096686774 0.4433148988457809 0.13855313282607384
3 225 451 224 0.997454096686774 0.4433148988457809 0.13855313282607384
3 224 450 223 0.997454096686774 0.4433148988457809 0.13855313282607384
3 451 450 224 0.997454096686774 0.4433148988457809 0.13855313282607384
3 435 504 446 0.997454096686774 0.4433148988457809 0.13855313282607384
3 446 350 435 0.997454096686774 0.4433148988457809 0.13855313282607384
3 516 350 446 0.997454096686774 0.4433148988457809 0.13855313282607384
3 446 504 424 0.997454096686774 0.4433148988457809 0.13855313282607384
3 424 505 446 0.997454096686774 0.4433148988457809 0.13855313282607384
3 446 505 517 0.997454096686774 0.4433148988457809 0.13855313282607384
3 517 516 446 0.997454096686774 0.4433148988457809 0.13855313282607384
3 349 445 515 0.997454096686774 0.4433148988457809 0.13855313282607384
3 445 350 515 0.997454096686774 0.4433148988457809 0.13855313282607384
3 515 514 349 0.997454096686774 0.4433148988457809 0.13855313282607384
3 515 350 516 0.997454096686774 0.4433148988457809 0.13855313282607384
3 614 600 601 0.997454096686774 0.4433148988457809 0.13855313282607384
3 433 432 501 0.997454096686774 0.4433148988457809 0.13855313282607384
3 501 432 500 0.997454096686774 0.4433148988457809 0.13855313282607384
3 501 500 420 0.997454096686774 0.4433148988457809 0.13855313282607384
3 502 433 501 0.997454096686774 0.4433148988457809 0.13855313282607384
3 421 502 501 0.997454096686774 0.4433148988457809 0.13855313282607384
3 501 420 421 0.997454096686774 0.4433148988457809 0.13855313282607384
3 113 510 511 0.997454096686774 0.4433148988457809 0.13855313282607384
3 113 112 510 0.997454096686774 0.4433148988457809 0.13855313282607384
3 113 511 114 0.997454096686774 0.4433148988457809 0.13855313282607384
3 113 353 352 0.997454096686774 0.4433148988457809 0.13855313282607384
3 352 112 113 0.997454096686774 0.4433148988457809 0.13855313282607384
3 114 354 113 0.997454096686774 0.4433148988457809 0.13855313282607384
3 113 354 353 0.997454096686774 0.4433148988457809 0.13855313282607384
3 511 510 109 0.997454096686774 0.4433148988457809 0.13855313282607384
3 109 346 511 0.997454096686774 0.4433148988457809 0.13855313282607384
3 178 346 109 0.997454096686774 0.4433148988457809 0.13855313282607384
3 109 345 178 0.997454096686774 0.4433148988457809 0.13855313282607384
3 109 510 345 0.997454096686774 0.4433148988457809 0.13855313282607384
3 216 209 430 0.997454096686774 0.4433148988457809 0.13855313282607384
3 430 498 210 0.997454096686774 0.4433148988457809 0.13855313282607384
3 430 209 498 0.997454096686774 0.4433148988457809 0.13855313282607384
3 107 106 343 0.997454096686774 0.4433148988457809 0.13855313282607384
3 343 176 107 0.997454096686774 0.4433148988457809 0.13855313282607384
3 108 177 345 0.997454096686774 0.4433148988457809 0.13855313282607384
3 345 510 108 0.997454096686774 0.4433148988457809 0.13855313282607384
3 510 509 108 0.997454096686774 0.4433148988457809 0.13855313282607384
3 509 107 108 0.997454096686774 0.4433148988457809 0.13855313282607384
3 345 177 441 0.997454096686774 0.4433148988457809 0.13855313282607384
3 178 345 441 0.997454096686774 0.4433148988457809 0.13855313282607384
3 441 218 178 0.997454096686774 0.4433148988457809 0.13855313282607384
3 431 218 441 0.997454096686774 0.4433148988457809 0.13855313282607384
3 142 552 551 0.997454096686774 0.4433148988457809 0.13855313282607384
3 551 550 142 0.997454096686774 0.4433148988457809 0.13855313282607384
3 280 550 551 0.997454096686774 0.4433148988457809 0.13855313282607384
3 551 281 280 0.997454096686774 0.4433148988457809 0.13855313282607384
3 551 552 281 0.997454096686774 0.4433148988457809 0.13855313282607384
3 563 157 158 0.997454096686774 0.4433148988457809 0.13855313282607384
3 158 157 333 0.997454096686774 0.4433148988457809 0.13855313282607384
3 158 564 563 0.997454096686774 0.4433148988457809 0.13855313282607384
3 158 333 334 0.997454096686774 0.4433148988457809 0.13855313282607384
3 334 159 158 0.997454096686774 0.4433148988457809 0.13855313282607384
3 159 564 158 0.997454096686774 0.4433148988457809 0.13855313282607384
3 449 285 284 0.997454096686774 0.4433148988457809 0.13855313282607384
3 449 450 285 0.997454096686774 0.4433148988457809 0.13855313282607384
3 284 448 449 0.997454096686774 0.4433148988457809 0.13855313282607384
3 448 222 449 0.997454096686774 0.4433148988457809 0.13855313282607384
3 449 222 223 0.997454096686774 0.4433148988457809 0.13855313282607384
3 223 450 449 0.997454096686774 0.4433148988457809 0.13855313282607384
3 356 514 357 0.997454096686774 0.4433148988457809 0.13855313282607384
3 514 515 357 0.997454096686774 0.4433148988457809 0.13855313282607384
3 357 515 358 0.997454096686774 0.4433148988457809 0.13855313282607384
3 525 357 358 0.997454096686774 0.4433148988457809 0.13855313282607384
3 223 222 525 0.997454096686774 0.4433148988457809 0.13855313282607384
3 359 360 527 0.997454096686774 0.4433148988457809 0.13855313282607384
3 516 360 359 0.997454096686774 0.4433148988457809 0.13855313282607384
3 359 515 516 0.997454096686774 0.4433148988457809 0.13855313282607384
3 358 515 359 0.997454096686774 0.4433148988457809 0.13855313282607384
3 370 586 545 0.997454096686774 0.4433148988457809 0.13855313282607384
3 545 617 601 0.997454096686774 0.4433148988457809 0.13855313282607384
3 440 176 216 0.997454096686774 0.4433148988457809 0.13855313282607384
3 216 430 440 0.997454096686774 0.4433148988457809 0.13855313282607384
3 507 106 508 0.997454096686774 0.4433148988457809 0.13855313282607384
3 106 107 508 0.997454096686774 0.4433148988457809 0.13855313282607384
3 508 110 43 0.997454096686774 0.4433148988457809 0.13855313282607384
3 43 507 508 0.997454096686774 0.4433148988457809 0.13855313282607384
3 508 509 110 0.997454096686774 0.4433148988457809 0.13855313282607384
3 508 107 509 0.997454096686774 0.4433148988457809 0.13855313282607384
3 177 108 344 0.997454096686774 0.4433148988457809 0.13855313282607384
3 344 108 107 0.997454096686774 0.4433148988457809 0.13855313282607384
3 344 440 177 0.997454096686774 0.4433148988457809 0.13855313282607384
3 344 107 176 0.997454096686774 0.4433148988457809 0.13855313282607384
3 176 440 344 0.997454096686774 0.4433148988457809 0.13855313282607384
3 184 183 356 0.997454096686774 0.4433148988457809 0.13855313282607384
3 356 357 184 0.997454096686774 0.4433148988457809 0.13855313282607384
3 184 523 183 0.997454096686774 0.4433148988457809 0.13855313282607384
3 357 525 184 0.997454096686774 0.4433148988457809 0.13855313282607384
3 526 359 527 0.997454096686774 0.4433148988457809 0.13855313282607384
3 358 359 526 0.997454096686774 0.4433148988457809 0.13855313282607384
3 526 525 358 0.997454096686774 0.4433148988457809 0.13855313282607384
3 527 225 526 0.997454096686774 0.4433148988457809 0.13855313282607384
3 225 224 526 0.997454096686774 0.4433148988457809 0.13855313282607384
3 526 224 223 0.997454096686774 0.4433148988457809 0.13855313282607384
3 223 525 526 0.997454096686774 0.4433148988457809 0.13855313282607384
3 559 493 480 0.997454096686774 0.4433148988457809 0.13855313282607384
3 480 558 559 0.997454096686774 0.4433148988457809 0.13855313282607384
3 573 493 559 0.997454096686774 0.4433148988457809 0.13855313282607384
3 559 617 573 0.997454096686774 0.4433148988457809 0.13855313282607384
3 587 545 586 0.997454096686774 0.4433148988457809 0.13855313282607384
3 617 545 587 0.997454096686774 0.4433148988457809 0.13855313282607384
3 573 617 587 0.997454096686774 0.4433148988457809 0.13855313282607384
3 587 532 573 0.997454096686774 0.4433148988457809 0.13855313282607384
3 587 586 532 0.997454096686774 0.4433148988457809 0.13855313282607384
3 544 301 370 0.997454096686774 0.4433148988457809 0.13855313282607384
3 370 545 544 0.997454096686774 0.4433148988457809 0.13855313282607384
3 543 301 544 0.997454096686774 0.4433148988457809 0.13855313282607384
3 544 600 543 0.997454096686774 0.4433148988457809 0.13855313282607384
3 544 601 600 0.997454096686774 0.4433148988457809 0.13855313282607384
3 544 545 601 0.997454096686774 0.4433148988457809 0.13855313282607384
3 217 430 210 0.997454096686774 0.4433148988457809 0.13855313282607384
3 217 440 430 0.997454096686774 0.4433148988457809 0.13855313282607384
3 210 431 217 0.997454096686774 0.4433148988457809 0.13855313282607384
3 177 440 217 0.997454096686774 0.4433148988457809 0.13855313282607384
3 431 441 217 0.997454096686774 0.4433148988457809 0.13855313282607384
3 217 441 177 0.997454096686774 0.4433148988457809 0.13855313282607384
3 524 525 222 0.997454096686774 0.4433148988457809 0.13855313282607384
3 524 184 525 0.997454096686774 0.4433148988457809 0.13855313282607384
3 523 184 524 0.997454096686774 0.4433148988457809 0.13855313282607384
3 524 222 221 0.997454096686774 0.4433148988457809 0.13855313282607384
3 221 523 524 0.997454096686774 0.4433148988457809 0.13855313282607384
3 601 617 615 0.997454096686774 0.4433148988457809 0.13855313282607384
3 617 559 615 0.997454096686774 0.4433148988457809 0.13855313282607384
3 615 559 558 0.997454096686774 0.4433148988457809 0.13855313282607384
3 615 558 614 0.997454096686774 0.4433148988457809 0.13855313282607384
3 614 601 615 0.997454096686774 0.4433148988457809 0.13855313282607384
3 623 707 688 0.997454096686774 0.4433148988457809 0.13855313282607384
3 656 627 626 0.997454096686774 0.4433148988457809 0.13855313282607384
3 710 709 621 0.997454096686774 0.4433148988457809 0.13855313282607384
3 708 707 623 0.997454096686774 0.4433148988457809 0.13855313282607384
3 645 644 636 0.997454096686774 0.4433148988457809 0.13855313282607384
3 656 626 686 0.997454096686774 0.4433148988457809 0.13855313282607384
3 685 659 686 0.997454096686774 0.4433148988457809 0.13855313282607384
3 623 688 624 0.997454096686774 0.4433148988457809 0.13855313282607384
3 679 678 672 0.997454096686774 0.4433148988457809 0.13855313282607384
3 619 710 620 0.997454096686774 0.4433148988457809 0.13855313282607384
3 620 710 621 0.997454096686774 0.4433148988457809 0.13855313282607384
3 622 708 623 0.997454096686774 0.4433148988457809 0.13855313282607384
3 621 709 622 0.997454096686774 0.4433148988457809 0.13855313282607384
3 709 708 622 0.997454096686774 0.4433148988457809 0.13855313282607384
3 636 644 637 0.997454096686774 0.4433148988457809 0.13855313282607384
3 639 642 640 0.997454096686774 0.4433148988457809 0.13855313282607384
3 638 642 639 0.997454096686774 0.4433148988457809 0.13855313282607384
3 650 649 631 0.997454096686774 0.4433148988457809 0.13855313282607384
3 647 633 648 0.997454096686774 0.4433148988457809 0.13855313282607384
3 655 627 656 0.997454096686774 0.4433148988457809 0.13855313282607384
3 630 650 631 0.997454096686774 0.4433148988457809 0.13855313282607384
3 651 650 630 0.997454096686774 0.4433148988457809 0.13855313282607384
3 627 655 628 0.997454096686774 0.4433148988457809 0.13855313282607384
3 628 655 654 0.997454096686774 0.4433148988457809 0.13855313282607384
3 651 630 652 0.997454096686774 0.4433148988457809 0.13855313282607384
3 652 630 629 0.997454096686774 0.4433148988457809 0.13855313282607384
3 643 642 638 0.997454096686774 0.4433148988457809 0.13855313282607384
3 643 637 644 0.997454096686774 0.4433148988457809 0.13855313282607384
3 638 637 643 0.997454096686774 0.4433148988457809 0.13855313282607384
3 656 686 657 0.997454096686774 0.4433148988457809 0.13855313282607384
3 687 624 688 0.997454096686774 0.4433148988457809 0.13855313282607384
3 687 686 626 0.997454096686774 0.4433148988457809 0.13855313282607384
3 680 670 669 0.997454096686774 0.4433148988457809 0.13855313282607384
3 668 681 669 0.997454096686774 0.4433148988457809 0.13855313282607384
3 669 681 680 0.997454096686774 0.4433148988457809 0.13855313282607384
3 684 661 685 0.997454096686774 0.4433148988457809 0.13855313282607384
3 662 661 684 0.997454096686774 0.4433148988457809 0.13855313282607384
3 672 678 673 0.997454096686774 0.4433148988457809 0.13855313282607384
3 678 677 673 0.997454096686774 0.4433148988457809 0.13855313282607384
3 671 679 672 0.997454096686774 0.4433148988457809 0.13855313282607384
3 671 670 680 0.997454096686774 0.4433148988457809 0.13855313282607384
3 680 679 671 0.997454096686774 0.4433148988457809 0.13855313282607384
3 660 659 685 0.997454096686774 0.4433148988457809 0.13855313282607384
3 685 661 660 0.997454096686774 0.4433148988457809 0.13855313282607384
3 691 690 701 0.997454096686774 0.4433148988457809 0.13855313282607384
3 701 700 691 0.997454096686774 0.4433148988457809 0.13855313282607384
3 632 648 633 0.997454096686774 0.4433148988457809 0.13855313282607384
3 631 649 632 0.997454096686774 0.4433148988457809 0.13855313282607384
3 649 648 632 0.997454096686774 0.4433148988457809 0.13855313282607384
3 653 652 629 0.997454096686774 0.4433148988457809 0.13855313282607384
3 653 628 654 0.997454096686774 0.4433148988457809 0.13855313282607384
3 629 628 653 0.997454096686774 0.4433148988457809 0.13855313282607384
3 635 645 636 0.997454096686774 0.4433148988457809 0.13855313282607384
3 635 646 645 0.997454096686774 0.4433148988457809 0.13855313282607384
3 658 686 659 0.997454096686774 0.4433148988457809 0.13855313282607384
3 658 657 686 0.997454096686774 0.4433148988457809 0.13855313282607384
3 625 687 626 0.997454096686774 0.4433148988457809 0.13855313282607384
3 624 687 625 0.997454096686774 0.4433148988457809 0.13855313282607384
3 667 681 668 0.997454096686774 0.4433148988457809 0.13855313282607384
3 667 682 681 0.997454096686774 0.4433148988457809 0.13855313282607384
3 683 664 663 0.997454096686774 0.4433148988457809 0.13855313282607384
3 663 684 683 0.997454096686774 0.4433148988457809 0.13855313282607384
3 662 684 663 0.997454096686774 0.4433148988457809 0.13855313282607384
3 674 677 675 0.997454096686774 0.4433148988457809 0.13855313282607384
3 674 673 677 0.997454096686774 0.4433148988457809 0.13855313282607384
3 691 700 699 0.997454096686774 0.4433148988457809 0.13855313282607384
3 699 692 691 0.997454096686774 0.4433148988457809 0.13855313282607384
3 698 692 699 0.997454096686774 0.4433148988457809 0.13855313282607384
3 693 692 696 0.997454096686774 0.4433148988457809 0.13855313282607384
3 690 689 704 0.997454096686774 0.4433148988457809 0.13855313282607384
3 704 703 690 0.997454096686774 0.4433148988457809 0.13855313282607384
3 689 705 704 0.997454096686774 0.4433148988457809 0.13855313282607384
3 690 703 702 0.997454096686774 0.4433148988457809 0.13855313282607384
3 702 701 690 0.997454096686774 0.4433148988457809 0.13855313282607384
3 646 635 634 0.997454096686774 0.4433148988457809 0.13855313282607384
3 634 633 647 0.997454096686774 0.4433148988457809 0.13855313282607384
3 647 646 634 0.997454096686774 0.4433148988457809 0.13855313282607384
3 682 667 666 0.997454096686774 0.4433148988457809 0.13855313282607384
3 694 693 695 0.997454096686774 0.4433148988457809 0.13855313282607384
3 693 696 695 0.997454096686774 0.4433148988457809 0.13855313282607384
3 697 692 698 0.997454096686774 0.4433148988457809 0.13855313282607384
3 697 696 692 0.997454096686774 0.4433148988457809 0.13855313282607384
3 706 705 689 0.997454096686774 0.4433148988457809 0.13855313282607384
3 706 688 707 0.997454096686774 0.4433148988457809 0.13855313282607384
3 706 689 688 0.997454096686774 0.4433148988457809 0.13855313282607384
3 683 682 665 0.997454096686774 0.4433148988457809 0.13855313282607384
3 682 666 665 0.997454096686774 0.4433148988457809 0.13855313282607384
3 665 664 683 0.997454096686774 0.4433148988457809 0.13855313282607384
3 720 760 721 0.997454096686774 0.4433148988457809 0.13855313282607384
3 725 756 727 0.997454096686774 0.4433148988457809 0.13855313282607384
3 727 755 728 0.997454096686774 0.4433148988457809 0.13855313282607384
3 756 755 727 0.997454096686774 0.4433148988457809 0.13855313282607384
3 757 756 725 0.997454096686774 0.4433148988457809 0.13855313282607384
3 761 760 720 0.997454096686774 0.4433148988457809 0.13855313282607384
3 761 764 762 0.997454096686774 0.4433148988457809 0.13855313282607384
3 732 731 753 0.997454096686774 0.4433148988457809 0.13855313282607384
3 736 738 737 0.997454096686774 0.4433148988457809 0.13855313282607384
3 748 738 736 0.997454096686774 0.4433148988457809 0.13855313282607384
3 753 731 754 0.997454096686774 0.4433148988457809 0.13855313282607384
3 748 736 749 0.997454096686774 0.4433148988457809 0.13855313282607384
3 749 736 735 0.997454096686774 0.4433148988457809 0.13855313282607384
3 724 757 725 0.997454096686774 0.4433148988457809 0.13855313282607384
3 758 757 724 0.997454096686774 0.4433148988457809 0.13855313282607384
3 724 723 758 0.997454096686774 0.4433148988457809 0.13855313282607384
3 758 723 759 0.997454096686774 0.4433148988457809 0.13855313282607384
3 768 767 770 0.997454096686774 0.4433148988457809 0.13855313282607384
3 766 765 717 0.997454096686774 0.4433148988457809 0.13855313282607384
3 739 738 748 0.997454096686774 0.4433148988457809 0.13855313282607384
3 730 754 731 0.997454096686774 0.4433148988457809 0.13855313282607384
3 728 755 730 0.997454096686774 0.4433148988457809 0.13855313282607384
3 755 754 730 0.997454096686774 0.4433148988457809 0.13855313282607384
3 752 732 753 0.997454096686774 0.4433148988457809 0.13855313282607384
3 733 732 752 0.997454096686774 0.4433148988457809 0.13855313282607384
3 735 734 750 0.997454096686774 0.4433148988457809 0.13855313282607384
3 750 749 735 0.997454096686774 0.4433148988457809 0.13855313282607384
3 722 759 723 0.997454096686774 0.4433148988457809 0.13855313282607384
3 722 721 760 0.997454096686774 0.4433148988457809 0.13855313282607384
3 760 759 722 0.997454096686774 0.4433148988457809 0.13855313282607384
3 766 717 771 0.997454096686774 0.4433148988457809 0.13855313282607384
3 771 717 772 0.997454096686774 0.4433148988457809 0.13855313282607384
3 771 767 766 0.997454096686774 0.4433148988457809 0.13855313282607384
3 771 770 767 0.997454096686774 0.4433148988457809 0.13855313282607384
3 718 717 765 0.997454096686774 0.4433148988457809 0.13855313282607384
3 712 774 714 0.997454096686774 0.4433148988457809 0.13855313282607384
3 747 746 740 0.997454096686774 0.4433148988457809 0.13855313282607384
3 747 739 748 0.997454096686774 0.4433148988457809 0.13855313282607384
3 740 739 747 0.997454096686774 0.4433148988457809 0.13855313282607384
3 743 742 745 0.997454096686774 0.4433148988457809 0.13855313282607384
3 740 746 741 0.997454096686774 0.4433148988457809 0.13855313282607384
3 741 745 742 0.997454096686774 0.4433148988457809 0.13855313282607384
3 746 745 741 0.997454096686774 0.4433148988457809 0.13855313282607384
3 733 752 751 0.997454096686774 0.4433148988457809 0.13855313282607384
3 751 734 733 0.997454096686774 0.4433148988457809 0.13855313282607384
3 751 750 734 0.997454096686774 0.4433148988457809 0.13855313282607384
3 719 765 764 0.997454096686774 0.4433148988457809 0.13855313282607384
3 719 718 765 0.997454096686774 0.4433148988457809 0.13855313282607384
3 719 761 720 0.997454096686774 0.4433148988457809 0.13855313282607384
3 764 761 719 0.997454096686774 0.4433148988457809 0.13855313282607384
3 774 773 715 0.997454096686774 0.4433148988457809 0.13855313282607384
3 715 714 774 0.997454096686774 0.4433148988457809 0.13855313282607384
3 716 715 773 0.997454096686774 0.4433148988457809 0.13855313282607384
3 772 717 716 0.997454096686774 0.4433148988457809 0.13855313282607384
3 716 773 772 0.997454096686774 0.4433148988457809 0.13855313282607384
3 1578 850 851 0.997454096686774 0.4433148988457809 0.13855313282607384
3 853 855 1890 0.997454096686774 0.4433148988457809 0.13855313282607384
3 1890 852 853 0.997454096686774 0.4433148988457809 0.13855313282607384
3 880 882 2076 0.997454096686774 0.4433148988457809 0.13855313282607384
3 2076 879 880 0.997454096686774 0.4433148988457809 0.13855313282607384
3 1250 1249 1089 0.997454096686774 0.4433148988457809 0.13855313282607384
3 894 824 825 0.997454096686774 0.4433148988457809 0.13855313282607384
3 988 824 894 0.997454096686774 0.4433148988457809 0.13855313282607384
3 894 825 1548 0.997454096686774 0.4433148988457809 0.13855313282607384
3 1548 825 826 0.997454096686774 0.4433148988457809 0.13855313282607384
3 1131 862 863 0.997454096686774 0.4433148988457809 0.13855313282607384
3 1803 857 858 0.997454096686774 0.4433148988457809 0.13855313282607384
3 1392 855 856 0.997454096686774 0.4433148988457809 0.13855313282607384
3 1392 1890 855 0.997454096686774 0.4433148988457809 0.13855313282607384
3 852 1890 1289 0.997454096686774 0.4433148988457809 0.13855313282607384
3 851 852 1289 0.997454096686774 0.4433148988457809 0.13855313282607384
3 1289 1578 851 0.997454096686774 0.4433148988457809 0.13855313282607384
3 870 871 1227 0.997454096686774 0.4433148988457809 0.13855313282607384
3 882 883 1520 0.997454096686774 0.4433148988457809 0.13855313282607384
3 1520 2076 882 0.997454096686774 0.4433148988457809 0.13855313282607384
3 777 778 2195 0.997454096686774 0.4433148988457809 0.13855313282607384
3 2195 886 777 0.997454096686774 0.4433148988457809 0.13855313282607384
3 1257 886 2195 0.997454096686774 0.4433148988457809 0.13855313282607384
3 1944 886 1257 0.997454096686774 0.4433148988457809 0.13855313282607384
3 1247 883 884 0.997454096686774 0.4433148988457809 0.13855313282607384
3 884 1087 1247 0.997454096686774 0.4433148988457809 0.13855313282607384
3 1247 1520 883 0.997454096686774 0.4433148988457809 0.13855313282607384
3 1247 1087 1248 0.997454096686774 0.4433148988457809 0.13855313282607384
3 868 2057 867 0.997454096686774 0.4433148988457809 0.13855313282607384
3 879 2076 2077 0.997454096686774 0.4433148988457809 0.13855313282607384
3 2076 1520 2077 0.997454096686774 0.4433148988457809 0.13855313282607384
3 1443 926 925 0.997454096686774 0.4433148988457809 0.13855313282607384
3 800 932 799 0.997454096686774 0.4433148988457809 0.13855313282607384
3 801 2115 800 0.997454096686774 0.4433148988457809 0.13855313282607384
3 800 2115 932 0.997454096686774 0.4433148988457809 0.13855313282607384
3 799 932 1442 0.997454096686774 0.4433148988457809 0.13855313282607384
3 1443 925 1442 0.997454096686774 0.4433148988457809 0.13855313282607384
3 793 1104 792 0.997454096686774 0.4433148988457809 0.13855313282607384
3 1023 1104 793 0.997454096686774 0.4433148988457809 0.13855313282607384
3 793 794 1023 0.997454096686774 0.4433148988457809 0.13855313282607384
3 918 919 1032 0.997454096686774 0.4433148988457809 0.13855313282607384
3 918 1640 919 0.997454096686774 0.4433148988457809 0.13855313282607384
3 1770 1025 1024 0.997454096686774 0.4433148988457809 0.13855313282607384
3 1771 1025 1770 0.997454096686774 0.4433148988457809 0.13855313282607384
3 1032 1771 1770 0.997454096686774 0.4433148988457809 0.13855313282607384
3 814 815 2000 0.997454096686774 0.4433148988457809 0.13855313282607384
3 1785 1998 1997 0.997454096686774 0.4433148988457809 0.13855313282607384
3 1907 2054 1906 0.997454096686774 0.4433148988457809 0.13855313282607384
3 2172 2173 1907 0.997454096686774 0.4433148988457809 0.13855313282607384
3 933 934 1443 0.997454096686774 0.4433148988457809 0.13855313282607384
3 1443 1442 933 0.997454096686774 0.4433148988457809 0.13855313282607384
3 933 1442 932 0.997454096686774 0.4433148988457809 0.13855313282607384
3 934 933 2117 0.997454096686774 0.4433148988457809 0.13855313282607384
3 1671 988 982 0.997454096686774 0.4433148988457809 0.13855313282607384
3 820 821 1113 0.997454096686774 0.4433148988457809 0.13855313282607384
3 1469 1468 968 0.997454096686774 0.4433148988457809 0.13855313282607384
3 1317 1316 1212 0.997454096686774 0.4433148988457809 0.13855313282607384
3 1318 1317 1213 0.997454096686774 0.4433148988457809 0.13855313282607384
3 1213 1317 1212 0.997454096686774 0.4433148988457809 0.13855313282607384
3 1314 1210 1315 0.997454096686774 0.4433148988457809 0.13855313282607384
3 2158 1210 2157 0.997454096686774 0.4433148988457809 0.13855313282607384
3 1303 1806 1304 0.997454096686774 0.4433148988457809 0.13855313282607384
3 1219 1218 1594 0.997454096686774 0.4433148988457809 0.13855313282607384
3 2157 1218 1219 0.997454096686774 0.4433148988457809 0.13855313282607384
3 1219 2158 2157 0.997454096686774 0.4433148988457809 0.13855313282607384
3 861 862 1217 0.997454096686774 0.4433148988457809 0.13855313282607384
3 867 2057 1149 0.997454096686774 0.4433148988457809 0.13855313282607384
3 1149 866 867 0.997454096686774 0.4433148988457809 0.13855313282607384
3 1908 1131 863 0.997454096686774 0.4433148988457809 0.13855313282607384
3 863 864 1908 0.997454096686774 0.4433148988457809 0.13855313282607384
3 1811 1309 1308 0.997454096686774 0.4433148988457809 0.13855313282607384
3 1318 1319 1811 0.997454096686774 0.4433148988457809 0.13855313282607384
3 1715 2068 1714 0.997454096686774 0.4433148988457809 0.13855313282607384
3 1713 1714 2067 0.997454096686774 0.4433148988457809 0.13855313282607384
3 2067 1714 2068 0.997454096686774 0.4433148988457809 0.13855313282607384
3 1595 1219 1594 0.997454096686774 0.4433148988457809 0.13855313282607384
3 858 859 1311 0.997454096686774 0.4433148988457809 0.13855313282607384
3 1311 1312 1804 0.997454096686774 0.4433148988457809 0.13855313282607384
3 1804 1803 1311 0.997454096686774 0.4433148988457809 0.13855313282607384
3 1311 1803 858 0.997454096686774 0.4433148988457809 0.13855313282607384
3 1314 1806 1313 0.997454096686774 0.4433148988457809 0.13855313282607384
3 860 861 2155 0.997454096686774 0.4433148988457809 0.13855313282607384
3 861 1217 2155 0.997454096686774 0.4433148988457809 0.13855313282607384
3 1300 1392 856 0.997454096686774 0.4433148988457809 0.13855313282607384
3 1393 1392 1300 0.997454096686774 0.4433148988457809 0.13855313282607384
3 856 857 1300 0.997454096686774 0.4433148988457809 0.13855313282607384
3 857 1803 1300 0.997454096686774 0.4433148988457809 0.13855313282607384
3 789 790 1177 0.997454096686774 0.4433148988457809 0.13855313282607384
3 790 1178 1177 0.997454096686774 0.4433148988457809 0.13855313282607384
3 1872 840 841 0.997454096686774 0.4433148988457809 0.13855313282607384
3 837 838 1122 0.997454096686774 0.4433148988457809 0.13855313282607384
3 839 840 1187 0.997454096686774 0.4433148988457809 0.13855313282607384
3 1873 1188 1187 0.997454096686774 0.4433148988457809 0.13855313282607384
3 1187 1872 1873 0.997454096686774 0.4433148988457809 0.13855313282607384
3 840 1872 1187 0.997454096686774 0.4433148988457809 0.13855313282607384
3 1071 1197 844 0.997454096686774 0.4433148988457809 0.13855313282607384
3 844 1197 843 0.997454096686774 0.4433148988457809 0.13855313282607384
3 1874 1188 1873 0.997454096686774 0.4433148988457809 0.13855313282607384
3 850 1578 1079 0.997454096686774 0.4433148988457809 0.13855313282607384
3 849 850 1079 0.997454096686774 0.4433148988457809 0.13855313282607384
3 2039 1080 1081 0.997454096686774 0.4433148988457809 0.13855313282607384
3 1514 1022 2045 0.997454096686774 0.4433148988457809 0.13855313282607384
3 2046 1586 1587 0.997454096686774 0.4433148988457809 0.13855313282607384
3 2046 1514 2045 0.997454096686774 0.4433148988457809 0.13855313282607384
3 1890 1392 1891 0.997454096686774 0.4433148988457809 0.13855313282607384
3 1891 1289 1890 0.997454096686774 0.4433148988457809 0.13855313282607384
3 1891 1393 1892 0.997454096686774 0.4433148988457809 0.13855313282607384
3 1891 1392 1393 0.997454096686774 0.4433148988457809 0.13855313282607384
3 1578 1289 1290 0.997454096686774 0.4433148988457809 0.13855313282607384
3 1290 1891 1892 0.997454096686774 0.4433148988457809 0.13855313282607384
3 1289 1891 1290 0.997454096686774 0.4433148988457809 0.13855313282607384
3 1191 1566 1190 0.997454096686774 0.4433148988457809 0.13855313282607384
3 1190 1876 1191 0.997454096686774 0.4433148988457809 0.13855313282607384
3 1191 1876 1877 0.997454096686774 0.4433148988457809 0.13855313282607384
3 1566 1191 1567 0.997454096686774 0.4433148988457809 0.13855313282607384
3 1227 871 1926 0.997454096686774 0.4433148988457809 0.13855313282607384
3 2057 868 1158 0.997454096686774 0.4433148988457809 0.13855313282607384
3 1158 868 869 0.997454096686774 0.4433148988457809 0.13855313282607384
3 869 870 1703 0.997454096686774 0.4433148988457809 0.13855313282607384
3 1703 1158 869 0.997454096686774 0.4433148988457809 0.13855313282607384
3 1704 1158 1703 0.997454096686774 0.4433148988457809 0.13855313282607384
3 1703 870 1227 0.997454096686774 0.4433148988457809 0.13855313282607384
3 1946 1258 1259 0.997454096686774 0.4433148988457809 0.13855313282607384
3 1259 1947 1946 0.997454096686774 0.4433148988457809 0.13855313282607384
3 2196 2195 778 0.997454096686774 0.4433148988457809 0.13855313282607384
3 1257 2195 2196 0.997454096686774 0.4433148988457809 0.13855313282607384
3 2196 1258 1257 0.997454096686774 0.4433148988457809 0.13855313282607384
3 886 1944 885 0.997454096686774 0.4433148988457809 0.13855313282607384
3 885 1087 884 0.997454096686774 0.4433148988457809 0.13855313282607384
3 885 1944 1087 0.997454096686774 0.4433148988457809 0.13855313282607384
3 1257 1258 1945 0.997454096686774 0.4433148988457809 0.13855313282607384
3 1945 1944 1257 0.997454096686774 0.4433148988457809 0.13855313282607384
3 1258 1946 1945 0.997454096686774 0.4433148988457809 0.13855313282607384
3 1945 1946 1089 0.997454096686774 0.4433148988457809 0.13855313282607384
3 1823 1408 1824 0.997454096686774 0.4433148988457809 0.13855313282607384
3 1521 2077 1520 0.997454096686774 0.4433148988457809 0.13855313282607384
3 1521 1247 1248 0.997454096686774 0.4433148988457809 0.13855313282607384
3 1520 1247 1521 0.997454096686774 0.4433148988457809 0.13855313282607384
3 2078 2077 1521 0.997454096686774 0.4433148988457809 0.13855313282607384
3 2078 2079 1406 0.997454096686774 0.4433148988457809 0.13855313282607384
3 1407 1823 1822 0.997454096686774 0.4433148988457809 0.13855313282607384
3 1408 1823 1407 0.997454096686774 0.4433148988457809 0.13855313282607384
3 1822 1406 1407 0.997454096686774 0.4433148988457809 0.13855313282607384
3 1407 1406 2079 0.997454096686774 0.4433148988457809 0.13855313282607384
3 1249 1250 1523 0.997454096686774 0.4433148988457809 0.13855313282607384
3 1523 1250 1524 0.997454096686774 0.4433148988457809 0.13855313282607384
3 1404 2077 2078 0.997454096686774 0.4433148988457809 0.13855313282607384
3 879 2077 1404 0.997454096686774 0.4433148988457809 0.13855313282607384
3 1404 878 879 0.997454096686774 0.4433148988457809 0.13855313282607384
3 1090 1250 1089 0.997454096686774 0.4433148988457809 0.13855313282607384
3 1089 1946 1090 0.997454096686774 0.4433148988457809 0.13855313282607384
3 1090 1946 1947 0.997454096686774 0.4433148988457809 0.13855313282607384
3 1260 1947 1259 0.997454096686774 0.4433148988457809 0.13855313282607384
3 2096 2095 787 0.997454096686774 0.4433148988457809 0.13855313282607384
3 798 925 797 0.997454096686774 0.4433148988457809 0.13855313282607384
3 799 1442 798 0.997454096686774 0.4433148988457809 0.13855313282607384
3 798 1442 925 0.997454096686774 0.4433148988457809 0.13855313282607384
3 797 925 1639 0.997454096686774 0.4433148988457809 0.13855313282607384
3 1640 918 1639 0.997454096686774 0.4433148988457809 0.13855313282607384
3 1639 925 926 0.997454096686774 0.4433148988457809 0.13855313282607384
3 926 1640 1639 0.997454096686774 0.4433148988457809 0.13855313282607384
3 1639 796 797 0.997454096686774 0.4433148988457809 0.13855313282607384
3 1639 918 796 0.997454096686774 0.4433148988457809 0.13855313282607384
3 1642 921 920 0.997454096686774 0.4433148988457809 0.13855313282607384
3 1035 1036 1774 0.997454096686774 0.4433148988457809 0.13855313282607384
3 1108 1027 1109 0.997454096686774 0.4433148988457809 0.13855313282607384
3 1109 1028 1110 0.997454096686774 0.4433148988457809 0.13855313282607384
3 1027 1028 1109 0.997454096686774 0.4433148988457809 0.13855313282607384
3 1026 1025 1771 0.997454096686774 0.4433148988457809 0.13855313282607384
3 1026 1027 1108 0.997454096686774 0.4433148988457809 0.13855313282607384
3 1108 1107 1026 0.997454096686774 0.4433148988457809 0.13855313282607384
3 1026 1107 1025 0.997454096686774 0.4433148988457809 0.13855313282607384
3 1769 1023 794 0.997454096686774 0.4433148988457809 0.13855313282607384
3 794 795 1769 0.997454096686774 0.4433148988457809 0.13855313282607384
3 1024 1023 1769 0.997454096686774 0.4433148988457809 0.13855313282607384
3 1769 1770 1024 0.997454096686774 0.4433148988457809 0.13855313282607384
3 817 819 816 0.997454096686774 0.4433148988457809 0.13855313282607384
3 834 1687 833 0.997454096686774 0.4433148988457809 0.13855313282607384
3 832 833 995 0.997454096686774 0.4433148988457809 0.13855313282607384
3 995 833 1687 0.997454096686774 0.4433148988457809 0.13855313282607384
3 828 1368 827 0.997454096686774 0.4433148988457809 0.13855313282607384
3 1549 1548 900 0.997454096686774 0.4433148988457809 0.13855313282607384
3 900 901 1549 0.997454096686774 0.4433148988457809 0.13855313282607384
3 1368 901 900 0.997454096686774 0.4433148988457809 0.13855313282607384
3 827 1368 900 0.997454096686774 0.4433148988457809 0.13855313282607384
3 900 1548 826 0.997454096686774 0.4433148988457809 0.13855313282607384
3 826 827 900 0.997454096686774 0.4433148988457809 0.13855313282607384
3 2194 2174 2075 0.997454096686774 0.4433148988457809 0.13855313282607384
3 2075 2174 2173 0.997454096686774 0.4433148988457809 0.13855313282607384
3 1819 1907 1906 0.997454096686774 0.4433148988457809 0.13855313282607384
3 2172 1907 1819 0.997454096686774 0.4433148988457809 0.13855313282607384
3 2172 1819 2171 0.997454096686774 0.4433148988457809 0.13855313282607384
3 2171 1819 2170 0.997454096686774 0.4433148988457809 0.13855313282607384
3 1654 2130 2131 0.997454096686774 0.4433148988457809 0.13855313282607384
3 1641 928 1642 0.997454096686774 0.4433148988457809 0.13855313282607384
3 1642 920 1641 0.997454096686774 0.4433148988457809 0.13855313282607384
3 919 1640 1641 0.997454096686774 0.4433148988457809 0.13855313282607384
3 1641 920 919 0.997454096686774 0.4433148988457809 0.13855313282607384
3 1443 934 1444 0.997454096686774 0.4433148988457809 0.13855313282607384
3 1444 926 1443 0.997454096686774 0.4433148988457809 0.13855313282607384
3 2116 933 932 0.997454096686774 0.4433148988457809 0.13855313282607384
3 2116 2117 933 0.997454096686774 0.4433148988457809 0.13855313282607384
3 932 2115 2116 0.997454096686774 0.4433148988457809 0.13855313282607384
3 2116 941 2117 0.997454096686774 0.4433148988457809 0.13855313282607384
3 2116 2115 940 0.997454096686774 0.4433148988457809 0.13855313282607384
3 940 941 2116 0.997454096686774 0.4433148988457809 0.13855313282607384
3 1989 1988 1111 0.997454096686774 0.4433148988457809 0.13855313282607384
3 1111 1988 1110 0.997454096686774 0.4433148988457809 0.13855313282607384
3 807 808 1854 0.997454096686774 0.4433148988457809 0.13855313282607384
3 1469 968 969 0.997454096686774 0.4433148988457809 0.13855313282607384
3 807 1854 953 0.997454096686774 0.4433148988457809 0.13855313282607384
3 1055 821 822 0.997454096686774 0.4433148988457809 0.13855313282607384
3 1055 1113 821 0.997454096686774 0.4433148988457809 0.13855313282607384
3 1056 1671 982 0.997454096686774 0.4433148988457809 0.13855313282607384
3 1056 1049 1114 0.997454096686774 0.4433148988457809 0.13855313282607384
3 824 988 823 0.997454096686774 0.4433148988457809 0.13855313282607384
3 988 1671 823 0.997454096686774 0.4433148988457809 0.13855313282607384
3 2000 1113 1048 0.997454096686774 0.4433148988457809 0.13855313282607384
3 1048 1055 1114 0.997454096686774 0.4433148988457809 0.13855313282607384
3 1113 1055 1048 0.997454096686774 0.4433148988457809 0.13855313282607384
3 1047 819 820 0.997454096686774 0.4433148988457809 0.13855313282607384
3 820 1113 1047 0.997454096686774 0.4433148988457809 0.13855313282607384
3 1047 816 819 0.997454096686774 0.4433148988457809 0.13855313282607384
3 1047 1113 2000 0.997454096686774 0.4433148988457809 0.13855313282607384
3 2000 815 1047 0.997454096686774 0.4433148988457809 0.13855313282607384
3 815 816 1047 0.997454096686774 0.4433148988457809 0.13855313282607384
3 1050 1057 1116 0.997454096686774 0.4433148988457809 0.13855313282607384
3 1550 901 902 0.997454096686774 0.4433148988457809 0.13855313282607384
3 1549 901 1550 0.997454096686774 0.4433148988457809 0.13855313282607384
3 1551 1550 902 0.997454096686774 0.4433148988457809 0.13855313282607384
3 810 1468 809 0.997454096686774 0.4433148988457809 0.13855313282607384
3 1655 975 1656 0.997454096686774 0.4433148988457809 0.13855313282607384
3 1655 811 812 0.997454096686774 0.4433148988457809 0.13855313282607384
3 1682 2011 1681 0.997454096686774 0.4433148988457809 0.13855313282607384
3 1680 1557 1681 0.997454096686774 0.4433148988457809 0.13855313282607384
3 1681 2010 1680 0.997454096686774 0.4433148988457809 0.13855313282607384
3 2011 2010 1681 0.997454096686774 0.4433148988457809 0.13855313282607384
3 1866 1466 1865 0.997454096686774 0.4433148988457809 0.13855313282607384
3 892 891 1537 0.997454096686774 0.4433148988457809 0.13855313282607384
3 1537 891 1536 0.997454096686774 0.4433148988457809 0.13855313282607384
3 1536 891 890 0.997454096686774 0.4433148988457809 0.13855313282607384
3 890 941 940 0.997454096686774 0.4433148988457809 0.13855313282607384
3 891 941 890 0.997454096686774 0.4433148988457809 0.13855313282607384
3 1534 1533 947 0.997454096686774 0.4433148988457809 0.13855313282607384
3 804 1533 803 0.997454096686774 0.4433148988457809 0.13855313282607384
3 1043 1052 2005 0.997454096686774 0.4433148988457809 0.13855313282607384
3 976 968 1656 0.997454096686774 0.4433148988457809 0.13855313282607384
3 1677 987 993 0.997454096686774 0.4433148988457809 0.13855313282607384
3 1677 1062 987 0.997454096686774 0.4433148988457809 0.13855313282607384
3 1677 994 1678 0.997454096686774 0.4433148988457809 0.13855313282607384
3 1678 1062 1677 0.997454096686774 0.4433148988457809 0.13855313282607384
3 1374 2025 1375 0.997454096686774 0.4433148988457809 0.13855313282607384
3 1810 1811 1308 0.997454096686774 0.4433148988457809 0.13855313282607384
3 1810 1317 1318 0.997454096686774 0.4433148988457809 0.13855313282607384
3 1318 1811 1810 0.997454096686774 0.4433148988457809 0.13855313282607384
3 1304 1806 1807 0.997454096686774 0.4433148988457809 0.13855313282607384
3 1807 1806 1314 0.997454096686774 0.4433148988457809 0.13855313282607384
3 1314 1315 1807 0.997454096686774 0.4433148988457809 0.13855313282607384
3 2161 1223 2162 0.997454096686774 0.4433148988457809 0.13855313282607384
3 1210 2158 1211 0.997454096686774 0.4433148988457809 0.13855313282607384
3 1211 1315 1210 0.997454096686774 0.4433148988457809 0.13855313282607384
3 1212 1316 1211 0.997454096686774 0.4433148988457809 0.13855313282607384
3 1316 1315 1211 0.997454096686774 0.4433148988457809 0.13855313282607384
3 1086 2046 2045 0.997454096686774 0.4433148988457809 0.13855313282607384
3 1586 2046 1086 0.997454096686774 0.4433148988457809 0.13855313282607384
3 1806 1303 1805 0.997454096686774 0.4433148988457809 0.13855313282607384
3 1805 1313 1806 0.997454096686774 0.4433148988457809 0.13855313282607384
3 1804 1312 1805 0.997454096686774 0.4433148988457809 0.13855313282607384
3 1312 1313 1805 0.997454096686774 0.4433148988457809 0.13855313282607384
3 1393 1300 1301 0.997454096686774 0.4433148988457809 0.13855313282607384
3 1301 1803 1804 0.997454096686774 0.4433148988457809 0.13855313282607384
3 1301 1300 1803 0.997454096686774 0.4433148988457809 0.13855313282607384
3 1894 1893 1395 0.997454096686774 0.4433148988457809 0.13855313282607384
3 2158 1219 1220 0.997454096686774 0.4433148988457809 0.13855313282607384
3 1219 1595 1220 0.997454096686774 0.4433148988457809 0.13855313282607384
3 1593 1217 862 0.997454096686774 0.4433148988457809 0.13855313282607384
3 862 1131 1593 0.997454096686774 0.4433148988457809 0.13855313282607384
3 1594 1218 1593 0.997454096686774 0.4433148988457809 0.13855313282607384
3 1218 1217 1593 0.997454096686774 0.4433148988457809 0.13855313282607384
3 2058 1149 2057 0.997454096686774 0.4433148988457809 0.13855313282607384
3 1150 1149 2058 0.997454096686774 0.4433148988457809 0.13855313282607384
3 1705 1229 1230 0.997454096686774 0.4433148988457809 0.13855313282607384
3 1704 1229 1705 0.997454096686774 0.4433148988457809 0.13855313282607384
3 1608 865 866 0.997454096686774 0.4433148988457809 0.13855313282607384
3 866 1149 1608 0.997454096686774 0.4433148988457809 0.13855313282607384
3 1608 1149 1150 0.997454096686774 0.4433148988457809 0.13855313282607384
3 1150 1609 1608 0.997454096686774 0.4433148988457809 0.13855313282607384
3 864 865 1140 0.997454096686774 0.4433148988457809 0.13855313282607384
3 1140 1908 864 0.997454096686774 0.4433148988457809 0.13855313282607384
3 1141 1908 1140 0.997454096686774 0.4433148988457809 0.13855313282607384
3 865 1608 1140 0.997454096686774 0.4433148988457809 0.13855313282607384
3 1140 1609 1141 0.997454096686774 0.4433148988457809 0.13855313282607384
3 1140 1608 1609 0.997454096686774 0.4433148988457809 0.13855313282607384
3 2162 1215 1214 0.997454096686774 0.4433148988457809 0.13855313282607384
3 1214 2161 2162 0.997454096686774 0.4433148988457809 0.13855313282607384
3 1213 2161 1214 0.997454096686774 0.4433148988457809 0.13855313282607384
3 1318 1213 1214 0.997454096686774 0.4433148988457809 0.13855313282607384
3 1214 1319 1318 0.997454096686774 0.4433148988457809 0.13855313282607384
3 1214 1215 1319 0.997454096686774 0.4433148988457809 0.13855313282607384
3 1308 1309 1401 0.997454096686774 0.4433148988457809 0.13855313282607384
3 2167 1816 1815 0.997454096686774 0.4433148988457809 0.13855313282607384
3 2167 1605 1606 0.997454096686774 0.4433148988457809 0.13855313282607384
3 2163 1215 2162 0.997454096686774 0.4433148988457809 0.13855313282607384
3 2163 1216 1215 0.997454096686774 0.4433148988457809 0.13855313282607384
3 1715 1714 1938 0.997454096686774 0.4433148988457809 0.13855313282607384
3 1605 1604 1920 0.997454096686774 0.4433148988457809 0.13855313282607384
3 1920 1604 1919 0.997454096686774 0.4433148988457809 0.13855313282607384
3 1138 1916 1139 0.997454096686774 0.4433148988457809 0.13855313282607384
3 1139 1600 1138 0.997454096686774 0.4433148988457809 0.13855313282607384
3 1619 1919 1918 0.997454096686774 0.4433148988457809 0.13855313282607384
3 1915 1916 1138 0.997454096686774 0.4433148988457809 0.13855313282607384
3 1148 1916 1915 0.997454096686774 0.4433148988457809 0.13855313282607384
3 1141 1609 1610 0.997454096686774 0.4433148988457809 0.13855313282607384
3 1610 1142 1141 0.997454096686774 0.4433148988457809 0.13855313282607384
3 1133 1595 1594 0.997454096686774 0.4433148988457809 0.13855313282607384
3 1207 1311 859 0.997454096686774 0.4433148988457809 0.13855313282607384
3 1312 1311 1207 0.997454096686774 0.4433148988457809 0.13855313282607384
3 1207 859 860 0.997454096686774 0.4433148988457809 0.13855313282607384
3 860 2155 1207 0.997454096686774 0.4433148988457809 0.13855313282607384
3 2072 1942 2073 0.997454096686774 0.4433148988457809 0.13855313282607384
3 2189 1835 2190 0.997454096686774 0.4433148988457809 0.13855313282607384
3 2190 1835 2092 0.997454096686774 0.4433148988457809 0.13855313282607384
3 1923 2072 2073 0.997454096686774 0.4433148988457809 0.13855313282607384
3 1957 1532 1956 0.997454096686774 0.4433148988457809 0.13855313282607384
3 1957 2089 1532 0.997454096686774 0.4433148988457809 0.13855313282607384
3 1957 1958 2090 0.997454096686774 0.4433148988457809 0.13855313282607384
3 2090 2089 1957 0.997454096686774 0.4433148988457809 0.13855313282607384
3 1852 1749 1976 0.997454096686774 0.4433148988457809 0.13855313282607384
3 1873 1872 1278 0.997454096686774 0.4433148988457809 0.13855313282607384
3 1278 843 1197 0.997454096686774 0.4433148988457809 0.13855313282607384
3 839 1187 1563 0.997454096686774 0.4433148988457809 0.13855313282607384
3 1563 1187 1188 0.997454096686774 0.4433148988457809 0.13855313282607384
3 1563 838 839 0.997454096686774 0.4433148988457809 0.13855313282607384
3 1563 1122 838 0.997454096686774 0.4433148988457809 0.13855313282607384
3 837 1122 2135 0.997454096686774 0.4433148988457809 0.13855313282607384
3 836 837 2135 0.997454096686774 0.4433148988457809 0.13855313282607384
3 1564 1563 1188 0.997454096686774 0.4433148988457809 0.13855313282607384
3 1122 1563 1564 0.997454096686774 0.4433148988457809 0.13855313282607384
3 845 1071 844 0.997454096686774 0.4433148988457809 0.13855313282607384
3 2038 848 849 0.997454096686774 0.4433148988457809 0.13855313282607384
3 849 1079 2038 0.997454096686774 0.4433148988457809 0.13855313282607384
3 2038 1080 2039 0.997454096686774 0.4433148988457809 0.13855313282607384
3 2038 1079 1080 0.997454096686774 0.4433148988457809 0.13855313282607384
3 1280 1199 1281 0.997454096686774 0.4433148988457809 0.13855313282607384
3 1198 1199 1280 0.997454096686774 0.4433148988457809 0.13855313282607384
3 1072 1199 1198 0.997454096686774 0.4433148988457809 0.13855313282607384
3 1198 1071 1072 0.997454096686774 0.4433148988457809 0.13855313282607384
3 1197 1071 1198 0.997454096686774 0.4433148988457809 0.13855313282607384
3 1188 1874 1189 0.997454096686774 0.4433148988457809 0.13855313282607384
3 1189 1564 1188 0.997454096686774 0.4433148988457809 0.13855313282607384
3 2039 1081 2040 0.997454096686774 0.4433148988457809 0.13855313282607384
3 1583 1584 1084 0.997454096686774 0.4433148988457809 0.13855313282607384
3 1798 1884 1797 0.997454096686774 0.4433148988457809 0.13855313282607384
3 1799 1885 1798 0.997454096686774 0.4433148988457809 0.13855313282607384
3 1798 1885 1884 0.997454096686774 0.4433148988457809 0.13855313282607384
3 1575 1885 1576 0.997454096686774 0.4433148988457809 0.13855313282607384
3 1884 1885 1575 0.997454096686774 0.4433148988457809 0.13855313282607384
3 1514 2046 1515 0.997454096686774 0.4433148988457809 0.13855313282607384
3 2047 2046 1587 0.997454096686774 0.4433148988457809 0.13855313282607384
3 1516 1515 2047 0.997454096686774 0.4433148988457809 0.13855313282607384
3 2047 1515 2046 0.997454096686774 0.4433148988457809 0.13855313282607384
3 1517 1795 1516 0.997454096686774 0.4433148988457809 0.13855313282607384
3 1799 2052 1800 0.997454096686774 0.4433148988457809 0.13855313282607384
3 1580 1081 1080 0.997454096686774 0.4433148988457809 0.13855313282607384
3 1285 1203 1204 0.997454096686774 0.4433148988457809 0.13855313282607384
3 1196 1882 1572 0.997454096686774 0.4433148988457809 0.13855313282607384
3 1877 1283 1878 0.997454096686774 0.4433148988457809 0.13855313282607384
3 1878 1879 1193 0.997454096686774 0.4433148988457809 0.13855313282607384
3 1002 1687 834 0.997454096686774 0.4433148988457809 0.13855313282607384
3 1688 1687 1002 0.997454096686774 0.4433148988457809 0.13855313282607384
3 1688 1002 1003 0.997454096686774 0.4433148988457809 0.13855313282607384
3 1003 1002 1495 0.997454096686774 0.4433148988457809 0.13855313282607384
3 1192 1567 1191 0.997454096686774 0.4433148988457809 0.13855313282607384
3 1192 1878 1193 0.997454096686774 0.4433148988457809 0.13855313282607384
3 1192 1191 1877 0.997454096686774 0.4433148988457809 0.13855313282607384
3 1877 1878 1192 0.997454096686774 0.4433148988457809 0.13855313282607384
3 1566 1567 1125 0.997454096686774 0.4433148988457809 0.13855313282607384
3 1558 1559 1682 0.997454096686774 0.4433148988457809 0.13855313282607384
3 1378 1559 1558 0.997454096686774 0.4433148988457809 0.13855313282607384
3 1682 1681 1558 0.997454096686774 0.4433148988457809 0.13855313282607384
3 1558 1681 1557 0.997454096686774 0.4433148988457809 0.13855313282607384
3 1377 1557 1376 0.997454096686774 0.4433148988457809 0.13855313282607384
3 1378 1558 1377 0.997454096686774 0.4433148988457809 0.13855313282607384
3 1377 1558 1557 0.997454096686774 0.4433148988457809 0.13855313282607384
3 1678 1679 1121 0.997454096686774 0.4433148988457809 0.13855313282607384
3 1121 1062 1678 0.997454096686774 0.4433148988457809 0.13855313282607384
3 1555 1679 1678 0.997454096686774 0.4433148988457809 0.13855313282607384
3 1374 1375 1555 0.997454096686774 0.4433148988457809 0.13855313282607384
3 1866 1669 1867 0.997454096686774 0.4433148988457809 0.13855313282607384
3 1378 2029 1379 0.997454096686774 0.4433148988457809 0.13855313282607384
3 1379 1559 1378 0.997454096686774 0.4433148988457809 0.13855313282607384
3 1379 1560 1559 0.997454096686774 0.4433148988457809 0.13855313282607384
3 2031 1560 1379 0.997454096686774 0.4433148988457809 0.13855313282607384
3 2031 1391 1699 0.997454096686774 0.4433148988457809 0.13855313282607384
3 1389 1695 1696 0.997454096686774 0.4433148988457809 0.13855313282607384
3 1691 1000 999 0.997454096686774 0.4433148988457809 0.13855313282607384
3 1094 1952 1255 0.997454096686774 0.4433148988457809 0.13855313282607384
3 2180 1326 2179 0.997454096686774 0.4433148988457809 0.13855313282607384
3 2083 1527 2084 0.997454096686774 0.4433148988457809 0.13855313282607384
3 1526 1527 2083 0.997454096686774 0.4433148988457809 0.13855313282607384
3 2205 1954 1266 0.997454096686774 0.4433148988457809 0.13855313282607384
3 1426 1848 2205 0.997454096686774 0.4433148988457809 0.13855313282607384
3 1238 1926 1237 0.997454096686774 0.4433148988457809 0.13855313282607384
3 872 1926 871 0.997454096686774 0.4433148988457809 0.13855313282607384
3 872 873 1237 0.997454096686774 0.4433148988457809 0.13855313282607384
3 1237 1926 872 0.997454096686774 0.4433148988457809 0.13855313282607384
3 1722 1326 1723 0.997454096686774 0.4433148988457809 0.13855313282607384
3 1704 1703 1228 0.997454096686774 0.4433148988457809 0.13855313282607384
3 1228 1229 1704 0.997454096686774 0.4433148988457809 0.13855313282607384
3 1228 1703 1227 0.997454096686774 0.4433148988457809 0.13855313282607384
3 1839 1260 1259 0.997454096686774 0.4433148988457809 0.13855313282607384
3 1259 1258 1839 0.997454096686774 0.4433148988457809 0.13855313282607384
3 1258 2196 1839 0.997454096686774 0.4433148988457809 0.13855313282607384
3 1087 1944 1088 0.997454096686774 0.4433148988457809 0.13855313282607384
3 1944 1945 1088 0.997454096686774 0.4433148988457809 0.13855313282607384
3 1248 1087 1088 0.997454096686774 0.4433148988457809 0.13855313282607384
3 1088 1945 1089 0.997454096686774 0.4433148988457809 0.13855313282607384
3 1089 1249 1088 0.997454096686774 0.4433148988457809 0.13855313282607384
3 1249 1248 1088 0.997454096686774 0.4433148988457809 0.13855313282607384
3 1526 2083 2082 0.997454096686774 0.4433148988457809 0.13855313282607384
3 874 875 1322 0.997454096686774 0.4433148988457809 0.13855313282607384
3 2080 2081 1408 0.997454096686774 0.4433148988457809 0.13855313282607384
3 1408 1407 2080 0.997454096686774 0.4433148988457809 0.13855313282607384
3 1524 2081 2080 0.997454096686774 0.4433148988457809 0.13855313282607384
3 2080 1407 2079 0.997454096686774 0.4433148988457809 0.13855313282607384
3 2080 1523 1524 0.997454096686774 0.4433148988457809 0.13855313282607384
3 2079 1523 2080 0.997454096686774 0.4433148988457809 0.13855313282607384
3 1249 1523 1522 0.997454096686774 0.4433148988457809 0.13855313282607384
3 2078 1521 1522 0.997454096686774 0.4433148988457809 0.13855313282607384
3 1522 2079 2078 0.997454096686774 0.4433148988457809 0.13855313282607384
3 1522 1523 2079 0.997454096686774 0.4433148988457809 0.13855313282607384
3 1522 1248 1249 0.997454096686774 0.4433148988457809 0.13855313282607384
3 1522 1521 1248 0.997454096686774 0.4433148988457809 0.13855313282607384
3 1820 877 878 0.997454096686774 0.4433148988457809 0.13855313282607384
3 1524 1250 1251 0.997454096686774 0.4433148988457809 0.13855313282607384
3 1250 1090 1251 0.997454096686774 0.4433148988457809 0.13855313282607384
3 1266 1954 1953 0.997454096686774 0.4433148988457809 0.13855313282607384
3 1951 1952 1094 0.997454096686774 0.4433148988457809 0.13855313282607384
3 1417 779 1735 0.997454096686774 0.4433148988457809 0.13855313282607384
3 1735 779 780 0.997454096686774 0.4433148988457809 0.13855313282607384
3 1735 780 1736 0.997454096686774 0.4433148988457809 0.13855313282607384
3 1416 779 1417 0.997454096686774 0.4433148988457809 0.13855313282607384
3 1417 1839 1416 0.997454096686774 0.4433148988457809 0.13855313282607384
3 1416 1839 2196 0.997454096686774 0.4433148988457809 0.13855313282607384
3 1416 2196 778 0.997454096686774 0.4433148988457809 0.13855313282607384
3 778 779 1416 0.997454096686774 0.4433148988457809 0.13855313282607384
3 1263 1842 1843 0.997454096686774 0.4433148988457809 0.13855313282607384
3 1625 1177 1178 0.997454096686774 0.4433148988457809 0.13855313282607384
3 787 2095 786 0.997454096686774 0.4433148988457809 0.13855313282607384
3 1103 1988 1989 0.997454096686774 0.4433148988457809 0.13855313282607384
3 1772 1026 1771 0.997454096686774 0.4433148988457809 0.13855313282607384
3 1027 1026 1772 0.997454096686774 0.4433148988457809 0.13855313282607384
3 1034 920 921 0.997454096686774 0.4433148988457809 0.13855313282607384
3 921 1035 1034 0.997454096686774 0.4433148988457809 0.13855313282607384
3 1031 1769 795 0.997454096686774 0.4433148988457809 0.13855313282607384
3 1031 918 1032 0.997454096686774 0.4433148988457809 0.13855313282607384
3 1032 1770 1031 0.997454096686774 0.4433148988457809 0.13855313282607384
3 1770 1769 1031 0.997454096686774 0.4433148988457809 0.13855313282607384
3 796 918 1031 0.997454096686774 0.4433148988457809 0.13855313282607384
3 1031 795 796 0.997454096686774 0.4433148988457809 0.13855313282607384
3 829 2019 906 0.997454096686774 0.4433148988457809 0.13855313282607384
3 906 828 829 0.997454096686774 0.4433148988457809 0.13855313282607384
3 1368 828 906 0.997454096686774 0.4433148988457809 0.13855313282607384
3 2019 907 906 0.997454096686774 0.4433148988457809 0.13855313282607384
3 830 2019 829 0.997454096686774 0.4433148988457809 0.13855313282607384
3 1380 1381 913 0.997454096686774 0.4433148988457809 0.13855313282607384
3 995 1381 1380 0.997454096686774 0.4433148988457809 0.13855313282607384
3 1380 831 832 0.997454096686774 0.4433148988457809 0.13855313282607384
3 832 995 1380 0.997454096686774 0.4433148988457809 0.13855313282607384
3 2054 1907 2055 0.997454096686774 0.4433148988457809 0.13855313282607384
3 1653 2130 1654 0.997454096686774 0.4433148988457809 0.13855313282607384
3 2132 1785 1654 0.997454096686774 0.4433148988457809 0.13855313282607384
3 1654 2131 2132 0.997454096686774 0.4433148988457809 0.13855313282607384
3 1870 2131 2130 0.997454096686774 0.4433148988457809 0.13855313282607384
3 1870 1869 2017 0.997454096686774 0.4433148988457809 0.13855313282607384
3 1643 921 1642 0.997454096686774 0.4433148988457809 0.13855313282607384
3 922 1035 921 0.997454096686774 0.4433148988457809 0.13855313282607384
3 1036 1035 922 0.997454096686774 0.4433148988457809 0.13855313282607384
3 921 1643 922 0.997454096686774 0.4433148988457809 0.13855313282607384
3 926 1444 927 0.997454096686774 0.4433148988457809 0.13855313282607384
3 928 1641 927 0.997454096686774 0.4433148988457809 0.13855313282607384
3 927 1640 926 0.997454096686774 0.4433148988457809 0.13855313282607384
3 927 1641 1640 0.997454096686774 0.4433148988457809 0.13855313282607384
3 1989 1111 1112 0.997454096686774 0.4433148988457809 0.13855313282607384
3 1112 1111 1030 0.997454096686774 0.4433148988457809 0.13855313282607384
3 1030 1111 1029 0.997454096686774 0.4433148988457809 0.13855313282607384
3 1029 1028 1774 0.997454096686774 0.4433148988457809 0.13855313282607384
3 1110 1028 1029 0.997454096686774 0.4433148988457809 0.13855313282607384
3 1029 1111 1110 0.997454096686774 0.4433148988457809 0.13855313282607384
3 1636 1635 1992 0.997454096686774 0.4433148988457809 0.13855313282607384
3 1992 1993 1636 0.997454096686774 0.4433148988457809 0.13855313282607384
3 960 1854 808 0.997454096686774 0.4433148988457809 0.13855313282607384
3 960 808 809 0.997454096686774 0.4433148988457809 0.13855313282607384
3 960 1468 1469 0.997454096686774 0.4433148988457809 0.13855313282607384
3 809 1468 960 0.997454096686774 0.4433148988457809 0.13855313282607384
3 961 960 1469 0.997454096686774 0.4433148988457809 0.13855313282607384
3 1854 960 961 0.997454096686774 0.4433148988457809 0.13855313282607384
3 1486 1659 978 0.997454096686774 0.4433148988457809 0.13855313282607384
3 1471 963 962 0.997454096686774 0.4433148988457809 0.13855313282607384
3 1471 1472 963 0.997454096686774 0.4433148988457809 0.13855313282607384
3 807 953 806 0.997454096686774 0.4433148988457809 0.13855313282607384
3 1855 953 1854 0.997454096686774 0.4433148988457809 0.13855313282607384
3 1855 961 962 0.997454096686774 0.4433148988457809 0.13855313282607384
3 1854 961 1855 0.997454096686774 0.4433148988457809 0.13855313282607384
3 1671 1056 981 0.997454096686774 0.4433148988457809 0.13855313282607384
3 822 823 981 0.997454096686774 0.4433148988457809 0.13855313282607384
3 981 823 1671 0.997454096686774 0.4433148988457809 0.13855313282607384
3 981 1055 822 0.997454096686774 0.4433148988457809 0.13855313282607384
3 1114 1055 981 0.997454096686774 0.4433148988457809 0.13855313282607384
3 981 1056 1114 0.997454096686774 0.4433148988457809 0.13855313282607384
3 1114 1049 2001 0.997454096686774 0.4433148988457809 0.13855313282607384
3 2001 1048 1114 0.997454096686774 0.4433148988457809 0.13855313282607384
3 1057 1050 1115 0.997454096686774 0.4433148988457809 0.13855313282607384
3 982 1057 1115 0.997454096686774 0.4433148988457809 0.13855313282607384
3 1115 1056 982 0.997454096686774 0.4433148988457809 0.13855313282607384
3 1049 1056 1115 0.997454096686774 0.4433148988457809 0.13855313282607384
3 975 1655 1482 0.997454096686774 0.4433148988457809 0.13855313282607384
3 1549 1550 896 0.997454096686774 0.4433148988457809 0.13855313282607384
3 1672 1057 982 0.997454096686774 0.4433148988457809 0.13855313282607384
3 982 988 1672 0.997454096686774 0.4433148988457809 0.13855313282607384
3 993 987 1676 0.997454096686774 0.4433148988457809 0.13855313282607384
3 967 810 811 0.997454096686774 0.4433148988457809 0.13855313282607384
3 811 1655 967 0.997454096686774 0.4433148988457809 0.13855313282607384
3 967 1655 1656 0.997454096686774 0.4433148988457809 0.13855313282607384
3 1468 810 967 0.997454096686774 0.4433148988457809 0.13855313282607384
3 1656 968 967 0.997454096686774 0.4433148988457809 0.13855313282607384
3 967 968 1468 0.997454096686774 0.4433148988457809 0.13855313282607384
3 2004 1052 1043 0.997454096686774 0.4433148988457809 0.13855313282607384
3 1042 1051 2004 0.997454096686774 0.4433148988457809 0.13855313282607384
3 1117 1052 2004 0.997454096686774 0.4433148988457809 0.13855313282607384
3 2004 1051 1117 0.997454096686774 0.4433148988457809 0.13855313282607384
3 1490 1664 1663 0.997454096686774 0.4433148988457809 0.13855313282607384
3 1682 1559 1683 0.997454096686774 0.4433148988457809 0.13855313282607384
3 1683 1560 1684 0.997454096686774 0.4433148988457809 0.13855313282607384
3 1559 1560 1683 0.997454096686774 0.4433148988457809 0.13855313282607384
3 1668 1669 1866 0.997454096686774 0.4433148988457809 0.13855313282607384
3 1465 1865 1466 0.997454096686774 0.4433148988457809 0.13855313282607384
3 1864 1865 1465 0.997454096686774 0.4433148988457809 0.13855313282607384
3 950 1537 1536 0.997454096686774 0.4433148988457809 0.13855313282607384
3 1862 1463 1462 0.997454096686774 0.4433148988457809 0.13855313282607384
3 1863 1478 1864 0.997454096686774 0.4433148988457809 0.13855313282607384
3 1863 1463 1862 0.997454096686774 0.4433148988457809 0.13855313282607384
3 892 943 942 0.997454096686774 0.4433148988457809 0.13855313282607384
3 942 891 892 0.997454096686774 0.4433148988457809 0.13855313282607384
3 942 941 891 0.997454096686774 0.4433148988457809 0.13855313282607384
3 2117 941 942 0.997454096686774 0.4433148988457809 0.13855313282607384
3 934 2117 2118 0.997454096686774 0.4433148988457809 0.13855313282607384
3 2117 942 2118 0.997454096686774 0.4433148988457809 0.13855313282607384
3 2118 942 943 0.997454096686774 0.4433148988457809 0.13855313282607384
3 1536 890 1535 0.997454096686774 0.4433148988457809 0.13855313282607384
3 803 1533 888 0.997454096686774 0.4433148988457809 0.13855313282607384
3 1533 1534 888 0.997454096686774 0.4433148988457809 0.13855313282607384
3 888 802 803 0.997454096686774 0.4433148988457809 0.13855313282607384
3 1119 2006 1053 0.997454096686774 0.4433148988457809 0.13855313282607384
3 979 1659 1486 0.997454096686774 0.4433148988457809 0.13855313282607384
3 1054 2006 1119 0.997454096686774 0.4433148988457809 0.13855313282607384
3 968 976 1657 0.997454096686774 0.4433148988457809 0.13855313282607384
3 1657 969 968 0.997454096686774 0.4433148988457809 0.13855313282607384
3 977 969 1657 0.997454096686774 0.4433148988457809 0.13855313282607384
3 1043 977 1484 0.997454096686774 0.4433148988457809 0.13855313282607384
3 1484 2004 1043 0.997454096686774 0.4433148988457809 0.13855313282607384
3 977 1657 1484 0.997454096686774 0.4433148988457809 0.13855313282607384
3 1484 1657 976 0.997454096686774 0.4433148988457809 0.13855313282607384
3 1484 976 1042 0.997454096686774 0.4433148988457809 0.13855313282607384
3 1042 2004 1484 0.997454096686774 0.4433148988457809 0.13855313282607384
3 1663 1664 1476 0.997454096686774 0.4433148988457809 0.13855313282607384
3 1476 1475 1663 0.997454096686774 0.4433148988457809 0.13855313282607384
3 2008 1488 1046 0.997454096686774 0.4433148988457809 0.13855313282607384
3 1046 1121 2008 0.997454096686774 0.4433148988457809 0.13855313282607384
3 2007 1121 1046 0.997454096686774 0.4433148988457809 0.13855313282607384
3 1488 980 1046 0.997454096686774 0.4433148988457809 0.13855313282607384
3 1489 1490 1663 0.997454096686774 0.4433148988457809 0.13855313282607384
3 1489 1488 2008 0.997454096686774 0.4433148988457809 0.13855313282607384
3 1376 1375 2026 0.997454096686774 0.4433148988457809 0.13855313282607384
3 2026 1375 2025 0.997454096686774 0.4433148988457809 0.13855313282607384
3 2026 1386 1387 0.997454096686774 0.4433148988457809 0.13855313282607384
3 2025 1386 2026 0.997454096686774 0.4433148988457809 0.13855313282607384
3 917 1386 2025 0.997454096686774 0.4433148988457809 0.13855313282607384
3 2023 911 910 0.997454096686774 0.4433148988457809 0.13855313282607384
3 1373 911 1374 0.997454096686774 0.4433148988457809 0.13855313282607384
3 1373 910 911 0.997454096686774 0.4433148988457809 0.13855313282607384
3 914 2021 913 0.997454096686774 0.4433148988457809 0.13855313282607384
3 913 1381 914 0.997454096686774 0.4433148988457809 0.13855313282607384
3 914 1381 1382 0.997454096686774 0.4433148988457809 0.13855313282607384
3 913 2021 2020 0.997454096686774 0.4433148988457809 0.13855313282607384
3 2020 907 2019 0.997454096686774 0.4433148988457809 0.13855313282607384
3 1382 997 1383 0.997454096686774 0.4433148988457809 0.13855313282607384
3 1894 1395 1396 0.997454096686774 0.4433148988457809 0.13855313282607384
3 1396 1303 1304 0.997454096686774 0.4433148988457809 0.13855313282607384
3 1396 1395 1303 0.997454096686774 0.4433148988457809 0.13855313282607384
3 1397 1396 1304 0.997454096686774 0.4433148988457809 0.13855313282607384
3 1304 1807 1305 0.997454096686774 0.4433148988457809 0.13855313282607384
3 1305 1397 1304 0.997454096686774 0.4433148988457809 0.13855313282607384
3 1316 1317 1809 0.997454096686774 0.4433148988457809 0.13855313282607384
3 1317 1810 1809 0.997454096686774 0.4433148988457809 0.13855313282607384
3 2162 1223 1224 0.997454096686774 0.4433148988457809 0.13855313282607384
3 1223 1600 1224 0.997454096686774 0.4433148988457809 0.13855313282607384
3 1224 2163 2162 0.997454096686774 0.4433148988457809 0.13855313282607384
3 1599 1600 1223 0.997454096686774 0.4433148988457809 0.13855313282607384
3 1223 1598 1599 0.997454096686774 0.4433148988457809 0.13855313282607384
3 1138 1600 1599 0.997454096686774 0.4433148988457809 0.13855313282607384
3 1222 1598 1223 0.997454096686774 0.4433148988457809 0.13855313282607384
3 1223 2161 1222 0.997454096686774 0.4433148988457809 0.13855313282607384
3 1221 1220 1596 0.997454096686774 0.4433148988457809 0.13855313282607384
3 1596 1220 1595 0.997454096686774 0.4433148988457809 0.13855313282607384
3 2160 1213 1212 0.997454096686774 0.4433148988457809 0.13855313282607384
3 2160 2161 1213 0.997454096686774 0.4433148988457809 0.13855313282607384
3 2160 1222 2161 0.997454096686774 0.4433148988457809 0.13855313282607384
3 1221 1222 2160 0.997454096686774 0.4433148988457809 0.13855313282607384
3 2045 1022 2044 0.997454096686774 0.4433148988457809 0.13855313282607384
3 2044 1086 2045 0.997454096686774 0.4433148988457809 0.13855313282607384
3 1303 1395 1302 0.997454096686774 0.4433148988457809 0.13855313282607384
3 1302 1301 1804 0.997454096686774 0.4433148988457809 0.13855313282607384
3 1804 1805 1302 0.997454096686774 0.4433148988457809 0.13855313282607384
3 1302 1805 1303 0.997454096686774 0.4433148988457809 0.13855313282607384
3 1394 1395 1893 0.997454096686774 0.4433148988457809 0.13855313282607384
3 1892 1393 1394 0.997454096686774 0.4433148988457809 0.13855313282607384
3 1394 1893 1892 0.997454096686774 0.4433148988457809 0.13855313282607384
3 1393 1301 1394 0.997454096686774 0.4433148988457809 0.13855313282607384
3 1301 1302 1394 0.997454096686774 0.4433148988457809 0.13855313282607384
3 1394 1302 1395 0.997454096686774 0.4433148988457809 0.13855313282607384
3 2059 2058 1160 0.997454096686774 0.4433148988457809 0.13855313282607384
3 1150 2058 2059 0.997454096686774 0.4433148988457809 0.13855313282607384
3 1159 1705 1160 0.997454096686774 0.4433148988457809 0.13855313282607384
3 2057 1158 1159 0.997454096686774 0.4433148988457809 0.13855313282607384
3 1159 1158 1704 0.997454096686774 0.4433148988457809 0.13855313282607384
3 1704 1705 1159 0.997454096686774 0.4433148988457809 0.13855313282607384
3 1159 2058 2057 0.997454096686774 0.4433148988457809 0.13855313282607384
3 1160 2058 1159 0.997454096686774 0.4433148988457809 0.13855313282607384
3 1297 1899 1298 0.997454096686774 0.4433148988457809 0.13855313282607384
3 1587 1586 1298 0.997454096686774 0.4433148988457809 0.13855313282607384
3 1298 1586 1297 0.997454096686774 0.4433148988457809 0.13855313282607384
3 1818 1819 1906 0.997454096686774 0.4433148988457809 0.13855313282607384
3 2170 1819 1818 0.997454096686774 0.4433148988457809 0.13855313282607384
3 1818 2169 2170 0.997454096686774 0.4433148988457809 0.13855313282607384
3 2166 2167 1815 0.997454096686774 0.4433148988457809 0.13855313282607384
3 2165 1604 2166 0.997454096686774 0.4433148988457809 0.13855313282607384
3 1605 2167 2166 0.997454096686774 0.4433148988457809 0.13855313282607384
3 2166 1604 1605 0.997454096686774 0.4433148988457809 0.13855313282607384
3 1816 2167 2168 0.997454096686774 0.4433148988457809 0.13855313282607384
3 2168 2167 1606 0.997454096686774 0.4433148988457809 0.13855313282607384
3 1321 1216 2165 0.997454096686774 0.4433148988457809 0.13855313282607384
3 2165 2166 1321 0.997454096686774 0.4433148988457809 0.13855313282607384
3 1309 1811 1812 0.997454096686774 0.4433148988457809 0.13855313282607384
3 1812 1811 1319 0.997454096686774 0.4433148988457809 0.13855313282607384
3 2165 1216 2164 0.997454096686774 0.4433148988457809 0.13855313282607384
3 1216 2163 2164 0.997454096686774 0.4433148988457809 0.13855313282607384
3 1939 1716 1715 0.997454096686774 0.4433148988457809 0.13855313282607384
3 1715 1938 1939 0.997454096686774 0.4433148988457809 0.13855313282607384
3 1921 1922 1606 0.997454096686774 0.4433148988457809 0.13855313282607384
3 1606 1605 1921 0.997454096686774 0.4433148988457809 0.13855313282607384
3 1605 1920 1921 0.997454096686774 0.4433148988457809 0.13855313282607384
3 1919 1604 1603 0.997454096686774 0.4433148988457809 0.13855313282607384
3 1603 1918 1919 0.997454096686774 0.4433148988457809 0.13855313282607384
3 1602 1918 1603 0.997454096686774 0.4433148988457809 0.13855313282607384
3 1603 1604 2165 0.997454096686774 0.4433148988457809 0.13855313282607384
3 1602 1139 1917 0.997454096686774 0.4433148988457809 0.13855313282607384
3 1917 1918 1602 0.997454096686774 0.4433148988457809 0.13855313282607384
3 1917 1139 1916 0.997454096686774 0.4433148988457809 0.13855313282607384
3 1917 1916 1148 0.997454096686774 0.4433148988457809 0.13855313282607384
3 1713 2067 2066 0.997454096686774 0.4433148988457809 0.13855313282607384
3 1137 1915 1138 0.997454096686774 0.4433148988457809 0.13855313282607384
3 1138 1599 1137 0.997454096686774 0.4433148988457809 0.13855313282607384
3 1137 1599 1598 0.997454096686774 0.4433148988457809 0.13855313282607384
3 1148 1915 1147 0.997454096686774 0.4433148988457809 0.13855313282607384
3 1147 1616 1148 0.997454096686774 0.4433148988457809 0.13855313282607384
3 1909 1908 1141 0.997454096686774 0.4433148988457809 0.13855313282607384
3 1141 1142 1909 0.997454096686774 0.4433148988457809 0.13855313282607384
3 1131 1908 1909 0.997454096686774 0.4433148988457809 0.13855313282607384
3 1208 1313 1312 0.997454096686774 0.4433148988457809 0.13855313282607384
3 1312 1207 1208 0.997454096686774 0.4433148988457809 0.13855313282607384
3 1208 1207 2155 0.997454096686774 0.4433148988457809 0.13855313282607384
3 2071 2070 1717 0.997454096686774 0.4433148988457809 0.13855313282607384
3 1717 2070 1716 0.997454096686774 0.4433148988457809 0.13855313282607384
3 2071 2072 1622 0.997454096686774 0.4433148988457809 0.13855313282607384
3 1922 1921 1622 0.997454096686774 0.4433148988457809 0.13855313282607384
3 1622 1923 1922 0.997454096686774 0.4433148988457809 0.13855313282607384
3 2072 1923 1622 0.997454096686774 0.4433148988457809 0.13855313282607384
3 1718 1941 1942 0.997454096686774 0.4433148988457809 0.13855313282607384
3 1942 2072 1718 0.997454096686774 0.4433148988457809 0.13855313282607384
3 1718 2072 2071 0.997454096686774 0.4433148988457809 0.13855313282607384
3 2071 1717 1718 0.997454096686774 0.4433148988457809 0.13855313282607384
3 1718 1717 1941 0.997454096686774 0.4433148988457809 0.13855313282607384
3 2191 2192 1942 0.997454096686774 0.4433148988457809 0.13855313282607384
3 2191 1941 1734 0.997454096686774 0.4433148988457809 0.13855313282607384
3 1942 1941 2191 0.997454096686774 0.4433148988457809 0.13855313282607384
3 1943 2192 2094 0.997454096686774 0.4433148988457809 0.13855313282607384
3 1943 2074 2073 0.997454096686774 0.4433148988457809 0.13855313282607384
3 2073 1942 1943 0.997454096686774 0.4433148988457809 0.13855313282607384
3 1942 2192 1943 0.997454096686774 0.4433148988457809 0.13855313282607384
3 1619 2068 2069 0.997454096686774 0.4433148988457809 0.13855313282607384
3 1716 2070 2069 0.997454096686774 0.4433148988457809 0.13855313282607384
3 2069 2068 1715 0.997454096686774 0.4433148988457809 0.13855313282607384
3 1715 1716 2069 0.997454096686774 0.4433148988457809 0.13855313282607384
3 1924 2171 2170 0.997454096686774 0.4433148988457809 0.13855313282607384
3 2170 1923 1924 0.997454096686774 0.4433148988457809 0.13855313282607384
3 2073 2074 1924 0.997454096686774 0.4433148988457809 0.13855313282607384
3 1924 1923 2073 0.997454096686774 0.4433148988457809 0.13855313282607384
3 2170 2169 1607 0.997454096686774 0.4433148988457809 0.13855313282607384
3 1607 1923 2170 0.997454096686774 0.4433148988457809 0.13855313282607384
3 1922 1923 1607 0.997454096686774 0.4433148988457809 0.13855313282607384
3 1606 1922 1607 0.997454096686774 0.4433148988457809 0.13855313282607384
3 1607 2168 1606 0.997454096686774 0.4433148988457809 0.13855313282607384
3 2169 2168 1607 0.997454096686774 0.4433148988457809 0.13855313282607384
3 1095 1178 790 0.997454096686774 0.4433148988457809 0.13855313282607384
3 1105 1023 1024 0.997454096686774 0.4433148988457809 0.13855313282607384
3 1104 1023 1105 0.997454096686774 0.4433148988457809 0.13855313282607384
3 1981 792 1104 0.997454096686774 0.4433148988457809 0.13855313282607384
3 2105 2104 1176 0.997454096686774 0.4433148988457809 0.13855313282607384
3 2105 1764 1367 0.997454096686774 0.4433148988457809 0.13855313282607384
3 2106 1764 2105 0.997454096686774 0.4433148988457809 0.13855313282607384
3 2108 1635 1636 0.997454096686774 0.4433148988457809 0.13855313282607384
3 1997 1998 2112 0.997454096686774 0.4433148988457809 0.13855313282607384
3 1976 1764 1765 0.997454096686774 0.4433148988457809 0.13855313282607384
3 1765 1764 2106 0.997454096686774 0.4433148988457809 0.13855313282607384
3 1765 1766 1976 0.997454096686774 0.4433148988457809 0.13855313282607384
3 1367 1764 1763 0.997454096686774 0.4433148988457809 0.13855313282607384
3 1750 1852 1976 0.997454096686774 0.4433148988457809 0.13855313282607384
3 1960 1852 1750 0.997454096686774 0.4433148988457809 0.13855313282607384
3 1959 1960 2092 0.997454096686774 0.4433148988457809 0.13855313282607384
3 1959 1852 1960 0.997454096686774 0.4433148988457809 0.13855313282607384
3 2094 2192 2093 0.997454096686774 0.4433148988457809 0.13855313282607384
3 2093 1961 2094 0.997454096686774 0.4433148988457809 0.13855313282607384
3 2192 2191 2093 0.997454096686774 0.4433148988457809 0.13855313282607384
3 2092 1960 2093 0.997454096686774 0.4433148988457809 0.13855313282607384
3 1960 1961 2093 0.997454096686774 0.4433148988457809 0.13855313282607384
3 842 1872 841 0.997454096686774 0.4433148988457809 0.13855313282607384
3 842 1278 1872 0.997454096686774 0.4433148988457809 0.13855313282607384
3 843 1278 842 0.997454096686774 0.4433148988457809 0.13855313282607384
3 1063 2135 2136 0.997454096686774 0.4433148988457809 0.13855313282607384
3 836 2135 1063 0.997454096686774 0.4433148988457809 0.13855313282607384
3 1566 1125 1124 0.997454096686774 0.4433148988457809 0.13855313282607384
3 2137 2136 1124 0.997454096686774 0.4433148988457809 0.13855313282607384
3 1124 1125 2137 0.997454096686774 0.4433148988457809 0.13855313282607384
3 1071 845 1786 0.997454096686774 0.4433148988457809 0.13855313282607384
3 1072 1071 1786 0.997454096686774 0.4433148988457809 0.13855313282607384
3 1786 845 846 0.997454096686774 0.4433148988457809 0.13855313282607384
3 1200 1281 1199 0.997454096686774 0.4433148988457809 0.13855313282607384
3 1201 1283 1282 0.997454096686774 0.4433148988457809 0.13855313282607384
3 1282 1200 1201 0.997454096686774 0.4433148988457809 0.13855313282607384
3 1281 1200 1282 0.997454096686774 0.4433148988457809 0.13855313282607384
3 1876 1281 1282 0.997454096686774 0.4433148988457809 0.13855313282607384
3 1877 1876 1282 0.997454096686774 0.4433148988457809 0.13855313282607384
3 1282 1283 1877 0.997454096686774 0.4433148988457809 0.13855313282607384
3 1875 1281 1876 0.997454096686774 0.4433148988457809 0.13855313282607384
3 1875 1189 1874 0.997454096686774 0.4433148988457809 0.13855313282607384
3 1875 1874 1280 0.997454096686774 0.4433148988457809 0.13855313282607384
3 1280 1281 1875 0.997454096686774 0.4433148988457809 0.13855313282607384
3 1875 1876 1190 0.997454096686774 0.4433148988457809 0.13855313282607384
3 1190 1189 1875 0.997454096686774 0.4433148988457809 0.13855313282607384
3 1010 1788 1787 0.997454096686774 0.4433148988457809 0.13855313282607384
3 1072 1786 1787 0.997454096686774 0.4433148988457809 0.13855313282607384
3 1011 1788 1010 0.997454096686774 0.4433148988457809 0.13855313282607384
3 1011 1789 1788 0.997454096686774 0.4433148988457809 0.13855313282607384
3 1279 1198 1280 0.997454096686774 0.4433148988457809 0.13855313282607384
3 1873 1278 1279 0.997454096686774 0.4433148988457809 0.13855313282607384
3 1279 1278 1197 0.997454096686774 0.4433148988457809 0.13855313282607384
3 1197 1198 1279 0.997454096686774 0.4433148988457809 0.13855313282607384
3 1279 1874 1873 0.997454096686774 0.4433148988457809 0.13855313282607384
3 1280 1874 1279 0.997454096686774 0.4433148988457809 0.13855313282607384
3 1565 1189 1190 0.997454096686774 0.4433148988457809 0.13855313282607384
3 1564 1189 1565 0.997454096686774 0.4433148988457809 0.13855313282607384
3 1190 1566 1565 0.997454096686774 0.4433148988457809 0.13855313282607384
3 1566 1124 1565 0.997454096686774 0.4433148988457809 0.13855313282607384
3 2039 2040 1017 0.997454096686774 0.4433148988457809 0.13855313282607384
3 1202 1076 1203 0.997454096686774 0.4433148988457809 0.13855313282607384
3 1202 1283 1201 0.997454096686774 0.4433148988457809 0.13855313282607384
3 1077 1076 1791 0.997454096686774 0.4433148988457809 0.13855313282607384
3 1203 1076 1077 0.997454096686774 0.4433148988457809 0.13855313282607384
3 1204 1203 1077 0.997454096686774 0.4433148988457809 0.13855313282607384
3 1077 1078 1204 0.997454096686774 0.4433148988457809 0.13855313282607384
3 1519 1798 1797 0.997454096686774 0.4433148988457809 0.13855313282607384
3 1799 1798 1519 0.997454096686774 0.4433148988457809 0.13855313282607384
3 2147 1575 1576 0.997454096686774 0.4433148988457809 0.13855313282607384
3 1884 1575 1574 0.997454096686774 0.4433148988457809 0.13855313282607384
3 1067 1068 1498 0.997454096686774 0.4433148988457809 0.13855313282607384
3 1069 1068 2141 0.997454096686774 0.4433148988457809 0.13855313282607384
3 1795 1517 1796 0.997454096686774 0.4433148988457809 0.13855313282607384
3 1204 1078 1205 0.997454096686774 0.4433148988457809 0.13855313282607384
3 1288 1796 1797 0.997454096686774 0.4433148988457809 0.13855313282607384
3 1288 1882 1287 0.997454096686774 0.4433148988457809 0.13855313282607384
3 1513 1512 1022 0.997454096686774 0.4433148988457809 0.13855313282607384
3 1022 1514 1513 0.997454096686774 0.4433148988457809 0.13855313282607384
3 1514 1015 1513 0.997454096686774 0.4433148988457809 0.13855313282607384
3 1514 1515 1793 0.997454096686774 0.4433148988457809 0.13855313282607384
3 1793 1015 1514 0.997454096686774 0.4433148988457809 0.13855313282607384
3 1588 2047 1587 0.997454096686774 0.4433148988457809 0.13855313282607384
3 1518 1517 2049 0.997454096686774 0.4433148988457809 0.13855313282607384
3 1518 1519 1797 0.997454096686774 0.4433148988457809 0.13855313282607384
3 1797 1796 1518 0.997454096686774 0.4433148988457809 0.13855313282607384
3 1518 1796 1517 0.997454096686774 0.4433148988457809 0.13855313282607384
3 2049 1517 2048 0.997454096686774 0.4433148988457809 0.13855313282607384
3 2047 1588 2048 0.997454096686774 0.4433148988457809 0.13855313282607384
3 1516 2047 2048 0.997454096686774 0.4433148988457809 0.13855313282607384
3 2048 1517 1516 0.997454096686774 0.4433148988457809 0.13855313282607384
3 2053 1800 2052 0.997454096686774 0.4433148988457809 0.13855313282607384
3 1906 2054 2053 0.997454096686774 0.4433148988457809 0.13855313282607384
3 2052 1592 2053 0.997454096686774 0.4433148988457809 0.13855313282607384
3 1579 1580 1080 0.997454096686774 0.4433148988457809 0.13855313282607384
3 1579 1079 1578 0.997454096686774 0.4433148988457809 0.13855313282607384
3 1080 1079 1579 0.997454096686774 0.4433148988457809 0.13855313282607384
3 1578 1290 1579 0.997454096686774 0.4433148988457809 0.13855313282607384
3 1081 1580 1581 0.997454096686774 0.4433148988457809 0.13855313282607384
3 1892 1893 1291 0.997454096686774 0.4433148988457809 0.13855313282607384
3 1291 1290 1892 0.997454096686774 0.4433148988457809 0.13855313282607384
3 1291 1579 1290 0.997454096686774 0.4433148988457809 0.13855313282607384
3 1580 1579 1291 0.997454096686774 0.4433148988457809 0.13855313282607384
3 1879 1285 1880 0.997454096686774 0.4433148988457809 0.13855313282607384
3 1284 1285 1879 0.997454096686774 0.4433148988457809 0.13855313282607384
3 1879 1878 1284 0.997454096686774 0.4433148988457809 0.13855313282607384
3 1203 1285 1284 0.997454096686774 0.4433148988457809 0.13855313282607384
3 1284 1878 1283 0.997454096686774 0.4433148988457809 0.13855313282607384
3 1284 1202 1203 0.997454096686774 0.4433148988457809 0.13855313282607384
3 1283 1202 1284 0.997454096686774 0.4433148988457809 0.13855313282607384
3 2138 1065 2137 0.997454096686774 0.4433148988457809 0.13855313282607384
3 2137 1125 2138 0.997454096686774 0.4433148988457809 0.13855313282607384
3 1568 1569 1127 0.997454096686774 0.4433148988457809 0.13855313282607384
3 1567 1192 1568 0.997454096686774 0.4433148988457809 0.13855313282607384
3 1193 1569 1568 0.997454096686774 0.4433148988457809 0.13855313282607384
3 1568 1192 1193 0.997454096686774 0.4433148988457809 0.13855313282607384
3 1126 1125 1567 0.997454096686774 0.4433148988457809 0.13855313282607384
3 1567 1568 1126 0.997454096686774 0.4433148988457809 0.13855313282607384
3 1126 1568 1127 0.997454096686774 0.4433148988457809 0.13855313282607384
3 1126 1127 2139 0.997454096686774 0.4433148988457809 0.13855313282607384
3 2139 2138 1126 0.997454096686774 0.4433148988457809 0.13855313282607384
3 1126 2138 1125 0.997454096686774 0.4433148988457809 0.13855313282607384
3 2028 2029 1378 0.997454096686774 0.4433148988457809 0.13855313282607384
3 1378 1377 2028 0.997454096686774 0.4433148988457809 0.13855313282607384
3 2028 1389 2029 0.997454096686774 0.4433148988457809 0.13855313282607384
3 1374 1555 1554 0.997454096686774 0.4433148988457809 0.13855313282607384
3 1554 1373 1374 0.997454096686774 0.4433148988457809 0.13855313282607384
3 905 1373 1554 0.997454096686774 0.4433148988457809 0.13855313282607384
3 1678 994 1554 0.997454096686774 0.4433148988457809 0.13855313282607384
3 1554 1555 1678 0.997454096686774 0.4433148988457809 0.13855313282607384
3 1556 1375 1376 0.997454096686774 0.4433148988457809 0.13855313282607384
3 1556 1555 1375 0.997454096686774 0.4433148988457809 0.13855313282607384
3 1376 1557 1556 0.997454096686774 0.4433148988457809 0.13855313282607384
3 1556 1557 1680 0.997454096686774 0.4433148988457809 0.13855313282607384
3 1680 1679 1556 0.997454096686774 0.4433148988457809 0.13855313282607384
3 1679 1555 1556 0.997454096686774 0.4433148988457809 0.13855313282607384
3 1467 1466 1866 0.997454096686774 0.4433148988457809 0.13855313282607384
3 1866 1867 1467 0.997454096686774 0.4433148988457809 0.13855313282607384
3 1467 1544 1466 0.997454096686774 0.4433148988457809 0.13855313282607384
3 1467 1867 1545 0.997454096686774 0.4433148988457809 0.13855313282607384
3 1545 1544 1467 0.997454096686774 0.4433148988457809 0.13855313282607384
3 1868 1867 1669 0.997454096686774 0.4433148988457809 0.13855313282607384
3 1545 1867 1868 0.997454096686774 0.4433148988457809 0.13855313282607384
3 2017 1869 2016 0.997454096686774 0.4433148988457809 0.13855313282607384
3 2030 1379 2029 0.997454096686774 0.4433148988457809 0.13855313282607384
3 2030 1391 2031 0.997454096686774 0.4433148988457809 0.13855313282607384
3 2031 1379 2030 0.997454096686774 0.4433148988457809 0.13855313282607384
3 1698 1699 1391 0.997454096686774 0.4433148988457809 0.13855313282607384
3 1391 1697 1698 0.997454096686774 0.4433148988457809 0.13855313282607384
3 1698 1697 1505 0.997454096686774 0.4433148988457809 0.13855313282607384
3 1696 1697 1390 0.997454096686774 0.4433148988457809 0.13855313282607384
3 1390 1389 1696 0.997454096686774 0.4433148988457809 0.13855313282607384
3 1390 1697 1391 0.997454096686774 0.4433148988457809 0.13855313282607384
3 2029 1389 1390 0.997454096686774 0.4433148988457809 0.13855313282607384
3 1390 2030 2029 0.997454096686774 0.4433148988457809 0.13855313282607384
3 1391 2030 1390 0.997454096686774 0.4433148988457809 0.13855313282607384
3 1695 1389 1388 0.997454096686774 0.4433148988457809 0.13855313282607384
3 1387 1694 1388 0.997454096686774 0.4433148988457809 0.13855313282607384
3 1694 1695 1388 0.997454096686774 0.4433148988457809 0.13855313282607384
3 1389 2028 1388 0.997454096686774 0.4433148988457809 0.13855313282607384
3 1008 1501 1694 0.997454096686774 0.4433148988457809 0.13855313282607384
3 1694 1693 1008 0.997454096686774 0.4433148988457809 0.13855313282607384
3 1001 1386 1000 0.997454096686774 0.4433148988457809 0.13855313282607384
3 1387 1386 1001 0.997454096686774 0.4433148988457809 0.13855313282607384
3 1001 1694 1387 0.997454096686774 0.4433148988457809 0.13855313282607384
3 1001 1693 1694 0.997454096686774 0.4433148988457809 0.13855313282607384
3 1690 1691 999 0.997454096686774 0.4433148988457809 0.13855313282607384
3 1000 1691 1692 0.997454096686774 0.4433148988457809 0.13855313282607384
3 1692 1001 1000 0.997454096686774 0.4433148988457809 0.13855313282607384
3 1693 1001 1692 0.997454096686774 0.4433148988457809 0.13855313282607384
3 1327 1326 2180 0.997454096686774 0.4433148988457809 0.13855313282607384
3 2180 2181 1327 0.997454096686774 0.4433148988457809 0.13855313282607384
3 1723 1326 1327 0.997454096686774 0.4433148988457809 0.13855313282607384
3 1094 1255 1254 0.997454096686774 0.4433148988457809 0.13855313282607384
3 2084 1527 1528 0.997454096686774 0.4433148988457809 0.13855313282607384
3 1528 1255 1529 0.997454096686774 0.4433148988457809 0.13855313282607384
3 1527 1254 1528 0.997454096686774 0.4433148988457809 0.13855313282607384
3 1528 1254 1255 0.997454096686774 0.4433148988457809 0.13855313282607384
3 1529 2085 1528 0.997454096686774 0.4433148988457809 0.13855313282607384
3 1528 2085 2084 0.997454096686774 0.4433148988457809 0.13855313282607384
3 1325 2179 1326 0.997454096686774 0.4433148988457809 0.13855313282607384
3 1325 1722 1721 0.997454096686774 0.4433148988457809 0.13855313282607384
3 1326 1722 1325 0.997454096686774 0.4433148988457809 0.13855313282607384
3 1721 1324 1325 0.997454096686774 0.4433148988457809 0.13855313282607384
3 2178 2179 1325 0.997454096686774 0.4433148988457809 0.13855313282607384
3 1325 1324 2178 0.997454096686774 0.4433148988457809 0.13855313282607384
3 1338 1825 1826 0.997454096686774 0.4433148988457809 0.13855313282607384
3 2180 2179 1338 0.997454096686774 0.4433148988457809 0.13855313282607384
3 1411 1827 1826 0.997454096686774 0.4433148988457809 0.13855313282607384
3 1411 2083 2084 0.997454096686774 0.4433148988457809 0.13855313282607384
3 1828 1827 1412 0.997454096686774 0.4433148988457809 0.13855313282607384
3 2084 2085 1412 0.997454096686774 0.4433148988457809 0.13855313282607384
3 1412 1411 2084 0.997454096686774 0.4433148988457809 0.13855313282607384
3 1827 1411 1412 0.997454096686774 0.4433148988457809 0.13855313282607384
3 1340 1827 1828 0.997454096686774 0.4433148988457809 0.13855313282607384
3 1826 1827 1339 0.997454096686774 0.4433148988457809 0.13855313282607384
3 2180 1338 1339 0.997454096686774 0.4433148988457809 0.13855313282607384
3 1339 1338 1826 0.997454096686774 0.4433148988457809 0.13855313282607384
3 1339 2181 2180 0.997454096686774 0.4433148988457809 0.13855313282607384
3 1339 1340 2181 0.997454096686774 0.4433148988457809 0.13855313282607384
3 1827 1340 1339 0.997454096686774 0.4433148988457809 0.13855313282607384
3 1849 1957 1956 0.997454096686774 0.4433148988457809 0.13855313282607384
3 1956 1848 1849 0.997454096686774 0.4433148988457809 0.13855313282607384
3 1849 1848 1427 0.997454096686774 0.4433148988457809 0.13855313282607384
3 1709 1708 1233 0.997454096686774 0.4433148988457809 0.13855313282607384
3 1532 2089 2088 0.997454096686774 0.4433148988457809 0.13855313282607384
3 2088 1531 1532 0.997454096686774 0.4433148988457809 0.13855313282607384
3 1954 1531 1530 0.997454096686774 0.4433148988457809 0.13855313282607384
3 1955 1531 1954 0.997454096686774 0.4433148988457809 0.13855313282607384
3 1955 1848 1956 0.997454096686774 0.4433148988457809 0.13855313282607384
3 1956 1532 1955 0.997454096686774 0.4433148988457809 0.13855313282607384
3 1532 1531 1955 0.997454096686774 0.4433148988457809 0.13855313282607384
3 1954 2205 1955 0.997454096686774 0.4433148988457809 0.13855313282607384
3 1955 2205 1848 0.997454096686774 0.4433148988457809 0.13855313282607384
3 1711 1165 1710 0.997454096686774 0.4433148988457809 0.13855313282607384
3 1709 1710 1164 0.997454096686774 0.4433148988457809 0.13855313282607384
3 1164 1710 1165 0.997454096686774 0.4433148988457809 0.13855313282607384
3 1239 1238 1721 0.997454096686774 0.4433148988457809 0.13855313282607384
3 1721 1722 1239 0.997454096686774 0.4433148988457809 0.13855313282607384
3 1706 1705 1230 0.997454096686774 0.4433148988457809 0.13855313282607384
3 1160 1705 1706 0.997454096686774 0.4433148988457809 0.13855313282607384
3 1420 1842 2199 0.997454096686774 0.4433148988457809 0.13855313282607384
3 1409 1825 1824 0.997454096686774 0.4433148988457809 0.13855313282607384
3 1824 1408 1409 0.997454096686774 0.4433148988457809 0.13855313282607384
3 1408 2081 1409 0.997454096686774 0.4433148988457809 0.13855313282607384
3 2081 2082 1409 0.997454096686774 0.4433148988457809 0.13855313282607384
3 1410 2082 2083 0.997454096686774 0.4433148988457809 0.13855313282607384
3 1826 1825 1410 0.997454096686774 0.4433148988457809 0.13855313282607384
3 1825 1409 1410 0.997454096686774 0.4433148988457809 0.13855313282607384
3 1410 1409 2082 0.997454096686774 0.4433148988457809 0.13855313282607384
3 1410 1411 1826 0.997454096686774 0.4433148988457809 0.13855313282607384
3 2083 1411 1410 0.997454096686774 0.4433148988457809 0.13855313282607384
3 1720 1324 1721 0.997454096686774 0.4433148988457809 0.13855313282607384
3 1721 1238 1720 0.997454096686774 0.4433148988457809 0.13855313282607384
3 1720 1238 1237 0.997454096686774 0.4433148988457809 0.13855313282607384
3 1323 1324 1720 0.997454096686774 0.4433148988457809 0.13855313282607384
3 1323 1322 2176 0.997454096686774 0.4433148988457809 0.13855313282607384
3 1821 1406 1822 0.997454096686774 0.4433148988457809 0.13855313282607384
3 877 1820 1821 0.997454096686774 0.4433148988457809 0.13855313282607384
3 878 1404 1405 0.997454096686774 0.4433148988457809 0.13855313282607384
3 1405 1820 878 0.997454096686774 0.4433148988457809 0.13855313282607384
3 1405 1404 2078 0.997454096686774 0.4433148988457809 0.13855313282607384
3 2078 1406 1405 0.997454096686774 0.4433148988457809 0.13855313282607384
3 1406 1821 1405 0.997454096686774 0.4433148988457809 0.13855313282607384
3 1405 1821 1820 0.997454096686774 0.4433148988457809 0.13855313282607384
3 1524 1251 1525 0.997454096686774 0.4433148988457809 0.13855313282607384
3 1525 2081 1524 0.997454096686774 0.4433148988457809 0.13855313282607384
3 1526 2082 1525 0.997454096686774 0.4433148988457809 0.13855313282607384
3 1525 2082 2081 0.997454096686774 0.4433148988457809 0.13855313282607384
3 1091 1090 1947 0.997454096686774 0.4433148988457809 0.13855313282607384
3 1091 1251 1090 0.997454096686774 0.4433148988457809 0.13855313282607384
3 1256 1255 1952 0.997454096686774 0.4433148988457809 0.13855313282607384
3 1952 1953 1256 0.997454096686774 0.4433148988457809 0.13855313282607384
3 1529 1255 1256 0.997454096686774 0.4433148988457809 0.13855313282607384
3 1256 1530 1529 0.997454096686774 0.4433148988457809 0.13855313282607384
3 1256 1953 1954 0.997454096686774 0.4433148988457809 0.13855313282607384
3 1954 1530 1256 0.997454096686774 0.4433148988457809 0.13855313282607384
3 1952 1951 1264 0.997454096686774 0.4433148988457809 0.13855313282607384
3 1264 1951 1263 0.997454096686774 0.4433148988457809 0.13855313282607384
3 1263 1843 1264 0.997454096686774 0.4433148988457809 0.13855313282607384
3 1264 1843 1844 0.997454096686774 0.4433148988457809 0.13855313282607384
3 1966 1965 1346 0.997454096686774 0.4433148988457809 0.13855313282607384
3 1346 1752 1753 0.997454096686774 0.4433148988457809 0.13855313282607384
3 1271 1361 1270 0.997454096686774 0.4433148988457809 0.13855313282607384
3 1755 1754 1357 0.997454096686774 0.4433148988457809 0.13855313282607384
3 1348 1754 1755 0.997454096686774 0.4433148988457809 0.13855313282607384
3 1755 1349 1348 0.997454096686774 0.4433148988457809 0.13855313282607384
3 1268 786 2095 0.997454096686774 0.4433148988457809 0.13855313282607384
3 1423 1845 1844 0.997454096686774 0.4433148988457809 0.13855313282607384
3 1845 1423 1424 0.997454096686774 0.4433148988457809 0.13855313282607384
3 1738 1431 1739 0.997454096686774 0.4433148988457809 0.13855313282607384
3 1962 782 1963 0.997454096686774 0.4433148988457809 0.13855313282607384
3 1963 1431 1962 0.997454096686774 0.4433148988457809 0.13855313282607384
3 781 782 1962 0.997454096686774 0.4433148988457809 0.13855313282607384
3 1758 1759 1351 0.997454096686774 0.4433148988457809 0.13855313282607384
3 1759 1758 1362 0.997454096686774 0.4433148988457809 0.13855313282607384
3 1362 1758 1361 0.997454096686774 0.4433148988457809 0.13855313282607384
3 1362 1361 1271 0.997454096686774 0.4433148988457809 0.13855313282607384
3 1271 1272 1362 0.997454096686774 0.4433148988457809 0.13855313282607384
3 1167 2096 787 0.997454096686774 0.4433148988457809 0.13855313282607384
3 1271 1270 2097 0.997454096686774 0.4433148988457809 0.13855313282607384
3 2097 1270 2096 0.997454096686774 0.4433148988457809 0.13855313282607384
3 2096 1167 2097 0.997454096686774 0.4433148988457809 0.13855313282607384
3 1635 2108 1634 0.997454096686774 0.4433148988457809 0.13855313282607384
3 1774 1036 1775 0.997454096686774 0.4433148988457809 0.13855313282607384
3 1036 1037 1775 0.997454096686774 0.4433148988457809 0.13855313282607384
3 1775 1029 1774 0.997454096686774 0.4433148988457809 0.13855313282607384
3 1030 1029 1775 0.997454096686774 0.4433148988457809 0.13855313282607384
3 1773 1035 1774 0.997454096686774 0.4433148988457809 0.13855313282607384
3 1027 1772 1773 0.997454096686774 0.4433148988457809 0.13855313282607384
3 1773 1034 1035 0.997454096686774 0.4433148988457809 0.13855313282607384
3 1772 1034 1773 0.997454096686774 0.4433148988457809 0.13855313282607384
3 1774 1028 1773 0.997454096686774 0.4433148988457809 0.13855313282607384
3 1773 1028 1027 0.997454096686774 0.4433148988457809 0.13855313282607384
3 920 1034 1033 0.997454096686774 0.4433148988457809 0.13855313282607384
3 1032 919 1033 0.997454096686774 0.4433148988457809 0.13855313282607384
3 919 920 1033 0.997454096686774 0.4433148988457809 0.13855313282607384
3 1033 1771 1032 0.997454096686774 0.4433148988457809 0.13855313282607384
3 1033 1772 1771 0.997454096686774 0.4433148988457809 0.13855313282607384
3 1033 1034 1772 0.997454096686774 0.4433148988457809 0.13855313282607384
3 996 997 1382 0.997454096686774 0.4433148988457809 0.13855313282607384
3 1382 1381 996 0.997454096686774 0.4433148988457809 0.13855313282607384
3 1688 997 996 0.997454096686774 0.4433148988457809 0.13855313282607384
3 996 1381 995 0.997454096686774 0.4433148988457809 0.13855313282607384
3 996 1687 1688 0.997454096686774 0.4433148988457809 0.13855313282607384
3 996 995 1687 0.997454096686774 0.4433148988457809 0.13855313282607384
3 1369 906 907 0.997454096686774 0.4433148988457809 0.13855313282607384
3 902 901 1369 0.997454096686774 0.4433148988457809 0.13855313282607384
3 1369 901 1368 0.997454096686774 0.4433148988457809 0.13855313282607384
3 1368 906 1369 0.997454096686774 0.4433148988457809 0.13855313282607384
3 1369 1370 902 0.997454096686774 0.4433148988457809 0.13855313282607384
3 907 1370 1369 0.997454096686774 0.4433148988457809 0.13855313282607384
3 2019 830 912 0.997454096686774 0.4433148988457809 0.13855313282607384
3 912 1380 913 0.997454096686774 0.4433148988457809 0.13855313282607384
3 912 830 831 0.997454096686774 0.4433148988457809 0.13855313282607384
3 831 1380 912 0.997454096686774 0.4433148988457809 0.13855313282607384
3 913 2020 912 0.997454096686774 0.4433148988457809 0.13855313282607384
3 912 2020 2019 0.997454096686774 0.4433148988457809 0.13855313282607384
3 2173 2174 2056 0.997454096686774 0.4433148988457809 0.13855313282607384
3 2056 1907 2173 0.997454096686774 0.4433148988457809 0.13855313282607384
3 2056 2055 1907 0.997454096686774 0.4433148988457809 0.13855313282607384
3 2054 2055 1802 0.997454096686774 0.4433148988457809 0.13855313282607384
3 1888 2150 1887 0.997454096686774 0.4433148988457809 0.13855313282607384
3 1887 1802 1888 0.997454096686774 0.4433148988457809 0.13855313282607384
3 2035 2036 2017 0.997454096686774 0.4433148988457809 0.13855313282607384
3 2017 2016 2035 0.997454096686774 0.4433148988457809 0.13855313282607384
3 1654 1785 1784 0.997454096686774 0.4433148988457809 0.13855313282607384
3 1784 1653 1654 0.997454096686774 0.4433148988457809 0.13855313282607384
3 1784 1785 1997 0.997454096686774 0.4433148988457809 0.13855313282607384
3 1547 1870 2130 0.997454096686774 0.4433148988457809 0.13855313282607384
3 1869 1870 1547 0.997454096686774 0.4433148988457809 0.13855313282607384
3 1547 1868 1869 0.997454096686774 0.4433148988457809 0.13855313282607384
3 1648 1647 1451 0.997454096686774 0.4433148988457809 0.13855313282607384
3 1451 1452 1648 0.997454096686774 0.4433148988457809 0.13855313282607384
3 1451 2124 2125 0.997454096686774 0.4433148988457809 0.13855313282607384
3 2125 1452 1451 0.997454096686774 0.4433148988457809 0.13855313282607384
3 1782 1651 1652 0.997454096686774 0.4433148988457809 0.13855313282607384
3 1454 1453 2127 0.997454096686774 0.4433148988457809 0.13855313282607384
3 2127 2128 1454 0.997454096686774 0.4433148988457809 0.13855313282607384
3 1650 1453 1454 0.997454096686774 0.4433148988457809 0.13855313282607384
3 1454 1651 1650 0.997454096686774 0.4433148988457809 0.13855313282607384
3 1652 1651 1454 0.997454096686774 0.4433148988457809 0.13855313282607384
3 1451 1647 1450 0.997454096686774 0.4433148988457809 0.13855313282607384
3 1450 2124 1451 0.997454096686774 0.4433148988457809 0.13855313282607384
3 924 1644 1645 0.997454096686774 0.4433148988457809 0.13855313282607384
3 2123 2122 1542 0.997454096686774 0.4433148988457809 0.13855313282607384
3 2124 1450 2123 0.997454096686774 0.4433148988457809 0.13855313282607384
3 1543 2123 1542 0.997454096686774 0.4433148988457809 0.13855313282607384
3 2124 2123 1543 0.997454096686774 0.4433148988457809 0.13855313282607384
3 1466 1544 1543 0.997454096686774 0.4433148988457809 0.13855313282607384
3 1543 2125 2124 0.997454096686774 0.4433148988457809 0.13855313282607384
3 1544 2125 1543 0.997454096686774 0.4433148988457809 0.13855313282607384
3 1542 1465 1543 0.997454096686774 0.4433148988457809 0.13855313282607384
3 1543 1465 1466 0.997454096686774 0.4433148988457809 0.13855313282607384
3 1998 1785 1999 0.997454096686774 0.4433148988457809 0.13855313282607384
3 1785 2132 1999 0.997454096686774 0.4433148988457809 0.13855313282607384
3 2017 2036 2018 0.997454096686774 0.4433148988457809 0.13855313282607384
3 923 1643 1644 0.997454096686774 0.4433148988457809 0.13855313282607384
3 923 922 1643 0.997454096686774 0.4433148988457809 0.13855313282607384
3 923 1644 924 0.997454096686774 0.4433148988457809 0.13855313282607384
3 1036 922 923 0.997454096686774 0.4433148988457809 0.13855313282607384
3 924 1037 923 0.997454096686774 0.4433148988457809 0.13855313282607384
3 923 1037 1036 0.997454096686774 0.4433148988457809 0.13855313282607384
3 1445 1446 928 0.997454096686774 0.4433148988457809 0.13855313282607384
3 928 927 1445 0.997454096686774 0.4433148988457809 0.13855313282607384
3 1445 927 1444 0.997454096686774 0.4433148988457809 0.13855313282607384
3 1644 1643 930 0.997454096686774 0.4433148988457809 0.13855313282607384
3 1991 1992 1635 0.997454096686774 0.4433148988457809 0.13855313282607384
3 1635 1634 1991 0.997454096686774 0.4433148988457809 0.13855313282607384
3 1485 977 1043 0.997454096686774 0.4433148988457809 0.13855313282607384
3 1043 2005 1485 0.997454096686774 0.4433148988457809 0.13855313282607384
3 970 978 1659 0.997454096686774 0.4433148988457809 0.13855313282607384
3 1659 1471 970 0.997454096686774 0.4433148988457809 0.13855313282607384
3 963 1472 964 0.997454096686774 0.4433148988457809 0.13855313282607384
3 1660 1472 971 0.997454096686774 0.4433148988457809 0.13855313282607384
3 1472 1471 971 0.997454096686774 0.4433148988457809 0.13855313282607384
3 971 1471 1659 0.997454096686774 0.4433148988457809 0.13855313282607384
3 971 979 1660 0.997454096686774 0.4433148988457809 0.13855313282607384
3 1659 979 971 0.997454096686774 0.4433148988457809 0.13855313282607384
3 946 804 805 0.997454096686774 0.4433148988457809 0.13855313282607384
3 946 1456 947 0.997454096686774 0.4433148988457809 0.13855313282607384
3 947 1533 946 0.997454096686774 0.4433148988457809 0.13855313282607384
3 1533 804 946 0.997454096686774 0.4433148988457809 0.13855313282607384
3 954 955 1456 0.997454096686774 0.4433148988457809 0.13855313282607384
3 953 1855 954 0.997454096686774 0.4433148988457809 0.13855313282607384
3 1858 957 956 0.997454096686774 0.4433148988457809 0.13855313282607384
3 956 957 1458 0.997454096686774 0.4433148988457809 0.13855313282607384
3 1048 2001 1039 0.997454096686774 0.4433148988457809 0.13855313282607384
3 1039 814 2000 0.997454096686774 0.4433148988457809 0.13855313282607384
3 2000 1048 1039 0.997454096686774 0.4433148988457809 0.13855313282607384
3 1039 813 814 0.997454096686774 0.4433148988457809 0.13855313282607384
3 812 813 1481 0.997454096686774 0.4433148988457809 0.13855313282607384
3 813 1039 1481 0.997454096686774 0.4433148988457809 0.13855313282607384
3 1481 1039 2001 0.997454096686774 0.4433148988457809 0.13855313282607384
3 975 1482 1041 0.997454096686774 0.4433148988457809 0.13855313282607384
3 1049 1115 2002 0.997454096686774 0.4433148988457809 0.13855313282607384
3 2002 1115 1050 0.997454096686774 0.4433148988457809 0.13855313282607384
3 1050 1041 2002 0.997454096686774 0.4433148988457809 0.13855313282607384
3 2002 1041 1482 0.997454096686774 0.4433148988457809 0.13855313282607384
3 1549 896 895 0.997454096686774 0.4433148988457809 0.13855313282607384
3 895 1548 1549 0.997454096686774 0.4433148988457809 0.13855313282607384
3 894 1548 895 0.997454096686774 0.4433148988457809 0.13855313282607384
3 903 1552 1551 0.997454096686774 0.4433148988457809 0.13855313282607384
3 903 1370 1371 0.997454096686774 0.4433148988457809 0.13855313282607384
3 903 1551 902 0.997454096686774 0.4433148988457809 0.13855313282607384
3 902 1370 903 0.997454096686774 0.4433148988457809 0.13855313282607384
3 904 903 1371 0.997454096686774 0.4433148988457809 0.13855313282607384
3 1552 903 904 0.997454096686774 0.4433148988457809 0.13855313282607384
3 899 1677 993 0.997454096686774 0.4433148988457809 0.13855313282607384
3 994 1677 899 0.997454096686774 0.4433148988457809 0.13855313282607384
3 1059 1052 1117 0.997454096686774 0.4433148988457809 0.13855313282607384
3 1117 984 1059 0.997454096686774 0.4433148988457809 0.13855313282607384
3 1673 984 1058 0.997454096686774 0.4433148988457809 0.13855313282607384
3 1058 984 1117 0.997454096686774 0.4433148988457809 0.13855313282607384
3 1058 1051 1116 0.997454096686774 0.4433148988457809 0.13855313282607384
3 1117 1051 1058 0.997454096686774 0.4433148988457809 0.13855313282607384
3 990 984 1673 0.997454096686774 0.4433148988457809 0.13855313282607384
3 990 895 896 0.997454096686774 0.4433148988457809 0.13855313282607384
3 992 1676 986 0.997454096686774 0.4433148988457809 0.13855313282607384
3 1491 1665 1664 0.997454096686774 0.4433148988457809 0.13855313282607384
3 1491 2010 2011 0.997454096686774 0.4433148988457809 0.13855313282607384
3 1664 1490 1491 0.997454096686774 0.4433148988457809 0.13855313282607384
3 1491 1490 2010 0.997454096686774 0.4433148988457809 0.13855313282607384
3 1478 1665 1666 0.997454096686774 0.4433148988457809 0.13855313282607384
3 1479 1865 1864 0.997454096686774 0.4433148988457809 0.13855313282607384
3 1479 1666 1667 0.997454096686774 0.4433148988457809 0.13855313282607384
3 1864 1478 1479 0.997454096686774 0.4433148988457809 0.13855313282607384
3 1478 1666 1479 0.997454096686774 0.4433148988457809 0.13855313282607384
3 1480 1667 1668 0.997454096686774 0.4433148988457809 0.13855313282607384
3 1866 1865 1480 0.997454096686774 0.4433148988457809 0.13855313282607384
3 1480 1668 1866 0.997454096686774 0.4433148988457809 0.13855313282607384
3 1865 1479 1480 0.997454096686774 0.4433148988457809 0.13855313282607384
3 1480 1479 1667 0.997454096686774 0.4433148988457809 0.13855313282607384
3 1864 1465 1464 0.997454096686774 0.4433148988457809 0.13855313282607384
3 1464 1863 1864 0.997454096686774 0.4433148988457809 0.13855313282607384
3 1463 1863 1464 0.997454096686774 0.4433148988457809 0.13855313282607384
3 1464 1465 1542 0.997454096686774 0.4433148988457809 0.13855313282607384
3 944 945 2120 0.997454096686774 0.4433148988457809 0.13855313282607384
3 1542 2122 1541 0.997454096686774 0.4433148988457809 0.13855313282607384
3 2122 945 1541 0.997454096686774 0.4433148988457809 0.13855313282607384
3 1541 1464 1542 0.997454096686774 0.4433148988457809 0.13855313282607384
3 1463 1464 1541 0.997454096686774 0.4433148988457809 0.13855313282607384
3 2120 945 2121 0.997454096686774 0.4433148988457809 0.13855313282607384
3 2121 945 2122 0.997454096686774 0.4433148988457809 0.13855313282607384
3 2122 938 2121 0.997454096686774 0.4433148988457809 0.13855313282607384
3 948 1535 1534 0.997454096686774 0.4433148988457809 0.13855313282607384
3 948 1534 947 0.997454096686774 0.4433148988457809 0.13855313282607384
3 949 948 1458 0.997454096686774 0.4433148988457809 0.13855313282607384
3 1535 948 949 0.997454096686774 0.4433148988457809 0.13855313282607384
3 949 950 1536 0.997454096686774 0.4433148988457809 0.13855313282607384
3 1536 1535 949 0.997454096686774 0.4433148988457809 0.13855313282607384
3 802 888 939 0.997454096686774 0.4433148988457809 0.13855313282607384
3 801 802 939 0.997454096686774 0.4433148988457809 0.13855313282607384
3 940 2115 939 0.997454096686774 0.4433148988457809 0.13855313282607384
3 939 2115 801 0.997454096686774 0.4433148988457809 0.13855313282607384
3 1534 1535 889 0.997454096686774 0.4433148988457809 0.13855313282607384
3 889 888 1534 0.997454096686774 0.4433148988457809 0.13855313282607384
3 889 1535 890 0.997454096686774 0.4433148988457809 0.13855313282607384
3 889 939 888 0.997454096686774 0.4433148988457809 0.13855313282607384
3 889 890 940 0.997454096686774 0.4433148988457809 0.13855313282607384
3 940 939 889 0.997454096686774 0.4433148988457809 0.13855313282607384
3 1118 2005 1052 0.997454096686774 0.4433148988457809 0.13855313282607384
3 1118 1053 2005 0.997454096686774 0.4433148988457809 0.13855313282607384
3 1052 1059 1118 0.997454096686774 0.4433148988457809 0.13855313282607384
3 1045 1054 2007 0.997454096686774 0.4433148988457809 0.13855313282607384
3 1045 979 1486 0.997454096686774 0.4433148988457809 0.13855313282607384
3 1486 2006 1045 0.997454096686774 0.4433148988457809 0.13855313282607384
3 2006 1054 1045 0.997454096686774 0.4433148988457809 0.13855313282607384
3 1061 1054 1119 0.997454096686774 0.4433148988457809 0.13855313282607384
3 1119 986 1061 0.997454096686774 0.4433148988457809 0.13855313282607384
3 1061 1676 987 0.997454096686774 0.4433148988457809 0.13855313282607384
3 986 1676 1061 0.997454096686774 0.4433148988457809 0.13855313282607384
3 1664 1665 1477 0.997454096686774 0.4433148988457809 0.13855313282607384
3 1477 1476 1664 0.997454096686774 0.4433148988457809 0.13855313282607384
3 1862 1476 1477 0.997454096686774 0.4433148988457809 0.13855313282607384
3 1477 1665 1478 0.997454096686774 0.4433148988457809 0.13855313282607384
3 1477 1863 1862 0.997454096686774 0.4433148988457809 0.13855313282607384
3 1478 1863 1477 0.997454096686774 0.4433148988457809 0.13855313282607384
3 1475 1476 1861 0.997454096686774 0.4433148988457809 0.13855313282607384
3 1861 1476 1862 0.997454096686774 0.4433148988457809 0.13855313282607384
3 1858 964 965 0.997454096686774 0.4433148988457809 0.13855313282607384
3 965 964 1473 0.997454096686774 0.4433148988457809 0.13855313282607384
3 973 1474 965 0.997454096686774 0.4433148988457809 0.13855313282607384
3 965 1473 973 0.997454096686774 0.4433148988457809 0.13855313282607384
3 2007 1046 1487 0.997454096686774 0.4433148988457809 0.13855313282607384
3 1487 1046 980 0.997454096686774 0.4433148988457809 0.13855313282607384
3 1487 1045 2007 0.997454096686774 0.4433148988457809 0.13855313282607384
3 979 1045 1487 0.997454096686774 0.4433148988457809 0.13855313282607384
3 1660 979 1487 0.997454096686774 0.4433148988457809 0.13855313282607384
3 1487 980 1660 0.997454096686774 0.4433148988457809 0.13855313282607384
3 1488 1489 1662 0.997454096686774 0.4433148988457809 0.13855313282607384
3 1662 1474 973 0.997454096686774 0.4433148988457809 0.13855313282607384
3 1662 1489 1663 0.997454096686774 0.4433148988457809 0.13855313282607384
3 1663 1475 1662 0.997454096686774 0.4433148988457809 0.13855313282607384
3 1475 1474 1662 0.997454096686774 0.4433148988457809 0.13855313282607384
3 2009 1121 1679 0.997454096686774 0.4433148988457809 0.13855313282607384
3 2008 1121 2009 0.997454096686774 0.4433148988457809 0.13855313282607384
3 2009 1489 2008 0.997454096686774 0.4433148988457809 0.13855313282607384
3 2009 1679 1680 0.997454096686774 0.4433148988457809 0.13855313282607384
3 1680 2010 2009 0.997454096686774 0.4433148988457809 0.13855313282607384
3 2010 1490 2009 0.997454096686774 0.4433148988457809 0.13855313282607384
3 1490 1489 2009 0.997454096686774 0.4433148988457809 0.13855313282607384
3 1000 1386 1385 0.997454096686774 0.4433148988457809 0.13855313282607384
3 1386 917 1385 0.997454096686774 0.4433148988457809 0.13855313282607384
3 999 1000 1385 0.997454096686774 0.4433148988457809 0.13855313282607384
3 2024 917 2025 0.997454096686774 0.4433148988457809 0.13855313282607384
3 2024 2025 1374 0.997454096686774 0.4433148988457809 0.13855313282607384
3 1374 911 2024 0.997454096686774 0.4433148988457809 0.13855313282607384
3 2024 911 2023 0.997454096686774 0.4433148988457809 0.13855313282607384
3 2023 916 2024 0.997454096686774 0.4433148988457809 0.13855313282607384
3 916 917 2024 0.997454096686774 0.4433148988457809 0.13855313282607384
3 908 2020 2021 0.997454096686774 0.4433148988457809 0.13855313282607384
3 1371 1370 908 0.997454096686774 0.4433148988457809 0.13855313282607384
3 907 2020 908 0.997454096686774 0.4433148988457809 0.13855313282607384
3 908 1370 907 0.997454096686774 0.4433148988457809 0.13855313282607384
3 908 909 1371 0.997454096686774 0.4433148988457809 0.13855313282607384
3 2021 909 908 0.997454096686774 0.4433148988457809 0.13855313282607384
3 915 914 1382 0.997454096686774 0.4433148988457809 0.13855313282607384
3 1382 1383 915 0.997454096686774 0.4433148988457809 0.13855313282607384
3 915 916 2023 0.997454096686774 0.4433148988457809 0.13855313282607384
3 915 1383 916 0.997454096686774 0.4433148988457809 0.13855313282607384
3 916 1383 1384 0.997454096686774 0.4433148988457809 0.13855313282607384
3 999 1385 1384 0.997454096686774 0.4433148988457809 0.13855313282607384
3 1384 917 916 0.997454096686774 0.4433148988457809 0.13855313282607384
3 1384 1385 917 0.997454096686774 0.4433148988457809 0.13855313282607384
3 1894 1396 1895 0.997454096686774 0.4433148988457809 0.13855313282607384
3 1896 1294 1895 0.997454096686774 0.4433148988457809 0.13855313282607384
3 1895 1397 1896 0.997454096686774 0.4433148988457809 0.13855313282607384
3 1396 1397 1895 0.997454096686774 0.4433148988457809 0.13855313282607384
3 1895 1293 1894 0.997454096686774 0.4433148988457809 0.13855313282607384
3 1895 1294 1293 0.997454096686774 0.4433148988457809 0.13855313282607384
3 1584 1296 1585 0.997454096686774 0.4433148988457809 0.13855313282607384
3 1586 1086 1585 0.997454096686774 0.4433148988457809 0.13855313282607384
3 1297 1586 1585 0.997454096686774 0.4433148988457809 0.13855313282607384
3 1585 1296 1297 0.997454096686774 0.4433148988457809 0.13855313282607384
3 1808 1305 1807 0.997454096686774 0.4433148988457809 0.13855313282607384
3 1316 1809 1808 0.997454096686774 0.4433148988457809 0.13855313282607384
3 1306 1305 1808 0.997454096686774 0.4433148988457809 0.13855313282607384
3 1808 1809 1306 0.997454096686774 0.4433148988457809 0.13855313282607384
3 1808 1315 1316 0.997454096686774 0.4433148988457809 0.13855313282607384
3 1808 1807 1315 0.997454096686774 0.4433148988457809 0.13855313282607384
3 2163 1224 1225 0.997454096686774 0.4433148988457809 0.13855313282607384
3 1225 2164 2163 0.997454096686774 0.4433148988457809 0.13855313282607384
3 1221 1596 1597 0.997454096686774 0.4433148988457809 0.13855313282607384
3 1597 1222 1221 0.997454096686774 0.4433148988457809 0.13855313282607384
3 1598 1222 1597 0.997454096686774 0.4433148988457809 0.13855313282607384
3 1212 1211 2159 0.997454096686774 0.4433148988457809 0.13855313282607384
3 2159 2160 1212 0.997454096686774 0.4433148988457809 0.13855313282607384
3 2159 1211 2158 0.997454096686774 0.4433148988457809 0.13855313282607384
3 1221 2160 2159 0.997454096686774 0.4433148988457809 0.13855313282607384
3 2159 1220 1221 0.997454096686774 0.4433148988457809 0.13855313282607384
3 2158 1220 2159 0.997454096686774 0.4433148988457809 0.13855313282607384
3 2043 1084 1085 0.997454096686774 0.4433148988457809 0.13855313282607384
3 1085 2044 2043 0.997454096686774 0.4433148988457809 0.13855313282607384
3 1085 1084 1584 0.997454096686774 0.4433148988457809 0.13855313282607384
3 1086 2044 1085 0.997454096686774 0.4433148988457809 0.13855313282607384
3 1584 1585 1085 0.997454096686774 0.4433148988457809 0.13855313282607384
3 1085 1585 1086 0.997454096686774 0.4433148988457809 0.13855313282607384
3 1161 2059 1160 0.997454096686774 0.4433148988457809 0.13855313282607384
3 1160 1706 1161 0.997454096686774 0.4433148988457809 0.13855313282607384
3 1161 1706 1707 0.997454096686774 0.4433148988457809 0.13855313282607384
3 1150 2059 1151 0.997454096686774 0.4433148988457809 0.13855313282607384
3 1152 1610 1151 0.997454096686774 0.4433148988457809 0.13855313282607384
3 1151 1609 1150 0.997454096686774 0.4433148988457809 0.13855313282607384
3 1151 1610 1609 0.997454096686774 0.4433148988457809 0.13855313282607384
3 1903 1902 1815 0.997454096686774 0.4433148988457809 0.13855313282607384
3 1815 1816 1903 0.997454096686774 0.4433148988457809 0.13855313282607384
3 1903 1816 1904 0.997454096686774 0.4433148988457809 0.13855313282607384
3 1813 1321 1814 0.997454096686774 0.4433148988457809 0.13855313282607384
3 1814 2166 1815 0.997454096686774 0.4433148988457809 0.13855313282607384
3 1814 1321 2166 0.997454096686774 0.4433148988457809 0.13855313282607384
3 1815 1902 1403 0.997454096686774 0.4433148988457809 0.13855313282607384
3 1403 1814 1815 0.997454096686774 0.4433148988457809 0.13855313282607384
3 1904 1816 1817 0.997454096686774 0.4433148988457809 0.13855313282607384
3 2169 1818 1817 0.997454096686774 0.4433148988457809 0.13855313282607384
3 1817 2168 2169 0.997454096686774 0.4433148988457809 0.13855313282607384
3 1816 2168 1817 0.997454096686774 0.4433148988457809 0.13855313282607384
3 1905 1818 1906 0.997454096686774 0.4433148988457809 0.13855313282607384
3 1905 1592 1904 0.997454096686774 0.4433148988457809 0.13855313282607384
3 1904 1817 1905 0.997454096686774 0.4433148988457809 0.13855313282607384
3 1905 1817 1818 0.997454096686774 0.4433148988457809 0.13855313282607384
3 1906 2053 1905 0.997454096686774 0.4433148988457809 0.13855313282607384
3 1905 2053 1592 0.997454096686774 0.4433148988457809 0.13855313282607384
3 1320 1812 1319 0.997454096686774 0.4433148988457809 0.13855313282607384
3 1319 1215 1320 0.997454096686774 0.4433148988457809 0.13855313282607384
3 1215 1216 1320 0.997454096686774 0.4433148988457809 0.13855313282607384
3 1216 1321 1320 0.997454096686774 0.4433148988457809 0.13855313282607384
3 1320 1321 1813 0.997454096686774 0.4433148988457809 0.13855313282607384
3 1813 1812 1320 0.997454096686774 0.4433148988457809 0.13855313282607384
3 2091 1835 2189 0.997454096686774 0.4433148988457809 0.13855313282607384
3 2189 1834 2091 0.997454096686774 0.4433148988457809 0.13855313282607384
3 2092 1835 2091 0.997454096686774 0.4433148988457809 0.13855313282607384
3 2091 1959 2092 0.997454096686774 0.4433148988457809 0.13855313282607384
3 2091 1834 2090 0.997454096686774 0.4433148988457809 0.13855313282607384
3 2090 1958 2091 0.997454096686774 0.4433148988457809 0.13855313282607384
3 1958 1959 2091 0.997454096686774 0.4433148988457809 0.13855313282607384
3 1732 1939 1938 0.997454096686774 0.4433148988457809 0.13855313282607384
3 1938 1731 1732 0.997454096686774 0.4433148988457809 0.13855313282607384
3 2189 2190 1733 0.997454096686774 0.4433148988457809 0.13855313282607384
3 1733 1732 2189 0.997454096686774 0.4433148988457809 0.13855313282607384
3 1939 1732 1733 0.997454096686774 0.4433148988457809 0.13855313282607384
3 1733 2190 1734 0.997454096686774 0.4433148988457809 0.13855313282607384
3 1621 1921 1920 0.997454096686774 0.4433148988457809 0.13855313282607384
3 1621 1622 1921 0.997454096686774 0.4433148988457809 0.13855313282607384
3 1621 2070 2071 0.997454096686774 0.4433148988457809 0.13855313282607384
3 2071 1622 1621 0.997454096686774 0.4433148988457809 0.13855313282607384
3 1619 1918 1618 0.997454096686774 0.4433148988457809 0.13855313282607384
3 1918 1917 1618 0.997454096686774 0.4433148988457809 0.13855313282607384
3 1618 2068 1619 0.997454096686774 0.4433148988457809 0.13855313282607384
3 1618 2067 2068 0.997454096686774 0.4433148988457809 0.13855313282607384
3 1912 1145 1913 0.997454096686774 0.4433148988457809 0.13855313282607384
3 1913 1145 1146 0.997454096686774 0.4433148988457809 0.13855313282607384
3 1616 1147 1615 0.997454096686774 0.4433148988457809 0.13855313282607384
3 1156 1157 1615 0.997454096686774 0.4433148988457809 0.13855313282607384
3 1157 1616 1615 0.997454096686774 0.4433148988457809 0.13855313282607384
3 1615 1147 1146 0.997454096686774 0.4433148988457809 0.13855313282607384
3 1144 1143 1612 0.997454096686774 0.4433148988457809 0.13855313282607384
3 1612 1613 1144 0.997454096686774 0.4433148988457809 0.13855313282607384
3 1144 1613 1145 0.997454096686774 0.4433148988457809 0.13855313282607384
3 1144 1145 1912 0.997454096686774 0.4433148988457809 0.13855313282607384
3 1612 1143 1611 0.997454096686774 0.4433148988457809 0.13855313282607384
3 1611 1610 1152 0.997454096686774 0.4433148988457809 0.13855313282607384
3 1142 1610 1611 0.997454096686774 0.4433148988457809 0.13855313282607384
3 1611 1143 1142 0.997454096686774 0.4433148988457809 0.13855313282607384
3 1152 1153 1611 0.997454096686774 0.4433148988457809 0.13855313282607384
3 1611 1153 1612 0.997454096686774 0.4433148988457809 0.13855313282607384
3 1155 2064 1156 0.997454096686774 0.4433148988457809 0.13855313282607384
3 1612 1153 1154 0.997454096686774 0.4433148988457809 0.13855313282607384
3 1154 1613 1612 0.997454096686774 0.4433148988457809 0.13855313282607384
3 1154 1155 1613 0.997454096686774 0.4433148988457809 0.13855313282607384
3 1154 1153 2062 0.997454096686774 0.4433148988457809 0.13855313282607384
3 1131 1909 1132 0.997454096686774 0.4433148988457809 0.13855313282607384
3 1132 1133 1594 0.997454096686774 0.4433148988457809 0.13855313282607384
3 1594 1593 1132 0.997454096686774 0.4433148988457809 0.13855313282607384
3 1132 1593 1131 0.997454096686774 0.4433148988457809 0.13855313282607384
3 1133 1132 1910 0.997454096686774 0.4433148988457809 0.13855313282607384
3 1910 1132 1909 0.997454096686774 0.4433148988457809 0.13855313282607384
3 1142 1143 1910 0.997454096686774 0.4433148988457809 0.13855313282607384
3 1910 1909 1142 0.997454096686774 0.4433148988457809 0.13855313282607384
3 1313 1208 1209 0.997454096686774 0.4433148988457809 0.13855313282607384
3 1209 1210 1314 0.997454096686774 0.4433148988457809 0.13855313282607384
3 1314 1313 1209 0.997454096686774 0.4433148988457809 0.13855313282607384
3 2157 1210 1209 0.997454096686774 0.4433148988457809 0.13855313282607384
3 2156 1208 2155 0.997454096686774 0.4433148988457809 0.13855313282607384
3 2156 1218 2157 0.997454096686774 0.4433148988457809 0.13855313282607384
3 2157 1209 2156 0.997454096686774 0.4433148988457809 0.13855313282607384
3 2156 1209 1208 0.997454096686774 0.4433148988457809 0.13855313282607384
3 2156 1217 1218 0.997454096686774 0.4433148988457809 0.13855313282607384
3 2156 2155 1217 0.997454096686774 0.4433148988457809 0.13855313282607384
3 1734 1941 1940 0.997454096686774 0.4433148988457809 0.13855313282607384
3 1941 1717 1940 0.997454096686774 0.4433148988457809 0.13855313282607384
3 1940 1733 1734 0.997454096686774 0.4433148988457809 0.13855313282607384
3 1940 1717 1716 0.997454096686774 0.4433148988457809 0.13855313282607384
3 1716 1939 1940 0.997454096686774 0.4433148988457809 0.13855313282607384
3 1939 1733 1940 0.997454096686774 0.4433148988457809 0.13855313282607384
3 1734 2190 1836 0.997454096686774 0.4433148988457809 0.13855313282607384
3 1836 2191 1734 0.997454096686774 0.4433148988457809 0.13855313282607384
3 1836 2190 2092 0.997454096686774 0.4433148988457809 0.13855313282607384
3 2092 2093 1836 0.997454096686774 0.4433148988457809 0.13855313282607384
3 1836 2093 2191 0.997454096686774 0.4433148988457809 0.13855313282607384
3 2193 1943 2094 0.997454096686774 0.4433148988457809 0.13855313282607384
3 2194 2075 2193 0.997454096686774 0.4433148988457809 0.13855313282607384
3 2193 2075 2074 0.997454096686774 0.4433148988457809 0.13855313282607384
3 2074 1943 2193 0.997454096686774 0.4433148988457809 0.13855313282607384
3 2193 2214 2194 0.997454096686774 0.4433148988457809 0.13855313282607384
3 2172 2171 1925 0.997454096686774 0.4433148988457809 0.13855313282607384
3 2171 1924 1925 0.997454096686774 0.4433148988457809 0.13855313282607384
3 1925 1924 2074 0.997454096686774 0.4433148988457809 0.13855313282607384
3 2074 2075 1925 0.997454096686774 0.4433148988457809 0.13855313282607384
3 1925 2173 2172 0.997454096686774 0.4433148988457809 0.13855313282607384
3 1925 2075 2173 0.997454096686774 0.4433148988457809 0.13855313282607384
3 1983 1105 1106 0.997454096686774 0.4433148988457809 0.13855313282607384
3 1106 1105 1024 0.997454096686774 0.4433148988457809 0.13855313282607384
3 1024 1025 1106 0.997454096686774 0.4433148988457809 0.13855313282607384
3 1025 1107 1106 0.997454096686774 0.4433148988457809 0.13855313282607384
3 1108 1109 1986 0.997454096686774 0.4433148988457809 0.13855313282607384
3 1984 1106 1107 0.997454096686774 0.4433148988457809 0.13855313282607384
3 1983 1106 1984 0.997454096686774 0.4433148988457809 0.13855313282607384
3 1174 1173 1629 0.997454096686774 0.4433148988457809 0.13855313282607384
3 1988 1103 1102 0.997454096686774 0.4433148988457809 0.13855313282607384
3 1982 1981 1104 0.997454096686774 0.4433148988457809 0.13855313282607384
3 1104 1105 1982 0.997454096686774 0.4433148988457809 0.13855313282607384
3 1982 1105 1983 0.997454096686774 0.4433148988457809 0.13855313282607384
3 791 1095 790 0.997454096686774 0.4433148988457809 0.13855313282607384
3 791 1981 1095 0.997454096686774 0.4433148988457809 0.13855313282607384
3 792 1981 791 0.997454096686774 0.4433148988457809 0.13855313282607384
3 1273 1272 2100 0.997454096686774 0.4433148988457809 0.13855313282607384
3 1273 1362 1272 0.997454096686774 0.4433148988457809 0.13855313282607384
3 1171 1172 2100 0.997454096686774 0.4433148988457809 0.13855313282607384
3 1627 1172 1171 0.997454096686774 0.4433148988457809 0.13855313282607384
3 2101 1172 1173 0.997454096686774 0.4433148988457809 0.13855313282607384
3 2100 1172 2101 0.997454096686774 0.4433148988457809 0.13855313282607384
3 2101 1273 2100 0.997454096686774 0.4433148988457809 0.13855313282607384
3 1274 1273 2101 0.997454096686774 0.4433148988457809 0.13855313282607384
3 1277 2105 1367 0.997454096686774 0.4433148988457809 0.13855313282607384
3 2104 2105 1277 0.997454096686774 0.4433148988457809 0.13855313282607384
3 2107 2108 1766 0.997454096686774 0.4433148988457809 0.13855313282607384
3 2107 1765 2106 0.997454096686774 0.4433148988457809 0.13855313282607384
3 1766 1765 2107 0.997454096686774 0.4433148988457809 0.13855313282607384
3 2107 1634 2108 0.997454096686774 0.4433148988457809 0.13855313282607384
3 2109 2108 1636 0.997454096686774 0.4433148988457809 0.13855313282607384
3 2111 2110 1638 0.997454096686774 0.4433148988457809 0.13855313282607384
3 2113 2112 1998 0.997454096686774 0.4433148988457809 0.13855313282607384
3 1998 1999 2113 0.997454096686774 0.4433148988457809 0.13855313282607384
3 1979 2111 1980 0.997454096686774 0.4433148988457809 0.13855313282607384
3 2111 2112 1980 0.997454096686774 0.4433148988457809 0.13855313282607384
3 1980 2113 2214 0.997454096686774 0.4433148988457809 0.13855313282607384
3 2112 2113 1980 0.997454096686774 0.4433148988457809 0.13855313282607384
3 2214 2193 1980 0.997454096686774 0.4433148988457809 0.13855313282607384
3 1975 1763 1764 0.997454096686774 0.4433148988457809 0.13855313282607384
3 1976 1749 1975 0.997454096686774 0.4433148988457809 0.13855313282607384
3 1975 1764 1976 0.997454096686774 0.4433148988457809 0.13855313282607384
3 1749 1748 1975 0.997454096686774 0.4433148988457809 0.13855313282607384
3 1976 1766 1977 0.997454096686774 0.4433148988457809 0.13855313282607384
3 1977 1750 1976 0.997454096686774 0.4433148988457809 0.13855313282607384
3 1064 1063 2136 0.997454096686774 0.4433148988457809 0.13855313282607384
3 1064 2136 2137 0.997454096686774 0.4433148988457809 0.13855313282607384
3 2137 1065 1064 0.997454096686774 0.4433148988457809 0.13855313282607384
3 1064 1065 1495 0.997454096686774 0.4433148988457809 0.13855313282607384
3 1495 1002 1494 0.997454096686774 0.4433148988457809 0.13855313282607384
3 1494 1064 1495 0.997454096686774 0.4433148988457809 0.13855313282607384
3 1063 1064 1494 0.997454096686774 0.4433148988457809 0.13855313282607384
3 1122 1564 1123 0.997454096686774 0.4433148988457809 0.13855313282607384
3 1123 1124 2136 0.997454096686774 0.4433148988457809 0.13855313282607384
3 1564 1565 1123 0.997454096686774 0.4433148988457809 0.13855313282607384
3 1123 1565 1124 0.997454096686774 0.4433148988457809 0.13855313282607384
3 2136 2135 1123 0.997454096686774 0.4433148988457809 0.13855313282607384
3 1123 2135 1122 0.997454096686774 0.4433148988457809 0.13855313282607384
3 1009 1507 1010 0.997454096686774 0.4433148988457809 0.13855313282607384
3 1010 1787 1009 0.997454096686774 0.4433148988457809 0.13855313282607384
3 1009 1787 1786 0.997454096686774 0.4433148988457809 0.13855313282607384
3 1009 1786 846 0.997454096686774 0.4433148988457809 0.13855313282607384
3 846 847 1009 0.997454096686774 0.4433148988457809 0.13855313282607384
3 1009 847 1507 0.997454096686774 0.4433148988457809 0.13855313282607384
3 1073 1200 1199 0.997454096686774 0.4433148988457809 0.13855313282607384
3 1073 1199 1072 0.997454096686774 0.4433148988457809 0.13855313282607384
3 1072 1787 1073 0.997454096686774 0.4433148988457809 0.13855313282607384
3 1073 1787 1788 0.997454096686774 0.4433148988457809 0.13855313282607384
3 1791 1076 1790 0.997454096686774 0.4433148988457809 0.13855313282607384
3 1012 1011 1510 0.997454096686774 0.4433148988457809 0.13855313282607384
3 1789 1011 1012 0.997454096686774 0.4433148988457809 0.13855313282607384
3 1012 1790 1789 0.997454096686774 0.4433148988457809 0.13855313282607384
3 1583 1084 1083 0.997454096686774 0.4433148988457809 0.13855313282607384
3 1082 2040 1081 0.997454096686774 0.4433148988457809 0.13855313282607384
3 1082 2041 2040 0.997454096686774 0.4433148988457809 0.13855313282607384
3 1081 1581 1082 0.997454096686774 0.4433148988457809 0.13855313282607384
3 1082 1083 2041 0.997454096686774 0.4433148988457809 0.13855313282607384
3 1295 1294 1896 0.997454096686774 0.4433148988457809 0.13855313282607384
3 1295 1296 1584 0.997454096686774 0.4433148988457809 0.13855313282607384
3 1295 1584 1583 0.997454096686774 0.4433148988457809 0.13855313282607384
3 1583 1294 1295 0.997454096686774 0.4433148988457809 0.13855313282607384
3 1010 1507 1508 0.997454096686774 0.4433148988457809 0.13855313282607384
3 1507 1017 1508 0.997454096686774 0.4433148988457809 0.13855313282607384
3 1016 1017 1507 0.997454096686774 0.4433148988457809 0.13855313282607384
3 848 2038 1016 0.997454096686774 0.4433148988457809 0.13855313282607384
3 1016 2038 2039 0.997454096686774 0.4433148988457809 0.13855313282607384
3 2039 1017 1016 0.997454096686774 0.4433148988457809 0.13855313282607384
3 1016 847 848 0.997454096686774 0.4433148988457809 0.13855313282607384
3 1507 847 1016 0.997454096686774 0.4433148988457809 0.13855313282607384
3 1019 1020 1510 0.997454096686774 0.4433148988457809 0.13855313282607384
3 1021 1020 2043 0.997454096686774 0.4433148988457809 0.13855313282607384
3 1022 1512 1021 0.997454096686774 0.4433148988457809 0.13855313282607384
3 1021 2044 1022 0.997454096686774 0.4433148988457809 0.13855313282607384
3 2043 2044 1021 0.997454096686774 0.4433148988457809 0.13855313282607384
3 1791 1015 1792 0.997454096686774 0.4433148988457809 0.13855313282607384
3 1792 1077 1791 0.997454096686774 0.4433148988457809 0.13855313282607384
3 1015 1793 1792 0.997454096686774 0.4433148988457809 0.13855313282607384
3 1078 1077 1792 0.997454096686774 0.4433148988457809 0.13855313282607384
3 1792 1793 1078 0.997454096686774 0.4433148988457809 0.13855313282607384
3 1904 1592 1591 0.997454096686774 0.4433148988457809 0.13855313282607384
3 1591 1903 1904 0.997454096686774 0.4433148988457809 0.13855313282607384
3 2051 2052 1799 0.997454096686774 0.4433148988457809 0.13855313282607384
3 1799 1519 2051 0.997454096686774 0.4433148988457809 0.13855313282607384
3 2051 1592 2052 0.997454096686774 0.4433148988457809 0.13855313282607384
3 2051 1591 1592 0.997454096686774 0.4433148988457809 0.13855313282607384
3 1884 1574 1883 0.997454096686774 0.4433148988457809 0.13855313282607384
3 1882 1288 1883 0.997454096686774 0.4433148988457809 0.13855313282607384
3 1797 1884 1883 0.997454096686774 0.4433148988457809 0.13855313282607384
3 1883 1288 1797 0.997454096686774 0.4433148988457809 0.13855313282607384
3 1572 2144 1130 0.997454096686774 0.4433148988457809 0.13855313282607384
3 2144 2143 1130 0.997454096686774 0.4433148988457809 0.13855313282607384
3 2142 2143 1070 0.997454096686774 0.4433148988457809 0.13855313282607384
3 2142 2141 1129 0.997454096686774 0.4433148988457809 0.13855313282607384
3 1129 1130 2142 0.997454096686774 0.4433148988457809 0.13855313282607384
3 2142 1130 2143 0.997454096686774 0.4433148988457809 0.13855313282607384
3 2142 1070 1069 0.997454096686774 0.4433148988457809 0.13855313282607384
3 1069 2141 2142 0.997454096686774 0.4433148988457809 0.13855313282607384
3 1502 2143 2144 0.997454096686774 0.4433148988457809 0.13855313282607384
3 1502 1501 1070 0.997454096686774 0.4433148988457809 0.13855313282607384
3 1070 2143 1502 0.997454096686774 0.4433148988457809 0.13855313282607384
3 1502 1695 1694 0.997454096686774 0.4433148988457809 0.13855313282607384
3 1694 1501 1502 0.997454096686774 0.4433148988457809 0.13855313282607384
3 1497 1067 1498 0.997454096686774 0.4433148988457809 0.13855313282607384
3 2140 2141 1068 0.997454096686774 0.4433148988457809 0.13855313282607384
3 2139 1127 2140 0.997454096686774 0.4433148988457809 0.13855313282607384
3 2140 1067 2139 0.997454096686774 0.4433148988457809 0.13855313282607384
3 1068 1067 2140 0.997454096686774 0.4433148988457809 0.13855313282607384
3 1127 1569 1128 0.997454096686774 0.4433148988457809 0.13855313282607384
3 1128 2140 1127 0.997454096686774 0.4433148988457809 0.13855313282607384
3 2141 2140 1128 0.997454096686774 0.4433148988457809 0.13855313282607384
3 1129 2141 1128 0.997454096686774 0.4433148988457809 0.13855313282607384
3 1287 1205 1206 0.997454096686774 0.4433148988457809 0.13855313282607384
3 1206 1288 1287 0.997454096686774 0.4433148988457809 0.13855313282607384
3 1795 1796 1206 0.997454096686774 0.4433148988457809 0.13855313282607384
3 1796 1288 1206 0.997454096686774 0.4433148988457809 0.13855313282607384
3 1795 1206 1794 0.997454096686774 0.4433148988457809 0.13855313282607384
3 1794 1206 1205 0.997454096686774 0.4433148988457809 0.13855313282607384
3 1794 1793 1515 0.997454096686774 0.4433148988457809 0.13855313282607384
3 1794 1205 1078 0.997454096686774 0.4433148988457809 0.13855313282607384
3 1078 1793 1794 0.997454096686774 0.4433148988457809 0.13855313282607384
3 1516 1795 1794 0.997454096686774 0.4433148988457809 0.13855313282607384
3 1794 1515 1516 0.997454096686774 0.4433148988457809 0.13855313282607384
3 1292 1291 1893 0.997454096686774 0.4433148988457809 0.13855313282607384
3 1292 1893 1894 0.997454096686774 0.4433148988457809 0.13855313282607384
3 1894 1293 1292 0.997454096686774 0.4433148988457809 0.13855313282607384
3 1293 1581 1292 0.997454096686774 0.4433148988457809 0.13855313282607384
3 1292 1581 1580 0.997454096686774 0.4433148988457809 0.13855313282607384
3 1580 1291 1292 0.997454096686774 0.4433148988457809 0.13855313282607384
3 1287 1882 1881 0.997454096686774 0.4433148988457809 0.13855313282607384
3 1882 1196 1881 0.997454096686774 0.4433148988457809 0.13855313282607384
3 1286 1880 1285 0.997454096686774 0.4433148988457809 0.13855313282607384
3 1286 1285 1204 0.997454096686774 0.4433148988457809 0.13855313282607384
3 1204 1205 1286 0.997454096686774 0.4433148988457809 0.13855313282607384
3 1286 1205 1287 0.997454096686774 0.4433148988457809 0.13855313282607384
3 1287 1881 1286 0.997454096686774 0.4433148988457809 0.13855313282607384
3 1286 1881 1880 0.997454096686774 0.4433148988457809 0.13855313282607384
3 1129 1128 1570 0.997454096686774 0.4433148988457809 0.13855313282607384
3 1570 1128 1569 0.997454096686774 0.4433148988457809 0.13855313282607384
3 1669 1668 2014 0.997454096686774 0.4433148988457809 0.13855313282607384
3 1684 1685 2014 0.997454096686774 0.4433148988457809 0.13855313282607384
3 1562 1685 1561 0.997454096686774 0.4433148988457809 0.13855313282607384
3 1561 1560 2031 0.997454096686774 0.4433148988457809 0.13855313282607384
3 1684 1560 1561 0.997454096686774 0.4433148988457809 0.13855313282607384
3 1561 1685 1684 0.997454096686774 0.4433148988457809 0.13855313282607384
3 1686 1685 1562 0.997454096686774 0.4433148988457809 0.13855313282607384
3 1869 1868 1670 0.997454096686774 0.4433148988457809 0.13855313282607384
3 1670 2016 1869 0.997454096686774 0.4433148988457809 0.13855313282607384
3 1670 1868 1669 0.997454096686774 0.4433148988457809 0.13855313282607384
3 1701 1700 2149 0.997454096686774 0.4433148988457809 0.13855313282607384
3 1701 2150 1702 0.997454096686774 0.4433148988457809 0.13855313282607384
3 2149 2150 1701 0.997454096686774 0.4433148988457809 0.13855313282607384
3 1506 1700 1699 0.997454096686774 0.4433148988457809 0.13855313282607384
3 1505 2147 1506 0.997454096686774 0.4433148988457809 0.13855313282607384
3 1506 1698 1505 0.997454096686774 0.4433148988457809 0.13855313282607384
3 1699 1698 1506 0.997454096686774 0.4433148988457809 0.13855313282607384
3 2027 1388 2028 0.997454096686774 0.4433148988457809 0.13855313282607384
3 1376 2026 2027 0.997454096686774 0.4433148988457809 0.13855313282607384
3 2027 2026 1387 0.997454096686774 0.4433148988457809 0.13855313282607384
3 1387 1388 2027 0.997454096686774 0.4433148988457809 0.13855313282607384
3 2027 1377 1376 0.997454096686774 0.4433148988457809 0.13855313282607384
3 2027 2028 1377 0.997454096686774 0.4433148988457809 0.13855313282607384
3 1498 1068 1499 0.997454096686774 0.4433148988457809 0.13855313282607384
3 1499 1068 1069 0.997454096686774 0.4433148988457809 0.13855313282607384
3 998 1383 997 0.997454096686774 0.4433148988457809 0.13855313282607384
3 998 1690 999 0.997454096686774 0.4433148988457809 0.13855313282607384
3 999 1384 998 0.997454096686774 0.4433148988457809 0.13855313282607384
3 998 1384 1383 0.997454096686774 0.4433148988457809 0.13855313282607384
3 1004 1690 1689 0.997454096686774 0.4433148988457809 0.13855313282607384
3 1689 997 1688 0.997454096686774 0.4433148988457809 0.13855313282607384
3 1689 998 997 0.997454096686774 0.4433148988457809 0.13855313282607384
3 1690 998 1689 0.997454096686774 0.4433148988457809 0.13855313282607384
3 1688 1003 1689 0.997454096686774 0.4433148988457809 0.13855313282607384
3 1003 1004 1689 0.997454096686774 0.4433148988457809 0.13855313282607384
3 1007 1008 1693 0.997454096686774 0.4433148988457809 0.13855313282607384
3 1693 1692 1007 0.997454096686774 0.4433148988457809 0.13855313282607384
3 1723 1327 1724 0.997454096686774 0.4433148988457809 0.13855313282607384
3 1825 1338 1337 0.997454096686774 0.4433148988457809 0.13855313282607384
3 1824 1825 1337 0.997454096686774 0.4433148988457809 0.13855313282607384
3 1337 2179 2178 0.997454096686774 0.4433148988457809 0.13855313282607384
3 1337 1338 2179 0.997454096686774 0.4433148988457809 0.13855313282607384
3 2181 1340 2182 0.997454096686774 0.4433148988457809 0.13855313282607384
3 1957 1849 1428 0.997454096686774 0.4433148988457809 0.13855313282607384
3 1440 1747 1428 0.997454096686774 0.4433148988457809 0.13855313282607384
3 1427 1848 1745 0.997454096686774 0.4433148988457809 0.13855313282607384
3 1745 1848 1426 0.997454096686774 0.4433148988457809 0.13855313282607384
3 1426 1438 1745 0.997454096686774 0.4433148988457809 0.13855313282607384
3 2086 2085 1529 0.997454096686774 0.4433148988457809 0.13855313282607384
3 1529 1530 2086 0.997454096686774 0.4433148988457809 0.13855313282607384
3 1351 1970 1969 0.997454096686774 0.4433148988457809 0.13855313282607384
3 1937 1731 1938 0.997454096686774 0.4433148988457809 0.13855313282607384
3 1937 1714 1713 0.997454096686774 0.4433148988457809 0.13855313282607384
3 1937 1938 1714 0.997454096686774 0.4433148988457809 0.13855313282607384
3 1833 2089 2090 0.997454096686774 0.4433148988457809 0.13855313282607384
3 2090 1834 1833 0.997454096686774 0.4433148988457809 0.13855313282607384
3 1832 2088 2089 0.997454096686774 0.4433148988457809 0.13855313282607384
3 2089 1833 1832 0.997454096686774 0.4433148988457809 0.13855313282607384
3 1832 1833 2187 0.997454096686774 0.4433148988457809 0.13855313282607384
3 1166 1165 1711 0.997454096686774 0.4433148988457809 0.13855313282607384
3 1166 2064 1165 0.997454096686774 0.4433148988457809 0.13855313282607384
3 1926 1238 1927 0.997454096686774 0.4433148988457809 0.13855313282607384
3 1238 1239 1927 0.997454096686774 0.4433148988457809 0.13855313282607384
3 1227 1926 1927 0.997454096686774 0.4433148988457809 0.13855313282607384
3 1927 1228 1227 0.997454096686774 0.4433148988457809 0.13855313282607384
3 1240 1722 1723 0.997454096686774 0.4433148988457809 0.13855313282607384
3 1240 1239 1722 0.997454096686774 0.4433148988457809 0.13855313282607384
3 1707 1706 1231 0.997454096686774 0.4433148988457809 0.13855313282607384
3 1231 1706 1230 0.997454096686774 0.4433148988457809 0.13855313282607384
3 2198 1839 1417 0.997454096686774 0.4433148988457809 0.13855313282607384
3 1260 1839 2198 0.997454096686774 0.4433148988457809 0.13855313282607384
3 1323 1720 1719 0.997454096686774 0.4433148988457809 0.13855313282607384
3 874 1322 1719 0.997454096686774 0.4433148988457809 0.13855313282607384
3 1719 1322 1323 0.997454096686774 0.4433148988457809 0.13855313282607384
3 1719 873 874 0.997454096686774 0.4433148988457809 0.13855313282607384
3 1237 873 1719 0.997454096686774 0.4433148988457809 0.13855313282607384
3 1719 1720 1237 0.997454096686774 0.4433148988457809 0.13855313282607384
3 1323 2176 2177 0.997454096686774 0.4433148988457809 0.13855313282607384
3 2178 1324 2177 0.997454096686774 0.4433148988457809 0.13855313282607384
3 2177 1324 1323 0.997454096686774 0.4433148988457809 0.13855313282607384
3 1334 1821 1822 0.997454096686774 0.4433148988457809 0.13855313282607384
3 876 877 1333 0.997454096686774 0.4433148988457809 0.13855313282607384
3 877 1821 1333 0.997454096686774 0.4433148988457809 0.13855313282607384
3 1821 1334 1333 0.997454096686774 0.4433148988457809 0.13855313282607384
3 1260 2198 1261 0.997454096686774 0.4433148988457809 0.13855313282607384
3 1261 2198 2199 0.997454096686774 0.4433148988457809 0.13855313282607384
3 1252 1525 1251 0.997454096686774 0.4433148988457809 0.13855313282607384
3 1251 1091 1252 0.997454096686774 0.4433148988457809 0.13855313282607384
3 1526 1525 1252 0.997454096686774 0.4433148988457809 0.13855313282607384
3 1844 1845 1265 0.997454096686774 0.4433148988457809 0.13855313282607384
3 1265 1264 1844 0.997454096686774 0.4433148988457809 0.13855313282607384
3 1952 1264 1265 0.997454096686774 0.4433148988457809 0.13855313282607384
3 1265 1845 1266 0.997454096686774 0.4433148988457809 0.13855313282607384
3 1266 1953 1265 0.997454096686774 0.4433148988457809 0.13855313282607384
3 1265 1953 1952 0.997454096686774 0.4433148988457809 0.13855313282607384
3 1844 1843 1422 0.997454096686774 0.4433148988457809 0.13855313282607384
3 1422 1740 1741 0.997454096686774 0.4433148988457809 0.13855313282607384
3 1741 1423 1422 0.997454096686774 0.4433148988457809 0.13855313282607384
3 1422 1423 1844 0.997454096686774 0.4433148988457809 0.13855313282607384
3 1347 1754 1348 0.997454096686774 0.4433148988457809 0.13855313282607384
3 1347 1966 1346 0.997454096686774 0.4433148988457809 0.13855313282607384
3 1346 1753 1347 0.997454096686774 0.4433148988457809 0.13855313282607384
3 1347 1753 1754 0.997454096686774 0.4433148988457809 0.13855313282607384
3 1965 1966 1434 0.997454096686774 0.4433148988457809 0.13855313282607384
3 1741 1740 1434 0.997454096686774 0.4433148988457809 0.13855313282607384
3 1739 1431 1432 0.997454096686774 0.4433148988457809 0.13855313282607384
3 1432 1740 1739 0.997454096686774 0.4433148988457809 0.13855313282607384
3 1432 1431 1963 0.997454096686774 0.4433148988457809 0.13855313282607384
3 1963 1964 1432 0.997454096686774 0.4433148988457809 0.13855313282607384
3 1344 1964 1963 0.997454096686774 0.4433148988457809 0.13855313282607384
3 1344 782 783 0.997454096686774 0.4433148988457809 0.13855313282607384
3 1963 782 1344 0.997454096686774 0.4433148988457809 0.13855313282607384
3 1346 1965 1345 0.997454096686774 0.4433148988457809 0.13855313282607384
3 1965 1964 1345 0.997454096686774 0.4433148988457809 0.13855313282607384
3 1345 1752 1346 0.997454096686774 0.4433148988457809 0.13855313282607384
3 1964 1344 1345 0.997454096686774 0.4433148988457809 0.13855313282607384
3 783 1752 1345 0.997454096686774 0.4433148988457809 0.13855313282607384
3 1345 1344 783 0.997454096686774 0.4433148988457809 0.13855313282607384
3 1357 1754 1356 0.997454096686774 0.4433148988457809 0.13855313282607384
3 1754 1753 1356 0.997454096686774 0.4433148988457809 0.13855313282607384
3 1356 785 1357 0.997454096686774 0.4433148988457809 0.13855313282607384
3 2096 1270 1269 0.997454096686774 0.4433148988457809 0.13855313282607384
3 1359 1268 1269 0.997454096686774 0.4433148988457809 0.13855313282607384
3 2095 2096 1269 0.997454096686774 0.4433148988457809 0.13855313282607384
3 1269 1268 2095 0.997454096686774 0.4433148988457809 0.13855313282607384
3 1360 1270 1361 0.997454096686774 0.4433148988457809 0.13855313282607384
3 1361 1758 1360 0.997454096686774 0.4433148988457809 0.13855313282607384
3 1359 1269 1360 0.997454096686774 0.4433148988457809 0.13855313282607384
3 1360 1269 1270 0.997454096686774 0.4433148988457809 0.13855313282607384
3 1349 1755 1756 0.997454096686774 0.4433148988457809 0.13855313282607384
3 1358 1268 1359 0.997454096686774 0.4433148988457809 0.13855313282607384
3 1359 1756 1358 0.997454096686774 0.4433148988457809 0.13855313282607384
3 1358 1756 1755 0.997454096686774 0.4433148988457809 0.13855313282607384
3 1358 1755 1357 0.997454096686774 0.4433148988457809 0.13855313282607384
3 785 786 1267 0.997454096686774 0.4433148988457809 0.13855313282607384
3 786 1268 1267 0.997454096686774 0.4433148988457809 0.13855313282607384
3 1357 785 1267 0.997454096686774 0.4433148988457809 0.13855313282607384
3 1267 1358 1357 0.997454096686774 0.4433148988457809 0.13855313282607384
3 1268 1358 1267 0.997454096686774 0.4433148988457809 0.13855313282607384
3 1266 1845 1846 0.997454096686774 0.4433148988457809 0.13855313282607384
3 1845 1424 1846 0.997454096686774 0.4433148988457809 0.13855313282607384
3 1846 2205 1266 0.997454096686774 0.4433148988457809 0.13855313282607384
3 1846 1425 2205 0.997454096686774 0.4433148988457809 0.13855313282607384
3 1742 1423 1741 0.997454096686774 0.4433148988457809 0.13855313282607384
3 1742 1424 1423 0.997454096686774 0.4433148988457809 0.13855313282607384
3 1737 1738 1420 0.997454096686774 0.4433148988457809 0.13855313282607384
3 1973 1747 1440 0.997454096686774 0.4433148988457809 0.13855313282607384
3 1440 1354 1973 0.997454096686774 0.4433148988457809 0.13855313282607384
3 2098 1272 1271 0.997454096686774 0.4433148988457809 0.13855313282607384
3 1271 2097 2098 0.997454096686774 0.4433148988457809 0.13855313282607384
3 788 1167 787 0.997454096686774 0.4433148988457809 0.13855313282607384
3 1177 1625 1624 0.997454096686774 0.4433148988457809 0.13855313282607384
3 789 1177 1624 0.997454096686774 0.4433148988457809 0.13855313282607384
3 1186 1634 1633 0.997454096686774 0.4433148988457809 0.13855313282607384
3 1633 2107 2106 0.997454096686774 0.4433148988457809 0.13855313282607384
3 1634 2107 1633 0.997454096686774 0.4433148988457809 0.13855313282607384
3 2151 2150 1888 0.997454096686774 0.4433148988457809 0.13855313282607384
3 1702 2150 2151 0.997454096686774 0.4433148988457809 0.13855313282607384
3 2151 2035 1702 0.997454096686774 0.4433148988457809 0.13855313282607384
3 1577 2150 2149 0.997454096686774 0.4433148988457809 0.13855313282607384
3 1577 1887 2150 0.997454096686774 0.4433148988457809 0.13855313282607384
3 1802 1887 1801 0.997454096686774 0.4433148988457809 0.13855313282607384
3 1800 2053 1801 0.997454096686774 0.4433148988457809 0.13855313282607384
3 1801 2053 2054 0.997454096686774 0.4433148988457809 0.13855313282607384
3 2054 1802 1801 0.997454096686774 0.4433148988457809 0.13855313282607384
3 2129 1547 2130 0.997454096686774 0.4433148988457809 0.13855313282607384
3 2128 1547 2129 0.997454096686774 0.4433148988457809 0.13855313282607384
3 2130 1653 2129 0.997454096686774 0.4433148988457809 0.13855313282607384
3 2129 1653 1652 0.997454096686774 0.4433148988457809 0.13855313282607384
3 1652 1454 2129 0.997454096686774 0.4433148988457809 0.13855313282607384
3 2129 1454 2128 0.997454096686774 0.4433148988457809 0.13855313282607384
3 1545 1868 1546 0.997454096686774 0.4433148988457809 0.13855313282607384
3 1868 1547 1546 0.997454096686774 0.4433148988457809 0.13855313282607384
3 2127 1545 1546 0.997454096686774 0.4433148988457809 0.13855313282607384
3 1546 2128 2127 0.997454096686774 0.4433148988457809 0.13855313282607384
3 1546 1547 2128 0.997454096686774 0.4433148988457809 0.13855313282607384
3 1649 1648 1452 0.997454096686774 0.4433148988457809 0.13855313282607384
3 1649 1453 1650 0.997454096686774 0.4433148988457809 0.13855313282607384
3 1649 1452 1453 0.997454096686774 0.4433148988457809 0.13855313282607384
3 1992 1991 1778 0.997454096686774 0.4433148988457809 0.13855313282607384
3 1778 1991 1112 0.997454096686774 0.4433148988457809 0.13855313282607384
3 1647 1648 1778 0.997454096686774 0.4433148988457809 0.13855313282607384
3 1453 1452 2126 0.997454096686774 0.4433148988457809 0.13855313282607384
3 1452 2125 2126 0.997454096686774 0.4433148988457809 0.13855313282607384
3 2127 1453 2126 0.997454096686774 0.4433148988457809 0.13855313282607384
3 2126 1545 2127 0.997454096686774 0.4433148988457809 0.13855313282607384
3 2126 1544 1545 0.997454096686774 0.4433148988457809 0.13855313282607384
3 2126 2125 1544 0.997454096686774 0.4433148988457809 0.13855313282607384
3 1653 1784 1783 0.997454096686774 0.4433148988457809 0.13855313282607384
3 1652 1653 1783 0.997454096686774 0.4433148988457809 0.13855313282607384
3 1783 1782 1652 0.997454096686774 0.4433148988457809 0.13855313282607384
3 1646 1450 1647 0.997454096686774 0.4433148988457809 0.13855313282607384
3 924 1645 1646 0.997454096686774 0.4433148988457809 0.13855313282607384
3 2120 2121 937 0.997454096686774 0.4433148988457809 0.13855313282607384
3 937 2121 938 0.997454096686774 0.4433148988457809 0.13855313282607384
3 1449 2123 1450 0.997454096686774 0.4433148988457809 0.13855313282607384
3 1448 938 1449 0.997454096686774 0.4433148988457809 0.13855313282607384
3 2122 2123 1449 0.997454096686774 0.4433148988457809 0.13855313282607384
3 1449 938 2122 0.997454096686774 0.4433148988457809 0.13855313282607384
3 1450 1646 1449 0.997454096686774 0.4433148988457809 0.13855313282607384
3 2194 2214 2114 0.997454096686774 0.4433148988457809 0.13855313282607384
3 1999 2134 2114 0.997454096686774 0.4433148988457809 0.13855313282607384
3 2214 2113 2114 0.997454096686774 0.4433148988457809 0.13855313282607384
3 2114 2113 1999 0.997454096686774 0.4433148988457809 0.13855313282607384
3 2114 2174 2194 0.997454096686774 0.4433148988457809 0.13855313282607384
3 1871 2132 2131 0.997454096686774 0.4433148988457809 0.13855313282607384
3 2131 1870 1871 0.997454096686774 0.4433148988457809 0.13855313282607384
3 1871 1870 2017 0.997454096686774 0.4433148988457809 0.13855313282607384
3 2017 2018 1871 0.997454096686774 0.4433148988457809 0.13855313282607384
3 934 2118 935 0.997454096686774 0.4433148988457809 0.13855313282607384
3 935 1444 934 0.997454096686774 0.4433148988457809 0.13855313282607384
3 935 1445 1444 0.997454096686774 0.4433148988457809 0.13855313282607384
3 1448 930 1447 0.997454096686774 0.4433148988457809 0.13855313282607384
3 1446 937 1447 0.997454096686774 0.4433148988457809 0.13855313282607384
3 1447 938 1448 0.997454096686774 0.4433148988457809 0.13855313282607384
3 1447 937 938 0.997454096686774 0.4433148988457809 0.13855313282607384
3 928 1446 929 0.997454096686774 0.4433148988457809 0.13855313282607384
3 929 930 1643 0.997454096686774 0.4433148988457809 0.13855313282607384
3 1446 1447 929 0.997454096686774 0.4433148988457809 0.13855313282607384
3 929 1447 930 0.997454096686774 0.4433148988457809 0.13855313282607384
3 1642 928 929 0.997454096686774 0.4433148988457809 0.13855313282607384
3 929 1643 1642 0.997454096686774 0.4433148988457809 0.13855313282607384
3 1989 1112 1990 0.997454096686774 0.4433148988457809 0.13855313282607384
3 1112 1991 1990 0.997454096686774 0.4433148988457809 0.13855313282607384
3 1990 1103 1989 0.997454096686774 0.4433148988457809 0.13855313282607384
3 1186 1103 1990 0.997454096686774 0.4433148988457809 0.13855313282607384
3 1990 1634 1186 0.997454096686774 0.4433148988457809 0.13855313282607384
3 1990 1991 1634 0.997454096686774 0.4433148988457809 0.13855313282607384
3 1486 978 1044 0.997454096686774 0.4433148988457809 0.13855313282607384
3 978 1485 1044 0.997454096686774 0.4433148988457809 0.13855313282607384
3 1044 2006 1486 0.997454096686774 0.4433148988457809 0.13855313282607384
3 1044 1053 2006 0.997454096686774 0.4433148988457809 0.13855313282607384
3 2005 1053 1044 0.997454096686774 0.4433148988457809 0.13855313282607384
3 1044 1485 2005 0.997454096686774 0.4433148988457809 0.13855313282607384
3 978 970 1658 0.997454096686774 0.4433148988457809 0.13855313282607384
3 1658 969 977 0.997454096686774 0.4433148988457809 0.13855313282607384
3 977 1485 1658 0.997454096686774 0.4433148988457809 0.13855313282607384
3 1658 1485 978 0.997454096686774 0.4433148988457809 0.13855313282607384
3 1469 969 1470 0.997454096686774 0.4433148988457809 0.13855313282607384
3 1470 961 1469 0.997454096686774 0.4433148988457809 0.13855313282607384
3 969 1658 1470 0.997454096686774 0.4433148988457809 0.13855313282607384
3 1470 1658 970 0.997454096686774 0.4433148988457809 0.13855313282607384
3 962 961 1470 0.997454096686774 0.4433148988457809 0.13855313282607384
3 1470 1471 962 0.997454096686774 0.4433148988457809 0.13855313282607384
3 1470 970 1471 0.997454096686774 0.4433148988457809 0.13855313282607384
3 972 1472 1660 0.997454096686774 0.4433148988457809 0.13855313282607384
3 1660 980 972 0.997454096686774 0.4433148988457809 0.13855313282607384
3 972 964 1472 0.997454096686774 0.4433148988457809 0.13855313282607384
3 1473 964 972 0.997454096686774 0.4433148988457809 0.13855313282607384
3 963 964 1857 0.997454096686774 0.4433148988457809 0.13855313282607384
3 1857 956 955 0.997454096686774 0.4433148988457809 0.13855313282607384
3 1857 964 1858 0.997454096686774 0.4433148988457809 0.13855313282607384
3 1858 956 1857 0.997454096686774 0.4433148988457809 0.13855313282607384
3 1455 954 1456 0.997454096686774 0.4433148988457809 0.13855313282607384
3 1455 946 805 0.997454096686774 0.4433148988457809 0.13855313282607384
3 1456 946 1455 0.997454096686774 0.4433148988457809 0.13855313282607384
3 805 806 1455 0.997454096686774 0.4433148988457809 0.13855313282607384
3 1455 806 953 0.997454096686774 0.4433148988457809 0.13855313282607384
3 953 954 1455 0.997454096686774 0.4433148988457809 0.13855313282607384
3 955 954 1856 0.997454096686774 0.4433148988457809 0.13855313282607384
3 963 1857 1856 0.997454096686774 0.4433148988457809 0.13855313282607384
3 1856 1857 955 0.997454096686774 0.4433148988457809 0.13855313282607384
3 962 963 1856 0.997454096686774 0.4433148988457809 0.13855313282607384
3 1856 1855 962 0.997454096686774 0.4433148988457809 0.13855313282607384
3 1856 954 1855 0.997454096686774 0.4433148988457809 0.13855313282607384
3 1457 956 1458 0.997454096686774 0.4433148988457809 0.13855313282607384
3 1457 948 947 0.997454096686774 0.4433148988457809 0.13855313282607384
3 1458 948 1457 0.997454096686774 0.4433148988457809 0.13855313282607384
3 947 1456 1457 0.997454096686774 0.4433148988457809 0.13855313282607384
3 1456 955 1457 0.997454096686774 0.4433148988457809 0.13855313282607384
3 955 956 1457 0.997454096686774 0.4433148988457809 0.13855313282607384
3 812 1481 974 0.997454096686774 0.4433148988457809 0.13855313282607384
3 974 1655 812 0.997454096686774 0.4433148988457809 0.13855313282607384
3 974 1482 1655 0.997454096686774 0.4433148988457809 0.13855313282607384
3 2003 1041 1050 0.997454096686774 0.4433148988457809 0.13855313282607384
3 2003 1050 1116 0.997454096686774 0.4433148988457809 0.13855313282607384
3 1116 1051 2003 0.997454096686774 0.4433148988457809 0.13855313282607384
3 2003 1051 1042 0.997454096686774 0.4433148988457809 0.13855313282607384
3 1040 2002 1482 0.997454096686774 0.4433148988457809 0.13855313282607384
3 1482 974 1040 0.997454096686774 0.4433148988457809 0.13855313282607384
3 1040 974 1481 0.997454096686774 0.4433148988457809 0.13855313282607384
3 1049 2002 1040 0.997454096686774 0.4433148988457809 0.13855313282607384
3 1040 2001 1049 0.997454096686774 0.4433148988457809 0.13855313282607384
3 1040 1481 2001 0.997454096686774 0.4433148988457809 0.13855313282607384
3 989 990 1673 0.997454096686774 0.4433148988457809 0.13855313282607384
3 895 990 989 0.997454096686774 0.4433148988457809 0.13855313282607384
3 894 895 989 0.997454096686774 0.4433148988457809 0.13855313282607384
3 989 988 894 0.997454096686774 0.4433148988457809 0.13855313282607384
3 989 1672 988 0.997454096686774 0.4433148988457809 0.13855313282607384
3 905 904 1372 0.997454096686774 0.4433148988457809 0.13855313282607384
3 1372 1373 905 0.997454096686774 0.4433148988457809 0.13855313282607384
3 910 1373 1372 0.997454096686774 0.4433148988457809 0.13855313282607384
3 1372 909 910 0.997454096686774 0.4433148988457809 0.13855313282607384
3 1372 904 1371 0.997454096686774 0.4433148988457809 0.13855313282607384
3 1371 909 1372 0.997454096686774 0.4433148988457809 0.13855313282607384
3 1553 1554 994 0.997454096686774 0.4433148988457809 0.13855313282607384
3 994 899 1553 0.997454096686774 0.4433148988457809 0.13855313282607384
3 905 1554 1553 0.997454096686774 0.4433148988457809 0.13855313282607384
3 1553 904 905 0.997454096686774 0.4433148988457809 0.13855313282607384
3 1552 904 1553 0.997454096686774 0.4433148988457809 0.13855313282607384
3 1553 899 1552 0.997454096686774 0.4433148988457809 0.13855313282607384
3 1673 1058 983 0.997454096686774 0.4433148988457809 0.13855313282607384
3 1057 1672 983 0.997454096686774 0.4433148988457809 0.13855313282607384
3 1116 1057 983 0.997454096686774 0.4433148988457809 0.13855313282607384
3 983 1058 1116 0.997454096686774 0.4433148988457809 0.13855313282607384
3 983 989 1673 0.997454096686774 0.4433148988457809 0.13855313282607384
3 1672 989 983 0.997454096686774 0.4433148988457809 0.13855313282607384
3 984 990 1674 0.997454096686774 0.4433148988457809 0.13855313282607384
3 1674 1059 984 0.997454096686774 0.4433148988457809 0.13855313282607384
3 1674 896 991 0.997454096686774 0.4433148988457809 0.13855313282607384
3 1674 990 896 0.997454096686774 0.4433148988457809 0.13855313282607384
3 1675 992 986 0.997454096686774 0.4433148988457809 0.13855313282607384
3 1550 1551 897 0.997454096686774 0.4433148988457809 0.13855313282607384
3 897 1675 991 0.997454096686774 0.4433148988457809 0.13855313282607384
3 992 1675 897 0.997454096686774 0.4433148988457809 0.13855313282607384
3 991 896 897 0.997454096686774 0.4433148988457809 0.13855313282607384
3 897 896 1550 0.997454096686774 0.4433148988457809 0.13855313282607384
3 993 1676 898 0.997454096686774 0.4433148988457809 0.13855313282607384
3 1676 992 898 0.997454096686774 0.4433148988457809 0.13855313282607384
3 898 899 993 0.997454096686774 0.4433148988457809 0.13855313282607384
3 1552 899 898 0.997454096686774 0.4433148988457809 0.13855313282607384
3 1551 1552 898 0.997454096686774 0.4433148988457809 0.13855313282607384
3 898 897 1551 0.997454096686774 0.4433148988457809 0.13855313282607384
3 992 897 898 0.997454096686774 0.4433148988457809 0.13855313282607384
3 2012 2011 1682 0.997454096686774 0.4433148988457809 0.13855313282607384
3 1682 1683 2012 0.997454096686774 0.4433148988457809 0.13855313282607384
3 952 1462 1539 0.997454096686774 0.4433148988457809 0.13855313282607384
3 893 943 892 0.997454096686774 0.4433148988457809 0.13855313282607384
3 893 944 943 0.997454096686774 0.4433148988457809 0.13855313282607384
3 945 944 893 0.997454096686774 0.4433148988457809 0.13855313282607384
3 1119 1053 1060 0.997454096686774 0.4433148988457809 0.13855313282607384
3 1053 1118 1060 0.997454096686774 0.4433148988457809 0.13855313282607384
3 1060 986 1119 0.997454096686774 0.4433148988457809 0.13855313282607384
3 1060 1675 986 0.997454096686774 0.4433148988457809 0.13855313282607384
3 1054 1061 1120 0.997454096686774 0.4433148988457809 0.13855313282607384
3 2007 1054 1120 0.997454096686774 0.4433148988457809 0.13855313282607384
3 987 1062 1120 0.997454096686774 0.4433148988457809 0.13855313282607384
3 1120 1061 987 0.997454096686774 0.4433148988457809 0.13855313282607384
3 1062 1121 1120 0.997454096686774 0.4433148988457809 0.13855313282607384
3 1120 1121 2007 0.997454096686774 0.4433148988457809 0.13855313282607384
3 1461 1462 952 0.997454096686774 0.4433148988457809 0.13855313282607384
3 1862 1462 1461 0.997454096686774 0.4433148988457809 0.13855313282607384
3 1461 1861 1862 0.997454096686774 0.4433148988457809 0.13855313282607384
3 2022 909 2021 0.997454096686774 0.4433148988457809 0.13855313282607384
3 2021 914 2022 0.997454096686774 0.4433148988457809 0.13855313282607384
3 914 915 2022 0.997454096686774 0.4433148988457809 0.13855313282607384
3 910 909 2022 0.997454096686774 0.4433148988457809 0.13855313282607384
3 2023 910 2022 0.997454096686774 0.4433148988457809 0.13855313282607384
3 2022 915 2023 0.997454096686774 0.4433148988457809 0.13855313282607384
3 1897 1295 1896 0.997454096686774 0.4433148988457809 0.13855313282607384
3 1296 1295 1897 0.997454096686774 0.4433148988457809 0.13855313282607384
3 1307 1399 1306 0.997454096686774 0.4433148988457809 0.13855313282607384
3 1307 1810 1308 0.997454096686774 0.4433148988457809 0.13855313282607384
3 1306 1809 1307 0.997454096686774 0.4433148988457809 0.13855313282607384
3 1307 1809 1810 0.997454096686774 0.4433148988457809 0.13855313282607384
3 1226 1225 1602 0.997454096686774 0.4433148988457809 0.13855313282607384
3 2164 1225 1226 0.997454096686774 0.4433148988457809 0.13855313282607384
3 1602 1603 1226 0.997454096686774 0.4433148988457809 0.13855313282607384
3 2165 2164 1226 0.997454096686774 0.4433148988457809 0.13855313282607384
3 1226 1603 2165 0.997454096686774 0.4433148988457809 0.13855313282607384
3 1601 1224 1600 0.997454096686774 0.4433148988457809 0.13855313282607384
3 1601 1225 1224 0.997454096686774 0.4433148988457809 0.13855313282607384
3 1600 1139 1601 0.997454096686774 0.4433148988457809 0.13855313282607384
3 1601 1139 1602 0.997454096686774 0.4433148988457809 0.13855313282607384
3 1602 1225 1601 0.997454096686774 0.4433148988457809 0.13855313282607384
3 1135 1597 1596 0.997454096686774 0.4433148988457809 0.13855313282607384
3 1912 1913 1135 0.997454096686774 0.4433148988457809 0.13855313282607384
3 1162 1707 1708 0.997454096686774 0.4433148988457809 0.13855313282607384
3 1162 1161 1707 0.997454096686774 0.4433148988457809 0.13855313282607384
3 1309 1812 1310 0.997454096686774 0.4433148988457809 0.13855313282607384
3 1310 1812 1813 0.997454096686774 0.4433148988457809 0.13855313282607384
3 1813 1814 1310 0.997454096686774 0.4433148988457809 0.13855313282607384
3 1814 1403 1310 0.997454096686774 0.4433148988457809 0.13855313282607384
3 1587 1298 1299 0.997454096686774 0.4433148988457809 0.13855313282607384
3 1299 1588 1587 0.997454096686774 0.4433148988457809 0.13855313282607384
3 1620 1621 1920 0.997454096686774 0.4433148988457809 0.13855313282607384
3 1620 1919 1619 0.997454096686774 0.4433148988457809 0.13855313282607384
3 1620 1920 1919 0.997454096686774 0.4433148988457809 0.13855313282607384
3 1619 2069 1620 0.997454096686774 0.4433148988457809 0.13855313282607384
3 1620 2069 2070 0.997454096686774 0.4433148988457809 0.13855313282607384
3 2070 1621 1620 0.997454096686774 0.4433148988457809 0.13855313282607384
3 1617 1917 1148 0.997454096686774 0.4433148988457809 0.13855313282607384
3 1617 1618 1917 0.997454096686774 0.4433148988457809 0.13855313282607384
3 1148 1616 1617 0.997454096686774 0.4433148988457809 0.13855313282607384
3 2067 1618 1617 0.997454096686774 0.4433148988457809 0.13855313282607384
3 1617 2066 2067 0.997454096686774 0.4433148988457809 0.13855313282607384
3 1617 1616 1157 0.997454096686774 0.4433148988457809 0.13855313282607384
3 1157 2066 1617 0.997454096686774 0.4433148988457809 0.13855313282607384
3 1915 1137 1914 0.997454096686774 0.4433148988457809 0.13855313282607384
3 1914 1913 1146 0.997454096686774 0.4433148988457809 0.13855313282607384
3 1146 1147 1914 0.997454096686774 0.4433148988457809 0.13855313282607384
3 1914 1147 1915 0.997454096686774 0.4433148988457809 0.13855313282607384
3 1614 1615 1146 0.997454096686774 0.4433148988457809 0.13855313282607384
3 1146 1145 1614 0.997454096686774 0.4433148988457809 0.13855313282607384
3 1145 1613 1614 0.997454096686774 0.4433148988457809 0.13855313282607384
3 1613 1155 1614 0.997454096686774 0.4433148988457809 0.13855313282607384
3 1156 1615 1614 0.997454096686774 0.4433148988457809 0.13855313282607384
3 1614 1155 1156 0.997454096686774 0.4433148988457809 0.13855313282607384
3 2064 1155 2063 0.997454096686774 0.4433148988457809 0.13855313282607384
3 2062 1164 2063 0.997454096686774 0.4433148988457809 0.13855313282607384
3 2063 1154 2062 0.997454096686774 0.4433148988457809 0.13855313282607384
3 1155 1154 2063 0.997454096686774 0.4433148988457809 0.13855313282607384
3 1165 2064 2063 0.997454096686774 0.4433148988457809 0.13855313282607384
3 2063 1164 1165 0.997454096686774 0.4433148988457809 0.13855313282607384
3 1133 1910 1911 0.997454096686774 0.4433148988457809 0.13855313282607384
3 1911 1910 1143 0.997454096686774 0.4433148988457809 0.13855313282607384
3 1911 1144 1912 0.997454096686774 0.4433148988457809 0.13855313282607384
3 1143 1144 1911 0.997454096686774 0.4433148988457809 0.13855313282607384
3 1987 1986 1109 0.997454096686774 0.4433148988457809 0.13855313282607384
3 1110 1988 1987 0.997454096686774 0.4433148988457809 0.13855313282607384
3 1987 1109 1110 0.997454096686774 0.4433148988457809 0.13855313282607384
3 1988 1102 1987 0.997454096686774 0.4433148988457809 0.13855313282607384
3 1985 1984 1107 0.997454096686774 0.4433148988457809 0.13855313282607384
3 1985 1107 1108 0.997454096686774 0.4433148988457809 0.13855313282607384
3 1108 1986 1985 0.997454096686774 0.4433148988457809 0.13855313282607384
3 1985 1986 1100 0.997454096686774 0.4433148988457809 0.13855313282607384
3 1099 1985 1100 0.997454096686774 0.4433148988457809 0.13855313282607384
3 1984 1985 1099 0.997454096686774 0.4433148988457809 0.13855313282607384
3 1097 1982 1983 0.997454096686774 0.4433148988457809 0.13855313282607384
3 1180 1179 1097 0.997454096686774 0.4433148988457809 0.13855313282607384
3 2099 2098 1169 0.997454096686774 0.4433148988457809 0.13855313282607384
3 2100 1272 2099 0.997454096686774 0.4433148988457809 0.13855313282607384
3 1272 2098 2099 0.997454096686774 0.4433148988457809 0.13855313282607384
3 1627 1171 1626 0.997454096686774 0.4433148988457809 0.13855313282607384
3 1626 1171 1625 0.997454096686774 0.4433148988457809 0.13855313282607384
3 1626 1180 1627 0.997454096686774 0.4433148988457809 0.13855313282607384
3 1626 1179 1180 0.997454096686774 0.4433148988457809 0.13855313282607384
3 1178 1179 1626 0.997454096686774 0.4433148988457809 0.13855313282607384
3 1626 1625 1178 0.997454096686774 0.4433148988457809 0.13855313282607384
3 2102 2101 1173 0.997454096686774 0.4433148988457809 0.13855313282607384
3 2102 2103 1275 0.997454096686774 0.4433148988457809 0.13855313282607384
3 1275 1274 2102 0.997454096686774 0.4433148988457809 0.13855313282607384
3 1274 2101 2102 0.997454096686774 0.4433148988457809 0.13855313282607384
3 2102 1173 1174 0.997454096686774 0.4433148988457809 0.13855313282607384
3 1174 2103 2102 0.997454096686774 0.4433148988457809 0.13855313282607384
3 1367 1763 1366 0.997454096686774 0.4433148988457809 0.13855313282607384
3 1366 1277 1367 0.997454096686774 0.4433148988457809 0.13855313282607384
3 1366 1763 1355 0.997454096686774 0.4433148988457809 0.13855313282607384
3 1637 1638 2110 0.997454096686774 0.4433148988457809 0.13855313282607384
3 1637 2109 1636 0.997454096686774 0.4433148988457809 0.13855313282607384
3 2110 2109 1637 0.997454096686774 0.4433148988457809 0.13855313282607384
3 1636 1993 1637 0.997454096686774 0.4433148988457809 0.13855313282607384
3 1979 1980 2213 0.997454096686774 0.4433148988457809 0.13855313282607384
3 2213 2212 1979 0.997454096686774 0.4433148988457809 0.13855313282607384
3 2213 2193 2094 0.997454096686774 0.4433148988457809 0.13855313282607384
3 2213 1980 2193 0.997454096686774 0.4433148988457809 0.13855313282607384
3 2094 1961 2213 0.997454096686774 0.4433148988457809 0.13855313282607384
3 1961 2212 2213 0.997454096686774 0.4433148988457809 0.13855313282607384
3 1355 1763 1974 0.997454096686774 0.4433148988457809 0.13855313282607384
3 1763 1975 1974 0.997454096686774 0.4433148988457809 0.13855313282607384
3 1974 1975 1748 0.997454096686774 0.4433148988457809 0.13855313282607384
3 1851 1748 1749 0.997454096686774 0.4433148988457809 0.13855313282607384
3 1749 1852 1851 0.997454096686774 0.4433148988457809 0.13855313282607384
3 1851 1959 1958 0.997454096686774 0.4433148988457809 0.13855313282607384
3 1852 1959 1851 0.997454096686774 0.4433148988457809 0.13855313282607384
3 1768 2109 2110 0.997454096686774 0.4433148988457809 0.13855313282607384
3 1768 2111 1979 0.997454096686774 0.4433148988457809 0.13855313282607384
3 1768 2110 2111 0.997454096686774 0.4433148988457809 0.13855313282607384
3 1979 2212 1768 0.997454096686774 0.4433148988457809 0.13855313282607384
3 2212 1978 1768 0.997454096686774 0.4433148988457809 0.13855313282607384
3 1766 2108 1767 0.997454096686774 0.4433148988457809 0.13855313282607384
3 2108 2109 1767 0.997454096686774 0.4433148988457809 0.13855313282607384
3 1767 1977 1766 0.997454096686774 0.4433148988457809 0.13855313282607384
3 2109 1768 1767 0.997454096686774 0.4433148988457809 0.13855313282607384
3 1767 1768 1978 0.997454096686774 0.4433148988457809 0.13855313282607384
3 1960 1750 2211 0.997454096686774 0.4433148988457809 0.13855313282607384
3 1750 1977 2211 0.997454096686774 0.4433148988457809 0.13855313282607384
3 2211 1961 1960 0.997454096686774 0.4433148988457809 0.13855313282607384
3 835 1002 834 0.997454096686774 0.4433148988457809 0.13855313282607384
3 835 1494 1002 0.997454096686774 0.4433148988457809 0.13855313282607384
3 836 1063 835 0.997454096686774 0.4433148988457809 0.13855313282607384
3 1063 1494 835 0.997454096686774 0.4433148988457809 0.13855313282607384
3 1200 1073 1074 0.997454096686774 0.4433148988457809 0.13855313282607384
3 1201 1200 1074 0.997454096686774 0.4433148988457809 0.13855313282607384
3 1788 1789 1074 0.997454096686774 0.4433148988457809 0.13855313282607384
3 1074 1073 1788 0.997454096686774 0.4433148988457809 0.13855313282607384
3 1790 1012 1013 0.997454096686774 0.4433148988457809 0.13855313282607384
3 1075 1790 1076 0.997454096686774 0.4433148988457809 0.13855313282607384
3 1075 1202 1201 0.997454096686774 0.4433148988457809 0.13855313282607384
3 1076 1202 1075 0.997454096686774 0.4433148988457809 0.13855313282607384
3 1201 1074 1075 0.997454096686774 0.4433148988457809 0.13855313282607384
3 1789 1790 1075 0.997454096686774 0.4433148988457809 0.13855313282607384
3 1075 1074 1789 0.997454096686774 0.4433148988457809 0.13855313282607384
3 2041 1083 2042 0.997454096686774 0.4433148988457809 0.13855313282607384
3 2042 1019 2041 0.997454096686774 0.4433148988457809 0.13855313282607384
3 1020 1019 2042 0.997454096686774 0.4433148988457809 0.13855313282607384
3 2043 1020 2042 0.997454096686774 0.4433148988457809 0.13855313282607384
3 2042 1084 2043 0.997454096686774 0.4433148988457809 0.13855313282607384
3 2042 1083 1084 0.997454096686774 0.4433148988457809 0.13855313282607384
3 1583 1083 1582 0.997454096686774 0.4433148988457809 0.13855313282607384
3 1582 1581 1293 0.997454096686774 0.4433148988457809 0.13855313282607384
3 1582 1082 1581 0.997454096686774 0.4433148988457809 0.13855313282607384
3 1083 1082 1582 0.997454096686774 0.4433148988457809 0.13855313282607384
3 1582 1294 1583 0.997454096686774 0.4433148988457809 0.13855313282607384
3 1293 1294 1582 0.997454096686774 0.4433148988457809 0.13855313282607384
3 1509 1011 1010 0.997454096686774 0.4433148988457809 0.13855313282607384
3 1010 1508 1509 0.997454096686774 0.4433148988457809 0.13855313282607384
3 1510 1011 1509 0.997454096686774 0.4433148988457809 0.13855313282607384
3 1509 1019 1510 0.997454096686774 0.4433148988457809 0.13855313282607384
3 2049 2048 1589 0.997454096686774 0.4433148988457809 0.13855313282607384
3 1589 2048 1588 0.997454096686774 0.4433148988457809 0.13855313282607384
3 1588 1299 1589 0.997454096686774 0.4433148988457809 0.13855313282607384
3 1591 2051 2050 0.997454096686774 0.4433148988457809 0.13855313282607384
3 2050 2051 1519 0.997454096686774 0.4433148988457809 0.13855313282607384
3 2050 1518 2049 0.997454096686774 0.4433148988457809 0.13855313282607384
3 1519 1518 2050 0.997454096686774 0.4433148988457809 0.13855313282607384
3 1573 1883 1574 0.997454096686774 0.4433148988457809 0.13855313282607384
3 1574 2145 1573 0.997454096686774 0.4433148988457809 0.13855313282607384
3 1572 1882 1573 0.997454096686774 0.4433148988457809 0.13855313282607384
3 1882 1883 1573 0.997454096686774 0.4433148988457809 0.13855313282607384
3 1573 2144 1572 0.997454096686774 0.4433148988457809 0.13855313282607384
3 1573 2145 2144 0.997454096686774 0.4433148988457809 0.13855313282607384
3 2146 2145 1574 0.997454096686774 0.4433148988457809 0.13855313282607384
3 1575 2147 2146 0.997454096686774 0.4433148988457809 0.13855313282607384
3 2146 1574 1575 0.997454096686774 0.4433148988457809 0.13855313282607384
3 2146 2147 1505 0.997454096686774 0.4433148988457809 0.13855313282607384
3 2144 2145 1503 0.997454096686774 0.4433148988457809 0.13855313282607384
3 1503 1502 2144 0.997454096686774 0.4433148988457809 0.13855313282607384
3 1696 1695 1503 0.997454096686774 0.4433148988457809 0.13855313282607384
3 1695 1502 1503 0.997454096686774 0.4433148988457809 0.13855313282607384
3 1496 1497 1004 0.997454096686774 0.4433148988457809 0.13855313282607384
3 1495 1065 1496 0.997454096686774 0.4433148988457809 0.13855313282607384
3 1496 1003 1495 0.997454096686774 0.4433148988457809 0.13855313282607384
3 1496 1004 1003 0.997454096686774 0.4433148988457809 0.13855313282607384
3 1067 1497 1066 0.997454096686774 0.4433148988457809 0.13855313282607384
3 2139 1067 1066 0.997454096686774 0.4433148988457809 0.13855313282607384
3 1066 2138 2139 0.997454096686774 0.4433148988457809 0.13855313282607384
3 1065 2138 1066 0.997454096686774 0.4433148988457809 0.13855313282607384
3 1066 1496 1065 0.997454096686774 0.4433148988457809 0.13855313282607384
3 1497 1496 1066 0.997454096686774 0.4433148988457809 0.13855313282607384
3 1005 1690 1004 0.997454096686774 0.4433148988457809 0.13855313282607384
3 1004 1497 1005 0.997454096686774 0.4433148988457809 0.13855313282607384
3 1691 1690 1005 0.997454096686774 0.4433148988457809 0.13855313282607384
3 1005 1497 1498 0.997454096686774 0.4433148988457809 0.13855313282607384
3 1879 1880 1194 0.997454096686774 0.4433148988457809 0.13855313282607384
3 1193 1879 1194 0.997454096686774 0.4433148988457809 0.13855313282607384
3 1194 1569 1193 0.997454096686774 0.4433148988457809 0.13855313282607384
3 1194 1570 1569 0.997454096686774 0.4433148988457809 0.13855313282607384
3 1880 1881 1195 0.997454096686774 0.4433148988457809 0.13855313282607384
3 1195 1194 1880 0.997454096686774 0.4433148988457809 0.13855313282607384
3 1570 1194 1195 0.997454096686774 0.4433148988457809 0.13855313282607384
3 1195 1881 1196 0.997454096686774 0.4433148988457809 0.13855313282607384
3 1685 1686 2015 0.997454096686774 0.4433148988457809 0.13855313282607384
3 1669 2014 2015 0.997454096686774 0.4433148988457809 0.13855313282607384
3 2015 2014 1685 0.997454096686774 0.4433148988457809 0.13855313282607384
3 2015 1670 1669 0.997454096686774 0.4433148988457809 0.13855313282607384
3 2015 1686 2016 0.997454096686774 0.4433148988457809 0.13855313282607384
3 2016 1670 2015 0.997454096686774 0.4433148988457809 0.13855313282607384
3 2034 1701 1702 0.997454096686774 0.4433148988457809 0.13855313282607384
3 1702 2035 2034 0.997454096686774 0.4433148988457809 0.13855313282607384
3 2034 2035 2016 0.997454096686774 0.4433148988457809 0.13855313282607384
3 2016 1686 2034 0.997454096686774 0.4433148988457809 0.13855313282607384
3 1700 1701 2033 0.997454096686774 0.4433148988457809 0.13855313282607384
3 1701 2034 2033 0.997454096686774 0.4433148988457809 0.13855313282607384
3 2033 1686 1562 0.997454096686774 0.4433148988457809 0.13855313282607384
3 2033 2034 1686 0.997454096686774 0.4433148988457809 0.13855313282607384
3 2149 1700 2148 0.997454096686774 0.4433148988457809 0.13855313282607384
3 1700 1506 2148 0.997454096686774 0.4433148988457809 0.13855313282607384
3 2148 1506 2147 0.997454096686774 0.4433148988457809 0.13855313282607384
3 2148 2147 1576 0.997454096686774 0.4433148988457809 0.13855313282607384
3 1576 1577 2148 0.997454096686774 0.4433148988457809 0.13855313282607384
3 2148 1577 2149 0.997454096686774 0.4433148988457809 0.13855313282607384
3 1500 1499 1069 0.997454096686774 0.4433148988457809 0.13855313282607384
3 1501 1008 1500 0.997454096686774 0.4433148988457809 0.13855313282607384
3 1008 1007 1500 0.997454096686774 0.4433148988457809 0.13855313282607384
3 1500 1007 1499 0.997454096686774 0.4433148988457809 0.13855313282607384
3 1069 1070 1500 0.997454096686774 0.4433148988457809 0.13855313282607384
3 1070 1501 1500 0.997454096686774 0.4433148988457809 0.13855313282607384
3 1498 1499 1006 0.997454096686774 0.4433148988457809 0.13855313282607384
3 1499 1007 1006 0.997454096686774 0.4433148988457809 0.13855313282607384
3 1006 1005 1498 0.997454096686774 0.4433148988457809 0.13855313282607384
3 1691 1005 1006 0.997454096686774 0.4433148988457809 0.13855313282607384
3 1006 1692 1691 0.997454096686774 0.4433148988457809 0.13855313282607384
3 1006 1007 1692 0.997454096686774 0.4433148988457809 0.13855313282607384
3 1930 1231 1230 0.997454096686774 0.4433148988457809 0.13855313282607384
3 1931 1231 1930 0.997454096686774 0.4433148988457809 0.13855313282607384
3 1328 1327 2181 0.997454096686774 0.4433148988457809 0.13855313282607384
3 2181 2182 1328 0.997454096686774 0.4433148988457809 0.13855313282607384
3 1328 1724 1327 0.997454096686774 0.4433148988457809 0.13855313282607384
3 1328 1725 1724 0.997454096686774 0.4433148988457809 0.13855313282607384
3 1957 1428 1850 0.997454096686774 0.4433148988457809 0.13855313282607384
3 1850 1428 1747 0.997454096686774 0.4433148988457809 0.13855313282607384
3 1958 1957 1850 0.997454096686774 0.4433148988457809 0.13855313282607384
3 1850 1851 1958 0.997454096686774 0.4433148988457809 0.13855313282607384
3 1748 1851 1850 0.997454096686774 0.4433148988457809 0.13855313282607384
3 1427 1745 1439 0.997454096686774 0.4433148988457809 0.13855313282607384
3 1531 2088 2087 0.997454096686774 0.4433148988457809 0.13855313282607384
3 2087 1530 1531 0.997454096686774 0.4433148988457809 0.13855313282607384
3 2087 2086 1530 0.997454096686774 0.4433148988457809 0.13855313282607384
3 1350 1758 1351 0.997454096686774 0.4433148988457809 0.13855313282607384
3 1351 1969 1350 0.997454096686774 0.4433148988457809 0.13855313282607384
3 1349 1756 1350 0.997454096686774 0.4433148988457809 0.13855313282607384
3 2188 1833 1834 0.997454096686774 0.4433148988457809 0.13855313282607384
3 2188 1732 1731 0.997454096686774 0.4433148988457809 0.13855313282607384
3 1731 2187 2188 0.997454096686774 0.4433148988457809 0.13855313282607384
3 2187 1833 2188 0.997454096686774 0.4433148988457809 0.13855313282607384
3 2188 1834 2189 0.997454096686774 0.4433148988457809 0.13855313282607384
3 2189 1732 2188 0.997454096686774 0.4433148988457809 0.13855313282607384
3 2088 1832 1831 0.997454096686774 0.4433148988457809 0.13855313282607384
3 2186 1832 2187 0.997454096686774 0.4433148988457809 0.13855313282607384
3 2186 1831 1832 0.997454096686774 0.4433148988457809 0.13855313282607384
3 1936 1937 1713 0.997454096686774 0.4433148988457809 0.13855313282607384
3 2064 1166 2065 0.997454096686774 0.4433148988457809 0.13855313282607384
3 2065 1157 1156 0.997454096686774 0.4433148988457809 0.13855313282607384
3 1156 2064 2065 0.997454096686774 0.4433148988457809 0.13855313282607384
3 2065 2066 1157 0.997454096686774 0.4433148988457809 0.13855313282607384
3 1711 1236 1712 0.997454096686774 0.4433148988457809 0.13855313282607384
3 1712 1166 1711 0.997454096686774 0.4433148988457809 0.13855313282607384
3 1712 1936 1713 0.997454096686774 0.4433148988457809 0.13855313282607384
3 1236 1936 1712 0.997454096686774 0.4433148988457809 0.13855313282607384
3 1713 2066 1712 0.997454096686774 0.4433148988457809 0.13855313282607384
3 2066 2065 1712 0.997454096686774 0.4433148988457809 0.13855313282607384
3 1712 2065 1166 0.997454096686774 0.4433148988457809 0.13855313282607384
3 1228 1927 1928 0.997454096686774 0.4433148988457809 0.13855313282607384
3 1229 1228 1928 0.997454096686774 0.4433148988457809 0.13855313282607384
3 1928 1927 1239 0.997454096686774 0.4433148988457809 0.13855313282607384
3 1239 1240 1928 0.997454096686774 0.4433148988457809 0.13855313282607384
3 1707 1231 1232 0.997454096686774 0.4433148988457809 0.13855313282607384
3 1708 1707 1232 0.997454096686774 0.4433148988457809 0.13855313282607384
3 1232 1233 1708 0.997454096686774 0.4433148988457809 0.13855313282607384
3 1232 1932 1233 0.997454096686774 0.4433148988457809 0.13855313282607384
3 1931 1932 1232 0.997454096686774 0.4433148988457809 0.13855313282607384
3 1232 1231 1931 0.997454096686774 0.4433148988457809 0.13855313282607384
3 2199 2198 1418 0.997454096686774 0.4433148988457809 0.13855313282607384
3 1418 1735 1736 0.997454096686774 0.4433148988457809 0.13855313282607384
3 1417 1735 1418 0.997454096686774 0.4433148988457809 0.13855313282607384
3 1418 2198 1417 0.997454096686774 0.4433148988457809 0.13855313282607384
3 1336 1337 2178 0.997454096686774 0.4433148988457809 0.13855313282607384
3 2178 2177 1336 0.997454096686774 0.4433148988457809 0.13855313282607384
3 1824 1337 1336 0.997454096686774 0.4433148988457809 0.13855313282607384
3 1336 1823 1824 0.997454096686774 0.4433148988457809 0.13855313282607384
3 2175 1334 2176 0.997454096686774 0.4433148988457809 0.13855313282607384
3 2175 1322 875 0.997454096686774 0.4433148988457809 0.13855313282607384
3 2175 2176 1322 0.997454096686774 0.4433148988457809 0.13855313282607384
3 2175 875 876 0.997454096686774 0.4433148988457809 0.13855313282607384
3 876 1333 2175 0.997454096686774 0.4433148988457809 0.13855313282607384
3 2175 1333 1334 0.997454096686774 0.4433148988457809 0.13855313282607384
3 1948 1091 1947 0.997454096686774 0.4433148988457809 0.13855313282607384
3 1947 1260 1948 0.997454096686774 0.4433148988457809 0.13855313282607384
3 1260 1261 1948 0.997454096686774 0.4433148988457809 0.13855313282607384
3 1949 1948 1261 0.997454096686774 0.4433148988457809 0.13855313282607384
3 1094 1254 1093 0.997454096686774 0.4433148988457809 0.13855313282607384
3 1421 1422 1843 0.997454096686774 0.4433148988457809 0.13855313282607384
3 1739 1740 1421 0.997454096686774 0.4433148988457809 0.13855313282607384
3 1740 1422 1421 0.997454096686774 0.4433148988457809 0.13855313282607384
3 1421 1738 1739 0.997454096686774 0.4433148988457809 0.13855313282607384
3 1420 1738 1421 0.997454096686774 0.4433148988457809 0.13855313282607384
3 1421 1842 1420 0.997454096686774 0.4433148988457809 0.13855313282607384
3 1421 1843 1842 0.997454096686774 0.4433148988457809 0.13855313282607384
3 1740 1432 1433 0.997454096686774 0.4433148988457809 0.13855313282607384
3 1965 1434 1433 0.997454096686774 0.4433148988457809 0.13855313282607384
3 1433 1434 1740 0.997454096686774 0.4433148988457809 0.13855313282607384
3 1433 1964 1965 0.997454096686774 0.4433148988457809 0.13855313282607384
3 1433 1432 1964 0.997454096686774 0.4433148988457809 0.13855313282607384
3 784 1753 1752 0.997454096686774 0.4433148988457809 0.13855313282607384
3 784 1356 1753 0.997454096686774 0.4433148988457809 0.13855313282607384
3 785 1356 784 0.997454096686774 0.4433148988457809 0.13855313282607384
3 784 1752 783 0.997454096686774 0.4433148988457809 0.13855313282607384
3 1359 1360 1757 0.997454096686774 0.4433148988457809 0.13855313282607384
3 1757 1756 1359 0.997454096686774 0.4433148988457809 0.13855313282607384
3 1757 1350 1756 0.997454096686774 0.4433148988457809 0.13855313282607384
3 1757 1360 1758 0.997454096686774 0.4433148988457809 0.13855313282607384
3 1758 1350 1757 0.997454096686774 0.4433148988457809 0.13855313282607384
3 1744 1438 1426 0.997454096686774 0.4433148988457809 0.13855313282607384
3 1426 2205 1744 0.997454096686774 0.4433148988457809 0.13855313282607384
3 2205 1425 1744 0.997454096686774 0.4433148988457809 0.13855313282607384
3 1741 1434 1435 0.997454096686774 0.4433148988457809 0.13855313282607384
3 1435 1742 1741 0.997454096686774 0.4433148988457809 0.13855313282607384
3 1435 1434 1966 0.997454096686774 0.4433148988457809 0.13855313282607384
3 1420 2199 1419 0.997454096686774 0.4433148988457809 0.13855313282607384
3 1419 1737 1420 0.997454096686774 0.4433148988457809 0.13855313282607384
3 2199 1418 1419 0.997454096686774 0.4433148988457809 0.13855313282607384
3 1736 1737 1419 0.997454096686774 0.4433148988457809 0.13855313282607384
3 1419 1418 1736 0.997454096686774 0.4433148988457809 0.13855313282607384
3 1429 1737 1736 0.997454096686774 0.4433148988457809 0.13855313282607384
3 1736 780 1429 0.997454096686774 0.4433148988457809 0.13855313282607384
3 780 781 1429 0.997454096686774 0.4433148988457809 0.13855313282607384
3 1430 1962 1431 0.997454096686774 0.4433148988457809 0.13855313282607384
3 1431 1738 1430 0.997454096686774 0.4433148988457809 0.13855313282607384
3 1738 1737 1430 0.997454096686774 0.4433148988457809 0.13855313282607384
3 781 1962 1430 0.997454096686774 0.4433148988457809 0.13855313282607384
3 1430 1429 781 0.997454096686774 0.4433148988457809 0.13855313282607384
3 1737 1429 1430 0.997454096686774 0.4433148988457809 0.13855313282607384
3 1167 788 1168 0.997454096686774 0.4433148988457809 0.13855313282607384
3 1168 2097 1167 0.997454096686774 0.4433148988457809 0.13855313282607384
3 1168 2098 2097 0.997454096686774 0.4433148988457809 0.13855313282607384
3 1169 2098 1168 0.997454096686774 0.4433148988457809 0.13855313282607384
3 1623 788 789 0.997454096686774 0.4433148988457809 0.13855313282607384
3 789 1624 1623 0.997454096686774 0.4433148988457809 0.13855313282607384
3 1623 1168 788 0.997454096686774 0.4433148988457809 0.13855313282607384
3 1623 1624 1169 0.997454096686774 0.4433148988457809 0.13855313282607384
3 1169 1168 1623 0.997454096686774 0.4433148988457809 0.13855313282607384
3 1889 2151 1888 0.997454096686774 0.4433148988457809 0.13855313282607384
3 2055 2056 1889 0.997454096686774 0.4433148988457809 0.13855313282607384
3 1889 2056 2153 0.997454096686774 0.4433148988457809 0.13855313282607384
3 1889 1802 2055 0.997454096686774 0.4433148988457809 0.13855313282607384
3 1888 1802 1889 0.997454096686774 0.4433148988457809 0.13855313282607384
3 1576 1885 1886 0.997454096686774 0.4433148988457809 0.13855313282607384
3 1886 1577 1576 0.997454096686774 0.4433148988457809 0.13855313282607384
3 1887 1577 1886 0.997454096686774 0.4433148988457809 0.13855313282607384
3 1886 1885 1799 0.997454096686774 0.4433148988457809 0.13855313282607384
3 1799 1800 1886 0.997454096686774 0.4433148988457809 0.13855313282607384
3 1800 1801 1886 0.997454096686774 0.4433148988457809 0.13855313282607384
3 1886 1801 1887 0.997454096686774 0.4433148988457809 0.13855313282607384
3 1777 1112 1030 0.997454096686774 0.4433148988457809 0.13855313282607384
3 1777 1778 1112 0.997454096686774 0.4433148988457809 0.13855313282607384
3 1993 1992 1779 0.997454096686774 0.4433148988457809 0.13855313282607384
3 1992 1778 1779 0.997454096686774 0.4433148988457809 0.13855313282607384
3 1648 1649 1779 0.997454096686774 0.4433148988457809 0.13855313282607384
3 1779 1778 1648 0.997454096686774 0.4433148988457809 0.13855313282607384
3 1996 1784 1997 0.997454096686774 0.4433148988457809 0.13855313282607384
3 1996 1783 1784 0.997454096686774 0.4433148988457809 0.13855313282607384
3 1997 2112 1996 0.997454096686774 0.4433148988457809 0.13855313282607384
3 1996 2112 2111 0.997454096686774 0.4433148988457809 0.13855313282607384
3 2111 1638 1996 0.997454096686774 0.4433148988457809 0.13855313282607384
3 931 1645 1644 0.997454096686774 0.4433148988457809 0.13855313282607384
3 1644 930 931 0.997454096686774 0.4433148988457809 0.13855313282607384
3 931 1646 1645 0.997454096686774 0.4433148988457809 0.13855313282607384
3 931 1449 1646 0.997454096686774 0.4433148988457809 0.13855313282607384
3 931 930 1448 0.997454096686774 0.4433148988457809 0.13855313282607384
3 1448 1449 931 0.997454096686774 0.4433148988457809 0.13855313282607384
3 2133 1999 2132 0.997454096686774 0.4433148988457809 0.13855313282607384
3 2133 2134 1999 0.997454096686774 0.4433148988457809 0.13855313282607384
3 2132 1871 2133 0.997454096686774 0.4433148988457809 0.13855313282607384
3 2133 1871 2018 0.997454096686774 0.4433148988457809 0.13855313282607384
3 2037 2036 2153 0.997454096686774 0.4433148988457809 0.13855313282607384
3 2037 2018 2036 0.997454096686774 0.4433148988457809 0.13855313282607384
3 2037 2133 2018 0.997454096686774 0.4433148988457809 0.13855313282607384
3 2134 2133 2037 0.997454096686774 0.4433148988457809 0.13855313282607384
3 2174 2114 2216 0.997454096686774 0.4433148988457809 0.13855313282607384
3 2216 2114 2134 0.997454096686774 0.4433148988457809 0.13855313282607384
3 2119 935 2118 0.997454096686774 0.4433148988457809 0.13855313282607384
3 2119 944 2120 0.997454096686774 0.4433148988457809 0.13855313282607384
3 2119 2118 943 0.997454096686774 0.4433148988457809 0.13855313282607384
3 943 944 2119 0.997454096686774 0.4433148988457809 0.13855313282607384
3 1661 972 980 0.997454096686774 0.4433148988457809 0.13855313282607384
3 1661 980 1488 0.997454096686774 0.4433148988457809 0.13855313282607384
3 973 1473 1661 0.997454096686774 0.4433148988457809 0.13855313282607384
3 1473 972 1661 0.997454096686774 0.4433148988457809 0.13855313282607384
3 1661 1662 973 0.997454096686774 0.4433148988457809 0.13855313282607384
3 1488 1662 1661 0.997454096686774 0.4433148988457809 0.13855313282607384
3 975 1041 1483 0.997454096686774 0.4433148988457809 0.13855313282607384
3 1041 2003 1483 0.997454096686774 0.4433148988457809 0.13855313282607384
3 1483 2003 1042 0.997454096686774 0.4433148988457809 0.13855313282607384
3 1042 976 1483 0.997454096686774 0.4433148988457809 0.13855313282607384
3 1656 975 1483 0.997454096686774 0.4433148988457809 0.13855313282607384
3 1483 976 1656 0.997454096686774 0.4433148988457809 0.13855313282607384
3 2011 2012 1492 0.997454096686774 0.4433148988457809 0.13855313282607384
3 1492 1491 2011 0.997454096686774 0.4433148988457809 0.13855313282607384
3 1665 1491 1492 0.997454096686774 0.4433148988457809 0.13855313282607384
3 1492 1666 1665 0.997454096686774 0.4433148988457809 0.13855313282607384
3 1492 2012 1666 0.997454096686774 0.4433148988457809 0.13855313282607384
3 1667 1666 1493 0.997454096686774 0.4433148988457809 0.13855313282607384
3 1666 2012 1493 0.997454096686774 0.4433148988457809 0.13855313282607384
3 1540 1541 945 0.997454096686774 0.4433148988457809 0.13855313282607384
3 945 893 1540 0.997454096686774 0.4433148988457809 0.13855313282607384
3 1540 893 1539 0.997454096686774 0.4433148988457809 0.13855313282607384
3 1463 1541 1540 0.997454096686774 0.4433148988457809 0.13855313282607384
3 1540 1462 1463 0.997454096686774 0.4433148988457809 0.13855313282607384
3 1540 1539 1462 0.997454096686774 0.4433148988457809 0.13855313282607384
3 952 1539 1538 0.997454096686774 0.4433148988457809 0.13855313282607384
3 1539 893 1538 0.997454096686774 0.4433148988457809 0.13855313282607384
3 1538 893 892 0.997454096686774 0.4433148988457809 0.13855313282607384
3 892 1537 1538 0.997454096686774 0.4433148988457809 0.13855313282607384
3 1675 1060 985 0.997454096686774 0.4433148988457809 0.13855313282607384
3 1059 1674 985 0.997454096686774 0.4433148988457809 0.13855313282607384
3 985 1118 1059 0.997454096686774 0.4433148988457809 0.13855313282607384
3 985 1060 1118 0.997454096686774 0.4433148988457809 0.13855313282607384
3 985 1674 991 0.997454096686774 0.4433148988457809 0.13855313282607384
3 991 1675 985 0.997454096686774 0.4433148988457809 0.13855313282607384
3 950 949 1459 0.997454096686774 0.4433148988457809 0.13855313282607384
3 957 958 1459 0.997454096686774 0.4433148988457809 0.13855313282607384
3 1458 957 1459 0.997454096686774 0.4433148988457809 0.13855313282607384
3 1459 949 1458 0.997454096686774 0.4433148988457809 0.13855313282607384
3 1475 1861 1860 0.997454096686774 0.4433148988457809 0.13855313282607384
3 1859 958 957 0.997454096686774 0.4433148988457809 0.13855313282607384
3 1859 957 1858 0.997454096686774 0.4433148988457809 0.13855313282607384
3 1858 965 1859 0.997454096686774 0.4433148988457809 0.13855313282607384
3 1859 1860 958 0.997454096686774 0.4433148988457809 0.13855313282607384
3 1859 965 1474 0.997454096686774 0.4433148988457809 0.13855313282607384
3 1399 1897 1398 0.997454096686774 0.4433148988457809 0.13855313282607384
3 1306 1399 1398 0.997454096686774 0.4433148988457809 0.13855313282607384
3 1896 1397 1398 0.997454096686774 0.4433148988457809 0.13855313282607384
3 1398 1897 1896 0.997454096686774 0.4433148988457809 0.13855313282607384
3 1398 1305 1306 0.997454096686774 0.4433148988457809 0.13855313282607384
3 1397 1305 1398 0.997454096686774 0.4433148988457809 0.13855313282607384
3 1297 1296 1898 0.997454096686774 0.4433148988457809 0.13855313282607384
3 1296 1897 1898 0.997454096686774 0.4433148988457809 0.13855313282607384
3 1898 1899 1297 0.997454096686774 0.4433148988457809 0.13855313282607384
3 1898 1897 1399 0.997454096686774 0.4433148988457809 0.13855313282607384
3 1134 1135 1596 0.997454096686774 0.4433148988457809 0.13855313282607384
3 1595 1133 1134 0.997454096686774 0.4433148988457809 0.13855313282607384
3 1134 1596 1595 0.997454096686774 0.4433148988457809 0.13855313282607384
3 1133 1911 1134 0.997454096686774 0.4433148988457809 0.13855313282607384
3 1912 1135 1134 0.997454096686774 0.4433148988457809 0.13855313282607384
3 1134 1911 1912 0.997454096686774 0.4433148988457809 0.13855313282607384
3 1598 1597 1136 0.997454096686774 0.4433148988457809 0.13855313282607384
3 1597 1135 1136 0.997454096686774 0.4433148988457809 0.13855313282607384
3 1136 1137 1598 0.997454096686774 0.4433148988457809 0.13855313282607384
3 1136 1135 1913 0.997454096686774 0.4433148988457809 0.13855313282607384
3 1136 1914 1137 0.997454096686774 0.4433148988457809 0.13855313282607384
3 1913 1914 1136 0.997454096686774 0.4433148988457809 0.13855313282607384
3 2061 1153 1152 0.997454096686774 0.4433148988457809 0.13855313282607384
3 2062 1153 2061 0.997454096686774 0.4433148988457809 0.13855313282607384
3 1163 1708 1709 0.997454096686774 0.4433148988457809 0.13855313282607384
3 1163 1162 1708 0.997454096686774 0.4433148988457809 0.13855313282607384
3 1709 1164 1163 0.997454096686774 0.4433148988457809 0.13855313282607384
3 1163 1164 2062 0.997454096686774 0.4433148988457809 0.13855313282607384
3 2062 2061 1163 0.997454096686774 0.4433148988457809 0.13855313282607384
3 1163 2061 1162 0.997454096686774 0.4433148988457809 0.13855313282607384
3 1402 1401 1309 0.997454096686774 0.4433148988457809 0.13855313282607384
3 1309 1310 1402 0.997454096686774 0.4433148988457809 0.13855313282607384
3 1402 1310 1403 0.997454096686774 0.4433148988457809 0.13855313282607384
3 1627 1180 1181 0.997454096686774 0.4433148988457809 0.13855313282607384
3 1176 2104 1175 0.997454096686774 0.4433148988457809 0.13855313282607384
3 1175 2103 1174 0.997454096686774 0.4433148988457809 0.13855313282607384
3 2104 2103 1175 0.997454096686774 0.4433148988457809 0.13855313282607384
3 1102 1184 1101 0.997454096686774 0.4433148988457809 0.13855313282607384
3 1100 1986 1101 0.997454096686774 0.4433148988457809 0.13855313282607384
3 1101 1183 1100 0.997454096686774 0.4433148988457809 0.13855313282607384
3 1184 1183 1101 0.997454096686774 0.4433148988457809 0.13855313282607384
3 1986 1987 1101 0.997454096686774 0.4433148988457809 0.13855313282607384
3 1101 1987 1102 0.997454096686774 0.4433148988457809 0.13855313282607384
3 1185 1184 1102 0.997454096686774 0.4433148988457809 0.13855313282607384
3 1185 1103 1186 0.997454096686774 0.4433148988457809 0.13855313282607384
3 1185 1102 1103 0.997454096686774 0.4433148988457809 0.13855313282607384
3 1098 1097 1983 0.997454096686774 0.4433148988457809 0.13855313282607384
3 1983 1984 1098 0.997454096686774 0.4433148988457809 0.13855313282607384
3 1984 1099 1098 0.997454096686774 0.4433148988457809 0.13855313282607384
3 1099 1181 1098 0.997454096686774 0.4433148988457809 0.13855313282607384
3 1180 1097 1098 0.997454096686774 0.4433148988457809 0.13855313282607384
3 1098 1181 1180 0.997454096686774 0.4433148988457809 0.13855313282607384
3 1981 1982 1096 0.997454096686774 0.4433148988457809 0.13855313282607384
3 1982 1097 1096 0.997454096686774 0.4433148988457809 0.13855313282607384
3 1095 1981 1096 0.997454096686774 0.4433148988457809 0.13855313282607384
3 1096 1097 1179 0.997454096686774 0.4433148988457809 0.13855313282607384
3 1096 1179 1178 0.997454096686774 0.4433148988457809 0.13855313282607384
3 1178 1095 1096 0.997454096686774 0.4433148988457809 0.13855313282607384
3 1363 1273 1274 0.997454096686774 0.4433148988457809 0.13855313282607384
3 1362 1273 1363 0.997454096686774 0.4433148988457809 0.13855313282607384
3 1759 1362 1363 0.997454096686774 0.4433148988457809 0.13855313282607384
3 1363 1760 1759 0.997454096686774 0.4433148988457809 0.13855313282607384
3 1170 2099 1169 0.997454096686774 0.4433148988457809 0.13855313282607384
3 1625 1171 1170 0.997454096686774 0.4433148988457809 0.13855313282607384
3 1170 1171 2100 0.997454096686774 0.4433148988457809 0.13855313282607384
3 2100 2099 1170 0.997454096686774 0.4433148988457809 0.13855313282607384
3 1170 1624 1625 0.997454096686774 0.4433148988457809 0.13855313282607384
3 1169 1624 1170 0.997454096686774 0.4433148988457809 0.13855313282607384
3 1762 1366 1355 0.997454096686774 0.4433148988457809 0.13855313282607384
3 1365 1366 1762 0.997454096686774 0.4433148988457809 0.13855313282607384
3 1355 1973 1762 0.997454096686774 0.4433148988457809 0.13855313282607384
3 1762 1973 1354 0.997454096686774 0.4433148988457809 0.13855313282607384
3 1762 1354 1761 0.997454096686774 0.4433148988457809 0.13855313282607384
3 1761 1365 1762 0.997454096686774 0.4433148988457809 0.13855313282607384
3 2104 1277 1276 0.997454096686774 0.4433148988457809 0.13855313282607384
3 1277 1366 1276 0.997454096686774 0.4433148988457809 0.13855313282607384
3 1276 2103 2104 0.997454096686774 0.4433148988457809 0.13855313282607384
3 1276 1366 1365 0.997454096686774 0.4433148988457809 0.13855313282607384
3 1275 2103 1276 0.997454096686774 0.4433148988457809 0.13855313282607384
3 1276 1365 1275 0.997454096686774 0.4433148988457809 0.13855313282607384
3 1441 1974 1748 0.997454096686774 0.4433148988457809 0.13855313282607384
3 1747 1973 1441 0.997454096686774 0.4433148988457809 0.13855313282607384
3 1441 1973 1355 0.997454096686774 0.4433148988457809 0.13855313282607384
3 1355 1974 1441 0.997454096686774 0.4433148988457809 0.13855313282607384
3 1441 1850 1747 0.997454096686774 0.4433148988457809 0.13855313282607384
3 1748 1850 1441 0.997454096686774 0.4433148988457809 0.13855313282607384
3 1751 2211 1977 0.997454096686774 0.4433148988457809 0.13855313282607384
3 1751 1978 2212 0.997454096686774 0.4433148988457809 0.13855313282607384
3 1751 2212 1961 0.997454096686774 0.4433148988457809 0.13855313282607384
3 1961 2211 1751 0.997454096686774 0.4433148988457809 0.13855313282607384
3 1751 1767 1978 0.997454096686774 0.4433148988457809 0.13855313282607384
3 1977 1767 1751 0.997454096686774 0.4433148988457809 0.13855313282607384
3 1791 1790 1014 0.997454096686774 0.4433148988457809 0.13855313282607384
3 1790 1013 1014 0.997454096686774 0.4433148988457809 0.13855313282607384
3 1014 1013 1512 0.997454096686774 0.4433148988457809 0.13855313282607384
3 1014 1015 1791 0.997454096686774 0.4433148988457809 0.13855313282607384
3 1512 1513 1014 0.997454096686774 0.4433148988457809 0.13855313282607384
3 1014 1513 1015 0.997454096686774 0.4433148988457809 0.13855313282607384
3 1511 1012 1510 0.997454096686774 0.4433148988457809 0.13855313282607384
3 1511 1013 1012 0.997454096686774 0.4433148988457809 0.13855313282607384
3 1510 1020 1511 0.997454096686774 0.4433148988457809 0.13855313282607384
3 1512 1013 1511 0.997454096686774 0.4433148988457809 0.13855313282607384
3 1511 1021 1512 0.997454096686774 0.4433148988457809 0.13855313282607384
3 1020 1021 1511 0.997454096686774 0.4433148988457809 0.13855313282607384
3 1019 1509 1018 0.997454096686774 0.4433148988457809 0.13855313282607384
3 2040 2041 1018 0.997454096686774 0.4433148988457809 0.13855313282607384
3 2041 1019 1018 0.997454096686774 0.4433148988457809 0.13855313282607384
3 1018 1017 2040 0.997454096686774 0.4433148988457809 0.13855313282607384
3 1018 1508 1017 0.997454096686774 0.4433148988457809 0.13855313282607384
3 1018 1509 1508 0.997454096686774 0.4433148988457809 0.13855313282607384
3 1591 2050 1590 0.997454096686774 0.4433148988457809 0.13855313282607384
3 1903 1591 1590 0.997454096686774 0.4433148988457809 0.13855313282607384
3 2049 1589 1590 0.997454096686774 0.4433148988457809 0.13855313282607384
3 1590 2050 2049 0.997454096686774 0.4433148988457809 0.13855313282607384
3 1902 1903 1590 0.997454096686774 0.4433148988457809 0.13855313282607384
3 1590 1589 1902 0.997454096686774 0.4433148988457809 0.13855313282607384
3 1504 1503 2145 0.997454096686774 0.4433148988457809 0.13855313282607384
3 1504 2146 1505 0.997454096686774 0.4433148988457809 0.13855313282607384
3 2145 2146 1504 0.997454096686774 0.4433148988457809 0.13855313282607384
3 1505 1697 1504 0.997454096686774 0.4433148988457809 0.13855313282607384
3 1504 1697 1696 0.997454096686774 0.4433148988457809 0.13855313282607384
3 1696 1503 1504 0.997454096686774 0.4433148988457809 0.13855313282607384
3 1570 1195 1571 0.997454096686774 0.4433148988457809 0.13855313282607384
3 1571 1130 1129 0.997454096686774 0.4433148988457809 0.13855313282607384
3 1129 1570 1571 0.997454096686774 0.4433148988457809 0.13855313282607384
3 1571 1195 1196 0.997454096686774 0.4433148988457809 0.13855313282607384
3 1571 1196 1572 0.997454096686774 0.4433148988457809 0.13855313282607384
3 1572 1130 1571 0.997454096686774 0.4433148988457809 0.13855313282607384
3 1700 2033 2032 0.997454096686774 0.4433148988457809 0.13855313282607384
3 2031 1699 2032 0.997454096686774 0.4433148988457809 0.13855313282607384
3 1699 1700 2032 0.997454096686774 0.4433148988457809 0.13855313282607384
3 2032 2033 1562 0.997454096686774 0.4433148988457809 0.13855313282607384
3 2032 1561 2031 0.997454096686774 0.4433148988457809 0.13855313282607384
3 1562 1561 2032 0.997454096686774 0.4433148988457809 0.13855313282607384
3 1723 1724 1241 0.997454096686774 0.4433148988457809 0.13855313282607384
3 1241 1240 1723 0.997454096686774 0.4433148988457809 0.13855313282607384
3 1329 1328 2182 0.997454096686774 0.4433148988457809 0.13855313282607384
3 1725 1328 1329 0.997454096686774 0.4433148988457809 0.13855313282607384
3 1243 1932 1931 0.997454096686774 0.4433148988457809 0.13855313282607384
3 1244 1932 1243 0.997454096686774 0.4433148988457809 0.13855313282607384
3 1330 2184 1331 0.997454096686774 0.4433148988457809 0.13855313282607384
3 1331 1727 1330 0.997454096686774 0.4433148988457809 0.13855313282607384
3 2085 2086 1413 0.997454096686774 0.4433148988457809 0.13855313282607384
3 1828 1412 1413 0.997454096686774 0.4433148988457809 0.13855313282607384
3 1413 1412 2085 0.997454096686774 0.4433148988457809 0.13855313282607384
3 1829 1413 2086 0.997454096686774 0.4433148988457809 0.13855313282607384
3 1828 1413 1829 0.997454096686774 0.4433148988457809 0.13855313282607384
3 1972 1354 1440 0.997454096686774 0.4433148988457809 0.13855313282607384
3 1746 1849 1427 0.997454096686774 0.4433148988457809 0.13855313282607384
3 1427 1439 1746 0.997454096686774 0.4433148988457809 0.13855313282607384
3 1746 1428 1849 0.997454096686774 0.4433148988457809 0.13855313282607384
3 1440 1428 1746 0.997454096686774 0.4433148988457809 0.13855313282607384
3 1746 1972 1440 0.997454096686774 0.4433148988457809 0.13855313282607384
3 1439 1972 1746 0.997454096686774 0.4433148988457809 0.13855313282607384
3 1971 1745 1438 0.997454096686774 0.4433148988457809 0.13855313282607384
3 1971 1439 1745 0.997454096686774 0.4433148988457809 0.13855313282607384
3 1438 1970 1971 0.997454096686774 0.4433148988457809 0.13855313282607384
3 1415 1831 1343 0.997454096686774 0.4433148988457809 0.13855313282607384
3 1415 2087 2088 0.997454096686774 0.4433148988457809 0.13855313282607384
3 2088 1831 1415 0.997454096686774 0.4433148988457809 0.13855313282607384
3 1343 1831 2185 0.997454096686774 0.4433148988457809 0.13855313282607384
3 1831 2186 2185 0.997454096686774 0.4433148988457809 0.13855313282607384
3 2185 2184 1343 0.997454096686774 0.4433148988457809 0.13855313282607384
3 2185 1331 2184 0.997454096686774 0.4433148988457809 0.13855313282607384
3 1730 1936 1729 0.997454096686774 0.4433148988457809 0.13855313282607384
3 1730 2186 2187 0.997454096686774 0.4433148988457809 0.13855313282607384
3 1729 2186 1730 0.997454096686774 0.4433148988457809 0.13855313282607384
3 1730 2187 1731 0.997454096686774 0.4433148988457809 0.13855313282607384
3 1731 1937 1730 0.997454096686774 0.4433148988457809 0.13855313282607384
3 1937 1936 1730 0.997454096686774 0.4433148988457809 0.13855313282607384
3 1233 1932 1933 0.997454096686774 0.4433148988457809 0.13855313282607384
3 1933 1932 1244 0.997454096686774 0.4433148988457809 0.13855313282607384
3 1935 1936 1236 0.997454096686774 0.4433148988457809 0.13855313282607384
3 1729 1936 1935 0.997454096686774 0.4433148988457809 0.13855313282607384
3 1711 1710 1235 0.997454096686774 0.4433148988457809 0.13855313282607384
3 1934 1935 1235 0.997454096686774 0.4433148988457809 0.13855313282607384
3 1235 1236 1711 0.997454096686774 0.4433148988457809 0.13855313282607384
3 1235 1935 1236 0.997454096686774 0.4433148988457809 0.13855313282607384
3 1335 2177 2176 0.997454096686774 0.4433148988457809 0.13855313282607384
3 1335 1336 2177 0.997454096686774 0.4433148988457809 0.13855313282607384
3 1823 1336 1335 0.997454096686774 0.4433148988457809 0.13855313282607384
3 2176 1334 1335 0.997454096686774 0.4433148988457809 0.13855313282607384
3 1822 1823 1335 0.997454096686774 0.4433148988457809 0.13855313282607384
3 1335 1334 1822 0.997454096686774 0.4433148988457809 0.13855313282607384
3 1091 1948 1092 0.997454096686774 0.4433148988457809 0.13855313282607384
3 1948 1949 1092 0.997454096686774 0.4433148988457809 0.13855313282607384
3 1092 1252 1091 0.997454096686774 0.4433148988457809 0.13855313282607384
3 1949 1093 1092 0.997454096686774 0.4433148988457809 0.13855313282607384
3 1262 1842 1263 0.997454096686774 0.4433148988457809 0.13855313282607384
3 1262 1949 1261 0.997454096686774 0.4433148988457809 0.13855313282607384
3 1262 2199 1842 0.997454096686774 0.4433148988457809 0.13855313282607384
3 1262 1261 2199 0.997454096686774 0.4433148988457809 0.13855313282607384
3 1526 1252 1253 0.997454096686774 0.4433148988457809 0.13855313282607384
3 1253 1093 1254 0.997454096686774 0.4433148988457809 0.13855313282607384
3 1252 1092 1253 0.997454096686774 0.4433148988457809 0.13855313282607384
3 1253 1092 1093 0.997454096686774 0.4433148988457809 0.13855313282607384
3 1253 1527 1526 0.997454096686774 0.4433148988457809 0.13855313282607384
3 1253 1254 1527 0.997454096686774 0.4433148988457809 0.13855313282607384
3 1950 1093 1949 0.997454096686774 0.4433148988457809 0.13855313282607384
3 1950 1262 1263 0.997454096686774 0.4433148988457809 0.13855313282607384
3 1949 1262 1950 0.997454096686774 0.4433148988457809 0.13855313282607384
3 1263 1951 1950 0.997454096686774 0.4433148988457809 0.13855313282607384
3 1950 1951 1094 0.997454096686774 0.4433148988457809 0.13855313282607384
3 1094 1093 1950 0.997454096686774 0.4433148988457809 0.13855313282607384
3 1437 1744 1425 0.997454096686774 0.4433148988457809 0.13855313282607384
3 1437 1969 1970 0.997454096686774 0.4433148988457809 0.13855313282607384
3 1437 1970 1438 0.997454096686774 0.4433148988457809 0.13855313282607384
3 1438 1744 1437 0.997454096686774 0.4433148988457809 0.13855313282607384
3 1967 1435 1966 0.997454096686774 0.4433148988457809 0.13855313282607384
3 1967 1347 1348 0.997454096686774 0.4433148988457809 0.13855313282607384
3 1966 1347 1967 0.997454096686774 0.4433148988457809 0.13855313282607384
3 1742 1435 1436 0.997454096686774 0.4433148988457809 0.13855313282607384
3 1969 1437 1436 0.997454096686774 0.4433148988457809 0.13855313282607384
3 2152 1889 2153 0.997454096686774 0.4433148988457809 0.13855313282607384
3 2151 1889 2152 0.997454096686774 0.4433148988457809 0.13855313282607384
3 2153 2036 2152 0.997454096686774 0.4433148988457809 0.13855313282607384
3 2036 2035 2152 0.997454096686774 0.4433148988457809 0.13855313282607384
3 2035 2151 2152 0.997454096686774 0.4433148988457809 0.13855313282607384
3 1030 1775 1776 0.997454096686774 0.4433148988457809 0.13855313282607384
3 1776 1777 1030 0.997454096686774 0.4433148988457809 0.13855313282607384
3 1776 1775 1037 0.997454096686774 0.4433148988457809 0.13855313282607384
3 1993 1779 1780 0.997454096686774 0.4433148988457809 0.13855313282607384
3 1780 1649 1650 0.997454096686774 0.4433148988457809 0.13855313282607384
3 1780 1779 1649 0.997454096686774 0.4433148988457809 0.13855313282607384
3 1782 1783 1995 0.997454096686774 0.4433148988457809 0.13855313282607384
3 1783 1996 1995 0.997454096686774 0.4433148988457809 0.13855313282607384
3 1995 1996 1638 0.997454096686774 0.4433148988457809 0.13855313282607384
3 2134 2037 2154 0.997454096686774 0.4433148988457809 0.13855313282607384
3 2154 2216 2134 0.997454096686774 0.4433148988457809 0.13855313282607384
3 2154 2037 2153 0.997454096686774 0.4433148988457809 0.13855313282607384
3 2174 2216 2154 0.997454096686774 0.4433148988457809 0.13855313282607384
3 2154 2056 2174 0.997454096686774 0.4433148988457809 0.13855313282607384
3 2153 2056 2154 0.997454096686774 0.4433148988457809 0.13855313282607384
3 935 2119 936 0.997454096686774 0.4433148988457809 0.13855313282607384
3 936 937 1446 0.997454096686774 0.4433148988457809 0.13855313282607384
3 2120 937 936 0.997454096686774 0.4433148988457809 0.13855313282607384
3 936 2119 2120 0.997454096686774 0.4433148988457809 0.13855313282607384
3 1446 1445 936 0.997454096686774 0.4433148988457809 0.13855313282607384
3 1445 935 936 0.997454096686774 0.4433148988457809 0.13855313282607384
3 1667 1493 2013 0.997454096686774 0.4433148988457809 0.13855313282607384
3 1668 1667 2013 0.997454096686774 0.4433148988457809 0.13855313282607384
3 2013 2014 1668 0.997454096686774 0.4433148988457809 0.13855313282607384
3 1684 2014 2013 0.997454096686774 0.4433148988457809 0.13855313282607384
3 2013 1683 1684 0.997454096686774 0.4433148988457809 0.13855313282607384
3 2013 2012 1683 0.997454096686774 0.4433148988457809 0.13855313282607384
3 2013 1493 2012 0.997454096686774 0.4433148988457809 0.13855313282607384
3 951 1538 1537 0.997454096686774 0.4433148988457809 0.13855313282607384
3 1537 950 951 0.997454096686774 0.4433148988457809 0.13855313282607384
3 951 1461 952 0.997454096686774 0.4433148988457809 0.13855313282607384
3 952 1538 951 0.997454096686774 0.4433148988457809 0.13855313282607384
3 958 1860 959 0.997454096686774 0.4433148988457809 0.13855313282607384
3 1861 1461 959 0.997454096686774 0.4433148988457809 0.13855313282607384
3 959 1860 1861 0.997454096686774 0.4433148988457809 0.13855313282607384
3 1475 1860 966 0.997454096686774 0.4433148988457809 0.13855313282607384
3 1860 1859 966 0.997454096686774 0.4433148988457809 0.13855313282607384
3 966 1474 1475 0.997454096686774 0.4433148988457809 0.13855313282607384
3 966 1859 1474 0.997454096686774 0.4433148988457809 0.13855313282607384
3 1400 1898 1399 0.997454096686774 0.4433148988457809 0.13855313282607384
3 1400 1307 1308 0.997454096686774 0.4433148988457809 0.13855313282607384
3 1399 1307 1400 0.997454096686774 0.4433148988457809 0.13855313282607384
3 1308 1401 1400 0.997454096686774 0.4433148988457809 0.13855313282607384
3 1400 1401 1899 0.997454096686774 0.4433148988457809 0.13855313282607384
3 1899 1898 1400 0.997454096686774 0.4433148988457809 0.13855313282607384
3 1162 2061 2060 0.997454096686774 0.4433148988457809 0.13855313282607384
3 2059 1161 2060 0.997454096686774 0.4433148988457809 0.13855313282607384
3 1161 1162 2060 0.997454096686774 0.4433148988457809 0.13855313282607384
3 2060 2061 1152 0.997454096686774 0.4433148988457809 0.13855313282607384
3 1152 1151 2060 0.997454096686774 0.4433148988457809 0.13855313282607384
3 2060 1151 2059 0.997454096686774 0.4433148988457809 0.13855313282607384
3 1901 1402 1403 0.997454096686774 0.4433148988457809 0.13855313282607384
3 1901 1403 1902 0.997454096686774 0.4433148988457809 0.13855313282607384
3 1902 1589 1901 0.997454096686774 0.4433148988457809 0.13855313282607384
3 1901 1589 1299 0.997454096686774 0.4433148988457809 0.13855313282607384
3 1627 1181 1628 0.997454096686774 0.4433148988457809 0.13855313282607384
3 1628 1629 1173 0.997454096686774 0.4433148988457809 0.13855313282607384
3 1628 1172 1627 0.997454096686774 0.4433148988457809 0.13855313282607384
3 1173 1172 1628 0.997454096686774 0.4433148988457809 0.13855313282607384
3 1630 1183 1184 0.997454096686774 0.4433148988457809 0.13855313282607384
3 1629 1183 1630 0.997454096686774 0.4433148988457809 0.13855313282607384
3 1174 1629 1630 0.997454096686774 0.4433148988457809 0.13855313282607384
3 1630 1175 1174 0.997454096686774 0.4433148988457809 0.13855313282607384
3 1182 1181 1099 0.997454096686774 0.4433148988457809 0.13855313282607384
3 1182 1099 1100 0.997454096686774 0.4433148988457809 0.13855313282607384
3 1100 1183 1182 0.997454096686774 0.4433148988457809 0.13855313282607384
3 1182 1183 1629 0.997454096686774 0.4433148988457809 0.13855313282607384
3 1629 1628 1182 0.997454096686774 0.4433148988457809 0.13855313282607384
3 1182 1628 1181 0.997454096686774 0.4433148988457809 0.13855313282607384
3 1186 1633 1632 0.997454096686774 0.4433148988457809 0.13855313282607384
3 1632 1185 1186 0.997454096686774 0.4433148988457809 0.13855313282607384
3 1632 1633 2106 0.997454096686774 0.4433148988457809 0.13855313282607384
3 1632 2105 1176 0.997454096686774 0.4433148988457809 0.13855313282607384
3 2106 2105 1632 0.997454096686774 0.4433148988457809 0.13855313282607384
3 1364 1363 1274 0.997454096686774 0.4433148988457809 0.13855313282607384
3 1364 1365 1761 0.997454096686774 0.4433148988457809 0.13855313282607384
3 1761 1760 1364 0.997454096686774 0.4433148988457809 0.13855313282607384
3 1760 1363 1364 0.997454096686774 0.4433148988457809 0.13855313282607384
3 1364 1274 1275 0.997454096686774 0.4433148988457809 0.13855313282607384
3 1275 1365 1364 0.997454096686774 0.4433148988457809 0.13855313282607384
3 1929 1928 1240 0.997454096686774 0.4433148988457809 0.13855313282607384
3 1240 1241 1929 0.997454096686774 0.4433148988457809 0.13855313282607384
3 1929 1241 1930 0.997454096686774 0.4433148988457809 0.13855313282607384
3 1229 1928 1929 0.997454096686774 0.4433148988457809 0.13855313282607384
3 1230 1229 1929 0.997454096686774 0.4433148988457809 0.13855313282607384
3 1929 1930 1230 0.997454096686774 0.4433148988457809 0.13855313282607384
3 1725 1243 1242 0.997454096686774 0.4433148988457809 0.13855313282607384
3 1930 1241 1242 0.997454096686774 0.4433148988457809 0.13855313282607384
3 1931 1930 1242 0.997454096686774 0.4433148988457809 0.13855313282607384
3 1242 1243 1931 0.997454096686774 0.4433148988457809 0.13855313282607384
3 1724 1725 1242 0.997454096686774 0.4433148988457809 0.13855313282607384
3 1242 1241 1724 0.997454096686774 0.4433148988457809 0.13855313282607384
3 1725 1329 1726 0.997454096686774 0.4433148988457809 0.13855313282607384
3 1726 1243 1725 0.997454096686774 0.4433148988457809 0.13855313282607384
3 1726 1329 1330 0.997454096686774 0.4433148988457809 0.13855313282607384
3 1244 1243 1726 0.997454096686774 0.4433148988457809 0.13855313282607384
3 1330 1727 1726 0.997454096686774 0.4433148988457809 0.13855313282607384
3 1726 1727 1244 0.997454096686774 0.4433148988457809 0.13855313282607384
3 1934 1933 1245 0.997454096686774 0.4433148988457809 0.13855313282607384
3 1244 1727 1245 0.997454096686774 0.4433148988457809 0.13855313282607384
3 1245 1933 1244 0.997454096686774 0.4433148988457809 0.13855313282607384
3 1343 2184 1342 0.997454096686774 0.4433148988457809 0.13855313282607384
3 2086 2087 1414 0.997454096686774 0.4433148988457809 0.13855313282607384
3 1414 1829 2086 0.997454096686774 0.4433148988457809 0.13855313282607384
3 1414 1342 1829 0.997454096686774 0.4433148988457809 0.13855313282607384
3 1352 1971 1970 0.997454096686774 0.4433148988457809 0.13855313282607384
3 1351 1759 1352 0.997454096686774 0.4433148988457809 0.13855313282607384
3 1352 1970 1351 0.997454096686774 0.4433148988457809 0.13855313282607384
3 1759 1760 1352 0.997454096686774 0.4433148988457809 0.13855313282607384
3 1353 1972 1439 0.997454096686774 0.4433148988457809 0.13855313282607384
3 1439 1971 1353 0.997454096686774 0.4433148988457809 0.13855313282607384
3 1353 1760 1761 0.997454096686774 0.4433148988457809 0.13855313282607384
3 1353 1352 1760 0.997454096686774 0.4433148988457809 0.13855313282607384
3 1971 1352 1353 0.997454096686774 0.4433148988457809 0.13855313282607384
3 1761 1354 1353 0.997454096686774 0.4433148988457809 0.13855313282607384
3 1354 1972 1353 0.997454096686774 0.4433148988457809 0.13855313282607384
3 1331 2185 1332 0.997454096686774 0.4433148988457809 0.13855313282607384
3 1332 2186 1729 0.997454096686774 0.4433148988457809 0.13855313282607384
3 1332 2185 2186 0.997454096686774 0.4433148988457809 0.13855313282607384
3 1709 1233 1234 0.997454096686774 0.4433148988457809 0.13855313282607384
3 1233 1933 1234 0.997454096686774 0.4433148988457809 0.13855313282607384
3 1234 1933 1934 0.997454096686774 0.4433148988457809 0.13855313282607384
3 1234 1710 1709 0.997454096686774 0.4433148988457809 0.13855313282607384
3 1234 1235 1710 0.997454096686774 0.4433148988457809 0.13855313282607384
3 1934 1235 1234 0.997454096686774 0.4433148988457809 0.13855313282607384
3 1424 1742 1743 0.997454096686774 0.4433148988457809 0.13855313282607384
3 1742 1436 1743 0.997454096686774 0.4433148988457809 0.13855313282607384
3 1743 1846 1424 0.997454096686774 0.4433148988457809 0.13855313282607384
3 1425 1846 1743 0.997454096686774 0.4433148988457809 0.13855313282607384
3 1743 1437 1425 0.997454096686774 0.4433148988457809 0.13855313282607384
3 1743 1436 1437 0.997454096686774 0.4433148988457809 0.13855313282607384
3 1435 1967 1968 0.997454096686774 0.4433148988457809 0.13855313282607384
3 1968 1436 1435 0.997454096686774 0.4433148988457809 0.13855313282607384
3 1348 1349 1968 0.997454096686774 0.4433148988457809 0.13855313282607384
3 1968 1967 1348 0.997454096686774 0.4433148988457809 0.13855313282607384
3 1969 1436 1968 0.997454096686774 0.4433148988457809 0.13855313282607384
3 1349 1350 1968 0.997454096686774 0.4433148988457809 0.13855313282607384
3 1968 1350 1969 0.997454096686774 0.4433148988457809 0.13855313282607384
3 1038 1776 1037 0.997454096686774 0.4433148988457809 0.13855313282607384
3 1777 1776 1038 0.997454096686774 0.4433148988457809 0.13855313282607384
3 1038 1037 924 0.997454096686774 0.4433148988457809 0.13855313282607384
3 924 1646 1038 0.997454096686774 0.4433148988457809 0.13855313282607384
3 1038 1646 1647 0.997454096686774 0.4433148988457809 0.13855313282607384
3 1647 1778 1038 0.997454096686774 0.4433148988457809 0.13855313282607384
3 1778 1777 1038 0.997454096686774 0.4433148988457809 0.13855313282607384
3 1651 1782 1781 0.997454096686774 0.4433148988457809 0.13855313282607384
3 1650 1651 1781 0.997454096686774 0.4433148988457809 0.13855313282607384
3 1781 1780 1650 0.997454096686774 0.4433148988457809 0.13855313282607384
3 958 959 1460 0.997454096686774 0.4433148988457809 0.13855313282607384
3 950 1459 1460 0.997454096686774 0.4433148988457809 0.13855313282607384
3 1460 1459 958 0.997454096686774 0.4433148988457809 0.13855313282607384
3 1460 951 950 0.997454096686774 0.4433148988457809 0.13855313282607384
3 1461 951 1460 0.997454096686774 0.4433148988457809 0.13855313282607384
3 1460 959 1461 0.997454096686774 0.4433148988457809 0.13855313282607384
3 1900 1901 1299 0.997454096686774 0.4433148988457809 0.13855313282607384
3 1402 1901 1900 0.997454096686774 0.4433148988457809 0.13855313282607384
3 1900 1298 1899 0.997454096686774 0.4433148988457809 0.13855313282607384
3 1900 1299 1298 0.997454096686774 0.4433148988457809 0.13855313282607384
3 1899 1401 1900 0.997454096686774 0.4433148988457809 0.13855313282607384
3 1401 1402 1900 0.997454096686774 0.4433148988457809 0.13855313282607384
3 1631 1630 1184 0.997454096686774 0.4433148988457809 0.13855313282607384
3 1631 1632 1176 0.997454096686774 0.4433148988457809 0.13855313282607384
3 1176 1175 1631 0.997454096686774 0.4433148988457809 0.13855313282607384
3 1175 1630 1631 0.997454096686774 0.4433148988457809 0.13855313282607384
3 1184 1185 1631 0.997454096686774 0.4433148988457809 0.13855313282607384
3 1185 1632 1631 0.997454096686774 0.4433148988457809 0.13855313282607384
3 1330 1329 2183 0.997454096686774 0.4433148988457809 0.13855313282607384
3 2183 2184 1330 0.997454096686774 0.4433148988457809 0.13855313282607384
3 2183 1342 2184 0.997454096686774 0.4433148988457809 0.13855313282607384
3 2183 1329 2182 0.997454096686774 0.4433148988457809 0.13855313282607384
3 2087 1415 1830 0.997454096686774 0.4433148988457809 0.13855313282607384
3 1830 1414 2087 0.997454096686774 0.4433148988457809 0.13855313282607384
3 1830 1415 1343 0.997454096686774 0.4433148988457809 0.13855313282607384
3 1343 1342 1830 0.997454096686774 0.4433148988457809 0.13855313282607384
3 1342 1414 1830 0.997454096686774 0.4433148988457809 0.13855313282607384
3 1331 1332 1728 0.997454096686774 0.4433148988457809 0.13855313282607384
3 1727 1331 1728 0.997454096686774 0.4433148988457809 0.13855313282607384
3 1728 1245 1727 0.997454096686774 0.4433148988457809 0.13855313282607384
3 1728 1332 1729 0.997454096686774 0.4433148988457809 0.13855313282607384
3 1782 1995 1994 0.997454096686774 0.4433148988457809 0.13855313282607384
3 1994 1781 1782 0.997454096686774 0.4433148988457809 0.13855313282607384
3 1994 1637 1993 0.997454096686774 0.4433148988457809 0.13855313282607384
3 1993 1780 1994 0.997454096686774 0.4433148988457809 0.13855313282607384
3 1780 1781 1994 0.997454096686774 0.4433148988457809 0.13855313282607384
3 1638 1637 1994 0.997454096686774 0.4433148988457809 0.13855313282607384
3 1994 1995 1638 0.997454096686774 0.4433148988457809 0.13855313282607384
3 1341 2183 2182 0.997454096686774 0.4433148988457809 0.13855313282607384
3 1828 1829 1341 0.997454096686774 0.4433148988457809 0.13855313282607384
3 1829 1342 1341 0.997454096686774 0.4433148988457809 0.13855313282607384
3 1342 2183 1341 0.997454096686774 0.4433148988457809 0.13855313282607384
3 1341 1340 1828 0.997454096686774 0.4433148988457809 0.13855313282607384
3 1341 2182 1340 0.997454096686774 0.4433148988457809 0.13855313282607384
3 1934 1245 1246 0.997454096686774 0.4433148988457809 0.13855313282607384
3 1245 1728 1246 0.997454096686774 0.4433148988457809 0.13855313282607384
3 1246 1935 1934 0.997454096686774 0.4433148988457809 0.13855313282607384
3 1729 1935 1246 0.997454096686774 0.4433148988457809 0.13855313282607384
3 1246 1728 1729 0.997454096686774 0.4433148988457809 0.13855313282607384
3 2303 2379 2304 0.997454096686774 0.4433148988457809 0.13855313282607384
3 2336 2219 2217 0.997454096686774 0.4433148988457809 0.13855313282607384
3 2336 3165 2798 0.997454096686774 0.4433148988457809 0.13855313282607384
3 2798 2219 2336 0.997454096686774 0.4433148988457809 0.13855313282607384
3 2298 2297 2300 0.997454096686774 0.4433148988457809 0.13855313282607384
3 2302 2301 2447 0.997454096686774 0.4433148988457809 0.13855313282607384
3 2822 2236 2235 0.997454096686774 0.4433148988457809 0.13855313282607384
3 2921 2754 2260 0.997454096686774 0.4433148988457809 0.13855313282607384
3 2384 2265 2264 0.997454096686774 0.4433148988457809 0.13855313282607384
3 2309 2308 3103 0.997454096686774 0.4433148988457809 0.13855313282607384
3 2220 2219 2798 0.997454096686774 0.4433148988457809 0.13855313282607384
3 2798 3165 2640 0.997454096686774 0.4433148988457809 0.13855313282607384
3 2364 2291 2290 0.997454096686774 0.4433148988457809 0.13855313282607384
3 3088 2295 2294 0.997454096686774 0.4433148988457809 0.13855313282607384
3 2787 2300 2297 0.997454096686774 0.4433148988457809 0.13855313282607384
3 2447 2301 2787 0.997454096686774 0.4433148988457809 0.13855313282607384
3 2301 2300 2787 0.997454096686774 0.4433148988457809 0.13855313282607384
3 2324 2323 2475 0.997454096686774 0.4433148988457809 0.13855313282607384
3 2237 3043 2239 0.997454096686774 0.4433148988457809 0.13855313282607384
3 2503 2222 2221 0.997454096686774 0.4433148988457809 0.13855313282607384
3 2236 2822 3284 0.997454096686774 0.4433148988457809 0.13855313282607384
3 3284 3043 2237 0.997454096686774 0.4433148988457809 0.13855313282607384
3 2237 2236 3284 0.997454096686774 0.4433148988457809 0.13855313282607384
3 2235 2234 3467 0.997454096686774 0.4433148988457809 0.13855313282607384
3 3467 2822 2235 0.997454096686774 0.4433148988457809 0.13855313282607384
3 2261 2260 2754 0.997454096686774 0.4433148988457809 0.13855313282607384
3 2921 2260 2259 0.997454096686774 0.4433148988457809 0.13855313282607384
3 2679 2511 2262 0.997454096686774 0.4433148988457809 0.13855313282607384
3 2262 2261 2679 0.997454096686774 0.4433148988457809 0.13855313282607384
3 2679 2261 2754 0.997454096686774 0.4433148988457809 0.13855313282607384
3 2511 2679 2512 0.997454096686774 0.4433148988457809 0.13855313282607384
3 2511 2512 2427 0.997454096686774 0.4433148988457809 0.13855313282607384
3 2267 2266 2349 0.997454096686774 0.4433148988457809 0.13855313282607384
3 2262 2511 2263 0.997454096686774 0.4433148988457809 0.13855313282607384
3 2274 2273 2586 0.997454096686774 0.4433148988457809 0.13855313282607384
3 2586 3073 2274 0.997454096686774 0.4433148988457809 0.13855313282607384
3 3073 2279 2278 0.997454096686774 0.4433148988457809 0.13855313282607384
3 2345 2308 2307 0.997454096686774 0.4433148988457809 0.13855313282607384
3 2345 3103 2308 0.997454096686774 0.4433148988457809 0.13855313282607384
3 2379 2303 2414 0.997454096686774 0.4433148988457809 0.13855313282607384
3 2414 2448 2379 0.997454096686774 0.4433148988457809 0.13855313282607384
3 2303 2302 2414 0.997454096686774 0.4433148988457809 0.13855313282607384
3 2414 2302 2447 0.997454096686774 0.4433148988457809 0.13855313282607384
3 2359 2290 2289 0.997454096686774 0.4433148988457809 0.13855313282607384
3 3165 2336 2335 0.997454096686774 0.4433148988457809 0.13855313282607384
3 2335 2640 3165 0.997454096686774 0.4433148988457809 0.13855313282607384
3 3184 2642 2632 0.997454096686774 0.4433148988457809 0.13855313282607384
3 3118 2331 2632 0.997454096686774 0.4433148988457809 0.13855313282607384
3 3118 2332 2331 0.997454096686774 0.4433148988457809 0.13855313282607384
3 2632 2642 3118 0.997454096686774 0.4433148988457809 0.13855313282607384
3 2292 2291 3133 0.997454096686774 0.4433148988457809 0.13855313282607384
3 3133 2369 2292 0.997454096686774 0.4433148988457809 0.13855313282607384
3 3133 2291 2364 0.997454096686774 0.4433148988457809 0.13855313282607384
3 2292 2369 2293 0.997454096686774 0.4433148988457809 0.13855313282607384
3 2293 2369 2776 0.997454096686774 0.4433148988457809 0.13855313282607384
3 3088 2294 2374 0.997454096686774 0.4433148988457809 0.13855313282607384
3 2374 2409 3088 0.997454096686774 0.4433148988457809 0.13855313282607384
3 2374 2293 2776 0.997454096686774 0.4433148988457809 0.13855313282607384
3 2294 2293 2374 0.997454096686774 0.4433148988457809 0.13855313282607384
3 2408 2295 3088 0.997454096686774 0.4433148988457809 0.13855313282607384
3 2447 2787 2408 0.997454096686774 0.4433148988457809 0.13855313282607384
3 2632 2331 2551 0.997454096686774 0.4433148988457809 0.13855313282607384
3 2331 2330 2551 0.997454096686774 0.4433148988457809 0.13855313282607384
3 2551 2330 3119 0.997454096686774 0.4433148988457809 0.13855313282607384
3 3251 2478 3250 0.997454096686774 0.4433148988457809 0.13855313282607384
3 2476 2475 2323 0.997454096686774 0.4433148988457809 0.13855313282607384
3 3250 2322 2468 0.997454096686774 0.4433148988457809 0.13855313282607384
3 2468 2322 2321 0.997454096686774 0.4433148988457809 0.13855313282607384
3 2468 2321 2469 0.997454096686774 0.4433148988457809 0.13855313282607384
3 2468 3251 3250 0.997454096686774 0.4433148988457809 0.13855313282607384
3 2469 3251 2468 0.997454096686774 0.4433148988457809 0.13855313282607384
3 2904 2903 3052 0.997454096686774 0.4433148988457809 0.13855313282607384
3 3305 3306 2713 0.997454096686774 0.4433148988457809 0.13855313282607384
3 2902 3595 3594 0.997454096686774 0.4433148988457809 0.13855313282607384
3 2903 3595 2902 0.997454096686774 0.4433148988457809 0.13855313282607384
3 3699 2508 2509 0.997454096686774 0.4433148988457809 0.13855313282607384
3 2509 3700 3699 0.997454096686774 0.4433148988457809 0.13855313282607384
3 2831 3292 2830 0.997454096686774 0.4433148988457809 0.13855313282607384
3 3293 3292 2831 0.997454096686774 0.4433148988457809 0.13855313282607384
3 3476 2831 2830 0.997454096686774 0.4433148988457809 0.13855313282607384
3 2980 3699 3700 0.997454096686774 0.4433148988457809 0.13855313282607384
3 3293 2831 2832 0.997454096686774 0.4433148988457809 0.13855313282607384
3 3433 2607 2606 0.997454096686774 0.4433148988457809 0.13855313282607384
3 2606 2607 2347 0.997454096686774 0.4433148988457809 0.13855313282607384
3 2870 2311 2310 0.997454096686774 0.4433148988457809 0.13855313282607384
3 2721 3320 2246 0.997454096686774 0.4433148988457809 0.13855313282607384
3 2246 2245 2721 0.997454096686774 0.4433148988457809 0.13855313282607384
3 2670 3215 2669 0.997454096686774 0.4433148988457809 0.13855313282607384
3 3321 2670 2669 0.997454096686774 0.4433148988457809 0.13855313282607384
3 2669 3320 3321 0.997454096686774 0.4433148988457809 0.13855313282607384
3 2710 2244 2243 0.997454096686774 0.4433148988457809 0.13855313282607384
3 3487 2711 3488 0.997454096686774 0.4433148988457809 0.13855313282607384
3 3488 2721 3487 0.997454096686774 0.4433148988457809 0.13855313282607384
3 3487 2721 2245 0.997454096686774 0.4433148988457809 0.13855313282607384
3 3487 2245 2244 0.997454096686774 0.4433148988457809 0.13855313282607384
3 2244 2710 3487 0.997454096686774 0.4433148988457809 0.13855313282607384
3 3487 2710 2711 0.997454096686774 0.4433148988457809 0.13855313282607384
3 3271 3270 2978 0.997454096686774 0.4433148988457809 0.13855313282607384
3 2886 3270 3271 0.997454096686774 0.4433148988457809 0.13855313282607384
3 3569 2579 2578 0.997454096686774 0.4433148988457809 0.13855313282607384
3 3570 2579 3569 0.997454096686774 0.4433148988457809 0.13855313282607384
3 2559 2503 2221 0.997454096686774 0.4433148988457809 0.13855313282607384
3 2559 2220 2798 0.997454096686774 0.4433148988457809 0.13855313282607384
3 2221 2220 2559 0.997454096686774 0.4433148988457809 0.13855313282607384
3 3200 3201 2661 0.997454096686774 0.4433148988457809 0.13855313282607384
3 3200 2661 2660 0.997454096686774 0.4433148988457809 0.13855313282607384
3 2659 2660 3467 0.997454096686774 0.4433148988457809 0.13855313282607384
3 2234 2233 2659 0.997454096686774 0.4433148988457809 0.13855313282607384
3 2659 3467 2234 0.997454096686774 0.4433148988457809 0.13855313282607384
3 3469 2661 2662 0.997454096686774 0.4433148988457809 0.13855313282607384
3 2662 2661 3201 0.997454096686774 0.4433148988457809 0.13855313282607384
3 2580 3201 3200 0.997454096686774 0.4433148988457809 0.13855313282607384
3 2580 2579 3570 0.997454096686774 0.4433148988457809 0.13855313282607384
3 3200 2579 2580 0.997454096686774 0.4433148988457809 0.13855313282607384
3 3570 3571 2580 0.997454096686774 0.4433148988457809 0.13855313282607384
3 3201 2580 2581 0.997454096686774 0.4433148988457809 0.13855313282607384
3 2581 2580 3571 0.997454096686774 0.4433148988457809 0.13855313282607384
3 2838 3306 3305 0.997454096686774 0.4433148988457809 0.13855313282607384
3 2830 3292 3291 0.997454096686774 0.4433148988457809 0.13855313282607384
3 3468 2661 3469 0.997454096686774 0.4433148988457809 0.13855313282607384
3 3468 2660 2661 0.997454096686774 0.4433148988457809 0.13855313282607384
3 2822 3467 3468 0.997454096686774 0.4433148988457809 0.13855313282607384
3 3467 2660 3468 0.997454096686774 0.4433148988457809 0.13855313282607384
3 3043 3044 2895 0.997454096686774 0.4433148988457809 0.13855313282607384
3 2240 2239 2895 0.997454096686774 0.4433148988457809 0.13855313282607384
3 2895 2239 3043 0.997454096686774 0.4433148988457809 0.13855313282607384
3 3043 3284 3285 0.997454096686774 0.4433148988457809 0.13855313282607384
3 3285 3044 3043 0.997454096686774 0.4433148988457809 0.13855313282607384
3 2680 2679 2754 0.997454096686774 0.4433148988457809 0.13855313282607384
3 2513 2512 2680 0.997454096686774 0.4433148988457809 0.13855313282607384
3 2680 2512 2679 0.997454096686774 0.4433148988457809 0.13855313282607384
3 2511 2427 2426 0.997454096686774 0.4433148988457809 0.13855313282607384
3 2384 2264 2426 0.997454096686774 0.4433148988457809 0.13855313282607384
3 2426 2263 2511 0.997454096686774 0.4433148988457809 0.13855313282607384
3 2264 2263 2426 0.997454096686774 0.4433148988457809 0.13855313282607384
3 2385 2427 2386 0.997454096686774 0.4433148988457809 0.13855313282607384
3 2384 2426 2385 0.997454096686774 0.4433148988457809 0.13855313282607384
3 2385 2426 2427 0.997454096686774 0.4433148988457809 0.13855313282607384
3 3630 2266 2265 0.997454096686774 0.4433148988457809 0.13855313282607384
3 3630 2349 2266 0.997454096686774 0.4433148988457809 0.13855313282607384
3 3630 2265 2384 0.997454096686774 0.4433148988457809 0.13855313282607384
3 3630 2350 2349 0.997454096686774 0.4433148988457809 0.13855313282607384
3 2275 2274 3073 0.997454096686774 0.4433148988457809 0.13855313282607384
3 2275 2278 2276 0.997454096686774 0.4433148988457809 0.13855313282607384
3 3073 2278 2275 0.997454096686774 0.4433148988457809 0.13855313282607384
3 3103 2345 2346 0.997454096686774 0.4433148988457809 0.13855313282607384
3 2606 2347 2346 0.997454096686774 0.4433148988457809 0.13855313282607384
3 2346 2605 2606 0.997454096686774 0.4433148988457809 0.13855313282607384
3 2346 2345 2605 0.997454096686774 0.4433148988457809 0.13855313282607384
3 2379 2448 2415 0.997454096686774 0.4433148988457809 0.13855313282607384
3 2788 2409 2448 0.997454096686774 0.4433148988457809 0.13855313282607384
3 2448 2414 2788 0.997454096686774 0.4433148988457809 0.13855313282607384
3 2788 2414 2447 0.997454096686774 0.4433148988457809 0.13855313282607384
3 2447 2408 2788 0.997454096686774 0.4433148988457809 0.13855313282607384
3 3088 2409 2788 0.997454096686774 0.4433148988457809 0.13855313282607384
3 2788 2408 3088 0.997454096686774 0.4433148988457809 0.13855313282607384
3 2285 2960 2286 0.997454096686774 0.4433148988457809 0.13855313282607384
3 2284 2283 2987 0.997454096686774 0.4433148988457809 0.13855313282607384
3 2281 2280 2519 0.997454096686774 0.4433148988457809 0.13855313282607384
3 2519 3374 2281 0.997454096686774 0.4433148988457809 0.13855313282607384
3 2987 2283 2527 0.997454096686774 0.4433148988457809 0.13855313282607384
3 2288 2287 2402 0.997454096686774 0.4433148988457809 0.13855313282607384
3 2440 2284 2987 0.997454096686774 0.4433148988457809 0.13855313282607384
3 2960 2285 2440 0.997454096686774 0.4433148988457809 0.13855313282607384
3 2285 2284 2440 0.997454096686774 0.4433148988457809 0.13855313282607384
3 2286 2960 2396 0.997454096686774 0.4433148988457809 0.13855313282607384
3 2364 2290 2765 0.997454096686774 0.4433148988457809 0.13855313282607384
3 2290 2359 2765 0.997454096686774 0.4433148988457809 0.13855313282607384
3 2765 2359 2360 0.997454096686774 0.4433148988457809 0.13855313282607384
3 2961 2442 2397 0.997454096686774 0.4433148988457809 0.13855313282607384
3 2402 2859 2403 0.997454096686774 0.4433148988457809 0.13855313282607384
3 2640 2335 2334 0.997454096686774 0.4433148988457809 0.13855313282607384
3 3119 2633 2643 0.997454096686774 0.4433148988457809 0.13855313282607384
3 3548 3118 2642 0.997454096686774 0.4433148988457809 0.13855313282607384
3 2332 3118 3548 0.997454096686774 0.4433148988457809 0.13855313282607384
3 3548 2631 2332 0.997454096686774 0.4433148988457809 0.13855313282607384
3 3698 2978 3697 0.997454096686774 0.4433148988457809 0.13855313282607384
3 3697 2507 3698 0.997454096686774 0.4433148988457809 0.13855313282607384
3 3698 2507 2508 0.997454096686774 0.4433148988457809 0.13855313282607384
3 2508 3699 3698 0.997454096686774 0.4433148988457809 0.13855313282607384
3 3134 3133 2364 0.997454096686774 0.4433148988457809 0.13855313282607384
3 2295 2408 2296 0.997454096686774 0.4433148988457809 0.13855313282607384
3 2296 2408 2787 0.997454096686774 0.4433148988457809 0.13855313282607384
3 2296 2787 2297 0.997454096686774 0.4433148988457809 0.13855313282607384
3 3551 3170 2634 0.997454096686774 0.4433148988457809 0.13855313282607384
3 2634 3170 2644 0.997454096686774 0.4433148988457809 0.13855313282607384
3 2644 2803 2802 0.997454096686774 0.4433148988457809 0.13855313282607384
3 3170 2803 2644 0.997454096686774 0.4433148988457809 0.13855313282607384
3 2324 2475 3016 0.997454096686774 0.4433148988457809 0.13855313282607384
3 2484 2483 3016 0.997454096686774 0.4433148988457809 0.13855313282607384
3 2475 2476 3016 0.997454096686774 0.4433148988457809 0.13855313282607384
3 2484 3675 2492 0.997454096686774 0.4433148988457809 0.13855313282607384
3 3250 2478 2477 0.997454096686774 0.4433148988457809 0.13855313282607384
3 2478 3018 2477 0.997454096686774 0.4433148988457809 0.13855313282607384
3 3019 3018 2478 0.997454096686774 0.4433148988457809 0.13855313282607384
3 2495 2487 3678 0.997454096686774 0.4433148988457809 0.13855313282607384
3 3581 3279 3280 0.997454096686774 0.4433148988457809 0.13855313282607384
3 2485 3675 2484 0.997454096686774 0.4433148988457809 0.13855313282607384
3 2323 2322 3249 0.997454096686774 0.4433148988457809 0.13855313282607384
3 3249 2476 2323 0.997454096686774 0.4433148988457809 0.13855313282607384
3 3249 2322 3250 0.997454096686774 0.4433148988457809 0.13855313282607384
3 3250 2477 3249 0.997454096686774 0.4433148988457809 0.13855313282607384
3 3249 2477 2476 0.997454096686774 0.4433148988457809 0.13855313282607384
3 3594 3595 2840 0.997454096686774 0.4433148988457809 0.13855313282607384
3 3308 2840 2841 0.997454096686774 0.4433148988457809 0.13855313282607384
3 2841 2840 3595 0.997454096686774 0.4433148988457809 0.13855313282607384
3 3305 2713 2712 0.997454096686774 0.4433148988457809 0.13855313282607384
3 3488 2711 2712 0.997454096686774 0.4433148988457809 0.13855313282607384
3 3488 2712 3489 0.997454096686774 0.4433148988457809 0.13855313282607384
3 3489 2712 2713 0.997454096686774 0.4433148988457809 0.13855313282607384
3 3051 3052 2903 0.997454096686774 0.4433148988457809 0.13855313282607384
3 2903 2902 3051 0.997454096686774 0.4433148988457809 0.13855313282607384
3 3293 3052 3051 0.997454096686774 0.4433148988457809 0.13855313282607384
3 3051 3292 3293 0.997454096686774 0.4433148988457809 0.13855313282607384
3 2978 3698 2979 0.997454096686774 0.4433148988457809 0.13855313282607384
3 2979 3698 3699 0.997454096686774 0.4433148988457809 0.13855313282607384
3 2979 3271 2978 0.997454096686774 0.4433148988457809 0.13855313282607384
3 3272 3271 2979 0.997454096686774 0.4433148988457809 0.13855313282607384
3 3699 2980 2979 0.997454096686774 0.4433148988457809 0.13855313282607384
3 2979 2980 3272 0.997454096686774 0.4433148988457809 0.13855313282607384
3 2981 2980 3700 0.997454096686774 0.4433148988457809 0.13855313282607384
3 3123 2499 3396 0.997454096686774 0.4433148988457809 0.13855313282607384
3 3396 2499 3032 0.997454096686774 0.4433148988457809 0.13855313282607384
3 2815 2888 2816 0.997454096686774 0.4433148988457809 0.13855313282607384
3 3294 3052 3293 0.997454096686774 0.4433148988457809 0.13855313282607384
3 3293 2832 3294 0.997454096686774 0.4433148988457809 0.13855313282607384
3 3577 2709 2821 0.997454096686774 0.4433148988457809 0.13855313282607384
3 3208 3577 3578 0.997454096686774 0.4433148988457809 0.13855313282607384
3 3577 2821 3578 0.997454096686774 0.4433148988457809 0.13855313282607384
3 3578 2821 3579 0.997454096686774 0.4433148988457809 0.13855313282607384
3 3580 3279 3581 0.997454096686774 0.4433148988457809 0.13855313282607384
3 3001 2470 2469 0.997454096686774 0.4433148988457809 0.13855313282607384
3 3001 2321 2320 0.997454096686774 0.4433148988457809 0.13855313282607384
3 2469 2321 3001 0.997454096686774 0.4433148988457809 0.13855313282607384
3 3252 3251 2469 0.997454096686774 0.4433148988457809 0.13855313282607384
3 2469 2470 3252 0.997454096686774 0.4433148988457809 0.13855313282607384
3 2478 3251 3252 0.997454096686774 0.4433148988457809 0.13855313282607384
3 3252 2470 3253 0.997454096686774 0.4433148988457809 0.13855313282607384
3 2252 2251 2743 0.997454096686774 0.4433148988457809 0.13855313282607384
3 3339 2745 3340 0.997454096686774 0.4433148988457809 0.13855313282607384
3 3339 3340 2847 0.997454096686774 0.4433148988457809 0.13855313282607384
3 2755 2754 2921 0.997454096686774 0.4433148988457809 0.13855313282607384
3 2755 2680 2754 0.997454096686774 0.4433148988457809 0.13855313282607384
3 3322 2670 3321 0.997454096686774 0.4433148988457809 0.13855313282607384
3 2714 2713 3306 0.997454096686774 0.4433148988457809 0.13855313282607384
3 2309 3103 3104 0.997454096686774 0.4433148988457809 0.13855313282607384
3 3103 2346 3104 0.997454096686774 0.4433148988457809 0.13855313282607384
3 3104 2346 2347 0.997454096686774 0.4433148988457809 0.13855313282607384
3 3110 2875 2425 0.997454096686774 0.4433148988457809 0.13855313282607384
3 2320 2319 2461 0.997454096686774 0.4433148988457809 0.13855313282607384
3 2248 3215 2249 0.997454096686774 0.4433148988457809 0.13855313282607384
3 2248 2669 3215 0.997454096686774 0.4433148988457809 0.13855313282607384
3 2711 2710 3303 0.997454096686774 0.4433148988457809 0.13855313282607384
3 3589 2835 2834 0.997454096686774 0.4433148988457809 0.13855313282607384
3 2570 2652 2571 0.997454096686774 0.4433148988457809 0.13855313282607384
3 2571 3569 2570 0.997454096686774 0.4433148988457809 0.13855313282607384
3 3570 3569 2571 0.997454096686774 0.4433148988457809 0.13855313282607384
3 2885 3270 2886 0.997454096686774 0.4433148988457809 0.13855313282607384
3 3198 2233 2232 0.997454096686774 0.4433148988457809 0.13855313282607384
3 3198 2659 2233 0.997454096686774 0.4433148988457809 0.13855313282607384
3 2660 2659 3199 0.997454096686774 0.4433148988457809 0.13855313282607384
3 2578 2579 3199 0.997454096686774 0.4433148988457809 0.13855313282607384
3 3199 3198 2578 0.997454096686774 0.4433148988457809 0.13855313282607384
3 2659 3198 3199 0.997454096686774 0.4433148988457809 0.13855313282607384
3 3199 2579 3200 0.997454096686774 0.4433148988457809 0.13855313282607384
3 3200 2660 3199 0.997454096686774 0.4433148988457809 0.13855313282607384
3 3592 3593 2838 0.997454096686774 0.4433148988457809 0.13855313282607384
3 3470 2662 2663 0.997454096686774 0.4433148988457809 0.13855313282607384
3 3470 2825 2824 0.997454096686774 0.4433148988457809 0.13855313282607384
3 3470 2824 3469 0.997454096686774 0.4433148988457809 0.13855313282607384
3 3469 2662 3470 0.997454096686774 0.4433148988457809 0.13855313282607384
3 2896 2895 3044 0.997454096686774 0.4433148988457809 0.13855313282607384
3 3044 3045 2896 0.997454096686774 0.4433148988457809 0.13855313282607384
3 2824 3285 2823 0.997454096686774 0.4433148988457809 0.13855313282607384
3 3469 2824 2823 0.997454096686774 0.4433148988457809 0.13855313282607384
3 2823 3468 3469 0.997454096686774 0.4433148988457809 0.13855313282607384
3 2822 3468 2823 0.997454096686774 0.4433148988457809 0.13855313282607384
3 2823 3284 2822 0.997454096686774 0.4433148988457809 0.13855313282607384
3 2823 3285 3284 0.997454096686774 0.4433148988457809 0.13855313282607384
3 2942 3241 3240 0.997454096686774 0.4433148988457809 0.13855313282607384
3 3240 2941 2942 0.997454096686774 0.4433148988457809 0.13855313282607384
3 2942 2941 3637 0.997454096686774 0.4433148988457809 0.13855313282607384
3 3239 2941 3240 0.997454096686774 0.4433148988457809 0.13855313282607384
3 3637 2941 3636 0.997454096686774 0.4433148988457809 0.13855313282607384
3 2354 2355 3233 0.997454096686774 0.4433148988457809 0.13855313282607384
3 3632 2385 2386 0.997454096686774 0.4433148988457809 0.13855313282607384
3 3233 2355 2392 0.997454096686774 0.4433148988457809 0.13855313282607384
3 2384 2385 3631 0.997454096686774 0.4433148988457809 0.13855313282607384
3 3631 3630 2384 0.997454096686774 0.4433148988457809 0.13855313282607384
3 2350 3630 3631 0.997454096686774 0.4433148988457809 0.13855313282607384
3 2351 2350 3631 0.997454096686774 0.4433148988457809 0.13855313282607384
3 3631 3632 2351 0.997454096686774 0.4433148988457809 0.13855313282607384
3 2385 3632 3631 0.997454096686774 0.4433148988457809 0.13855313282607384
3 2936 2350 2351 0.997454096686774 0.4433148988457809 0.13855313282607384
3 2349 2350 2935 0.997454096686774 0.4433148988457809 0.13855313282607384
3 2935 2936 2356 0.997454096686774 0.4433148988457809 0.13855313282607384
3 2350 2936 2935 0.997454096686774 0.4433148988457809 0.13855313282607384
3 2341 2305 2304 0.997454096686774 0.4433148988457809 0.13855313282607384
3 2341 2415 2380 0.997454096686774 0.4433148988457809 0.13855313282607384
3 2304 2379 2341 0.997454096686774 0.4433148988457809 0.13855313282607384
3 2379 2415 2341 0.997454096686774 0.4433148988457809 0.13855313282607384
3 2342 2380 2416 0.997454096686774 0.4433148988457809 0.13855313282607384
3 2342 2416 2381 0.997454096686774 0.4433148988457809 0.13855313282607384
3 2381 2416 2450 0.997454096686774 0.4433148988457809 0.13855313282607384
3 2343 2382 3431 0.997454096686774 0.4433148988457809 0.13855313282607384
3 3431 2382 2344 0.997454096686774 0.4433148988457809 0.13855313282607384
3 2453 3433 2419 0.997454096686774 0.4433148988457809 0.13855313282607384
3 2606 2605 2340 0.997454096686774 0.4433148988457809 0.13855313282607384
3 2605 3431 2340 0.997454096686774 0.4433148988457809 0.13855313282607384
3 2340 3431 2344 0.997454096686774 0.4433148988457809 0.13855313282607384
3 2306 2305 3429 0.997454096686774 0.4433148988457809 0.13855313282607384
3 3429 2338 2306 0.997454096686774 0.4433148988457809 0.13855313282607384
3 2342 2338 3429 0.997454096686774 0.4433148988457809 0.13855313282607384
3 3429 2380 2342 0.997454096686774 0.4433148988457809 0.13855313282607384
3 3429 2341 2380 0.997454096686774 0.4433148988457809 0.13855313282607384
3 2305 2341 3429 0.997454096686774 0.4433148988457809 0.13855313282607384
3 2448 2409 2789 0.997454096686774 0.4433148988457809 0.13855313282607384
3 2789 2415 2448 0.997454096686774 0.4433148988457809 0.13855313282607384
3 2595 2519 2280 0.997454096686774 0.4433148988457809 0.13855313282607384
3 2595 2279 3073 0.997454096686774 0.4433148988457809 0.13855313282607384
3 2595 2280 2279 0.997454096686774 0.4433148988457809 0.13855313282607384
3 2595 3073 2586 0.997454096686774 0.4433148988457809 0.13855313282607384
3 2282 2527 2283 0.997454096686774 0.4433148988457809 0.13855313282607384
3 3374 2527 2282 0.997454096686774 0.4433148988457809 0.13855313282607384
3 2281 3374 2282 0.997454096686774 0.4433148988457809 0.13855313282607384
3 3651 2288 2402 0.997454096686774 0.4433148988457809 0.13855313282607384
3 2402 2403 3651 0.997454096686774 0.4433148988457809 0.13855313282607384
3 3651 2359 2289 0.997454096686774 0.4433148988457809 0.13855313282607384
3 2289 2288 3651 0.997454096686774 0.4433148988457809 0.13855313282607384
3 2402 2287 2858 0.997454096686774 0.4433148988457809 0.13855313282607384
3 2858 2859 2402 0.997454096686774 0.4433148988457809 0.13855313282607384
3 2858 2397 2859 0.997454096686774 0.4433148988457809 0.13855313282607384
3 2858 2396 2961 0.997454096686774 0.4433148988457809 0.13855313282607384
3 2961 2397 2858 0.997454096686774 0.4433148988457809 0.13855313282607384
3 2858 2287 2286 0.997454096686774 0.4433148988457809 0.13855313282607384
3 2286 2396 2858 0.997454096686774 0.4433148988457809 0.13855313282607384
3 2859 2397 2962 0.997454096686774 0.4433148988457809 0.13855313282607384
3 2962 2397 2442 0.997454096686774 0.4433148988457809 0.13855313282607384
3 2360 2359 3652 0.997454096686774 0.4433148988457809 0.13855313282607384
3 2359 3651 3652 0.997454096686774 0.4433148988457809 0.13855313282607384
3 3652 3651 2403 0.997454096686774 0.4433148988457809 0.13855313282607384
3 3547 2334 2333 0.997454096686774 0.4433148988457809 0.13855313282607384
3 2332 2631 2333 0.997454096686774 0.4433148988457809 0.13855313282607384
3 3549 3184 2632 0.997454096686774 0.4433148988457809 0.13855313282607384
3 3549 2643 3184 0.997454096686774 0.4433148988457809 0.13855313282607384
3 3119 2643 3549 0.997454096686774 0.4433148988457809 0.13855313282607384
3 2632 2551 3549 0.997454096686774 0.4433148988457809 0.13855313282607384
3 3549 2551 3119 0.997454096686774 0.4433148988457809 0.13855313282607384
3 2802 2643 3169 0.997454096686774 0.4433148988457809 0.13855313282607384
3 3169 2643 2633 0.997454096686774 0.4433148988457809 0.13855313282607384
3 3169 2644 2802 0.997454096686774 0.4433148988457809 0.13855313282607384
3 2508 2507 2563 0.997454096686774 0.4433148988457809 0.13855313282607384
3 2802 2803 2564 0.997454096686774 0.4433148988457809 0.13855313282607384
3 2564 2563 2802 0.997454096686774 0.4433148988457809 0.13855313282607384
3 2508 2563 2564 0.997454096686774 0.4433148988457809 0.13855313282607384
3 2509 2508 2564 0.997454096686774 0.4433148988457809 0.13855313282607384
3 2564 2803 2509 0.997454096686774 0.4433148988457809 0.13855313282607384
3 2364 2765 2766 0.997454096686774 0.4433148988457809 0.13855313282607384
3 2766 2765 2360 0.997454096686774 0.4433148988457809 0.13855313282607384
3 2369 3133 2370 0.997454096686774 0.4433148988457809 0.13855313282607384
3 3133 3134 2370 0.997454096686774 0.4433148988457809 0.13855313282607384
3 2565 3700 2509 0.997454096686774 0.4433148988457809 0.13855313282607384
3 2509 2803 2565 0.997454096686774 0.4433148988457809 0.13855313282607384
3 2565 2803 3170 0.997454096686774 0.4433148988457809 0.13855313282607384
3 3171 2804 2645 0.997454096686774 0.4433148988457809 0.13855313282607384
3 3170 3551 2645 0.997454096686774 0.4433148988457809 0.13855313282607384
3 2645 2565 3170 0.997454096686774 0.4433148988457809 0.13855313282607384
3 2804 2565 2645 0.997454096686774 0.4433148988457809 0.13855313282607384
3 3392 2330 2329 0.997454096686774 0.4433148988457809 0.13855313282607384
3 3119 2330 3392 0.997454096686774 0.4433148988457809 0.13855313282607384
3 3392 2633 3119 0.997454096686774 0.4433148988457809 0.13855313282607384
3 3392 2552 2633 0.997454096686774 0.4433148988457809 0.13855313282607384
3 2633 2552 3550 0.997454096686774 0.4433148988457809 0.13855313282607384
3 3550 3169 2633 0.997454096686774 0.4433148988457809 0.13855313282607384
3 2644 3169 3550 0.997454096686774 0.4433148988457809 0.13855313282607384
3 3015 2325 2324 0.997454096686774 0.4433148988457809 0.13855313282607384
3 2324 3016 3015 0.997454096686774 0.4433148988457809 0.13855313282607384
3 3015 3016 2483 0.997454096686774 0.4433148988457809 0.13855313282607384
3 2482 3015 2483 0.997454096686774 0.4433148988457809 0.13855313282607384
3 2325 3015 2482 0.997454096686774 0.4433148988457809 0.13855313282607384
3 3672 2326 2482 0.997454096686774 0.4433148988457809 0.13855313282607384
3 2482 2326 2325 0.997454096686774 0.4433148988457809 0.13855313282607384
3 2555 2499 3123 0.997454096686774 0.4433148988457809 0.13855313282607384
3 3674 2492 3032 0.997454096686774 0.4433148988457809 0.13855313282607384
3 3674 2483 2484 0.997454096686774 0.4433148988457809 0.13855313282607384
3 2484 2492 3674 0.997454096686774 0.4433148988457809 0.13855313282607384
3 3018 3019 2486 0.997454096686774 0.4433148988457809 0.13855313282607384
3 3676 2485 2486 0.997454096686774 0.4433148988457809 0.13855313282607384
3 2486 2485 3018 0.997454096686774 0.4433148988457809 0.13855313282607384
3 3036 2495 3678 0.997454096686774 0.4433148988457809 0.13855313282607384
3 3400 2495 3036 0.997454096686774 0.4433148988457809 0.13855313282607384
3 3176 3177 3705 0.997454096686774 0.4433148988457809 0.13855313282607384
3 3279 2985 3705 0.997454096686774 0.4433148988457809 0.13855313282607384
3 3678 2488 3037 0.997454096686774 0.4433148988457809 0.13855313282607384
3 3017 3016 2476 0.997454096686774 0.4433148988457809 0.13855313282607384
3 3018 2485 3017 0.997454096686774 0.4433148988457809 0.13855313282607384
3 2484 3016 3017 0.997454096686774 0.4433148988457809 0.13855313282607384
3 3017 2485 2484 0.997454096686774 0.4433148988457809 0.13855313282607384
3 3017 2477 3018 0.997454096686774 0.4433148988457809 0.13855313282607384
3 2476 2477 3017 0.997454096686774 0.4433148988457809 0.13855313282607384
3 3594 2840 2839 0.997454096686774 0.4433148988457809 0.13855313282607384
3 3306 2838 2839 0.997454096686774 0.4433148988457809 0.13855313282607384
3 2839 3593 3594 0.997454096686774 0.4433148988457809 0.13855313282607384
3 2838 3593 2839 0.997454096686774 0.4433148988457809 0.13855313282607384
3 3596 2841 3595 0.997454096686774 0.4433148988457809 0.13855313282607384
3 3596 2903 2904 0.997454096686774 0.4433148988457809 0.13855313282607384
3 3596 3595 2903 0.997454096686774 0.4433148988457809 0.13855313282607384
3 2841 3596 2842 0.997454096686774 0.4433148988457809 0.13855313282607384
3 3321 3320 2722 0.997454096686774 0.4433148988457809 0.13855313282607384
3 3320 2721 2722 0.997454096686774 0.4433148988457809 0.13855313282607384
3 2722 2721 3488 0.997454096686774 0.4433148988457809 0.13855313282607384
3 3488 3489 2722 0.997454096686774 0.4433148988457809 0.13855313282607384
3 3048 3290 3049 0.997454096686774 0.4433148988457809 0.13855313282607384
3 3049 3290 3291 0.997454096686774 0.4433148988457809 0.13855313282607384
3 3050 3051 2902 0.997454096686774 0.4433148988457809 0.13855313282607384
3 3050 3049 3291 0.997454096686774 0.4433148988457809 0.13855313282607384
3 3050 3291 3292 0.997454096686774 0.4433148988457809 0.13855313282607384
3 3292 3051 3050 0.997454096686774 0.4433148988457809 0.13855313282607384
3 3207 3577 3208 0.997454096686774 0.4433148988457809 0.13855313282607384
3 3475 3476 2830 0.997454096686774 0.4433148988457809 0.13855313282607384
3 3474 2667 3475 0.997454096686774 0.4433148988457809 0.13855313282607384
3 3702 3703 2983 0.997454096686774 0.4433148988457809 0.13855313282607384
3 2983 3703 3277 0.997454096686774 0.4433148988457809 0.13855313282607384
3 2807 3703 3702 0.997454096686774 0.4433148988457809 0.13855313282607384
3 3702 2806 2807 0.997454096686774 0.4433148988457809 0.13855313282607384
3 2892 2821 2820 0.997454096686774 0.4433148988457809 0.13855313282607384
3 2820 2821 2709 0.997454096686774 0.4433148988457809 0.13855313282607384
3 3032 2492 2500 0.997454096686774 0.4433148988457809 0.13855313282607384
3 3033 2492 3675 0.997454096686774 0.4433148988457809 0.13855313282607384
3 3033 2500 2492 0.997454096686774 0.4433148988457809 0.13855313282607384
3 3397 2500 3033 0.997454096686774 0.4433148988457809 0.13855313282607384
3 3124 2500 3397 0.997454096686774 0.4433148988457809 0.13855313282607384
3 3553 2555 3123 0.997454096686774 0.4433148988457809 0.13855313282607384
3 2636 2555 3553 0.997454096686774 0.4433148988457809 0.13855313282607384
3 2794 3433 2453 0.997454096686774 0.4433148988457809 0.13855313282607384
3 2453 3095 2794 0.997454096686774 0.4433148988457809 0.13855313282607384
3 2770 2771 3138 0.997454096686774 0.4433148988457809 0.13855313282607384
3 2780 2373 2781 0.997454096686774 0.4433148988457809 0.13855313282607384
3 2373 3138 2781 0.997454096686774 0.4433148988457809 0.13855313282607384
3 2779 2373 2780 0.997454096686774 0.4433148988457809 0.13855313282607384
3 2779 2372 2373 0.997454096686774 0.4433148988457809 0.13855313282607384
3 2779 2377 2778 0.997454096686774 0.4433148988457809 0.13855313282607384
3 3083 3419 3420 0.997454096686774 0.4433148988457809 0.13855313282607384
3 2994 3382 2995 0.997454096686774 0.4433148988457809 0.13855313282607384
3 3082 2603 2594 0.997454096686774 0.4433148988457809 0.13855313282607384
3 3382 2603 3082 0.997454096686774 0.4433148988457809 0.13855313282607384
3 3082 3419 3083 0.997454096686774 0.4433148988457809 0.13855313282607384
3 2904 3052 3053 0.997454096686774 0.4433148988457809 0.13855313282607384
3 3052 3294 3053 0.997454096686774 0.4433148988457809 0.13855313282607384
3 3579 2821 2894 0.997454096686774 0.4433148988457809 0.13855313282607384
3 3279 3580 2894 0.997454096686774 0.4433148988457809 0.13855313282607384
3 2894 3580 3579 0.997454096686774 0.4433148988457809 0.13855313282607384
3 2893 2821 2892 0.997454096686774 0.4433148988457809 0.13855313282607384
3 3277 2894 2893 0.997454096686774 0.4433148988457809 0.13855313282607384
3 2893 2894 2821 0.997454096686774 0.4433148988457809 0.13855313282607384
3 2479 3019 2478 0.997454096686774 0.4433148988457809 0.13855313282607384
3 2478 3252 2479 0.997454096686774 0.4433148988457809 0.13855313282607384
3 2479 3252 3253 0.997454096686774 0.4433148988457809 0.13855313282607384
3 3283 3709 3197 0.997454096686774 0.4433148988457809 0.13855313282607384
3 3282 3281 3708 0.997454096686774 0.4433148988457809 0.13855313282607384
3 3583 3281 3282 0.997454096686774 0.4433148988457809 0.13855313282607384
3 3282 3709 3283 0.997454096686774 0.4433148988457809 0.13855313282607384
3 2744 2745 3339 0.997454096686774 0.4433148988457809 0.13855313282607384
3 3338 2252 2743 0.997454096686774 0.4433148988457809 0.13855313282607384
3 2743 2744 3338 0.997454096686774 0.4433148988457809 0.13855313282607384
3 3338 2744 3339 0.997454096686774 0.4433148988457809 0.13855313282607384
3 2253 2252 3338 0.997454096686774 0.4433148988457809 0.13855313282607384
3 3216 3215 2670 0.997454096686774 0.4433148988457809 0.13855313282607384
3 3610 2744 2743 0.997454096686774 0.4433148988457809 0.13855313282607384
3 2848 2849 3509 0.997454096686774 0.4433148988457809 0.13855313282607384
3 2848 2847 3340 0.997454096686774 0.4433148988457809 0.13855313282607384
3 2848 3340 3341 0.997454096686774 0.4433148988457809 0.13855313282607384
3 3341 2849 2848 0.997454096686774 0.4433148988457809 0.13855313282607384
3 2914 3362 2913 0.997454096686774 0.4433148988457809 0.13855313282607384
3 3355 3523 3354 0.997454096686774 0.4433148988457809 0.13855313282607384
3 3353 3625 3354 0.997454096686774 0.4433148988457809 0.13855313282607384
3 2914 2913 3512 0.997454096686774 0.4433148988457809 0.13855313282607384
3 2921 2259 3058 0.997454096686774 0.4433148988457809 0.13855313282607384
3 3359 3360 3062 0.997454096686774 0.4433148988457809 0.13855313282607384
3 3247 3644 3645 0.997454096686774 0.4433148988457809 0.13855313282607384
3 3514 3515 2916 0.997454096686774 0.4433148988457809 0.13855313282607384
3 3582 3281 3583 0.997454096686774 0.4433148988457809 0.13855313282607384
3 3581 3280 3582 0.997454096686774 0.4433148988457809 0.13855313282607384
3 3280 3281 3582 0.997454096686774 0.4433148988457809 0.13855313282607384
3 3211 3580 3581 0.997454096686774 0.4433148988457809 0.13855313282607384
3 2904 3053 2905 0.997454096686774 0.4433148988457809 0.13855313282607384
3 2905 3053 3054 0.997454096686774 0.4433148988457809 0.13855313282607384
3 3490 3489 2713 0.997454096686774 0.4433148988457809 0.13855313282607384
3 2713 2714 3490 0.997454096686774 0.4433148988457809 0.13855313282607384
3 3494 3493 2717 0.997454096686774 0.4433148988457809 0.13855313282607384
3 3307 2714 3306 0.997454096686774 0.4433148988457809 0.13855313282607384
3 3306 2839 3307 0.997454096686774 0.4433148988457809 0.13855313282607384
3 3307 2839 2840 0.997454096686774 0.4433148988457809 0.13855313282607384
3 3307 2840 3308 0.997454096686774 0.4433148988457809 0.13855313282607384
3 3308 2715 3307 0.997454096686774 0.4433148988457809 0.13855313282607384
3 3307 2715 2714 0.997454096686774 0.4433148988457809 0.13855313282607384
3 2420 2310 2309 0.997454096686774 0.4433148988457809 0.13855313282607384
3 2309 3104 2420 0.997454096686774 0.4433148988457809 0.13855313282607384
3 2876 2875 3110 0.997454096686774 0.4433148988457809 0.13855313282607384
3 2877 2878 2695 0.997454096686774 0.4433148988457809 0.13855313282607384
3 2607 3433 3434 0.997454096686774 0.4433148988457809 0.13855313282607384
3 3434 2608 2607 0.997454096686774 0.4433148988457809 0.13855313282607384
3 3433 2794 3434 0.997454096686774 0.4433148988457809 0.13855313282607384
3 3105 2420 3104 0.997454096686774 0.4433148988457809 0.13855313282607384
3 3105 3104 2347 0.997454096686774 0.4433148988457809 0.13855313282607384
3 3437 2611 2610 0.997454096686774 0.4433148988457809 0.13855313282607384
3 3111 2876 3110 0.997454096686774 0.4433148988457809 0.13855313282607384
3 2877 2876 3111 0.997454096686774 0.4433148988457809 0.13855313282607384
3 3438 3099 3100 0.997454096686774 0.4433148988457809 0.13855313282607384
3 3437 3099 3438 0.997454096686774 0.4433148988457809 0.13855313282607384
3 3438 2611 3437 0.997454096686774 0.4433148988457809 0.13855313282607384
3 3113 3440 3441 0.997454096686774 0.4433148988457809 0.13855313282607384
3 3428 3649 3669 0.997454096686774 0.4433148988457809 0.13855313282607384
3 3524 3523 3355 0.997454096686774 0.4433148988457809 0.13855313282607384
3 3002 3001 2320 0.997454096686774 0.4433148988457809 0.13855313282607384
3 2320 2461 3002 0.997454096686774 0.4433148988457809 0.13855313282607384
3 2470 3001 3002 0.997454096686774 0.4433148988457809 0.13855313282607384
3 2669 2248 2247 0.997454096686774 0.4433148988457809 0.13855313282607384
3 2246 3320 2247 0.997454096686774 0.4433148988457809 0.13855313282607384
3 3320 2669 2247 0.997454096686774 0.4433148988457809 0.13855313282607384
3 2835 3303 3302 0.997454096686774 0.4433148988457809 0.13855313282607384
3 3302 2834 2835 0.997454096686774 0.4433148988457809 0.13855313282607384
3 3302 2710 2243 0.997454096686774 0.4433148988457809 0.13855313282607384
3 3302 3303 2710 0.997454096686774 0.4433148988457809 0.13855313282607384
3 3590 2835 3589 0.997454096686774 0.4433148988457809 0.13855313282607384
3 3048 3047 3289 0.997454096686774 0.4433148988457809 0.13855313282607384
3 3289 3290 3048 0.997454096686774 0.4433148988457809 0.13855313282607384
3 2241 2834 2242 0.997454096686774 0.4433148988457809 0.13855313282607384
3 2242 3302 2243 0.997454096686774 0.4433148988457809 0.13855313282607384
3 2834 3302 2242 0.997454096686774 0.4433148988457809 0.13855313282607384
3 2886 3271 2887 0.997454096686774 0.4433148988457809 0.13855313282607384
3 2887 2814 2886 0.997454096686774 0.4433148988457809 0.13855313282607384
3 2815 2814 2887 0.997454096686774 0.4433148988457809 0.13855313282607384
3 2887 3271 3272 0.997454096686774 0.4433148988457809 0.13855313282607384
3 2887 2888 2815 0.997454096686774 0.4433148988457809 0.13855313282607384
3 2887 3272 2888 0.997454096686774 0.4433148988457809 0.13855313282607384
3 2653 2571 2652 0.997454096686774 0.4433148988457809 0.13855313282607384
3 2562 2563 2507 0.997454096686774 0.4433148988457809 0.13855313282607384
3 3167 3548 2642 0.997454096686774 0.4433148988457809 0.13855313282607384
3 2631 3548 3167 0.997454096686774 0.4433148988457809 0.13855313282607384
3 2798 2640 2799 0.997454096686774 0.4433148988457809 0.13855313282607384
3 2799 2559 2798 0.997454096686774 0.4433148988457809 0.13855313282607384
3 2651 2652 2570 0.997454096686774 0.4433148988457809 0.13855313282607384
3 2570 2569 2651 0.997454096686774 0.4433148988457809 0.13855313282607384
3 2884 2885 2812 0.997454096686774 0.4433148988457809 0.13855313282607384
3 2652 2651 2702 0.997454096686774 0.4433148988457809 0.13855313282607384
3 2711 3303 3304 0.997454096686774 0.4433148988457809 0.13855313282607384
3 3305 2712 3304 0.997454096686774 0.4433148988457809 0.13855313282607384
3 3304 2712 2711 0.997454096686774 0.4433148988457809 0.13855313282607384
3 3291 3290 2829 0.997454096686774 0.4433148988457809 0.13855313282607384
3 3474 3475 2829 0.997454096686774 0.4433148988457809 0.13855313282607384
3 2830 3291 2829 0.997454096686774 0.4433148988457809 0.13855313282607384
3 2829 3475 2830 0.997454096686774 0.4433148988457809 0.13855313282607384
3 3472 2665 3473 0.997454096686774 0.4433148988457809 0.13855313282607384
3 3471 2826 2825 0.997454096686774 0.4433148988457809 0.13855313282607384
3 3471 3470 2663 0.997454096686774 0.4433148988457809 0.13855313282607384
3 2825 3470 3471 0.997454096686774 0.4433148988457809 0.13855313282607384
3 3472 2826 3471 0.997454096686774 0.4433148988457809 0.13855313282607384
3 2824 2825 3286 0.997454096686774 0.4433148988457809 0.13855313282607384
3 3286 3285 2824 0.997454096686774 0.4433148988457809 0.13855313282607384
3 3044 3285 3286 0.997454096686774 0.4433148988457809 0.13855313282607384
3 3286 3045 3044 0.997454096686774 0.4433148988457809 0.13855313282607384
3 2825 2826 3287 0.997454096686774 0.4433148988457809 0.13855313282607384
3 3287 3286 2825 0.997454096686774 0.4433148988457809 0.13855313282607384
3 3045 3286 3287 0.997454096686774 0.4433148988457809 0.13855313282607384
3 2895 2896 3588 0.997454096686774 0.4433148988457809 0.13855313282607384
3 3588 2241 2240 0.997454096686774 0.4433148988457809 0.13855313282607384
3 2240 2895 3588 0.997454096686774 0.4433148988457809 0.13855313282607384
3 3588 2834 2241 0.997454096686774 0.4433148988457809 0.13855313282607384
3 3589 2834 3588 0.997454096686774 0.4433148988457809 0.13855313282607384
3 3588 2896 3589 0.997454096686774 0.4433148988457809 0.13855313282607384
3 2941 3239 2940 0.997454096686774 0.4433148988457809 0.13855313282607384
3 2940 3636 2941 0.997454096686774 0.4433148988457809 0.13855313282607384
3 2939 2940 3238 0.997454096686774 0.4433148988457809 0.13855313282607384
3 3238 2940 3239 0.997454096686774 0.4433148988457809 0.13855313282607384
3 3418 3082 2594 0.997454096686774 0.4433148988457809 0.13855313282607384
3 3419 3082 3418 0.997454096686774 0.4433148988457809 0.13855313282607384
3 2428 2387 2386 0.997454096686774 0.4433148988457809 0.13855313282607384
3 2428 2512 2513 0.997454096686774 0.4433148988457809 0.13855313282607384
3 2386 2427 2428 0.997454096686774 0.4433148988457809 0.13855313282607384
3 2428 2427 2512 0.997454096686774 0.4433148988457809 0.13855313282607384
3 2355 2354 2934 0.997454096686774 0.4433148988457809 0.13855313282607384
3 2349 2935 2934 0.997454096686774 0.4433148988457809 0.13855313282607384
3 2934 2935 2355 0.997454096686774 0.4433148988457809 0.13855313282607384
3 2267 2349 2934 0.997454096686774 0.4433148988457809 0.13855313282607384
3 3234 2392 2355 0.997454096686774 0.4433148988457809 0.13855313282607384
3 3234 2935 2356 0.997454096686774 0.4433148988457809 0.13855313282607384
3 2355 2935 3234 0.997454096686774 0.4433148988457809 0.13855313282607384
3 2380 2415 2449 0.997454096686774 0.4433148988457809 0.13855313282607384
3 2449 2416 2380 0.997454096686774 0.4433148988457809 0.13855313282607384
3 2415 2789 2449 0.997454096686774 0.4433148988457809 0.13855313282607384
3 2449 2789 2410 0.997454096686774 0.4433148988457809 0.13855313282607384
3 3430 2381 2343 0.997454096686774 0.4433148988457809 0.13855313282607384
3 3430 2338 2342 0.997454096686774 0.4433148988457809 0.13855313282607384
3 2342 2381 3430 0.997454096686774 0.4433148988457809 0.13855313282607384
3 2343 2381 2417 0.997454096686774 0.4433148988457809 0.13855313282607384
3 2451 2382 2417 0.997454096686774 0.4433148988457809 0.13855313282607384
3 2417 2382 2343 0.997454096686774 0.4433148988457809 0.13855313282607384
3 2417 2791 2451 0.997454096686774 0.4433148988457809 0.13855313282607384
3 2417 2381 2450 0.997454096686774 0.4433148988457809 0.13855313282607384
3 2450 2791 2417 0.997454096686774 0.4433148988457809 0.13855313282607384
3 2451 2791 2412 0.997454096686774 0.4433148988457809 0.13855313282607384
3 2783 3095 3094 0.997454096686774 0.4433148988457809 0.13855313282607384
3 2344 2382 2418 0.997454096686774 0.4433148988457809 0.13855313282607384
3 2418 2792 2452 0.997454096686774 0.4433148988457809 0.13855313282607384
3 2418 2382 2451 0.997454096686774 0.4433148988457809 0.13855313282607384
3 2451 2792 2418 0.997454096686774 0.4433148988457809 0.13855313282607384
3 3432 3433 2606 0.997454096686774 0.4433148988457809 0.13855313282607384
3 2606 2340 3432 0.997454096686774 0.4433148988457809 0.13855313282607384
3 3432 2419 3433 0.997454096686774 0.4433148988457809 0.13855313282607384
3 3432 2340 2344 0.997454096686774 0.4433148988457809 0.13855313282607384
3 2398 2403 2859 0.997454096686774 0.4433148988457809 0.13855313282607384
3 2859 2962 2398 0.997454096686774 0.4433148988457809 0.13855313282607384
3 2365 3134 2364 0.997454096686774 0.4433148988457809 0.13855313282607384
3 2364 2766 2365 0.997454096686774 0.4433148988457809 0.13855313282607384
3 2776 2369 2777 0.997454096686774 0.4433148988457809 0.13855313282607384
3 2369 2370 2777 0.997454096686774 0.4433148988457809 0.13855313282607384
3 2777 2370 2778 0.997454096686774 0.4433148988457809 0.13855313282607384
3 3121 2645 3551 0.997454096686774 0.4433148988457809 0.13855313282607384
3 3120 3550 2552 0.997454096686774 0.4433148988457809 0.13855313282607384
3 3120 3393 2634 0.997454096686774 0.4433148988457809 0.13855313282607384
3 2634 2644 3120 0.997454096686774 0.4433148988457809 0.13855313282607384
3 2644 3550 3120 0.997454096686774 0.4433148988457809 0.13855313282607384
3 2327 2326 3672 0.997454096686774 0.4433148988457809 0.13855313282607384
3 2496 3392 2329 0.997454096686774 0.4433148988457809 0.13855313282607384
3 2552 3392 2496 0.997454096686774 0.4433148988457809 0.13855313282607384
3 2496 3120 2552 0.997454096686774 0.4433148988457809 0.13855313282607384
3 3393 3120 2496 0.997454096686774 0.4433148988457809 0.13855313282607384
3 3673 2482 2483 0.997454096686774 0.4433148988457809 0.13855313282607384
3 2483 3674 3673 0.997454096686774 0.4433148988457809 0.13855313282607384
3 3672 2482 3673 0.997454096686774 0.4433148988457809 0.13855313282607384
3 3673 2490 3672 0.997454096686774 0.4433148988457809 0.13855313282607384
3 2487 2495 3677 0.997454096686774 0.4433148988457809 0.13855313282607384
3 3677 3019 2487 0.997454096686774 0.4433148988457809 0.13855313282607384
3 3677 2486 3019 0.997454096686774 0.4433148988457809 0.13855313282607384
3 2501 3033 2493 0.997454096686774 0.4433148988457809 0.13855313282607384
3 2493 3033 3675 0.997454096686774 0.4433148988457809 0.13855313282607384
3 3676 3034 2493 0.997454096686774 0.4433148988457809 0.13855313282607384
3 2493 2485 3676 0.997454096686774 0.4433148988457809 0.13855313282607384
3 3675 2485 2493 0.997454096686774 0.4433148988457809 0.13855313282607384
3 3399 3127 3557 0.997454096686774 0.4433148988457809 0.13855313282607384
3 3279 3705 2986 0.997454096686774 0.4433148988457809 0.13855313282607384
3 2986 3280 3279 0.997454096686774 0.4433148988457809 0.13855313282607384
3 3679 3037 2488 0.997454096686774 0.4433148988457809 0.13855313282607384
3 3679 3021 3680 0.997454096686774 0.4433148988457809 0.13855313282607384
3 2488 3021 3679 0.997454096686774 0.4433148988457809 0.13855313282607384
3 3400 3036 3128 0.997454096686774 0.4433148988457809 0.13855313282607384
3 3128 3127 3400 0.997454096686774 0.4433148988457809 0.13855313282607384
3 3593 3592 2900 0.997454096686774 0.4433148988457809 0.13855313282607384
3 3048 3049 2900 0.997454096686774 0.4433148988457809 0.13855313282607384
3 3577 3207 3576 0.997454096686774 0.4433148988457809 0.13855313282607384
3 2658 2709 3576 0.997454096686774 0.4433148988457809 0.13855313282607384
3 3576 2709 3577 0.997454096686774 0.4433148988457809 0.13855313282607384
3 2666 2667 3474 0.997454096686774 0.4433148988457809 0.13855313282607384
3 3474 3473 2666 0.997454096686774 0.4433148988457809 0.13855313282607384
3 2665 3205 2666 0.997454096686774 0.4433148988457809 0.13855313282607384
3 2666 3473 2665 0.997454096686774 0.4433148988457809 0.13855313282607384
3 3208 3476 2668 0.997454096686774 0.4433148988457809 0.13855313282607384
3 2668 3207 3208 0.997454096686774 0.4433148988457809 0.13855313282607384
3 3476 3475 2668 0.997454096686774 0.4433148988457809 0.13855313282607384
3 2667 3207 2668 0.997454096686774 0.4433148988457809 0.13855313282607384
3 2668 3475 2667 0.997454096686774 0.4433148988457809 0.13855313282607384
3 2805 3701 2566 0.997454096686774 0.4433148988457809 0.13855313282607384
3 2566 2804 3171 0.997454096686774 0.4433148988457809 0.13855313282607384
3 2510 2981 3700 0.997454096686774 0.4433148988457809 0.13855313282607384
3 2510 3701 2981 0.997454096686774 0.4433148988457809 0.13855313282607384
3 2510 2566 3701 0.997454096686774 0.4433148988457809 0.13855313282607384
3 3700 2565 2510 0.997454096686774 0.4433148988457809 0.13855313282607384
3 2510 2565 2804 0.997454096686774 0.4433148988457809 0.13855313282607384
3 2804 2566 2510 0.997454096686774 0.4433148988457809 0.13855313282607384
3 2567 2806 3702 0.997454096686774 0.4433148988457809 0.13855313282607384
3 3702 3701 2567 0.997454096686774 0.4433148988457809 0.13855313282607384
3 2567 3701 2805 0.997454096686774 0.4433148988457809 0.13855313282607384
3 3276 2983 3277 0.997454096686774 0.4433148988457809 0.13855313282607384
3 3277 2893 3276 0.997454096686774 0.4433148988457809 0.13855313282607384
3 3276 2893 2892 0.997454096686774 0.4433148988457809 0.13855313282607384
3 2648 2807 3189 0.997454096686774 0.4433148988457809 0.13855313282607384
3 3189 2807 2806 0.997454096686774 0.4433148988457809 0.13855313282607384
3 3277 3703 2984 0.997454096686774 0.4433148988457809 0.13855313282607384
3 2658 2657 2708 0.997454096686774 0.4433148988457809 0.13855313282607384
3 2708 2709 2658 0.997454096686774 0.4433148988457809 0.13855313282607384
3 2708 2820 2709 0.997454096686774 0.4433148988457809 0.13855313282607384
3 2819 2891 2892 0.997454096686774 0.4433148988457809 0.13855313282607384
3 2892 2820 2819 0.997454096686774 0.4433148988457809 0.13855313282607384
3 2820 2708 2819 0.997454096686774 0.4433148988457809 0.13855313282607384
3 3398 3125 2501 0.997454096686774 0.4433148988457809 0.13855313282607384
3 2501 2493 3398 0.997454096686774 0.4433148988457809 0.13855313282607384
3 3398 2493 3034 0.997454096686774 0.4433148988457809 0.13855313282607384
3 2808 2984 3703 0.997454096686774 0.4433148988457809 0.13855313282607384
3 3704 2984 2808 0.997454096686774 0.4433148988457809 0.13855313282607384
3 3554 3124 2648 0.997454096686774 0.4433148988457809 0.13855313282607384
3 2648 3189 3554 0.997454096686774 0.4433148988457809 0.13855313282607384
3 2500 3124 2556 0.997454096686774 0.4433148988457809 0.13855313282607384
3 2556 3396 3032 0.997454096686774 0.4433148988457809 0.13855313282607384
3 3032 2500 2556 0.997454096686774 0.4433148988457809 0.13855313282607384
3 3124 3554 2556 0.997454096686774 0.4433148988457809 0.13855313282607384
3 3172 2567 2805 0.997454096686774 0.4433148988457809 0.13855313282607384
3 2636 3553 3172 0.997454096686774 0.4433148988457809 0.13855313282607384
3 2815 2816 2704 0.997454096686774 0.4433148988457809 0.13855313282607384
3 2664 2665 3472 0.997454096686774 0.4433148988457809 0.13855313282607384
3 3472 3471 2664 0.997454096686774 0.4433148988457809 0.13855313282607384
3 2663 3203 2664 0.997454096686774 0.4433148988457809 0.13855313282607384
3 2664 3471 2663 0.997454096686774 0.4433148988457809 0.13855313282607384
3 3202 3203 2663 0.997454096686774 0.4433148988457809 0.13855313282607384
3 2663 2662 3202 0.997454096686774 0.4433148988457809 0.13855313282607384
3 3202 2662 3201 0.997454096686774 0.4433148988457809 0.13855313282607384
3 3201 2581 3202 0.997454096686774 0.4433148988457809 0.13855313282607384
3 3656 2407 2864 0.997454096686774 0.4433148988457809 0.13855313282607384
3 2864 2407 2863 0.997454096686774 0.4433148988457809 0.13855313282607384
3 2863 2966 2864 0.997454096686774 0.4433148988457809 0.13855313282607384
3 2863 2401 2966 0.997454096686774 0.4433148988457809 0.13855313282607384
3 3139 3138 2771 0.997454096686774 0.4433148988457809 0.13855313282607384
3 3139 2781 3138 0.997454096686774 0.4433148988457809 0.13855313282607384
3 2353 3634 2939 0.997454096686774 0.4433148988457809 0.13855313282607384
3 2937 2936 2351 0.997454096686774 0.4433148988457809 0.13855313282607384
3 2357 2936 2937 0.997454096686774 0.4433148988457809 0.13855313282607384
3 3417 2593 2439 0.997454096686774 0.4433148988457809 0.13855313282607384
3 2956 3420 3419 0.997454096686774 0.4433148988457809 0.13855313282607384
3 3240 3241 2956 0.997454096686774 0.4433148988457809 0.13855313282607384
3 3084 3420 3421 0.997454096686774 0.4433148988457809 0.13855313282607384
3 3083 3420 3084 0.997454096686774 0.4433148988457809 0.13855313282607384
3 2994 2995 2967 0.997454096686774 0.4433148988457809 0.13855313282607384
3 2967 2966 2994 0.997454096686774 0.4433148988457809 0.13855313282607384
3 2864 2966 2967 0.997454096686774 0.4433148988457809 0.13855313282607384
3 3383 2995 3382 0.997454096686774 0.4433148988457809 0.13855313282607384
3 3383 3082 3083 0.997454096686774 0.4433148988457809 0.13855313282607384
3 3382 3082 3383 0.997454096686774 0.4433148988457809 0.13855313282607384
3 2534 3382 2994 0.997454096686774 0.4433148988457809 0.13855313282607384
3 2534 2603 3382 0.997454096686774 0.4433148988457809 0.13855313282607384
3 2594 2603 3081 0.997454096686774 0.4433148988457809 0.13855313282607384
3 3081 3417 2594 0.997454096686774 0.4433148988457809 0.13855313282607384
3 2593 3417 3081 0.997454096686774 0.4433148988457809 0.13855313282607384
3 3081 2603 2526 0.997454096686774 0.4433148988457809 0.13855313282607384
3 3295 3053 3294 0.997454096686774 0.4433148988457809 0.13855313282607384
3 3054 3053 3295 0.997454096686774 0.4433148988457809 0.13855313282607384
3 3479 3296 3295 0.997454096686774 0.4433148988457809 0.13855313282607384
3 3295 3296 3054 0.997454096686774 0.4433148988457809 0.13855313282607384
3 3209 3578 3579 0.997454096686774 0.4433148988457809 0.13855313282607384
3 3208 3578 3209 0.997454096686774 0.4433148988457809 0.13855313282607384
3 3278 2985 3279 0.997454096686774 0.4433148988457809 0.13855313282607384
3 3279 2894 3278 0.997454096686774 0.4433148988457809 0.13855313282607384
3 3278 3704 2985 0.997454096686774 0.4433148988457809 0.13855313282607384
3 3278 2984 3704 0.997454096686774 0.4433148988457809 0.13855313282607384
3 3278 2894 3277 0.997454096686774 0.4433148988457809 0.13855313282607384
3 3277 2984 3278 0.997454096686774 0.4433148988457809 0.13855313282607384
3 2487 3019 3020 0.997454096686774 0.4433148988457809 0.13855313282607384
3 3019 2479 3020 0.997454096686774 0.4433148988457809 0.13855313282607384
3 3678 2487 3020 0.997454096686774 0.4433148988457809 0.13855313282607384
3 3020 2488 3678 0.997454096686774 0.4433148988457809 0.13855313282607384
3 3020 3021 2488 0.997454096686774 0.4433148988457809 0.13855313282607384
3 3562 3197 3709 0.997454096686774 0.4433148988457809 0.13855313282607384
3 3131 3560 3404 0.997454096686774 0.4433148988457809 0.13855313282607384
3 3132 3562 3196 0.997454096686774 0.4433148988457809 0.13855313282607384
3 3196 3562 3709 0.997454096686774 0.4433148988457809 0.13855313282607384
3 3708 3561 3196 0.997454096686774 0.4433148988457809 0.13855313282607384
3 3196 3282 3708 0.997454096686774 0.4433148988457809 0.13855313282607384
3 3709 3282 3196 0.997454096686774 0.4433148988457809 0.13855313282607384
3 3707 3281 3280 0.997454096686774 0.4433148988457809 0.13855313282607384
3 3038 3679 3680 0.997454096686774 0.4433148988457809 0.13855313282607384
3 3680 3039 3038 0.997454096686774 0.4433148988457809 0.13855313282607384
3 3253 2470 2471 0.997454096686774 0.4433148988457809 0.13855313282607384
3 2470 3002 2471 0.997454096686774 0.4433148988457809 0.13855313282607384
3 3283 3197 3710 0.997454096686774 0.4433148988457809 0.13855313282607384
3 3339 2847 2846 0.997454096686774 0.4433148988457809 0.13855313282607384
3 2846 3338 3339 0.997454096686774 0.4433148988457809 0.13855313282607384
3 2253 3338 2846 0.997454096686774 0.4433148988457809 0.13855313282607384
3 2847 3507 2846 0.997454096686774 0.4433148988457809 0.13855313282607384
3 2254 3507 2255 0.997454096686774 0.4433148988457809 0.13855313282607384
3 2253 2846 2254 0.997454096686774 0.4433148988457809 0.13855313282607384
3 2254 2846 3507 0.997454096686774 0.4433148988457809 0.13855313282607384
3 3508 3507 2847 0.997454096686774 0.4433148988457809 0.13855313282607384
3 3508 2848 3509 0.997454096686774 0.4433148988457809 0.13855313282607384
3 2847 2848 3508 0.997454096686774 0.4433148988457809 0.13855313282607384
3 3509 2909 3508 0.997454096686774 0.4433148988457809 0.13855313282607384
3 2255 3507 2908 0.997454096686774 0.4433148988457809 0.13855313282607384
3 2908 3508 2909 0.997454096686774 0.4433148988457809 0.13855313282607384
3 3507 3508 2908 0.997454096686774 0.4433148988457809 0.13855313282607384
3 2249 3215 2732 0.997454096686774 0.4433148988457809 0.13855313282607384
3 3215 3216 2732 0.997454096686774 0.4433148988457809 0.13855313282607384
3 2732 2250 2249 0.997454096686774 0.4433148988457809 0.13855313282607384
3 2745 2744 3611 0.997454096686774 0.4433148988457809 0.13855313282607384
3 2744 3610 3611 0.997454096686774 0.4433148988457809 0.13855313282607384
3 2739 3222 3223 0.997454096686774 0.4433148988457809 0.13855313282607384
3 3222 2677 3223 0.997454096686774 0.4433148988457809 0.13855313282607384
3 3341 3340 2746 0.997454096686774 0.4433148988457809 0.13855313282607384
3 2746 3340 2745 0.997454096686774 0.4433148988457809 0.13855313282607384
3 3102 3441 3101 0.997454096686774 0.4433148988457809 0.13855313282607384
3 3101 3441 3440 0.997454096686774 0.4433148988457809 0.13855313282607384
3 2911 3360 3359 0.997454096686774 0.4433148988457809 0.13855313282607384
3 2851 2850 3343 0.997454096686774 0.4433148988457809 0.13855313282607384
3 2852 3512 2851 0.997454096686774 0.4433148988457809 0.13855313282607384
3 3511 2850 2851 0.997454096686774 0.4433148988457809 0.13855313282607384
3 2851 3512 3511 0.997454096686774 0.4433148988457809 0.13855313282607384
3 3343 2850 3342 0.997454096686774 0.4433148988457809 0.13855313282607384
3 3342 2849 3341 0.997454096686774 0.4433148988457809 0.13855313282607384
3 3342 2850 2849 0.997454096686774 0.4433148988457809 0.13855313282607384
3 3355 3354 3626 0.997454096686774 0.4433148988457809 0.13855313282607384
3 3626 3354 3625 0.997454096686774 0.4433148988457809 0.13855313282607384
3 3624 3625 3353 0.997454096686774 0.4433148988457809 0.13855313282607384
3 3513 3512 2852 0.997454096686774 0.4433148988457809 0.13855313282607384
3 2914 3512 3513 0.997454096686774 0.4433148988457809 0.13855313282607384
3 2921 3058 2922 0.997454096686774 0.4433148988457809 0.13855313282607384
3 2922 3058 3059 0.997454096686774 0.4433148988457809 0.13855313282607384
3 2922 2755 2921 0.997454096686774 0.4433148988457809 0.13855313282607384
3 2922 2756 2755 0.997454096686774 0.4433148988457809 0.13855313282607384
3 2680 2755 2681 0.997454096686774 0.4433148988457809 0.13855313282607384
3 2755 2756 2681 0.997454096686774 0.4433148988457809 0.13855313282607384
3 2513 2680 2681 0.997454096686774 0.4433148988457809 0.13855313282607384
3 2429 2428 2513 0.997454096686774 0.4433148988457809 0.13855313282607384
3 2387 2428 2429 0.997454096686774 0.4433148988457809 0.13855313282607384
3 3359 3062 3061 0.997454096686774 0.4433148988457809 0.13855313282607384
3 3063 3062 3360 0.997454096686774 0.4433148988457809 0.13855313282607384
3 2926 3062 3063 0.997454096686774 0.4433148988457809 0.13855313282607384
3 3069 2933 2932 0.997454096686774 0.4433148988457809 0.13855313282607384
3 3072 3645 3644 0.997454096686774 0.4433148988457809 0.13855313282607384
3 3072 2933 3071 0.997454096686774 0.4433148988457809 0.13855313282607384
3 3644 2933 3072 0.997454096686774 0.4433148988457809 0.13855313282607384
3 3072 3370 3371 0.997454096686774 0.4433148988457809 0.13855313282607384
3 3645 3072 3646 0.997454096686774 0.4433148988457809 0.13855313282607384
3 3424 3245 3246 0.997454096686774 0.4433148988457809 0.13855313282607384
3 3246 3425 3424 0.997454096686774 0.4433148988457809 0.13855313282607384
3 3246 3644 3247 0.997454096686774 0.4433148988457809 0.13855313282607384
3 3247 3425 3246 0.997454096686774 0.4433148988457809 0.13855313282607384
3 2959 3243 3244 0.997454096686774 0.4433148988457809 0.13855313282607384
3 3244 2946 3245 0.997454096686774 0.4433148988457809 0.13855313282607384
3 3514 2916 2915 0.997454096686774 0.4433148988457809 0.13855313282607384
3 2914 3513 2915 0.997454096686774 0.4433148988457809 0.13855313282607384
3 2915 3513 3514 0.997454096686774 0.4433148988457809 0.13855313282607384
3 2917 2916 3515 0.997454096686774 0.4433148988457809 0.13855313282607384
3 3625 3624 3231 0.997454096686774 0.4433148988457809 0.13855313282607384
3 3231 3624 3230 0.997454096686774 0.4433148988457809 0.13855313282607384
3 3231 3626 3625 0.997454096686774 0.4433148988457809 0.13855313282607384
3 3584 3282 3283 0.997454096686774 0.4433148988457809 0.13855313282607384
3 3583 3282 3584 0.997454096686774 0.4433148988457809 0.13855313282607384
3 3503 3319 3504 0.997454096686774 0.4433148988457809 0.13855313282607384
3 3283 3710 3585 0.997454096686774 0.4433148988457809 0.13855313282607384
3 3585 3584 3283 0.997454096686774 0.4433148988457809 0.13855313282607384
3 3484 3584 3585 0.997454096686774 0.4433148988457809 0.13855313282607384
3 3319 3503 3318 0.997454096686774 0.4433148988457809 0.13855313282607384
3 3213 3582 3583 0.997454096686774 0.4433148988457809 0.13855313282607384
3 3482 3481 3213 0.997454096686774 0.4433148988457809 0.13855313282607384
3 3480 3481 3297 0.997454096686774 0.4433148988457809 0.13855313282607384
3 3297 3296 3480 0.997454096686774 0.4433148988457809 0.13855313282607384
3 3479 3211 3480 0.997454096686774 0.4433148988457809 0.13855313282607384
3 3480 3296 3479 0.997454096686774 0.4433148988457809 0.13855313282607384
3 2843 2842 3597 0.997454096686774 0.4433148988457809 0.13855313282607384
3 3597 2842 3596 0.997454096686774 0.4433148988457809 0.13855313282607384
3 3597 3596 2904 0.997454096686774 0.4433148988457809 0.13855313282607384
3 2904 2905 3597 0.997454096686774 0.4433148988457809 0.13855313282607384
3 2906 2905 3054 0.997454096686774 0.4433148988457809 0.13855313282607384
3 3321 2722 2723 0.997454096686774 0.4433148988457809 0.13855313282607384
3 2723 3322 3321 0.997454096686774 0.4433148988457809 0.13855313282607384
3 2723 2722 3489 0.997454096686774 0.4433148988457809 0.13855313282607384
3 3489 3490 2723 0.997454096686774 0.4433148988457809 0.13855313282607384
3 3308 2841 3309 0.997454096686774 0.4433148988457809 0.13855313282607384
3 2841 2842 3309 0.997454096686774 0.4433148988457809 0.13855313282607384
3 3325 2726 2727 0.997454096686774 0.4433148988457809 0.13855313282607384
3 3494 2728 2727 0.997454096686774 0.4433148988457809 0.13855313282607384
3 2727 3493 3494 0.997454096686774 0.4433148988457809 0.13855313282607384
3 2727 2726 3493 0.997454096686774 0.4433148988457809 0.13855313282607384
3 2735 3218 3219 0.997454096686774 0.4433148988457809 0.13855313282607384
3 3324 2726 3325 0.997454096686774 0.4433148988457809 0.13855313282607384
3 2725 2726 3324 0.997454096686774 0.4433148988457809 0.13855313282607384
3 3324 3323 2725 0.997454096686774 0.4433148988457809 0.13855313282607384
3 3217 3216 2671 0.997454096686774 0.4433148988457809 0.13855313282607384
3 2671 3216 2670 0.997454096686774 0.4433148988457809 0.13855313282607384
3 2670 3322 2671 0.997454096686774 0.4433148988457809 0.13855313282607384
3 3322 3323 2671 0.997454096686774 0.4433148988457809 0.13855313282607384
3 3491 3490 2714 0.997454096686774 0.4433148988457809 0.13855313282607384
3 2714 2715 3491 0.997454096686774 0.4433148988457809 0.13855313282607384
3 3492 3491 2715 0.997454096686774 0.4433148988457809 0.13855313282607384
3 2725 3491 3492 0.997454096686774 0.4433148988457809 0.13855313282607384
3 3492 2726 2725 0.997454096686774 0.4433148988457809 0.13855313282607384
3 3493 2726 3492 0.997454096686774 0.4433148988457809 0.13855313282607384
3 2311 2689 2312 0.997454096686774 0.4433148988457809 0.13855313282607384
3 2312 2689 2690 0.997454096686774 0.4433148988457809 0.13855313282607384
3 2694 2876 2877 0.997454096686774 0.4433148988457809 0.13855313282607384
3 2877 2695 2694 0.997454096686774 0.4433148988457809 0.13855313282607384
3 2795 3434 2794 0.997454096686774 0.4433148988457809 0.13855313282607384
3 2874 2425 2875 0.997454096686774 0.4433148988457809 0.13855313282607384
3 2874 2873 2425 0.997454096686774 0.4433148988457809 0.13855313282607384
3 2871 2311 2870 0.997454096686774 0.4433148988457809 0.13855313282607384
3 2871 2689 2311 0.997454096686774 0.4433148988457809 0.13855313282607384
3 2425 2873 2424 0.997454096686774 0.4433148988457809 0.13855313282607384
3 3144 3663 3145 0.997454096686774 0.4433148988457809 0.13855313282607384
3 3100 3099 3145 0.997454096686774 0.4433148988457809 0.13855313282607384
3 3145 3099 3144 0.997454096686774 0.4433148988457809 0.13855313282607384
3 3112 3440 3113 0.997454096686774 0.4433148988457809 0.13855313282607384
3 3112 3111 3440 0.997454096686774 0.4433148988457809 0.13855313282607384
3 2877 3111 3112 0.997454096686774 0.4433148988457809 0.13855313282607384
3 3113 2878 3112 0.997454096686774 0.4433148988457809 0.13855313282607384
3 3112 2878 2877 0.997454096686774 0.4433148988457809 0.13855313282607384
3 3439 3438 3100 0.997454096686774 0.4433148988457809 0.13855313282607384
3 3100 3101 3439 0.997454096686774 0.4433148988457809 0.13855313282607384
3 3439 3101 3440 0.997454096686774 0.4433148988457809 0.13855313282607384
3 3440 3111 3439 0.997454096686774 0.4433148988457809 0.13855313282607384
3 2879 2878 3113 0.997454096686774 0.4433148988457809 0.13855313282607384
3 3668 3428 3669 0.997454096686774 0.4433148988457809 0.13855313282607384
3 3391 3428 3668 0.997454096686774 0.4433148988457809 0.13855313282607384
3 3164 3464 3163 0.997454096686774 0.4433148988457809 0.13855313282607384
3 3648 3428 3647 0.997454096686774 0.4433148988457809 0.13855313282607384
3 3649 3428 3648 0.997454096686774 0.4433148988457809 0.13855313282607384
3 3647 3646 3372 0.997454096686774 0.4433148988457809 0.13855313282607384
3 3372 3072 3371 0.997454096686774 0.4433148988457809 0.13855313282607384
3 3372 3646 3072 0.997454096686774 0.4433148988457809 0.13855313282607384
3 3542 3446 3447 0.997454096686774 0.4433148988457809 0.13855313282607384
3 3546 3714 3692 0.997454096686774 0.4433148988457809 0.13855313282607384
3 3692 3466 3546 0.997454096686774 0.4433148988457809 0.13855313282607384
3 3546 3466 3545 0.997454096686774 0.4433148988457809 0.13855313282607384
3 3650 3649 3526 0.997454096686774 0.4433148988457809 0.13855313282607384
3 2897 3590 3589 0.997454096686774 0.4433148988457809 0.13855313282607384
3 3589 2896 2897 0.997454096686774 0.4433148988457809 0.13855313282607384
3 2897 2896 3045 0.997454096686774 0.4433148988457809 0.13855313282607384
3 2899 3047 3048 0.997454096686774 0.4433148988457809 0.13855313282607384
3 3048 2900 2899 0.997454096686774 0.4433148988457809 0.13855313282607384
3 2899 2900 3592 0.997454096686774 0.4433148988457809 0.13855313282607384
3 2827 2826 3472 0.997454096686774 0.4433148988457809 0.13855313282607384
3 3472 3473 2827 0.997454096686774 0.4433148988457809 0.13855313282607384
3 2703 2653 2652 0.997454096686774 0.4433148988457809 0.13855313282607384
3 2652 2702 2703 0.997454096686774 0.4433148988457809 0.13855313282607384
3 2703 2702 2814 0.997454096686774 0.4433148988457809 0.13855313282607384
3 2703 2814 2815 0.997454096686774 0.4433148988457809 0.13855313282607384
3 2815 2704 2703 0.997454096686774 0.4433148988457809 0.13855313282607384
3 2703 2704 2653 0.997454096686774 0.4433148988457809 0.13855313282607384
3 3570 2571 2572 0.997454096686774 0.4433148988457809 0.13855313282607384
3 2571 2653 2572 0.997454096686774 0.4433148988457809 0.13855313282607384
3 2572 3571 3570 0.997454096686774 0.4433148988457809 0.13855313282607384
3 2572 2573 3571 0.997454096686774 0.4433148988457809 0.13855313282607384
3 2800 2562 2561 0.997454096686774 0.4433148988457809 0.13855313282607384
3 2800 3167 2642 0.997454096686774 0.4433148988457809 0.13855313282607384
3 2631 3167 2641 0.997454096686774 0.4433148988457809 0.13855313282607384
3 3547 2333 2641 0.997454096686774 0.4433148988457809 0.13855313282607384
3 2641 2333 2631 0.997454096686774 0.4433148988457809 0.13855313282607384
3 3167 2800 2641 0.997454096686774 0.4433148988457809 0.13855313282607384
3 2641 2800 2799 0.997454096686774 0.4433148988457809 0.13855313282607384
3 3166 2799 2640 0.997454096686774 0.4433148988457809 0.13855313282607384
3 3166 2334 3547 0.997454096686774 0.4433148988457809 0.13855313282607384
3 2640 2334 3166 0.997454096686774 0.4433148988457809 0.13855313282607384
3 3547 2641 3166 0.997454096686774 0.4433148988457809 0.13855313282607384
3 3166 2641 2799 0.997454096686774 0.4433148988457809 0.13855313282607384
3 3568 2569 2570 0.997454096686774 0.4433148988457809 0.13855313282607384
3 3568 3569 2578 0.997454096686774 0.4433148988457809 0.13855313282607384
3 2570 3569 3568 0.997454096686774 0.4433148988457809 0.13855313282607384
3 2701 2702 2651 0.997454096686774 0.4433148988457809 0.13855313282607384
3 2836 3304 3303 0.997454096686774 0.4433148988457809 0.13855313282607384
3 2836 3303 2835 0.997454096686774 0.4433148988457809 0.13855313282607384
3 2835 3590 2836 0.997454096686774 0.4433148988457809 0.13855313282607384
3 3290 3289 2828 0.997454096686774 0.4433148988457809 0.13855313282607384
3 2828 3473 3474 0.997454096686774 0.4433148988457809 0.13855313282607384
3 3289 2827 2828 0.997454096686774 0.4433148988457809 0.13855313282607384
3 2828 2827 3473 0.997454096686774 0.4433148988457809 0.13855313282607384
3 3474 2829 2828 0.997454096686774 0.4433148988457809 0.13855313282607384
3 2828 2829 3290 0.997454096686774 0.4433148988457809 0.13855313282607384
3 3288 3287 2826 0.997454096686774 0.4433148988457809 0.13855313282607384
3 3288 3289 3047 0.997454096686774 0.4433148988457809 0.13855313282607384
3 2826 2827 3288 0.997454096686774 0.4433148988457809 0.13855313282607384
3 3288 2827 3289 0.997454096686774 0.4433148988457809 0.13855313282607384
3 2958 3242 3243 0.997454096686774 0.4433148988457809 0.13855313282607384
3 2958 3422 3421 0.997454096686774 0.4433148988457809 0.13855313282607384
3 2958 3243 2959 0.997454096686774 0.4433148988457809 0.13855313282607384
3 2959 3422 2958 0.997454096686774 0.4433148988457809 0.13855313282607384
3 3421 3420 2957 0.997454096686774 0.4433148988457809 0.13855313282607384
3 2957 2958 3421 0.997454096686774 0.4433148988457809 0.13855313282607384
3 3242 2958 2957 0.997454096686774 0.4433148988457809 0.13855313282607384
3 3241 3242 2957 0.997454096686774 0.4433148988457809 0.13855313282607384
3 2957 2956 3241 0.997454096686774 0.4433148988457809 0.13855313282607384
3 3420 2956 2957 0.997454096686774 0.4433148988457809 0.13855313282607384
3 2939 3238 3237 0.997454096686774 0.4433148988457809 0.13855313282607384
3 3419 3418 2955 0.997454096686774 0.4433148988457809 0.13855313282607384
3 2955 3239 3240 0.997454096686774 0.4433148988457809 0.13855313282607384
3 3240 2956 2955 0.997454096686774 0.4433148988457809 0.13855313282607384
3 2955 2956 3419 0.997454096686774 0.4433148988457809 0.13855313282607384
3 2954 3238 3239 0.997454096686774 0.4433148988457809 0.13855313282607384
3 3239 2955 2954 0.997454096686774 0.4433148988457809 0.13855313282607384
3 2954 2955 3418 0.997454096686774 0.4433148988457809 0.13855313282607384
3 2954 3418 2594 0.997454096686774 0.4433148988457809 0.13855313282607384
3 2594 3417 2954 0.997454096686774 0.4433148988457809 0.13855313282607384
3 3636 2389 2431 0.997454096686774 0.4433148988457809 0.13855313282607384
3 3636 2940 3635 0.997454096686774 0.4433148988457809 0.13855313282607384
3 3635 2389 3636 0.997454096686774 0.4433148988457809 0.13855313282607384
3 2939 3634 3635 0.997454096686774 0.4433148988457809 0.13855313282607384
3 3635 2940 2939 0.997454096686774 0.4433148988457809 0.13855313282607384
3 2354 2269 2268 0.997454096686774 0.4433148988457809 0.13855313282607384
3 2267 2934 2268 0.997454096686774 0.4433148988457809 0.13855313282607384
3 2268 2934 2354 0.997454096686774 0.4433148988457809 0.13855313282607384
3 2270 2269 2390 0.997454096686774 0.4433148988457809 0.13855313282607384
3 2272 2271 2433 0.997454096686774 0.4433148988457809 0.13855313282607384
3 2439 2593 3416 0.997454096686774 0.4433148988457809 0.13855313282607384
3 2593 3080 3416 0.997454096686774 0.4433148988457809 0.13855313282607384
3 2438 2952 3416 0.997454096686774 0.4433148988457809 0.13855313282607384
3 3416 2952 2439 0.997454096686774 0.4433148988457809 0.13855313282607384
3 2602 2525 3080 0.997454096686774 0.4433148988457809 0.13855313282607384
3 2602 3080 2593 0.997454096686774 0.4433148988457809 0.13855313282607384
3 2602 3081 2526 0.997454096686774 0.4433148988457809 0.13855313282607384
3 2593 3081 2602 0.997454096686774 0.4433148988457809 0.13855313282607384
3 2601 2525 3379 0.997454096686774 0.4433148988457809 0.13855313282607384
3 3080 2525 2601 0.997454096686774 0.4433148988457809 0.13855313282607384
3 3415 2951 2438 0.997454096686774 0.4433148988457809 0.13855313282607384
3 3079 2591 3415 0.997454096686774 0.4433148988457809 0.13855313282607384
3 2528 2440 2987 0.997454096686774 0.4433148988457809 0.13855313282607384
3 2520 2527 3374 0.997454096686774 0.4433148988457809 0.13855313282607384
3 3074 2595 2586 0.997454096686774 0.4433148988457809 0.13855313282607384
3 2519 2595 3074 0.997454096686774 0.4433148988457809 0.13855313282607384
3 2949 2392 2436 0.997454096686774 0.4433148988457809 0.13855313282607384
3 3233 2392 2949 0.997454096686774 0.4433148988457809 0.13855313282607384
3 2393 3234 2356 0.997454096686774 0.4433148988457809 0.13855313282607384
3 2377 3092 3091 0.997454096686774 0.4433148988457809 0.13855313282607384
3 3092 2412 3091 0.997454096686774 0.4433148988457809 0.13855313282607384
3 2450 2416 2790 0.997454096686774 0.4433148988457809 0.13855313282607384
3 2416 2449 2790 0.997454096686774 0.4433148988457809 0.13855313282607384
3 2790 2449 2410 0.997454096686774 0.4433148988457809 0.13855313282607384
3 2343 3431 2339 0.997454096686774 0.4433148988457809 0.13855313282607384
3 2339 3430 2343 0.997454096686774 0.4433148988457809 0.13855313282607384
3 2339 3431 2605 0.997454096686774 0.4433148988457809 0.13855313282607384
3 2378 3092 2377 0.997454096686774 0.4433148988457809 0.13855313282607384
3 2378 2779 2780 0.997454096686774 0.4433148988457809 0.13855313282607384
3 2377 2779 2378 0.997454096686774 0.4433148988457809 0.13855313282607384
3 2780 2781 2378 0.997454096686774 0.4433148988457809 0.13855313282607384
3 2378 2781 3093 0.997454096686774 0.4433148988457809 0.13855313282607384
3 3093 3092 2378 0.997454096686774 0.4433148988457809 0.13855313282607384
3 2452 2792 2413 0.997454096686774 0.4433148988457809 0.13855313282607384
3 3093 3094 2413 0.997454096686774 0.4433148988457809 0.13855313282607384
3 2413 3092 3093 0.997454096686774 0.4433148988457809 0.13855313282607384
3 2413 2412 3092 0.997454096686774 0.4433148988457809 0.13855313282607384
3 2451 2412 2413 0.997454096686774 0.4433148988457809 0.13855313282607384
3 2413 2792 2451 0.997454096686774 0.4433148988457809 0.13855313282607384
3 2793 3095 2453 0.997454096686774 0.4433148988457809 0.13855313282607384
3 2793 3094 3095 0.997454096686774 0.4433148988457809 0.13855313282607384
3 2453 2419 2793 0.997454096686774 0.4433148988457809 0.13855313282607384
3 2793 2419 2452 0.997454096686774 0.4433148988457809 0.13855313282607384
3 2452 2413 2793 0.997454096686774 0.4433148988457809 0.13855313282607384
3 2793 2413 3094 0.997454096686774 0.4433148988457809 0.13855313282607384
3 2383 3432 2344 0.997454096686774 0.4433148988457809 0.13855313282607384
3 2419 3432 2383 0.997454096686774 0.4433148988457809 0.13855313282607384
3 2452 2419 2383 0.997454096686774 0.4433148988457809 0.13855313282607384
3 2344 2418 2383 0.997454096686774 0.4433148988457809 0.13855313282607384
3 2383 2418 2452 0.997454096686774 0.4433148988457809 0.13855313282607384
3 2404 3652 2403 0.997454096686774 0.4433148988457809 0.13855313282607384
3 2375 2374 2776 0.997454096686774 0.4433148988457809 0.13855313282607384
3 2776 2777 2375 0.997454096686774 0.4433148988457809 0.13855313282607384
3 2376 2777 2778 0.997454096686774 0.4433148988457809 0.13855313282607384
3 2778 2377 2376 0.997454096686774 0.4433148988457809 0.13855313282607384
3 3090 2375 2376 0.997454096686774 0.4433148988457809 0.13855313282607384
3 2376 2375 2777 0.997454096686774 0.4433148988457809 0.13855313282607384
3 2377 3091 2376 0.997454096686774 0.4433148988457809 0.13855313282607384
3 2376 3091 3090 0.997454096686774 0.4433148988457809 0.13855313282607384
3 2645 3121 2635 0.997454096686774 0.4433148988457809 0.13855313282607384
3 3171 2645 2635 0.997454096686774 0.4433148988457809 0.13855313282607384
3 2635 3552 3171 0.997454096686774 0.4433148988457809 0.13855313282607384
3 2635 3121 3394 0.997454096686774 0.4433148988457809 0.13855313282607384
3 2553 3551 2634 0.997454096686774 0.4433148988457809 0.13855313282607384
3 2553 3121 3551 0.997454096686774 0.4433148988457809 0.13855313282607384
3 2634 3393 2553 0.997454096686774 0.4433148988457809 0.13855313282607384
3 2489 2327 3672 0.997454096686774 0.4433148988457809 0.13855313282607384
3 3395 2555 2636 0.997454096686774 0.4433148988457809 0.13855313282607384
3 2636 3122 3395 0.997454096686774 0.4433148988457809 0.13855313282607384
3 2328 2496 2329 0.997454096686774 0.4433148988457809 0.13855313282607384
3 2491 3674 3032 0.997454096686774 0.4433148988457809 0.13855313282607384
3 2491 3673 3674 0.997454096686774 0.4433148988457809 0.13855313282607384
3 3032 2499 2491 0.997454096686774 0.4433148988457809 0.13855313282607384
3 3676 2486 2494 0.997454096686774 0.4433148988457809 0.13855313282607384
3 2486 3677 2494 0.997454096686774 0.4433148988457809 0.13855313282607384
3 2494 3034 3676 0.997454096686774 0.4433148988457809 0.13855313282607384
3 3706 3705 3177 0.997454096686774 0.4433148988457809 0.13855313282607384
3 3706 2986 3705 0.997454096686774 0.4433148988457809 0.13855313282607384
3 3280 2986 3706 0.997454096686774 0.4433148988457809 0.13855313282607384
3 3706 3707 3280 0.997454096686774 0.4433148988457809 0.13855313282607384
3 3401 3128 3036 0.997454096686774 0.4433148988457809 0.13855313282607384
3 3401 3036 3678 0.997454096686774 0.4433148988457809 0.13855313282607384
3 3678 3037 3401 0.997454096686774 0.4433148988457809 0.13855313282607384
3 3558 3557 3127 0.997454096686774 0.4433148988457809 0.13855313282607384
3 3127 3128 3558 0.997454096686774 0.4433148988457809 0.13855313282607384
3 3176 3557 3558 0.997454096686774 0.4433148988457809 0.13855313282607384
3 3558 3177 3176 0.997454096686774 0.4433148988457809 0.13855313282607384
3 3049 3050 2901 0.997454096686774 0.4433148988457809 0.13855313282607384
3 2901 2900 3049 0.997454096686774 0.4433148988457809 0.13855313282607384
3 3593 2900 2901 0.997454096686774 0.4433148988457809 0.13855313282607384
3 2901 3050 2902 0.997454096686774 0.4433148988457809 0.13855313282607384
3 2901 2902 3594 0.997454096686774 0.4433148988457809 0.13855313282607384
3 3594 3593 2901 0.997454096686774 0.4433148988457809 0.13855313282607384
3 3205 2584 2585 0.997454096686774 0.4433148988457809 0.13855313282607384
3 2980 2981 3273 0.997454096686774 0.4433148988457809 0.13855313282607384
3 2888 3272 3273 0.997454096686774 0.4433148988457809 0.13855313282607384
3 3272 2980 3273 0.997454096686774 0.4433148988457809 0.13855313282607384
3 3702 2983 2982 0.997454096686774 0.4433148988457809 0.13855313282607384
3 2983 3276 2982 0.997454096686774 0.4433148988457809 0.13855313282607384
3 2982 3701 3702 0.997454096686774 0.4433148988457809 0.13855313282607384
3 2981 3701 2982 0.997454096686774 0.4433148988457809 0.13855313282607384
3 2892 2891 3275 0.997454096686774 0.4433148988457809 0.13855313282607384
3 3275 3276 2892 0.997454096686774 0.4433148988457809 0.13855313282607384
3 3275 2982 3276 0.997454096686774 0.4433148988457809 0.13855313282607384
3 2891 2890 3275 0.997454096686774 0.4433148988457809 0.13855313282607384
3 2981 2982 3275 0.997454096686774 0.4433148988457809 0.13855313282607384
3 2647 3553 3123 0.997454096686774 0.4433148988457809 0.13855313282607384
3 2647 3189 2806 0.997454096686774 0.4433148988457809 0.13855313282607384
3 2647 3172 3553 0.997454096686774 0.4433148988457809 0.13855313282607384
3 2806 2567 2647 0.997454096686774 0.4433148988457809 0.13855313282607384
3 2567 3172 2647 0.997454096686774 0.4433148988457809 0.13855313282607384
3 2638 3124 3397 0.997454096686774 0.4433148988457809 0.13855313282607384
3 2648 3124 2638 0.997454096686774 0.4433148988457809 0.13855313282607384
3 2502 2494 3399 0.997454096686774 0.4433148988457809 0.13855313282607384
3 3034 2494 2502 0.997454096686774 0.4433148988457809 0.13855313282607384
3 3190 2807 2648 0.997454096686774 0.4433148988457809 0.13855313282607384
3 3703 2807 3190 0.997454096686774 0.4433148988457809 0.13855313282607384
3 3190 2808 3703 0.997454096686774 0.4433148988457809 0.13855313282607384
3 2648 2638 3190 0.997454096686774 0.4433148988457809 0.13855313282607384
3 3190 2638 3555 0.997454096686774 0.4433148988457809 0.13855313282607384
3 2636 3172 2646 0.997454096686774 0.4433148988457809 0.13855313282607384
3 2646 3122 2636 0.997454096686774 0.4433148988457809 0.13855313282607384
3 3552 3122 2646 0.997454096686774 0.4433148988457809 0.13855313282607384
3 2646 3172 2805 0.997454096686774 0.4433148988457809 0.13855313282607384
3 3171 3552 2646 0.997454096686774 0.4433148988457809 0.13855313282607384
3 2646 2566 3171 0.997454096686774 0.4433148988457809 0.13855313282607384
3 2805 2566 2646 0.997454096686774 0.4433148988457809 0.13855313282607384
3 2705 2704 2816 0.997454096686774 0.4433148988457809 0.13855313282607384
3 2816 2817 2705 0.997454096686774 0.4433148988457809 0.13855313282607384
3 2817 2706 2705 0.997454096686774 0.4433148988457809 0.13855313282607384
3 2582 3202 2581 0.997454096686774 0.4433148988457809 0.13855313282607384
3 3203 3202 2582 0.997454096686774 0.4433148988457809 0.13855313282607384
3 2665 2664 3204 0.997454096686774 0.4433148988457809 0.13855313282607384
3 3204 2664 3203 0.997454096686774 0.4433148988457809 0.13855313282607384
3 3204 3205 2665 0.997454096686774 0.4433148988457809 0.13855313282607384
3 3204 2584 3205 0.997454096686774 0.4433148988457809 0.13855313282607384
3 3380 2602 2526 0.997454096686774 0.4433148988457809 0.13855313282607384
3 2525 2602 3380 0.997454096686774 0.4433148988457809 0.13855313282607384
3 2966 2401 2446 0.997454096686774 0.4433148988457809 0.13855313282607384
3 2993 2534 2446 0.997454096686774 0.4433148988457809 0.13855313282607384
3 2965 2993 2446 0.997454096686774 0.4433148988457809 0.13855313282607384
3 2446 2401 2965 0.997454096686774 0.4433148988457809 0.13855313282607384
3 2994 2966 2446 0.997454096686774 0.4433148988457809 0.13855313282607384
3 2446 2534 2994 0.997454096686774 0.4433148988457809 0.13855313282607384
3 2781 3139 2782 0.997454096686774 0.4433148988457809 0.13855313282607384
3 3093 2781 2782 0.997454096686774 0.4433148988457809 0.13855313282607384
3 2782 3094 3093 0.997454096686774 0.4433148988457809 0.13855313282607384
3 2783 3094 2782 0.997454096686774 0.4433148988457809 0.13855313282607384
3 2972 2999 3387 0.997454096686774 0.4433148988457809 0.13855313282607384
3 3388 3087 3424 0.997454096686774 0.4433148988457809 0.13855313282607384
3 3424 3425 3388 0.997454096686774 0.4433148988457809 0.13855313282607384
3 3421 3422 3085 0.997454096686774 0.4433148988457809 0.13855313282607384
3 3385 3084 3085 0.997454096686774 0.4433148988457809 0.13855313282607384
3 3085 3084 3421 0.997454096686774 0.4433148988457809 0.13855313282607384
3 3085 2998 3385 0.997454096686774 0.4433148988457809 0.13855313282607384
3 3386 2998 3085 0.997454096686774 0.4433148988457809 0.13855313282607384
3 2971 3661 2868 0.997454096686774 0.4433148988457809 0.13855313282607384
3 2868 2998 2971 0.997454096686774 0.4433148988457809 0.13855313282607384
3 3386 2999 2971 0.997454096686774 0.4433148988457809 0.13855313282607384
3 2971 2998 3386 0.997454096686774 0.4433148988457809 0.13855313282607384
3 2357 2937 3236 0.997454096686774 0.4433148988457809 0.13855313282607384
3 3236 2937 2358 0.997454096686774 0.4433148988457809 0.13855313282607384
3 3633 3632 2386 0.997454096686774 0.4433148988457809 0.13855313282607384
3 2386 2387 3633 0.997454096686774 0.4433148988457809 0.13855313282607384
3 3633 2387 3634 0.997454096686774 0.4433148988457809 0.13855313282607384
3 3634 2353 3633 0.997454096686774 0.4433148988457809 0.13855313282607384
3 2352 3633 2353 0.997454096686774 0.4433148988457809 0.13855313282607384
3 3632 3633 2352 0.997454096686774 0.4433148988457809 0.13855313282607384
3 2351 3632 2352 0.997454096686774 0.4433148988457809 0.13855313282607384
3 2352 2937 2351 0.997454096686774 0.4433148988457809 0.13855313282607384
3 3657 2771 2770 0.997454096686774 0.4433148988457809 0.13855313282607384
3 2770 3656 3657 0.997454096686774 0.4433148988457809 0.13855313282607384
3 3657 3656 2864 0.997454096686774 0.4433148988457809 0.13855313282607384
3 3384 3084 3385 0.997454096686774 0.4433148988457809 0.13855313282607384
3 3083 3084 3384 0.997454096686774 0.4433148988457809 0.13855313282607384
3 3384 3383 3083 0.997454096686774 0.4433148988457809 0.13855313282607384
3 2868 3661 3660 0.997454096686774 0.4433148988457809 0.13855313282607384
3 2771 3657 3658 0.997454096686774 0.4433148988457809 0.13855313282607384
3 3381 2534 2993 0.997454096686774 0.4433148988457809 0.13855313282607384
3 2526 2603 3381 0.997454096686774 0.4433148988457809 0.13855313282607384
3 2603 2534 3381 0.997454096686774 0.4433148988457809 0.13855313282607384
3 2833 3295 3294 0.997454096686774 0.4433148988457809 0.13855313282607384
3 2833 3294 2832 0.997454096686774 0.4433148988457809 0.13855313282607384
3 2832 3478 2833 0.997454096686774 0.4433148988457809 0.13855313282607384
3 2833 3478 3479 0.997454096686774 0.4433148988457809 0.13855313282607384
3 3479 3295 2833 0.997454096686774 0.4433148988457809 0.13855313282607384
3 3210 3209 3579 0.997454096686774 0.4433148988457809 0.13855313282607384
3 3478 3209 3210 0.997454096686774 0.4433148988457809 0.13855313282607384
3 3479 3478 3210 0.997454096686774 0.4433148988457809 0.13855313282607384
3 3210 3211 3479 0.997454096686774 0.4433148988457809 0.13855313282607384
3 3579 3580 3210 0.997454096686774 0.4433148988457809 0.13855313282607384
3 3580 3211 3210 0.997454096686774 0.4433148988457809 0.13855313282607384
3 3208 3209 3477 0.997454096686774 0.4433148988457809 0.13855313282607384
3 3477 3476 3208 0.997454096686774 0.4433148988457809 0.13855313282607384
3 3477 3478 2832 0.997454096686774 0.4433148988457809 0.13855313282607384
3 3477 3209 3478 0.997454096686774 0.4433148988457809 0.13855313282607384
3 2831 3476 3477 0.997454096686774 0.4433148988457809 0.13855313282607384
3 3477 2832 2831 0.997454096686774 0.4433148988457809 0.13855313282607384
3 3021 3020 2480 0.997454096686774 0.4433148988457809 0.13855313282607384
3 2480 3020 2479 0.997454096686774 0.4433148988457809 0.13855313282607384
3 2480 2479 3253 0.997454096686774 0.4433148988457809 0.13855313282607384
3 2480 2481 3021 0.997454096686774 0.4433148988457809 0.13855313282607384
3 3179 3707 3560 0.997454096686774 0.4433148988457809 0.13855313282607384
3 3560 3131 3179 0.997454096686774 0.4433148988457809 0.13855313282607384
3 3708 3281 3179 0.997454096686774 0.4433148988457809 0.13855313282607384
3 3281 3707 3179 0.997454096686774 0.4433148988457809 0.13855313282607384
3 3179 3561 3708 0.997454096686774 0.4433148988457809 0.13855313282607384
3 3179 3131 3561 0.997454096686774 0.4433148988457809 0.13855313282607384
3 3559 3706 3177 0.997454096686774 0.4433148988457809 0.13855313282607384
3 3403 3039 3404 0.997454096686774 0.4433148988457809 0.13855313282607384
3 3403 3038 3039 0.997454096686774 0.4433148988457809 0.13855313282607384
3 3681 3039 3680 0.997454096686774 0.4433148988457809 0.13855313282607384
3 3563 3710 3197 0.997454096686774 0.4433148988457809 0.13855313282607384
3 2909 3358 3357 0.997454096686774 0.4433148988457809 0.13855313282607384
3 3357 2908 2909 0.997454096686774 0.4433148988457809 0.13855313282607384
3 3059 3058 3357 0.997454096686774 0.4433148988457809 0.13855313282607384
3 3357 3358 3059 0.997454096686774 0.4433148988457809 0.13855313282607384
3 2250 2732 3609 0.997454096686774 0.4433148988457809 0.13855313282607384
3 3609 2251 2250 0.997454096686774 0.4433148988457809 0.13855313282607384
3 2743 2251 3609 0.997454096686774 0.4433148988457809 0.13855313282607384
3 3609 3610 2743 0.997454096686774 0.4433148988457809 0.13855313282607384
3 3217 3218 2734 0.997454096686774 0.4433148988457809 0.13855313282607384
3 3218 2735 2734 0.997454096686774 0.4433148988457809 0.13855313282607384
3 2734 3611 3610 0.997454096686774 0.4433148988457809 0.13855313282607384
3 2734 2735 3611 0.997454096686774 0.4433148988457809 0.13855313282607384
3 2745 3611 3612 0.997454096686774 0.4433148988457809 0.13855313282607384
3 3612 2746 2745 0.997454096686774 0.4433148988457809 0.13855313282607384
3 3613 2746 3612 0.997454096686774 0.4433148988457809 0.13855313282607384
3 3611 2735 3612 0.997454096686774 0.4433148988457809 0.13855313282607384
3 3298 3057 3056 0.997454096686774 0.4433148988457809 0.13855313282607384
3 3297 3481 3298 0.997454096686774 0.4433148988457809 0.13855313282607384
3 3298 3056 3297 0.997454096686774 0.4433148988457809 0.13855313282607384
3 3298 3481 3482 0.997454096686774 0.4433148988457809 0.13855313282607384
3 3604 3318 3317 0.997454096686774 0.4433148988457809 0.13855313282607384
3 3317 3318 3501 0.997454096686774 0.4433148988457809 0.13855313282607384
3 3226 3333 3227 0.997454096686774 0.4433148988457809 0.13855313282607384
3 3227 3334 3228 0.997454096686774 0.4433148988457809 0.13855313282607384
3 3227 3333 3334 0.997454096686774 0.4433148988457809 0.13855313282607384
3 2676 2677 3222 0.997454096686774 0.4433148988457809 0.13855313282607384
3 3328 2677 2676 0.997454096686774 0.4433148988457809 0.13855313282607384
3 3331 3225 3224 0.997454096686774 0.4433148988457809 0.13855313282607384
3 3219 2674 3220 0.997454096686774 0.4433148988457809 0.13855313282607384
3 3220 2674 2675 0.997454096686774 0.4433148988457809 0.13855313282607384
3 2852 3345 2853 0.997454096686774 0.4433148988457809 0.13855313282607384
3 2853 3513 2852 0.997454096686774 0.4433148988457809 0.13855313282607384
3 3514 3513 2853 0.997454096686774 0.4433148988457809 0.13855313282607384
3 2750 3345 3344 0.997454096686774 0.4433148988457809 0.13855313282607384
3 3344 3345 2852 0.997454096686774 0.4433148988457809 0.13855313282607384
3 2852 2851 3344 0.997454096686774 0.4433148988457809 0.13855313282607384
3 3344 2851 3343 0.997454096686774 0.4433148988457809 0.13855313282607384
3 3620 3227 3228 0.997454096686774 0.4433148988457809 0.13855313282607384
3 3225 3226 2742 0.997454096686774 0.4433148988457809 0.13855313282607384
3 3226 3227 2742 0.997454096686774 0.4433148988457809 0.13855313282607384
3 3227 3620 2742 0.997454096686774 0.4433148988457809 0.13855313282607384
3 3613 2737 3614 0.997454096686774 0.4433148988457809 0.13855313282607384
3 3616 3617 2750 0.997454096686774 0.4433148988457809 0.13855313282607384
3 3616 3615 2739 0.997454096686774 0.4433148988457809 0.13855313282607384
3 3343 3342 2748 0.997454096686774 0.4433148988457809 0.13855313282607384
3 2748 3614 3615 0.997454096686774 0.4433148988457809 0.13855313282607384
3 3426 3425 3247 0.997454096686774 0.4433148988457809 0.13855313282607384
3 3102 3101 3147 0.997454096686774 0.4433148988457809 0.13855313282607384
3 3148 3102 3147 0.997454096686774 0.4433148988457809 0.13855313282607384
3 2912 2911 3511 0.997454096686774 0.4433148988457809 0.13855313282607384
3 3511 3512 2912 0.997454096686774 0.4433148988457809 0.13855313282607384
3 2912 3512 2913 0.997454096686774 0.4433148988457809 0.13855313282607384
3 3360 2911 2912 0.997454096686774 0.4433148988457809 0.13855313282607384
3 3511 2911 3510 0.997454096686774 0.4433148988457809 0.13855313282607384
3 3509 2849 3510 0.997454096686774 0.4433148988457809 0.13855313282607384
3 2849 2850 3510 0.997454096686774 0.4433148988457809 0.13855313282607384
3 3510 2850 3511 0.997454096686774 0.4433148988457809 0.13855313282607384
3 2910 2909 3509 0.997454096686774 0.4433148988457809 0.13855313282607384
3 3509 3510 2910 0.997454096686774 0.4433148988457809 0.13855313282607384
3 2910 3510 2911 0.997454096686774 0.4433148988457809 0.13855313282607384
3 2910 3358 2909 0.997454096686774 0.4433148988457809 0.13855313282607384
3 3359 3358 2910 0.997454096686774 0.4433148988457809 0.13855313282607384
3 2910 2911 3359 0.997454096686774 0.4433148988457809 0.13855313282607384
3 3692 3714 3629 0.997454096686774 0.4433148988457809 0.13855313282607384
3 3629 3650 3526 0.997454096686774 0.4433148988457809 0.13855313282607384
3 3714 3650 3629 0.997454096686774 0.4433148988457809 0.13855313282607384
3 3519 2857 3351 0.997454096686774 0.4433148988457809 0.13855313282607384
3 3371 3370 3521 0.997454096686774 0.4433148988457809 0.13855313282607384
3 3228 3334 3335 0.997454096686774 0.4433148988457809 0.13855313282607384
3 3335 3229 3228 0.997454096686774 0.4433148988457809 0.13855313282607384
3 3334 3503 3335 0.997454096686774 0.4433148988457809 0.13855313282607384
3 3230 3229 3335 0.997454096686774 0.4433148988457809 0.13855313282607384
3 3349 2857 2856 0.997454096686774 0.4433148988457809 0.13855313282607384
3 2856 2857 3517 0.997454096686774 0.4433148988457809 0.13855313282607384
3 3350 2857 3349 0.997454096686774 0.4433148988457809 0.13855313282607384
3 3351 2857 3350 0.997454096686774 0.4433148988457809 0.13855313282607384
3 2513 2681 2514 0.997454096686774 0.4433148988457809 0.13855313282607384
3 2514 2429 2513 0.997454096686774 0.4433148988457809 0.13855313282607384
3 2757 2758 2683 0.997454096686774 0.4433148988457809 0.13855313282607384
3 2683 2758 2684 0.997454096686774 0.4433148988457809 0.13855313282607384
3 3363 3065 3362 0.997454096686774 0.4433148988457809 0.13855313282607384
3 3363 3362 2914 0.997454096686774 0.4433148988457809 0.13855313282607384
3 2914 2915 3363 0.997454096686774 0.4433148988457809 0.13855313282607384
3 2515 2431 2430 0.997454096686774 0.4433148988457809 0.13855313282607384
3 2430 2431 2389 0.997454096686774 0.4433148988457809 0.13855313282607384
3 2430 2514 2515 0.997454096686774 0.4433148988457809 0.13855313282607384
3 2429 2514 2430 0.997454096686774 0.4433148988457809 0.13855313282607384
3 2923 2922 3059 0.997454096686774 0.4433148988457809 0.13855313282607384
3 2757 2756 2923 0.997454096686774 0.4433148988457809 0.13855313282607384
3 2756 2922 2923 0.997454096686774 0.4433148988457809 0.13855313282607384
3 3361 3063 3360 0.997454096686774 0.4433148988457809 0.13855313282607384
3 3361 2913 3362 0.997454096686774 0.4433148988457809 0.13855313282607384
3 3361 2912 2913 0.997454096686774 0.4433148988457809 0.13855313282607384
3 3360 2912 3361 0.997454096686774 0.4433148988457809 0.13855313282607384
3 3362 3065 3064 0.997454096686774 0.4433148988457809 0.13855313282607384
3 3064 3361 3362 0.997454096686774 0.4433148988457809 0.13855313282607384
3 3063 3361 3064 0.997454096686774 0.4433148988457809 0.13855313282607384
3 3068 3069 2932 0.997454096686774 0.4433148988457809 0.13855313282607384
3 3071 2933 3070 0.997454096686774 0.4433148988457809 0.13855313282607384
3 2933 3069 3070 0.997454096686774 0.4433148988457809 0.13855313282607384
3 3070 3368 3071 0.997454096686774 0.4433148988457809 0.13855313282607384
3 3367 3368 3070 0.997454096686774 0.4433148988457809 0.13855313282607384
3 3070 3069 3367 0.997454096686774 0.4433148988457809 0.13855313282607384
3 3427 3646 3647 0.997454096686774 0.4433148988457809 0.13855313282607384
3 3647 3428 3427 0.997454096686774 0.4433148988457809 0.13855313282607384
3 3427 3428 3391 0.997454096686774 0.4433148988457809 0.13855313282607384
3 3644 3246 3643 0.997454096686774 0.4433148988457809 0.13855313282607384
3 3643 3246 3245 0.997454096686774 0.4433148988457809 0.13855313282607384
3 3643 2933 3644 0.997454096686774 0.4433148988457809 0.13855313282607384
3 2932 2933 3643 0.997454096686774 0.4433148988457809 0.13855313282607384
3 2945 3244 3243 0.997454096686774 0.4433148988457809 0.13855313282607384
3 2946 3244 2945 0.997454096686774 0.4433148988457809 0.13855313282607384
3 2685 2517 2684 0.997454096686774 0.4433148988457809 0.13855313282607384
3 2926 3063 2927 0.997454096686774 0.4433148988457809 0.13855313282607384
3 3063 3064 2927 0.997454096686774 0.4433148988457809 0.13855313282607384
3 2517 2685 2518 0.997454096686774 0.4433148988457809 0.13855313282607384
3 3516 2917 3515 0.997454096686774 0.4433148988457809 0.13855313282607384
3 3516 3515 2855 0.997454096686774 0.4433148988457809 0.13855313282607384
3 3516 2856 3517 0.997454096686774 0.4433148988457809 0.13855313282607384
3 2855 2856 3516 0.997454096686774 0.4433148988457809 0.13855313282607384
3 2918 3516 3517 0.997454096686774 0.4433148988457809 0.13855313282607384
3 2917 3516 2918 0.997454096686774 0.4433148988457809 0.13855313282607384
3 3626 3231 3337 0.997454096686774 0.4433148988457809 0.13855313282607384
3 3504 3505 3337 0.997454096686774 0.4433148988457809 0.13855313282607384
3 3484 3300 3483 0.997454096686774 0.4433148988457809 0.13855313282607384
3 3483 3584 3484 0.997454096686774 0.4433148988457809 0.13855313282607384
3 3299 3298 3482 0.997454096686774 0.4433148988457809 0.13855313282607384
3 3057 3298 3299 0.997454096686774 0.4433148988457809 0.13855313282607384
3 3482 3483 3299 0.997454096686774 0.4433148988457809 0.13855313282607384
3 3299 3483 3300 0.997454096686774 0.4433148988457809 0.13855313282607384
3 3586 3486 3485 0.997454096686774 0.4433148988457809 0.13855313282607384
3 3485 3585 3586 0.997454096686774 0.4433148988457809 0.13855313282607384
3 3484 3585 3485 0.997454096686774 0.4433148988457809 0.13855313282607384
3 3332 3333 3226 0.997454096686774 0.4433148988457809 0.13855313282607384
3 3332 3225 3331 0.997454096686774 0.4433148988457809 0.13855313282607384
3 3332 3226 3225 0.997454096686774 0.4433148988457809 0.13855313282607384
3 3501 3333 3332 0.997454096686774 0.4433148988457809 0.13855313282607384
3 3501 3318 3502 0.997454096686774 0.4433148988457809 0.13855313282607384
3 3502 3318 3503 0.997454096686774 0.4433148988457809 0.13855313282607384
3 3502 3503 3334 0.997454096686774 0.4433148988457809 0.13855313282607384
3 3334 3333 3502 0.997454096686774 0.4433148988457809 0.13855313282607384
3 3502 3333 3501 0.997454096686774 0.4433148988457809 0.13855313282607384
3 3581 3582 3212 0.997454096686774 0.4433148988457809 0.13855313282607384
3 3582 3213 3212 0.997454096686774 0.4433148988457809 0.13855313282607384
3 3212 3213 3481 0.997454096686774 0.4433148988457809 0.13855313282607384
3 3481 3480 3212 0.997454096686774 0.4433148988457809 0.13855313282607384
3 3212 3211 3581 0.997454096686774 0.4433148988457809 0.13855313282607384
3 3212 3480 3211 0.997454096686774 0.4433148988457809 0.13855313282607384
3 3054 3296 3055 0.997454096686774 0.4433148988457809 0.13855313282607384
3 3055 2906 3054 0.997454096686774 0.4433148988457809 0.13855313282607384
3 3055 3296 3297 0.997454096686774 0.4433148988457809 0.13855313282607384
3 3297 3056 3055 0.997454096686774 0.4433148988457809 0.13855313282607384
3 3598 3597 2905 0.997454096686774 0.4433148988457809 0.13855313282607384
3 2905 2906 3598 0.997454096686774 0.4433148988457809 0.13855313282607384
3 2843 3597 3598 0.997454096686774 0.4433148988457809 0.13855313282607384
3 2906 3599 3598 0.997454096686774 0.4433148988457809 0.13855313282607384
3 3322 2723 2724 0.997454096686774 0.4433148988457809 0.13855313282607384
3 2725 3323 2724 0.997454096686774 0.4433148988457809 0.13855313282607384
3 2724 3323 3322 0.997454096686774 0.4433148988457809 0.13855313282607384
3 2724 3491 2725 0.997454096686774 0.4433148988457809 0.13855313282607384
3 2724 2723 3490 0.997454096686774 0.4433148988457809 0.13855313282607384
3 3490 3491 2724 0.997454096686774 0.4433148988457809 0.13855313282607384
3 3494 2717 2718 0.997454096686774 0.4433148988457809 0.13855313282607384
3 2843 3311 3310 0.997454096686774 0.4433148988457809 0.13855313282607384
3 2717 3309 3310 0.997454096686774 0.4433148988457809 0.13855313282607384
3 3310 2718 2717 0.997454096686774 0.4433148988457809 0.13855313282607384
3 3311 2718 3310 0.997454096686774 0.4433148988457809 0.13855313282607384
3 3310 2842 2843 0.997454096686774 0.4433148988457809 0.13855313282607384
3 3310 3309 2842 0.997454096686774 0.4433148988457809 0.13855313282607384
3 2675 2674 3326 0.997454096686774 0.4433148988457809 0.13855313282607384
3 3326 2674 3325 0.997454096686774 0.4433148988457809 0.13855313282607384
3 3325 2727 3326 0.997454096686774 0.4433148988457809 0.13855313282607384
3 3326 2727 2728 0.997454096686774 0.4433148988457809 0.13855313282607384
3 2673 3324 3325 0.997454096686774 0.4433148988457809 0.13855313282607384
3 3325 2674 2673 0.997454096686774 0.4433148988457809 0.13855313282607384
3 3219 3218 2673 0.997454096686774 0.4433148988457809 0.13855313282607384
3 2673 2674 3219 0.997454096686774 0.4433148988457809 0.13855313282607384
3 3323 3324 2672 0.997454096686774 0.4433148988457809 0.13855313282607384
3 2672 2671 3323 0.997454096686774 0.4433148988457809 0.13855313282607384
3 3324 2673 2672 0.997454096686774 0.4433148988457809 0.13855313282607384
3 3217 2671 2672 0.997454096686774 0.4433148988457809 0.13855313282607384
3 2672 3218 3217 0.997454096686774 0.4433148988457809 0.13855313282607384
3 2672 2673 3218 0.997454096686774 0.4433148988457809 0.13855313282607384
3 2716 3492 2715 0.997454096686774 0.4433148988457809 0.13855313282607384
3 2716 2715 3308 0.997454096686774 0.4433148988457809 0.13855313282607384
3 3308 3309 2716 0.997454096686774 0.4433148988457809 0.13855313282607384
3 2716 3309 2717 0.997454096686774 0.4433148988457809 0.13855313282607384
3 2716 2717 3493 0.997454096686774 0.4433148988457809 0.13855313282607384
3 3493 3492 2716 0.997454096686774 0.4433148988457809 0.13855313282607384
3 3162 3538 3539 0.997454096686774 0.4433148988457809 0.13855313282607384
3 3540 3163 3539 0.997454096686774 0.4433148988457809 0.13855313282607384
3 3539 3163 3162 0.997454096686774 0.4433148988457809 0.13855313282607384
3 3539 3538 2881 0.997454096686774 0.4433148988457809 0.13855313282607384
3 3539 3117 3540 0.997454096686774 0.4433148988457809 0.13855313282607384
3 3539 2881 3117 0.997454096686774 0.4433148988457809 0.13855313282607384
3 3161 3538 3162 0.997454096686774 0.4433148988457809 0.13855313282607384
3 3462 3160 3161 0.997454096686774 0.4433148988457809 0.13855313282607384
3 3160 2630 3161 0.997454096686774 0.4433148988457809 0.13855313282607384
3 3161 2630 3538 0.997454096686774 0.4433148988457809 0.13855313282607384
3 3536 2630 3535 0.997454096686774 0.4433148988457809 0.13855313282607384
3 2628 3533 2629 0.997454096686774 0.4433148988457809 0.13855313282607384
3 2618 2695 2619 0.997454096686774 0.4433148988457809 0.13855313282607384
3 2619 2620 3533 0.997454096686774 0.4433148988457809 0.13855313282607384
3 3533 2620 3534 0.997454096686774 0.4433148988457809 0.13855313282607384
3 3534 2629 3533 0.997454096686774 0.4433148988457809 0.13855313282607384
3 3535 2630 3534 0.997454096686774 0.4433148988457809 0.13855313282607384
3 2630 2629 3534 0.997454096686774 0.4433148988457809 0.13855313282607384
3 2692 2615 2614 0.997454096686774 0.4433148988457809 0.13855313282607384
3 2692 2874 2875 0.997454096686774 0.4433148988457809 0.13855313282607384
3 2313 2312 2613 0.997454096686774 0.4433148988457809 0.13855313282607384
3 2613 2312 2690 0.997454096686774 0.4433148988457809 0.13855313282607384
3 2617 2695 2618 0.997454096686774 0.4433148988457809 0.13855313282607384
3 2617 2694 2695 0.997454096686774 0.4433148988457809 0.13855313282607384
3 2616 2694 2617 0.997454096686774 0.4433148988457809 0.13855313282607384
3 2618 3531 2617 0.997454096686774 0.4433148988457809 0.13855313282607384
3 3096 2794 3095 0.997454096686774 0.4433148988457809 0.13855313282607384
3 3096 2795 2794 0.997454096686774 0.4433148988457809 0.13855313282607384
3 2795 3096 3097 0.997454096686774 0.4433148988457809 0.13855313282607384
3 2608 3106 2348 0.997454096686774 0.4433148988457809 0.13855313282607384
3 2348 3106 3105 0.997454096686774 0.4433148988457809 0.13855313282607384
3 2607 2608 2348 0.997454096686774 0.4433148988457809 0.13855313282607384
3 2348 2347 2607 0.997454096686774 0.4433148988457809 0.13855313282607384
3 2348 3105 2347 0.997454096686774 0.4433148988457809 0.13855313282607384
3 3105 3106 2421 0.997454096686774 0.4433148988457809 0.13855313282607384
3 2420 3105 2421 0.997454096686774 0.4433148988457809 0.13855313282607384
3 2870 2310 2421 0.997454096686774 0.4433148988457809 0.13855313282607384
3 2310 2420 2421 0.997454096686774 0.4433148988457809 0.13855313282607384
3 2423 3106 3107 0.997454096686774 0.4433148988457809 0.13855313282607384
3 3107 2424 2423 0.997454096686774 0.4433148988457809 0.13855313282607384
3 2425 2424 3108 0.997454096686774 0.4433148988457809 0.13855313282607384
3 3108 2424 3107 0.997454096686774 0.4433148988457809 0.13855313282607384
3 3107 2610 3108 0.997454096686774 0.4433148988457809 0.13855313282607384
3 3108 2610 2611 0.997454096686774 0.4433148988457809 0.13855313282607384
3 3665 3147 3146 0.997454096686774 0.4433148988457809 0.13855313282607384
3 3146 3147 3101 0.997454096686774 0.4433148988457809 0.13855313282607384
3 3146 3101 3100 0.997454096686774 0.4433148988457809 0.13855313282607384
3 3100 3145 3146 0.997454096686774 0.4433148988457809 0.13855313282607384
3 2612 3111 3110 0.997454096686774 0.4433148988457809 0.13855313282607384
3 2612 3439 3111 0.997454096686774 0.4433148988457809 0.13855313282607384
3 3438 3439 2612 0.997454096686774 0.4433148988457809 0.13855313282607384
3 2611 3438 2612 0.997454096686774 0.4433148988457809 0.13855313282607384
3 3461 3160 3462 0.997454096686774 0.4433148988457809 0.13855313282607384
3 3687 3028 3262 0.997454096686774 0.4433148988457809 0.13855313282607384
3 3711 3585 3710 0.997454096686774 0.4433148988457809 0.13855313282607384
3 3586 3585 3711 0.997454096686774 0.4433148988457809 0.13855313282607384
3 2880 3115 2881 0.997454096686774 0.4433148988457809 0.13855313282607384
3 3667 3668 3444 0.997454096686774 0.4433148988457809 0.13855313282607384
3 3391 3668 3667 0.997454096686774 0.4433148988457809 0.13855313282607384
3 3116 3444 3117 0.997454096686774 0.4433148988457809 0.13855313282607384
3 3117 2881 3116 0.997454096686774 0.4433148988457809 0.13855313282607384
3 2881 3115 3116 0.997454096686774 0.4433148988457809 0.13855313282607384
3 3113 3441 3114 0.997454096686774 0.4433148988457809 0.13855313282607384
3 3115 2880 3114 0.997454096686774 0.4433148988457809 0.13855313282607384
3 3114 2879 3113 0.997454096686774 0.4433148988457809 0.13855313282607384
3 3114 2880 2879 0.997454096686774 0.4433148988457809 0.13855313282607384
3 3442 3114 3441 0.997454096686774 0.4433148988457809 0.13855313282607384
3 3115 3114 3442 0.997454096686774 0.4433148988457809 0.13855313282607384
3 3442 3102 3148 0.997454096686774 0.4433148988457809 0.13855313282607384
3 3442 3441 3102 0.997454096686774 0.4433148988457809 0.13855313282607384
3 3464 3690 3463 0.997454096686774 0.4433148988457809 0.13855313282607384
3 3462 3161 3463 0.997454096686774 0.4433148988457809 0.13855313282607384
3 3463 3161 3162 0.997454096686774 0.4433148988457809 0.13855313282607384
3 3162 3163 3463 0.997454096686774 0.4433148988457809 0.13855313282607384
3 3463 3163 3464 0.997454096686774 0.4433148988457809 0.13855313282607384
3 3691 3690 3464 0.997454096686774 0.4433148988457809 0.13855313282607384
3 3691 3466 3692 0.997454096686774 0.4433148988457809 0.13855313282607384
3 3526 3649 3525 0.997454096686774 0.4433148988457809 0.13855313282607384
3 3525 3524 3355 0.997454096686774 0.4433148988457809 0.13855313282607384
3 3523 3524 3373 0.997454096686774 0.4433148988457809 0.13855313282607384
3 3373 3372 3523 0.997454096686774 0.4433148988457809 0.13855313282607384
3 3524 3525 3373 0.997454096686774 0.4433148988457809 0.13855313282607384
3 3373 3648 3647 0.997454096686774 0.4433148988457809 0.13855313282607384
3 3647 3372 3373 0.997454096686774 0.4433148988457809 0.13855313282607384
3 3649 3648 3373 0.997454096686774 0.4433148988457809 0.13855313282607384
3 3373 3525 3649 0.997454096686774 0.4433148988457809 0.13855313282607384
3 3117 3444 3445 0.997454096686774 0.4433148988457809 0.13855313282607384
3 3445 3446 3117 0.997454096686774 0.4433148988457809 0.13855313282607384
3 3444 3668 3445 0.997454096686774 0.4433148988457809 0.13855313282607384
3 3445 3668 3669 0.997454096686774 0.4433148988457809 0.13855313282607384
3 3669 3446 3445 0.997454096686774 0.4433148988457809 0.13855313282607384
3 3543 3542 3447 0.997454096686774 0.4433148988457809 0.13855313282607384
3 3164 3542 3543 0.997454096686774 0.4433148988457809 0.13855313282607384
3 3541 3542 3164 0.997454096686774 0.4433148988457809 0.13855313282607384
3 3541 3163 3540 0.997454096686774 0.4433148988457809 0.13855313282607384
3 3164 3163 3541 0.997454096686774 0.4433148988457809 0.13855313282607384
3 3540 3117 3541 0.997454096686774 0.4433148988457809 0.13855313282607384
3 3117 3446 3541 0.997454096686774 0.4433148988457809 0.13855313282607384
3 3446 3542 3541 0.997454096686774 0.4433148988457809 0.13855313282607384
3 3649 3650 3670 0.997454096686774 0.4433148988457809 0.13855313282607384
3 3669 3649 3670 0.997454096686774 0.4433148988457809 0.13855313282607384
3 3670 3446 3669 0.997454096686774 0.4433148988457809 0.13855313282607384
3 3447 3446 3670 0.997454096686774 0.4433148988457809 0.13855313282607384
3 3714 3546 3671 0.997454096686774 0.4433148988457809 0.13855313282607384
3 3671 3650 3714 0.997454096686774 0.4433148988457809 0.13855313282607384
3 3545 3447 3671 0.997454096686774 0.4433148988457809 0.13855313282607384
3 3671 3546 3545 0.997454096686774 0.4433148988457809 0.13855313282607384
3 3447 3670 3671 0.997454096686774 0.4433148988457809 0.13855313282607384
3 3671 3670 3650 0.997454096686774 0.4433148988457809 0.13855313282607384
3 3590 2897 2898 0.997454096686774 0.4433148988457809 0.13855313282607384
3 3047 2899 2898 0.997454096686774 0.4433148988457809 0.13855313282607384
3 3046 3288 3047 0.997454096686774 0.4433148988457809 0.13855313282607384
3 3287 3288 3046 0.997454096686774 0.4433148988457809 0.13855313282607384
3 3047 2898 3046 0.997454096686774 0.4433148988457809 0.13855313282607384
3 3046 2898 2897 0.997454096686774 0.4433148988457809 0.13855313282607384
3 3045 3287 3046 0.997454096686774 0.4433148988457809 0.13855313282607384
3 3046 2897 3045 0.997454096686774 0.4433148988457809 0.13855313282607384
3 2801 2800 2642 0.997454096686774 0.4433148988457809 0.13855313282607384
3 2562 2800 2801 0.997454096686774 0.4433148988457809 0.13855313282607384
3 2642 3184 2801 0.997454096686774 0.4433148988457809 0.13855313282607384
3 2801 2643 2802 0.997454096686774 0.4433148988457809 0.13855313282607384
3 3184 2643 2801 0.997454096686774 0.4433148988457809 0.13855313282607384
3 2802 2563 2801 0.997454096686774 0.4433148988457809 0.13855313282607384
3 2563 2562 2801 0.997454096686774 0.4433148988457809 0.13855313282607384
3 2561 2562 2506 0.997454096686774 0.4433148988457809 0.13855313282607384
3 2506 2562 2507 0.997454096686774 0.4433148988457809 0.13855313282607384
3 2506 2507 3697 0.997454096686774 0.4433148988457809 0.13855313282607384
3 3697 3696 2506 0.997454096686774 0.4433148988457809 0.13855313282607384
3 2975 3695 2976 0.997454096686774 0.4433148988457809 0.13855313282607384
3 2976 3695 3696 0.997454096686774 0.4433148988457809 0.13855313282607384
3 2973 2224 2223 0.997454096686774 0.4433148988457809 0.13855313282607384
3 2650 2568 2700 0.997454096686774 0.4433148988457809 0.13855313282607384
3 2569 2568 2650 0.997454096686774 0.4433148988457809 0.13855313282607384
3 2700 2812 2650 0.997454096686774 0.4433148988457809 0.13855313282607384
3 2812 2701 2650 0.997454096686774 0.4433148988457809 0.13855313282607384
3 2650 2651 2569 0.997454096686774 0.4433148988457809 0.13855313282607384
3 2650 2701 2651 0.997454096686774 0.4433148988457809 0.13855313282607384
3 2569 3568 3567 0.997454096686774 0.4433148988457809 0.13855313282607384
3 3567 2568 2569 0.997454096686774 0.4433148988457809 0.13855313282607384
3 2811 2883 2884 0.997454096686774 0.4433148988457809 0.13855313282607384
3 2811 2812 2700 0.997454096686774 0.4433148988457809 0.13855313282607384
3 2811 2884 2812 0.997454096686774 0.4433148988457809 0.13855313282607384
3 2974 2973 3694 0.997454096686774 0.4433148988457809 0.13855313282607384
3 2974 3695 2975 0.997454096686774 0.4433148988457809 0.13855313282607384
3 3694 3695 2974 0.997454096686774 0.4433148988457809 0.13855313282607384
3 2702 2701 2813 0.997454096686774 0.4433148988457809 0.13855313282607384
3 2813 2885 2886 0.997454096686774 0.4433148988457809 0.13855313282607384
3 2812 2885 2813 0.997454096686774 0.4433148988457809 0.13855313282607384
3 2813 2701 2812 0.997454096686774 0.4433148988457809 0.13855313282607384
3 2886 2814 2813 0.997454096686774 0.4433148988457809 0.13855313282607384
3 2814 2702 2813 0.997454096686774 0.4433148988457809 0.13855313282607384
3 3304 2836 2837 0.997454096686774 0.4433148988457809 0.13855313282607384
3 2837 3592 2838 0.997454096686774 0.4433148988457809 0.13855313282607384
3 2837 2838 3305 0.997454096686774 0.4433148988457809 0.13855313282607384
3 3305 3304 2837 0.997454096686774 0.4433148988457809 0.13855313282607384
3 3591 2836 3590 0.997454096686774 0.4433148988457809 0.13855313282607384
3 3590 2898 3591 0.997454096686774 0.4433148988457809 0.13855313282607384
3 3591 2898 2899 0.997454096686774 0.4433148988457809 0.13855313282607384
3 3591 2899 3592 0.997454096686774 0.4433148988457809 0.13855313282607384
3 3592 2837 3591 0.997454096686774 0.4433148988457809 0.13855313282607384
3 3591 2837 2836 0.997454096686774 0.4433148988457809 0.13855313282607384
3 2938 3237 2358 0.997454096686774 0.4433148988457809 0.13855313282607384
3 2938 2352 2353 0.997454096686774 0.4433148988457809 0.13855313282607384
3 2938 2353 2939 0.997454096686774 0.4433148988457809 0.13855313282607384
3 2939 3237 2938 0.997454096686774 0.4433148988457809 0.13855313282607384
3 2358 2937 2938 0.997454096686774 0.4433148988457809 0.13855313282607384
3 2937 2352 2938 0.997454096686774 0.4433148988457809 0.13855313282607384
3 2953 3237 3238 0.997454096686774 0.4433148988457809 0.13855313282607384
3 3238 2954 2953 0.997454096686774 0.4433148988457809 0.13855313282607384
3 2953 3417 2439 0.997454096686774 0.4433148988457809 0.13855313282607384
3 2953 2954 3417 0.997454096686774 0.4433148988457809 0.13855313282607384
3 2516 2431 2515 0.997454096686774 0.4433148988457809 0.13855313282607384
3 2516 2683 2684 0.997454096686774 0.4433148988457809 0.13855313282607384
3 2515 2683 2516 0.997454096686774 0.4433148988457809 0.13855313282607384
3 2684 2517 2516 0.997454096686774 0.4433148988457809 0.13855313282607384
3 3232 2269 2354 0.997454096686774 0.4433148988457809 0.13855313282607384
3 3232 2390 2269 0.997454096686774 0.4433148988457809 0.13855313282607384
3 2434 2390 2948 0.997454096686774 0.4433148988457809 0.13855313282607384
3 2390 3232 2948 0.997454096686774 0.4433148988457809 0.13855313282607384
3 2947 2433 2271 0.997454096686774 0.4433148988457809 0.13855313282607384
3 2947 2271 2270 0.997454096686774 0.4433148988457809 0.13855313282607384
3 2270 2390 2947 0.997454096686774 0.4433148988457809 0.13855313282607384
3 2947 2390 2434 0.997454096686774 0.4433148988457809 0.13855313282607384
3 3410 2433 2587 0.997454096686774 0.4433148988457809 0.13855313282607384
3 2586 2273 3410 0.997454096686774 0.4433148988457809 0.13855313282607384
3 2273 2272 3410 0.997454096686774 0.4433148988457809 0.13855313282607384
3 2272 2433 3410 0.997454096686774 0.4433148988457809 0.13855313282607384
3 3410 3074 2586 0.997454096686774 0.4433148988457809 0.13855313282607384
3 2587 3074 3410 0.997454096686774 0.4433148988457809 0.13855313282607384
3 2592 3416 3080 0.997454096686774 0.4433148988457809 0.13855313282607384
3 3080 2601 2592 0.997454096686774 0.4433148988457809 0.13855313282607384
3 2592 2601 3079 0.997454096686774 0.4433148988457809 0.13855313282607384
3 3079 3415 2592 0.997454096686774 0.4433148988457809 0.13855313282607384
3 2438 3416 2592 0.997454096686774 0.4433148988457809 0.13855313282607384
3 2592 3415 2438 0.997454096686774 0.4433148988457809 0.13855313282607384
3 3079 2601 2524 0.997454096686774 0.4433148988457809 0.13855313282607384
3 2524 2601 3379 0.997454096686774 0.4433148988457809 0.13855313282607384
3 3078 3414 2591 0.997454096686774 0.4433148988457809 0.13855313282607384
3 2523 3378 2530 0.997454096686774 0.4433148988457809 0.13855313282607384
3 2530 3377 2523 0.997454096686774 0.4433148988457809 0.13855313282607384
3 3413 2949 2436 0.997454096686774 0.4433148988457809 0.13855313282607384
3 2435 2949 3413 0.997454096686774 0.4433148988457809 0.13855313282607384
3 2961 2396 2441 0.997454096686774 0.4433148988457809 0.13855313282607384
3 2441 2396 2960 0.997454096686774 0.4433148988457809 0.13855313282607384
3 3376 2528 2521 0.997454096686774 0.4433148988457809 0.13855313282607384
3 2987 2527 3375 0.997454096686774 0.4433148988457809 0.13855313282607384
3 3375 2528 2987 0.997454096686774 0.4433148988457809 0.13855313282607384
3 2527 2520 3375 0.997454096686774 0.4433148988457809 0.13855313282607384
3 3375 2520 2597 0.997454096686774 0.4433148988457809 0.13855313282607384
3 2597 2521 3375 0.997454096686774 0.4433148988457809 0.13855313282607384
3 3375 2521 2528 0.997454096686774 0.4433148988457809 0.13855313282607384
3 3075 2588 2597 0.997454096686774 0.4433148988457809 0.13855313282607384
3 2597 2520 3075 0.997454096686774 0.4433148988457809 0.13855313282607384
3 2587 2433 3411 0.997454096686774 0.4433148988457809 0.13855313282607384
3 3411 3075 2587 0.997454096686774 0.4433148988457809 0.13855313282607384
3 2588 3075 3411 0.997454096686774 0.4433148988457809 0.13855313282607384
3 2434 2588 3411 0.997454096686774 0.4433148988457809 0.13855313282607384
3 3411 2947 2434 0.997454096686774 0.4433148988457809 0.13855313282607384
3 2433 2947 3411 0.997454096686774 0.4433148988457809 0.13855313282607384
3 2596 2520 3374 0.997454096686774 0.4433148988457809 0.13855313282607384
3 3374 2519 2596 0.997454096686774 0.4433148988457809 0.13855313282607384
3 2519 3074 2596 0.997454096686774 0.4433148988457809 0.13855313282607384
3 2596 3075 2520 0.997454096686774 0.4433148988457809 0.13855313282607384
3 2596 3074 2587 0.997454096686774 0.4433148988457809 0.13855313282607384
3 2587 3075 2596 0.997454096686774 0.4433148988457809 0.13855313282607384
3 3235 2393 2356 0.997454096686774 0.4433148988457809 0.13855313282607384
3 2356 2936 3235 0.997454096686774 0.4433148988457809 0.13855313282607384
3 3235 2936 2357 0.997454096686774 0.4433148988457809 0.13855313282607384
3 2951 2393 3235 0.997454096686774 0.4433148988457809 0.13855313282607384
3 2437 2393 2951 0.997454096686774 0.4433148988457809 0.13855313282607384
3 2951 3415 2437 0.997454096686774 0.4433148988457809 0.13855313282607384
3 2591 3414 2437 0.997454096686774 0.4433148988457809 0.13855313282607384
3 2437 3415 2591 0.997454096686774 0.4433148988457809 0.13855313282607384
3 2392 3234 2950 0.997454096686774 0.4433148988457809 0.13855313282607384
3 3234 2393 2950 0.997454096686774 0.4433148988457809 0.13855313282607384
3 2436 2392 2950 0.997454096686774 0.4433148988457809 0.13855313282607384
3 2393 2437 2950 0.997454096686774 0.4433148988457809 0.13855313282607384
3 2950 3414 2436 0.997454096686774 0.4433148988457809 0.13855313282607384
3 2950 2437 3414 0.997454096686774 0.4433148988457809 0.13855313282607384
3 2450 2790 2411 0.997454096686774 0.4433148988457809 0.13855313282607384
3 2411 2791 2450 0.997454096686774 0.4433148988457809 0.13855313282607384
3 3090 3091 2411 0.997454096686774 0.4433148988457809 0.13855313282607384
3 2411 2412 2791 0.997454096686774 0.4433148988457809 0.13855313282607384
3 2411 3091 2412 0.997454096686774 0.4433148988457809 0.13855313282607384
3 2410 3090 2411 0.997454096686774 0.4433148988457809 0.13855313282607384
3 2411 2790 2410 0.997454096686774 0.4433148988457809 0.13855313282607384
3 2338 3430 2604 0.997454096686774 0.4433148988457809 0.13855313282607384
3 3430 2339 2604 0.997454096686774 0.4433148988457809 0.13855313282607384
3 2307 2306 2604 0.997454096686774 0.4433148988457809 0.13855313282607384
3 2306 2338 2604 0.997454096686774 0.4433148988457809 0.13855313282607384
3 2604 2345 2307 0.997454096686774 0.4433148988457809 0.13855313282607384
3 2605 2345 2604 0.997454096686774 0.4433148988457809 0.13855313282607384
3 2604 2339 2605 0.997454096686774 0.4433148988457809 0.13855313282607384
3 2403 2398 2860 0.997454096686774 0.4433148988457809 0.13855313282607384
3 2860 2404 2403 0.997454096686774 0.4433148988457809 0.13855313282607384
3 2360 3652 3653 0.997454096686774 0.4433148988457809 0.13855313282607384
3 3652 2404 3653 0.997454096686774 0.4433148988457809 0.13855313282607384
3 2409 2374 3089 0.997454096686774 0.4433148988457809 0.13855313282607384
3 2374 2375 3089 0.997454096686774 0.4433148988457809 0.13855313282607384
3 3089 2789 2409 0.997454096686774 0.4433148988457809 0.13855313282607384
3 2410 2789 3089 0.997454096686774 0.4433148988457809 0.13855313282607384
3 3089 3090 2410 0.997454096686774 0.4433148988457809 0.13855313282607384
3 3089 2375 3090 0.997454096686774 0.4433148988457809 0.13855313282607384
3 2498 3395 3122 0.997454096686774 0.4433148988457809 0.13855313282607384
3 2327 2489 3029 0.997454096686774 0.4433148988457809 0.13855313282607384
3 3029 2328 2327 0.997454096686774 0.4433148988457809 0.13855313282607384
3 3393 2496 3029 0.997454096686774 0.4433148988457809 0.13855313282607384
3 2496 2328 3029 0.997454096686774 0.4433148988457809 0.13855313282607384
3 2490 3673 3031 0.997454096686774 0.4433148988457809 0.13855313282607384
3 3673 2491 3031 0.997454096686774 0.4433148988457809 0.13855313282607384
3 3031 2491 2499 0.997454096686774 0.4433148988457809 0.13855313282607384
3 2499 2555 3031 0.997454096686774 0.4433148988457809 0.13855313282607384
3 2555 3395 3031 0.997454096686774 0.4433148988457809 0.13855313282607384
3 3031 2498 2490 0.997454096686774 0.4433148988457809 0.13855313282607384
3 3395 2498 3031 0.997454096686774 0.4433148988457809 0.13855313282607384
3 3035 3677 2495 0.997454096686774 0.4433148988457809 0.13855313282607384
3 3035 2494 3677 0.997454096686774 0.4433148988457809 0.13855313282607384
3 3035 2495 3400 0.997454096686774 0.4433148988457809 0.13855313282607384
3 3399 2494 3035 0.997454096686774 0.4433148988457809 0.13855313282607384
3 3400 3127 3035 0.997454096686774 0.4433148988457809 0.13855313282607384
3 3035 3127 3399 0.997454096686774 0.4433148988457809 0.13855313282607384
3 3206 2666 3205 0.997454096686774 0.4433148988457809 0.13855313282607384
3 3205 2585 3206 0.997454096686774 0.4433148988457809 0.13855313282607384
3 2667 2666 3206 0.997454096686774 0.4433148988457809 0.13855313282607384
3 3206 3207 2667 0.997454096686774 0.4433148988457809 0.13855313282607384
3 3206 3576 3207 0.997454096686774 0.4433148988457809 0.13855313282607384
3 3206 2585 3576 0.997454096686774 0.4433148988457809 0.13855313282607384
3 2889 2890 2817 0.997454096686774 0.4433148988457809 0.13855313282607384
3 2889 2817 2816 0.997454096686774 0.4433148988457809 0.13855313282607384
3 2889 2816 2888 0.997454096686774 0.4433148988457809 0.13855313282607384
3 2888 3273 2889 0.997454096686774 0.4433148988457809 0.13855313282607384
3 2656 2657 2575 0.997454096686774 0.4433148988457809 0.13855313282607384
3 2575 2574 2656 0.997454096686774 0.4433148988457809 0.13855313282607384
3 2657 2656 2707 0.997454096686774 0.4433148988457809 0.13855313282607384
3 2707 2656 2706 0.997454096686774 0.4433148988457809 0.13855313282607384
3 2707 2708 2657 0.997454096686774 0.4433148988457809 0.13855313282607384
3 2707 2819 2708 0.997454096686774 0.4433148988457809 0.13855313282607384
3 2817 2890 2818 0.997454096686774 0.4433148988457809 0.13855313282607384
3 2818 2706 2817 0.997454096686774 0.4433148988457809 0.13855313282607384
3 2818 2707 2706 0.997454096686774 0.4433148988457809 0.13855313282607384
3 2819 2707 2818 0.997454096686774 0.4433148988457809 0.13855313282607384
3 2891 2819 2818 0.997454096686774 0.4433148988457809 0.13855313282607384
3 2818 2890 2891 0.997454096686774 0.4433148988457809 0.13855313282607384
3 3575 2585 2584 0.997454096686774 0.4433148988457809 0.13855313282607384
3 2584 3574 3575 0.997454096686774 0.4433148988457809 0.13855313282607384
3 2658 3576 3575 0.997454096686774 0.4433148988457809 0.13855313282607384
3 3576 2585 3575 0.997454096686774 0.4433148988457809 0.13855313282607384
3 2981 3275 3274 0.997454096686774 0.4433148988457809 0.13855313282607384
3 3274 3275 2890 0.997454096686774 0.4433148988457809 0.13855313282607384
3 3274 3273 2981 0.997454096686774 0.4433148988457809 0.13855313282607384
3 3274 2889 3273 0.997454096686774 0.4433148988457809 0.13855313282607384
3 2890 2889 3274 0.997454096686774 0.4433148988457809 0.13855313282607384
3 2637 3554 3189 0.997454096686774 0.4433148988457809 0.13855313282607384
3 3189 2647 2637 0.997454096686774 0.4433148988457809 0.13855313282607384
3 2637 2647 3123 0.997454096686774 0.4433148988457809 0.13855313282607384
3 2637 2556 3554 0.997454096686774 0.4433148988457809 0.13855313282607384
3 3123 3396 2637 0.997454096686774 0.4433148988457809 0.13855313282607384
3 3396 2556 2637 0.997454096686774 0.4433148988457809 0.13855313282607384
3 2557 2638 3397 0.997454096686774 0.4433148988457809 0.13855313282607384
3 2501 3125 2557 0.997454096686774 0.4433148988457809 0.13855313282607384
3 3125 3555 2557 0.997454096686774 0.4433148988457809 0.13855313282607384
3 3555 2638 2557 0.997454096686774 0.4433148988457809 0.13855313282607384
3 2557 3033 2501 0.997454096686774 0.4433148988457809 0.13855313282607384
3 3397 3033 2557 0.997454096686774 0.4433148988457809 0.13855313282607384
3 2809 3557 3176 0.997454096686774 0.4433148988457809 0.13855313282607384
3 2809 3556 3557 0.997454096686774 0.4433148988457809 0.13855313282607384
3 3176 3705 2809 0.997454096686774 0.4433148988457809 0.13855313282607384
3 2809 3705 2985 0.997454096686774 0.4433148988457809 0.13855313282607384
3 2985 3704 2809 0.997454096686774 0.4433148988457809 0.13855313282607384
3 3126 2502 3399 0.997454096686774 0.4433148988457809 0.13855313282607384
3 3399 3557 3126 0.997454096686774 0.4433148988457809 0.13855313282607384
3 3557 3556 3126 0.997454096686774 0.4433148988457809 0.13855313282607384
3 2558 3126 3556 0.997454096686774 0.4433148988457809 0.13855313282607384
3 2502 3126 2558 0.997454096686774 0.4433148988457809 0.13855313282607384
3 2558 3398 3034 0.997454096686774 0.4433148988457809 0.13855313282607384
3 3034 2502 2558 0.997454096686774 0.4433148988457809 0.13855313282607384
3 3556 2809 3191 0.997454096686774 0.4433148988457809 0.13855313282607384
3 3704 2808 3191 0.997454096686774 0.4433148988457809 0.13855313282607384
3 3191 2809 3704 0.997454096686774 0.4433148988457809 0.13855313282607384
3 2704 2705 2654 0.997454096686774 0.4433148988457809 0.13855313282607384
3 2573 2572 2654 0.997454096686774 0.4433148988457809 0.13855313282607384
3 2653 2704 2654 0.997454096686774 0.4433148988457809 0.13855313282607384
3 2654 2572 2653 0.997454096686774 0.4433148988457809 0.13855313282607384
3 2655 2574 2573 0.997454096686774 0.4433148988457809 0.13855313282607384
3 2573 2654 2655 0.997454096686774 0.4433148988457809 0.13855313282607384
3 2655 2654 2705 0.997454096686774 0.4433148988457809 0.13855313282607384
3 2655 2705 2706 0.997454096686774 0.4433148988457809 0.13855313282607384
3 2655 2656 2574 0.997454096686774 0.4433148988457809 0.13855313282607384
3 2706 2656 2655 0.997454096686774 0.4433148988457809 0.13855313282607384
3 2573 2574 3572 0.997454096686774 0.4433148988457809 0.13855313282607384
3 3572 2582 2581 0.997454096686774 0.4433148988457809 0.13855313282607384
3 3572 2581 3571 0.997454096686774 0.4433148988457809 0.13855313282607384
3 3571 2573 3572 0.997454096686774 0.4433148988457809 0.13855313282607384
3 2583 3574 2584 0.997454096686774 0.4433148988457809 0.13855313282607384
3 2584 3204 2583 0.997454096686774 0.4433148988457809 0.13855313282607384
3 3203 2582 2583 0.997454096686774 0.4433148988457809 0.13855313282607384
3 2583 3204 3203 0.997454096686774 0.4433148988457809 0.13855313282607384
3 2992 2964 2444 0.997454096686774 0.4433148988457809 0.13855313282607384
3 2770 3138 3137 0.997454096686774 0.4433148988457809 0.13855313282607384
3 3137 2368 2770 0.997454096686774 0.4433148988457809 0.13855313282607384
3 3137 3138 2373 0.997454096686774 0.4433148988457809 0.13855313282607384
3 2373 2372 3137 0.997454096686774 0.4433148988457809 0.13855313282607384
3 2401 2863 2406 0.997454096686774 0.4433148988457809 0.13855313282607384
3 3086 2999 3386 0.997454096686774 0.4433148988457809 0.13855313282607384
3 3086 3387 2999 0.997454096686774 0.4433148988457809 0.13855313282607384
3 3386 3085 3086 0.997454096686774 0.4433148988457809 0.13855313282607384
3 3086 3085 3422 0.997454096686774 0.4433148988457809 0.13855313282607384
3 3086 3422 2959 0.997454096686774 0.4433148988457809 0.13855313282607384
3 3389 3388 3425 0.997454096686774 0.4433148988457809 0.13855313282607384
3 3425 3426 3389 0.997454096686774 0.4433148988457809 0.13855313282607384
3 3000 3663 2972 0.997454096686774 0.4433148988457809 0.13855313282607384
3 2972 3387 3000 0.997454096686774 0.4433148988457809 0.13855313282607384
3 3000 3387 3087 0.997454096686774 0.4433148988457809 0.13855313282607384
3 3087 3388 3000 0.997454096686774 0.4433148988457809 0.13855313282607384
3 2972 3663 3662 0.997454096686774 0.4433148988457809 0.13855313282607384
3 3662 3663 3144 0.997454096686774 0.4433148988457809 0.13855313282607384
3 2773 3660 2774 0.997454096686774 0.4433148988457809 0.13855313282607384
3 2774 3660 3661 0.997454096686774 0.4433148988457809 0.13855313282607384
3 2774 2775 3142 0.997454096686774 0.4433148988457809 0.13855313282607384
3 3661 2775 2774 0.997454096686774 0.4433148988457809 0.13855313282607384
3 3385 2998 2970 0.997454096686774 0.4433148988457809 0.13855313282607384
3 2970 2998 2868 0.997454096686774 0.4433148988457809 0.13855313282607384
3 2868 3660 2867 0.997454096686774 0.4433148988457809 0.13855313282607384
3 2867 2970 2868 0.997454096686774 0.4433148988457809 0.13855313282607384
3 2865 3658 3657 0.997454096686774 0.4433148988457809 0.13855313282607384
3 2864 2967 2865 0.997454096686774 0.4433148988457809 0.13855313282607384
3 2865 3657 2864 0.997454096686774 0.4433148988457809 0.13855313282607384
3 2772 3139 2771 0.997454096686774 0.4433148988457809 0.13855313282607384
3 2771 3658 2772 0.997454096686774 0.4433148988457809 0.13855313282607384
3 3197 3562 3406 0.997454096686774 0.4433148988457809 0.13855313282607384
3 3406 3563 3197 0.997454096686774 0.4433148988457809 0.13855313282607384
3 3407 3563 3406 0.997454096686774 0.4433148988457809 0.13855313282607384
3 3560 3707 3194 0.997454096686774 0.4433148988457809 0.13855313282607384
3 3707 3706 3194 0.997454096686774 0.4433148988457809 0.13855313282607384
3 3706 3559 3194 0.997454096686774 0.4433148988457809 0.13855313282607384
3 3404 3560 3130 0.997454096686774 0.4433148988457809 0.13855313282607384
3 3130 3403 3404 0.997454096686774 0.4433148988457809 0.13855313282607384
3 3560 3194 3130 0.997454096686774 0.4433148988457809 0.13855313282607384
3 3130 3194 3559 0.997454096686774 0.4433148988457809 0.13855313282607384
3 3405 3131 3404 0.997454096686774 0.4433148988457809 0.13855313282607384
3 3561 3131 3405 0.997454096686774 0.4433148988457809 0.13855313282607384
3 3132 3196 3405 0.997454096686774 0.4433148988457809 0.13855313282607384
3 3405 3196 3561 0.997454096686774 0.4433148988457809 0.13855313282607384
3 3025 3024 3257 0.997454096686774 0.4433148988457809 0.13855313282607384
3 3023 3682 3681 0.997454096686774 0.4433148988457809 0.13855313282607384
3 3024 3682 3023 0.997454096686774 0.4433148988457809 0.13855313282607384
3 2908 3357 3356 0.997454096686774 0.4433148988457809 0.13855313282607384
3 2257 2255 3356 0.997454096686774 0.4433148988457809 0.13855313282607384
3 2255 2908 3356 0.997454096686774 0.4433148988457809 0.13855313282607384
3 3356 3357 3058 0.997454096686774 0.4433148988457809 0.13855313282607384
3 3356 2259 2257 0.997454096686774 0.4433148988457809 0.13855313282607384
3 3356 3058 2259 0.997454096686774 0.4433148988457809 0.13855313282607384
3 2733 3609 2732 0.997454096686774 0.4433148988457809 0.13855313282607384
3 3217 2734 2733 0.997454096686774 0.4433148988457809 0.13855313282607384
3 3610 3609 2733 0.997454096686774 0.4433148988457809 0.13855313282607384
3 2733 2734 3610 0.997454096686774 0.4433148988457809 0.13855313282607384
3 2733 3216 3217 0.997454096686774 0.4433148988457809 0.13855313282607384
3 2733 2732 3216 0.997454096686774 0.4433148988457809 0.13855313282607384
3 2736 3612 2735 0.997454096686774 0.4433148988457809 0.13855313282607384
3 2736 3220 2737 0.997454096686774 0.4433148988457809 0.13855313282607384
3 2736 2737 3613 0.997454096686774 0.4433148988457809 0.13855313282607384
3 3613 3612 2736 0.997454096686774 0.4433148988457809 0.13855313282607384
3 2736 2735 3219 0.997454096686774 0.4433148988457809 0.13855313282607384
3 3219 3220 2736 0.997454096686774 0.4433148988457809 0.13855313282607384
3 3329 2677 3328 0.997454096686774 0.4433148988457809 0.13855313282607384
3 2719 2718 3311 0.997454096686774 0.4433148988457809 0.13855313282607384
3 2730 3329 3328 0.997454096686774 0.4433148988457809 0.13855313282607384
3 3315 3499 3498 0.997454096686774 0.4433148988457809 0.13855313282607384
3 3604 3317 3603 0.997454096686774 0.4433148988457809 0.13855313282607384
3 3603 3300 3604 0.997454096686774 0.4433148988457809 0.13855313282607384
3 3316 3499 3315 0.997454096686774 0.4433148988457809 0.13855313282607384
3 3315 3603 3316 0.997454096686774 0.4433148988457809 0.13855313282607384
3 3316 3603 3317 0.997454096686774 0.4433148988457809 0.13855313282607384
3 3315 3498 3314 0.997454096686774 0.4433148988457809 0.13855313282607384
3 3314 3498 3497 0.997454096686774 0.4433148988457809 0.13855313282607384
3 3331 3224 2678 0.997454096686774 0.4433148988457809 0.13855313282607384
3 2677 3329 2678 0.997454096686774 0.4433148988457809 0.13855313282607384
3 2678 3223 2677 0.997454096686774 0.4433148988457809 0.13855313282607384
3 2678 3224 3223 0.997454096686774 0.4433148988457809 0.13855313282607384
3 2737 3220 3221 0.997454096686774 0.4433148988457809 0.13855313282607384
3 3221 2676 3222 0.997454096686774 0.4433148988457809 0.13855313282607384
3 2675 2676 3221 0.997454096686774 0.4433148988457809 0.13855313282607384
3 3221 3220 2675 0.997454096686774 0.4433148988457809 0.13855313282607384
3 2751 3345 2750 0.997454096686774 0.4433148988457809 0.13855313282607384
3 2750 3617 2751 0.997454096686774 0.4433148988457809 0.13855313282607384
3 3346 2853 3345 0.997454096686774 0.4433148988457809 0.13855313282607384
3 3345 2751 3346 0.997454096686774 0.4433148988457809 0.13855313282607384
3 2741 3224 3225 0.997454096686774 0.4433148988457809 0.13855313282607384
3 3225 2742 2741 0.997454096686774 0.4433148988457809 0.13855313282607384
3 3618 2751 3617 0.997454096686774 0.4433148988457809 0.13855313282607384
3 3617 2741 3618 0.997454096686774 0.4433148988457809 0.13855313282607384
3 3618 2741 2742 0.997454096686774 0.4433148988457809 0.13855313282607384
3 2747 2746 3613 0.997454096686774 0.4433148988457809 0.13855313282607384
3 3613 3614 2747 0.997454096686774 0.4433148988457809 0.13855313282607384
3 3614 2748 2747 0.997454096686774 0.4433148988457809 0.13855313282607384
3 3341 2746 2747 0.997454096686774 0.4433148988457809 0.13855313282607384
3 2747 3342 3341 0.997454096686774 0.4433148988457809 0.13855313282607384
3 2747 2748 3342 0.997454096686774 0.4433148988457809 0.13855313282607384
3 2738 3614 2737 0.997454096686774 0.4433148988457809 0.13855313282607384
3 2738 3222 2739 0.997454096686774 0.4433148988457809 0.13855313282607384
3 2739 3615 2738 0.997454096686774 0.4433148988457809 0.13855313282607384
3 3615 3614 2738 0.997454096686774 0.4433148988457809 0.13855313282607384
3 2738 3221 3222 0.997454096686774 0.4433148988457809 0.13855313282607384
3 2737 3221 2738 0.997454096686774 0.4433148988457809 0.13855313282607384
3 3615 3616 2749 0.997454096686774 0.4433148988457809 0.13855313282607384
3 2749 2748 3615 0.997454096686774 0.4433148988457809 0.13855313282607384
3 2749 3616 2750 0.997454096686774 0.4433148988457809 0.13855313282607384
3 2750 3344 2749 0.997454096686774 0.4433148988457809 0.13855313282607384
3 2749 3344 3343 0.997454096686774 0.4433148988457809 0.13855313282607384
3 3343 2748 2749 0.997454096686774 0.4433148988457809 0.13855313282607384
3 3071 3368 3369 0.997454096686774 0.4433148988457809 0.13855313282607384
3 3369 3072 3071 0.997454096686774 0.4433148988457809 0.13855313282607384
3 3370 3072 3369 0.997454096686774 0.4433148988457809 0.13855313282607384
3 3517 2857 3518 0.997454096686774 0.4433148988457809 0.13855313282607384
3 2857 3519 3518 0.997454096686774 0.4433148988457809 0.13855313282607384
3 3371 3521 3522 0.997454096686774 0.4433148988457809 0.13855313282607384
3 3523 3372 3522 0.997454096686774 0.4433148988457809 0.13855313282607384
3 3522 3372 3371 0.997454096686774 0.4433148988457809 0.13855313282607384
3 3522 3521 3353 0.997454096686774 0.4433148988457809 0.13855313282607384
3 3353 3354 3522 0.997454096686774 0.4433148988457809 0.13855313282607384
3 3522 3354 3523 0.997454096686774 0.4433148988457809 0.13855313282607384
3 3353 3521 3352 0.997454096686774 0.4433148988457809 0.13855313282607384
3 3352 3624 3353 0.997454096686774 0.4433148988457809 0.13855313282607384
3 3349 2856 3348 0.997454096686774 0.4433148988457809 0.13855313282607384
3 2753 3349 3348 0.997454096686774 0.4433148988457809 0.13855313282607384
3 3348 3347 2753 0.997454096686774 0.4433148988457809 0.13855313282607384
3 2855 3347 3348 0.997454096686774 0.4433148988457809 0.13855313282607384
3 3348 2856 2855 0.997454096686774 0.4433148988457809 0.13855313282607384
3 3351 3350 3622 0.997454096686774 0.4433148988457809 0.13855313282607384
3 2682 2514 2681 0.997454096686774 0.4433148988457809 0.13855313282607384
3 2757 2683 2682 0.997454096686774 0.4433148988457809 0.13855313282607384
3 2515 2514 2682 0.997454096686774 0.4433148988457809 0.13855313282607384
3 2682 2683 2515 0.997454096686774 0.4433148988457809 0.13855313282607384
3 2682 2756 2757 0.997454096686774 0.4433148988457809 0.13855313282607384
3 2682 2681 2756 0.997454096686774 0.4433148988457809 0.13855313282607384
3 3365 3068 3067 0.997454096686774 0.4433148988457809 0.13855313282607384
3 2916 2917 3365 0.997454096686774 0.4433148988457809 0.13855313282607384
3 2429 2430 2388 0.997454096686774 0.4433148988457809 0.13855313282607384
3 3634 2387 2388 0.997454096686774 0.4433148988457809 0.13855313282607384
3 2387 2429 2388 0.997454096686774 0.4433148988457809 0.13855313282607384
3 2388 3635 3634 0.997454096686774 0.4433148988457809 0.13855313282607384
3 2389 3635 2388 0.997454096686774 0.4433148988457809 0.13855313282607384
3 2388 2430 2389 0.997454096686774 0.4433148988457809 0.13855313282607384
3 3060 2923 3059 0.997454096686774 0.4433148988457809 0.13855313282607384
3 3059 3358 3060 0.997454096686774 0.4433148988457809 0.13855313282607384
3 3060 3358 3359 0.997454096686774 0.4433148988457809 0.13855313282607384
3 3359 3061 3060 0.997454096686774 0.4433148988457809 0.13855313282607384
3 2924 3060 3061 0.997454096686774 0.4433148988457809 0.13855313282607384
3 2923 3060 2924 0.997454096686774 0.4433148988457809 0.13855313282607384
3 2924 2758 2757 0.997454096686774 0.4433148988457809 0.13855313282607384
3 2757 2923 2924 0.997454096686774 0.4433148988457809 0.13855313282607384
3 3646 3427 3248 0.997454096686774 0.4433148988457809 0.13855313282607384
3 3248 3427 3426 0.997454096686774 0.4433148988457809 0.13855313282607384
3 3645 3646 3248 0.997454096686774 0.4433148988457809 0.13855313282607384
3 3247 3645 3248 0.997454096686774 0.4433148988457809 0.13855313282607384
3 3248 3426 3247 0.997454096686774 0.4433148988457809 0.13855313282607384
3 2931 3068 2932 0.997454096686774 0.4433148988457809 0.13855313282607384
3 2932 2764 2931 0.997454096686774 0.4433148988457809 0.13855313282607384
3 3067 3068 2931 0.997454096686774 0.4433148988457809 0.13855313282607384
3 3637 3636 2432 0.997454096686774 0.4433148988457809 0.13855313282607384
3 3636 2431 2432 0.997454096686774 0.4433148988457809 0.13855313282607384
3 2517 2518 2432 0.997454096686774 0.4433148988457809 0.13855313282607384
3 2431 2516 2432 0.997454096686774 0.4433148988457809 0.13855313282607384
3 2432 2516 2517 0.997454096686774 0.4433148988457809 0.13855313282607384
3 3243 3242 2944 0.997454096686774 0.4433148988457809 0.13855313282607384
3 2944 2945 3243 0.997454096686774 0.4433148988457809 0.13855313282607384
3 3245 2946 3642 0.997454096686774 0.4433148988457809 0.13855313282607384
3 3642 3643 3245 0.997454096686774 0.4433148988457809 0.13855313282607384
3 2932 3643 3642 0.997454096686774 0.4433148988457809 0.13855313282607384
3 3642 2764 2932 0.997454096686774 0.4433148988457809 0.13855313282607384
3 2684 2758 2759 0.997454096686774 0.4433148988457809 0.13855313282607384
3 2759 2685 2684 0.997454096686774 0.4433148988457809 0.13855313282607384
3 2685 2759 2760 0.997454096686774 0.4433148988457809 0.13855313282607384
3 2926 2927 2760 0.997454096686774 0.4433148988457809 0.13855313282607384
3 2760 2759 2926 0.997454096686774 0.4433148988457809 0.13855313282607384
3 3505 3607 3506 0.997454096686774 0.4433148988457809 0.13855313282607384
3 3607 3587 3506 0.997454096686774 0.4433148988457809 0.13855313282607384
3 3506 3337 3505 0.997454096686774 0.4433148988457809 0.13855313282607384
3 3626 3337 3506 0.997454096686774 0.4433148988457809 0.13855313282607384
3 3230 3335 3336 0.997454096686774 0.4433148988457809 0.13855313282607384
3 3336 3231 3230 0.997454096686774 0.4433148988457809 0.13855313282607384
3 3336 3337 3231 0.997454096686774 0.4433148988457809 0.13855313282607384
3 3504 3337 3336 0.997454096686774 0.4433148988457809 0.13855313282607384
3 3336 3503 3504 0.997454096686774 0.4433148988457809 0.13855313282607384
3 3336 3335 3503 0.997454096686774 0.4433148988457809 0.13855313282607384
3 3583 3584 3214 0.997454096686774 0.4433148988457809 0.13855313282607384
3 3584 3483 3214 0.997454096686774 0.4433148988457809 0.13855313282607384
3 3214 3483 3482 0.997454096686774 0.4433148988457809 0.13855313282607384
3 3482 3213 3214 0.997454096686774 0.4433148988457809 0.13855313282607384
3 3214 3213 3583 0.997454096686774 0.4433148988457809 0.13855313282607384
3 3606 3485 3486 0.997454096686774 0.4433148988457809 0.13855313282607384
3 3486 3607 3606 0.997454096686774 0.4433148988457809 0.13855313282607384
3 3504 3319 3606 0.997454096686774 0.4433148988457809 0.13855313282607384
3 3606 3505 3504 0.997454096686774 0.4433148988457809 0.13855313282607384
3 3606 3607 3505 0.997454096686774 0.4433148988457809 0.13855313282607384
3 3319 3318 3605 0.997454096686774 0.4433148988457809 0.13855313282607384
3 3605 3606 3319 0.997454096686774 0.4433148988457809 0.13855313282607384
3 3485 3606 3605 0.997454096686774 0.4433148988457809 0.13855313282607384
3 3605 3318 3604 0.997454096686774 0.4433148988457809 0.13855313282607384
3 2845 3599 3600 0.997454096686774 0.4433148988457809 0.13855313282607384
3 3056 3057 3600 0.997454096686774 0.4433148988457809 0.13855313282607384
3 3057 3601 3600 0.997454096686774 0.4433148988457809 0.13855313282607384
3 2844 3599 2845 0.997454096686774 0.4433148988457809 0.13855313282607384
3 2844 3311 2843 0.997454096686774 0.4433148988457809 0.13855313282607384
3 2843 3598 2844 0.997454096686774 0.4433148988457809 0.13855313282607384
3 2844 3598 3599 0.997454096686774 0.4433148988457809 0.13855313282607384
3 2907 3055 3056 0.997454096686774 0.4433148988457809 0.13855313282607384
3 3056 3600 2907 0.997454096686774 0.4433148988457809 0.13855313282607384
3 2907 3600 3599 0.997454096686774 0.4433148988457809 0.13855313282607384
3 2907 3599 2906 0.997454096686774 0.4433148988457809 0.13855313282607384
3 2906 3055 2907 0.997454096686774 0.4433148988457809 0.13855313282607384
3 2675 3326 3327 0.997454096686774 0.4433148988457809 0.13855313282607384
3 3328 2676 3327 0.997454096686774 0.4433148988457809 0.13855313282607384
3 3327 2676 2675 0.997454096686774 0.4433148988457809 0.13855313282607384
3 3327 3326 2728 0.997454096686774 0.4433148988457809 0.13855313282607384
3 3538 2630 3537 0.997454096686774 0.4433148988457809 0.13855313282607384
3 2630 3536 3537 0.997454096686774 0.4433148988457809 0.13855313282607384
3 2614 2615 3528 0.997454096686774 0.4433148988457809 0.13855313282607384
3 3532 3531 2618 0.997454096686774 0.4433148988457809 0.13855313282607384
3 2618 2619 3532 0.997454096686774 0.4433148988457809 0.13855313282607384
3 3532 2619 3533 0.997454096686774 0.4433148988457809 0.13855313282607384
3 3532 3533 2628 0.997454096686774 0.4433148988457809 0.13855313282607384
3 2697 2620 2696 0.997454096686774 0.4433148988457809 0.13855313282607384
3 2620 2619 2696 0.997454096686774 0.4433148988457809 0.13855313282607384
3 2696 2619 2695 0.997454096686774 0.4433148988457809 0.13855313282607384
3 2696 2695 2878 0.997454096686774 0.4433148988457809 0.13855313282607384
3 2696 2879 2697 0.997454096686774 0.4433148988457809 0.13855313282607384
3 2878 2879 2696 0.997454096686774 0.4433148988457809 0.13855313282607384
3 2691 2692 2614 0.997454096686774 0.4433148988457809 0.13855313282607384
3 2614 2613 2691 0.997454096686774 0.4433148988457809 0.13855313282607384
3 2691 2613 2690 0.997454096686774 0.4433148988457809 0.13855313282607384
3 2690 2873 2691 0.997454096686774 0.4433148988457809 0.13855313282607384
3 2873 2874 2691 0.997454096686774 0.4433148988457809 0.13855313282607384
3 2874 2692 2691 0.997454096686774 0.4433148988457809 0.13855313282607384
3 2616 2615 2693 0.997454096686774 0.4433148988457809 0.13855313282607384
3 2615 2692 2693 0.997454096686774 0.4433148988457809 0.13855313282607384
3 2693 2694 2616 0.997454096686774 0.4433148988457809 0.13855313282607384
3 2693 2692 2875 0.997454096686774 0.4433148988457809 0.13855313282607384
3 2875 2876 2693 0.997454096686774 0.4433148988457809 0.13855313282607384
3 2876 2694 2693 0.997454096686774 0.4433148988457809 0.13855313282607384
3 2536 3152 3151 0.997454096686774 0.4433148988457809 0.13855313282607384
3 3158 3460 3459 0.997454096686774 0.4433148988457809 0.13855313282607384
3 2784 3095 2783 0.997454096686774 0.4433148988457809 0.13855313282607384
3 2784 3096 3095 0.997454096686774 0.4433148988457809 0.13855313282607384
3 2785 2784 3142 0.997454096686774 0.4433148988457809 0.13855313282607384
3 2785 3097 3096 0.997454096686774 0.4433148988457809 0.13855313282607384
3 3096 2784 2785 0.997454096686774 0.4433148988457809 0.13855313282607384
3 2797 3099 3437 0.997454096686774 0.4433148988457809 0.13855313282607384
3 3434 2795 3435 0.997454096686774 0.4433148988457809 0.13855313282607384
3 2608 3434 3435 0.997454096686774 0.4433148988457809 0.13855313282607384
3 2422 2423 2871 0.997454096686774 0.4433148988457809 0.13855313282607384
3 2422 2871 2870 0.997454096686774 0.4433148988457809 0.13855313282607384
3 2870 2421 2422 0.997454096686774 0.4433148988457809 0.13855313282607384
3 2422 2421 3106 0.997454096686774 0.4433148988457809 0.13855313282607384
3 3106 2423 2422 0.997454096686774 0.4433148988457809 0.13855313282607384
3 2872 2424 2873 0.997454096686774 0.4433148988457809 0.13855313282607384
3 2872 2423 2424 0.997454096686774 0.4433148988457809 0.13855313282607384
3 2871 2423 2872 0.997454096686774 0.4433148988457809 0.13855313282607384
3 2872 2873 2690 0.997454096686774 0.4433148988457809 0.13855313282607384
3 2690 2689 2872 0.997454096686774 0.4433148988457809 0.13855313282607384
3 2689 2871 2872 0.997454096686774 0.4433148988457809 0.13855313282607384
3 3110 2425 3109 0.997454096686774 0.4433148988457809 0.13855313282607384
3 2425 3108 3109 0.997454096686774 0.4433148988457809 0.13855313282607384
3 3109 3108 2611 0.997454096686774 0.4433148988457809 0.13855313282607384
3 3109 2612 3110 0.997454096686774 0.4433148988457809 0.13855313282607384
3 2611 2612 3109 0.997454096686774 0.4433148988457809 0.13855313282607384
3 3663 3000 3664 0.997454096686774 0.4433148988457809 0.13855313282607384
3 3664 3000 3388 0.997454096686774 0.4433148988457809 0.13855313282607384
3 3664 3145 3663 0.997454096686774 0.4433148988457809 0.13855313282607384
3 3664 3146 3145 0.997454096686774 0.4433148988457809 0.13855313282607384
3 3665 3146 3664 0.997454096686774 0.4433148988457809 0.13855313282607384
3 3664 3389 3665 0.997454096686774 0.4433148988457809 0.13855313282607384
3 3388 3389 3664 0.997454096686774 0.4433148988457809 0.13855313282607384
3 3459 3460 3014 0.997454096686774 0.4433148988457809 0.13855313282607384
3 3011 3457 3012 0.997454096686774 0.4433148988457809 0.13855313282607384
3 3443 3116 3115 0.997454096686774 0.4433148988457809 0.13855313282607384
3 3115 3442 3443 0.997454096686774 0.4433148988457809 0.13855313282607384
3 3444 3116 3443 0.997454096686774 0.4433148988457809 0.13855313282607384
3 3443 3442 3148 0.997454096686774 0.4433148988457809 0.13855313282607384
3 3148 3667 3443 0.997454096686774 0.4433148988457809 0.13855313282607384
3 3443 3667 3444 0.997454096686774 0.4433148988457809 0.13855313282607384
3 3465 3691 3464 0.997454096686774 0.4433148988457809 0.13855313282607384
3 3466 3691 3465 0.997454096686774 0.4433148988457809 0.13855313282607384
3 3465 3464 3164 0.997454096686774 0.4433148988457809 0.13855313282607384
3 3164 3466 3465 0.997454096686774 0.4433148988457809 0.13855313282607384
3 3690 3691 3713 0.997454096686774 0.4433148988457809 0.13855313282607384
3 3566 3690 3713 0.997454096686774 0.4433148988457809 0.13855313282607384
3 3713 3587 3566 0.997454096686774 0.4433148988457809 0.13855313282607384
3 3713 3691 3692 0.997454096686774 0.4433148988457809 0.13855313282607384
3 3544 3447 3545 0.997454096686774 0.4433148988457809 0.13855313282607384
3 3544 3543 3447 0.997454096686774 0.4433148988457809 0.13855313282607384
3 3545 3466 3544 0.997454096686774 0.4433148988457809 0.13855313282607384
3 3544 3466 3164 0.997454096686774 0.4433148988457809 0.13855313282607384
3 3164 3543 3544 0.997454096686774 0.4433148988457809 0.13855313282607384
3 2561 2506 2505 0.997454096686774 0.4433148988457809 0.13855313282607384
3 2505 2504 2561 0.997454096686774 0.4433148988457809 0.13855313282607384
3 3696 3695 2505 0.997454096686774 0.4433148988457809 0.13855313282607384
3 2505 2506 3696 0.997454096686774 0.4433148988457809 0.13855313282607384
3 2505 3695 3694 0.997454096686774 0.4433148988457809 0.13855313282607384
3 3694 2504 2505 0.997454096686774 0.4433148988457809 0.13855313282607384
3 2975 2976 3268 0.997454096686774 0.4433148988457809 0.13855313282607384
3 2884 2883 3268 0.997454096686774 0.4433148988457809 0.13855313282607384
3 2885 2884 3269 0.997454096686774 0.4433148988457809 0.13855313282607384
3 3270 2885 3269 0.997454096686774 0.4433148988457809 0.13855313282607384
3 2884 3268 3269 0.997454096686774 0.4433148988457809 0.13855313282607384
3 3269 3268 2976 0.997454096686774 0.4433148988457809 0.13855313282607384
3 2561 2504 2560 0.997454096686774 0.4433148988457809 0.13855313282607384
3 2560 2800 2561 0.997454096686774 0.4433148988457809 0.13855313282607384
3 2799 2800 2560 0.997454096686774 0.4433148988457809 0.13855313282607384
3 2559 2799 2560 0.997454096686774 0.4433148988457809 0.13855313282607384
3 2503 2559 2560 0.997454096686774 0.4433148988457809 0.13855313282607384
3 2560 2504 2503 0.997454096686774 0.4433148988457809 0.13855313282607384
3 3694 2973 3693 0.997454096686774 0.4433148988457809 0.13855313282607384
3 2503 2504 3693 0.997454096686774 0.4433148988457809 0.13855313282607384
3 3693 2504 3694 0.997454096686774 0.4433148988457809 0.13855313282607384
3 3693 2973 2223 0.997454096686774 0.4433148988457809 0.13855313282607384
3 2223 2222 3693 0.997454096686774 0.4433148988457809 0.13855313282607384
3 2222 2503 3693 0.997454096686774 0.4433148988457809 0.13855313282607384
3 2568 3567 2230 0.997454096686774 0.4433148988457809 0.13855313282607384
3 2230 3567 2231 0.997454096686774 0.4433148988457809 0.13855313282607384
3 2577 3567 3568 0.997454096686774 0.4433148988457809 0.13855313282607384
3 2578 3198 2577 0.997454096686774 0.4433148988457809 0.13855313282607384
3 2577 3568 2578 0.997454096686774 0.4433148988457809 0.13855313282607384
3 2577 3198 2232 0.997454096686774 0.4433148988457809 0.13855313282607384
3 2232 2231 2577 0.997454096686774 0.4433148988457809 0.13855313282607384
3 2231 3567 2577 0.997454096686774 0.4433148988457809 0.13855313282607384
3 2883 2811 2699 0.997454096686774 0.4433148988457809 0.13855313282607384
3 2882 2974 3267 0.997454096686774 0.4433148988457809 0.13855313282607384
3 3267 2974 2975 0.997454096686774 0.4433148988457809 0.13855313282607384
3 2975 3268 3267 0.997454096686774 0.4433148988457809 0.13855313282607384
3 3267 3268 2883 0.997454096686774 0.4433148988457809 0.13855313282607384
3 3266 2974 2882 0.997454096686774 0.4433148988457809 0.13855313282607384
3 2973 2974 3266 0.997454096686774 0.4433148988457809 0.13855313282607384
3 2882 2226 3266 0.997454096686774 0.4433148988457809 0.13855313282607384
3 2227 2226 2882 0.997454096686774 0.4433148988457809 0.13855313282607384
3 3237 2953 2395 0.997454096686774 0.4433148988457809 0.13855313282607384
3 2952 3236 2395 0.997454096686774 0.4433148988457809 0.13855313282607384
3 2439 2952 2395 0.997454096686774 0.4433148988457809 0.13855313282607384
3 2395 2953 2439 0.997454096686774 0.4433148988457809 0.13855313282607384
3 2358 3237 2395 0.997454096686774 0.4433148988457809 0.13855313282607384
3 2395 3236 2358 0.997454096686774 0.4433148988457809 0.13855313282607384
3 2391 2354 3233 0.997454096686774 0.4433148988457809 0.13855313282607384
3 2391 3232 2354 0.997454096686774 0.4433148988457809 0.13855313282607384
3 2391 2948 3232 0.997454096686774 0.4433148988457809 0.13855313282607384
3 3233 2949 2391 0.997454096686774 0.4433148988457809 0.13855313282607384
3 2391 2949 2435 0.997454096686774 0.4433148988457809 0.13855313282607384
3 2435 2948 2391 0.997454096686774 0.4433148988457809 0.13855313282607384
3 2600 2524 3378 0.997454096686774 0.4433148988457809 0.13855313282607384
3 2600 3378 2523 0.997454096686774 0.4433148988457809 0.13855313282607384
3 2523 3078 2600 0.997454096686774 0.4433148988457809 0.13855313282607384
3 2600 3078 2591 0.997454096686774 0.4433148988457809 0.13855313282607384
3 2600 2591 3079 0.997454096686774 0.4433148988457809 0.13855313282607384
3 3079 2524 2600 0.997454096686774 0.4433148988457809 0.13855313282607384
3 2435 3413 2589 0.997454096686774 0.4433148988457809 0.13855313282607384
3 3414 3078 2590 0.997454096686774 0.4433148988457809 0.13855313282607384
3 2436 3414 2590 0.997454096686774 0.4433148988457809 0.13855313282607384
3 2590 3413 2436 0.997454096686774 0.4433148988457809 0.13855313282607384
3 2989 2441 2529 0.997454096686774 0.4433148988457809 0.13855313282607384
3 2989 2529 3377 0.997454096686774 0.4433148988457809 0.13855313282607384
3 2989 2442 2961 0.997454096686774 0.4433148988457809 0.13855313282607384
3 2961 2441 2989 0.997454096686774 0.4433148988457809 0.13855313282607384
3 2989 2530 2442 0.997454096686774 0.4433148988457809 0.13855313282607384
3 3377 2530 2989 0.997454096686774 0.4433148988457809 0.13855313282607384
3 3376 2529 2988 0.997454096686774 0.4433148988457809 0.13855313282607384
3 2529 2441 2988 0.997454096686774 0.4433148988457809 0.13855313282607384
3 2988 2528 3376 0.997454096686774 0.4433148988457809 0.13855313282607384
3 2440 2528 2988 0.997454096686774 0.4433148988457809 0.13855313282607384
3 2960 2440 2988 0.997454096686774 0.4433148988457809 0.13855313282607384
3 2988 2441 2960 0.997454096686774 0.4433148988457809 0.13855313282607384
3 2951 3235 2394 0.997454096686774 0.4433148988457809 0.13855313282607384
3 2394 3236 2952 0.997454096686774 0.4433148988457809 0.13855313282607384
3 2357 3236 2394 0.997454096686774 0.4433148988457809 0.13855313282607384
3 2394 3235 2357 0.997454096686774 0.4433148988457809 0.13855313282607384
3 2438 2951 2394 0.997454096686774 0.4433148988457809 0.13855313282607384
3 2394 2952 2438 0.997454096686774 0.4433148988457809 0.13855313282607384
3 3654 2406 2362 0.997454096686774 0.4433148988457809 0.13855313282607384
3 2444 2964 2399 0.997454096686774 0.4433148988457809 0.13855313282607384
3 2404 2860 2399 0.997454096686774 0.4433148988457809 0.13855313282607384
3 2361 2766 2360 0.997454096686774 0.4433148988457809 0.13855313282607384
3 2360 3653 2361 0.997454096686774 0.4433148988457809 0.13855313282607384
3 2361 3654 2362 0.997454096686774 0.4433148988457809 0.13855313282607384
3 3653 3654 2361 0.997454096686774 0.4433148988457809 0.13855313282607384
3 2490 2498 3030 0.997454096686774 0.4433148988457809 0.13855313282607384
3 3672 2490 3030 0.997454096686774 0.4433148988457809 0.13855313282607384
3 3030 2489 3672 0.997454096686774 0.4433148988457809 0.13855313282607384
3 2554 2498 3122 0.997454096686774 0.4433148988457809 0.13855313282607384
3 2554 2635 3394 0.997454096686774 0.4433148988457809 0.13855313282607384
3 3394 3030 2554 0.997454096686774 0.4433148988457809 0.13855313282607384
3 2554 3030 2498 0.997454096686774 0.4433148988457809 0.13855313282607384
3 2554 3122 3552 0.997454096686774 0.4433148988457809 0.13855313282607384
3 3552 2635 2554 0.997454096686774 0.4433148988457809 0.13855313282607384
3 2497 3029 2489 0.997454096686774 0.4433148988457809 0.13855313282607384
3 2497 3030 3394 0.997454096686774 0.4433148988457809 0.13855313282607384
3 2489 3030 2497 0.997454096686774 0.4433148988457809 0.13855313282607384
3 3394 3121 2497 0.997454096686774 0.4433148988457809 0.13855313282607384
3 3121 2553 2497 0.997454096686774 0.4433148988457809 0.13855313282607384
3 2497 2553 3393 0.997454096686774 0.4433148988457809 0.13855313282607384
3 3393 3029 2497 0.997454096686774 0.4433148988457809 0.13855313282607384
3 2576 3575 3574 0.997454096686774 0.4433148988457809 0.13855313282607384
3 2575 2657 2576 0.997454096686774 0.4433148988457809 0.13855313282607384
3 2576 3574 2575 0.997454096686774 0.4433148988457809 0.13855313282607384
3 2576 2657 2658 0.997454096686774 0.4433148988457809 0.13855313282607384
3 2658 3575 2576 0.997454096686774 0.4433148988457809 0.13855313282607384
3 2639 2558 3556 0.997454096686774 0.4433148988457809 0.13855313282607384
3 2639 3555 3125 0.997454096686774 0.4433148988457809 0.13855313282607384
3 3125 3398 2639 0.997454096686774 0.4433148988457809 0.13855313282607384
3 3398 2558 2639 0.997454096686774 0.4433148988457809 0.13855313282607384
3 3556 3191 2639 0.997454096686774 0.4433148988457809 0.13855313282607384
3 2639 3191 2808 0.997454096686774 0.4433148988457809 0.13855313282607384
3 2639 3190 3555 0.997454096686774 0.4433148988457809 0.13855313282607384
3 2808 3190 2639 0.997454096686774 0.4433148988457809 0.13855313282607384
3 3573 2574 2575 0.997454096686774 0.4433148988457809 0.13855313282607384
3 2575 3574 3573 0.997454096686774 0.4433148988457809 0.13855313282607384
3 3574 2583 3573 0.997454096686774 0.4433148988457809 0.13855313282607384
3 3573 2583 2582 0.997454096686774 0.4433148988457809 0.13855313282607384
3 3573 3572 2574 0.997454096686774 0.4433148988457809 0.13855313282607384
3 2582 3572 3573 0.997454096686774 0.4433148988457809 0.13855313282607384
3 2532 2992 2444 0.997454096686774 0.4433148988457809 0.13855313282607384
3 2532 2991 3379 0.997454096686774 0.4433148988457809 0.13855313282607384
3 2444 2991 2532 0.997454096686774 0.4433148988457809 0.13855313282607384
3 3379 2525 2532 0.997454096686774 0.4433148988457809 0.13855313282607384
3 2525 3380 2532 0.997454096686774 0.4433148988457809 0.13855313282607384
3 3380 2992 2532 0.997454096686774 0.4433148988457809 0.13855313282607384
3 2964 2992 2445 0.997454096686774 0.4433148988457809 0.13855313282607384
3 2445 2993 2965 0.997454096686774 0.4433148988457809 0.13855313282607384
3 2443 2398 2962 0.997454096686774 0.4433148988457809 0.13855313282607384
3 2367 2368 3136 0.997454096686774 0.4433148988457809 0.13855313282607384
3 2368 3137 3136 0.997454096686774 0.4433148988457809 0.13855313282607384
3 3136 3137 2372 0.997454096686774 0.4433148988457809 0.13855313282607384
3 2965 2401 2862 0.997454096686774 0.4433148988457809 0.13855313282607384
3 2401 2406 2862 0.997454096686774 0.4433148988457809 0.13855313282607384
3 2406 3654 2862 0.997454096686774 0.4433148988457809 0.13855313282607384
3 3655 2863 2407 0.997454096686774 0.4433148988457809 0.13855313282607384
3 3655 2406 2863 0.997454096686774 0.4433148988457809 0.13855313282607384
3 2362 2406 3655 0.997454096686774 0.4433148988457809 0.13855313282607384
3 3087 3387 3423 0.997454096686774 0.4433148988457809 0.13855313282607384
3 3387 3086 3423 0.997454096686774 0.4433148988457809 0.13855313282607384
3 3423 3245 3424 0.997454096686774 0.4433148988457809 0.13855313282607384
3 3424 3087 3423 0.997454096686774 0.4433148988457809 0.13855313282607384
3 3423 3086 2959 0.997454096686774 0.4433148988457809 0.13855313282607384
3 2959 3244 3423 0.997454096686774 0.4433148988457809 0.13855313282607384
3 3423 3244 3245 0.997454096686774 0.4433148988457809 0.13855313282607384
3 3665 3389 3666 0.997454096686774 0.4433148988457809 0.13855313282607384
3 3148 3147 3666 0.997454096686774 0.4433148988457809 0.13855313282607384
3 3666 3147 3665 0.997454096686774 0.4433148988457809 0.13855313282607384
3 3666 3667 3148 0.997454096686774 0.4433148988457809 0.13855313282607384
3 3661 2971 2869 0.997454096686774 0.4433148988457809 0.13855313282607384
3 2869 2775 3661 0.997454096686774 0.4433148988457809 0.13855313282607384
3 2869 3662 2775 0.997454096686774 0.4433148988457809 0.13855313282607384
3 2972 3662 2869 0.997454096686774 0.4433148988457809 0.13855313282607384
3 2869 2999 2972 0.997454096686774 0.4433148988457809 0.13855313282607384
3 2869 2971 2999 0.997454096686774 0.4433148988457809 0.13855313282607384
3 3659 3660 2773 0.997454096686774 0.4433148988457809 0.13855313282607384
3 3659 2867 3660 0.997454096686774 0.4433148988457809 0.13855313282607384
3 2773 2772 3659 0.997454096686774 0.4433148988457809 0.13855313282607384
3 3659 2772 3658 0.997454096686774 0.4433148988457809 0.13855313282607384
3 2970 2867 2997 0.997454096686774 0.4433148988457809 0.13855313282607384
3 2997 3384 3385 0.997454096686774 0.4433148988457809 0.13855313282607384
3 3385 2970 2997 0.997454096686774 0.4433148988457809 0.13855313282607384
3 3140 2772 2773 0.997454096686774 0.4433148988457809 0.13855313282607384
3 3139 2772 3140 0.997454096686774 0.4433148988457809 0.13855313282607384
3 2783 2782 3140 0.997454096686774 0.4433148988457809 0.13855313282607384
3 3140 2782 3139 0.997454096686774 0.4433148988457809 0.13855313282607384
3 3042 3562 3132 0.997454096686774 0.4433148988457809 0.13855313282607384
3 3042 3406 3562 0.997454096686774 0.4433148988457809 0.13855313282607384
3 3132 3405 3042 0.997454096686774 0.4433148988457809 0.13855313282607384
3 3038 3403 3402 0.997454096686774 0.4433148988457809 0.13855313282607384
3 3403 3130 3402 0.997454096686774 0.4433148988457809 0.13855313282607384
3 3037 3679 3402 0.997454096686774 0.4433148988457809 0.13855313282607384
3 3679 3038 3402 0.997454096686774 0.4433148988457809 0.13855313282607384
3 3402 3401 3037 0.997454096686774 0.4433148988457809 0.13855313282607384
3 3040 3405 3404 0.997454096686774 0.4433148988457809 0.13855313282607384
3 3681 3682 3040 0.997454096686774 0.4433148988457809 0.13855313282607384
3 3404 3039 3040 0.997454096686774 0.4433148988457809 0.13855313282607384
3 3039 3681 3040 0.997454096686774 0.4433148988457809 0.13855313282607384
3 3008 2467 3009 0.997454096686774 0.4433148988457809 0.13855313282607384
3 3258 3008 3009 0.997454096686774 0.4433148988457809 0.13855313282607384
3 3258 3025 3257 0.997454096686774 0.4433148988457809 0.13855313282607384
3 3257 3008 3258 0.997454096686774 0.4433148988457809 0.13855313282607384
3 3024 3025 3683 0.997454096686774 0.4433148988457809 0.13855313282607384
3 3683 3682 3024 0.997454096686774 0.4433148988457809 0.13855313282607384
3 3683 3025 3684 0.997454096686774 0.4433148988457809 0.13855313282607384
3 3684 3042 3683 0.997454096686774 0.4433148988457809 0.13855313282607384
3 3022 3023 3681 0.997454096686774 0.4433148988457809 0.13855313282607384
3 3022 3681 3680 0.997454096686774 0.4433148988457809 0.13855313282607384
3 3680 3021 3022 0.997454096686774 0.4433148988457809 0.13855313282607384
3 3021 2481 3022 0.997454096686774 0.4433148988457809 0.13855313282607384
3 2319 2318 3448 0.997454096686774 0.4433148988457809 0.13855313282607384
3 2462 3448 2463 0.997454096686774 0.4433148988457809 0.13855313282607384
3 2462 2461 2319 0.997454096686774 0.4433148988457809 0.13855313282607384
3 2319 3448 2462 0.997454096686774 0.4433148988457809 0.13855313282607384
3 3497 2730 3496 0.997454096686774 0.4433148988457809 0.13855313282607384
3 3329 2730 2731 0.997454096686774 0.4433148988457809 0.13855313282607384
3 2731 2730 3497 0.997454096686774 0.4433148988457809 0.13855313282607384
3 3497 3498 2731 0.997454096686774 0.4433148988457809 0.13855313282607384
3 2731 3498 3499 0.997454096686774 0.4433148988457809 0.13855313282607384
3 3602 3601 3057 0.997454096686774 0.4433148988457809 0.13855313282607384
3 3057 3299 3602 0.997454096686774 0.4433148988457809 0.13855313282607384
3 3602 3603 3315 0.997454096686774 0.4433148988457809 0.13855313282607384
3 3602 3299 3300 0.997454096686774 0.4433148988457809 0.13855313282607384
3 3300 3603 3602 0.997454096686774 0.4433148988457809 0.13855313282607384
3 3315 3314 3602 0.997454096686774 0.4433148988457809 0.13855313282607384
3 3602 3314 3601 0.997454096686774 0.4433148988457809 0.13855313282607384
3 3499 3316 3500 0.997454096686774 0.4433148988457809 0.13855313282607384
3 3501 3332 3500 0.997454096686774 0.4433148988457809 0.13855313282607384
3 3500 3317 3501 0.997454096686774 0.4433148988457809 0.13855313282607384
3 3500 3316 3317 0.997454096686774 0.4433148988457809 0.13855313282607384
3 3331 3499 3500 0.997454096686774 0.4433148988457809 0.13855313282607384
3 3500 3332 3331 0.997454096686774 0.4433148988457809 0.13855313282607384
3 2753 3347 2752 0.997454096686774 0.4433148988457809 0.13855313282607384
3 2751 3618 2752 0.997454096686774 0.4433148988457809 0.13855313282607384
3 3347 3346 2752 0.997454096686774 0.4433148988457809 0.13855313282607384
3 2752 3346 2751 0.997454096686774 0.4433148988457809 0.13855313282607384
3 2853 3346 2854 0.997454096686774 0.4433148988457809 0.13855313282607384
3 2855 3515 2854 0.997454096686774 0.4433148988457809 0.13855313282607384
3 2854 3347 2855 0.997454096686774 0.4433148988457809 0.13855313282607384
3 2854 3346 3347 0.997454096686774 0.4433148988457809 0.13855313282607384
3 2854 3515 3514 0.997454096686774 0.4433148988457809 0.13855313282607384
3 3514 2853 2854 0.997454096686774 0.4433148988457809 0.13855313282607384
3 3617 3616 2740 0.997454096686774 0.4433148988457809 0.13855313282607384
3 2740 2741 3617 0.997454096686774 0.4433148988457809 0.13855313282607384
3 2740 3616 2739 0.997454096686774 0.4433148988457809 0.13855313282607384
3 3224 2741 2740 0.997454096686774 0.4433148988457809 0.13855313282607384
3 2739 3223 2740 0.997454096686774 0.4433148988457809 0.13855313282607384
3 3223 3224 2740 0.997454096686774 0.4433148988457809 0.13855313282607384
3 3619 2742 3620 0.997454096686774 0.4433148988457809 0.13855313282607384
3 3619 3618 2742 0.997454096686774 0.4433148988457809 0.13855313282607384
3 3619 2752 3618 0.997454096686774 0.4433148988457809 0.13855313282607384
3 3619 3620 2753 0.997454096686774 0.4433148988457809 0.13855313282607384
3 2753 2752 3619 0.997454096686774 0.4433148988457809 0.13855313282607384
3 3520 3519 3351 0.997454096686774 0.4433148988457809 0.13855313282607384
3 3520 3521 3370 0.997454096686774 0.4433148988457809 0.13855313282607384
3 3370 3369 3520 0.997454096686774 0.4433148988457809 0.13855313282607384
3 3351 3352 3520 0.997454096686774 0.4433148988457809 0.13855313282607384
3 3520 3352 3521 0.997454096686774 0.4433148988457809 0.13855313282607384
3 2919 3368 3367 0.997454096686774 0.4433148988457809 0.13855313282607384
3 3367 2918 2919 0.997454096686774 0.4433148988457809 0.13855313282607384
3 2919 2918 3517 0.997454096686774 0.4433148988457809 0.13855313282607384
3 3517 3518 2919 0.997454096686774 0.4433148988457809 0.13855313282607384
3 3351 3622 3623 0.997454096686774 0.4433148988457809 0.13855313282607384
3 3624 3352 3623 0.997454096686774 0.4433148988457809 0.13855313282607384
3 3623 3352 3351 0.997454096686774 0.4433148988457809 0.13855313282607384
3 3230 3624 3623 0.997454096686774 0.4433148988457809 0.13855313282607384
3 3623 3229 3230 0.997454096686774 0.4433148988457809 0.13855313282607384
3 3623 3622 3229 0.997454096686774 0.4433148988457809 0.13855313282607384
3 3228 3229 3621 0.997454096686774 0.4433148988457809 0.13855313282607384
3 3229 3622 3621 0.997454096686774 0.4433148988457809 0.13855313282607384
3 3621 3620 3228 0.997454096686774 0.4433148988457809 0.13855313282607384
3 2753 3620 3621 0.997454096686774 0.4433148988457809 0.13855313282607384
3 3621 3349 2753 0.997454096686774 0.4433148988457809 0.13855313282607384
3 3621 3350 3349 0.997454096686774 0.4433148988457809 0.13855313282607384
3 3621 3622 3350 0.997454096686774 0.4433148988457809 0.13855313282607384
3 3364 3365 3067 0.997454096686774 0.4433148988457809 0.13855313282607384
3 2916 3365 3364 0.997454096686774 0.4433148988457809 0.13855313282607384
3 3364 2915 2916 0.997454096686774 0.4433148988457809 0.13855313282607384
3 3364 3363 2915 0.997454096686774 0.4433148988457809 0.13855313282607384
3 3068 3365 3366 0.997454096686774 0.4433148988457809 0.13855313282607384
3 3367 3069 3366 0.997454096686774 0.4433148988457809 0.13855313282607384
3 3069 3068 3366 0.997454096686774 0.4433148988457809 0.13855313282607384
3 3366 2918 3367 0.997454096686774 0.4433148988457809 0.13855313282607384
3 2917 2918 3366 0.997454096686774 0.4433148988457809 0.13855313282607384
3 3366 3365 2917 0.997454096686774 0.4433148988457809 0.13855313282607384
3 2925 3062 2926 0.997454096686774 0.4433148988457809 0.13855313282607384
3 2758 2924 2925 0.997454096686774 0.4433148988457809 0.13855313282607384
3 2925 3061 3062 0.997454096686774 0.4433148988457809 0.13855313282607384
3 2925 2924 3061 0.997454096686774 0.4433148988457809 0.13855313282607384
3 2926 2759 2925 0.997454096686774 0.4433148988457809 0.13855313282607384
3 2925 2759 2758 0.997454096686774 0.4433148988457809 0.13855313282607384
3 2761 2760 2927 0.997454096686774 0.4433148988457809 0.13855313282607384
3 3066 2929 3065 0.997454096686774 0.4433148988457809 0.13855313282607384
3 3066 3364 3067 0.997454096686774 0.4433148988457809 0.13855313282607384
3 3065 3363 3066 0.997454096686774 0.4433148988457809 0.13855313282607384
3 3363 3364 3066 0.997454096686774 0.4433148988457809 0.13855313282607384
3 3241 2942 2943 0.997454096686774 0.4433148988457809 0.13855313282607384
3 2943 3242 3241 0.997454096686774 0.4433148988457809 0.13855313282607384
3 2943 2944 3242 0.997454096686774 0.4433148988457809 0.13855313282607384
3 3637 2432 3638 0.997454096686774 0.4433148988457809 0.13855313282607384
3 3638 2432 2518 0.997454096686774 0.4433148988457809 0.13855313282607384
3 3638 2942 3637 0.997454096686774 0.4433148988457809 0.13855313282607384
3 3638 2943 2942 0.997454096686774 0.4433148988457809 0.13855313282607384
3 2764 2688 2763 0.997454096686774 0.4433148988457809 0.13855313282607384
3 2687 2688 3640 0.997454096686774 0.4433148988457809 0.13855313282607384
3 2945 2944 3640 0.997454096686774 0.4433148988457809 0.13855313282607384
3 3628 3629 3526 0.997454096686774 0.4433148988457809 0.13855313282607384
3 3526 3525 3628 0.997454096686774 0.4433148988457809 0.13855313282607384
3 3608 3506 3587 0.997454096686774 0.4433148988457809 0.13855313282607384
3 3587 3713 3608 0.997454096686774 0.4433148988457809 0.13855313282607384
3 3629 3628 3608 0.997454096686774 0.4433148988457809 0.13855313282607384
3 3608 3628 3506 0.997454096686774 0.4433148988457809 0.13855313282607384
3 3692 3629 3608 0.997454096686774 0.4433148988457809 0.13855313282607384
3 3608 3713 3692 0.997454096686774 0.4433148988457809 0.13855313282607384
3 3301 3605 3604 0.997454096686774 0.4433148988457809 0.13855313282607384
3 3604 3300 3301 0.997454096686774 0.4433148988457809 0.13855313282607384
3 3301 3300 3484 0.997454096686774 0.4433148988457809 0.13855313282607384
3 3484 3485 3301 0.997454096686774 0.4433148988457809 0.13855313282607384
3 3485 3605 3301 0.997454096686774 0.4433148988457809 0.13855313282607384
3 2621 3537 3536 0.997454096686774 0.4433148988457809 0.13855313282607384
3 2621 3536 3535 0.997454096686774 0.4433148988457809 0.13855313282607384
3 3535 3534 2621 0.997454096686774 0.4433148988457809 0.13855313282607384
3 2621 3534 2620 0.997454096686774 0.4433148988457809 0.13855313282607384
3 2621 2620 2697 0.997454096686774 0.4433148988457809 0.13855313282607384
3 2614 3528 3527 0.997454096686774 0.4433148988457809 0.13855313282607384
3 3527 2613 2614 0.997454096686774 0.4433148988457809 0.13855313282607384
3 2313 2613 3527 0.997454096686774 0.4433148988457809 0.13855313282607384
3 2616 2617 3530 0.997454096686774 0.4433148988457809 0.13855313282607384
3 3530 2617 3531 0.997454096686774 0.4433148988457809 0.13855313282607384
3 2535 2536 3151 0.997454096686774 0.4433148988457809 0.13855313282607384
3 2315 2314 2535 0.997454096686774 0.4433148988457809 0.13855313282607384
3 3152 2536 2537 0.997454096686774 0.4433148988457809 0.13855313282607384
3 2537 2624 2538 0.997454096686774 0.4433148988457809 0.13855313282607384
3 3159 3461 3460 0.997454096686774 0.4433148988457809 0.13855313282607384
3 3460 3158 3159 0.997454096686774 0.4433148988457809 0.13855313282607384
3 3160 3461 3159 0.997454096686774 0.4433148988457809 0.13855313282607384
3 3159 2630 3160 0.997454096686774 0.4433148988457809 0.13855313282607384
3 3141 2784 2783 0.997454096686774 0.4433148988457809 0.13855313282607384
3 2783 3140 3141 0.997454096686774 0.4433148988457809 0.13855313282607384
3 3141 3140 2773 0.997454096686774 0.4433148988457809 0.13855313282607384
3 2773 2774 3141 0.997454096686774 0.4433148988457809 0.13855313282607384
3 3141 2774 3142 0.997454096686774 0.4433148988457809 0.13855313282607384
3 3142 2784 3141 0.997454096686774 0.4433148988457809 0.13855313282607384
3 3144 3099 3098 0.997454096686774 0.4433148988457809 0.13855313282607384
3 3099 2797 3098 0.997454096686774 0.4433148988457809 0.13855313282607384
3 2795 3097 2796 0.997454096686774 0.4433148988457809 0.13855313282607384
3 2796 3435 2795 0.997454096686774 0.4433148988457809 0.13855313282607384
3 3097 3098 2796 0.997454096686774 0.4433148988457809 0.13855313282607384
3 2796 3098 2797 0.997454096686774 0.4433148988457809 0.13855313282607384
3 2608 3435 2609 0.997454096686774 0.4433148988457809 0.13855313282607384
3 2609 3106 2608 0.997454096686774 0.4433148988457809 0.13855313282607384
3 2609 2610 3107 0.997454096686774 0.4433148988457809 0.13855313282607384
3 3107 3106 2609 0.997454096686774 0.4433148988457809 0.13855313282607384
3 3409 3408 3687 0.997454096686774 0.4433148988457809 0.13855313282607384
3 3689 3690 3566 0.997454096686774 0.4433148988457809 0.13855313282607384
3 3687 3262 3263 0.997454096686774 0.4433148988457809 0.13855313282607384
3 3454 2467 3453 0.997454096686774 0.4433148988457809 0.13855313282607384
3 3009 2467 3454 0.997454096686774 0.4433148988457809 0.13855313282607384
3 3686 3028 3687 0.997454096686774 0.4433148988457809 0.13855313282607384
3 3687 3408 3686 0.997454096686774 0.4433148988457809 0.13855313282607384
3 3686 3408 3407 0.997454096686774 0.4433148988457809 0.13855313282607384
3 3686 3027 3028 0.997454096686774 0.4433148988457809 0.13855313282607384
3 3685 3042 3684 0.997454096686774 0.4433148988457809 0.13855313282607384
3 3406 3042 3685 0.997454096686774 0.4433148988457809 0.13855313282607384
3 3407 3406 3685 0.997454096686774 0.4433148988457809 0.13855313282607384
3 3685 3686 3407 0.997454096686774 0.4433148988457809 0.13855313282607384
3 3027 3686 3685 0.997454096686774 0.4433148988457809 0.13855313282607384
3 3009 3454 3010 0.997454096686774 0.4433148988457809 0.13855313282607384
3 3261 3262 3028 0.997454096686774 0.4433148988457809 0.13855313282607384
3 3261 3012 3262 0.997454096686774 0.4433148988457809 0.13855313282607384
3 3011 3012 3261 0.997454096686774 0.4433148988457809 0.13855313282607384
3 3262 3012 3013 0.997454096686774 0.4433148988457809 0.13855313282607384
3 3013 3263 3262 0.997454096686774 0.4433148988457809 0.13855313282607384
3 3014 3263 3013 0.997454096686774 0.4433148988457809 0.13855313282607384
3 3459 3014 3013 0.997454096686774 0.4433148988457809 0.13855313282607384
3 3270 3269 2977 0.997454096686774 0.4433148988457809 0.13855313282607384
3 3697 2978 2977 0.997454096686774 0.4433148988457809 0.13855313282607384
3 2978 3270 2977 0.997454096686774 0.4433148988457809 0.13855313282607384
3 2977 3269 2976 0.997454096686774 0.4433148988457809 0.13855313282607384
3 2977 3696 3697 0.997454096686774 0.4433148988457809 0.13855313282607384
3 2977 2976 3696 0.997454096686774 0.4433148988457809 0.13855313282607384
3 2228 2699 2229 0.997454096686774 0.4433148988457809 0.13855313282607384
3 2883 2699 2810 0.997454096686774 0.4433148988457809 0.13855313282607384
3 2882 3267 2810 0.997454096686774 0.4433148988457809 0.13855313282607384
3 2810 3267 2883 0.997454096686774 0.4433148988457809 0.13855313282607384
3 2810 2227 2882 0.997454096686774 0.4433148988457809 0.13855313282607384
3 2810 2699 2228 0.997454096686774 0.4433148988457809 0.13855313282607384
3 2228 2227 2810 0.997454096686774 0.4433148988457809 0.13855313282607384
3 2649 2811 2700 0.997454096686774 0.4433148988457809 0.13855313282607384
3 2649 2699 2811 0.997454096686774 0.4433148988457809 0.13855313282607384
3 2700 2568 2649 0.997454096686774 0.4433148988457809 0.13855313282607384
3 2649 2229 2699 0.997454096686774 0.4433148988457809 0.13855313282607384
3 2568 2230 2649 0.997454096686774 0.4433148988457809 0.13855313282607384
3 2230 2229 2649 0.997454096686774 0.4433148988457809 0.13855313282607384
3 2225 3266 2226 0.997454096686774 0.4433148988457809 0.13855313282607384
3 2224 2973 2225 0.997454096686774 0.4433148988457809 0.13855313282607384
3 2973 3266 2225 0.997454096686774 0.4433148988457809 0.13855313282607384
3 2435 2589 3412 0.997454096686774 0.4433148988457809 0.13855313282607384
3 3412 2588 2434 0.997454096686774 0.4433148988457809 0.13855313282607384
3 2434 2948 3412 0.997454096686774 0.4433148988457809 0.13855313282607384
3 3412 2948 2435 0.997454096686774 0.4433148988457809 0.13855313282607384
3 2597 2588 3076 0.997454096686774 0.4433148988457809 0.13855313282607384
3 3076 2521 2597 0.997454096686774 0.4433148988457809 0.13855313282607384
3 2588 3412 3076 0.997454096686774 0.4433148988457809 0.13855313282607384
3 3076 3412 2589 0.997454096686774 0.4433148988457809 0.13855313282607384
3 2523 3377 2599 0.997454096686774 0.4433148988457809 0.13855313282607384
3 2599 3078 2523 0.997454096686774 0.4433148988457809 0.13855313282607384
3 2599 2590 3078 0.997454096686774 0.4433148988457809 0.13855313282607384
3 2963 2991 2444 0.997454096686774 0.4433148988457809 0.13855313282607384
3 2444 2399 2963 0.997454096686774 0.4433148988457809 0.13855313282607384
3 2963 2443 2991 0.997454096686774 0.4433148988457809 0.13855313282607384
3 2398 2443 2963 0.997454096686774 0.4433148988457809 0.13855313282607384
3 2963 2860 2398 0.997454096686774 0.4433148988457809 0.13855313282607384
3 2963 2399 2860 0.997454096686774 0.4433148988457809 0.13855313282607384
3 2767 2365 2766 0.997454096686774 0.4433148988457809 0.13855313282607384
3 2766 2361 2767 0.997454096686774 0.4433148988457809 0.13855313282607384
3 2362 2768 2767 0.997454096686774 0.4433148988457809 0.13855313282607384
3 2767 2361 2362 0.997454096686774 0.4433148988457809 0.13855313282607384
3 2533 2992 3380 0.997454096686774 0.4433148988457809 0.13855313282607384
3 2533 2445 2992 0.997454096686774 0.4433148988457809 0.13855313282607384
3 2993 2445 2533 0.997454096686774 0.4433148988457809 0.13855313282607384
3 2533 3380 2526 0.997454096686774 0.4433148988457809 0.13855313282607384
3 2526 3381 2533 0.997454096686774 0.4433148988457809 0.13855313282607384
3 2533 3381 2993 0.997454096686774 0.4433148988457809 0.13855313282607384
3 2990 2530 3378 0.997454096686774 0.4433148988457809 0.13855313282607384
3 2442 2530 2990 0.997454096686774 0.4433148988457809 0.13855313282607384
3 2990 2962 2442 0.997454096686774 0.4433148988457809 0.13855313282607384
3 2990 2443 2962 0.997454096686774 0.4433148988457809 0.13855313282607384
3 2991 2443 2531 0.997454096686774 0.4433148988457809 0.13855313282607384
3 3378 2524 2531 0.997454096686774 0.4433148988457809 0.13855313282607384
3 2531 2990 3378 0.997454096686774 0.4433148988457809 0.13855313282607384
3 2443 2990 2531 0.997454096686774 0.4433148988457809 0.13855313282607384
3 2531 2524 3379 0.997454096686774 0.4433148988457809 0.13855313282607384
3 3379 2991 2531 0.997454096686774 0.4433148988457809 0.13855313282607384
3 2400 2445 2965 0.997454096686774 0.4433148988457809 0.13855313282607384
3 2965 2862 2400 0.997454096686774 0.4433148988457809 0.13855313282607384
3 2964 2445 2400 0.997454096686774 0.4433148988457809 0.13855313282607384
3 2407 3656 2363 0.997454096686774 0.4433148988457809 0.13855313282607384
3 2363 3655 2407 0.997454096686774 0.4433148988457809 0.13855313282607384
3 2363 2768 2362 0.997454096686774 0.4433148988457809 0.13855313282607384
3 2362 3655 2363 0.997454096686774 0.4433148988457809 0.13855313282607384
3 3390 3389 3426 0.997454096686774 0.4433148988457809 0.13855313282607384
3 3390 3666 3389 0.997454096686774 0.4433148988457809 0.13855313282607384
3 3390 3427 3391 0.997454096686774 0.4433148988457809 0.13855313282607384
3 3426 3427 3390 0.997454096686774 0.4433148988457809 0.13855313282607384
3 3391 3667 3390 0.997454096686774 0.4433148988457809 0.13855313282607384
3 3667 3666 3390 0.997454096686774 0.4433148988457809 0.13855313282607384
3 3658 2865 2866 0.997454096686774 0.4433148988457809 0.13855313282607384
3 2866 3659 3658 0.997454096686774 0.4433148988457809 0.13855313282607384
3 2867 3659 2866 0.997454096686774 0.4433148988457809 0.13855313282607384
3 3129 3130 3559 0.997454096686774 0.4433148988457809 0.13855313282607384
3 3129 3402 3130 0.997454096686774 0.4433148988457809 0.13855313282607384
3 3401 3402 3129 0.997454096686774 0.4433148988457809 0.13855313282607384
3 3128 3401 3129 0.997454096686774 0.4433148988457809 0.13855313282607384
3 3129 3558 3128 0.997454096686774 0.4433148988457809 0.13855313282607384
3 3177 3558 3129 0.997454096686774 0.4433148988457809 0.13855313282607384
3 3129 3559 3177 0.997454096686774 0.4433148988457809 0.13855313282607384
3 3259 3258 3009 0.997454096686774 0.4433148988457809 0.13855313282607384
3 3009 3010 3259 0.997454096686774 0.4433148988457809 0.13855313282607384
3 3682 3683 3041 0.997454096686774 0.4433148988457809 0.13855313282607384
3 3041 3040 3682 0.997454096686774 0.4433148988457809 0.13855313282607384
3 3405 3040 3041 0.997454096686774 0.4433148988457809 0.13855313282607384
3 3041 3042 3405 0.997454096686774 0.4433148988457809 0.13855313282607384
3 3041 3683 3042 0.997454096686774 0.4433148988457809 0.13855313282607384
3 3255 3022 2481 0.997454096686774 0.4433148988457809 0.13855313282607384
3 3023 3022 3255 0.997454096686774 0.4433148988457809 0.13855313282607384
3 3004 2462 2463 0.997454096686774 0.4433148988457809 0.13855313282607384
3 2719 3496 3495 0.997454096686774 0.4433148988457809 0.13855313282607384
3 3495 2728 3494 0.997454096686774 0.4433148988457809 0.13855313282607384
3 3494 2718 3495 0.997454096686774 0.4433148988457809 0.13855313282607384
3 2718 2719 3495 0.997454096686774 0.4433148988457809 0.13855313282607384
3 2729 3496 2730 0.997454096686774 0.4433148988457809 0.13855313282607384
3 2729 3327 2728 0.997454096686774 0.4433148988457809 0.13855313282607384
3 2728 3495 2729 0.997454096686774 0.4433148988457809 0.13855313282607384
3 2729 3495 3496 0.997454096686774 0.4433148988457809 0.13855313282607384
3 2729 2730 3328 0.997454096686774 0.4433148988457809 0.13855313282607384
3 3328 3327 2729 0.997454096686774 0.4433148988457809 0.13855313282607384
3 2720 3496 2719 0.997454096686774 0.4433148988457809 0.13855313282607384
3 2720 3314 3497 0.997454096686774 0.4433148988457809 0.13855313282607384
3 3497 3496 2720 0.997454096686774 0.4433148988457809 0.13855313282607384
3 3329 2731 3330 0.997454096686774 0.4433148988457809 0.13855313282607384
3 3331 2678 3330 0.997454096686774 0.4433148988457809 0.13855313282607384
3 3330 2678 3329 0.997454096686774 0.4433148988457809 0.13855313282607384
3 3330 3499 3331 0.997454096686774 0.4433148988457809 0.13855313282607384
3 3330 2731 3499 0.997454096686774 0.4433148988457809 0.13855313282607384
3 2920 3369 3368 0.997454096686774 0.4433148988457809 0.13855313282607384
3 3368 2919 2920 0.997454096686774 0.4433148988457809 0.13855313282607384
3 3519 3520 2920 0.997454096686774 0.4433148988457809 0.13855313282607384
3 2920 3520 3369 0.997454096686774 0.4433148988457809 0.13855313282607384
3 2920 3518 3519 0.997454096686774 0.4433148988457809 0.13855313282607384
3 2920 2919 3518 0.997454096686774 0.4433148988457809 0.13855313282607384
3 2928 2761 2927 0.997454096686774 0.4433148988457809 0.13855313282607384
3 3065 2929 2928 0.997454096686774 0.4433148988457809 0.13855313282607384
3 2928 3064 3065 0.997454096686774 0.4433148988457809 0.13855313282607384
3 2928 2927 3064 0.997454096686774 0.4433148988457809 0.13855313282607384
3 2685 2760 2686 0.997454096686774 0.4433148988457809 0.13855313282607384
3 2760 2761 2686 0.997454096686774 0.4433148988457809 0.13855313282607384
3 2686 2518 2685 0.997454096686774 0.4433148988457809 0.13855313282607384
3 2687 2518 2686 0.997454096686774 0.4433148988457809 0.13855313282607384
3 2686 2761 2687 0.997454096686774 0.4433148988457809 0.13855313282607384
3 2929 2763 2762 0.997454096686774 0.4433148988457809 0.13855313282607384
3 2762 2928 2929 0.997454096686774 0.4433148988457809 0.13855313282607384
3 2761 2928 2762 0.997454096686774 0.4433148988457809 0.13855313282607384
3 2687 2761 2762 0.997454096686774 0.4433148988457809 0.13855313282607384
3 2762 2688 2687 0.997454096686774 0.4433148988457809 0.13855313282607384
3 2762 2763 2688 0.997454096686774 0.4433148988457809 0.13855313282607384
3 2930 2931 2764 0.997454096686774 0.4433148988457809 0.13855313282607384
3 2764 2763 2930 0.997454096686774 0.4433148988457809 0.13855313282607384
3 2930 2763 2929 0.997454096686774 0.4433148988457809 0.13855313282607384
3 3067 2931 2930 0.997454096686774 0.4433148988457809 0.13855313282607384
3 2930 3066 3067 0.997454096686774 0.4433148988457809 0.13855313282607384
3 2929 3066 2930 0.997454096686774 0.4433148988457809 0.13855313282607384
3 2944 2943 3639 0.997454096686774 0.4433148988457809 0.13855313282607384
3 3639 3640 2944 0.997454096686774 0.4433148988457809 0.13855313282607384
3 2943 3638 3639 0.997454096686774 0.4433148988457809 0.13855313282607384
3 3639 3638 2518 0.997454096686774 0.4433148988457809 0.13855313282607384
3 3639 2518 2687 0.997454096686774 0.4433148988457809 0.13855313282607384
3 2687 3640 3639 0.997454096686774 0.4433148988457809 0.13855313282607384
3 2945 3640 3641 0.997454096686774 0.4433148988457809 0.13855313282607384
3 2946 2945 3641 0.997454096686774 0.4433148988457809 0.13855313282607384
3 3641 3642 2946 0.997454096686774 0.4433148988457809 0.13855313282607384
3 3641 3640 2688 0.997454096686774 0.4433148988457809 0.13855313282607384
3 2764 3642 3641 0.997454096686774 0.4433148988457809 0.13855313282607384
3 3641 2688 2764 0.997454096686774 0.4433148988457809 0.13855313282607384
3 3626 3506 3627 0.997454096686774 0.4433148988457809 0.13855313282607384
3 3506 3628 3627 0.997454096686774 0.4433148988457809 0.13855313282607384
3 3355 3626 3627 0.997454096686774 0.4433148988457809 0.13855313282607384
3 3627 3525 3355 0.997454096686774 0.4433148988457809 0.13855313282607384
3 3627 3628 3525 0.997454096686774 0.4433148988457809 0.13855313282607384
3 3538 3537 2698 0.997454096686774 0.4433148988457809 0.13855313282607384
3 3537 2621 2698 0.997454096686774 0.4433148988457809 0.13855313282607384
3 2881 3538 2698 0.997454096686774 0.4433148988457809 0.13855313282607384
3 2698 2621 2697 0.997454096686774 0.4433148988457809 0.13855313282607384
3 2698 2880 2881 0.997454096686774 0.4433148988457809 0.13855313282607384
3 2697 2879 2698 0.997454096686774 0.4433148988457809 0.13855313282607384
3 2879 2880 2698 0.997454096686774 0.4433148988457809 0.13855313282607384
3 2623 3527 3528 0.997454096686774 0.4433148988457809 0.13855313282607384
3 3528 2624 2623 0.997454096686774 0.4433148988457809 0.13855313282607384
3 2623 2537 2536 0.997454096686774 0.4433148988457809 0.13855313282607384
3 2624 2537 2623 0.997454096686774 0.4433148988457809 0.13855313282607384
3 3529 2624 3528 0.997454096686774 0.4433148988457809 0.13855313282607384
3 2616 3530 3529 0.997454096686774 0.4433148988457809 0.13855313282607384
3 3529 2615 2616 0.997454096686774 0.4433148988457809 0.13855313282607384
3 3529 3528 2615 0.997454096686774 0.4433148988457809 0.13855313282607384
3 2626 3530 3531 0.997454096686774 0.4433148988457809 0.13855313282607384
3 2548 3152 3153 0.997454096686774 0.4433148988457809 0.13855313282607384
3 3153 2537 2538 0.997454096686774 0.4433148988457809 0.13855313282607384
3 3152 2537 3153 0.997454096686774 0.4433148988457809 0.13855313282607384
3 2628 2629 2542 0.997454096686774 0.4433148988457809 0.13855313282607384
3 2542 2629 2630 0.997454096686774 0.4433148988457809 0.13855313282607384
3 2630 3159 2542 0.997454096686774 0.4433148988457809 0.13855313282607384
3 2542 3159 3158 0.997454096686774 0.4433148988457809 0.13855313282607384
3 3143 3662 3144 0.997454096686774 0.4433148988457809 0.13855313282607384
3 2775 3662 3143 0.997454096686774 0.4433148988457809 0.13855313282607384
3 3142 2775 3143 0.997454096686774 0.4433148988457809 0.13855313282607384
3 3143 2785 3142 0.997454096686774 0.4433148988457809 0.13855313282607384
3 3436 2796 2797 0.997454096686774 0.4433148988457809 0.13855313282607384
3 3435 2796 3436 0.997454096686774 0.4433148988457809 0.13855313282607384
3 3436 2797 3437 0.997454096686774 0.4433148988457809 0.13855313282607384
3 3437 2610 3436 0.997454096686774 0.4433148988457809 0.13855313282607384
3 2610 2609 3436 0.997454096686774 0.4433148988457809 0.13855313282607384
3 3436 2609 3435 0.997454096686774 0.4433148988457809 0.13855313282607384
3 3586 3711 3565 0.997454096686774 0.4433148988457809 0.13855313282607384
3 3711 3409 3565 0.997454096686774 0.4433148988457809 0.13855313282607384
3 3564 3409 3711 0.997454096686774 0.4433148988457809 0.13855313282607384
3 3408 3409 3564 0.997454096686774 0.4433148988457809 0.13855313282607384
3 3710 3563 3564 0.997454096686774 0.4433148988457809 0.13855313282607384
3 3564 3711 3710 0.997454096686774 0.4433148988457809 0.13855313282607384
3 3564 3563 3407 0.997454096686774 0.4433148988457809 0.13855313282607384
3 3407 3408 3564 0.997454096686774 0.4433148988457809 0.13855313282607384
3 3265 3461 3462 0.997454096686774 0.4433148988457809 0.13855313282607384
3 3690 3689 3265 0.997454096686774 0.4433148988457809 0.13855313282607384
3 3462 3463 3265 0.997454096686774 0.4433148988457809 0.13855313282607384
3 3265 3463 3690 0.997454096686774 0.4433148988457809 0.13855313282607384
3 3688 3409 3687 0.997454096686774 0.4433148988457809 0.13855313282607384
3 3687 3263 3688 0.997454096686774 0.4433148988457809 0.13855313282607384
3 3688 3565 3409 0.997454096686774 0.4433148988457809 0.13855313282607384
3 3689 3565 3688 0.997454096686774 0.4433148988457809 0.13855313282607384
3 3456 3457 3011 0.997454096686774 0.4433148988457809 0.13855313282607384
3 3011 3010 3456 0.997454096686774 0.4433148988457809 0.13855313282607384
3 2459 2546 2547 0.997454096686774 0.4433148988457809 0.13855313282607384
3 2548 2460 2547 0.997454096686774 0.4433148988457809 0.13855313282607384
3 2547 2460 2459 0.997454096686774 0.4433148988457809 0.13855313282607384
3 2547 3152 2548 0.997454096686774 0.4433148988457809 0.13855313282607384
3 3151 3152 2547 0.997454096686774 0.4433148988457809 0.13855313282607384
3 2547 2546 3151 0.997454096686774 0.4433148988457809 0.13855313282607384
3 3151 2546 3150 0.997454096686774 0.4433148988457809 0.13855313282607384
3 3150 2535 3151 0.997454096686774 0.4433148988457809 0.13855313282607384
3 2315 2535 3150 0.997454096686774 0.4433148988457809 0.13855313282607384
3 2458 2546 2459 0.997454096686774 0.4433148988457809 0.13855313282607384
3 2458 3454 3453 0.997454096686774 0.4433148988457809 0.13855313282607384
3 2459 3454 2458 0.997454096686774 0.4433148988457809 0.13855313282607384
3 2457 2458 3453 0.997454096686774 0.4433148988457809 0.13855313282607384
3 3453 2467 3452 0.997454096686774 0.4433148988457809 0.13855313282607384
3 3452 2457 3453 0.997454096686774 0.4433148988457809 0.13855313282607384
3 3449 3448 2318 0.997454096686774 0.4433148988457809 0.13855313282607384
3 2463 3448 3449 0.997454096686774 0.4433148988457809 0.13855313282607384
3 3005 3004 2463 0.997454096686774 0.4433148988457809 0.13855313282607384
3 2473 3004 3005 0.997454096686774 0.4433148988457809 0.13855313282607384
3 3376 2521 2598 0.997454096686774 0.4433148988457809 0.13855313282607384
3 2521 3076 2598 0.997454096686774 0.4433148988457809 0.13855313282607384
3 2598 3076 2589 0.997454096686774 0.4433148988457809 0.13855313282607384
3 2778 2370 2371 0.997454096686774 0.4433148988457809 0.13855313282607384
3 2371 2370 3134 0.997454096686774 0.4433148988457809 0.13855313282607384
3 2371 3136 2372 0.997454096686774 0.4433148988457809 0.13855313282607384
3 2371 2779 2778 0.997454096686774 0.4433148988457809 0.13855313282607384
3 2372 2779 2371 0.997454096686774 0.4433148988457809 0.13855313282607384
3 3134 2365 2366 0.997454096686774 0.4433148988457809 0.13855313282607384
3 2365 2767 2366 0.997454096686774 0.4433148988457809 0.13855313282607384
3 2366 2768 2367 0.997454096686774 0.4433148988457809 0.13855313282607384
3 2366 2767 2768 0.997454096686774 0.4433148988457809 0.13855313282607384
3 2405 2862 3654 0.997454096686774 0.4433148988457809 0.13855313282607384
3 2405 2400 2862 0.997454096686774 0.4433148988457809 0.13855313282607384
3 2405 3654 3653 0.997454096686774 0.4433148988457809 0.13855313282607384
3 2769 3656 2770 0.997454096686774 0.4433148988457809 0.13855313282607384
3 2769 2363 3656 0.997454096686774 0.4433148988457809 0.13855313282607384
3 2770 2368 2769 0.997454096686774 0.4433148988457809 0.13855313282607384
3 2769 2368 2367 0.997454096686774 0.4433148988457809 0.13855313282607384
3 2367 2768 2769 0.997454096686774 0.4433148988457809 0.13855313282607384
3 2768 2363 2769 0.997454096686774 0.4433148988457809 0.13855313282607384
3 2968 2866 2865 0.997454096686774 0.4433148988457809 0.13855313282607384
3 2968 2967 2995 0.997454096686774 0.4433148988457809 0.13855313282607384
3 2968 2865 2967 0.997454096686774 0.4433148988457809 0.13855313282607384
3 3027 3259 3260 0.997454096686774 0.4433148988457809 0.13855313282607384
3 3260 3259 3010 0.997454096686774 0.4433148988457809 0.13855313282607384
3 3260 3010 3011 0.997454096686774 0.4433148988457809 0.13855313282607384
3 3011 3261 3260 0.997454096686774 0.4433148988457809 0.13855313282607384
3 3028 3027 3260 0.997454096686774 0.4433148988457809 0.13855313282607384
3 3260 3261 3028 0.997454096686774 0.4433148988457809 0.13855313282607384
3 3258 3259 3026 0.997454096686774 0.4433148988457809 0.13855313282607384
3 3684 3025 3026 0.997454096686774 0.4433148988457809 0.13855313282607384
3 3025 3258 3026 0.997454096686774 0.4433148988457809 0.13855313282607384
3 3026 3259 3027 0.997454096686774 0.4433148988457809 0.13855313282607384
3 3026 3685 3684 0.997454096686774 0.4433148988457809 0.13855313282607384
3 3027 3685 3026 0.997454096686774 0.4433148988457809 0.13855313282607384
3 3024 3023 3256 0.997454096686774 0.4433148988457809 0.13855313282607384
3 3023 3255 3256 0.997454096686774 0.4433148988457809 0.13855313282607384
3 3257 3024 3256 0.997454096686774 0.4433148988457809 0.13855313282607384
3 2472 3004 2473 0.997454096686774 0.4433148988457809 0.13855313282607384
3 2462 3004 3003 0.997454096686774 0.4433148988457809 0.13855313282607384
3 3003 2471 3002 0.997454096686774 0.4433148988457809 0.13855313282607384
3 3003 2472 2471 0.997454096686774 0.4433148988457809 0.13855313282607384
3 3004 2472 3003 0.997454096686774 0.4433148988457809 0.13855313282607384
3 3003 3002 2461 0.997454096686774 0.4433148988457809 0.13855313282607384
3 2461 2462 3003 0.997454096686774 0.4433148988457809 0.13855313282607384
3 3312 2720 2719 0.997454096686774 0.4433148988457809 0.13855313282607384
3 3312 2719 3311 0.997454096686774 0.4433148988457809 0.13855313282607384
3 3312 2844 2845 0.997454096686774 0.4433148988457809 0.13855313282607384
3 3311 2844 3312 0.997454096686774 0.4433148988457809 0.13855313282607384
3 3527 2623 2622 0.997454096686774 0.4433148988457809 0.13855313282607384
3 2622 2314 2313 0.997454096686774 0.4433148988457809 0.13855313282607384
3 2313 3527 2622 0.997454096686774 0.4433148988457809 0.13855313282607384
3 2622 2623 2536 0.997454096686774 0.4433148988457809 0.13855313282607384
3 2622 2535 2314 0.997454096686774 0.4433148988457809 0.13855313282607384
3 2536 2535 2622 0.997454096686774 0.4433148988457809 0.13855313282607384
3 2538 2624 2625 0.997454096686774 0.4433148988457809 0.13855313282607384
3 3530 2626 2625 0.997454096686774 0.4433148988457809 0.13855313282607384
3 2625 3529 3530 0.997454096686774 0.4433148988457809 0.13855313282607384
3 2624 3529 2625 0.997454096686774 0.4433148988457809 0.13855313282607384
3 3155 2550 3154 0.997454096686774 0.4433148988457809 0.13855313282607384
3 3154 3153 2538 0.997454096686774 0.4433148988457809 0.13855313282607384
3 3458 2550 3459 0.997454096686774 0.4433148988457809 0.13855313282607384
3 3457 2550 3458 0.997454096686774 0.4433148988457809 0.13855313282607384
3 3459 3013 3458 0.997454096686774 0.4433148988457809 0.13855313282607384
3 3458 3012 3457 0.997454096686774 0.4433148988457809 0.13855313282607384
3 3458 3013 3012 0.997454096686774 0.4433148988457809 0.13855313282607384
3 3156 2550 3155 0.997454096686774 0.4433148988457809 0.13855313282607384
3 2627 3532 2628 0.997454096686774 0.4433148988457809 0.13855313282607384
3 3531 3532 2627 0.997454096686774 0.4433148988457809 0.13855313282607384
3 2627 2626 3531 0.997454096686774 0.4433148988457809 0.13855313282607384
3 2626 2627 2540 0.997454096686774 0.4433148988457809 0.13855313282607384
3 3144 3098 2786 0.997454096686774 0.4433148988457809 0.13855313282607384
3 2786 3143 3144 0.997454096686774 0.4433148988457809 0.13855313282607384
3 2786 3098 3097 0.997454096686774 0.4433148988457809 0.13855313282607384
3 3097 2785 2786 0.997454096686774 0.4433148988457809 0.13855313282607384
3 2785 3143 2786 0.997454096686774 0.4433148988457809 0.13855313282607384
3 3712 3689 3566 0.997454096686774 0.4433148988457809 0.13855313282607384
3 3712 3565 3689 0.997454096686774 0.4433148988457809 0.13855313282607384
3 3586 3565 3712 0.997454096686774 0.4433148988457809 0.13855313282607384
3 3566 3587 3712 0.997454096686774 0.4433148988457809 0.13855313282607384
3 3712 3587 3607 0.997454096686774 0.4433148988457809 0.13855313282607384
3 3712 3486 3586 0.997454096686774 0.4433148988457809 0.13855313282607384
3 3712 3607 3486 0.997454096686774 0.4433148988457809 0.13855313282607384
3 3689 3688 3264 0.997454096686774 0.4433148988457809 0.13855313282607384
3 3264 3688 3263 0.997454096686774 0.4433148988457809 0.13855313282607384
3 3264 3263 3014 0.997454096686774 0.4433148988457809 0.13855313282607384
3 3264 3265 3689 0.997454096686774 0.4433148988457809 0.13855313282607384
3 3461 3265 3264 0.997454096686774 0.4433148988457809 0.13855313282607384
3 3460 3461 3264 0.997454096686774 0.4433148988457809 0.13855313282607384
3 3264 3014 3460 0.997454096686774 0.4433148988457809 0.13855313282607384
3 3455 3010 3454 0.997454096686774 0.4433148988457809 0.13855313282607384
3 3455 3456 3010 0.997454096686774 0.4433148988457809 0.13855313282607384
3 2460 3456 3455 0.997454096686774 0.4433148988457809 0.13855313282607384
3 3455 3454 2459 0.997454096686774 0.4433148988457809 0.13855313282607384
3 2459 2460 3455 0.997454096686774 0.4433148988457809 0.13855313282607384
3 2546 2458 2545 0.997454096686774 0.4433148988457809 0.13855313282607384
3 2458 2457 2545 0.997454096686774 0.4433148988457809 0.13855313282607384
3 2457 2544 2545 0.997454096686774 0.4433148988457809 0.13855313282607384
3 2545 3150 2546 0.997454096686774 0.4433148988457809 0.13855313282607384
3 2467 3008 2466 0.997454096686774 0.4433148988457809 0.13855313282607384
3 2466 3452 2467 0.997454096686774 0.4433148988457809 0.13855313282607384
3 3451 3452 2466 0.997454096686774 0.4433148988457809 0.13855313282607384
3 2318 2317 2454 0.997454096686774 0.4433148988457809 0.13855313282607384
3 2454 3449 2318 0.997454096686774 0.4433148988457809 0.13855313282607384
3 2454 3450 3449 0.997454096686774 0.4433148988457809 0.13855313282607384
3 2522 2529 3376 0.997454096686774 0.4433148988457809 0.13855313282607384
3 3376 2598 2522 0.997454096686774 0.4433148988457809 0.13855313282607384
3 3377 2529 2522 0.997454096686774 0.4433148988457809 0.13855313282607384
3 2522 2599 3377 0.997454096686774 0.4433148988457809 0.13855313282607384
3 3077 2598 2589 0.997454096686774 0.4433148988457809 0.13855313282607384
3 2590 2599 3077 0.997454096686774 0.4433148988457809 0.13855313282607384
3 2599 2522 3077 0.997454096686774 0.4433148988457809 0.13855313282607384
3 3077 2522 2598 0.997454096686774 0.4433148988457809 0.13855313282607384
3 3077 2589 3413 0.997454096686774 0.4433148988457809 0.13855313282607384
3 3413 2590 3077 0.997454096686774 0.4433148988457809 0.13855313282607384
3 3135 2371 3134 0.997454096686774 0.4433148988457809 0.13855313282607384
3 3134 2366 3135 0.997454096686774 0.4433148988457809 0.13855313282607384
3 3136 2371 3135 0.997454096686774 0.4433148988457809 0.13855313282607384
3 2367 3136 3135 0.997454096686774 0.4433148988457809 0.13855313282607384
3 3135 2366 2367 0.997454096686774 0.4433148988457809 0.13855313282607384
3 2400 2405 2861 0.997454096686774 0.4433148988457809 0.13855313282607384
3 2861 2399 2964 0.997454096686774 0.4433148988457809 0.13855313282607384
3 2964 2400 2861 0.997454096686774 0.4433148988457809 0.13855313282607384
3 2404 2399 2861 0.997454096686774 0.4433148988457809 0.13855313282607384
3 2861 3653 2404 0.997454096686774 0.4433148988457809 0.13855313282607384
3 2861 2405 3653 0.997454096686774 0.4433148988457809 0.13855313282607384
3 2995 3383 2996 0.997454096686774 0.4433148988457809 0.13855313282607384
3 2996 2968 2995 0.997454096686774 0.4433148988457809 0.13855313282607384
3 3383 3384 2996 0.997454096686774 0.4433148988457809 0.13855313282607384
3 2473 3255 3254 0.997454096686774 0.4433148988457809 0.13855313282607384
3 3254 2472 2473 0.997454096686774 0.4433148988457809 0.13855313282607384
3 3254 3255 2481 0.997454096686774 0.4433148988457809 0.13855313282607384
3 3254 2480 3253 0.997454096686774 0.4433148988457809 0.13855313282607384
3 2481 2480 3254 0.997454096686774 0.4433148988457809 0.13855313282607384
3 3253 2471 3254 0.997454096686774 0.4433148988457809 0.13855313282607384
3 2471 2472 3254 0.997454096686774 0.4433148988457809 0.13855313282607384
3 3313 3312 2845 0.997454096686774 0.4433148988457809 0.13855313282607384
3 2720 3312 3313 0.997454096686774 0.4433148988457809 0.13855313282607384
3 3314 2720 3313 0.997454096686774 0.4433148988457809 0.13855313282607384
3 3601 3314 3313 0.997454096686774 0.4433148988457809 0.13855313282607384
3 2845 3600 3313 0.997454096686774 0.4433148988457809 0.13855313282607384
3 3313 3600 3601 0.997454096686774 0.4433148988457809 0.13855313282607384
3 2549 3154 2550 0.997454096686774 0.4433148988457809 0.13855313282607384
3 2549 2460 2548 0.997454096686774 0.4433148988457809 0.13855313282607384
3 2548 3153 2549 0.997454096686774 0.4433148988457809 0.13855313282607384
3 3153 3154 2549 0.997454096686774 0.4433148988457809 0.13855313282607384
3 2549 3456 2460 0.997454096686774 0.4433148988457809 0.13855313282607384
3 2549 2550 3457 0.997454096686774 0.4433148988457809 0.13855313282607384
3 3457 3456 2549 0.997454096686774 0.4433148988457809 0.13855313282607384
3 3459 2550 3157 0.997454096686774 0.4433148988457809 0.13855313282607384
3 2550 3156 3157 0.997454096686774 0.4433148988457809 0.13855313282607384
3 3157 3158 3459 0.997454096686774 0.4433148988457809 0.13855313282607384
3 3157 2542 3158 0.997454096686774 0.4433148988457809 0.13855313282607384
3 3157 3156 2542 0.997454096686774 0.4433148988457809 0.13855313282607384
3 2538 2625 2539 0.997454096686774 0.4433148988457809 0.13855313282607384
3 2539 3154 2538 0.997454096686774 0.4433148988457809 0.13855313282607384
3 2539 2625 2626 0.997454096686774 0.4433148988457809 0.13855313282607384
3 2626 2540 2539 0.997454096686774 0.4433148988457809 0.13855313282607384
3 3155 3154 2539 0.997454096686774 0.4433148988457809 0.13855313282607384
3 2539 2540 3155 0.997454096686774 0.4433148988457809 0.13855313282607384
3 2541 3156 3155 0.997454096686774 0.4433148988457809 0.13855313282607384
3 3155 2540 2541 0.997454096686774 0.4433148988457809 0.13855313282607384
3 2542 3156 2541 0.997454096686774 0.4433148988457809 0.13855313282607384
3 2541 2540 2627 0.997454096686774 0.4433148988457809 0.13855313282607384
3 2628 2542 2541 0.997454096686774 0.4433148988457809 0.13855313282607384
3 2541 2627 2628 0.997454096686774 0.4433148988457809 0.13855313282607384
3 3149 2544 2316 0.997454096686774 0.4433148988457809 0.13855313282607384
3 3149 2316 2315 0.997454096686774 0.4433148988457809 0.13855313282607384
3 2315 3150 3149 0.997454096686774 0.4433148988457809 0.13855313282607384
3 3150 2545 3149 0.997454096686774 0.4433148988457809 0.13855313282607384
3 3149 2545 2544 0.997454096686774 0.4433148988457809 0.13855313282607384
3 2456 2544 2457 0.997454096686774 0.4433148988457809 0.13855313282607384
3 2456 3452 3451 0.997454096686774 0.4433148988457809 0.13855313282607384
3 2457 3452 2456 0.997454096686774 0.4433148988457809 0.13855313282607384
3 3451 2466 2465 0.997454096686774 0.4433148988457809 0.13855313282607384
3 2465 3450 3451 0.997454096686774 0.4433148988457809 0.13855313282607384
3 2866 2968 2969 0.997454096686774 0.4433148988457809 0.13855313282607384
3 2968 2996 2969 0.997454096686774 0.4433148988457809 0.13855313282607384
3 2867 2866 2969 0.997454096686774 0.4433148988457809 0.13855313282607384
3 2969 2997 2867 0.997454096686774 0.4433148988457809 0.13855313282607384
3 3384 2997 2969 0.997454096686774 0.4433148988457809 0.13855313282607384
3 2969 2996 3384 0.997454096686774 0.4433148988457809 0.13855313282607384
3 3451 3450 2455 0.997454096686774 0.4433148988457809 0.13855313282607384
3 2455 2456 3451 0.997454096686774 0.4433148988457809 0.13855313282607384
3 3450 2454 2455 0.997454096686774 0.4433148988457809 0.13855313282607384
3 2455 2454 2317 0.997454096686774 0.4433148988457809 0.13855313282607384
3 3450 2465 2464 0.997454096686774 0.4433148988457809 0.13855313282607384
3 2464 3005 2463 0.997454096686774 0.4433148988457809 0.13855313282607384
3 2463 3449 2464 0.997454096686774 0.4433148988457809 0.13855313282607384
3 3449 3450 2464 0.997454096686774 0.4433148988457809 0.13855313282607384
3 2473 3005 2474 0.997454096686774 0.4433148988457809 0.13855313282607384
3 3257 3256 2474 0.997454096686774 0.4433148988457809 0.13855313282607384
3 2474 3255 2473 0.997454096686774 0.4433148988457809 0.13855313282607384
3 2474 3256 3255 0.997454096686774 0.4433148988457809 0.13855313282607384
3 2544 2456 2543 0.997454096686774 0.4433148988457809 0.13855313282607384
3 2456 2455 2543 0.997454096686774 0.4433148988457809 0.13855313282607384
3 2543 2455 2317 0.997454096686774 0.4433148988457809 0.13855313282607384
3 2543 2317 2316 0.997454096686774 0.4433148988457809 0.13855313282607384
3 2316 2544 2543 0.997454096686774 0.4433148988457809 0.13855313282607384
3 3257 2474 3007 0.997454096686774 0.4433148988457809 0.13855313282607384
3 3007 3008 3257 0.997454096686774 0.4433148988457809 0.13855313282607384
3 3007 2466 3008 0.997454096686774 0.4433148988457809 0.13855313282607384
3 3007 2465 2466 0.997454096686774 0.4433148988457809 0.13855313282607384
3 2465 3007 3006 0.997454096686774 0.4433148988457809 0.13855313282607384
3 3006 3007 2474 0.997454096686774 0.4433148988457809 0.13855313282607384
3 3006 2474 3005 0.997454096686774 0.4433148988457809 0.13855313282607384
3 3005 2464 3006 0.997454096686774 0.4433148988457809 0.13855313282607384
3 3006 2464 2465 0.997454096686774 0.4433148988457809 0.13855313282607384
3 3723 3726 3719 0.997454096686774 0.4433148988457809 0.13855313282607384
3 3722 3726 3723 0.997454096686774 0.4433148988457809 0.13855313282607384
3 3728 3726 3722 0.997454096686774 0.4433148988457809 0.13855313282607384
3 3728 3720 3726 0.997454096686774 0.4433148988457809 0.13855313282607384
3 3729 3720 3728 0.997454096686774 0.4433148988457809 0.13855313282607384
3 3722 3718 3728 0.997454096686774 0.4433148988457809 0.13855313282607384
3 3728 3718 3729 0.997454096686774 0.4433148988457809 0.13855313282607384
3 3725 3720 3729 0.997454096686774 0.4433148988457809 0.13855313282607384
3 3725 3718 3716 0.997454096686774 0.4433148988457809 0.13855313282607384
3 3729 3718 3725 0.997454096686774 0.4433148988457809 0.13855313282607384
3 3732 3767 3733 0.997454096686774 0.4433148988457809 0.13855313282607384
3 3737 3763 3762 0.997454096686774 0.4433148988457809 0.13855313282607384
3 3768 3732 3730 0.997454096686774 0.4433148988457809 0.13855313282607384
3 3767 3732 3768 0.997454096686774 0.4433148988457809 0.13855313282607384
3 3736 3763 3737 0.997454096686774 0.4433148988457809 0.13855313282607384
3 3734 3765 3735 0.997454096686774 0.4433148988457809 0.13855313282607384
3 3763 3736 3764 0.997454096686774 0.4433148988457809 0.13855313282607384
3 3735 3765 3764 0.997454096686774 0.4433148988457809 0.13855313282607384
3 3764 3736 3735 0.997454096686774 0.4433148988457809 0.13855313282607384
3 3765 3734 3766 0.997454096686774 0.4433148988457809 0.13855313282607384
3 3733 3767 3766 0.997454096686774 0.4433148988457809 0.13855313282607384
3 3766 3734 3733 0.997454096686774 0.4433148988457809 0.13855313282607384
3 3744 3743 3745 0.997454096686774 0.4433148988457809 0.13855313282607384
3 3750 3739 3738 0.997454096686774 0.4433148988457809 0.13855313282607384
3 3737 3762 3738 0.997454096686774 0.4433148988457809 0.13855313282607384
3 3760 3753 3752 0.997454096686774 0.4433148988457809 0.13855313282607384
3 3741 3747 3742 0.997454096686774 0.4433148988457809 0.13855313282607384
3 3746 3742 3747 0.997454096686774 0.4433148988457809 0.13855313282607384
3 3746 3745 3743 0.997454096686774 0.4433148988457809 0.13855313282607384
3 3743 3742 3746 0.997454096686774 0.4433148988457809 0.13855313282607384
3 3748 3747 3741 0.997454096686774 0.4433148988457809 0.13855313282607384
3 3741 3740 3748 0.997454096686774 0.4433148988457809 0.13855313282607384
3 3755 3758 3756 0.997454096686774 0.4433148988457809 0.13855313282607384
3 3759 3753 3760 0.997454096686774 0.4433148988457809 0.13855313282607384
3 3760 3752 3761 0.997454096686774 0.4433148988457809 0.13855313282607384
3 3750 3738 3751 0.997454096686774 0.4433148988457809 0.13855313282607384
3 3751 3738 3762 0.997454096686774 0.4433148988457809 0.13855313282607384
3 3762 3761 3751 0.997454096686774 0.4433148988457809 0.13855313282607384
3 3751 3761 3752 0.997454096686774 0.4433148988457809 0.13855313282607384
3 3749 3740 3739 0.997454096686774 0.4433148988457809 0.13855313282607384
3 3749 3748 3740 0.997454096686774 0.4433148988457809 0.13855313282607384
3 3749 3739 3750 0.997454096686774 0.4433148988457809 0.13855313282607384
3 3753 3759 3754 0.997454096686774 0.4433148988457809 0.13855313282607384
3 3758 3755 3754 0.997454096686774 0.4433148988457809 0.13855313282607384
3 3754 3759 3758 0.997454096686774 0.4433148988457809 0.13855313282607384
3 3779 3780 3800 0.997454096686774 0.4433148988457809 0.13855313282607384
3 3781 3782 3802 0.997454096686774 0.4433148988457809 0.13855313282607384
3 3810 3791 3792 0.997454096686774 0.4433148988457809 0.13855313282607384
3 3779 3800 3817 0.997454096686774 0.4433148988457809 0.13855313282607384
3 3777 3779 3817 0.997454096686774 0.4433148988457809 0.13855313282607384
3 3817 3776 3777 0.997454096686774 0.4433148988457809 0.13855313282607384
3 3818 3800 3801 0.997454096686774 0.4433148988457809 0.13855313282607384
3 3776 3817 3818 0.997454096686774 0.4433148988457809 0.13855313282607384
3 3818 3817 3800 0.997454096686774 0.4433148988457809 0.13855313282607384
3 3805 3843 3842 0.997454096686774 0.4433148988457809 0.13855313282607384
3 3840 3782 3783 0.997454096686774 0.4433148988457809 0.13855313282607384
3 3820 3800 3780 0.997454096686774 0.4433148988457809 0.13855313282607384
3 3820 3780 3781 0.997454096686774 0.4433148988457809 0.13855313282607384
3 3781 3802 3820 0.997454096686774 0.4433148988457809 0.13855313282607384
3 3801 3800 3820 0.997454096686774 0.4433148988457809 0.13855313282607384
3 3835 3843 3856 0.997454096686774 0.4433148988457809 0.13855313282607384
3 3832 3772 3797 0.997454096686774 0.4433148988457809 0.13855313282607384
3 3822 3842 3839 0.997454096686774 0.4433148988457809 0.13855313282607384
3 3842 3843 3839 0.997454096686774 0.4433148988457809 0.13855313282607384
3 3843 3835 3839 0.997454096686774 0.4433148988457809 0.13855313282607384
3 3796 3772 3773 0.997454096686774 0.4433148988457809 0.13855313282607384
3 3796 3797 3772 0.997454096686774 0.4433148988457809 0.13855313282607384
3 3816 3797 3815 0.997454096686774 0.4433148988457809 0.13855313282607384
3 3797 3796 3815 0.997454096686774 0.4433148988457809 0.13855313282607384
3 3815 3796 3773 0.997454096686774 0.4433148988457809 0.13855313282607384
3 3789 3791 3848 0.997454096686774 0.4433148988457809 0.13855313282607384
3 3848 3788 3789 0.997454096686774 0.4433148988457809 0.13855313282607384
3 3848 3791 3810 0.997454096686774 0.4433148988457809 0.13855313282607384
3 3810 3788 3848 0.997454096686774 0.4433148988457809 0.13855313282607384
3 3787 3788 3826 0.997454096686774 0.4433148988457809 0.13855313282607384
3 3830 3813 3831 0.997454096686774 0.4433148988457809 0.13855313282607384
3 3846 3807 3845 0.997454096686774 0.4433148988457809 0.13855313282607384
3 3831 3813 3853 0.997454096686774 0.4433148988457809 0.13855313282607384
3 3853 3854 3831 0.997454096686774 0.4433148988457809 0.13855313282607384
3 3836 3775 3776 0.997454096686774 0.4433148988457809 0.13855313282607384
3 3776 3818 3836 0.997454096686774 0.4433148988457809 0.13855313282607384
3 3804 3805 3842 0.997454096686774 0.4433148988457809 0.13855313282607384
3 3783 3784 3804 0.997454096686774 0.4433148988457809 0.13855313282607384
3 3804 3784 3823 0.997454096686774 0.4433148988457809 0.13855313282607384
3 3823 3805 3804 0.997454096686774 0.4433148988457809 0.13855313282607384
3 3841 3842 3822 0.997454096686774 0.4433148988457809 0.13855313282607384
3 3841 3804 3842 0.997454096686774 0.4433148988457809 0.13855313282607384
3 3841 3840 3783 0.997454096686774 0.4433148988457809 0.13855313282607384
3 3783 3804 3841 0.997454096686774 0.4433148988457809 0.13855313282607384
3 3803 3841 3822 0.997454096686774 0.4433148988457809 0.13855313282607384
3 3840 3841 3803 0.997454096686774 0.4433148988457809 0.13855313282607384
3 3803 3802 3782 0.997454096686774 0.4433148988457809 0.13855313282607384
3 3782 3840 3803 0.997454096686774 0.4433148988457809 0.13855313282607384
3 3847 3807 3846 0.997454096686774 0.4433148988457809 0.13855313282607384
3 3855 3835 3856 0.997454096686774 0.4433148988457809 0.13855313282607384
3 3856 3847 3855 0.997454096686774 0.4433148988457809 0.13855313282607384
3 3834 3855 3854 0.997454096686774 0.4433148988457809 0.13855313282607384
3 3835 3855 3834 0.997454096686774 0.4433148988457809 0.13855313282607384
3 3834 3797 3816 0.997454096686774 0.4433148988457809 0.13855313282607384
3 3816 3839 3834 0.997454096686774 0.4433148988457809 0.13855313282607384
3 3834 3839 3835 0.997454096686774 0.4433148988457809 0.13855313282607384
3 3838 3819 3822 0.997454096686774 0.4433148988457809 0.13855313282607384
3 3799 3819 3838 0.997454096686774 0.4433148988457809 0.13855313282607384
3 3838 3815 3799 0.997454096686774 0.4433148988457809 0.13855313282607384
3 3822 3839 3838 0.997454096686774 0.4433148988457809 0.13855313282607384
3 3838 3839 3816 0.997454096686774 0.4433148988457809 0.13855313282607384
3 3816 3815 3838 0.997454096686774 0.4433148988457809 0.13855313282607384
3 3837 3818 3801 0.997454096686774 0.4433148988457809 0.13855313282607384
3 3801 3819 3837 0.997454096686774 0.4433148988457809 0.13855313282607384
3 3837 3836 3818 0.997454096686774 0.4433148988457809 0.13855313282607384
3 3837 3819 3799 0.997454096686774 0.4433148988457809 0.13855313282607384
3 3773 3774 3814 0.997454096686774 0.4433148988457809 0.13855313282607384
3 3814 3774 3799 0.997454096686774 0.4433148988457809 0.13855313282607384
3 3814 3815 3773 0.997454096686774 0.4433148988457809 0.13855313282607384
3 3799 3815 3814 0.997454096686774 0.4433148988457809 0.13855313282607384
3 3787 3826 3827 0.997454096686774 0.4433148988457809 0.13855313282607384
3 3810 3792 3829 0.997454096686774 0.4433148988457809 0.13855313282607384
3 3770 3813 3812 0.997454096686774 0.4433148988457809 0.13855313282607384
3 3813 3830 3812 0.997454096686774 0.4433148988457809 0.13855313282607384
3 3846 3845 3851 0.997454096686774 0.4433148988457809 0.13855313282607384
3 3851 3847 3846 0.997454096686774 0.4433148988457809 0.13855313282607384
3 3831 3854 3851 0.997454096686774 0.4433148988457809 0.13855313282607384
3 3854 3855 3851 0.997454096686774 0.4433148988457809 0.13855313282607384
3 3851 3855 3847 0.997454096686774 0.4433148988457809 0.13855313282607384
3 3809 3827 3850 0.997454096686774 0.4433148988457809 0.13855313282607384
3 3785 3845 3806 0.997454096686774 0.4433148988457809 0.13855313282607384
3 3806 3845 3807 0.997454096686774 0.4433148988457809 0.13855313282607384
3 3806 3784 3785 0.997454096686774 0.4433148988457809 0.13855313282607384
3 3823 3784 3806 0.997454096686774 0.4433148988457809 0.13855313282607384
3 3806 3807 3823 0.997454096686774 0.4433148988457809 0.13855313282607384
3 3795 3772 3832 0.997454096686774 0.4433148988457809 0.13855313282607384
3 3832 3853 3795 0.997454096686774 0.4433148988457809 0.13855313282607384
3 3770 3772 3795 0.997454096686774 0.4433148988457809 0.13855313282607384
3 3795 3813 3770 0.997454096686774 0.4433148988457809 0.13855313282607384
3 3795 3853 3813 0.997454096686774 0.4433148988457809 0.13855313282607384
3 3821 3803 3822 0.997454096686774 0.4433148988457809 0.13855313282607384
3 3821 3819 3801 0.997454096686774 0.4433148988457809 0.13855313282607384
3 3822 3819 3821 0.997454096686774 0.4433148988457809 0.13855313282607384
3 3801 3820 3821 0.997454096686774 0.4433148988457809 0.13855313282607384
3 3821 3820 3802 0.997454096686774 0.4433148988457809 0.13855313282607384
3 3802 3803 3821 0.997454096686774 0.4433148988457809 0.13855313282607384
3 3807 3847 3825 0.997454096686774 0.4433148988457809 0.13855313282607384
3 3843 3805 3825 0.997454096686774 0.4433148988457809 0.13855313282607384
3 3856 3843 3825 0.997454096686774 0.4433148988457809 0.13855313282607384
3 3825 3847 3856 0.997454096686774 0.4433148988457809 0.13855313282607384
3 3833 3834 3854 0.997454096686774 0.4433148988457809 0.13855313282607384
3 3833 3853 3832 0.997454096686774 0.4433148988457809 0.13855313282607384
3 3854 3853 3833 0.997454096686774 0.4433148988457809 0.13855313282607384
3 3832 3797 3833 0.997454096686774 0.4433148988457809 0.13855313282607384
3 3797 3834 3833 0.997454096686774 0.4433148988457809 0.13855313282607384
3 3799 3774 3798 0.997454096686774 0.4433148988457809 0.13855313282607384
3 3798 3837 3799 0.997454096686774 0.4433148988457809 0.13855313282607384
3 3798 3774 3775 0.997454096686774 0.4433148988457809 0.13855313282607384
3 3775 3836 3798 0.997454096686774 0.4433148988457809 0.13855313282607384
3 3836 3837 3798 0.997454096686774 0.4433148988457809 0.13855313282607384
3 3808 3786 3787 0.997454096686774 0.4433148988457809 0.13855313282607384
3 3787 3827 3808 0.997454096686774 0.4433148988457809 0.13855313282607384
3 3808 3809 3786 0.997454096686774 0.4433148988457809 0.13855313282607384
3 3827 3809 3808 0.997454096686774 0.4433148988457809 0.13855313282607384
3 3849 3827 3826 0.997454096686774 0.4433148988457809 0.13855313282607384
3 3849 3788 3810 0.997454096686774 0.4433148988457809 0.13855313282607384
3 3849 3826 3788 0.997454096686774 0.4433148988457809 0.13855313282607384
3 3830 3829 3793 0.997454096686774 0.4433148988457809 0.13855313282607384
3 3793 3812 3830 0.997454096686774 0.4433148988457809 0.13855313282607384
3 3793 3829 3792 0.997454096686774 0.4433148988457809 0.13855313282607384
3 3770 3812 3793 0.997454096686774 0.4433148988457809 0.13855313282607384
3 3786 3809 3844 0.997454096686774 0.4433148988457809 0.13855313282607384
3 3844 3809 3845 0.997454096686774 0.4433148988457809 0.13855313282607384
3 3785 3786 3844 0.997454096686774 0.4433148988457809 0.13855313282607384
3 3844 3845 3785 0.997454096686774 0.4433148988457809 0.13855313282607384
3 3828 3851 3845 0.997454096686774 0.4433148988457809 0.13855313282607384
3 3845 3809 3828 0.997454096686774 0.4433148988457809 0.13855313282607384
3 3831 3851 3828 0.997454096686774 0.4433148988457809 0.13855313282607384
3 3828 3809 3850 0.997454096686774 0.4433148988457809 0.13855313282607384
3 3828 3830 3831 0.997454096686774 0.4433148988457809 0.13855313282607384
3 3850 3830 3828 0.997454096686774 0.4433148988457809 0.13855313282607384
3 3823 3807 3824 0.997454096686774 0.4433148988457809 0.13855313282607384
3 3807 3825 3824 0.997454096686774 0.4433148988457809 0.13855313282607384
3 3824 3805 3823 0.997454096686774 0.4433148988457809 0.13855313282607384
3 3824 3825 3805 0.997454096686774 0.4433148988457809 0.13855313282607384
3 3827 3849 3811 0.997454096686774 0.4433148988457809 0.13855313282607384
3 3850 3827 3811 0.997454096686774 0.4433148988457809 0.13855313282607384
3 3810 3829 3811 0.997454096686774 0.4433148988457809 0.13855313282607384
3 3811 3849 3810 0.997454096686774 0.4433148988457809 0.13855313282607384
3 3811 3830 3850 0.997454096686774 0.4433148988457809 0.13855313282607384
3 3811 3829 3830 0.997454096686774 0.4433148988457809 0.13855313282607384
