OFF
1267 1901 0


27.2608 34.936 5.7453
27.2608 34.936 5.7453
27.2835 34.8886 5.7754
27.2733 34.8319 5.8969
27.267 34.8838 5.821
27.2608 34.936 5.7453
27.3065 34.8412 5.8053
27.2899 34.8364 5.8511
27.2733 34.8319 5.8969
27.2667 34.9104 5.7759
27.2729 34.8582 5.852
27.2667 34.9104 5.7759
27.2896 34.8632 5.8055
27.2725 34.8854 5.8058
27.2733 34.8319 5.8969
27.2733 34.8319 5.8969
27.2624 34.7497 6.0128
27.2523 34.6758 6.118
27.2427 34.6085 6.2148
27.2334 34.5465 6.3048
27.2245 34.4889 6.3894
27.2157 34.4347 6.4697
27.2071 34.3833 6.5468
27.1985 34.3341 6.6213
27.1898 34.2867 6.6941
27.1811 34.2406 6.7657
27.1721 34.1954 6.8367
27.1629 34.1508 6.9078
27.1533 34.1065 6.9795
27.1433 34.062 7.0524
27.1327 34.0172 7.127
27.1214 33.9717 7.2042
27.1093 33.9251 7.2845
27.0962 33.8771 7.3689
27.0819 33.8272 7.4582
27.0661 33.7751 7.5537
27.0485 33.72 7.6567
27.0287 33.6614 7.7688
27.0063 33.5985 7.8922
27.0063 33.5985 7.8922
27.0023 33.5476 7.9573
26.9983 33.4968 8.0223
26.9943 33.446 8.0874
26.9903 33.3952 8.1525
26.9863 33.3443 8.2175
26.9823 33.2935 8.2826
26.9783 33.2427 8.3477
26.9743 33.1919 8.4127
26.9703 33.141 8.4778
26.9703 33.141 8.4778
27.0436 33.0567 8.3897
27.1085 32.9816 8.312
27.1671 32.9135 8.2424
27.2208 32.8508 8.179
27.2706 32.7923 8.1204
27.3176 32.7369 8.0654
27.3624 32.6838 8.0133
27.4056 32.6323 7.9632
27.4479 32.5818 7.9144
27.4896 32.5317 7.8665
27.5314 32.4814 7.8187
27.5737 32.4302 7.7707
27.6169 32.3777 7.7217
27.6617 32.3231 7.6713
27.7087 32.2655 7.6186
27.7586 32.2042 7.563
27.8122 32.1379 7.5035
27.8709 32.0651 7.4388
27.9359 31.9841 7.3674
28.0094 31.8921 7.2873
28.0094 31.8921 7.2873
28.0399 31.8917 7.2128
28.0705 31.8913 7.1382
28.1011 31.8909 7.0637
28.1316 31.8904 6.9892
28.1622 31.89 6.9147
28.1928 31.8896 6.8402
28.2234 31.8892 6.7657
28.2539 31.8888 6.6911
28.2845 31.8884 6.6166
28.3151 31.888 6.5421
28.3151 31.888 6.5421
28.3036 31.922 6.5332
28.2922 31.956 6.5242
28.2922 31.956 6.5242
28.2408 32.0724 6.5237
28.1923 32.1834 6.5219
28.1464 32.2899 6.5189
28.1027 32.3924 6.5146
28.061 32.4915 6.5091
28.0212 32.5876 6.5022
27.983 32.6813 6.4941
27.9463 32.7728 6.4846
27.911 32.8625 6.4738
27.8769 32.9506 6.4615
27.844 33.0374 6.4479
27.8121 33.1232 6.4327
27.7813 33.2082 6.4161
27.7513 33.2924 6.3979
27.7222 33.3762 6.3782
27.6939 33.4597 6.3569
27.6663 33.5431 6.334
27.6393 33.6265 6.3094
27.6129 33.7102 6.2831
27.587 33.7944 6.2552
27.5615 33.8793 6.2254
27.5363 33.9652 6.1939
27.5113 34.0524 6.1604
27.4865 34.141 6.1249
27.4617 34.2316 6.0873
27.4368 34.3245 6.0474
27.4117 34.4201 6.0051
27.3863 34.5189 5.96
27.3604 34.6216 5.9119
27.3338 34.7288 5.8605
27.3065 34.8412 5.8053
27.2899 34.8364 5.8511
27.2733 34.8319 5.8969
26.9703 33.141 8.4778
26.9703 33.141 8.4778
26.9697 33.1406 8.4784
26.9691 33.1401 8.4789
26.9691 33.1401 8.4789
26.9163 33.0697 8.5279
26.8636 32.9994 8.5773
26.8636 32.9994 8.5773
26.8289 32.9369 8.6081
26.7945 32.8743 8.639
26.7945 32.8743 8.639
26.8697 32.7888 8.5486
26.9337 32.7168 8.4722
26.9901 32.6541 8.4055
27.0412 32.5977 8.3452
27.0889 32.5456 8.2894
27.1346 32.4962 8.2362
27.1795 32.4481 8.1843
27.2245 32.4003 8.1325
27.2709 32.3514 8.0793
27.3199 32.3003 8.0236
27.373 32.2455 7.9635
27.4322 32.185 7.8971
27.5003 32.1164 7.8212
27.5813 32.0358 7.7316
27.5813 32.0358 7.7316
27.6769 31.9887 7.6303
27.7447 31.9549 7.5587
27.8058 31.924 7.4946
27.8737 31.8893 7.4235
28.0094 31.8921 7.2873
27.9359 31.9841 7.3674
27.8709 32.0651 7.4388
27.8122 32.1379 7.5035
27.7586 32.2042 7.563
27.7087 32.2655 7.6186
27.6617 32.3231 7.6713
27.6169 32.3777 7.7217
27.5737 32.4302 7.7707
27.5314 32.4814 7.8187
27.4896 32.5317 7.8665
27.4479 32.5818 7.9144
27.4056 32.6323 7.9632
27.3624 32.6838 8.0133
27.3176 32.7369 8.0654
27.2706 32.7923 8.1204
27.2208 32.8508 8.179
27.1671 32.9135 8.2424
27.1085 32.9816 8.312
27.0436 33.0567 8.3897
26.9703 33.141 8.4778
27.9695 31.8398 7.3237
27.9695 31.8398 7.3237
27.9895 31.8659 7.3054
26.8823 32.8922 8.5456
26.9338 32.8492 8.4855
26.9837 32.8076 8.4275
27.1134 32.542 8.263
27.1376 32.5383 8.2369
27.1616 32.5347 8.211
27.1855 32.5311 8.1854
27.1952 32.4536 8.1682
27.2108 32.459 8.1521
27.2263 32.4644 8.1361
27.2418 32.4698 8.1203
27.2781 32.3657 8.073
27.2852 32.38 8.0667
27.2923 32.3943 8.0605
27.2994 32.4085 8.0542
27.7591 31.9827 7.5461
27.714 32.0396 7.5961
27.6702 32.0949 7.6448
27.6276 32.1489 7.6925
27.6745 32.2882 7.6553
27.6408 32.3107 7.6917
27.6075 32.3329 7.7277
27.5745 32.3549 7.7634
27.5921 32.3896 7.7482
27.5675 32.4014 7.7746
27.5429 32.4132 7.801
27.5185 32.4249 7.8272
27.5148 32.4837 7.8362
27.4982 32.486 7.8536
27.4816 32.4883 7.871
27.465 32.4906 7.8884
27.4389 32.575 7.9232
27.4299 32.5683 7.9319
27.4209 32.5615 7.9406
27.4119 32.5546 7.9494
27.3611 32.6677 8.0131
27.3598 32.6516 8.0129
27.3586 32.6356 8.0126
27.3573 32.6195 8.0124
27.2777 32.766 8.1102
27.2848 32.7398 8.1002
27.2919 32.7137 8.0901
27.299 32.6876 8.0801
26.9601 33.0119 8.4744
27.0025 32.9561 8.4228
27.0437 32.902 8.3729
27.0839 32.8494 8.3244
27.1232 32.7981 8.2772
26.9744 32.696 8.4264
27.0142 32.6757 8.3816
27.0533 32.6559 8.3378
27.0918 32.6363 8.2949
27.1296 32.6172 8.2527
27.0705 32.589 8.3132
27.0993 32.5804 8.2815
27.1279 32.572 8.2503
27.1562 32.5636 8.2194
27.1843 32.5553 8.1889
27.3707 32.2696 7.9679
27.3684 32.2937 7.9722
27.3662 32.3176 7.9766
27.364 32.3415 7.9809
27.3617 32.3653 7.9852
27.7049 32.0095 7.6031
27.6663 32.0628 7.6464
27.6287 32.1148 7.6888
27.5919 32.1658 7.7305
27.5558 32.2159 7.7715
27.8181 32.1092 7.4954
27.767 32.152 7.5504
27.7173 32.1937 7.6042
27.6689 32.2345 7.6568
27.6214 32.2745 7.7086
27.719 32.2331 7.6055
27.6802 32.2616 7.6474
27.6419 32.2896 7.6888
27.6043 32.3173 7.7297
27.567 32.3448 7.7703
27.1841 32.875 8.2204
27.2009 32.837 8.1986
27.2176 32.7993 8.1771
27.2342 32.762 8.1558
27.2507 32.725 8.1347
26.9177 32.7602 8.4938
26.9645 32.7325 8.4407
27.01 32.7055 8.389
27.0546 32.6792 8.3387
27.0983 32.6534 8.2895
27.1413 32.6281 8.2414
27.4859 32.153 7.8389
27.4717 32.1894 7.8564
27.4576 32.2254 7.8739
27.4436 32.2611 7.8912
27.4298 32.2966 7.9085
27.4161 32.332 7.9256
27.8748 32.0377 7.4328
27.8161 32.0894 7.496
27.7595 32.1394 7.5571
27.7047 32.1879 7.6166
27.6513 32.2353 7.6749
27.5992 32.2817 7.732
27.0733 33.0023 8.3519
27.1024 32.9492 8.3151
27.131 32.8973 8.2791
27.1591 32.8463 8.2439
27.1869 32.7962 8.2093
27.2143 32.7468 8.1754
26.8518 32.8359 8.5728
26.907 32.799 8.5093
26.9604 32.7633 8.4482
27.0122 32.7288 8.389
27.0628 32.6952 8.3315
27.1122 32.6624 8.2756
27.1607 32.6304 8.2209
27.236 32.4101 8.1212
27.2474 32.4199 8.11
27.2588 32.4297 8.0988
27.2701 32.4395 8.0877
27.2815 32.4492 8.0766
27.2928 32.4588 8.0656
27.304 32.4685 8.0546
27.6445 32.0392 7.667
27.6129 32.0886 7.7031
27.5819 32.1371 7.7386
27.5515 32.1849 7.7735
27.5216 32.232 7.8081
27.4921 32.2785 7.8423
27.463 32.3246 7.8763
27.938 31.9575 7.3634
27.8703 32.0197 7.4361
27.8056 32.0793 7.5058
27.7435 32.1367 7.5731
27.6836 32.1924 7.6385
27.6254 32.2466 7.7024
27.5685 32.2997 7.7651
27.5531 32.4372 7.7926
27.5325 32.4442 7.8144
27.512 32.4511 7.8362
27.4915 32.4581 7.858
27.4711 32.465 7.8798
27.4507 32.472 7.9016
27.4303 32.4789 7.9234
27.4004 32.621 7.9675
27.3953 32.6096 7.9718
27.3901 32.5982 7.9762
27.385 32.5868 7.9805
27.3798 32.5754 7.9848
27.3746 32.564 7.9892
27.3695 32.5526 7.9936
27.2326 32.8187 8.1632
27.2443 32.7869 8.1476
27.256 32.7553 8.1321
27.2676 32.7238 8.1167
27.2792 32.6925 8.1014
27.2908 32.6614 8.0862
27.3024 32.6303 8.0711
26.9131 32.9485 8.5182
26.961 32.8994 8.4614
27.0075 32.8519 8.4065
27.0527 32.8057 8.3533
27.0969 32.7607 8.3016
27.1402 32.7168 8.2511
27.1828 32.6737 8.2016
27.2248 32.6313 8.1531
27.1546 32.4972 8.2151
27.1745 32.4982 8.1941
27.1942 32.4992 8.1733
27.2138 32.5001 8.1526
27.2333 32.5011 8.132
27.2527 32.502 8.1116
27.2721 32.503 8.0913
27.2913 32.5039 8.0711
27.4244 32.2149 7.9076
27.4166 32.2446 7.918
27.4089 32.2742 7.9285
27.4012 32.3036 7.9389
27.3936 32.3329 7.9492
27.386 32.3621 7.9596
27.3785 32.3911 7.9699
27.371 32.4201 7.9802
27.7666 32.1738 7.5525
27.722 32.209 7.6006
27.6784 32.2435 7.6478
27.6356 32.2774 7.6944
27.5935 32.3109 7.7403
27.5519 32.3439 7.7859
27.5108 32.3767 7.8311
27.47 32.4093 7.8761
27.0083 33.0763 8.4297
27.0452 33.0137 8.3832
27.0811 32.9529 8.3383
27.1162 32.8938 8.2946
27.1506 32.836 8.252
27.1844 32.7793 8.2103
27.2178 32.7236 8.1694
27.2508 32.6687 8.1292
27.0246 32.6398 8.367
27.0586 32.6257 8.3293
27.0922 32.6119 8.2921
27.1253 32.5983 8.2556
27.158 32.5848 8.2195
27.1904 32.5715 8.1839
27.2225 32.5584 8.1487
27.2543 32.5453 8.1139
27.2859 32.5324 8.0794
27.5588 32.0808 7.7581
27.5367 32.1251 7.7842
27.5149 32.1689 7.8101
27.4934 32.2122 7.8357
27.4722 32.255 7.861
27.4512 32.2975 7.8863
27.4305 32.3397 7.9113
27.4099 32.3816 7.9363
27.3894 32.4234 7.9612
27.6324 32.3401 7.7027
27.6034 32.3571 7.7339
27.5746 32.3739 7.7649
27.5461 32.3906 7.7958
27.5176 32.4073 7.8266
27.4893 32.4239 7.8573
27.4611 32.4405 7.888
27.433 32.457 7.9187
27.4049 32.4736 7.9494
27.3204 32.7159 8.0604
27.3232 32.6949 8.0555
27.326 32.6739 8.0505
27.3288 32.653 8.0455
27.3316 32.6321 8.0406
27.3345 32.6112 8.0356
27.3373 32.5903 8.0307
27.3402 32.5694 8.0258
27.343 32.5486 8.0209
27.3225 32.3193 8.0224
27.3252 32.3383 8.0212
27.3278 32.3572 8.0201
27.3304 32.3761 8.0189
27.333 32.3949 8.0178
27.3357 32.4136 8.0166
27.3383 32.4323 8.0155
27.3409 32.451 8.0144
27.3435 32.4696 8.0133
27.3461 32.4882 8.0122
27.8189 31.9529 7.4833
27.7663 32.014 7.541
27.7156 32.0731 7.5969
27.6665 32.1305 7.6513
27.6187 32.1865 7.7045
27.5721 32.2414 7.7567
27.5264 32.2953 7.8082
27.4814 32.3486 7.8592
27.4369 32.4015 7.9098
27.3928 32.4541 7.9604
27.4769 32.5294 7.8795
27.4641 32.5272 7.8926
27.4513 32.5249 7.9057
27.4385 32.5227 7.9188
27.4257 32.5204 7.9319
27.4129 32.5181 7.945
27.4001 32.5159 7.9582
27.3873 32.5136 7.9714
27.3745 32.5113 7.9846
27.3616 32.509 7.9978
27.1314 32.9358 8.2828
27.1539 32.8907 8.254
27.1762 32.8464 8.2258
27.1982 32.8026 8.1979
27.2201 32.7594 8.1705
27.2417 32.7166 8.1434
27.2633 32.6742 8.1165
27.2847 32.632 8.0899
27.3061 32.5901 8.0635
27.3274 32.5484 8.0372
27.9025 31.9107 7.3959
27.8389 31.9782 7.4648
27.7781 32.0429 7.531
27.7197 32.1052 7.595
27.6633 32.1656 7.6571
27.6086 32.2245 7.7178
27.5552 32.2821 7.7774
27.5027 32.3389 7.8362
27.451 32.395 7.8946
27.3998 32.4509 7.9528
27.0083 33.0763 8.4297
27.0452 33.0137 8.3832
27.0811 32.9529 8.3383
27.1162 32.8938 8.2946
27.1506 32.836 8.252
27.1844 32.7793 8.2103
27.2178 32.7236 8.1694
27.2508 32.6687 8.1292
27.2836 32.6144 8.0894
27.3162 32.5604 8.0501
27.3488 32.5068 8.0111
27.3488 32.5068 8.0111
26.9691 33.1401 8.4789
26.9691 33.1401 8.4789
26.9163 33.0697 8.5279
26.8636 32.9994 8.5773
26.8636 32.9994 8.5773
26.7389 32.945 8.6337
26.6526 32.9099 8.6719
26.5655 32.8763 8.7099
26.437 32.8302 8.7649
26.437 32.8302 8.7649
26.3029 32.8083 8.8085
26.2056 32.7929 8.8405
26.1217 32.7798 8.8683
26.0377 32.7671 8.8962
25.9405 32.7526 8.9288
25.6917 32.755 8.9916
25.8128 32.7965 8.9367
25.9167 32.8313 8.8905
26.0088 32.8616 8.8503
26.0928 32.8887 8.8143
26.1714 32.9136 8.7812
26.2467 32.9371 8.75
26.3206 32.9597 8.7199
26.3948 32.982 8.6902
26.471 33.0045 8.6603
26.5512 33.0276 8.6294
26.6377 33.052 8.5969
26.7332 33.0783 8.5618
26.8419 33.1073 8.523
26.9691 33.1401 8.4789
25.8066 32.7332 8.974
25.7491 32.7441 8.9828
25.6917 32.755 8.9916
26.1648 32.8035 8.8444
26.2071 32.8268 8.8211
26.0171 32.7814 8.8932
26.0912 32.8096 8.859
26.0712 32.8708 8.8296
26.1325 32.88 8.8094
26.2047 32.9141 8.7729
26.2379 32.9145 8.7647
26.3286 32.9526 8.722
26.3367 32.9455 8.724
26.4544 32.9901 8.672
26.4376 32.9756 8.6839
26.594 33.0298 8.6187
26.5499 33.0074 8.6408
26.8256 33.0435 8.5611
26.7352 33.0177 8.5945
26.6448 32.9923 8.6281
26.6773 32.94 8.6499
26.6158 32.9351 8.6661
26.5544 32.9303 8.6824
26.5326 32.883 8.7136
26.4998 32.8897 8.7173
26.467 32.8964 8.7211
26.3142 32.8268 8.7955
26.3254 32.8451 8.7826
26.3365 32.8633 8.7698
25.9129 32.8174 8.8993
26.0094 32.8378 8.8635
26.1029 32.8579 8.8291
26.7645 33.0754 8.5566
26.6869 33.0438 8.5906
26.609 33.0122 8.625
25.817 32.7839 8.9427
25.9361 32.8117 8.8966
26.05 32.8387 8.8529
26.7811 32.985 8.6026
26.6991 32.9709 8.628
26.6172 32.9571 8.6536
26.5351 32.9435 8.6795
26.4255 32.8449 8.7594
26.4141 32.8594 8.7539
26.4028 32.8739 8.7484
26.3915 32.8882 8.743
26.0961 32.7931 8.8671
26.153 32.8187 8.8387
26.2087 32.8437 8.8112
26.2632 32.8684 8.7843
25.9964 32.8459 8.8622
26.0741 32.8602 8.8349
26.1499 32.8745 8.8083
26.2243 32.8886 8.7824
26.2671 32.9337 8.747
26.2876 32.9302 8.7441
26.308 32.9268 8.7411
26.3284 32.9235 8.7382
26.5216 33.0094 8.6461
26.4917 32.9912 8.6629
26.4615 32.9728 8.68
26.4311 32.9542 8.6972
26.8699 33.1022 8.5199
26.7712 33.0648 8.561
26.6724 33.0278 8.6026
26.5729 32.9909 8.6448
26.6053 32.9108 8.6819
26.558 32.9118 8.6919
26.5109 32.9129 8.7019
26.4637 32.9141 8.712
26.4165 32.9154 8.7221
26.2338 32.8142 8.8217
26.2617 32.8352 8.8033
26.2891 32.8559 8.7852
26.3161 32.8764 8.7673
26.3428 32.8967 8.7497
25.817 32.7839 8.9427
25.9361 32.8117 8.8966
26.05 32.8387 8.8529
26.1596 32.8651 8.8112
26.2658 32.891 8.7711
26.14 32.8933 8.8002
26.1866 32.8979 8.7863
26.2328 32.9026 8.7725
26.2786 32.9073 8.759
26.3241 32.912 8.7456
26.3906 32.9713 8.6971
26.3864 32.9605 8.7041
26.3821 32.9496 8.7111
26.3778 32.9387 8.7181
26.3736 32.9278 8.7252
26.6739 33.0516 8.5892
26.6143 33.0248 8.6169
26.5541 32.9981 8.645
26.4933 32.9712 8.6736
26.4318 32.9441 8.7027
25.9093 32.7659 8.9292
26.0077 32.7976 8.8865
26.1023 32.8283 8.8458
26.1937 32.8583 8.8067
26.2826 32.8877 8.7689
26.8699 33.1022 8.5199
26.7712 33.0648 8.561
26.6724 33.0278 8.6026
26.5729 32.9909 8.6448
26.472 32.954 8.688
26.3692 32.9167 8.7324
26.3692 32.9167 8.7324
25.6917 32.755 8.9916
25.6917 32.755 8.9916
25.7491 32.7441 8.9828
25.6917 32.755 8.9916
25.6917 32.755 8.9916
25.5979 32.7411 9.011
25.5041 32.7269 9.0305
25.5397 32.6945 9.0286
25.5752 32.662 9.0268
25.5752 32.662 9.0268
25.5752 32.662 9.0268
25.6909 32.6973 9.0002
25.6654 32.7345 8.9994
25.5722 32.7203 9.0188
25.665 32.7056 9.0038
25.6389 32.7138 9.0073
26.8636 32.9994 8.5773
26.8636 32.9994 8.5773
26.8289 32.9369 8.6081
26.8636 32.9994 8.5773
26.8636 32.9994 8.5773
26.7389 32.945 8.6337
26.6526 32.9099 8.6719
26.5655 32.8763 8.7099
26.437 32.8302 8.7649
26.437 32.8302 8.7649
26.5085 32.839 8.7397
26.58 32.8479 8.7145
26.6515 32.8567 8.6893
26.723 32.8655 8.6641
26.437 32.8302 8.7649
26.437 32.8302 8.7649
26.3029 32.8083 8.8085
26.2056 32.7929 8.8405
26.1217 32.7798 8.8683
26.0377 32.7671 8.8962
25.9405 32.7526 8.9288
25.8066 32.7332 8.974
25.6909 32.6973 9.0002
25.5752 32.662 9.0268
25.5752 32.662 9.0268
25.5449 32.5473 8.9627
25.5225 32.4641 8.9165
25.5028 32.3924 8.8767
25.4829 32.3206 8.8371
25.4594 32.2375 8.7913
25.4264 32.1229 8.7285
25.4264 32.1229 8.7285
25.4258 32.1151 8.7235
25.4253 32.1073 8.7185
25.4253 32.1073 8.7185
25.4253 32.1073 8.7185
25.4289 32.048 8.677
25.4326 31.9887 8.6354
25.4363 31.9294 8.5939
25.4399 31.87 8.5523
25.4436 31.8107 8.5108
25.4472 31.7514 8.4692
25.4509 31.6921 8.4277
25.569 31.661 8.3554
25.6537 31.6371 8.3024
25.7378 31.612 8.2489
25.8526 31.5752 8.1741
25.8526 31.5752 8.1741
25.9724 31.6259 8.156
26.0824 31.67 8.1379
26.1846 31.7091 8.1197
26.2807 31.7439 8.1013
26.3719 31.7753 8.0827
26.4596 31.8039 8.0638
26.5447 31.8301 8.0444
26.6282 31.8544 8.0245
26.7109 31.8771 8.0037
26.7937 31.8983 7.982
26.8775 31.9185 7.959
26.9632 31.9376 7.9346
27.0516 31.9558 7.9084
27.144 31.9733 7.88
27.2415 31.99 7.8488
27.3456 32.0061 7.8143
27.4581 32.0213 7.7755
27.5813 32.0358 7.7316
27.5813 32.0358 7.7316
27.5003 32.1164 7.8212
27.4322 32.185 7.8971
27.373 32.2455 7.9635
27.3199 32.3003 8.0236
27.2709 32.3514 8.0793
27.2245 32.4003 8.1325
27.1795 32.4481 8.1843
27.1346 32.4962 8.2362
27.0889 32.5456 8.2894
27.0412 32.5977 8.3452
26.9901 32.6541 8.4055
26.9337 32.7168 8.4722
26.8697 32.7888 8.5486
26.7945 32.8743 8.639
26.7945 32.8743 8.639
26.723 32.8655 8.6641
26.6515 32.8567 8.6893
26.58 32.8479 8.7145
26.5085 32.839 8.7397
26.437 32.8302 8.7649
27.5813 32.0358 7.7316
27.5813 32.0358 7.7316
27.6769 31.9887 7.6303
27.7447 31.9549 7.5587
27.8058 31.924 7.4946
27.8737 31.8893 7.4235
27.9695 31.8398 7.3237
27.9695 31.8398 7.3237
27.9683 31.7577 7.2324
27.967 31.6986 7.1676
27.9654 31.6392 7.1031
27.9628 31.5555 7.0133
27.9628 31.5555 7.0133
27.8277 31.5297 7.046
27.7126 31.5079 7.0748
27.6112 31.4888 7.1009
27.5193 31.4717 7.1253
27.4337 31.4558 7.1486
27.3521 31.4407 7.1714
27.2724 31.4261 7.1943
27.1927 31.4117 7.2178
27.1113 31.397 7.2425
27.0262 31.3818 7.2692
26.9352 31.3657 7.2986
26.8353 31.3483 7.3321
26.7229 31.3289 7.3713
26.5929 31.3069 7.4187
26.5053 31.3526 7.5178
26.4299 31.3882 7.6006
26.3622 31.4175 7.673
26.299 31.4428 7.7392
26.2375 31.4655 7.8022
26.1753 31.4868 7.8649
26.1096 31.5076 7.9298
26.0374 31.5287 7.9999
25.954 31.551 8.0794
25.8526 31.5752 8.1741
25.8526 31.5752 8.1741
25.9724 31.6259 8.156
26.0824 31.67 8.1379
26.1846 31.7091 8.1197
26.2807 31.7439 8.1013
26.3719 31.7753 8.0827
26.4596 31.8039 8.0638
26.5447 31.8301 8.0444
26.6282 31.8544 8.0245
26.7109 31.8771 8.0037
26.7937 31.8983 7.982
26.8775 31.9185 7.959
26.9632 31.9376 7.9346
27.0516 31.9558 7.9084
27.144 31.9733 7.88
27.2415 31.99 7.8488
27.3456 32.0061 7.8143
27.4581 32.0213 7.7755
27.5813 32.0358 7.7316
27.7216 31.9003 7.5069
27.6417 31.8776 7.5187
27.5655 31.8558 7.5301
27.4928 31.8347 7.5412
27.8601 31.6987 7.216
27.7605 31.6985 7.2614
27.667 31.6981 7.3041
27.5788 31.6974 7.3447
27.4683 31.4931 7.1724
27.4192 31.5136 7.218
27.3718 31.5332 7.2623
27.3258 31.5521 7.3053
27.3189 31.4638 7.2123
27.2866 31.4861 7.2523
27.255 31.5079 7.2915
27.224 31.529 7.33
27.1749 31.4363 7.2532
27.1574 31.4604 7.2881
27.1402 31.484 7.3225
27.1232 31.5073 7.3566
26.2473 31.5057 7.8423
26.3175 31.5239 7.8205
26.3865 31.5414 7.7993
26.4543 31.5584 7.7786
27.6681 31.9283 7.5644
27.595 31.9028 7.57
27.5251 31.8782 7.5754
27.4581 31.8544 7.5807
27.3936 31.8314 7.586
27.6387 31.5273 7.1298
27.5686 31.5454 7.1821
27.5017 31.5625 7.2322
27.4378 31.5786 7.2804
27.3764 31.5939 7.3268
27.0233 31.4081 7.2991
27.0204 31.4341 7.3288
27.0175 31.4598 7.3583
27.0147 31.4853 7.3877
27.0118 31.5105 7.417
26.358 31.4644 7.7284
26.4162 31.4855 7.7179
26.4738 31.5062 7.7076
26.531 31.5266 7.6976
26.5879 31.5466 7.6877
26.1258 31.5452 7.9633
26.2109 31.5607 7.9283
26.2932 31.5753 7.8947
26.3734 31.5892 7.8623
26.452 31.6025 7.8308
26.2588 31.7084 8.0726
26.3305 31.7075 8.0272
26.4002 31.7064 7.9834
26.4682 31.705 7.9409
26.535 31.7033 7.8994
26.427 31.7683 8.0409
26.4808 31.7612 8.0001
26.5337 31.7541 7.9602
26.5858 31.7469 7.9212
26.6372 31.7396 7.8827
26.5837 31.8181 8.007
26.6221 31.8061 7.9702
26.66 31.7942 7.9341
26.6975 31.7822 7.8984
26.7347 31.7703 7.8631
26.7352 31.8608 7.9703
26.7593 31.8446 7.9373
26.7831 31.8286 7.9047
26.8067 31.8125 7.8724
26.8302 31.7966 7.8405
26.8875 31.8984 7.9295
26.8973 31.8785 7.9003
26.9071 31.8587 7.8714
26.9168 31.839 7.8428
26.9264 31.8195 7.8145
27.0464 31.9321 7.8829
27.0412 31.9086 7.8577
27.0361 31.8853 7.8329
27.031 31.8623 7.8084
27.026 31.8395 7.7842
27.2188 31.9625 7.8279
27.1965 31.9354 7.8074
27.1747 31.9088 7.7873
27.1532 31.8826 7.7677
27.1321 31.8568 7.7484
27.863 31.8244 7.3549
27.7634 31.8097 7.3844
27.6698 31.7957 7.4122
27.5813 31.7822 7.4388
27.4974 31.769 7.4642
27.4173 31.7563 7.4886
27.8547 31.5718 7.0794
27.7545 31.5866 7.141
27.6609 31.6 7.1987
27.5729 31.6123 7.2533
27.4898 31.6237 7.3051
27.4107 31.6341 7.3547
26.8484 31.3768 7.356
26.8614 31.4051 7.3799
26.8745 31.4332 7.4038
26.8875 31.4612 7.4277
26.9005 31.4891 7.4515
26.9135 31.5169 7.4755
26.4767 31.4136 7.6018
26.5233 31.4388 7.6031
26.5695 31.4636 7.6045
26.6157 31.4882 7.606
26.6618 31.5127 7.6076
26.708 31.537 7.6092
25.9668 31.5893 8.1163
26.074 31.6019 8.0624
26.1758 31.6133 8.0117
26.2732 31.6238 7.9636
26.3671 31.6334 7.9175
26.4585 31.6422 7.8731
26.0711 31.634 8.1023
26.1649 31.6413 8.0516
26.2547 31.6479 8.0033
26.3414 31.6538 7.9571
26.4255 31.6592 7.9126
26.5078 31.664 7.8694
27.4136 31.9897 7.7605
27.3705 31.9589 7.7459
27.3286 31.9289 7.7318
27.2879 31.8996 7.7182
27.2482 31.871 7.705
27.2094 31.8429 7.6922
27.6082 31.9591 7.6288
27.5425 31.9305 7.6275
27.4794 31.9029 7.6263
27.4187 31.8762 7.6253
27.3601 31.8503 7.6245
27.3033 31.825 7.6237
27.2483 31.8004 7.6231
27.8582 31.6459 7.1588
27.7583 31.6519 7.2108
27.6649 31.6572 7.2598
27.5768 31.6619 7.3063
27.4933 31.6661 7.3505
27.4138 31.6697 7.3928
27.3377 31.673 7.4336
26.6261 31.339 7.4351
26.6592 31.3707 7.4516
26.6921 31.4022 7.468
26.7249 31.4336 7.4845
26.7578 31.4647 7.5011
26.7907 31.4958 7.5178
26.8237 31.5269 7.5346
27.5497 31.5093 7.1517
27.4908 31.5287 7.2005
27.4343 31.5472 7.2475
27.3799 31.5647 7.293
27.3272 31.5816 7.3371
27.2761 31.5977 7.38
27.2264 31.6132 7.422
27.1779 31.6282 7.4631
27.2471 31.45 7.2324
27.2223 31.4732 7.2698
27.1979 31.4959 7.3066
27.174 31.5181 7.3429
27.1505 31.5399 7.3788
27.1272 31.5614 7.4142
27.1043 31.5824 7.4493
27.0816 31.6032 7.4841
26.94 31.393 7.3257
26.9447 31.4201 7.3526
26.9495 31.4469 7.3794
26.9542 31.4736 7.4062
26.959 31.5001 7.433
26.9637 31.5265 7.4597
26.9685 31.5528 7.4865
26.9733 31.579 7.5133
26.3028 31.4857 7.7857
26.3669 31.5052 7.7696
26.43 31.5243 7.7539
26.4924 31.5429 7.7386
26.5544 31.5611 7.7235
26.6161 31.5791 7.7087
26.6777 31.5968 7.694
26.7395 31.6143 7.6795
26.0535 31.5662 8.0336
26.1482 31.5803 7.9902
26.2391 31.5935 7.949
26.327 31.6057 7.9095
26.4125 31.6172 7.8714
26.4963 31.6281 7.8343
26.5789 31.6384 7.7981
26.6608 31.6482 7.7626
26.3448 31.7399 8.057
26.4072 31.7357 8.014
26.4681 31.7314 7.9722
26.5279 31.7269 7.9314
26.5868 31.7223 7.8915
26.6451 31.7175 7.8522
26.7029 31.7124 7.8133
26.7604 31.7072 7.7749
26.6597 31.8402 7.9891
26.6909 31.8261 7.9542
26.7217 31.812 7.9198
26.7522 31.7979 7.8858
26.7825 31.7839 7.8522
26.8126 31.7698 7.8188
26.8426 31.7557 7.7857
26.8726 31.7416 7.7528
26.9657 31.9157 7.907
26.9682 31.8939 7.8798
26.9707 31.8724 7.8529
26.9732 31.851 7.8263
26.9756 31.8298 7.8
26.978 31.8087 7.7739
26.9805 31.7877 7.7481
26.9829 31.7668 7.7225
27.3127 31.9765 7.796
27.2806 31.9476 7.7783
27.2493 31.9193 7.7611
27.2187 31.8916 7.7442
27.1887 31.8643 7.7278
27.1592 31.8375 7.7118
27.1304 31.8111 7.6961
27.102 31.785 7.6807
27.8616 31.7513 7.2736
27.7621 31.745 7.3123
27.6686 31.7389 7.3489
27.5803 31.7328 7.3837
27.4965 31.7268 7.4169
27.4166 31.7207 7.4487
27.34 31.7147 7.4795
27.2663 31.7086 7.5093
27.195 31.7026 7.5383
26.5457 31.3808 7.526
26.5859 31.4087 7.5342
26.6259 31.4364 7.5424
26.6659 31.4639 7.5507
26.7058 31.4912 7.5591
26.7459 31.5185 7.5676
26.7861 31.5458 7.5762
26.8266 31.5731 7.585
26.8674 31.6005 7.5939
26.168 31.6734 8.0877
26.25 31.6763 8.0398
26.3293 31.6787 7.9939
26.4062 31.6807 7.9495
26.4814 31.6823 7.9065
26.5552 31.6836 7.8645
26.6281 31.6845 7.8234
26.7005 31.685 7.7828
26.7727 31.6852 7.7425
27.7806 31.869 7.4434
27.6928 31.8495 7.4624
27.6095 31.8308 7.4806
27.5303 31.8129 7.4981
27.4546 31.7955 7.5149
27.382 31.7786 7.5312
27.3121 31.7621 7.5471
27.2446 31.7459 7.5625
27.1792 31.7301 7.5777
27.1155 31.7145 7.5926
27.3921 31.478 7.1925
27.3517 31.4995 7.2352
27.3125 31.5202 7.2768
27.2743 31.5403 7.3175
27.2369 31.5597 7.3574
27.2004 31.5787 7.3966
27.1645 31.5971 7.4351
27.1292 31.6152 7.4732
27.0945 31.6328 7.5107
27.0602 31.6501 7.548
26.7453 31.359 7.3918
26.7676 31.3888 7.4122
26.7898 31.4184 7.4327
26.812 31.4479 7.4532
26.8342 31.4773 7.4738
26.8565 31.5067 7.4944
26.8788 31.536 7.5152
26.9012 31.5653 7.5361
26.9238 31.5948 7.5572
26.9465 31.6243 7.5784
26.1892 31.5253 7.9007
26.2663 31.5421 7.8727
26.3415 31.5582 7.8456
26.4152 31.5736 7.8193
26.4878 31.5886 7.7937
26.5595 31.603 7.7685
26.6309 31.6171 7.7438
26.7021 31.6308 7.7193
26.7735 31.6443 7.6949
26.8455 31.6576 7.6707
26.5063 31.7942 8.0242
26.5523 31.7846 7.9855
26.5975 31.775 7.9475
26.6421 31.7653 7.9101
26.6863 31.7556 7.8733
26.7302 31.7457 7.8368
26.7738 31.7358 7.8007
26.8174 31.7258 7.7648
26.8609 31.7156 7.7291
26.9045 31.7052 7.6934
27.1304 31.9477 7.8566
27.117 31.9224 7.8337
27.1038 31.8975 7.8112
27.0909 31.8728 7.789
27.0781 31.8485 7.7671
27.0654 31.8244 7.7456
27.053 31.8005 7.7244
27.0406 31.7768 7.7034
27.0284 31.7533 7.6826
27.0164 31.73 7.6621
27.7387 31.5478 7.106
27.6552 31.5644 7.1625
27.5763 31.5799 7.2161
27.5014 31.5943 7.2672
27.4299 31.6078 7.3162
27.3615 31.6204 7.3634
27.2956 31.6324 7.409
27.2318 31.6437 7.4533
27.17 31.6544 7.4966
27.1096 31.6647 7.5389
27.0506 31.6744 7.5806
27.1009 31.4224 7.2752
27.0907 31.4474 7.3075
27.0805 31.4721 7.3396
27.0705 31.4964 7.3714
27.0605 31.5205 7.403
27.0507 31.5443 7.4344
27.0409 31.568 7.4657
27.0312 31.5914 7.497
27.0215 31.6147 7.5281
27.0118 31.6378 7.5593
27.0022 31.6608 7.5905
26.4152 31.4408 7.668
26.4676 31.4638 7.6632
26.5197 31.4863 7.6586
26.5715 31.5086 7.6541
26.6232 31.5307 7.6497
26.6748 31.5527 7.6454
26.7267 31.5745 7.6413
26.7788 31.5962 7.6372
26.8312 31.618 7.6332
26.8843 31.6398 7.6293
26.938 31.6617 7.6255
26.8109 31.8801 7.9505
26.8279 31.8621 7.9193
26.8447 31.8441 7.8886
26.8615 31.8262 7.8581
26.878 31.8084 7.828
26.8945 31.7906 7.798
26.911 31.7729 7.7683
26.9273 31.7551 7.7388
26.9436 31.7374 7.7094
26.9599 31.7196 7.6801
26.9762 31.7017 7.6509
27.5233 32.0018 7.7202
27.4674 31.9691 7.7094
27.4136 31.9374 7.6991
27.3616 31.9066 7.6891
27.3112 31.8767 7.6796
27.2623 31.8475 7.6705
27.2148 31.819 7.6617
27.1684 31.7911 7.6532
27.1231 31.7636 7.645
27.0788 31.7366 7.637
27.0353 31.7101 7.6293
27.5233 32.0018 7.7202
27.4674 31.9691 7.7094
27.4136 31.9374 7.6991
27.3616 31.9066 7.6891
27.3112 31.8767 7.6796
27.2623 31.8475 7.6705
27.2148 31.819 7.6617
27.1684 31.7911 7.6532
27.1231 31.7636 7.645
27.0788 31.7366 7.637
27.0353 31.7101 7.6293
26.9925 31.6838 7.6218
26.9925 31.6838 7.6218
27.9695 31.8398 7.3237
27.9695 31.8398 7.3237
27.9683 31.7577 7.2324
27.967 31.6986 7.1676
27.9654 31.6392 7.1031
27.9628 31.5555 7.0133
27.9628 31.5555 7.0133
27.9906 31.5489 6.9384
28.0184 31.5424 6.8635
28.0462 31.5358 6.7886
28.0741 31.5293 6.7137
28.1019 31.5228 6.6388
28.1297 31.5162 6.5639
28.1575 31.5097 6.489
28.1853 31.5031 6.4141
28.1853 31.5031 6.4141
28.2312 31.6351 6.4546
28.265 31.7302 6.482
28.3133 31.8628 6.5175
28.3133 31.8628 6.5175
28.3143 31.8752 6.5292
28.3154 31.8876 6.5409
28.3154 31.8876 6.5409
28.3152 31.8878 6.5415
28.3151 31.888 6.5421
28.2845 31.8884 6.6166
28.2539 31.8888 6.6911
28.2234 31.8892 6.7657
28.1928 31.8896 6.8402
28.1622 31.89 6.9147
28.1316 31.8904 6.9892
28.1011 31.8909 7.0637
28.0705 31.8913 7.1382
28.0399 31.8917 7.2128
28.0094 31.8921 7.2873
28.0094 31.8921 7.2873
27.9895 31.8659 7.3054
27.9695 31.8398 7.3237
27.9628 31.5555 7.0133
27.9628 31.5555 7.0133
27.9906 31.5489 6.9384
28.0184 31.5424 6.8635
28.0462 31.5358 6.7886
28.0741 31.5293 6.7137
28.1019 31.5228 6.6388
28.1297 31.5162 6.5639
28.1575 31.5097 6.489
28.1853 31.5031 6.4141
28.1853 31.5031 6.4141
28.0668 31.4672 6.3665
27.9634 31.4356 6.3232
27.8711 31.4071 6.2832
27.7868 31.3809 6.2452
27.7081 31.3562 6.2086
27.6334 31.3325 6.1725
27.561 31.3094 6.1363
27.4897 31.2863 6.0994
27.4182 31.263 6.061
27.3453 31.239 6.0204
27.2698 31.2138 5.9765
27.1903 31.1869 5.9283
27.1051 31.1576 5.8743
27.0123 31.1252 5.8124
26.9098 31.0888 5.74
26.9092 31.1107 5.8667
26.906 31.13 5.9822
26.9006 31.1473 6.0891
26.8934 31.1631 6.1891
26.8845 31.1775 6.284
26.874 31.1909 6.375
26.8618 31.2034 6.4633
26.8479 31.2152 6.5501
26.8321 31.2265 6.6361
26.8143 31.2374 6.7224
26.7942 31.2479 6.8098
26.7713 31.2582 6.8994
26.7452 31.2682 6.9921
26.7152 31.2781 7.089
26.6806 31.2878 7.1914
26.6403 31.2974 7.3007
26.5929 31.3069 7.4187
26.5929 31.3069 7.4187
26.7229 31.3289 7.3713
26.8353 31.3483 7.3321
26.9352 31.3657 7.2986
27.0262 31.3818 7.2692
27.1113 31.397 7.2425
27.1927 31.4117 7.2178
27.2724 31.4261 7.1943
27.3521 31.4407 7.1714
27.4337 31.4558 7.1486
27.5193 31.4717 7.1253
27.6112 31.4888 7.1009
27.7126 31.5079 7.0748
27.8277 31.5297 7.046
27.9628 31.5555 7.0133
28.3133 31.8628 6.5175
28.3133 31.8628 6.5175
28.3143 31.8752 6.5292
28.3077 31.9141 6.5231
28.3105 31.8885 6.5203
28.3133 31.8628 6.5175
28.3154 31.8876 6.5409
28.3115 31.9008 6.532
28.3077 31.9141 6.5231
28.3077 31.9141 6.5231
28.3077 31.9141 6.5231
28.2999 31.9351 6.5236
28.2922 31.956 6.5242
28.3036 31.922 6.5332
28.3151 31.888 6.5421
28.3151 31.888 6.5421
28.3152 31.8878 6.5415
28.3154 31.8876 6.5409
28.3154 31.8876 6.5409
28.3115 31.9008 6.532
28.3077 31.9141 6.5231
28.3086 31.9102 6.5277
28.3095 31.9062 6.5324
25.424 32.1171 8.7251
25.424 32.1171 8.7251
25.4252 32.12 8.7268
25.424 32.1171 8.7251
25.424 32.1171 8.7251
25.4247 32.1122 8.7218
25.4264 32.1229 8.7285
25.4258 32.1151 8.7235
25.4253 32.1073 8.7185
25.4244 32.116 8.7243
25.4248 32.1148 8.7235
3 9 2 0 0.5151299640965219 0.7703493635982155 0.9761761449885492
3 13 2 9 0.5151299640965219 0.7703493635982155 0.9761761449885492
3 0 4 9 0.5151299640965219 0.7703493635982155 0.9761761449885492
3 9 4 13 0.5151299640965219 0.7703493635982155 0.9761761449885492
3 6 2 12 0.5151299640965219 0.7703493635982155 0.9761761449885492
3 12 2 13 0.5151299640965219 0.7703493635982155 0.9761761449885492
3 13 4 12 0.5151299640965219 0.7703493635982155 0.9761761449885492
3 10 4 3 0.5151299640965219 0.7703493635982155 0.9761761449885492
3 10 12 4 0.5151299640965219 0.7703493635982155 0.9761761449885492
3 6 12 7 0.5151299640965219 0.7703493635982155 0.9761761449885492
3 12 10 7 0.5151299640965219 0.7703493635982155 0.9761761449885492
3 7 10 3 0.5151299640965219 0.7703493635982155 0.9761761449885492
3 14 114 116 0.5151299640965219 0.7703493635982155 0.9761761449885492
3 114 115 116 0.5151299640965219 0.7703493635982155 0.9761761449885492
3 16 114 14 0.5151299640965219 0.7703493635982155 0.9761761449885492
3 97 34 35 0.5151299640965219 0.7703493635982155 0.9761761449885492
3 36 58 35 0.5151299640965219 0.7703493635982155 0.9761761449885492
3 71 68 69 0.5151299640965219 0.7703493635982155 0.9761761449885492
3 31 100 101 0.5151299640965219 0.7703493635982155 0.9761761449885492
3 114 16 113 0.5151299640965219 0.7703493635982155 0.9761761449885492
3 110 111 19 0.5151299640965219 0.7703493635982155 0.9761761449885492
3 44 45 51 0.5151299640965219 0.7703493635982155 0.9761761449885492
3 28 102 103 0.5151299640965219 0.7703493635982155 0.9761761449885492
3 103 27 28 0.5151299640965219 0.7703493635982155 0.9761761449885492
3 32 100 31 0.5151299640965219 0.7703493635982155 0.9761761449885492
3 98 34 97 0.5151299640965219 0.7703493635982155 0.9761761449885492
3 98 33 34 0.5151299640965219 0.7703493635982155 0.9761761449885492
3 60 61 94 0.5151299640965219 0.7703493635982155 0.9761761449885492
3 94 95 60 0.5151299640965219 0.7703493635982155 0.9761761449885492
3 51 45 46 0.5151299640965219 0.7703493635982155 0.9761761449885492
3 46 50 51 0.5151299640965219 0.7703493635982155 0.9761761449885492
3 52 53 43 0.5151299640965219 0.7703493635982155 0.9761761449885492
3 43 44 52 0.5151299640965219 0.7703493635982155 0.9761761449885492
3 52 44 51 0.5151299640965219 0.7703493635982155 0.9761761449885492
3 55 37 40 0.5151299640965219 0.7703493635982155 0.9761761449885492
3 97 35 96 0.5151299640965219 0.7703493635982155 0.9761761449885492
3 96 35 58 0.5151299640965219 0.7703493635982155 0.9761761449885492
3 17 113 16 0.5151299640965219 0.7703493635982155 0.9761761449885492
3 112 113 17 0.5151299640965219 0.7703493635982155 0.9761761449885492
3 87 88 74 0.5151299640965219 0.7703493635982155 0.9761761449885492
3 104 27 103 0.5151299640965219 0.7703493635982155 0.9761761449885492
3 23 107 22 0.5151299640965219 0.7703493635982155 0.9761761449885492
3 24 107 23 0.5151299640965219 0.7703493635982155 0.9761761449885492
3 102 28 29 0.5151299640965219 0.7703493635982155 0.9761761449885492
3 29 101 102 0.5151299640965219 0.7703493635982155 0.9761761449885492
3 99 32 33 0.5151299640965219 0.7703493635982155 0.9761761449885492
3 33 98 99 0.5151299640965219 0.7703493635982155 0.9761761449885492
3 100 32 99 0.5151299640965219 0.7703493635982155 0.9761761449885492
3 59 60 95 0.5151299640965219 0.7703493635982155 0.9761761449885492
3 59 96 58 0.5151299640965219 0.7703493635982155 0.9761761449885492
3 95 96 59 0.5151299640965219 0.7703493635982155 0.9761761449885492
3 110 19 20 0.5151299640965219 0.7703493635982155 0.9761761449885492
3 20 109 110 0.5151299640965219 0.7703493635982155 0.9761761449885492
3 48 50 47 0.5151299640965219 0.7703493635982155 0.9761761449885492
3 50 46 47 0.5151299640965219 0.7703493635982155 0.9761761449885492
3 43 53 42 0.5151299640965219 0.7703493635982155 0.9761761449885492
3 53 41 42 0.5151299640965219 0.7703493635982155 0.9761761449885492
3 36 37 56 0.5151299640965219 0.7703493635982155 0.9761761449885492
3 37 55 56 0.5151299640965219 0.7703493635982155 0.9761761449885492
3 54 41 53 0.5151299640965219 0.7703493635982155 0.9761761449885492
3 40 41 54 0.5151299640965219 0.7703493635982155 0.9761761449885492
3 54 55 40 0.5151299640965219 0.7703493635982155 0.9761761449885492
3 84 85 79 0.5151299640965219 0.7703493635982155 0.9761761449885492
3 85 78 79 0.5151299640965219 0.7703493635982155 0.9761761449885492
3 82 84 79 0.5151299640965219 0.7703493635982155 0.9761761449885492
3 80 82 79 0.5151299640965219 0.7703493635982155 0.9761761449885492
3 77 78 85 0.5151299640965219 0.7703493635982155 0.9761761449885492
3 77 85 86 0.5151299640965219 0.7703493635982155 0.9761761449885492
3 86 76 77 0.5151299640965219 0.7703493635982155 0.9761761449885492
3 40 37 39 0.5151299640965219 0.7703493635982155 0.9761761449885492
3 112 17 18 0.5151299640965219 0.7703493635982155 0.9761761449885492
3 18 111 112 0.5151299640965219 0.7703493635982155 0.9761761449885492
3 18 19 111 0.5151299640965219 0.7703493635982155 0.9761761449885492
3 89 66 67 0.5151299640965219 0.7703493635982155 0.9761761449885492
3 67 88 89 0.5151299640965219 0.7703493635982155 0.9761761449885492
3 87 74 75 0.5151299640965219 0.7703493635982155 0.9761761449885492
3 75 76 86 0.5151299640965219 0.7703493635982155 0.9761761449885492
3 86 87 75 0.5151299640965219 0.7703493635982155 0.9761761449885492
3 73 74 88 0.5151299640965219 0.7703493635982155 0.9761761449885492
3 73 67 68 0.5151299640965219 0.7703493635982155 0.9761761449885492
3 88 67 73 0.5151299640965219 0.7703493635982155 0.9761761449885492
3 22 107 108 0.5151299640965219 0.7703493635982155 0.9761761449885492
3 27 104 26 0.5151299640965219 0.7703493635982155 0.9761761449885492
3 93 62 63 0.5151299640965219 0.7703493635982155 0.9761761449885492
3 94 61 93 0.5151299640965219 0.7703493635982155 0.9761761449885492
3 61 62 93 0.5151299640965219 0.7703493635982155 0.9761761449885492
3 106 107 24 0.5151299640965219 0.7703493635982155 0.9761761449885492
3 24 25 106 0.5151299640965219 0.7703493635982155 0.9761761449885492
3 31 101 30 0.5151299640965219 0.7703493635982155 0.9761761449885492
3 101 29 30 0.5151299640965219 0.7703493635982155 0.9761761449885492
3 64 65 91 0.5151299640965219 0.7703493635982155 0.9761761449885492
3 57 58 36 0.5151299640965219 0.7703493635982155 0.9761761449885492
3 36 56 57 0.5151299640965219 0.7703493635982155 0.9761761449885492
3 109 20 21 0.5151299640965219 0.7703493635982155 0.9761761449885492
3 22 108 21 0.5151299640965219 0.7703493635982155 0.9761761449885492
3 21 108 109 0.5151299640965219 0.7703493635982155 0.9761761449885492
3 72 68 71 0.5151299640965219 0.7703493635982155 0.9761761449885492
3 72 73 68 0.5151299640965219 0.7703493635982155 0.9761761449885492
3 90 66 89 0.5151299640965219 0.7703493635982155 0.9761761449885492
3 90 65 66 0.5151299640965219 0.7703493635982155 0.9761761449885492
3 91 65 90 0.5151299640965219 0.7703493635982155 0.9761761449885492
3 92 93 63 0.5151299640965219 0.7703493635982155 0.9761761449885492
3 63 64 92 0.5151299640965219 0.7703493635982155 0.9761761449885492
3 92 64 91 0.5151299640965219 0.7703493635982155 0.9761761449885492
3 105 106 25 0.5151299640965219 0.7703493635982155 0.9761761449885492
3 25 26 105 0.5151299640965219 0.7703493635982155 0.9761761449885492
3 105 26 104 0.5151299640965219 0.7703493635982155 0.9761761449885492
3 215 124 328 0.5151299640965219 0.7703493635982155 0.9761761449885492
3 148 149 300 0.5151299640965219 0.7703493635982155 0.9761761449885492
3 141 378 379 0.5151299640965219 0.7703493635982155 0.9761761449885492
3 141 379 261 0.5151299640965219 0.7703493635982155 0.9761761449885492
3 219 218 331 0.5151299640965219 0.7703493635982155 0.9761761449885492
3 328 124 126 0.5151299640965219 0.7703493635982155 0.9761761449885492
3 360 120 122 0.5151299640965219 0.7703493635982155 0.9761761449885492
3 118 120 360 0.5151299640965219 0.7703493635982155 0.9761761449885492
3 124 215 123 0.5151299640965219 0.7703493635982155 0.9761761449885492
3 123 360 122 0.5151299640965219 0.7703493635982155 0.9761761449885492
3 215 360 123 0.5151299640965219 0.7703493635982155 0.9761761449885492
3 216 215 328 0.5151299640965219 0.7703493635982155 0.9761761449885492
3 292 412 413 0.5151299640965219 0.7703493635982155 0.9761761449885492
3 148 300 171 0.5151299640965219 0.7703493635982155 0.9761761449885492
3 445 300 149 0.5151299640965219 0.7703493635982155 0.9761761449885492
3 150 267 149 0.5151299640965219 0.7703493635982155 0.9761761449885492
3 421 359 452 0.5151299640965219 0.7703493635982155 0.9761761449885492
3 412 292 411 0.5151299640965219 0.7703493635982155 0.9761761449885492
3 332 331 282 0.5151299640965219 0.7703493635982155 0.9761761449885492
3 332 333 219 0.5151299640965219 0.7703493635982155 0.9761761449885492
3 219 331 332 0.5151299640965219 0.7703493635982155 0.9761761449885492
3 118 360 167 0.5151299640965219 0.7703493635982155 0.9761761449885492
3 364 218 219 0.5151299640965219 0.7703493635982155 0.9761761449885492
3 364 363 218 0.5151299640965219 0.7703493635982155 0.9761761449885492
3 166 362 274 0.5151299640965219 0.7703493635982155 0.9761761449885492
3 274 362 363 0.5151299640965219 0.7703493635982155 0.9761761449885492
3 434 274 363 0.5151299640965219 0.7703493635982155 0.9761761449885492
3 434 165 166 0.5151299640965219 0.7703493635982155 0.9761761449885492
3 166 274 434 0.5151299640965219 0.7703493635982155 0.9761761449885492
3 250 165 435 0.5151299640965219 0.7703493635982155 0.9761761449885492
3 164 165 250 0.5151299640965219 0.7703493635982155 0.9761761449885492
3 321 163 164 0.5151299640965219 0.7703493635982155 0.9761761449885492
3 334 366 333 0.5151299640965219 0.7703493635982155 0.9761761449885492
3 461 334 335 0.5151299640965219 0.7703493635982155 0.9761761449885492
3 366 334 461 0.5151299640965219 0.7703493635982155 0.9761761449885492
3 219 333 365 0.5151299640965219 0.7703493635982155 0.9761761449885492
3 414 146 147 0.5151299640965219 0.7703493635982155 0.9761761449885492
3 147 445 414 0.5151299640965219 0.7703493635982155 0.9761761449885492
3 444 445 147 0.5151299640965219 0.7703493635982155 0.9761761449885492
3 300 445 444 0.5151299640965219 0.7703493635982155 0.9761761449885492
3 444 147 169 0.5151299640965219 0.7703493635982155 0.9761761449885492
3 169 171 444 0.5151299640965219 0.7703493635982155 0.9761761449885492
3 444 171 300 0.5151299640965219 0.7703493635982155 0.9761761449885492
3 149 267 301 0.5151299640965219 0.7703493635982155 0.9761761449885492
3 301 445 149 0.5151299640965219 0.7703493635982155 0.9761761449885492
3 141 142 377 0.5151299640965219 0.7703493635982155 0.9761761449885492
3 377 378 141 0.5151299640965219 0.7703493635982155 0.9761761449885492
3 380 379 297 0.5151299640965219 0.7703493635982155 0.9761761449885492
3 420 298 297 0.5151299640965219 0.7703493635982155 0.9761761449885492
3 420 297 450 0.5151299640965219 0.7703493635982155 0.9761761449885492
3 296 379 378 0.5151299640965219 0.7703493635982155 0.9761761449885492
3 296 297 379 0.5151299640965219 0.7703493635982155 0.9761761449885492
3 239 297 296 0.5151299640965219 0.7703493635982155 0.9761761449885492
3 262 379 380 0.5151299640965219 0.7703493635982155 0.9761761449885492
3 262 261 379 0.5151299640965219 0.7703493635982155 0.9761761449885492
3 380 297 381 0.5151299640965219 0.7703493635982155 0.9761761449885492
3 381 297 298 0.5151299640965219 0.7703493635982155 0.9761761449885492
3 381 298 382 0.5151299640965219 0.7703493635982155 0.9761761449885492
3 390 198 391 0.5151299640965219 0.7703493635982155 0.9761761449885492
3 392 359 391 0.5151299640965219 0.7703493635982155 0.9761761449885492
3 422 359 392 0.5151299640965219 0.7703493635982155 0.9761761449885492
3 452 359 422 0.5151299640965219 0.7703493635982155 0.9761761449885492
3 413 432 433 0.5151299640965219 0.7703493635982155 0.9761761449885492
3 433 464 413 0.5151299640965219 0.7703493635982155 0.9761761449885492
3 464 433 403 0.5151299640965219 0.7703493635982155 0.9761761449885492
3 286 180 136 0.5151299640965219 0.7703493635982155 0.9761761449885492
3 182 288 289 0.5151299640965219 0.7703493635982155 0.9761761449885492
3 404 137 138 0.5151299640965219 0.7703493635982155 0.9761761449885492
3 410 292 291 0.5151299640965219 0.7703493635982155 0.9761761449885492
3 410 411 292 0.5151299640965219 0.7703493635982155 0.9761761449885492
3 351 411 410 0.5151299640965219 0.7703493635982155 0.9761761449885492
3 410 409 351 0.5151299640965219 0.7703493635982155 0.9761761449885492
3 383 421 452 0.5151299640965219 0.7703493635982155 0.9761761449885492
3 138 139 230 0.5151299640965219 0.7703493635982155 0.9761761449885492
3 230 231 138 0.5151299640965219 0.7703493635982155 0.9761761449885492
3 139 346 230 0.5151299640965219 0.7703493635982155 0.9761761449885492
3 282 331 174 0.5151299640965219 0.7703493635982155 0.9761761449885492
3 172 126 127 0.5151299640965219 0.7703493635982155 0.9761761449885492
3 328 126 172 0.5151299640965219 0.7703493635982155 0.9761761449885492
3 215 216 361 0.5151299640965219 0.7703493635982155 0.9761761449885492
3 361 360 215 0.5151299640965219 0.7703493635982155 0.9761761449885492
3 361 167 360 0.5151299640965219 0.7703493635982155 0.9761761449885492
3 216 362 361 0.5151299640965219 0.7703493635982155 0.9761761449885492
3 282 220 257 0.5151299640965219 0.7703493635982155 0.9761761449885492
3 369 132 225 0.5151299640965219 0.7703493635982155 0.9761761449885492
3 176 175 134 0.5151299640965219 0.7703493635982155 0.9761761449885492
3 225 132 133 0.5151299640965219 0.7703493635982155 0.9761761449885492
3 134 175 133 0.5151299640965219 0.7703493635982155 0.9761761449885492
3 276 364 436 0.5151299640965219 0.7703493635982155 0.9761761449885492
3 276 250 435 0.5151299640965219 0.7703493635982155 0.9761761449885492
3 436 250 276 0.5151299640965219 0.7703493635982155 0.9761761449885492
3 435 165 275 0.5151299640965219 0.7703493635982155 0.9761761449885492
3 165 434 275 0.5151299640965219 0.7703493635982155 0.9761761449885492
3 275 434 363 0.5151299640965219 0.7703493635982155 0.9761761449885492
3 275 276 435 0.5151299640965219 0.7703493635982155 0.9761761449885492
3 363 364 275 0.5151299640965219 0.7703493635982155 0.9761761449885492
3 364 276 275 0.5151299640965219 0.7703493635982155 0.9761761449885492
3 325 326 214 0.5151299640965219 0.7703493635982155 0.9761761449885492
3 323 163 322 0.5151299640965219 0.7703493635982155 0.9761761449885492
3 163 321 322 0.5151299640965219 0.7703493635982155 0.9761761449885492
3 251 321 164 0.5151299640965219 0.7703493635982155 0.9761761449885492
3 164 250 251 0.5151299640965219 0.7703493635982155 0.9761761449885492
3 251 250 436 0.5151299640965219 0.7703493635982155 0.9761761449885492
3 440 326 325 0.5151299640965219 0.7703493635982155 0.9761761449885492
3 366 461 439 0.5151299640965219 0.7703493635982155 0.9761761449885492
3 439 254 366 0.5151299640965219 0.7703493635982155 0.9761761449885492
3 461 440 439 0.5151299640965219 0.7703493635982155 0.9761761449885492
3 439 440 325 0.5151299640965219 0.7703493635982155 0.9761761449885492
3 333 366 278 0.5151299640965219 0.7703493635982155 0.9761761449885492
3 278 365 333 0.5151299640965219 0.7703493635982155 0.9761761449885492
3 366 254 278 0.5151299640965219 0.7703493635982155 0.9761761449885492
3 294 377 142 0.5151299640965219 0.7703493635982155 0.9761761449885492
3 415 414 445 0.5151299640965219 0.7703493635982155 0.9761761449885492
3 153 154 191 0.5151299640965219 0.7703493635982155 0.9761761449885492
3 240 150 151 0.5151299640965219 0.7703493635982155 0.9761761449885492
3 272 450 419 0.5151299640965219 0.7703493635982155 0.9761761449885492
3 419 297 239 0.5151299640965219 0.7703493635982155 0.9761761449885492
3 419 450 297 0.5151299640965219 0.7703493635982155 0.9761761449885492
3 139 344 345 0.5151299640965219 0.7703493635982155 0.9761761449885492
3 345 346 139 0.5151299640965219 0.7703493635982155 0.9761761449885492
3 382 383 265 0.5151299640965219 0.7703493635982155 0.9761761449885492
3 265 383 266 0.5151299640965219 0.7703493635982155 0.9761761449885492
3 346 265 347 0.5151299640965219 0.7703493635982155 0.9761761449885492
3 231 230 347 0.5151299640965219 0.7703493635982155 0.9761761449885492
3 347 230 346 0.5151299640965219 0.7703493635982155 0.9761761449885492
3 347 266 348 0.5151299640965219 0.7703493635982155 0.9761761449885492
3 347 265 266 0.5151299640965219 0.7703493635982155 0.9761761449885492
3 261 262 140 0.5151299640965219 0.7703493635982155 0.9761761449885492
3 141 261 140 0.5151299640965219 0.7703493635982155 0.9761761449885492
3 140 344 139 0.5151299640965219 0.7703493635982155 0.9761761449885492
3 263 262 380 0.5151299640965219 0.7703493635982155 0.9761761449885492
3 380 381 263 0.5151299640965219 0.7703493635982155 0.9761761449885492
3 344 140 263 0.5151299640965219 0.7703493635982155 0.9761761449885492
3 263 140 262 0.5151299640965219 0.7703493635982155 0.9761761449885492
3 263 345 344 0.5151299640965219 0.7703493635982155 0.9761761449885492
3 156 307 197 0.5151299640965219 0.7703493635982155 0.9761761449885492
3 197 198 390 0.5151299640965219 0.7703493635982155 0.9761761449885492
3 390 389 197 0.5151299640965219 0.7703493635982155 0.9761761449885492
3 195 155 156 0.5151299640965219 0.7703493635982155 0.9761761449885492
3 357 389 358 0.5151299640965219 0.7703493635982155 0.9761761449885492
3 358 389 390 0.5151299640965219 0.7703493635982155 0.9761761449885492
3 359 421 358 0.5151299640965219 0.7703493635982155 0.9761761449885492
3 390 391 358 0.5151299640965219 0.7703493635982155 0.9761761449885492
3 358 391 359 0.5151299640965219 0.7703493635982155 0.9761761449885492
3 386 154 155 0.5151299640965219 0.7703493635982155 0.9761761449885492
3 306 357 420 0.5151299640965219 0.7703493635982155 0.9761761449885492
3 420 450 306 0.5151299640965219 0.7703493635982155 0.9761761449885492
3 306 450 272 0.5151299640965219 0.7703493635982155 0.9761761449885492
3 423 432 413 0.5151299640965219 0.7703493635982155 0.9761761449885492
3 423 394 432 0.5151299640965219 0.7703493635982155 0.9761761449885492
3 413 412 423 0.5151299640965219 0.7703493635982155 0.9761761449885492
3 423 411 351 0.5151299640965219 0.7703493635982155 0.9761761449885492
3 412 411 423 0.5151299640965219 0.7703493635982155 0.9761761449885492
3 351 385 423 0.5151299640965219 0.7703493635982155 0.9761761449885492
3 207 160 161 0.5151299640965219 0.7703493635982155 0.9761761449885492
3 210 400 401 0.5151299640965219 0.7703493635982155 0.9761761449885492
3 432 394 431 0.5151299640965219 0.7703493635982155 0.9761761449885492
3 394 430 431 0.5151299640965219 0.7703493635982155 0.9761761449885492
3 428 206 429 0.5151299640965219 0.7703493635982155 0.9761761449885492
3 429 206 430 0.5151299640965219 0.7703493635982155 0.9761761449885492
3 429 430 394 0.5151299640965219 0.7703493635982155 0.9761761449885492
3 402 318 401 0.5151299640965219 0.7703493635982155 0.9761761449885492
3 464 403 443 0.5151299640965219 0.7703493635982155 0.9761761449885492
3 403 402 443 0.5151299640965219 0.7703493635982155 0.9761761449885492
3 340 182 341 0.5151299640965219 0.7703493635982155 0.9761761449885492
3 182 342 341 0.5151299640965219 0.7703493635982155 0.9761761449885492
3 376 342 343 0.5151299640965219 0.7703493635982155 0.9761761449885492
3 291 292 343 0.5151299640965219 0.7703493635982155 0.9761761449885492
3 343 342 291 0.5151299640965219 0.7703493635982155 0.9761761449885492
3 343 292 413 0.5151299640965219 0.7703493635982155 0.9761761449885492
3 413 464 343 0.5151299640965219 0.7703493635982155 0.9761761449885492
3 464 443 343 0.5151299640965219 0.7703493635982155 0.9761761449885492
3 343 443 376 0.5151299640965219 0.7703493635982155 0.9761761449885492
3 180 286 181 0.5151299640965219 0.7703493635982155 0.9761761449885492
3 181 288 182 0.5151299640965219 0.7703493635982155 0.9761761449885492
3 181 182 340 0.5151299640965219 0.7703493635982155 0.9761761449885492
3 182 289 290 0.5151299640965219 0.7703493635982155 0.9761761449885492
3 291 342 290 0.5151299640965219 0.7703493635982155 0.9761761449885492
3 290 342 182 0.5151299640965219 0.7703493635982155 0.9761761449885492
3 286 184 287 0.5151299640965219 0.7703493635982155 0.9761761449885492
3 288 181 287 0.5151299640965219 0.7703493635982155 0.9761761449885492
3 287 181 286 0.5151299640965219 0.7703493635982155 0.9761761449885492
3 183 184 286 0.5151299640965219 0.7703493635982155 0.9761761449885492
3 136 137 183 0.5151299640965219 0.7703493635982155 0.9761761449885492
3 183 286 136 0.5151299640965219 0.7703493635982155 0.9761761449885492
3 350 385 351 0.5151299640965219 0.7703493635982155 0.9761761449885492
3 232 347 348 0.5151299640965219 0.7703493635982155 0.9761761449885492
3 231 347 232 0.5151299640965219 0.7703493635982155 0.9761761449885492
3 138 231 232 0.5151299640965219 0.7703493635982155 0.9761761449885492
3 232 404 138 0.5151299640965219 0.7703493635982155 0.9761761449885492
3 299 383 382 0.5151299640965219 0.7703493635982155 0.9761761449885492
3 421 383 299 0.5151299640965219 0.7703493635982155 0.9761761449885492
3 382 298 299 0.5151299640965219 0.7703493635982155 0.9761761449885492
3 282 174 281 0.5151299640965219 0.7703493635982155 0.9761761449885492
3 329 216 328 0.5151299640965219 0.7703493635982155 0.9761761449885492
3 328 172 329 0.5151299640965219 0.7703493635982155 0.9761761449885492
3 329 172 173 0.5151299640965219 0.7703493635982155 0.9761761449885492
3 330 331 218 0.5151299640965219 0.7703493635982155 0.9761761449885492
3 330 174 331 0.5151299640965219 0.7703493635982155 0.9761761449885492
3 173 174 330 0.5151299640965219 0.7703493635982155 0.9761761449885492
3 330 329 173 0.5151299640965219 0.7703493635982155 0.9761761449885492
3 173 172 279 0.5151299640965219 0.7703493635982155 0.9761761449885492
3 127 129 279 0.5151299640965219 0.7703493635982155 0.9761761449885492
3 279 172 127 0.5151299640965219 0.7703493635982155 0.9761761449885492
3 273 362 166 0.5151299640965219 0.7703493635982155 0.9761761449885492
3 273 361 362 0.5151299640965219 0.7703493635982155 0.9761761449885492
3 166 167 273 0.5151299640965219 0.7703493635982155 0.9761761449885492
3 167 361 273 0.5151299640965219 0.7703493635982155 0.9761761449885492
3 283 258 259 0.5151299640965219 0.7703493635982155 0.9761761449885492
3 333 332 283 0.5151299640965219 0.7703493635982155 0.9761761449885492
3 283 332 282 0.5151299640965219 0.7703493635982155 0.9761761449885492
3 282 257 283 0.5151299640965219 0.7703493635982155 0.9761761449885492
3 257 258 283 0.5151299640965219 0.7703493635982155 0.9761761449885492
3 370 369 225 0.5151299640965219 0.7703493635982155 0.9761761449885492
3 259 258 222 0.5151299640965219 0.7703493635982155 0.9761761449885492
3 228 176 177 0.5151299640965219 0.7703493635982155 0.9761761449885492
3 177 337 178 0.5151299640965219 0.7703493635982155 0.9761761449885492
3 227 176 228 0.5151299640965219 0.7703493635982155 0.9761761449885492
3 175 176 227 0.5151299640965219 0.7703493635982155 0.9761761449885492
3 179 337 135 0.5151299640965219 0.7703493635982155 0.9761761449885492
3 179 135 136 0.5151299640965219 0.7703493635982155 0.9761761449885492
3 136 180 179 0.5151299640965219 0.7703493635982155 0.9761761449885492
3 178 337 338 0.5151299640965219 0.7703493635982155 0.9761761449885492
3 338 179 180 0.5151299640965219 0.7703493635982155 0.9761761449885492
3 337 179 338 0.5151299640965219 0.7703493635982155 0.9761761449885492
3 340 341 375 0.5151299640965219 0.7703493635982155 0.9761761449885492
3 375 342 376 0.5151299640965219 0.7703493635982155 0.9761761449885492
3 375 341 342 0.5151299640965219 0.7703493635982155 0.9761761449885492
3 211 163 323 0.5151299640965219 0.7703493635982155 0.9761761449885492
3 211 162 163 0.5151299640965219 0.7703493635982155 0.9761761449885492
3 324 439 325 0.5151299640965219 0.7703493635982155 0.9761761449885492
3 254 439 324 0.5151299640965219 0.7703493635982155 0.9761761449885492
3 323 254 324 0.5151299640965219 0.7703493635982155 0.9761761449885492
3 395 214 396 0.5151299640965219 0.7703493635982155 0.9761761449885492
3 395 396 161 0.5151299640965219 0.7703493635982155 0.9761761449885492
3 161 162 395 0.5151299640965219 0.7703493635982155 0.9761761449885492
3 365 278 438 0.5151299640965219 0.7703493635982155 0.9761761449885492
3 145 235 144 0.5151299640965219 0.7703493635982155 0.9761761449885492
3 414 415 187 0.5151299640965219 0.7703493635982155 0.9761761449885492
3 145 146 187 0.5151299640965219 0.7703493635982155 0.9761761449885492
3 146 414 187 0.5151299640965219 0.7703493635982155 0.9761761449885492
3 187 235 145 0.5151299640965219 0.7703493635982155 0.9761761449885492
3 187 415 235 0.5151299640965219 0.7703493635982155 0.9761761449885492
3 445 301 446 0.5151299640965219 0.7703493635982155 0.9761761449885492
3 446 415 445 0.5151299640965219 0.7703493635982155 0.9761761449885492
3 271 418 448 0.5151299640965219 0.7703493635982155 0.9761761449885492
3 448 418 190 0.5151299640965219 0.7703493635982155 0.9761761449885492
3 190 417 448 0.5151299640965219 0.7703493635982155 0.9761761449885492
3 237 417 190 0.5151299640965219 0.7703493635982155 0.9761761449885492
3 153 191 246 0.5151299640965219 0.7703493635982155 0.9761761449885492
3 246 271 243 0.5151299640965219 0.7703493635982155 0.9761761449885492
3 154 386 192 0.5151299640965219 0.7703493635982155 0.9761761449885492
3 241 151 352 0.5151299640965219 0.7703493635982155 0.9761761449885492
3 352 151 152 0.5151299640965219 0.7703493635982155 0.9761761449885492
3 152 242 352 0.5151299640965219 0.7703493635982155 0.9761761449885492
3 304 271 448 0.5151299640965219 0.7703493635982155 0.9761761449885492
3 243 271 304 0.5151299640965219 0.7703493635982155 0.9761761449885492
3 242 152 353 0.5151299640965219 0.7703493635982155 0.9761761449885492
3 264 263 381 0.5151299640965219 0.7703493635982155 0.9761761449885492
3 345 263 264 0.5151299640965219 0.7703493635982155 0.9761761449885492
3 264 381 382 0.5151299640965219 0.7703493635982155 0.9761761449885492
3 382 265 264 0.5151299640965219 0.7703493635982155 0.9761761449885492
3 346 345 264 0.5151299640965219 0.7703493635982155 0.9761761449885492
3 264 265 346 0.5151299640965219 0.7703493635982155 0.9761761449885492
3 156 197 196 0.5151299640965219 0.7703493635982155 0.9761761449885492
3 196 197 389 0.5151299640965219 0.7703493635982155 0.9761761449885492
3 196 195 156 0.5151299640965219 0.7703493635982155 0.9761761449885492
3 155 195 387 0.5151299640965219 0.7703493635982155 0.9761761449885492
3 387 386 155 0.5151299640965219 0.7703493635982155 0.9761761449885492
3 193 386 387 0.5151299640965219 0.7703493635982155 0.9761761449885492
3 357 358 451 0.5151299640965219 0.7703493635982155 0.9761761449885492
3 451 358 421 0.5151299640965219 0.7703493635982155 0.9761761449885492
3 420 357 451 0.5151299640965219 0.7703493635982155 0.9761761449885492
3 451 298 420 0.5151299640965219 0.7703493635982155 0.9761761449885492
3 451 299 298 0.5151299640965219 0.7703493635982155 0.9761761449885492
3 421 299 451 0.5151299640965219 0.7703493635982155 0.9761761449885492
3 356 306 272 0.5151299640965219 0.7703493635982155 0.9761761449885492
3 198 197 308 0.5151299640965219 0.7703493635982155 0.9761761449885492
3 308 197 307 0.5151299640965219 0.7703493635982155 0.9761761449885492
3 392 391 310 0.5151299640965219 0.7703493635982155 0.9761761449885492
3 394 423 453 0.5151299640965219 0.7703493635982155 0.9761761449885492
3 385 422 453 0.5151299640965219 0.7703493635982155 0.9761761449885492
3 453 423 385 0.5151299640965219 0.7703493635982155 0.9761761449885492
3 208 209 160 0.5151299640965219 0.7703493635982155 0.9761761449885492
3 160 207 208 0.5151299640965219 0.7703493635982155 0.9761761449885492
3 207 398 208 0.5151299640965219 0.7703493635982155 0.9761761449885492
3 318 206 317 0.5151299640965219 0.7703493635982155 0.9761761449885492
3 317 316 210 0.5151299640965219 0.7703493635982155 0.9761761449885492
3 401 318 317 0.5151299640965219 0.7703493635982155 0.9761761449885492
3 317 210 401 0.5151299640965219 0.7703493635982155 0.9761761449885492
3 210 316 315 0.5151299640965219 0.7703493635982155 0.9761761449885492
3 320 402 403 0.5151299640965219 0.7703493635982155 0.9761761449885492
3 432 431 320 0.5151299640965219 0.7703493635982155 0.9761761449885492
3 320 433 432 0.5151299640965219 0.7703493635982155 0.9761761449885492
3 320 403 433 0.5151299640965219 0.7703493635982155 0.9761761449885492
3 430 206 320 0.5151299640965219 0.7703493635982155 0.9761761449885492
3 320 431 430 0.5151299640965219 0.7703493635982155 0.9761761449885492
3 186 290 289 0.5151299640965219 0.7703493635982155 0.9761761449885492
3 186 289 288 0.5151299640965219 0.7703493635982155 0.9761761449885492
3 291 290 186 0.5151299640965219 0.7703493635982155 0.9761761449885492
3 186 410 291 0.5151299640965219 0.7703493635982155 0.9761761449885492
3 409 410 186 0.5151299640965219 0.7703493635982155 0.9761761449885492
3 349 350 234 0.5151299640965219 0.7703493635982155 0.9761761449885492
3 348 266 349 0.5151299640965219 0.7703493635982155 0.9761761449885492
3 234 350 408 0.5151299640965219 0.7703493635982155 0.9761761449885492
3 408 407 234 0.5151299640965219 0.7703493635982155 0.9761761449885492
3 351 409 408 0.5151299640965219 0.7703493635982155 0.9761761449885492
3 408 350 351 0.5151299640965219 0.7703493635982155 0.9761761449885492
3 409 186 408 0.5151299640965219 0.7703493635982155 0.9761761449885492
3 184 183 406 0.5151299640965219 0.7703493635982155 0.9761761449885492
3 406 407 184 0.5151299640965219 0.7703493635982155 0.9761761449885492
3 234 407 406 0.5151299640965219 0.7703493635982155 0.9761761449885492
3 256 220 282 0.5151299640965219 0.7703493635982155 0.9761761449885492
3 282 281 256 0.5151299640965219 0.7703493635982155 0.9761761449885492
3 173 279 280 0.5151299640965219 0.7703493635982155 0.9761761449885492
3 280 279 129 0.5151299640965219 0.7703493635982155 0.9761761449885492
3 280 174 173 0.5151299640965219 0.7703493635982155 0.9761761449885492
3 280 281 174 0.5151299640965219 0.7703493635982155 0.9761761449885492
3 217 330 218 0.5151299640965219 0.7703493635982155 0.9761761449885492
3 218 363 217 0.5151299640965219 0.7703493635982155 0.9761761449885492
3 363 362 217 0.5151299640965219 0.7703493635982155 0.9761761449885492
3 217 362 216 0.5151299640965219 0.7703493635982155 0.9761761449885492
3 216 329 217 0.5151299640965219 0.7703493635982155 0.9761761449885492
3 329 330 217 0.5151299640965219 0.7703493635982155 0.9761761449885492
3 333 283 284 0.5151299640965219 0.7703493635982155 0.9761761449885492
3 284 283 259 0.5151299640965219 0.7703493635982155 0.9761761449885492
3 284 334 333 0.5151299640965219 0.7703493635982155 0.9761761449885492
3 284 260 334 0.5151299640965219 0.7703493635982155 0.9761761449885492
3 259 222 223 0.5151299640965219 0.7703493635982155 0.9761761449885492
3 223 222 369 0.5151299640965219 0.7703493635982155 0.9761761449885492
3 369 370 223 0.5151299640965219 0.7703493635982155 0.9761761449885492
3 221 222 258 0.5151299640965219 0.7703493635982155 0.9761761449885492
3 221 258 257 0.5151299640965219 0.7703493635982155 0.9761761449885492
3 221 220 131 0.5151299640965219 0.7703493635982155 0.9761761449885492
3 221 257 220 0.5151299640965219 0.7703493635982155 0.9761761449885492
3 369 222 368 0.5151299640965219 0.7703493635982155 0.9761761449885492
3 131 132 368 0.5151299640965219 0.7703493635982155 0.9761761449885492
3 132 369 368 0.5151299640965219 0.7703493635982155 0.9761761449885492
3 368 221 131 0.5151299640965219 0.7703493635982155 0.9761761449885492
3 222 221 368 0.5151299640965219 0.7703493635982155 0.9761761449885492
3 335 334 285 0.5151299640965219 0.7703493635982155 0.9761761449885492
3 334 260 285 0.5151299640965219 0.7703493635982155 0.9761761449885492
3 285 373 335 0.5151299640965219 0.7703493635982155 0.9761761449885492
3 229 177 178 0.5151299640965219 0.7703493635982155 0.9761761449885492
3 229 373 228 0.5151299640965219 0.7703493635982155 0.9761761449885492
3 228 177 229 0.5151299640965219 0.7703493635982155 0.9761761449885492
3 337 177 336 0.5151299640965219 0.7703493635982155 0.9761761449885492
3 134 135 336 0.5151299640965219 0.7703493635982155 0.9761761449885492
3 135 337 336 0.5151299640965219 0.7703493635982155 0.9761761449885492
3 336 176 134 0.5151299640965219 0.7703493635982155 0.9761761449885492
3 336 177 176 0.5151299640965219 0.7703493635982155 0.9761761449885492
3 371 370 226 0.5151299640965219 0.7703493635982155 0.9761761449885492
3 226 227 371 0.5151299640965219 0.7703493635982155 0.9761761449885492
3 226 370 225 0.5151299640965219 0.7703493635982155 0.9761761449885492
3 225 133 226 0.5151299640965219 0.7703493635982155 0.9761761449885492
3 226 133 175 0.5151299640965219 0.7703493635982155 0.9761761449885492
3 175 227 226 0.5151299640965219 0.7703493635982155 0.9761761449885492
3 178 338 339 0.5151299640965219 0.7703493635982155 0.9761761449885492
3 339 181 340 0.5151299640965219 0.7703493635982155 0.9761761449885492
3 180 181 339 0.5151299640965219 0.7703493635982155 0.9761761449885492
3 339 338 180 0.5151299640965219 0.7703493635982155 0.9761761449885492
3 162 211 212 0.5151299640965219 0.7703493635982155 0.9761761449885492
3 212 211 323 0.5151299640965219 0.7703493635982155 0.9761761449885492
3 323 324 212 0.5151299640965219 0.7703493635982155 0.9761761449885492
3 399 210 209 0.5151299640965219 0.7703493635982155 0.9761761449885492
3 400 210 399 0.5151299640965219 0.7703493635982155 0.9761761449885492
3 209 208 399 0.5151299640965219 0.7703493635982155 0.9761761449885492
3 399 208 398 0.5151299640965219 0.7703493635982155 0.9761761449885492
3 397 398 207 0.5151299640965219 0.7703493635982155 0.9761761449885492
3 161 396 397 0.5151299640965219 0.7703493635982155 0.9761761449885492
3 397 207 161 0.5151299640965219 0.7703493635982155 0.9761761449885492
3 396 214 397 0.5151299640965219 0.7703493635982155 0.9761761449885492
3 397 214 326 0.5151299640965219 0.7703493635982155 0.9761761449885492
3 326 398 397 0.5151299640965219 0.7703493635982155 0.9761761449885492
3 323 322 253 0.5151299640965219 0.7703493635982155 0.9761761449885492
3 253 254 323 0.5151299640965219 0.7703493635982155 0.9761761449885492
3 253 278 254 0.5151299640965219 0.7703493635982155 0.9761761449885492
3 253 438 278 0.5151299640965219 0.7703493635982155 0.9761761449885492
3 321 251 252 0.5151299640965219 0.7703493635982155 0.9761761449885492
3 251 437 252 0.5151299640965219 0.7703493635982155 0.9761761449885492
3 252 322 321 0.5151299640965219 0.7703493635982155 0.9761761449885492
3 252 253 322 0.5151299640965219 0.7703493635982155 0.9761761449885492
3 438 253 252 0.5151299640965219 0.7703493635982155 0.9761761449885492
3 365 438 252 0.5151299640965219 0.7703493635982155 0.9761761449885492
3 252 437 365 0.5151299640965219 0.7703493635982155 0.9761761449885492
3 365 437 277 0.5151299640965219 0.7703493635982155 0.9761761449885492
3 277 364 219 0.5151299640965219 0.7703493635982155 0.9761761449885492
3 219 365 277 0.5151299640965219 0.7703493635982155 0.9761761449885492
3 436 364 277 0.5151299640965219 0.7703493635982155 0.9761761449885492
3 277 251 436 0.5151299640965219 0.7703493635982155 0.9761761449885492
3 277 437 251 0.5151299640965219 0.7703493635982155 0.9761761449885492
3 270 417 447 0.5151299640965219 0.7703493635982155 0.9761761449885492
3 448 417 270 0.5151299640965219 0.7703493635982155 0.9761761449885492
3 270 304 448 0.5151299640965219 0.7703493635982155 0.9761761449885492
3 242 353 270 0.5151299640965219 0.7703493635982155 0.9761761449885492
3 270 353 304 0.5151299640965219 0.7703493635982155 0.9761761449885492
3 416 446 447 0.5151299640965219 0.7703493635982155 0.9761761449885492
3 447 446 302 0.5151299640965219 0.7703493635982155 0.9761761449885492
3 267 150 302 0.5151299640965219 0.7703493635982155 0.9761761449885492
3 302 301 267 0.5151299640965219 0.7703493635982155 0.9761761449885492
3 302 446 301 0.5151299640965219 0.7703493635982155 0.9761761449885492
3 355 246 191 0.5151299640965219 0.7703493635982155 0.9761761449885492
3 271 246 355 0.5151299640965219 0.7703493635982155 0.9761761449885492
3 418 271 449 0.5151299640965219 0.7703493635982155 0.9761761449885492
3 449 419 239 0.5151299640965219 0.7703493635982155 0.9761761449885492
3 272 419 449 0.5151299640965219 0.7703493635982155 0.9761761449885492
3 238 190 418 0.5151299640965219 0.7703493635982155 0.9761761449885492
3 239 296 238 0.5151299640965219 0.7703493635982155 0.9761761449885492
3 238 449 239 0.5151299640965219 0.7703493635982155 0.9761761449885492
3 418 449 238 0.5151299640965219 0.7703493635982155 0.9761761449885492
3 248 386 193 0.5151299640965219 0.7703493635982155 0.9761761449885492
3 248 192 386 0.5151299640965219 0.7703493635982155 0.9761761449885492
3 193 356 248 0.5151299640965219 0.7703493635982155 0.9761761449885492
3 244 192 248 0.5151299640965219 0.7703493635982155 0.9761761449885492
3 272 244 248 0.5151299640965219 0.7703493635982155 0.9761761449885492
3 248 356 272 0.5151299640965219 0.7703493635982155 0.9761761449885492
3 153 246 354 0.5151299640965219 0.7703493635982155 0.9761761449885492
3 354 246 243 0.5151299640965219 0.7703493635982155 0.9761761449885492
3 243 304 354 0.5151299640965219 0.7703493635982155 0.9761761449885492
3 195 196 388 0.5151299640965219 0.7703493635982155 0.9761761449885492
3 388 387 195 0.5151299640965219 0.7703493635982155 0.9761761449885492
3 388 389 357 0.5151299640965219 0.7703493635982155 0.9761761449885492
3 388 196 389 0.5151299640965219 0.7703493635982155 0.9761761449885492
3 157 308 307 0.5151299640965219 0.7703493635982155 0.9761761449885492
3 157 307 156 0.5151299640965219 0.7703493635982155 0.9761761449885492
3 158 199 157 0.5151299640965219 0.7703493635982155 0.9761761449885492
3 199 310 309 0.5151299640965219 0.7703493635982155 0.9761761449885492
3 309 157 199 0.5151299640965219 0.7703493635982155 0.9761761449885492
3 308 157 309 0.5151299640965219 0.7703493635982155 0.9761761449885492
3 198 308 309 0.5151299640965219 0.7703493635982155 0.9761761449885492
3 309 391 198 0.5151299640965219 0.7703493635982155 0.9761761449885492
3 309 310 391 0.5151299640965219 0.7703493635982155 0.9761761449885492
3 392 310 311 0.5151299640965219 0.7703493635982155 0.9761761449885492
3 313 427 428 0.5151299640965219 0.7703493635982155 0.9761761449885492
3 428 429 313 0.5151299640965219 0.7703493635982155 0.9761761449885492
3 313 429 394 0.5151299640965219 0.7703493635982155 0.9761761449885492
3 205 206 428 0.5151299640965219 0.7703493635982155 0.9761761449885492
3 428 427 205 0.5151299640965219 0.7703493635982155 0.9761761449885492
3 205 317 206 0.5151299640965219 0.7703493635982155 0.9761761449885492
3 316 317 205 0.5151299640965219 0.7703493635982155 0.9761761449885492
3 209 210 314 0.5151299640965219 0.7703493635982155 0.9761761449885492
3 210 315 314 0.5151299640965219 0.7703493635982155 0.9761761449885492
3 160 209 314 0.5151299640965219 0.7703493635982155 0.9761761449885492
3 159 160 314 0.5151299640965219 0.7703493635982155 0.9761761449885492
3 318 402 319 0.5151299640965219 0.7703493635982155 0.9761761449885492
3 402 320 319 0.5151299640965219 0.7703493635982155 0.9761761449885492
3 319 206 318 0.5151299640965219 0.7703493635982155 0.9761761449885492
3 319 320 206 0.5151299640965219 0.7703493635982155 0.9761761449885492
3 185 186 288 0.5151299640965219 0.7703493635982155 0.9761761449885492
3 288 287 185 0.5151299640965219 0.7703493635982155 0.9761761449885492
3 185 287 184 0.5151299640965219 0.7703493635982155 0.9761761449885492
3 184 407 185 0.5151299640965219 0.7703493635982155 0.9761761449885492
3 407 408 185 0.5151299640965219 0.7703493635982155 0.9761761449885492
3 185 408 186 0.5151299640965219 0.7703493635982155 0.9761761449885492
3 233 349 234 0.5151299640965219 0.7703493635982155 0.9761761449885492
3 234 406 233 0.5151299640965219 0.7703493635982155 0.9761761449885492
3 233 232 348 0.5151299640965219 0.7703493635982155 0.9761761449885492
3 348 349 233 0.5151299640965219 0.7703493635982155 0.9761761449885492
3 350 349 384 0.5151299640965219 0.7703493635982155 0.9761761449885492
3 384 422 385 0.5151299640965219 0.7703493635982155 0.9761761449885492
3 385 350 384 0.5151299640965219 0.7703493635982155 0.9761761449885492
3 452 422 384 0.5151299640965219 0.7703493635982155 0.9761761449885492
3 384 383 452 0.5151299640965219 0.7703493635982155 0.9761761449885492
3 266 383 384 0.5151299640965219 0.7703493635982155 0.9761761449885492
3 384 349 266 0.5151299640965219 0.7703493635982155 0.9761761449885492
3 405 183 137 0.5151299640965219 0.7703493635982155 0.9761761449885492
3 405 406 183 0.5151299640965219 0.7703493635982155 0.9761761449885492
3 137 404 405 0.5151299640965219 0.7703493635982155 0.9761761449885492
3 405 233 406 0.5151299640965219 0.7703493635982155 0.9761761449885492
3 404 232 405 0.5151299640965219 0.7703493635982155 0.9761761449885492
3 232 233 405 0.5151299640965219 0.7703493635982155 0.9761761449885492
3 281 280 255 0.5151299640965219 0.7703493635982155 0.9761761449885492
3 255 280 129 0.5151299640965219 0.7703493635982155 0.9761761449885492
3 224 223 370 0.5151299640965219 0.7703493635982155 0.9761761449885492
3 224 370 371 0.5151299640965219 0.7703493635982155 0.9761761449885492
3 259 223 224 0.5151299640965219 0.7703493635982155 0.9761761449885492
3 224 284 259 0.5151299640965219 0.7703493635982155 0.9761761449885492
3 260 284 224 0.5151299640965219 0.7703493635982155 0.9761761449885492
3 228 373 372 0.5151299640965219 0.7703493635982155 0.9761761449885492
3 373 285 372 0.5151299640965219 0.7703493635982155 0.9761761449885492
3 372 227 228 0.5151299640965219 0.7703493635982155 0.9761761449885492
3 371 227 372 0.5151299640965219 0.7703493635982155 0.9761761449885492
3 372 285 260 0.5151299640965219 0.7703493635982155 0.9761761449885492
3 372 224 371 0.5151299640965219 0.7703493635982155 0.9761761449885492
3 260 224 372 0.5151299640965219 0.7703493635982155 0.9761761449885492
3 373 229 374 0.5151299640965219 0.7703493635982155 0.9761761449885492
3 335 373 374 0.5151299640965219 0.7703493635982155 0.9761761449885492
3 374 229 178 0.5151299640965219 0.7703493635982155 0.9761761449885492
3 374 462 335 0.5151299640965219 0.7703493635982155 0.9761761449885492
3 375 462 374 0.5151299640965219 0.7703493635982155 0.9761761449885492
3 178 339 374 0.5151299640965219 0.7703493635982155 0.9761761449885492
3 340 375 374 0.5151299640965219 0.7703493635982155 0.9761761449885492
3 374 339 340 0.5151299640965219 0.7703493635982155 0.9761761449885492
3 401 400 442 0.5151299640965219 0.7703493635982155 0.9761761449885492
3 442 375 376 0.5151299640965219 0.7703493635982155 0.9761761449885492
3 442 462 375 0.5151299640965219 0.7703493635982155 0.9761761449885492
3 213 395 162 0.5151299640965219 0.7703493635982155 0.9761761449885492
3 162 212 213 0.5151299640965219 0.7703493635982155 0.9761761449885492
3 214 395 213 0.5151299640965219 0.7703493635982155 0.9761761449885492
3 325 214 213 0.5151299640965219 0.7703493635982155 0.9761761449885492
3 213 324 325 0.5151299640965219 0.7703493635982155 0.9761761449885492
3 213 212 324 0.5151299640965219 0.7703493635982155 0.9761761449885492
3 326 440 441 0.5151299640965219 0.7703493635982155 0.9761761449885492
3 441 440 461 0.5151299640965219 0.7703493635982155 0.9761761449885492
3 441 461 335 0.5151299640965219 0.7703493635982155 0.9761761449885492
3 335 462 441 0.5151299640965219 0.7703493635982155 0.9761761449885492
3 242 270 303 0.5151299640965219 0.7703493635982155 0.9761761449885492
3 352 242 303 0.5151299640965219 0.7703493635982155 0.9761761449885492
3 303 241 352 0.5151299640965219 0.7703493635982155 0.9761761449885492
3 303 270 447 0.5151299640965219 0.7703493635982155 0.9761761449885492
3 293 144 235 0.5151299640965219 0.7703493635982155 0.9761761449885492
3 293 294 142 0.5151299640965219 0.7703493635982155 0.9761761449885492
3 142 144 293 0.5151299640965219 0.7703493635982155 0.9761761449885492
3 447 417 189 0.5151299640965219 0.7703493635982155 0.9761761449885492
3 189 416 447 0.5151299640965219 0.7703493635982155 0.9761761449885492
3 189 417 237 0.5151299640965219 0.7703493635982155 0.9761761449885492
3 237 294 189 0.5151299640965219 0.7703493635982155 0.9761761449885492
3 268 150 240 0.5151299640965219 0.7703493635982155 0.9761761449885492
3 240 302 268 0.5151299640965219 0.7703493635982155 0.9761761449885492
3 268 302 150 0.5151299640965219 0.7703493635982155 0.9761761449885492
3 247 192 244 0.5151299640965219 0.7703493635982155 0.9761761449885492
3 244 355 247 0.5151299640965219 0.7703493635982155 0.9761761449885492
3 247 355 191 0.5151299640965219 0.7703493635982155 0.9761761449885492
3 247 191 154 0.5151299640965219 0.7703493635982155 0.9761761449885492
3 154 192 247 0.5151299640965219 0.7703493635982155 0.9761761449885492
3 305 449 271 0.5151299640965219 0.7703493635982155 0.9761761449885492
3 305 355 244 0.5151299640965219 0.7703493635982155 0.9761761449885492
3 271 355 305 0.5151299640965219 0.7703493635982155 0.9761761449885492
3 305 244 272 0.5151299640965219 0.7703493635982155 0.9761761449885492
3 272 449 305 0.5151299640965219 0.7703493635982155 0.9761761449885492
3 237 190 295 0.5151299640965219 0.7703493635982155 0.9761761449885492
3 190 238 295 0.5151299640965219 0.7703493635982155 0.9761761449885492
3 295 294 237 0.5151299640965219 0.7703493635982155 0.9761761449885492
3 377 294 295 0.5151299640965219 0.7703493635982155 0.9761761449885492
3 378 377 295 0.5151299640965219 0.7703493635982155 0.9761761449885492
3 295 296 378 0.5151299640965219 0.7703493635982155 0.9761761449885492
3 295 238 296 0.5151299640965219 0.7703493635982155 0.9761761449885492
3 304 353 245 0.5151299640965219 0.7703493635982155 0.9761761449885492
3 245 354 304 0.5151299640965219 0.7703493635982155 0.9761761449885492
3 153 354 245 0.5151299640965219 0.7703493635982155 0.9761761449885492
3 245 152 153 0.5151299640965219 0.7703493635982155 0.9761761449885492
3 245 353 152 0.5151299640965219 0.7703493635982155 0.9761761449885492
3 194 388 357 0.5151299640965219 0.7703493635982155 0.9761761449885492
3 387 388 194 0.5151299640965219 0.7703493635982155 0.9761761449885492
3 193 387 194 0.5151299640965219 0.7703493635982155 0.9761761449885492
3 426 427 202 0.5151299640965219 0.7703493635982155 0.9761761449885492
3 427 313 202 0.5151299640965219 0.7703493635982155 0.9761761449885492
3 393 422 392 0.5151299640965219 0.7703493635982155 0.9761761449885492
3 393 453 422 0.5151299640965219 0.7703493635982155 0.9761761449885492
3 394 453 393 0.5151299640965219 0.7703493635982155 0.9761761449885492
3 393 313 394 0.5151299640965219 0.7703493635982155 0.9761761449885492
3 159 314 203 0.5151299640965219 0.7703493635982155 0.9761761449885492
3 203 314 315 0.5151299640965219 0.7703493635982155 0.9761761449885492
3 204 427 426 0.5151299640965219 0.7703493635982155 0.9761761449885492
3 204 205 427 0.5151299640965219 0.7703493635982155 0.9761761449885492
3 426 203 204 0.5151299640965219 0.7703493635982155 0.9761761449885492
3 316 205 204 0.5151299640965219 0.7703493635982155 0.9761761449885492
3 204 315 316 0.5151299640965219 0.7703493635982155 0.9761761449885492
3 204 203 315 0.5151299640965219 0.7703493635982155 0.9761761449885492
3 130 256 281 0.5151299640965219 0.7703493635982155 0.9761761449885492
3 281 255 130 0.5151299640965219 0.7703493635982155 0.9761761449885492
3 220 256 130 0.5151299640965219 0.7703493635982155 0.9761761449885492
3 131 220 130 0.5151299640965219 0.7703493635982155 0.9761761449885492
3 130 255 129 0.5151299640965219 0.7703493635982155 0.9761761449885492
3 462 442 327 0.5151299640965219 0.7703493635982155 0.9761761449885492
3 327 441 462 0.5151299640965219 0.7703493635982155 0.9761761449885492
3 400 399 327 0.5151299640965219 0.7703493635982155 0.9761761449885492
3 327 442 400 0.5151299640965219 0.7703493635982155 0.9761761449885492
3 327 399 398 0.5151299640965219 0.7703493635982155 0.9761761449885492
3 327 398 326 0.5151299640965219 0.7703493635982155 0.9761761449885492
3 326 441 327 0.5151299640965219 0.7703493635982155 0.9761761449885492
3 463 402 401 0.5151299640965219 0.7703493635982155 0.9761761449885492
3 401 442 463 0.5151299640965219 0.7703493635982155 0.9761761449885492
3 463 443 402 0.5151299640965219 0.7703493635982155 0.9761761449885492
3 376 443 463 0.5151299640965219 0.7703493635982155 0.9761761449885492
3 463 442 376 0.5151299640965219 0.7703493635982155 0.9761761449885492
3 241 303 269 0.5151299640965219 0.7703493635982155 0.9761761449885492
3 269 302 240 0.5151299640965219 0.7703493635982155 0.9761761449885492
3 447 302 269 0.5151299640965219 0.7703493635982155 0.9761761449885492
3 269 303 447 0.5151299640965219 0.7703493635982155 0.9761761449885492
3 240 151 269 0.5151299640965219 0.7703493635982155 0.9761761449885492
3 151 241 269 0.5151299640965219 0.7703493635982155 0.9761761449885492
3 235 415 188 0.5151299640965219 0.7703493635982155 0.9761761449885492
3 415 446 188 0.5151299640965219 0.7703493635982155 0.9761761449885492
3 446 416 188 0.5151299640965219 0.7703493635982155 0.9761761449885492
3 249 356 193 0.5151299640965219 0.7703493635982155 0.9761761449885492
3 193 194 249 0.5151299640965219 0.7703493635982155 0.9761761449885492
3 306 356 249 0.5151299640965219 0.7703493635982155 0.9761761449885492
3 357 306 249 0.5151299640965219 0.7703493635982155 0.9761761449885492
3 249 194 357 0.5151299640965219 0.7703493635982155 0.9761761449885492
3 424 158 159 0.5151299640965219 0.7703493635982155 0.9761761449885492
3 311 202 312 0.5151299640965219 0.7703493635982155 0.9761761449885492
3 312 202 313 0.5151299640965219 0.7703493635982155 0.9761761449885492
3 313 393 312 0.5151299640965219 0.7703493635982155 0.9761761449885492
3 392 311 312 0.5151299640965219 0.7703493635982155 0.9761761449885492
3 312 393 392 0.5151299640965219 0.7703493635982155 0.9761761449885492
3 201 311 310 0.5151299640965219 0.7703493635982155 0.9761761449885492
3 201 202 311 0.5151299640965219 0.7703493635982155 0.9761761449885492
3 158 424 201 0.5151299640965219 0.7703493635982155 0.9761761449885492
3 201 424 202 0.5151299640965219 0.7703493635982155 0.9761761449885492
3 294 293 236 0.5151299640965219 0.7703493635982155 0.9761761449885492
3 236 189 294 0.5151299640965219 0.7703493635982155 0.9761761449885492
3 236 293 235 0.5151299640965219 0.7703493635982155 0.9761761449885492
3 235 188 236 0.5151299640965219 0.7703493635982155 0.9761761449885492
3 416 189 236 0.5151299640965219 0.7703493635982155 0.9761761449885492
3 236 188 416 0.5151299640965219 0.7703493635982155 0.9761761449885492
3 426 202 425 0.5151299640965219 0.7703493635982155 0.9761761449885492
3 202 424 425 0.5151299640965219 0.7703493635982155 0.9761761449885492
3 425 424 159 0.5151299640965219 0.7703493635982155 0.9761761449885492
3 159 203 425 0.5151299640965219 0.7703493635982155 0.9761761449885492
3 425 203 426 0.5151299640965219 0.7703493635982155 0.9761761449885492
3 200 310 199 0.5151299640965219 0.7703493635982155 0.9761761449885492
3 200 201 310 0.5151299640965219 0.7703493635982155 0.9761761449885492
3 200 199 158 0.5151299640965219 0.7703493635982155 0.9761761449885492
3 158 201 200 0.5151299640965219 0.7703493635982155 0.9761761449885492
3 474 523 522 0.5151299640965219 0.7703493635982155 0.9761761449885492
3 497 482 481 0.5151299640965219 0.7703493635982155 0.9761761449885492
3 534 471 469 0.5151299640965219 0.7703493635982155 0.9761761449885492
3 538 523 474 0.5151299640965219 0.7703493635982155 0.9761761449885492
3 474 521 538 0.5151299640965219 0.7703493635982155 0.9761761449885492
3 566 521 565 0.5151299640965219 0.7703493635982155 0.9761761449885492
3 540 521 566 0.5151299640965219 0.7703493635982155 0.9761761449885492
3 567 477 476 0.5151299640965219 0.7703493635982155 0.9761761449885492
3 474 522 476 0.5151299640965219 0.7703493635982155 0.9761761449885492
3 567 476 568 0.5151299640965219 0.7703493635982155 0.9761761449885492
3 568 476 522 0.5151299640965219 0.7703493635982155 0.9761761449885492
3 572 497 496 0.5151299640965219 0.7703493635982155 0.9761761449885492
3 482 497 572 0.5151299640965219 0.7703493635982155 0.9761761449885492
3 515 516 535 0.5151299640965219 0.7703493635982155 0.9761761449885492
3 535 516 471 0.5151299640965219 0.7703493635982155 0.9761761449885492
3 513 534 469 0.5151299640965219 0.7703493635982155 0.9761761449885492
3 469 468 513 0.5151299640965219 0.7703493635982155 0.9761761449885492
3 491 490 554 0.5151299640965219 0.7703493635982155 0.9761761449885492
3 524 570 523 0.5151299640965219 0.7703493635982155 0.9761761449885492
3 524 571 570 0.5151299640965219 0.7703493635982155 0.9761761449885492
3 541 566 602 0.5151299640965219 0.7703493635982155 0.9761761449885492
3 540 566 541 0.5151299640965219 0.7703493635982155 0.9761761449885492
3 602 571 541 0.5151299640965219 0.7703493635982155 0.9761761449885492
3 541 524 540 0.5151299640965219 0.7703493635982155 0.9761761449885492
3 571 524 541 0.5151299640965219 0.7703493635982155 0.9761761449885492
3 567 568 544 0.5151299640965219 0.7703493635982155 0.9761761449885492
3 523 570 569 0.5151299640965219 0.7703493635982155 0.9761761449885492
3 569 522 523 0.5151299640965219 0.7703493635982155 0.9761761449885492
3 569 568 522 0.5151299640965219 0.7703493635982155 0.9761761449885492
3 505 487 486 0.5151299640965219 0.7703493635982155 0.9761761449885492
3 482 572 592 0.5151299640965219 0.7703493635982155 0.9761761449885492
3 592 572 496 0.5151299640965219 0.7703493635982155 0.9761761449885492
3 479 574 501 0.5151299640965219 0.7703493635982155 0.9761761449885492
3 574 593 501 0.5151299640965219 0.7703493635982155 0.9761761449885492
3 537 601 564 0.5151299640965219 0.7703493635982155 0.9761761449885492
3 564 601 565 0.5151299640965219 0.7703493635982155 0.9761761449885492
3 471 534 514 0.5151299640965219 0.7703493635982155 0.9761761449885492
3 514 535 471 0.5151299640965219 0.7703493635982155 0.9761761449885492
3 494 513 558 0.5151299640965219 0.7703493635982155 0.9761761449885492
3 558 513 468 0.5151299640965219 0.7703493635982155 0.9761761449885492
3 466 494 558 0.5151299640965219 0.7703493635982155 0.9761761449885492
3 558 468 466 0.5151299640965219 0.7703493635982155 0.9761761449885492
3 518 561 537 0.5151299640965219 0.7703493635982155 0.9761761449885492
3 537 564 518 0.5151299640965219 0.7703493635982155 0.9761761449885492
3 516 517 472 0.5151299640965219 0.7703493635982155 0.9761761449885492
3 471 516 472 0.5151299640965219 0.7703493635982155 0.9761761449885492
3 515 588 530 0.5151299640965219 0.7703493635982155 0.9761761449885492
3 511 492 491 0.5151299640965219 0.7703493635982155 0.9761761449885492
3 511 588 492 0.5151299640965219 0.7703493635982155 0.9761761449885492
3 511 530 588 0.5151299640965219 0.7703493635982155 0.9761761449885492
3 491 561 511 0.5151299640965219 0.7703493635982155 0.9761761449885492
3 561 530 511 0.5151299640965219 0.7703493635982155 0.9761761449885492
3 590 601 537 0.5151299640965219 0.7703493635982155 0.9761761449885492
3 537 554 590 0.5151299640965219 0.7703493635982155 0.9761761449885492
3 512 561 491 0.5151299640965219 0.7703493635982155 0.9761761449885492
3 491 554 512 0.5151299640965219 0.7703493635982155 0.9761761449885492
3 552 507 488 0.5151299640965219 0.7703493635982155 0.9761761449885492
3 540 524 539 0.5151299640965219 0.7703493635982155 0.9761761449885492
3 539 521 540 0.5151299640965219 0.7703493635982155 0.9761761449885492
3 539 538 521 0.5151299640965219 0.7703493635982155 0.9761761449885492
3 523 538 539 0.5151299640965219 0.7703493635982155 0.9761761449885492
3 539 524 523 0.5151299640965219 0.7703493635982155 0.9761761449885492
3 586 508 602 0.5151299640965219 0.7703493635982155 0.9761761449885492
3 586 585 508 0.5151299640965219 0.7703493635982155 0.9761761449885492
3 602 566 586 0.5151299640965219 0.7703493635982155 0.9761761449885492
3 566 585 586 0.5151299640965219 0.7703493635982155 0.9761761449885492
3 499 478 477 0.5151299640965219 0.7703493635982155 0.9761761449885492
3 499 543 478 0.5151299640965219 0.7703493635982155 0.9761761449885492
3 478 543 594 0.5151299640965219 0.7703493635982155 0.9761761449885492
3 546 573 593 0.5151299640965219 0.7703493635982155 0.9761761449885492
3 484 483 546 0.5151299640965219 0.7703493635982155 0.9761761449885492
3 483 573 546 0.5151299640965219 0.7703493635982155 0.9761761449885492
3 525 483 482 0.5151299640965219 0.7703493635982155 0.9761761449885492
3 482 592 525 0.5151299640965219 0.7703493635982155 0.9761761449885492
3 525 573 483 0.5151299640965219 0.7703493635982155 0.9761761449885492
3 525 592 573 0.5151299640965219 0.7703493635982155 0.9761761449885492
3 480 592 496 0.5151299640965219 0.7703493635982155 0.9761761449885492
3 479 501 480 0.5151299640965219 0.7703493635982155 0.9761761449885492
3 573 592 480 0.5151299640965219 0.7703493635982155 0.9761761449885492
3 593 573 480 0.5151299640965219 0.7703493635982155 0.9761761449885492
3 480 501 593 0.5151299640965219 0.7703493635982155 0.9761761449885492
3 474 473 519 0.5151299640965219 0.7703493635982155 0.9761761449885492
3 528 494 493 0.5151299640965219 0.7703493635982155 0.9761761449885492
3 534 513 598 0.5151299640965219 0.7703493635982155 0.9761761449885492
3 598 514 534 0.5151299640965219 0.7703493635982155 0.9761761449885492
3 598 513 494 0.5151299640965219 0.7703493635982155 0.9761761449885492
3 494 528 598 0.5151299640965219 0.7703493635982155 0.9761761449885492
3 493 514 598 0.5151299640965219 0.7703493635982155 0.9761761449885492
3 598 528 493 0.5151299640965219 0.7703493635982155 0.9761761449885492
3 529 514 493 0.5151299640965219 0.7703493635982155 0.9761761449885492
3 561 518 536 0.5151299640965219 0.7703493635982155 0.9761761449885492
3 536 518 517 0.5151299640965219 0.7703493635982155 0.9761761449885492
3 515 530 536 0.5151299640965219 0.7703493635982155 0.9761761449885492
3 536 530 561 0.5151299640965219 0.7703493635982155 0.9761761449885492
3 536 516 515 0.5151299640965219 0.7703493635982155 0.9761761449885492
3 536 517 516 0.5151299640965219 0.7703493635982155 0.9761761449885492
3 517 518 562 0.5151299640965219 0.7703493635982155 0.9761761449885492
3 473 472 562 0.5151299640965219 0.7703493635982155 0.9761761449885492
3 562 472 517 0.5151299640965219 0.7703493635982155 0.9761761449885492
3 584 585 566 0.5151299640965219 0.7703493635982155 0.9761761449885492
3 508 585 584 0.5151299640965219 0.7703493635982155 0.9761761449885492
3 555 554 490 0.5151299640965219 0.7703493635982155 0.9761761449885492
3 555 590 554 0.5151299640965219 0.7703493635982155 0.9761761449885492
3 490 509 555 0.5151299640965219 0.7703493635982155 0.9761761449885492
3 537 561 589 0.5151299640965219 0.7703493635982155 0.9761761449885492
3 561 512 589 0.5151299640965219 0.7703493635982155 0.9761761449885492
3 589 554 537 0.5151299640965219 0.7703493635982155 0.9761761449885492
3 589 512 554 0.5151299640965219 0.7703493635982155 0.9761761449885492
3 570 571 581 0.5151299640965219 0.7703493635982155 0.9761761449885492
3 508 507 553 0.5151299640965219 0.7703493635982155 0.9761761449885492
3 507 552 553 0.5151299640965219 0.7703493635982155 0.9761761449885492
3 552 581 553 0.5151299640965219 0.7703493635982155 0.9761761449885492
3 602 508 553 0.5151299640965219 0.7703493635982155 0.9761761449885492
3 553 571 602 0.5151299640965219 0.7703493635982155 0.9761761449885492
3 553 581 571 0.5151299640965219 0.7703493635982155 0.9761761449885492
3 551 552 488 0.5151299640965219 0.7703493635982155 0.9761761449885492
3 596 569 570 0.5151299640965219 0.7703493635982155 0.9761761449885492
3 570 581 596 0.5151299640965219 0.7703493635982155 0.9761761449885492
3 506 487 505 0.5151299640965219 0.7703493635982155 0.9761761449885492
3 568 569 545 0.5151299640965219 0.7703493635982155 0.9761761449885492
3 545 576 549 0.5151299640965219 0.7703493635982155 0.9761761449885492
3 569 596 545 0.5151299640965219 0.7703493635982155 0.9761761449885492
3 545 596 576 0.5151299640965219 0.7703493635982155 0.9761761449885492
3 545 544 568 0.5151299640965219 0.7703493635982155 0.9761761449885492
3 545 549 544 0.5151299640965219 0.7703493635982155 0.9761761449885492
3 543 499 500 0.5151299640965219 0.7703493635982155 0.9761761449885492
3 500 499 477 0.5151299640965219 0.7703493635982155 0.9761761449885492
3 500 477 567 0.5151299640965219 0.7703493635982155 0.9761761449885492
3 567 544 500 0.5151299640965219 0.7703493635982155 0.9761761449885492
3 505 486 578 0.5151299640965219 0.7703493635982155 0.9761761449885492
3 578 549 505 0.5151299640965219 0.7703493635982155 0.9761761449885492
3 548 575 578 0.5151299640965219 0.7703493635982155 0.9761761449885492
3 578 577 548 0.5151299640965219 0.7703493635982155 0.9761761449885492
3 486 577 578 0.5151299640965219 0.7703493635982155 0.9761761449885492
3 479 478 542 0.5151299640965219 0.7703493635982155 0.9761761449885492
3 543 575 527 0.5151299640965219 0.7703493635982155 0.9761761449885492
3 527 594 543 0.5151299640965219 0.7703493635982155 0.9761761449885492
3 526 593 574 0.5151299640965219 0.7703493635982155 0.9761761449885492
3 526 546 593 0.5151299640965219 0.7703493635982155 0.9761761449885492
3 526 574 484 0.5151299640965219 0.7703493635982155 0.9761761449885492
3 484 546 526 0.5151299640965219 0.7703493635982155 0.9761761449885492
3 520 519 564 0.5151299640965219 0.7703493635982155 0.9761761449885492
3 565 521 520 0.5151299640965219 0.7703493635982155 0.9761761449885492
3 520 564 565 0.5151299640965219 0.7703493635982155 0.9761761449885492
3 520 521 474 0.5151299640965219 0.7703493635982155 0.9761761449885492
3 474 519 520 0.5151299640965219 0.7703493635982155 0.9761761449885492
3 493 492 587 0.5151299640965219 0.7703493635982155 0.9761761449885492
3 587 529 493 0.5151299640965219 0.7703493635982155 0.9761761449885492
3 535 514 599 0.5151299640965219 0.7703493635982155 0.9761761449885492
3 514 529 599 0.5151299640965219 0.7703493635982155 0.9761761449885492
3 515 535 599 0.5151299640965219 0.7703493635982155 0.9761761449885492
3 529 587 599 0.5151299640965219 0.7703493635982155 0.9761761449885492
3 599 587 492 0.5151299640965219 0.7703493635982155 0.9761761449885492
3 599 588 515 0.5151299640965219 0.7703493635982155 0.9761761449885492
3 492 588 599 0.5151299640965219 0.7703493635982155 0.9761761449885492
3 473 562 563 0.5151299640965219 0.7703493635982155 0.9761761449885492
3 563 562 518 0.5151299640965219 0.7703493635982155 0.9761761449885492
3 563 519 473 0.5151299640965219 0.7703493635982155 0.9761761449885492
3 563 518 564 0.5151299640965219 0.7703493635982155 0.9761761449885492
3 564 519 563 0.5151299640965219 0.7703493635982155 0.9761761449885492
3 591 584 566 0.5151299640965219 0.7703493635982155 0.9761761449885492
3 591 566 565 0.5151299640965219 0.7703493635982155 0.9761761449885492
3 565 601 591 0.5151299640965219 0.7703493635982155 0.9761761449885492
3 601 557 591 0.5151299640965219 0.7703493635982155 0.9761761449885492
3 556 557 601 0.5151299640965219 0.7703493635982155 0.9761761449885492
3 601 590 556 0.5151299640965219 0.7703493635982155 0.9761761449885492
3 590 555 556 0.5151299640965219 0.7703493635982155 0.9761761449885492
3 556 555 509 0.5151299640965219 0.7703493635982155 0.9761761449885492
3 489 509 490 0.5151299640965219 0.7703493635982155 0.9761761449885492
3 552 551 580 0.5151299640965219 0.7703493635982155 0.9761761449885492
3 580 581 552 0.5151299640965219 0.7703493635982155 0.9761761449885492
3 580 596 581 0.5151299640965219 0.7703493635982155 0.9761761449885492
3 576 596 580 0.5151299640965219 0.7703493635982155 0.9761761449885492
3 580 506 576 0.5151299640965219 0.7703493635982155 0.9761761449885492
3 549 576 579 0.5151299640965219 0.7703493635982155 0.9761761449885492
3 576 506 579 0.5151299640965219 0.7703493635982155 0.9761761449885492
3 505 549 579 0.5151299640965219 0.7703493635982155 0.9761761449885492
3 579 506 505 0.5151299640965219 0.7703493635982155 0.9761761449885492
3 595 575 543 0.5151299640965219 0.7703493635982155 0.9761761449885492
3 543 500 595 0.5151299640965219 0.7703493635982155 0.9761761449885492
3 595 500 544 0.5151299640965219 0.7703493635982155 0.9761761449885492
3 595 578 575 0.5151299640965219 0.7703493635982155 0.9761761449885492
3 544 549 595 0.5151299640965219 0.7703493635982155 0.9761761449885492
3 549 578 595 0.5151299640965219 0.7703493635982155 0.9761761449885492
3 502 594 574 0.5151299640965219 0.7703493635982155 0.9761761449885492
3 502 574 479 0.5151299640965219 0.7703493635982155 0.9761761449885492
3 479 542 502 0.5151299640965219 0.7703493635982155 0.9761761449885492
3 478 594 502 0.5151299640965219 0.7703493635982155 0.9761761449885492
3 502 542 478 0.5151299640965219 0.7703493635982155 0.9761761449885492
3 548 577 504 0.5151299640965219 0.7703493635982155 0.9761761449885492
3 504 575 548 0.5151299640965219 0.7703493635982155 0.9761761449885492
3 504 527 575 0.5151299640965219 0.7703493635982155 0.9761761449885492
3 485 577 486 0.5151299640965219 0.7703493635982155 0.9761761449885492
3 485 504 577 0.5151299640965219 0.7703493635982155 0.9761761449885492
3 527 504 485 0.5151299640965219 0.7703493635982155 0.9761761449885492
3 583 591 557 0.5151299640965219 0.7703493635982155 0.9761761449885492
3 584 591 583 0.5151299640965219 0.7703493635982155 0.9761761449885492
3 583 507 508 0.5151299640965219 0.7703493635982155 0.9761761449885492
3 508 584 583 0.5151299640965219 0.7703493635982155 0.9761761449885492
3 488 507 583 0.5151299640965219 0.7703493635982155 0.9761761449885492
3 510 489 557 0.5151299640965219 0.7703493635982155 0.9761761449885492
3 509 489 510 0.5151299640965219 0.7703493635982155 0.9761761449885492
3 557 556 510 0.5151299640965219 0.7703493635982155 0.9761761449885492
3 510 556 509 0.5151299640965219 0.7703493635982155 0.9761761449885492
3 487 506 550 0.5151299640965219 0.7703493635982155 0.9761761449885492
3 506 580 550 0.5151299640965219 0.7703493635982155 0.9761761449885492
3 550 580 551 0.5151299640965219 0.7703493635982155 0.9761761449885492
3 488 487 550 0.5151299640965219 0.7703493635982155 0.9761761449885492
3 550 551 488 0.5151299640965219 0.7703493635982155 0.9761761449885492
3 527 485 503 0.5151299640965219 0.7703493635982155 0.9761761449885492
3 484 574 503 0.5151299640965219 0.7703493635982155 0.9761761449885492
3 503 485 484 0.5151299640965219 0.7703493635982155 0.9761761449885492
3 557 489 582 0.5151299640965219 0.7703493635982155 0.9761761449885492
3 582 583 557 0.5151299640965219 0.7703493635982155 0.9761761449885492
3 582 489 488 0.5151299640965219 0.7703493635982155 0.9761761449885492
3 488 583 582 0.5151299640965219 0.7703493635982155 0.9761761449885492
3 594 527 547 0.5151299640965219 0.7703493635982155 0.9761761449885492
3 527 503 547 0.5151299640965219 0.7703493635982155 0.9761761449885492
3 574 594 547 0.5151299640965219 0.7703493635982155 0.9761761449885492
3 547 503 574 0.5151299640965219 0.7703493635982155 0.9761761449885492
3 606 604 615 0.5151299640965219 0.7703493635982155 0.9761761449885492
3 619 612 618 0.5151299640965219 0.7703493635982155 0.9761761449885492
3 612 615 618 0.5151299640965219 0.7703493635982155 0.9761761449885492
3 617 612 619 0.5151299640965219 0.7703493635982155 0.9761761449885492
3 619 609 617 0.5151299640965219 0.7703493635982155 0.9761761449885492
3 617 611 612 0.5151299640965219 0.7703493635982155 0.9761761449885492
3 610 611 617 0.5151299640965219 0.7703493635982155 0.9761761449885492
3 617 609 610 0.5151299640965219 0.7703493635982155 0.9761761449885492
3 616 615 604 0.5151299640965219 0.7703493635982155 0.9761761449885492
3 616 618 615 0.5151299640965219 0.7703493635982155 0.9761761449885492
3 619 618 616 0.5151299640965219 0.7703493635982155 0.9761761449885492
3 616 609 619 0.5151299640965219 0.7703493635982155 0.9761761449885492
3 604 609 616 0.5151299640965219 0.7703493635982155 0.9761761449885492
3 622 620 625 0.5151299640965219 0.7703493635982155 0.9761761449885492
3 625 633 622 0.5151299640965219 0.7703493635982155 0.9761761449885492
3 626 633 625 0.5151299640965219 0.7703493635982155 0.9761761449885492
3 632 633 626 0.5151299640965219 0.7703493635982155 0.9761761449885492
3 626 627 632 0.5151299640965219 0.7703493635982155 0.9761761449885492
3 632 627 631 0.5151299640965219 0.7703493635982155 0.9761761449885492
3 630 627 628 0.5151299640965219 0.7703493635982155 0.9761761449885492
3 631 627 630 0.5151299640965219 0.7703493635982155 0.9761761449885492
3 656 657 669 0.5151299640965219 0.7703493635982155 0.9761761449885492
3 645 642 643 0.5151299640965219 0.7703493635982155 0.9761761449885492
3 700 702 699 0.5151299640965219 0.7703493635982155 0.9761761449885492
3 685 687 684 0.5151299640965219 0.7703493635982155 0.9761761449885492
3 684 687 683 0.5151299640965219 0.7703493635982155 0.9761761449885492
3 670 638 649 0.5151299640965219 0.7703493635982155 0.9761761449885492
3 649 656 670 0.5151299640965219 0.7703493635982155 0.9761761449885492
3 670 656 669 0.5151299640965219 0.7703493635982155 0.9761761449885492
3 637 638 671 0.5151299640965219 0.7703493635982155 0.9761761449885492
3 638 670 671 0.5151299640965219 0.7703493635982155 0.9761761449885492
3 689 681 682 0.5151299640965219 0.7703493635982155 0.9761761449885492
3 649 650 652 0.5151299640965219 0.7703493635982155 0.9761761449885492
3 652 656 649 0.5151299640965219 0.7703493635982155 0.9761761449885492
3 665 668 669 0.5151299640965219 0.7703493635982155 0.9761761449885492
3 669 664 665 0.5151299640965219 0.7703493635982155 0.9761761449885492
3 666 668 665 0.5151299640965219 0.7703493635982155 0.9761761449885492
3 669 657 658 0.5151299640965219 0.7703493635982155 0.9761761449885492
3 658 664 669 0.5151299640965219 0.7703493635982155 0.9761761449885492
3 683 687 688 0.5151299640965219 0.7703493635982155 0.9761761449885492
3 689 682 688 0.5151299640965219 0.7703493635982155 0.9761761449885492
3 688 682 683 0.5151299640965219 0.7703493635982155 0.9761761449885492
3 681 691 680 0.5151299640965219 0.7703493635982155 0.9761761449885492
3 690 681 689 0.5151299640965219 0.7703493635982155 0.9761761449885492
3 690 691 681 0.5151299640965219 0.7703493635982155 0.9761761449885492
3 678 679 693 0.5151299640965219 0.7703493635982155 0.9761761449885492
3 694 678 693 0.5151299640965219 0.7703493635982155 0.9761761449885492
3 677 678 694 0.5151299640965219 0.7703493635982155 0.9761761449885492
3 697 675 696 0.5151299640965219 0.7703493635982155 0.9761761449885492
3 656 652 655 0.5151299640965219 0.7703493635982155 0.9761761449885492
3 674 675 697 0.5151299640965219 0.7703493635982155 0.9761761449885492
3 697 698 674 0.5151299640965219 0.7703493635982155 0.9761761449885492
3 647 640 646 0.5151299640965219 0.7703493635982155 0.9761761449885492
3 649 638 639 0.5151299640965219 0.7703493635982155 0.9761761449885492
3 646 640 641 0.5151299640965219 0.7703493635982155 0.9761761449885492
3 642 645 641 0.5151299640965219 0.7703493635982155 0.9761761449885492
3 641 645 646 0.5151299640965219 0.7703493635982155 0.9761761449885492
3 693 679 692 0.5151299640965219 0.7703493635982155 0.9761761449885492
3 679 680 692 0.5151299640965219 0.7703493635982155 0.9761761449885492
3 692 680 691 0.5151299640965219 0.7703493635982155 0.9761761449885492
3 676 696 675 0.5151299640965219 0.7703493635982155 0.9761761449885492
3 677 694 695 0.5151299640965219 0.7703493635982155 0.9761761449885492
3 695 676 677 0.5151299640965219 0.7703493635982155 0.9761761449885492
3 696 676 695 0.5151299640965219 0.7703493635982155 0.9761761449885492
3 664 658 659 0.5151299640965219 0.7703493635982155 0.9761761449885492
3 659 663 664 0.5151299640965219 0.7703493635982155 0.9761761449885492
3 660 663 659 0.5151299640965219 0.7703493635982155 0.9761761449885492
3 649 639 648 0.5151299640965219 0.7703493635982155 0.9761761449885492
3 640 647 648 0.5151299640965219 0.7703493635982155 0.9761761449885492
3 648 639 640 0.5151299640965219 0.7703493635982155 0.9761761449885492
3 662 663 661 0.5151299640965219 0.7703493635982155 0.9761761449885492
3 661 663 660 0.5151299640965219 0.7703493635982155 0.9761761449885492
3 705 674 698 0.5151299640965219 0.7703493635982155 0.9761761449885492
3 636 671 672 0.5151299640965219 0.7703493635982155 0.9761761449885492
3 637 671 636 0.5151299640965219 0.7703493635982155 0.9761761449885492
3 673 636 672 0.5151299640965219 0.7703493635982155 0.9761761449885492
3 634 636 673 0.5151299640965219 0.7703493635982155 0.9761761449885492
3 674 705 673 0.5151299640965219 0.7703493635982155 0.9761761449885492
3 673 705 634 0.5151299640965219 0.7703493635982155 0.9761761449885492
3 704 698 699 0.5151299640965219 0.7703493635982155 0.9761761449885492
3 704 705 698 0.5151299640965219 0.7703493635982155 0.9761761449885492
3 703 699 702 0.5151299640965219 0.7703493635982155 0.9761761449885492
3 703 704 699 0.5151299640965219 0.7703493635982155 0.9761761449885492
3 787 710 709 0.5151299640965219 0.7703493635982155 0.9761761449885492
3 763 710 787 0.5151299640965219 0.7703493635982155 0.9761761449885492
3 720 1069 721 0.5151299640965219 0.7703493635982155 0.9761761449885492
3 897 896 767 0.5151299640965219 0.7703493635982155 0.9761761449885492
3 716 715 767 0.5151299640965219 0.7703493635982155 0.9761761449885492
3 767 896 716 0.5151299640965219 0.7703493635982155 0.9761761449885492
3 853 1069 720 0.5151299640965219 0.7703493635982155 0.9761761449885492
3 853 720 718 0.5151299640965219 0.7703493635982155 0.9761761449885492
3 856 898 899 0.5151299640965219 0.7703493635982155 0.9761761449885492
3 899 898 769 0.5151299640965219 0.7703493635982155 0.9761761449885492
3 737 934 738 0.5151299640965219 0.7703493635982155 0.9761761449885492
3 741 740 807 0.5151299640965219 0.7703493635982155 0.9761761449885492
3 981 1133 1121 0.5151299640965219 0.7703493635982155 0.9761761449885492
3 1121 1120 981 0.5151299640965219 0.7703493635982155 0.9761761449885492
3 889 709 708 0.5151299640965219 0.7703493635982155 0.9761761449885492
3 787 709 889 0.5151299640965219 0.7703493635982155 0.9761761449885492
3 712 847 713 0.5151299640965219 0.7703493635982155 0.9761761449885492
3 764 763 787 0.5151299640965219 0.7703493635982155 0.9761761449885492
3 855 898 856 0.5151299640965219 0.7703493635982155 0.9761761449885492
3 897 898 855 0.5151299640965219 0.7703493635982155 0.9761761449885492
3 982 767 715 0.5151299640965219 0.7703493635982155 0.9761761449885492
3 982 715 713 0.5151299640965219 0.7703493635982155 0.9761761449885492
3 713 847 982 0.5151299640965219 0.7703493635982155 0.9761761449885492
3 716 896 717 0.5151299640965219 0.7703493635982155 0.9761761449885492
3 896 853 717 0.5151299640965219 0.7703493635982155 0.9761761449885492
3 717 853 718 0.5151299640965219 0.7703493635982155 0.9761761449885492
3 984 848 849 0.5151299640965219 0.7703493635982155 0.9761761449885492
3 1074 902 1075 0.5151299640965219 0.7703493635982155 0.9761761449885492
3 1075 915 1074 0.5151299640965219 0.7703493635982155 0.9761761449885492
3 916 915 1075 0.5151299640965219 0.7703493635982155 0.9761761449885492
3 1025 916 917 0.5151299640965219 0.7703493635982155 0.9761761449885492
3 1015 989 988 0.5151299640965219 0.7703493635982155 0.9761761449885492
3 988 989 902 0.5151299640965219 0.7703493635982155 0.9761761449885492
3 1123 1112 1135 0.5151299640965219 0.7703493635982155 0.9761761449885492
3 1135 1112 1101 0.5151299640965219 0.7703493635982155 0.9761761449885492
3 1048 1047 1099 0.5151299640965219 0.7703493635982155 0.9761761449885492
3 869 870 1096 0.5151299640965219 0.7703493635982155 0.9761761449885492
3 738 934 783 0.5151299640965219 0.7703493635982155 0.9761761449885492
3 783 739 738 0.5151299640965219 0.7703493635982155 0.9761761449885492
3 810 945 1041 0.5151299640965219 0.7703493635982155 0.9761761449885492
3 873 1001 878 0.5151299640965219 0.7703493635982155 0.9761761449885492
3 741 807 942 0.5151299640965219 0.7703493635982155 0.9761761449885492
3 942 742 741 0.5151299640965219 0.7703493635982155 0.9761761449885492
3 1008 1047 1048 0.5151299640965219 0.7703493635982155 0.9761761449885492
3 1096 870 1097 0.5151299640965219 0.7703493635982155 0.9761761449885492
3 1097 870 997 0.5151299640965219 0.7703493635982155 0.9761761449885492
3 1002 1001 879 0.5151299640965219 0.7703493635982155 0.9761761449885492
3 879 873 944 0.5151299640965219 0.7703493635982155 0.9761761449885492
3 1001 873 879 0.5151299640965219 0.7703493635982155 0.9761761449885492
3 812 748 747 0.5151299640965219 0.7703493635982155 0.9761761449885492
3 878 1001 1000 0.5151299640965219 0.7703493635982155 0.9761761449885492
3 1000 812 747 0.5151299640965219 0.7703493635982155 0.9761761449885492
3 1001 812 1000 0.5151299640965219 0.7703493635982155 0.9761761449885492
3 1095 869 1096 0.5151299640965219 0.7703493635982155 0.9761761449885492
3 958 753 752 0.5151299640965219 0.7703493635982155 0.9761761449885492
3 1113 889 708 0.5151299640965219 0.7703493635982155 0.9761761449885492
3 708 761 1113 0.5151299640965219 0.7703493635982155 0.9761761449885492
3 1113 761 1114 0.5151299640965219 0.7703493635982155 0.9761761449885492
3 710 763 711 0.5151299640965219 0.7703493635982155 0.9761761449885492
3 763 764 1010 0.5151299640965219 0.7703493635982155 0.9761761449885492
3 849 848 1010 0.5151299640965219 0.7703493635982155 0.9761761449885492
3 849 850 985 0.5151299640965219 0.7703493635982155 0.9761761449885492
3 985 984 849 0.5151299640965219 0.7703493635982155 0.9761761449885492
3 1011 764 765 0.5151299640965219 0.7703493635982155 0.9761761449885492
3 1011 1010 764 0.5151299640965219 0.7703493635982155 0.9761761449885492
3 1011 850 849 0.5151299640965219 0.7703493635982155 0.9761761449885492
3 849 1010 1011 0.5151299640965219 0.7703493635982155 0.9761761449885492
3 1012 1011 765 0.5151299640965219 0.7703493635982155 0.9761761449885492
3 850 1011 1012 0.5151299640965219 0.7703493635982155 0.9761761449885492
3 891 1114 1115 0.5151299640965219 0.7703493635982155 0.9761761449885492
3 1114 761 883 0.5151299640965219 0.7703493635982155 0.9761761449885492
3 883 1115 1114 0.5151299640965219 0.7703493635982155 0.9761761449885492
3 884 1115 883 0.5151299640965219 0.7703493635982155 0.9761761449885492
3 883 761 760 0.5151299640965219 0.7703493635982155 0.9761761449885492
3 760 884 883 0.5151299640965219 0.7703493635982155 0.9761761449885492
3 979 1120 888 0.5151299640965219 0.7703493635982155 0.9761761449885492
3 843 842 1059 0.5151299640965219 0.7703493635982155 0.9761761449885492
3 980 1120 979 0.5151299640965219 0.7703493635982155 0.9761761449885492
3 980 981 1120 0.5151299640965219 0.7703493635982155 0.9761761449885492
3 854 1070 1069 0.5151299640965219 0.7703493635982155 0.9761761449885492
3 854 855 1070 0.5151299640965219 0.7703493635982155 0.9761761449885492
3 897 855 854 0.5151299640965219 0.7703493635982155 0.9761761449885492
3 854 896 897 0.5151299640965219 0.7703493635982155 0.9761761449885492
3 1069 853 854 0.5151299640965219 0.7703493635982155 0.9761761449885492
3 854 853 896 0.5151299640965219 0.7703493635982155 0.9761761449885492
3 848 984 983 0.5151299640965219 0.7703493635982155 0.9761761449885492
3 847 848 983 0.5151299640965219 0.7703493635982155 0.9761761449885492
3 983 982 847 0.5151299640965219 0.7703493635982155 0.9761761449885492
3 983 984 769 0.5151299640965219 0.7703493635982155 0.9761761449885492
3 1070 793 792 0.5151299640965219 0.7703493635982155 0.9761761449885492
3 722 721 792 0.5151299640965219 0.7703493635982155 0.9761761449885492
3 792 721 1069 0.5151299640965219 0.7703493635982155 0.9761761449885492
3 1069 1070 792 0.5151299640965219 0.7703493635982155 0.9761761449885492
3 910 793 911 0.5151299640965219 0.7703493635982155 0.9761761449885492
3 910 723 722 0.5151299640965219 0.7703493635982155 0.9761761449885492
3 722 792 910 0.5151299640965219 0.7703493635982155 0.9761761449885492
3 910 792 793 0.5151299640965219 0.7703493635982155 0.9761761449885492
3 1070 855 1071 0.5151299640965219 0.7703493635982155 0.9761761449885492
3 1071 793 1070 0.5151299640965219 0.7703493635982155 0.9761761449885492
3 1071 855 856 0.5151299640965219 0.7703493635982155 0.9761761449885492
3 902 1074 901 0.5151299640965219 0.7703493635982155 0.9761761449885492
3 900 901 858 0.5151299640965219 0.7703493635982155 0.9761761449885492
3 858 901 1074 0.5151299640965219 0.7703493635982155 0.9761761449885492
3 915 916 1024 0.5151299640965219 0.7703493635982155 0.9761761449885492
3 1024 916 1025 0.5151299640965219 0.7703493635982155 0.9761761449885492
3 1025 923 1024 0.5151299640965219 0.7703493635982155 0.9761761449885492
3 1076 917 916 0.5151299640965219 0.7703493635982155 0.9761761449885492
3 1076 916 1075 0.5151299640965219 0.7703493635982155 0.9761761449885492
3 989 990 1076 0.5151299640965219 0.7703493635982155 0.9761761449885492
3 1075 902 1076 0.5151299640965219 0.7703493635982155 0.9761761449885492
3 902 989 1076 0.5151299640965219 0.7703493635982155 0.9761761449885492
3 1015 988 1014 0.5151299640965219 0.7703493635982155 0.9761761449885492
3 1014 791 1015 0.5151299640965219 0.7703493635982155 0.9761761449885492
3 1013 791 1014 0.5151299640965219 0.7703493635982155 0.9761761449885492
3 1121 1133 1018 0.5151299640965219 0.7703493635982155 0.9761761449885492
3 924 925 1086 0.5151299640965219 0.7703493635982155 0.9761761449885492
3 924 923 1025 0.5151299640965219 0.7703493635982155 0.9761761449885492
3 782 923 1084 0.5151299640965219 0.7703493635982155 0.9761761449885492
3 1048 1099 1100 0.5151299640965219 0.7703493635982155 0.9761761449885492
3 1090 1123 1135 0.5151299640965219 0.7703493635982155 0.9761761449885492
3 1135 1101 1090 0.5151299640965219 0.7703493635982155 0.9761761449885492
3 1086 925 1087 0.5151299640965219 0.7703493635982155 0.9761761449885492
3 733 732 903 0.5151299640965219 0.7703493635982155 0.9761761449885492
3 732 904 903 0.5151299640965219 0.7703493635982155 0.9761761449885492
3 997 870 996 0.5151299640965219 0.7703493635982155 0.9761761449885492
3 909 998 997 0.5151299640965219 0.7703493635982155 0.9761761449885492
3 1034 909 908 0.5151299640965219 0.7703493635982155 0.9761761449885492
3 908 996 907 0.5151299640965219 0.7703493635982155 0.9761761449885492
3 997 996 908 0.5151299640965219 0.7703493635982155 0.9761761449885492
3 908 909 997 0.5151299640965219 0.7703493635982155 0.9761761449885492
3 1086 1087 932 0.5151299640965219 0.7703493635982155 0.9761761449885492
3 1039 807 740 0.5151299640965219 0.7703493635982155 0.9761761449885492
3 1039 808 807 0.5151299640965219 0.7703493635982155 0.9761761449885492
3 740 739 1039 0.5151299640965219 0.7703493635982155 0.9761761449885492
3 739 783 1039 0.5151299640965219 0.7703493635982155 0.9761761449885492
3 1039 783 1040 0.5151299640965219 0.7703493635982155 0.9761761449885492
3 1040 808 1039 0.5151299640965219 0.7703493635982155 0.9761761449885492
3 1040 783 784 0.5151299640965219 0.7703493635982155 0.9761761449885492
3 784 1041 1040 0.5151299640965219 0.7703493635982155 0.9761761449885492
3 784 783 934 0.5151299640965219 0.7703493635982155 0.9761761449885492
3 784 785 1041 0.5151299640965219 0.7703493635982155 0.9761761449885492
3 1040 1041 809 0.5151299640965219 0.7703493635982155 0.9761761449885492
3 809 1041 945 0.5151299640965219 0.7703493635982155 0.9761761449885492
3 944 808 809 0.5151299640965219 0.7703493635982155 0.9761761449885492
3 809 808 1040 0.5151299640965219 0.7703493635982155 0.9761761449885492
3 742 942 871 0.5151299640965219 0.7703493635982155 0.9761761449885492
3 871 942 872 0.5151299640965219 0.7703493635982155 0.9761761449885492
3 743 742 871 0.5151299640965219 0.7703493635982155 0.9761761449885492
3 871 745 743 0.5151299640965219 0.7703493635982155 0.9761761449885492
3 872 942 943 0.5151299640965219 0.7703493635982155 0.9761761449885492
3 943 942 807 0.5151299640965219 0.7703493635982155 0.9761761449885492
3 878 872 943 0.5151299640965219 0.7703493635982155 0.9761761449885492
3 943 873 878 0.5151299640965219 0.7703493635982155 0.9761761449885492
3 807 808 943 0.5151299640965219 0.7703493635982155 0.9761761449885492
3 943 808 944 0.5151299640965219 0.7703493635982155 0.9761761449885492
3 944 873 943 0.5151299640965219 0.7703493635982155 0.9761761449885492
3 1098 1099 1047 0.5151299640965219 0.7703493635982155 0.9761761449885492
3 1098 998 1099 0.5151299640965219 0.7703493635982155 0.9761761449885492
3 1098 1097 997 0.5151299640965219 0.7703493635982155 0.9761761449885492
3 997 998 1098 0.5151299640965219 0.7703493635982155 0.9761761449885492
3 1002 880 814 0.5151299640965219 0.7703493635982155 0.9761761449885492
3 814 880 1003 0.5151299640965219 0.7703493635982155 0.9761761449885492
3 748 812 950 0.5151299640965219 0.7703493635982155 0.9761761449885492
3 946 811 876 0.5151299640965219 0.7703493635982155 0.9761761449885492
3 876 811 947 0.5151299640965219 0.7703493635982155 0.9761761449885492
3 746 1000 747 0.5151299640965219 0.7703493635982155 0.9761761449885492
3 934 737 802 0.5151299640965219 0.7703493635982155 0.9761761449885492
3 803 802 1091 0.5151299640965219 0.7703493635982155 0.9761761449885492
3 1043 786 937 0.5151299640965219 0.7703493635982155 0.9761761449885492
3 937 1044 1043 0.5151299640965219 0.7703493635982155 0.9761761449885492
3 1043 1044 947 0.5151299640965219 0.7703493635982155 0.9761761449885492
3 947 811 1043 0.5151299640965219 0.7703493635982155 0.9761761449885492
3 1043 811 786 0.5151299640965219 0.7703493635982155 0.9761761449885492
3 938 1044 937 0.5151299640965219 0.7703493635982155 0.9761761449885492
3 1096 1097 940 0.5151299640965219 0.7703493635982155 0.9761761449885492
3 947 1044 948 0.5151299640965219 0.7703493635982155 0.9761761449885492
3 948 1044 1045 0.5151299640965219 0.7703493635982155 0.9761761449885492
3 1045 949 948 0.5151299640965219 0.7703493635982155 0.9761761449885492
3 1102 755 754 0.5151299640965219 0.7703493635982155 0.9761761449885492
3 752 751 822 0.5151299640965219 0.7703493635982155 0.9761761449885492
3 889 1113 890 0.5151299640965219 0.7703493635982155 0.9761761449885492
3 891 789 890 0.5151299640965219 0.7703493635982155 0.9761761449885492
3 890 1114 891 0.5151299640965219 0.7703493635982155 0.9761761449885492
3 890 1113 1114 0.5151299640965219 0.7703493635982155 0.9761761449885492
3 788 789 765 0.5151299640965219 0.7703493635982155 0.9761761449885492
3 787 889 788 0.5151299640965219 0.7703493635982155 0.9761761449885492
3 889 890 788 0.5151299640965219 0.7703493635982155 0.9761761449885492
3 788 890 789 0.5151299640965219 0.7703493635982155 0.9761761449885492
3 788 764 787 0.5151299640965219 0.7703493635982155 0.9761761449885492
3 765 764 788 0.5151299640965219 0.7703493635982155 0.9761761449885492
3 1009 1010 848 0.5151299640965219 0.7703493635982155 0.9761761449885492
3 712 711 1009 0.5151299640965219 0.7703493635982155 0.9761761449885492
3 1009 711 763 0.5151299640965219 0.7703493635982155 0.9761761449885492
3 763 1010 1009 0.5151299640965219 0.7703493635982155 0.9761761449885492
3 1009 848 847 0.5151299640965219 0.7703493635982155 0.9761761449885492
3 847 712 1009 0.5151299640965219 0.7703493635982155 0.9761761449885492
3 900 899 770 0.5151299640965219 0.7703493635982155 0.9761761449885492
3 770 899 769 0.5151299640965219 0.7703493635982155 0.9761761449885492
3 769 984 770 0.5151299640965219 0.7703493635982155 0.9761761449885492
3 984 985 770 0.5151299640965219 0.7703493635982155 0.9761761449885492
3 790 791 1013 0.5151299640965219 0.7703493635982155 0.9761761449885492
3 790 789 891 0.5151299640965219 0.7703493635982155 0.9761761449885492
3 891 1115 892 0.5151299640965219 0.7703493635982155 0.9761761449885492
3 892 790 891 0.5151299640965219 0.7703493635982155 0.9761761449885492
3 791 790 892 0.5151299640965219 0.7703493635982155 0.9761761449885492
3 760 759 974 0.5151299640965219 0.7703493635982155 0.9761761449885492
3 974 884 760 0.5151299640965219 0.7703493635982155 0.9761761449885492
3 974 885 884 0.5151299640965219 0.7703493635982155 0.9761761449885492
3 976 842 843 0.5151299640965219 0.7703493635982155 0.9761761449885492
3 1015 895 1016 0.5151299640965219 0.7703493635982155 0.9761761449885492
3 1016 989 1015 0.5151299640965219 0.7703493635982155 0.9761761449885492
3 1016 990 989 0.5151299640965219 0.7703493635982155 0.9761761449885492
3 1118 888 1130 0.5151299640965219 0.7703493635982155 0.9761761449885492
3 1130 895 1118 0.5151299640965219 0.7703493635982155 0.9761761449885492
3 1130 888 1120 0.5151299640965219 0.7703493635982155 0.9761761449885492
3 1120 895 1130 0.5151299640965219 0.7703493635982155 0.9761761449885492
3 1128 1118 894 0.5151299640965219 0.7703493635982155 0.9761761449885492
3 1118 895 894 0.5151299640965219 0.7703493635982155 0.9761761449885492
3 1015 791 894 0.5151299640965219 0.7703493635982155 0.9761761449885492
3 894 895 1015 0.5151299640965219 0.7703493635982155 0.9761761449885492
3 846 845 1062 0.5151299640965219 0.7703493635982155 0.9761761449885492
3 846 980 979 0.5151299640965219 0.7703493635982155 0.9761761449885492
3 844 976 843 0.5151299640965219 0.7703493635982155 0.9761761449885492
3 758 842 759 0.5151299640965219 0.7703493635982155 0.9761761449885492
3 758 1059 842 0.5151299640965219 0.7703493635982155 0.9761761449885492
3 757 1059 758 0.5151299640965219 0.7703493635982155 0.9761761449885492
3 767 982 768 0.5151299640965219 0.7703493635982155 0.9761761449885492
3 982 983 768 0.5151299640965219 0.7703493635982155 0.9761761449885492
3 897 767 768 0.5151299640965219 0.7703493635982155 0.9761761449885492
3 768 983 769 0.5151299640965219 0.7703493635982155 0.9761761449885492
3 768 898 897 0.5151299640965219 0.7703493635982155 0.9761761449885492
3 769 898 768 0.5151299640965219 0.7703493635982155 0.9761761449885492
3 771 724 723 0.5151299640965219 0.7703493635982155 0.9761761449885492
3 771 910 911 0.5151299640965219 0.7703493635982155 0.9761761449885492
3 723 910 771 0.5151299640965219 0.7703493635982155 0.9761761449885492
3 911 793 794 0.5151299640965219 0.7703493635982155 0.9761761449885492
3 793 1071 794 0.5151299640965219 0.7703493635982155 0.9761761449885492
3 856 1072 794 0.5151299640965219 0.7703493635982155 0.9761761449885492
3 794 1071 856 0.5151299640965219 0.7703493635982155 0.9761761449885492
3 986 901 900 0.5151299640965219 0.7703493635982155 0.9761761449885492
3 900 770 986 0.5151299640965219 0.7703493635982155 0.9761761449885492
3 986 770 985 0.5151299640965219 0.7703493635982155 0.9761761449885492
3 986 985 850 0.5151299640965219 0.7703493635982155 0.9761761449885492
3 857 899 900 0.5151299640965219 0.7703493635982155 0.9761761449885492
3 856 899 857 0.5151299640965219 0.7703493635982155 0.9761761449885492
3 857 1072 856 0.5151299640965219 0.7703493635982155 0.9761761449885492
3 1026 1027 925 0.5151299640965219 0.7703493635982155 0.9761761449885492
3 925 924 1026 0.5151299640965219 0.7703493635982155 0.9761761449885492
3 1025 917 1026 0.5151299640965219 0.7703493635982155 0.9761761449885492
3 1026 924 1025 0.5151299640965219 0.7703493635982155 0.9761761449885492
3 917 1076 1077 0.5151299640965219 0.7703493635982155 0.9761761449885492
3 1077 1076 990 0.5151299640965219 0.7703493635982155 0.9761761449885492
3 1077 1026 917 0.5151299640965219 0.7703493635982155 0.9761761449885492
3 1027 1026 1077 0.5151299640965219 0.7703493635982155 0.9761761449885492
3 1017 1120 1121 0.5151299640965219 0.7703493635982155 0.9761761449885492
3 1121 1018 1017 0.5151299640965219 0.7703493635982155 0.9761761449885492
3 1017 895 1120 0.5151299640965219 0.7703493635982155 0.9761761449885492
3 1017 1016 895 0.5151299640965219 0.7703493635982155 0.9761761449885492
3 990 1016 1017 0.5151299640965219 0.7703493635982155 0.9761761449885492
3 1133 1123 1079 0.5151299640965219 0.7703493635982155 0.9761761449885492
3 1079 1018 1133 0.5151299640965219 0.7703493635982155 0.9761761449885492
3 1123 1090 1079 0.5151299640965219 0.7703493635982155 0.9761761449885492
3 1079 1089 1028 0.5151299640965219 0.7703493635982155 0.9761761449885492
3 1079 1090 1089 0.5151299640965219 0.7703493635982155 0.9761761449885492
3 782 1084 1083 0.5151299640965219 0.7703493635982155 0.9761761449885492
3 923 924 1085 0.5151299640965219 0.7703493635982155 0.9761761449885492
3 1085 1084 923 0.5151299640965219 0.7703493635982155 0.9761761449885492
3 1085 924 1086 0.5151299640965219 0.7703493635982155 0.9761761449885492
3 860 1030 859 0.5151299640965219 0.7703493635982155 0.9761761449885492
3 926 860 859 0.5151299640965219 0.7703493635982155 0.9761761449885492
3 927 860 926 0.5151299640965219 0.7703493635982155 0.9761761449885492
3 914 1074 915 0.5151299640965219 0.7703493635982155 0.9761761449885492
3 915 1022 914 0.5151299640965219 0.7703493635982155 0.9761761449885492
3 914 1022 774 0.5151299640965219 0.7703493635982155 0.9761761449885492
3 911 794 912 0.5151299640965219 0.7703493635982155 0.9761761449885492
3 1099 998 999 0.5151299640965219 0.7703493635982155 0.9761761449885492
3 999 1100 1099 0.5151299640965219 0.7703493635982155 0.9761761449885492
3 1089 1090 1038 0.5151299640965219 0.7703493635982155 0.9761761449885492
3 1038 1090 1101 0.5151299640965219 0.7703493635982155 0.9761761449885492
3 1101 1100 1038 0.5151299640965219 0.7703493635982155 0.9761761449885492
3 1038 999 1037 0.5151299640965219 0.7703493635982155 0.9761761449885492
3 1100 999 1038 0.5151299640965219 0.7703493635982155 0.9761761449885492
3 1028 1089 1088 0.5151299640965219 0.7703493635982155 0.9761761449885492
3 1088 1027 1028 0.5151299640965219 0.7703493635982155 0.9761761449885492
3 925 1027 1088 0.5151299640965219 0.7703493635982155 0.9761761449885492
3 1088 1087 925 0.5151299640965219 0.7703493635982155 0.9761761449885492
3 1029 904 732 0.5151299640965219 0.7703493635982155 0.9761761449885492
3 1029 732 731 0.5151299640965219 0.7703493635982155 0.9761761449885492
3 1029 731 859 0.5151299640965219 0.7703493635982155 0.9761761449885492
3 859 1030 1029 0.5151299640965219 0.7703493635982155 0.9761761449885492
3 907 996 995 0.5151299640965219 0.7703493635982155 0.9761761449885492
3 994 906 995 0.5151299640965219 0.7703493635982155 0.9761761449885492
3 995 906 907 0.5151299640965219 0.7703493635982155 0.9761761449885492
3 995 869 994 0.5151299640965219 0.7703493635982155 0.9761761449885492
3 870 869 995 0.5151299640965219 0.7703493635982155 0.9761761449885492
3 995 996 870 0.5151299640965219 0.7703493635982155 0.9761761449885492
3 1030 906 905 0.5151299640965219 0.7703493635982155 0.9761761449885492
3 904 1029 905 0.5151299640965219 0.7703493635982155 0.9761761449885492
3 905 1029 1030 0.5151299640965219 0.7703493635982155 0.9761761449885492
3 905 906 994 0.5151299640965219 0.7703493635982155 0.9761761449885492
3 1034 908 1033 0.5151299640965219 0.7703493635982155 0.9761761449885492
3 1033 907 1032 0.5151299640965219 0.7703493635982155 0.9761761449885492
3 1033 908 907 0.5151299640965219 0.7703493635982155 0.9761761449885492
3 1037 999 1036 0.5151299640965219 0.7703493635982155 0.9761761449885492
3 1036 999 998 0.5151299640965219 0.7703493635982155 0.9761761449885492
3 1002 879 874 0.5151299640965219 0.7703493635982155 0.9761761449885492
3 874 880 1002 0.5151299640965219 0.7703493635982155 0.9761761449885492
3 874 879 944 0.5151299640965219 0.7703493635982155 0.9761761449885492
3 945 880 874 0.5151299640965219 0.7703493635982155 0.9761761449885492
3 944 809 874 0.5151299640965219 0.7703493635982155 0.9761761449885492
3 874 809 945 0.5151299640965219 0.7703493635982155 0.9761761449885492
3 1003 880 875 0.5151299640965219 0.7703493635982155 0.9761761449885492
3 875 880 945 0.5151299640965219 0.7703493635982155 0.9761761449885492
3 875 810 946 0.5151299640965219 0.7703493635982155 0.9761761449885492
3 875 945 810 0.5151299640965219 0.7703493635982155 0.9761761449885492
3 810 1041 1042 0.5151299640965219 0.7703493635982155 0.9761761449885492
3 1041 785 1042 0.5151299640965219 0.7703493635982155 0.9761761449885492
3 946 810 1042 0.5151299640965219 0.7703493635982155 0.9761761449885492
3 1042 811 946 0.5151299640965219 0.7703493635982155 0.9761761449885492
3 786 811 1042 0.5151299640965219 0.7703493635982155 0.9761761449885492
3 1042 785 786 0.5151299640965219 0.7703493635982155 0.9761761449885492
3 786 785 936 0.5151299640965219 0.7703493635982155 0.9761761449885492
3 803 804 936 0.5151299640965219 0.7703493635982155 0.9761761449885492
3 937 786 936 0.5151299640965219 0.7703493635982155 0.9761761449885492
3 936 804 937 0.5151299640965219 0.7703493635982155 0.9761761449885492
3 992 903 904 0.5151299640965219 0.7703493635982155 0.9761761449885492
3 994 869 868 0.5151299640965219 0.7703493635982155 0.9761761449885492
3 868 1095 1094 0.5151299640965219 0.7703493635982155 0.9761761449885492
3 869 1095 868 0.5151299640965219 0.7703493635982155 0.9761761449885492
3 1094 1093 867 0.5151299640965219 0.7703493635982155 0.9761761449885492
3 1093 866 867 0.5151299640965219 0.7703493635982155 0.9761761449885492
3 867 868 1094 0.5151299640965219 0.7703493635982155 0.9761761449885492
3 866 992 867 0.5151299640965219 0.7703493635982155 0.9761761449885492
3 877 871 872 0.5151299640965219 0.7703493635982155 0.9761761449885492
3 745 871 877 0.5151299640965219 0.7703493635982155 0.9761761449885492
3 877 746 745 0.5151299640965219 0.7703493635982155 0.9761761449885492
3 1000 746 877 0.5151299640965219 0.7703493635982155 0.9761761449885492
3 877 872 878 0.5151299640965219 0.7703493635982155 0.9761761449885492
3 878 1000 877 0.5151299640965219 0.7703493635982155 0.9761761449885492
3 951 814 952 0.5151299640965219 0.7703493635982155 0.9761761449885492
3 813 950 812 0.5151299640965219 0.7703493635982155 0.9761761449885492
3 813 1001 1002 0.5151299640965219 0.7703493635982155 0.9761761449885492
3 813 812 1001 0.5151299640965219 0.7703493635982155 0.9761761449885492
3 1002 814 813 0.5151299640965219 0.7703493635982155 0.9761761449885492
3 813 814 951 0.5151299640965219 0.7703493635982155 0.9761761449885492
3 951 950 813 0.5151299640965219 0.7703493635982155 0.9761761449885492
3 951 817 749 0.5151299640965219 0.7703493635982155 0.9761761449885492
3 749 950 951 0.5151299640965219 0.7703493635982155 0.9761761449885492
3 749 817 750 0.5151299640965219 0.7703493635982155 0.9761761449885492
3 748 950 749 0.5151299640965219 0.7703493635982155 0.9761761449885492
3 881 876 1004 0.5151299640965219 0.7703493635982155 0.9761761449885492
3 946 876 881 0.5151299640965219 0.7703493635982155 0.9761761449885492
3 881 875 946 0.5151299640965219 0.7703493635982155 0.9761761449885492
3 1003 875 881 0.5151299640965219 0.7703493635982155 0.9761761449885492
3 865 1091 735 0.5151299640965219 0.7703493635982155 0.9761761449885492
3 735 734 865 0.5151299640965219 0.7703493635982155 0.9761761449885492
3 1092 804 803 0.5151299640965219 0.7703493635982155 0.9761761449885492
3 803 1091 1092 0.5151299640965219 0.7703493635982155 0.9761761449885492
3 1093 804 1092 0.5151299640965219 0.7703493635982155 0.9761761449885492
3 1091 865 1092 0.5151299640965219 0.7703493635982155 0.9761761449885492
3 1092 866 1093 0.5151299640965219 0.7703493635982155 0.9761761449885492
3 1092 865 866 0.5151299640965219 0.7703493635982155 0.9761761449885492
3 736 802 737 0.5151299640965219 0.7703493635982155 0.9761761449885492
3 736 1091 802 0.5151299640965219 0.7703493635982155 0.9761761449885492
3 735 1091 736 0.5151299640965219 0.7703493635982155 0.9761761449885492
3 805 1093 1094 0.5151299640965219 0.7703493635982155 0.9761761449885492
3 805 804 1093 0.5151299640965219 0.7703493635982155 0.9761761449885492
3 937 804 805 0.5151299640965219 0.7703493635982155 0.9761761449885492
3 805 938 937 0.5151299640965219 0.7703493635982155 0.9761761449885492
3 939 940 1045 0.5151299640965219 0.7703493635982155 0.9761761449885492
3 1045 1044 939 0.5151299640965219 0.7703493635982155 0.9761761449885492
3 1044 938 939 0.5151299640965219 0.7703493635982155 0.9761761449885492
3 939 1095 1096 0.5151299640965219 0.7703493635982155 0.9761761449885492
3 1096 940 939 0.5151299640965219 0.7703493635982155 0.9761761449885492
3 1046 949 1045 0.5151299640965219 0.7703493635982155 0.9761761449885492
3 1045 940 1046 0.5151299640965219 0.7703493635982155 0.9761761449885492
3 1046 1007 949 0.5151299640965219 0.7703493635982155 0.9761761449885492
3 1047 1008 1046 0.5151299640965219 0.7703493635982155 0.9761761449885492
3 1008 1007 1046 0.5151299640965219 0.7703493635982155 0.9761761449885492
3 961 829 960 0.5151299640965219 0.7703493635982155 0.9761761449885492
3 1051 1052 824 0.5151299640965219 0.7703493635982155 0.9761761449885492
3 1006 948 949 0.5151299640965219 0.7703493635982155 0.9761761449885492
3 949 1007 1006 0.5151299640965219 0.7703493635982155 0.9761761449885492
3 955 954 1006 0.5151299640965219 0.7703493635982155 0.9761761449885492
3 820 1052 1051 0.5151299640965219 0.7703493635982155 0.9761761449885492
3 821 954 955 0.5151299640965219 0.7703493635982155 0.9761761449885492
3 955 1053 821 0.5151299640965219 0.7703493635982155 0.9761761449885492
3 821 1053 1052 0.5151299640965219 0.7703493635982155 0.9761761449885492
3 1052 820 821 0.5151299640965219 0.7703493635982155 0.9761761449885492
3 821 820 954 0.5151299640965219 0.7703493635982155 0.9761761449885492
3 882 876 947 0.5151299640965219 0.7703493635982155 0.9761761449885492
3 1004 876 882 0.5151299640965219 0.7703493635982155 0.9761761449885492
3 960 829 828 0.5151299640965219 0.7703493635982155 0.9761761449885492
3 828 1102 754 0.5151299640965219 0.7703493635982155 0.9761761449885492
3 823 958 752 0.5151299640965219 0.7703493635982155 0.9761761449885492
3 752 822 823 0.5151299640965219 0.7703493635982155 0.9761761449885492
3 1051 824 823 0.5151299640965219 0.7703493635982155 0.9761761449885492
3 823 824 958 0.5151299640965219 0.7703493635982155 0.9761761449885492
3 789 790 766 0.5151299640965219 0.7703493635982155 0.9761761449885492
3 765 789 766 0.5151299640965219 0.7703493635982155 0.9761761449885492
3 766 1012 765 0.5151299640965219 0.7703493635982155 0.9761761449885492
3 1013 1012 766 0.5151299640965219 0.7703493635982155 0.9761761449885492
3 766 790 1013 0.5151299640965219 0.7703493635982155 0.9761761449885492
3 1127 892 1115 0.5151299640965219 0.7703493635982155 0.9761761449885492
3 1127 885 1128 0.5151299640965219 0.7703493635982155 0.9761761449885492
3 1127 1115 884 0.5151299640965219 0.7703493635982155 0.9761761449885492
3 884 885 1127 0.5151299640965219 0.7703493635982155 0.9761761449885492
3 977 844 845 0.5151299640965219 0.7703493635982155 0.9761761449885492
3 976 844 977 0.5151299640965219 0.7703493635982155 0.9761761449885492
3 885 974 975 0.5151299640965219 0.7703493635982155 0.9761761449885492
3 842 976 975 0.5151299640965219 0.7703493635982155 0.9761761449885492
3 759 842 975 0.5151299640965219 0.7703493635982155 0.9761761449885492
3 975 974 759 0.5151299640965219 0.7703493635982155 0.9761761449885492
3 837 1059 757 0.5151299640965219 0.7703493635982155 0.9761761449885492
3 1059 837 1060 0.5151299640965219 0.7703493635982155 0.9761761449885492
3 1060 837 838 0.5151299640965219 0.7703493635982155 0.9761761449885492
3 843 1059 1060 0.5151299640965219 0.7703493635982155 0.9761761449885492
3 1060 844 843 0.5151299640965219 0.7703493635982155 0.9761761449885492
3 1111 1101 1112 0.5151299640965219 0.7703493635982155 0.9761761449885492
3 850 1012 851 0.5151299640965219 0.7703493635982155 0.9761761449885492
3 851 986 850 0.5151299640965219 0.7703493635982155 0.9761761449885492
3 851 1012 1013 0.5151299640965219 0.7703493635982155 0.9761761449885492
3 922 1024 923 0.5151299640965219 0.7703493635982155 0.9761761449885492
3 922 921 1024 0.5151299640965219 0.7703493635982155 0.9761761449885492
3 922 923 782 0.5151299640965219 0.7703493635982155 0.9761761449885492
3 782 921 922 0.5151299640965219 0.7703493635982155 0.9761761449885492
3 1024 921 1023 0.5151299640965219 0.7703493635982155 0.9761761449885492
3 915 1024 1023 0.5151299640965219 0.7703493635982155 0.9761761449885492
3 1023 1022 915 0.5151299640965219 0.7703493635982155 0.9761761449885492
3 1027 1077 1078 0.5151299640965219 0.7703493635982155 0.9761761449885492
3 1028 1027 1078 0.5151299640965219 0.7703493635982155 0.9761761449885492
3 1078 1077 990 0.5151299640965219 0.7703493635982155 0.9761761449885492
3 1078 1079 1028 0.5151299640965219 0.7703493635982155 0.9761761449885492
3 1018 1079 1078 0.5151299640965219 0.7703493635982155 0.9761761449885492
3 990 1017 1078 0.5151299640965219 0.7703493635982155 0.9761761449885492
3 1078 1017 1018 0.5151299640965219 0.7703493635982155 0.9761761449885492
3 1082 1083 799 0.5151299640965219 0.7703493635982155 0.9761761449885492
3 782 1083 1082 0.5151299640965219 0.7703493635982155 0.9761761449885492
3 1030 860 1031 0.5151299640965219 0.7703493635982155 0.9761761449885492
3 1031 906 1030 0.5151299640965219 0.7703493635982155 0.9761761449885492
3 1032 907 1031 0.5151299640965219 0.7703493635982155 0.9761761449885492
3 907 906 1031 0.5151299640965219 0.7703493635982155 0.9761761449885492
3 859 731 730 0.5151299640965219 0.7703493635982155 0.9761761449885492
3 730 926 859 0.5151299640965219 0.7703493635982155 0.9761761449885492
3 1080 1081 797 0.5151299640965219 0.7703493635982155 0.9761761449885492
3 926 730 797 0.5151299640965219 0.7703493635982155 0.9761761449885492
3 1021 1022 777 0.5151299640965219 0.7703493635982155 0.9761761449885492
3 774 1022 1021 0.5151299640965219 0.7703493635982155 0.9761761449885492
3 725 724 1019 0.5151299640965219 0.7703493635982155 0.9761761449885492
3 724 771 1019 0.5151299640965219 0.7703493635982155 0.9761761449885492
3 1037 1036 933 0.5151299640965219 0.7703493635982155 0.9761761449885492
3 933 1036 932 0.5151299640965219 0.7703493635982155 0.9761761449885492
3 933 1038 1037 0.5151299640965219 0.7703493635982155 0.9761761449885492
3 933 932 1087 0.5151299640965219 0.7703493635982155 0.9761761449885492
3 1087 1088 933 0.5151299640965219 0.7703493635982155 0.9761761449885492
3 1089 1038 933 0.5151299640965219 0.7703493635982155 0.9761761449885492
3 933 1088 1089 0.5151299640965219 0.7703493635982155 0.9761761449885492
3 932 1036 864 0.5151299640965219 0.7703493635982155 0.9761761449885492
3 928 927 799 0.5151299640965219 0.7703493635982155 0.9761761449885492
3 801 1085 1086 0.5151299640965219 0.7703493635982155 0.9761761449885492
3 1084 1085 801 0.5151299640965219 0.7703493635982155 0.9761761449885492
3 935 936 785 0.5151299640965219 0.7703493635982155 0.9761761449885492
3 934 802 935 0.5151299640965219 0.7703493635982155 0.9761761449885492
3 935 802 803 0.5151299640965219 0.7703493635982155 0.9761761449885492
3 803 936 935 0.5151299640965219 0.7703493635982155 0.9761761449885492
3 935 784 934 0.5151299640965219 0.7703493635982155 0.9761761449885492
3 785 784 935 0.5151299640965219 0.7703493635982155 0.9761761449885492
3 991 992 866 0.5151299640965219 0.7703493635982155 0.9761761449885492
3 991 865 734 0.5151299640965219 0.7703493635982155 0.9761761449885492
3 866 865 991 0.5151299640965219 0.7703493635982155 0.9761761449885492
3 903 992 991 0.5151299640965219 0.7703493635982155 0.9761761449885492
3 991 734 733 0.5151299640965219 0.7703493635982155 0.9761761449885492
3 733 903 991 0.5151299640965219 0.7703493635982155 0.9761761449885492
3 904 905 993 0.5151299640965219 0.7703493635982155 0.9761761449885492
3 993 992 904 0.5151299640965219 0.7703493635982155 0.9761761449885492
3 993 905 994 0.5151299640965219 0.7703493635982155 0.9761761449885492
3 994 868 993 0.5151299640965219 0.7703493635982155 0.9761761449885492
3 993 867 992 0.5151299640965219 0.7703493635982155 0.9761761449885492
3 868 867 993 0.5151299640965219 0.7703493635982155 0.9761761449885492
3 957 1007 1008 0.5151299640965219 0.7703493635982155 0.9761761449885492
3 956 957 1055 0.5151299640965219 0.7703493635982155 0.9761761449885492
3 1007 957 956 0.5151299640965219 0.7703493635982155 0.9761761449885492
3 956 1053 955 0.5151299640965219 0.7703493635982155 0.9761761449885492
3 955 1006 956 0.5151299640965219 0.7703493635982155 0.9761761449885492
3 956 1006 1007 0.5151299640965219 0.7703493635982155 0.9761761449885492
3 818 817 951 0.5151299640965219 0.7703493635982155 0.9761761449885492
3 951 952 818 0.5151299640965219 0.7703493635982155 0.9761761449885492
3 750 817 818 0.5151299640965219 0.7703493635982155 0.9761761449885492
3 815 814 1003 0.5151299640965219 0.7703493635982155 0.9761761449885492
3 815 952 814 0.5151299640965219 0.7703493635982155 0.9761761449885492
3 1003 881 815 0.5151299640965219 0.7703493635982155 0.9761761449885492
3 815 881 1004 0.5151299640965219 0.7703493635982155 0.9761761449885492
3 806 939 938 0.5151299640965219 0.7703493635982155 0.9761761449885492
3 806 805 1094 0.5151299640965219 0.7703493635982155 0.9761761449885492
3 938 805 806 0.5151299640965219 0.7703493635982155 0.9761761449885492
3 1094 1095 806 0.5151299640965219 0.7703493635982155 0.9761761449885492
3 1095 939 806 0.5151299640965219 0.7703493635982155 0.9761761449885492
3 941 940 1097 0.5151299640965219 0.7703493635982155 0.9761761449885492
3 941 1046 940 0.5151299640965219 0.7703493635982155 0.9761761449885492
3 1047 1046 941 0.5151299640965219 0.7703493635982155 0.9761761449885492
3 941 1098 1047 0.5151299640965219 0.7703493635982155 0.9761761449885492
3 1097 1098 941 0.5151299640965219 0.7703493635982155 0.9761761449885492
3 959 824 960 0.5151299640965219 0.7703493635982155 0.9761761449885492
3 958 824 959 0.5151299640965219 0.7703493635982155 0.9761761449885492
3 753 958 959 0.5151299640965219 0.7703493635982155 0.9761761449885492
3 825 824 1052 0.5151299640965219 0.7703493635982155 0.9761761449885492
3 1052 1053 825 0.5151299640965219 0.7703493635982155 0.9761761449885492
3 960 824 825 0.5151299640965219 0.7703493635982155 0.9761761449885492
3 825 1053 826 0.5151299640965219 0.7703493635982155 0.9761761449885492
3 825 961 960 0.5151299640965219 0.7703493635982155 0.9761761449885492
3 826 961 825 0.5151299640965219 0.7703493635982155 0.9761761449885492
3 948 1006 1005 0.5151299640965219 0.7703493635982155 0.9761761449885492
3 1005 1006 954 0.5151299640965219 0.7703493635982155 0.9761761449885492
3 947 948 1005 0.5151299640965219 0.7703493635982155 0.9761761449885492
3 1005 882 947 0.5151299640965219 0.7703493635982155 0.9761761449885492
3 832 756 755 0.5151299640965219 0.7703493635982155 0.9761761449885492
3 755 1102 832 0.5151299640965219 0.7703493635982155 0.9761761449885492
3 756 832 966 0.5151299640965219 0.7703493635982155 0.9761761449885492
3 757 756 966 0.5151299640965219 0.7703493635982155 0.9761761449885492
3 966 837 757 0.5151299640965219 0.7703493635982155 0.9761761449885492
3 893 1127 1128 0.5151299640965219 0.7703493635982155 0.9761761449885492
3 892 1127 893 0.5151299640965219 0.7703493635982155 0.9761761449885492
3 1128 894 893 0.5151299640965219 0.7703493635982155 0.9761761449885492
3 791 892 893 0.5151299640965219 0.7703493635982155 0.9761761449885492
3 893 894 791 0.5151299640965219 0.7703493635982155 0.9761761449885492
3 887 888 1118 0.5151299640965219 0.7703493635982155 0.9761761449885492
3 887 1118 1128 0.5151299640965219 0.7703493635982155 0.9761761449885492
3 979 888 978 0.5151299640965219 0.7703493635982155 0.9761761449885492
3 978 977 845 0.5151299640965219 0.7703493635982155 0.9761761449885492
3 888 887 978 0.5151299640965219 0.7703493635982155 0.9761761449885492
3 978 887 977 0.5151299640965219 0.7703493635982155 0.9761761449885492
3 978 846 979 0.5151299640965219 0.7703493635982155 0.9761761449885492
3 845 846 978 0.5151299640965219 0.7703493635982155 0.9761761449885492
3 1061 1060 838 0.5151299640965219 0.7703493635982155 0.9761761449885492
3 1062 845 1061 0.5151299640965219 0.7703493635982155 0.9761761449885492
3 845 844 1061 0.5151299640965219 0.7703493635982155 0.9761761449885492
3 844 1060 1061 0.5151299640965219 0.7703493635982155 0.9761761449885492
3 839 838 968 0.5151299640965219 0.7703493635982155 0.9761761449885492
3 839 1061 838 0.5151299640965219 0.7703493635982155 0.9761761449885492
3 839 840 1062 0.5151299640965219 0.7703493635982155 0.9761761449885492
3 1062 1061 839 0.5151299640965219 0.7703493635982155 0.9761761449885492
3 1101 1111 1058 0.5151299640965219 0.7703493635982155 0.9761761449885492
3 1048 1100 1058 0.5151299640965219 0.7703493635982155 0.9761761449885492
3 1058 1100 1101 0.5151299640965219 0.7703493635982155 0.9761761449885492
3 965 1058 1109 0.5151299640965219 0.7703493635982155 0.9761761449885492
3 986 851 987 0.5151299640965219 0.7703493635982155 0.9761761449885492
3 901 986 987 0.5151299640965219 0.7703493635982155 0.9761761449885492
3 987 988 902 0.5151299640965219 0.7703493635982155 0.9761761449885492
3 902 901 987 0.5151299640965219 0.7703493635982155 0.9761761449885492
3 780 1081 1080 0.5151299640965219 0.7703493635982155 0.9761761449885492
3 921 920 778 0.5151299640965219 0.7703493635982155 0.9761761449885492
3 778 1023 921 0.5151299640965219 0.7703493635982155 0.9761761449885492
3 778 920 777 0.5151299640965219 0.7703493635982155 0.9761761449885492
3 777 1022 778 0.5151299640965219 0.7703493635982155 0.9761761449885492
3 1022 1023 778 0.5151299640965219 0.7703493635982155 0.9761761449885492
3 798 797 1081 0.5151299640965219 0.7703493635982155 0.9761761449885492
3 798 1082 799 0.5151299640965219 0.7703493635982155 0.9761761449885492
3 1081 1082 798 0.5151299640965219 0.7703493635982155 0.9761761449885492
3 799 927 798 0.5151299640965219 0.7703493635982155 0.9761761449885492
3 927 926 798 0.5151299640965219 0.7703493635982155 0.9761761449885492
3 926 797 798 0.5151299640965219 0.7703493635982155 0.9761761449885492
3 728 1080 729 0.5151299640965219 0.7703493635982155 0.9761761449885492
3 1080 797 729 0.5151299640965219 0.7703493635982155 0.9761761449885492
3 729 797 730 0.5151299640965219 0.7703493635982155 0.9761761449885492
3 796 914 774 0.5151299640965219 0.7703493635982155 0.9761761449885492
3 774 913 796 0.5151299640965219 0.7703493635982155 0.9761761449885492
3 1074 914 796 0.5151299640965219 0.7703493635982155 0.9761761449885492
3 796 858 1074 0.5151299640965219 0.7703493635982155 0.9761761449885492
3 795 913 912 0.5151299640965219 0.7703493635982155 0.9761761449885492
3 1072 857 795 0.5151299640965219 0.7703493635982155 0.9761761449885492
3 795 794 1072 0.5151299640965219 0.7703493635982155 0.9761761449885492
3 795 912 794 0.5151299640965219 0.7703493635982155 0.9761761449885492
3 776 1021 777 0.5151299640965219 0.7703493635982155 0.9761761449885492
3 1020 1021 776 0.5151299640965219 0.7703493635982155 0.9761761449885492
3 773 1021 1020 0.5151299640965219 0.7703493635982155 0.9761761449885492
3 912 913 773 0.5151299640965219 0.7703493635982155 0.9761761449885492
3 773 913 774 0.5151299640965219 0.7703493635982155 0.9761761449885492
3 774 1021 773 0.5151299640965219 0.7703493635982155 0.9761761449885492
3 1034 864 1035 0.5151299640965219 0.7703493635982155 0.9761761449885492
3 1035 864 1036 0.5151299640965219 0.7703493635982155 0.9761761449885492
3 1035 909 1034 0.5151299640965219 0.7703493635982155 0.9761761449885492
3 998 909 1035 0.5151299640965219 0.7703493635982155 0.9761761449885492
3 1035 1036 998 0.5151299640965219 0.7703493635982155 0.9761761449885492
3 929 801 930 0.5151299640965219 0.7703493635982155 0.9761761449885492
3 862 1033 1032 0.5151299640965219 0.7703493635982155 0.9761761449885492
3 862 928 929 0.5151299640965219 0.7703493635982155 0.9761761449885492
3 800 801 929 0.5151299640965219 0.7703493635982155 0.9761761449885492
3 800 928 799 0.5151299640965219 0.7703493635982155 0.9761761449885492
3 929 928 800 0.5151299640965219 0.7703493635982155 0.9761761449885492
3 799 1083 800 0.5151299640965219 0.7703493635982155 0.9761761449885492
3 800 1083 1084 0.5151299640965219 0.7703493635982155 0.9761761449885492
3 1084 801 800 0.5151299640965219 0.7703493635982155 0.9761761449885492
3 1057 1008 1048 0.5151299640965219 0.7703493635982155 0.9761761449885492
3 1048 1058 1057 0.5151299640965219 0.7703493635982155 0.9761761449885492
3 1057 1058 965 0.5151299640965219 0.7703493635982155 0.9761761449885492
3 826 1053 1054 0.5151299640965219 0.7703493635982155 0.9761761449885492
3 1053 956 1054 0.5151299640965219 0.7703493635982155 0.9761761449885492
3 1054 956 1055 0.5151299640965219 0.7703493635982155 0.9761761449885492
3 1049 751 750 0.5151299640965219 0.7703493635982155 0.9761761449885492
3 750 818 1049 0.5151299640965219 0.7703493635982155 0.9761761449885492
3 952 815 953 0.5151299640965219 0.7703493635982155 0.9761761449885492
3 953 815 1004 0.5151299640965219 0.7703493635982155 0.9761761449885492
3 962 961 826 0.5151299640965219 0.7703493635982155 0.9761761449885492
3 826 1054 962 0.5151299640965219 0.7703493635982155 0.9761761449885492
3 1055 963 962 0.5151299640965219 0.7703493635982155 0.9761761449885492
3 962 1054 1055 0.5151299640965219 0.7703493635982155 0.9761761449885492
3 1056 963 1055 0.5151299640965219 0.7703493635982155 0.9761761449885492
3 1056 1057 965 0.5151299640965219 0.7703493635982155 0.9761761449885492
3 1055 957 1056 0.5151299640965219 0.7703493635982155 0.9761761449885492
3 1056 957 1008 0.5151299640965219 0.7703493635982155 0.9761761449885492
3 1008 1057 1056 0.5151299640965219 0.7703493635982155 0.9761761449885492
3 964 965 1107 0.5151299640965219 0.7703493635982155 0.9761761449885492
3 964 1056 965 0.5151299640965219 0.7703493635982155 0.9761761449885492
3 963 1056 964 0.5151299640965219 0.7703493635982155 0.9761761449885492
3 753 959 827 0.5151299640965219 0.7703493635982155 0.9761761449885492
3 754 753 827 0.5151299640965219 0.7703493635982155 0.9761761449885492
3 827 828 754 0.5151299640965219 0.7703493635982155 0.9761761449885492
3 960 828 827 0.5151299640965219 0.7703493635982155 0.9761761449885492
3 827 959 960 0.5151299640965219 0.7703493635982155 0.9761761449885492
3 829 1104 1103 0.5151299640965219 0.7703493635982155 0.9761761449885492
3 1103 828 829 0.5151299640965219 0.7703493635982155 0.9761761449885492
3 1102 828 1103 0.5151299640965219 0.7703493635982155 0.9761761449885492
3 1103 832 1102 0.5151299640965219 0.7703493635982155 0.9761761449885492
3 968 834 835 0.5151299640965219 0.7703493635982155 0.9761761449885492
3 1106 964 1107 0.5151299640965219 0.7703493635982155 0.9761761449885492
3 967 834 968 0.5151299640965219 0.7703493635982155 0.9761761449885492
3 968 838 967 0.5151299640965219 0.7703493635982155 0.9761761449885492
3 838 837 967 0.5151299640965219 0.7703493635982155 0.9761761449885492
3 837 966 967 0.5151299640965219 0.7703493635982155 0.9761761449885492
3 833 966 832 0.5151299640965219 0.7703493635982155 0.9761761449885492
3 833 1104 834 0.5151299640965219 0.7703493635982155 0.9761761449885492
3 834 967 833 0.5151299640965219 0.7703493635982155 0.9761761449885492
3 833 967 966 0.5151299640965219 0.7703493635982155 0.9761761449885492
3 833 1103 1104 0.5151299640965219 0.7703493635982155 0.9761761449885492
3 832 1103 833 0.5151299640965219 0.7703493635982155 0.9761761449885492
3 1128 885 886 0.5151299640965219 0.7703493635982155 0.9761761449885492
3 886 887 1128 0.5151299640965219 0.7703493635982155 0.9761761449885492
3 885 975 886 0.5151299640965219 0.7703493635982155 0.9761761449885492
3 886 975 976 0.5151299640965219 0.7703493635982155 0.9761761449885492
3 976 977 886 0.5151299640965219 0.7703493635982155 0.9761761449885492
3 977 887 886 0.5151299640965219 0.7703493635982155 0.9761761449885492
3 969 970 840 0.5151299640965219 0.7703493635982155 0.9761761449885492
3 969 839 968 0.5151299640965219 0.7703493635982155 0.9761761449885492
3 840 839 969 0.5151299640965219 0.7703493635982155 0.9761761449885492
3 968 835 969 0.5151299640965219 0.7703493635982155 0.9761761449885492
3 840 970 841 0.5151299640965219 0.7703493635982155 0.9761761449885492
3 971 841 970 0.5151299640965219 0.7703493635982155 0.9761761449885492
3 1110 1058 1111 0.5151299640965219 0.7703493635982155 0.9761761449885492
3 1110 1109 1058 0.5151299640965219 0.7703493635982155 0.9761761449885492
3 852 851 1013 0.5151299640965219 0.7703493635982155 0.9761761449885492
3 852 987 851 0.5151299640965219 0.7703493635982155 0.9761761449885492
3 1013 1014 852 0.5151299640965219 0.7703493635982155 0.9761761449885492
3 852 1014 988 0.5151299640965219 0.7703493635982155 0.9761761449885492
3 988 987 852 0.5151299640965219 0.7703493635982155 0.9761761449885492
3 920 780 919 0.5151299640965219 0.7703493635982155 0.9761761449885492
3 777 920 919 0.5151299640965219 0.7703493635982155 0.9761761449885492
3 919 776 777 0.5151299640965219 0.7703493635982155 0.9761761449885492
3 1081 780 781 0.5151299640965219 0.7703493635982155 0.9761761449885492
3 782 1082 781 0.5151299640965219 0.7703493635982155 0.9761761449885492
3 781 1082 1081 0.5151299640965219 0.7703493635982155 0.9761761449885492
3 781 921 782 0.5151299640965219 0.7703493635982155 0.9761761449885492
3 781 920 921 0.5151299640965219 0.7703493635982155 0.9761761449885492
3 781 780 920 0.5151299640965219 0.7703493635982155 0.9761761449885492
3 779 1080 728 0.5151299640965219 0.7703493635982155 0.9761761449885492
3 779 780 1080 0.5151299640965219 0.7703493635982155 0.9761761449885492
3 728 727 779 0.5151299640965219 0.7703493635982155 0.9761761449885492
3 779 919 780 0.5151299640965219 0.7703493635982155 0.9761761449885492
3 858 796 1073 0.5151299640965219 0.7703493635982155 0.9761761449885492
3 1073 795 857 0.5151299640965219 0.7703493635982155 0.9761761449885492
3 1073 796 913 0.5151299640965219 0.7703493635982155 0.9761761449885492
3 913 795 1073 0.5151299640965219 0.7703493635982155 0.9761761449885492
3 900 858 1073 0.5151299640965219 0.7703493635982155 0.9761761449885492
3 1073 857 900 0.5151299640965219 0.7703493635982155 0.9761761449885492
3 1020 776 775 0.5151299640965219 0.7703493635982155 0.9761761449885492
3 725 1019 775 0.5151299640965219 0.7703493635982155 0.9761761449885492
3 775 1019 1020 0.5151299640965219 0.7703493635982155 0.9761761449885492
3 775 726 725 0.5151299640965219 0.7703493635982155 0.9761761449885492
3 912 773 772 0.5151299640965219 0.7703493635982155 0.9761761449885492
3 772 1019 771 0.5151299640965219 0.7703493635982155 0.9761761449885492
3 1020 1019 772 0.5151299640965219 0.7703493635982155 0.9761761449885492
3 772 773 1020 0.5151299640965219 0.7703493635982155 0.9761761449885492
3 772 771 911 0.5151299640965219 0.7703493635982155 0.9761761449885492
3 911 912 772 0.5151299640965219 0.7703493635982155 0.9761761449885492
3 932 864 931 0.5151299640965219 0.7703493635982155 0.9761761449885492
3 864 930 931 0.5151299640965219 0.7703493635982155 0.9761761449885492
3 931 930 801 0.5151299640965219 0.7703493635982155 0.9761761449885492
3 1086 932 931 0.5151299640965219 0.7703493635982155 0.9761761449885492
3 931 801 1086 0.5151299640965219 0.7703493635982155 0.9761761449885492
3 1034 1033 863 0.5151299640965219 0.7703493635982155 0.9761761449885492
3 1033 862 863 0.5151299640965219 0.7703493635982155 0.9761761449885492
3 863 864 1034 0.5151299640965219 0.7703493635982155 0.9761761449885492
3 863 930 864 0.5151299640965219 0.7703493635982155 0.9761761449885492
3 929 930 863 0.5151299640965219 0.7703493635982155 0.9761761449885492
3 863 862 929 0.5151299640965219 0.7703493635982155 0.9761761449885492
3 861 862 1032 0.5151299640965219 0.7703493635982155 0.9761761449885492
3 1032 1031 861 0.5151299640965219 0.7703493635982155 0.9761761449885492
3 861 1031 860 0.5151299640965219 0.7703493635982155 0.9761761449885492
3 928 862 861 0.5151299640965219 0.7703493635982155 0.9761761449885492
3 861 860 927 0.5151299640965219 0.7703493635982155 0.9761761449885492
3 927 928 861 0.5151299640965219 0.7703493635982155 0.9761761449885492
3 819 820 1051 0.5151299640965219 0.7703493635982155 0.9761761449885492
3 819 953 820 0.5151299640965219 0.7703493635982155 0.9761761449885492
3 819 818 952 0.5151299640965219 0.7703493635982155 0.9761761449885492
3 952 953 819 0.5151299640965219 0.7703493635982155 0.9761761449885492
3 882 1005 816 0.5151299640965219 0.7703493635982155 0.9761761449885492
3 1004 882 816 0.5151299640965219 0.7703493635982155 0.9761761449885492
3 816 953 1004 0.5151299640965219 0.7703493635982155 0.9761761449885492
3 816 1005 954 0.5151299640965219 0.7703493635982155 0.9761761449885492
3 954 820 816 0.5151299640965219 0.7703493635982155 0.9761761449885492
3 820 953 816 0.5151299640965219 0.7703493635982155 0.9761761449885492
3 830 1104 829 0.5151299640965219 0.7703493635982155 0.9761761449885492
3 829 961 830 0.5151299640965219 0.7703493635982155 0.9761761449885492
3 961 962 830 0.5151299640965219 0.7703493635982155 0.9761761449885492
3 836 971 970 0.5151299640965219 0.7703493635982155 0.9761761449885492
3 836 1106 1107 0.5151299640965219 0.7703493635982155 0.9761761449885492
3 835 1106 836 0.5151299640965219 0.7703493635982155 0.9761761449885492
3 970 969 836 0.5151299640965219 0.7703493635982155 0.9761761449885492
3 836 969 835 0.5151299640965219 0.7703493635982155 0.9761761449885492
3 1062 840 1063 0.5151299640965219 0.7703493635982155 0.9761761449885492
3 840 841 1063 0.5151299640965219 0.7703493635982155 0.9761761449885492
3 1063 846 1062 0.5151299640965219 0.7703493635982155 0.9761761449885492
3 1107 965 1108 0.5151299640965219 0.7703493635982155 0.9761761449885492
3 965 1109 1108 0.5151299640965219 0.7703493635982155 0.9761761449885492
3 1108 836 1107 0.5151299640965219 0.7703493635982155 0.9761761449885492
3 971 836 1108 0.5151299640965219 0.7703493635982155 0.9761761449885492
3 981 980 1065 0.5151299640965219 0.7703493635982155 0.9761761449885492
3 1109 1110 973 0.5151299640965219 0.7703493635982155 0.9761761449885492
3 973 1110 1111 0.5151299640965219 0.7703493635982155 0.9761761449885492
3 776 919 918 0.5151299640965219 0.7703493635982155 0.9761761449885492
3 726 775 918 0.5151299640965219 0.7703493635982155 0.9761761449885492
3 918 775 776 0.5151299640965219 0.7703493635982155 0.9761761449885492
3 918 727 726 0.5151299640965219 0.7703493635982155 0.9761761449885492
3 918 779 727 0.5151299640965219 0.7703493635982155 0.9761761449885492
3 919 779 918 0.5151299640965219 0.7703493635982155 0.9761761449885492
3 1050 1049 818 0.5151299640965219 0.7703493635982155 0.9761761449885492
3 818 819 1050 0.5151299640965219 0.7703493635982155 0.9761761449885492
3 1050 822 751 0.5151299640965219 0.7703493635982155 0.9761761449885492
3 751 1049 1050 0.5151299640965219 0.7703493635982155 0.9761761449885492
3 1050 819 1051 0.5151299640965219 0.7703493635982155 0.9761761449885492
3 1051 823 1050 0.5151299640965219 0.7703493635982155 0.9761761449885492
3 1050 823 822 0.5151299640965219 0.7703493635982155 0.9761761449885492
3 1104 830 1105 0.5151299640965219 0.7703493635982155 0.9761761449885492
3 834 1104 1105 0.5151299640965219 0.7703493635982155 0.9761761449885492
3 1105 835 834 0.5151299640965219 0.7703493635982155 0.9761761449885492
3 1105 1106 835 0.5151299640965219 0.7703493635982155 0.9761761449885492
3 1064 1063 841 0.5151299640965219 0.7703493635982155 0.9761761449885492
3 841 1065 1064 0.5151299640965219 0.7703493635982155 0.9761761449885492
3 1064 1065 980 0.5151299640965219 0.7703493635982155 0.9761761449885492
3 980 846 1064 0.5151299640965219 0.7703493635982155 0.9761761449885492
3 846 1063 1064 0.5151299640965219 0.7703493635982155 0.9761761449885492
3 1109 973 972 0.5151299640965219 0.7703493635982155 0.9761761449885492
3 972 1108 1109 0.5151299640965219 0.7703493635982155 0.9761761449885492
3 971 1108 972 0.5151299640965219 0.7703493635982155 0.9761761449885492
3 841 971 972 0.5151299640965219 0.7703493635982155 0.9761761449885492
3 972 1065 841 0.5151299640965219 0.7703493635982155 0.9761761449885492
3 1112 1123 1068 0.5151299640965219 0.7703493635982155 0.9761761449885492
3 1068 1111 1112 0.5151299640965219 0.7703493635982155 0.9761761449885492
3 1068 1123 1133 0.5151299640965219 0.7703493635982155 0.9761761449885492
3 831 1105 830 0.5151299640965219 0.7703493635982155 0.9761761449885492
3 831 962 963 0.5151299640965219 0.7703493635982155 0.9761761449885492
3 831 830 962 0.5151299640965219 0.7703493635982155 0.9761761449885492
3 1106 1105 831 0.5151299640965219 0.7703493635982155 0.9761761449885492
3 963 964 831 0.5151299640965219 0.7703493635982155 0.9761761449885492
3 964 1106 831 0.5151299640965219 0.7703493635982155 0.9761761449885492
3 1065 972 1066 0.5151299640965219 0.7703493635982155 0.9761761449885492
3 1066 972 973 0.5151299640965219 0.7703493635982155 0.9761761449885492
3 981 1065 1066 0.5151299640965219 0.7703493635982155 0.9761761449885492
3 1067 1066 973 0.5151299640965219 0.7703493635982155 0.9761761449885492
3 1067 973 1111 0.5151299640965219 0.7703493635982155 0.9761761449885492
3 1111 1068 1067 0.5151299640965219 0.7703493635982155 0.9761761449885492
3 1067 1068 1133 0.5151299640965219 0.7703493635982155 0.9761761449885492
3 1133 981 1067 0.5151299640965219 0.7703493635982155 0.9761761449885492
3 981 1066 1067 0.5151299640965219 0.7703493635982155 0.9761761449885492
3 1142 1144 1141 0.5151299640965219 0.7703493635982155 0.9761761449885492
3 1140 1141 1168 0.5151299640965219 0.7703493635982155 0.9761761449885492
3 1171 1173 1170 0.5151299640965219 0.7703493635982155 0.9761761449885492
3 1167 1168 1141 0.5151299640965219 0.7703493635982155 0.9761761449885492
3 1167 1144 1166 0.5151299640965219 0.7703493635982155 0.9761761449885492
3 1167 1141 1144 0.5151299640965219 0.7703493635982155 0.9761761449885492
3 1166 1144 1145 0.5151299640965219 0.7703493635982155 0.9761761449885492
3 1166 1145 1165 0.5151299640965219 0.7703493635982155 0.9761761449885492
3 1165 1145 1146 0.5151299640965219 0.7703493635982155 0.9761761449885492
3 1148 1163 1147 0.5151299640965219 0.7703493635982155 0.9761761449885492
3 1149 1153 1148 0.5151299640965219 0.7703493635982155 0.9761761449885492
3 1154 1163 1148 0.5151299640965219 0.7703493635982155 0.9761761449885492
3 1148 1153 1154 0.5151299640965219 0.7703493635982155 0.9761761449885492
3 1140 1168 1169 0.5151299640965219 0.7703493635982155 0.9761761449885492
3 1139 1170 1173 0.5151299640965219 0.7703493635982155 0.9761761449885492
3 1139 1173 1137 0.5151299640965219 0.7703493635982155 0.9761761449885492
3 1140 1169 1139 0.5151299640965219 0.7703493635982155 0.9761761449885492
3 1139 1169 1170 0.5151299640965219 0.7703493635982155 0.9761761449885492
3 1164 1147 1163 0.5151299640965219 0.7703493635982155 0.9761761449885492
3 1164 1165 1146 0.5151299640965219 0.7703493635982155 0.9761761449885492
3 1146 1147 1164 0.5151299640965219 0.7703493635982155 0.9761761449885492
3 1151 1153 1150 0.5151299640965219 0.7703493635982155 0.9761761449885492
3 1153 1149 1150 0.5151299640965219 0.7703493635982155 0.9761761449885492
3 1157 1160 1161 0.5151299640965219 0.7703493635982155 0.9761761449885492
3 1158 1160 1157 0.5151299640965219 0.7703493635982155 0.9761761449885492
3 1163 1154 1162 0.5151299640965219 0.7703493635982155 0.9761761449885492
3 1162 1154 1155 0.5151299640965219 0.7703493635982155 0.9761761449885492
3 1155 1157 1162 0.5151299640965219 0.7703493635982155 0.9761761449885492
3 1162 1157 1161 0.5151299640965219 0.7703493635982155 0.9761761449885492
3 1227 1208 1191 0.5151299640965219 0.7703493635982155 0.9761761449885492
3 1209 1208 1227 0.5151299640965219 0.7703493635982155 0.9761761449885492
3 1227 1226 1209 0.5151299640965219 0.7703493635982155 0.9761761449885492
3 1194 1206 1205 0.5151299640965219 0.7703493635982155 0.9761761449885492
3 1213 1222 1221 0.5151299640965219 0.7703493635982155 0.9761761449885492
3 1224 1212 1211 0.5151299640965219 0.7703493635982155 0.9761761449885492
3 1210 1209 1226 0.5151299640965219 0.7703493635982155 0.9761761449885492
3 1186 1183 1182 0.5151299640965219 0.7703493635982155 0.9761761449885492
3 1184 1183 1186 0.5151299640965219 0.7703493635982155 0.9761761449885492
3 1227 1191 1228 0.5151299640965219 0.7703493635982155 0.9761761449885492
3 1190 1228 1191 0.5151299640965219 0.7703493635982155 0.9761761449885492
3 1229 1228 1190 0.5151299640965219 0.7703493635982155 0.9761761449885492
3 1175 1231 1177 0.5151299640965219 0.7703493635982155 0.9761761449885492
3 1199 1202 1201 0.5151299640965219 0.7703493635982155 0.9761761449885492
3 1199 1198 1202 0.5151299640965219 0.7703493635982155 0.9761761449885492
3 1199 1201 1200 0.5151299640965219 0.7703493635982155 0.9761761449885492
3 1205 1204 1195 0.5151299640965219 0.7703493635982155 0.9761761449885492
3 1195 1194 1205 0.5151299640965219 0.7703493635982155 0.9761761449885492
3 1192 1191 1208 0.5151299640965219 0.7703493635982155 0.9761761449885492
3 1208 1207 1192 0.5151299640965219 0.7703493635982155 0.9761761449885492
3 1193 1207 1206 0.5151299640965219 0.7703493635982155 0.9761761449885492
3 1206 1194 1193 0.5151299640965219 0.7703493635982155 0.9761761449885492
3 1193 1192 1207 0.5151299640965219 0.7703493635982155 0.9761761449885492
3 1219 1215 1220 0.5151299640965219 0.7703493635982155 0.9761761449885492
3 1216 1219 1217 0.5151299640965219 0.7703493635982155 0.9761761449885492
3 1215 1219 1216 0.5151299640965219 0.7703493635982155 0.9761761449885492
3 1213 1221 1214 0.5151299640965219 0.7703493635982155 0.9761761449885492
3 1220 1215 1214 0.5151299640965219 0.7703493635982155 0.9761761449885492
3 1214 1221 1220 0.5151299640965219 0.7703493635982155 0.9761761449885492
3 1212 1224 1223 0.5151299640965219 0.7703493635982155 0.9761761449885492
3 1223 1222 1213 0.5151299640965219 0.7703493635982155 0.9761761449885492
3 1213 1212 1223 0.5151299640965219 0.7703493635982155 0.9761761449885492
3 1225 1210 1226 0.5151299640965219 0.7703493635982155 0.9761761449885492
3 1225 1224 1211 0.5151299640965219 0.7703493635982155 0.9761761449885492
3 1211 1210 1225 0.5151299640965219 0.7703493635982155 0.9761761449885492
3 1196 1204 1203 0.5151299640965219 0.7703493635982155 0.9761761449885492
3 1196 1195 1204 0.5151299640965219 0.7703493635982155 0.9761761449885492
3 1178 1231 1230 0.5151299640965219 0.7703493635982155 0.9761761449885492
3 1230 1179 1178 0.5151299640965219 0.7703493635982155 0.9761761449885492
3 1178 1177 1231 0.5151299640965219 0.7703493635982155 0.9761761449885492
3 1230 1229 1189 0.5151299640965219 0.7703493635982155 0.9761761449885492
3 1229 1190 1189 0.5151299640965219 0.7703493635982155 0.9761761449885492
3 1197 1196 1203 0.5151299640965219 0.7703493635982155 0.9761761449885492
3 1203 1202 1197 0.5151299640965219 0.7703493635982155 0.9761761449885492
3 1202 1198 1197 0.5151299640965219 0.7703493635982155 0.9761761449885492
3 1188 1179 1230 0.5151299640965219 0.7703493635982155 0.9761761449885492
3 1230 1189 1188 0.5151299640965219 0.7703493635982155 0.9761761449885492
3 1179 1188 1180 0.5151299640965219 0.7703493635982155 0.9761761449885492
3 1187 1180 1188 0.5151299640965219 0.7703493635982155 0.9761761449885492
3 1187 1186 1182 0.5151299640965219 0.7703493635982155 0.9761761449885492
3 1181 1187 1182 0.5151299640965219 0.7703493635982155 0.9761761449885492
3 1180 1187 1181 0.5151299640965219 0.7703493635982155 0.9761761449885492
3 1236 1237 1240 0.5151299640965219 0.7703493635982155 0.9761761449885492
3 1240 1237 1239 0.5151299640965219 0.7703493635982155 0.9761761449885492
3 1235 1237 1233 0.5151299640965219 0.7703493635982155 0.9761761449885492
3 1239 1237 1235 0.5151299640965219 0.7703493635982155 0.9761761449885492
3 1245 1246 1244 0.5151299640965219 0.7703493635982155 0.9761761449885492
3 1244 1246 1242 0.5151299640965219 0.7703493635982155 0.9761761449885492
3 1248 1255 1246 0.5151299640965219 0.7703493635982155 0.9761761449885492
3 1248 1252 1255 0.5151299640965219 0.7703493635982155 0.9761761449885492
3 1242 1246 1254 0.5151299640965219 0.7703493635982155 0.9761761449885492
3 1246 1255 1254 0.5151299640965219 0.7703493635982155 0.9761761449885492
3 1254 1252 1242 0.5151299640965219 0.7703493635982155 0.9761761449885492
3 1255 1252 1254 0.5151299640965219 0.7703493635982155 0.9761761449885492
3 1250 1252 1249 0.5151299640965219 0.7703493635982155 0.9761761449885492
3 1252 1248 1249 0.5151299640965219 0.7703493635982155 0.9761761449885492
3 1265 1263 1256 0.5151299640965219 0.7703493635982155 0.9761761449885492
3 1264 1263 1261 0.5151299640965219 0.7703493635982155 0.9761761449885492
3 1265 1256 1261 0.5151299640965219 0.7703493635982155 0.9761761449885492
3 1258 1263 1262 0.5151299640965219 0.7703493635982155 0.9761761449885492
3 1258 1256 1263 0.5151299640965219 0.7703493635982155 0.9761761449885492
3 1266 1263 1265 0.5151299640965219 0.7703493635982155 0.9761761449885492
3 1265 1261 1266 0.5151299640965219 0.7703493635982155 0.9761761449885492
3 1266 1261 1263 0.5151299640965219 0.7703493635982155 0.9761761449885492
