OFF
1870 3176 0


30.0661 34.0224 12.3468
30.0661 34.0224 12.3468
30.1652 33.9521 12.3477
30.2576 33.8816 12.3476
30.3442 33.8106 12.3468
30.4254 33.739 12.3451
30.5019 33.6668 12.3428
30.574 33.5937 12.3397
30.6422 33.5197 12.336
30.7068 33.4445 12.3316
30.768 33.3678 12.3265
30.8261 33.2895 12.3208
30.8813 33.2094 12.3143
30.9337 33.1271 12.3072
30.9834 33.0423 12.2993
31.0303 32.9549 12.2906
31.0746 32.8644 12.281
31.1162 32.7706 12.2705
31.155 32.673 12.259
31.1908 32.5713 12.2465
31.2234 32.465 12.2328
31.2527 32.3537 12.2178
31.2781 32.237 12.2014
31.2781 32.237 12.2014
31.3671 32.362 12.2338
31.4407 32.4597 12.2597
31.5045 32.5408 12.2816
31.5618 32.6114 12.3008
31.6149 32.675 12.3183
31.6654 32.7342 12.3348
31.7148 32.7909 12.3507
31.7641 32.8466 12.3664
31.8147 32.9026 12.3823
31.8677 32.9606 12.3989
31.9248 33.022 12.4165
31.988 33.0889 12.4359
32.0602 33.1641 12.4578
32.1454 33.2515 12.4835
32.2505 33.3575 12.5148
32.2505 33.3575 12.5148
32.3093 33.4915 12.545
32.3594 33.6045 12.5704
32.4033 33.7031 12.5927
32.4429 33.7915 12.6126
32.4795 33.8727 12.631
32.5141 33.9491 12.6483
32.5474 34.0224 12.6649
32.5801 34.0943 12.6813
32.613 34.1662 12.6976
32.6466 34.2395 12.7142
32.6816 34.3158 12.7316
32.719 34.3968 12.75
32.7596 34.4848 12.7701
32.805 34.5827 12.7924
32.8571 34.6948 12.8179
32.9188 34.8269 12.8481
32.9188 34.8269 12.8481
32.7946 34.7976 12.8272
32.7035 34.7761 12.8119
32.6246 34.7576 12.7987
32.5456 34.7391 12.7855
32.4544 34.7179 12.7702
32.3301 34.6892 12.7494
32.2395 34.6625 12.7333
32.149 34.6358 12.7172
32.0584 34.6092 12.7011
31.9679 34.5825 12.685
31.8773 34.5558 12.6689
31.7867 34.5291 12.6528
31.6962 34.5025 12.6367
31.6056 34.4758 12.6206
31.5151 34.4491 12.6045
31.4245 34.4225 12.5884
31.3339 34.3958 12.5723
31.2434 34.3691 12.5562
31.1528 34.3424 12.5401
31.0622 34.3158 12.524
30.9717 34.2891 12.5079
30.8811 34.2624 12.4917
30.7906 34.2357 12.4756
30.7 34.2091 12.4595
30.6094 34.1824 12.4434
30.5189 34.1557 12.4273
30.4283 34.1291 12.4112
30.3377 34.1024 12.3951
30.2472 34.0757 12.379
30.1566 34.049 12.3629
30.0661 34.0224 12.3468
30.0661 34.0224 12.3468
30.0661 34.0224 12.3468
30.1652 33.9521 12.3477
30.2576 33.8816 12.3476
30.3442 33.8106 12.3468
30.4254 33.739 12.3451
30.5019 33.6668 12.3428
30.574 33.5937 12.3397
30.6422 33.5197 12.336
30.7068 33.4445 12.3316
30.768 33.3678 12.3265
30.8261 33.2895 12.3208
30.8813 33.2094 12.3143
30.9337 33.1271 12.3072
30.9834 33.0423 12.2993
31.0303 32.9549 12.2906
31.0746 32.8644 12.281
31.1162 32.7706 12.2705
31.155 32.673 12.259
31.1908 32.5713 12.2465
31.2234 32.465 12.2328
31.2527 32.3537 12.2178
31.2781 32.237 12.2014
31.2491 32.1056 12.1895
31.2245 31.9985 12.1786
31.2025 31.9061 12.1683
31.182 31.8222 12.1582
31.162 31.7422 12.148
31.1416 31.6624 12.1372
31.1197 31.5792 12.1252
31.0953 31.488 12.1114
31.0664 31.3828 12.0946
31.03 31.2542 12.0727
31.03 31.2542 12.0727
30.9094 31.2133 12.0768
30.8048 31.1738 12.0784
30.7112 31.135 12.0781
30.6253 31.0961 12.0762
30.544 31.0563 12.0729
30.4652 31.0147 12.0682
30.3866 30.9703 12.062
30.3063 30.9215 12.054
30.2219 30.8668 12.0439
30.1307 30.8034 12.0309
30.0291 30.728 12.014
30.0291 30.728 12.014
29.9116 30.747 12.0201
29.7942 30.7668 12.0251
29.7942 30.7668 12.0251
29.6906 30.8563 12.0466
29.5987 30.9353 12.0643
29.5155 31.0063 12.0793
29.4387 31.0715 12.092
29.3668 31.1323 12.103
29.2982 31.1899 12.1126
29.2318 31.2454 12.121
29.1667 31.2995 12.1284
29.1018 31.3531 12.1349
29.0362 31.407 12.1406
28.9689 31.4619 12.1456
28.8989 31.5188 12.1498
28.8251 31.5784 12.1532
28.7458 31.642 12.1558
28.6594 31.7108 12.1573
28.5635 31.7868 12.1576
28.4549 31.8721 12.1562
28.4549 31.8721 12.1562
28.395 31.9455 12.1587
28.3352 32.019 12.1603
28.3352 32.019 12.1603
28.3267 32.1444 12.1753
28.3152 32.2506 12.1862
28.3015 32.3447 12.1944
28.2861 32.432 12.2008
28.2685 32.5168 12.206
28.2483 32.603 12.2102
28.224 32.6947 12.2136
28.194 32.7974 12.2161
28.1547 32.9188 12.2176
28.1547 32.9188 12.2176
28.2203 33.0356 12.2327
28.2738 33.1288 12.2438
28.3205 33.2088 12.2526
28.3638 33.2819 12.2602
28.4064 33.3528 12.2669
28.4506 33.4254 12.2733
28.4995 33.5043 12.2796
28.5569 33.5957 12.2861
28.6295 33.7091 12.293
28.6295 33.7091 12.293
28.7669 33.7433 12.306
28.8852 33.7721 12.316
28.9901 33.7971 12.3239
29.0857 33.8195 12.3302
29.175 33.84 12.3354
29.2605 33.8593 12.3397
29.3443 33.8778 12.3433
29.4281 33.8959 12.3462
29.514 33.9141 12.3485
29.604 33.9328 12.3501
29.7005 33.9524 12.351
29.8067 33.9734 12.351
29.9266 33.9964 12.3498
30.0661 34.0224 12.3468
30.9737 31.8326 12.187
30.8204 31.9062 12.2175
30.692 31.968 12.2419
28.547 33.1675 12.2808
28.6978 33.0734 12.2969
28.825 32.9942 12.3097
28.6227 33.2908 12.2923
28.7642 33.1803 12.307
28.8833 33.0873 12.3186
30.9928 31.9016 12.1955
30.8383 31.9665 12.2247
30.7086 32.0211 12.248
30.5969 32.0681 12.267
30.9324 31.6932 12.1685
30.7811 31.7854 12.202
30.6552 31.8623 12.2288
30.5476 31.9281 12.2505
30.5037 31.2729 12.1252
30.4052 31.4163 12.1637
30.3232 31.5362 12.1947
30.253 31.6391 12.2201
30.365 31.2015 12.1179
30.2837 31.3533 12.157
30.2159 31.4805 12.1885
30.1579 31.5896 12.2145
30.2258 31.1232 12.1062
30.1608 31.2866 12.1472
30.1067 31.4231 12.1802
30.0605 31.5399 12.2074
29.4057 31.2848 12.1404
29.439 31.4146 12.1714
29.4681 31.5272 12.1974
29.4939 31.6267 12.2196
29.2848 31.3803 12.1546
29.3306 31.4965 12.1828
29.3708 31.5982 12.2067
29.4067 31.6887 12.2272
29.1683 31.4738 12.166
29.2261 31.5784 12.1921
29.2771 31.6705 12.2145
29.3227 31.7527 12.2337
29.0499 31.5702 12.175
29.1204 31.6643 12.1999
29.1827 31.7473 12.2212
29.2385 31.8214 12.2395
28.5575 32.0075 12.1901
28.6947 32.0598 12.2159
28.813 32.1047 12.2373
28.9165 32.1441 12.2553
28.465 32.4337 12.2271
28.6159 32.435 12.2484
28.7455 32.4362 12.266
28.8587 32.4372 12.2807
28.4365 32.5825 12.236
28.5941 32.5654 12.2567
28.7287 32.5508 12.2737
28.8457 32.5381 12.2878
28.5097 33.1044 12.2743
28.6654 33.0185 12.2913
28.7967 32.9462 12.3048
28.9094 32.8841 12.3157
29.1666 33.6397 12.3409
29.2341 33.49 12.3489
29.2917 33.3627 12.355
29.3416 33.2525 12.3595
29.3177 33.6771 12.349
29.3656 33.5249 12.356
29.4066 33.3949 12.3612
29.4424 33.2821 12.3649
29.4634 33.7103 12.3547
29.4931 33.5549 12.3611
29.5186 33.4222 12.3657
29.5409 33.3068 12.369
29.6168 33.742 12.3584
29.6276 33.5826 12.3645
29.637 33.4466 12.3689
29.6453 33.3284 12.372
30.3355 33.5781 12.3549
30.2603 33.4433 12.3621
30.1962 33.3279 12.3674
30.1403 33.2273 12.3713
30.091 33.1381 12.3739
30.4687 33.455 12.3499
30.38 33.3379 12.3576
30.3037 33.237 12.3634
30.2371 33.1486 12.3677
30.1778 33.0699 12.3707
30.5879 33.3262 12.3427
30.4873 33.226 12.3512
30.4005 33.1394 12.3577
30.3243 33.0632 12.3626
30.2564 32.9951 12.3662
30.6949 33.191 12.3332
30.5836 33.1073 12.3429
30.4874 33.0347 12.3504
30.4027 32.9708 12.3561
30.327 32.9136 12.3605
30.7907 33.0479 12.3214
30.6694 32.9807 12.3326
30.5645 32.9225 12.3413
30.4722 32.8711 12.3482
30.3896 32.8251 12.3536
30.8757 32.8956 12.3071
30.7449 32.8454 12.3202
30.6319 32.8019 12.3305
30.5326 32.7636 12.3387
30.4438 32.7294 12.3453
31.0119 31.9744 12.204
30.8561 32.0303 12.2319
30.7249 32.0774 12.2542
30.6118 32.1181 12.2724
30.5124 32.1539 12.2875
30.8788 31.5282 12.1441
30.7295 31.6443 12.1822
30.6064 31.74 12.2123
30.5021 31.8214 12.2367
30.4116 31.892 12.2567
30.6562 31.3443 12.1287
30.5369 31.4814 12.1678
30.4381 31.5953 12.199
30.354 31.6925 12.2244
30.2808 31.7772 12.2455
30.0714 31.0284 12.0882
30.024 31.2089 12.1328
29.985 31.3584 12.1685
29.952 31.4855 12.1977
29.9236 31.596 12.2221
29.6114 31.1253 12.1111
29.6222 31.2827 12.1487
29.6316 31.4164 12.1796
29.6398 31.5324 12.2055
29.6473 31.6348 12.2275
29.4699 31.2346 12.132
29.4964 31.3724 12.1647
29.5195 31.4913 12.1921
29.5399 31.5957 12.2154
29.5582 31.6889 12.2353
28.9231 31.675 12.182
29.0082 31.7587 12.2062
29.0833 31.8325 12.2269
29.1505 31.8984 12.2447
29.2113 31.9578 12.2602
28.4773 32.3572 12.2213
28.6257 32.3678 12.2432
28.7534 32.3769 12.2613
28.8651 32.3848 12.2765
28.9642 32.3919 12.2894
28.3976 32.7498 12.2425
28.5659 32.7106 12.2633
28.7082 32.6774 12.2802
28.8307 32.6489 12.294
28.9381 32.6239 12.3053
28.4698 33.0351 12.2668
28.6311 32.958 12.2848
28.7669 32.8932 12.2992
28.8835 32.8377 12.3108
28.9853 32.7892 12.3202
28.7165 33.4355 12.3037
28.8472 33.3046 12.3173
28.9568 33.195 12.3278
29.0506 33.1012 12.336
29.1323 33.0197 12.3424
29.0846 33.6181 12.3355
29.1632 33.4696 12.3443
29.23 33.3436 12.351
29.2878 33.2348 12.3561
29.3387 33.1393 12.3599
29.7932 33.7745 12.3598
29.7822 33.6093 12.3661
29.773 33.469 12.3707
29.7651 33.3476 12.3738
29.7584 33.2408 12.3759
30.1042 33.7536 12.3577
30.0541 33.5898 12.3649
30.0119 33.4514 12.3701
29.9756 33.332 12.3737
29.944 33.2273 12.3761
29.9159 33.134 12.3776
30.263 33.6378 12.3565
30.1954 33.4937 12.3636
30.138 33.3708 12.3688
30.0882 33.264 12.3725
30.0443 33.1696 12.375
30.0051 33.085 12.3765
30.9497 32.7323 12.2901
30.8095 32.7 12.3055
30.6889 32.6722 12.3177
30.5832 32.6478 12.3276
30.489 32.626 12.3356
30.4037 32.6062 12.342
31.0117 32.5561 12.2698
30.8622 32.5434 12.2882
30.7344 32.5326 12.3029
30.6228 32.5231 12.3148
30.5238 32.5146 12.3244
30.4345 32.507 12.3323
31.0601 32.365 12.246
30.9012 32.3744 12.2681
30.7665 32.3823 12.2857
30.6498 32.3892 12.3
30.5468 32.3952 12.3117
30.4542 32.4007 12.3213
31.032 32.0548 12.2127
30.8743 32.101 12.2394
30.7414 32.14 12.2608
30.6267 32.1737 12.2782
30.5258 32.2033 12.2925
30.4355 32.23 12.3045
30.7433 31.382 12.1287
30.6109 31.5167 12.1687
30.5019 31.6279 12.2004
30.4095 31.7223 12.2261
30.3294 31.8043 12.2474
30.2586 31.877 12.2652
29.882 30.9826 12.0793
29.8585 31.1711 12.1254
29.8393 31.3268 12.1622
29.8233 31.459 12.1924
29.8095 31.5738 12.2175
29.7975 31.6753 12.2388
29.6917 31.0641 12.098
29.6929 31.234 12.1389
29.694 31.3767 12.1721
29.6952 31.4996 12.1997
29.6964 31.6073 12.223
29.6976 31.7034 12.2429
28.7796 31.7953 12.1865
28.8833 31.868 12.2109
28.9742 31.9316 12.2315
29.0549 31.9881 12.2492
29.1276 32.0389 12.2645
29.1938 32.085 12.2778
28.4887 32.2748 12.2141
28.6352 32.2953 12.2369
28.7614 32.3129 12.2557
28.8719 32.3283 12.2716
28.9699 32.3419 12.285
29.058 32.3541 12.2964
28.9953 33.5936 12.3289
29.0865 33.4462 12.3387
29.1636 33.3216 12.3462
29.2301 33.2144 12.352
29.2884 33.1206 12.3563
29.3403 33.0373 12.3595
28.6075 31.9421 12.1875
28.7369 32.0013 12.2132
28.8489 32.0525 12.2346
28.9472 32.0974 12.2528
29.0348 32.1374 12.2683
29.1138 32.1734 12.2816
29.1859 32.2061 12.2932
28.4991 32.182 12.2048
28.6446 32.2137 12.2288
28.7697 32.2409 12.2487
28.8791 32.2647 12.2655
28.9762 32.2857 12.2797
29.0635 32.3046 12.2918
29.1428 32.3218 12.3023
28.4248 32.9542 12.2574
28.5926 32.8874 12.2768
28.7338 32.8313 12.2923
28.8548 32.7833 12.3048
28.9604 32.7414 12.315
29.0539 32.7044 12.3234
29.1378 32.6712 12.3303
28.8956 33.565 12.3207
29.0014 33.4187 12.3318
29.0904 33.2957 12.3404
29.1668 33.1903 12.347
29.2336 33.0984 12.352
29.2928 33.0171 12.3559
29.3459 32.9442 12.3587
30.017 33.8097 12.3572
29.977 33.6353 12.3646
29.9435 33.4888 12.37
29.9149 33.3631 12.3737
29.8901 33.2532 12.3762
29.8682 33.1556 12.3776
29.8486 33.0678 12.3782
31.0538 32.1483 12.2221
30.8937 32.1834 12.2476
30.7586 32.2131 12.268
30.642 32.2387 12.2845
30.5394 32.2612 12.2982
30.4475 32.2815 12.3095
30.3639 32.2999 12.3189
30.2868 32.317 12.3268
30.908 31.6161 12.1574
30.7577 31.7192 12.193
30.6331 31.8047 12.2212
30.527 31.8777 12.2441
30.4347 31.9413 12.2631
30.3527 31.998 12.2789
30.2787 32.0492 12.2923
30.2109 32.0962 12.3037
30.1478 32.14 12.3134
30.2963 31.1637 12.1127
30.2231 31.3208 12.1525
30.1621 31.4523 12.1847
30.11 31.5651 12.2112
30.0645 31.6639 12.2334
30.0241 31.752 12.2522
29.9876 31.8318 12.2685
29.9542 31.9053 12.2825
29.9233 31.9737 12.2948
29.2264 31.427 12.1606
29.2782 31.5372 12.1877
29.3238 31.634 12.2107
29.3645 31.7203 12.2305
29.4015 31.7981 12.2478
29.4353 31.8692 12.2629
29.4666 31.9349 12.2763
29.4959 31.996 12.2882
29.5235 32.0535 12.2988
28.419 32.6618 12.2395
28.5812 32.6344 12.2602
28.7192 32.6112 12.277
28.8387 32.5911 12.2909
28.9438 32.5734 12.3025
29.0374 32.5576 12.3121
29.1219 32.5434 12.3203
29.199 32.5305 12.3271
29.27 32.5186 12.3329
28.6657 33.3582 12.2979
28.8021 33.2383 12.312
28.9168 33.1377 12.323
29.0152 33.0515 12.3317
29.101 32.9764 12.3386
29.177 32.91 12.3441
29.2452 32.8505 12.3484
29.307 32.7966 12.3517
29.3637 32.7473 12.3542
29.3904 33.694 12.3522
29.4292 33.5403 12.3587
29.4624 33.409 12.3636
29.4914 33.2949 12.3671
29.5172 33.1942 12.3695
29.5403 33.1042 12.3711
29.5613 33.0227 12.3719
29.5806 32.9482 12.3721
29.5985 32.8794 12.3718
29.7009 33.758 12.3595
29.7014 33.596 12.3656
29.7019 33.458 12.37
29.7026 33.3383 12.3731
29.7032 33.2328 12.3751
29.7039 33.1386 12.3762
29.7047 33.0534 12.3766
29.7055 32.9754 12.3764
29.7063 32.9034 12.3756
30.186 33.6963 12.3574
30.1268 33.5426 12.3645
30.0766 33.412 12.3697
30.0333 33.299 12.3733
29.9953 33.1994 12.3757
29.9615 33.1104 12.3772
29.931 33.0298 12.3778
29.9032 32.956 12.3777
29.8776 32.8876 12.377
29.8537 32.8237 12.3758
30.5299 33.3913 12.3466
30.4351 33.2828 12.3547
30.3534 33.1891 12.3608
30.2818 33.1068 12.3653
30.2181 33.0333 12.3686
30.1607 32.967 12.3709
30.1082 32.9063 12.3723
30.0598 32.8501 12.373
30.0146 32.7976 12.373
29.9722 32.748 12.3724
30.7441 33.1205 12.3276
30.6278 33.045 12.338
30.5271 32.9796 12.3461
30.4385 32.9219 12.3524
30.3593 32.8702 12.3572
30.2875 32.8233 12.3609
30.2217 32.7803 12.3636
30.1607 32.7402 12.3655
30.1036 32.7027 12.3665
30.0495 32.667 12.367
30.9141 32.8154 12.299
30.7786 32.774 12.3131
30.6618 32.7383 12.3244
30.5592 32.7068 12.3334
30.4676 32.6787 12.3406
30.3847 32.6531 12.3464
30.3086 32.6297 12.351
30.238 32.6079 12.3545
30.1718 32.5874 12.3572
30.1091 32.5679 12.3591
30.4335 31.2376 12.122
30.344 31.3849 12.1607
30.2692 31.5083 12.1918
30.2052 31.6141 12.2175
30.1493 31.7069 12.2389
30.0996 31.7897 12.2571
30.0546 31.8649 12.2728
30.0134 31.934 12.2863
29.9751 31.9985 12.2981
29.939 32.0594 12.3085
28.988 31.6212 12.1788
29.0655 31.7101 12.2032
29.1339 31.7885 12.2241
29.1952 31.8586 12.2422
29.2507 31.922 12.2579
29.3016 31.98 12.2717
29.3487 32.0334 12.2839
29.3926 32.0833 12.2947
29.4339 32.13 12.3044
29.4731 32.1743 12.3131
31.0377 32.4626 12.2584
30.8835 32.4605 12.2785
30.7522 32.4588 12.2946
30.638 32.4573 12.3076
30.5369 32.4559 12.3182
30.4459 32.4547 12.327
30.3627 32.4536 12.3341
30.2858 32.4525 12.34
30.2139 32.4515 12.3447
30.1457 32.4506 12.3485
30.0806 32.4497 12.3515
29.9823 30.9701 12.0754
29.9454 31.1627 12.1229
29.9153 31.321 12.1607
29.89 31.4548 12.1914
29.8683 31.5706 12.2169
29.8494 31.6727 12.2385
29.8325 31.7645 12.2569
29.8173 31.8482 12.2729
29.8034 31.9256 12.2867
29.7905 31.998 12.299
29.7784 32.0668 12.3097
28.6982 31.8645 12.1875
28.8135 31.9309 12.2124
28.914 31.9887 12.2333
29.0029 32.0398 12.2511
29.0826 32.0855 12.2665
29.1548 32.1268 12.2798
29.221 32.1647 12.2914
29.2822 32.1996 12.3016
29.3393 32.2322 12.3106
29.393 32.2628 12.3185
29.444 32.2917 12.3256
30.5772 31.3082 12.1275
30.469 31.4483 12.1661
30.379 31.565 12.197
30.3022 31.665 12.2224
30.2353 31.7523 12.2435
30.1757 31.8302 12.2614
30.122 31.9007 12.2766
30.0727 31.9656 12.2898
30.027 32.026 12.3012
29.9839 32.083 12.3112
29.9429 32.1375 12.32
29.9035 32.1901 12.3277
29.5381 31.1817 12.1223
29.5572 31.3286 12.1572
29.5737 31.4545 12.1862
29.5883 31.5644 12.2107
29.6014 31.662 12.2316
29.6134 31.75 12.2496
29.6244 31.8303 12.2654
29.6348 31.9046 12.2793
29.6445 31.9739 12.2915
29.6539 32.0394 12.3025
29.6629 32.1018 12.3123
29.6717 32.1618 12.3211
29.5383 33.7262 12.3568
29.5588 33.5689 12.363
29.5764 33.4346 12.3675
29.5919 33.3179 12.3706
29.6056 33.2149 12.3727
29.618 33.1227 12.374
29.6294 33.0393 12.3745
29.6399 32.963 12.3745
29.6496 32.8925 12.3739
29.6588 32.8267 12.3728
29.6676 32.7649 12.3712
29.676 32.7063 12.3693
30.6428 33.2595 12.3383
30.5368 33.1676 12.3473
30.4452 33.088 12.3542
30.3646 33.0179 12.3596
30.2927 32.9552 12.3636
30.2277 32.8984 12.3665
30.1681 32.8463 12.3684
30.113 32.7979 12.3696
30.0615 32.7526 12.3701
30.0129 32.7098 12.37
29.9666 32.6689 12.3693
29.9222 32.6296 12.368
29.8792 32.5914 12.3662
30.8419 31.4222 12.1272
30.6935 31.5549 12.1686
30.5722 31.6636 12.2012
30.4702 31.7552 12.2274
30.3821 31.8344 12.249
30.3046 31.9044 12.2669
30.235 31.9673 12.2821
30.1716 32.0248 12.295
30.1129 32.0781 12.3061
30.0579 32.1282 12.3157
30.0056 32.176 12.324
29.9554 32.222 12.3311
29.9066 32.2668 12.3373
29.7811 30.9966 12.0826
29.7708 31.1815 12.1275
29.7624 31.3349 12.1636
29.7555 31.4655 12.1932
29.7497 31.5791 12.218
29.7447 31.6798 12.2391
29.7403 31.7706 12.2571
29.7365 31.8535 12.2728
29.7331 31.9303 12.2866
29.73 32.0023 12.2987
29.7272 32.0706 12.3094
29.7247 32.136 12.319
29.7224 32.1994 12.3276
29.1097 31.5214 12.1708
29.1737 31.6206 12.1962
29.2302 31.7081 12.2179
29.2809 31.7863 12.2367
29.3268 31.857 12.2531
29.3689 31.9217 12.2674
29.4079 31.9815 12.2801
29.4444 32.0372 12.2915
29.4788 32.0896 12.3016
29.5115 32.1392 12.3107
29.5427 32.1866 12.3188
29.5729 32.2322 12.3262
29.6022 32.2763 12.3329
28.3704 32.8528 12.2448
28.5469 32.7989 12.2661
28.6948 32.7537 12.2831
28.8214 32.7151 12.297
28.9316 32.6815 12.3083
29.029 32.6518 12.3176
29.1163 32.6253 12.3253
29.1954 32.6013 12.3318
29.2678 32.5793 12.3371
29.3348 32.559 12.3415
29.3974 32.54 12.3451
29.4562 32.5222 12.3479
29.512 32.5054 12.3502
28.7811 33.5306 12.3101
28.9046 33.3855 12.3231
29.0078 33.2644 12.333
29.0959 33.1612 12.3408
29.1725 33.0716 12.3467
29.24 32.9927 12.3513
29.3005 32.9223 12.3548
29.3552 32.8586 12.3574
29.4054 32.8004 12.3592
29.4517 32.7466 12.3603
29.4949 32.6966 12.3608
29.5356 32.6496 12.3607
29.5743 32.6052 12.3602
30.404 33.5172 12.3527
30.3218 33.3914 12.3601
30.2514 33.2833 12.3656
30.1899 33.1888 12.3696
30.1355 33.1049 12.3724
30.0866 33.0292 12.3743
30.0421 32.9603 12.3752
30.0012 32.8967 12.3755
29.9632 32.8375 12.3751
29.9276 32.7818 12.3742
29.8939 32.7289 12.3728
29.8618 32.6783 12.3708
29.8309 32.6295 12.3684
29.8009 32.5821 12.3655
30.9822 32.6459 12.2804
30.8374 32.6232 12.2972
30.7132 32.6037 12.3106
30.6045 32.5866 12.3214
30.5078 32.5713 12.3302
30.4204 32.5575 12.3373
30.3404 32.5448 12.3431
30.2662 32.533 12.3477
30.1966 32.522 12.3514
30.1307 32.5114 12.3541
30.0677 32.5014 12.3561
30.0068 32.4916 12.3574
29.9474 32.4821 12.358
29.889 32.4727 12.3579
30.9538 31.7642 12.1781
30.8016 31.8467 12.2101
30.6745 31.9159 12.2355
30.5655 31.9752 12.2563
30.4701 32.0272 12.2735
30.3851 32.0737 12.2878
30.3081 32.1158 12.3
30.2373 32.1547 12.3103
30.1712 32.191 12.3191
30.1089 32.2253 12.3266
30.0495 32.2581 12.333
29.9921 32.2899 12.3385
29.9361 32.3209 12.3431
29.8809 32.3516 12.3469
28.5082 32.0728 12.1922
28.6537 32.118 12.2181
28.7784 32.1567 12.2396
28.8873 32.1904 12.2576
28.9837 32.2203 12.2729
29.0702 32.247 12.286
29.1487 32.2712 12.2973
29.2207 32.2934 12.307
29.2874 32.314 12.3155
29.3497 32.3331 12.3229
29.4085 32.3511 12.3294
29.4642 32.3682 12.3351
29.5175 32.3845 12.34
29.5688 32.4001 12.3443
30.8345 32.973 12.3146
30.7085 32.9142 12.3266
30.5995 32.8633 12.3361
30.5035 32.8184 12.3437
30.4178 32.7782 12.3496
30.3401 32.7417 12.3543
30.2688 32.7081 12.3578
30.2026 32.6769 12.3604
30.1406 32.6476 12.3623
30.0818 32.6198 12.3633
30.0256 32.5931 12.3638
29.9715 32.5674 12.3636
29.9189 32.5423 12.3628
29.8673 32.5177 12.3614
29.8163 32.4933 12.3595
29.3443 31.3331 12.148
29.384 31.4558 12.1774
29.4187 31.5628 12.2023
29.4496 31.6576 12.2235
29.4776 31.7428 12.242
29.5031 31.8203 12.258
29.5267 31.8917 12.2722
29.5487 31.958 12.2848
29.5696 32.0203 12.296
29.5894 32.0793 12.306
29.6084 32.1356 12.3151
29.6268 32.1898 12.3232
29.6447 32.2424 12.3306
29.6624 32.2938 12.3373
29.6798 32.3443 12.3434
28.4516 32.5076 12.2319
28.6055 32.4999 12.2528
28.7374 32.4933 12.2701
28.8523 32.4876 12.2844
28.954 32.4825 12.2964
29.0451 32.4779 12.3066
29.1276 32.4738 12.3153
29.2032 32.47 12.3227
29.273 32.4665 12.329
29.3381 32.4632 12.3344
29.3992 32.4602 12.339
29.4571 32.4573 12.3428
29.5123 32.4545 12.3461
29.5652 32.4519 12.3488
29.6163 32.4493 12.351
29.2436 33.6592 12.3453
29.301 33.5083 12.3527
29.3501 33.3796 12.3583
29.3928 33.2681 12.3624
29.4305 33.1698 12.3654
29.4642 33.0821 12.3674
29.4948 33.0028 12.3687
29.5229 32.9305 12.3693
29.5488 32.8637 12.3693
29.573 32.8017 12.3688
29.5958 32.7435 12.3678
29.6175 32.6885 12.3665
29.6382 32.6361 12.3647
29.6581 32.5859 12.3625
29.6773 32.5375 12.36
31.0785 32.2633 12.2325
30.9148 32.2849 12.2568
30.7768 32.3031 12.2762
30.6579 32.3188 12.2918
30.5532 32.3326 12.3047
30.4594 32.345 12.3153
30.3742 32.3563 12.324
30.2956 32.3668 12.3313
30.2223 32.3765 12.3373
30.153 32.3857 12.3423
30.0868 32.3946 12.3462
30.0228 32.4031 12.3494
29.9605 32.4114 12.3517
29.8991 32.4197 12.3533
29.838 32.4278 12.3542
29.7767 32.4361 12.3544
30.1516 31.0787 12.0982
30.095 31.2497 12.1407
30.0481 31.392 12.1749
30.0083 31.5136 12.2029
29.9738 31.6196 12.2264
29.9432 31.7139 12.2463
29.9158 31.7991 12.2634
29.8907 31.8772 12.2782
29.8676 31.9498 12.2912
29.846 32.0181 12.3026
29.8256 32.0831 12.3127
29.806 32.1456 12.3217
29.7872 32.2064 12.3297
29.7688 32.2661 12.3368
29.7507 32.3253 12.3432
29.7327 32.3845 12.3489
28.8541 31.7326 12.1846
28.9478 31.811 12.2088
29.0303 31.8799 12.2293
29.1039 31.9413 12.247
29.1704 31.9966 12.2624
29.231 32.047 12.2758
29.2869 32.0933 12.2876
29.339 32.1364 12.2981
29.3878 32.1767 12.3074
29.4339 32.2148 12.3157
29.4779 32.251 12.3231
29.52 32.2856 12.3297
29.5607 32.319 12.3357
29.6003 32.3513 12.3411
29.639 32.3829 12.3458
29.677 32.4139 12.3501
28.584 33.2285 12.2867
28.7302 33.1264 12.3021
28.8533 33.0404 12.3142
28.9591 32.9666 12.3239
29.0516 32.9023 12.3317
29.1335 32.8453 12.338
29.2071 32.7942 12.343
29.2739 32.7479 12.347
29.3352 32.7054 12.3501
29.3919 32.6662 12.3525
29.445 32.6295 12.3542
29.4949 32.5951 12.3553
29.5423 32.5625 12.3559
29.5876 32.5314 12.3561
29.6312 32.5015 12.3558
29.6734 32.4726 12.355
29.897 33.7916 12.3592
29.8728 33.6224 12.3659
29.8525 33.4794 12.3707
29.8351 33.356 12.3741
29.82 33.2477 12.3763
29.8066 33.1513 12.3775
29.7947 33.0643 12.378
29.7839 32.9849 12.3777
29.7741 32.9116 12.3769
29.765 32.8434 12.3756
29.7566 32.7792 12.3738
29.7487 32.7184 12.3715
29.7413 32.6602 12.3688
29.7342 32.6042 12.3657
29.7275 32.5498 12.3622
29.7209 32.4967 12.3583
30.017 33.8097 12.3572
29.977 33.6353 12.3646
29.9435 33.4888 12.37
29.9149 33.3631 12.3737
29.8901 33.2532 12.3762
29.8682 33.1556 12.3776
29.8486 33.0678 12.3782
29.8309 32.9878 12.3781
29.8146 32.9141 12.3774
29.7996 32.8455 12.3761
29.7857 32.781 12.3743
29.7725 32.7199 12.372
29.76 32.6615 12.3692
29.7481 32.6052 12.3661
29.7366 32.5506 12.3625
29.7255 32.4971 12.3584
29.7146 32.4444 12.3539
29.7146 32.4444 12.3539
28.6295 33.7091 12.293
28.6295 33.7091 12.293
28.6163 33.7146 12.308
28.6295 33.7091 12.293
28.6295 33.7091 12.293
28.5569 33.5957 12.2861
28.4995 33.5043 12.2796
28.4506 33.4254 12.2733
28.4064 33.3528 12.2669
28.3638 33.2819 12.2602
28.3205 33.2088 12.2526
28.2738 33.1288 12.2438
28.2203 33.0356 12.2327
28.1547 32.9188 12.2176
28.1547 32.9188 12.2176
28.1597 33.0349 12.2853
28.1621 33.132 12.3437
28.1627 33.2168 12.3959
28.162 33.2937 12.4443
28.1604 33.3662 12.4908
28.1578 33.437 12.5371
28.1543 33.5086 12.5847
28.1496 33.5836 12.6355
28.1433 33.6652 12.6917
28.1348 33.7576 12.7567
28.1229 33.867 12.8351
28.2121 33.8367 12.7381
28.2781 33.8151 12.6669
28.3342 33.7974 12.6067
28.3875 33.781 12.5498
28.444 33.7643 12.4899
28.5111 33.7451 12.4191
28.6031 33.7202 12.3231
28.6031 33.7202 12.3231
28.6031 33.7202 12.3231
28.5305 33.7716 12.4439
28.4753 33.8084 12.5315
28.4282 33.8384 12.6036
28.3841 33.8654 12.6693
28.339 33.8921 12.7347
28.2888 33.9207 12.8055
28.2272 33.9546 12.8902
28.1413 33.9997 13.0041
28.1331 33.9334 12.9194
28.1229 33.867 12.8351
28.1229 33.867 12.8351
28.2121 33.8367 12.7381
28.2781 33.8151 12.6669
28.3342 33.7974 12.6067
28.3875 33.781 12.5498
28.444 33.7643 12.4899
28.5111 33.7451 12.4191
28.6031 33.7202 12.3231
28.414 33.835 12.608
28.347 33.875 12.7061
28.3016 33.8175 12.6553
28.3833 33.7918 12.5676
28.4915 33.7844 12.4874
28.4519 33.7975 12.5314
28.3807 33.8552 12.6573
28.3774 33.845 12.6453
28.2645 33.9205 12.8205
28.3008 33.8876 12.7526
28.1958 33.9043 12.841
28.2562 33.8766 12.7655
28.2529 33.8335 12.7082
28.2929 33.8304 12.6787
28.4259 33.7791 12.5224
28.4077 33.7941 12.5551
28.5467 33.7451 12.3958
28.4894 33.7707 12.4695
28.4496 33.8123 12.5536
28.4236 33.8164 12.576
28.3973 33.8204 12.5985
28.3098 33.896 12.7585
28.3304 33.8718 12.7122
28.3507 33.848 12.6664
28.2024 33.9525 12.9026
28.2608 33.9078 12.8055
28.3167 33.8653 12.7119
28.1879 33.8556 12.7792
28.2508 33.8448 12.7251
28.3116 33.8345 12.6725
28.3433 33.8042 12.6104
28.3525 33.811 12.614
28.3616 33.8178 12.6177
28.4768 33.7644 12.4687
28.442 33.784 12.5189
28.4067 33.8041 12.5697
28.5467 33.7451 12.3958
28.4894 33.7707 12.4695
28.4308 33.7972 12.5445
28.3707 33.8246 12.6213
28.3707 33.8246 12.6213
28.3352 32.019 12.1603
28.3352 32.019 12.1603
28.395 31.9455 12.1587
28.4549 31.8721 12.1562
28.4549 31.8721 12.1562
28.5095 31.7878 12.2433
28.5595 31.7111 12.3198
28.6062 31.6401 12.3882
28.6505 31.5732 12.4504
28.6933 31.5092 12.5079
28.7352 31.447 12.5615
28.7769 31.3857 12.6124
28.8188 31.3244 12.6611
28.8616 31.2624 12.7083
28.9058 31.1988 12.7545
28.9522 31.1327 12.8002
29.0014 31.063 12.8458
29.0543 30.9887 12.8918
29.112 30.9084 12.9386
29.1759 30.8203 12.9865
29.2475 30.7222 13.0363
29.2475 30.7222 13.0363
29.2108 30.7434 13.1588
29.1842 30.7577 13.2537
29.1618 30.7688 13.3379
29.1405 30.7785 13.4226
29.1178 30.7877 13.5192
29.0903 30.7969 13.6455
29.0641 30.8509 13.5347
29.0371 30.9042 13.4321
29.0093 30.9572 13.3366
28.9808 31.0099 13.2473
28.9514 31.0625 13.1632
28.9213 31.1153 13.0837
28.8902 31.1684 13.0082
28.8583 31.2219 12.9361
28.8253 31.2761 12.8668
28.7912 31.3313 12.7999
28.7559 31.3876 12.7349
28.7191 31.4454 12.6714
28.6807 31.505 12.6088
28.6404 31.5668 12.5469
28.5979 31.6313 12.4851
28.5528 31.6991 12.4229
28.5047 31.7709 12.36
28.4528 31.8474 12.2957
28.3967 31.9297 12.2293
28.3352 32.019 12.1603
28.4549 31.8721 12.1562
28.4549 31.8721 12.1562
28.5095 31.7878 12.2433
28.5595 31.7111 12.3198
28.6062 31.6401 12.3882
28.6505 31.5732 12.4504
28.6933 31.5092 12.5079
28.7352 31.447 12.5615
28.7769 31.3857 12.6124
28.8188 31.3244 12.6611
28.8616 31.2624 12.7083
28.9058 31.1988 12.7545
28.9522 31.1327 12.8002
29.0014 31.063 12.8458
29.0543 30.9887 12.8918
29.112 30.9084 12.9386
29.1759 30.8203 12.9865
29.2475 30.7222 13.0363
29.2475 30.7222 13.0363
29.315 30.7288 12.9213
29.3731 30.7312 12.8252
29.4251 30.7311 12.7412
29.4736 30.7291 12.6644
29.5206 30.7256 12.5913
29.568 30.7207 12.5188
29.6179 30.7141 12.4437
29.6726 30.7055 12.3625
29.7356 30.6939 12.2705
29.8119 30.6778 12.1607
29.8034 30.7222 12.0928
29.7942 30.7668 12.0251
29.7942 30.7668 12.0251
29.6906 30.8563 12.0466
29.5987 30.9353 12.0643
29.5155 31.0063 12.0793
29.4387 31.0715 12.092
29.3668 31.1323 12.103
29.2982 31.1899 12.1126
29.2318 31.2454 12.121
29.1667 31.2995 12.1284
29.1018 31.3531 12.1349
29.0362 31.407 12.1406
28.9689 31.4619 12.1456
28.8989 31.5188 12.1498
28.8251 31.5784 12.1532
28.7458 31.642 12.1558
28.6594 31.7108 12.1573
28.5635 31.7868 12.1576
28.4549 31.8721 12.1562
29.7083 30.7914 12.1381
29.6204 30.8547 12.1798
28.7789 31.4198 12.5448
28.8221 31.3926 12.5281
28.865 31.3653 12.5115
28.8519 31.3111 12.6341
28.885 31.2976 12.607
28.9182 31.284 12.5798
29.4323 30.7865 12.6339
29.3921 30.8419 12.6043
29.3526 30.8955 12.5754
29.5135 30.7812 12.5053
29.4608 30.8391 12.4924
29.4098 30.8946 12.4799
29.6017 30.7713 12.3689
29.5344 30.8331 12.3749
29.47 30.8916 12.3806
29.3368 31.1406 12.1411
29.3076 31.1486 12.1779
29.2793 31.1562 12.2137
29.2187 31.2397 12.1559
29.2059 31.2341 12.1901
29.1933 31.2285 12.2234
29.1044 31.3346 12.1678
29.1069 31.3165 12.2
29.1092 31.2986 12.2316
28.9876 31.4305 12.1773
29.0058 31.3997 12.2084
29.0235 31.3695 12.2387
28.8621 31.5325 12.1847
28.8978 31.4878 12.2152
28.9323 31.4442 12.2448
28.5912 31.7129 12.2652
28.6676 31.6419 12.2857
28.7398 31.5739 12.3052
28.8085 31.5083 12.3239
28.6696 31.588 12.391
28.7306 31.5372 12.3936
28.7896 31.4875 12.3962
28.8471 31.4386 12.3986
28.7429 31.4744 12.4968
28.7916 31.4399 12.4859
28.8395 31.4056 12.4751
28.8869 31.3714 12.4644
28.9292 31.199 12.7179
28.9526 31.1991 12.6811
28.9761 31.1991 12.644
28.9998 31.1989 12.6065
29.0149 31.0779 12.7993
29.0282 31.0927 12.7526
29.0415 31.1074 12.7057
29.0547 31.1221 12.6583
29.1142 30.9412 12.8804
29.116 30.9734 12.8227
29.1176 31.0053 12.7653
29.1188 31.0369 12.7077
29.3448 30.7872 12.7765
29.317 30.8415 12.7291
29.2894 30.8942 12.6826
29.2619 30.9459 12.6368
29.7161 30.7531 12.1962
29.6274 30.8219 12.2289
29.5446 30.8855 12.2591
29.4666 30.9446 12.2875
29.6138 30.9042 12.0966
29.5419 30.9487 12.1432
29.4739 30.9902 12.1871
29.4094 31.0291 12.2285
29.4654 31.0315 12.122
29.4173 31.0554 12.1628
29.3712 31.0782 12.2019
29.3266 31.0999 12.2395
28.7197 31.6467 12.1896
28.7768 31.5854 12.2204
28.8312 31.5263 12.2498
28.8832 31.4689 12.2782
28.5485 31.7825 12.1911
28.6344 31.6989 12.2233
28.7143 31.6201 12.2534
28.7893 31.545 12.2819
29.2346 30.7797 12.9629
29.2216 30.835 12.8918
29.2086 30.8885 12.8223
29.1952 30.9407 12.754
29.1815 30.9921 12.6861
28.6313 31.6485 12.3312
28.6995 31.5883 12.3421
28.7648 31.5299 12.3525
28.8277 31.473 12.3626
28.8886 31.417 12.3725
28.9481 31.3618 12.3821
28.8898 31.2558 12.6765
28.9181 31.2491 12.6445
28.9464 31.2422 12.6123
28.9749 31.2351 12.5798
29.0035 31.2278 12.5469
29.0325 31.2203 12.5136
29.0624 31.012 12.8398
29.0703 31.035 12.7878
29.078 31.0579 12.7357
29.0855 31.0807 12.6833
29.0928 31.1035 12.6305
29.1001 31.1264 12.5769
29.2939 30.785 12.8616
29.273 30.8393 12.8035
29.2521 30.8922 12.7466
29.2312 30.9439 12.6905
29.2101 30.9948 12.6348
29.1887 31.0452 12.5793
29.4729 30.7844 12.5692
29.4266 30.8408 12.5479
29.3813 30.8953 12.5272
29.337 30.9481 12.507
29.2934 30.9996 12.4872
29.2502 31.0499 12.4677
29.6539 30.7637 12.2896
29.5771 30.8285 12.3074
29.5045 30.8891 12.3242
29.4353 30.9462 12.34
29.3689 31.0005 12.3551
29.3047 31.0522 12.3695
29.5364 30.9708 12.1103
29.4772 31.0042 12.1537
29.4208 31.0358 12.195
29.3667 31.0656 12.2343
29.3147 31.094 12.272
29.2644 31.1212 12.3082
29.2769 31.191 12.1489
29.2561 31.192 12.1843
29.2358 31.1929 12.2188
29.2159 31.1937 12.2524
29.1963 31.1944 12.2853
29.1772 31.195 12.3175
29.0467 31.3822 12.1729
29.0569 31.3578 12.2044
29.0668 31.3338 12.2353
29.0765 31.3102 12.2656
29.0859 31.2869 12.2954
29.0951 31.2639 12.3247
28.7937 31.5876 12.1875
28.8394 31.535 12.218
28.8833 31.4841 12.2475
28.9257 31.4343 12.276
28.9667 31.3856 12.3038
29.0066 31.3377 12.331
28.7066 31.5302 12.4458
28.7612 31.488 12.4413
28.8145 31.4462 12.4368
28.8668 31.4048 12.4324
28.9184 31.3635 12.428
28.9694 31.3222 12.4236
29.0201 31.2807 12.4192
28.9707 31.14 12.7588
28.9892 31.1472 12.7171
29.0077 31.1543 12.6751
29.0263 31.1614 12.6327
29.0449 31.1684 12.5897
29.0637 31.1754 12.5461
29.0827 31.1824 12.5017
29.3902 30.7875 12.702
29.356 30.8422 12.6638
29.3223 30.8952 12.6265
29.289 30.9471 12.5898
29.2558 30.9979 12.5536
29.2225 31.0481 12.5178
29.1892 31.0977 12.482
29.6998 30.83 12.0803
29.6126 30.8876 12.131
29.5314 30.9406 12.178
29.4551 30.9898 12.2219
29.3829 31.0357 12.2631
29.314 31.079 12.3023
29.2478 31.1199 12.3396
29.1615 31.2873 12.1622
29.1563 31.2754 12.1953
29.1512 31.2637 12.2277
29.1462 31.2521 12.2595
29.1412 31.2407 12.2906
29.1362 31.2295 12.3213
29.1313 31.2184 12.3514
28.6387 31.7112 12.1909
28.7089 31.6397 12.2222
28.7751 31.5714 12.2519
28.838 31.5056 12.2802
28.8981 31.4419 12.3074
28.9561 31.3795 12.3339
29.0123 31.3181 12.3597
28.5485 31.7825 12.1911
28.6344 31.6989 12.2233
28.7143 31.6201 12.2534
28.7893 31.545 12.2819
28.8604 31.4726 12.309
28.9285 31.4023 12.3352
28.9943 31.3332 12.3606
29.0584 31.2648 12.3855
28.8151 31.3655 12.5903
28.8532 31.3453 12.5683
28.8911 31.3249 12.5462
28.929 31.3043 12.5241
28.967 31.2834 12.5018
29.0051 31.2623 12.4793
29.0435 31.2408 12.4566
29.0822 31.2189 12.4336
29.1711 30.8642 12.9214
29.1661 30.9071 12.8574
29.1609 30.949 12.7942
29.1553 30.9904 12.7313
29.1493 31.0314 12.6685
29.143 31.0723 12.6054
29.1363 31.1132 12.5416
29.1291 31.1546 12.4766
29.5558 30.777 12.4395
29.4963 30.8366 12.4355
29.4389 30.8934 12.4317
29.3833 30.9479 12.4279
29.3292 31.0004 12.4243
29.2762 31.0512 12.4207
29.2241 31.1007 12.4172
29.1726 31.149 12.4137
29.3993 31.0878 12.1322
29.3611 31.1033 12.1708
29.3242 31.1181 12.2081
29.2883 31.1324 12.2442
29.2534 31.1461 12.2792
29.2194 31.1594 12.3132
29.1861 31.1721 12.3463
29.1535 31.1845 12.3786
28.9264 31.4804 12.1813
28.953 31.4429 12.212
28.9789 31.4062 12.2419
29.004 31.3701 12.2711
29.0285 31.3346 12.2998
29.0524 31.2996 12.328
29.0758 31.265 12.3557
29.0988 31.2306 12.3831
29.1214 31.1965 12.4102
29.7942 30.7668 12.0251
29.7942 30.7668 12.0251
29.9116 30.747 12.0201
30.0291 30.728 12.014
29.9196 30.7037 12.0863
29.8119 30.6778 12.1607
29.8119 30.6778 12.1607
29.8034 30.7222 12.0928
29.7942 30.7668 12.0251
31.03 31.2542 12.0727
31.03 31.2542 12.0727
31.115 31.3035 12.1086
31.03 31.2542 12.0727
31.03 31.2542 12.0727
31.0664 31.3828 12.0946
31.0953 31.488 12.1114
31.1197 31.5792 12.1252
31.1416 31.6624 12.1372
31.162 31.7422 12.148
31.182 31.8222 12.1582
31.2025 31.9061 12.1683
31.2245 31.9985 12.1786
31.2491 32.1056 12.1895
31.2781 32.237 12.2014
31.2781 32.237 12.2014
31.3671 32.362 12.2338
31.4407 32.4597 12.2597
31.5045 32.5408 12.2816
31.5618 32.6114 12.3008
31.6149 32.675 12.3183
31.6654 32.7342 12.3348
31.7148 32.7909 12.3507
31.7641 32.8466 12.3664
31.8147 32.9026 12.3823
31.8677 32.9606 12.3989
31.9248 33.022 12.4165
31.988 33.0889 12.4359
32.0602 33.1641 12.4578
32.1454 33.2515 12.4835
32.2505 33.3575 12.5148
32.2505 33.3575 12.5148
32.2099 33.2129 12.507
32.1772 33.0961 12.5002
32.1494 32.9965 12.494
32.1246 32.9077 12.4882
32.1016 32.8252 12.4825
32.0794 32.7457 12.4768
32.0572 32.6662 12.4708
32.0343 32.5838 12.4642
32.0097 32.4952 12.4569
31.9821 32.3959 12.4482
31.9498 32.2793 12.4373
31.9097 32.1346 12.4228
31.9097 32.1346 12.4228
31.8193 32.0266 12.3906
31.7447 31.9394 12.3633
31.6797 31.8645 12.3389
31.62 31.7967 12.3162
31.5626 31.7326 12.2938
31.5047 31.6689 12.2709
31.4437 31.6028 12.2464
31.3763 31.531 12.2187
31.2979 31.4492 12.1858
31.7089 32.747 12.3497
31.7032 32.7036 12.3487
31.6974 32.6609 12.3475
31.7994 32.8461 12.3786
31.7844 32.791 12.3749
31.7696 32.7372 12.3711
31.898 32.9507 12.4096
31.8721 32.8821 12.4028
31.8469 32.8158 12.3959
32.0367 32.701 12.4632
31.9955 32.6579 12.45
31.9557 32.6164 12.4372
31.1993 31.7842 12.1634
31.2368 31.8265 12.1788
31.2746 31.8694 12.194
31.3129 31.9128 12.2092
31.6177 32.6429 12.32
31.6205 32.6109 12.3215
31.6232 32.5791 12.323
31.6259 32.5473 12.3244
32.0176 33.0733 12.4466
31.9771 32.9872 12.4356
31.9384 32.9053 12.4249
31.9014 32.8271 12.4143
32.0973 32.9232 12.4785
32.0477 32.8536 12.4636
32.0004 32.7873 12.4491
31.9551 32.7239 12.4351
32.056 32.7718 12.4683
32.0122 32.7206 12.4545
31.9701 32.6713 12.4412
31.9295 32.6239 12.4281
31.9971 32.556 12.452
31.9609 32.529 12.44
31.9257 32.5028 12.4284
31.8916 32.4773 12.4169
31.1616 31.6351 12.1436
31.2034 31.6911 12.1616
31.2452 31.7472 12.1792
31.2871 31.8038 12.1966
31.3294 31.8609 12.2139
31.2359 31.9351 12.1814
31.2697 31.9645 12.1946
31.304 31.9945 12.2078
31.3389 32.0249 12.2211
31.3744 32.0559 12.2345
31.5689 32.5853 12.3038
31.576 32.5592 12.3067
31.583 32.533 12.3095
31.5901 32.5069 12.3123
31.5972 32.4807 12.3151
32.1211 33.0105 12.484
32.068 32.9296 12.4684
32.0175 32.8531 12.4533
31.9695 32.7803 12.4388
31.9236 32.7109 12.4246
31.9507 32.3865 12.4376
31.92 32.3772 12.4272
31.89 32.3682 12.417
31.8607 32.3594 12.407
31.832 32.3508 12.3972
31.6225 31.8393 12.3182
31.6249 31.8815 12.3202
31.6273 31.9235 12.322
31.6296 31.9652 12.3237
31.6319 32.0067 12.3253
31.517 31.7215 12.2772
31.5292 31.7739 12.2833
31.5412 31.8259 12.2891
31.5531 31.8778 12.2948
31.5649 31.9296 12.3002
31.161 31.3872 12.1311
31.206 31.4693 12.1525
31.2501 31.5502 12.1729
31.2936 31.6304 12.1926
31.3368 31.7103 12.2117
31.3798 31.7902 12.2301
31.0837 31.3425 12.0989
31.1359 31.4286 12.1238
31.1869 31.5134 12.1475
31.2372 31.5972 12.1703
31.287 31.6806 12.1922
31.3365 31.764 12.2135
31.1401 31.5523 12.1317
31.1845 31.6163 12.1514
31.2287 31.6802 12.1706
31.2729 31.7442 12.1894
31.3172 31.8087 12.2078
31.3617 31.8738 12.226
31.2786 32.1196 12.2005
31.3086 32.1339 12.2117
31.3392 32.1485 12.223
31.3704 32.1633 12.2344
31.4022 32.1785 12.2461
31.4347 32.194 12.2578
31.516 32.521 12.2859
31.5275 32.5012 12.2903
31.5391 32.4812 12.2946
31.5508 32.4611 12.2989
31.5625 32.4409 12.3032
31.5743 32.4206 12.3075
32.1827 33.2367 12.4968
32.1197 33.1246 12.4796
32.0607 33.0201 12.4632
32.0054 32.9222 12.4473
31.9531 32.83 12.432
31.9036 32.7428 12.4171
32.1488 33.1121 12.49
32.0913 33.0176 12.4736
32.0372 32.9288 12.4579
31.9859 32.8448 12.4428
31.9371 32.7653 12.4281
31.8907 32.6895 12.4137
31.7363 31.9705 12.361
31.7279 32.0013 12.3586
31.7195 32.0318 12.3563
31.7113 32.062 12.3538
31.703 32.0919 12.3514
31.6948 32.1216 12.3489
31.3995 31.5949 12.23
31.4224 31.6582 12.2409
31.445 31.7211 12.2514
31.4674 31.7838 12.2615
31.4897 31.8464 12.2714
31.512 31.9091 12.2809
31.1149 31.4574 12.1173
31.1627 31.5311 12.1392
31.2098 31.6042 12.1603
31.2567 31.677 12.1808
31.3034 31.75 12.2008
31.3502 31.8234 12.2203
31.3973 31.8977 12.2395
31.4569 32.4468 12.2656
31.4732 32.4338 12.2716
31.4897 32.4206 12.2776
31.5064 32.4074 12.2836
31.5233 32.3939 12.2896
31.5403 32.3803 12.2957
31.5575 32.3666 12.3018
31.7537 32.7965 12.3641
31.7435 32.7474 12.3617
31.7333 32.6992 12.3593
31.7233 32.6519 12.3567
31.7135 32.6052 12.3541
31.7037 32.5593 12.3514
31.694 32.514 12.3486
31.9541 33.0087 12.4271
31.9215 32.932 12.4183
31.8902 32.8585 12.4096
31.8599 32.7878 12.4011
31.8307 32.7196 12.3925
31.8024 32.6537 12.3841
31.7748 32.5899 12.3756
31.8857 32.1493 12.4148
31.8621 32.1637 12.4069
31.839 32.1779 12.3991
31.8162 32.1918 12.3914
31.7938 32.2055 12.3838
31.7718 32.219 12.3763
31.7501 32.2322 12.3689
31.0837 31.3425 12.0989
31.1359 31.4286 12.1238
31.1869 31.5134 12.1475
31.2372 31.5972 12.1703
31.287 31.6806 12.1922
31.3365 31.764 12.2135
31.3862 31.8481 12.2342
31.4362 31.9331 12.2544
31.2173 31.8577 12.1725
31.2529 31.8937 12.1867
31.289 31.9302 12.2009
31.3256 31.9672 12.2151
31.3627 32.0049 12.2294
31.4005 32.0434 12.2438
31.439 32.0827 12.2582
31.4784 32.1229 12.2728
31.3885 32.357 12.2416
31.4101 32.3518 12.2494
31.4321 32.3466 12.2573
31.4544 32.3412 12.2653
31.4771 32.3358 12.2734
31.5001 32.3303 12.2816
31.5235 32.3248 12.2899
31.5473 32.3191 12.2983
31.9752 32.4762 12.4454
31.9417 32.4577 12.4342
31.909 32.4397 12.4232
31.8771 32.4221 12.4124
31.846 32.4049 12.4018
31.8156 32.3882 12.3915
31.7859 32.3719 12.3813
31.7568 32.3559 12.3714
31.57 31.7802 12.298
31.5773 31.8275 12.302
31.5845 31.8745 12.3058
31.5916 31.9213 12.3094
31.5986 31.968 12.3129
31.6056 32.0146 12.3162
31.6125 32.0612 12.3194
31.6194 32.1078 12.3224
31.3055 32.2413 12.2114
31.3334 32.2457 12.2216
31.3619 32.2502 12.2319
31.3908 32.2548 12.2424
31.4204 32.2595 12.2531
31.4506 32.2643 12.2639
31.4814 32.2691 12.2749
31.5129 32.2741 12.2861
31.5451 32.2792 12.2975
31.847 32.8971 12.3937
31.8268 32.8355 12.3884
31.8072 32.7757 12.3832
31.788 32.7175 12.3778
31.7692 32.6608 12.3725
31.7508 32.6054 12.3671
31.7328 32.5513 12.3616
31.715 32.4982 12.356
31.6976 32.4462 12.3504
32.076 32.8449 12.4734
32.0294 32.7849 12.459
31.9848 32.7275 12.4451
31.942 32.6725 12.4316
31.9008 32.6196 12.4184
31.861 32.5686 12.4055
31.8225 32.5194 12.3929
31.7853 32.4718 12.3806
31.7492 32.4257 12.3684
31.804 32.0506 12.3857
31.7888 32.0742 12.3808
31.7739 32.0975 12.376
31.7592 32.1205 12.3711
31.7446 32.1432 12.3663
31.7301 32.1657 12.3616
31.7159 32.1879 12.3568
31.7017 32.2098 12.352
31.6878 32.2315 12.3473
31.3278 31.52 12.2004
31.3573 31.59 12.2144
31.3864 31.6595 12.2279
31.4153 31.7286 12.2409
31.4439 31.7975 12.2535
31.4724 31.8665 12.2657
31.5009 31.9359 12.2776
31.5295 32.0058 12.2892
31.5583 32.0764 12.3005
31.2559 32.0205 12.1907
31.2879 32.0429 12.2028
31.3204 32.0656 12.2151
31.3535 32.0888 12.2275
31.3873 32.1125 12.24
31.4217 32.1367 12.2527
31.4569 32.1615 12.2655
31.4929 32.1868 12.2786
31.5298 32.2129 12.2918
31.5677 32.2396 12.3053
32.092 33.1477 12.4693
32.0417 33.0502 12.4557
31.9941 32.9582 12.4424
31.949 32.8712 12.4295
31.906 32.7884 12.4169
31.8648 32.7095 12.4045
31.8253 32.634 12.3923
31.7873 32.5615 12.3803
31.7505 32.4916 12.3684
31.7149 32.4242 12.3566
32.0173 32.6299 12.4578
31.9786 32.5948 12.4452
31.9411 32.5609 12.4329
31.9047 32.528 12.421
31.8694 32.4961 12.4092
31.8351 32.4651 12.3977
31.8017 32.4349 12.3865
31.7692 32.4056 12.3755
31.7374 32.377 12.3646
31.7064 32.3491 12.354
31.9217 32.2808 12.4278
31.8943 32.2823 12.4185
31.8674 32.2837 12.4093
31.841 32.2851 12.4003
31.8151 32.2864 12.3914
31.7898 32.2878 12.3827
31.7648 32.2891 12.3741
31.7403 32.2904 12.3657
31.7163 32.2916 12.3574
31.6927 32.2929 12.3492
31.4612 31.6608 12.255
31.4784 31.7183 12.2633
31.4955 31.7756 12.2713
31.5124 31.8327 12.2791
31.5292 31.8896 12.2866
31.546 31.9466 12.2939
31.5627 32.0038 12.3009
31.5794 32.0611 12.3077
31.596 32.1189 12.3144
31.6128 32.177 12.3208
31.181 31.7111 12.154
31.2205 31.76 12.1705
31.2602 31.8093 12.1869
31.3002 31.8591 12.2031
31.3407 31.9095 12.2193
31.3817 31.9608 12.2354
31.4233 32.0131 12.2514
31.4657 32.0664 12.2675
31.5091 32.1211 12.2837
31.5536 32.1774 12.3
31.5994 32.2354 12.3165
31.664 32.6962 12.3351
31.6625 32.6585 12.3354
31.661 32.6212 12.3355
31.6595 32.5842 12.3356
31.6579 32.5474 12.3356
31.6564 32.5108 12.3355
31.6548 32.4745 12.3353
31.6532 32.4384 12.335
31.6516 32.4024 12.3347
31.6499 32.3666 12.3343
31.6483 32.3309 12.3337
31.677 31.9016 12.3389
31.6743 31.9384 12.3388
31.6716 31.975 12.3386
31.6689 32.0113 12.3383
31.6662 32.0474 12.3379
31.6634 32.0832 12.3375
31.6607 32.1189 12.337
31.6579 32.1544 12.3364
31.6551 32.1898 12.3357
31.6523 32.225 12.3349
31.6494 32.2602 12.3341
31.6466 32.2953 12.3331
32.9188 34.8269 12.8481
32.9188 34.8269 12.8481
32.7946 34.7976 12.8272
32.7035 34.7761 12.8119
32.6246 34.7576 12.7987
32.5456 34.7391 12.7855
32.4544 34.7179 12.7702
32.3301 34.6892 12.7494
32.3301 34.6892 12.7494
32.449 34.7364 12.793
32.5428 34.7734 12.827
32.6228 34.8048 12.8556
32.6958 34.8334 12.8815
32.7667 34.861 12.9065
32.8399 34.8894 12.9321
32.9202 34.9205 12.96
33.0147 34.9569 12.9925
33.135 35.0031 13.0337
33.0559 34.9386 12.9659
32.9979 34.8913 12.9161
32.9188 34.8269 12.8481
32.8711 34.8248 12.8511
32.7109 34.7867 12.8238
32.5908 34.7583 12.8033
32.6499 34.8082 12.8566
32.7583 34.8503 12.8947
32.8717 34.894 12.9339
32.9286 34.8723 12.9013
32.6512 34.7725 12.8136
32.6782 34.7876 12.8287
32.4234 34.719 12.775
32.5214 34.7505 12.8018
32.5164 34.7559 12.8088
32.5862 34.776 12.8252
32.5888 34.7843 12.8349
32.6359 34.7955 12.8429
32.8126 34.8713 12.9136
32.7858 34.8535 12.8953
33.0266 34.9532 12.9867
32.9239 34.9059 12.9422
32.9703 34.9067 12.9377
32.8882 34.8761 12.9107
32.7792 34.8029 12.8354
32.7639 34.8082 12.8435
32.7486 34.8134 12.8516
32.5205 34.7417 12.7914
32.5889 34.7664 12.8133
32.6598 34.792 12.8361
32.7052 34.8297 12.8761
32.7146 34.8261 12.8706
32.724 34.8224 12.8651
32.9404 34.9203 12.9574
32.8688 34.8851 12.9236
32.7999 34.8513 12.8911
32.8711 34.8248 12.8511
32.8243 34.8227 12.854
32.7784 34.8207 12.8568
32.7334 34.8187 12.8596
31.9097 32.1346 12.4228
31.9097 32.1346 12.4228
31.9747 32.0579 12.5105
32.0209 32.006 12.5717
32.063 31.9603 12.6268
32.1108 31.9103 12.6885
32.1807 31.84 12.7776
32.1807 31.84 12.7776
32.0575 31.7904 12.693
31.9618 31.7499 12.628
31.8823 31.7149 12.5746
31.8125 31.683 12.5282
31.7483 31.6528 12.486
31.6869 31.6229 12.4459
31.6256 31.5922 12.4064
31.5621 31.5593 12.3658
31.4934 31.5224 12.3224
31.4155 31.4791 12.2739
31.322 31.4248 12.2166
31.2012 31.3507 12.1442
31.2979 31.4492 12.1858
31.3763 31.531 12.2187
31.4437 31.6028 12.2464
31.5047 31.6689 12.2709
31.5626 31.7326 12.2938
31.62 31.7967 12.3162
31.6797 31.8645 12.3389
31.7447 31.9394 12.3633
31.8193 32.0266 12.3906
31.9097 32.1346 12.4228
3 12 36 74 0.49277084507593993 0.46051032639470335 0.4534372548953053
3 71 40 41 0.49277084507593993 0.46051032639470335 0.4534372548953053
3 38 40 37 0.49277084507593993 0.46051032639470335 0.4534372548953053
3 71 41 70 0.49277084507593993 0.46051032639470335 0.4534372548953053
3 70 41 42 0.49277084507593993 0.46051032639470335 0.4534372548953053
3 35 36 12 0.49277084507593993 0.46051032639470335 0.4534372548953053
3 73 74 36 0.49277084507593993 0.46051032639470335 0.4534372548953053
3 36 37 73 0.49277084507593993 0.46051032639470335 0.4534372548953053
3 42 43 68 0.49277084507593993 0.46051032639470335 0.4534372548953053
3 49 62 63 0.49277084507593993 0.46051032639470335 0.4534372548953053
3 49 50 62 0.49277084507593993 0.46051032639470335 0.4534372548953053
3 30 15 16 0.49277084507593993 0.46051032639470335 0.4534372548953053
3 14 32 33 0.49277084507593993 0.46051032639470335 0.4534372548953053
3 15 32 14 0.49277084507593993 0.46051032639470335 0.4534372548953053
3 12 74 11 0.49277084507593993 0.46051032639470335 0.4534372548953053
3 31 15 30 0.49277084507593993 0.46051032639470335 0.4534372548953053
3 31 32 15 0.49277084507593993 0.46051032639470335 0.4534372548953053
3 3 85 2 0.49277084507593993 0.46051032639470335 0.4534372548953053
3 72 73 37 0.49277084507593993 0.46051032639470335 0.4534372548953053
3 72 40 71 0.49277084507593993 0.46051032639470335 0.4534372548953053
3 72 37 40 0.49277084507593993 0.46051032639470335 0.4534372548953053
3 84 85 3 0.49277084507593993 0.46051032639470335 0.4534372548953053
3 84 4 83 0.49277084507593993 0.46051032639470335 0.4534372548953053
3 3 4 84 0.49277084507593993 0.46051032639470335 0.4534372548953053
3 64 65 47 0.49277084507593993 0.46051032639470335 0.4534372548953053
3 47 65 46 0.49277084507593993 0.46051032639470335 0.4534372548953053
3 46 65 66 0.49277084507593993 0.46051032639470335 0.4534372548953053
3 66 45 46 0.49277084507593993 0.46051032639470335 0.4534372548953053
3 44 45 67 0.49277084507593993 0.46051032639470335 0.4534372548953053
3 67 45 66 0.49277084507593993 0.46051032639470335 0.4534372548953053
3 67 43 44 0.49277084507593993 0.46051032639470335 0.4534372548953053
3 67 68 43 0.49277084507593993 0.46051032639470335 0.4534372548953053
3 69 70 42 0.49277084507593993 0.46051032639470335 0.4534372548953053
3 42 68 69 0.49277084507593993 0.46051032639470335 0.4534372548953053
3 52 53 59 0.49277084507593993 0.46051032639470335 0.4534372548953053
3 48 64 47 0.49277084507593993 0.46051032639470335 0.4534372548953053
3 48 49 63 0.49277084507593993 0.46051032639470335 0.4534372548953053
3 63 64 48 0.49277084507593993 0.46051032639470335 0.4534372548953053
3 17 27 28 0.49277084507593993 0.46051032639470335 0.4534372548953053
3 10 76 77 0.49277084507593993 0.46051032639470335 0.4534372548953053
3 13 14 33 0.49277084507593993 0.46051032639470335 0.4534372548953053
3 33 34 13 0.49277084507593993 0.46051032639470335 0.4534372548953053
3 13 35 12 0.49277084507593993 0.46051032639470335 0.4534372548953053
3 13 34 35 0.49277084507593993 0.46051032639470335 0.4534372548953053
3 0 2 86 0.49277084507593993 0.46051032639470335 0.4534372548953053
3 86 2 85 0.49277084507593993 0.46051032639470335 0.4534372548953053
3 5 82 83 0.49277084507593993 0.46051032639470335 0.4534372548953053
3 83 4 5 0.49277084507593993 0.46051032639470335 0.4534372548953053
3 6 80 81 0.49277084507593993 0.46051032639470335 0.4534372548953053
3 81 5 6 0.49277084507593993 0.46051032639470335 0.4534372548953053
3 82 5 81 0.49277084507593993 0.46051032639470335 0.4534372548953053
3 7 80 6 0.49277084507593993 0.46051032639470335 0.4534372548953053
3 7 8 79 0.49277084507593993 0.46051032639470335 0.4534372548953053
3 79 80 7 0.49277084507593993 0.46051032639470335 0.4534372548953053
3 58 53 54 0.49277084507593993 0.46051032639470335 0.4534372548953053
3 58 59 53 0.49277084507593993 0.46051032639470335 0.4534372548953053
3 62 50 61 0.49277084507593993 0.46051032639470335 0.4534372548953053
3 50 51 61 0.49277084507593993 0.46051032639470335 0.4534372548953053
3 29 16 17 0.49277084507593993 0.46051032639470335 0.4534372548953053
3 17 28 29 0.49277084507593993 0.46051032639470335 0.4534372548953053
3 30 16 29 0.49277084507593993 0.46051032639470335 0.4534372548953053
3 25 19 20 0.49277084507593993 0.46051032639470335 0.4534372548953053
3 26 19 25 0.49277084507593993 0.46051032639470335 0.4534372548953053
3 18 27 17 0.49277084507593993 0.46051032639470335 0.4534372548953053
3 18 26 27 0.49277084507593993 0.46051032639470335 0.4534372548953053
3 18 19 26 0.49277084507593993 0.46051032639470335 0.4534372548953053
3 10 77 9 0.49277084507593993 0.46051032639470335 0.4534372548953053
3 79 8 78 0.49277084507593993 0.46051032639470335 0.4534372548953053
3 8 9 78 0.49277084507593993 0.46051032639470335 0.4534372548953053
3 78 9 77 0.49277084507593993 0.46051032639470335 0.4534372548953053
3 75 11 74 0.49277084507593993 0.46051032639470335 0.4534372548953053
3 10 11 75 0.49277084507593993 0.46051032639470335 0.4534372548953053
3 75 76 10 0.49277084507593993 0.46051032639470335 0.4534372548953053
3 57 54 55 0.49277084507593993 0.46051032639470335 0.4534372548953053
3 57 58 54 0.49277084507593993 0.46051032639470335 0.4534372548953053
3 52 59 60 0.49277084507593993 0.46051032639470335 0.4534372548953053
3 60 51 52 0.49277084507593993 0.46051032639470335 0.4534372548953053
3 60 61 51 0.49277084507593993 0.46051032639470335 0.4534372548953053
3 20 21 24 0.49277084507593993 0.46051032639470335 0.4534372548953053
3 24 25 20 0.49277084507593993 0.46051032639470335 0.4534372548953053
3 24 21 22 0.49277084507593993 0.46051032639470335 0.4534372548953053
3 90 89 464 0.49277084507593993 0.46051032639470335 0.4534372548953053
3 563 291 290 0.49277084507593993 0.46051032639470335 0.4534372548953053
3 290 562 563 0.49277084507593993 0.46051032639470335 0.4534372548953053
3 118 479 304 0.49277084507593993 0.46051032639470335 0.4534372548953053
3 304 119 118 0.49277084507593993 0.46051032639470335 0.4534372548953053
3 106 382 107 0.49277084507593993 0.46051032639470335 0.4534372548953053
3 388 109 108 0.49277084507593993 0.46051032639470335 0.4534372548953053
3 198 515 173 0.49277084507593993 0.46051032639470335 0.4534372548953053
3 930 929 359 0.49277084507593993 0.46051032639470335 0.4534372548953053
3 464 89 190 0.49277084507593993 0.46051032639470335 0.4534372548953053
3 190 929 464 0.49277084507593993 0.46051032639470335 0.4534372548953053
3 359 929 189 0.49277084507593993 0.46051032639470335 0.4534372548953053
3 189 188 359 0.49277084507593993 0.46051032639470335 0.4534372548953053
3 929 190 189 0.49277084507593993 0.46051032639470335 0.4534372548953053
3 376 105 104 0.49277084507593993 0.46051032639470335 0.4534372548953053
3 563 562 284 0.49277084507593993 0.46051032639470335 0.4534372548953053
3 516 515 198 0.49277084507593993 0.46051032639470335 0.4534372548953053
3 198 199 516 0.49277084507593993 0.46051032639470335 0.4534372548953053
3 152 436 154 0.49277084507593993 0.46051032639470335 0.4534372548953053
3 154 436 237 0.49277084507593993 0.46051032639470335 0.4534372548953053
3 159 424 334 0.49277084507593993 0.46051032639470335 0.4534372548953053
3 130 314 131 0.49277084507593993 0.46051032639470335 0.4534372548953053
3 401 400 685 0.49277084507593993 0.46051032639470335 0.4534372548953053
3 120 119 684 0.49277084507593993 0.46051032639470335 0.4534372548953053
3 684 119 304 0.49277084507593993 0.46051032639470335 0.4534372548953053
3 304 685 684 0.49277084507593993 0.46051032639470335 0.4534372548953053
3 684 685 400 0.49277084507593993 0.46051032639470335 0.4534372548953053
3 695 788 696 0.49277084507593993 0.46051032639470335 0.4534372548953053
3 490 214 215 0.49277084507593993 0.46051032639470335 0.4534372548953053
3 562 290 289 0.49277084507593993 0.46051032639470335 0.4534372548953053
3 289 100 562 0.49277084507593993 0.46051032639470335 0.4534372548953053
3 111 394 112 0.49277084507593993 0.46051032639470335 0.4534372548953053
3 479 118 117 0.49277084507593993 0.46051032639470335 0.4534372548953053
3 205 479 117 0.49277084507593993 0.46051032639470335 0.4534372548953053
3 117 116 205 0.49277084507593993 0.46051032639470335 0.4534372548953053
3 392 869 391 0.49277084507593993 0.46051032639470335 0.4534372548953053
3 870 869 392 0.49277084507593993 0.46051032639470335 0.4534372548953053
3 765 385 384 0.49277084507593993 0.46051032639470335 0.4534372548953053
3 602 388 108 0.49277084507593993 0.46051032639470335 0.4534372548953053
3 108 107 602 0.49277084507593993 0.46051032639470335 0.4534372548953053
3 602 107 382 0.49277084507593993 0.46051032639470335 0.4534372548953053
3 382 603 602 0.49277084507593993 0.46051032639470335 0.4534372548953053
3 866 388 389 0.49277084507593993 0.46051032639470335 0.4534372548953053
3 603 390 389 0.49277084507593993 0.46051032639470335 0.4534372548953053
3 389 602 603 0.49277084507593993 0.46051032639470335 0.4534372548953053
3 388 602 389 0.49277084507593993 0.46051032639470335 0.4534372548953053
3 865 388 866 0.49277084507593993 0.46051032639470335 0.4534372548953053
3 865 111 110 0.49277084507593993 0.46051032639470335 0.4534372548953053
3 110 109 865 0.49277084507593993 0.46051032639470335 0.4534372548953053
3 109 388 865 0.49277084507593993 0.46051032639470335 0.4534372548953053
3 169 344 170 0.49277084507593993 0.46051032639470335 0.4534372548953053
3 198 173 172 0.49277084507593993 0.46051032639470335 0.4534372548953053
3 174 515 349 0.49277084507593993 0.46051032639470335 0.4534372548953053
3 174 173 515 0.49277084507593993 0.46051032639470335 0.4534372548953053
3 176 736 178 0.49277084507593993 0.46051032639470335 0.4534372548953053
3 737 736 349 0.49277084507593993 0.46051032639470335 0.4534372548953053
3 524 185 184 0.49277084507593993 0.46051032639470335 0.4534372548953053
3 354 180 430 0.49277084507593993 0.46051032639470335 0.4534372548953053
3 187 186 265 0.49277084507593993 0.46051032639470335 0.4534372548953053
3 360 930 359 0.49277084507593993 0.46051032639470335 0.4534372548953053
3 464 929 465 0.49277084507593993 0.46051032639470335 0.4534372548953053
3 929 930 465 0.49277084507593993 0.46051032639470335 0.4534372548953053
3 525 263 262 0.49277084507593993 0.46051032639470335 0.4534372548953053
3 262 524 525 0.49277084507593993 0.46051032639470335 0.4534372548953053
3 535 266 267 0.49277084507593993 0.46051032639470335 0.4534372548953053
3 99 284 562 0.49277084507593993 0.46051032639470335 0.4534372548953053
3 562 100 99 0.49277084507593993 0.46051032639470335 0.4534372548953053
3 99 98 671 0.49277084507593993 0.46051032639470335 0.4534372548953053
3 671 284 99 0.49277084507593993 0.46051032639470335 0.4534372548953053
3 349 515 350 0.49277084507593993 0.46051032639470335 0.4534372548953053
3 515 516 350 0.49277084507593993 0.46051032639470335 0.4534372548953053
3 350 737 349 0.49277084507593993 0.46051032639470335 0.4534372548953053
3 517 516 199 0.49277084507593993 0.46051032639470335 0.4534372548953053
3 199 200 517 0.49277084507593993 0.46051032639470335 0.4534372548953053
3 154 237 155 0.49277084507593993 0.46051032639470335 0.4534372548953053
3 424 159 443 0.49277084507593993 0.46051032639470335 0.4534372548953053
3 443 159 158 0.49277084507593993 0.46051032639470335 0.4534372548953053
3 160 159 334 0.49277084507593993 0.46051032639470335 0.4534372548953053
3 129 128 217 0.49277084507593993 0.46051032639470335 0.4534372548953053
3 637 211 210 0.49277084507593993 0.46051032639470335 0.4534372548953053
3 210 211 583 0.49277084507593993 0.46051032639470335 0.4534372548953053
3 480 479 205 0.49277084507593993 0.46051032639470335 0.4534372548953053
3 636 210 209 0.49277084507593993 0.46051032639470335 0.4534372548953053
3 636 637 210 0.49277084507593993 0.46051032639470335 0.4534372548953053
3 636 310 311 0.49277084507593993 0.46051032639470335 0.4534372548953053
3 311 637 636 0.49277084507593993 0.46051032639470335 0.4534372548953053
3 309 400 401 0.49277084507593993 0.46051032639470335 0.4534372548953053
3 401 310 309 0.49277084507593993 0.46051032639470335 0.4534372548953053
3 309 123 400 0.49277084507593993 0.46051032639470335 0.4534372548953053
3 122 684 400 0.49277084507593993 0.46051032639470335 0.4534372548953053
3 400 123 122 0.49277084507593993 0.46051032639470335 0.4534372548953053
3 120 684 122 0.49277084507593993 0.46051032639470335 0.4534372548953053
3 125 209 126 0.49277084507593993 0.46051032639470335 0.4534372548953053
3 123 309 124 0.49277084507593993 0.46051032639470335 0.4534372548953053
3 710 147 146 0.49277084507593993 0.46051032639470335 0.4534372548953053
3 498 497 226 0.49277084507593993 0.46051032639470335 0.4534372548953053
3 226 497 225 0.49277084507593993 0.46051032639470335 0.4534372548953053
3 225 497 144 0.49277084507593993 0.46051032639470335 0.4534372548953053
3 880 879 819 0.49277084507593993 0.46051032639470335 0.4534372548953053
3 819 960 880 0.49277084507593993 0.46051032639470335 0.4534372548953053
3 681 759 682 0.49277084507593993 0.46051032639470335 0.4534372548953053
3 955 938 939 0.49277084507593993 0.46051032639470335 0.4534372548953053
3 789 696 788 0.49277084507593993 0.46051032639470335 0.4534372548953053
3 136 134 406 0.49277084507593993 0.46051032639470335 0.4534372548953053
3 585 216 215 0.49277084507593993 0.46051032639470335 0.4534372548953053
3 220 490 491 0.49277084507593993 0.46051032639470335 0.4534372548953053
3 215 216 491 0.49277084507593993 0.46051032639470335 0.4534372548953053
3 491 490 215 0.49277084507593993 0.46051032639470335 0.4534372548953053
3 100 289 101 0.49277084507593993 0.46051032639470335 0.4534372548953053
3 102 101 805 0.49277084507593993 0.46051032639470335 0.4534372548953053
3 805 101 289 0.49277084507593993 0.46051032639470335 0.4534372548953053
3 395 300 394 0.49277084507593993 0.46051032639470335 0.4534372548953053
3 395 301 300 0.49277084507593993 0.46051032639470335 0.4534372548953053
3 205 116 777 0.49277084507593993 0.46051032639470335 0.4534372548953053
3 777 116 115 0.49277084507593993 0.46051032639470335 0.4534372548953053
3 299 112 394 0.49277084507593993 0.46051032639470335 0.4534372548953053
3 394 300 299 0.49277084507593993 0.46051032639470335 0.4534372548953053
3 298 810 577 0.49277084507593993 0.46051032639470335 0.4534372548953053
3 298 809 810 0.49277084507593993 0.46051032639470335 0.4534372548953053
3 297 808 298 0.49277084507593993 0.46051032639470335 0.4534372548953053
3 808 809 298 0.49277084507593993 0.46051032639470335 0.4534372548953053
3 609 608 769 0.49277084507593993 0.46051032639470335 0.4534372548953053
3 387 607 386 0.49277084507593993 0.46051032639470335 0.4534372548953053
3 608 607 387 0.49277084507593993 0.46051032639470335 0.4534372548953053
3 387 769 608 0.49277084507593993 0.46051032639470335 0.4534372548953053
3 606 385 386 0.49277084507593993 0.46051032639470335 0.4534372548953053
3 386 607 606 0.49277084507593993 0.46051032639470335 0.4534372548953053
3 870 392 393 0.49277084507593993 0.46051032639470335 0.4534372548953053
3 393 871 870 0.49277084507593993 0.46051032639470335 0.4534372548953053
3 393 606 607 0.49277084507593993 0.46051032639470335 0.4534372548953053
3 392 606 393 0.49277084507593993 0.46051032639470335 0.4534372548953053
3 393 607 608 0.49277084507593993 0.46051032639470335 0.4534372548953053
3 608 871 393 0.49277084507593993 0.46051032639470335 0.4534372548953053
3 765 384 764 0.49277084507593993 0.46051032639470335 0.4534372548953053
3 866 389 867 0.49277084507593993 0.46051032639470335 0.4534372548953053
3 867 389 390 0.49277084507593993 0.46051032639470335 0.4534372548953053
3 604 390 603 0.49277084507593993 0.46051032639470335 0.4534372548953053
3 391 390 604 0.49277084507593993 0.46051032639470335 0.4534372548953053
3 405 313 404 0.49277084507593993 0.46051032639470335 0.4534372548953053
3 165 723 166 0.49277084507593993 0.46051032639470335 0.4534372548953053
3 165 164 339 0.49277084507593993 0.46051032639470335 0.4534372548953053
3 339 723 165 0.49277084507593993 0.46051032639470335 0.4534372548953053
3 913 199 198 0.49277084507593993 0.46051032639470335 0.4534372548953053
3 198 172 913 0.49277084507593993 0.46051032639470335 0.4534372548953053
3 171 195 913 0.49277084507593993 0.46051032639470335 0.4534372548953053
3 913 172 171 0.49277084507593993 0.46051032639470335 0.4534372548953053
3 171 170 249 0.49277084507593993 0.46051032639470335 0.4534372548953053
3 249 195 171 0.49277084507593993 0.46051032639470335 0.4534372548953053
3 170 344 249 0.49277084507593993 0.46051032639470335 0.4534372548953053
3 249 250 195 0.49277084507593993 0.46051032639470335 0.4534372548953053
3 166 723 168 0.49277084507593993 0.46051032639470335 0.4534372548953053
3 339 340 724 0.49277084507593993 0.46051032639470335 0.4534372548953053
3 724 723 339 0.49277084507593993 0.46051032639470335 0.4534372548953053
3 175 174 349 0.49277084507593993 0.46051032639470335 0.4534372548953053
3 175 736 176 0.49277084507593993 0.46051032639470335 0.4534372548953053
3 349 736 175 0.49277084507593993 0.46051032639470335 0.4534372548953053
3 430 180 179 0.49277084507593993 0.46051032639470335 0.4534372548953053
3 459 432 431 0.49277084507593993 0.46051032639470335 0.4534372548953053
3 431 354 430 0.49277084507593993 0.46051032639470335 0.4534372548953053
3 853 852 256 0.49277084507593993 0.46051032639470335 0.4534372548953053
3 358 256 357 0.49277084507593993 0.46051032639470335 0.4534372548953053
3 356 432 433 0.49277084507593993 0.46051032639470335 0.4534372548953053
3 433 357 356 0.49277084507593993 0.46051032639470335 0.4534372548953053
3 257 524 184 0.49277084507593993 0.46051032639470335 0.4534372548953053
3 180 354 181 0.49277084507593993 0.46051032639470335 0.4534372548953053
3 533 188 187 0.49277084507593993 0.46051032639470335 0.4534372548953053
3 187 265 533 0.49277084507593993 0.46051032639470335 0.4534372548953053
3 359 188 533 0.49277084507593993 0.46051032639470335 0.4534372548953053
3 533 360 359 0.49277084507593993 0.46051032639470335 0.4534372548953053
3 186 185 659 0.49277084507593993 0.46051032639470335 0.4534372548953053
3 659 265 186 0.49277084507593993 0.46051032639470335 0.4534372548953053
3 266 265 659 0.49277084507593993 0.46051032639470335 0.4534372548953053
3 534 266 535 0.49277084507593993 0.46051032639470335 0.4534372548953053
3 360 533 534 0.49277084507593993 0.46051032639470335 0.4534372548953053
3 534 265 266 0.49277084507593993 0.46051032639470335 0.4534372548953053
3 534 533 265 0.49277084507593993 0.46051032639470335 0.4534372548953053
3 361 534 535 0.49277084507593993 0.46051032639470335 0.4534372548953053
3 360 534 361 0.49277084507593993 0.46051032639470335 0.4534372548953053
3 92 91 542 0.49277084507593993 0.46051032639470335 0.4534372548953053
3 660 267 266 0.49277084507593993 0.46051032639470335 0.4534372548953053
3 266 659 660 0.49277084507593993 0.46051032639470335 0.4534372548953053
3 664 663 528 0.49277084507593993 0.46051032639470335 0.4534372548953053
3 527 260 528 0.49277084507593993 0.46051032639470335 0.4534372548953053
3 732 921 731 0.49277084507593993 0.46051032639470335 0.4534372548953053
3 351 350 516 0.49277084507593993 0.46051032639470335 0.4534372548953053
3 516 517 351 0.49277084507593993 0.46051032639470335 0.4534372548953053
3 725 724 340 0.49277084507593993 0.46051032639470335 0.4534372548953053
3 727 726 342 0.49277084507593993 0.46051032639470335 0.4534372548953053
3 508 509 342 0.49277084507593993 0.46051032639470335 0.4534372548953053
3 730 731 920 0.49277084507593993 0.46051032639470335 0.4534372548953053
3 920 731 921 0.49277084507593993 0.46051032639470335 0.4534372548953053
3 922 921 732 0.49277084507593993 0.46051032639470335 0.4534372548953053
3 791 237 792 0.49277084507593993 0.46051032639470335 0.4534372548953053
3 792 443 791 0.49277084507593993 0.46051032639470335 0.4534372548953053
3 156 155 791 0.49277084507593993 0.46051032639470335 0.4534372548953053
3 791 155 237 0.49277084507593993 0.46051032639470335 0.4534372548953053
3 791 158 156 0.49277084507593993 0.46051032639470335 0.4534372548953053
3 791 443 158 0.49277084507593993 0.46051032639470335 0.4534372548953053
3 129 217 881 0.49277084507593993 0.46051032639470335 0.4534372548953053
3 314 130 881 0.49277084507593993 0.46051032639470335 0.4534372548953053
3 881 130 129 0.49277084507593993 0.46051032639470335 0.4534372548953053
3 881 315 314 0.49277084507593993 0.46051032639470335 0.4534372548953053
3 128 127 488 0.49277084507593993 0.46051032639470335 0.4534372548953053
3 488 217 128 0.49277084507593993 0.46051032639470335 0.4534372548953053
3 584 583 211 0.49277084507593993 0.46051032639470335 0.4534372548953053
3 584 585 215 0.49277084507593993 0.46051032639470335 0.4534372548953053
3 215 214 584 0.49277084507593993 0.46051032639470335 0.4534372548953053
3 214 583 584 0.49277084507593993 0.46051032639470335 0.4534372548953053
3 584 211 212 0.49277084507593993 0.46051032639470335 0.4534372548953053
3 212 585 584 0.49277084507593993 0.46051032639470335 0.4534372548953053
3 479 480 305 0.49277084507593993 0.46051032639470335 0.4534372548953053
3 304 479 305 0.49277084507593993 0.46051032639470335 0.4534372548953053
3 305 685 304 0.49277084507593993 0.46051032639470335 0.4534372548953053
3 635 309 310 0.49277084507593993 0.46051032639470335 0.4534372548953053
3 635 636 209 0.49277084507593993 0.46051032639470335 0.4534372548953053
3 310 636 635 0.49277084507593993 0.46051032639470335 0.4534372548953053
3 635 124 309 0.49277084507593993 0.46051032639470335 0.4534372548953053
3 209 125 635 0.49277084507593993 0.46051032639470335 0.4534372548953053
3 125 124 635 0.49277084507593993 0.46051032639470335 0.4534372548953053
3 144 497 145 0.49277084507593993 0.46051032639470335 0.4534372548953053
3 501 502 714 0.49277084507593993 0.46051032639470335 0.4534372548953053
3 824 825 501 0.49277084507593993 0.46051032639470335 0.4534372548953053
3 501 825 502 0.49277084507593993 0.46051032639470335 0.4534372548953053
3 714 502 715 0.49277084507593993 0.46051032639470335 0.4534372548953053
3 436 152 624 0.49277084507593993 0.46051032639470335 0.4534372548953053
3 152 151 624 0.49277084507593993 0.46051032639470335 0.4534372548953053
3 497 498 229 0.49277084507593993 0.46051032639470335 0.4534372548953053
3 229 145 497 0.49277084507593993 0.46051032639470335 0.4534372548953053
3 710 146 229 0.49277084507593993 0.46051032639470335 0.4534372548953053
3 146 145 229 0.49277084507593993 0.46051032639470335 0.4534372548953053
3 231 712 711 0.49277084507593993 0.46051032639470335 0.4534372548953053
3 143 225 144 0.49277084507593993 0.46051032639470335 0.4534372548953053
3 776 819 879 0.49277084507593993 0.46051032639470335 0.4534372548953053
3 571 681 815 0.49277084507593993 0.46051032639470335 0.4534372548953053
3 571 680 681 0.49277084507593993 0.46051032639470335 0.4534372548953053
3 798 799 842 0.49277084507593993 0.46051032639470335 0.4534372548953053
3 696 789 790 0.49277084507593993 0.46051032639470335 0.4534372548953053
3 876 788 875 0.49277084507593993 0.46051032639470335 0.4534372548953053
3 876 789 788 0.49277084507593993 0.46051032639470335 0.4534372548953053
3 219 490 220 0.49277084507593993 0.46051032639470335 0.4534372548953053
3 220 884 219 0.49277084507593993 0.46051032639470335 0.4534372548953053
3 217 488 218 0.49277084507593993 0.46051032639470335 0.4534372548953053
3 697 137 136 0.49277084507593993 0.46051032639470335 0.4534372548953053
3 136 406 697 0.49277084507593993 0.46051032639470335 0.4534372548953053
3 138 137 697 0.49277084507593993 0.46051032639470335 0.4534372548953053
3 613 134 132 0.49277084507593993 0.46051032639470335 0.4534372548953053
3 613 406 134 0.49277084507593993 0.46051032639470335 0.4534372548953053
3 132 131 613 0.49277084507593993 0.46051032639470335 0.4534372548953053
3 131 314 613 0.49277084507593993 0.46051032639470335 0.4534372548953053
3 226 225 821 0.49277084507593993 0.46051032639470335 0.4534372548953053
3 227 498 226 0.49277084507593993 0.46051032639470335 0.4534372548953053
3 327 328 224 0.49277084507593993 0.46051032639470335 0.4534372548953053
3 706 655 705 0.49277084507593993 0.46051032639470335 0.4534372548953053
3 705 655 654 0.49277084507593993 0.46051032639470335 0.4534372548953053
3 653 704 654 0.49277084507593993 0.46051032639470335 0.4534372548953053
3 654 704 705 0.49277084507593993 0.46051032639470335 0.4534372548953053
3 705 704 621 0.49277084507593993 0.46051032639470335 0.4534372548953053
3 496 495 590 0.49277084507593993 0.46051032639470335 0.4534372548953053
3 405 690 641 0.49277084507593993 0.46051032639470335 0.4534372548953053
3 317 617 616 0.49277084507593993 0.46051032639470335 0.4534372548953053
3 618 617 318 0.49277084507593993 0.46051032639470335 0.4534372548953053
3 617 317 318 0.49277084507593993 0.46051032639470335 0.4534372548953053
3 318 317 884 0.49277084507593993 0.46051032639470335 0.4534372548953053
3 885 884 220 0.49277084507593993 0.46051032639470335 0.4534372548953053
3 885 318 884 0.49277084507593993 0.46051032639470335 0.4534372548953053
3 492 491 216 0.49277084507593993 0.46051032639470335 0.4534372548953053
3 220 491 492 0.49277084507593993 0.46051032639470335 0.4534372548953053
3 492 885 220 0.49277084507593993 0.46051032639470335 0.4534372548953053
3 616 617 409 0.49277084507593993 0.46051032639470335 0.4534372548953053
3 574 378 573 0.49277084507593993 0.46051032639470335 0.4534372548953053
3 609 873 872 0.49277084507593993 0.46051032639470335 0.4534372548953053
3 872 873 478 0.49277084507593993 0.46051032639470335 0.4534372548953053
3 478 871 872 0.49277084507593993 0.46051032639470335 0.4534372548953053
3 872 608 609 0.49277084507593993 0.46051032639470335 0.4534372548953053
3 872 871 608 0.49277084507593993 0.46051032639470335 0.4534372548953053
3 689 690 405 0.49277084507593993 0.46051032639470335 0.4534372548953053
3 484 690 689 0.49277084507593993 0.46051032639470335 0.4534372548953053
3 405 404 689 0.49277084507593993 0.46051032639470335 0.4534372548953053
3 782 399 783 0.49277084507593993 0.46051032639470335 0.4534372548953053
3 579 811 812 0.49277084507593993 0.46051032639470335 0.4534372548953053
3 578 811 579 0.49277084507593993 0.46051032639470335 0.4534372548953053
3 577 810 578 0.49277084507593993 0.46051032639470335 0.4534372548953053
3 810 811 578 0.49277084507593993 0.46051032639470335 0.4534372548953053
3 578 381 577 0.49277084507593993 0.46051032639470335 0.4534372548953053
3 578 769 381 0.49277084507593993 0.46051032639470335 0.4534372548953053
3 773 581 815 0.49277084507593993 0.46051032639470335 0.4534372548953053
3 379 378 574 0.49277084507593993 0.46051032639470335 0.4534372548953053
3 807 808 297 0.49277084507593993 0.46051032639470335 0.4534372548953053
3 297 296 807 0.49277084507593993 0.46051032639470335 0.4534372548953053
3 291 808 807 0.49277084507593993 0.46051032639470335 0.4534372548953053
3 807 290 291 0.49277084507593993 0.46051032639470335 0.4534372548953053
3 300 301 203 0.49277084507593993 0.46051032639470335 0.4534372548953053
3 471 395 394 0.49277084507593993 0.46051032639470335 0.4534372548953053
3 471 394 111 0.49277084507593993 0.46051032639470335 0.4534372548953053
3 111 865 471 0.49277084507593993 0.46051032639470335 0.4534372548953053
3 471 865 866 0.49277084507593993 0.46051032639470335 0.4534372548953053
3 866 867 472 0.49277084507593993 0.46051032639470335 0.4534372548953053
3 472 867 473 0.49277084507593993 0.46051032639470335 0.4534372548953053
3 472 471 866 0.49277084507593993 0.46051032639470335 0.4534372548953053
3 395 471 472 0.49277084507593993 0.46051032639470335 0.4534372548953053
3 301 395 396 0.49277084507593993 0.46051032639470335 0.4534372548953053
3 396 302 301 0.49277084507593993 0.46051032639470335 0.4534372548953053
3 396 472 473 0.49277084507593993 0.46051032639470335 0.4534372548953053
3 395 472 396 0.49277084507593993 0.46051032639470335 0.4534372548953053
3 206 480 205 0.49277084507593993 0.46051032639470335 0.4534372548953053
3 205 777 206 0.49277084507593993 0.46051032639470335 0.4534372548953053
3 115 114 192 0.49277084507593993 0.46051032639470335 0.4534372548953053
3 192 777 115 0.49277084507593993 0.46051032639470335 0.4534372548953053
3 114 201 192 0.49277084507593993 0.46051032639470335 0.4534372548953053
3 112 299 113 0.49277084507593993 0.46051032639470335 0.4534372548953053
3 113 201 114 0.49277084507593993 0.46051032639470335 0.4534372548953053
3 113 299 201 0.49277084507593993 0.46051032639470335 0.4534372548953053
3 381 769 768 0.49277084507593993 0.46051032639470335 0.4534372548953053
3 769 387 768 0.49277084507593993 0.46051032639470335 0.4534372548953053
3 385 606 605 0.49277084507593993 0.46051032639470335 0.4534372548953053
3 391 604 605 0.49277084507593993 0.46051032639470335 0.4534372548953053
3 605 392 391 0.49277084507593993 0.46051032639470335 0.4534372548953053
3 605 606 392 0.49277084507593993 0.46051032639470335 0.4534372548953053
3 605 384 385 0.49277084507593993 0.46051032639470335 0.4534372548953053
3 605 604 384 0.49277084507593993 0.46051032639470335 0.4534372548953053
3 383 764 384 0.49277084507593993 0.46051032639470335 0.4534372548953053
3 383 604 603 0.49277084507593993 0.46051032639470335 0.4534372548953053
3 384 604 383 0.49277084507593993 0.46051032639470335 0.4534372548953053
3 383 603 382 0.49277084507593993 0.46051032639470335 0.4534372548953053
3 376 764 763 0.49277084507593993 0.46051032639470335 0.4534372548953053
3 763 382 106 0.49277084507593993 0.46051032639470335 0.4534372548953053
3 763 383 382 0.49277084507593993 0.46051032639470335 0.4534372548953053
3 764 383 763 0.49277084507593993 0.46051032639470335 0.4534372548953053
3 106 105 763 0.49277084507593993 0.46051032639470335 0.4534372548953053
3 105 376 763 0.49277084507593993 0.46051032639470335 0.4534372548953053
3 377 378 765 0.49277084507593993 0.46051032639470335 0.4534372548953053
3 765 764 377 0.49277084507593993 0.46051032639470335 0.4534372548953053
3 377 573 378 0.49277084507593993 0.46051032639470335 0.4534372548953053
3 377 764 376 0.49277084507593993 0.46051032639470335 0.4534372548953053
3 868 474 473 0.49277084507593993 0.46051032639470335 0.4534372548953053
3 473 867 868 0.49277084507593993 0.46051032639470335 0.4534372548953053
3 391 869 868 0.49277084507593993 0.46051032639470335 0.4534372548953053
3 869 474 868 0.49277084507593993 0.46051032639470335 0.4534372548953053
3 868 390 391 0.49277084507593993 0.46051032639470335 0.4534372548953053
3 868 867 390 0.49277084507593993 0.46051032639470335 0.4534372548953053
3 480 206 481 0.49277084507593993 0.46051032639470335 0.4534372548953053
3 403 404 312 0.49277084507593993 0.46051032639470335 0.4534372548953053
3 312 404 313 0.49277084507593993 0.46051032639470335 0.4534372548953053
3 311 403 312 0.49277084507593993 0.46051032639470335 0.4534372548953053
3 312 637 311 0.49277084507593993 0.46051032639470335 0.4534372548953053
3 506 340 339 0.49277084507593993 0.46051032639470335 0.4534372548953053
3 339 164 506 0.49277084507593993 0.46051032639470335 0.4534372548953053
3 835 162 161 0.49277084507593993 0.46051032639470335 0.4534372548953053
3 835 245 162 0.49277084507593993 0.46051032639470335 0.4534372548953053
3 195 250 196 0.49277084507593993 0.46051032639470335 0.4534372548953053
3 450 168 723 0.49277084507593993 0.46051032639470335 0.4534372548953053
3 723 724 450 0.49277084507593993 0.46051032639470335 0.4534372548953053
3 344 169 450 0.49277084507593993 0.46051032639470335 0.4534372548953053
3 169 168 450 0.49277084507593993 0.46051032639470335 0.4534372548953053
3 344 450 451 0.49277084507593993 0.46051032639470335 0.4534372548953053
3 451 450 724 0.49277084507593993 0.46051032639470335 0.4534372548953053
3 724 725 451 0.49277084507593993 0.46051032639470335 0.4534372548953053
3 457 178 736 0.49277084507593993 0.46051032639470335 0.4534372548953053
3 457 179 178 0.49277084507593993 0.46051032639470335 0.4534372548953053
3 430 179 457 0.49277084507593993 0.46051032639470335 0.4534372548953053
3 736 737 457 0.49277084507593993 0.46051032639470335 0.4534372548953053
3 255 254 356 0.49277084507593993 0.46051032639470335 0.4534372548953053
3 255 256 852 0.49277084507593993 0.46051032639470335 0.4534372548953053
3 356 357 255 0.49277084507593993 0.46051032639470335 0.4534372548953053
3 357 256 255 0.49277084507593993 0.46051032639470335 0.4534372548953053
3 851 255 852 0.49277084507593993 0.46051032639470335 0.4534372548953053
3 254 255 851 0.49277084507593993 0.46051032639470335 0.4534372548953053
3 850 254 851 0.49277084507593993 0.46051032639470335 0.4534372548953053
3 851 257 850 0.49277084507593993 0.46051032639470335 0.4534372548953053
3 354 431 355 0.49277084507593993 0.46051032639470335 0.4534372548953053
3 356 254 355 0.49277084507593993 0.46051032639470335 0.4534372548953053
3 355 432 356 0.49277084507593993 0.46051032639470335 0.4534372548953053
3 355 431 432 0.49277084507593993 0.46051032639470335 0.4534372548953053
3 855 358 435 0.49277084507593993 0.46051032639470335 0.4534372548953053
3 183 182 850 0.49277084507593993 0.46051032639470335 0.4534372548953053
3 850 257 183 0.49277084507593993 0.46051032639470335 0.4534372548953053
3 183 257 184 0.49277084507593993 0.46051032639470335 0.4534372548953053
3 253 181 354 0.49277084507593993 0.46051032639470335 0.4534372548953053
3 253 254 850 0.49277084507593993 0.46051032639470335 0.4534372548953053
3 850 182 253 0.49277084507593993 0.46051032639470335 0.4534372548953053
3 182 181 253 0.49277084507593993 0.46051032639470335 0.4534372548953053
3 354 355 253 0.49277084507593993 0.46051032639470335 0.4534372548953053
3 253 355 254 0.49277084507593993 0.46051032639470335 0.4534372548953053
3 185 524 261 0.49277084507593993 0.46051032639470335 0.4534372548953053
3 261 659 185 0.49277084507593993 0.46051032639470335 0.4534372548953053
3 524 262 261 0.49277084507593993 0.46051032639470335 0.4534372548953053
3 262 660 261 0.49277084507593993 0.46051032639470335 0.4534372548953053
3 261 660 659 0.49277084507593993 0.46051032639470335 0.4534372548953053
3 930 360 931 0.49277084507593993 0.46051032639470335 0.4534372548953053
3 360 361 931 0.49277084507593993 0.46051032639470335 0.4534372548953053
3 464 465 364 0.49277084507593993 0.46051032639470335 0.4534372548953053
3 364 542 91 0.49277084507593993 0.46051032639470335 0.4534372548953053
3 364 90 464 0.49277084507593993 0.46051032639470335 0.4534372548953053
3 364 91 90 0.49277084507593993 0.46051032639470335 0.4534372548953053
3 370 93 92 0.49277084507593993 0.46051032639470335 0.4534372548953053
3 92 542 370 0.49277084507593993 0.46051032639470335 0.4534372548953053
3 570 569 678 0.49277084507593993 0.46051032639470335 0.4534372548953053
3 267 660 661 0.49277084507593993 0.46051032639470335 0.4534372548953053
3 263 662 661 0.49277084507593993 0.46051032639470335 0.4534372548953053
3 661 262 263 0.49277084507593993 0.46051032639470335 0.4534372548953053
3 661 660 262 0.49277084507593993 0.46051032639470335 0.4534372548953053
3 526 260 527 0.49277084507593993 0.46051032639470335 0.4534372548953053
3 526 263 525 0.49277084507593993 0.46051032639470335 0.4534372548953053
3 664 528 529 0.49277084507593993 0.46051032639470335 0.4534372548953053
3 529 528 855 0.49277084507593993 0.46051032639470335 0.4534372548953053
3 854 358 855 0.49277084507593993 0.46051032639470335 0.4534372548953053
3 855 528 854 0.49277084507593993 0.46051032639470335 0.4534372548953053
3 853 256 854 0.49277084507593993 0.46051032639470335 0.4534372548953053
3 256 358 854 0.49277084507593993 0.46051032639470335 0.4534372548953053
3 854 260 853 0.49277084507593993 0.46051032639470335 0.4534372548953053
3 854 528 260 0.49277084507593993 0.46051032639470335 0.4534372548953053
3 264 662 263 0.49277084507593993 0.46051032639470335 0.4534372548953053
3 263 526 264 0.49277084507593993 0.46051032639470335 0.4534372548953053
3 264 526 527 0.49277084507593993 0.46051032639470335 0.4534372548953053
3 663 662 264 0.49277084507593993 0.46051032639470335 0.4534372548953053
3 264 528 663 0.49277084507593993 0.46051032639470335 0.4534372548953053
3 527 528 264 0.49277084507593993 0.46051032639470335 0.4534372548953053
3 267 661 268 0.49277084507593993 0.46051032639470335 0.4534372548953053
3 268 661 662 0.49277084507593993 0.46051032639470335 0.4534372548953053
3 268 662 663 0.49277084507593993 0.46051032639470335 0.4534372548953053
3 240 795 794 0.49277084507593993 0.46051032639470335 0.4534372548953053
3 440 795 240 0.49277084507593993 0.46051032639470335 0.4534372548953053
3 513 731 730 0.49277084507593993 0.46051032639470335 0.4534372548953053
3 730 512 513 0.49277084507593993 0.46051032639470335 0.4534372548953053
3 842 513 841 0.49277084507593993 0.46051032639470335 0.4534372548953053
3 841 513 512 0.49277084507593993 0.46051032639470335 0.4534372548953053
3 446 427 426 0.49277084507593993 0.46051032639470335 0.4534372548953053
3 794 795 446 0.49277084507593993 0.46051032639470335 0.4534372548953053
3 334 424 335 0.49277084507593993 0.46051032639470335 0.4534372548953053
3 335 242 334 0.49277084507593993 0.46051032639470335 0.4534372548953053
3 242 335 243 0.49277084507593993 0.46051032639470335 0.4534372548953053
3 245 835 246 0.49277084507593993 0.46051032639470335 0.4534372548953053
3 792 793 444 0.49277084507593993 0.46051032639470335 0.4534372548953053
3 444 443 792 0.49277084507593993 0.46051032639470335 0.4534372548953053
3 424 443 444 0.49277084507593993 0.46051032639470335 0.4534372548953053
3 436 624 437 0.49277084507593993 0.46051032639470335 0.4534372548953053
3 437 624 625 0.49277084507593993 0.46051032639470335 0.4534372548953053
3 352 351 517 0.49277084507593993 0.46051032639470335 0.4534372548953053
3 739 351 352 0.49277084507593993 0.46051032639470335 0.4534372548953053
3 461 433 460 0.49277084507593993 0.46051032639470335 0.4534372548953053
3 459 739 460 0.49277084507593993 0.46051032639470335 0.4534372548953053
3 460 432 459 0.49277084507593993 0.46051032639470335 0.4534372548953053
3 460 433 432 0.49277084507593993 0.46051032639470335 0.4534372548953053
3 453 726 727 0.49277084507593993 0.46051032639470335 0.4534372548953053
3 737 350 738 0.49277084507593993 0.46051032639470335 0.4534372548953053
3 350 351 738 0.49277084507593993 0.46051032639470335 0.4534372548953053
3 738 739 459 0.49277084507593993 0.46051032639470335 0.4534372548953053
3 738 351 739 0.49277084507593993 0.46051032639470335 0.4534372548953053
3 939 938 668 0.49277084507593993 0.46051032639470335 0.4534372548953053
3 938 541 668 0.49277084507593993 0.46051032639470335 0.4534372548953053
3 665 530 666 0.49277084507593993 0.46051032639470335 0.4534372548953053
3 664 529 665 0.49277084507593993 0.46051032639470335 0.4534372548953053
3 665 529 530 0.49277084507593993 0.46051032639470335 0.4534372548953053
3 857 743 744 0.49277084507593993 0.46051032639470335 0.4534372548953053
3 509 510 343 0.49277084507593993 0.46051032639470335 0.4534372548953053
3 727 342 343 0.49277084507593993 0.46051032639470335 0.4534372548953053
3 343 342 509 0.49277084507593993 0.46051032639470335 0.4534372548953053
3 840 841 512 0.49277084507593993 0.46051032639470335 0.4534372548953053
3 839 338 840 0.49277084507593993 0.46051032639470335 0.4534372548953053
3 429 841 840 0.49277084507593993 0.46051032639470335 0.4534372548953053
3 840 338 429 0.49277084507593993 0.46051032639470335 0.4534372548953053
3 726 725 341 0.49277084507593993 0.46051032639470335 0.4534372548953053
3 508 342 341 0.49277084507593993 0.46051032639470335 0.4534372548953053
3 341 342 726 0.49277084507593993 0.46051032639470335 0.4534372548953053
3 341 725 340 0.49277084507593993 0.46051032639470335 0.4534372548953053
3 744 743 522 0.49277084507593993 0.46051032639470335 0.4534372548953053
3 743 521 522 0.49277084507593993 0.46051032639470335 0.4534372548953053
3 919 920 522 0.49277084507593993 0.46051032639470335 0.4534372548953053
3 522 521 919 0.49277084507593993 0.46051032639470335 0.4534372548953053
3 213 583 214 0.49277084507593993 0.46051032639470335 0.4534372548953053
3 213 488 127 0.49277084507593993 0.46051032639470335 0.4534372548953053
3 401 685 686 0.49277084507593993 0.46051032639470335 0.4534372548953053
3 685 305 686 0.49277084507593993 0.46051032639470335 0.4534372548953053
3 232 712 231 0.49277084507593993 0.46051032639470335 0.4534372548953053
3 232 501 714 0.49277084507593993 0.46051032639470335 0.4534372548953053
3 149 897 150 0.49277084507593993 0.46051032639470335 0.4534372548953053
3 418 624 151 0.49277084507593993 0.46051032639470335 0.4534372548953053
3 418 151 150 0.49277084507593993 0.46051032639470335 0.4534372548953053
3 150 897 418 0.49277084507593993 0.46051032639470335 0.4534372548953053
3 625 624 418 0.49277084507593993 0.46051032639470335 0.4534372548953053
3 230 229 498 0.49277084507593993 0.46051032639470335 0.4534372548953053
3 231 711 230 0.49277084507593993 0.46051032639470335 0.4534372548953053
3 710 229 230 0.49277084507593993 0.46051032639470335 0.4534372548953053
3 230 711 710 0.49277084507593993 0.46051032639470335 0.4534372548953053
3 710 711 233 0.49277084507593993 0.46051032639470335 0.4534372548953053
3 233 147 710 0.49277084507593993 0.46051032639470335 0.4534372548953053
3 233 148 147 0.49277084507593993 0.46051032639470335 0.4534372548953053
3 957 940 941 0.49277084507593993 0.46051032639470335 0.4534372548953053
3 957 958 761 0.49277084507593993 0.46051032639470335 0.4534372548953053
3 941 958 957 0.49277084507593993 0.46051032639470335 0.4534372548953053
3 682 759 760 0.49277084507593993 0.46051032639470335 0.4534372548953053
3 760 957 761 0.49277084507593993 0.46051032639470335 0.4534372548953053
3 941 940 670 0.49277084507593993 0.46051032639470335 0.4534372548953053
3 670 862 941 0.49277084507593993 0.46051032639470335 0.4534372548953053
3 761 958 762 0.49277084507593993 0.46051032639470335 0.4534372548953053
3 817 776 775 0.49277084507593993 0.46051032639470335 0.4534372548953053
3 799 632 800 0.49277084507593993 0.46051032639470335 0.4534372548953053
3 877 790 789 0.49277084507593993 0.46051032639470335 0.4534372548953053
3 789 876 877 0.49277084507593993 0.46051032639470335 0.4534372548953053
3 880 960 961 0.49277084507593993 0.46051032639470335 0.4534372548953053
3 912 961 928 0.49277084507593993 0.46051032639470335 0.4534372548953053
3 910 722 833 0.49277084507593993 0.46051032639470335 0.4534372548953053
3 698 697 407 0.49277084507593993 0.46051032639470335 0.4534372548953053
3 407 697 406 0.49277084507593993 0.46051032639470335 0.4534372548953053
3 316 615 315 0.49277084507593993 0.46051032639470335 0.4534372548953053
3 616 615 316 0.49277084507593993 0.46051032639470335 0.4534372548953053
3 316 317 616 0.49277084507593993 0.46051032639470335 0.4534372548953053
3 489 218 488 0.49277084507593993 0.46051032639470335 0.4534372548953053
3 489 213 214 0.49277084507593993 0.46051032639470335 0.4534372548953053
3 488 213 489 0.49277084507593993 0.46051032639470335 0.4534372548953053
3 214 490 489 0.49277084507593993 0.46051032639470335 0.4534372548953053
3 490 219 489 0.49277084507593993 0.46051032639470335 0.4534372548953053
3 219 218 489 0.49277084507593993 0.46051032639470335 0.4534372548953053
3 882 881 217 0.49277084507593993 0.46051032639470335 0.4534372548953053
3 217 218 882 0.49277084507593993 0.46051032639470335 0.4534372548953053
3 315 881 882 0.49277084507593993 0.46051032639470335 0.4534372548953053
3 882 316 315 0.49277084507593993 0.46051032639470335 0.4534372548953053
3 138 697 412 0.49277084507593993 0.46051032639470335 0.4534372548953053
3 412 697 698 0.49277084507593993 0.46051032639470335 0.4534372548953053
3 138 412 139 0.49277084507593993 0.46051032639470335 0.4534372548953053
3 647 140 139 0.49277084507593993 0.46051032639470335 0.4534372548953053
3 820 821 225 0.49277084507593993 0.46051032639470335 0.4534372548953053
3 820 143 142 0.49277084507593993 0.46051032639470335 0.4534372548953053
3 225 143 820 0.49277084507593993 0.46051032639470335 0.4534372548953053
3 498 227 499 0.49277084507593993 0.46051032639470335 0.4534372548953053
3 231 230 499 0.49277084507593993 0.46051032639470335 0.4534372548953053
3 499 230 498 0.49277084507593993 0.46051032639470335 0.4534372548953053
3 823 328 824 0.49277084507593993 0.46051032639470335 0.4534372548953053
3 224 328 823 0.49277084507593993 0.46051032639470335 0.4534372548953053
3 224 823 822 0.49277084507593993 0.46051032639470335 0.4534372548953053
3 822 823 227 0.49277084507593993 0.46051032639470335 0.4534372548953053
3 226 821 822 0.49277084507593993 0.46051032639470335 0.4534372548953053
3 822 227 226 0.49277084507593993 0.46051032639470335 0.4534372548953053
3 328 327 651 0.49277084507593993 0.46051032639470335 0.4534372548953053
3 323 417 651 0.49277084507593993 0.46051032639470335 0.4534372548953053
3 414 413 699 0.49277084507593993 0.46051032639470335 0.4534372548953053
3 699 413 698 0.49277084507593993 0.46051032639470335 0.4534372548953053
3 699 700 414 0.49277084507593993 0.46051032639470335 0.4534372548953053
3 699 409 700 0.49277084507593993 0.46051032639470335 0.4534372548953053
3 502 825 826 0.49277084507593993 0.46051032639470335 0.4534372548953053
3 826 825 653 0.49277084507593993 0.46051032639470335 0.4534372548953053
3 653 654 826 0.49277084507593993 0.46051032639470335 0.4534372548953053
3 888 621 620 0.49277084507593993 0.46051032639470335 0.4534372548953053
3 620 621 704 0.49277084507593993 0.46051032639470335 0.4534372548953053
3 622 706 705 0.49277084507593993 0.46051032639470335 0.4534372548953053
3 705 621 622 0.49277084507593993 0.46051032639470335 0.4534372548953053
3 645 694 695 0.49277084507593993 0.46051032639470335 0.4534372548953053
3 653 825 652 0.49277084507593993 0.46051032639470335 0.4534372548953053
3 328 651 652 0.49277084507593993 0.46051032639470335 0.4534372548953053
3 652 651 417 0.49277084507593993 0.46051032639470335 0.4534372548953053
3 652 825 824 0.49277084507593993 0.46051032639470335 0.4534372548953053
3 824 328 652 0.49277084507593993 0.46051032639470335 0.4534372548953053
3 888 620 887 0.49277084507593993 0.46051032639470335 0.4534372548953053
3 887 620 619 0.49277084507593993 0.46051032639470335 0.4534372548953053
3 618 619 411 0.49277084507593993 0.46051032639470335 0.4534372548953053
3 703 704 653 0.49277084507593993 0.46051032639470335 0.4534372548953053
3 703 620 704 0.49277084507593993 0.46051032639470335 0.4534372548953053
3 619 620 703 0.49277084507593993 0.46051032639470335 0.4534372548953053
3 703 411 619 0.49277084507593993 0.46051032639470335 0.4534372548953053
3 653 652 703 0.49277084507593993 0.46051032639470335 0.4534372548953053
3 703 652 417 0.49277084507593993 0.46051032639470335 0.4534372548953053
3 889 496 890 0.49277084507593993 0.46051032639470335 0.4534372548953053
3 890 622 889 0.49277084507593993 0.46051032639470335 0.4534372548953053
3 889 622 621 0.49277084507593993 0.46051032639470335 0.4534372548953053
3 889 621 888 0.49277084507593993 0.46051032639470335 0.4534372548953053
3 888 495 889 0.49277084507593993 0.46051032639470335 0.4534372548953053
3 495 496 889 0.49277084507593993 0.46051032639470335 0.4534372548953053
3 588 641 642 0.49277084507593993 0.46051032639470335 0.4534372548953053
3 618 318 886 0.49277084507593993 0.46051032639470335 0.4534372548953053
3 318 885 886 0.49277084507593993 0.46051032639470335 0.4534372548953053
3 886 619 618 0.49277084507593993 0.46051032639470335 0.4534372548953053
3 886 887 619 0.49277084507593993 0.46051032639470335 0.4534372548953053
3 493 887 886 0.49277084507593993 0.46051032639470335 0.4534372548953053
3 886 492 493 0.49277084507593993 0.46051032639470335 0.4534372548953053
3 885 492 886 0.49277084507593993 0.46051032639470335 0.4534372548953053
3 216 585 586 0.49277084507593993 0.46051032639470335 0.4534372548953053
3 586 492 216 0.49277084507593993 0.46051032639470335 0.4534372548953053
3 586 585 212 0.49277084507593993 0.46051032639470335 0.4534372548953053
3 700 409 410 0.49277084507593993 0.46051032639470335 0.4534372548953053
3 410 701 700 0.49277084507593993 0.46051032639470335 0.4534372548953053
3 410 409 617 0.49277084507593993 0.46051032639470335 0.4534372548953053
3 410 411 701 0.49277084507593993 0.46051032639470335 0.4534372548953053
3 410 617 618 0.49277084507593993 0.46051032639470335 0.4534372548953053
3 618 411 410 0.49277084507593993 0.46051032639470335 0.4534372548953053
3 700 701 415 0.49277084507593993 0.46051032639470335 0.4534372548953053
3 322 321 415 0.49277084507593993 0.46051032639470335 0.4534372548953053
3 414 700 415 0.49277084507593993 0.46051032639470335 0.4534372548953053
3 415 321 414 0.49277084507593993 0.46051032639470335 0.4534372548953053
3 416 417 323 0.49277084507593993 0.46051032639470335 0.4534372548953053
3 416 323 322 0.49277084507593993 0.46051032639470335 0.4534372548953053
3 322 415 416 0.49277084507593993 0.46051032639470335 0.4534372548953053
3 416 415 701 0.49277084507593993 0.46051032639470335 0.4534372548953053
3 572 377 376 0.49277084507593993 0.46051032639470335 0.4534372548953053
3 573 377 572 0.49277084507593993 0.46051032639470335 0.4534372548953053
3 104 103 572 0.49277084507593993 0.46051032639470335 0.4534372548953053
3 572 376 104 0.49277084507593993 0.46051032639470335 0.4534372548953053
3 295 296 574 0.49277084507593993 0.46051032639470335 0.4534372548953053
3 574 573 295 0.49277084507593993 0.46051032639470335 0.4534372548953053
3 194 203 204 0.49277084507593993 0.46051032639470335 0.4534372548953053
3 301 302 204 0.49277084507593993 0.46051032639470335 0.4534372548953053
3 204 203 301 0.49277084507593993 0.46051032639470335 0.4534372548953053
3 474 398 397 0.49277084507593993 0.46051032639470335 0.4534372548953053
3 302 396 397 0.49277084507593993 0.46051032639470335 0.4534372548953053
3 473 474 397 0.49277084507593993 0.46051032639470335 0.4534372548953053
3 397 396 473 0.49277084507593993 0.46051032639470335 0.4534372548953053
3 303 399 782 0.49277084507593993 0.46051032639470335 0.4534372548953053
3 303 398 399 0.49277084507593993 0.46051032639470335 0.4534372548953053
3 303 204 302 0.49277084507593993 0.46051032639470335 0.4534372548953053
3 302 397 303 0.49277084507593993 0.46051032639470335 0.4534372548953053
3 303 397 398 0.49277084507593993 0.46051032639470335 0.4534372548953053
3 399 398 475 0.49277084507593993 0.46051032639470335 0.4534372548953053
3 475 476 399 0.49277084507593993 0.46051032639470335 0.4534372548953053
3 475 474 869 0.49277084507593993 0.46051032639470335 0.4534372548953053
3 475 398 474 0.49277084507593993 0.46051032639470335 0.4534372548953053
3 475 869 870 0.49277084507593993 0.46051032639470335 0.4534372548953053
3 870 476 475 0.49277084507593993 0.46051032639470335 0.4534372548953053
3 486 692 691 0.49277084507593993 0.46051032639470335 0.4534372548953053
3 691 692 642 0.49277084507593993 0.46051032639470335 0.4534372548953053
3 642 641 691 0.49277084507593993 0.46051032639470335 0.4534372548953053
3 691 641 690 0.49277084507593993 0.46051032639470335 0.4534372548953053
3 486 783 784 0.49277084507593993 0.46051032639470335 0.4534372548953053
3 693 786 694 0.49277084507593993 0.46051032639470335 0.4534372548953053
3 875 788 787 0.49277084507593993 0.46051032639470335 0.4534372548953053
3 694 786 787 0.49277084507593993 0.46051032639470335 0.4534372548953053
3 787 788 695 0.49277084507593993 0.46051032639470335 0.4534372548953053
3 695 694 787 0.49277084507593993 0.46051032639470335 0.4534372548953053
3 477 783 399 0.49277084507593993 0.46051032639470335 0.4534372548953053
3 477 871 478 0.49277084507593993 0.46051032639470335 0.4534372548953053
3 478 784 477 0.49277084507593993 0.46051032639470335 0.4534372548953053
3 477 784 783 0.49277084507593993 0.46051032639470335 0.4534372548953053
3 399 476 477 0.49277084507593993 0.46051032639470335 0.4534372548953053
3 870 871 477 0.49277084507593993 0.46051032639470335 0.4534372548953053
3 477 476 870 0.49277084507593993 0.46051032639470335 0.4534372548953053
3 485 783 486 0.49277084507593993 0.46051032639470335 0.4534372548953053
3 485 691 690 0.49277084507593993 0.46051032639470335 0.4534372548953053
3 486 691 485 0.49277084507593993 0.46051032639470335 0.4534372548953053
3 485 690 484 0.49277084507593993 0.46051032639470335 0.4534372548953053
3 485 484 782 0.49277084507593993 0.46051032639470335 0.4534372548953053
3 782 783 485 0.49277084507593993 0.46051032639470335 0.4534372548953053
3 570 571 814 0.49277084507593993 0.46051032639470335 0.4534372548953053
3 815 581 814 0.49277084507593993 0.46051032639470335 0.4534372548953053
3 814 571 815 0.49277084507593993 0.46051032639470335 0.4534372548953053
3 579 812 580 0.49277084507593993 0.46051032639470335 0.4534372548953053
3 580 771 579 0.49277084507593993 0.46051032639470335 0.4534372548953053
3 774 773 815 0.49277084507593993 0.46051032639470335 0.4534372548953053
3 775 877 774 0.49277084507593993 0.46051032639470335 0.4534372548953053
3 774 877 876 0.49277084507593993 0.46051032639470335 0.4534372548953053
3 612 876 875 0.49277084507593993 0.46051032639470335 0.4534372548953053
3 612 774 876 0.49277084507593993 0.46051032639470335 0.4534372548953053
3 773 774 612 0.49277084507593993 0.46051032639470335 0.4534372548953053
3 579 771 770 0.49277084507593993 0.46051032639470335 0.4534372548953053
3 770 578 579 0.49277084507593993 0.46051032639470335 0.4534372548953053
3 769 578 770 0.49277084507593993 0.46051032639470335 0.4534372548953053
3 609 769 770 0.49277084507593993 0.46051032639470335 0.4534372548953053
3 581 773 772 0.49277084507593993 0.46051032639470335 0.4534372548953053
3 772 580 581 0.49277084507593993 0.46051032639470335 0.4534372548953053
3 771 580 772 0.49277084507593993 0.46051032639470335 0.4534372548953053
3 773 612 772 0.49277084507593993 0.46051032639470335 0.4534372548953053
3 575 379 574 0.49277084507593993 0.46051032639470335 0.4534372548953053
3 575 296 297 0.49277084507593993 0.46051032639470335 0.4534372548953053
3 574 296 575 0.49277084507593993 0.46051032639470335 0.4534372548953053
3 386 385 766 0.49277084507593993 0.46051032639470335 0.4534372548953053
3 766 385 765 0.49277084507593993 0.46051032639470335 0.4534372548953053
3 765 378 766 0.49277084507593993 0.46051032639470335 0.4534372548953053
3 378 379 766 0.49277084507593993 0.46051032639470335 0.4534372548953053
3 778 206 777 0.49277084507593993 0.46051032639470335 0.4534372548953053
3 777 192 778 0.49277084507593993 0.46051032639470335 0.4534372548953053
3 688 404 403 0.49277084507593993 0.46051032639470335 0.4534372548953053
3 688 689 404 0.49277084507593993 0.46051032639470335 0.4534372548953053
3 306 305 480 0.49277084507593993 0.46051032639470335 0.4534372548953053
3 480 481 306 0.49277084507593993 0.46051032639470335 0.4534372548953053
3 306 686 305 0.49277084507593993 0.46051032639470335 0.4534372548953053
3 207 481 206 0.49277084507593993 0.46051032639470335 0.4534372548953053
3 206 778 207 0.49277084507593993 0.46051032639470335 0.4534372548953053
3 638 312 313 0.49277084507593993 0.46051032639470335 0.4534372548953053
3 637 312 638 0.49277084507593993 0.46051032639470335 0.4534372548953053
3 212 211 638 0.49277084507593993 0.46051032639470335 0.4534372548953053
3 211 637 638 0.49277084507593993 0.46051032639470335 0.4534372548953053
3 162 245 163 0.49277084507593993 0.46051032639470335 0.4534372548953053
3 245 506 163 0.49277084507593993 0.46051032639470335 0.4534372548953053
3 163 506 164 0.49277084507593993 0.46051032639470335 0.4534372548953053
3 241 835 161 0.49277084507593993 0.46051032639470335 0.4534372548953053
3 241 160 334 0.49277084507593993 0.46051032639470335 0.4534372548953053
3 161 160 241 0.49277084507593993 0.46051032639470335 0.4534372548953053
3 334 242 241 0.49277084507593993 0.46051032639470335 0.4534372548953053
3 914 913 195 0.49277084507593993 0.46051032639470335 0.4534372548953053
3 195 196 914 0.49277084507593993 0.46051032639470335 0.4534372548953053
3 199 913 914 0.49277084507593993 0.46051032639470335 0.4534372548953053
3 914 196 915 0.49277084507593993 0.46051032639470335 0.4534372548953053
3 914 200 199 0.49277084507593993 0.46051032639470335 0.4534372548953053
3 914 915 200 0.49277084507593993 0.46051032639470335 0.4534372548953053
3 344 451 345 0.49277084507593993 0.46051032639470335 0.4534372548953053
3 345 249 344 0.49277084507593993 0.46051032639470335 0.4534372548953053
3 250 249 345 0.49277084507593993 0.46051032639470335 0.4534372548953053
3 346 250 345 0.49277084507593993 0.46051032639470335 0.4534372548953053
3 458 457 737 0.49277084507593993 0.46051032639470335 0.4534372548953053
3 737 738 458 0.49277084507593993 0.46051032639470335 0.4534372548953053
3 458 431 430 0.49277084507593993 0.46051032639470335 0.4534372548953053
3 430 457 458 0.49277084507593993 0.46051032639470335 0.4534372548953053
3 459 431 458 0.49277084507593993 0.46051032639470335 0.4534372548953053
3 458 738 459 0.49277084507593993 0.46051032639470335 0.4534372548953053
3 258 851 852 0.49277084507593993 0.46051032639470335 0.4534372548953053
3 257 851 258 0.49277084507593993 0.46051032639470335 0.4534372548953053
3 525 524 258 0.49277084507593993 0.46051032639470335 0.4534372548953053
3 524 257 258 0.49277084507593993 0.46051032639470335 0.4534372548953053
3 434 435 358 0.49277084507593993 0.46051032639470335 0.4534372548953053
3 434 433 461 0.49277084507593993 0.46051032639470335 0.4534372548953053
3 434 358 357 0.49277084507593993 0.46051032639470335 0.4534372548953053
3 357 433 434 0.49277084507593993 0.46051032639470335 0.4534372548953053
3 365 364 465 0.49277084507593993 0.46051032639470335 0.4534372548953053
3 542 364 365 0.49277084507593993 0.46051032639470335 0.4534372548953053
3 94 93 269 0.49277084507593993 0.46051032639470335 0.4534372548953053
3 93 370 269 0.49277084507593993 0.46051032639470335 0.4534372548953053
3 564 291 563 0.49277084507593993 0.46051032639470335 0.4534372548953053
3 292 808 291 0.49277084507593993 0.46051032639470335 0.4534372548953053
3 291 564 292 0.49277084507593993 0.46051032639470335 0.4534372548953053
3 292 564 565 0.49277084507593993 0.46051032639470335 0.4534372548953053
3 292 809 808 0.49277084507593993 0.46051032639470335 0.4534372548953053
3 567 811 810 0.49277084507593993 0.46051032639470335 0.4534372548953053
3 759 681 561 0.49277084507593993 0.46051032639470335 0.4534372548953053
3 561 758 759 0.49277084507593993 0.46051032639470335 0.4534372548953053
3 681 680 561 0.49277084507593993 0.46051032639470335 0.4534372548953053
3 260 526 259 0.49277084507593993 0.46051032639470335 0.4534372548953053
3 259 852 853 0.49277084507593993 0.46051032639470335 0.4534372548953053
3 853 260 259 0.49277084507593993 0.46051032639470335 0.4534372548953053
3 259 258 852 0.49277084507593993 0.46051032639470335 0.4534372548953053
3 259 526 525 0.49277084507593993 0.46051032639470335 0.4534372548953053
3 525 258 259 0.49277084507593993 0.46051032639470335 0.4534372548953053
3 445 446 426 0.49277084507593993 0.46051032639470335 0.4534372548953053
3 445 444 793 0.49277084507593993 0.46051032639470335 0.4534372548953053
3 445 793 794 0.49277084507593993 0.46051032639470335 0.4534372548953053
3 794 446 445 0.49277084507593993 0.46051032639470335 0.4534372548953053
3 429 338 428 0.49277084507593993 0.46051032639470335 0.4534372548953053
3 336 243 335 0.49277084507593993 0.46051032639470335 0.4534372548953053
3 245 246 507 0.49277084507593993 0.46051032639470335 0.4534372548953053
3 340 506 507 0.49277084507593993 0.46051032639470335 0.4534372548953053
3 507 506 245 0.49277084507593993 0.46051032639470335 0.4534372548953053
3 507 341 340 0.49277084507593993 0.46051032639470335 0.4534372548953053
3 507 246 508 0.49277084507593993 0.46051032639470335 0.4534372548953053
3 508 341 507 0.49277084507593993 0.46051032639470335 0.4534372548953053
3 836 246 835 0.49277084507593993 0.46051032639470335 0.4534372548953053
3 836 241 242 0.49277084507593993 0.46051032639470335 0.4534372548953053
3 835 241 836 0.49277084507593993 0.46051032639470335 0.4534372548953053
3 425 335 424 0.49277084507593993 0.46051032639470335 0.4534372548953053
3 424 444 425 0.49277084507593993 0.46051032639470335 0.4534372548953053
3 426 336 425 0.49277084507593993 0.46051032639470335 0.4534372548953053
3 425 336 335 0.49277084507593993 0.46051032639470335 0.4534372548953053
3 425 445 426 0.49277084507593993 0.46051032639470335 0.4534372548953053
3 444 445 425 0.49277084507593993 0.46051032639470335 0.4534372548953053
3 238 793 792 0.49277084507593993 0.46051032639470335 0.4534372548953053
3 792 237 238 0.49277084507593993 0.46051032639470335 0.4534372548953053
3 238 237 436 0.49277084507593993 0.46051032639470335 0.4534372548953053
3 436 437 238 0.49277084507593993 0.46051032639470335 0.4534372548953053
3 438 437 625 0.49277084507593993 0.46051032639470335 0.4534372548953053
3 519 917 520 0.49277084507593993 0.46051032639470335 0.4534372548953053
3 518 517 200 0.49277084507593993 0.46051032639470335 0.4534372548953053
3 518 352 517 0.49277084507593993 0.46051032639470335 0.4534372548953053
3 729 512 730 0.49277084507593993 0.46051032639470335 0.4534372548953053
3 454 455 348 0.49277084507593993 0.46051032639470335 0.4534372548953053
3 454 453 727 0.49277084507593993 0.46051032639470335 0.4534372548953053
3 452 725 726 0.49277084507593993 0.46051032639470335 0.4534372548953053
3 726 453 452 0.49277084507593993 0.46051032639470335 0.4534372548953053
3 452 453 346 0.49277084507593993 0.46051032639470335 0.4534372548953053
3 452 451 725 0.49277084507593993 0.46051032639470335 0.4534372548953053
3 346 345 452 0.49277084507593993 0.46051032639470335 0.4534372548953053
3 452 345 451 0.49277084507593993 0.46051032639470335 0.4534372548953053
3 251 250 346 0.49277084507593993 0.46051032639470335 0.4534372548953053
3 251 196 250 0.49277084507593993 0.46051032639470335 0.4534372548953053
3 938 955 954 0.49277084507593993 0.46051032639470335 0.4534372548953053
3 559 678 558 0.49277084507593993 0.46051032639470335 0.4534372548953053
3 667 541 666 0.49277084507593993 0.46051032639470335 0.4534372548953053
3 667 668 541 0.49277084507593993 0.46051032639470335 0.4534372548953053
3 666 530 531 0.49277084507593993 0.46051032639470335 0.4534372548953053
3 530 857 531 0.49277084507593993 0.46051032639470335 0.4534372548953053
3 531 667 666 0.49277084507593993 0.46051032639470335 0.4534372548953053
3 856 857 530 0.49277084507593993 0.46051032639470335 0.4534372548953053
3 856 529 855 0.49277084507593993 0.46051032639470335 0.4534372548953053
3 530 529 856 0.49277084507593993 0.46051032639470335 0.4534372548953053
3 855 435 856 0.49277084507593993 0.46051032639470335 0.4534372548953053
3 744 522 523 0.49277084507593993 0.46051032639470335 0.4534372548953053
3 921 922 523 0.49277084507593993 0.46051032639470335 0.4534372548953053
3 523 920 921 0.49277084507593993 0.46051032639470335 0.4534372548953053
3 523 522 920 0.49277084507593993 0.46051032639470335 0.4534372548953053
3 735 734 846 0.49277084507593993 0.46051032639470335 0.4534372548953053
3 735 848 926 0.49277084507593993 0.46051032639470335 0.4534372548953053
3 733 922 732 0.49277084507593993 0.46051032639470335 0.4534372548953053
3 923 746 922 0.49277084507593993 0.46051032639470335 0.4534372548953053
3 922 733 923 0.49277084507593993 0.46051032639470335 0.4534372548953053
3 923 733 734 0.49277084507593993 0.46051032639470335 0.4534372548953053
3 926 863 748 0.49277084507593993 0.46051032639470335 0.4534372548953053
3 748 863 862 0.49277084507593993 0.46051032639470335 0.4534372548953053
3 740 741 461 0.49277084507593993 0.46051032639470335 0.4534372548953053
3 739 352 740 0.49277084507593993 0.46051032639470335 0.4534372548953053
3 461 460 740 0.49277084507593993 0.46051032639470335 0.4534372548953053
3 740 460 739 0.49277084507593993 0.46051032639470335 0.4534372548953053
3 742 521 743 0.49277084507593993 0.46051032639470335 0.4534372548953053
3 742 520 521 0.49277084507593993 0.46051032639470335 0.4534372548953053
3 741 520 742 0.49277084507593993 0.46051032639470335 0.4534372548953053
3 583 213 582 0.49277084507593993 0.46051032639470335 0.4534372548953053
3 209 210 582 0.49277084507593993 0.46051032639470335 0.4534372548953053
3 210 583 582 0.49277084507593993 0.46051032639470335 0.4534372548953053
3 126 209 582 0.49277084507593993 0.46051032639470335 0.4534372548953053
3 582 127 126 0.49277084507593993 0.46051032639470335 0.4534372548953053
3 582 213 127 0.49277084507593993 0.46051032639470335 0.4534372548953053
3 402 310 401 0.49277084507593993 0.46051032639470335 0.4534372548953053
3 401 686 402 0.49277084507593993 0.46051032639470335 0.4534372548953053
3 311 310 402 0.49277084507593993 0.46051032639470335 0.4534372548953053
3 402 403 311 0.49277084507593993 0.46051032639470335 0.4534372548953053
3 940 957 956 0.49277084507593993 0.46051032639470335 0.4534372548953053
3 957 760 956 0.49277084507593993 0.46051032639470335 0.4534372548953053
3 956 955 939 0.49277084507593993 0.46051032639470335 0.4534372548953053
3 939 940 956 0.49277084507593993 0.46051032639470335 0.4534372548953053
3 759 955 956 0.49277084507593993 0.46051032639470335 0.4534372548953053
3 956 760 759 0.49277084507593993 0.46051032639470335 0.4534372548953053
3 942 958 941 0.49277084507593993 0.46051032639470335 0.4534372548953053
3 941 862 942 0.49277084507593993 0.46051032639470335 0.4534372548953053
3 862 863 942 0.49277084507593993 0.46051032639470335 0.4534372548953053
3 863 943 942 0.49277084507593993 0.46051032639470335 0.4534372548953053
3 669 940 939 0.49277084507593993 0.46051032639470335 0.4534372548953053
3 669 670 940 0.49277084507593993 0.46051032639470335 0.4534372548953053
3 939 668 669 0.49277084507593993 0.46051032639470335 0.4534372548953053
3 669 668 859 0.49277084507593993 0.46051032639470335 0.4534372548953053
3 859 746 860 0.49277084507593993 0.46051032639470335 0.4534372548953053
3 860 669 859 0.49277084507593993 0.46051032639470335 0.4534372548953053
3 670 669 860 0.49277084507593993 0.46051032639470335 0.4534372548953053
3 818 762 819 0.49277084507593993 0.46051032639470335 0.4534372548953053
3 819 776 818 0.49277084507593993 0.46051032639470335 0.4534372548953053
3 776 817 818 0.49277084507593993 0.46051032639470335 0.4534372548953053
3 802 803 846 0.49277084507593993 0.46051032639470335 0.4534372548953053
3 802 801 634 0.49277084507593993 0.46051032639470335 0.4534372548953053
3 846 803 847 0.49277084507593993 0.46051032639470335 0.4534372548953053
3 847 735 846 0.49277084507593993 0.46051032639470335 0.4534372548953053
3 848 735 847 0.49277084507593993 0.46051032639470335 0.4534372548953053
3 848 847 804 0.49277084507593993 0.46051032639470335 0.4534372548953053
3 804 847 803 0.49277084507593993 0.46051032639470335 0.4534372548953053
3 909 722 910 0.49277084507593993 0.46051032639470335 0.4534372548953053
3 910 804 909 0.49277084507593993 0.46051032639470335 0.4534372548953053
3 909 804 803 0.49277084507593993 0.46051032639470335 0.4534372548953053
3 633 800 632 0.49277084507593993 0.46051032639470335 0.4534372548953053
3 634 801 633 0.49277084507593993 0.46051032639470335 0.4534372548953053
3 801 800 633 0.49277084507593993 0.46051032639470335 0.4534372548953053
3 775 776 878 0.49277084507593993 0.46051032639470335 0.4534372548953053
3 878 877 775 0.49277084507593993 0.46051032639470335 0.4534372548953053
3 790 877 878 0.49277084507593993 0.46051032639470335 0.4534372548953053
3 878 776 879 0.49277084507593993 0.46051032639470335 0.4534372548953053
3 879 790 878 0.49277084507593993 0.46051032639470335 0.4534372548953053
3 926 848 927 0.49277084507593993 0.46051032639470335 0.4534372548953053
3 927 863 926 0.49277084507593993 0.46051032639470335 0.4534372548953053
3 911 804 910 0.49277084507593993 0.46051032639470335 0.4534372548953053
3 709 833 832 0.49277084507593993 0.46051032639470335 0.4534372548953053
3 832 833 722 0.49277084507593993 0.46051032639470335 0.4534372548953053
3 895 790 879 0.49277084507593993 0.46051032639470335 0.4534372548953053
3 315 615 614 0.49277084507593993 0.46051032639470335 0.4534372548953053
3 615 407 614 0.49277084507593993 0.46051032639470335 0.4534372548953053
3 314 315 614 0.49277084507593993 0.46051032639470335 0.4534372548953053
3 614 613 314 0.49277084507593993 0.46051032639470335 0.4534372548953053
3 406 613 614 0.49277084507593993 0.46051032639470335 0.4534372548953053
3 614 407 406 0.49277084507593993 0.46051032639470335 0.4534372548953053
3 316 882 883 0.49277084507593993 0.46051032639470335 0.4534372548953053
3 883 219 884 0.49277084507593993 0.46051032639470335 0.4534372548953053
3 883 218 219 0.49277084507593993 0.46051032639470335 0.4534372548953053
3 883 882 218 0.49277084507593993 0.46051032639470335 0.4534372548953053
3 884 317 883 0.49277084507593993 0.46051032639470335 0.4534372548953053
3 317 316 883 0.49277084507593993 0.46051032639470335 0.4534372548953053
3 698 413 319 0.49277084507593993 0.46051032639470335 0.4534372548953053
3 319 412 698 0.49277084507593993 0.46051032639470335 0.4534372548953053
3 647 139 319 0.49277084507593993 0.46051032639470335 0.4534372548953053
3 319 139 412 0.49277084507593993 0.46051032639470335 0.4534372548953053
3 223 822 821 0.49277084507593993 0.46051032639470335 0.4534372548953053
3 223 327 224 0.49277084507593993 0.46051032639470335 0.4534372548953053
3 224 822 223 0.49277084507593993 0.46051032639470335 0.4534372548953053
3 320 413 414 0.49277084507593993 0.46051032639470335 0.4534372548953053
3 414 321 320 0.49277084507593993 0.46051032639470335 0.4534372548953053
3 647 319 320 0.49277084507593993 0.46051032639470335 0.4534372548953053
3 320 319 413 0.49277084507593993 0.46051032639470335 0.4534372548953053
3 500 232 231 0.49277084507593993 0.46051032639470335 0.4534372548953053
3 231 499 500 0.49277084507593993 0.46051032639470335 0.4534372548953053
3 501 232 500 0.49277084507593993 0.46051032639470335 0.4534372548953053
3 409 699 408 0.49277084507593993 0.46051032639470335 0.4534372548953053
3 408 615 616 0.49277084507593993 0.46051032639470335 0.4534372548953053
3 616 409 408 0.49277084507593993 0.46051032639470335 0.4534372548953053
3 408 407 615 0.49277084507593993 0.46051032639470335 0.4534372548953053
3 698 407 408 0.49277084507593993 0.46051032639470335 0.4534372548953053
3 408 699 698 0.49277084507593993 0.46051032639470335 0.4534372548953053
3 503 715 502 0.49277084507593993 0.46051032639470335 0.4534372548953053
3 502 826 503 0.49277084507593993 0.46051032639470335 0.4534372548953053
3 828 829 505 0.49277084507593993 0.46051032639470335 0.4534372548953053
3 890 891 623 0.49277084507593993 0.46051032639470335 0.4534372548953053
3 623 622 890 0.49277084507593993 0.46051032639470335 0.4534372548953053
3 623 891 892 0.49277084507593993 0.46051032639470335 0.4534372548953053
3 707 706 623 0.49277084507593993 0.46051032639470335 0.4534372548953053
3 706 622 623 0.49277084507593993 0.46051032639470335 0.4534372548953053
3 892 891 646 0.49277084507593993 0.46051032639470335 0.4534372548953053
3 891 645 646 0.49277084507593993 0.46051032639470335 0.4534372548953053
3 696 893 646 0.49277084507593993 0.46051032639470335 0.4534372548953053
3 646 893 892 0.49277084507593993 0.46051032639470335 0.4534372548953053
3 695 696 646 0.49277084507593993 0.46051032639470335 0.4534372548953053
3 646 645 695 0.49277084507593993 0.46051032639470335 0.4534372548953053
3 694 645 644 0.49277084507593993 0.46051032639470335 0.4534372548953053
3 644 693 694 0.49277084507593993 0.46051032639470335 0.4534372548953053
3 591 891 890 0.49277084507593993 0.46051032639470335 0.4534372548953053
3 591 645 891 0.49277084507593993 0.46051032639470335 0.4534372548953053
3 591 644 645 0.49277084507593993 0.46051032639470335 0.4534372548953053
3 890 496 591 0.49277084507593993 0.46051032639470335 0.4534372548953053
3 591 496 590 0.49277084507593993 0.46051032639470335 0.4534372548953053
3 590 644 591 0.49277084507593993 0.46051032639470335 0.4534372548953053
3 494 495 888 0.49277084507593993 0.46051032639470335 0.4534372548953053
3 888 887 494 0.49277084507593993 0.46051032639470335 0.4534372548953053
3 494 887 493 0.49277084507593993 0.46051032639470335 0.4534372548953053
3 493 588 494 0.49277084507593993 0.46051032639470335 0.4534372548953053
3 702 703 417 0.49277084507593993 0.46051032639470335 0.4534372548953053
3 411 703 702 0.49277084507593993 0.46051032639470335 0.4534372548953053
3 417 416 702 0.49277084507593993 0.46051032639470335 0.4534372548953053
3 701 411 702 0.49277084507593993 0.46051032639470335 0.4534372548953053
3 702 416 701 0.49277084507593993 0.46051032639470335 0.4534372548953053
3 589 588 642 0.49277084507593993 0.46051032639470335 0.4534372548953053
3 590 495 589 0.49277084507593993 0.46051032639470335 0.4534372548953053
3 495 494 589 0.49277084507593993 0.46051032639470335 0.4534372548953053
3 589 494 588 0.49277084507593993 0.46051032639470335 0.4534372548953053
3 493 492 587 0.49277084507593993 0.46051032639470335 0.4534372548953053
3 492 586 587 0.49277084507593993 0.46051032639470335 0.4534372548953053
3 587 588 493 0.49277084507593993 0.46051032639470335 0.4534372548953053
3 641 588 587 0.49277084507593993 0.46051032639470335 0.4534372548953053
3 806 295 805 0.49277084507593993 0.46051032639470335 0.4534372548953053
3 806 289 290 0.49277084507593993 0.46051032639470335 0.4534372548953053
3 806 805 289 0.49277084507593993 0.46051032639470335 0.4534372548953053
3 290 807 806 0.49277084507593993 0.46051032639470335 0.4534372548953053
3 806 807 296 0.49277084507593993 0.46051032639470335 0.4534372548953053
3 296 295 806 0.49277084507593993 0.46051032639470335 0.4534372548953053
3 573 572 294 0.49277084507593993 0.46051032639470335 0.4534372548953053
3 294 295 573 0.49277084507593993 0.46051032639470335 0.4534372548953053
3 805 295 294 0.49277084507593993 0.46051032639470335 0.4534372548953053
3 294 572 103 0.49277084507593993 0.46051032639470335 0.4534372548953053
3 294 103 102 0.49277084507593993 0.46051032639470335 0.4534372548953053
3 102 805 294 0.49277084507593993 0.46051032639470335 0.4534372548953053
3 194 204 780 0.49277084507593993 0.46051032639470335 0.4534372548953053
3 486 784 487 0.49277084507593993 0.46051032639470335 0.4534372548953053
3 487 692 486 0.49277084507593993 0.46051032639470335 0.4534372548953053
3 487 693 692 0.49277084507593993 0.46051032639470335 0.4534372548953053
3 786 693 487 0.49277084507593993 0.46051032639470335 0.4534372548953053
3 813 580 812 0.49277084507593993 0.46051032639470335 0.4534372548953053
3 570 814 813 0.49277084507593993 0.46051032639470335 0.4534372548953053
3 813 814 581 0.49277084507593993 0.46051032639470335 0.4534372548953053
3 581 580 813 0.49277084507593993 0.46051032639470335 0.4534372548953053
3 813 569 570 0.49277084507593993 0.46051032639470335 0.4534372548953053
3 812 569 813 0.49277084507593993 0.46051032639470335 0.4534372548953053
3 816 817 775 0.49277084507593993 0.46051032639470335 0.4534372548953053
3 775 774 816 0.49277084507593993 0.46051032639470335 0.4534372548953053
3 816 774 815 0.49277084507593993 0.46051032639470335 0.4534372548953053
3 682 817 816 0.49277084507593993 0.46051032639470335 0.4534372548953053
3 816 681 682 0.49277084507593993 0.46051032639470335 0.4534372548953053
3 815 681 816 0.49277084507593993 0.46051032639470335 0.4534372548953053
3 611 772 612 0.49277084507593993 0.46051032639470335 0.4534372548953053
3 611 612 875 0.49277084507593993 0.46051032639470335 0.4534372548953053
3 771 772 611 0.49277084507593993 0.46051032639470335 0.4534372548953053
3 297 298 576 0.49277084507593993 0.46051032639470335 0.4534372548953053
3 576 575 297 0.49277084507593993 0.46051032639470335 0.4534372548953053
3 577 381 576 0.49277084507593993 0.46051032639470335 0.4534372548953053
3 576 298 577 0.49277084507593993 0.46051032639470335 0.4534372548953053
3 193 192 201 0.49277084507593993 0.46051032639470335 0.4534372548953053
3 193 778 192 0.49277084507593993 0.46051032639470335 0.4534372548953053
3 689 688 308 0.49277084507593993 0.46051032639470335 0.4534372548953053
3 484 689 308 0.49277084507593993 0.46051032639470335 0.4534372548953053
3 308 483 484 0.49277084507593993 0.46051032639470335 0.4534372548953053
3 307 308 688 0.49277084507593993 0.46051032639470335 0.4534372548953053
3 307 306 481 0.49277084507593993 0.46051032639470335 0.4534372548953053
3 779 207 778 0.49277084507593993 0.46051032639470335 0.4534372548953053
3 779 193 194 0.49277084507593993 0.46051032639470335 0.4534372548953053
3 778 193 779 0.49277084507593993 0.46051032639470335 0.4534372548953053
3 194 780 779 0.49277084507593993 0.46051032639470335 0.4534372548953053
3 208 207 779 0.49277084507593993 0.46051032639470335 0.4534372548953053
3 779 780 208 0.49277084507593993 0.46051032639470335 0.4534372548953053
3 535 267 536 0.49277084507593993 0.46051032639470335 0.4534372548953053
3 267 268 536 0.49277084507593993 0.46051032639470335 0.4534372548953053
3 538 663 664 0.49277084507593993 0.46051032639470335 0.4534372548953053
3 95 94 749 0.49277084507593993 0.46051032639470335 0.4534372548953053
3 94 269 749 0.49277084507593993 0.46051032639470335 0.4534372548953053
3 371 269 370 0.49277084507593993 0.46051032639470335 0.4534372548953053
3 809 292 293 0.49277084507593993 0.46051032639470335 0.4534372548953053
3 293 292 565 0.49277084507593993 0.46051032639470335 0.4534372548953053
3 810 809 293 0.49277084507593993 0.46051032639470335 0.4534372548953053
3 293 567 810 0.49277084507593993 0.46051032639470335 0.4534372548953053
3 566 293 565 0.49277084507593993 0.46051032639470335 0.4534372548953053
3 567 293 566 0.49277084507593993 0.46051032639470335 0.4534372548953053
3 558 678 677 0.49277084507593993 0.46051032639470335 0.4534372548953053
3 677 678 569 0.49277084507593993 0.46051032639470335 0.4534372548953053
3 429 428 448 0.49277084507593993 0.46051032639470335 0.4534372548953053
3 447 446 795 0.49277084507593993 0.46051032639470335 0.4534372548953053
3 447 448 428 0.49277084507593993 0.46051032639470335 0.4534372548953053
3 427 446 447 0.49277084507593993 0.46051032639470335 0.4534372548953053
3 447 428 427 0.49277084507593993 0.46051032639470335 0.4534372548953053
3 243 336 244 0.49277084507593993 0.46051032639470335 0.4534372548953053
3 244 838 243 0.49277084507593993 0.46051032639470335 0.4534372548953053
3 244 338 839 0.49277084507593993 0.46051032639470335 0.4534372548953053
3 839 838 244 0.49277084507593993 0.46051032639470335 0.4534372548953053
3 839 510 248 0.49277084507593993 0.46051032639470335 0.4534372548953053
3 248 838 839 0.49277084507593993 0.46051032639470335 0.4534372548953053
3 248 510 509 0.49277084507593993 0.46051032639470335 0.4534372548953053
3 242 243 837 0.49277084507593993 0.46051032639470335 0.4534372548953053
3 837 836 242 0.49277084507593993 0.46051032639470335 0.4534372548953053
3 243 838 837 0.49277084507593993 0.46051032639470335 0.4534372548953053
3 838 248 837 0.49277084507593993 0.46051032639470335 0.4534372548953053
3 239 438 240 0.49277084507593993 0.46051032639470335 0.4534372548953053
3 794 793 239 0.49277084507593993 0.46051032639470335 0.4534372548953053
3 239 240 794 0.49277084507593993 0.46051032639470335 0.4534372548953053
3 793 238 239 0.49277084507593993 0.46051032639470335 0.4534372548953053
3 239 238 437 0.49277084507593993 0.46051032639470335 0.4534372548953053
3 437 438 239 0.49277084507593993 0.46051032639470335 0.4534372548953053
3 626 438 625 0.49277084507593993 0.46051032639470335 0.4534372548953053
3 918 520 917 0.49277084507593993 0.46051032639470335 0.4534372548953053
3 919 521 918 0.49277084507593993 0.46051032639470335 0.4534372548953053
3 521 520 918 0.49277084507593993 0.46051032639470335 0.4534372548953053
3 918 917 348 0.49277084507593993 0.46051032639470335 0.4534372548953053
3 348 455 918 0.49277084507593993 0.46051032639470335 0.4534372548953053
3 456 729 730 0.49277084507593993 0.46051032639470335 0.4534372548953053
3 456 920 919 0.49277084507593993 0.46051032639470335 0.4534372548953053
3 730 920 456 0.49277084507593993 0.46051032639470335 0.4534372548953053
3 455 729 456 0.49277084507593993 0.46051032639470335 0.4534372548953053
3 919 918 456 0.49277084507593993 0.46051032639470335 0.4534372548953053
3 456 918 455 0.49277084507593993 0.46051032639470335 0.4534372548953053
3 512 729 511 0.49277084507593993 0.46051032639470335 0.4534372548953053
3 511 840 512 0.49277084507593993 0.46051032639470335 0.4534372548953053
3 511 510 839 0.49277084507593993 0.46051032639470335 0.4534372548953053
3 839 840 511 0.49277084507593993 0.46051032639470335 0.4534372548953053
3 915 196 197 0.49277084507593993 0.46051032639470335 0.4534372548953053
3 196 251 197 0.49277084507593993 0.46051032639470335 0.4534372548953053
3 348 917 252 0.49277084507593993 0.46051032639470335 0.4534372548953053
3 252 197 251 0.49277084507593993 0.46051032639470335 0.4534372548953053
3 758 757 551 0.49277084507593993 0.46051032639470335 0.4534372548953053
3 551 954 955 0.49277084507593993 0.46051032639470335 0.4534372548953053
3 551 955 759 0.49277084507593993 0.46051032639470335 0.4534372548953053
3 759 758 551 0.49277084507593993 0.46051032639470335 0.4534372548953053
3 560 559 757 0.49277084507593993 0.46051032639470335 0.4534372548953053
3 560 757 758 0.49277084507593993 0.46051032639470335 0.4534372548953053
3 758 561 560 0.49277084507593993 0.46051032639470335 0.4534372548953053
3 560 561 680 0.49277084507593993 0.46051032639470335 0.4534372548953053
3 859 668 532 0.49277084507593993 0.46051032639470335 0.4534372548953053
3 668 667 532 0.49277084507593993 0.46051032639470335 0.4534372548953053
3 667 531 532 0.49277084507593993 0.46051032639470335 0.4534372548953053
3 743 857 463 0.49277084507593993 0.46051032639470335 0.4534372548953053
3 857 856 463 0.49277084507593993 0.46051032639470335 0.4534372548953053
3 463 856 435 0.49277084507593993 0.46051032639470335 0.4534372548953053
3 463 742 743 0.49277084507593993 0.46051032639470335 0.4534372548953053
3 922 746 745 0.49277084507593993 0.46051032639470335 0.4534372548953053
3 745 523 922 0.49277084507593993 0.46051032639470335 0.4534372548953053
3 744 523 745 0.49277084507593993 0.46051032639470335 0.4534372548953053
3 745 746 859 0.49277084507593993 0.46051032639470335 0.4534372548953053
3 844 800 801 0.49277084507593993 0.46051032639470335 0.4534372548953053
3 844 733 732 0.49277084507593993 0.46051032639470335 0.4534372548953053
3 924 923 734 0.49277084507593993 0.46051032639470335 0.4534372548953053
3 734 735 924 0.49277084507593993 0.46051032639470335 0.4534372548953053
3 741 740 353 0.49277084507593993 0.46051032639470335 0.4534372548953053
3 519 520 353 0.49277084507593993 0.46051032639470335 0.4534372548953053
3 353 520 741 0.49277084507593993 0.46051032639470335 0.4534372548953053
3 353 740 352 0.49277084507593993 0.46051032639470335 0.4534372548953053
3 353 518 519 0.49277084507593993 0.46051032639470335 0.4534372548953053
3 352 518 353 0.49277084507593993 0.46051032639470335 0.4534372548953053
3 656 706 707 0.49277084507593993 0.46051032639470335 0.4534372548953053
3 655 706 656 0.49277084507593993 0.46051032639470335 0.4534372548953053
3 656 828 655 0.49277084507593993 0.46051032639470335 0.4534372548953053
3 829 828 656 0.49277084507593993 0.46051032639470335 0.4534372548953053
3 707 623 708 0.49277084507593993 0.46051032639470335 0.4534372548953053
3 708 623 892 0.49277084507593993 0.46051032639470335 0.4534372548953053
3 708 893 709 0.49277084507593993 0.46051032639470335 0.4534372548953053
3 892 893 708 0.49277084507593993 0.46051032639470335 0.4534372548953053
3 631 904 632 0.49277084507593993 0.46051032639470335 0.4534372548953053
3 631 442 630 0.49277084507593993 0.46051032639470335 0.4534372548953053
3 798 442 631 0.49277084507593993 0.46051032639470335 0.4534372548953053
3 631 632 799 0.49277084507593993 0.46051032639470335 0.4534372548953053
3 799 798 631 0.49277084507593993 0.46051032639470335 0.4534372548953053
3 903 631 630 0.49277084507593993 0.46051032639470335 0.4534372548953053
3 904 631 903 0.49277084507593993 0.46051032639470335 0.4534372548953053
3 712 232 713 0.49277084507593993 0.46051032639470335 0.4534372548953053
3 713 232 714 0.49277084507593993 0.46051032639470335 0.4534372548953053
3 714 236 713 0.49277084507593993 0.46051032639470335 0.4534372548953053
3 959 762 958 0.49277084507593993 0.46051032639470335 0.4534372548953053
3 958 942 959 0.49277084507593993 0.46051032639470335 0.4534372548953053
3 959 942 943 0.49277084507593993 0.46051032639470335 0.4534372548953053
3 819 762 959 0.49277084507593993 0.46051032639470335 0.4534372548953053
3 960 819 959 0.49277084507593993 0.46051032639470335 0.4534372548953053
3 959 943 960 0.49277084507593993 0.46051032639470335 0.4534372548953053
3 960 943 944 0.49277084507593993 0.46051032639470335 0.4534372548953053
3 944 961 960 0.49277084507593993 0.46051032639470335 0.4534372548953053
3 944 928 961 0.49277084507593993 0.46051032639470335 0.4534372548953053
3 862 670 861 0.49277084507593993 0.46051032639470335 0.4534372548953053
3 670 860 861 0.49277084507593993 0.46051032639470335 0.4534372548953053
3 861 748 862 0.49277084507593993 0.46051032639470335 0.4534372548953053
3 761 762 683 0.49277084507593993 0.46051032639470335 0.4534372548953053
3 762 818 683 0.49277084507593993 0.46051032639470335 0.4534372548953053
3 683 818 817 0.49277084507593993 0.46051032639470335 0.4534372548953053
3 683 817 682 0.49277084507593993 0.46051032639470335 0.4534372548953053
3 682 760 683 0.49277084507593993 0.46051032639470335 0.4534372548953053
3 683 760 761 0.49277084507593993 0.46051032639470335 0.4534372548953053
3 630 442 629 0.49277084507593993 0.46051032639470335 0.4534372548953053
3 442 441 629 0.49277084507593993 0.46051032639470335 0.4534372548953053
3 721 907 720 0.49277084507593993 0.46051032639470335 0.4534372548953053
3 721 832 722 0.49277084507593993 0.46051032639470335 0.4534372548953053
3 803 802 908 0.49277084507593993 0.46051032639470335 0.4534372548953053
3 908 909 803 0.49277084507593993 0.46051032639470335 0.4534372548953053
3 908 802 634 0.49277084507593993 0.46051032639470335 0.4534372548953053
3 634 907 908 0.49277084507593993 0.46051032639470335 0.4534372548953053
3 907 721 908 0.49277084507593993 0.46051032639470335 0.4534372548953053
3 722 909 908 0.49277084507593993 0.46051032639470335 0.4534372548953053
3 908 721 722 0.49277084507593993 0.46051032639470335 0.4534372548953053
3 849 927 848 0.49277084507593993 0.46051032639470335 0.4534372548953053
3 928 927 849 0.49277084507593993 0.46051032639470335 0.4534372548953053
3 912 928 849 0.49277084507593993 0.46051032639470335 0.4534372548953053
3 849 911 912 0.49277084507593993 0.46051032639470335 0.4534372548953053
3 848 804 849 0.49277084507593993 0.46051032639470335 0.4534372548953053
3 804 911 849 0.49277084507593993 0.46051032639470335 0.4534372548953053
3 880 961 896 0.49277084507593993 0.46051032639470335 0.4534372548953053
3 896 879 880 0.49277084507593993 0.46051032639470335 0.4534372548953053
3 896 895 879 0.49277084507593993 0.46051032639470335 0.4534372548953053
3 896 961 912 0.49277084507593993 0.46051032639470335 0.4534372548953053
3 696 790 894 0.49277084507593993 0.46051032639470335 0.4534372548953053
3 790 895 894 0.49277084507593993 0.46051032639470335 0.4534372548953053
3 894 893 696 0.49277084507593993 0.46051032639470335 0.4534372548953053
3 709 893 894 0.49277084507593993 0.46051032639470335 0.4534372548953053
3 894 833 709 0.49277084507593993 0.46051032639470335 0.4534372548953053
3 894 895 833 0.49277084507593993 0.46051032639470335 0.4534372548953053
3 322 323 650 0.49277084507593993 0.46051032639470335 0.4534372548953053
3 323 651 650 0.49277084507593993 0.46051032639470335 0.4534372548953053
3 650 651 327 0.49277084507593993 0.46051032639470335 0.4534372548953053
3 648 320 321 0.49277084507593993 0.46051032639470335 0.4534372548953053
3 647 320 648 0.49277084507593993 0.46051032639470335 0.4534372548953053
3 228 499 227 0.49277084507593993 0.46051032639470335 0.4534372548953053
3 228 500 499 0.49277084507593993 0.46051032639470335 0.4534372548953053
3 227 823 228 0.49277084507593993 0.46051032639470335 0.4534372548953053
3 228 823 824 0.49277084507593993 0.46051032639470335 0.4534372548953053
3 824 501 228 0.49277084507593993 0.46051032639470335 0.4534372548953053
3 501 500 228 0.49277084507593993 0.46051032639470335 0.4534372548953053
3 827 503 826 0.49277084507593993 0.46051032639470335 0.4534372548953053
3 827 826 654 0.49277084507593993 0.46051032639470335 0.4534372548953053
3 827 654 655 0.49277084507593993 0.46051032639470335 0.4534372548953053
3 655 828 827 0.49277084507593993 0.46051032639470335 0.4534372548953053
3 643 644 590 0.49277084507593993 0.46051032639470335 0.4534372548953053
3 643 589 642 0.49277084507593993 0.46051032639470335 0.4534372548953053
3 590 589 643 0.49277084507593993 0.46051032639470335 0.4534372548953053
3 642 692 643 0.49277084507593993 0.46051032639470335 0.4534372548953053
3 692 693 643 0.49277084507593993 0.46051032639470335 0.4534372548953053
3 693 644 643 0.49277084507593993 0.46051032639470335 0.4534372548953053
3 639 586 212 0.49277084507593993 0.46051032639470335 0.4534372548953053
3 212 638 639 0.49277084507593993 0.46051032639470335 0.4534372548953053
3 639 638 313 0.49277084507593993 0.46051032639470335 0.4534372548953053
3 204 303 781 0.49277084507593993 0.46051032639470335 0.4534372548953053
3 781 780 204 0.49277084507593993 0.46051032639470335 0.4534372548953053
3 781 303 782 0.49277084507593993 0.46051032639470335 0.4534372548953053
3 782 484 781 0.49277084507593993 0.46051032639470335 0.4534372548953053
3 484 483 781 0.49277084507593993 0.46051032639470335 0.4534372548953053
3 781 483 208 0.49277084507593993 0.46051032639470335 0.4534372548953053
3 208 780 781 0.49277084507593993 0.46051032639470335 0.4534372548953053
3 786 487 785 0.49277084507593993 0.46051032639470335 0.4534372548953053
3 785 487 784 0.49277084507593993 0.46051032639470335 0.4534372548953053
3 785 784 478 0.49277084507593993 0.46051032639470335 0.4534372548953053
3 478 873 785 0.49277084507593993 0.46051032639470335 0.4534372548953053
3 873 786 785 0.49277084507593993 0.46051032639470335 0.4534372548953053
3 874 611 875 0.49277084507593993 0.46051032639470335 0.4534372548953053
3 874 786 873 0.49277084507593993 0.46051032639470335 0.4534372548953053
3 875 787 874 0.49277084507593993 0.46051032639470335 0.4534372548953053
3 874 787 786 0.49277084507593993 0.46051032639470335 0.4534372548953053
3 610 873 609 0.49277084507593993 0.46051032639470335 0.4534372548953053
3 771 611 610 0.49277084507593993 0.46051032639470335 0.4534372548953053
3 610 874 873 0.49277084507593993 0.46051032639470335 0.4534372548953053
3 611 874 610 0.49277084507593993 0.46051032639470335 0.4534372548953053
3 609 770 610 0.49277084507593993 0.46051032639470335 0.4534372548953053
3 610 770 771 0.49277084507593993 0.46051032639470335 0.4534372548953053
3 379 575 380 0.49277084507593993 0.46051032639470335 0.4534372548953053
3 575 576 380 0.49277084507593993 0.46051032639470335 0.4534372548953053
3 381 768 380 0.49277084507593993 0.46051032639470335 0.4534372548953053
3 380 576 381 0.49277084507593993 0.46051032639470335 0.4534372548953053
3 202 193 201 0.49277084507593993 0.46051032639470335 0.4534372548953053
3 202 299 300 0.49277084507593993 0.46051032639470335 0.4534372548953053
3 201 299 202 0.49277084507593993 0.46051032639470335 0.4534372548953053
3 300 203 202 0.49277084507593993 0.46051032639470335 0.4534372548953053
3 202 203 194 0.49277084507593993 0.46051032639470335 0.4534372548953053
3 194 193 202 0.49277084507593993 0.46051032639470335 0.4534372548953053
3 687 688 403 0.49277084507593993 0.46051032639470335 0.4534372548953053
3 687 307 688 0.49277084507593993 0.46051032639470335 0.4534372548953053
3 403 402 687 0.49277084507593993 0.46051032639470335 0.4534372548953053
3 687 402 686 0.49277084507593993 0.46051032639470335 0.4534372548953053
3 686 306 687 0.49277084507593993 0.46051032639470335 0.4534372548953053
3 306 307 687 0.49277084507593993 0.46051032639470335 0.4534372548953053
3 483 308 482 0.49277084507593993 0.46051032639470335 0.4534372548953053
3 308 307 482 0.49277084507593993 0.46051032639470335 0.4534372548953053
3 208 483 482 0.49277084507593993 0.46051032639470335 0.4534372548953053
3 482 307 481 0.49277084507593993 0.46051032639470335 0.4534372548953053
3 482 207 208 0.49277084507593993 0.46051032639470335 0.4534372548953053
3 481 207 482 0.49277084507593993 0.46051032639470335 0.4534372548953053
3 756 559 558 0.49277084507593993 0.46051032639470335 0.4534372548953053
3 757 559 756 0.49277084507593993 0.46051032639470335 0.4534372548953053
3 362 361 535 0.49277084507593993 0.46051032639470335 0.4534372548953053
3 535 536 362 0.49277084507593993 0.46051032639470335 0.4534372548953053
3 663 538 537 0.49277084507593993 0.46051032639470335 0.4534372548953053
3 537 268 663 0.49277084507593993 0.46051032639470335 0.4534372548953053
3 537 536 268 0.49277084507593993 0.46051032639470335 0.4534372548953053
3 274 96 95 0.49277084507593993 0.46051032639470335 0.4534372548953053
3 95 749 274 0.49277084507593993 0.46051032639470335 0.4534372548953053
3 543 370 542 0.49277084507593993 0.46051032639470335 0.4534372548953053
3 543 371 370 0.49277084507593993 0.46051032639470335 0.4534372548953053
3 542 365 543 0.49277084507593993 0.46051032639470335 0.4534372548953053
3 568 677 569 0.49277084507593993 0.46051032639470335 0.4534372548953053
3 811 567 568 0.49277084507593993 0.46051032639470335 0.4534372548953053
3 568 812 811 0.49277084507593993 0.46051032639470335 0.4534372548953053
3 568 569 812 0.49277084507593993 0.46051032639470335 0.4534372548953053
3 797 441 442 0.49277084507593993 0.46051032639470335 0.4534372548953053
3 797 442 798 0.49277084507593993 0.46051032639470335 0.4534372548953053
3 337 244 336 0.49277084507593993 0.46051032639470335 0.4534372548953053
3 426 427 337 0.49277084507593993 0.46051032639470335 0.4534372548953053
3 337 336 426 0.49277084507593993 0.46051032639470335 0.4534372548953053
3 338 244 337 0.49277084507593993 0.46051032639470335 0.4534372548953053
3 427 428 337 0.49277084507593993 0.46051032639470335 0.4534372548953053
3 337 428 338 0.49277084507593993 0.46051032639470335 0.4534372548953053
3 246 836 247 0.49277084507593993 0.46051032639470335 0.4534372548953053
3 836 837 247 0.49277084507593993 0.46051032639470335 0.4534372548953053
3 508 246 247 0.49277084507593993 0.46051032639470335 0.4534372548953053
3 247 509 508 0.49277084507593993 0.46051032639470335 0.4534372548953053
3 247 248 509 0.49277084507593993 0.46051032639470335 0.4534372548953053
3 247 837 248 0.49277084507593993 0.46051032639470335 0.4534372548953053
3 419 626 625 0.49277084507593993 0.46051032639470335 0.4534372548953053
3 625 418 419 0.49277084507593993 0.46051032639470335 0.4534372548953053
3 419 418 897 0.49277084507593993 0.46051032639470335 0.4534372548953053
3 897 898 419 0.49277084507593993 0.46051032639470335 0.4534372548953053
3 240 438 439 0.49277084507593993 0.46051032639470335 0.4534372548953053
3 438 626 439 0.49277084507593993 0.46051032639470335 0.4534372548953053
3 440 240 439 0.49277084507593993 0.46051032639470335 0.4534372548953053
3 728 729 455 0.49277084507593993 0.46051032639470335 0.4534372548953053
3 728 511 729 0.49277084507593993 0.46051032639470335 0.4534372548953053
3 727 343 728 0.49277084507593993 0.46051032639470335 0.4534372548953053
3 728 343 510 0.49277084507593993 0.46051032639470335 0.4534372548953053
3 510 511 728 0.49277084507593993 0.46051032639470335 0.4534372548953053
3 728 454 727 0.49277084507593993 0.46051032639470335 0.4534372548953053
3 455 454 728 0.49277084507593993 0.46051032639470335 0.4534372548953053
3 348 252 347 0.49277084507593993 0.46051032639470335 0.4534372548953053
3 347 454 348 0.49277084507593993 0.46051032639470335 0.4534372548953053
3 453 454 347 0.49277084507593993 0.46051032639470335 0.4534372548953053
3 346 453 347 0.49277084507593993 0.46051032639470335 0.4534372548953053
3 347 251 346 0.49277084507593993 0.46051032639470335 0.4534372548953053
3 347 252 251 0.49277084507593993 0.46051032639470335 0.4534372548953053
3 916 252 917 0.49277084507593993 0.46051032639470335 0.4534372548953053
3 916 917 519 0.49277084507593993 0.46051032639470335 0.4534372548953053
3 519 518 916 0.49277084507593993 0.46051032639470335 0.4534372548953053
3 200 915 916 0.49277084507593993 0.46051032639470335 0.4534372548953053
3 916 518 200 0.49277084507593993 0.46051032639470335 0.4534372548953053
3 915 197 916 0.49277084507593993 0.46051032639470335 0.4534372548953053
3 197 252 916 0.49277084507593993 0.46051032639470335 0.4534372548953053
3 954 551 550 0.49277084507593993 0.46051032639470335 0.4534372548953053
3 550 551 757 0.49277084507593993 0.46051032639470335 0.4534372548953053
3 757 756 550 0.49277084507593993 0.46051032639470335 0.4534372548953053
3 550 756 549 0.49277084507593993 0.46051032639470335 0.4534372548953053
3 679 560 680 0.49277084507593993 0.46051032639470335 0.4534372548953053
3 679 571 570 0.49277084507593993 0.46051032639470335 0.4534372548953053
3 680 571 679 0.49277084507593993 0.46051032639470335 0.4534372548953053
3 570 678 679 0.49277084507593993 0.46051032639470335 0.4534372548953053
3 678 559 679 0.49277084507593993 0.46051032639470335 0.4534372548953053
3 559 560 679 0.49277084507593993 0.46051032639470335 0.4534372548953053
3 859 532 858 0.49277084507593993 0.46051032639470335 0.4534372548953053
3 858 857 744 0.49277084507593993 0.46051032639470335 0.4534372548953053
3 858 531 857 0.49277084507593993 0.46051032639470335 0.4534372548953053
3 858 532 531 0.49277084507593993 0.46051032639470335 0.4534372548953053
3 744 745 858 0.49277084507593993 0.46051032639470335 0.4534372548953053
3 858 745 859 0.49277084507593993 0.46051032639470335 0.4534372548953053
3 741 742 462 0.49277084507593993 0.46051032639470335 0.4534372548953053
3 742 463 462 0.49277084507593993 0.46051032639470335 0.4534372548953053
3 462 463 435 0.49277084507593993 0.46051032639470335 0.4534372548953053
3 461 741 462 0.49277084507593993 0.46051032639470335 0.4534372548953053
3 462 434 461 0.49277084507593993 0.46051032639470335 0.4534372548953053
3 435 434 462 0.49277084507593993 0.46051032639470335 0.4534372548953053
3 845 844 801 0.49277084507593993 0.46051032639470335 0.4534372548953053
3 845 802 846 0.49277084507593993 0.46051032639470335 0.4534372548953053
3 801 802 845 0.49277084507593993 0.46051032639470335 0.4534372548953053
3 733 844 845 0.49277084507593993 0.46051032639470335 0.4534372548953053
3 846 734 845 0.49277084507593993 0.46051032639470335 0.4534372548953053
3 734 733 845 0.49277084507593993 0.46051032639470335 0.4534372548953053
3 514 513 842 0.49277084507593993 0.46051032639470335 0.4534372548953053
3 731 513 514 0.49277084507593993 0.46051032639470335 0.4534372548953053
3 732 731 514 0.49277084507593993 0.46051032639470335 0.4534372548953053
3 514 844 732 0.49277084507593993 0.46051032639470335 0.4534372548953053
3 799 800 843 0.49277084507593993 0.46051032639470335 0.4534372548953053
3 800 844 843 0.49277084507593993 0.46051032639470335 0.4534372548953053
3 842 799 843 0.49277084507593993 0.46051032639470335 0.4534372548953053
3 843 514 842 0.49277084507593993 0.46051032639470335 0.4534372548953053
3 844 514 843 0.49277084507593993 0.46051032639470335 0.4534372548953053
3 926 748 925 0.49277084507593993 0.46051032639470335 0.4534372548953053
3 748 924 925 0.49277084507593993 0.46051032639470335 0.4534372548953053
3 925 735 926 0.49277084507593993 0.46051032639470335 0.4534372548953053
3 925 924 735 0.49277084507593993 0.46051032639470335 0.4534372548953053
3 597 903 902 0.49277084507593993 0.46051032639470335 0.4534372548953053
3 904 903 598 0.49277084507593993 0.46051032639470335 0.4534372548953053
3 598 903 597 0.49277084507593993 0.46051032639470335 0.4534372548953053
3 715 503 716 0.49277084507593993 0.46051032639470335 0.4534372548953053
3 717 598 716 0.49277084507593993 0.46051032639470335 0.4534372548953053
3 716 597 715 0.49277084507593993 0.46051032639470335 0.4534372548953053
3 716 598 597 0.49277084507593993 0.46051032639470335 0.4534372548953053
3 234 233 711 0.49277084507593993 0.46051032639470335 0.4534372548953053
3 234 711 712 0.49277084507593993 0.46051032639470335 0.4534372548953053
3 329 898 897 0.49277084507593993 0.46051032639470335 0.4534372548953053
3 329 149 148 0.49277084507593993 0.46051032639470335 0.4534372548953053
3 897 149 329 0.49277084507593993 0.46051032639470335 0.4534372548953053
3 864 944 943 0.49277084507593993 0.46051032639470335 0.4534372548953053
3 864 943 863 0.49277084507593993 0.46051032639470335 0.4534372548953053
3 863 927 864 0.49277084507593993 0.46051032639470335 0.4534372548953053
3 864 927 928 0.49277084507593993 0.46051032639470335 0.4534372548953053
3 928 944 864 0.49277084507593993 0.46051032639470335 0.4534372548953053
3 748 861 747 0.49277084507593993 0.46051032639470335 0.4534372548953053
3 747 924 748 0.49277084507593993 0.46051032639470335 0.4534372548953053
3 747 860 746 0.49277084507593993 0.46051032639470335 0.4534372548953053
3 747 861 860 0.49277084507593993 0.46051032639470335 0.4534372548953053
3 746 923 747 0.49277084507593993 0.46051032639470335 0.4534372548953053
3 923 924 747 0.49277084507593993 0.46051032639470335 0.4534372548953053
3 505 829 719 0.49277084507593993 0.46051032639470335 0.4534372548953053
3 719 830 720 0.49277084507593993 0.46051032639470335 0.4534372548953053
3 829 830 719 0.49277084507593993 0.46051032639470335 0.4534372548953053
3 905 633 632 0.49277084507593993 0.46051032639470335 0.4534372548953053
3 632 904 905 0.49277084507593993 0.46051032639470335 0.4534372548953053
3 718 717 505 0.49277084507593993 0.46051032639470335 0.4534372548953053
3 505 719 718 0.49277084507593993 0.46051032639470335 0.4534372548953053
3 718 719 600 0.49277084507593993 0.46051032639470335 0.4534372548953053
3 832 721 831 0.49277084507593993 0.46051032639470335 0.4534372548953053
3 831 721 720 0.49277084507593993 0.46051032639470335 0.4534372548953053
3 720 830 831 0.49277084507593993 0.46051032639470335 0.4534372548953053
3 657 656 707 0.49277084507593993 0.46051032639470335 0.4534372548953053
3 707 708 657 0.49277084507593993 0.46051032639470335 0.4534372548953053
3 829 656 657 0.49277084507593993 0.46051032639470335 0.4534372548953053
3 657 830 829 0.49277084507593993 0.46051032639470335 0.4534372548953053
3 912 911 834 0.49277084507593993 0.46051032639470335 0.4534372548953053
3 834 896 912 0.49277084507593993 0.46051032639470335 0.4534372548953053
3 910 833 834 0.49277084507593993 0.46051032639470335 0.4534372548953053
3 834 911 910 0.49277084507593993 0.46051032639470335 0.4534372548953053
3 833 895 834 0.49277084507593993 0.46051032639470335 0.4534372548953053
3 895 896 834 0.49277084507593993 0.46051032639470335 0.4534372548953053
3 327 223 326 0.49277084507593993 0.46051032639470335 0.4534372548953053
3 326 650 327 0.49277084507593993 0.46051032639470335 0.4534372548953053
3 503 827 504 0.49277084507593993 0.46051032639470335 0.4534372548953053
3 504 716 503 0.49277084507593993 0.46051032639470335 0.4534372548953053
3 717 716 504 0.49277084507593993 0.46051032639470335 0.4534372548953053
3 505 717 504 0.49277084507593993 0.46051032639470335 0.4534372548953053
3 504 828 505 0.49277084507593993 0.46051032639470335 0.4534372548953053
3 504 827 828 0.49277084507593993 0.46051032639470335 0.4534372548953053
3 640 587 586 0.49277084507593993 0.46051032639470335 0.4534372548953053
3 586 639 640 0.49277084507593993 0.46051032639470335 0.4534372548953053
3 405 641 640 0.49277084507593993 0.46051032639470335 0.4534372548953053
3 641 587 640 0.49277084507593993 0.46051032639470335 0.4534372548953053
3 640 313 405 0.49277084507593993 0.46051032639470335 0.4534372548953053
3 640 639 313 0.49277084507593993 0.46051032639470335 0.4534372548953053
3 767 766 379 0.49277084507593993 0.46051032639470335 0.4534372548953053
3 379 380 767 0.49277084507593993 0.46051032639470335 0.4534372548953053
3 386 766 767 0.49277084507593993 0.46051032639470335 0.4534372548953053
3 767 380 768 0.49277084507593993 0.46051032639470335 0.4534372548953053
3 767 387 386 0.49277084507593993 0.46051032639470335 0.4534372548953053
3 767 768 387 0.49277084507593993 0.46051032639470335 0.4534372548953053
3 934 538 935 0.49277084507593993 0.46051032639470335 0.4534372548953053
3 666 541 540 0.49277084507593993 0.46051032639470335 0.4534372548953053
3 540 665 666 0.49277084507593993 0.46051032639470335 0.4534372548953053
3 363 538 934 0.49277084507593993 0.46051032639470335 0.4534372548953053
3 363 537 538 0.49277084507593993 0.46051032639470335 0.4534372548953053
3 363 362 536 0.49277084507593993 0.46051032639470335 0.4534372548953053
3 536 537 363 0.49277084507593993 0.46051032639470335 0.4534372548953053
3 552 97 96 0.49277084507593993 0.46051032639470335 0.4534372548953053
3 96 274 552 0.49277084507593993 0.46051032639470335 0.4534372548953053
3 275 552 274 0.49277084507593993 0.46051032639470335 0.4534372548953053
3 932 931 361 0.49277084507593993 0.46051032639470335 0.4534372548953053
3 361 362 932 0.49277084507593993 0.46051032639470335 0.4534372548953053
3 931 932 467 0.49277084507593993 0.46051032639470335 0.4534372548953053
3 441 797 796 0.49277084507593993 0.46051032639470335 0.4534372548953053
3 796 797 448 0.49277084507593993 0.46051032639470335 0.4534372548953053
3 796 795 440 0.49277084507593993 0.46051032639470335 0.4534372548953053
3 440 441 796 0.49277084507593993 0.46051032639470335 0.4534372548953053
3 796 447 795 0.49277084507593993 0.46051032639470335 0.4534372548953053
3 448 447 796 0.49277084507593993 0.46051032639470335 0.4534372548953053
3 429 448 449 0.49277084507593993 0.46051032639470335 0.4534372548953053
3 448 797 449 0.49277084507593993 0.46051032639470335 0.4534372548953053
3 449 797 798 0.49277084507593993 0.46051032639470335 0.4534372548953053
3 449 841 429 0.49277084507593993 0.46051032639470335 0.4534372548953053
3 449 798 842 0.49277084507593993 0.46051032639470335 0.4534372548953053
3 842 841 449 0.49277084507593993 0.46051032639470335 0.4534372548953053
3 626 419 420 0.49277084507593993 0.46051032639470335 0.4534372548953053
3 899 421 420 0.49277084507593993 0.46051032639470335 0.4534372548953053
3 420 898 899 0.49277084507593993 0.46051032639470335 0.4534372548953053
3 420 419 898 0.49277084507593993 0.46051032639470335 0.4534372548953053
3 422 421 900 0.49277084507593993 0.46051032639470335 0.4534372548953053
3 900 421 899 0.49277084507593993 0.46051032639470335 0.4534372548953053
3 628 421 422 0.49277084507593993 0.46051032639470335 0.4534372548953053
3 422 629 628 0.49277084507593993 0.46051032639470335 0.4534372548953053
3 628 441 440 0.49277084507593993 0.46051032639470335 0.4534372548953053
3 628 629 441 0.49277084507593993 0.46051032639470335 0.4534372548953053
3 627 439 626 0.49277084507593993 0.46051032639470335 0.4534372548953053
3 626 420 627 0.49277084507593993 0.46051032639470335 0.4534372548953053
3 627 420 421 0.49277084507593993 0.46051032639470335 0.4534372548953053
3 421 628 627 0.49277084507593993 0.46051032639470335 0.4534372548953053
3 440 439 627 0.49277084507593993 0.46051032639470335 0.4534372548953053
3 627 628 440 0.49277084507593993 0.46051032639470335 0.4534372548953053
3 954 550 953 0.49277084507593993 0.46051032639470335 0.4534372548953053
3 953 550 549 0.49277084507593993 0.46051032639470335 0.4534372548953053
3 422 900 901 0.49277084507593993 0.46051032639470335 0.4534372548953053
3 901 900 332 0.49277084507593993 0.46051032639470335 0.4534372548953053
3 423 629 422 0.49277084507593993 0.46051032639470335 0.4534372548953053
3 422 901 423 0.49277084507593993 0.46051032639470335 0.4534372548953053
3 423 901 902 0.49277084507593993 0.46051032639470335 0.4534372548953053
3 630 629 423 0.49277084507593993 0.46051032639470335 0.4534372548953053
3 423 903 630 0.49277084507593993 0.46051032639470335 0.4534372548953053
3 423 902 903 0.49277084507593993 0.46051032639470335 0.4534372548953053
3 599 598 717 0.49277084507593993 0.46051032639470335 0.4534372548953053
3 717 718 599 0.49277084507593993 0.46051032639470335 0.4534372548953053
3 599 718 600 0.49277084507593993 0.46051032639470335 0.4534372548953053
3 904 598 599 0.49277084507593993 0.46051032639470335 0.4534372548953053
3 599 905 904 0.49277084507593993 0.46051032639470335 0.4534372548953053
3 600 905 599 0.49277084507593993 0.46051032639470335 0.4534372548953053
3 233 234 592 0.49277084507593993 0.46051032639470335 0.4534372548953053
3 592 234 593 0.49277084507593993 0.46051032639470335 0.4534372548953053
3 148 233 592 0.49277084507593993 0.46051032639470335 0.4534372548953053
3 592 329 148 0.49277084507593993 0.46051032639470335 0.4534372548953053
3 898 329 330 0.49277084507593993 0.46051032639470335 0.4534372548953053
3 899 898 330 0.49277084507593993 0.46051032639470335 0.4534372548953053
3 330 592 593 0.49277084507593993 0.46051032639470335 0.4534372548953053
3 329 592 330 0.49277084507593993 0.46051032639470335 0.4534372548953053
3 593 234 235 0.49277084507593993 0.46051032639470335 0.4534372548953053
3 235 594 593 0.49277084507593993 0.46051032639470335 0.4534372548953053
3 235 234 712 0.49277084507593993 0.46051032639470335 0.4534372548953053
3 236 594 235 0.49277084507593993 0.46051032639470335 0.4534372548953053
3 712 713 235 0.49277084507593993 0.46051032639470335 0.4534372548953053
3 235 713 236 0.49277084507593993 0.46051032639470335 0.4534372548953053
3 595 594 236 0.49277084507593993 0.46051032639470335 0.4534372548953053
3 332 594 595 0.49277084507593993 0.46051032639470335 0.4534372548953053
3 633 905 906 0.49277084507593993 0.46051032639470335 0.4534372548953053
3 906 907 634 0.49277084507593993 0.46051032639470335 0.4534372548953053
3 634 633 906 0.49277084507593993 0.46051032639470335 0.4534372548953053
3 709 832 658 0.49277084507593993 0.46051032639470335 0.4534372548953053
3 832 831 658 0.49277084507593993 0.46051032639470335 0.4534372548953053
3 658 708 709 0.49277084507593993 0.46051032639470335 0.4534372548953053
3 658 657 708 0.49277084507593993 0.46051032639470335 0.4534372548953053
3 658 831 830 0.49277084507593993 0.46051032639470335 0.4534372548953053
3 830 657 658 0.49277084507593993 0.46051032639470335 0.4534372548953053
3 821 820 222 0.49277084507593993 0.46051032639470335 0.4534372548953053
3 222 325 326 0.49277084507593993 0.46051032639470335 0.4534372548953053
3 222 223 821 0.49277084507593993 0.46051032639470335 0.4534372548953053
3 222 326 223 0.49277084507593993 0.46051032639470335 0.4534372548953053
3 221 222 820 0.49277084507593993 0.46051032639470335 0.4534372548953053
3 325 222 221 0.49277084507593993 0.46051032639470335 0.4534372548953053
3 142 141 221 0.49277084507593993 0.46051032639470335 0.4534372548953053
3 221 820 142 0.49277084507593993 0.46051032639470335 0.4534372548953053
3 326 325 649 0.49277084507593993 0.46051032639470335 0.4534372548953053
3 649 321 322 0.49277084507593993 0.46051032639470335 0.4534372548953053
3 649 648 321 0.49277084507593993 0.46051032639470335 0.4534372548953053
3 649 325 648 0.49277084507593993 0.46051032639470335 0.4534372548953053
3 322 650 649 0.49277084507593993 0.46051032639470335 0.4534372548953053
3 650 326 649 0.49277084507593993 0.46051032639470335 0.4534372548953053
3 549 548 952 0.49277084507593993 0.46051032639470335 0.4534372548953053
3 952 935 936 0.49277084507593993 0.46051032639470335 0.4534372548953053
3 952 953 549 0.49277084507593993 0.46051032639470335 0.4534372548953053
3 936 953 952 0.49277084507593993 0.46051032639470335 0.4534372548953053
3 539 935 538 0.49277084507593993 0.46051032639470335 0.4534372548953053
3 665 540 539 0.49277084507593993 0.46051032639470335 0.4534372548953053
3 936 935 539 0.49277084507593993 0.46051032639470335 0.4534372548953053
3 539 540 936 0.49277084507593993 0.46051032639470335 0.4534372548953053
3 664 665 539 0.49277084507593993 0.46051032639470335 0.4534372548953053
3 539 538 664 0.49277084507593993 0.46051032639470335 0.4534372548953053
3 97 552 279 0.49277084507593993 0.46051032639470335 0.4534372548953053
3 671 98 279 0.49277084507593993 0.46051032639470335 0.4534372548953053
3 98 97 279 0.49277084507593993 0.46051032639470335 0.4534372548953053
3 672 284 671 0.49277084507593993 0.46051032639470335 0.4534372548953053
3 362 363 933 0.49277084507593993 0.46051032639470335 0.4534372548953053
3 933 932 362 0.49277084507593993 0.46051032639470335 0.4534372548953053
3 934 469 933 0.49277084507593993 0.46051032639470335 0.4534372548953053
3 933 363 934 0.49277084507593993 0.46051032639470335 0.4534372548953053
3 366 543 365 0.49277084507593993 0.46051032639470335 0.4534372548953053
3 369 547 546 0.49277084507593993 0.46051032639470335 0.4534372548953053
3 548 547 369 0.49277084507593993 0.46051032639470335 0.4534372548953053
3 375 547 548 0.49277084507593993 0.46051032639470335 0.4534372548953053
3 938 954 937 0.49277084507593993 0.46051032639470335 0.4534372548953053
3 954 953 937 0.49277084507593993 0.46051032639470335 0.4534372548953053
3 937 541 938 0.49277084507593993 0.46051032639470335 0.4534372548953053
3 937 953 936 0.49277084507593993 0.46051032639470335 0.4534372548953053
3 937 540 541 0.49277084507593993 0.46051032639470335 0.4534372548953053
3 936 540 937 0.49277084507593993 0.46051032639470335 0.4534372548953053
3 593 594 331 0.49277084507593993 0.46051032639470335 0.4534372548953053
3 331 330 593 0.49277084507593993 0.46051032639470335 0.4534372548953053
3 899 330 331 0.49277084507593993 0.46051032639470335 0.4534372548953053
3 331 594 332 0.49277084507593993 0.46051032639470335 0.4534372548953053
3 331 900 899 0.49277084507593993 0.46051032639470335 0.4534372548953053
3 332 900 331 0.49277084507593993 0.46051032639470335 0.4534372548953053
3 333 901 332 0.49277084507593993 0.46051032639470335 0.4534372548953053
3 332 595 333 0.49277084507593993 0.46051032639470335 0.4534372548953053
3 597 902 333 0.49277084507593993 0.46051032639470335 0.4534372548953053
3 902 901 333 0.49277084507593993 0.46051032639470335 0.4534372548953053
3 601 905 600 0.49277084507593993 0.46051032639470335 0.4534372548953053
3 601 906 905 0.49277084507593993 0.46051032639470335 0.4534372548953053
3 600 719 601 0.49277084507593993 0.46051032639470335 0.4534372548953053
3 601 719 720 0.49277084507593993 0.46051032639470335 0.4534372548953053
3 720 907 601 0.49277084507593993 0.46051032639470335 0.4534372548953053
3 907 906 601 0.49277084507593993 0.46051032639470335 0.4534372548953053
3 648 325 324 0.49277084507593993 0.46051032639470335 0.4534372548953053
3 325 221 324 0.49277084507593993 0.46051032639470335 0.4534372548953053
3 647 648 324 0.49277084507593993 0.46051032639470335 0.4534372548953053
3 324 221 141 0.49277084507593993 0.46051032639470335 0.4534372548953053
3 324 140 647 0.49277084507593993 0.46051032639470335 0.4534372548953053
3 324 141 140 0.49277084507593993 0.46051032639470335 0.4534372548953053
3 470 952 548 0.49277084507593993 0.46051032639470335 0.4534372548953053
3 935 952 470 0.49277084507593993 0.46051032639470335 0.4534372548953053
3 548 369 470 0.49277084507593993 0.46051032639470335 0.4534372548953053
3 470 369 469 0.49277084507593993 0.46051032639470335 0.4534372548953053
3 470 469 934 0.49277084507593993 0.46051032639470335 0.4534372548953053
3 934 935 470 0.49277084507593993 0.46051032639470335 0.4534372548953053
3 552 275 553 0.49277084507593993 0.46051032639470335 0.4534372548953053
3 553 279 552 0.49277084507593993 0.46051032639470335 0.4534372548953053
3 270 749 269 0.49277084507593993 0.46051032639470335 0.4534372548953053
3 269 371 270 0.49277084507593993 0.46051032639470335 0.4534372548953053
3 285 564 563 0.49277084507593993 0.46051032639470335 0.4534372548953053
3 563 284 285 0.49277084507593993 0.46051032639470335 0.4534372548953053
3 284 672 285 0.49277084507593993 0.46051032639470335 0.4534372548953053
3 672 673 285 0.49277084507593993 0.46051032639470335 0.4534372548953053
3 949 933 469 0.49277084507593993 0.46051032639470335 0.4534372548953053
3 949 467 932 0.49277084507593993 0.46051032639470335 0.4534372548953053
3 932 933 949 0.49277084507593993 0.46051032639470335 0.4534372548953053
3 466 365 465 0.49277084507593993 0.46051032639470335 0.4534372548953053
3 466 366 365 0.49277084507593993 0.46051032639470335 0.4534372548953053
3 466 465 930 0.49277084507593993 0.46051032639470335 0.4534372548953053
3 930 931 466 0.49277084507593993 0.46051032639470335 0.4534372548953053
3 931 467 466 0.49277084507593993 0.46051032639470335 0.4534372548953053
3 467 366 466 0.49277084507593993 0.46051032639470335 0.4534372548953053
3 371 543 544 0.49277084507593993 0.46051032639470335 0.4534372548953053
3 543 366 544 0.49277084507593993 0.46051032639470335 0.4534372548953053
3 755 756 558 0.49277084507593993 0.46051032639470335 0.4534372548953053
3 755 375 548 0.49277084507593993 0.46051032639470335 0.4534372548953053
3 549 756 755 0.49277084507593993 0.46051032639470335 0.4534372548953053
3 755 548 549 0.49277084507593993 0.46051032639470335 0.4534372548953053
3 596 333 595 0.49277084507593993 0.46051032639470335 0.4534372548953053
3 596 236 714 0.49277084507593993 0.46051032639470335 0.4534372548953053
3 596 595 236 0.49277084507593993 0.46051032639470335 0.4534372548953053
3 597 333 596 0.49277084507593993 0.46051032639470335 0.4534372548953053
3 714 715 596 0.49277084507593993 0.46051032639470335 0.4534372548953053
3 715 597 596 0.49277084507593993 0.46051032639470335 0.4534372548953053
3 750 270 271 0.49277084507593993 0.46051032639470335 0.4534372548953053
3 749 270 750 0.49277084507593993 0.46051032639470335 0.4534372548953053
3 750 274 749 0.49277084507593993 0.46051032639470335 0.4534372548953053
3 750 275 274 0.49277084507593993 0.46051032639470335 0.4534372548953053
3 279 553 280 0.49277084507593993 0.46051032639470335 0.4534372548953053
3 671 279 280 0.49277084507593993 0.46051032639470335 0.4534372548953053
3 280 672 671 0.49277084507593993 0.46051032639470335 0.4534372548953053
3 565 564 286 0.49277084507593993 0.46051032639470335 0.4534372548953053
3 564 285 286 0.49277084507593993 0.46051032639470335 0.4534372548953053
3 286 285 673 0.49277084507593993 0.46051032639470335 0.4534372548953053
3 467 949 367 0.49277084507593993 0.46051032639470335 0.4534372548953053
3 367 366 467 0.49277084507593993 0.46051032639470335 0.4534372548953053
3 367 544 366 0.49277084507593993 0.46051032639470335 0.4534372548953053
3 371 544 372 0.49277084507593993 0.46051032639470335 0.4534372548953053
3 372 270 371 0.49277084507593993 0.46051032639470335 0.4534372548953053
3 271 270 372 0.49277084507593993 0.46051032639470335 0.4534372548953053
3 276 553 275 0.49277084507593993 0.46051032639470335 0.4534372548953053
3 368 367 949 0.49277084507593993 0.46051032639470335 0.4534372548953053
3 368 369 546 0.49277084507593993 0.46051032639470335 0.4534372548953053
3 469 369 368 0.49277084507593993 0.46051032639470335 0.4534372548953053
3 368 949 469 0.49277084507593993 0.46051032639470335 0.4534372548953053
3 544 367 545 0.49277084507593993 0.46051032639470335 0.4534372548953053
3 545 372 544 0.49277084507593993 0.46051032639470335 0.4534372548953053
3 545 368 546 0.49277084507593993 0.46051032639470335 0.4534372548953053
3 367 368 545 0.49277084507593993 0.46051032639470335 0.4534372548953053
3 375 755 754 0.49277084507593993 0.46051032639470335 0.4534372548953053
3 754 273 375 0.49277084507593993 0.46051032639470335 0.4534372548953053
3 275 750 751 0.49277084507593993 0.46051032639470335 0.4534372548953053
3 751 276 275 0.49277084507593993 0.46051032639470335 0.4534372548953053
3 751 750 271 0.49277084507593993 0.46051032639470335 0.4534372548953053
3 752 276 751 0.49277084507593993 0.46051032639470335 0.4534372548953053
3 558 677 676 0.49277084507593993 0.46051032639470335 0.4534372548953053
3 676 568 567 0.49277084507593993 0.46051032639470335 0.4534372548953053
3 677 568 676 0.49277084507593993 0.46051032639470335 0.4534372548953053
3 567 566 288 0.49277084507593993 0.46051032639470335 0.4534372548953053
3 288 676 567 0.49277084507593993 0.46051032639470335 0.4534372548953053
3 675 676 288 0.49277084507593993 0.46051032639470335 0.4534372548953053
3 277 276 752 0.49277084507593993 0.46051032639470335 0.4534372548953053
3 272 273 752 0.49277084507593993 0.46051032639470335 0.4534372548953053
3 272 751 271 0.49277084507593993 0.46051032639470335 0.4534372548953053
3 752 751 272 0.49277084507593993 0.46051032639470335 0.4534372548953053
3 557 755 558 0.49277084507593993 0.46051032639470335 0.4534372548953053
3 557 754 755 0.49277084507593993 0.46051032639470335 0.4534372548953053
3 558 676 557 0.49277084507593993 0.46051032639470335 0.4534372548953053
3 287 566 565 0.49277084507593993 0.46051032639470335 0.4534372548953053
3 287 288 566 0.49277084507593993 0.46051032639470335 0.4534372548953053
3 565 286 287 0.49277084507593993 0.46051032639470335 0.4534372548953053
3 276 277 554 0.49277084507593993 0.46051032639470335 0.4534372548953053
3 554 280 553 0.49277084507593993 0.46051032639470335 0.4534372548953053
3 553 276 554 0.49277084507593993 0.46051032639470335 0.4534372548953053
3 754 557 278 0.49277084507593993 0.46051032639470335 0.4534372548953053
3 273 272 374 0.49277084507593993 0.46051032639470335 0.4534372548953053
3 375 273 374 0.49277084507593993 0.46051032639470335 0.4534372548953053
3 546 547 374 0.49277084507593993 0.46051032639470335 0.4534372548953053
3 547 375 374 0.49277084507593993 0.46051032639470335 0.4534372548953053
3 372 545 373 0.49277084507593993 0.46051032639470335 0.4534372548953053
3 271 372 373 0.49277084507593993 0.46051032639470335 0.4534372548953053
3 373 272 271 0.49277084507593993 0.46051032639470335 0.4534372548953053
3 373 374 272 0.49277084507593993 0.46051032639470335 0.4534372548953053
3 373 545 546 0.49277084507593993 0.46051032639470335 0.4534372548953053
3 546 374 373 0.49277084507593993 0.46051032639470335 0.4534372548953053
3 283 676 675 0.49277084507593993 0.46051032639470335 0.4534372548953053
3 283 557 676 0.49277084507593993 0.46051032639470335 0.4534372548953053
3 673 282 674 0.49277084507593993 0.46051032639470335 0.4534372548953053
3 674 286 673 0.49277084507593993 0.46051032639470335 0.4534372548953053
3 674 287 286 0.49277084507593993 0.46051032639470335 0.4534372548953053
3 675 288 674 0.49277084507593993 0.46051032639470335 0.4534372548953053
3 288 287 674 0.49277084507593993 0.46051032639470335 0.4534372548953053
3 674 283 675 0.49277084507593993 0.46051032639470335 0.4534372548953053
3 282 283 674 0.49277084507593993 0.46051032639470335 0.4534372548953053
3 281 282 673 0.49277084507593993 0.46051032639470335 0.4534372548953053
3 280 554 281 0.49277084507593993 0.46051032639470335 0.4534372548953053
3 281 673 672 0.49277084507593993 0.46051032639470335 0.4534372548953053
3 672 280 281 0.49277084507593993 0.46051032639470335 0.4534372548953053
3 273 754 753 0.49277084507593993 0.46051032639470335 0.4534372548953053
3 754 278 753 0.49277084507593993 0.46051032639470335 0.4534372548953053
3 752 273 753 0.49277084507593993 0.46051032639470335 0.4534372548953053
3 753 277 752 0.49277084507593993 0.46051032639470335 0.4534372548953053
3 753 278 277 0.49277084507593993 0.46051032639470335 0.4534372548953053
3 277 278 555 0.49277084507593993 0.46051032639470335 0.4534372548953053
3 555 554 277 0.49277084507593993 0.46051032639470335 0.4534372548953053
3 555 281 554 0.49277084507593993 0.46051032639470335 0.4534372548953053
3 282 281 555 0.49277084507593993 0.46051032639470335 0.4534372548953053
3 556 555 278 0.49277084507593993 0.46051032639470335 0.4534372548953053
3 556 278 557 0.49277084507593993 0.46051032639470335 0.4534372548953053
3 557 283 556 0.49277084507593993 0.46051032639470335 0.4534372548953053
3 556 283 282 0.49277084507593993 0.46051032639470335 0.4534372548953053
3 282 555 556 0.49277084507593993 0.46051032639470335 0.4534372548953053
3 970 982 971 0.49277084507593993 0.46051032639470335 0.4534372548953053
3 983 982 970 0.49277084507593993 0.46051032639470335 0.4534372548953053
3 970 969 983 0.49277084507593993 0.46051032639470335 0.4534372548953053
3 969 984 983 0.49277084507593993 0.46051032639470335 0.4534372548953053
3 965 968 963 0.49277084507593993 0.46051032639470335 0.4534372548953053
3 965 995 968 0.49277084507593993 0.46051032639470335 0.4534372548953053
3 990 987 986 0.49277084507593993 0.46051032639470335 0.4534372548953053
3 981 971 982 0.49277084507593993 0.46051032639470335 0.4534372548953053
3 988 987 989 0.49277084507593993 0.46051032639470335 0.4534372548953053
3 987 990 989 0.49277084507593993 0.46051032639470335 0.4534372548953053
3 993 984 969 0.49277084507593993 0.46051032639470335 0.4534372548953053
3 971 981 972 0.49277084507593993 0.46051032639470335 0.4534372548953053
3 975 974 979 0.49277084507593993 0.46051032639470335 0.4534372548953053
3 979 974 973 0.49277084507593993 0.46051032639470335 0.4534372548953053
3 986 985 991 0.49277084507593993 0.46051032639470335 0.4534372548953053
3 991 990 986 0.49277084507593993 0.46051032639470335 0.4534372548953053
3 994 969 968 0.49277084507593993 0.46051032639470335 0.4534372548953053
3 994 993 969 0.49277084507593993 0.46051032639470335 0.4534372548953053
3 968 995 994 0.49277084507593993 0.46051032639470335 0.4534372548953053
3 976 975 978 0.49277084507593993 0.46051032639470335 0.4534372548953053
3 975 979 978 0.49277084507593993 0.46051032639470335 0.4534372548953053
3 980 979 973 0.49277084507593993 0.46051032639470335 0.4534372548953053
3 973 972 980 0.49277084507593993 0.46051032639470335 0.4534372548953053
3 980 972 981 0.49277084507593993 0.46051032639470335 0.4534372548953053
3 992 991 985 0.49277084507593993 0.46051032639470335 0.4534372548953053
3 992 985 984 0.49277084507593993 0.46051032639470335 0.4534372548953053
3 984 993 992 0.49277084507593993 0.46051032639470335 0.4534372548953053
3 1006 1040 1005 0.49277084507593993 0.46051032639470335 0.4534372548953053
3 1005 1040 1004 0.49277084507593993 0.46051032639470335 0.4534372548953053
3 1039 1001 1017 0.49277084507593993 0.46051032639470335 0.4534372548953053
3 1003 1004 1024 0.49277084507593993 0.46051032639470335 0.4534372548953053
3 1024 1041 1003 0.49277084507593993 0.46051032639470335 0.4534372548953053
3 1041 1024 1026 0.49277084507593993 0.46051032639470335 0.4534372548953053
3 1026 1006 1007 0.49277084507593993 0.46051032639470335 0.4534372548953053
3 1040 1006 1026 0.49277084507593993 0.46051032639470335 0.4534372548953053
3 1026 1004 1040 0.49277084507593993 0.46051032639470335 0.4534372548953053
3 1026 1024 1004 0.49277084507593993 0.46051032639470335 0.4534372548953053
3 1003 1037 1002 0.49277084507593993 0.46051032639470335 0.4534372548953053
3 1017 1001 1002 0.49277084507593993 0.46051032639470335 0.4534372548953053
3 1036 1016 1055 0.49277084507593993 0.46051032639470335 0.4534372548953053
3 1055 1016 1023 0.49277084507593993 0.46051032639470335 0.4534372548953053
3 1023 1039 1055 0.49277084507593993 0.46051032639470335 0.4534372548953053
3 1055 1039 1048 0.49277084507593993 0.46051032639470335 0.4534372548953053
3 1048 1036 1055 0.49277084507593993 0.46051032639470335 0.4534372548953053
3 1009 1044 1027 0.49277084507593993 0.46051032639470335 0.4534372548953053
3 1032 1014 996 0.49277084507593993 0.46051032639470335 0.4534372548953053
3 996 998 1032 0.49277084507593993 0.46051032639470335 0.4534372548953053
3 1032 998 1014 0.49277084507593993 0.46051032639470335 0.4534372548953053
3 1020 998 999 0.49277084507593993 0.46051032639470335 0.4534372548953053
3 1031 1054 1051 0.49277084507593993 0.46051032639470335 0.4534372548953053
3 1013 1020 1050 0.49277084507593993 0.46051032639470335 0.4534372548953053
3 1042 1045 1039 0.49277084507593993 0.46051032639470335 0.4534372548953053
3 1019 1011 1012 0.49277084507593993 0.46051032639470335 0.4534372548953053
3 1051 1036 1019 0.49277084507593993 0.46051032639470335 0.4534372548953053
3 1012 1031 1019 0.49277084507593993 0.46051032639470335 0.4534372548953053
3 1019 1031 1051 0.49277084507593993 0.46051032639470335 0.4534372548953053
3 1051 1054 1035 0.49277084507593993 0.46051032639470335 0.4534372548953053
3 1035 1036 1051 0.49277084507593993 0.46051032639470335 0.4534372548953053
3 1016 1036 1035 0.49277084507593993 0.46051032639470335 0.4534372548953053
3 1035 1000 1016 0.49277084507593993 0.46051032639470335 0.4534372548953053
3 1001 1039 1022 0.49277084507593993 0.46051032639470335 0.4534372548953053
3 1039 1023 1022 0.49277084507593993 0.46051032639470335 0.4534372548953053
3 1022 1023 1016 0.49277084507593993 0.46051032639470335 0.4534372548953053
3 1016 1000 1022 0.49277084507593993 0.46051032639470335 0.4534372548953053
3 1022 1000 1001 0.49277084507593993 0.46051032639470335 0.4534372548953053
3 1028 1009 1010 0.49277084507593993 0.46051032639470335 0.4534372548953053
3 1044 1009 1028 0.49277084507593993 0.46051032639470335 0.4534372548953053
3 1028 1042 1044 0.49277084507593993 0.46051032639470335 0.4534372548953053
3 1011 1019 1046 0.49277084507593993 0.46051032639470335 0.4534372548953053
3 1039 1045 1018 0.49277084507593993 0.46051032639470335 0.4534372548953053
3 1011 1046 1018 0.49277084507593993 0.46051032639470335 0.4534372548953053
3 1010 1011 1018 0.49277084507593993 0.46051032639470335 0.4534372548953053
3 1043 1009 1027 0.49277084507593993 0.46051032639470335 0.4534372548953053
3 1027 1041 1043 0.49277084507593993 0.46051032639470335 0.4534372548953053
3 1041 1026 1043 0.49277084507593993 0.46051032639470335 0.4534372548953053
3 1043 1026 1007 0.49277084507593993 0.46051032639470335 0.4534372548953053
3 1007 1009 1043 0.49277084507593993 0.46051032639470335 0.4534372548953053
3 1049 1013 1014 0.49277084507593993 0.46051032639470335 0.4534372548953053
3 1049 1020 1013 0.49277084507593993 0.46051032639470335 0.4534372548953053
3 1054 1050 1021 0.49277084507593993 0.46051032639470335 0.4534372548953053
3 1021 1020 999 0.49277084507593993 0.46051032639470335 0.4534372548953053
3 1021 1050 1020 0.49277084507593993 0.46051032639470335 0.4534372548953053
3 1054 1031 1030 0.49277084507593993 0.46051032639470335 0.4534372548953053
3 1030 1050 1054 0.49277084507593993 0.46051032639470335 0.4534372548953053
3 1030 1031 1012 0.49277084507593993 0.46051032639470335 0.4534372548953053
3 1012 1013 1030 0.49277084507593993 0.46051032639470335 0.4534372548953053
3 1013 1050 1030 0.49277084507593993 0.46051032639470335 0.4534372548953053
3 1025 1002 1037 0.49277084507593993 0.46051032639470335 0.4534372548953053
3 1025 1042 1002 0.49277084507593993 0.46051032639470335 0.4534372548953053
3 1025 1041 1027 0.49277084507593993 0.46051032639470335 0.4534372548953053
3 1027 1044 1025 0.49277084507593993 0.46051032639470335 0.4534372548953053
3 1044 1042 1025 0.49277084507593993 0.46051032639470335 0.4534372548953053
3 1003 1041 1025 0.49277084507593993 0.46051032639470335 0.4534372548953053
3 1025 1037 1003 0.49277084507593993 0.46051032639470335 0.4534372548953053
3 1017 1002 1038 0.49277084507593993 0.46051032639470335 0.4534372548953053
3 1002 1042 1038 0.49277084507593993 0.46051032639470335 0.4534372548953053
3 1038 1039 1017 0.49277084507593993 0.46051032639470335 0.4534372548953053
3 1038 1042 1039 0.49277084507593993 0.46051032639470335 0.4534372548953053
3 1045 1042 1029 0.49277084507593993 0.46051032639470335 0.4534372548953053
3 1042 1028 1029 0.49277084507593993 0.46051032639470335 0.4534372548953053
3 1029 1028 1010 0.49277084507593993 0.46051032639470335 0.4534372548953053
3 1010 1018 1029 0.49277084507593993 0.46051032639470335 0.4534372548953053
3 1029 1018 1045 0.49277084507593993 0.46051032639470335 0.4534372548953053
3 1047 1048 1039 0.49277084507593993 0.46051032639470335 0.4534372548953053
3 1039 1018 1047 0.49277084507593993 0.46051032639470335 0.4534372548953053
3 1047 1018 1046 0.49277084507593993 0.46051032639470335 0.4534372548953053
3 1047 1046 1019 0.49277084507593993 0.46051032639470335 0.4534372548953053
3 1036 1048 1047 0.49277084507593993 0.46051032639470335 0.4534372548953053
3 1047 1019 1036 0.49277084507593993 0.46051032639470335 0.4534372548953053
3 998 1020 1033 0.49277084507593993 0.46051032639470335 0.4534372548953053
3 1020 1049 1033 0.49277084507593993 0.46051032639470335 0.4534372548953053
3 1014 998 1033 0.49277084507593993 0.46051032639470335 0.4534372548953053
3 1033 1049 1014 0.49277084507593993 0.46051032639470335 0.4534372548953053
3 1034 1035 1054 0.49277084507593993 0.46051032639470335 0.4534372548953053
3 1054 1021 1034 0.49277084507593993 0.46051032639470335 0.4534372548953053
3 1034 1021 999 0.49277084507593993 0.46051032639470335 0.4534372548953053
3 999 1000 1034 0.49277084507593993 0.46051032639470335 0.4534372548953053
3 1000 1035 1034 0.49277084507593993 0.46051032639470335 0.4534372548953053
3 1102 1062 1061 0.49277084507593993 0.46051032639470335 0.4534372548953053
3 1087 1086 1081 0.49277084507593993 0.46051032639470335 0.4534372548953053
3 1063 1100 1064 0.49277084507593993 0.46051032639470335 0.4534372548953053
3 1064 1100 1099 0.49277084507593993 0.46051032639470335 0.4534372548953053
3 1103 1102 1061 0.49277084507593993 0.46051032639470335 0.4534372548953053
3 1100 1063 1101 0.49277084507593993 0.46051032639470335 0.4534372548953053
3 1062 1102 1101 0.49277084507593993 0.46051032639470335 0.4534372548953053
3 1101 1063 1062 0.49277084507593993 0.46051032639470335 0.4534372548953053
3 1089 1074 1090 0.49277084507593993 0.46051032639470335 0.4534372548953053
3 1073 1090 1074 0.49277084507593993 0.46051032639470335 0.4534372548953053
3 1091 1090 1073 0.49277084507593993 0.46051032639470335 0.4534372548953053
3 1080 1087 1081 0.49277084507593993 0.46051032639470335 0.4534372548953053
3 1075 1074 1089 0.49277084507593993 0.46051032639470335 0.4534372548953053
3 1081 1086 1082 0.49277084507593993 0.46051032639470335 0.4534372548953053
3 1084 1083 1085 0.49277084507593993 0.46051032639470335 0.4534372548953053
3 1085 1082 1086 0.49277084507593993 0.46051032639470335 0.4534372548953053
3 1083 1082 1085 0.49277084507593993 0.46051032639470335 0.4534372548953053
3 1064 1099 1065 0.49277084507593993 0.46051032639470335 0.4534372548953053
3 1065 1099 1098 0.49277084507593993 0.46051032639470335 0.4534372548953053
3 1057 1103 1059 0.49277084507593993 0.46051032639470335 0.4534372548953053
3 1059 1103 1061 0.49277084507593993 0.46051032639470335 0.4534372548953053
3 1093 1092 1071 0.49277084507593993 0.46051032639470335 0.4534372548953053
3 1071 1092 1072 0.49277084507593993 0.46051032639470335 0.4534372548953053
3 1072 1092 1091 0.49277084507593993 0.46051032639470335 0.4534372548953053
3 1091 1073 1072 0.49277084507593993 0.46051032639470335 0.4534372548953053
3 1076 1079 1077 0.49277084507593993 0.46051032639470335 0.4534372548953053
3 1066 1065 1098 0.49277084507593993 0.46051032639470335 0.4534372548953053
3 1098 1097 1066 0.49277084507593993 0.46051032639470335 0.4534372548953053
3 1066 1097 1067 0.49277084507593993 0.46051032639470335 0.4534372548953053
3 1069 1095 1094 0.49277084507593993 0.46051032639470335 0.4534372548953053
3 1069 1068 1095 0.49277084507593993 0.46051032639470335 0.4534372548953053
3 1095 1068 1096 0.49277084507593993 0.46051032639470335 0.4534372548953053
3 1096 1068 1067 0.49277084507593993 0.46051032639470335 0.4534372548953053
3 1067 1097 1096 0.49277084507593993 0.46051032639470335 0.4534372548953053
3 1087 1080 1088 0.49277084507593993 0.46051032639470335 0.4534372548953053
3 1088 1080 1079 0.49277084507593993 0.46051032639470335 0.4534372548953053
3 1079 1076 1088 0.49277084507593993 0.46051032639470335 0.4534372548953053
3 1088 1075 1089 0.49277084507593993 0.46051032639470335 0.4534372548953053
3 1088 1076 1075 0.49277084507593993 0.46051032639470335 0.4534372548953053
3 1070 1069 1094 0.49277084507593993 0.46051032639470335 0.4534372548953053
3 1094 1093 1070 0.49277084507593993 0.46051032639470335 0.4534372548953053
3 1070 1093 1071 0.49277084507593993 0.46051032639470335 0.4534372548953053
3 1127 1128 1263 0.49277084507593993 0.46051032639470335 0.4534372548953053
3 1110 1111 1299 0.49277084507593993 0.46051032639470335 0.4534372548953053
3 1110 1299 1190 0.49277084507593993 0.46051032639470335 0.4534372548953053
3 1110 1190 1109 0.49277084507593993 0.46051032639470335 0.4534372548953053
3 1109 1190 1239 0.49277084507593993 0.46051032639470335 0.4534372548953053
3 1210 1125 1126 0.49277084507593993 0.46051032639470335 0.4534372548953053
3 1168 1130 1131 0.49277084507593993 0.46051032639470335 0.4534372548953053
3 1219 1138 1275 0.49277084507593993 0.46051032639470335 0.4534372548953053
3 1114 1349 1113 0.49277084507593993 0.46051032639470335 0.4534372548953053
3 1389 1372 1380 0.49277084507593993 0.46051032639470335 0.4534372548953053
3 1372 1379 1380 0.49277084507593993 0.46051032639470335 0.4534372548953053
3 1380 1333 1389 0.49277084507593993 0.46051032639470335 0.4534372548953053
3 1191 1190 1299 0.49277084507593993 0.46051032639470335 0.4534372548953053
3 1239 1190 1240 0.49277084507593993 0.46051032639470335 0.4534372548953053
3 1190 1191 1240 0.49277084507593993 0.46051032639470335 0.4534372548953053
3 1241 1188 1240 0.49277084507593993 0.46051032639470335 0.4534372548953053
3 1240 1191 1241 0.49277084507593993 0.46051032639470335 0.4534372548953053
3 1234 1121 1122 0.49277084507593993 0.46051032639470335 0.4534372548953053
3 1249 1250 1354 0.49277084507593993 0.46051032639470335 0.4534372548953053
3 1389 1333 1388 0.49277084507593993 0.46051032639470335 0.4534372548953053
3 1388 1356 1389 0.49277084507593993 0.46051032639470335 0.4534372548953053
3 1118 1202 1117 0.49277084507593993 0.46051032639470335 0.4534372548953053
3 1115 1116 1198 0.49277084507593993 0.46051032639470335 0.4534372548953053
3 1368 1272 1273 0.49277084507593993 0.46051032639470335 0.4534372548953053
3 1162 1127 1263 0.49277084507593993 0.46051032639470335 0.4534372548953053
3 1371 1379 1372 0.49277084507593993 0.46051032639470335 0.4534372548953053
3 1371 1326 1379 0.49277084507593993 0.46051032639470335 0.4534372548953053
3 1275 1138 1139 0.49277084507593993 0.46051032639470335 0.4534372548953053
3 1273 1272 1324 0.49277084507593993 0.46051032639470335 0.4534372548953053
3 1136 1154 1134 0.49277084507593993 0.46051032639470335 0.4534372548953053
3 1218 1137 1138 0.49277084507593993 0.46051032639470335 0.4534372548953053
3 1138 1219 1218 0.49277084507593993 0.46051032639470335 0.4534372548953053
3 1131 1132 1269 0.49277084507593993 0.46051032639470335 0.4534372548953053
3 1269 1168 1131 0.49277084507593993 0.46051032639470335 0.4534372548953053
3 1365 1129 1130 0.49277084507593993 0.46051032639470335 0.4534372548953053
3 1130 1168 1365 0.49277084507593993 0.46051032639470335 0.4534372548953053
3 1140 1141 1373 0.49277084507593993 0.46051032639470335 0.4534372548953053
3 1276 1219 1275 0.49277084507593993 0.46051032639470335 0.4534372548953053
3 1275 1139 1276 0.49277084507593993 0.46051032639470335 0.4534372548953053
3 1219 1276 1322 0.49277084507593993 0.46051032639470335 0.4534372548953053
3 1194 1299 1111 0.49277084507593993 0.46051032639470335 0.4534372548953053
3 1350 1157 1349 0.49277084507593993 0.46051032639470335 0.4534372548953053
3 1174 1144 1327 0.49277084507593993 0.46051032639470335 0.4534372548953053
3 1325 1326 1274 0.49277084507593993 0.46051032639470335 0.4534372548953053
3 1325 1274 1273 0.49277084507593993 0.46051032639470335 0.4534372548953053
3 1273 1324 1325 0.49277084507593993 0.46051032639470335 0.4534372548953053
3 1333 1380 1286 0.49277084507593993 0.46051032639470335 0.4534372548953053
3 1286 1380 1379 0.49277084507593993 0.46051032639470335 0.4534372548953053
3 1379 1326 1378 0.49277084507593993 0.46051032639470335 0.4534372548953053
3 1378 1286 1379 0.49277084507593993 0.46051032639470335 0.4534372548953053
3 1285 1286 1378 0.49277084507593993 0.46051032639470335 0.4534372548953053
3 1150 1151 1226 0.49277084507593993 0.46051032639470335 0.4534372548953053
3 1334 1151 1152 0.49277084507593993 0.46051032639470335 0.4534372548953053
3 1334 1226 1151 0.49277084507593993 0.46051032639470335 0.4534372548953053
3 1335 1226 1334 0.49277084507593993 0.46051032639470335 0.4534372548953053
3 1108 1109 1239 0.49277084507593993 0.46051032639470335 0.4534372548953053
3 1239 1186 1108 0.49277084507593993 0.46051032639470335 0.4534372548953053
3 1343 1240 1188 0.49277084507593993 0.46051032639470335 0.4534372548953053
3 1124 1234 1122 0.49277084507593993 0.46051032639470335 0.4534372548953053
3 1234 1124 1257 0.49277084507593993 0.46051032639470335 0.4534372548953053
3 1257 1125 1210 0.49277084507593993 0.46051032639470335 0.4534372548953053
3 1257 1124 1125 0.49277084507593993 0.46051032639470335 0.4534372548953053
3 1121 1234 1235 0.49277084507593993 0.46051032639470335 0.4534372548953053
3 1234 1257 1235 0.49277084507593993 0.46051032639470335 0.4534372548953053
3 1118 1119 1251 0.49277084507593993 0.46051032639470335 0.4534372548953053
3 1252 1202 1251 0.49277084507593993 0.46051032639470335 0.4534372548953053
3 1251 1202 1118 0.49277084507593993 0.46051032639470335 0.4534372548953053
3 1121 1235 1357 0.49277084507593993 0.46051032639470335 0.4534372548953053
3 1357 1235 1358 0.49277084507593993 0.46051032639470335 0.4534372548953053
3 1207 1206 1358 0.49277084507593993 0.46051032639470335 0.4534372548953053
3 1119 1206 1207 0.49277084507593993 0.46051032639470335 0.4534372548953053
3 1207 1251 1119 0.49277084507593993 0.46051032639470335 0.4534372548953053
3 1207 1208 1252 0.49277084507593993 0.46051032639470335 0.4534372548953053
3 1252 1251 1207 0.49277084507593993 0.46051032639470335 0.4534372548953053
3 1353 1249 1354 0.49277084507593993 0.46051032639470335 0.4534372548953053
3 1355 1305 1354 0.49277084507593993 0.46051032639470335 0.4534372548953053
3 1354 1250 1355 0.49277084507593993 0.46051032639470335 0.4534372548953053
3 1250 1312 1355 0.49277084507593993 0.46051032639470335 0.4534372548953053
3 1355 1312 1356 0.49277084507593993 0.46051032639470335 0.4534372548953053
3 1304 1244 1303 0.49277084507593993 0.46051032639470335 0.4534372548953053
3 1354 1305 1304 0.49277084507593993 0.46051032639470335 0.4534372548953053
3 1304 1353 1354 0.49277084507593993 0.46051032639470335 0.4534372548953053
3 1116 1117 1306 0.49277084507593993 0.46051032639470335 0.4534372548953053
3 1306 1198 1116 0.49277084507593993 0.46051032639470335 0.4534372548953053
3 1307 1198 1306 0.49277084507593993 0.46051032639470335 0.4534372548953053
3 1306 1117 1202 0.49277084507593993 0.46051032639470335 0.4534372548953053
3 1216 1322 1217 0.49277084507593993 0.46051032639470335 0.4534372548953053
3 1217 1322 1323 0.49277084507593993 0.46051032639470335 0.4534372548953053
3 1323 1324 1217 0.49277084507593993 0.46051032639470335 0.4534372548953053
3 1217 1324 1272 0.49277084507593993 0.46051032639470335 0.4534372548953053
3 1314 1162 1163 0.49277084507593993 0.46051032639470335 0.4534372548953053
3 1313 1126 1127 0.49277084507593993 0.46051032639470335 0.4534372548953053
3 1127 1162 1313 0.49277084507593993 0.46051032639470335 0.4534372548953053
3 1313 1162 1314 0.49277084507593993 0.46051032639470335 0.4534372548953053
3 1210 1126 1313 0.49277084507593993 0.46051032639470335 0.4534372548953053
3 1319 1371 1372 0.49277084507593993 0.46051032639470335 0.4534372548953053
3 1225 1376 1279 0.49277084507593993 0.46051032639470335 0.4534372548953053
3 1137 1218 1320 0.49277084507593993 0.46051032639470335 0.4534372548953053
3 1320 1154 1136 0.49277084507593993 0.46051032639470335 0.4534372548953053
3 1136 1137 1320 0.49277084507593993 0.46051032639470335 0.4534372548953053
3 1214 1269 1132 0.49277084507593993 0.46051032639470335 0.4534372548953053
3 1214 1132 1133 0.49277084507593993 0.46051032639470335 0.4534372548953053
3 1133 1134 1214 0.49277084507593993 0.46051032639470335 0.4534372548953053
3 1214 1134 1154 0.49277084507593993 0.46051032639470335 0.4534372548953053
3 1155 1322 1216 0.49277084507593993 0.46051032639470335 0.4534372548953053
3 1154 1320 1155 0.49277084507593993 0.46051032639470335 0.4534372548953053
3 1168 1269 1270 0.49277084507593993 0.46051032639470335 0.4534372548953053
3 1222 1139 1140 0.49277084507593993 0.46051032639470335 0.4534372548953053
3 1222 1276 1139 0.49277084507593993 0.46051032639470335 0.4534372548953053
3 1323 1322 1220 0.49277084507593993 0.46051032639470335 0.4534372548953053
3 1220 1322 1276 0.49277084507593993 0.46051032639470335 0.4534372548953053
3 1195 1194 1156 0.49277084507593993 0.46051032639470335 0.4534372548953053
3 1156 1157 1195 0.49277084507593993 0.46051032639470335 0.4534372548953053
3 1156 1113 1349 0.49277084507593993 0.46051032639470335 0.4534372548953053
3 1349 1157 1156 0.49277084507593993 0.46051032639470335 0.4534372548953053
3 1300 1191 1299 0.49277084507593993 0.46051032639470335 0.4534372548953053
3 1299 1194 1300 0.49277084507593993 0.46051032639470335 0.4534372548953053
3 1300 1194 1195 0.49277084507593993 0.46051032639470335 0.4534372548953053
3 1303 1244 1243 0.49277084507593993 0.46051032639470335 0.4534372548953053
3 1243 1244 1346 0.49277084507593993 0.46051032639470335 0.4534372548953053
3 1158 1350 1351 0.49277084507593993 0.46051032639470335 0.4534372548953053
3 1157 1350 1158 0.49277084507593993 0.46051032639470335 0.4534372548953053
3 1115 1198 1245 0.49277084507593993 0.46051032639470335 0.4534372548953053
3 1159 1349 1114 0.49277084507593993 0.46051032639470335 0.4534372548953053
3 1159 1350 1349 0.49277084507593993 0.46051032639470335 0.4534372548953053
3 1114 1115 1159 0.49277084507593993 0.46051032639470335 0.4534372548953053
3 1115 1245 1159 0.49277084507593993 0.46051032639470335 0.4534372548953053
3 1144 1174 1143 0.49277084507593993 0.46051032639470335 0.4534372548953053
3 1326 1325 1280 0.49277084507593993 0.46051032639470335 0.4534372548953053
3 1377 1378 1280 0.49277084507593993 0.46051032639470335 0.4534372548953053
3 1280 1378 1326 0.49277084507593993 0.46051032639470335 0.4534372548953053
3 1280 1325 1279 0.49277084507593993 0.46051032639470335 0.4534372548953053
3 1280 1376 1377 0.49277084507593993 0.46051032639470335 0.4534372548953053
3 1279 1376 1280 0.49277084507593993 0.46051032639470335 0.4534372548953053
3 1283 1176 1284 0.49277084507593993 0.46051032639470335 0.4534372548953053
3 1284 1176 1285 0.49277084507593993 0.46051032639470335 0.4534372548953053
3 1377 1283 1284 0.49277084507593993 0.46051032639470335 0.4534372548953053
3 1284 1378 1377 0.49277084507593993 0.46051032639470335 0.4534372548953053
3 1285 1378 1284 0.49277084507593993 0.46051032639470335 0.4534372548953053
3 1175 1176 1283 0.49277084507593993 0.46051032639470335 0.4534372548953053
3 1283 1282 1175 0.49277084507593993 0.46051032639470335 0.4534372548953053
3 1175 1282 1174 0.49277084507593993 0.46051032639470335 0.4534372548953053
3 1175 1174 1327 0.49277084507593993 0.46051032639470335 0.4534372548953053
3 1341 1334 1152 0.49277084507593993 0.46051032639470335 0.4534372548953053
3 1186 1334 1341 0.49277084507593993 0.46051032639470335 0.4534372548953053
3 1341 1152 1105 0.49277084507593993 0.46051032639470335 0.4534372548953053
3 1335 1334 1342 0.49277084507593993 0.46051032639470335 0.4534372548953053
3 1342 1334 1186 0.49277084507593993 0.46051032639470335 0.4534372548953053
3 1294 1149 1293 0.49277084507593993 0.46051032639470335 0.4534372548953053
3 1293 1149 1150 0.49277084507593993 0.46051032639470335 0.4534372548953053
3 1258 1235 1257 0.49277084507593993 0.46051032639470335 0.4534372548953053
3 1258 1257 1210 0.49277084507593993 0.46051032639470335 0.4534372548953053
3 1358 1206 1120 0.49277084507593993 0.46051032639470335 0.4534372548953053
3 1120 1357 1358 0.49277084507593993 0.46051032639470335 0.4534372548953053
3 1121 1357 1120 0.49277084507593993 0.46051032639470335 0.4534372548953053
3 1120 1206 1119 0.49277084507593993 0.46051032639470335 0.4534372548953053
3 1318 1319 1363 0.49277084507593993 0.46051032639470335 0.4534372548953053
3 1363 1262 1318 0.49277084507593993 0.46051032639470335 0.4534372548953053
3 1201 1200 1309 0.49277084507593993 0.46051032639470335 0.4534372548953053
3 1308 1309 1200 0.49277084507593993 0.46051032639470335 0.4534372548953053
3 1199 1198 1307 0.49277084507593993 0.46051032639470335 0.4534372548953053
3 1307 1308 1199 0.49277084507593993 0.46051032639470335 0.4534372548953053
3 1199 1308 1200 0.49277084507593993 0.46051032639470335 0.4534372548953053
3 1199 1200 1246 0.49277084507593993 0.46051032639470335 0.4534372548953053
3 1199 1245 1198 0.49277084507593993 0.46051032639470335 0.4534372548953053
3 1246 1245 1199 0.49277084507593993 0.46051032639470335 0.4534372548953053
3 1274 1326 1370 0.49277084507593993 0.46051032639470335 0.4534372548953053
3 1326 1371 1370 0.49277084507593993 0.46051032639470335 0.4534372548953053
3 1167 1368 1266 0.49277084507593993 0.46051032639470335 0.4534372548953053
3 1264 1162 1263 0.49277084507593993 0.46051032639470335 0.4534372548953053
3 1264 1163 1162 0.49277084507593993 0.46051032639470335 0.4534372548953053
3 1263 1166 1264 0.49277084507593993 0.46051032639470335 0.4534372548953053
3 1264 1166 1167 0.49277084507593993 0.46051032639470335 0.4534372548953053
3 1164 1266 1316 0.49277084507593993 0.46051032639470335 0.4534372548953053
3 1364 1319 1372 0.49277084507593993 0.46051032639470335 0.4534372548953053
3 1364 1372 1389 0.49277084507593993 0.46051032639470335 0.4534372548953053
3 1312 1363 1364 0.49277084507593993 0.46051032639470335 0.4534372548953053
3 1364 1363 1319 0.49277084507593993 0.46051032639470335 0.4534372548953053
3 1389 1356 1364 0.49277084507593993 0.46051032639470335 0.4534372548953053
3 1356 1312 1364 0.49277084507593993 0.46051032639470335 0.4534372548953053
3 1278 1225 1279 0.49277084507593993 0.46051032639470335 0.4534372548953053
3 1279 1325 1278 0.49277084507593993 0.46051032639470335 0.4534372548953053
3 1278 1325 1324 0.49277084507593993 0.46051032639470335 0.4534372548953053
3 1224 1225 1278 0.49277084507593993 0.46051032639470335 0.4534372548953053
3 1219 1322 1321 0.49277084507593993 0.46051032639470335 0.4534372548953053
3 1322 1155 1321 0.49277084507593993 0.46051032639470335 0.4534372548953053
3 1321 1218 1219 0.49277084507593993 0.46051032639470335 0.4534372548953053
3 1321 1320 1218 0.49277084507593993 0.46051032639470335 0.4534372548953053
3 1321 1155 1320 0.49277084507593993 0.46051032639470335 0.4534372548953053
3 1215 1270 1269 0.49277084507593993 0.46051032639470335 0.4534372548953053
3 1269 1214 1215 0.49277084507593993 0.46051032639470335 0.4534372548953053
3 1215 1155 1216 0.49277084507593993 0.46051032639470335 0.4534372548953053
3 1216 1270 1215 0.49277084507593993 0.46051032639470335 0.4534372548953053
3 1215 1214 1154 0.49277084507593993 0.46051032639470335 0.4534372548953053
3 1154 1155 1215 0.49277084507593993 0.46051032639470335 0.4534372548953053
3 1165 1166 1263 0.49277084507593993 0.46051032639470335 0.4534372548953053
3 1129 1365 1165 0.49277084507593993 0.46051032639470335 0.4534372548953053
3 1263 1128 1165 0.49277084507593993 0.46051032639470335 0.4534372548953053
3 1128 1129 1165 0.49277084507593993 0.46051032639470335 0.4534372548953053
3 1140 1373 1223 0.49277084507593993 0.46051032639470335 0.4534372548953053
3 1223 1222 1140 0.49277084507593993 0.46051032639470335 0.4534372548953053
3 1276 1222 1223 0.49277084507593993 0.46051032639470335 0.4534372548953053
3 1112 1194 1111 0.49277084507593993 0.46051032639470335 0.4534372548953053
3 1112 1156 1194 0.49277084507593993 0.46051032639470335 0.4534372548953053
3 1113 1156 1112 0.49277084507593993 0.46051032639470335 0.4534372548953053
3 1301 1300 1195 0.49277084507593993 0.46051032639470335 0.4534372548953053
3 1351 1161 1352 0.49277084507593993 0.46051032639470335 0.4534372548953053
3 1352 1158 1351 0.49277084507593993 0.46051032639470335 0.4534372548953053
3 1197 1158 1352 0.49277084507593993 0.46051032639470335 0.4534372548953053
3 1303 1197 1352 0.49277084507593993 0.46051032639470335 0.4534372548953053
3 1352 1304 1303 0.49277084507593993 0.46051032639470335 0.4534372548953053
3 1353 1304 1352 0.49277084507593993 0.46051032639470335 0.4534372548953053
3 1346 1244 1339 0.49277084507593993 0.46051032639470335 0.4534372548953053
3 1182 1383 1384 0.49277084507593993 0.46051032639470335 0.4534372548953053
3 1244 1304 1347 0.49277084507593993 0.46051032639470335 0.4534372548953053
3 1347 1339 1244 0.49277084507593993 0.46051032639470335 0.4534372548953053
3 1298 1339 1347 0.49277084507593993 0.46051032639470335 0.4534372548953053
3 1107 1341 1105 0.49277084507593993 0.46051032639470335 0.4534372548953053
3 1107 1108 1186 0.49277084507593993 0.46051032639470335 0.4534372548953053
3 1186 1341 1107 0.49277084507593993 0.46051032639470335 0.4534372548953053
3 1187 1186 1239 0.49277084507593993 0.46051032639470335 0.4534372548953053
3 1187 1342 1186 0.49277084507593993 0.46051032639470335 0.4534372548953053
3 1239 1240 1187 0.49277084507593993 0.46051032639470335 0.4534372548953053
3 1240 1343 1187 0.49277084507593993 0.46051032639470335 0.4534372548953053
3 1187 1343 1335 0.49277084507593993 0.46051032639470335 0.4534372548953053
3 1335 1342 1187 0.49277084507593993 0.46051032639470335 0.4534372548953053
3 1183 1149 1294 0.49277084507593993 0.46051032639470335 0.4534372548953053
3 1183 1148 1149 0.49277084507593993 0.46051032639470335 0.4534372548953053
3 1294 1184 1183 0.49277084507593993 0.46051032639470335 0.4534372548953053
3 1183 1184 1148 0.49277084507593993 0.46051032639470335 0.4534372548953053
3 1344 1188 1241 0.49277084507593993 0.46051032639470335 0.4534372548953053
3 1241 1189 1344 0.49277084507593993 0.46051032639470335 0.4534372548953053
3 1335 1343 1227 0.49277084507593993 0.46051032639470335 0.4534372548953053
3 1227 1226 1335 0.49277084507593993 0.46051032639470335 0.4534372548953053
3 1150 1226 1227 0.49277084507593993 0.46051032639470335 0.4534372548953053
3 1227 1293 1150 0.49277084507593993 0.46051032639470335 0.4534372548953053
3 1294 1293 1227 0.49277084507593993 0.46051032639470335 0.4534372548953053
3 1211 1212 1259 0.49277084507593993 0.46051032639470335 0.4534372548953053
3 1259 1258 1211 0.49277084507593993 0.46051032639470335 0.4534372548953053
3 1211 1258 1210 0.49277084507593993 0.46051032639470335 0.4534372548953053
3 1314 1212 1211 0.49277084507593993 0.46051032639470335 0.4534372548953053
3 1210 1313 1211 0.49277084507593993 0.46051032639470335 0.4534372548953053
3 1211 1313 1314 0.49277084507593993 0.46051032639470335 0.4534372548953053
3 1318 1262 1317 0.49277084507593993 0.46051032639470335 0.4534372548953053
3 1317 1267 1318 0.49277084507593993 0.46051032639470335 0.4534372548953053
3 1316 1266 1317 0.49277084507593993 0.46051032639470335 0.4534372548953053
3 1317 1266 1267 0.49277084507593993 0.46051032639470335 0.4534372548953053
3 1208 1207 1359 0.49277084507593993 0.46051032639470335 0.4534372548953053
3 1359 1207 1358 0.49277084507593993 0.46051032639470335 0.4534372548953053
3 1259 1237 1236 0.49277084507593993 0.46051032639470335 0.4534372548953053
3 1236 1258 1259 0.49277084507593993 0.46051032639470335 0.4534372548953053
3 1236 1359 1358 0.49277084507593993 0.46051032639470335 0.4534372548953053
3 1237 1359 1236 0.49277084507593993 0.46051032639470335 0.4534372548953053
3 1358 1235 1236 0.49277084507593993 0.46051032639470335 0.4534372548953053
3 1235 1258 1236 0.49277084507593993 0.46051032639470335 0.4534372548953053
3 1261 1262 1361 0.49277084507593993 0.46051032639470335 0.4534372548953053
3 1261 1317 1262 0.49277084507593993 0.46051032639470335 0.4534372548953053
3 1309 1308 1205 0.49277084507593993 0.46051032639470335 0.4534372548953053
3 1361 1209 1360 0.49277084507593993 0.46051032639470335 0.4534372548953053
3 1360 1209 1208 0.49277084507593993 0.46051032639470335 0.4534372548953053
3 1208 1359 1360 0.49277084507593993 0.46051032639470335 0.4534372548953053
3 1360 1359 1237 0.49277084507593993 0.46051032639470335 0.4534372548953053
3 1249 1353 1248 0.49277084507593993 0.46051032639470335 0.4534372548953053
3 1201 1249 1248 0.49277084507593993 0.46051032639470335 0.4534372548953053
3 1353 1352 1248 0.49277084507593993 0.46051032639470335 0.4534372548953053
3 1248 1352 1161 0.49277084507593993 0.46051032639470335 0.4534372548953053
3 1246 1161 1160 0.49277084507593993 0.46051032639470335 0.4534372548953053
3 1160 1245 1246 0.49277084507593993 0.46051032639470335 0.4534372548953053
3 1160 1159 1245 0.49277084507593993 0.46051032639470335 0.4534372548953053
3 1350 1159 1160 0.49277084507593993 0.46051032639470335 0.4534372548953053
3 1351 1350 1160 0.49277084507593993 0.46051032639470335 0.4534372548953053
3 1160 1161 1351 0.49277084507593993 0.46051032639470335 0.4534372548953053
3 1273 1274 1369 0.49277084507593993 0.46051032639470335 0.4534372548953053
3 1274 1370 1369 0.49277084507593993 0.46051032639470335 0.4534372548953053
3 1369 1368 1273 0.49277084507593993 0.46051032639470335 0.4534372548953053
3 1369 1370 1267 0.49277084507593993 0.46051032639470335 0.4534372548953053
3 1369 1266 1368 0.49277084507593993 0.46051032639470335 0.4534372548953053
3 1267 1266 1369 0.49277084507593993 0.46051032639470335 0.4534372548953053
3 1318 1267 1268 0.49277084507593993 0.46051032639470335 0.4534372548953053
3 1267 1370 1268 0.49277084507593993 0.46051032639470335 0.4534372548953053
3 1268 1370 1371 0.49277084507593993 0.46051032639470335 0.4534372548953053
3 1268 1319 1318 0.49277084507593993 0.46051032639470335 0.4534372548953053
3 1371 1319 1268 0.49277084507593993 0.46051032639470335 0.4534372548953053
3 1315 1212 1314 0.49277084507593993 0.46051032639470335 0.4534372548953053
3 1314 1163 1315 0.49277084507593993 0.46051032639470335 0.4534372548953053
3 1163 1164 1315 0.49277084507593993 0.46051032639470335 0.4534372548953053
3 1315 1164 1316 0.49277084507593993 0.46051032639470335 0.4534372548953053
3 1163 1264 1265 0.49277084507593993 0.46051032639470335 0.4534372548953053
3 1265 1164 1163 0.49277084507593993 0.46051032639470335 0.4534372548953053
3 1265 1264 1167 0.49277084507593993 0.46051032639470335 0.4534372548953053
3 1167 1266 1265 0.49277084507593993 0.46051032639470335 0.4534372548953053
3 1266 1164 1265 0.49277084507593993 0.46051032639470335 0.4534372548953053
3 1171 1141 1142 0.49277084507593993 0.46051032639470335 0.4534372548953053
3 1142 1172 1171 0.49277084507593993 0.46051032639470335 0.4534372548953053
3 1374 1171 1172 0.49277084507593993 0.46051032639470335 0.4534372548953053
3 1224 1223 1374 0.49277084507593993 0.46051032639470335 0.4534372548953053
3 1374 1223 1373 0.49277084507593993 0.46051032639470335 0.4534372548953053
3 1374 1373 1141 0.49277084507593993 0.46051032639470335 0.4534372548953053
3 1141 1171 1374 0.49277084507593993 0.46051032639470335 0.4534372548953053
3 1376 1225 1375 0.49277084507593993 0.46051032639470335 0.4534372548953053
3 1375 1374 1172 0.49277084507593993 0.46051032639470335 0.4534372548953053
3 1375 1225 1224 0.49277084507593993 0.46051032639470335 0.4534372548953053
3 1224 1374 1375 0.49277084507593993 0.46051032639470335 0.4534372548953053
3 1281 1172 1142 0.49277084507593993 0.46051032639470335 0.4534372548953053
3 1282 1172 1281 0.49277084507593993 0.46051032639470335 0.4534372548953053
3 1142 1143 1281 0.49277084507593993 0.46051032639470335 0.4534372548953053
3 1174 1282 1281 0.49277084507593993 0.46051032639470335 0.4534372548953053
3 1281 1143 1174 0.49277084507593993 0.46051032639470335 0.4534372548953053
3 1173 1172 1282 0.49277084507593993 0.46051032639470335 0.4534372548953053
3 1173 1282 1283 0.49277084507593993 0.46051032639470335 0.4534372548953053
3 1376 1375 1173 0.49277084507593993 0.46051032639470335 0.4534372548953053
3 1173 1375 1172 0.49277084507593993 0.46051032639470335 0.4534372548953053
3 1173 1283 1377 0.49277084507593993 0.46051032639470335 0.4534372548953053
3 1377 1376 1173 0.49277084507593993 0.46051032639470335 0.4534372548953053
3 1167 1166 1367 0.49277084507593993 0.46051032639470335 0.4534372548953053
3 1367 1368 1167 0.49277084507593993 0.46051032639470335 0.4534372548953053
3 1272 1368 1367 0.49277084507593993 0.46051032639470335 0.4534372548953053
3 1367 1170 1272 0.49277084507593993 0.46051032639470335 0.4534372548953053
3 1271 1270 1216 0.49277084507593993 0.46051032639470335 0.4534372548953053
3 1216 1217 1271 0.49277084507593993 0.46051032639470335 0.4534372548953053
3 1271 1217 1272 0.49277084507593993 0.46051032639470335 0.4534372548953053
3 1272 1170 1271 0.49277084507593993 0.46051032639470335 0.4534372548953053
3 1366 1165 1365 0.49277084507593993 0.46051032639470335 0.4534372548953053
3 1166 1165 1366 0.49277084507593993 0.46051032639470335 0.4534372548953053
3 1366 1367 1166 0.49277084507593993 0.46051032639470335 0.4534372548953053
3 1170 1367 1366 0.49277084507593993 0.46051032639470335 0.4534372548953053
3 1221 1324 1323 0.49277084507593993 0.46051032639470335 0.4534372548953053
3 1221 1278 1324 0.49277084507593993 0.46051032639470335 0.4534372548953053
3 1224 1278 1221 0.49277084507593993 0.46051032639470335 0.4534372548953053
3 1193 1301 1302 0.49277084507593993 0.46051032639470335 0.4534372548953053
3 1302 1243 1193 0.49277084507593993 0.46051032639470335 0.4534372548953053
3 1302 1197 1303 0.49277084507593993 0.46051032639470335 0.4534372548953053
3 1303 1243 1302 0.49277084507593993 0.46051032639470335 0.4534372548953053
3 1300 1301 1192 0.49277084507593993 0.46051032639470335 0.4534372548953053
3 1241 1191 1192 0.49277084507593993 0.46051032639470335 0.4534372548953053
3 1191 1300 1192 0.49277084507593993 0.46051032639470335 0.4534372548953053
3 1192 1189 1241 0.49277084507593993 0.46051032639470335 0.4534372548953053
3 1192 1301 1193 0.49277084507593993 0.46051032639470335 0.4534372548953053
3 1294 1228 1295 0.49277084507593993 0.46051032639470335 0.4534372548953053
3 1295 1184 1294 0.49277084507593993 0.46051032639470335 0.4534372548953053
3 1382 1180 1147 0.49277084507593993 0.46051032639470335 0.4534372548953053
3 1147 1148 1381 0.49277084507593993 0.46051032639470335 0.4534372548953053
3 1148 1184 1381 0.49277084507593993 0.46051032639470335 0.4534372548953053
3 1381 1382 1147 0.49277084507593993 0.46051032639470335 0.4534372548953053
3 1184 1382 1381 0.49277084507593993 0.46051032639470335 0.4534372548953053
3 1297 1384 1383 0.49277084507593993 0.46051032639470335 0.4534372548953053
3 1346 1339 1297 0.49277084507593993 0.46051032639470335 0.4534372548953053
3 1297 1339 1298 0.49277084507593993 0.46051032639470335 0.4534372548953053
3 1298 1384 1297 0.49277084507593993 0.46051032639470335 0.4534372548953053
3 1340 1304 1305 0.49277084507593993 0.46051032639470335 0.4534372548953053
3 1340 1347 1304 0.49277084507593993 0.46051032639470335 0.4534372548953053
3 1298 1347 1340 0.49277084507593993 0.46051032639470335 0.4534372548953053
3 1388 1387 1348 0.49277084507593993 0.46051032639470335 0.4534372548953053
3 1356 1388 1348 0.49277084507593993 0.46051032639470335 0.4534372548953053
3 1348 1340 1305 0.49277084507593993 0.46051032639470335 0.4534372548953053
3 1305 1355 1348 0.49277084507593993 0.46051032639470335 0.4534372548953053
3 1348 1355 1356 0.49277084507593993 0.46051032639470335 0.4534372548953053
3 1179 1329 1328 0.49277084507593993 0.46051032639470335 0.4534372548953053
3 1328 1175 1327 0.49277084507593993 0.46051032639470335 0.4534372548953053
3 1176 1175 1328 0.49277084507593993 0.46051032639470335 0.4534372548953053
3 1328 1329 1176 0.49277084507593993 0.46051032639470335 0.4534372548953053
3 1385 1384 1298 0.49277084507593993 0.46051032639470335 0.4534372548953053
3 1182 1384 1385 0.49277084507593993 0.46051032639470335 0.4534372548953053
3 1331 1286 1285 0.49277084507593993 0.46051032639470335 0.4534372548953053
3 1242 1345 1189 0.49277084507593993 0.46051032639470335 0.4534372548953053
3 1242 1192 1193 0.49277084507593993 0.46051032639470335 0.4534372548953053
3 1189 1192 1242 0.49277084507593993 0.46051032639470335 0.4534372548953053
3 1193 1243 1242 0.49277084507593993 0.46051032639470335 0.4534372548953053
3 1243 1345 1242 0.49277084507593993 0.46051032639470335 0.4534372548953053
3 1338 1243 1346 0.49277084507593993 0.46051032639470335 0.4534372548953053
3 1338 1345 1243 0.49277084507593993 0.46051032639470335 0.4534372548953053
3 1336 1343 1188 0.49277084507593993 0.46051032639470335 0.4534372548953053
3 1336 1227 1343 0.49277084507593993 0.46051032639470335 0.4534372548953053
3 1188 1344 1336 0.49277084507593993 0.46051032639470335 0.4534372548953053
3 1336 1344 1228 0.49277084507593993 0.46051032639470335 0.4534372548953053
3 1336 1228 1294 0.49277084507593993 0.46051032639470335 0.4534372548953053
3 1294 1227 1336 0.49277084507593993 0.46051032639470335 0.4534372548953053
3 1259 1212 1260 0.49277084507593993 0.46051032639470335 0.4534372548953053
3 1260 1237 1259 0.49277084507593993 0.46051032639470335 0.4534372548953053
3 1252 1208 1253 0.49277084507593993 0.46051032639470335 0.4534372548953053
3 1208 1209 1253 0.49277084507593993 0.46051032639470335 0.4534372548953053
3 1311 1363 1312 0.49277084507593993 0.46051032639470335 0.4534372548953053
3 1311 1256 1363 0.49277084507593993 0.46051032639470335 0.4534372548953053
3 1311 1312 1250 0.49277084507593993 0.46051032639470335 0.4534372548953053
3 1250 1249 1311 0.49277084507593993 0.46051032639470335 0.4534372548953053
3 1238 1261 1361 0.49277084507593993 0.46051032639470335 0.4534372548953053
3 1361 1360 1238 0.49277084507593993 0.46051032639470335 0.4534372548953053
3 1238 1260 1261 0.49277084507593993 0.46051032639470335 0.4534372548953053
3 1238 1360 1237 0.49277084507593993 0.46051032639470335 0.4534372548953053
3 1237 1260 1238 0.49277084507593993 0.46051032639470335 0.4534372548953053
3 1247 1200 1201 0.49277084507593993 0.46051032639470335 0.4534372548953053
3 1201 1248 1247 0.49277084507593993 0.46051032639470335 0.4534372548953053
3 1246 1200 1247 0.49277084507593993 0.46051032639470335 0.4534372548953053
3 1247 1161 1246 0.49277084507593993 0.46051032639470335 0.4534372548953053
3 1247 1248 1161 0.49277084507593993 0.46051032639470335 0.4534372548953053
3 1169 1365 1168 0.49277084507593993 0.46051032639470335 0.4534372548953053
3 1169 1366 1365 0.49277084507593993 0.46051032639470335 0.4534372548953053
3 1168 1270 1169 0.49277084507593993 0.46051032639470335 0.4534372548953053
3 1270 1271 1169 0.49277084507593993 0.46051032639470335 0.4534372548953053
3 1169 1271 1170 0.49277084507593993 0.46051032639470335 0.4534372548953053
3 1170 1366 1169 0.49277084507593993 0.46051032639470335 0.4534372548953053
3 1277 1223 1224 0.49277084507593993 0.46051032639470335 0.4534372548953053
3 1224 1221 1277 0.49277084507593993 0.46051032639470335 0.4534372548953053
3 1277 1220 1276 0.49277084507593993 0.46051032639470335 0.4534372548953053
3 1276 1223 1277 0.49277084507593993 0.46051032639470335 0.4534372548953053
3 1323 1220 1277 0.49277084507593993 0.46051032639470335 0.4534372548953053
3 1277 1221 1323 0.49277084507593993 0.46051032639470335 0.4534372548953053
3 1196 1301 1195 0.49277084507593993 0.46051032639470335 0.4534372548953053
3 1196 1302 1301 0.49277084507593993 0.46051032639470335 0.4534372548953053
3 1195 1157 1196 0.49277084507593993 0.46051032639470335 0.4534372548953053
3 1157 1158 1196 0.49277084507593993 0.46051032639470335 0.4534372548953053
3 1196 1158 1197 0.49277084507593993 0.46051032639470335 0.4534372548953053
3 1197 1302 1196 0.49277084507593993 0.46051032639470335 0.4534372548953053
3 1337 1295 1228 0.49277084507593993 0.46051032639470335 0.4534372548953053
3 1189 1345 1337 0.49277084507593993 0.46051032639470335 0.4534372548953053
3 1228 1344 1337 0.49277084507593993 0.46051032639470335 0.4534372548953053
3 1337 1344 1189 0.49277084507593993 0.46051032639470335 0.4534372548953053
3 1290 1385 1386 0.49277084507593993 0.46051032639470335 0.4534372548953053
3 1386 1348 1387 0.49277084507593993 0.46051032639470335 0.4534372548953053
3 1340 1348 1386 0.49277084507593993 0.46051032639470335 0.4534372548953053
3 1298 1340 1386 0.49277084507593993 0.46051032639470335 0.4534372548953053
3 1386 1385 1298 0.49277084507593993 0.46051032639470335 0.4534372548953053
3 1179 1290 1291 0.49277084507593993 0.46051032639470335 0.4534372548953053
3 1290 1386 1291 0.49277084507593993 0.46051032639470335 0.4534372548953053
3 1333 1286 1332 0.49277084507593993 0.46051032639470335 0.4534372548953053
3 1286 1331 1332 0.49277084507593993 0.46051032639470335 0.4534372548953053
3 1327 1144 1177 0.49277084507593993 0.46051032639470335 0.4534372548953053
3 1144 1145 1177 0.49277084507593993 0.46051032639470335 0.4534372548953053
3 1289 1290 1179 0.49277084507593993 0.46051032639470335 0.4534372548953053
3 1289 1288 1182 0.49277084507593993 0.46051032639470335 0.4534372548953053
3 1182 1385 1289 0.49277084507593993 0.46051032639470335 0.4534372548953053
3 1289 1385 1290 0.49277084507593993 0.46051032639470335 0.4534372548953053
3 1182 1288 1181 0.49277084507593993 0.46051032639470335 0.4534372548953053
3 1181 1383 1182 0.49277084507593993 0.46051032639470335 0.4534372548953053
3 1181 1382 1383 0.49277084507593993 0.46051032639470335 0.4534372548953053
3 1180 1382 1181 0.49277084507593993 0.46051032639470335 0.4534372548953053
3 1147 1180 1146 0.49277084507593993 0.46051032639470335 0.4534372548953053
3 1180 1181 1146 0.49277084507593993 0.46051032639470335 0.4534372548953053
3 1345 1338 1229 0.49277084507593993 0.46051032639470335 0.4534372548953053
3 1229 1337 1345 0.49277084507593993 0.46051032639470335 0.4534372548953053
3 1295 1337 1229 0.49277084507593993 0.46051032639470335 0.4534372548953053
3 1213 1260 1212 0.49277084507593993 0.46051032639470335 0.4534372548953053
3 1213 1315 1316 0.49277084507593993 0.46051032639470335 0.4534372548953053
3 1212 1315 1213 0.49277084507593993 0.46051032639470335 0.4534372548953053
3 1261 1260 1213 0.49277084507593993 0.46051032639470335 0.4534372548953053
3 1316 1317 1213 0.49277084507593993 0.46051032639470335 0.4534372548953053
3 1317 1261 1213 0.49277084507593993 0.46051032639470335 0.4534372548953053
3 1204 1308 1307 0.49277084507593993 0.46051032639470335 0.4534372548953053
3 1204 1205 1308 0.49277084507593993 0.46051032639470335 0.4534372548953053
3 1256 1311 1310 0.49277084507593993 0.46051032639470335 0.4534372548953053
3 1310 1255 1256 0.49277084507593993 0.46051032639470335 0.4534372548953053
3 1201 1309 1310 0.49277084507593993 0.46051032639470335 0.4534372548953053
3 1309 1205 1310 0.49277084507593993 0.46051032639470335 0.4534372548953053
3 1205 1255 1310 0.49277084507593993 0.46051032639470335 0.4534372548953053
3 1310 1249 1201 0.49277084507593993 0.46051032639470335 0.4534372548953053
3 1310 1311 1249 0.49277084507593993 0.46051032639470335 0.4534372548953053
3 1363 1256 1362 0.49277084507593993 0.46051032639470335 0.4534372548953053
3 1256 1255 1362 0.49277084507593993 0.46051032639470335 0.4534372548953053
3 1262 1363 1362 0.49277084507593993 0.46051032639470335 0.4534372548953053
3 1361 1262 1362 0.49277084507593993 0.46051032639470335 0.4534372548953053
3 1362 1255 1361 0.49277084507593993 0.46051032639470335 0.4534372548953053
3 1179 1291 1330 0.49277084507593993 0.46051032639470335 0.4534372548953053
3 1330 1291 1331 0.49277084507593993 0.46051032639470335 0.4534372548953053
3 1330 1329 1179 0.49277084507593993 0.46051032639470335 0.4534372548953053
3 1176 1329 1330 0.49277084507593993 0.46051032639470335 0.4534372548953053
3 1285 1176 1330 0.49277084507593993 0.46051032639470335 0.4534372548953053
3 1330 1331 1285 0.49277084507593993 0.46051032639470335 0.4534372548953053
3 1331 1291 1292 0.49277084507593993 0.46051032639470335 0.4534372548953053
3 1292 1332 1331 0.49277084507593993 0.46051032639470335 0.4534372548953053
3 1292 1386 1387 0.49277084507593993 0.46051032639470335 0.4534372548953053
3 1292 1291 1386 0.49277084507593993 0.46051032639470335 0.4534372548953053
3 1333 1332 1292 0.49277084507593993 0.46051032639470335 0.4534372548953053
3 1292 1388 1333 0.49277084507593993 0.46051032639470335 0.4534372548953053
3 1292 1387 1388 0.49277084507593993 0.46051032639470335 0.4534372548953053
3 1178 1177 1288 0.49277084507593993 0.46051032639470335 0.4534372548953053
3 1288 1289 1178 0.49277084507593993 0.46051032639470335 0.4534372548953053
3 1178 1289 1179 0.49277084507593993 0.46051032639470335 0.4534372548953053
3 1179 1328 1178 0.49277084507593993 0.46051032639470335 0.4534372548953053
3 1178 1328 1327 0.49277084507593993 0.46051032639470335 0.4534372548953053
3 1327 1177 1178 0.49277084507593993 0.46051032639470335 0.4534372548953053
3 1145 1146 1287 0.49277084507593993 0.46051032639470335 0.4534372548953053
3 1287 1177 1145 0.49277084507593993 0.46051032639470335 0.4534372548953053
3 1288 1177 1287 0.49277084507593993 0.46051032639470335 0.4534372548953053
3 1287 1181 1288 0.49277084507593993 0.46051032639470335 0.4534372548953053
3 1287 1146 1181 0.49277084507593993 0.46051032639470335 0.4534372548953053
3 1383 1382 1185 0.49277084507593993 0.46051032639470335 0.4534372548953053
3 1295 1229 1185 0.49277084507593993 0.46051032639470335 0.4534372548953053
3 1184 1295 1185 0.49277084507593993 0.46051032639470335 0.4534372548953053
3 1185 1382 1184 0.49277084507593993 0.46051032639470335 0.4534372548953053
3 1254 1204 1253 0.49277084507593993 0.46051032639470335 0.4534372548953053
3 1254 1253 1209 0.49277084507593993 0.46051032639470335 0.4534372548953053
3 1254 1255 1205 0.49277084507593993 0.46051032639470335 0.4534372548953053
3 1205 1204 1254 0.49277084507593993 0.46051032639470335 0.4534372548953053
3 1254 1209 1361 0.49277084507593993 0.46051032639470335 0.4534372548953053
3 1361 1255 1254 0.49277084507593993 0.46051032639470335 0.4534372548953053
3 1307 1306 1203 0.49277084507593993 0.46051032639470335 0.4534372548953053
3 1203 1204 1307 0.49277084507593993 0.46051032639470335 0.4534372548953053
3 1203 1306 1202 0.49277084507593993 0.46051032639470335 0.4534372548953053
3 1253 1204 1203 0.49277084507593993 0.46051032639470335 0.4534372548953053
3 1203 1202 1252 0.49277084507593993 0.46051032639470335 0.4534372548953053
3 1252 1253 1203 0.49277084507593993 0.46051032639470335 0.4534372548953053
3 1296 1229 1338 0.49277084507593993 0.46051032639470335 0.4534372548953053
3 1296 1185 1229 0.49277084507593993 0.46051032639470335 0.4534372548953053
3 1346 1297 1296 0.49277084507593993 0.46051032639470335 0.4534372548953053
3 1296 1338 1346 0.49277084507593993 0.46051032639470335 0.4534372548953053
3 1296 1297 1383 0.49277084507593993 0.46051032639470335 0.4534372548953053
3 1383 1185 1296 0.49277084507593993 0.46051032639470335 0.4534372548953053
3 1392 1394 1393 0.49277084507593993 0.46051032639470335 0.4534372548953053
3 1395 1394 1397 0.49277084507593993 0.46051032639470335 0.4534372548953053
3 1397 1392 1390 0.49277084507593993 0.46051032639470335 0.4534372548953053
3 1394 1392 1397 0.49277084507593993 0.46051032639470335 0.4534372548953053
3 1730 1608 1729 0.49277084507593993 0.46051032639470335 0.4534372548953053
3 1399 1401 1613 0.49277084507593993 0.46051032639470335 0.4534372548953053
3 1613 1404 1399 0.49277084507593993 0.46051032639470335 0.4534372548953053
3 1412 1542 1413 0.49277084507593993 0.46051032639470335 0.4534372548953053
3 1577 1695 1694 0.49277084507593993 0.46051032639470335 0.4534372548953053
3 1502 1550 1503 0.49277084507593993 0.46051032639470335 0.4534372548953053
3 1654 1655 1415 0.49277084507593993 0.46051032639470335 0.4534372548953053
3 1630 1585 1416 0.49277084507593993 0.46051032639470335 0.4534372548953053
3 1440 1638 1509 0.49277084507593993 0.46051032639470335 0.4534372548953053
3 1421 1592 1422 0.49277084507593993 0.46051032639470335 0.4534372548953053
3 1723 1677 1678 0.49277084507593993 0.46051032639470335 0.4534372548953053
3 1722 1677 1723 0.49277084507593993 0.46051032639470335 0.4534372548953053
3 1509 1638 1639 0.49277084507593993 0.46051032639470335 0.4534372548953053
3 1678 1677 1716 0.49277084507593993 0.46051032639470335 0.4534372548953053
3 1676 1677 1722 0.49277084507593993 0.46051032639470335 0.4534372548953053
3 1536 1406 1405 0.49277084507593993 0.46051032639470335 0.4534372548953053
3 1410 1409 1621 0.49277084507593993 0.46051032639470335 0.4534372548953053
3 1465 1409 1408 0.49277084507593993 0.46051032639470335 0.4534372548953053
3 1702 1703 1545 0.49277084507593993 0.46051032639470335 0.4534372548953053
3 1655 1654 1545 0.49277084507593993 0.46051032639470335 0.4534372548953053
3 1780 1688 1737 0.49277084507593993 0.46051032639470335 0.4534372548953053
3 1737 1688 1736 0.49277084507593993 0.46051032639470335 0.4534372548953053
3 1724 1723 1678 0.49277084507593993 0.46051032639470335 0.4534372548953053
3 1641 1723 1724 0.49277084507593993 0.46051032639470335 0.4534372548953053
3 1452 1451 1689 0.49277084507593993 0.46051032639470335 0.4534372548953053
3 1451 1690 1689 0.49277084507593993 0.46051032639470335 0.4534372548953053
3 1707 1757 1758 0.49277084507593993 0.46051032639470335 0.4534372548953053
3 1686 1778 1777 0.49277084507593993 0.46051032639470335 0.4534372548953053
3 1588 1587 1632 0.49277084507593993 0.46051032639470335 0.4534372548953053
3 1589 1552 1588 0.49277084507593993 0.46051032639470335 0.4534372548953053
3 1550 1502 1549 0.49277084507593993 0.46051032639470335 0.4534372548953053
3 1415 1655 1629 0.49277084507593993 0.46051032639470335 0.4534372548953053
3 1629 1416 1415 0.49277084507593993 0.46051032639470335 0.4534372548953053
3 1629 1630 1416 0.49277084507593993 0.46051032639470335 0.4534372548953053
3 1632 1587 1631 0.49277084507593993 0.46051032639470335 0.4534372548953053
3 1635 1634 1660 0.49277084507593993 0.46051032639470335 0.4534372548953053
3 1634 1659 1660 0.49277084507593993 0.46051032639470335 0.4534372548953053
3 1512 1511 1641 0.49277084507593993 0.46051032639470335 0.4534372548953053
3 1513 1730 1512 0.49277084507593993 0.46051032639470335 0.4534372548953053
3 1730 1729 1512 0.49277084507593993 0.46051032639470335 0.4534372548953053
3 1729 1511 1512 0.49277084507593993 0.46051032639470335 0.4534372548953053
3 1609 1608 1730 0.49277084507593993 0.46051032639470335 0.4534372548953053
3 1687 1778 1686 0.49277084507593993 0.46051032639470335 0.4534372548953053
3 1688 1778 1687 0.49277084507593993 0.46051032639470335 0.4534372548953053
3 1637 1440 1439 0.49277084507593993 0.46051032639470335 0.4534372548953053
3 1638 1440 1637 0.49277084507593993 0.46051032639470335 0.4534372548953053
3 1487 1638 1637 0.49277084507593993 0.46051032639470335 0.4534372548953053
3 1441 1440 1509 0.49277084507593993 0.46051032639470335 0.4534372548953053
3 1441 1606 1442 0.49277084507593993 0.46051032639470335 0.4534372548953053
3 1607 1729 1608 0.49277084507593993 0.46051032639470335 0.4534372548953053
3 1608 1682 1607 0.49277084507593993 0.46051032639470335 0.4534372548953053
3 1481 1482 1436 0.49277084507593993 0.46051032639470335 0.4534372548953053
3 1481 1436 1435 0.49277084507593993 0.46051032639470335 0.4534372548953053
3 1554 1431 1429 0.49277084507593993 0.46051032639470335 0.4534372548953053
3 1709 1561 1555 0.49277084507593993 0.46051032639470335 0.4534372548953053
3 1431 1554 1555 0.49277084507593993 0.46051032639470335 0.4534372548953053
3 1473 1427 1426 0.49277084507593993 0.46051032639470335 0.4534372548953053
3 1666 1667 1604 0.49277084507593993 0.46051032639470335 0.4534372548953053
3 1759 1760 1455 0.49277084507593993 0.46051032639470335 0.4534372548953053
3 1419 1760 1759 0.49277084507593993 0.46051032639470335 0.4534372548953053
3 1673 1482 1479 0.49277084507593993 0.46051032639470335 0.4534372548953053
3 1602 1712 1476 0.49277084507593993 0.46051032639470335 0.4534372548953053
3 1559 1712 1602 0.49277084507593993 0.46051032639470335 0.4534372548953053
3 1559 1565 1508 0.49277084507593993 0.46051032639470335 0.4534372548953053
3 1559 1564 1712 0.49277084507593993 0.46051032639470335 0.4534372548953053
3 1508 1480 1559 0.49277084507593993 0.46051032639470335 0.4534372548953053
3 1480 1564 1559 0.49277084507593993 0.46051032639470335 0.4534372548953053
3 1458 1664 1457 0.49277084507593993 0.46051032639470335 0.4534372548953053
3 1457 1422 1592 0.49277084507593993 0.46051032639470335 0.4534372548953053
3 1508 1565 1674 0.49277084507593993 0.46051032639470335 0.4534372548953053
3 1674 1480 1508 0.49277084507593993 0.46051032639470335 0.4534372548953053
3 1675 1565 1714 0.49277084507593993 0.46051032639470335 0.4534372548953053
3 1714 1676 1675 0.49277084507593993 0.46051032639470335 0.4534372548953053
3 1484 1674 1675 0.49277084507593993 0.46051032639470335 0.4534372548953053
3 1675 1674 1565 0.49277084507593993 0.46051032639470335 0.4534372548953053
3 1602 1664 1603 0.49277084507593993 0.46051032639470335 0.4534372548953053
3 1484 1675 1720 0.49277084507593993 0.46051032639470335 0.4534372548953053
3 1720 1675 1676 0.49277084507593993 0.46051032639470335 0.4534372548953053
3 1641 1511 1640 0.49277084507593993 0.46051032639470335 0.4534372548953053
3 1640 1723 1641 0.49277084507593993 0.46051032639470335 0.4534372548953053
3 1509 1639 1510 0.49277084507593993 0.46051032639470335 0.4534372548953053
3 1510 1441 1509 0.49277084507593993 0.46051032639470335 0.4534372548953053
3 1510 1640 1511 0.49277084507593993 0.46051032639470335 0.4534372548953053
3 1639 1640 1510 0.49277084507593993 0.46051032639470335 0.4534372548953053
3 1597 1763 1598 0.49277084507593993 0.46051032639470335 0.4534372548953053
3 1721 1676 1722 0.49277084507593993 0.46051032639470335 0.4534372548953053
3 1721 1720 1676 0.49277084507593993 0.46051032639470335 0.4534372548953053
3 1579 1536 1405 0.49277084507593993 0.46051032639470335 0.4534372548953053
3 1406 1536 1537 0.49277084507593993 0.46051032639470335 0.4534372548953053
3 1404 1613 1524 0.49277084507593993 0.46051032639470335 0.4534372548953053
3 1524 1613 1401 0.49277084507593993 0.46051032639470335 0.4534372548953053
3 1401 1452 1524 0.49277084507593993 0.46051032639470335 0.4534372548953053
3 1452 1525 1524 0.49277084507593993 0.46051032639470335 0.4534372548953053
3 1466 1621 1409 0.49277084507593993 0.46051032639470335 0.4534372548953053
3 1466 1465 1750 0.49277084507593993 0.46051032639470335 0.4534372548953053
3 1409 1465 1466 0.49277084507593993 0.46051032639470335 0.4534372548953053
3 1749 1491 1750 0.49277084507593993 0.46051032639470335 0.4534372548953053
3 1750 1465 1749 0.49277084507593993 0.46051032639470335 0.4534372548953053
3 1749 1465 1408 0.49277084507593993 0.46051032639470335 0.4534372548953053
3 1655 1545 1546 0.49277084507593993 0.46051032639470335 0.4534372548953053
3 1546 1545 1703 0.49277084507593993 0.46051032639470335 0.4534372548953053
3 1546 1704 1547 0.49277084507593993 0.46051032639470335 0.4534372548953053
3 1703 1704 1546 0.49277084507593993 0.46051032639470335 0.4534372548953053
3 1544 1545 1654 0.49277084507593993 0.46051032639470335 0.4534372548953053
3 1702 1545 1544 0.49277084507593993 0.46051032639470335 0.4534372548953053
3 1544 1701 1702 0.49277084507593993 0.46051032639470335 0.4534372548953053
3 1727 1737 1736 0.49277084507593993 0.46051032639470335 0.4534372548953053
3 1727 1644 1726 0.49277084507593993 0.46051032639470335 0.4534372548953053
3 1726 1717 1727 0.49277084507593993 0.46051032639470335 0.4534372548953053
3 1572 1451 1450 0.49277084507593993 0.46051032639470335 0.4534372548953053
3 1572 1690 1451 0.49277084507593993 0.46051032639470335 0.4534372548953053
3 1527 1690 1691 0.49277084507593993 0.46051032639470335 0.4534372548953053
3 1690 1572 1691 0.49277084507593993 0.46051032639470335 0.4534372548953053
3 1408 1407 1748 0.49277084507593993 0.46051032639470335 0.4534372548953053
3 1748 1749 1408 0.49277084507593993 0.46051032639470335 0.4534372548953053
3 1491 1538 1581 0.49277084507593993 0.46051032639470335 0.4534372548953053
3 1581 1616 1527 0.49277084507593993 0.46051032639470335 0.4534372548953053
3 1538 1616 1581 0.49277084507593993 0.46051032639470335 0.4534372548953053
3 1680 1444 1442 0.49277084507593993 0.46051032639470335 0.4534372548953053
3 1442 1606 1680 0.49277084507593993 0.46051032639470335 0.4534372548953053
3 1566 1445 1444 0.49277084507593993 0.46051032639470335 0.4534372548953053
3 1571 1777 1776 0.49277084507593993 0.46051032639470335 0.4534372548953053
3 1686 1777 1571 0.49277084507593993 0.46051032639470335 0.4534372548953053
3 1743 1695 1577 0.49277084507593993 0.46051032639470335 0.4534372548953053
3 1780 1758 1779 0.49277084507593993 0.46051032639470335 0.4534372548953053
3 1779 1688 1780 0.49277084507593993 0.46051032639470335 0.4534372548953053
3 1779 1778 1688 0.49277084507593993 0.46051032639470335 0.4534372548953053
3 1747 1777 1778 0.49277084507593993 0.46051032639470335 0.4534372548953053
3 1747 1758 1757 0.49277084507593993 0.46051032639470335 0.4534372548953053
3 1778 1779 1747 0.49277084507593993 0.46051032639470335 0.4534372548953053
3 1747 1779 1758 0.49277084507593993 0.46051032639470335 0.4534372548953053
3 1447 1645 1448 0.49277084507593993 0.46051032639470335 0.4534372548953053
3 1448 1645 1520 0.49277084507593993 0.46051032639470335 0.4534372548953053
3 1694 1693 1576 0.49277084507593993 0.46051032639470335 0.4534372548953053
3 1535 1692 1529 0.49277084507593993 0.46051032639470335 0.4534372548953053
3 1692 1693 1529 0.49277084507593993 0.46051032639470335 0.4534372548953053
3 1503 1550 1551 0.49277084507593993 0.46051032639470335 0.4534372548953053
3 1551 1552 1503 0.49277084507593993 0.46051032639470335 0.4534372548953053
3 1551 1588 1552 0.49277084507593993 0.46051032639470335 0.4534372548953053
3 1550 1587 1551 0.49277084507593993 0.46051032639470335 0.4534372548953053
3 1587 1588 1551 0.49277084507593993 0.46051032639470335 0.4534372548953053
3 1503 1552 1553 0.49277084507593993 0.46051032639470335 0.4534372548953053
3 1553 1552 1589 0.49277084507593993 0.46051032639470335 0.4534372548953053
3 1633 1634 1589 0.49277084507593993 0.46051032639470335 0.4534372548953053
3 1589 1588 1633 0.49277084507593993 0.46051032639470335 0.4534372548953053
3 1633 1588 1632 0.49277084507593993 0.46051032639470335 0.4534372548953053
3 1633 1659 1634 0.49277084507593993 0.46051032639470335 0.4534372548953053
3 1417 1416 1548 0.49277084507593993 0.46051032639470335 0.4534372548953053
3 1416 1585 1548 0.49277084507593993 0.46051032639470335 0.4534372548953053
3 1585 1549 1548 0.49277084507593993 0.46051032639470335 0.4534372548953053
3 1656 1629 1655 0.49277084507593993 0.46051032639470335 0.4534372548953053
3 1630 1629 1656 0.49277084507593993 0.46051032639470335 0.4534372548953053
3 1656 1546 1547 0.49277084507593993 0.46051032639470335 0.4534372548953053
3 1655 1546 1656 0.49277084507593993 0.46051032639470335 0.4534372548953053
3 1585 1630 1586 0.49277084507593993 0.46051032639470335 0.4534372548953053
3 1630 1631 1586 0.49277084507593993 0.46051032639470335 0.4534372548953053
3 1586 1631 1587 0.49277084507593993 0.46051032639470335 0.4534372548953053
3 1586 1587 1550 0.49277084507593993 0.46051032639470335 0.4534372548953053
3 1550 1549 1586 0.49277084507593993 0.46051032639470335 0.4534372548953053
3 1586 1549 1585 0.49277084507593993 0.46051032639470335 0.4534372548953053
3 1661 1636 1635 0.49277084507593993 0.46051032639470335 0.4534372548953053
3 1635 1660 1661 0.49277084507593993 0.46051032639470335 0.4534372548953053
3 1707 1758 1661 0.49277084507593993 0.46051032639470335 0.4534372548953053
3 1628 1704 1703 0.49277084507593993 0.46051032639470335 0.4534372548953053
3 1755 1756 1628 0.49277084507593993 0.46051032639470335 0.4534372548953053
3 1547 1704 1705 0.49277084507593993 0.46051032639470335 0.4534372548953053
3 1756 1757 1705 0.49277084507593993 0.46051032639470335 0.4534372548953053
3 1705 1628 1756 0.49277084507593993 0.46051032639470335 0.4534372548953053
3 1704 1628 1705 0.49277084507593993 0.46051032639470335 0.4534372548953053
3 1732 1733 1611 0.49277084507593993 0.46051032639470335 0.4534372548953053
3 1513 1733 1732 0.49277084507593993 0.46051032639470335 0.4534372548953053
3 1611 1733 1612 0.49277084507593993 0.46051032639470335 0.4534372548953053
3 1736 1688 1612 0.49277084507593993 0.46051032639470335 0.4534372548953053
3 1688 1687 1612 0.49277084507593993 0.46051032639470335 0.4534372548953053
3 1686 1611 1612 0.49277084507593993 0.46051032639470335 0.4534372548953053
3 1612 1687 1686 0.49277084507593993 0.46051032639470335 0.4534372548953053
3 1734 1733 1644 0.49277084507593993 0.46051032639470335 0.4534372548953053
3 1734 1612 1733 0.49277084507593993 0.46051032639470335 0.4534372548953053
3 1462 1463 1437 0.49277084507593993 0.46051032639470335 0.4534372548953053
3 1482 1463 1462 0.49277084507593993 0.46051032639470335 0.4534372548953053
3 1437 1436 1462 0.49277084507593993 0.46051032639470335 0.4534372548953053
3 1436 1482 1462 0.49277084507593993 0.46051032639470335 0.4534372548953053
3 1718 1438 1437 0.49277084507593993 0.46051032639470335 0.4534372548953053
3 1437 1463 1718 0.49277084507593993 0.46051032639470335 0.4534372548953053
3 1479 1482 1672 0.49277084507593993 0.46051032639470335 0.4534372548953053
3 1482 1481 1672 0.49277084507593993 0.46051032639470335 0.4534372548953053
3 1672 1506 1479 0.49277084507593993 0.46051032639470335 0.4534372548953053
3 1672 1478 1506 0.49277084507593993 0.46051032639470335 0.4534372548953053
3 1671 1481 1435 0.49277084507593993 0.46051032639470335 0.4534372548953053
3 1435 1434 1671 0.49277084507593993 0.46051032639470335 0.4534372548953053
3 1671 1672 1481 0.49277084507593993 0.46051032639470335 0.4534372548953053
3 1478 1672 1671 0.49277084507593993 0.46051032639470335 0.4534372548953053
3 1504 1433 1432 0.49277084507593993 0.46051032639470335 0.4534372548953053
3 1506 1478 1562 0.49277084507593993 0.46051032639470335 0.4534372548953053
3 1601 1476 1711 0.49277084507593993 0.46051032639470335 0.4534372548953053
3 1428 1554 1429 0.49277084507593993 0.46051032639470335 0.4534372548953053
3 1427 1473 1708 0.49277084507593993 0.46051032639470335 0.4534372548953053
3 1708 1428 1427 0.49277084507593993 0.46051032639470335 0.4534372548953053
3 1709 1555 1708 0.49277084507593993 0.46051032639470335 0.4534372548953053
3 1708 1473 1709 0.49277084507593993 0.46051032639470335 0.4534372548953053
3 1708 1555 1554 0.49277084507593993 0.46051032639470335 0.4534372548953053
3 1554 1428 1708 0.49277084507593993 0.46051032639470335 0.4534372548953053
3 1715 1716 1677 0.49277084507593993 0.46051032639470335 0.4534372548953053
3 1677 1676 1715 0.49277084507593993 0.46051032639470335 0.4534372548953053
3 1715 1676 1714 0.49277084507593993 0.46051032639470335 0.4534372548953053
3 1595 1594 1455 0.49277084507593993 0.46051032639470335 0.4534372548953053
3 1666 1594 1595 0.49277084507593993 0.46051032639470335 0.4534372548953053
3 1595 1667 1666 0.49277084507593993 0.46051032639470335 0.4534372548953053
3 1455 1596 1595 0.49277084507593993 0.46051032639470335 0.4534372548953053
3 1596 1667 1595 0.49277084507593993 0.46051032639470335 0.4534372548953053
3 1593 1594 1458 0.49277084507593993 0.46051032639470335 0.4534372548953053
3 1453 1594 1593 0.49277084507593993 0.46051032639470335 0.4534372548953053
3 1458 1457 1593 0.49277084507593993 0.46051032639470335 0.4534372548953053
3 1593 1457 1592 0.49277084507593993 0.46051032639470335 0.4534372548953053
3 1593 1592 1421 0.49277084507593993 0.46051032639470335 0.4534372548953053
3 1421 1453 1593 0.49277084507593993 0.46051032639470335 0.4534372548953053
3 1454 1594 1453 0.49277084507593993 0.46051032639470335 0.4534372548953053
3 1455 1594 1454 0.49277084507593993 0.46051032639470335 0.4534372548953053
3 1454 1759 1455 0.49277084507593993 0.46051032639470335 0.4534372548953053
3 1420 1453 1421 0.49277084507593993 0.46051032639470335 0.4534372548953053
3 1419 1759 1420 0.49277084507593993 0.46051032639470335 0.4534372548953053
3 1420 1454 1453 0.49277084507593993 0.46051032639470335 0.4534372548953053
3 1759 1454 1420 0.49277084507593993 0.46051032639470335 0.4534372548953053
3 1479 1506 1563 0.49277084507593993 0.46051032639470335 0.4534372548953053
3 1663 1457 1664 0.49277084507593993 0.46051032639470335 0.4534372548953053
3 1483 1463 1482 0.49277084507593993 0.46051032639470335 0.4534372548953053
3 1482 1673 1483 0.49277084507593993 0.46051032639470335 0.4534372548953053
3 1483 1673 1480 0.49277084507593993 0.46051032639470335 0.4534372548953053
3 1480 1674 1483 0.49277084507593993 0.46051032639470335 0.4534372548953053
3 1665 1664 1458 0.49277084507593993 0.46051032639470335 0.4534372548953053
3 1665 1603 1664 0.49277084507593993 0.46051032639470335 0.4534372548953053
3 1458 1594 1665 0.49277084507593993 0.46051032639470335 0.4534372548953053
3 1665 1594 1666 0.49277084507593993 0.46051032639470335 0.4534372548953053
3 1666 1604 1665 0.49277084507593993 0.46051032639470335 0.4534372548953053
3 1604 1603 1665 0.49277084507593993 0.46051032639470335 0.4534372548953053
3 1713 1559 1602 0.49277084507593993 0.46051032639470335 0.4534372548953053
3 1602 1603 1713 0.49277084507593993 0.46051032639470335 0.4534372548953053
3 1565 1559 1713 0.49277084507593993 0.46051032639470335 0.4534372548953053
3 1714 1565 1713 0.49277084507593993 0.46051032639470335 0.4534372548953053
3 1713 1604 1714 0.49277084507593993 0.46051032639470335 0.4534372548953053
3 1713 1603 1604 0.49277084507593993 0.46051032639470335 0.4534372548953053
3 1486 1637 1439 0.49277084507593993 0.46051032639470335 0.4534372548953053
3 1487 1637 1486 0.49277084507593993 0.46051032639470335 0.4534372548953053
3 1486 1721 1487 0.49277084507593993 0.46051032639470335 0.4534372548953053
3 1720 1721 1486 0.49277084507593993 0.46051032639470335 0.4534372548953053
3 1488 1640 1639 0.49277084507593993 0.46051032639470335 0.4534372548953053
3 1722 1723 1488 0.49277084507593993 0.46051032639470335 0.4534372548953053
3 1723 1640 1488 0.49277084507593993 0.46051032639470335 0.4534372548953053
3 1487 1721 1488 0.49277084507593993 0.46051032639470335 0.4534372548953053
3 1488 1721 1722 0.49277084507593993 0.46051032639470335 0.4534372548953053
3 1488 1638 1487 0.49277084507593993 0.46051032639470335 0.4534372548953053
3 1488 1639 1638 0.49277084507593993 0.46051032639470335 0.4534372548953053
3 1441 1510 1728 0.49277084507593993 0.46051032639470335 0.4534372548953053
3 1606 1441 1728 0.49277084507593993 0.46051032639470335 0.4534372548953053
3 1728 1511 1729 0.49277084507593993 0.46051032639470335 0.4534372548953053
3 1728 1510 1511 0.49277084507593993 0.46051032639470335 0.4534372548953053
3 1729 1607 1728 0.49277084507593993 0.46051032639470335 0.4534372548953053
3 1728 1607 1606 0.49277084507593993 0.46051032639470335 0.4534372548953053
3 1765 1598 1764 0.49277084507593993 0.46051032639470335 0.4534372548953053
3 1764 1598 1763 0.49277084507593993 0.46051032639470335 0.4534372548953053
3 1763 1472 1764 0.49277084507593993 0.46051032639470335 0.4534372548953053
3 1764 1472 1502 0.49277084507593993 0.46051032639470335 0.4534372548953053
3 1764 1502 1503 0.49277084507593993 0.46051032639470335 0.4534372548953053
3 1503 1765 1764 0.49277084507593993 0.46051032639470335 0.4534372548953053
3 1669 1598 1765 0.49277084507593993 0.46051032639470335 0.4534372548953053
3 1489 1407 1406 0.49277084507593993 0.46051032639470335 0.4534372548953053
3 1406 1537 1489 0.49277084507593993 0.46051032639470335 0.4534372548953053
3 1536 1579 1580 0.49277084507593993 0.46051032639470335 0.4534372548953053
3 1580 1537 1536 0.49277084507593993 0.46051032639470335 0.4534372548953053
3 1580 1579 1532 0.49277084507593993 0.46051032639470335 0.4534372548953053
3 1538 1537 1580 0.49277084507593993 0.46051032639470335 0.4534372548953053
3 1580 1616 1538 0.49277084507593993 0.46051032639470335 0.4534372548953053
3 1404 1524 1531 0.49277084507593993 0.46051032639470335 0.4534372548953053
3 1531 1524 1525 0.49277084507593993 0.46051032639470335 0.4534372548953053
3 1653 1544 1654 0.49277084507593993 0.46051032639470335 0.4534372548953053
3 1653 1415 1413 0.49277084507593993 0.46051032639470335 0.4534372548953053
3 1653 1654 1415 0.49277084507593993 0.46051032639470335 0.4534372548953053
3 1413 1542 1543 0.49277084507593993 0.46051032639470335 0.4534372548953053
3 1543 1653 1413 0.49277084507593993 0.46051032639470335 0.4534372548953053
3 1544 1653 1543 0.49277084507593993 0.46051032639470335 0.4534372548953053
3 1701 1544 1543 0.49277084507593993 0.46051032639470335 0.4534372548953053
3 1679 1717 1726 0.49277084507593993 0.46051032639470335 0.4534372548953053
3 1726 1725 1679 0.49277084507593993 0.46051032639470335 0.4534372548953053
3 1678 1716 1679 0.49277084507593993 0.46051032639470335 0.4534372548953053
3 1679 1724 1678 0.49277084507593993 0.46051032639470335 0.4534372548953053
3 1679 1725 1724 0.49277084507593993 0.46051032639470335 0.4534372548953053
3 1643 1733 1513 0.49277084507593993 0.46051032639470335 0.4534372548953053
3 1644 1733 1643 0.49277084507593993 0.46051032639470335 0.4534372548953053
3 1726 1644 1643 0.49277084507593993 0.46051032639470335 0.4534372548953053
3 1643 1725 1726 0.49277084507593993 0.46051032639470335 0.4534372548953053
3 1527 1691 1528 0.49277084507593993 0.46051032639470335 0.4534372548953053
3 1535 1582 1528 0.49277084507593993 0.46051032639470335 0.4534372548953053
3 1528 1692 1535 0.49277084507593993 0.46051032639470335 0.4534372548953053
3 1528 1691 1692 0.49277084507593993 0.46051032639470335 0.4534372548953053
3 1491 1581 1539 0.49277084507593993 0.46051032639470335 0.4534372548953053
3 1582 1492 1539 0.49277084507593993 0.46051032639470335 0.4534372548953053
3 1750 1491 1539 0.49277084507593993 0.46051032639470335 0.4534372548953053
3 1539 1492 1750 0.49277084507593993 0.46051032639470335 0.4534372548953053
3 1771 1770 1445 0.49277084507593993 0.46051032639470335 0.4534372548953053
3 1771 1566 1772 0.49277084507593993 0.46051032639470335 0.4534372548953053
3 1445 1566 1771 0.49277084507593993 0.46051032639470335 0.4534372548953053
3 1568 1680 1681 0.49277084507593993 0.46051032639470335 0.4534372548953053
3 1681 1607 1682 0.49277084507593993 0.46051032639470335 0.4534372548953053
3 1606 1607 1681 0.49277084507593993 0.46051032639470335 0.4534372548953053
3 1681 1680 1606 0.49277084507593993 0.46051032639470335 0.4534372548953053
3 1772 1566 1567 0.49277084507593993 0.46051032639470335 0.4534372548953053
3 1567 1680 1568 0.49277084507593993 0.46051032639470335 0.4534372548953053
3 1444 1680 1567 0.49277084507593993 0.46051032639470335 0.4534372548953053
3 1567 1566 1444 0.49277084507593993 0.46051032639470335 0.4534372548953053
3 1684 1571 1683 0.49277084507593993 0.46051032639470335 0.4534372548953053
3 1683 1609 1684 0.49277084507593993 0.46051032639470335 0.4534372548953053
3 1683 1682 1608 0.49277084507593993 0.46051032639470335 0.4534372548953053
3 1608 1609 1683 0.49277084507593993 0.46051032639470335 0.4534372548953053
3 1569 1681 1682 0.49277084507593993 0.46051032639470335 0.4534372548953053
3 1568 1681 1569 0.49277084507593993 0.46051032639470335 0.4534372548953053
3 1686 1571 1685 0.49277084507593993 0.46051032639470335 0.4534372548953053
3 1685 1571 1684 0.49277084507593993 0.46051032639470335 0.4534372548953053
3 1685 1611 1686 0.49277084507593993 0.46051032639470335 0.4534372548953053
3 1523 1743 1577 0.49277084507593993 0.46051032639470335 0.4534372548953053
3 1695 1743 1696 0.49277084507593993 0.46051032639470335 0.4534372548953053
3 1568 1569 1774 0.49277084507593993 0.46051032639470335 0.4534372548953053
3 1649 1523 1648 0.49277084507593993 0.46051032639470335 0.4534372548953053
3 1743 1523 1649 0.49277084507593993 0.46051032639470335 0.4534372548953053
3 1746 1747 1757 0.49277084507593993 0.46051032639470335 0.4534372548953053
3 1746 1757 1756 0.49277084507593993 0.46051032639470335 0.4534372548953053
3 1620 1694 1695 0.49277084507593993 0.46051032639470335 0.4534372548953053
3 1702 1701 1498 0.49277084507593993 0.46051032639470335 0.4534372548953053
3 1445 1770 1446 0.49277084507593993 0.46051032639470335 0.4534372548953053
3 1514 1447 1446 0.49277084507593993 0.46051032639470335 0.4534372548953053
3 1446 1515 1514 0.49277084507593993 0.46051032639470335 0.4534372548953053
3 1770 1515 1446 0.49277084507593993 0.46051032639470335 0.4534372548953053
3 1448 1520 1519 0.49277084507593993 0.46051032639470335 0.4534372548953053
3 1519 1449 1448 0.49277084507593993 0.46051032639470335 0.4534372548953053
3 1739 1449 1519 0.49277084507593993 0.46051032639470335 0.4534372548953053
3 1740 1739 1519 0.49277084507593993 0.46051032639470335 0.4534372548953053
3 1519 1520 1740 0.49277084507593993 0.46051032639470335 0.4534372548953053
3 1514 1515 1647 0.49277084507593993 0.46051032639470335 0.4534372548953053
3 1647 1515 1648 0.49277084507593993 0.46051032639470335 0.4534372548953053
3 1521 1520 1645 0.49277084507593993 0.46051032639470335 0.4534372548953053
3 1575 1576 1693 0.49277084507593993 0.46051032639470335 0.4534372548953053
3 1575 1739 1740 0.49277084507593993 0.46051032639470335 0.4534372548953053
3 1575 1574 1739 0.49277084507593993 0.46051032639470335 0.4534372548953053
3 1575 1693 1692 0.49277084507593993 0.46051032639470335 0.4534372548953053
3 1692 1574 1575 0.49277084507593993 0.46051032639470335 0.4534372548953053
3 1692 1691 1573 0.49277084507593993 0.46051032639470335 0.4534372548953053
3 1573 1574 1692 0.49277084507593993 0.46051032639470335 0.4534372548953053
3 1573 1572 1450 0.49277084507593993 0.46051032639470335 0.4534372548953053
3 1573 1691 1572 0.49277084507593993 0.46051032639470335 0.4534372548953053
3 1590 1553 1589 0.49277084507593993 0.46051032639470335 0.4534372548953053
3 1589 1634 1590 0.49277084507593993 0.46051032639470335 0.4534372548953053
3 1590 1634 1635 0.49277084507593993 0.46051032639470335 0.4534372548953053
3 1417 1548 1500 0.49277084507593993 0.46051032639470335 0.4534372548953053
3 1417 1500 1499 0.49277084507593993 0.46051032639470335 0.4534372548953053
3 1657 1631 1630 0.49277084507593993 0.46051032639470335 0.4534372548953053
3 1630 1656 1657 0.49277084507593993 0.46051032639470335 0.4534372548953053
3 1657 1656 1547 0.49277084507593993 0.46051032639470335 0.4534372548953053
3 1706 1660 1659 0.49277084507593993 0.46051032639470335 0.4534372548953053
3 1659 1705 1706 0.49277084507593993 0.46051032639470335 0.4534372548953053
3 1707 1661 1706 0.49277084507593993 0.46051032639470335 0.4534372548953053
3 1706 1661 1660 0.49277084507593993 0.46051032639470335 0.4534372548953053
3 1706 1757 1707 0.49277084507593993 0.46051032639470335 0.4534372548953053
3 1706 1705 1757 0.49277084507593993 0.46051032639470335 0.4534372548953053
3 1610 1732 1611 0.49277084507593993 0.46051032639470335 0.4534372548953053
3 1684 1609 1610 0.49277084507593993 0.46051032639470335 0.4534372548953053
3 1611 1685 1610 0.49277084507593993 0.46051032639470335 0.4534372548953053
3 1610 1685 1684 0.49277084507593993 0.46051032639470335 0.4534372548953053
3 1731 1609 1730 0.49277084507593993 0.46051032639470335 0.4534372548953053
3 1731 1730 1513 0.49277084507593993 0.46051032639470335 0.4534372548953053
3 1513 1732 1731 0.49277084507593993 0.46051032639470335 0.4534372548953053
3 1731 1610 1609 0.49277084507593993 0.46051032639470335 0.4534372548953053
3 1732 1610 1731 0.49277084507593993 0.46051032639470335 0.4534372548953053
3 1735 1734 1644 0.49277084507593993 0.46051032639470335 0.4534372548953053
3 1735 1727 1736 0.49277084507593993 0.46051032639470335 0.4534372548953053
3 1644 1727 1735 0.49277084507593993 0.46051032639470335 0.4534372548953053
3 1736 1612 1735 0.49277084507593993 0.46051032639470335 0.4534372548953053
3 1612 1734 1735 0.49277084507593993 0.46051032639470335 0.4534372548953053
3 1464 1718 1463 0.49277084507593993 0.46051032639470335 0.4534372548953053
3 1463 1483 1464 0.49277084507593993 0.46051032639470335 0.4534372548953053
3 1484 1720 1464 0.49277084507593993 0.46051032639470335 0.4534372548953053
3 1464 1674 1484 0.49277084507593993 0.46051032639470335 0.4534372548953053
3 1464 1483 1674 0.49277084507593993 0.46051032639470335 0.4534372548953053
3 1560 1555 1561 0.49277084507593993 0.46051032639470335 0.4534372548953053
3 1561 1504 1560 0.49277084507593993 0.46051032639470335 0.4534372548953053
3 1560 1504 1432 0.49277084507593993 0.46051032639470335 0.4534372548953053
3 1432 1431 1560 0.49277084507593993 0.46051032639470335 0.4534372548953053
3 1431 1555 1560 0.49277084507593993 0.46051032639470335 0.4534372548953053
3 1505 1562 1478 0.49277084507593993 0.46051032639470335 0.4534372548953053
3 1478 1671 1505 0.49277084507593993 0.46051032639470335 0.4534372548953053
3 1556 1561 1709 0.49277084507593993 0.46051032639470335 0.4534372548953053
3 1556 1505 1561 0.49277084507593993 0.46051032639470335 0.4534372548953053
3 1562 1505 1556 0.49277084507593993 0.46051032639470335 0.4534372548953053
3 1709 1473 1474 0.49277084507593993 0.46051032639470335 0.4534372548953053
3 1474 1556 1709 0.49277084507593993 0.46051032639470335 0.4534372548953053
3 1601 1711 1475 0.49277084507593993 0.46051032639470335 0.4534372548953053
3 1601 1475 1460 0.49277084507593993 0.46051032639470335 0.4534372548953053
3 1460 1475 1600 0.49277084507593993 0.46051032639470335 0.4534372548953053
3 1460 1663 1601 0.49277084507593993 0.46051032639470335 0.4534372548953053
3 1716 1715 1668 0.49277084507593993 0.46051032639470335 0.4534372548953053
3 1668 1669 1716 0.49277084507593993 0.46051032639470335 0.4534372548953053
3 1597 1598 1668 0.49277084507593993 0.46051032639470335 0.4534372548953053
3 1598 1669 1668 0.49277084507593993 0.46051032639470335 0.4534372548953053
3 1668 1596 1597 0.49277084507593993 0.46051032639470335 0.4534372548953053
3 1668 1667 1596 0.49277084507593993 0.46051032639470335 0.4534372548953053
3 1605 1715 1714 0.49277084507593993 0.46051032639470335 0.4534372548953053
3 1714 1604 1605 0.49277084507593993 0.46051032639470335 0.4534372548953053
3 1605 1604 1667 0.49277084507593993 0.46051032639470335 0.4534372548953053
3 1667 1668 1605 0.49277084507593993 0.46051032639470335 0.4534372548953053
3 1605 1668 1715 0.49277084507593993 0.46051032639470335 0.4534372548953053
3 1507 1673 1479 0.49277084507593993 0.46051032639470335 0.4534372548953053
3 1480 1673 1507 0.49277084507593993 0.46051032639470335 0.4534372548953053
3 1507 1564 1480 0.49277084507593993 0.46051032639470335 0.4534372548953053
3 1558 1711 1476 0.49277084507593993 0.46051032639470335 0.4534372548953053
3 1558 1563 1711 0.49277084507593993 0.46051032639470335 0.4534372548953053
3 1558 1476 1712 0.49277084507593993 0.46051032639470335 0.4534372548953053
3 1479 1563 1558 0.49277084507593993 0.46051032639470335 0.4534372548953053
3 1558 1507 1479 0.49277084507593993 0.46051032639470335 0.4534372548953053
3 1712 1564 1558 0.49277084507593993 0.46051032639470335 0.4534372548953053
3 1564 1507 1558 0.49277084507593993 0.46051032639470335 0.4534372548953053
3 1461 1664 1602 0.49277084507593993 0.46051032639470335 0.4534372548953053
3 1461 1663 1664 0.49277084507593993 0.46051032639470335 0.4534372548953053
3 1602 1476 1461 0.49277084507593993 0.46051032639470335 0.4534372548953053
3 1461 1476 1601 0.49277084507593993 0.46051032639470335 0.4534372548953053
3 1601 1663 1461 0.49277084507593993 0.46051032639470335 0.4534372548953053
3 1490 1538 1491 0.49277084507593993 0.46051032639470335 0.4534372548953053
3 1490 1537 1538 0.49277084507593993 0.46051032639470335 0.4534372548953053
3 1490 1489 1537 0.49277084507593993 0.46051032639470335 0.4534372548953053
3 1490 1748 1407 0.49277084507593993 0.46051032639470335 0.4534372548953053
3 1407 1489 1490 0.49277084507593993 0.46051032639470335 0.4534372548953053
3 1491 1749 1490 0.49277084507593993 0.46051032639470335 0.4534372548953053
3 1749 1748 1490 0.49277084507593993 0.46051032639470335 0.4534372548953053
3 1526 1580 1532 0.49277084507593993 0.46051032639470335 0.4534372548953053
3 1616 1580 1526 0.49277084507593993 0.46051032639470335 0.4534372548953053
3 1532 1525 1526 0.49277084507593993 0.46051032639470335 0.4534372548953053
3 1527 1616 1526 0.49277084507593993 0.46051032639470335 0.4534372548953053
3 1526 1525 1452 0.49277084507593993 0.46051032639470335 0.4534372548953053
3 1452 1689 1526 0.49277084507593993 0.46051032639470335 0.4534372548953053
3 1526 1690 1527 0.49277084507593993 0.46051032639470335 0.4534372548953053
3 1526 1689 1690 0.49277084507593993 0.46051032639470335 0.4534372548953053
3 1405 1404 1578 0.49277084507593993 0.46051032639470335 0.4534372548953053
3 1404 1531 1578 0.49277084507593993 0.46051032639470335 0.4534372548953053
3 1578 1579 1405 0.49277084507593993 0.46051032639470335 0.4534372548953053
3 1532 1579 1578 0.49277084507593993 0.46051032639470335 0.4534372548953053
3 1578 1525 1532 0.49277084507593993 0.46051032639470335 0.4534372548953053
3 1578 1531 1525 0.49277084507593993 0.46051032639470335 0.4534372548953053
3 1780 1737 1781 0.49277084507593993 0.46051032639470335 0.4534372548953053
3 1636 1661 1781 0.49277084507593993 0.46051032639470335 0.4534372548953053
3 1781 1758 1780 0.49277084507593993 0.46051032639470335 0.4534372548953053
3 1781 1661 1758 0.49277084507593993 0.46051032639470335 0.4534372548953053
3 1766 1765 1503 0.49277084507593993 0.46051032639470335 0.4534372548953053
3 1503 1553 1766 0.49277084507593993 0.46051032639470335 0.4534372548953053
3 1642 1643 1513 0.49277084507593993 0.46051032639470335 0.4534372548953053
3 1513 1512 1642 0.49277084507593993 0.46051032639470335 0.4534372548953053
3 1642 1512 1641 0.49277084507593993 0.46051032639470335 0.4534372548953053
3 1641 1724 1642 0.49277084507593993 0.46051032639470335 0.4534372548953053
3 1724 1725 1642 0.49277084507593993 0.46051032639470335 0.4534372548953053
3 1725 1643 1642 0.49277084507593993 0.46051032639470335 0.4534372548953053
3 1617 1581 1527 0.49277084507593993 0.46051032639470335 0.4534372548953053
3 1527 1528 1617 0.49277084507593993 0.46051032639470335 0.4534372548953053
3 1617 1539 1581 0.49277084507593993 0.46051032639470335 0.4534372548953053
3 1617 1528 1582 0.49277084507593993 0.46051032639470335 0.4534372548953053
3 1582 1539 1617 0.49277084507593993 0.46051032639470335 0.4534372548953053
3 1770 1771 1516 0.49277084507593993 0.46051032639470335 0.4534372548953053
3 1516 1515 1770 0.49277084507593993 0.46051032639470335 0.4534372548953053
3 1648 1515 1516 0.49277084507593993 0.46051032639470335 0.4534372548953053
3 1516 1649 1648 0.49277084507593993 0.46051032639470335 0.4534372548953053
3 1682 1683 1570 0.49277084507593993 0.46051032639470335 0.4534372548953053
3 1570 1569 1682 0.49277084507593993 0.46051032639470335 0.4534372548953053
3 1570 1683 1571 0.49277084507593993 0.46051032639470335 0.4534372548953053
3 1755 1696 1697 0.49277084507593993 0.46051032639470335 0.4534372548953053
3 1697 1696 1745 0.49277084507593993 0.46051032639470335 0.4534372548953053
3 1697 1756 1755 0.49277084507593993 0.46051032639470335 0.4534372548953053
3 1697 1746 1756 0.49277084507593993 0.46051032639470335 0.4534372548953053
3 1745 1746 1697 0.49277084507593993 0.46051032639470335 0.4534372548953053
3 1651 1774 1775 0.49277084507593993 0.46051032639470335 0.4534372548953053
3 1775 1571 1776 0.49277084507593993 0.46051032639470335 0.4534372548953053
3 1775 1570 1571 0.49277084507593993 0.46051032639470335 0.4534372548953053
3 1775 1774 1569 0.49277084507593993 0.46051032639470335 0.4534372548953053
3 1569 1570 1775 0.49277084507593993 0.46051032639470335 0.4534372548953053
3 1650 1651 1745 0.49277084507593993 0.46051032639470335 0.4534372548953053
3 1744 1696 1743 0.49277084507593993 0.46051032639470335 0.4534372548953053
3 1743 1649 1744 0.49277084507593993 0.46051032639470335 0.4534372548953053
3 1649 1650 1744 0.49277084507593993 0.46051032639470335 0.4534372548953053
3 1745 1696 1744 0.49277084507593993 0.46051032639470335 0.4534372548953053
3 1744 1650 1745 0.49277084507593993 0.46051032639470335 0.4534372548953053
3 1745 1651 1652 0.49277084507593993 0.46051032639470335 0.4534372548953053
3 1652 1746 1745 0.49277084507593993 0.46051032639470335 0.4534372548953053
3 1651 1775 1652 0.49277084507593993 0.46051032639470335 0.4534372548953053
3 1652 1775 1776 0.49277084507593993 0.46051032639470335 0.4534372548953053
3 1776 1777 1652 0.49277084507593993 0.46051032639470335 0.4534372548953053
3 1777 1747 1652 0.49277084507593993 0.46051032639470335 0.4534372548953053
3 1747 1746 1652 0.49277084507593993 0.46051032639470335 0.4534372548953053
3 1753 1620 1754 0.49277084507593993 0.46051032639470335 0.4534372548953053
3 1754 1696 1755 0.49277084507593993 0.46051032639470335 0.4534372548953053
3 1695 1696 1754 0.49277084507593993 0.46051032639470335 0.4534372548953053
3 1754 1620 1695 0.49277084507593993 0.46051032639470335 0.4534372548953053
3 1694 1620 1584 0.49277084507593993 0.46051032639470335 0.4534372548953053
3 1584 1620 1753 0.49277084507593993 0.46051032639470335 0.4534372548953053
3 1627 1703 1702 0.49277084507593993 0.46051032639470335 0.4534372548953053
3 1755 1628 1627 0.49277084507593993 0.46051032639470335 0.4534372548953053
3 1627 1628 1703 0.49277084507593993 0.46051032639470335 0.4534372548953053
3 1410 1621 1622 0.49277084507593993 0.46051032639470335 0.4534372548953053
3 1740 1520 1741 0.49277084507593993 0.46051032639470335 0.4534372548953053
3 1520 1521 1741 0.49277084507593993 0.46051032639470335 0.4534372548953053
3 1741 1575 1740 0.49277084507593993 0.46051032639470335 0.4534372548953053
3 1576 1575 1741 0.49277084507593993 0.46051032639470335 0.4534372548953053
3 1646 1521 1645 0.49277084507593993 0.46051032639470335 0.4534372548953053
3 1646 1447 1514 0.49277084507593993 0.46051032639470335 0.4534372548953053
3 1645 1447 1646 0.49277084507593993 0.46051032639470335 0.4534372548953053
3 1514 1647 1646 0.49277084507593993 0.46051032639470335 0.4534372548953053
3 1522 1741 1521 0.49277084507593993 0.46051032639470335 0.4534372548953053
3 1522 1646 1647 0.49277084507593993 0.46051032639470335 0.4534372548953053
3 1521 1646 1522 0.49277084507593993 0.46051032639470335 0.4534372548953053
3 1648 1523 1522 0.49277084507593993 0.46051032639470335 0.4534372548953053
3 1522 1647 1648 0.49277084507593993 0.46051032639470335 0.4534372548953053
3 1739 1574 1738 0.49277084507593993 0.46051032639470335 0.4534372548953053
3 1574 1573 1738 0.49277084507593993 0.46051032639470335 0.4534372548953053
3 1738 1449 1739 0.49277084507593993 0.46051032639470335 0.4534372548953053
3 1450 1449 1738 0.49277084507593993 0.46051032639470335 0.4534372548953053
3 1738 1573 1450 0.49277084507593993 0.46051032639470335 0.4534372548953053
3 1591 1768 1553 0.49277084507593993 0.46051032639470335 0.4534372548953053
3 1553 1590 1591 0.49277084507593993 0.46051032639470335 0.4534372548953053
3 1635 1636 1591 0.49277084507593993 0.46051032639470335 0.4534372548953053
3 1591 1590 1635 0.49277084507593993 0.46051032639470335 0.4534372548953053
3 1502 1472 1501 0.49277084507593993 0.46051032639470335 0.4534372548953053
3 1472 1500 1501 0.49277084507593993 0.46051032639470335 0.4534372548953053
3 1501 1549 1502 0.49277084507593993 0.46051032639470335 0.4534372548953053
3 1501 1548 1549 0.49277084507593993 0.46051032639470335 0.4534372548953053
3 1501 1500 1548 0.49277084507593993 0.46051032639470335 0.4534372548953053
3 1597 1596 1762 0.49277084507593993 0.46051032639470335 0.4534372548953053
3 1762 1763 1597 0.49277084507593993 0.46051032639470335 0.4534372548953053
3 1469 1760 1419 0.49277084507593993 0.46051032639470335 0.4534372548953053
3 1632 1631 1658 0.49277084507593993 0.46051032639470335 0.4534372548953053
3 1631 1657 1658 0.49277084507593993 0.46051032639470335 0.4534372548953053
3 1658 1633 1632 0.49277084507593993 0.46051032639470335 0.4534372548953053
3 1659 1633 1658 0.49277084507593993 0.46051032639470335 0.4534372548953053
3 1658 1657 1547 0.49277084507593993 0.46051032639470335 0.4534372548953053
3 1547 1705 1658 0.49277084507593993 0.46051032639470335 0.4534372548953053
3 1658 1705 1659 0.49277084507593993 0.46051032639470335 0.4534372548953053
3 1438 1718 1719 0.49277084507593993 0.46051032639470335 0.4534372548953053
3 1718 1464 1719 0.49277084507593993 0.46051032639470335 0.4534372548953053
3 1719 1464 1720 0.49277084507593993 0.46051032639470335 0.4534372548953053
3 1477 1671 1434 0.49277084507593993 0.46051032639470335 0.4534372548953053
3 1477 1505 1671 0.49277084507593993 0.46051032639470335 0.4534372548953053
3 1477 1434 1433 0.49277084507593993 0.46051032639470335 0.4534372548953053
3 1433 1504 1477 0.49277084507593993 0.46051032639470335 0.4534372548953053
3 1477 1504 1561 0.49277084507593993 0.46051032639470335 0.4534372548953053
3 1561 1505 1477 0.49277084507593993 0.46051032639470335 0.4534372548953053
3 1562 1556 1710 0.49277084507593993 0.46051032639470335 0.4534372548953053
3 1556 1474 1710 0.49277084507593993 0.46051032639470335 0.4534372548953053
3 1710 1474 1600 0.49277084507593993 0.46051032639470335 0.4534372548953053
3 1600 1475 1710 0.49277084507593993 0.46051032639470335 0.4534372548953053
3 1557 1475 1711 0.49277084507593993 0.46051032639470335 0.4534372548953053
3 1506 1562 1557 0.49277084507593993 0.46051032639470335 0.4534372548953053
3 1562 1710 1557 0.49277084507593993 0.46051032639470335 0.4534372548953053
3 1557 1710 1475 0.49277084507593993 0.46051032639470335 0.4534372548953053
3 1557 1563 1506 0.49277084507593993 0.46051032639470335 0.4534372548953053
3 1711 1563 1557 0.49277084507593993 0.46051032639470335 0.4534372548953053
3 1459 1460 1600 0.49277084507593993 0.46051032639470335 0.4534372548953053
3 1459 1425 1424 0.49277084507593993 0.46051032639470335 0.4534372548953053
3 1663 1460 1662 0.49277084507593993 0.46051032639470335 0.4534372548953053
3 1662 1459 1424 0.49277084507593993 0.46051032639470335 0.4534372548953053
3 1460 1459 1662 0.49277084507593993 0.46051032639470335 0.4534372548953053
3 1765 1766 1670 0.49277084507593993 0.46051032639470335 0.4534372548953053
3 1670 1669 1765 0.49277084507593993 0.46051032639470335 0.4534372548953053
3 1716 1669 1670 0.49277084507593993 0.46051032639470335 0.4534372548953053
3 1670 1679 1716 0.49277084507593993 0.46051032639470335 0.4534372548953053
3 1717 1679 1670 0.49277084507593993 0.46051032639470335 0.4534372548953053
3 1553 1768 1767 0.49277084507593993 0.46051032639470335 0.4534372548953053
3 1767 1766 1553 0.49277084507593993 0.46051032639470335 0.4534372548953053
3 1767 1727 1717 0.49277084507593993 0.46051032639470335 0.4534372548953053
3 1767 1768 1727 0.49277084507593993 0.46051032639470335 0.4534372548953053
3 1717 1670 1767 0.49277084507593993 0.46051032639470335 0.4534372548953053
3 1767 1670 1766 0.49277084507593993 0.46051032639470335 0.4534372548953053
3 1649 1516 1517 0.49277084507593993 0.46051032639470335 0.4534372548953053
3 1517 1771 1772 0.49277084507593993 0.46051032639470335 0.4534372548953053
3 1517 1516 1771 0.49277084507593993 0.46051032639470335 0.4534372548953053
3 1568 1774 1773 0.49277084507593993 0.46051032639470335 0.4534372548953053
3 1772 1567 1773 0.49277084507593993 0.46051032639470335 0.4534372548953053
3 1773 1567 1568 0.49277084507593993 0.46051032639470335 0.4534372548953053
3 1518 1774 1651 0.49277084507593993 0.46051032639470335 0.4534372548953053
3 1651 1650 1518 0.49277084507593993 0.46051032639470335 0.4534372548953053
3 1518 1773 1774 0.49277084507593993 0.46051032639470335 0.4534372548953053
3 1518 1650 1649 0.49277084507593993 0.46051032639470335 0.4534372548953053
3 1649 1517 1518 0.49277084507593993 0.46051032639470335 0.4534372548953053
3 1518 1517 1772 0.49277084507593993 0.46051032639470335 0.4534372548953053
3 1772 1773 1518 0.49277084507593993 0.46051032639470335 0.4534372548953053
3 1753 1754 1625 0.49277084507593993 0.46051032639470335 0.4534372548953053
3 1752 1584 1753 0.49277084507593993 0.46051032639470335 0.4534372548953053
3 1494 1622 1623 0.49277084507593993 0.46051032639470335 0.4534372548953053
3 1623 1495 1494 0.49277084507593993 0.46051032639470335 0.4534372548953053
3 1410 1622 1494 0.49277084507593993 0.46051032639470335 0.4534372548953053
3 1494 1411 1410 0.49277084507593993 0.46051032639470335 0.4534372548953053
3 1494 1495 1411 0.49277084507593993 0.46051032639470335 0.4534372548953053
3 1742 1523 1577 0.49277084507593993 0.46051032639470335 0.4534372548953053
3 1742 1522 1523 0.49277084507593993 0.46051032639470335 0.4534372548953053
3 1577 1694 1742 0.49277084507593993 0.46051032639470335 0.4534372548953053
3 1694 1576 1742 0.49277084507593993 0.46051032639470335 0.4534372548953053
3 1576 1741 1742 0.49277084507593993 0.46051032639470335 0.4534372548953053
3 1741 1522 1742 0.49277084507593993 0.46051032639470335 0.4534372548953053
3 1768 1591 1769 0.49277084507593993 0.46051032639470335 0.4534372548953053
3 1727 1768 1769 0.49277084507593993 0.46051032639470335 0.4534372548953053
3 1636 1781 1769 0.49277084507593993 0.46051032639470335 0.4534372548953053
3 1769 1591 1636 0.49277084507593993 0.46051032639470335 0.4534372548953053
3 1737 1727 1769 0.49277084507593993 0.46051032639470335 0.4534372548953053
3 1769 1781 1737 0.49277084507593993 0.46051032639470335 0.4534372548953053
3 1471 1762 1470 0.49277084507593993 0.46051032639470335 0.4534372548953053
3 1471 1500 1472 0.49277084507593993 0.46051032639470335 0.4534372548953053
3 1471 1472 1763 0.49277084507593993 0.46051032639470335 0.4534372548953053
3 1763 1762 1471 0.49277084507593993 0.46051032639470335 0.4534372548953053
3 1471 1499 1500 0.49277084507593993 0.46051032639470335 0.4534372548953053
3 1471 1470 1499 0.49277084507593993 0.46051032639470335 0.4534372548953053
3 1761 1762 1596 0.49277084507593993 0.46051032639470335 0.4534372548953053
3 1455 1760 1761 0.49277084507593993 0.46051032639470335 0.4534372548953053
3 1761 1596 1455 0.49277084507593993 0.46051032639470335 0.4534372548953053
3 1470 1762 1761 0.49277084507593993 0.46051032639470335 0.4534372548953053
3 1760 1469 1761 0.49277084507593993 0.46051032639470335 0.4534372548953053
3 1761 1469 1470 0.49277084507593993 0.46051032639470335 0.4534372548953053
3 1499 1470 1418 0.49277084507593993 0.46051032639470335 0.4534372548953053
3 1470 1469 1418 0.49277084507593993 0.46051032639470335 0.4534372548953053
3 1418 1469 1419 0.49277084507593993 0.46051032639470335 0.4534372548953053
3 1417 1499 1418 0.49277084507593993 0.46051032639470335 0.4534372548953053
3 1438 1719 1485 0.49277084507593993 0.46051032639470335 0.4534372548953053
3 1439 1438 1485 0.49277084507593993 0.46051032639470335 0.4534372548953053
3 1485 1486 1439 0.49277084507593993 0.46051032639470335 0.4534372548953053
3 1720 1486 1485 0.49277084507593993 0.46051032639470335 0.4534372548953053
3 1485 1719 1720 0.49277084507593993 0.46051032639470335 0.4534372548953053
3 1425 1459 1599 0.49277084507593993 0.46051032639470335 0.4534372548953053
3 1426 1425 1599 0.49277084507593993 0.46051032639470335 0.4534372548953053
3 1600 1474 1599 0.49277084507593993 0.46051032639470335 0.4534372548953053
3 1599 1459 1600 0.49277084507593993 0.46051032639470335 0.4534372548953053
3 1599 1473 1426 0.49277084507593993 0.46051032639470335 0.4534372548953053
3 1599 1474 1473 0.49277084507593993 0.46051032639470335 0.4534372548953053
3 1663 1662 1423 0.49277084507593993 0.46051032639470335 0.4534372548953053
3 1423 1662 1424 0.49277084507593993 0.46051032639470335 0.4534372548953053
3 1498 1625 1626 0.49277084507593993 0.46051032639470335 0.4534372548953053
3 1626 1625 1754 0.49277084507593993 0.46051032639470335 0.4534372548953053
3 1702 1498 1626 0.49277084507593993 0.46051032639470335 0.4534372548953053
3 1626 1627 1702 0.49277084507593993 0.46051032639470335 0.4534372548953053
3 1626 1754 1755 0.49277084507593993 0.46051032639470335 0.4534372548953053
3 1755 1627 1626 0.49277084507593993 0.46051032639470335 0.4534372548953053
3 1624 1495 1623 0.49277084507593993 0.46051032639470335 0.4534372548953053
3 1753 1625 1624 0.49277084507593993 0.46051032639470335 0.4534372548953053
3 1624 1752 1753 0.49277084507593993 0.46051032639470335 0.4534372548953053
3 1542 1412 1699 0.49277084507593993 0.46051032639470335 0.4534372548953053
3 1750 1492 1751 0.49277084507593993 0.46051032639470335 0.4534372548953053
3 1456 1423 1422 0.49277084507593993 0.46051032639470335 0.4534372548953053
3 1663 1423 1456 0.49277084507593993 0.46051032639470335 0.4534372548953053
3 1422 1457 1456 0.49277084507593993 0.46051032639470335 0.4534372548953053
3 1457 1663 1456 0.49277084507593993 0.46051032639470335 0.4534372548953053
3 1468 1624 1623 0.49277084507593993 0.46051032639470335 0.4534372548953053
3 1752 1624 1468 0.49277084507593993 0.46051032639470335 0.4534372548953053
3 1700 1498 1701 0.49277084507593993 0.46051032639470335 0.4534372548953053
3 1542 1699 1700 0.49277084507593993 0.46051032639470335 0.4534372548953053
3 1700 1543 1542 0.49277084507593993 0.46051032639470335 0.4534372548953053
3 1701 1543 1700 0.49277084507593993 0.46051032639470335 0.4534372548953053
3 1495 1624 1496 0.49277084507593993 0.46051032639470335 0.4534372548953053
3 1412 1411 1698 0.49277084507593993 0.46051032639470335 0.4534372548953053
3 1698 1699 1412 0.49277084507593993 0.46051032639470335 0.4534372548953053
3 1698 1496 1699 0.49277084507593993 0.46051032639470335 0.4534372548953053
3 1411 1495 1698 0.49277084507593993 0.46051032639470335 0.4534372548953053
3 1495 1496 1698 0.49277084507593993 0.46051032639470335 0.4534372548953053
3 1540 1751 1492 0.49277084507593993 0.46051032639470335 0.4534372548953053
3 1540 1582 1535 0.49277084507593993 0.46051032639470335 0.4534372548953053
3 1540 1492 1582 0.49277084507593993 0.46051032639470335 0.4534372548953053
3 1584 1752 1541 0.49277084507593993 0.46051032639470335 0.4534372548953053
3 1751 1468 1467 0.49277084507593993 0.46051032639470335 0.4534372548953053
3 1623 1622 1467 0.49277084507593993 0.46051032639470335 0.4534372548953053
3 1467 1468 1623 0.49277084507593993 0.46051032639470335 0.4534372548953053
3 1621 1466 1467 0.49277084507593993 0.46051032639470335 0.4534372548953053
3 1467 1622 1621 0.49277084507593993 0.46051032639470335 0.4534372548953053
3 1467 1466 1750 0.49277084507593993 0.46051032639470335 0.4534372548953053
3 1750 1751 1467 0.49277084507593993 0.46051032639470335 0.4534372548953053
3 1497 1625 1498 0.49277084507593993 0.46051032639470335 0.4534372548953053
3 1498 1700 1497 0.49277084507593993 0.46051032639470335 0.4534372548953053
3 1497 1624 1625 0.49277084507593993 0.46051032639470335 0.4534372548953053
3 1497 1496 1624 0.49277084507593993 0.46051032639470335 0.4534372548953053
3 1497 1700 1699 0.49277084507593993 0.46051032639470335 0.4534372548953053
3 1699 1496 1497 0.49277084507593993 0.46051032639470335 0.4534372548953053
3 1493 1541 1752 0.49277084507593993 0.46051032639470335 0.4534372548953053
3 1752 1468 1493 0.49277084507593993 0.46051032639470335 0.4534372548953053
3 1493 1468 1751 0.49277084507593993 0.46051032639470335 0.4534372548953053
3 1751 1540 1493 0.49277084507593993 0.46051032639470335 0.4534372548953053
3 1584 1541 1619 0.49277084507593993 0.46051032639470335 0.4534372548953053
3 1619 1693 1694 0.49277084507593993 0.46051032639470335 0.4534372548953053
3 1694 1584 1619 0.49277084507593993 0.46051032639470335 0.4534372548953053
3 1619 1529 1693 0.49277084507593993 0.46051032639470335 0.4534372548953053
3 1583 1493 1540 0.49277084507593993 0.46051032639470335 0.4534372548953053
3 1529 1619 1583 0.49277084507593993 0.46051032639470335 0.4534372548953053
3 1541 1493 1583 0.49277084507593993 0.46051032639470335 0.4534372548953053
3 1583 1619 1541 0.49277084507593993 0.46051032639470335 0.4534372548953053
3 1535 1529 1583 0.49277084507593993 0.46051032639470335 0.4534372548953053
3 1583 1540 1535 0.49277084507593993 0.46051032639470335 0.4534372548953053
3 1800 1822 1801 0.49277084507593993 0.46051032639470335 0.4534372548953053
3 1782 1801 1809 0.49277084507593993 0.46051032639470335 0.4534372548953053
3 1809 1801 1822 0.49277084507593993 0.46051032639470335 0.4534372548953053
3 1786 1785 1810 0.49277084507593993 0.46051032639470335 0.4534372548953053
3 1836 1784 1782 0.49277084507593993 0.46051032639470335 0.4534372548953053
3 1836 1837 1784 0.49277084507593993 0.46051032639470335 0.4534372548953053
3 1796 1795 1818 0.49277084507593993 0.46051032639470335 0.4534372548953053
3 1784 1837 1838 0.49277084507593993 0.46051032639470335 0.4534372548953053
3 1794 1793 1806 0.49277084507593993 0.46051032639470335 0.4534372548953053
3 1806 1830 1794 0.49277084507593993 0.46051032639470335 0.4534372548953053
3 1820 1822 1800 0.49277084507593993 0.46051032639470335 0.4534372548953053
3 1820 1798 1822 0.49277084507593993 0.46051032639470335 0.4534372548953053
3 1820 1800 1799 0.49277084507593993 0.46051032639470335 0.4534372548953053
3 1799 1798 1820 0.49277084507593993 0.46051032639470335 0.4534372548953053
3 1829 1810 1811 0.49277084507593993 0.46051032639470335 0.4534372548953053
3 1811 1810 1785 0.49277084507593993 0.46051032639470335 0.4534372548953053
3 1785 1804 1811 0.49277084507593993 0.46051032639470335 0.4534372548953053
3 1811 1804 1831 0.49277084507593993 0.46051032639470335 0.4534372548953053
3 1831 1830 1811 0.49277084507593993 0.46051032639470335 0.4534372548953053
3 1811 1806 1829 0.49277084507593993 0.46051032639470335 0.4534372548953053
3 1830 1806 1811 0.49277084507593993 0.46051032639470335 0.4534372548953053
3 1817 1810 1829 0.49277084507593993 0.46051032639470335 0.4534372548953053
3 1829 1806 1817 0.49277084507593993 0.46051032639470335 0.4534372548953053
3 1817 1806 1793 0.49277084507593993 0.46051032639470335 0.4534372548953053
3 1786 1810 1817 0.49277084507593993 0.46051032639470335 0.4534372548953053
3 1817 1815 1786 0.49277084507593993 0.46051032639470335 0.4534372548953053
3 1823 1818 1836 0.49277084507593993 0.46051032639470335 0.4534372548953053
3 1782 1809 1823 0.49277084507593993 0.46051032639470335 0.4534372548953053
3 1823 1836 1782 0.49277084507593993 0.46051032639470335 0.4534372548953053
3 1819 1818 1795 0.49277084507593993 0.46051032639470335 0.4534372548953053
3 1789 1788 1812 0.49277084507593993 0.46051032639470335 0.4534372548953053
3 1812 1791 1789 0.49277084507593993 0.46051032639470335 0.4534372548953053
3 1788 1791 1812 0.49277084507593993 0.46051032639470335 0.4534372548953053
3 1792 1791 1814 0.49277084507593993 0.46051032639470335 0.4534372548953053
3 1807 1830 1831 0.49277084507593993 0.46051032639470335 0.4534372548953053
3 1807 1795 1794 0.49277084507593993 0.46051032639470335 0.4534372548953053
3 1794 1830 1807 0.49277084507593993 0.46051032639470335 0.4534372548953053
3 1807 1819 1795 0.49277084507593993 0.46051032639470335 0.4534372548953053
3 1838 1819 1807 0.49277084507593993 0.46051032639470335 0.4534372548953053
3 1832 1804 1839 0.49277084507593993 0.46051032639470335 0.4534372548953053
3 1831 1804 1832 0.49277084507593993 0.46051032639470335 0.4534372548953053
3 1839 1807 1832 0.49277084507593993 0.46051032639470335 0.4534372548953053
3 1832 1807 1831 0.49277084507593993 0.46051032639470335 0.4534372548953053
3 1816 1793 1792 0.49277084507593993 0.46051032639470335 0.4534372548953053
3 1792 1815 1816 0.49277084507593993 0.46051032639470335 0.4534372548953053
3 1816 1817 1793 0.49277084507593993 0.46051032639470335 0.4534372548953053
3 1815 1817 1816 0.49277084507593993 0.46051032639470335 0.4534372548953053
3 1792 1787 1805 0.49277084507593993 0.46051032639470335 0.4534372548953053
3 1805 1787 1786 0.49277084507593993 0.46051032639470335 0.4534372548953053
3 1821 1809 1822 0.49277084507593993 0.46051032639470335 0.4534372548953053
3 1821 1823 1809 0.49277084507593993 0.46051032639470335 0.4534372548953053
3 1784 1838 1824 0.49277084507593993 0.46051032639470335 0.4534372548953053
3 1838 1825 1824 0.49277084507593993 0.46051032639470335 0.4534372548953053
3 1824 1825 1804 0.49277084507593993 0.46051032639470335 0.4534372548953053
3 1824 1785 1784 0.49277084507593993 0.46051032639470335 0.4534372548953053
3 1824 1804 1785 0.49277084507593993 0.46051032639470335 0.4534372548953053
3 1839 1804 1826 0.49277084507593993 0.46051032639470335 0.4534372548953053
3 1804 1825 1826 0.49277084507593993 0.46051032639470335 0.4534372548953053
3 1826 1825 1838 0.49277084507593993 0.46051032639470335 0.4534372548953053
3 1826 1807 1839 0.49277084507593993 0.46051032639470335 0.4534372548953053
3 1838 1807 1826 0.49277084507593993 0.46051032639470335 0.4534372548953053
3 1818 1819 1835 0.49277084507593993 0.46051032639470335 0.4534372548953053
3 1837 1836 1835 0.49277084507593993 0.46051032639470335 0.4534372548953053
3 1836 1818 1835 0.49277084507593993 0.46051032639470335 0.4534372548953053
3 1835 1838 1837 0.49277084507593993 0.46051032639470335 0.4534372548953053
3 1835 1819 1838 0.49277084507593993 0.46051032639470335 0.4534372548953053
3 1813 1787 1792 0.49277084507593993 0.46051032639470335 0.4534372548953053
3 1792 1814 1813 0.49277084507593993 0.46051032639470335 0.4534372548953053
3 1828 1815 1792 0.49277084507593993 0.46051032639470335 0.4534372548953053
3 1792 1805 1828 0.49277084507593993 0.46051032639470335 0.4534372548953053
3 1786 1815 1828 0.49277084507593993 0.46051032639470335 0.4534372548953053
3 1828 1805 1786 0.49277084507593993 0.46051032639470335 0.4534372548953053
3 1833 1821 1822 0.49277084507593993 0.46051032639470335 0.4534372548953053
3 1797 1821 1833 0.49277084507593993 0.46051032639470335 0.4534372548953053
3 1822 1798 1833 0.49277084507593993 0.46051032639470335 0.4534372548953053
3 1798 1797 1833 0.49277084507593993 0.46051032639470335 0.4534372548953053
3 1823 1821 1808 0.49277084507593993 0.46051032639470335 0.4534372548953053
3 1808 1797 1796 0.49277084507593993 0.46051032639470335 0.4534372548953053
3 1808 1821 1797 0.49277084507593993 0.46051032639470335 0.4534372548953053
3 1788 1787 1827 0.49277084507593993 0.46051032639470335 0.4534372548953053
3 1787 1813 1827 0.49277084507593993 0.46051032639470335 0.4534372548953053
3 1827 1791 1788 0.49277084507593993 0.46051032639470335 0.4534372548953053
3 1827 1814 1791 0.49277084507593993 0.46051032639470335 0.4534372548953053
3 1827 1813 1814 0.49277084507593993 0.46051032639470335 0.4534372548953053
3 1834 1808 1796 0.49277084507593993 0.46051032639470335 0.4534372548953053
3 1823 1808 1834 0.49277084507593993 0.46051032639470335 0.4534372548953053
3 1796 1818 1834 0.49277084507593993 0.46051032639470335 0.4534372548953053
3 1818 1823 1834 0.49277084507593993 0.46051032639470335 0.4534372548953053
3 1843 1850 1849 0.49277084507593993 0.46051032639470335 0.4534372548953053
3 1851 1850 1867 0.49277084507593993 0.46051032639470335 0.4534372548953053
3 1851 1866 1852 0.49277084507593993 0.46051032639470335 0.4534372548953053
3 1867 1866 1851 0.49277084507593993 0.46051032639470335 0.4534372548953053
3 1864 1854 1853 0.49277084507593993 0.46051032639470335 0.4534372548953053
3 1855 1854 1864 0.49277084507593993 0.46051032639470335 0.4534372548953053
3 1867 1850 1868 0.49277084507593993 0.46051032639470335 0.4534372548953053
3 1850 1843 1868 0.49277084507593993 0.46051032639470335 0.4534372548953053
3 1849 1848 1844 0.49277084507593993 0.46051032639470335 0.4534372548953053
3 1844 1843 1849 0.49277084507593993 0.46051032639470335 0.4534372548953053
3 1859 1858 1860 0.49277084507593993 0.46051032639470335 0.4534372548953053
3 1860 1858 1861 0.49277084507593993 0.46051032639470335 0.4534372548953053
3 1861 1858 1857 0.49277084507593993 0.46051032639470335 0.4534372548953053
3 1856 1862 1857 0.49277084507593993 0.46051032639470335 0.4534372548953053
3 1857 1862 1861 0.49277084507593993 0.46051032639470335 0.4534372548953053
3 1864 1853 1865 0.49277084507593993 0.46051032639470335 0.4534372548953053
3 1852 1866 1865 0.49277084507593993 0.46051032639470335 0.4534372548953053
3 1865 1853 1852 0.49277084507593993 0.46051032639470335 0.4534372548953053
3 1863 1862 1856 0.49277084507593993 0.46051032639470335 0.4534372548953053
3 1856 1855 1863 0.49277084507593993 0.46051032639470335 0.4534372548953053
3 1863 1855 1864 0.49277084507593993 0.46051032639470335 0.4534372548953053
3 1840 1868 1842 0.49277084507593993 0.46051032639470335 0.4534372548953053
3 1842 1868 1843 0.49277084507593993 0.46051032639470335 0.4534372548953053
3 1845 1848 1846 0.49277084507593993 0.46051032639470335 0.4534372548953053
3 1845 1844 1848 0.49277084507593993 0.46051032639470335 0.4534372548953053
