OFF
3870 7124 0


29.2192 34.2643 9.734
29.2192 34.2643 9.734
29.2574 34.2729 9.6982
29.2085 34.3013 9.679
29.252 34.2915 9.6706
29.2955 34.2817 9.6622
29.2085 34.3013 9.679
29.2138 34.2828 9.7065
29.2192 34.2643 9.734
29.231 34.2702 9.7175
29.2691 34.2789 9.6816
29.231 34.2702 9.7175
29.2428 34.2762 9.7009
29.2192 34.2643 9.734
29.2192 34.2643 9.734
29.2574 34.2729 9.6982
29.2192 34.2643 9.734
29.2192 34.2643 9.734
29.2012 34.2444 9.8752
29.1877 34.2299 9.9835
29.1766 34.2182 10.0745
29.1668 34.2081 10.157
29.1574 34.1987 10.2369
29.148 34.1894 10.3194
29.1378 34.1797 10.4107
29.1261 34.1689 10.5195
29.1112 34.1561 10.6622
29.1112 34.1561 10.6622
29.1862 34.1555 10.7584
29.2616 34.1561 10.8506
29.3375 34.1579 10.9389
29.4139 34.161 11.0235
29.4909 34.1653 11.1044
29.5684 34.1707 11.1818
29.6464 34.1772 11.2557
29.7247 34.1847 11.3263
29.8033 34.1932 11.3938
29.8821 34.2026 11.4582
29.961 34.2128 11.5198
30.04 34.2238 11.5788
30.1189 34.2354 11.6353
30.1977 34.2476 11.6895
30.2764 34.2603 11.7417
30.3551 34.2736 11.7919
30.4337 34.2872 11.8405
30.5122 34.3013 11.8875
30.5909 34.3158 11.9332
30.6697 34.3307 11.9777
30.7488 34.3459 12.0212
30.8283 34.3615 12.0639
30.9084 34.3775 12.1058
30.9891 34.3939 12.1472
31.0706 34.4106 12.1882
31.1533 34.4278 12.2288
31.2372 34.4455 12.2694
31.3226 34.4637 12.3099
31.4097 34.4825 12.3506
31.4988 34.5019 12.3915
31.5903 34.522 12.4329
31.6844 34.5428 12.4749
31.7816 34.5644 12.5176
31.8823 34.587 12.5613
31.9869 34.6106 12.606
32.0959 34.6354 12.6522
32.2101 34.6616 12.6999
32.3301 34.6892 12.7494
32.4544 34.7179 12.7702
32.5456 34.7391 12.7855
32.6246 34.7576 12.7987
32.7035 34.7761 12.8119
32.7946 34.7976 12.8272
32.9188 34.8269 12.8481
32.9188 34.8269 12.8481
32.9188 34.8269 12.8481
32.9127 34.8265 12.691
32.9084 34.8267 12.5602
32.9052 34.8273 12.4473
32.9028 34.8283 12.3468
32.901 34.8295 12.2549
32.8997 34.8309 12.1688
32.8988 34.8326 12.0863
32.8982 34.8344 12.0056
32.8979 34.8366 11.925
32.898 34.8391 11.8427
32.8985 34.842 11.7569
32.8995 34.8455 11.6653
32.9011 34.8498 11.5651
32.9036 34.8552 11.4525
32.9074 34.8623 11.3217
32.9134 34.872 11.1639
32.9134 34.872 11.1639
32.8041 34.8496 11.0687
32.7035 34.8293 10.9812
32.6102 34.8107 10.9002
32.5229 34.7937 10.8247
32.4407 34.7779 10.7536
32.3628 34.7631 10.6864
32.2884 34.7493 10.6224
32.2169 34.7363 10.561
32.1479 34.724 10.5019
32.0809 34.7122 10.4446
32.0155 34.701 10.3888
31.9512 34.6902 10.3341
31.8878 34.6797 10.2803
31.8248 34.6696 10.227
31.7621 34.6598 10.174
31.6992 34.6503 10.121
31.6358 34.641 10.0678
31.5717 34.6318 10.0141
31.5064 34.6228 9.9597
31.4397 34.6139 9.9042
31.3711 34.6052 9.8474
31.3002 34.5966 9.7889
31.2266 34.588 9.7284
31.1497 34.5796 9.6655
31.069 34.5713 9.5997
30.9837 34.5632 9.5305
30.8931 34.5552 9.4574
30.7963 34.5474 9.3797
30.6921 34.5399 9.2965
30.5792 34.5327 9.207
30.4439 34.5018 9.2531
30.3302 34.4766 9.2921
30.2309 34.4551 9.3265
30.1412 34.4361 9.3577
30.0576 34.4188 9.3869
29.9774 34.4026 9.4151
29.8982 34.387 9.4432
29.8179 34.3716 9.4718
29.7342 34.3559 9.5018
29.6442 34.3397 9.5342
29.5447 34.3223 9.5704
29.4308 34.3032 9.6121
29.2955 34.2817 9.6622
32.5043 34.7298 12.6483
32.3949 34.7047 12.5118
32.2949 34.6821 12.3872
32.2029 34.6614 12.273
32.4341 34.7134 12.6389
32.3325 34.6901 12.5054
32.2392 34.669 12.3832
32.1532 34.6498 12.2708
32.0735 34.6322 12.1671
32.6544 34.7651 12.6684
32.5279 34.736 12.5253
32.4129 34.7098 12.3956
32.3078 34.6861 12.2773
32.2113 34.6646 12.1688
32.7586 34.7983 12.0753
32.6295 34.7686 11.9898
32.5108 34.7415 11.9113
32.4012 34.7166 11.8389
32.2996 34.6937 11.7719
32.7596 34.8022 11.9272
32.6323 34.7728 11.8553
32.5149 34.7459 11.7891
32.4062 34.721 11.7278
32.3052 34.6981 11.6709
32.7614 34.8071 11.7787
32.6356 34.7778 11.7199
32.5193 34.7508 11.6655
32.4113 34.7259 11.6152
32.3108 34.7029 11.5683
32.7586 34.795 12.2359
32.6271 34.7649 12.1351
32.5068 34.7375 12.0428
32.396 34.7125 11.958
32.2937 34.6895 11.8798
32.1987 34.6684 11.8073
32.7646 34.8136 11.6164
32.64 34.7842 11.5714
32.5245 34.7571 11.5296
32.4172 34.732 11.4909
32.317 34.7087 11.4547
32.2232 34.687 11.4209
32.759 34.7936 12.3262
32.6261 34.7632 12.2164
32.5047 34.7356 12.1162
32.3932 34.7104 12.0243
32.2904 34.6874 11.9396
32.1951 34.6662 11.8613
32.1065 34.6466 11.7887
32.0896 34.7068 10.5365
32.0337 34.6904 10.5696
31.9799 34.6748 10.6014
31.9282 34.6599 10.6319
31.8784 34.6455 10.6612
31.8303 34.6318 10.6894
31.7839 34.6186 10.7166
31.9673 34.6857 10.429
31.9208 34.6712 10.4677
31.8759 34.6572 10.5049
31.8326 34.6438 10.5408
31.7906 34.6309 10.5754
31.75 34.6185 10.6089
31.7106 34.6065 10.6413
31.8486 34.6661 10.3256
31.8108 34.6531 10.3693
31.774 34.6406 10.4115
31.7384 34.6285 10.4524
31.7038 34.6169 10.4919
31.6702 34.6057 10.5303
31.6375 34.5948 10.5675
31.7313 34.6476 10.2241
31.7014 34.6359 10.2726
31.6724 34.6246 10.3195
31.6441 34.6137 10.3651
31.6165 34.6032 10.4093
31.5895 34.5931 10.4523
31.5632 34.5833 10.4942
29.2673 34.2044 10.278
29.3691 34.2104 10.3164
29.4643 34.2166 10.3525
29.5541 34.223 10.3867
29.6396 34.2296 10.4195
29.7216 34.2366 10.4511
29.8009 34.2438 10.4818
29.8781 34.2514 10.512
31.1575 34.4284 12.164
31.1614 34.4291 12.1012
31.1651 34.4298 12.0402
31.1685 34.4306 11.981
31.1717 34.4315 11.9233
31.1747 34.4325 11.8672
31.1774 34.4336 11.8124
31.1799 34.4347 11.7588
31.3171 34.4622 12.2363
31.3116 34.4609 12.1655
31.3062 34.4597 12.0972
31.3009 34.4587 12.0313
31.2955 34.4579 11.9676
31.2902 34.4571 11.9059
31.2849 34.4565 11.8461
31.2796 34.456 11.788
31.482 34.4979 12.3082
31.4658 34.4942 12.2287
31.4501 34.4908 12.1526
31.4349 34.4877 12.0796
31.4201 34.4848 12.0096
31.4057 34.4821 11.9422
31.3918 34.4796 11.8773
31.3781 34.4774 11.8146
31.6542 34.5358 12.3807
31.6255 34.5293 12.2916
31.598 34.5233 12.207
31.5717 34.5177 12.1265
31.5464 34.5125 12.0498
31.5221 34.5077 11.9765
31.4987 34.5031 11.9063
31.4761 34.4989 11.839
31.8362 34.5764 12.4549
31.7927 34.5666 12.3551
31.7516 34.5576 12.2612
31.7127 34.5491 12.1726
31.6757 34.5413 12.0888
31.6404 34.534 12.0093
31.6067 34.5272 11.9337
31.5745 34.5208 11.8617
32.0307 34.6204 12.5318
31.9699 34.6067 12.42
31.913 34.594 12.3159
31.8596 34.5822 12.2184
31.8093 34.5714 12.127
31.7618 34.5613 12.0409
31.7168 34.5519 11.9597
31.674 34.5432 11.8829
32.2415 34.6687 12.6129
32.1599 34.6501 12.4874
32.0844 34.6331 12.3717
32.0143 34.6175 12.2646
31.9488 34.6032 12.1649
31.8876 34.5899 12.0718
31.83 34.5777 11.9847
31.7758 34.5663 11.9028
32.7598 34.7924 12.4273
32.6251 34.7616 12.3071
32.5025 34.7337 12.1977
32.3901 34.7083 12.0977
32.2867 34.6851 12.0058
32.1911 34.6639 11.921
32.1023 34.6444 11.8424
32.0196 34.6263 11.7692
32.3573 34.7556 10.7742
32.2781 34.7345 10.7936
32.203 34.7146 10.8121
32.1314 34.6957 10.8296
32.0633 34.6778 10.8462
31.9982 34.6608 10.8621
31.9359 34.6446 10.8773
31.8762 34.6291 10.8918
32.2185 34.7299 10.6505
32.1518 34.7114 10.6774
32.0881 34.6938 10.703
32.0271 34.677 10.7274
31.9686 34.6611 10.7509
31.9125 34.6458 10.7733
31.8586 34.6312 10.7948
31.8066 34.6172 10.8155
31.613 34.6299 10.1226
31.5908 34.6193 10.1758
31.569 34.6091 10.2274
31.5478 34.5993 10.2775
31.527 34.5898 10.3263
31.5066 34.5806 10.3738
31.4866 34.5718 10.4202
31.4669 34.5632 10.4655
31.4914 34.6128 10.0194
31.4766 34.6031 10.0772
31.4621 34.5939 10.1335
31.4479 34.5849 10.1883
31.4338 34.5764 10.2416
31.42 34.5681 10.2937
31.4063 34.5601 10.3445
31.3928 34.5524 10.3943
29.278 34.2134 10.2028
29.3809 34.219 10.2454
29.4769 34.2248 10.2854
29.5673 34.2309 10.3234
29.6532 34.2372 10.3596
29.7355 34.2438 10.3945
29.815 34.2507 10.4284
29.8922 34.258 10.4616
29.9678 34.2656 10.4944
30.8482 34.3652 12.0144
30.8675 34.3689 11.9658
30.8864 34.3726 11.9181
30.9048 34.3764 11.8712
30.9227 34.3802 11.8251
30.9402 34.3841 11.7796
30.9574 34.388 11.7346
30.9742 34.392 11.6902
30.9907 34.3961 11.6463
31.0017 34.3961 12.0904
31.0138 34.3984 12.0349
31.0255 34.4008 11.9808
31.0368 34.4032 11.9279
31.0477 34.4057 11.8761
31.0582 34.4082 11.8253
31.0684 34.4108 11.7754
31.0783 34.4134 11.7264
31.0879 34.4161 11.6782
32.7699 34.8229 11.4211
32.6463 34.7932 11.3921
32.5314 34.7657 11.3651
32.4244 34.7402 11.34
32.3244 34.7164 11.3166
32.2307 34.6942 11.2947
32.1426 34.6735 11.274
32.0596 34.6541 11.2546
31.9812 34.6358 11.2363
32.5939 34.8013 10.9867
32.4912 34.7751 10.9919
32.3947 34.7507 10.9967
32.3039 34.7278 11.0012
32.2183 34.7062 11.0054
32.1372 34.686 11.0094
32.0604 34.6668 11.0132
31.9875 34.6488 11.0168
31.9181 34.6316 11.0202
32.4317 34.7697 10.8408
32.3454 34.7471 10.856
32.2638 34.7259 10.8703
32.1864 34.7058 10.8839
32.1129 34.6868 10.8968
32.0428 34.6688 10.9091
31.976 34.6517 10.9207
31.9122 34.6354 10.9318
31.8512 34.6199 10.9424
31.3639 34.596 9.9123
31.3567 34.5871 9.9752
31.3495 34.5787 10.0364
31.3424 34.5706 10.0959
31.3352 34.5628 10.154
31.3281 34.5553 10.2108
31.3209 34.5481 10.2662
31.3137 34.5412 10.3206
31.3065 34.5345 10.3739
30.0493 34.4003 9.5025
30.1166 34.3986 9.5851
30.1802 34.3974 9.6636
30.2404 34.3967 9.7387
30.2978 34.3965 9.811
30.3529 34.3966 9.881
30.406 34.3971 9.949
30.4574 34.398 10.0156
30.5075 34.3992 10.0809
29.8986 34.3705 9.5559
29.9739 34.3699 9.6351
30.0447 34.3699 9.7102
30.1118 34.3703 9.7819
30.1757 34.3711 9.8507
30.2369 34.3723 9.9173
30.2959 34.3739 9.982
30.353 34.3758 10.0453
30.4087 34.3782 10.1075
29.2895 34.2231 10.1254
29.3936 34.2283 10.1726
29.4906 34.2337 10.2168
29.5818 34.2394 10.2587
29.6682 34.2453 10.2986
29.7508 34.2516 10.337
29.8305 34.2581 10.3743
29.9077 34.2651 10.4107
29.9833 34.2724 10.4466
30.0578 34.2801 10.4821
30.696 34.3355 11.935
30.7217 34.3403 11.8929
30.747 34.3452 11.8513
30.7718 34.3502 11.8102
30.7961 34.3552 11.7695
30.8201 34.3602 11.7291
30.8438 34.3654 11.6891
30.8671 34.3705 11.6494
30.8902 34.3758 11.6099
30.913 34.3811 11.5706
32.7611 34.7914 12.5439
32.6243 34.76 12.4113
32.5001 34.7317 12.2911
32.3866 34.7061 12.1815
32.2825 34.6828 12.0811
32.1864 34.6615 11.9886
32.0974 34.6419 11.9031
32.0146 34.6239 11.8238
31.9373 34.6072 11.7499
31.8649 34.5918 11.6808
32.6835 34.8191 11.0677
32.571 34.7908 11.0668
32.4659 34.7645 11.066
32.3674 34.7399 11.0651
32.2748 34.7169 11.0644
32.1876 34.6953 11.0636
32.1052 34.675 11.0629
32.0272 34.6559 11.0622
31.9533 34.6379 11.0616
31.883 34.6208 11.061
31.2276 34.5795 9.7992
31.2284 34.5713 9.8677
31.2289 34.5635 9.9343
31.2292 34.5561 9.9991
31.2292 34.549 10.0623
31.2291 34.5423 10.1239
31.2288 34.5358 10.1843
31.2282 34.5296 10.2434
31.2275 34.5236 10.3014
31.2266 34.5179 10.3584
30.1253 34.4159 9.4762
30.1888 34.4135 9.5607
30.2488 34.4117 9.6411
30.3056 34.4104 9.7181
30.3598 34.4095 9.7923
30.4118 34.4091 9.864
30.4619 34.409 9.9338
30.5104 34.4093 10.0021
30.5575 34.41 10.0691
30.6036 34.411 10.1352
29.2454 34.1863 10.4424
29.3455 34.1931 10.472
29.4394 34.2 10.5
29.5284 34.2071 10.5266
29.6133 34.2144 10.5521
29.695 34.222 10.5768
29.7741 34.2298 10.6008
29.8514 34.2381 10.6244
29.9275 34.2466 10.6478
30.0027 34.2557 10.671
30.0777 34.2652 10.6943
30.4683 34.2933 11.807
30.5024 34.2995 11.7738
30.5362 34.3057 11.7407
30.5696 34.3121 11.7079
30.6026 34.3185 11.6752
30.6355 34.325 11.6426
30.6681 34.3316 11.61
30.7005 34.3383 11.5773
30.7329 34.3452 11.5447
30.7651 34.3522 11.5119
30.7973 34.3593 11.479
30.6201 34.3211 11.8937
30.6488 34.3264 11.8546
30.677 34.3318 11.8159
30.7048 34.3373 11.7776
30.7322 34.3428 11.7396
30.7592 34.3484 11.7019
30.7859 34.354 11.6643
30.8124 34.3598 11.627
30.8386 34.3656 11.5897
30.8646 34.3715 11.5525
30.8905 34.3775 11.5153
32.759 34.8002 12.0005
32.6308 34.7707 11.922
32.5128 34.7436 11.8497
32.4037 34.7188 11.783
32.3024 34.6959 11.7211
32.2081 34.6746 11.6635
32.12 34.6549 11.6098
32.0373 34.6366 11.5595
31.9596 34.6195 11.5123
31.8864 34.6034 11.4679
31.8172 34.5884 11.4259
31.079 34.5632 9.6775
31.0885 34.5555 9.7527
31.0973 34.5482 9.8255
31.1057 34.5413 9.8962
31.1135 34.5349 9.965
31.1209 34.5287 10.0321
31.1279 34.5229 10.0977
31.1345 34.5174 10.1619
31.1407 34.5121 10.2249
31.1466 34.5071 10.2869
31.1522 34.5024 10.348
30.2047 34.4324 9.4492
30.2643 34.4294 9.5359
30.3205 34.4269 9.6184
30.3738 34.4249 9.6975
30.4246 34.4233 9.7736
30.4734 34.4222 9.8473
30.5203 34.4215 9.919
30.5656 34.4212 9.989
30.6097 34.4212 10.0577
30.6527 34.4215 10.1255
30.6948 34.4223 10.1926
29.7354 34.3397 9.6157
29.8201 34.3402 9.6919
29.8994 34.3412 9.7639
29.9742 34.3427 9.8323
30.0452 34.3445 9.8978
30.1131 34.3468 9.9609
30.1785 34.3495 10.0222
30.2417 34.3525 10.082
30.3034 34.3559 10.1408
30.3637 34.3597 10.1988
30.4232 34.3639 10.2565
29.3027 34.2342 10.0403
29.4084 34.2389 10.0928
29.5066 34.2438 10.1419
29.5986 34.2491 10.1882
29.6857 34.2546 10.2323
29.7688 34.2604 10.2747
29.8486 34.2666 10.3157
29.926 34.2732 10.3558
30.0016 34.2801 10.3951
30.0758 34.2874 10.4341
30.1493 34.2953 10.4729
30.2227 34.3036 10.5119
30.2398 34.2545 11.6644
30.2816 34.2616 11.6393
30.323 34.2688 11.6144
30.3641 34.2761 11.5894
30.405 34.2835 11.5644
30.4459 34.2911 11.5394
30.4867 34.2989 11.5142
30.5275 34.3068 11.4889
30.5684 34.3149 11.4634
30.6095 34.3232 11.4376
30.6508 34.3318 11.4116
30.6925 34.3406 11.3852
30.3922 34.28 11.7613
30.429 34.2865 11.7309
30.4653 34.2931 11.7006
30.5014 34.2998 11.6704
30.5372 34.3066 11.6403
30.5727 34.3135 11.6102
30.6081 34.3205 11.5801
30.6435 34.3277 11.5499
30.6787 34.335 11.5196
30.714 34.3425 11.4891
30.7493 34.3501 11.4584
30.7847 34.3579 11.4274
32.7633 34.7908 12.683
32.6237 34.7587 12.535
32.4975 34.7298 12.4015
32.3826 34.7038 12.2802
32.2775 34.6803 12.1694
32.1809 34.6588 12.0678
32.0916 34.6392 11.9741
32.0087 34.6212 11.8873
31.9315 34.6046 11.8067
31.8593 34.5892 11.7314
31.7915 34.575 11.661
31.7277 34.5618 11.5948
32.7628 34.8101 11.7003
32.6376 34.7808 11.6482
32.5218 34.7537 11.6
32.4141 34.7288 11.5552
32.3138 34.7056 11.5135
32.22 34.684 11.4746
32.132 34.6639 11.4381
32.0492 34.6451 11.4039
31.9712 34.6275 11.3716
31.8975 34.611 11.3411
31.8277 34.5954 11.3123
31.7615 34.5807 11.285
32.7802 34.8387 11.1554
32.6567 34.8079 11.1476
32.5419 34.7794 11.1403
32.4348 34.753 11.1335
32.3346 34.7283 11.1271
32.2405 34.7053 11.1211
32.1521 34.6837 11.1155
32.0686 34.6635 11.1101
31.9898 34.6445 11.1051
31.915 34.6265 11.1003
31.8441 34.6096 11.0958
31.7766 34.5935 11.0915
30.9137 34.5472 9.5442
30.9331 34.5397 9.6277
30.9514 34.5328 9.708
30.9688 34.5263 9.7857
30.9854 34.5203 9.8611
31.0012 34.5146 9.9343
31.0163 34.5093 10.0057
31.0307 34.5044 10.0755
31.0445 34.4998 10.144
31.0578 34.4955 10.2112
31.0707 34.4914 10.2775
31.083 34.4876 10.3429
30.2899 34.4505 9.4206
30.3453 34.4467 9.5098
30.3975 34.4434 9.5948
30.4471 34.4406 9.6762
30.4943 34.4383 9.7546
30.5395 34.4365 9.8305
30.5829 34.435 9.9042
30.6249 34.434 9.9761
30.6656 34.4332 10.0467
30.7053 34.4329 10.1162
30.744 34.4329 10.1849
30.7821 34.4332 10.2531
29.2838 34.1632 10.7725
29.3758 34.1711 10.7857
29.4631 34.1791 10.7984
29.5466 34.1872 10.8105
29.6271 34.1955 10.8222
29.7052 34.2041 10.8335
29.7814 34.2129 10.8446
29.8563 34.2221 10.8555
29.9304 34.2317 10.8664
30.0042 34.2416 10.8772
30.0781 34.2521 10.888
30.1526 34.2632 10.8989
30.2282 34.2749 10.9101
29.4205 34.1658 10.9444
29.5 34.1738 10.9496
29.5765 34.1819 10.9546
29.6508 34.1902 10.9594
29.7231 34.1986 10.9641
29.794 34.2074 10.9686
29.8639 34.2164 10.9731
29.9331 34.2257 10.9775
30.0021 34.2355 10.9819
30.0711 34.2456 10.9862
30.1407 34.2562 10.9905
30.2111 34.2674 10.9949
30.2828 34.2792 10.9994
30.0109 34.2203 11.5024
30.0602 34.2279 11.4851
30.1091 34.2357 11.4677
30.1577 34.2436 11.4504
30.2061 34.2517 11.433
30.2545 34.26 11.4156
30.303 34.2685 11.3979
30.3516 34.2773 11.3802
30.4005 34.2863 11.3622
30.4498 34.2957 11.3439
30.4997 34.3053 11.3253
30.5502 34.3153 11.3064
30.6015 34.3256 11.287
30.1635 34.2426 11.6128
30.2077 34.2498 11.5903
30.2516 34.2572 11.5679
30.2952 34.2648 11.5456
30.3387 34.2725 11.5231
30.382 34.2803 11.5006
30.4254 34.2884 11.4779
30.4689 34.2966 11.4551
30.5125 34.3051 11.4321
30.5564 34.3138 11.4087
30.6007 34.3227 11.3851
30.6454 34.332 11.3611
30.6906 34.3415 11.3367
32.5742 34.7462 12.6577
32.4569 34.7193 12.5181
32.35 34.695 12.3912
32.252 34.673 12.275
32.1617 34.6529 12.1682
32.0781 34.6345 12.0697
32.0004 34.6176 11.9783
31.9279 34.602 11.8932
31.86 34.5876 11.8137
31.7962 34.5742 11.7392
31.7361 34.5618 11.6692
31.6792 34.5502 11.6032
31.6253 34.5394 11.5407
30.7257 34.5317 9.3954
30.7572 34.5242 9.4896
30.787 34.5173 9.5796
30.8151 34.511 9.6659
30.8418 34.5052 9.7492
30.8672 34.4999 9.8297
30.8915 34.4951 9.9079
30.9147 34.4907 9.984
30.9371 34.4866 10.0584
30.9587 34.4829 10.1314
30.9795 34.4795 10.2032
30.9998 34.4765 10.2741
31.0194 34.4737 10.3442
30.3843 34.471 9.3895
30.435 34.4662 9.4818
30.4828 34.462 9.5696
30.5281 34.4583 9.6538
30.5713 34.4551 9.7348
30.6125 34.4524 9.8131
30.6521 34.45 9.8891
30.6902 34.4481 9.9632
30.7271 34.4466 10.0358
30.763 34.4454 10.1072
30.798 34.4446 10.1777
30.8323 34.444 10.2476
30.8659 34.4438 10.3171
29.5625 34.1731 11.103
29.632 34.1811 11.1016
29.6997 34.1893 11.1002
29.7661 34.1976 11.0988
29.8313 34.2062 11.0973
29.8958 34.215 11.0957
29.9598 34.224 11.0942
30.0237 34.2334 11.0926
30.0876 34.2432 11.0909
30.1519 34.2534 11.0892
30.2169 34.264 11.0873
30.2829 34.2752 11.0854
30.3501 34.2869 11.0834
30.4191 34.2993 11.0813
29.7091 34.185 11.2485
29.7706 34.193 11.2414
29.831 34.2011 11.2344
29.8906 34.2094 11.2273
29.9497 34.2179 11.2203
30.0085 34.2266 11.2132
30.067 34.2357 11.206
30.1257 34.245 11.1988
30.1847 34.2547 11.1914
30.2442 34.2647 11.1839
30.3044 34.2752 11.1762
30.3656 34.2861 11.1683
30.428 34.2976 11.1602
30.4919 34.3097 11.1518
29.859 34.2009 11.3814
29.9139 34.2088 11.3691
29.9682 34.2167 11.3568
30.022 34.2249 11.3445
30.0756 34.2333 11.3323
30.129 34.2419 11.3199
30.1825 34.2507 11.3074
30.2362 34.2598 11.2948
30.2902 34.2693 11.282
30.3446 34.279 11.269
30.3998 34.2892 11.2557
30.4559 34.2997 11.2422
30.5129 34.3108 11.2282
30.5712 34.3223 11.2139
31.5671 34.5165 12.3443
31.5448 34.5115 12.2601
31.5234 34.5069 12.1799
31.5028 34.5026 12.1032
31.483 34.4985 12.0299
31.4638 34.4948 11.9596
31.4452 34.4913 11.892
31.4271 34.4881 11.827
31.4096 34.4851 11.7644
31.3925 34.4823 11.7039
31.3759 34.4797 11.6454
31.3596 34.4773 11.5888
31.3437 34.4751 11.5338
31.3281 34.473 11.4805
31.9316 34.598 12.4929
31.8799 34.5863 12.3873
31.8312 34.5755 12.2884
31.7853 34.5654 12.1955
31.7419 34.5562 12.108
31.7007 34.5475 12.0252
31.6615 34.5394 11.9469
31.6241 34.5319 11.8724
31.5883 34.5249 11.8016
31.554 34.5183 11.734
31.5211 34.5121 11.6694
31.4894 34.5063 11.6075
31.4589 34.5008 11.5481
31.4294 34.4956 11.491
32.3529 34.6945 12.6279
32.2598 34.6732 12.4979
32.1742 34.6539 12.3784
32.095 34.6362 12.2683
32.0214 34.62 12.1662
31.9527 34.6051 12.0713
31.8885 34.5913 11.9827
31.8281 34.5785 11.8997
31.7713 34.5667 11.8218
31.7175 34.5557 11.7483
31.6665 34.5454 11.6789
31.6181 34.5357 11.6131
31.5719 34.5267 11.5506
31.5278 34.5182 11.4911
32.1531 34.718 10.5925
32.0919 34.7007 10.6226
32.0333 34.6841 10.6514
31.9771 34.6683 10.679
31.9231 34.6532 10.7054
31.8711 34.6387 10.7308
31.821 34.6248 10.7553
31.7727 34.6115 10.7788
31.726 34.5987 10.8015
31.6808 34.5864 10.8234
31.6371 34.5746 10.8445
31.5948 34.5632 10.865
31.5537 34.5523 10.8848
31.5138 34.5417 10.904
31.9076 34.6758 10.3769
31.8655 34.662 10.4181
31.8248 34.6488 10.4579
31.7854 34.636 10.4963
31.7472 34.6238 10.5335
31.7101 34.612 10.5694
31.6741 34.6007 10.6043
31.6391 34.5897 10.6381
31.6049 34.5791 10.6709
31.5717 34.5689 10.7028
31.5392 34.559 10.7338
31.5076 34.5494 10.764
31.4766 34.5401 10.7935
31.4463 34.5311 10.8222
31.6724 34.6387 10.1735
31.6464 34.6275 10.2243
31.621 34.6168 10.2736
31.5963 34.6065 10.3214
31.5721 34.5965 10.3679
31.5484 34.5869 10.4132
31.5252 34.5775 10.4573
31.5025 34.5685 10.5004
31.4802 34.5598 10.5424
31.4583 34.5514 10.5834
31.4368 34.5432 10.6236
31.4156 34.5352 10.6629
31.3947 34.5275 10.7015
31.3741 34.52 10.7393
29.5368 34.3044 9.6915
29.6344 34.3061 9.765
29.725 34.3083 9.8338
29.81 34.3109 9.8988
29.8902 34.3139 9.9606
29.9665 34.3173 10.0199
30.0397 34.3211 10.0773
30.1104 34.3252 10.1331
30.1791 34.3298 10.1878
30.2463 34.3348 10.2418
30.3126 34.3402 10.2954
30.3782 34.3461 10.349
30.4437 34.3525 10.4029
30.5094 34.3594 10.4575
29.3189 34.2481 9.9394
29.4267 34.2521 9.9986
29.5265 34.2564 10.0538
29.6198 34.2611 10.1057
29.7077 34.2661 10.155
29.7914 34.2714 10.2022
29.8716 34.2771 10.2479
29.9491 34.2831 10.2923
30.0246 34.2896 10.3358
30.0986 34.2964 10.3789
30.1717 34.3038 10.4217
30.2444 34.3116 10.4646
30.3173 34.32 10.508
30.3909 34.3291 10.552
30.4657 34.3389 10.5972
31.0792 34.4121 12.1274
31.0874 34.4136 12.0684
31.0952 34.4152 12.0109
31.1026 34.4168 11.9548
31.1098 34.4186 11.9001
31.1166 34.4203 11.8467
31.1231 34.4222 11.7943
31.1294 34.4241 11.7431
31.1354 34.4261 11.6928
31.1411 34.4281 11.6433
31.1467 34.4302 11.5948
31.152 34.4323 11.5469
31.1571 34.4346 11.4998
31.1619 34.4368 11.4533
31.1666 34.4392 11.4073
31.3988 34.4798 12.2723
31.3881 34.4774 12.1972
31.3777 34.4751 12.1251
31.3676 34.4731 12.0557
31.3577 34.4712 11.9889
31.3479 34.4696 11.9244
31.3384 34.468 11.862
31.329 34.4667 11.8016
31.3197 34.4655 11.743
31.3106 34.4644 11.6861
31.3016 34.4634 11.6308
31.2927 34.4626 11.577
31.2838 34.4619 11.5244
31.2751 34.4613 11.4732
31.2664 34.4608 11.423
32.7742 34.8296 11.3008
32.6507 34.7995 11.2814
32.536 34.7716 11.2634
32.4291 34.7457 11.2467
32.329 34.7216 11.231
32.2352 34.6991 11.2163
32.147 34.678 11.2024
32.0638 34.6582 11.1894
31.9852 34.6397 11.1771
31.9108 34.6221 11.1655
31.8401 34.6056 11.1544
31.773 34.59 11.1439
31.709 34.5751 11.1339
31.6479 34.5611 11.1243
31.5896 34.5477 11.1152
31.4285 34.6043 9.9664
31.4175 34.5951 10.0268
31.4067 34.5863 10.0854
31.396 34.5778 10.1426
31.3853 34.5696 10.1983
31.3748 34.5618 10.2526
31.3644 34.5542 10.3058
31.354 34.5469 10.3578
31.3436 34.5398 10.4088
31.3333 34.533 10.4589
31.3231 34.5264 10.5081
31.3128 34.52 10.5564
31.3026 34.5138 10.6041
31.2923 34.5077 10.6511
31.2821 34.5019 10.6975
30.4923 34.495 9.3545
30.5377 34.4889 9.4505
30.5804 34.4835 9.5419
30.6208 34.4787 9.6294
30.6592 34.4744 9.7135
30.6957 34.4706 9.7946
30.7308 34.4673 9.8734
30.7644 34.4643 9.95
30.7969 34.4618 10.025
30.8284 34.4596 10.0985
30.859 34.4578 10.171
30.8888 34.4563 10.2426
30.918 34.4551 10.3138
30.9467 34.4542 10.3846
30.9749 34.4536 10.4555
29.2176 34.1638 10.6815
29.3169 34.1715 10.6995
29.4104 34.1794 10.7166
29.4991 34.1874 10.7328
29.5841 34.1956 10.7484
29.666 34.204 10.7635
29.7456 34.2128 10.7782
29.8235 34.2218 10.7926
29.9002 34.2312 10.8069
29.9763 34.2411 10.8211
30.0523 34.2514 10.8353
30.1288 34.2624 10.8496
30.2061 34.2739 10.8642
30.285 34.2863 10.8791
30.366 34.2995 10.8944
30.4497 34.3137 10.9103
30.9247 34.3805 12.0527
30.9406 34.3835 12.0008
30.9559 34.3866 11.9499
30.9708 34.3897 11.9001
30.9854 34.3929 11.8511
30.9995 34.3961 11.8029
31.0132 34.3994 11.7556
31.0266 34.4027 11.7089
31.0397 34.4061 11.6628
31.0524 34.4095 11.6173
31.0649 34.413 11.5723
31.0771 34.4166 11.5278
31.0891 34.4202 11.4837
31.1008 34.4239 11.4399
31.1123 34.4276 11.3965
31.1236 34.4315 11.3532
32.7604 34.8045 11.8538
32.6338 34.7752 11.7884
32.517 34.7482 11.7281
32.4087 34.7234 11.6722
32.308 34.7004 11.6203
32.2139 34.679 11.5719
32.1259 34.6592 11.5267
32.0432 34.6406 11.4842
31.9654 34.6233 11.4443
31.892 34.607 11.4066
31.8225 34.5917 11.3711
31.7566 34.5773 11.3374
31.6939 34.5637 11.3054
31.6343 34.5509 11.275
31.5774 34.5388 11.2461
31.5231 34.5272 11.2184
31.1551 34.5713 9.7396
31.1601 34.5634 9.8113
31.1647 34.5559 9.8809
31.1689 34.5488 9.9485
31.1728 34.542 10.0144
31.1763 34.5355 10.0787
31.1795 34.5294 10.1416
31.1825 34.5235 10.2032
31.1852 34.518 10.2637
31.1876 34.5126 10.3232
31.1897 34.5075 10.3818
31.1917 34.5026 10.4396
31.1933 34.4979 10.4968
31.1948 34.4935 10.5534
31.196 34.4892 10.6096
31.197 34.485 10.6654
32.2864 34.7423 10.7109
32.2138 34.7226 10.7342
32.1445 34.7039 10.7564
32.0785 34.6862 10.7775
32.0153 34.6693 10.7977
31.9548 34.6531 10.817
31.8968 34.6378 10.8354
31.8411 34.6231 10.8531
31.7875 34.609 10.8701
31.736 34.5956 10.8864
31.6863 34.5827 10.9021
31.6383 34.5703 10.9172
31.5919 34.5584 10.9317
31.5471 34.547 10.9458
31.5037 34.536 10.9594
31.4616 34.5253 10.9726
31.4208 34.5151 10.9853
30.823 34.5393 9.4721
30.8481 34.5319 9.5604
30.8718 34.525 9.6453
30.8943 34.5187 9.7271
30.9157 34.5128 9.8062
30.9361 34.5074 9.8829
30.9556 34.5023 9.9575
30.9744 34.4976 10.0304
30.9923 34.4933 10.1018
31.0097 34.4893 10.1718
31.0264 34.4856 10.2408
31.0426 34.4822 10.3089
31.0583 34.479 10.3764
31.0735 34.4761 10.4433
31.0884 34.4735 10.51
31.103 34.4711 10.5766
31.1172 34.4689 10.6432
29.8197 34.3554 9.5845
29.8995 34.3554 9.6622
29.9743 34.3559 9.7357
30.045 34.3568 9.8057
30.1124 34.3581 9.8729
30.1768 34.3599 9.9378
30.2389 34.362 10.0009
30.299 34.3645 10.0624
30.3575 34.3673 10.123
30.4149 34.3706 10.1828
30.4714 34.3742 10.2422
30.5273 34.3783 10.3015
30.5829 34.3827 10.3611
30.6386 34.3876 10.4213
30.6947 34.393 10.4824
30.7513 34.3989 10.5447
30.809 34.4054 10.6087
29.2328 34.176 10.5457
29.3323 34.1832 10.5702
29.4258 34.1905 10.5934
29.5145 34.198 10.6154
29.5993 34.2057 10.6366
29.681 34.2137 10.6571
29.7602 34.222 10.677
29.8377 34.2305 10.6966
29.914 34.2395 10.716
29.9896 34.2489 10.7353
30.065 34.2588 10.7546
30.1408 34.2693 10.7742
30.2175 34.2804 10.794
30.2956 34.2922 10.8143
30.3758 34.3049 10.8352
30.4587 34.3186 10.857
30.545 34.3334 10.8797
30.6356 34.3495 10.9036
32.1338 34.644 12.5717
32.0631 34.6279 12.4534
31.9973 34.6132 12.3436
31.9358 34.5996 12.2414
31.8782 34.587 12.146
31.824 34.5754 12.0565
31.7729 34.5647 11.9723
31.7246 34.5547 11.893
31.6787 34.5453 11.818
31.635 34.5366 11.7469
31.5933 34.5284 11.6793
31.5534 34.5208 11.6149
31.5153 34.5136 11.5534
31.4786 34.5068 11.4946
31.4433 34.5004 11.4383
31.4092 34.4944 11.3841
31.3763 34.4887 11.3321
31.3444 34.4834 11.2819
31.79 34.6568 10.2747
31.7561 34.6444 10.3208
31.7233 34.6325 10.3654
31.6914 34.6211 10.4087
31.6603 34.61 10.4506
31.63 34.5994 10.4913
31.6005 34.5891 10.5309
31.5717 34.5791 10.5693
31.5435 34.5695 10.6068
31.516 34.5602 10.6434
31.489 34.5511 10.679
31.4625 34.5424 10.7138
31.4366 34.5339 10.7479
31.4111 34.5256 10.7812
31.386 34.5176 10.8138
31.3614 34.5098 10.8457
31.3371 34.5022 10.8771
31.3132 34.4948 10.9078
29.4909 34.1689 11.0254
29.5651 34.1769 11.0271
29.637 34.185 11.0288
29.7071 34.1933 11.0304
29.7758 34.2019 11.0319
29.8434 34.2106 11.0333
29.9103 34.2197 11.0347
29.9768 34.2291 11.036
30.0432 34.2388 11.0373
30.1099 34.249 11.0386
30.1772 34.2597 11.0398
30.2454 34.2709 11.041
30.315 34.2826 11.0422
30.3862 34.2951 11.0434
30.4595 34.3084 11.0445
30.5354 34.3225 11.0457
30.6145 34.3377 11.0468
30.6973 34.354 11.048
30.7845 34.3716 11.0492
29.7837 34.1925 11.3165
29.8418 34.2004 11.3068
29.899 34.2085 11.2971
29.9557 34.2167 11.2874
30.0119 34.2252 11.2777
30.068 34.2338 11.2679
30.124 34.2428 11.2581
30.1801 34.252 11.2481
30.2366 34.2616 11.238
30.2936 34.2715 11.2277
30.3513 34.2819 11.2172
30.41 34.2927 11.2064
30.4698 34.3039 11.1954
30.5309 34.3157 11.184
30.5938 34.3282 11.1721
30.6585 34.3413 11.1598
30.7255 34.3551 11.147
30.795 34.3698 11.1336
30.8676 34.3855 11.1195
30.0871 34.2311 11.5589
30.1339 34.2386 11.539
30.1802 34.2462 11.5191
30.2263 34.2539 11.4993
30.2723 34.2618 11.4794
30.3182 34.2699 11.4594
30.3641 34.2783 11.4392
30.4102 34.2868 11.4189
30.4565 34.2955 11.3983
30.5031 34.3046 11.3775
30.5502 34.3139 11.3564
30.5979 34.3235 11.3349
30.6462 34.3335 11.3129
30.6953 34.3438 11.2905
30.7453 34.3546 11.2675
30.7964 34.3658 11.2439
30.8487 34.3774 11.2196
30.9023 34.3896 11.1946
30.9575 34.4024 11.1686
30.5442 34.3071 11.851
30.5757 34.3128 11.8149
30.6067 34.3187 11.7791
30.6374 34.3246 11.7436
30.6677 34.3306 11.7083
30.6976 34.3366 11.6731
30.7274 34.3428 11.638
30.7569 34.349 11.603
30.7862 34.3554 11.568
30.8153 34.3619 11.533
30.8444 34.3684 11.4979
30.8734 34.3752 11.4627
30.9023 34.382 11.4274
30.9312 34.389 11.3918
30.9602 34.3962 11.356
30.9893 34.4035 11.3199
31.0184 34.411 11.2834
31.0478 34.4187 11.2465
31.0773 34.4266 11.2092
32.7669 34.8178 11.5246
32.6428 34.7882 11.4871
32.5277 34.761 11.4524
32.4206 34.7357 11.4201
32.3205 34.7122 11.3899
32.2268 34.6903 11.3617
32.1387 34.6698 11.3352
32.0559 34.6507 11.3103
31.9776 34.6327 11.2868
31.9036 34.6157 11.2646
31.8334 34.5997 11.2436
31.7668 34.5847 11.2236
31.7033 34.5704 11.2046
31.6428 34.5569 11.1865
31.585 34.544 11.1693
31.5297 34.5318 11.1527
31.4766 34.5202 11.1369
31.4257 34.5091 11.1218
31.3768 34.4985 11.1072
31.297 34.5877 9.8566
31.2938 34.5792 9.9223
31.2904 34.5711 9.9861
31.2869 34.5634 10.0482
31.2833 34.556 10.1088
31.2796 34.5488 10.1679
31.2758 34.542 10.2258
31.2719 34.5355 10.2825
31.2679 34.5292 10.3381
31.2637 34.5231 10.3928
31.2595 34.5172 10.4466
31.2551 34.5116 10.4996
31.2506 34.5062 10.5519
31.246 34.5009 10.6037
31.2412 34.4958 10.6549
31.2364 34.4909 10.7057
31.2314 34.4862 10.756
31.2262 34.4815 10.8061
31.2209 34.4771 10.8559
29.4124 34.2835 9.7408
29.5192 34.2859 9.8131
29.6177 34.2888 9.8803
29.7095 34.292 9.9433
29.7958 34.2957 10.0031
29.8777 34.2997 10.0602
29.9559 34.3042 10.1151
30.0312 34.309 10.1685
30.1043 34.3142 10.2208
30.1758 34.3199 10.2722
30.2461 34.326 10.3232
30.3157 34.3326 10.3743
30.3852 34.3397 10.4256
30.455 34.3474 10.4775
30.5257 34.3558 10.5306
30.5977 34.3649 10.585
30.6716 34.3749 10.6414
30.748 34.3857 10.7001
30.8277 34.3977 10.7618
31.2367 34.4451 12.2003
31.2361 34.4448 12.1335
31.2354 34.4446 12.069
31.2346 34.4446 12.0065
31.2336 34.4446 11.9458
31.2325 34.4448 11.8869
31.2313 34.445 11.8296
31.23 34.4454 11.7738
31.2285 34.4458 11.7193
31.227 34.4463 11.6661
31.2254 34.447 11.6141
31.2236 34.4477 11.5632
31.2218 34.4484 11.5132
31.2199 34.4493 11.4642
31.2178 34.4502 11.4161
31.2157 34.4513 11.3687
31.2135 34.4524 11.3221
31.2112 34.4535 11.2761
31.2087 34.4548 11.2307
31.2062 34.4561 11.1859
32.0278 34.6961 10.4821
31.9767 34.6806 10.5181
31.9275 34.6659 10.5526
31.8801 34.6517 10.5859
31.8343 34.6381 10.6179
31.79 34.6251 10.6488
31.7472 34.6125 10.6787
31.7057 34.6004 10.7075
31.6654 34.5888 10.7355
31.6264 34.5776 10.7625
31.5884 34.5668 10.7887
31.5514 34.5563 10.8142
31.5155 34.5462 10.8389
31.4804 34.5364 10.8629
31.4462 34.5269 10.8863
31.4128 34.5177 10.9091
31.3802 34.5088 10.9313
31.3483 34.5002 10.953
31.317 34.4918 10.9741
31.2864 34.4837 10.9948
30.6208 34.5242 9.3137
30.6597 34.5165 9.4146
30.6962 34.5096 9.5105
30.7306 34.5033 9.6021
30.7631 34.4976 9.69
30.794 34.4924 9.7748
30.8234 34.4877 9.8567
30.8516 34.4835 9.9364
30.8787 34.4797 10.0141
30.9048 34.4763 10.0902
30.93 34.4732 10.1649
30.9545 34.4705 10.2386
30.9783 34.4681 10.3115
31.0015 34.466 10.3839
31.0243 34.4642 10.4561
31.0466 34.4628 10.5282
31.0687 34.4616 10.6006
31.0905 34.4607 10.6734
31.1121 34.46 10.747
31.1336 34.4597 10.8216
29.6425 34.3229 9.6507
29.733 34.324 9.7256
29.8174 34.3255 9.796
29.8968 34.3275 9.8627
29.9721 34.33 9.9264
30.0439 34.3328 9.9877
30.1129 34.336 10.0471
30.1796 34.3396 10.1051
30.2446 34.3435 10.1619
30.3082 34.3479 10.2181
30.3708 34.3527 10.2738
30.4329 34.3579 10.3296
30.4948 34.3636 10.3857
30.5569 34.3698 10.4424
30.6196 34.3766 10.5001
30.6832 34.384 10.5593
30.7483 34.392 10.6202
30.8151 34.4008 10.6833
30.8843 34.4105 10.7492
30.9565 34.4211 10.8185
29.2567 34.1956 10.356
29.3575 34.2019 10.3901
29.452 34.2085 10.4223
29.5414 34.2152 10.4528
29.6265 34.2222 10.4821
29.7083 34.2294 10.5104
29.7875 34.237 10.5379
29.8648 34.2449 10.5649
29.9406 34.2531 10.5916
30.0156 34.2618 10.6181
30.0903 34.271 10.6447
30.1652 34.2807 10.6715
30.2409 34.2911 10.6987
30.3178 34.3022 10.7265
30.3966 34.314 10.7552
30.4779 34.3269 10.7849
30.5625 34.3408 10.816
30.6511 34.3559 10.8488
30.7447 34.3726 10.8836
30.8446 34.391 10.9209
30.9522 34.4115 10.9613
29.6353 34.1785 11.1774
29.7006 34.1865 11.1731
29.7645 34.1947 11.1688
29.8273 34.203 11.1644
29.8894 34.2115 11.1601
29.9509 34.2203 11.1558
30.0122 34.2294 11.1514
30.0734 34.2388 11.1469
30.1349 34.2485 11.1423
30.1968 34.2586 11.1377
30.2594 34.2692 11.1329
30.323 34.2803 11.1279
30.3879 34.2919 11.1228
30.4544 34.3042 11.1175
30.5228 34.3171 11.112
30.5935 34.3309 11.1062
30.667 34.3455 11.1002
30.7436 34.3611 11.0937
30.824 34.3779 11.0869
30.9089 34.3961 11.0796
30.9989 34.4157 11.0718
30.3161 34.267 11.7138
30.3553 34.2738 11.6861
30.3942 34.2808 11.6585
30.4329 34.2878 11.631
30.4713 34.2949 11.6034
30.5095 34.3022 11.5759
30.5476 34.3096 11.5482
30.5857 34.3171 11.5205
30.6239 34.3249 11.4925
30.6621 34.3328 11.4644
30.7004 34.3409 11.436
30.739 34.3492 11.4072
30.7779 34.3578 11.3782
30.8171 34.3666 11.3487
30.8567 34.3756 11.3187
30.8967 34.385 11.2882
30.9374 34.3946 11.2571
30.9787 34.4046 11.2254
31.0207 34.415 11.1929
31.0636 34.4257 11.1597
31.1074 34.4368 11.1255
31.7438 34.5557 12.4175
31.708 34.5477 12.3232
31.674 34.5402 12.2341
31.6416 34.5332 12.1496
31.6106 34.5268 12.0694
31.581 34.5207 11.9931
31.5526 34.5151 11.9202
31.5252 34.5098 11.8506
31.4989 34.5049 11.7838
31.4734 34.5002 11.7198
31.4488 34.4959 11.6582
31.425 34.4918 11.5989
31.4019 34.488 11.5417
31.3794 34.4844 11.4863
31.3575 34.481 11.4328
31.3361 34.4779 11.3809
31.3152 34.4749 11.3305
31.2948 34.4721 11.2815
31.2747 34.4695 11.2338
31.2551 34.467 11.1873
31.2358 34.4647 11.1419
32.5103 34.7849 10.9114
32.4162 34.7606 10.9218
32.3276 34.7379 10.9317
32.2438 34.7164 10.941
32.1644 34.6962 10.9497
32.0891 34.6771 10.958
32.0175 34.6591 10.9659
31.9493 34.6419 10.9734
31.8842 34.6257 10.9805
31.8219 34.6102 10.9873
31.7624 34.5955 10.9938
31.7053 34.5814 11.0
31.6505 34.568 11.0059
31.5978 34.5552 11.0116
31.5471 34.5429 11.0171
31.4982 34.5311 11.0223
31.451 34.5198 11.0274
31.4054 34.509 11.0322
31.3613 34.4985 11.0369
31.3186 34.4885 11.0415
31.2773 34.4788 11.0458
30.9988 34.5551 9.6126
31.013 34.5476 9.6916
31.0264 34.5405 9.768
31.0391 34.5339 9.842
31.0512 34.5276 9.914
31.0627 34.5217 9.984
31.0736 34.5162 10.0524
31.084 34.511 10.1194
31.0939 34.506 10.185
31.1034 34.5014 10.2496
31.1125 34.497 10.3132
31.1212 34.4929 10.3761
31.1296 34.4889 10.4383
31.1377 34.4852 10.5
31.1454 34.4818 10.5613
31.1528 34.4785 10.6224
31.16 34.4754 10.6834
31.1669 34.4725 10.7444
31.1736 34.4697 10.8055
31.18 34.4672 10.8669
31.1863 34.4648 10.9288
29.3514 34.1639 10.8601
29.4368 34.1718 10.8691
29.5185 34.1799 10.8778
29.5972 34.1881 10.8861
29.6735 34.1965 10.8941
29.7479 34.2052 10.902
29.8208 34.2141 10.9097
29.8929 34.2234 10.9172
29.9644 34.2331 10.9248
30.0359 34.2431 10.9323
30.1076 34.2537 10.9398
30.1801 34.2648 10.9475
30.2538 34.2766 10.9552
30.3291 34.2891 10.9631
30.4066 34.3024 10.9713
30.4869 34.3167 10.9797
30.5706 34.3321 10.9885
30.6584 34.3488 10.9977
30.7513 34.3669 11.0074
30.8502 34.3868 11.0178
30.9566 34.4087 11.0289
31.0719 34.4331 11.041
29.9348 34.2102 11.4433
29.9868 34.218 11.4285
30.0383 34.2258 11.4137
30.0895 34.2339 11.3989
30.1405 34.2422 11.384
30.1914 34.2506 11.3691
30.2423 34.2593 11.354
30.2935 34.2683 11.3388
30.3449 34.2775 11.3234
30.3969 34.2871 11.3077
30.4494 34.297 11.2918
30.5027 34.3073 11.2755
30.557 34.318 11.2588
30.6123 34.3292 11.2416
30.669 34.3409 11.224
30.7271 34.3531 11.2057
30.7869 34.366 11.1868
30.8487 34.3795 11.1672
30.9128 34.3938 11.1467
30.9794 34.409 11.1253
31.0488 34.425 11.1029
31.1216 34.4422 11.0792
30.772 34.3502 11.9752
30.7946 34.3545 11.9299
30.8168 34.3588 11.8853
30.8384 34.3632 11.8413
30.8596 34.3677 11.7979
30.8805 34.3721 11.755
30.9009 34.3767 11.7125
30.921 34.3813 11.6705
30.9409 34.386 11.6287
30.9604 34.3907 11.5873
30.9796 34.3955 11.5461
30.9986 34.4004 11.5051
31.0174 34.4053 11.4643
31.036 34.4104 11.4236
31.0545 34.4155 11.3829
31.0728 34.4207 11.3422
31.0909 34.4261 11.3015
31.1089 34.4315 11.2607
31.1269 34.437 11.2199
31.1447 34.4427 11.1788
31.1626 34.4485 11.1375
31.1803 34.4544 11.096
32.7585 34.7966 12.1531
32.6283 34.7667 12.0602
32.5088 34.7395 11.9751
32.3987 34.7146 11.8968
32.2967 34.6916 11.8244
32.202 34.6705 11.7572
32.1137 34.6509 11.6946
32.0311 34.6327 11.6362
31.9535 34.6157 11.5814
31.8805 34.5999 11.53
31.8117 34.5851 11.4815
31.7465 34.5712 11.4357
31.6847 34.5582 11.3923
31.6259 34.5459 11.3512
31.57 34.5343 11.312
31.5166 34.5233 11.2748
31.4655 34.5129 11.2392
31.4165 34.5031 11.2051
31.3695 34.4937 11.1725
31.3243 34.4848 11.1412
31.2807 34.4763 11.1111
31.2387 34.4682 11.0821
31.5528 34.6213 10.0713
31.5343 34.6112 10.1268
31.5161 34.6015 10.1807
31.4984 34.5921 10.2332
31.481 34.5831 10.2842
31.4638 34.5744 10.334
31.447 34.566 10.3826
31.4304 34.5578 10.4301
31.414 34.55 10.4766
31.3978 34.5423 10.5222
31.3818 34.535 10.5668
31.366 34.5278 10.6107
31.3503 34.5208 10.6538
31.3348 34.5141 10.6962
31.3193 34.5075 10.7379
31.304 34.5011 10.7791
31.2887 34.4949 10.8196
31.2735 34.4888 10.8597
31.2584 34.4829 10.8994
31.2433 34.4771 10.9386
31.2282 34.4714 10.9774
31.2132 34.4659 11.016
29.9744 34.3853 9.5288
30.0456 34.3842 9.6096
30.1127 34.3836 9.6864
30.1763 34.3835 9.7598
30.237 34.3837 9.8303
30.2951 34.3844 9.8986
30.3511 34.3855 9.9649
30.4054 34.3869 10.0298
30.4583 34.3887 10.0936
30.51 34.3909 10.1566
30.5609 34.3934 10.2192
30.6111 34.3963 10.2815
30.6611 34.3996 10.3441
30.7109 34.4033 10.4071
30.7608 34.4074 10.4708
30.8111 34.412 10.5357
30.862 34.417 10.602
30.9139 34.4226 10.6701
30.9669 34.4287 10.7404
31.0215 34.4355 10.8134
31.0779 34.443 10.8896
31.1366 34.4513 10.9696
29.3409 34.2669 9.8088
29.4518 34.27 9.8774
29.5539 34.2734 9.9409
29.6489 34.2773 10.0005
29.7381 34.2815 10.0569
29.8225 34.2861 10.1107
29.9032 34.2911 10.1625
29.9809 34.2965 10.2127
30.0563 34.3023 10.2618
30.13 34.3085 10.3102
30.2025 34.3151 10.3583
30.2745 34.3223 10.4063
30.3463 34.33 10.4547
30.4186 34.3384 10.5037
30.4919 34.3474 10.5538
30.5667 34.3572 10.6053
30.6436 34.3679 10.6587
30.7234 34.3797 10.7145
30.8068 34.3925 10.7733
30.8947 34.4068 10.8357
30.9883 34.4227 10.9026
31.0889 34.4404 10.975
31.1981 34.4605 11.0542
31.1981 34.4605 11.0542
29.2192 34.2643 9.734
29.2192 34.2643 9.734
29.2012 34.2444 9.8752
29.1877 34.2299 9.9835
29.1766 34.2182 10.0745
29.1668 34.2081 10.157
29.1574 34.1987 10.2369
29.148 34.1894 10.3194
29.1378 34.1797 10.4107
29.1261 34.1689 10.5195
29.1112 34.1561 10.6622
29.0809 34.2143 10.6213
29.0513 34.2722 10.5794
29.0513 34.2722 10.5794
29.0152 34.3577 10.4773
28.9836 34.4346 10.3884
28.9553 34.505 10.3095
28.9295 34.5706 10.238
28.9055 34.6326 10.1721
28.8828 34.6923 10.11
28.8609 34.7507 10.0507
28.8395 34.8086 9.9929
28.8183 34.8671 9.9358
28.7968 34.927 9.8783
28.7746 34.9895 9.8195
28.7514 35.0558 9.7582
28.7267 35.1275 9.6931
28.6997 35.2065 9.6226
28.6698 35.2954 9.5447
28.6357 35.3979 9.4566
28.6357 35.3979 9.4566
28.6667 35.3532 9.4231
28.6979 35.3085 9.3898
28.6979 35.3085 9.3898
28.7575 35.1825 9.4237
28.807 35.0797 9.4518
28.8502 34.9912 9.4763
28.8896 34.9115 9.4987
28.9271 34.8366 9.5199
28.9642 34.7633 9.541
29.0024 34.6888 9.5626
29.0432 34.61 9.5857
29.0889 34.5231 9.6115
29.1424 34.4229 9.6417
29.2085 34.3013 9.679
29.2085 34.3013 9.679
29.2138 34.2828 9.7065
29.2192 34.2643 9.734
28.7035 35.2585 9.4818
29.0657 34.2598 10.539
29.051 34.3052 10.4581
29.1858 34.3121 9.7516
29.1536 34.3584 9.7687
29.1419 34.2579 10.1244
29.1176 34.3072 10.0924
29.0937 34.3561 10.0609
29.1255 34.2399 10.269
29.1035 34.2902 10.2194
29.0818 34.3403 10.1704
28.8707 34.74 10.0326
28.8807 34.7292 10.0142
28.8908 34.7183 9.9956
28.8329 34.8435 9.9295
28.8477 34.8198 9.9231
28.8626 34.796 9.9168
28.7946 34.9511 9.8257
28.8145 34.9129 9.832
28.8344 34.875 9.8384
28.8974 34.8786 9.5455
28.905 34.8468 9.591
28.9125 34.816 9.6351
28.9629 34.7491 9.5823
28.9617 34.7354 9.6225
28.9606 34.7221 9.6617
29.0323 34.6147 9.6215
29.0217 34.6194 9.6564
29.0114 34.6239 9.6904
29.1598 34.2789 9.9705
29.1326 34.3272 9.958
29.1059 34.3746 9.9457
29.0798 34.4215 9.9339
28.9319 34.5784 10.201
28.9344 34.5865 10.1633
28.937 34.5947 10.1251
28.9397 34.6032 10.0861
28.8902 34.6878 10.0859
28.8977 34.6832 10.0615
28.9054 34.6786 10.0366
28.9133 34.6739 10.0114
28.753 35.0704 9.7142
28.779 35.0147 9.7351
28.8046 34.9602 9.7558
28.83 34.9067 9.7763
28.7047 35.2125 9.5856
28.7385 35.1335 9.625
28.7712 35.0578 9.6632
28.803 34.985 9.7004
28.8252 35.0243 9.5053
28.8428 34.9713 9.5568
28.8599 34.9205 9.6065
28.8766 34.8717 9.6547
29.119 34.4509 9.6709
29.0963 34.478 9.6992
29.0743 34.5044 9.7268
29.053 34.5301 9.7536
29.1711 34.293 9.8751
29.1418 34.3404 9.8751
29.1133 34.3868 9.8752
29.0855 34.4323 9.8755
29.0584 34.4771 9.8759
29.1058 34.2205 10.4471
29.0861 34.2719 10.376
29.0669 34.3232 10.3057
29.048 34.3749 10.2359
29.0294 34.4272 10.1661
29.0397 34.3109 10.5035
29.0285 34.3498 10.4281
29.0177 34.3892 10.3529
29.007 34.4293 10.2774
28.9965 34.4703 10.2012
28.9801 34.4561 10.3353
28.9767 34.478 10.2818
28.9734 34.5004 10.2275
28.9701 34.5234 10.1725
28.967 34.547 10.1165
28.7308 35.2196 9.4532
28.7622 35.136 9.5134
28.7922 35.0572 9.5707
28.8211 34.9824 9.6258
28.8491 34.9109 9.6789
29.1858 34.3121 9.7516
29.1536 34.3584 9.7687
29.1226 34.4033 9.7854
29.0926 34.4469 9.8017
29.0635 34.4893 9.8176
29.0353 34.5307 9.8332
29.1338 34.2488 10.1955
29.1107 34.2986 10.1547
29.0879 34.3481 10.1146
29.0654 34.3976 10.0749
29.0432 34.4472 10.0355
29.0212 34.497 9.9963
28.9104 34.6342 10.1417
28.9155 34.6359 10.1109
28.9207 34.6376 10.0795
28.9261 34.6394 10.0476
28.9316 34.6413 10.0152
28.9373 34.6433 9.9821
28.814 34.8964 9.8781
28.8312 34.8657 9.8779
28.8486 34.8351 9.8778
28.866 34.8044 9.8778
28.8836 34.7736 9.8778
28.9013 34.7428 9.8779
28.73 35.1377 9.6528
28.7596 35.0713 9.6822
28.7885 35.007 9.7111
28.8169 34.9444 9.7396
28.845 34.8833 9.7677
28.8728 34.8235 9.7955
28.7822 35.1125 9.4815
28.806 35.0461 9.5368
28.8289 34.9828 9.59
28.8511 34.9223 9.6413
28.8727 34.8641 9.691
28.8939 34.808 9.7394
28.9303 34.8132 9.564
28.9335 34.7906 9.6067
28.9367 34.7687 9.6484
28.9398 34.7474 9.689
28.9429 34.7268 9.7286
28.946 34.7068 9.7673
29.0723 34.5386 9.6443
29.0562 34.5536 9.6761
29.0406 34.5683 9.7072
29.0254 34.5826 9.7374
29.0106 34.5966 9.7669
28.9962 34.6103 9.7958
29.1164 34.2307 10.3503
29.0955 34.2814 10.2909
29.0751 34.3321 10.2321
29.0549 34.3831 10.1738
29.0349 34.4344 10.1156
29.0151 34.4865 10.0573
28.9952 34.5395 9.9985
29.0081 34.3872 10.414
29.0011 34.417 10.3505
28.9943 34.4474 10.2867
28.9876 34.4785 10.2221
28.981 34.5104 10.1566
28.9745 34.5432 10.0898
28.9681 34.5773 10.0215
28.7744 35.0087 9.7714
28.7972 34.9623 9.7847
28.8198 34.9165 9.7979
28.8424 34.8712 9.8112
28.8649 34.8264 9.8245
28.8874 34.7819 9.8378
28.91 34.7376 9.8513
28.8629 34.9478 9.5263
28.8752 34.9061 9.5745
28.8873 34.8659 9.6213
28.8991 34.8271 9.6668
28.9107 34.7895 9.7111
28.9221 34.7531 9.7542
28.9333 34.7177 9.7965
29.1762 34.3448 9.7037
29.1452 34.3869 9.7277
29.1153 34.4276 9.7509
29.0865 34.4671 9.7735
29.0586 34.5055 9.7955
29.0316 34.5429 9.8169
29.0055 34.5793 9.8379
29.1504 34.2676 10.0511
29.1247 34.3165 10.0283
29.0996 34.3647 10.0059
29.0748 34.4126 9.9839
29.0504 34.4602 9.9623
29.0263 34.5076 9.941
29.0025 34.5549 9.92
28.9788 34.6022 9.8992
29.0921 34.2087 10.5734
29.0737 34.2608 10.4867
29.056 34.3129 10.4014
29.0388 34.3654 10.3167
29.0219 34.4187 10.232
29.0053 34.4733 10.1466
28.9887 34.5296 10.0597
28.9721 34.5882 9.9706
28.9549 34.5194 10.265
28.9546 34.5342 10.2199
28.9544 34.5492 10.1741
28.9543 34.5647 10.1275
28.9543 34.5806 10.08
28.9544 34.597 10.0314
28.9546 34.614 9.9818
28.9549 34.6315 9.9309
28.8517 34.7917 9.9807
28.8641 34.7745 9.9683
28.8766 34.7573 9.9559
28.8892 34.7398 9.9433
28.9021 34.7222 9.9306
28.9151 34.7043 9.9178
28.9283 34.6863 9.9049
28.9417 34.6681 9.8918
28.6764 35.2974 9.5105
28.7151 35.2031 9.5617
28.7521 35.1141 9.6107
28.7879 35.0294 9.658
28.8226 34.9485 9.7037
28.8565 34.8705 9.7484
28.8897 34.795 9.7923
28.9226 34.7215 9.8356
28.9964 34.6838 9.6012
28.9907 34.679 9.6388
28.9852 34.6744 9.6755
28.9798 34.67 9.7113
28.9746 34.6656 9.7463
28.9695 34.6614 9.7804
28.9647 34.6574 9.8138
28.9599 34.6534 9.8465
28.9553 34.6496 9.8785
32.9188 34.8269 12.8481
32.9188 34.8269 12.8481
32.7946 34.7976 12.8272
32.7035 34.7761 12.8119
32.6246 34.7576 12.7987
32.5456 34.7391 12.7855
32.4544 34.7179 12.7702
32.3301 34.6892 12.7494
32.3301 34.6892 12.7494
32.449 34.7364 12.793
32.5428 34.7734 12.827
32.6228 34.8048 12.8556
32.6958 34.8334 12.8815
32.7667 34.861 12.9065
32.8399 34.8894 12.9321
32.9202 34.9205 12.96
33.0147 34.9569 12.9925
33.135 35.0031 13.0337
33.0559 34.9386 12.9659
32.9979 34.8913 12.9161
32.9188 34.8269 12.8481
32.8711 34.8248 12.8511
32.7109 34.7867 12.8238
32.5908 34.7583 12.8033
32.6499 34.8082 12.8566
32.7583 34.8503 12.8947
32.8717 34.894 12.9339
32.9286 34.8723 12.9013
32.6512 34.7725 12.8136
32.6782 34.7876 12.8287
32.4234 34.719 12.775
32.5214 34.7505 12.8018
32.5164 34.7559 12.8088
32.5862 34.776 12.8252
32.5888 34.7843 12.8349
32.6359 34.7955 12.8429
32.8126 34.8713 12.9136
32.7858 34.8535 12.8953
33.0266 34.9532 12.9867
32.9239 34.9059 12.9422
32.9703 34.9067 12.9377
32.8882 34.8761 12.9107
32.7792 34.8029 12.8354
32.7639 34.8082 12.8435
32.7486 34.8134 12.8516
32.5205 34.7417 12.7914
32.5889 34.7664 12.8133
32.6598 34.792 12.8361
32.7052 34.8297 12.8761
32.7146 34.8261 12.8706
32.724 34.8224 12.8651
32.9404 34.9203 12.9574
32.8688 34.8851 12.9236
32.7999 34.8513 12.8911
32.8711 34.8248 12.8511
32.8243 34.8227 12.854
32.7784 34.8207 12.8568
32.7334 34.8187 12.8596
29.2955 34.2817 9.6622
29.2955 34.2817 9.6622
29.4308 34.3032 9.6121
29.5447 34.3223 9.5704
29.6442 34.3397 9.5342
29.7342 34.3559 9.5018
29.8179 34.3716 9.4718
29.8982 34.387 9.4432
29.9774 34.4026 9.4151
30.0576 34.4188 9.3869
30.1412 34.4361 9.3577
30.2309 34.4551 9.3265
30.3302 34.4766 9.2921
30.4439 34.5018 9.2531
30.5792 34.5327 9.207
30.5792 34.5327 9.207
30.5704 34.6411 9.1605
30.5642 34.7183 9.1277
30.5579 34.7956 9.0952
30.549 34.9045 9.05
30.549 34.9045 9.05
30.4515 34.9861 9.0379
30.3807 35.0455 9.0295
30.3196 35.0967 9.0226
30.2585 35.148 9.0159
30.1876 35.2074 9.0085
30.09 35.2892 8.9989
30.09 35.2892 8.9989
29.9496 35.2949 9.0324
29.8347 35.3002 9.0601
29.7355 35.3054 9.0843
29.6459 35.3105 9.1064
29.5616 35.3158 9.1275
29.4789 35.3214 9.1482
29.3946 35.3275 9.1696
29.3053 35.3344 9.1925
29.2067 35.3426 9.2181
29.0926 35.3528 9.248
28.9537 35.3663 9.2849
28.9537 35.3663 9.2849
28.8256 35.3374 9.3369
28.6979 35.3085 9.3898
28.7575 35.1825 9.4237
28.807 35.0797 9.4518
28.8502 34.9912 9.4763
28.8896 34.9115 9.4987
28.9271 34.8366 9.5199
28.9642 34.7633 9.541
29.0024 34.6888 9.5626
29.0432 34.61 9.5857
29.0889 34.5231 9.6115
29.1424 34.4229 9.6417
29.2085 34.3013 9.679
29.2085 34.3013 9.679
29.252 34.2915 9.6706
29.2955 34.2817 9.6622
29.9432 34.4465 9.4038
29.9097 34.4896 9.3927
29.8768 34.532 9.382
30.4551 34.7294 9.1486
30.3519 34.7401 9.1686
30.2537 34.7504 9.188
30.2433 35.064 9.055
30.17 35.0326 9.0864
30.0995 35.0026 9.1169
29.7261 34.4036 9.4817
29.7182 34.4508 9.462
29.7104 34.4974 9.4426
29.7027 34.5437 9.4235
29.8728 34.4321 9.429
29.8477 34.4766 9.4152
29.823 34.5204 9.4016
29.7987 34.5637 9.3884
30.0882 34.4774 9.3521
30.0365 34.5178 9.3469
29.9861 34.5572 9.342
29.9368 34.5958 9.3373
30.2535 34.5148 9.2936
30.1797 34.5517 9.2952
30.1084 34.5875 9.297
30.0394 34.6222 9.2989
30.2965 35.0183 9.0614
30.216 34.9925 9.0922
30.1386 34.9677 9.122
30.0641 34.944 9.151
30.1275 35.1627 9.0421
30.0696 35.1197 9.0747
30.0135 35.0781 9.1065
29.9591 35.0379 9.1375
29.7272 35.2531 9.1082
29.719 35.2019 9.1317
29.7109 35.1515 9.1549
29.703 35.1019 9.1779
29.5716 35.2632 9.1464
29.5814 35.2114 9.1652
29.5912 35.1603 9.1839
29.6008 35.1099 9.2025
29.422 35.2738 9.184
29.449 35.221 9.1983
29.4757 35.1689 9.2125
29.502 35.1175 9.2268
29.254 35.2869 9.2272
29.3004 35.2322 9.2363
29.3462 35.1786 9.2455
29.3913 35.1257 9.2548
28.935 34.9722 9.4578
29.0179 34.9538 9.44
29.0994 34.9358 9.4228
29.1797 34.9182 9.4061
29.0025 34.834 9.4974
29.0767 34.8315 9.4756
29.15 34.8292 9.4543
29.2225 34.8271 9.4334
29.0695 34.7014 9.536
29.1358 34.714 9.51
29.2013 34.7265 9.4845
29.2664 34.7391 9.4595
29.3334 34.3374 9.6245
29.3706 34.3921 9.5878
29.4072 34.446 9.5519
29.4434 34.4993 9.5167
29.5563 34.3732 9.5432
29.5678 34.4235 9.5164
29.5792 34.4733 9.4901
29.5905 34.5227 9.4642
29.6017 34.5718 9.4386
30.4675 34.5664 9.2183
30.3621 34.5983 9.2293
30.2621 34.6287 9.2401
30.1666 34.6579 9.2507
30.075 34.686 9.2612
30.4416 34.8932 9.0802
30.34 34.8827 9.1092
30.2434 34.8729 9.137
30.151 34.8636 9.1639
30.0624 34.8547 9.1901
29.8155 35.2478 9.0868
29.7968 35.1967 9.113
29.7785 35.1465 9.1389
29.7605 35.0973 9.1644
29.7428 35.049 9.1897
28.8976 35.0509 9.4354
28.9858 35.023 9.4199
29.072 34.9959 9.405
29.1568 34.9695 9.3907
29.2405 34.9434 9.377
29.1474 34.5529 9.5799
29.205 34.5823 9.5489
29.262 34.6115 9.5184
29.3186 34.6405 9.4885
29.3748 34.6695 9.4589
29.4543 34.3562 9.5803
29.4774 34.4085 9.5491
29.5003 34.4602 9.5185
29.523 34.5114 9.4884
29.5455 34.5623 9.4587
29.5679 34.613 9.4293
30.4496 34.7975 9.12
30.3472 34.7994 9.1437
30.2497 34.8013 9.1667
30.1564 34.8033 9.1889
30.0669 34.8053 9.2105
29.9805 34.8073 9.2317
29.9175 35.2421 9.0625
29.8863 35.1908 9.0919
29.8559 35.1408 9.1208
29.8261 35.092 9.1493
29.7969 35.0442 9.1773
29.7683 34.9972 9.205
29.0297 35.3062 9.2864
29.1034 35.248 9.2882
29.1753 35.1913 9.2904
29.2458 35.136 9.2928
29.3152 35.0817 9.2955
29.3839 35.0281 9.2985
28.8051 35.2525 9.3789
28.9077 35.1991 9.369
29.0067 35.1477 9.36
29.1028 35.0981 9.3517
29.1968 35.0498 9.3441
29.2894 35.0024 9.337
29.2557 34.355 9.6393
29.3019 34.4078 9.6007
29.3473 34.4597 9.5631
29.3922 34.511 9.5262
29.4366 34.5618 9.4899
29.4807 34.6125 9.4542
29.8011 34.4179 9.4547
29.7845 34.4637 9.438
29.7681 34.5089 9.4216
29.7519 34.5537 9.4056
29.7359 34.598 9.3897
29.72 34.6421 9.3741
29.7043 34.6858 9.3588
30.1669 34.495 9.3242
30.1049 34.5337 9.3222
30.0447 34.5714 9.3204
29.9861 34.6082 9.3189
29.9288 34.6443 9.3175
29.8728 34.6796 9.3164
29.8177 34.7144 9.3154
30.4604 34.6615 9.1774
30.3564 34.681 9.1937
30.2575 34.6997 9.2096
30.1629 34.7176 9.225
30.0722 34.735 9.2402
29.9846 34.7519 9.2551
29.8998 34.7683 9.2698
30.1898 35.1097 9.0489
30.1237 35.0729 9.0809
30.0599 35.0375 9.1119
29.9982 35.0033 9.1423
29.9382 34.9702 9.1719
29.8797 34.938 9.201
29.8226 34.9065 9.2296
29.4975 35.2683 9.1649
29.5158 35.2161 9.1815
29.534 35.1646 9.198
29.5519 35.1137 9.2144
29.5697 35.0634 9.2308
29.5874 35.0134 9.2473
29.605 34.9638 9.2637
29.1525 35.2953 9.2538
29.211 35.2393 9.2597
29.2685 35.1844 9.2657
29.325 35.1304 9.2719
29.3809 35.0773 9.2783
29.4364 35.0247 9.2849
29.4916 34.9724 9.2917
28.8553 35.1419 9.4098
28.9498 35.1028 9.3968
29.0417 35.0649 9.3846
29.1316 35.0281 9.373
29.22 34.992 9.362
29.3075 34.9565 9.3515
29.3945 34.9213 9.3415
29.0354 34.7683 9.5165
29.1057 34.7733 9.4926
29.1751 34.7784 9.4693
29.2439 34.7835 9.4463
29.3124 34.7887 9.4238
29.3808 34.7939 9.4015
29.4493 34.7993 9.3794
29.1958 34.4633 9.6066
29.2483 34.5031 9.5723
29.3001 34.5425 9.5387
29.3514 34.5815 9.5057
29.4023 34.6204 9.4732
29.4531 34.6592 9.4409
29.5038 34.698 9.409
29.6456 34.3889 9.5108
29.6469 34.4375 9.4878
29.6482 34.4856 9.4652
29.6495 34.5334 9.4428
29.6508 34.5809 9.4208
29.6522 34.6281 9.399
29.6535 34.6751 9.3775
29.6548 34.7221 9.3561
30.3518 34.5381 9.2589
30.2639 34.5728 9.2648
30.1797 34.6062 9.2706
30.0986 34.6384 9.2765
30.0203 34.6697 9.2825
29.9443 34.7001 9.2885
29.8704 34.7299 9.2946
29.7981 34.759 9.3008
30.0413 35.2357 9.0334
29.9943 35.184 9.0669
29.9487 35.134 9.0995
29.9044 35.0855 9.1315
29.8613 35.0383 9.1628
29.8191 34.9922 9.1936
29.7777 34.947 9.2241
29.7371 34.9027 9.2541
29.3421 35.2798 9.2044
29.3783 35.2263 9.2162
29.414 35.1735 9.2281
29.4493 35.1214 9.24
29.4843 35.0699 9.252
29.519 35.0188 9.264
29.5537 34.968 9.2762
29.5882 34.9173 9.2885
28.9695 34.901 9.4781
29.0478 34.8909 9.4583
29.1251 34.881 9.439
29.2014 34.8714 9.4202
29.2772 34.8619 9.4018
29.3526 34.8526 9.3837
29.4281 34.8434 9.366
29.5039 34.8343 9.3484
30.0144 34.4614 9.3784
29.9721 34.5032 9.3702
29.9306 34.5442 9.3623
29.89 34.5845 9.3547
29.85 34.6242 9.3473
29.8106 34.6633 9.3402
29.7717 34.702 9.3333
29.7333 34.7403 9.3265
29.6953 34.7783 9.32
30.3578 34.9656 9.0691
30.2686 34.9461 9.0991
30.1832 34.9276 9.1282
30.1012 34.9099 9.1563
30.0221 34.8929 9.1837
29.9455 34.8766 9.2105
29.8711 34.8608 9.2368
29.7984 34.8455 9.2627
29.7273 34.8306 9.2883
29.6471 35.2582 9.1277
29.6483 35.2067 9.1488
29.6494 35.156 9.1697
29.6506 35.1061 9.1904
29.6517 35.0567 9.2111
29.6529 35.0079 9.2316
29.654 34.9595 9.2521
29.6552 34.9114 9.2726
29.6563 34.8637 9.2931
28.9167 35.2794 9.3325
29.0046 35.2237 9.3286
29.0899 35.1698 9.3252
29.1732 35.1173 9.3223
29.255 35.066 9.3198
29.3358 35.0155 9.3178
29.416 34.9655 9.3162
29.4961 34.9158 9.315
29.5764 34.8661 9.3141
29.1062 34.6307 9.5568
29.1684 34.6513 9.5285
29.2298 34.6717 9.5007
29.2909 34.6921 9.4733
29.3516 34.7124 9.4463
29.4122 34.7328 9.4196
29.473 34.7533 9.393
29.534 34.774 9.3666
29.5954 34.7949 9.3401
29.3334 34.3374 9.6245
29.3706 34.3921 9.5878
29.4072 34.446 9.5519
29.4434 34.4993 9.5167
29.4793 34.5522 9.4821
29.5149 34.6048 9.4479
29.5504 34.6574 9.4141
29.586 34.71 9.3805
29.6216 34.7628 9.3471
29.6575 34.8161 9.3137
29.6575 34.8161 9.3137
30.549 34.9045 9.05
30.549 34.9045 9.05
30.659 34.975 9.1145
30.7623 35.0413 9.176
30.8596 35.1038 9.2347
30.9517 35.163 9.2909
31.0391 35.2193 9.3449
31.1223 35.2729 9.3969
31.2019 35.3243 9.4472
31.2783 35.3736 9.4959
31.3518 35.4211 9.5432
31.4228 35.467 9.5893
31.4916 35.5115 9.6343
31.5584 35.5547 9.6784
31.6236 35.5969 9.7217
31.6873 35.6382 9.7643
31.7497 35.6787 9.8064
31.8112 35.7186 9.8479
31.8718 35.758 9.8892
31.9318 35.7969 9.9302
31.9913 35.8356 9.9711
32.0505 35.8741 10.0121
32.1097 35.9125 10.0531
32.1689 35.9511 10.0943
32.2283 35.9897 10.1358
32.2881 36.0287 10.1778
32.3486 36.0681 10.2204
32.4099 36.108 10.2637
32.4721 36.1485 10.3078
32.5356 36.1899 10.3529
32.6005 36.2322 10.3992
32.6671 36.2757 10.4468
32.7357 36.3204 10.496
32.8066 36.3667 10.547
32.8801 36.4146 10.5999
32.9566 36.4646 10.6552
33.0365 36.5167 10.7131
33.1204 36.5715 10.774
33.2087 36.6292 10.8383
33.3023 36.6904 10.9065
33.4017 36.7554 10.9792
33.5081 36.8249 11.057
33.5081 36.8249 11.057
33.3884 36.8781 11.0213
33.2788 36.9279 10.9892
33.1774 36.9749 10.9601
33.0827 37.0198 10.9334
32.9933 37.0629 10.9088
32.9083 37.1048 10.8859
32.8268 37.1458 10.8644
32.7481 37.1863 10.8442
32.6714 37.2265 10.825
32.5962 37.2668 10.8067
32.5218 37.3075 10.7891
32.4479 37.3489 10.7721
32.3739 37.3913 10.7557
32.2993 37.435 10.7399
32.2237 37.4805 10.7244
32.1465 37.5281 10.7094
32.0672 37.5784 10.6948
31.9854 37.6318 10.6807
31.9005 37.689 10.667
31.8118 37.7507 10.6539
31.7187 37.8176 10.6416
31.6207 37.8907 10.6301
31.5168 37.9712 10.6198
31.3993 37.9427 10.5566
31.3007 37.9172 10.5032
31.2145 37.8939 10.4564
31.1365 37.8717 10.4137
31.0634 37.85 10.3735
30.9927 37.8282 10.3344
30.9222 37.8056 10.2952
30.8498 37.7814 10.2548
30.7732 37.7547 10.2117
30.6893 37.724 10.1642
30.5946 37.6876 10.1101
30.4837 37.6423 10.0463
30.4837 37.6423 10.0463
30.473 37.516 9.9878
30.4626 37.4004 9.9344
30.4523 37.2935 9.8851
30.4422 37.1938 9.8393
30.4322 37.1 9.7963
30.4222 37.011 9.7557
30.4121 36.9261 9.717
30.4019 36.8443 9.6798
30.3916 36.765 9.6439
30.381 36.6877 9.609
30.3701 36.6118 9.5748
30.3588 36.5369 9.5411
30.3471 36.4623 9.5078
30.3349 36.3877 9.4745
30.322 36.3126 9.4412
30.3084 36.2366 9.4075
30.294 36.1592 9.3734
30.2785 36.0798 9.3385
30.2619 35.9979 9.3027
30.2439 35.9129 9.2657
30.2243 35.824 9.2272
30.2028 35.7306 9.1869
30.1791 35.6316 9.1444
30.1527 35.526 9.0993
30.1233 35.4124 9.051
30.09 35.2892 8.9989
30.09 35.2892 8.9989
30.1876 35.2074 9.0085
30.2585 35.148 9.0159
30.3196 35.0967 9.0226
30.3807 35.0455 9.0295
30.4515 34.9861 9.0379
30.549 34.9045 9.05
32.358 36.1315 10.2485
32.3074 36.1544 10.2337
32.2582 36.1767 10.2194
32.2102 36.1983 10.2054
32.1634 36.2194 10.1919
32.1177 36.2399 10.1787
32.8058 37.0598 10.8198
32.7093 37.0174 10.7577
32.6183 36.9775 10.6992
32.5323 36.9397 10.644
32.4508 36.9038 10.5919
32.3734 36.8697 10.5424
32.66 37.1365 10.783
32.5768 37.0895 10.7252
32.4979 37.0449 10.6706
32.423 37.0025 10.6188
32.3518 36.9623 10.5697
32.2839 36.9239 10.523
32.521 37.2125 10.7496
32.4497 37.1609 10.6956
32.3819 37.1119 10.6443
32.3173 37.0652 10.5956
32.2556 37.0206 10.5491
32.1966 36.978 10.5048
32.3847 37.2899 10.7187
32.3245 37.2339 10.668
32.2671 37.1804 10.6197
32.2122 37.1293 10.5736
32.1597 37.0804 10.5296
32.1093 37.0336 10.4875
31.9676 35.8706 9.9731
31.9443 35.9051 9.9751
31.9211 35.9392 9.977
31.8982 35.9728 9.979
31.8754 36.0061 9.9809
31.8529 36.0389 9.9829
31.8306 36.0714 9.9849
32.0787 35.9446 10.0507
32.0482 35.9761 10.0483
32.0182 36.007 10.046
31.9886 36.0375 10.0438
31.9593 36.0675 10.0417
31.9305 36.097 10.0396
31.902 36.1261 10.0375
32.1895 36.0186 10.1287
32.1515 36.0469 10.1217
32.1142 36.0746 10.1149
32.0775 36.1017 10.1083
32.0415 36.1282 10.1017
32.0061 36.1543 10.0954
31.9713 36.1799 10.0892
32.3013 36.0935 10.208
32.2551 36.1183 10.196
32.21 36.1424 10.1843
32.1659 36.166 10.1729
32.1228 36.1889 10.1617
32.0806 36.2113 10.1509
32.0393 36.2332 10.1403
32.4737 36.2094 10.3315
32.4139 36.2282 10.3108
32.3558 36.2464 10.2908
32.2996 36.264 10.2715
32.2449 36.281 10.2528
32.1918 36.2975 10.2346
32.1402 36.3135 10.217
32.5941 36.2905 10.4184
32.5238 36.3047 10.391
32.4561 36.3184 10.3647
32.3908 36.3315 10.3394
32.3277 36.3441 10.315
32.2667 36.3562 10.2915
32.2077 36.3679 10.2688
32.7207 36.376 10.5103
32.6387 36.385 10.4754
32.5602 36.3935 10.442
32.4849 36.4015 10.41
32.4126 36.4092 10.3794
32.3431 36.4166 10.3501
32.2761 36.4236 10.3218
32.8559 36.4675 10.609
32.7604 36.4702 10.5652
32.6697 36.4728 10.5237
32.5832 36.4751 10.4842
32.5007 36.4773 10.4467
32.4219 36.4794 10.4108
32.3464 36.4813 10.3766
33.0022 36.5667 10.7163
32.8911 36.562 10.6622
32.7862 36.5576 10.6112
32.6871 36.5534 10.5632
32.5932 36.5493 10.5177
32.504 36.5454 10.4747
32.4191 36.5416 10.4338
33.0485 36.938 10.8846
32.9283 36.9035 10.8143
32.8158 36.8711 10.7487
32.7103 36.8408 10.6873
32.611 36.8122 10.6296
32.5173 36.7852 10.5753
32.4287 36.7596 10.524
32.8827 37.0204 10.8399
32.779 36.9805 10.7753
32.6814 36.943 10.7147
32.5893 36.9075 10.6576
32.5022 36.874 10.6037
32.4197 36.8422 10.5528
32.3413 36.812 10.5045
32.2475 37.3713 10.6897
32.198 37.3105 10.6418
32.1506 37.2523 10.5962
32.1052 37.1967 10.5526
32.0616 37.1433 10.5108
32.0197 37.092 10.4707
31.9794 37.0427 10.4323
32.1058 37.4592 10.662
32.0668 37.3932 10.6168
32.0295 37.33 10.5735
31.9936 37.2694 10.5321
31.959 37.2111 10.4924
31.9257 37.1551 10.4542
31.8936 37.1011 10.4176
31.0933 37.7688 10.3508
31.122 37.6903 10.329
31.1497 37.6143 10.308
31.1763 37.5406 10.2877
31.202 37.469 10.2681
31.2269 37.3994 10.2491
31.2509 37.3315 10.2307
30.9598 37.7292 10.2777
30.9961 37.6552 10.2609
31.031 37.5833 10.2446
31.0649 37.5134 10.2289
31.0976 37.4453 10.2137
31.1294 37.3789 10.1989
31.1603 37.3139 10.1846
31.7977 35.7579 9.8559
31.7844 35.7968 9.8638
31.771 35.8353 9.8717
31.7577 35.8736 9.8796
31.7445 35.9116 9.8875
31.7312 35.9493 9.8953
31.718 35.9867 9.9031
31.7048 36.024 9.9109
31.9116 35.8334 9.9343
31.8916 35.8694 9.9383
31.8718 35.9049 9.9422
31.8521 35.9401 9.9462
31.8326 35.975 9.9502
31.8132 36.0094 9.9541
31.7939 36.0436 9.9581
31.7747 36.0774 9.962
33.1631 36.6759 10.8349
33.0334 36.6624 10.7684
32.9121 36.6496 10.7063
32.7984 36.6376 10.6482
32.6915 36.6263 10.5937
32.5907 36.6156 10.5425
32.4954 36.6054 10.4941
32.4051 36.5956 10.4484
33.343 36.7983 10.9682
33.1908 36.7737 10.8865
33.0501 36.7509 10.8111
32.9193 36.7296 10.7411
32.7974 36.7098 10.6761
32.6833 36.6911 10.6154
32.5763 36.6735 10.5585
32.4755 36.657 10.5051
33.1393 36.894 10.9098
33.0096 36.8625 10.8362
32.8887 36.8331 10.7677
32.7755 36.8055 10.7038
32.6694 36.7796 10.6439
32.5695 36.7552 10.5876
32.4752 36.7321 10.5347
32.386 36.7102 10.4847
31.956 37.5568 10.6357
31.9278 37.4849 10.5927
31.9007 37.416 10.5516
31.8746 37.3499 10.5122
31.8494 37.2862 10.4743
31.8251 37.2248 10.4379
31.8016 37.1657 10.4029
31.7788 37.1085 10.3691
31.2358 37.8073 10.4279
31.2561 37.724 10.4005
31.2756 37.6437 10.3742
31.2943 37.566 10.3489
31.3122 37.4908 10.3245
31.3294 37.4179 10.3009
31.3459 37.347 10.2781
31.3619 37.2781 10.256
30.8185 37.6833 10.1994
30.8623 37.614 10.1875
30.9047 37.5465 10.1761
30.9459 37.4807 10.165
30.9859 37.4164 10.1543
31.0248 37.3535 10.144
31.0628 37.2917 10.1339
31.0998 37.2311 10.1241
30.3823 35.167 9.0684
30.4427 35.2348 9.113
30.5012 35.3007 9.1566
30.558 35.3649 9.1995
30.6135 35.4279 9.2418
30.668 35.4898 9.2838
30.7216 35.551 9.3257
30.7747 35.6118 9.3676
31.6199 35.6406 9.7353
31.6161 35.6839 9.7489
31.6123 35.727 9.7624
31.6084 35.7699 9.7759
31.6045 35.8126 9.7894
31.6005 35.8551 9.8029
31.5964 35.8976 9.8165
31.5923 35.9399 9.83
31.5881 35.9822 9.8436
31.7396 35.7194 9.8162
31.7294 35.7598 9.8261
31.7193 35.7998 9.8359
31.7091 35.8396 9.8456
31.699 35.8792 9.8554
31.6888 35.9185 9.8651
31.6786 35.9576 9.8748
31.6684 35.9965 9.8846
31.6582 36.0353 9.8943
33.2369 36.8477 10.9375
33.0967 36.8195 10.8601
32.9664 36.7932 10.7884
32.8449 36.7686 10.7216
32.7313 36.7456 10.6593
32.6246 36.724 10.6009
32.5242 36.7035 10.5461
32.4295 36.6842 10.4945
32.3399 36.6659 10.4458
31.7942 37.6683 10.611
31.7773 37.5894 10.5699
31.761 37.5138 10.5306
31.7453 37.4411 10.4928
31.73 37.3711 10.4566
31.7153 37.3037 10.4218
31.7009 37.2385 10.3883
31.687 37.1756 10.3559
31.6734 37.1146 10.3247
30.4417 36.7543 9.6591
30.4917 36.7434 9.6745
30.5418 36.7325 9.6899
30.5919 36.7215 9.7054
30.6422 36.7103 9.7211
30.6926 36.699 9.737
30.7434 36.6875 9.753
30.7945 36.6758 9.7692
30.846 36.664 9.7857
30.4197 36.6078 9.5925
30.4694 36.6037 9.6102
30.5191 36.5995 9.6282
30.5691 36.5952 9.6463
30.6193 36.5908 9.6646
30.6699 36.5863 9.6831
30.7208 36.5816 9.7019
30.7723 36.5768 9.721
30.8243 36.5719 9.7404
30.3967 36.4645 9.5278
30.4464 36.4667 9.5479
30.4963 36.4687 9.5682
30.5464 36.4708 9.5888
30.5969 36.4727 9.6096
30.6477 36.4747 9.6307
30.6991 36.4765 9.6521
30.751 36.4783 9.6738
30.8036 36.4801 9.696
30.3722 36.3209 9.4635
30.4224 36.3292 9.486
30.4728 36.3374 9.5088
30.5234 36.3456 9.5317
30.5744 36.3538 9.555
30.6258 36.3621 9.5786
30.6777 36.3703 9.6026
30.7303 36.3786 9.6269
30.7835 36.3869 9.6518
31.4289 35.5155 9.6085
31.4348 35.5637 9.6276
31.4406 35.6117 9.6467
31.4463 35.6595 9.6658
31.4518 35.7072 9.685
31.4573 35.7548 9.7042
31.4627 35.8024 9.7235
31.4679 35.8501 9.7428
31.4731 35.8978 9.7623
31.4783 35.9457 9.7819
31.5579 35.5999 9.6939
31.5574 35.6448 9.7093
31.5567 35.6894 9.7247
31.556 35.7339 9.74
31.5552 35.7782 9.7554
31.5543 35.8224 9.7708
31.5533 35.8666 9.7863
31.5523 35.9107 9.8017
31.5512 35.9548 9.8173
31.55 35.9989 9.8329
31.616 37.7991 10.5885
31.6114 37.7115 10.5488
31.6069 37.6275 10.5109
31.6025 37.5468 10.4746
31.5981 37.4692 10.4397
31.5937 37.3945 10.4062
31.5894 37.3223 10.374
31.5851 37.2526 10.3429
31.5809 37.1851 10.3129
31.5767 37.1196 10.2839
31.3168 37.8277 10.4713
31.3322 37.7416 10.4406
31.3468 37.6588 10.4113
31.3607 37.5789 10.383
31.3741 37.5016 10.3558
31.3868 37.4269 10.3296
31.399 37.3545 10.3043
31.4108 37.2841 10.2798
31.422 37.2157 10.2561
31.4329 37.149 10.233
30.4848 37.0727 9.8058
30.537 37.0455 9.8152
30.5886 37.0184 9.8247
30.64 36.9913 9.8341
30.691 36.9643 9.8437
30.7419 36.9371 9.8532
30.7926 36.91 9.8629
30.8433 36.8827 9.8726
30.8939 36.8552 9.8824
30.9447 36.8275 9.8923
30.4632 36.9077 9.7295
30.5141 36.8894 9.7421
30.5648 36.8709 9.7548
30.6153 36.8524 9.7675
30.6659 36.8338 9.7803
30.7165 36.8151 9.7932
30.7671 36.7962 9.8063
30.818 36.7771 9.8194
30.8691 36.7578 9.8327
30.9205 36.7383 9.8462
30.3453 36.1737 9.3983
30.3966 36.1883 9.4233
30.448 36.2028 9.4486
30.4996 36.2173 9.4741
30.5515 36.2318 9.4999
30.6037 36.2464 9.5261
30.6565 36.2611 9.5526
30.7099 36.2759 9.5797
30.764 36.2908 9.6073
30.8191 36.306 9.6355
30.3152 36.0193 9.3305
30.3683 36.0406 9.3584
30.4214 36.0618 9.3865
30.4744 36.083 9.4148
30.5277 36.1042 9.4433
30.5812 36.1255 9.4722
30.6352 36.1469 9.5016
30.6897 36.1685 9.5314
30.7449 36.1904 9.5618
30.801 36.2126 9.5929
30.3238 35.2153 9.0617
30.3867 35.2804 9.1063
30.4476 35.3436 9.1499
30.5068 35.4052 9.1928
30.5647 35.4655 9.2352
30.6216 35.525 9.2773
30.6776 35.5837 9.3192
30.7332 35.6421 9.3612
30.7884 35.7004 9.4035
30.8436 35.7587 9.4462
30.5089 35.0632 9.0839
30.564 35.1375 9.1286
30.6173 35.2096 9.1723
30.6689 35.2798 9.2152
30.7193 35.3486 9.2575
30.7686 35.4161 9.2994
30.817 35.4828 9.3411
30.8649 35.5489 9.3827
30.9124 35.6148 9.4245
30.9596 35.6807 9.4666
31.2912 35.4259 9.5189
31.3039 35.4779 9.5419
31.3164 35.5297 9.5649
31.3288 35.5812 9.5879
31.341 35.6325 9.6109
31.3531 35.6838 9.634
31.3651 35.7351 9.6572
31.377 35.7865 9.6805
31.3888 35.838 9.704
31.4005 35.8898 9.7277
31.4122 35.9419 9.7516
31.4093 37.8496 10.5205
31.4187 37.7603 10.486
31.4277 37.6747 10.453
31.4361 37.5922 10.4214
31.4441 37.5128 10.3909
31.4517 37.4361 10.3617
31.4589 37.3619 10.3335
31.4657 37.29 10.3062
31.4723 37.2202 10.2799
31.4785 37.1523 10.2543
31.4844 37.0863 10.2296
30.6488 37.6222 10.1038
30.7013 37.5585 10.0977
30.7523 37.4963 10.0918
30.8019 37.4355 10.0862
30.8503 37.3759 10.0808
30.8975 37.3174 10.0756
30.9437 37.2598 10.0705
30.989 37.2031 10.0657
31.0335 37.1472 10.0609
31.0772 37.0918 10.0564
31.1202 37.037 10.052
30.5187 37.3553 9.9376
30.5737 37.311 9.9408
30.6277 37.2672 9.944
30.6808 37.2239 9.9473
30.7331 37.1811 9.9506
30.7847 37.1386 9.954
30.8356 37.0964 9.9574
30.8861 37.0545 9.9608
30.9361 37.0127 9.9644
30.9857 36.9709 9.9679
31.0351 36.9292 9.9716
30.4959 37.1613 9.8469
30.5488 37.129 9.8545
30.6011 37.0969 9.8622
30.653 37.065 9.8698
30.7044 37.0332 9.8774
30.7554 37.0014 9.8851
30.8062 36.9696 9.8929
30.8568 36.9378 9.9007
30.9073 36.9059 9.9086
30.9577 36.8738 9.9165
31.0081 36.8416 9.9246
30.2807 35.8533 9.2586
30.3366 35.8823 9.2899
30.3921 35.9111 9.3212
30.4474 35.9398 9.3527
30.5027 35.9684 9.3843
30.558 35.997 9.4163
30.6136 36.0258 9.4487
30.6696 36.0548 9.4815
30.7262 36.084 9.5149
30.7836 36.1136 9.5491
30.8419 36.1437 9.584
30.2402 35.6707 9.1803
30.3002 35.709 9.2159
30.3593 35.7469 9.2513
30.4179 35.7843 9.2866
30.4759 35.8214 9.3219
30.5338 35.8584 9.3574
30.5916 35.8954 9.3932
30.6496 35.9326 9.4294
30.708 35.9699 9.4662
30.7669 36.0077 9.5036
30.8266 36.046 9.5418
31.0636 35.2792 9.3746
31.0877 35.3384 9.404
31.1115 35.397 9.4334
31.1349 35.4551 9.4626
31.158 35.5128 9.4919
31.1809 35.5704 9.5211
31.2036 35.6279 9.5505
31.2261 35.6854 9.5801
31.2486 35.743 9.6099
31.2711 35.8009 9.64
31.2936 35.8593 9.6705
31.3161 35.9182 9.7014
31.2185 35.3789 9.4723
31.2348 35.433 9.4973
31.2508 35.4868 9.5223
31.2667 35.5403 9.5473
31.2824 35.5937 9.5723
31.298 35.6469 9.5974
31.3134 35.7002 9.6226
31.3287 35.7535 9.648
31.344 35.807 9.6735
31.3592 35.8608 9.6993
31.3744 35.9149 9.7254
31.3896 35.9695 9.7518
32.5899 37.1744 10.7659
32.5128 37.1251 10.7101
32.4395 37.0783 10.6572
32.3699 37.0338 10.607
32.3035 36.9914 10.5593
32.2401 36.9509 10.5138
32.1795 36.9122 10.4704
32.1215 36.8751 10.4289
32.0658 36.8395 10.3892
32.0123 36.8053 10.3511
31.9608 36.7724 10.3146
31.9112 36.7407 10.2795
32.3164 37.33 10.704
32.2616 37.2716 10.6548
32.2092 37.2158 10.6078
32.1591 37.1624 10.563
32.111 37.1113 10.5201
32.0649 37.0623 10.4791
32.0205 37.0152 10.4397
31.9778 36.9699 10.4019
31.9366 36.9262 10.3656
31.8969 36.8841 10.3306
31.8585 36.8434 10.2968
31.8213 36.8041 10.2643
30.5307 37.4632 9.9882
30.587 37.4115 9.9887
30.6421 37.3607 9.9893
30.6959 37.3107 9.99
30.7487 37.2615 9.9907
30.8006 37.2128 9.9915
30.8517 37.1646 9.9924
30.9021 37.1169 9.9934
30.9518 37.0695 9.9944
31.001 37.0223 9.9955
31.0498 36.9754 9.9967
31.0981 36.9285 9.998
30.1914 35.4643 9.0931
30.2575 35.5147 9.1343
30.3219 35.5639 9.1749
30.385 35.6122 9.2151
30.4471 35.6597 9.2549
30.5084 35.7067 9.2947
30.5693 35.7533 9.3346
30.6299 35.7999 9.3747
30.6905 35.8465 9.4152
30.7514 35.8934 9.4562
30.8128 35.9407 9.4981
30.8751 35.9888 9.5409
30.7051 35.0514 9.1566
30.7496 35.1256 9.1976
30.7928 35.1979 9.2379
30.8348 35.2686 9.2776
30.8758 35.338 9.3169
30.9161 35.4065 9.3559
30.9558 35.4742 9.3947
30.9949 35.5415 9.4336
31.0338 35.6086 9.4726
31.0725 35.6758 9.5119
31.1111 35.7432 9.5516
31.1499 35.8112 9.592
31.1889 35.88 9.6331
30.8937 35.1707 9.2698
30.927 35.2363 9.3045
30.9595 35.3009 9.3388
30.9914 35.3646 9.3728
31.0228 35.4276 9.4067
31.0538 35.4901 9.4406
31.0845 35.5523 9.4745
31.115 35.6144 9.5085
31.1453 35.6766 9.5428
31.1755 35.739 9.5773
31.2058 35.8017 9.6124
31.2362 35.8651 9.6479
31.2668 35.9293 9.6841
32.1341 35.9815 10.0896
32.0999 36.0115 10.085
32.0663 36.0408 10.0805
32.0332 36.0696 10.0761
32.0006 36.0979 10.0718
31.9685 36.1257 10.0675
31.9369 36.153 10.0634
31.9057 36.18 10.0594
31.8749 36.2064 10.0554
31.8445 36.2325 10.0516
31.8145 36.2582 10.0478
31.7848 36.2835 10.044
31.7555 36.3085 10.0404
32.5332 36.2495 10.3744
32.4683 36.2661 10.3505
32.4056 36.2821 10.3274
32.3449 36.2975 10.3052
32.2861 36.3123 10.2837
32.2291 36.3267 10.2629
32.1738 36.3406 10.2428
32.1201 36.354 10.2233
32.0679 36.367 10.2044
32.0171 36.3797 10.1861
31.9676 36.3919 10.1682
31.9193 36.4038 10.1509
31.8723 36.4154 10.1341
32.7871 36.4209 10.5587
32.6986 36.4269 10.5195
32.6142 36.4325 10.4822
32.5335 36.4378 10.4466
32.4562 36.4429 10.4126
32.3821 36.4477 10.3801
32.311 36.4522 10.349
32.2426 36.4565 10.3191
32.1767 36.4606 10.2904
32.1131 36.4645 10.2627
32.0518 36.4683 10.2361
31.9925 36.4718 10.2105
31.935 36.4752 10.1857
33.0806 36.6199 10.774
32.9606 36.611 10.714
32.8479 36.6026 10.6577
32.7417 36.5947 10.6048
32.6415 36.5871 10.555
32.5467 36.5799 10.508
32.4568 36.573 10.4635
32.3712 36.5664 10.4213
32.2898 36.56 10.3811
32.212 36.5539 10.3429
32.1376 36.548 10.3065
32.0663 36.5423 10.2716
31.9979 36.5368 10.2383
32.0322 37.5065 10.6487
31.9985 37.4377 10.6046
31.9662 37.3718 10.5625
31.9352 37.3085 10.5221
31.9053 37.2476 10.4833
31.8764 37.189 10.4461
31.8485 37.1325 10.4102
31.8215 37.0779 10.3757
31.7954 37.0252 10.3423
31.7701 36.9742 10.3101
31.7455 36.9247 10.279
31.7216 36.8767 10.2489
31.6983 36.8302 10.2197
31.0265 37.7494 10.3143
31.059 37.6732 10.295
31.0904 37.5993 10.2764
31.1207 37.5275 10.2584
31.1499 37.4576 10.241
31.1783 37.3895 10.2242
31.2058 37.3231 10.2078
31.2325 37.2581 10.1919
31.2585 37.1944 10.1764
31.2838 37.132 10.1613
31.3085 37.0707 10.1466
31.3326 37.0105 10.1322
31.3562 36.9511 10.118
30.256 35.2715 9.0543
30.3219 35.3335 9.099
30.3857 35.3937 9.1427
30.4478 35.4523 9.1857
30.5085 35.5098 9.2281
30.5682 35.5664 9.2703
30.627 35.6224 9.3123
30.6853 35.678 9.3545
30.7434 35.7335 9.3969
30.8015 35.7892 9.4397
30.8599 35.8452 9.4833
30.9189 35.902 9.5277
30.9787 35.9596 9.5732
32.4154 36.1701 10.2896
32.3603 36.1911 10.2719
32.3068 36.2113 10.2548
32.2547 36.231 10.2383
32.2041 36.2501 10.2222
32.1547 36.2686 10.2065
32.1066 36.2866 10.1913
32.0596 36.3042 10.1765
32.0138 36.3213 10.1621
31.9689 36.3379 10.1481
31.9251 36.3541 10.1344
31.8822 36.37 10.1211
31.8402 36.3854 10.108
31.799 36.4006 10.0953
31.7586 36.4153 10.0828
32.7318 37.0984 10.8009
32.6421 37.0537 10.741
32.5573 37.0113 10.6846
32.477 36.9712 10.6312
32.4008 36.9332 10.5806
32.3282 36.8969 10.5325
32.259 36.8624 10.4868
32.193 36.8293 10.4433
32.1298 36.7978 10.4017
32.0692 36.7675 10.3619
32.0111 36.7384 10.3239
31.9553 36.7105 10.2874
31.9015 36.6836 10.2523
31.8496 36.6576 10.2186
31.7996 36.6325 10.1862
31.7075 37.7309 10.5994
31.6966 37.6479 10.5591
31.686 37.5683 10.5205
31.6758 37.4919 10.4835
31.6658 37.4183 10.448
31.6561 37.3474 10.4139
31.6467 37.2789 10.3811
31.6374 37.2127 10.3494
31.6284 37.1486 10.3188
31.6196 37.0864 10.2892
31.6109 37.0261 10.2605
31.6024 36.9674 10.2327
31.594 36.9103 10.2057
31.5858 36.8546 10.1795
31.5776 36.8003 10.154
30.7389 37.6555 10.1547
30.7868 37.5888 10.1456
30.8333 37.5238 10.1368
30.8785 37.4603 10.1283
30.9224 37.3982 10.1201
30.9653 37.3373 10.1122
31.0071 37.2775 10.1045
31.0481 37.2187 10.097
31.0882 37.1608 10.0897
31.1276 37.1036 10.0826
31.1663 37.0471 10.0757
31.2044 36.9911 10.069
31.242 36.9356 10.0623
31.2791 36.8805 10.0559
31.3158 36.8256 10.0495
30.4525 36.8299 9.6937
30.5029 36.8154 9.7078
30.5532 36.8008 9.7218
30.6035 36.7862 9.736
30.6539 36.7714 9.7503
30.7044 36.7564 9.7647
30.7551 36.7413 9.7793
30.806 36.7261 9.794
30.8573 36.7106 9.809
30.9091 36.6948 9.8241
30.9613 36.6788 9.8395
31.0141 36.6626 9.8552
31.0675 36.646 9.8711
31.1217 36.629 9.8874
31.1768 36.6117 9.9041
30.4084 36.536 9.56
30.458 36.535 9.5789
30.5078 36.534 9.5981
30.5578 36.5329 9.6174
30.6081 36.5317 9.637
30.6587 36.5305 9.6568
30.7099 36.5291 9.6769
30.7615 36.5276 9.6973
30.8138 36.5261 9.7181
30.8668 36.5244 9.7393
30.9207 36.5227 9.7609
30.9754 36.5208 9.7831
31.0312 36.5188 9.8057
31.0881 36.5167 9.8289
31.1463 36.5145 9.8528
31.4944 35.5582 9.6516
31.497 35.6047 9.6689
31.4995 35.651 9.6861
31.502 35.6971 9.7034
31.5044 35.7431 9.7206
31.5066 35.789 9.7379
31.5088 35.8349 9.7553
31.5109 35.8807 9.7727
31.5129 35.9266 9.7902
31.5148 35.9726 9.8078
31.5167 36.0188 9.8255
31.5184 36.0651 9.8433
31.5201 36.1116 9.8614
31.5217 36.1584 9.8795
31.5232 36.2055 9.8979
31.5247 36.253 9.9165
32.0233 35.9076 10.0119
31.9964 35.9407 10.0117
31.9698 35.9732 10.0116
31.9436 36.0053 10.0115
31.9177 36.0369 10.0114
31.892 36.0681 10.0114
31.8666 36.0989 10.0113
31.8414 36.1293 10.0113
31.8165 36.1593 10.0114
31.7918 36.189 10.0114
31.7673 36.2184 10.0115
31.743 36.2475 10.0116
31.7189 36.2762 10.0117
31.6949 36.3047 10.0118
31.6711 36.333 10.012
31.6474 36.361 10.0121
32.9275 36.516 10.6614
32.8245 36.5152 10.6127
32.7269 36.5144 10.5666
32.6344 36.5136 10.523
32.5463 36.5128 10.4817
32.4625 36.5119 10.4423
32.3824 36.5111 10.4048
32.3058 36.5102 10.3691
32.2324 36.5093 10.3349
32.162 36.5084 10.3022
32.0943 36.5075 10.2708
32.0291 36.5066 10.2407
31.9663 36.5057 10.2117
31.9057 36.5047 10.1839
31.8471 36.5038 10.157
31.7903 36.5028 10.131
32.9634 36.9799 10.8614
32.8517 36.9427 10.7941
32.747 36.9077 10.7311
32.6484 36.8747 10.672
32.5554 36.8435 10.6163
32.4675 36.8141 10.5637
32.3842 36.7861 10.514
32.305 36.7595 10.4668
32.2296 36.7342 10.4221
32.1577 36.71 10.3795
32.0889 36.6868 10.3389
32.0232 36.6647 10.3001
31.9601 36.6434 10.263
31.8994 36.6229 10.2274
31.8411 36.6032 10.1933
31.7849 36.5841 10.1605
32.1774 37.4142 10.6757
32.1332 37.3509 10.6292
32.0908 37.2903 10.5848
32.0501 37.2322 10.5423
32.011 37.1765 10.5016
31.9734 37.1229 10.4625
31.9372 37.0713 10.4249
31.9022 37.0215 10.3888
31.8684 36.9735 10.354
31.8356 36.9271 10.3204
31.804 36.8822 10.288
31.7732 36.8388 10.2566
31.7434 36.7966 10.2263
31.7144 36.7557 10.1969
31.6862 36.7159 10.1684
31.6587 36.6772 10.1408
30.3591 36.248 9.4311
30.4098 36.2594 9.4549
30.4606 36.2707 9.4788
30.5116 36.282 9.5031
30.563 36.2934 9.5276
30.6148 36.3047 9.5524
30.6671 36.3162 9.5777
30.72 36.3277 9.6034
30.7737 36.3393 9.6296
30.8283 36.3511 9.6564
30.8839 36.363 9.6839
30.9405 36.3751 9.712
30.9985 36.3874 9.741
31.0579 36.3999 9.7708
31.1189 36.4127 9.8016
31.1817 36.4259 9.8335
30.2986 35.938 9.2952
30.353 35.963 9.3247
30.4071 35.9879 9.3543
30.4612 36.0127 9.3842
30.5154 36.0375 9.4142
30.5697 36.0624 9.4446
30.6244 36.0874 9.4754
30.6796 36.1126 9.5067
30.7355 36.1381 9.5386
30.7922 36.1639 9.5712
30.8499 36.1901 9.6045
30.9087 36.2168 9.6388
30.9689 36.2442 9.6741
31.0307 36.2722 9.7106
31.0943 36.3009 9.7483
31.1599 36.3306 9.7876
30.802 35.1126 9.2144
30.8405 35.1821 9.252
30.8781 35.2503 9.2892
30.9148 35.3173 9.3259
30.9509 35.3833 9.3624
30.9864 35.4487 9.3987
31.0214 35.5136 9.435
31.0561 35.5782 9.4714
31.0906 35.6427 9.508
31.1249 35.7074 9.5449
31.1593 35.7725 9.5823
31.1938 35.8382 9.6202
31.2285 35.9046 9.6588
31.2636 35.9722 9.6983
31.2992 36.0409 9.7388
31.3353 36.1113 9.7804
31.3722 36.1835 9.8234
31.1427 35.33 9.4242
31.1628 35.3865 9.4514
31.1826 35.4426 9.4785
31.2021 35.4983 9.5056
31.2215 35.5538 9.5327
31.2406 35.6091 9.5598
31.2596 35.6644 9.5871
31.2785 35.7198 9.6145
31.2973 35.7754 9.6422
31.3161 35.8312 9.6701
31.3348 35.8874 9.6983
31.3536 35.9441 9.727
31.3725 36.0014 9.7561
31.3915 36.0595 9.7857
31.4106 36.1184 9.8158
31.4299 36.1782 9.8466
31.4494 36.2393 9.8782
31.855 35.7958 9.8952
31.8384 35.8333 9.9012
31.8218 35.8704 9.9072
31.8054 35.9071 9.9131
31.789 35.9435 9.919
31.7727 35.9796 9.9249
31.7564 36.0154 9.9308
31.7402 36.0509 9.9367
31.7241 36.0862 9.9425
31.7079 36.1213 9.9484
31.6919 36.1562 9.9543
31.6758 36.1909 9.9601
31.6597 36.2254 9.966
31.6437 36.2598 9.9718
31.6276 36.294 9.9777
31.6115 36.3282 9.9836
31.5955 36.3622 9.9895
31.1623 37.7879 10.3882
31.187 37.7071 10.3637
31.2108 37.629 10.3402
31.2336 37.5534 10.3175
31.2555 37.48 10.2956
31.2767 37.4087 10.2744
31.2972 37.3394 10.2539
31.3169 37.2718 10.234
31.3361 37.2058 10.2146
31.3546 37.1413 10.1958
31.3727 37.0781 10.1774
31.3902 37.0161 10.1595
31.4073 36.9553 10.142
31.4239 36.8955 10.1249
31.4402 36.8366 10.1081
31.456 36.7786 10.0917
31.4716 36.7212 10.0755
30.5071 37.2551 9.8907
30.561 37.2172 9.8962
30.6141 37.1796 9.9018
30.6665 37.1423 9.9074
30.7183 37.1052 9.913
30.7696 37.0684 9.9186
30.8205 37.0316 9.9243
30.871 36.9949 9.93
30.9213 36.9582 9.9358
30.9713 36.9215 9.9417
31.0212 36.8847 9.9476
31.0711 36.8477 9.9536
31.121 36.8105 9.9597
31.171 36.773 9.9659
31.2212 36.7352 9.9723
31.2716 36.697 9.9787
31.3224 36.6583 9.9853
30.217 35.571 9.138
30.2797 35.6149 9.1762
30.3413 35.6581 9.214
30.4019 35.7006 9.2516
30.4618 35.7426 9.2891
30.5213 35.7844 9.3266
30.5805 35.826 9.3643
30.6397 35.8677 9.4024
30.6991 35.9095 9.441
30.759 35.9517 9.4801
30.8195 35.9944 9.5201
30.881 36.0377 9.5611
30.9437 36.082 9.6032
31.0079 36.1273 9.6467
31.0738 36.174 9.6918
31.142 36.2222 9.7388
31.2127 36.2722 9.7879
30.6025 34.987 9.0962
30.6538 35.0666 9.1412
30.7032 35.1436 9.185
30.7511 35.2185 9.2279
30.7976 35.2918 9.2702
30.8431 35.3636 9.312
30.8877 35.4345 9.3536
30.9316 35.5047 9.395
30.9751 35.5745 9.4366
31.0183 35.6441 9.4783
31.0614 35.714 9.5205
31.1045 35.7843 9.5633
31.1479 35.8555 9.6069
31.1918 35.9277 9.6515
31.2363 36.0015 9.6973
31.2817 36.077 9.7445
31.3282 36.1547 9.7935
32.6565 36.3326 10.4636
32.5805 36.3443 10.4326
32.5076 36.3554 10.4029
32.4374 36.3661 10.3743
32.3698 36.3763 10.3469
32.3046 36.3862 10.3206
32.2417 36.3956 10.2952
32.1809 36.4046 10.2707
32.122 36.4134 10.247
32.065 36.4218 10.2242
32.0097 36.4299 10.2021
31.956 36.4377 10.1806
31.9038 36.4452 10.1599
31.853 36.4525 10.1397
31.8036 36.4596 10.1202
31.7554 36.4665 10.1012
31.7083 36.4731 10.0827
31.6624 36.4795 10.0647
31.5192 37.8739 10.5786
31.5213 37.7809 10.5394
31.5233 37.6919 10.5019
31.525 37.6065 10.4661
31.5265 37.5244 10.4318
31.5278 37.4454 10.3988
31.5289 37.3692 10.3671
31.5299 37.2956 10.3366
31.5307 37.2243 10.3072
31.5314 37.1552 10.2787
31.5319 37.0881 10.2512
31.5323 37.0229 10.2245
31.5326 36.9593 10.1986
31.5327 36.8973 10.1734
31.5328 36.8367 10.1489
31.5327 36.7775 10.125
31.5325 36.7195 10.1016
31.5322 36.6626 10.0789
30.5433 37.5805 10.0435
30.6011 37.5203 10.0408
30.6573 37.4614 10.0383
30.7121 37.4038 10.036
30.7655 37.3472 10.0338
30.8177 37.2916 10.0317
30.8689 37.2368 10.0297
30.9192 37.1827 10.0279
30.9686 37.1292 10.0262
31.0173 37.0761 10.0246
31.0654 37.0235 10.0231
31.1129 36.9712 10.0217
31.16 36.919 10.0205
31.2068 36.867 10.0193
31.2532 36.8149 10.0181
31.2995 36.7628 10.0171
31.3456 36.7105 10.0162
31.3917 36.658 10.0153
30.4308 36.6804 9.6254
30.4806 36.673 9.642
30.5305 36.6655 9.6587
30.5805 36.6579 9.6756
30.6307 36.6502 9.6926
30.6811 36.6423 9.7098
30.732 36.6343 9.7272
30.7832 36.6262 9.7449
30.835 36.6178 9.7629
30.8874 36.6093 9.7811
30.9404 36.6006 9.7998
30.9942 36.5917 9.8187
31.0488 36.5825 9.8381
31.1044 36.573 9.858
31.1611 36.5633 9.8783
31.219 36.5533 9.8991
31.2781 36.543 9.9206
31.3387 36.5323 9.9427
30.3307 36.0977 9.3648
30.3828 36.1155 9.3912
30.435 36.1333 9.4179
30.4872 36.151 9.4447
30.5397 36.1688 9.4719
30.5925 36.1867 9.4994
30.6459 36.2047 9.5273
30.6998 36.2229 9.5557
30.7544 36.2413 9.5847
30.81 36.2599 9.6143
30.8665 36.2788 9.6447
30.9242 36.298 9.6759
30.9833 36.3177 9.708
31.0439 36.3378 9.7411
31.1062 36.3584 9.7753
31.1705 36.3797 9.8109
31.2369 36.4016 9.8478
31.3059 36.4242 9.8863
30.4409 35.1188 9.0754
30.4989 35.1896 9.12
30.5549 35.2583 9.1637
30.6093 35.3252 9.2065
30.6625 35.3908 9.2489
30.7145 35.4553 9.2908
30.7658 35.519 9.3326
30.8165 35.5823 9.3744
30.8668 35.6453 9.4164
30.917 35.7084 9.4587
30.9673 35.7719 9.5016
31.0179 35.8359 9.5452
31.069 35.9009 9.5898
31.1209 35.9671 9.6356
31.1738 36.0349 9.6828
31.228 36.1046 9.7317
31.2839 36.1766 9.7825
31.3416 36.2513 9.8357
30.9808 35.2262 9.3231
31.0092 35.2884 9.3551
31.0372 35.3497 9.3868
31.0647 35.4105 9.4184
31.0918 35.4708 9.4499
31.1187 35.5307 9.4814
31.1452 35.5905 9.513
31.1717 35.6502 9.5447
31.198 35.7101 9.5767
31.2243 35.7702 9.6091
31.2506 35.8307 9.6418
31.277 35.8918 9.675
31.3035 35.9537 9.7088
31.3303 36.0164 9.7432
31.3574 36.0802 9.7785
31.3848 36.1453 9.8146
31.4127 36.2119 9.8518
31.4411 36.2802 9.8901
31.4702 36.3504 9.9296
31.6804 35.6804 9.7761
31.6734 35.7222 9.7878
31.6664 35.7638 9.7994
31.6594 35.8051 9.8111
31.6524 35.8462 9.8227
31.6453 35.8871 9.8344
31.6381 35.9279 9.846
31.631 35.9685 9.8576
31.6237 36.0091 9.8693
31.6164 36.0495 9.881
31.6091 36.09 9.8927
31.6016 36.1304 9.9044
31.5941 36.1708 9.9162
31.5865 36.2112 9.9281
31.5788 36.2518 9.94
31.5711 36.2924 9.952
31.5632 36.3331 9.964
31.5553 36.374 9.9762
31.5472 36.415 9.9885
33.2503 36.7352 10.8995
33.1099 36.7165 10.8257
32.9794 36.6989 10.7573
32.8575 36.6825 10.6936
32.7434 36.6671 10.634
32.6362 36.6526 10.5782
32.5352 36.6388 10.5257
32.4398 36.6258 10.4763
32.3495 36.6134 10.4296
32.2637 36.6015 10.3854
32.1821 36.5902 10.3434
32.1044 36.5794 10.3035
32.0301 36.569 10.2655
31.9589 36.559 10.2293
31.8907 36.5494 10.1946
31.8251 36.5401 10.1613
31.7621 36.5311 10.1294
31.7012 36.5224 10.0987
31.6425 36.514 10.0692
32.4528 37.2509 10.7339
32.3871 37.1971 10.6816
32.3245 37.1458 10.6318
32.2648 37.0969 10.5845
32.2077 37.0502 10.5393
32.1531 37.0055 10.4961
32.1007 36.9627 10.4548
32.0504 36.9215 10.4152
32.0019 36.882 10.3773
31.9553 36.8439 10.3408
31.9104 36.8071 10.3057
31.8669 36.7717 10.2718
31.8249 36.7374 10.2392
31.7843 36.7043 10.2077
31.7449 36.6722 10.1773
31.7067 36.641 10.1478
31.6695 36.6108 10.1193
31.6335 36.5814 10.0916
31.5983 36.5528 10.0648
30.8912 37.7075 10.2398
30.9312 37.6357 10.2254
30.9698 37.566 10.2115
31.0072 37.4981 10.1981
31.0435 37.4318 10.1851
31.0788 37.367 10.1725
31.1132 37.3036 10.1602
31.1466 37.2414 10.1483
31.1793 37.1804 10.1366
31.2113 37.1203 10.1253
31.2426 37.0611 10.1142
31.2733 37.0027 10.1033
31.3035 36.945 10.0927
31.3331 36.8879 10.0823
31.3624 36.8313 10.072
31.3912 36.7751 10.0619
31.4196 36.7192 10.0519
31.4478 36.6637 10.0421
31.4756 36.6083 10.0324
30.3847 36.393 9.4957
30.4346 36.3982 9.517
30.4847 36.4033 9.5385
30.535 36.4085 9.5603
30.5857 36.4135 9.5823
30.6367 36.4186 9.6046
30.6883 36.4237 9.6273
30.7406 36.4287 9.6504
30.7935 36.4337 9.6739
30.8472 36.4388 9.6979
30.9019 36.4439 9.7225
30.9576 36.449 9.7476
31.0145 36.4541 9.7735
31.0726 36.4593 9.8
31.1323 36.4645 9.8274
31.1935 36.4698 9.8556
31.2566 36.4752 9.8848
31.3216 36.4807 9.915
31.3888 36.4863 9.9465
30.1629 35.3493 9.045
30.2331 35.4073 9.0898
30.301 35.4635 9.1337
30.3671 35.5183 9.1768
30.4318 35.572 9.2194
30.4953 35.6248 9.2617
30.558 35.677 9.3039
30.6202 35.7289 9.3462
30.6822 35.7807 9.3888
30.7442 35.8326 9.4318
30.8067 35.885 9.4756
30.8697 35.9379 9.5203
30.9338 35.9918 9.5662
30.9992 36.0469 9.6135
31.0663 36.1035 9.6625
31.1354 36.162 9.7134
31.2071 36.2227 9.7668
31.2818 36.286 9.8229
31.3602 36.3526 9.8823
31.3613 35.4714 9.5643
31.3705 35.5215 9.5853
31.3796 35.5712 9.6063
31.3886 35.6208 9.6274
31.3974 35.6703 9.6484
31.4062 35.7197 9.6696
31.4148 35.7692 9.6908
31.4233 35.8187 9.7121
31.4318 35.8683 9.7336
31.4402 35.9181 9.7552
31.4485 35.9681 9.7771
31.4568 36.0185 9.7991
31.4651 36.0693 9.8214
31.4733 36.1205 9.8441
31.4815 36.1722 9.867
31.4896 36.2245 9.8903
31.4978 36.2775 9.9139
31.506 36.3312 9.938
31.5142 36.3858 9.9626
31.5224 36.4413 9.9877
32.2452 36.0559 10.1681
32.2032 36.0825 10.1587
32.162 36.1084 10.1495
32.1217 36.1338 10.1405
32.0822 36.1585 10.1317
32.0435 36.1828 10.1231
32.0054 36.2066 10.1148
31.9681 36.2299 10.1066
31.9314 36.2527 10.0985
31.8953 36.2751 10.0907
31.8597 36.297 10.083
31.8248 36.3186 10.0754
31.7903 36.3398 10.068
31.7564 36.3606 10.0608
31.7229 36.3811 10.0536
31.6899 36.4013 10.0466
31.6573 36.4212 10.0397
31.6251 36.4407 10.033
31.5933 36.46 10.0263
31.5618 36.479 10.0198
31.8769 37.6105 10.6231
31.8543 37.5353 10.5811
31.8325 37.4632 10.541
31.8114 37.3939 10.5024
31.7911 37.3272 10.4654
31.7715 37.2629 10.4298
31.7524 37.2009 10.3955
31.734 37.141 10.3625
31.7161 37.0829 10.3306
31.6986 37.0267 10.2997
31.6816 36.9722 10.2698
31.6651 36.9192 10.2409
31.6489 36.8677 10.2128
31.6331 36.8175 10.1855
31.6176 36.7686 10.159
31.6025 36.7209 10.1332
31.5876 36.6744 10.108
31.573 36.6288 10.0835
31.5587 36.5843 10.0596
31.5446 36.5406 10.0362
30.474 36.9884 9.7668
30.5254 36.9659 9.7779
30.5765 36.9433 9.789
30.6275 36.9206 9.8001
30.6782 36.898 9.8114
30.7289 36.8752 9.8227
30.7796 36.8523 9.8341
30.8304 36.8292 9.8456
30.8812 36.8059 9.8572
30.9323 36.7824 9.8689
30.9837 36.7587 9.8809
31.0354 36.7346 9.8929
31.0876 36.7102 9.9052
31.1402 36.6855 9.9177
31.1935 36.6603 9.9305
31.2474 36.6347 9.9435
31.3021 36.6085 9.9568
31.3577 36.5818 9.9704
31.4143 36.5545 9.9843
31.4719 36.5265 9.9986
30.2613 35.7645 9.2204
30.3191 35.7979 9.2537
30.3762 35.831 9.2869
30.433 35.8638 9.3202
30.4895 35.8965 9.3536
30.546 35.9292 9.3873
30.6027 35.9619 9.4213
30.6596 35.9948 9.4558
30.717 36.028 9.4908
30.7751 36.0616 9.5265
30.8341 36.0957 9.5631
30.8942 36.1304 9.6006
30.9556 36.1659 9.6392
31.0186 36.2022 9.6791
31.0834 36.2397 9.7205
31.1503 36.2783 9.7636
31.2198 36.3184 9.8085
31.2921 36.3601 9.8556
31.3676 36.4037 9.9052
31.447 36.4495 9.9577
30.6025 34.987 9.0962
30.6538 35.0666 9.1412
30.7032 35.1436 9.185
30.7511 35.2185 9.2279
30.7976 35.2918 9.2702
30.8431 35.3636 9.312
30.8877 35.4345 9.3536
30.9316 35.5047 9.395
30.9751 35.5745 9.4366
31.0183 35.6441 9.4783
31.0614 35.714 9.5205
31.1045 35.7843 9.5633
31.1479 35.8555 9.6069
31.1918 35.9277 9.6515
31.2363 36.0015 9.6973
31.2817 36.077 9.7445
31.3282 36.1547 9.7935
31.376 36.2351 9.8445
31.4255 36.3187 9.8979
31.477 36.4061 9.954
31.5307 36.4978 10.0133
31.5307 36.4978 10.0133
30.09 35.2892 8.9989
30.09 35.2892 8.9989
29.9496 35.2949 9.0324
29.8347 35.3002 9.0601
29.7355 35.3054 9.0843
29.6459 35.3105 9.1064
29.5616 35.3158 9.1275
29.4789 35.3214 9.1482
29.3946 35.3275 9.1696
29.3053 35.3344 9.1925
29.2067 35.3426 9.2181
29.0926 35.3528 9.248
28.9537 35.3663 9.2849
28.916 35.4837 9.3497
28.8918 35.5654 9.3944
28.8715 35.6389 9.4342
28.8504 35.7215 9.4786
28.8227 35.8421 9.5428
28.8227 35.8421 9.5428
28.8864 35.9463 9.579
28.9487 36.0435 9.6122
29.0098 36.1344 9.6427
29.0698 36.22 9.6707
29.1289 36.3008 9.6967
29.1874 36.3776 9.7209
29.2454 36.4508 9.7435
29.303 36.521 9.7647
29.3604 36.5887 9.7847
29.4178 36.6541 9.8037
29.4753 36.7179 9.8218
29.5333 36.7802 9.8391
29.592 36.8416 9.8558
29.6515 36.9023 9.872
29.7122 36.9626 9.8878
29.7744 37.0231 9.9033
29.8384 37.0839 9.9186
29.9047 37.1456 9.9338
29.9738 37.2085 9.949
30.0461 37.2731 9.9643
30.1223 37.3398 9.9798
30.2032 37.4094 9.9956
30.2896 37.4824 10.0118
30.3826 37.5597 10.0287
30.4837 37.6423 10.0463
30.4837 37.6423 10.0463
30.473 37.516 9.9878
30.4626 37.4004 9.9344
30.4523 37.2935 9.8851
30.4422 37.1938 9.8393
30.4322 37.1 9.7963
30.4222 37.011 9.7557
30.4121 36.9261 9.717
30.4019 36.8443 9.6798
30.3916 36.765 9.6439
30.381 36.6877 9.609
30.3701 36.6118 9.5748
30.3588 36.5369 9.5411
30.3471 36.4623 9.5078
30.3349 36.3877 9.4745
30.322 36.3126 9.4412
30.3084 36.2366 9.4075
30.294 36.1592 9.3734
30.2785 36.0798 9.3385
30.2619 35.9979 9.3027
30.2439 35.9129 9.2657
30.2243 35.824 9.2272
30.2028 35.7306 9.1869
30.1791 35.6316 9.1444
30.1527 35.526 9.0993
30.1233 35.4124 9.051
30.09 35.2892 8.9989
28.8227 35.8421 9.5428
28.8227 35.8421 9.5428
28.8504 35.7215 9.4786
28.8715 35.6389 9.4342
28.8918 35.5654 9.3944
28.916 35.4837 9.3497
28.9537 35.3663 9.2849
28.9537 35.3663 9.2849
28.8256 35.3374 9.3369
28.6979 35.3085 9.3898
28.6979 35.3085 9.3898
28.6667 35.3532 9.4231
28.6357 35.3979 9.4566
28.6358 35.4164 9.4639
28.6358 35.435 9.4713
28.6358 35.435 9.4713
28.688 35.5568 9.4935
28.7254 35.6401 9.5084
28.764 35.7228 9.5227
28.8227 35.8421 9.5428
28.8286 35.665 9.4664
28.8561 35.5599 9.4099
28.8959 35.4282 9.3377
28.7275 35.3915 9.4074
28.7448 35.6098 9.4861
28.8098 35.7466 9.5094
28.8427 35.6092 9.4366
28.8135 35.5792 9.439
28.8718 35.5054 9.3803
28.8278 35.5271 9.4109
28.8112 35.4096 9.3725
28.7974 35.48 9.4073
28.6864 35.4496 9.4513
28.7358 35.4998 9.4463
28.7201 35.5541 9.4761
28.7521 35.5514 9.4588
28.7705 35.6655 9.4959
28.7771 35.6076 9.4689
28.8098 35.7466 9.5094
28.7969 35.6491 9.4758
28.784 35.5487 9.4416
28.784 35.5487 9.4416
28.6358 35.435 9.4713
28.6358 35.435 9.4713
28.6694 35.3822 9.5767
28.7007 35.331 9.6742
28.7304 35.2801 9.7657
28.7589 35.2287 9.8527
28.7866 35.1757 9.9359
28.8137 35.1201 10.016
28.8404 35.0609 10.0932
28.8667 34.9972 10.1673
28.8926 34.9279 10.2377
28.918 34.8525 10.3035
28.9425 34.7707 10.3639
28.9661 34.6826 10.4183
28.9887 34.5885 10.4666
29.0102 34.4888 10.509
29.031 34.3835 10.5463
29.0513 34.2722 10.5794
29.0152 34.3577 10.4773
28.9836 34.4346 10.3884
28.9553 34.505 10.3095
28.9295 34.5706 10.238
28.9055 34.6326 10.1721
28.8828 34.6923 10.11
28.8609 34.7507 10.0507
28.8395 34.8086 9.9929
28.8183 34.8671 9.9358
28.7968 34.927 9.8783
28.7746 34.9895 9.8195
28.7514 35.0558 9.7582
28.7267 35.1275 9.6931
28.6997 35.2065 9.6226
28.6698 35.2954 9.5447
28.6357 35.3979 9.4566
28.6357 35.3979 9.4566
28.6358 35.4164 9.4639
28.6358 35.435 9.4713
3 10 2 5 0.29346391795971993 0.5143866834427022 0.5389159356469608
3 5 4 10 0.29346391795971993 0.5143866834427022 0.5389159356469608
3 10 4 2 0.29346391795971993 0.5143866834427022 0.5389159356469608
3 0 2 9 0.29346391795971993 0.5143866834427022 0.5389159356469608
3 9 7 0 0.29346391795971993 0.5143866834427022 0.5389159356469608
3 12 9 2 0.29346391795971993 0.5143866834427022 0.5389159356469608
3 7 9 12 0.29346391795971993 0.5143866834427022 0.5389159356469608
3 2 4 12 0.29346391795971993 0.5143866834427022 0.5389159356469608
3 12 4 3 0.29346391795971993 0.5143866834427022 0.5389159356469608
3 3 7 12 0.29346391795971993 0.5143866834427022 0.5389159356469608
3 48 405 47 0.29346391795971993 0.5143866834427022 0.5389159356469608
3 182 100 1271 0.29346391795971993 0.5143866834427022 0.5389159356469608
3 628 28 29 0.29346391795971993 0.5143866834427022 0.5389159356469608
3 1065 950 1066 0.29346391795971993 0.5143866834427022 0.5389159356469608
3 74 70 71 0.29346391795971993 0.5143866834427022 0.5389159356469608
3 1213 112 435 0.29346391795971993 0.5143866834427022 0.5389159356469608
3 997 998 435 0.29346391795971993 0.5143866834427022 0.5389159356469608
3 499 997 114 0.29346391795971993 0.5143866834427022 0.5389159356469608
3 1436 116 604 0.29346391795971993 0.5143866834427022 0.5389159356469608
3 627 1580 718 0.29346391795971993 0.5143866834427022 0.5389159356469608
3 100 182 99 0.29346391795971993 0.5143866834427022 0.5389159356469608
3 99 182 803 0.29346391795971993 0.5143866834427022 0.5389159356469608
3 26 28 949 0.29346391795971993 0.5143866834427022 0.5389159356469608
3 950 1065 949 0.29346391795971993 0.5143866834427022 0.5389159356469608
3 949 628 950 0.29346391795971993 0.5143866834427022 0.5389159356469608
3 28 628 949 0.29346391795971993 0.5143866834427022 0.5389159356469608
3 210 22 23 0.29346391795971993 0.5143866834427022 0.5389159356469608
3 1232 132 133 0.29346391795971993 0.5143866834427022 0.5389159356469608
3 455 24 25 0.29346391795971993 0.5143866834427022 0.5389159356469608
3 861 534 862 0.29346391795971993 0.5143866834427022 0.5389159356469608
3 1314 849 1315 0.29346391795971993 0.5143866834427022 0.5389159356469608
3 1316 1315 850 0.29346391795971993 0.5143866834427022 0.5389159356469608
3 850 1315 849 0.29346391795971993 0.5143866834427022 0.5389159356469608
3 1593 863 1594 0.29346391795971993 0.5143866834427022 0.5389159356469608
3 862 863 1593 0.29346391795971993 0.5143866834427022 0.5389159356469608
3 143 68 69 0.29346391795971993 0.5143866834427022 0.5389159356469608
3 70 74 568 0.29346391795971993 0.5143866834427022 0.5389159356469608
3 143 69 568 0.29346391795971993 0.5143866834427022 0.5389159356469608
3 568 69 70 0.29346391795971993 0.5143866834427022 0.5389159356469608
3 568 74 75 0.29346391795971993 0.5143866834427022 0.5389159356469608
3 803 182 804 0.29346391795971993 0.5143866834427022 0.5389159356469608
3 998 997 500 0.29346391795971993 0.5143866834427022 0.5389159356469608
3 500 997 499 0.29346391795971993 0.5143866834427022 0.5389159356469608
3 604 116 117 0.29346391795971993 0.5143866834427022 0.5389159356469608
3 113 997 435 0.29346391795971993 0.5143866834427022 0.5389159356469608
3 113 114 997 0.29346391795971993 0.5143866834427022 0.5389159356469608
3 435 112 113 0.29346391795971993 0.5143866834427022 0.5389159356469608
3 605 1436 604 0.29346391795971993 0.5143866834427022 0.5389159356469608
3 116 1436 115 0.29346391795971993 0.5143866834427022 0.5389159356469608
3 499 114 115 0.29346391795971993 0.5143866834427022 0.5389159356469608
3 115 1436 499 0.29346391795971993 0.5143866834427022 0.5389159356469608
3 121 934 120 0.29346391795971993 0.5143866834427022 0.5389159356469608
3 706 121 122 0.29346391795971993 0.5143866834427022 0.5389159356469608
3 934 121 706 0.29346391795971993 0.5143866834427022 0.5389159356469608
3 127 1567 126 0.29346391795971993 0.5143866834427022 0.5389159356469608
3 510 124 445 0.29346391795971993 0.5143866834427022 0.5389159356469608
3 1316 1317 526 0.29346391795971993 0.5143866834427022 0.5389159356469608
3 717 627 718 0.29346391795971993 0.5143866834427022 0.5389159356469608
3 1580 627 1579 0.29346391795971993 0.5143866834427022 0.5389159356469608
3 1579 1060 1580 0.29346391795971993 0.5143866834427022 0.5389159356469608
3 1059 1060 1579 0.29346391795971993 0.5143866834427022 0.5389159356469608
3 83 84 158 0.29346391795971993 0.5143866834427022 0.5389159356469608
3 1501 405 48 0.29346391795971993 0.5143866834427022 0.5389159356469608
3 1498 1371 1497 0.29346391795971993 0.5143866834427022 0.5389159356469608
3 1372 1371 1498 0.29346391795971993 0.5143866834427022 0.5389159356469608
3 98 99 803 0.29346391795971993 0.5143866834427022 0.5389159356469608
3 803 290 98 0.29346391795971993 0.5143866834427022 0.5389159356469608
3 98 290 97 0.29346391795971993 0.5143866834427022 0.5389159356469608
3 360 1417 1416 0.29346391795971993 0.5143866834427022 0.5389159356469608
3 283 361 360 0.29346391795971993 0.5143866834427022 0.5389159356469608
3 361 1417 360 0.29346391795971993 0.5143866834427022 0.5389159356469608
3 1418 1417 361 0.29346391795971993 0.5143866834427022 0.5389159356469608
3 354 353 1418 0.29346391795971993 0.5143866834427022 0.5389159356469608
3 1418 353 1417 0.29346391795971993 0.5143866834427022 0.5389159356469608
3 314 395 21 0.29346391795971993 0.5143866834427022 0.5389159356469608
3 21 22 314 0.29346391795971993 0.5143866834427022 0.5389159356469608
3 314 22 210 0.29346391795971993 0.5143866834427022 0.5389159356469608
3 21 395 20 0.29346391795971993 0.5143866834427022 0.5389159356469608
3 1334 213 1333 0.29346391795971993 0.5143866834427022 0.5389159356469608
3 1333 213 212 0.29346391795971993 0.5143866834427022 0.5389159356469608
3 1331 211 210 0.29346391795971993 0.5143866834427022 0.5389159356469608
3 210 23 1331 0.29346391795971993 0.5143866834427022 0.5389159356469608
3 1331 24 455 0.29346391795971993 0.5143866834427022 0.5389159356469608
3 1331 23 24 0.29346391795971993 0.5143866834427022 0.5389159356469608
3 1332 456 1333 0.29346391795971993 0.5143866834427022 0.5389159356469608
3 1333 212 1332 0.29346391795971993 0.5143866834427022 0.5389159356469608
3 1332 212 211 0.29346391795971993 0.5143866834427022 0.5389159356469608
3 211 1331 1332 0.29346391795971993 0.5143866834427022 0.5389159356469608
3 455 456 1332 0.29346391795971993 0.5143866834427022 0.5389159356469608
3 1332 1331 455 0.29346391795971993 0.5143866834427022 0.5389159356469608
3 387 1567 386 0.29346391795971993 0.5143866834427022 0.5389159356469608
3 386 1567 127 0.29346391795971993 0.5143866834427022 0.5389159356469608
3 127 128 386 0.29346391795971993 0.5143866834427022 0.5389159356469608
3 1590 859 860 0.29346391795971993 0.5143866834427022 0.5389159356469608
3 1311 130 131 0.29346391795971993 0.5143866834427022 0.5389159356469608
3 1064 949 1065 0.29346391795971993 0.5143866834427022 0.5389159356469608
3 455 25 1064 0.29346391795971993 0.5143866834427022 0.5389159356469608
3 26 949 1064 0.29346391795971993 0.5143866834427022 0.5389159356469608
3 1064 25 26 0.29346391795971993 0.5143866834427022 0.5389159356469608
3 1064 456 455 0.29346391795971993 0.5143866834427022 0.5389159356469608
3 1065 456 1064 0.29346391795971993 0.5143866834427022 0.5389159356469608
3 862 534 535 0.29346391795971993 0.5143866834427022 0.5389159356469608
3 535 863 862 0.29346391795971993 0.5143866834427022 0.5389159356469608
3 533 861 860 0.29346391795971993 0.5143866834427022 0.5389159356469608
3 534 861 533 0.29346391795971993 0.5143866834427022 0.5389159356469608
3 1314 1315 524 0.29346391795971993 0.5143866834427022 0.5389159356469608
3 1050 1049 524 0.29346391795971993 0.5143866834427022 0.5389159356469608
3 1237 850 849 0.29346391795971993 0.5143866834427022 0.5389159356469608
3 1236 1235 1593 0.29346391795971993 0.5143866834427022 0.5389159356469608
3 1236 1237 849 0.29346391795971993 0.5143866834427022 0.5389159356469608
3 1236 1593 1594 0.29346391795971993 0.5143866834427022 0.5389159356469608
3 1594 1237 1236 0.29346391795971993 0.5143866834427022 0.5389159356469608
3 847 846 1234 0.29346391795971993 0.5143866834427022 0.5389159356469608
3 1234 1235 847 0.29346391795971993 0.5143866834427022 0.5389159356469608
3 1592 861 862 0.29346391795971993 0.5143866834427022 0.5389159356469608
3 862 1593 1592 0.29346391795971993 0.5143866834427022 0.5389159356469608
3 1593 1235 1592 0.29346391795971993 0.5143866834427022 0.5389159356469608
3 1592 1235 1234 0.29346391795971993 0.5143866834427022 0.5389159356469608
3 66 67 134 0.29346391795971993 0.5143866834427022 0.5389159356469608
3 433 357 358 0.29346391795971993 0.5143866834427022 0.5389159356469608
3 437 438 1215 0.29346391795971993 0.5143866834427022 0.5389159356469608
3 1215 1214 437 0.29346391795971993 0.5143866834427022 0.5389159356469608
3 291 290 803 0.29346391795971993 0.5143866834427022 0.5389159356469608
3 803 804 291 0.29346391795971993 0.5143866834427022 0.5389159356469608
3 1015 1014 291 0.29346391795971993 0.5143866834427022 0.5389159356469608
3 291 1014 290 0.29346391795971993 0.5143866834427022 0.5389159356469608
3 1016 293 1017 0.29346391795971993 0.5143866834427022 0.5389159356469608
3 1016 285 1015 0.29346391795971993 0.5143866834427022 0.5389159356469608
3 806 293 805 0.29346391795971993 0.5143866834427022 0.5389159356469608
3 805 184 806 0.29346391795971993 0.5143866834427022 0.5389159356469608
3 1231 1562 1230 0.29346391795971993 0.5143866834427022 0.5389159356469608
3 1587 1455 1310 0.29346391795971993 0.5143866834427022 0.5389159356469608
3 1456 1455 1587 0.29346391795971993 0.5143866834427022 0.5389159356469608
3 1456 1231 1455 0.29346391795971993 0.5143866834427022 0.5389159356469608
3 945 717 718 0.29346391795971993 0.5143866834427022 0.5389159356469608
3 705 1303 1304 0.29346391795971993 0.5143866834427022 0.5389159356469608
3 718 1580 1581 0.29346391795971993 0.5143866834427022 0.5389159356469608
3 506 1004 1003 0.29346391795971993 0.5143866834427022 0.5389159356469608
3 1437 500 499 0.29346391795971993 0.5143866834427022 0.5389159356469608
3 499 1436 1437 0.29346391795971993 0.5143866834427022 0.5389159356469608
3 1436 605 1437 0.29346391795971993 0.5143866834427022 0.5389159356469608
3 1030 117 118 0.29346391795971993 0.5143866834427022 0.5389159356469608
3 693 1292 1293 0.29346391795971993 0.5143866834427022 0.5389159356469608
3 120 934 1291 0.29346391795971993 0.5143866834427022 0.5389159356469608
3 934 935 1291 0.29346391795971993 0.5143866834427022 0.5389159356469608
3 1291 935 1292 0.29346391795971993 0.5143866834427022 0.5389159356469608
3 377 126 1567 0.29346391795971993 0.5143866834427022 0.5389159356469608
3 445 124 125 0.29346391795971993 0.5143866834427022 0.5389159356469608
3 125 377 445 0.29346391795971993 0.5143866834427022 0.5389159356469608
3 126 377 125 0.29346391795971993 0.5143866834427022 0.5389159356469608
3 124 510 123 0.29346391795971993 0.5143866834427022 0.5389159356469608
3 519 625 624 0.29346391795971993 0.5143866834427022 0.5389159356469608
3 527 526 1317 0.29346391795971993 0.5143866834427022 0.5389159356469608
3 1050 524 525 0.29346391795971993 0.5143866834427022 0.5389159356469608
3 525 524 1315 0.29346391795971993 0.5143866834427022 0.5389159356469608
3 525 1315 1316 0.29346391795971993 0.5143866834427022 0.5389159356469608
3 1316 526 525 0.29346391795971993 0.5143866834427022 0.5389159356469608
3 1477 1371 1372 0.29346391795971993 0.5143866834427022 0.5389159356469608
3 1472 1132 1133 0.29346391795971993 0.5143866834427022 0.5389159356469608
3 1471 1472 964 0.29346391795971993 0.5143866834427022 0.5389159356469608
3 1132 1472 1471 0.29346391795971993 0.5143866834427022 0.5389159356469608
3 1133 1132 1366 0.29346391795971993 0.5143866834427022 0.5389159356469608
3 759 1491 760 0.29346391795971993 0.5143866834427022 0.5389159356469608
3 1341 465 1342 0.29346391795971993 0.5143866834427022 0.5389159356469608
3 1059 1579 1578 0.29346391795971993 0.5143866834427022 0.5389159356469608
3 36 37 747 0.29346391795971993 0.5143866834427022 0.5389159356469608
3 747 37 748 0.29346391795971993 0.5143866834427022 0.5389159356469608
3 748 37 1479 0.29346391795971993 0.5143866834427022 0.5389159356469608
3 1479 749 748 0.29346391795971993 0.5143866834427022 0.5389159356469608
3 1480 749 1479 0.29346391795971993 0.5143866834427022 0.5389159356469608
3 1479 37 38 0.29346391795971993 0.5143866834427022 0.5389159356469608
3 38 1480 1479 0.29346391795971993 0.5143866834427022 0.5389159356469608
3 874 51 52 0.29346391795971993 0.5143866834427022 0.5389159356469608
3 915 914 602 0.29346391795971993 0.5143866834427022 0.5389159356469608
3 591 590 1204 0.29346391795971993 0.5143866834427022 0.5389159356469608
3 1204 590 1203 0.29346391795971993 0.5143866834427022 0.5389159356469608
3 1088 264 780 0.29346391795971993 0.5143866834427022 0.5389159356469608
3 993 1206 994 0.29346391795971993 0.5143866834427022 0.5389159356469608
3 591 1206 993 0.29346391795971993 0.5143866834427022 0.5389159356469608
3 324 967 325 0.29346391795971993 0.5143866834427022 0.5389159356469608
3 325 967 968 0.29346391795971993 0.5143866834427022 0.5389159356469608
3 965 49 50 0.29346391795971993 0.5143866834427022 0.5389159356469608
3 1478 1477 1372 0.29346391795971993 0.5143866834427022 0.5389159356469608
3 1610 1351 1478 0.29346391795971993 0.5143866834427022 0.5389159356469608
3 1351 1477 1478 0.29346391795971993 0.5143866834427022 0.5389159356469608
3 352 351 1416 0.29346391795971993 0.5143866834427022 0.5389159356469608
3 1416 1417 352 0.29346391795971993 0.5143866834427022 0.5389159356469608
3 352 353 428 0.29346391795971993 0.5143866834427022 0.5389159356469608
3 1417 353 352 0.29346391795971993 0.5143866834427022 0.5389159356469608
3 426 351 427 0.29346391795971993 0.5143866834427022 0.5389159356469608
3 427 352 428 0.29346391795971993 0.5143866834427022 0.5389159356469608
3 351 352 427 0.29346391795971993 0.5143866834427022 0.5389159356469608
3 350 351 426 0.29346391795971993 0.5143866834427022 0.5389159356469608
3 92 93 350 0.29346391795971993 0.5143866834427022 0.5389159356469608
3 89 91 592 0.29346391795971993 0.5143866834427022 0.5389159356469608
3 359 360 1416 0.29346391795971993 0.5143866834427022 0.5389159356469608
3 359 94 95 0.29346391795971993 0.5143866834427022 0.5389159356469608
3 95 96 282 0.29346391795971993 0.5143866834427022 0.5389159356469608
3 282 359 95 0.29346391795971993 0.5143866834427022 0.5389159356469608
3 360 359 282 0.29346391795971993 0.5143866834427022 0.5389159356469608
3 283 360 282 0.29346391795971993 0.5143866834427022 0.5389159356469608
3 1416 351 1415 0.29346391795971993 0.5143866834427022 0.5389159356469608
3 1415 359 1416 0.29346391795971993 0.5143866834427022 0.5389159356469608
3 94 359 1415 0.29346391795971993 0.5143866834427022 0.5389159356469608
3 93 94 1415 0.29346391795971993 0.5143866834427022 0.5389159356469608
3 1415 350 93 0.29346391795971993 0.5143866834427022 0.5389159356469608
3 351 350 1415 0.29346391795971993 0.5143866834427022 0.5389159356469608
3 354 430 429 0.29346391795971993 0.5143866834427022 0.5389159356469608
3 429 353 354 0.29346391795971993 0.5143866834427022 0.5389159356469608
3 428 353 429 0.29346391795971993 0.5143866834427022 0.5389159356469608
3 354 1418 1419 0.29346391795971993 0.5143866834427022 0.5389159356469608
3 210 211 315 0.29346391795971993 0.5143866834427022 0.5389159356469608
3 315 314 210 0.29346391795971993 0.5143866834427022 0.5389159356469608
3 532 20 395 0.29346391795971993 0.5143866834427022 0.5389159356469608
3 395 533 532 0.29346391795971993 0.5143866834427022 0.5389159356469608
3 860 859 532 0.29346391795971993 0.5143866834427022 0.5389159356469608
3 532 533 860 0.29346391795971993 0.5143866834427022 0.5389159356469608
3 1589 1590 1232 0.29346391795971993 0.5143866834427022 0.5389159356469608
3 859 1590 1589 0.29346391795971993 0.5143866834427022 0.5389159356469608
3 1589 15 13 0.29346391795971993 0.5143866834427022 0.5389159356469608
3 18 859 1589 0.29346391795971993 0.5143866834427022 0.5389159356469608
3 1589 13 18 0.29346391795971993 0.5143866834427022 0.5389159356469608
3 1589 1232 133 0.29346391795971993 0.5143866834427022 0.5389159356469608
3 133 15 1589 0.29346391795971993 0.5143866834427022 0.5389159356469608
3 457 1334 1333 0.29346391795971993 0.5143866834427022 0.5389159356469608
3 1333 456 457 0.29346391795971993 0.5143866834427022 0.5389159356469608
3 457 1065 1066 0.29346391795971993 0.5143866834427022 0.5389159356469608
3 457 456 1065 0.29346391795971993 0.5143866834427022 0.5389159356469608
3 317 212 213 0.29346391795971993 0.5143866834427022 0.5389159356469608
3 317 213 318 0.29346391795971993 0.5143866834427022 0.5389159356469608
3 1591 1592 1234 0.29346391795971993 0.5143866834427022 0.5389159356469608
3 861 1592 1591 0.29346391795971993 0.5143866834427022 0.5389159356469608
3 860 861 1591 0.29346391795971993 0.5143866834427022 0.5389159356469608
3 1591 1590 860 0.29346391795971993 0.5143866834427022 0.5389159356469608
3 1234 846 1233 0.29346391795971993 0.5143866834427022 0.5389159356469608
3 1233 1591 1234 0.29346391795971993 0.5143866834427022 0.5389159356469608
3 1590 1591 1233 0.29346391795971993 0.5143866834427022 0.5389159356469608
3 1232 1590 1233 0.29346391795971993 0.5143866834427022 0.5389159356469608
3 398 317 399 0.29346391795971993 0.5143866834427022 0.5389159356469608
3 399 317 318 0.29346391795971993 0.5143866834427022 0.5389159356469608
3 1594 863 864 0.29346391795971993 0.5143866834427022 0.5389159356469608
3 864 537 865 0.29346391795971993 0.5143866834427022 0.5389159356469608
3 446 510 445 0.29346391795971993 0.5143866834427022 0.5389159356469608
3 1568 1567 387 0.29346391795971993 0.5143866834427022 0.5389159356469608
3 1568 377 1567 0.29346391795971993 0.5143866834427022 0.5389159356469608
3 388 1049 1050 0.29346391795971993 0.5143866834427022 0.5389159356469608
3 1569 1568 388 0.29346391795971993 0.5143866834427022 0.5389159356469608
3 387 1049 388 0.29346391795971993 0.5143866834427022 0.5389159356469608
3 388 1568 387 0.29346391795971993 0.5143866834427022 0.5389159356469608
3 380 447 379 0.29346391795971993 0.5143866834427022 0.5389159356469608
3 447 446 379 0.29346391795971993 0.5143866834427022 0.5389159356469608
3 850 1237 1238 0.29346391795971993 0.5143866834427022 0.5389159356469608
3 1240 1598 1241 0.29346391795971993 0.5143866834427022 0.5389159356469608
3 1597 1598 1240 0.29346391795971993 0.5143866834427022 0.5389159356469608
3 1312 1311 846 0.29346391795971993 0.5143866834427022 0.5389159356469608
3 846 847 1312 0.29346391795971993 0.5143866834427022 0.5389159356469608
3 1235 1236 848 0.29346391795971993 0.5143866834427022 0.5389159356469608
3 848 847 1235 0.29346391795971993 0.5143866834427022 0.5389159356469608
3 848 849 1314 0.29346391795971993 0.5143866834427022 0.5389159356469608
3 848 1236 849 0.29346391795971993 0.5143866834427022 0.5389159356469608
3 65 66 138 0.29346391795971993 0.5143866834427022 0.5389159356469608
3 66 134 138 0.29346391795971993 0.5143866834427022 0.5389159356469608
3 138 134 681 0.29346391795971993 0.5143866834427022 0.5389159356469608
3 143 568 415 0.29346391795971993 0.5143866834427022 0.5389159356469608
3 415 568 75 0.29346391795971993 0.5143866834427022 0.5389159356469608
3 75 76 415 0.29346391795971993 0.5143866834427022 0.5389159356469608
3 681 134 144 0.29346391795971993 0.5143866834427022 0.5389159356469608
3 790 139 136 0.29346391795971993 0.5143866834427022 0.5389159356469608
3 1020 289 1019 0.29346391795971993 0.5143866834427022 0.5389159356469608
3 366 289 367 0.29346391795971993 0.5143866834427022 0.5389159356469608
3 1021 1424 367 0.29346391795971993 0.5143866834427022 0.5389159356469608
3 367 1020 1021 0.29346391795971993 0.5143866834427022 0.5389159356469608
3 289 1020 367 0.29346391795971993 0.5143866834427022 0.5389159356469608
3 288 289 366 0.29346391795971993 0.5143866834427022 0.5389159356469608
3 1019 289 288 0.29346391795971993 0.5143866834427022 0.5389159356469608
3 1017 293 294 0.29346391795971993 0.5143866834427022 0.5389159356469608
3 294 293 806 0.29346391795971993 0.5143866834427022 0.5389159356469608
3 1018 295 1019 0.29346391795971993 0.5143866834427022 0.5389159356469608
3 1019 288 1018 0.29346391795971993 0.5143866834427022 0.5389159356469608
3 1018 288 287 0.29346391795971993 0.5143866834427022 0.5389159356469608
3 1018 287 1017 0.29346391795971993 0.5143866834427022 0.5389159356469608
3 1017 294 1018 0.29346391795971993 0.5143866834427022 0.5389159356469608
3 1018 294 295 0.29346391795971993 0.5143866834427022 0.5389159356469608
3 1422 358 357 0.29346391795971993 0.5143866834427022 0.5389159356469608
3 1013 96 97 0.29346391795971993 0.5143866834427022 0.5389159356469608
3 97 290 1013 0.29346391795971993 0.5143866834427022 0.5389159356469608
3 290 1014 1013 0.29346391795971993 0.5143866834427022 0.5389159356469608
3 1013 1014 283 0.29346391795971993 0.5143866834427022 0.5389159356469608
3 283 282 1013 0.29346391795971993 0.5143866834427022 0.5389159356469608
3 1013 282 96 0.29346391795971993 0.5143866834427022 0.5389159356469608
3 363 285 286 0.29346391795971993 0.5143866834427022 0.5389159356469608
3 1017 287 286 0.29346391795971993 0.5143866834427022 0.5389159356469608
3 286 1016 1017 0.29346391795971993 0.5143866834427022 0.5389159356469608
3 285 1016 286 0.29346391795971993 0.5143866834427022 0.5389159356469608
3 435 998 436 0.29346391795971993 0.5143866834427022 0.5389159356469608
3 436 1213 435 0.29346391795971993 0.5143866834427022 0.5389159356469608
3 436 1214 1213 0.29346391795971993 0.5143866834427022 0.5389159356469608
3 436 437 1214 0.29346391795971993 0.5143866834427022 0.5389159356469608
3 369 1214 1215 0.29346391795971993 0.5143866834427022 0.5389159356469608
3 1215 438 1216 0.29346391795971993 0.5143866834427022 0.5389159356469608
3 438 439 1216 0.29346391795971993 0.5143866834427022 0.5389159356469608
3 1219 1218 441 0.29346391795971993 0.5143866834427022 0.5389159356469608
3 1003 1004 441 0.29346391795971993 0.5143866834427022 0.5389159356469608
3 922 371 372 0.29346391795971993 0.5143866834427022 0.5389159356469608
3 922 372 923 0.29346391795971993 0.5143866834427022 0.5389159356469608
3 208 1105 1104 0.29346391795971993 0.5143866834427022 0.5389159356469608
3 1104 1105 200 0.29346391795971993 0.5143866834427022 0.5389159356469608
3 1105 201 200 0.29346391795971993 0.5143866834427022 0.5389159356469608
3 183 1272 184 0.29346391795971993 0.5143866834427022 0.5389159356469608
3 183 804 182 0.29346391795971993 0.5143866834427022 0.5389159356469608
3 183 182 1271 0.29346391795971993 0.5143866834427022 0.5389159356469608
3 1271 1272 183 0.29346391795971993 0.5143866834427022 0.5389159356469608
3 183 805 804 0.29346391795971993 0.5143866834427022 0.5389159356469608
3 184 805 183 0.29346391795971993 0.5143866834427022 0.5389159356469608
3 820 821 193 0.29346391795971993 0.5143866834427022 0.5389159356469608
3 184 1272 1273 0.29346391795971993 0.5143866834427022 0.5389159356469608
3 191 1274 1273 0.29346391795971993 0.5143866834427022 0.5389159356469608
3 292 805 293 0.29346391795971993 0.5143866834427022 0.5389159356469608
3 293 1016 292 0.29346391795971993 0.5143866834427022 0.5389159356469608
3 292 291 804 0.29346391795971993 0.5143866834427022 0.5389159356469608
3 804 805 292 0.29346391795971993 0.5143866834427022 0.5389159356469608
3 1015 291 292 0.29346391795971993 0.5143866834427022 0.5389159356469608
3 292 1016 1015 0.29346391795971993 0.5143866834427022 0.5389159356469608
3 812 1023 1022 0.29346391795971993 0.5143866834427022 0.5389159356469608
3 812 1279 1280 0.29346391795971993 0.5143866834427022 0.5389159356469608
3 811 1279 812 0.29346391795971993 0.5143866834427022 0.5389159356469608
3 812 1022 811 0.29346391795971993 0.5143866834427022 0.5389159356469608
3 810 1278 811 0.29346391795971993 0.5143866834427022 0.5389159356469608
3 811 1278 1279 0.29346391795971993 0.5143866834427022 0.5389159356469608
3 811 1022 1021 0.29346391795971993 0.5143866834427022 0.5389159356469608
3 1550 311 312 0.29346391795971993 0.5143866834427022 0.5389159356469608
3 836 304 837 0.29346391795971993 0.5143866834427022 0.5389159356469608
3 837 208 836 0.29346391795971993 0.5143866834427022 0.5389159356469608
3 1562 1117 1116 0.29346391795971993 0.5143866834427022 0.5389159356469608
3 1230 1562 1561 0.29346391795971993 0.5143866834427022 0.5389159356469608
3 1561 1560 1230 0.29346391795971993 0.5143866834427022 0.5389159356469608
3 1562 1116 1561 0.29346391795971993 0.5143866834427022 0.5389159356469608
3 1230 1560 1229 0.29346391795971993 0.5143866834427022 0.5389159356469608
3 1454 1310 1455 0.29346391795971993 0.5143866834427022 0.5389159356469608
3 1454 1231 1230 0.29346391795971993 0.5143866834427022 0.5389159356469608
3 1455 1231 1454 0.29346391795971993 0.5143866834427022 0.5389159356469608
3 1230 1229 1454 0.29346391795971993 0.5143866834427022 0.5389159356469608
3 1454 1229 1453 0.29346391795971993 0.5143866834427022 0.5389159356469608
3 1563 1456 1564 0.29346391795971993 0.5143866834427022 0.5389159356469608
3 1231 1456 1563 0.29346391795971993 0.5143866834427022 0.5389159356469608
3 1562 1231 1563 0.29346391795971993 0.5143866834427022 0.5389159356469608
3 1564 1117 1563 0.29346391795971993 0.5143866834427022 0.5389159356469608
3 1563 1117 1562 0.29346391795971993 0.5143866834427022 0.5389159356469608
3 837 304 305 0.29346391795971993 0.5143866834427022 0.5389159356469608
3 305 838 837 0.29346391795971993 0.5143866834427022 0.5389159356469608
3 1223 929 928 0.29346391795971993 0.5143866834427022 0.5389159356469608
3 928 1554 1553 0.29346391795971993 0.5143866834427022 0.5389159356469608
3 929 1554 928 0.29346391795971993 0.5143866834427022 0.5389159356469608
3 1223 1009 1224 0.29346391795971993 0.5143866834427022 0.5389159356469608
3 1224 929 1223 0.29346391795971993 0.5143866834427022 0.5389159356469608
3 946 945 718 0.29346391795971993 0.5143866834427022 0.5389159356469608
3 1302 1040 703 0.29346391795971993 0.5143866834427022 0.5389159356469608
3 1302 946 1303 0.29346391795971993 0.5143866834427022 0.5389159356469608
3 945 946 1302 0.29346391795971993 0.5143866834427022 0.5389159356469608
3 1305 1304 948 0.29346391795971993 0.5143866834427022 0.5389159356469608
3 1445 1444 613 0.29346391795971993 0.5143866834427022 0.5389159356469608
3 1580 1060 1061 0.29346391795971993 0.5143866834427022 0.5389159356469608
3 1061 1581 1580 0.29346391795971993 0.5143866834427022 0.5389159356469608
3 1445 613 614 0.29346391795971993 0.5143866834427022 0.5389159356469608
3 614 613 1040 0.29346391795971993 0.5143866834427022 0.5389159356469608
3 705 1304 1042 0.29346391795971993 0.5143866834427022 0.5389159356469608
3 1042 615 705 0.29346391795971993 0.5143866834427022 0.5389159356469608
3 1042 1304 1305 0.29346391795971993 0.5143866834427022 0.5389159356469608
3 1447 615 1042 0.29346391795971993 0.5143866834427022 0.5389159356469608
3 1445 508 507 0.29346391795971993 0.5143866834427022 0.5389159356469608
3 507 1444 1445 0.29346391795971993 0.5143866834427022 0.5389159356469608
3 507 506 1444 0.29346391795971993 0.5143866834427022 0.5389159356469608
3 1004 506 507 0.29346391795971993 0.5143866834427022 0.5389159356469608
3 1219 441 442 0.29346391795971993 0.5143866834427022 0.5389159356469608
3 442 441 1004 0.29346391795971993 0.5143866834427022 0.5389159356469608
3 500 1437 1438 0.29346391795971993 0.5143866834427022 0.5389159356469608
3 1002 504 505 0.29346391795971993 0.5143866834427022 0.5389159356469608
3 1003 1002 505 0.29346391795971993 0.5143866834427022 0.5389159356469608
3 505 506 1003 0.29346391795971993 0.5143866834427022 0.5389159356469608
3 1293 695 694 0.29346391795971993 0.5143866834427022 0.5389159356469608
3 695 1030 694 0.29346391795971993 0.5143866834427022 0.5389159356469608
3 694 693 1293 0.29346391795971993 0.5143866834427022 0.5389159356469608
3 694 1030 118 0.29346391795971993 0.5143866834427022 0.5389159356469608
3 118 693 694 0.29346391795971993 0.5143866834427022 0.5389159356469608
3 1296 1295 939 0.29346391795971993 0.5143866834427022 0.5389159356469608
3 939 1295 938 0.29346391795971993 0.5143866834427022 0.5389159356469608
3 1294 695 1293 0.29346391795971993 0.5143866834427022 0.5389159356469608
3 1294 938 1295 0.29346391795971993 0.5143866834427022 0.5389159356469608
3 1033 1032 696 0.29346391795971993 0.5143866834427022 0.5389159356469608
3 696 1032 695 0.29346391795971993 0.5143866834427022 0.5389159356469608
3 695 1294 696 0.29346391795971993 0.5143866834427022 0.5389159356469608
3 696 1294 1295 0.29346391795971993 0.5143866834427022 0.5389159356469608
3 695 1032 1031 0.29346391795971993 0.5143866834427022 0.5389159356469608
3 1031 1030 695 0.29346391795971993 0.5143866834427022 0.5389159356469608
3 1031 605 604 0.29346391795971993 0.5143866834427022 0.5389159356469608
3 1031 1032 605 0.29346391795971993 0.5143866834427022 0.5389159356469608
3 604 117 1031 0.29346391795971993 0.5143866834427022 0.5389159356469608
3 117 1030 1031 0.29346391795971993 0.5143866834427022 0.5389159356469608
3 934 706 707 0.29346391795971993 0.5143866834427022 0.5389159356469608
3 707 935 934 0.29346391795971993 0.5143866834427022 0.5389159356469608
3 707 706 617 0.29346391795971993 0.5143866834427022 0.5389159356469608
3 617 618 707 0.29346391795971993 0.5143866834427022 0.5389159356469608
3 1292 693 119 0.29346391795971993 0.5143866834427022 0.5389159356469608
3 119 1291 1292 0.29346391795971993 0.5143866834427022 0.5389159356469608
3 119 693 118 0.29346391795971993 0.5143866834427022 0.5389159356469608
3 120 1291 119 0.29346391795971993 0.5143866834427022 0.5389159356469608
3 616 123 510 0.29346391795971993 0.5143866834427022 0.5389159356469608
3 617 706 616 0.29346391795971993 0.5143866834427022 0.5389159356469608
3 616 706 122 0.29346391795971993 0.5143866834427022 0.5389159356469608
3 122 123 616 0.29346391795971993 0.5143866834427022 0.5389159356469608
3 713 712 623 0.29346391795971993 0.5143866834427022 0.5389159356469608
3 623 624 713 0.29346391795971993 0.5143866834427022 0.5389159356469608
3 711 712 939 0.29346391795971993 0.5143866834427022 0.5389159356469608
3 939 938 711 0.29346391795971993 0.5143866834427022 0.5389159356469608
3 699 1298 700 0.29346391795971993 0.5143866834427022 0.5389159356469608
3 939 712 940 0.29346391795971993 0.5143866834427022 0.5389159356469608
3 940 712 713 0.29346391795971993 0.5143866834427022 0.5389159356469608
3 940 1296 939 0.29346391795971993 0.5143866834427022 0.5389159356469608
3 517 453 518 0.29346391795971993 0.5143866834427022 0.5389159356469608
3 518 623 517 0.29346391795971993 0.5143866834427022 0.5389159356469608
3 624 623 518 0.29346391795971993 0.5143866834427022 0.5389159356469608
3 453 454 518 0.29346391795971993 0.5143866834427022 0.5389159356469608
3 519 624 518 0.29346391795971993 0.5143866834427022 0.5389159356469608
3 518 454 519 0.29346391795971993 0.5143866834427022 0.5389159356469608
3 452 453 517 0.29346391795971993 0.5143866834427022 0.5389159356469608
3 451 384 452 0.29346391795971993 0.5143866834427022 0.5389159356469608
3 382 1572 1573 0.29346391795971993 0.5143866834427022 0.5389159356469608
3 1601 1243 1600 0.29346391795971993 0.5143866834427022 0.5389159356469608
3 852 1240 853 0.29346391795971993 0.5143866834427022 0.5389159356469608
3 853 1240 1241 0.29346391795971993 0.5143866834427022 0.5389159356469608
3 1241 854 853 0.29346391795971993 0.5143866834427022 0.5389159356469608
3 853 854 1319 0.29346391795971993 0.5143866834427022 0.5389159356469608
3 389 388 1050 0.29346391795971993 0.5143866834427022 0.5389159356469608
3 1569 388 389 0.29346391795971993 0.5143866834427022 0.5389159356469608
3 528 527 1318 0.29346391795971993 0.5143866834427022 0.5389159356469608
3 852 853 1318 0.29346391795971993 0.5143866834427022 0.5389159356469608
3 1317 852 1318 0.29346391795971993 0.5143866834427022 0.5389159356469608
3 1318 527 1317 0.29346391795971993 0.5143866834427022 0.5389159356469608
3 1318 1319 528 0.29346391795971993 0.5143866834427022 0.5389159356469608
3 1318 853 1319 0.29346391795971993 0.5143866834427022 0.5389159356469608
3 526 527 1052 0.29346391795971993 0.5143866834427022 0.5389159356469608
3 1051 525 526 0.29346391795971993 0.5143866834427022 0.5389159356469608
3 526 1052 1051 0.29346391795971993 0.5143866834427022 0.5389159356469608
3 1051 1052 390 0.29346391795971993 0.5143866834427022 0.5389159356469608
3 390 389 1051 0.29346391795971993 0.5143866834427022 0.5389159356469608
3 1050 525 1051 0.29346391795971993 0.5143866834427022 0.5389159356469608
3 1051 389 1050 0.29346391795971993 0.5143866834427022 0.5389159356469608
3 743 744 1363 0.29346391795971993 0.5143866834427022 0.5389159356469608
3 731 730 1363 0.29346391795971993 0.5143866834427022 0.5389159356469608
3 1365 1366 1132 0.29346391795971993 0.5143866834427022 0.5389159356469608
3 743 1363 1362 0.29346391795971993 0.5143866834427022 0.5389159356469608
3 1362 1363 730 0.29346391795971993 0.5143866834427022 0.5389159356469608
3 1130 730 731 0.29346391795971993 0.5143866834427022 0.5389159356469608
3 1132 1471 1131 0.29346391795971993 0.5143866834427022 0.5389159356469608
3 1131 1130 731 0.29346391795971993 0.5143866834427022 0.5389159356469608
3 1133 1366 1367 0.29346391795971993 0.5143866834427022 0.5389159356469608
3 1367 1366 1151 0.29346391795971993 0.5143866834427022 0.5389159356469608
3 1151 1366 1150 0.29346391795971993 0.5143866834427022 0.5389159356469608
3 1150 760 1151 0.29346391795971993 0.5143866834427022 0.5389159356469608
3 759 760 1150 0.29346391795971993 0.5143866834427022 0.5389159356469608
3 1492 760 1491 0.29346391795971993 0.5143866834427022 0.5389159356469608
3 1151 760 1492 0.29346391795971993 0.5143866834427022 0.5389159356469608
3 1473 1472 1133 0.29346391795971993 0.5143866834427022 0.5389159356469608
3 477 478 1176 0.29346391795971993 0.5143866834427022 0.5389159356469608
3 405 478 477 0.29346391795971993 0.5143866834427022 0.5389159356469608
3 477 47 405 0.29346391795971993 0.5143866834427022 0.5389159356469608
3 477 46 47 0.29346391795971993 0.5143866834427022 0.5389159356469608
3 556 43 44 0.29346391795971993 0.5143866834427022 0.5389159356469608
3 662 663 1488 0.29346391795971993 0.5143866834427022 0.5389159356469608
3 1488 663 1489 0.29346391795971993 0.5143866834427022 0.5389159356469608
3 1490 1491 759 0.29346391795971993 0.5143866834427022 0.5389159356469608
3 759 758 1490 0.29346391795971993 0.5143866834427022 0.5389159356469608
3 1490 758 1489 0.29346391795971993 0.5143866834427022 0.5389159356469608
3 1371 1477 1476 0.29346391795971993 0.5143866834427022 0.5389159356469608
3 1476 1477 1351 0.29346391795971993 0.5143866834427022 0.5389159356469608
3 1351 1350 1476 0.29346391795971993 0.5143866834427022 0.5389159356469608
3 1385 679 1384 0.29346391795971993 0.5143866834427022 0.5389159356469608
3 1170 679 1385 0.29346391795971993 0.5143866834427022 0.5389159356469608
3 1385 1386 1170 0.29346391795971993 0.5143866834427022 0.5389159356469608
3 1388 1172 1387 0.29346391795971993 0.5143866834427022 0.5389159356469608
3 1387 1188 1388 0.29346391795971993 0.5143866834427022 0.5389159356469608
3 1074 465 1073 0.29346391795971993 0.5143866834427022 0.5389159356469608
3 1346 1078 1079 0.29346391795971993 0.5143866834427022 0.5389159356469608
3 963 1471 964 0.29346391795971993 0.5143866834427022 0.5389159356469608
3 964 1079 963 0.29346391795971993 0.5143866834427022 0.5389159356469608
3 963 1079 1078 0.29346391795971993 0.5143866834427022 0.5389159356469608
3 1344 1076 1077 0.29346391795971993 0.5143866834427022 0.5389159356469608
3 1343 1344 872 0.29346391795971993 0.5143866834427022 0.5389159356469608
3 1076 1344 1343 0.29346391795971993 0.5143866834427022 0.5389159356469608
3 871 1602 1601 0.29346391795971993 0.5143866834427022 0.5389159356469608
3 872 1602 871 0.29346391795971993 0.5143866834427022 0.5389159356469608
3 871 1343 872 0.29346391795971993 0.5143866834427022 0.5389159356469608
3 1324 1060 1059 0.29346391795971993 0.5143866834427022 0.5389159356469608
3 1059 1323 1324 0.29346391795971993 0.5143866834427022 0.5389159356469608
3 1058 1323 1059 0.29346391795971993 0.5143866834427022 0.5389159356469608
3 1059 1578 1058 0.29346391795971993 0.5143866834427022 0.5389159356469608
3 1058 1578 1577 0.29346391795971993 0.5143866834427022 0.5389159356469608
3 1610 1587 1609 0.29346391795971993 0.5143866834427022 0.5389159356469608
3 1609 1351 1610 0.29346391795971993 0.5143866834427022 0.5389159356469608
3 1081 1473 1474 0.29346391795971993 0.5143866834427022 0.5389159356469608
3 639 640 961 0.29346391795971993 0.5143866834427022 0.5389159356469608
3 1077 1076 961 0.29346391795971993 0.5143866834427022 0.5389159356469608
3 627 626 520 0.29346391795971993 0.5143866834427022 0.5389159356469608
3 520 1579 627 0.29346391795971993 0.5143866834427022 0.5389159356469608
3 520 1578 1579 0.29346391795971993 0.5143866834427022 0.5389159356469608
3 520 625 519 0.29346391795971993 0.5143866834427022 0.5389159356469608
3 520 626 625 0.29346391795971993 0.5143866834427022 0.5389159356469608
3 519 454 520 0.29346391795971993 0.5143866834427022 0.5389159356469608
3 520 454 1577 0.29346391795971993 0.5143866834427022 0.5389159356469608
3 1577 1578 520 0.29346391795971993 0.5143866834427022 0.5389159356469608
3 1424 602 434 0.29346391795971993 0.5143866834427022 0.5389159356469608
3 433 358 434 0.29346391795971993 0.5143866834427022 0.5389159356469608
3 913 1204 1203 0.29346391795971993 0.5143866834427022 0.5389159356469608
3 914 1204 913 0.29346391795971993 0.5143866834427022 0.5389159356469608
3 363 286 364 0.29346391795971993 0.5143866834427022 0.5389159356469608
3 364 286 287 0.29346391795971993 0.5143866834427022 0.5389159356469608
3 1203 590 589 0.29346391795971993 0.5143866834427022 0.5389159356469608
3 990 588 589 0.29346391795971993 0.5143866834427022 0.5389159356469608
3 992 590 591 0.29346391795971993 0.5143866834427022 0.5389159356469608
3 591 993 992 0.29346391795971993 0.5143866834427022 0.5389159356469608
3 916 1206 915 0.29346391795971993 0.5143866834427022 0.5389159356469608
3 994 1206 1207 0.29346391795971993 0.5143866834427022 0.5389159356469608
3 1206 916 1207 0.29346391795971993 0.5143866834427022 0.5389159356469608
3 1205 1206 591 0.29346391795971993 0.5143866834427022 0.5389159356469608
3 591 1204 1205 0.29346391795971993 0.5143866834427022 0.5389159356469608
3 915 1206 1205 0.29346391795971993 0.5143866834427022 0.5389159356469608
3 1205 914 915 0.29346391795971993 0.5143866834427022 0.5389159356469608
3 1205 1204 914 0.29346391795971993 0.5143866834427022 0.5389159356469608
3 1285 1027 816 0.29346391795971993 0.5143866834427022 0.5389159356469608
3 1026 816 1027 0.29346391795971993 0.5143866834427022 0.5389159356469608
3 1429 1026 1027 0.29346391795971993 0.5143866834427022 0.5389159356469608
3 1028 1029 1431 0.29346391795971993 0.5143866834427022 0.5389159356469608
3 1028 1027 1285 0.29346391795971993 0.5143866834427022 0.5389159356469608
3 1082 258 63 0.29346391795971993 0.5143866834427022 0.5389159356469608
3 63 64 1082 0.29346391795971993 0.5143866834427022 0.5389159356469608
3 417 571 145 0.29346391795971993 0.5143866834427022 0.5389159356469608
3 276 571 417 0.29346391795971993 0.5143866834427022 0.5389159356469608
3 153 154 489 0.29346391795971993 0.5143866834427022 0.5389159356469608
3 1525 178 165 0.29346391795971993 0.5143866834427022 0.5389159356469608
3 166 178 1525 0.29346391795971993 0.5143866834427022 0.5389159356469608
3 687 575 576 0.29346391795971993 0.5143866834427022 0.5389159356469608
3 687 796 795 0.29346391795971993 0.5143866834427022 0.5389159356469608
3 576 688 687 0.29346391795971993 0.5143866834427022 0.5389159356469608
3 688 796 687 0.29346391795971993 0.5143866834427022 0.5389159356469608
3 423 688 576 0.29346391795971993 0.5143866834427022 0.5389159356469608
3 323 324 1501 0.29346391795971993 0.5143866834427022 0.5389159356469608
3 48 49 323 0.29346391795971993 0.5143866834427022 0.5389159356469608
3 323 1501 48 0.29346391795971993 0.5143866834427022 0.5389159356469608
3 49 965 323 0.29346391795971993 0.5143866834427022 0.5389159356469608
3 967 324 966 0.29346391795971993 0.5143866834427022 0.5389159356469608
3 324 323 966 0.29346391795971993 0.5143866834427022 0.5389159356469608
3 966 323 965 0.29346391795971993 0.5143866834427022 0.5389159356469608
3 1502 324 325 0.29346391795971993 0.5143866834427022 0.5389159356469608
3 1501 324 1502 0.29346391795971993 0.5143866834427022 0.5389159356469608
3 406 478 405 0.29346391795971993 0.5143866834427022 0.5389159356469608
3 405 1501 406 0.29346391795971993 0.5143866834427022 0.5389159356469608
3 1501 1502 406 0.29346391795971993 0.5143866834427022 0.5389159356469608
3 1505 327 1506 0.29346391795971993 0.5143866834427022 0.5389159356469608
3 1509 1508 330 0.29346391795971993 0.5143866834427022 0.5389159356469608
3 413 1508 1509 0.29346391795971993 0.5143866834427022 0.5389159356469608
3 973 340 974 0.29346391795971993 0.5143866834427022 0.5389159356469608
3 1506 327 328 0.29346391795971993 0.5143866834427022 0.5389159356469608
3 880 881 338 0.29346391795971993 0.5143866834427022 0.5389159356469608
3 1173 1172 1388 0.29346391795971993 0.5143866834427022 0.5389159356469608
3 1431 1029 1432 0.29346391795971993 0.5143866834427022 0.5389159356469608
3 595 427 428 0.29346391795971993 0.5143866834427022 0.5389159356469608
3 158 84 580 0.29346391795971993 0.5143866834427022 0.5389159356469608
3 84 85 580 0.29346391795971993 0.5143866834427022 0.5389159356469608
3 905 592 593 0.29346391795971993 0.5143866834427022 0.5389159356469608
3 284 361 283 0.29346391795971993 0.5143866834427022 0.5389159356469608
3 283 1014 284 0.29346391795971993 0.5143866834427022 0.5389159356469608
3 284 1014 1015 0.29346391795971993 0.5143866834427022 0.5389159356469608
3 1015 285 284 0.29346391795971993 0.5143866834427022 0.5389159356469608
3 362 285 363 0.29346391795971993 0.5143866834427022 0.5389159356469608
3 363 1419 362 0.29346391795971993 0.5143866834427022 0.5389159356469608
3 362 284 285 0.29346391795971993 0.5143866834427022 0.5389159356469608
3 361 284 362 0.29346391795971993 0.5143866834427022 0.5389159356469608
3 362 1418 361 0.29346391795971993 0.5143866834427022 0.5389159356469608
3 362 1419 1418 0.29346391795971993 0.5143866834427022 0.5389159356469608
3 395 314 396 0.29346391795971993 0.5143866834427022 0.5389159356469608
3 314 315 396 0.29346391795971993 0.5143866834427022 0.5389159356469608
3 396 533 395 0.29346391795971993 0.5143866834427022 0.5389159356469608
3 534 533 396 0.29346391795971993 0.5143866834427022 0.5389159356469608
3 211 212 316 0.29346391795971993 0.5143866834427022 0.5389159356469608
3 316 315 211 0.29346391795971993 0.5143866834427022 0.5389159356469608
3 316 317 398 0.29346391795971993 0.5143866834427022 0.5389159356469608
3 212 317 316 0.29346391795971993 0.5143866834427022 0.5389159356469608
3 20 532 19 0.29346391795971993 0.5143866834427022 0.5389159356469608
3 19 859 18 0.29346391795971993 0.5143866834427022 0.5389159356469608
3 19 532 859 0.29346391795971993 0.5143866834427022 0.5389159356469608
3 1066 950 951 0.29346391795971993 0.5143866834427022 0.5389159356469608
3 951 1067 1066 0.29346391795971993 0.5143866834427022 0.5389159356469608
3 318 213 214 0.29346391795971993 0.5143866834427022 0.5389159356469608
3 213 1334 214 0.29346391795971993 0.5143866834427022 0.5389159356469608
3 318 214 319 0.29346391795971993 0.5143866834427022 0.5389159356469608
3 132 1232 845 0.29346391795971993 0.5143866834427022 0.5389159356469608
3 1232 1233 845 0.29346391795971993 0.5143866834427022 0.5389159356469608
3 131 132 845 0.29346391795971993 0.5143866834427022 0.5389159356469608
3 845 1311 131 0.29346391795971993 0.5143866834427022 0.5389159356469608
3 846 1311 845 0.29346391795971993 0.5143866834427022 0.5389159356469608
3 845 1233 846 0.29346391795971993 0.5143866834427022 0.5389159356469608
3 536 399 537 0.29346391795971993 0.5143866834427022 0.5389159356469608
3 536 864 863 0.29346391795971993 0.5143866834427022 0.5389159356469608
3 537 864 536 0.29346391795971993 0.5143866834427022 0.5389159356469608
3 863 535 536 0.29346391795971993 0.5143866834427022 0.5389159356469608
3 536 535 398 0.29346391795971993 0.5143866834427022 0.5389159356469608
3 398 399 536 0.29346391795971993 0.5143866834427022 0.5389159356469608
3 510 446 511 0.29346391795971993 0.5143866834427022 0.5389159356469608
3 617 616 511 0.29346391795971993 0.5143866834427022 0.5389159356469608
3 511 616 510 0.29346391795971993 0.5143866834427022 0.5389159356469608
3 511 446 447 0.29346391795971993 0.5143866834427022 0.5389159356469608
3 448 449 513 0.29346391795971993 0.5143866834427022 0.5389159356469608
3 448 447 380 0.29346391795971993 0.5143866834427022 0.5389159356469608
3 450 449 382 0.29346391795971993 0.5143866834427022 0.5389159356469608
3 513 618 512 0.29346391795971993 0.5143866834427022 0.5389159356469608
3 447 448 512 0.29346391795971993 0.5143866834427022 0.5389159356469608
3 512 448 513 0.29346391795971993 0.5143866834427022 0.5389159356469608
3 512 511 447 0.29346391795971993 0.5143866834427022 0.5389159356469608
3 512 618 617 0.29346391795971993 0.5143866834427022 0.5389159356469608
3 617 511 512 0.29346391795971993 0.5143866834427022 0.5389159356469608
3 377 1568 378 0.29346391795971993 0.5143866834427022 0.5389159356469608
3 445 377 378 0.29346391795971993 0.5143866834427022 0.5389159356469608
3 378 446 445 0.29346391795971993 0.5143866834427022 0.5389159356469608
3 378 379 446 0.29346391795971993 0.5143866834427022 0.5389159356469608
3 378 1568 1569 0.29346391795971993 0.5143866834427022 0.5389159356469608
3 1569 379 378 0.29346391795971993 0.5143866834427022 0.5389159356469608
3 850 1238 851 0.29346391795971993 0.5143866834427022 0.5389159356469608
3 851 1317 1316 0.29346391795971993 0.5143866834427022 0.5389159356469608
3 1316 850 851 0.29346391795971993 0.5143866834427022 0.5389159356469608
3 851 852 1317 0.29346391795971993 0.5143866834427022 0.5389159356469608
3 1595 1237 1594 0.29346391795971993 0.5143866834427022 0.5389159356469608
3 1595 1238 1237 0.29346391795971993 0.5143866834427022 0.5389159356469608
3 1594 864 1595 0.29346391795971993 0.5143866834427022 0.5389159356469608
3 1595 864 865 0.29346391795971993 0.5143866834427022 0.5389159356469608
3 1238 1595 1596 0.29346391795971993 0.5143866834427022 0.5389159356469608
3 1596 866 1597 0.29346391795971993 0.5143866834427022 0.5389159356469608
3 865 866 1596 0.29346391795971993 0.5143866834427022 0.5389159356469608
3 1596 1595 865 0.29346391795971993 0.5143866834427022 0.5389159356469608
3 1311 1312 521 0.29346391795971993 0.5143866834427022 0.5389159356469608
3 129 130 521 0.29346391795971993 0.5143866834427022 0.5389159356469608
3 130 1311 521 0.29346391795971993 0.5143866834427022 0.5389159356469608
3 1048 1049 387 0.29346391795971993 0.5143866834427022 0.5389159356469608
3 387 386 1048 0.29346391795971993 0.5143866834427022 0.5389159356469608
3 1313 1312 847 0.29346391795971993 0.5143866834427022 0.5389159356469608
3 1313 848 1314 0.29346391795971993 0.5143866834427022 0.5389159356469608
3 847 848 1313 0.29346391795971993 0.5143866834427022 0.5389159356469608
3 274 76 77 0.29346391795971993 0.5143866834427022 0.5389159356469608
3 274 415 76 0.29346391795971993 0.5143866834427022 0.5389159356469608
3 570 144 416 0.29346391795971993 0.5143866834427022 0.5389159356469608
3 570 417 145 0.29346391795971993 0.5143866834427022 0.5389159356469608
3 145 681 570 0.29346391795971993 0.5143866834427022 0.5389159356469608
3 681 144 570 0.29346391795971993 0.5143866834427022 0.5389159356469608
3 680 144 134 0.29346391795971993 0.5143866834427022 0.5389159356469608
3 680 134 67 0.29346391795971993 0.5143866834427022 0.5389159356469608
3 680 68 143 0.29346391795971993 0.5143866834427022 0.5389159356469608
3 680 67 68 0.29346391795971993 0.5143866834427022 0.5389159356469608
3 416 144 569 0.29346391795971993 0.5143866834427022 0.5389159356469608
3 569 274 416 0.29346391795971993 0.5143866834427022 0.5389159356469608
3 415 274 569 0.29346391795971993 0.5143866834427022 0.5389159356469608
3 143 415 569 0.29346391795971993 0.5143866834427022 0.5389159356469608
3 569 680 143 0.29346391795971993 0.5143866834427022 0.5389159356469608
3 144 680 569 0.29346391795971993 0.5143866834427022 0.5389159356469608
3 79 163 78 0.29346391795971993 0.5143866834427022 0.5389159356469608
3 135 138 681 0.29346391795971993 0.5143866834427022 0.5389159356469608
3 135 681 145 0.29346391795971993 0.5143866834427022 0.5389159356469608
3 266 64 65 0.29346391795971993 0.5143866834427022 0.5389159356469608
3 266 139 790 0.29346391795971993 0.5143866834427022 0.5389159356469608
3 266 1082 64 0.29346391795971993 0.5143866834427022 0.5389159356469608
3 682 136 139 0.29346391795971993 0.5143866834427022 0.5389159356469608
3 682 135 145 0.29346391795971993 0.5143866834427022 0.5389159356469608
3 139 135 682 0.29346391795971993 0.5143866834427022 0.5389159356469608
3 145 571 682 0.29346391795971993 0.5143866834427022 0.5389159356469608
3 146 136 682 0.29346391795971993 0.5143866834427022 0.5389159356469608
3 682 571 146 0.29346391795971993 0.5143866834427022 0.5389159356469608
3 790 136 140 0.29346391795971993 0.5143866834427022 0.5389159356469608
3 140 137 791 0.29346391795971993 0.5143866834427022 0.5389159356469608
3 1021 1020 297 0.29346391795971993 0.5143866834427022 0.5389159356469608
3 297 811 1021 0.29346391795971993 0.5143866834427022 0.5389159356469608
3 810 811 297 0.29346391795971993 0.5143866834427022 0.5389159356469608
3 1423 367 1424 0.29346391795971993 0.5143866834427022 0.5389159356469608
3 1424 434 1423 0.29346391795971993 0.5143866834427022 0.5389159356469608
3 1423 434 358 0.29346391795971993 0.5143866834427022 0.5389159356469608
3 366 367 1423 0.29346391795971993 0.5143866834427022 0.5389159356469608
3 1423 1422 366 0.29346391795971993 0.5143866834427022 0.5389159356469608
3 358 1422 1423 0.29346391795971993 0.5143866834427022 0.5389159356469608
3 1213 1214 368 0.29346391795971993 0.5143866834427022 0.5389159356469608
3 1214 369 368 0.29346391795971993 0.5143866834427022 0.5389159356469608
3 921 371 922 0.29346391795971993 0.5143866834427022 0.5389159356469608
3 922 308 921 0.29346391795971993 0.5143866834427022 0.5389159356469608
3 921 308 307 0.29346391795971993 0.5143866834427022 0.5389159356469608
3 189 1272 1271 0.29346391795971993 0.5143866834427022 0.5389159356469608
3 370 1216 371 0.29346391795971993 0.5143866834427022 0.5389159356469608
3 371 921 370 0.29346391795971993 0.5143866834427022 0.5389159356469608
3 370 369 1215 0.29346391795971993 0.5143866834427022 0.5389159356469608
3 1215 1216 370 0.29346391795971993 0.5143866834427022 0.5389159356469608
3 1217 1216 439 0.29346391795971993 0.5143866834427022 0.5389159356469608
3 371 1216 1217 0.29346391795971993 0.5143866834427022 0.5389159356469608
3 1217 372 371 0.29346391795971993 0.5143866834427022 0.5389159356469608
3 1218 372 1217 0.29346391795971993 0.5143866834427022 0.5389159356469608
3 373 1218 1219 0.29346391795971993 0.5143866834427022 0.5389159356469608
3 373 372 1218 0.29346391795971993 0.5143866834427022 0.5389159356469608
3 373 923 372 0.29346391795971993 0.5143866834427022 0.5389159356469608
3 924 923 373 0.29346391795971993 0.5143866834427022 0.5389159356469608
3 310 924 311 0.29346391795971993 0.5143866834427022 0.5389159356469608
3 310 923 924 0.29346391795971993 0.5143866834427022 0.5389159356469608
3 1550 302 1549 0.29346391795971993 0.5143866834427022 0.5389159356469608
3 1548 310 1549 0.29346391795971993 0.5143866834427022 0.5389159356469608
3 1549 311 1550 0.29346391795971993 0.5143866834427022 0.5389159356469608
3 1549 310 311 0.29346391795971993 0.5143866834427022 0.5389159356469608
3 837 838 209 0.29346391795971993 0.5143866834427022 0.5389159356469608
3 209 208 837 0.29346391795971993 0.5143866834427022 0.5389159356469608
3 1105 208 209 0.29346391795971993 0.5143866834427022 0.5389159356469608
3 207 208 1104 0.29346391795971993 0.5143866834427022 0.5389159356469608
3 1104 1103 207 0.29346391795971993 0.5143866834427022 0.5389159356469608
3 835 836 207 0.29346391795971993 0.5143866834427022 0.5389159356469608
3 207 836 208 0.29346391795971993 0.5143866834427022 0.5389159356469608
3 810 297 809 0.29346391795971993 0.5143866834427022 0.5389159356469608
3 295 294 807 0.29346391795971993 0.5143866834427022 0.5389159356469608
3 807 294 806 0.29346391795971993 0.5143866834427022 0.5389159356469608
3 1274 186 185 0.29346391795971993 0.5143866834427022 0.5389159356469608
3 184 1273 185 0.29346391795971993 0.5143866834427022 0.5389159356469608
3 185 1273 1274 0.29346391795971993 0.5143866834427022 0.5389159356469608
3 806 184 185 0.29346391795971993 0.5143866834427022 0.5389159356469608
3 185 807 806 0.29346391795971993 0.5143866834427022 0.5389159356469608
3 186 807 185 0.29346391795971993 0.5143866834427022 0.5389159356469608
3 194 193 821 0.29346391795971993 0.5143866834427022 0.5389159356469608
3 1275 186 1274 0.29346391795971993 0.5143866834427022 0.5389159356469608
3 192 1274 191 0.29346391795971993 0.5143866834427022 0.5389159356469608
3 820 193 192 0.29346391795971993 0.5143866834427022 0.5389159356469608
3 192 1275 1274 0.29346391795971993 0.5143866834427022 0.5389159356469608
3 193 1275 192 0.29346391795971993 0.5143866834427022 0.5389159356469608
3 812 1280 813 0.29346391795971993 0.5143866834427022 0.5389159356469608
3 813 1023 812 0.29346391795971993 0.5143866834427022 0.5389159356469608
3 813 1024 1023 0.29346391795971993 0.5143866834427022 0.5389159356469608
3 376 375 1221 0.29346391795971993 0.5143866834427022 0.5389159356469608
3 444 1222 1221 0.29346391795971993 0.5143866834427022 0.5389159356469608
3 1221 1222 376 0.29346391795971993 0.5143866834427022 0.5389159356469608
3 311 924 925 0.29346391795971993 0.5143866834427022 0.5389159356469608
3 925 312 311 0.29346391795971993 0.5143866834427022 0.5389159356469608
3 304 836 303 0.29346391795971993 0.5143866834427022 0.5389159356469608
3 303 302 1550 0.29346391795971993 0.5143866834427022 0.5389159356469608
3 835 302 303 0.29346391795971993 0.5143866834427022 0.5389159356469608
3 303 836 835 0.29346391795971993 0.5143866834427022 0.5389159356469608
3 1286 1028 1285 0.29346391795971993 0.5143866834427022 0.5389159356469608
3 1029 1028 1286 0.29346391795971993 0.5143866834427022 0.5389159356469608
3 844 1114 1113 0.29346391795971993 0.5143866834427022 0.5389159356469608
3 1560 1114 844 0.29346391795971993 0.5143866834427022 0.5389159356469608
3 1564 1456 1565 0.29346391795971993 0.5143866834427022 0.5389159356469608
3 1588 1587 1610 0.29346391795971993 0.5143866834427022 0.5389159356469608
3 1588 1456 1587 0.29346391795971993 0.5143866834427022 0.5389159356469608
3 1588 1565 1456 0.29346391795971993 0.5143866834427022 0.5389159356469608
3 1566 1565 1588 0.29346391795971993 0.5143866834427022 0.5389159356469608
3 1610 1478 1588 0.29346391795971993 0.5143866834427022 0.5389159356469608
3 1588 1478 1500 0.29346391795971993 0.5143866834427022 0.5389159356469608
3 1433 1029 1288 0.29346391795971993 0.5143866834427022 0.5389159356469608
3 1433 1432 1029 0.29346391795971993 0.5143866834427022 0.5389159356469608
3 1110 1109 841 0.29346391795971993 0.5143866834427022 0.5389159356469608
3 841 842 1110 0.29346391795971993 0.5143866834427022 0.5389159356469608
3 1110 842 1111 0.29346391795971993 0.5143866834427022 0.5389159356469608
3 1111 827 1110 0.29346391795971993 0.5143866834427022 0.5389159356469608
3 826 1109 1110 0.29346391795971993 0.5143866834427022 0.5389159356469608
3 1110 827 826 0.29346391795971993 0.5143866834427022 0.5389159356469608
3 838 305 839 0.29346391795971993 0.5143866834427022 0.5389159356469608
3 1553 1554 839 0.29346391795971993 0.5143866834427022 0.5389159356469608
3 839 305 1553 0.29346391795971993 0.5143866834427022 0.5389159356469608
3 1555 1554 929 0.29346391795971993 0.5143866834427022 0.5389159356469608
3 1008 1009 1223 0.29346391795971993 0.5143866834427022 0.5389159356469608
3 1223 1222 1008 0.29346391795971993 0.5143866834427022 0.5389159356469608
3 1553 305 1552 0.29346391795971993 0.5143866834427022 0.5389159356469608
3 1552 313 1553 0.29346391795971993 0.5143866834427022 0.5389159356469608
3 1552 305 304 0.29346391795971993 0.5143866834427022 0.5389159356469608
3 927 1222 1223 0.29346391795971993 0.5143866834427022 0.5389159356469608
3 1223 928 927 0.29346391795971993 0.5143866834427022 0.5389159356469608
3 376 1222 927 0.29346391795971993 0.5143866834427022 0.5389159356469608
3 1553 313 927 0.29346391795971993 0.5143866834427022 0.5389159356469608
3 927 928 1553 0.29346391795971993 0.5143866834427022 0.5389159356469608
3 704 1302 1303 0.29346391795971993 0.5143866834427022 0.5389159356469608
3 1040 1302 704 0.29346391795971993 0.5143866834427022 0.5389159356469608
3 1037 1038 611 0.29346391795971993 0.5143866834427022 0.5389159356469608
3 611 1038 612 0.29346391795971993 0.5143866834427022 0.5389159356469608
3 612 613 1444 0.29346391795971993 0.5143866834427022 0.5389159356469608
3 1583 948 1582 0.29346391795971993 0.5143866834427022 0.5389159356469608
3 947 948 1304 0.29346391795971993 0.5143866834427022 0.5389159356469608
3 947 1304 1303 0.29346391795971993 0.5143866834427022 0.5389159356469608
3 1303 946 947 0.29346391795971993 0.5143866834427022 0.5389159356469608
3 947 946 718 0.29346391795971993 0.5143866834427022 0.5389159356469608
3 718 1581 947 0.29346391795971993 0.5143866834427022 0.5389159356469608
3 947 1581 1582 0.29346391795971993 0.5143866834427022 0.5389159356469608
3 1582 948 947 0.29346391795971993 0.5143866834427022 0.5389159356469608
3 1582 1581 1062 0.29346391795971993 0.5143866834427022 0.5389159356469608
3 1581 1061 1062 0.29346391795971993 0.5143866834427022 0.5389159356469608
3 1306 1044 1305 0.29346391795971993 0.5143866834427022 0.5389159356469608
3 1305 948 1306 0.29346391795971993 0.5143866834427022 0.5389159356469608
3 948 1583 1306 0.29346391795971993 0.5143866834427022 0.5389159356469608
3 1448 1044 1449 0.29346391795971993 0.5143866834427022 0.5389159356469608
3 1009 1008 1449 0.29346391795971993 0.5143866834427022 0.5389159356469608
3 1449 1008 1448 0.29346391795971993 0.5143866834427022 0.5389159356469608
3 1449 1044 1450 0.29346391795971993 0.5143866834427022 0.5389159356469608
3 1607 1328 1249 0.29346391795971993 0.5143866834427022 0.5389159356469608
3 1045 1451 1450 0.29346391795971993 0.5143866834427022 0.5389159356469608
3 1450 1044 1045 0.29346391795971993 0.5143866834427022 0.5389159356469608
3 1045 1306 1307 0.29346391795971993 0.5143866834427022 0.5389159356469608
3 1044 1306 1045 0.29346391795971993 0.5143866834427022 0.5389159356469608
3 705 615 1041 0.29346391795971993 0.5143866834427022 0.5389159356469608
3 615 614 1041 0.29346391795971993 0.5143866834427022 0.5389159356469608
3 1041 1303 705 0.29346391795971993 0.5143866834427022 0.5389159356469608
3 1041 704 1303 0.29346391795971993 0.5143866834427022 0.5389159356469608
3 1041 614 1040 0.29346391795971993 0.5143866834427022 0.5389159356469608
3 1040 704 1041 0.29346391795971993 0.5143866834427022 0.5389159356469608
3 1043 1042 1305 0.29346391795971993 0.5143866834427022 0.5389159356469608
3 1305 1044 1043 0.29346391795971993 0.5143866834427022 0.5389159356469608
3 1043 1044 1448 0.29346391795971993 0.5143866834427022 0.5389159356469608
3 1043 1448 1447 0.29346391795971993 0.5143866834427022 0.5389159356469608
3 1447 1042 1043 0.29346391795971993 0.5143866834427022 0.5389159356469608
3 508 509 1006 0.29346391795971993 0.5143866834427022 0.5389159356469608
3 1446 509 508 0.29346391795971993 0.5143866834427022 0.5389159356469608
3 1446 614 615 0.29346391795971993 0.5143866834427022 0.5389159356469608
3 1446 615 1447 0.29346391795971993 0.5143866834427022 0.5389159356469608
3 1447 509 1446 0.29346391795971993 0.5143866834427022 0.5389159356469608
3 1446 508 1445 0.29346391795971993 0.5143866834427022 0.5389159356469608
3 1445 614 1446 0.29346391795971993 0.5143866834427022 0.5389159356469608
3 1005 507 508 0.29346391795971993 0.5143866834427022 0.5389159356469608
3 508 1006 1005 0.29346391795971993 0.5143866834427022 0.5389159356469608
3 1004 507 1005 0.29346391795971993 0.5143866834427022 0.5389159356469608
3 1005 442 1004 0.29346391795971993 0.5143866834427022 0.5389159356469608
3 606 1438 1437 0.29346391795971993 0.5143866834427022 0.5389159356469608
3 606 1437 605 0.29346391795971993 0.5143866834427022 0.5389159356469608
3 606 1032 1033 0.29346391795971993 0.5143866834427022 0.5389159356469608
3 605 1032 606 0.29346391795971993 0.5143866834427022 0.5389159356469608
3 1001 504 1002 0.29346391795971993 0.5143866834427022 0.5389159356469608
3 1001 439 438 0.29346391795971993 0.5143866834427022 0.5389159356469608
3 1001 1002 439 0.29346391795971993 0.5143866834427022 0.5389159356469608
3 1442 505 504 0.29346391795971993 0.5143866834427022 0.5389159356469608
3 937 1294 1293 0.29346391795971993 0.5143866834427022 0.5389159356469608
3 938 1294 937 0.29346391795971993 0.5143866834427022 0.5389159356469608
3 1295 1296 697 0.29346391795971993 0.5143866834427022 0.5389159356469608
3 697 696 1295 0.29346391795971993 0.5143866834427022 0.5389159356469608
3 1033 696 697 0.29346391795971993 0.5143866834427022 0.5389159356469608
3 697 1296 698 0.29346391795971993 0.5143866834427022 0.5389159356469608
3 697 1034 1033 0.29346391795971993 0.5143866834427022 0.5389159356469608
3 698 1034 697 0.29346391795971993 0.5143866834427022 0.5389159356469608
3 708 707 618 0.29346391795971993 0.5143866834427022 0.5389159356469608
3 935 707 708 0.29346391795971993 0.5143866834427022 0.5389159356469608
3 712 711 622 0.29346391795971993 0.5143866834427022 0.5389159356469608
3 517 623 622 0.29346391795971993 0.5143866834427022 0.5389159356469608
3 622 623 712 0.29346391795971993 0.5143866834427022 0.5389159356469608
3 713 624 714 0.29346391795971993 0.5143866834427022 0.5389159356469608
3 714 624 625 0.29346391795971993 0.5143866834427022 0.5389159356469608
3 700 1298 1299 0.29346391795971993 0.5143866834427022 0.5389159356469608
3 1298 942 1299 0.29346391795971993 0.5143866834427022 0.5389159356469608
3 1038 1037 701 0.29346391795971993 0.5143866834427022 0.5389159356469608
3 701 1037 700 0.29346391795971993 0.5143866834427022 0.5389159356469608
3 700 1299 701 0.29346391795971993 0.5143866834427022 0.5389159356469608
3 943 1299 942 0.29346391795971993 0.5143866834427022 0.5389159356469608
3 941 942 1298 0.29346391795971993 0.5143866834427022 0.5389159356469608
3 941 940 713 0.29346391795971993 0.5143866834427022 0.5389159356469608
3 713 714 941 0.29346391795971993 0.5143866834427022 0.5389159356469608
3 941 714 942 0.29346391795971993 0.5143866834427022 0.5389159356469608
3 698 1296 1297 0.29346391795971993 0.5143866834427022 0.5389159356469608
3 1296 940 1297 0.29346391795971993 0.5143866834427022 0.5389159356469608
3 1297 699 698 0.29346391795971993 0.5143866834427022 0.5389159356469608
3 1298 699 1297 0.29346391795971993 0.5143866834427022 0.5389159356469608
3 1297 941 1298 0.29346391795971993 0.5143866834427022 0.5389159356469608
3 940 941 1297 0.29346391795971993 0.5143866834427022 0.5389159356469608
3 383 384 451 0.29346391795971993 0.5143866834427022 0.5389159356469608
3 451 450 383 0.29346391795971993 0.5143866834427022 0.5389159356469608
3 382 1573 383 0.29346391795971993 0.5143866834427022 0.5389159356469608
3 383 450 382 0.29346391795971993 0.5143866834427022 0.5389159356469608
3 392 1573 1572 0.29346391795971993 0.5143866834427022 0.5389159356469608
3 1577 454 1576 0.29346391795971993 0.5143866834427022 0.5389159356469608
3 1576 454 453 0.29346391795971993 0.5143866834427022 0.5389159356469608
3 385 452 384 0.29346391795971993 0.5143866834427022 0.5389159356469608
3 384 1575 385 0.29346391795971993 0.5143866834427022 0.5389159356469608
3 453 452 385 0.29346391795971993 0.5143866834427022 0.5389159356469608
3 385 1576 453 0.29346391795971993 0.5143866834427022 0.5389159356469608
3 1575 1576 385 0.29346391795971993 0.5143866834427022 0.5389159356469608
3 1569 389 1570 0.29346391795971993 0.5143866834427022 0.5389159356469608
3 380 379 1570 0.29346391795971993 0.5143866834427022 0.5389159356469608
3 1570 379 1569 0.29346391795971993 0.5143866834427022 0.5389159356469608
3 1570 389 390 0.29346391795971993 0.5143866834427022 0.5389159356469608
3 1570 1571 380 0.29346391795971993 0.5143866834427022 0.5389159356469608
3 390 1571 1570 0.29346391795971993 0.5143866834427022 0.5389159356469608
3 381 1571 1572 0.29346391795971993 0.5143866834427022 0.5389159356469608
3 381 1572 382 0.29346391795971993 0.5143866834427022 0.5389159356469608
3 382 449 381 0.29346391795971993 0.5143866834427022 0.5389159356469608
3 380 1571 381 0.29346391795971993 0.5143866834427022 0.5389159356469608
3 381 448 380 0.29346391795971993 0.5143866834427022 0.5389159356469608
3 449 448 381 0.29346391795971993 0.5143866834427022 0.5389159356469608
3 745 744 1148 0.29346391795971993 0.5143866834427022 0.5389159356469608
3 1169 679 1170 0.29346391795971993 0.5143866834427022 0.5389159356469608
3 1152 1367 1151 0.29346391795971993 0.5143866834427022 0.5389159356469608
3 1474 1473 1134 0.29346391795971993 0.5143866834427022 0.5389159356469608
3 1133 1367 1134 0.29346391795971993 0.5143866834427022 0.5389159356469608
3 1134 1473 1133 0.29346391795971993 0.5143866834427022 0.5389159356469608
3 1607 1350 1608 0.29346391795971993 0.5143866834427022 0.5389159356469608
3 1608 1609 1330 0.29346391795971993 0.5143866834427022 0.5389159356469608
3 1608 1350 1351 0.29346391795971993 0.5143866834427022 0.5389159356469608
3 1351 1609 1608 0.29346391795971993 0.5143866834427022 0.5389159356469608
3 42 43 1373 0.29346391795971993 0.5143866834427022 0.5389159356469608
3 43 556 1373 0.29346391795971993 0.5143866834427022 0.5389159356469608
3 44 45 466 0.29346391795971993 0.5143866834427022 0.5389159356469608
3 466 556 44 0.29346391795971993 0.5143866834427022 0.5389159356469608
3 468 467 1176 0.29346391795971993 0.5143866834427022 0.5389159356469608
3 558 468 559 0.29346391795971993 0.5143866834427022 0.5389159356469608
3 467 468 558 0.29346391795971993 0.5143866834427022 0.5389159356469608
3 1147 1146 756 0.29346391795971993 0.5143866834427022 0.5389159356469608
3 1148 744 1147 0.29346391795971993 0.5143866834427022 0.5389159356469608
3 1147 744 743 0.29346391795971993 0.5143866834427022 0.5389159356469608
3 743 1146 1147 0.29346391795971993 0.5143866834427022 0.5389159356469608
3 743 1362 742 0.29346391795971993 0.5143866834427022 0.5389159356469608
3 742 1146 743 0.29346391795971993 0.5143866834427022 0.5389159356469608
3 666 1492 1491 0.29346391795971993 0.5143866834427022 0.5389159356469608
3 1375 558 1376 0.29346391795971993 0.5143866834427022 0.5389159356469608
3 1376 558 559 0.29346391795971993 0.5143866834427022 0.5389159356469608
3 1489 758 757 0.29346391795971993 0.5143866834427022 0.5389159356469608
3 757 1488 1489 0.29346391795971993 0.5143866834427022 0.5389159356469608
3 757 758 1148 0.29346391795971993 0.5143866834427022 0.5389159356469608
3 756 1488 757 0.29346391795971993 0.5143866834427022 0.5389159356469608
3 1148 1147 757 0.29346391795971993 0.5143866834427022 0.5389159356469608
3 757 1147 756 0.29346391795971993 0.5143866834427022 0.5389159356469608
3 1491 1490 665 0.29346391795971993 0.5143866834427022 0.5389159356469608
3 665 666 1491 0.29346391795971993 0.5143866834427022 0.5389159356469608
3 1167 666 665 0.29346391795971993 0.5143866834427022 0.5389159356469608
3 1187 1387 1386 0.29346391795971993 0.5143866834427022 0.5389159356469608
3 1188 1387 1187 0.29346391795971993 0.5143866834427022 0.5389159356469608
3 1384 566 567 0.29346391795971993 0.5143866834427022 0.5389159356469608
3 567 1385 1384 0.29346391795971993 0.5143866834427022 0.5389159356469608
3 1386 1385 567 0.29346391795971993 0.5143866834427022 0.5389159356469608
3 567 1187 1386 0.29346391795971993 0.5143866834427022 0.5389159356469608
3 1075 1343 1342 0.29346391795971993 0.5143866834427022 0.5389159356469608
3 1076 1343 1075 0.29346391795971993 0.5143866834427022 0.5389159356469608
3 1342 465 1075 0.29346391795971993 0.5143866834427022 0.5389159356469608
3 465 1074 1075 0.29346391795971993 0.5143866834427022 0.5389159356469608
3 1597 866 867 0.29346391795971993 0.5143866834427022 0.5389159356469608
3 540 868 867 0.29346391795971993 0.5143866834427022 0.5389159356469608
3 867 1598 1597 0.29346391795971993 0.5143866834427022 0.5389159356469608
3 867 868 1598 0.29346391795971993 0.5143866834427022 0.5389159356469608
3 541 868 540 0.29346391795971993 0.5143866834427022 0.5389159356469608
3 1598 868 1599 0.29346391795971993 0.5143866834427022 0.5389159356469608
3 1241 1598 1599 0.29346391795971993 0.5143866834427022 0.5389159356469608
3 1471 963 1470 0.29346391795971993 0.5143866834427022 0.5389159356469608
3 653 1130 1470 0.29346391795971993 0.5143866834427022 0.5389159356469608
3 1470 1131 1471 0.29346391795971993 0.5143866834427022 0.5389159356469608
3 1130 1131 1470 0.29346391795971993 0.5143866834427022 0.5389159356469608
3 1603 1602 872 0.29346391795971993 0.5143866834427022 0.5389159356469608
3 1603 1604 1246 0.29346391795971993 0.5143866834427022 0.5389159356469608
3 1246 1245 1603 0.29346391795971993 0.5143866834427022 0.5389159356469608
3 1245 1602 1603 0.29346391795971993 0.5143866834427022 0.5389159356469608
3 1077 1078 1345 0.29346391795971993 0.5143866834427022 0.5389159356469608
3 1345 1344 1077 0.29346391795971993 0.5143866834427022 0.5389159356469608
3 1345 1078 1346 0.29346391795971993 0.5143866834427022 0.5389159356469608
3 1601 1600 870 0.29346391795971993 0.5143866834427022 0.5389159356469608
3 870 871 1601 0.29346391795971993 0.5143866834427022 0.5389159356469608
3 1325 1061 1060 0.29346391795971993 0.5143866834427022 0.5389159356469608
3 1060 1324 1325 0.29346391795971993 0.5143866834427022 0.5389159356469608
3 1325 1324 1246 0.29346391795971993 0.5143866834427022 0.5389159356469608
3 858 1324 1323 0.29346391795971993 0.5143866834427022 0.5389159356469608
3 858 857 1245 0.29346391795971993 0.5143866834427022 0.5389159356469608
3 1323 857 858 0.29346391795971993 0.5143866834427022 0.5389159356469608
3 858 1245 1246 0.29346391795971993 0.5143866834427022 0.5389159356469608
3 1246 1324 858 0.29346391795971993 0.5143866834427022 0.5389159356469608
3 1057 1058 1577 0.29346391795971993 0.5143866834427022 0.5389159356469608
3 1577 1576 1057 0.29346391795971993 0.5143866834427022 0.5389159356469608
3 1244 1602 1245 0.29346391795971993 0.5143866834427022 0.5389159356469608
3 1245 857 1244 0.29346391795971993 0.5143866834427022 0.5389159356469608
3 1601 1602 1244 0.29346391795971993 0.5143866834427022 0.5389159356469608
3 1244 1243 1601 0.29346391795971993 0.5143866834427022 0.5389159356469608
3 1586 1609 1587 0.29346391795971993 0.5143866834427022 0.5389159356469608
3 1330 1609 1586 0.29346391795971993 0.5143866834427022 0.5389159356469608
3 1587 1310 1586 0.29346391795971993 0.5143866834427022 0.5389159356469608
3 1586 1585 1330 0.29346391795971993 0.5143866834427022 0.5389159356469608
3 1250 1328 1607 0.29346391795971993 0.5143866834427022 0.5389159356469608
3 1607 1608 1250 0.29346391795971993 0.5143866834427022 0.5389159356469608
3 1349 1081 1474 0.29346391795971993 0.5143866834427022 0.5389159356469608
3 1349 1350 1607 0.29346391795971993 0.5143866834427022 0.5389159356469608
3 1473 1081 1080 0.29346391795971993 0.5143866834427022 0.5389159356469608
3 1080 1079 964 0.29346391795971993 0.5143866834427022 0.5389159356469608
3 964 1472 1080 0.29346391795971993 0.5143866834427022 0.5389159356469608
3 1472 1473 1080 0.29346391795971993 0.5143866834427022 0.5389159356469608
3 1144 741 740 0.29346391795971993 0.5143866834427022 0.5389159356469608
3 740 1143 1144 0.29346391795971993 0.5143866834427022 0.5389159356469608
3 1468 640 639 0.29346391795971993 0.5143866834427022 0.5389159356469608
3 1129 1130 653 0.29346391795971993 0.5143866834427022 0.5389159356469608
3 730 1130 1129 0.29346391795971993 0.5143866834427022 0.5389159356469608
3 741 742 1361 0.29346391795971993 0.5143866834427022 0.5389159356469608
3 1361 742 1362 0.29346391795971993 0.5143866834427022 0.5389159356469608
3 1375 1376 547 0.29346391795971993 0.5143866834427022 0.5389159356469608
3 662 1488 1487 0.29346391795971993 0.5143866834427022 0.5389159356469608
3 1487 1488 756 0.29346391795971993 0.5143866834427022 0.5389159356469608
3 658 657 1159 0.29346391795971993 0.5143866834427022 0.5389159356469608
3 1146 742 1145 0.29346391795971993 0.5143866834427022 0.5389159356469608
3 1145 741 1144 0.29346391795971993 0.5143866834427022 0.5389159356469608
3 1145 742 741 0.29346391795971993 0.5143866834427022 0.5389159356469608
3 1143 1142 752 0.29346391795971993 0.5143866834427022 0.5389159356469608
3 55 56 889 0.29346391795971993 0.5143866834427022 0.5389159356469608
3 967 966 334 0.29346391795971993 0.5143866834427022 0.5389159356469608
3 879 224 880 0.29346391795971993 0.5143866834427022 0.5389159356469608
3 879 223 224 0.29346391795971993 0.5143866834427022 0.5389159356469608
3 223 879 878 0.29346391795971993 0.5143866834427022 0.5389159356469608
3 433 434 601 0.29346391795971993 0.5143866834427022 0.5389159356469608
3 601 600 433 0.29346391795971993 0.5143866834427022 0.5389159356469608
3 601 913 600 0.29346391795971993 0.5143866834427022 0.5389159356469608
3 601 434 602 0.29346391795971993 0.5143866834427022 0.5389159356469608
3 601 602 914 0.29346391795971993 0.5143866834427022 0.5389159356469608
3 914 913 601 0.29346391795971993 0.5143866834427022 0.5389159356469608
3 363 364 1420 0.29346391795971993 0.5143866834427022 0.5389159356469608
3 1420 1419 363 0.29346391795971993 0.5143866834427022 0.5389159356469608
3 357 356 1421 0.29346391795971993 0.5143866834427022 0.5389159356469608
3 1421 1422 357 0.29346391795971993 0.5143866834427022 0.5389159356469608
3 356 1420 1421 0.29346391795971993 0.5143866834427022 0.5389159356469608
3 1421 1420 364 0.29346391795971993 0.5143866834427022 0.5389159356469608
3 432 431 356 0.29346391795971993 0.5143866834427022 0.5389159356469608
3 432 356 357 0.29346391795971993 0.5143866834427022 0.5389159356469608
3 432 357 433 0.29346391795971993 0.5143866834427022 0.5389159356469608
3 433 600 432 0.29346391795971993 0.5143866834427022 0.5389159356469608
3 349 913 1203 0.29346391795971993 0.5143866834427022 0.5389159356469608
3 590 992 991 0.29346391795971993 0.5143866834427022 0.5389159356469608
3 990 589 991 0.29346391795971993 0.5143866834427022 0.5389159356469608
3 991 589 590 0.29346391795971993 0.5143866834427022 0.5389159356469608
3 991 992 1534 0.29346391795971993 0.5143866834427022 0.5389159356469608
3 1425 1424 1021 0.29346391795971993 0.5143866834427022 0.5389159356469608
3 1021 1022 1425 0.29346391795971993 0.5143866834427022 0.5389159356469608
3 918 1209 1208 0.29346391795971993 0.5143866834427022 0.5389159356469608
3 917 1207 916 0.29346391795971993 0.5143866834427022 0.5389159356469608
3 918 1208 917 0.29346391795971993 0.5143866834427022 0.5389159356469608
3 917 1208 1207 0.29346391795971993 0.5143866834427022 0.5389159356469608
3 830 1114 1285 0.29346391795971993 0.5143866834427022 0.5389159356469608
3 830 829 1113 0.29346391795971993 0.5143866834427022 0.5389159356469608
3 1113 1114 830 0.29346391795971993 0.5143866834427022 0.5389159356469608
3 1430 1429 1027 0.29346391795971993 0.5143866834427022 0.5389159356469608
3 1430 1028 1431 0.29346391795971993 0.5143866834427022 0.5389159356469608
3 1027 1028 1430 0.29346391795971993 0.5143866834427022 0.5389159356469608
3 1430 1209 918 0.29346391795971993 0.5143866834427022 0.5389159356469608
3 918 1429 1430 0.29346391795971993 0.5143866834427022 0.5389159356469608
3 1534 992 1535 0.29346391795971993 0.5143866834427022 0.5389159356469608
3 1535 992 993 0.29346391795971993 0.5143866834427022 0.5389159356469608
3 267 140 791 0.29346391795971993 0.5143866834427022 0.5389159356469608
3 790 140 267 0.29346391795971993 0.5143866834427022 0.5389159356469608
3 267 266 790 0.29346391795971993 0.5143866834427022 0.5389159356469608
3 1082 266 267 0.29346391795971993 0.5143866834427022 0.5389159356469608
3 250 60 61 0.29346391795971993 0.5143866834427022 0.5389159356469608
3 61 775 250 0.29346391795971993 0.5143866834427022 0.5389159356469608
3 684 137 147 0.29346391795971993 0.5143866834427022 0.5389159356469608
3 418 571 276 0.29346391795971993 0.5143866834427022 0.5389159356469608
3 146 571 418 0.29346391795971993 0.5143866834427022 0.5389159356469608
3 275 570 416 0.29346391795971993 0.5143866834427022 0.5389159356469608
3 417 570 275 0.29346391795971993 0.5143866834427022 0.5389159356469608
3 158 580 159 0.29346391795971993 0.5143866834427022 0.5389159356469608
3 981 83 158 0.29346391795971993 0.5143866834427022 0.5389159356469608
3 154 153 981 0.29346391795971993 0.5143866834427022 0.5389159356469608
3 149 153 489 0.29346391795971993 0.5143866834427022 0.5389159356469608
3 149 1525 165 0.29346391795971993 0.5143866834427022 0.5389159356469608
3 489 1525 149 0.29346391795971993 0.5143866834427022 0.5389159356469608
3 150 1525 489 0.29346391795971993 0.5143866834427022 0.5389159356469608
3 150 154 490 0.29346391795971993 0.5143866834427022 0.5389159356469608
3 489 154 150 0.29346391795971993 0.5143866834427022 0.5389159356469608
3 490 1526 150 0.29346391795971993 0.5143866834427022 0.5389159356469608
3 166 1525 150 0.29346391795971993 0.5143866834427022 0.5389159356469608
3 150 1526 166 0.29346391795971993 0.5143866834427022 0.5389159356469608
3 573 685 684 0.29346391795971993 0.5143866834427022 0.5389159356469608
3 684 147 573 0.29346391795971993 0.5143866834427022 0.5389159356469608
3 420 574 573 0.29346391795971993 0.5143866834427022 0.5389159356469608
3 573 574 685 0.29346391795971993 0.5143866834427022 0.5389159356469608
3 573 147 419 0.29346391795971993 0.5143866834427022 0.5389159356469608
3 156 492 152 0.29346391795971993 0.5143866834427022 0.5389159356469608
3 156 157 492 0.29346391795971993 0.5143866834427022 0.5389159356469608
3 1259 233 897 0.29346391795971993 0.5143866834427022 0.5389159356469608
3 897 233 896 0.29346391795971993 0.5143866834427022 0.5389159356469608
3 896 233 232 0.29346391795971993 0.5143866834427022 0.5389159356469608
3 780 264 781 0.29346391795971993 0.5143866834427022 0.5389159356469608
3 264 1089 781 0.29346391795971993 0.5143866834427022 0.5389159356469608
3 255 1399 1398 0.29346391795971993 0.5143866834427022 0.5389159356469608
3 255 254 780 0.29346391795971993 0.5143866834427022 0.5389159356469608
3 1398 254 255 0.29346391795971993 0.5143866834427022 0.5389159356469608
3 780 781 255 0.29346391795971993 0.5143866834427022 0.5389159356469608
3 273 1088 796 0.29346391795971993 0.5143866834427022 0.5389159356469608
3 264 1088 273 0.29346391795971993 0.5143866834427022 0.5389159356469608
3 273 1089 264 0.29346391795971993 0.5143866834427022 0.5389159356469608
3 795 1087 271 0.29346391795971993 0.5143866834427022 0.5389159356469608
3 272 1087 795 0.29346391795971993 0.5143866834427022 0.5389159356469608
3 795 796 272 0.29346391795971993 0.5143866834427022 0.5389159356469608
3 796 1088 272 0.29346391795971993 0.5143866834427022 0.5389159356469608
3 688 423 577 0.29346391795971993 0.5143866834427022 0.5389159356469608
3 989 588 990 0.29346391795971993 0.5143866834427022 0.5389159356469608
3 990 497 989 0.29346391795971993 0.5143866834427022 0.5389159356469608
3 1511 487 414 0.29346391795971993 0.5143866834427022 0.5389159356469608
3 413 1509 414 0.29346391795971993 0.5143866834427022 0.5389159356469608
3 975 1511 974 0.29346391795971993 0.5143866834427022 0.5389159356469608
3 486 487 1185 0.29346391795971993 0.5143866834427022 0.5389159356469608
3 486 414 487 0.29346391795971993 0.5143866834427022 0.5389159356469608
3 486 485 413 0.29346391795971993 0.5143866834427022 0.5389159356469608
3 413 414 486 0.29346391795971993 0.5143866834427022 0.5389159356469608
3 478 406 479 0.29346391795971993 0.5143866834427022 0.5389159356469608
3 327 1505 326 0.29346391795971993 0.5143866834427022 0.5389159356469608
3 325 968 326 0.29346391795971993 0.5143866834427022 0.5389159356469608
3 326 968 969 0.29346391795971993 0.5143866834427022 0.5389159356469608
3 969 327 326 0.29346391795971993 0.5143866834427022 0.5389159356469608
3 1503 1502 325 0.29346391795971993 0.5143866834427022 0.5389159356469608
3 1408 1407 1096 0.29346391795971993 0.5143866834427022 0.5389159356469608
3 1263 1264 886 0.29346391795971993 0.5143866834427022 0.5389159356469608
3 902 1264 1263 0.29346391795971993 0.5143866834427022 0.5389159356469608
3 1263 901 902 0.29346391795971993 0.5143866834427022 0.5389159356469608
3 880 224 225 0.29346391795971993 0.5143866834427022 0.5389159356469608
3 225 881 880 0.29346391795971993 0.5143866834427022 0.5389159356469608
3 331 1509 330 0.29346391795971993 0.5143866834427022 0.5389159356469608
3 331 973 974 0.29346391795971993 0.5143866834427022 0.5389159356469608
3 1506 328 1507 0.29346391795971993 0.5143866834427022 0.5389159356469608
3 339 338 881 0.29346391795971993 0.5143866834427022 0.5389159356469608
3 338 339 971 0.29346391795971993 0.5143866834427022 0.5389159356469608
3 1174 1391 1498 0.29346391795971993 0.5143866834427022 0.5389159356469608
3 1390 1391 1174 0.29346391795971993 0.5143866834427022 0.5389159356469608
3 1174 1498 1497 0.29346391795971993 0.5143866834427022 0.5389159356469608
3 1497 1173 1174 0.29346391795971993 0.5143866834427022 0.5389159356469608
3 1174 1173 1390 0.29346391795971993 0.5143866834427022 0.5389159356469608
3 1372 1498 1499 0.29346391795971993 0.5143866834427022 0.5389159356469608
3 1499 1478 1372 0.29346391795971993 0.5143866834427022 0.5389159356469608
3 1500 1478 1499 0.29346391795971993 0.5143866834427022 0.5389159356469608
3 1499 1393 1500 0.29346391795971993 0.5143866834427022 0.5389159356469608
3 1517 1191 1516 0.29346391795971993 0.5143866834427022 0.5389159356469608
3 1389 1191 1390 0.29346391795971993 0.5143866834427022 0.5389159356469608
3 1389 1173 1388 0.29346391795971993 0.5143866834427022 0.5389159356469608
3 1390 1173 1389 0.29346391795971993 0.5143866834427022 0.5389159356469608
3 1431 1432 1211 0.29346391795971993 0.5143866834427022 0.5389159356469608
3 594 593 426 0.29346391795971993 0.5143866834427022 0.5389159356469608
3 426 427 594 0.29346391795971993 0.5143866834427022 0.5389159356469608
3 427 595 594 0.29346391795971993 0.5143866834427022 0.5389159356469608
3 169 85 86 0.29346391795971993 0.5143866834427022 0.5389159356469608
3 169 580 85 0.29346391795971993 0.5143866834427022 0.5389159356469608
3 425 592 91 0.29346391795971993 0.5143866834427022 0.5389159356469608
3 425 593 592 0.29346391795971993 0.5143866834427022 0.5389159356469608
3 425 91 92 0.29346391795971993 0.5143866834427022 0.5389159356469608
3 426 593 425 0.29346391795971993 0.5143866834427022 0.5389159356469608
3 92 350 425 0.29346391795971993 0.5143866834427022 0.5389159356469608
3 425 350 426 0.29346391795971993 0.5143866834427022 0.5389159356469608
3 397 396 315 0.29346391795971993 0.5143866834427022 0.5389159356469608
3 315 316 397 0.29346391795971993 0.5143866834427022 0.5389159356469608
3 534 396 397 0.29346391795971993 0.5143866834427022 0.5389159356469608
3 397 316 398 0.29346391795971993 0.5143866834427022 0.5389159356469608
3 398 535 397 0.29346391795971993 0.5143866834427022 0.5389159356469608
3 397 535 534 0.29346391795971993 0.5143866834427022 0.5389159356469608
3 632 953 631 0.29346391795971993 0.5143866834427022 0.5389159356469608
3 1067 951 952 0.29346391795971993 0.5143866834427022 0.5389159356469608
3 951 630 952 0.29346391795971993 0.5143866834427022 0.5389159356469608
3 631 953 952 0.29346391795971993 0.5143866834427022 0.5389159356469608
3 952 630 631 0.29346391795971993 0.5143866834427022 0.5389159356469608
3 1067 459 458 0.29346391795971993 0.5143866834427022 0.5389159356469608
3 1334 457 458 0.29346391795971993 0.5143866834427022 0.5389159356469608
3 458 457 1066 0.29346391795971993 0.5143866834427022 0.5389159356469608
3 1066 1067 458 0.29346391795971993 0.5143866834427022 0.5389159356469608
3 1335 214 1334 0.29346391795971993 0.5143866834427022 0.5389159356469608
3 1334 458 1335 0.29346391795971993 0.5143866834427022 0.5389159356469608
3 1335 458 459 0.29346391795971993 0.5143866834427022 0.5389159356469608
3 1335 459 1336 0.29346391795971993 0.5143866834427022 0.5389159356469608
3 1068 459 1067 0.29346391795971993 0.5143866834427022 0.5389159356469608
3 1068 953 1069 0.29346391795971993 0.5143866834427022 0.5389159356469608
3 1067 952 1068 0.29346391795971993 0.5143866834427022 0.5389159356469608
3 1068 952 953 0.29346391795971993 0.5143866834427022 0.5389159356469608
3 1336 459 460 0.29346391795971993 0.5143866834427022 0.5389159356469608
3 460 1068 1069 0.29346391795971993 0.5143866834427022 0.5389159356469608
3 459 1068 460 0.29346391795971993 0.5143866834427022 0.5389159356469608
3 215 319 214 0.29346391795971993 0.5143866834427022 0.5389159356469608
3 215 1335 1336 0.29346391795971993 0.5143866834427022 0.5389159356469608
3 214 1335 215 0.29346391795971993 0.5143866834427022 0.5389159356469608
3 1073 465 464 0.29346391795971993 0.5143866834427022 0.5389159356469608
3 465 1341 464 0.29346391795971993 0.5143866834427022 0.5389159356469608
3 513 449 514 0.29346391795971993 0.5143866834427022 0.5389159356469608
3 449 450 514 0.29346391795971993 0.5143866834427022 0.5389159356469608
3 1239 851 1238 0.29346391795971993 0.5143866834427022 0.5389159356469608
3 1238 1596 1239 0.29346391795971993 0.5143866834427022 0.5389159356469608
3 852 851 1239 0.29346391795971993 0.5143866834427022 0.5389159356469608
3 1239 1240 852 0.29346391795971993 0.5143866834427022 0.5389159356469608
3 1597 1240 1239 0.29346391795971993 0.5143866834427022 0.5389159356469608
3 1239 1596 1597 0.29346391795971993 0.5143866834427022 0.5389159356469608
3 1047 128 129 0.29346391795971993 0.5143866834427022 0.5389159356469608
3 129 521 1047 0.29346391795971993 0.5143866834427022 0.5389159356469608
3 1047 386 128 0.29346391795971993 0.5143866834427022 0.5389159356469608
3 1047 1048 386 0.29346391795971993 0.5143866834427022 0.5389159356469608
3 1312 1313 522 0.29346391795971993 0.5143866834427022 0.5389159356469608
3 1048 1047 522 0.29346391795971993 0.5143866834427022 0.5389159356469608
3 522 521 1312 0.29346391795971993 0.5143866834427022 0.5389159356469608
3 522 1047 521 0.29346391795971993 0.5143866834427022 0.5389159356469608
3 1049 1048 523 0.29346391795971993 0.5143866834427022 0.5389159356469608
3 523 1313 1314 0.29346391795971993 0.5143866834427022 0.5389159356469608
3 1048 522 523 0.29346391795971993 0.5143866834427022 0.5389159356469608
3 523 522 1313 0.29346391795971993 0.5143866834427022 0.5389159356469608
3 1314 524 523 0.29346391795971993 0.5143866834427022 0.5389159356469608
3 523 524 1049 0.29346391795971993 0.5143866834427022 0.5389159356469608
3 138 135 789 0.29346391795971993 0.5143866834427022 0.5389159356469608
3 789 135 139 0.29346391795971993 0.5143866834427022 0.5389159356469608
3 139 266 789 0.29346391795971993 0.5143866834427022 0.5389159356469608
3 65 138 789 0.29346391795971993 0.5143866834427022 0.5389159356469608
3 789 266 65 0.29346391795971993 0.5143866834427022 0.5389159356469608
3 112 1213 111 0.29346391795971993 0.5143866834427022 0.5389159356469608
3 1213 368 111 0.29346391795971993 0.5143866834427022 0.5389159356469608
3 919 368 369 0.29346391795971993 0.5143866834427022 0.5389159356469608
3 1548 1549 301 0.29346391795971993 0.5143866834427022 0.5389159356469608
3 301 1549 302 0.29346391795971993 0.5143866834427022 0.5389159356469608
3 1271 100 101 0.29346391795971993 0.5143866834427022 0.5389159356469608
3 101 189 1271 0.29346391795971993 0.5143866834427022 0.5389159356469608
3 189 817 190 0.29346391795971993 0.5143866834427022 0.5389159356469608
3 817 818 190 0.29346391795971993 0.5143866834427022 0.5389159356469608
3 190 818 191 0.29346391795971993 0.5143866834427022 0.5389159356469608
3 1272 189 190 0.29346391795971993 0.5143866834427022 0.5389159356469608
3 191 1273 190 0.29346391795971993 0.5143866834427022 0.5389159356469608
3 190 1273 1272 0.29346391795971993 0.5143866834427022 0.5389159356469608
3 191 818 819 0.29346391795971993 0.5143866834427022 0.5389159356469608
3 819 192 191 0.29346391795971993 0.5143866834427022 0.5389159356469608
3 820 192 819 0.29346391795971993 0.5143866834427022 0.5389159356469608
3 1104 200 199 0.29346391795971993 0.5143866834427022 0.5389159356469608
3 199 1103 1104 0.29346391795971993 0.5143866834427022 0.5389159356469608
3 199 821 820 0.29346391795971993 0.5143866834427022 0.5389159356469608
3 199 200 821 0.29346391795971993 0.5143866834427022 0.5389159356469608
3 440 441 1218 0.29346391795971993 0.5143866834427022 0.5389159356469608
3 1218 1217 440 0.29346391795971993 0.5143866834427022 0.5389159356469608
3 1003 441 440 0.29346391795971993 0.5143866834427022 0.5389159356469608
3 440 1217 439 0.29346391795971993 0.5143866834427022 0.5389159356469608
3 440 1002 1003 0.29346391795971993 0.5143866834427022 0.5389159356469608
3 439 1002 440 0.29346391795971993 0.5143866834427022 0.5389159356469608
3 924 373 374 0.29346391795971993 0.5143866834427022 0.5389159356469608
3 374 925 924 0.29346391795971993 0.5143866834427022 0.5389159356469608
3 375 925 374 0.29346391795971993 0.5143866834427022 0.5389159356469608
3 374 373 1219 0.29346391795971993 0.5143866834427022 0.5389159356469608
3 923 310 309 0.29346391795971993 0.5143866834427022 0.5389159356469608
3 309 308 922 0.29346391795971993 0.5143866834427022 0.5389159356469608
3 922 923 309 0.29346391795971993 0.5143866834427022 0.5389159356469608
3 309 310 1548 0.29346391795971993 0.5143866834427022 0.5389159356469608
3 1548 1547 309 0.29346391795971993 0.5143866834427022 0.5389159356469608
3 309 1547 308 0.29346391795971993 0.5143866834427022 0.5389159356469608
3 1106 201 1105 0.29346391795971993 0.5143866834427022 0.5389159356469608
3 1105 209 1106 0.29346391795971993 0.5143866834427022 0.5389159356469608
3 810 809 188 0.29346391795971993 0.5143866834427022 0.5389159356469608
3 1277 1278 188 0.29346391795971993 0.5143866834427022 0.5389159356469608
3 188 1278 810 0.29346391795971993 0.5143866834427022 0.5389159356469608
3 1019 295 296 0.29346391795971993 0.5143866834427022 0.5389159356469608
3 296 809 297 0.29346391795971993 0.5143866834427022 0.5389159356469608
3 296 1020 1019 0.29346391795971993 0.5143866834427022 0.5389159356469608
3 296 297 1020 0.29346391795971993 0.5143866834427022 0.5389159356469608
3 808 807 186 0.29346391795971993 0.5143866834427022 0.5389159356469608
3 295 807 808 0.29346391795971993 0.5143866834427022 0.5389159356469608
3 808 296 295 0.29346391795971993 0.5143866834427022 0.5389159356469608
3 809 296 808 0.29346391795971993 0.5143866834427022 0.5389159356469608
3 1279 1278 824 0.29346391795971993 0.5143866834427022 0.5389159356469608
3 1281 813 1280 0.29346391795971993 0.5143866834427022 0.5389159356469608
3 1281 827 1282 0.29346391795971993 0.5143866834427022 0.5389159356469608
3 1281 1280 826 0.29346391795971993 0.5143866834427022 0.5389159356469608
3 826 827 1281 0.29346391795971993 0.5143866834427022 0.5389159356469608
3 1025 1024 814 0.29346391795971993 0.5143866834427022 0.5389159356469608
3 1024 813 814 0.29346391795971993 0.5143866834427022 0.5389159356469608
3 814 1281 1282 0.29346391795971993 0.5143866834427022 0.5389159356469608
3 813 1281 814 0.29346391795971993 0.5143866834427022 0.5389159356469608
3 828 827 1111 0.29346391795971993 0.5143866834427022 0.5389159356469608
3 1282 827 828 0.29346391795971993 0.5143866834427022 0.5389159356469608
3 828 1283 1282 0.29346391795971993 0.5143866834427022 0.5389159356469608
3 829 1283 828 0.29346391795971993 0.5143866834427022 0.5389159356469608
3 926 313 312 0.29346391795971993 0.5143866834427022 0.5389159356469608
3 312 925 926 0.29346391795971993 0.5143866834427022 0.5389159356469608
3 376 927 926 0.29346391795971993 0.5143866834427022 0.5389159356469608
3 926 927 313 0.29346391795971993 0.5143866834427022 0.5389159356469608
3 926 375 376 0.29346391795971993 0.5143866834427022 0.5389159356469608
3 926 925 375 0.29346391795971993 0.5143866834427022 0.5389159356469608
3 1287 1286 1116 0.29346391795971993 0.5143866834427022 0.5389159356469608
3 1287 1117 1288 0.29346391795971993 0.5143866834427022 0.5389159356469608
3 1287 1116 1117 0.29346391795971993 0.5143866834427022 0.5389159356469608
3 1288 1029 1287 0.29346391795971993 0.5143866834427022 0.5389159356469608
3 1029 1286 1287 0.29346391795971993 0.5143866834427022 0.5389159356469608
3 1115 1561 1116 0.29346391795971993 0.5143866834427022 0.5389159356469608
3 1116 1286 1115 0.29346391795971993 0.5143866834427022 0.5389159356469608
3 1560 1561 1115 0.29346391795971993 0.5143866834427022 0.5389159356469608
3 1115 1114 1560 0.29346391795971993 0.5143866834427022 0.5389159356469608
3 1115 1286 1285 0.29346391795971993 0.5143866834427022 0.5389159356469608
3 1285 1114 1115 0.29346391795971993 0.5143866834427022 0.5389159356469608
3 1112 844 1113 0.29346391795971993 0.5143866834427022 0.5389159356469608
3 1113 829 1112 0.29346391795971993 0.5143866834427022 0.5389159356469608
3 1112 828 1111 0.29346391795971993 0.5143866834427022 0.5389159356469608
3 829 828 1112 0.29346391795971993 0.5143866834427022 0.5389159356469608
3 843 842 1557 0.29346391795971993 0.5143866834427022 0.5389159356469608
3 844 1112 843 0.29346391795971993 0.5143866834427022 0.5389159356469608
3 1111 842 843 0.29346391795971993 0.5143866834427022 0.5389159356469608
3 843 1112 1111 0.29346391795971993 0.5143866834427022 0.5389159356469608
3 1559 1229 1560 0.29346391795971993 0.5143866834427022 0.5389159356469608
3 1559 933 1229 0.29346391795971993 0.5143866834427022 0.5389159356469608
3 1560 844 1559 0.29346391795971993 0.5143866834427022 0.5389159356469608
3 841 1109 840 0.29346391795971993 0.5143866834427022 0.5389159356469608
3 840 1555 841 0.29346391795971993 0.5143866834427022 0.5389159356469608
3 840 839 1554 0.29346391795971993 0.5143866834427022 0.5389159356469608
3 1554 1555 840 0.29346391795971993 0.5143866834427022 0.5389159356469608
3 444 1006 1007 0.29346391795971993 0.5143866834427022 0.5389159356469608
3 1007 1006 509 0.29346391795971993 0.5143866834427022 0.5389159356469608
3 1007 1222 444 0.29346391795971993 0.5143866834427022 0.5389159356469608
3 1007 1008 1222 0.29346391795971993 0.5143866834427022 0.5389159356469608
3 1007 509 1447 0.29346391795971993 0.5143866834427022 0.5389159356469608
3 1447 1448 1007 0.29346391795971993 0.5143866834427022 0.5389159356469608
3 1448 1008 1007 0.29346391795971993 0.5143866834427022 0.5389159356469608
3 312 313 1551 0.29346391795971993 0.5143866834427022 0.5389159356469608
3 313 1552 1551 0.29346391795971993 0.5143866834427022 0.5389159356469608
3 1550 312 1551 0.29346391795971993 0.5143866834427022 0.5389159356469608
3 1551 1552 304 0.29346391795971993 0.5143866834427022 0.5389159356469608
3 1551 303 1550 0.29346391795971993 0.5143866834427022 0.5389159356469608
3 304 303 1551 0.29346391795971993 0.5143866834427022 0.5389159356469608
3 1225 1224 1009 0.29346391795971993 0.5143866834427022 0.5389159356469608
3 930 1555 929 0.29346391795971993 0.5143866834427022 0.5389159356469608
3 929 1224 930 0.29346391795971993 0.5143866834427022 0.5389159356469608
3 1224 1225 930 0.29346391795971993 0.5143866834427022 0.5389159356469608
3 998 500 501 0.29346391795971993 0.5143866834427022 0.5389159356469608
3 500 1438 501 0.29346391795971993 0.5143866834427022 0.5389159356469608
3 613 612 1039 0.29346391795971993 0.5143866834427022 0.5389159356469608
3 703 1040 1039 0.29346391795971993 0.5143866834427022 0.5389159356469608
3 1040 613 1039 0.29346391795971993 0.5143866834427022 0.5389159356469608
3 1039 612 1038 0.29346391795971993 0.5143866834427022 0.5389159356469608
3 1584 1585 1307 0.29346391795971993 0.5143866834427022 0.5389159356469608
3 1307 1306 1584 0.29346391795971993 0.5143866834427022 0.5389159356469608
3 1584 1306 1583 0.29346391795971993 0.5143866834427022 0.5389159356469608
3 1584 1583 1328 0.29346391795971993 0.5143866834427022 0.5389159356469608
3 1328 1583 1063 0.29346391795971993 0.5143866834427022 0.5389159356469608
3 1063 1583 1582 0.29346391795971993 0.5143866834427022 0.5389159356469608
3 1582 1062 1063 0.29346391795971993 0.5143866834427022 0.5389159356469608
3 1607 1249 1606 0.29346391795971993 0.5143866834427022 0.5389159356469608
3 1606 1349 1607 0.29346391795971993 0.5143866834427022 0.5389159356469608
3 1307 1585 1308 0.29346391795971993 0.5143866834427022 0.5389159356469608
3 1229 933 1228 0.29346391795971993 0.5143866834427022 0.5389159356469608
3 1453 1229 1228 0.29346391795971993 0.5143866834427022 0.5389159356469608
3 1228 1452 1453 0.29346391795971993 0.5143866834427022 0.5389159356469608
3 1451 1452 1012 0.29346391795971993 0.5143866834427022 0.5389159356469608
3 1452 1228 1012 0.29346391795971993 0.5143866834427022 0.5389159356469608
3 438 437 1000 0.29346391795971993 0.5143866834427022 0.5389159356469608
3 1000 1001 438 0.29346391795971993 0.5143866834427022 0.5389159356469608
3 505 1442 1443 0.29346391795971993 0.5143866834427022 0.5389159356469608
3 506 505 1443 0.29346391795971993 0.5143866834427022 0.5389159356469608
3 611 612 1443 0.29346391795971993 0.5143866834427022 0.5389159356469608
3 1443 1442 611 0.29346391795971993 0.5143866834427022 0.5389159356469608
3 1444 506 1443 0.29346391795971993 0.5143866834427022 0.5389159356469608
3 1443 612 1444 0.29346391795971993 0.5143866834427022 0.5389159356469608
3 935 708 936 0.29346391795971993 0.5143866834427022 0.5389159356469608
3 936 937 1293 0.29346391795971993 0.5143866834427022 0.5389159356469608
3 709 937 936 0.29346391795971993 0.5143866834427022 0.5389159356469608
3 936 708 709 0.29346391795971993 0.5143866834427022 0.5389159356469608
3 1293 1292 936 0.29346391795971993 0.5143866834427022 0.5389159356469608
3 1292 935 936 0.29346391795971993 0.5143866834427022 0.5389159356469608
3 627 717 716 0.29346391795971993 0.5143866834427022 0.5389159356469608
3 716 626 627 0.29346391795971993 0.5143866834427022 0.5389159356469608
3 1301 1302 703 0.29346391795971993 0.5143866834427022 0.5389159356469608
3 945 1302 1301 0.29346391795971993 0.5143866834427022 0.5389159356469608
3 391 392 1572 0.29346391795971993 0.5143866834427022 0.5389159356469608
3 1572 1571 391 0.29346391795971993 0.5143866834427022 0.5389159356469608
3 391 1571 390 0.29346391795971993 0.5143866834427022 0.5389159356469608
3 390 1052 391 0.29346391795971993 0.5143866834427022 0.5389159356469608
3 1319 854 1320 0.29346391795971993 0.5143866834427022 0.5389159356469608
3 855 1321 1320 0.29346391795971993 0.5143866834427022 0.5389159356469608
3 1320 854 855 0.29346391795971993 0.5143866834427022 0.5389159356469608
3 528 1319 529 0.29346391795971993 0.5143866834427022 0.5389159356469608
3 1319 1320 529 0.29346391795971993 0.5143866834427022 0.5389159356469608
3 1573 392 393 0.29346391795971993 0.5143866834427022 0.5389159356469608
3 744 745 1364 0.29346391795971993 0.5143866834427022 0.5389159356469608
3 731 1363 1364 0.29346391795971993 0.5143866834427022 0.5389159356469608
3 1364 1363 744 0.29346391795971993 0.5143866834427022 0.5389159356469608
3 1364 745 1365 0.29346391795971993 0.5143866834427022 0.5389159356469608
3 1365 745 746 0.29346391795971993 0.5143866834427022 0.5389159356469608
3 1366 1365 746 0.29346391795971993 0.5143866834427022 0.5389159356469608
3 746 1150 1366 0.29346391795971993 0.5143866834427022 0.5389159356469608
3 1171 1387 1172 0.29346391795971993 0.5143866834427022 0.5389159356469608
3 1170 1386 1171 0.29346391795971993 0.5143866834427022 0.5389159356469608
3 1386 1387 1171 0.29346391795971993 0.5143866834427022 0.5389159356469608
3 1475 1349 1474 0.29346391795971993 0.5143866834427022 0.5389159356469608
3 1475 1476 1350 0.29346391795971993 0.5143866834427022 0.5389159356469608
3 1350 1349 1475 0.29346391795971993 0.5143866834427022 0.5389159356469608
3 1371 1476 1370 0.29346391795971993 0.5143866834427022 0.5389159356469608
3 1151 1492 1493 0.29346391795971993 0.5143866834427022 0.5389159356469608
3 1493 1152 1151 0.29346391795971993 0.5143866834427022 0.5389159356469608
3 1493 1169 1170 0.29346391795971993 0.5143866834427022 0.5389159356469608
3 1474 1134 1135 0.29346391795971993 0.5143866834427022 0.5389159356469608
3 1135 1475 1474 0.29346391795971993 0.5143866834427022 0.5389159356469608
3 1369 1475 1135 0.29346391795971993 0.5143866834427022 0.5389159356469608
3 1330 1585 1329 0.29346391795971993 0.5143866834427022 0.5389159356469608
3 1329 1608 1330 0.29346391795971993 0.5143866834427022 0.5389159356469608
3 1329 1250 1608 0.29346391795971993 0.5143866834427022 0.5389159356469608
3 1585 1584 1329 0.29346391795971993 0.5143866834427022 0.5389159356469608
3 1328 1250 1329 0.29346391795971993 0.5143866834427022 0.5389159356469608
3 1329 1584 1328 0.29346391795971993 0.5143866834427022 0.5389159356469608
3 561 560 470 0.29346391795971993 0.5143866834427022 0.5389159356469608
3 562 561 471 0.29346391795971993 0.5143866834427022 0.5389159356469608
3 471 561 470 0.29346391795971993 0.5143866834427022 0.5389159356469608
3 1374 1373 556 0.29346391795971993 0.5143866834427022 0.5389159356469608
3 545 1373 1374 0.29346391795971993 0.5143866834427022 0.5389159356469608
3 1175 466 45 0.29346391795971993 0.5143866834427022 0.5389159356469608
3 1175 477 1176 0.29346391795971993 0.5143866834427022 0.5389159356469608
3 1176 467 1175 0.29346391795971993 0.5143866834427022 0.5389159356469608
3 467 466 1175 0.29346391795971993 0.5143866834427022 0.5389159356469608
3 46 477 1175 0.29346391795971993 0.5143866834427022 0.5389159356469608
3 1175 45 46 0.29346391795971993 0.5143866834427022 0.5389159356469608
3 469 560 559 0.29346391795971993 0.5143866834427022 0.5389159356469608
3 559 468 469 0.29346391795971993 0.5143866834427022 0.5389159356469608
3 470 560 469 0.29346391795971993 0.5143866834427022 0.5389159356469608
3 469 1178 470 0.29346391795971993 0.5143866834427022 0.5389159356469608
3 557 466 467 0.29346391795971993 0.5143866834427022 0.5389159356469608
3 467 558 557 0.29346391795971993 0.5143866834427022 0.5389159356469608
3 556 466 557 0.29346391795971993 0.5143866834427022 0.5389159356469608
3 557 558 1375 0.29346391795971993 0.5143866834427022 0.5389159356469608
3 1375 1374 557 0.29346391795971993 0.5143866834427022 0.5389159356469608
3 557 1374 556 0.29346391795971993 0.5143866834427022 0.5389159356469608
3 1492 666 1168 0.29346391795971993 0.5143866834427022 0.5389159356469608
3 1168 1493 1492 0.29346391795971993 0.5143866834427022 0.5389159356469608
3 1169 1493 1168 0.29346391795971993 0.5143866834427022 0.5389159356469608
3 679 1169 1168 0.29346391795971993 0.5143866834427022 0.5389159356469608
3 1168 666 1167 0.29346391795971993 0.5143866834427022 0.5389159356469608
3 1384 679 555 0.29346391795971993 0.5143866834427022 0.5389159356469608
3 1164 663 662 0.29346391795971993 0.5143866834427022 0.5389159356469608
3 1165 663 1164 0.29346391795971993 0.5143866834427022 0.5389159356469608
3 1379 561 562 0.29346391795971993 0.5143866834427022 0.5389159356469608
3 559 560 1377 0.29346391795971993 0.5143866834427022 0.5389159356469608
3 1377 1376 559 0.29346391795971993 0.5143866834427022 0.5389159356469608
3 664 665 1490 0.29346391795971993 0.5143866834427022 0.5389159356469608
3 664 663 1165 0.29346391795971993 0.5143866834427022 0.5389159356469608
3 1489 663 664 0.29346391795971993 0.5143866834427022 0.5389159356469608
3 664 1490 1489 0.29346391795971993 0.5143866834427022 0.5389159356469608
3 1512 487 1511 0.29346391795971993 0.5143866834427022 0.5389159356469608
3 1512 1187 487 0.29346391795971993 0.5143866834427022 0.5389159356469608
3 1511 975 1512 0.29346391795971993 0.5143866834427022 0.5389159356469608
3 1512 975 976 0.29346391795971993 0.5143866834427022 0.5389159356469608
3 1187 567 1186 0.29346391795971993 0.5143866834427022 0.5389159356469608
3 1185 487 1186 0.29346391795971993 0.5143866834427022 0.5389159356469608
3 487 1187 1186 0.29346391795971993 0.5143866834427022 0.5389159356469608
3 959 1075 1074 0.29346391795971993 0.5143866834427022 0.5389159356469608
3 404 1341 542 0.29346391795971993 0.5143866834427022 0.5389159356469608
3 542 541 404 0.29346391795971993 0.5143866834427022 0.5389159356469608
3 869 1599 868 0.29346391795971993 0.5143866834427022 0.5389159356469608
3 869 541 542 0.29346391795971993 0.5143866834427022 0.5389159356469608
3 868 541 869 0.29346391795971993 0.5143866834427022 0.5389159356469608
3 542 870 869 0.29346391795971993 0.5143866834427022 0.5389159356469608
3 1600 1599 869 0.29346391795971993 0.5143866834427022 0.5389159356469608
3 869 870 1600 0.29346391795971993 0.5143866834427022 0.5389159356469608
3 1242 854 1241 0.29346391795971993 0.5143866834427022 0.5389159356469608
3 1241 1599 1242 0.29346391795971993 0.5143866834427022 0.5389159356469608
3 855 854 1242 0.29346391795971993 0.5143866834427022 0.5389159356469608
3 1242 1243 855 0.29346391795971993 0.5143866834427022 0.5389159356469608
3 1242 1600 1243 0.29346391795971993 0.5143866834427022 0.5389159356469608
3 1242 1599 1600 0.29346391795971993 0.5143866834427022 0.5389159356469608
3 653 1470 1469 0.29346391795971993 0.5143866834427022 0.5389159356469608
3 640 1468 1469 0.29346391795971993 0.5143866834427022 0.5389159356469608
3 962 1470 963 0.29346391795971993 0.5143866834427022 0.5389159356469608
3 640 1469 962 0.29346391795971993 0.5143866834427022 0.5389159356469608
3 962 1469 1470 0.29346391795971993 0.5143866834427022 0.5389159356469608
3 1077 961 962 0.29346391795971993 0.5143866834427022 0.5389159356469608
3 962 961 640 0.29346391795971993 0.5143866834427022 0.5389159356469608
3 962 1078 1077 0.29346391795971993 0.5143866834427022 0.5389159356469608
3 962 963 1078 0.29346391795971993 0.5143866834427022 0.5389159356469608
3 873 1603 872 0.29346391795971993 0.5143866834427022 0.5389159356469608
3 872 1344 873 0.29346391795971993 0.5143866834427022 0.5389159356469608
3 1344 1345 873 0.29346391795971993 0.5143866834427022 0.5389159356469608
3 1604 1603 873 0.29346391795971993 0.5143866834427022 0.5389159356469608
3 1346 1604 873 0.29346391795971993 0.5143866834427022 0.5389159356469608
3 873 1345 1346 0.29346391795971993 0.5143866834427022 0.5389159356469608
3 543 870 542 0.29346391795971993 0.5143866834427022 0.5389159356469608
3 543 1341 1342 0.29346391795971993 0.5143866834427022 0.5389159356469608
3 542 1341 543 0.29346391795971993 0.5143866834427022 0.5389159356469608
3 871 870 543 0.29346391795971993 0.5143866834427022 0.5389159356469608
3 1342 1343 543 0.29346391795971993 0.5143866834427022 0.5389159356469608
3 1343 871 543 0.29346391795971993 0.5143866834427022 0.5389159356469608
3 1247 1604 1605 0.29346391795971993 0.5143866834427022 0.5389159356469608
3 1246 1604 1247 0.29346391795971993 0.5143866834427022 0.5389159356469608
3 1247 1325 1246 0.29346391795971993 0.5143866834427022 0.5389159356469608
3 1056 1576 1575 0.29346391795971993 0.5143866834427022 0.5389159356469608
3 1056 1057 1576 0.29346391795971993 0.5143866834427022 0.5389159356469608
3 531 1057 1056 0.29346391795971993 0.5143866834427022 0.5389159356469608
3 1243 1244 856 0.29346391795971993 0.5143866834427022 0.5389159356469608
3 855 1243 856 0.29346391795971993 0.5143866834427022 0.5389159356469608
3 856 1321 855 0.29346391795971993 0.5143866834427022 0.5389159356469608
3 856 1244 857 0.29346391795971993 0.5143866834427022 0.5389159356469608
3 1348 1080 1081 0.29346391795971993 0.5143866834427022 0.5389159356469608
3 1348 1606 1605 0.29346391795971993 0.5143866834427022 0.5389159356469608
3 1081 1349 1348 0.29346391795971993 0.5143866834427022 0.5389159356469608
3 1349 1606 1348 0.29346391795971993 0.5143866834427022 0.5389159356469608
3 1073 464 1072 0.29346391795971993 0.5143866834427022 0.5389159356469608
3 36 747 1138 0.29346391795971993 0.5143866834427022 0.5389159356469608
3 1138 1137 36 0.29346391795971993 0.5143866834427022 0.5389159356469608
3 729 1362 730 0.29346391795971993 0.5143866834427022 0.5389159356469608
3 730 1129 729 0.29346391795971993 0.5143866834427022 0.5389159356469608
3 729 1361 1362 0.29346391795971993 0.5143866834427022 0.5389159356469608
3 729 1129 1128 0.29346391795971993 0.5143866834427022 0.5389159356469608
3 1360 740 741 0.29346391795971993 0.5143866834427022 0.5389159356469608
3 741 1361 1360 0.29346391795971993 0.5143866834427022 0.5389159356469608
3 544 41 42 0.29346391795971993 0.5143866834427022 0.5389159356469608
3 42 1373 544 0.29346391795971993 0.5143866834427022 0.5389159356469608
3 544 1373 545 0.29346391795971993 0.5143866834427022 0.5389159356469608
3 1481 1482 750 0.29346391795971993 0.5143866834427022 0.5389159356469608
3 750 749 1481 0.29346391795971993 0.5143866834427022 0.5389159356469608
3 1481 749 1480 0.29346391795971993 0.5143866834427022 0.5389159356469608
3 1161 1162 660 0.29346391795971993 0.5143866834427022 0.5389159356469608
3 756 1146 755 0.29346391795971993 0.5143866834427022 0.5389159356469608
3 755 1487 756 0.29346391795971993 0.5143866834427022 0.5389159356469608
3 1146 1145 755 0.29346391795971993 0.5143866834427022 0.5389159356469608
3 1144 1143 753 0.29346391795971993 0.5143866834427022 0.5389159356469608
3 1143 752 753 0.29346391795971993 0.5143866834427022 0.5389159356469608
3 750 1482 751 0.29346391795971993 0.5143866834427022 0.5389159356469608
3 751 752 1142 0.29346391795971993 0.5143866834427022 0.5389159356469608
3 1398 1399 246 0.29346391795971993 0.5143866834427022 0.5389159356469608
3 1394 60 250 0.29346391795971993 0.5143866834427022 0.5389159356469608
3 1394 59 60 0.29346391795971993 0.5143866834427022 0.5389159356469608
3 250 775 776 0.29346391795971993 0.5143866834427022 0.5389159356469608
3 263 1088 780 0.29346391795971993 0.5143866834427022 0.5389159356469608
3 263 272 1088 0.29346391795971993 0.5143866834427022 0.5389159356469608
3 1087 272 263 0.29346391795971993 0.5143866834427022 0.5389159356469608
3 52 53 218 0.29346391795971993 0.5143866834427022 0.5389159356469608
3 218 874 52 0.29346391795971993 0.5143866834427022 0.5389159356469608
3 1253 1254 220 0.29346391795971993 0.5143866834427022 0.5389159356469608
3 333 966 965 0.29346391795971993 0.5143866834427022 0.5389159356469608
3 333 334 966 0.29346391795971993 0.5143866834427022 0.5389159356469608
3 880 338 337 0.29346391795971993 0.5143866834427022 0.5389159356469608
3 337 879 880 0.29346391795971993 0.5143866834427022 0.5389159356469608
3 969 968 336 0.29346391795971993 0.5143866834427022 0.5389159356469608
3 336 337 969 0.29346391795971993 0.5143866834427022 0.5389159356469608
3 336 878 879 0.29346391795971993 0.5143866834427022 0.5389159356469608
3 879 337 336 0.29346391795971993 0.5143866834427022 0.5389159356469608
3 1419 1420 355 0.29346391795971993 0.5143866834427022 0.5389159356469608
3 355 431 430 0.29346391795971993 0.5143866834427022 0.5389159356469608
3 356 431 355 0.29346391795971993 0.5143866834427022 0.5389159356469608
3 355 1420 356 0.29346391795971993 0.5143866834427022 0.5389159356469608
3 355 430 354 0.29346391795971993 0.5143866834427022 0.5389159356469608
3 354 1419 355 0.29346391795971993 0.5143866834427022 0.5389159356469608
3 1422 1421 365 0.29346391795971993 0.5143866834427022 0.5389159356469608
3 365 288 366 0.29346391795971993 0.5143866834427022 0.5389159356469608
3 366 1422 365 0.29346391795971993 0.5143866834427022 0.5389159356469608
3 287 288 365 0.29346391795971993 0.5143866834427022 0.5389159356469608
3 365 364 287 0.29346391795971993 0.5143866834427022 0.5389159356469608
3 365 1421 364 0.29346391795971993 0.5143866834427022 0.5389159356469608
3 1202 349 1203 0.29346391795971993 0.5143866834427022 0.5389159356469608
3 1203 589 1202 0.29346391795971993 0.5143866834427022 0.5389159356469608
3 1202 589 588 0.29346391795971993 0.5143866834427022 0.5389159356469608
3 600 913 912 0.29346391795971993 0.5143866834427022 0.5389159356469608
3 913 349 912 0.29346391795971993 0.5143866834427022 0.5389159356469608
3 498 991 1534 0.29346391795971993 0.5143866834427022 0.5389159356469608
3 498 497 990 0.29346391795971993 0.5143866834427022 0.5389159356469608
3 990 991 498 0.29346391795971993 0.5143866834427022 0.5389159356469608
3 603 916 915 0.29346391795971993 0.5143866834427022 0.5389159356469608
3 915 602 603 0.29346391795971993 0.5143866834427022 0.5389159356469608
3 603 602 1424 0.29346391795971993 0.5143866834427022 0.5389159356469608
3 1424 1425 603 0.29346391795971993 0.5143866834427022 0.5389159356469608
3 1427 1024 1025 0.29346391795971993 0.5143866834427022 0.5389159356469608
3 1285 816 1284 0.29346391795971993 0.5143866834427022 0.5389159356469608
3 816 1283 1284 0.29346391795971993 0.5143866834427022 0.5389159356469608
3 1284 830 1285 0.29346391795971993 0.5143866834427022 0.5389159356469608
3 829 830 1284 0.29346391795971993 0.5143866834427022 0.5389159356469608
3 1284 1283 829 0.29346391795971993 0.5143866834427022 0.5389159356469608
3 996 1208 1209 0.29346391795971993 0.5143866834427022 0.5389159356469608
3 1534 1535 692 0.29346391795971993 0.5143866834427022 0.5389159356469608
3 692 579 1534 0.29346391795971993 0.5143866834427022 0.5389159356469608
3 692 691 579 0.29346391795971993 0.5143866834427022 0.5389159356469608
3 994 1537 1536 0.29346391795971993 0.5143866834427022 0.5389159356469608
3 1536 993 994 0.29346391795971993 0.5143866834427022 0.5389159356469608
3 1536 1535 993 0.29346391795971993 0.5143866834427022 0.5389159356469608
3 258 775 62 0.29346391795971993 0.5143866834427022 0.5389159356469608
3 775 61 62 0.29346391795971993 0.5143866834427022 0.5389159356469608
3 63 258 62 0.29346391795971993 0.5143866834427022 0.5389159356469608
3 683 147 137 0.29346391795971993 0.5143866834427022 0.5389159356469608
3 137 140 683 0.29346391795971993 0.5143866834427022 0.5389159356469608
3 683 136 146 0.29346391795971993 0.5143866834427022 0.5389159356469608
3 683 140 136 0.29346391795971993 0.5143866834427022 0.5389159356469608
3 165 178 277 0.29346391795971993 0.5143866834427022 0.5389159356469608
3 277 178 419 0.29346391795971993 0.5143866834427022 0.5389159356469608
3 146 418 572 0.29346391795971993 0.5143866834427022 0.5389159356469608
3 572 683 146 0.29346391795971993 0.5143866834427022 0.5389159356469608
3 147 683 572 0.29346391795971993 0.5143866834427022 0.5389159356469608
3 419 147 572 0.29346391795971993 0.5143866834427022 0.5389159356469608
3 572 277 419 0.29346391795971993 0.5143866834427022 0.5389159356469608
3 418 277 572 0.29346391795971993 0.5143866834427022 0.5389159356469608
3 163 275 175 0.29346391795971993 0.5143866834427022 0.5389159356469608
3 175 274 77 0.29346391795971993 0.5143866834427022 0.5389159356469608
3 416 274 175 0.29346391795971993 0.5143866834427022 0.5389159356469608
3 175 275 416 0.29346391795971993 0.5143866834427022 0.5389159356469608
3 77 78 175 0.29346391795971993 0.5143866834427022 0.5389159356469608
3 175 78 163 0.29346391795971993 0.5143866834427022 0.5389159356469608
3 176 275 163 0.29346391795971993 0.5143866834427022 0.5389159356469608
3 164 276 176 0.29346391795971993 0.5143866834427022 0.5389159356469608
3 276 417 176 0.29346391795971993 0.5143866834427022 0.5389159356469608
3 417 275 176 0.29346391795971993 0.5143866834427022 0.5389159356469608
3 158 159 982 0.29346391795971993 0.5143866834427022 0.5389159356469608
3 982 981 158 0.29346391795971993 0.5143866834427022 0.5389159356469608
3 154 981 982 0.29346391795971993 0.5143866834427022 0.5389159356469608
3 582 160 581 0.29346391795971993 0.5143866834427022 0.5389159356469608
3 581 160 159 0.29346391795971993 0.5143866834427022 0.5389159356469608
3 581 159 580 0.29346391795971993 0.5143866834427022 0.5389159356469608
3 580 169 581 0.29346391795971993 0.5143866834427022 0.5389159356469608
3 153 81 82 0.29346391795971993 0.5143866834427022 0.5389159356469608
3 83 981 82 0.29346391795971993 0.5143866834427022 0.5389159356469608
3 82 981 153 0.29346391795971993 0.5143866834427022 0.5389159356469608
3 279 574 420 0.29346391795971993 0.5143866834427022 0.5389159356469608
3 279 167 180 0.29346391795971993 0.5143866834427022 0.5389159356469608
3 685 574 686 0.29346391795971993 0.5143866834427022 0.5389159356469608
3 686 574 575 0.29346391795971993 0.5143866834427022 0.5389159356469608
3 686 687 795 0.29346391795971993 0.5143866834427022 0.5389159356469608
3 575 687 686 0.29346391795971993 0.5143866834427022 0.5389159356469608
3 151 1526 490 0.29346391795971993 0.5143866834427022 0.5389159356469608
3 151 167 1526 0.29346391795971993 0.5143866834427022 0.5389159356469608
3 159 160 983 0.29346391795971993 0.5143866834427022 0.5389159356469608
3 983 982 159 0.29346391795971993 0.5143866834427022 0.5389159356469608
3 985 157 984 0.29346391795971993 0.5143866834427022 0.5389159356469608
3 157 156 984 0.29346391795971993 0.5143866834427022 0.5389159356469608
3 984 983 160 0.29346391795971993 0.5143866834427022 0.5389159356469608
3 156 983 984 0.29346391795971993 0.5143866834427022 0.5389159356469608
3 278 573 419 0.29346391795971993 0.5143866834427022 0.5389159356469608
3 420 573 278 0.29346391795971993 0.5143866834427022 0.5389159356469608
3 419 178 278 0.29346391795971993 0.5143866834427022 0.5389159356469608
3 278 178 166 0.29346391795971993 0.5143866834427022 0.5389159356469608
3 166 1526 179 0.29346391795971993 0.5143866834427022 0.5389159356469608
3 1526 167 179 0.29346391795971993 0.5143866834427022 0.5389159356469608
3 179 278 166 0.29346391795971993 0.5143866834427022 0.5389159356469608
3 167 279 179 0.29346391795971993 0.5143866834427022 0.5389159356469608
3 179 279 420 0.29346391795971993 0.5143866834427022 0.5389159356469608
3 420 278 179 0.29346391795971993 0.5143866834427022 0.5389159356469608
3 180 167 1527 0.29346391795971993 0.5143866834427022 0.5389159356469608
3 167 151 1527 0.29346391795971993 0.5143866834427022 0.5389159356469608
3 576 575 422 0.29346391795971993 0.5143866834427022 0.5389159356469608
3 421 279 180 0.29346391795971993 0.5143866834427022 0.5389159356469608
3 574 279 421 0.29346391795971993 0.5143866834427022 0.5389159356469608
3 575 574 421 0.29346391795971993 0.5143866834427022 0.5389159356469608
3 1528 1529 181 0.29346391795971993 0.5143866834427022 0.5389159356469608
3 152 492 1528 0.29346391795971993 0.5143866834427022 0.5389159356469608
3 769 897 896 0.29346391795971993 0.5143866834427022 0.5389159356469608
3 1257 232 233 0.29346391795971993 0.5143866834427022 0.5389159356469608
3 1256 232 1257 0.29346391795971993 0.5143866834427022 0.5389159356469608
3 1257 223 1256 0.29346391795971993 0.5143866834427022 0.5389159356469608
3 224 223 1257 0.29346391795971993 0.5143866834427022 0.5389159356469608
3 270 261 1085 0.29346391795971993 0.5143866834427022 0.5389159356469608
3 1085 261 260 0.29346391795971993 0.5143866834427022 0.5389159356469608
3 1085 793 270 0.29346391795971993 0.5143866834427022 0.5389159356469608
3 262 271 1087 0.29346391795971993 0.5143866834427022 0.5389159356469608
3 1087 263 262 0.29346391795971993 0.5143866834427022 0.5389159356469608
3 424 423 1531 0.29346391795971993 0.5143866834427022 0.5389159356469608
3 424 577 423 0.29346391795971993 0.5143866834427022 0.5389159356469608
3 1531 1532 424 0.29346391795971993 0.5143866834427022 0.5389159356469608
3 496 989 497 0.29346391795971993 0.5143866834427022 0.5389159356469608
3 497 1532 496 0.29346391795971993 0.5143866834427022 0.5389159356469608
3 496 1532 1531 0.29346391795971993 0.5143866834427022 0.5389159356469608
3 496 988 989 0.29346391795971993 0.5143866834427022 0.5389159356469608
3 496 1531 495 0.29346391795971993 0.5143866834427022 0.5389159356469608
3 495 988 496 0.29346391795971993 0.5143866834427022 0.5389159356469608
3 1534 579 1533 0.29346391795971993 0.5143866834427022 0.5389159356469608
3 579 1532 1533 0.29346391795971993 0.5143866834427022 0.5389159356469608
3 1533 498 1534 0.29346391795971993 0.5143866834427022 0.5389159356469608
3 1533 1532 497 0.29346391795971993 0.5143866834427022 0.5389159356469608
3 497 498 1533 0.29346391795971993 0.5143866834427022 0.5389159356469608
3 1511 414 1510 0.29346391795971993 0.5143866834427022 0.5389159356469608
3 1510 414 1509 0.29346391795971993 0.5143866834427022 0.5389159356469608
3 1509 331 1510 0.29346391795971993 0.5143866834427022 0.5389159356469608
3 974 1511 1510 0.29346391795971993 0.5143866834427022 0.5389159356469608
3 1510 331 974 0.29346391795971993 0.5143866834427022 0.5389159356469608
3 476 567 566 0.29346391795971993 0.5143866834427022 0.5389159356469608
3 566 475 476 0.29346391795971993 0.5143866834427022 0.5389159356469608
3 1185 1186 476 0.29346391795971993 0.5143866834427022 0.5389159356469608
3 476 1186 567 0.29346391795971993 0.5143866834427022 0.5389159356469608
3 407 479 406 0.29346391795971993 0.5143866834427022 0.5389159356469608
3 407 1503 408 0.29346391795971993 0.5143866834427022 0.5389159356469608
3 407 406 1502 0.29346391795971993 0.5143866834427022 0.5389159356469608
3 1502 1503 407 0.29346391795971993 0.5143866834427022 0.5389159356469608
3 1177 479 1178 0.29346391795971993 0.5143866834427022 0.5389159356469608
3 1177 468 1176 0.29346391795971993 0.5143866834427022 0.5389159356469608
3 1176 478 1177 0.29346391795971993 0.5143866834427022 0.5389159356469608
3 478 479 1177 0.29346391795971993 0.5143866834427022 0.5389159356469608
3 1178 469 1177 0.29346391795971993 0.5143866834427022 0.5389159356469608
3 1177 469 468 0.29346391795971993 0.5143866834427022 0.5389159356469608
3 408 1503 1504 0.29346391795971993 0.5143866834427022 0.5389159356469608
3 1504 326 1505 0.29346391795971993 0.5143866834427022 0.5389159356469608
3 325 326 1504 0.29346391795971993 0.5143866834427022 0.5389159356469608
3 1504 1503 325 0.29346391795971993 0.5143866834427022 0.5389159356469608
3 1097 1096 1537 0.29346391795971993 0.5143866834427022 0.5389159356469608
3 1408 1096 1097 0.29346391795971993 0.5143866834427022 0.5389159356469608
3 1097 1409 1408 0.29346391795971993 0.5143866834427022 0.5389159356469608
3 1403 785 1404 0.29346391795971993 0.5143866834427022 0.5389159356469608
3 1403 769 1402 0.29346391795971993 0.5143866834427022 0.5389159356469608
3 800 692 801 0.29346391795971993 0.5143866834427022 0.5389159356469608
3 691 692 800 0.29346391795971993 0.5143866834427022 0.5389159356469608
3 787 1094 1095 0.29346391795971993 0.5143866834427022 0.5389159356469608
3 884 975 974 0.29346391795971993 0.5143866834427022 0.5389159356469608
3 900 899 772 0.29346391795971993 0.5143866834427022 0.5389159356469608
3 772 773 900 0.29346391795971993 0.5143866834427022 0.5389159356469608
3 900 773 901 0.29346391795971993 0.5143866834427022 0.5389159356469608
3 772 899 771 0.29346391795971993 0.5143866834427022 0.5389159356469608
3 771 1405 772 0.29346391795971993 0.5143866834427022 0.5389159356469608
3 1404 1405 771 0.29346391795971993 0.5143866834427022 0.5389159356469608
3 1506 1507 411 0.29346391795971993 0.5143866834427022 0.5389159356469608
3 328 971 329 0.29346391795971993 0.5143866834427022 0.5389159356469608
3 329 1507 328 0.29346391795971993 0.5143866834427022 0.5389159356469608
3 330 1508 329 0.29346391795971993 0.5143866834427022 0.5389159356469608
3 1508 1507 329 0.29346391795971993 0.5143866834427022 0.5389159356469608
3 972 971 339 0.29346391795971993 0.5143866834427022 0.5389159356469608
3 340 973 972 0.29346391795971993 0.5143866834427022 0.5389159356469608
3 972 339 340 0.29346391795971993 0.5143866834427022 0.5389159356469608
3 972 331 330 0.29346391795971993 0.5143866834427022 0.5389159356469608
3 973 331 972 0.29346391795971993 0.5143866834427022 0.5389159356469608
3 330 329 972 0.29346391795971993 0.5143866834427022 0.5389159356469608
3 972 329 971 0.29346391795971993 0.5143866834427022 0.5389159356469608
3 1498 1391 1392 0.29346391795971993 0.5143866834427022 0.5389159356469608
3 1392 1499 1498 0.29346391795971993 0.5143866834427022 0.5389159356469608
3 1392 1391 1193 0.29346391795971993 0.5143866834427022 0.5389159356469608
3 1393 1499 1392 0.29346391795971993 0.5143866834427022 0.5389159356469608
3 1191 1517 1192 0.29346391795971993 0.5143866834427022 0.5389159356469608
3 1193 1391 1192 0.29346391795971993 0.5143866834427022 0.5389159356469608
3 1192 1391 1390 0.29346391795971993 0.5143866834427022 0.5389159356469608
3 1390 1191 1192 0.29346391795971993 0.5143866834427022 0.5389159356469608
3 976 886 977 0.29346391795971993 0.5143866834427022 0.5389159356469608
3 887 886 1264 0.29346391795971993 0.5143866834427022 0.5389159356469608
3 887 977 886 0.29346391795971993 0.5143866834427022 0.5389159356469608
3 1191 1389 1190 0.29346391795971993 0.5143866834427022 0.5389159356469608
3 1190 1389 1388 0.29346391795971993 0.5143866834427022 0.5389159356469608
3 1516 1191 1190 0.29346391795971993 0.5143866834427022 0.5389159356469608
3 1190 1515 1516 0.29346391795971993 0.5143866834427022 0.5389159356469608
3 1210 1430 1431 0.29346391795971993 0.5143866834427022 0.5389159356469608
3 1431 1211 1210 0.29346391795971993 0.5143866834427022 0.5389159356469608
3 1209 1430 1210 0.29346391795971993 0.5143866834427022 0.5389159356469608
3 1210 996 1209 0.29346391795971993 0.5143866834427022 0.5389159356469608
3 1539 996 1210 0.29346391795971993 0.5143866834427022 0.5389159356469608
3 1432 1433 1212 0.29346391795971993 0.5143866834427022 0.5389159356469608
3 1212 1211 1432 0.29346391795971993 0.5143866834427022 0.5389159356469608
3 1542 1541 1212 0.29346391795971993 0.5143866834427022 0.5389159356469608
3 1212 1541 1211 0.29346391795971993 0.5143866834427022 0.5389159356469608
3 1413 1414 1270 0.29346391795971993 0.5143866834427022 0.5389159356469608
3 1516 1515 979 0.29346391795971993 0.5143866834427022 0.5389159356469608
3 907 594 595 0.29346391795971993 0.5143866834427022 0.5389159356469608
3 907 908 345 0.29346391795971993 0.5143866834427022 0.5389159356469608
3 595 908 907 0.29346391795971993 0.5143866834427022 0.5389159356469608
3 88 341 87 0.29346391795971993 0.5143866834427022 0.5389159356469608
3 1194 169 86 0.29346391795971993 0.5143866834427022 0.5389159356469608
3 86 87 1194 0.29346391795971993 0.5143866834427022 0.5389159356469608
3 1194 87 341 0.29346391795971993 0.5143866834427022 0.5389159356469608
3 1194 341 1195 0.29346391795971993 0.5143866834427022 0.5389159356469608
3 1195 341 342 0.29346391795971993 0.5143866834427022 0.5389159356469608
3 905 343 342 0.29346391795971993 0.5143866834427022 0.5389159356469608
3 904 341 88 0.29346391795971993 0.5143866834427022 0.5389159356469608
3 89 592 904 0.29346391795971993 0.5143866834427022 0.5389159356469608
3 904 88 89 0.29346391795971993 0.5143866834427022 0.5389159356469608
3 904 592 905 0.29346391795971993 0.5143866834427022 0.5389159356469608
3 905 342 904 0.29346391795971993 0.5143866834427022 0.5389159356469608
3 904 342 341 0.29346391795971993 0.5143866834427022 0.5389159356469608
3 430 431 598 0.29346391795971993 0.5143866834427022 0.5389159356469608
3 596 595 428 0.29346391795971993 0.5143866834427022 0.5389159356469608
3 596 908 595 0.29346391795971993 0.5143866834427022 0.5389159356469608
3 428 429 596 0.29346391795971993 0.5143866834427022 0.5389159356469608
3 909 908 596 0.29346391795971993 0.5143866834427022 0.5389159356469608
3 1460 632 631 0.29346391795971993 0.5143866834427022 0.5389159356469608
3 1069 953 954 0.29346391795971993 0.5143866834427022 0.5389159356469608
3 953 632 954 0.29346391795971993 0.5143866834427022 0.5389159356469608
3 629 630 951 0.29346391795971993 0.5143866834427022 0.5389159356469608
3 950 628 629 0.29346391795971993 0.5143866834427022 0.5389159356469608
3 629 951 950 0.29346391795971993 0.5143866834427022 0.5389159356469608
3 1458 630 629 0.29346391795971993 0.5143866834427022 0.5389159356469608
3 539 402 540 0.29346391795971993 0.5143866834427022 0.5389159356469608
3 540 867 539 0.29346391795971993 0.5143866834427022 0.5389159356469608
3 539 867 866 0.29346391795971993 0.5143866834427022 0.5389159356469608
3 216 215 1336 0.29346391795971993 0.5143866834427022 0.5389159356469608
3 1340 464 1341 0.29346391795971993 0.5143866834427022 0.5389159356469608
3 1341 404 1340 0.29346391795971993 0.5143866834427022 0.5389159356469608
3 513 514 619 0.29346391795971993 0.5143866834427022 0.5389159356469608
3 619 618 513 0.29346391795971993 0.5143866834427022 0.5389159356469608
3 709 708 619 0.29346391795971993 0.5143866834427022 0.5389159356469608
3 619 708 618 0.29346391795971993 0.5143866834427022 0.5389159356469608
3 710 711 938 0.29346391795971993 0.5143866834427022 0.5389159356469608
3 710 937 709 0.29346391795971993 0.5143866834427022 0.5389159356469608
3 938 937 710 0.29346391795971993 0.5143866834427022 0.5389159356469608
3 621 622 711 0.29346391795971993 0.5143866834427022 0.5389159356469608
3 711 710 621 0.29346391795971993 0.5143866834427022 0.5389159356469608
3 307 308 1546 0.29346391795971993 0.5143866834427022 0.5389159356469608
3 308 1547 1546 0.29346391795971993 0.5143866834427022 0.5389159356469608
3 109 919 306 0.29346391795971993 0.5143866834427022 0.5389159356469608
3 369 370 920 0.29346391795971993 0.5143866834427022 0.5389159356469608
3 920 919 369 0.29346391795971993 0.5143866834427022 0.5389159356469608
3 920 370 921 0.29346391795971993 0.5143866834427022 0.5389159356469608
3 920 306 919 0.29346391795971993 0.5143866834427022 0.5389159356469608
3 920 921 307 0.29346391795971993 0.5143866834427022 0.5389159356469608
3 307 306 920 0.29346391795971993 0.5143866834427022 0.5389159356469608
3 110 111 368 0.29346391795971993 0.5143866834427022 0.5389159356469608
3 368 919 110 0.29346391795971993 0.5143866834427022 0.5389159356469608
3 110 919 109 0.29346391795971993 0.5143866834427022 0.5389159356469608
3 102 817 189 0.29346391795971993 0.5143866834427022 0.5389159356469608
3 189 101 102 0.29346391795971993 0.5143866834427022 0.5389159356469608
3 103 817 102 0.29346391795971993 0.5143866834427022 0.5389159356469608
3 1219 442 1220 0.29346391795971993 0.5143866834427022 0.5389159356469608
3 1220 374 1219 0.29346391795971993 0.5143866834427022 0.5389159356469608
3 1220 1221 375 0.29346391795971993 0.5143866834427022 0.5389159356469608
3 375 374 1220 0.29346391795971993 0.5143866834427022 0.5389159356469608
3 1107 1106 209 0.29346391795971993 0.5143866834427022 0.5389159356469608
3 1107 209 838 0.29346391795971993 0.5143866834427022 0.5389159356469608
3 838 839 1107 0.29346391795971993 0.5143866834427022 0.5389159356469608
3 1277 188 1276 0.29346391795971993 0.5143866834427022 0.5389159356469608
3 1276 194 1277 0.29346391795971993 0.5143866834427022 0.5389159356469608
3 193 194 1276 0.29346391795971993 0.5143866834427022 0.5389159356469608
3 1276 1275 193 0.29346391795971993 0.5143866834427022 0.5389159356469608
3 187 808 186 0.29346391795971993 0.5143866834427022 0.5389159356469608
3 187 1276 188 0.29346391795971993 0.5143866834427022 0.5389159356469608
3 187 188 809 0.29346391795971993 0.5143866834427022 0.5389159356469608
3 809 808 187 0.29346391795971993 0.5143866834427022 0.5389159356469608
3 186 1275 187 0.29346391795971993 0.5143866834427022 0.5389159356469608
3 1275 1276 187 0.29346391795971993 0.5143866834427022 0.5389159356469608
3 825 1109 826 0.29346391795971993 0.5143866834427022 0.5389159356469608
3 1279 824 825 0.29346391795971993 0.5143866834427022 0.5389159356469608
3 826 1280 825 0.29346391795971993 0.5143866834427022 0.5389159356469608
3 825 1280 1279 0.29346391795971993 0.5143866834427022 0.5389159356469608
3 1025 814 815 0.29346391795971993 0.5143866834427022 0.5389159356469608
3 815 1026 1025 0.29346391795971993 0.5143866834427022 0.5389159356469608
3 816 1026 815 0.29346391795971993 0.5143866834427022 0.5389159356469608
3 815 1283 816 0.29346391795971993 0.5143866834427022 0.5389159356469608
3 1282 1283 815 0.29346391795971993 0.5143866834427022 0.5389159356469608
3 815 814 1282 0.29346391795971993 0.5143866834427022 0.5389159356469608
3 933 1559 1558 0.29346391795971993 0.5143866834427022 0.5389159356469608
3 1557 932 1558 0.29346391795971993 0.5143866834427022 0.5389159356469608
3 1558 932 933 0.29346391795971993 0.5143866834427022 0.5389159356469608
3 1558 1559 844 0.29346391795971993 0.5143866834427022 0.5389159356469608
3 1558 843 1557 0.29346391795971993 0.5143866834427022 0.5389159356469608
3 844 843 1558 0.29346391795971993 0.5143866834427022 0.5389159356469608
3 1542 1212 1434 0.29346391795971993 0.5143866834427022 0.5389159356469608
3 1434 1212 1433 0.29346391795971993 0.5143866834427022 0.5389159356469608
3 1544 1522 1414 0.29346391795971993 0.5143866834427022 0.5389159356469608
3 1544 1435 1566 0.29346391795971993 0.5143866834427022 0.5389159356469608
3 1010 1225 1009 0.29346391795971993 0.5143866834427022 0.5389159356469608
3 1010 1449 1450 0.29346391795971993 0.5143866834427022 0.5389159356469608
3 1009 1449 1010 0.29346391795971993 0.5143866834427022 0.5389159356469608
3 1226 1225 1010 0.29346391795971993 0.5143866834427022 0.5389159356469608
3 1555 930 1556 0.29346391795971993 0.5143866834427022 0.5389159356469608
3 841 1555 1556 0.29346391795971993 0.5143866834427022 0.5389159356469608
3 1556 842 841 0.29346391795971993 0.5143866834427022 0.5389159356469608
3 1557 842 1556 0.29346391795971993 0.5143866834427022 0.5389159356469608
3 1226 932 931 0.29346391795971993 0.5143866834427022 0.5389159356469608
3 931 1225 1226 0.29346391795971993 0.5143866834427022 0.5389159356469608
3 931 930 1225 0.29346391795971993 0.5143866834427022 0.5389159356469608
3 931 1556 930 0.29346391795971993 0.5143866834427022 0.5389159356469608
3 931 932 1557 0.29346391795971993 0.5143866834427022 0.5389159356469608
3 1557 1556 931 0.29346391795971993 0.5143866834427022 0.5389159356469608
3 700 1037 1036 0.29346391795971993 0.5143866834427022 0.5389159356469608
3 1036 699 700 0.29346391795971993 0.5143866834427022 0.5389159356469608
3 1327 1063 1062 0.29346391795971993 0.5143866834427022 0.5389159356469608
3 1327 1249 1328 0.29346391795971993 0.5143866834427022 0.5389159356469608
3 1328 1063 1327 0.29346391795971993 0.5143866834427022 0.5389159356469608
3 1307 1308 1046 0.29346391795971993 0.5143866834427022 0.5389159356469608
3 1046 1045 1307 0.29346391795971993 0.5143866834427022 0.5389159356469608
3 1451 1045 1046 0.29346391795971993 0.5143866834427022 0.5389159356469608
3 1046 1452 1451 0.29346391795971993 0.5143866834427022 0.5389159356469608
3 1046 1308 1452 0.29346391795971993 0.5143866834427022 0.5389159356469608
3 1585 1586 1309 0.29346391795971993 0.5143866834427022 0.5389159356469608
3 1309 1308 1585 0.29346391795971993 0.5143866834427022 0.5389159356469608
3 1309 1586 1310 0.29346391795971993 0.5143866834427022 0.5389159356469608
3 1309 1454 1453 0.29346391795971993 0.5143866834427022 0.5389159356469608
3 1310 1454 1309 0.29346391795971993 0.5143866834427022 0.5389159356469608
3 1453 1452 1309 0.29346391795971993 0.5143866834427022 0.5389159356469608
3 1452 1308 1309 0.29346391795971993 0.5143866834427022 0.5389159356469608
3 1227 1012 1228 0.29346391795971993 0.5143866834427022 0.5389159356469608
3 933 932 1227 0.29346391795971993 0.5143866834427022 0.5389159356469608
3 1227 1228 933 0.29346391795971993 0.5143866834427022 0.5389159356469608
3 1227 932 1226 0.29346391795971993 0.5143866834427022 0.5389159356469608
3 504 1001 503 0.29346391795971993 0.5143866834427022 0.5389159356469608
3 1001 1000 503 0.29346391795971993 0.5143866834427022 0.5389159356469608
3 998 501 999 0.29346391795971993 0.5143866834427022 0.5389159356469608
3 999 436 998 0.29346391795971993 0.5143866834427022 0.5389159356469608
3 437 436 999 0.29346391795971993 0.5143866834427022 0.5389159356469608
3 999 1000 437 0.29346391795971993 0.5143866834427022 0.5389159356469608
3 717 945 944 0.29346391795971993 0.5143866834427022 0.5389159356469608
3 944 716 717 0.29346391795971993 0.5143866834427022 0.5389159356469608
3 945 1301 944 0.29346391795971993 0.5143866834427022 0.5389159356469608
3 943 716 944 0.29346391795971993 0.5143866834427022 0.5389159356469608
3 715 716 943 0.29346391795971993 0.5143866834427022 0.5389159356469608
3 715 714 625 0.29346391795971993 0.5143866834427022 0.5389159356469608
3 625 626 715 0.29346391795971993 0.5143866834427022 0.5389159356469608
3 626 716 715 0.29346391795971993 0.5143866834427022 0.5389159356469608
3 942 714 715 0.29346391795971993 0.5143866834427022 0.5389159356469608
3 715 943 942 0.29346391795971993 0.5143866834427022 0.5389159356469608
3 1300 701 1299 0.29346391795971993 0.5143866834427022 0.5389159356469608
3 1299 943 1300 0.29346391795971993 0.5143866834427022 0.5389159356469608
3 943 944 1300 0.29346391795971993 0.5143866834427022 0.5389159356469608
3 1300 944 1301 0.29346391795971993 0.5143866834427022 0.5389159356469608
3 703 1039 702 0.29346391795971993 0.5143866834427022 0.5389159356469608
3 702 1301 703 0.29346391795971993 0.5143866834427022 0.5389159356469608
3 702 1039 1038 0.29346391795971993 0.5143866834427022 0.5389159356469608
3 702 1300 1301 0.29346391795971993 0.5143866834427022 0.5389159356469608
3 1038 701 702 0.29346391795971993 0.5143866834427022 0.5389159356469608
3 701 1300 702 0.29346391795971993 0.5143866834427022 0.5389159356469608
3 392 391 1053 0.29346391795971993 0.5143866834427022 0.5389159356469608
3 1053 527 528 0.29346391795971993 0.5143866834427022 0.5389159356469608
3 1053 1052 527 0.29346391795971993 0.5143866834427022 0.5389159356469608
3 1053 391 1052 0.29346391795971993 0.5143866834427022 0.5389159356469608
3 1054 529 1055 0.29346391795971993 0.5143866834427022 0.5389159356469608
3 1055 393 1054 0.29346391795971993 0.5143866834427022 0.5389159356469608
3 528 529 1054 0.29346391795971993 0.5143866834427022 0.5389159356469608
3 1054 393 392 0.29346391795971993 0.5143866834427022 0.5389159356469608
3 1054 1053 528 0.29346391795971993 0.5143866834427022 0.5389159356469608
3 392 1053 1054 0.29346391795971993 0.5143866834427022 0.5389159356469608
3 1574 383 1573 0.29346391795971993 0.5143866834427022 0.5389159356469608
3 1573 393 1574 0.29346391795971993 0.5143866834427022 0.5389159356469608
3 384 383 1574 0.29346391795971993 0.5143866834427022 0.5389159356469608
3 1574 1575 384 0.29346391795971993 0.5143866834427022 0.5389159356469608
3 732 1364 1365 0.29346391795971993 0.5143866834427022 0.5389159356469608
3 732 1365 1132 0.29346391795971993 0.5143866834427022 0.5389159356469608
3 1132 1131 732 0.29346391795971993 0.5143866834427022 0.5389159356469608
3 732 1131 731 0.29346391795971993 0.5143866834427022 0.5389159356469608
3 731 1364 732 0.29346391795971993 0.5143866834427022 0.5389159356469608
3 1149 746 745 0.29346391795971993 0.5143866834427022 0.5389159356469608
3 1148 758 1149 0.29346391795971993 0.5143866834427022 0.5389159356469608
3 1149 745 1148 0.29346391795971993 0.5143866834427022 0.5389159356469608
3 1149 758 759 0.29346391795971993 0.5143866834427022 0.5389159356469608
3 759 1150 1149 0.29346391795971993 0.5143866834427022 0.5389159356469608
3 1150 746 1149 0.29346391795971993 0.5143866834427022 0.5389159356469608
3 1497 1371 1155 0.29346391795971993 0.5143866834427022 0.5389159356469608
3 1371 1370 1155 0.29346391795971993 0.5143866834427022 0.5389159356469608
3 1136 1475 1369 0.29346391795971993 0.5143866834427022 0.5389159356469608
3 1369 1370 1136 0.29346391795971993 0.5143866834427022 0.5389159356469608
3 1476 1475 1136 0.29346391795971993 0.5143866834427022 0.5389159356469608
3 1136 1370 1476 0.29346391795971993 0.5143866834427022 0.5389159356469608
3 1368 1135 1134 0.29346391795971993 0.5143866834427022 0.5389159356469608
3 1367 1152 1368 0.29346391795971993 0.5143866834427022 0.5389159356469608
3 1368 1134 1367 0.29346391795971993 0.5143866834427022 0.5389159356469608
3 1152 1153 1368 0.29346391795971993 0.5143866834427022 0.5389159356469608
3 1369 1135 1368 0.29346391795971993 0.5143866834427022 0.5389159356469608
3 1368 1153 1369 0.29346391795971993 0.5143866834427022 0.5389159356469608
3 562 471 472 0.29346391795971993 0.5143866834427022 0.5389159356469608
3 545 1374 546 0.29346391795971993 0.5143866834427022 0.5389159356469608
3 1375 547 546 0.29346391795971993 0.5143866834427022 0.5389159356469608
3 546 1374 1375 0.29346391795971993 0.5143866834427022 0.5389159356469608
3 678 1168 1167 0.29346391795971993 0.5143866834427022 0.5389159356469608
3 679 1168 678 0.29346391795971993 0.5143866834427022 0.5389159356469608
3 678 555 679 0.29346391795971993 0.5143866834427022 0.5389159356469608
3 554 555 678 0.29346391795971993 0.5143866834427022 0.5389159356469608
3 1383 555 554 0.29346391795971993 0.5143866834427022 0.5389159356469608
3 554 1382 1383 0.29346391795971993 0.5143866834427022 0.5389159356469608
3 1384 555 1383 0.29346391795971993 0.5143866834427022 0.5389159356469608
3 1383 566 1384 0.29346391795971993 0.5143866834427022 0.5389159356469608
3 565 475 566 0.29346391795971993 0.5143866834427022 0.5389159356469608
3 566 1383 565 0.29346391795971993 0.5143866834427022 0.5389159356469608
3 565 1383 1382 0.29346391795971993 0.5143866834427022 0.5389159356469608
3 562 472 563 0.29346391795971993 0.5143866834427022 0.5389159356469608
3 563 472 473 0.29346391795971993 0.5143866834427022 0.5389159356469608
3 1167 665 1166 0.29346391795971993 0.5143866834427022 0.5389159356469608
3 1165 676 1166 0.29346391795971993 0.5143866834427022 0.5389159356469608
3 1166 664 1165 0.29346391795971993 0.5143866834427022 0.5389159356469608
3 665 664 1166 0.29346391795971993 0.5143866834427022 0.5389159356469608
3 675 676 1165 0.29346391795971993 0.5143866834427022 0.5389159356469608
3 1165 1164 675 0.29346391795971993 0.5143866834427022 0.5389159356469608
3 675 1164 674 0.29346391795971993 0.5143866834427022 0.5389159356469608
3 1378 1377 560 0.29346391795971993 0.5143866834427022 0.5389159356469608
3 560 561 1378 0.29346391795971993 0.5143866834427022 0.5389159356469608
3 561 1379 1378 0.29346391795971993 0.5143866834427022 0.5389159356469608
3 1379 550 1378 0.29346391795971993 0.5143866834427022 0.5389159356469608
3 549 1377 1378 0.29346391795971993 0.5143866834427022 0.5389159356469608
3 1378 550 549 0.29346391795971993 0.5143866834427022 0.5389159356469608
3 1188 1187 1513 0.29346391795971993 0.5143866834427022 0.5389159356469608
3 1187 1512 1513 0.29346391795971993 0.5143866834427022 0.5389159356469608
3 1514 1188 1513 0.29346391795971993 0.5143866834427022 0.5389159356469608
3 1513 977 1514 0.29346391795971993 0.5143866834427022 0.5389159356469608
3 1513 1512 976 0.29346391795971993 0.5143866834427022 0.5389159356469608
3 976 977 1513 0.29346391795971993 0.5143866834427022 0.5389159356469608
3 960 959 638 0.29346391795971993 0.5143866834427022 0.5389159356469608
3 1075 959 960 0.29346391795971993 0.5143866834427022 0.5389159356469608
3 960 638 639 0.29346391795971993 0.5143866834427022 0.5389159356469608
3 639 961 960 0.29346391795971993 0.5143866834427022 0.5389159356469608
3 960 961 1076 0.29346391795971993 0.5143866834427022 0.5389159356469608
3 1076 1075 960 0.29346391795971993 0.5143866834427022 0.5389159356469608
3 1339 1340 322 0.29346391795971993 0.5143866834427022 0.5389159356469608
3 322 1340 404 0.29346391795971993 0.5143866834427022 0.5389159356469608
3 652 1469 1468 0.29346391795971993 0.5143866834427022 0.5389159356469608
3 1128 1129 652 0.29346391795971993 0.5143866834427022 0.5389159356469608
3 652 1129 653 0.29346391795971993 0.5143866834427022 0.5389159356469608
3 653 1469 652 0.29346391795971993 0.5143866834427022 0.5389159356469608
3 652 651 1128 0.29346391795971993 0.5143866834427022 0.5389159356469608
3 1468 651 652 0.29346391795971993 0.5143866834427022 0.5389159356469608
3 394 1056 1575 0.29346391795971993 0.5143866834427022 0.5389159356469608
3 1055 1056 394 0.29346391795971993 0.5143866834427022 0.5389159356469608
3 1575 1574 394 0.29346391795971993 0.5143866834427022 0.5389159356469608
3 394 393 1055 0.29346391795971993 0.5143866834427022 0.5389159356469608
3 394 1574 393 0.29346391795971993 0.5143866834427022 0.5389159356469608
3 530 1056 1055 0.29346391795971993 0.5143866834427022 0.5389159356469608
3 1055 529 530 0.29346391795971993 0.5143866834427022 0.5389159356469608
3 530 529 1320 0.29346391795971993 0.5143866834427022 0.5389159356469608
3 530 1320 1321 0.29346391795971993 0.5143866834427022 0.5389159356469608
3 530 1321 531 0.29346391795971993 0.5143866834427022 0.5389159356469608
3 531 1056 530 0.29346391795971993 0.5143866834427022 0.5389159356469608
3 1322 857 1323 0.29346391795971993 0.5143866834427022 0.5389159356469608
3 1322 856 857 0.29346391795971993 0.5143866834427022 0.5389159356469608
3 1323 1058 1322 0.29346391795971993 0.5143866834427022 0.5389159356469608
3 531 1321 1322 0.29346391795971993 0.5143866834427022 0.5389159356469608
3 1321 856 1322 0.29346391795971993 0.5143866834427022 0.5389159356469608
3 1322 1057 531 0.29346391795971993 0.5143866834427022 0.5389159356469608
3 1058 1057 1322 0.29346391795971993 0.5143866834427022 0.5389159356469608
3 1347 1348 1605 0.29346391795971993 0.5143866834427022 0.5389159356469608
3 1347 1604 1346 0.29346391795971993 0.5143866834427022 0.5389159356469608
3 1605 1604 1347 0.29346391795971993 0.5143866834427022 0.5389159356469608
3 1080 1348 1347 0.29346391795971993 0.5143866834427022 0.5389159356469608
3 1346 1079 1347 0.29346391795971993 0.5143866834427022 0.5389159356469608
3 1079 1080 1347 0.29346391795971993 0.5143866834427022 0.5389159356469608
3 1073 1072 957 0.29346391795971993 0.5143866834427022 0.5389159356469608
3 957 1072 956 0.29346391795971993 0.5143866834427022 0.5389159356469608
3 1069 954 1070 0.29346391795971993 0.5143866834427022 0.5389159356469608
3 1462 634 633 0.29346391795971993 0.5143866834427022 0.5389159356469608
3 633 954 632 0.29346391795971993 0.5143866834427022 0.5389159356469608
3 1137 1138 735 0.29346391795971993 0.5143866834427022 0.5389159356469608
3 1128 651 1127 0.29346391795971993 0.5143866834427022 0.5389159356469608
3 1467 1468 639 0.29346391795971993 0.5143866834427022 0.5389159356469608
3 1467 651 1468 0.29346391795971993 0.5143866834427022 0.5389159356469608
3 639 638 1467 0.29346391795971993 0.5143866834427022 0.5389159356469608
3 638 1466 1467 0.29346391795971993 0.5143866834427022 0.5389159356469608
3 740 1360 1359 0.29346391795971993 0.5143866834427022 0.5389159356469608
3 1359 1360 727 0.29346391795971993 0.5143866834427022 0.5389159356469608
3 1361 729 728 0.29346391795971993 0.5143866834427022 0.5389159356469608
3 728 1360 1361 0.29346391795971993 0.5143866834427022 0.5389159356469608
3 728 729 1128 0.29346391795971993 0.5143866834427022 0.5389159356469608
3 727 1360 728 0.29346391795971993 0.5143866834427022 0.5389159356469608
3 728 1127 727 0.29346391795971993 0.5143866834427022 0.5389159356469608
3 1128 1127 728 0.29346391795971993 0.5143866834427022 0.5389159356469608
3 548 671 547 0.29346391795971993 0.5143866834427022 0.5389159356469608
3 548 547 1376 0.29346391795971993 0.5143866834427022 0.5389159356469608
3 548 1377 549 0.29346391795971993 0.5143866834427022 0.5389159356469608
3 1376 1377 548 0.29346391795971993 0.5143866834427022 0.5389159356469608
3 657 1482 656 0.29346391795971993 0.5143866834427022 0.5389159356469608
3 1482 1481 656 0.29346391795971993 0.5143866834427022 0.5389159356469608
3 41 544 667 0.29346391795971993 0.5143866834427022 0.5389159356469608
3 674 1164 1163 0.29346391795971993 0.5143866834427022 0.5389159356469608
3 1163 1164 662 0.29346391795971993 0.5143866834427022 0.5389159356469608
3 1485 660 1486 0.29346391795971993 0.5143866834427022 0.5389159356469608
3 1487 755 1486 0.29346391795971993 0.5143866834427022 0.5389159356469608
3 1161 660 659 0.29346391795971993 0.5143866834427022 0.5389159356469608
3 659 660 1485 0.29346391795971993 0.5143866834427022 0.5389159356469608
3 662 1487 661 0.29346391795971993 0.5143866834427022 0.5389159356469608
3 661 660 1162 0.29346391795971993 0.5143866834427022 0.5389159356469608
3 1487 1486 661 0.29346391795971993 0.5143866834427022 0.5389159356469608
3 661 1486 660 0.29346391795971993 0.5143866834427022 0.5389159356469608
3 661 1163 662 0.29346391795971993 0.5143866834427022 0.5389159356469608
3 1162 1163 661 0.29346391795971993 0.5143866834427022 0.5389159356469608
3 754 755 1145 0.29346391795971993 0.5143866834427022 0.5389159356469608
3 754 1145 1144 0.29346391795971993 0.5143866834427022 0.5389159356469608
3 1144 753 754 0.29346391795971993 0.5143866834427022 0.5389159356469608
3 754 753 1485 0.29346391795971993 0.5143866834427022 0.5389159356469608
3 1485 1486 754 0.29346391795971993 0.5143866834427022 0.5389159356469608
3 754 1486 755 0.29346391795971993 0.5143866834427022 0.5389159356469608
3 1484 753 752 0.29346391795971993 0.5143866834427022 0.5389159356469608
3 1485 753 1484 0.29346391795971993 0.5143866834427022 0.5389159356469608
3 1484 659 1485 0.29346391795971993 0.5143866834427022 0.5389159356469608
3 658 659 1484 0.29346391795971993 0.5143866834427022 0.5389159356469608
3 242 1394 1395 0.29346391795971993 0.5143866834427022 0.5389159356469608
3 59 1394 242 0.29346391795971993 0.5143866834427022 0.5389159356469608
3 762 763 235 0.29346391795971993 0.5143866834427022 0.5389159356469608
3 763 236 235 0.29346391795971993 0.5143866834427022 0.5389159356469608
3 890 889 235 0.29346391795971993 0.5143866834427022 0.5389159356469608
3 235 236 890 0.29346391795971993 0.5143866834427022 0.5389159356469608
3 260 261 777 0.29346391795971993 0.5143866834427022 0.5389159356469608
3 777 776 260 0.29346391795971993 0.5143866834427022 0.5389159356469608
3 791 137 141 0.29346391795971993 0.5143866834427022 0.5389159356469608
3 141 137 684 0.29346391795971993 0.5143866834427022 0.5389159356469608
3 684 792 141 0.29346391795971993 0.5143866834427022 0.5389159356469608
3 142 792 684 0.29346391795971993 0.5143866834427022 0.5389159356469608
3 684 685 142 0.29346391795971993 0.5143866834427022 0.5389159356469608
3 685 793 142 0.29346391795971993 0.5143866834427022 0.5389159356469608
3 258 1082 1083 0.29346391795971993 0.5143866834427022 0.5389159356469608
3 1082 267 1083 0.29346391795971993 0.5143866834427022 0.5389159356469608
3 260 776 259 0.29346391795971993 0.5143866834427022 0.5389159356469608
3 259 1084 260 0.29346391795971993 0.5143866834427022 0.5389159356469608
3 259 776 775 0.29346391795971993 0.5143866834427022 0.5389159356469608
3 259 775 258 0.29346391795971993 0.5143866834427022 0.5389159356469608
3 258 1083 259 0.29346391795971993 0.5143866834427022 0.5389159356469608
3 792 1084 268 0.29346391795971993 0.5143866834427022 0.5389159356469608
3 791 141 268 0.29346391795971993 0.5143866834427022 0.5389159356469608
3 268 141 792 0.29346391795971993 0.5143866834427022 0.5389159356469608
3 268 267 791 0.29346391795971993 0.5143866834427022 0.5389159356469608
3 268 1083 267 0.29346391795971993 0.5143866834427022 0.5389159356469608
3 1084 259 268 0.29346391795971993 0.5143866834427022 0.5389159356469608
3 268 259 1083 0.29346391795971993 0.5143866834427022 0.5389159356469608
3 1395 1396 243 0.29346391795971993 0.5143866834427022 0.5389159356469608
3 243 242 1395 0.29346391795971993 0.5143866834427022 0.5389159356469608
3 761 242 243 0.29346391795971993 0.5143866834427022 0.5389159356469608
3 762 761 243 0.29346391795971993 0.5143866834427022 0.5389159356469608
3 244 763 762 0.29346391795971993 0.5143866834427022 0.5389159356469608
3 762 243 244 0.29346391795971993 0.5143866834427022 0.5389159356469608
3 244 243 1396 0.29346391795971993 0.5143866834427022 0.5389159356469608
3 1251 53 54 0.29346391795971993 0.5143866834427022 0.5389159356469608
3 1251 218 53 0.29346391795971993 0.5143866834427022 0.5389159356469608
3 891 236 237 0.29346391795971993 0.5143866834427022 0.5389159356469608
3 890 236 891 0.29346391795971993 0.5143866834427022 0.5389159356469608
3 1256 223 222 0.29346391795971993 0.5143866834427022 0.5389159356469608
3 222 878 877 0.29346391795971993 0.5143866834427022 0.5389159356469608
3 223 878 222 0.29346391795971993 0.5143866834427022 0.5389159356469608
3 231 232 1256 0.29346391795971993 0.5143866834427022 0.5389159356469608
3 1253 220 219 0.29346391795971993 0.5143866834427022 0.5389159356469608
3 874 218 219 0.29346391795971993 0.5143866834427022 0.5389159356469608
3 51 874 332 0.29346391795971993 0.5143866834427022 0.5389159356469608
3 332 333 965 0.29346391795971993 0.5143866834427022 0.5389159356469608
3 50 51 332 0.29346391795971993 0.5143866834427022 0.5389159356469608
3 332 965 50 0.29346391795971993 0.5143866834427022 0.5389159356469608
3 874 219 875 0.29346391795971993 0.5143866834427022 0.5389159356469608
3 875 219 220 0.29346391795971993 0.5143866834427022 0.5389159356469608
3 875 332 874 0.29346391795971993 0.5143866834427022 0.5389159356469608
3 333 332 875 0.29346391795971993 0.5143866834427022 0.5389159356469608
3 338 971 970 0.29346391795971993 0.5143866834427022 0.5389159356469608
3 970 337 338 0.29346391795971993 0.5143866834427022 0.5389159356469608
3 969 337 970 0.29346391795971993 0.5143866834427022 0.5389159356469608
3 970 971 328 0.29346391795971993 0.5143866834427022 0.5389159356469608
3 970 327 969 0.29346391795971993 0.5143866834427022 0.5389159356469608
3 970 328 327 0.29346391795971993 0.5143866834427022 0.5389159356469608
3 335 336 968 0.29346391795971993 0.5143866834427022 0.5389159356469608
3 335 968 967 0.29346391795971993 0.5143866834427022 0.5389159356469608
3 967 334 335 0.29346391795971993 0.5143866834427022 0.5389159356469608
3 335 334 877 0.29346391795971993 0.5143866834427022 0.5389159356469608
3 877 878 335 0.29346391795971993 0.5143866834427022 0.5389159356469608
3 878 336 335 0.29346391795971993 0.5143866834427022 0.5389159356469608
3 986 585 987 0.29346391795971993 0.5143866834427022 0.5389159356469608
3 987 988 495 0.29346391795971993 0.5143866834427022 0.5389159356469608
3 1428 1427 1025 0.29346391795971993 0.5143866834427022 0.5389159356469608
3 1025 1026 1428 0.29346391795971993 0.5143866834427022 0.5389159356469608
3 1026 1429 1428 0.29346391795971993 0.5143866834427022 0.5389159356469608
3 1428 1429 918 0.29346391795971993 0.5143866834427022 0.5389159356469608
3 918 917 1428 0.29346391795971993 0.5143866834427022 0.5389159356469608
3 917 1427 1428 0.29346391795971993 0.5143866834427022 0.5389159356469608
3 1023 1024 1426 0.29346391795971993 0.5143866834427022 0.5389159356469608
3 1024 1427 1426 0.29346391795971993 0.5143866834427022 0.5389159356469608
3 1426 1022 1023 0.29346391795971993 0.5143866834427022 0.5389159356469608
3 1426 1425 1022 0.29346391795971993 0.5143866834427022 0.5389159356469608
3 1426 603 1425 0.29346391795971993 0.5143866834427022 0.5389159356469608
3 916 603 1426 0.29346391795971993 0.5143866834427022 0.5389159356469608
3 1426 917 916 0.29346391795971993 0.5143866834427022 0.5389159356469608
3 1426 1427 917 0.29346391795971993 0.5143866834427022 0.5389159356469608
3 1538 996 1539 0.29346391795971993 0.5143866834427022 0.5389159356469608
3 1538 1097 1537 0.29346391795971993 0.5143866834427022 0.5389159356469608
3 995 1537 994 0.29346391795971993 0.5143866834427022 0.5389159356469608
3 1208 996 995 0.29346391795971993 0.5143866834427022 0.5389159356469608
3 995 1538 1537 0.29346391795971993 0.5143866834427022 0.5389159356469608
3 996 1538 995 0.29346391795971993 0.5143866834427022 0.5389159356469608
3 994 1207 995 0.29346391795971993 0.5143866834427022 0.5389159356469608
3 1207 1208 995 0.29346391795971993 0.5143866834427022 0.5389159356469608
3 802 1536 1537 0.29346391795971993 0.5143866834427022 0.5389159356469608
3 1537 1096 802 0.29346391795971993 0.5143866834427022 0.5389159356469608
3 802 1096 1095 0.29346391795971993 0.5143866834427022 0.5389159356469608
3 802 1094 801 0.29346391795971993 0.5143866834427022 0.5389159356469608
3 1095 1094 802 0.29346391795971993 0.5143866834427022 0.5389159356469608
3 801 692 802 0.29346391795971993 0.5143866834427022 0.5389159356469608
3 802 692 1535 0.29346391795971993 0.5143866834427022 0.5389159356469608
3 1535 1536 802 0.29346391795971993 0.5143866834427022 0.5389159356469608
3 165 277 177 0.29346391795971993 0.5143866834427022 0.5389159356469608
3 177 276 164 0.29346391795971993 0.5143866834427022 0.5389159356469608
3 177 418 276 0.29346391795971993 0.5143866834427022 0.5389159356469608
3 177 277 418 0.29346391795971993 0.5143866834427022 0.5389159356469608
3 170 581 169 0.29346391795971993 0.5143866834427022 0.5389159356469608
3 170 1194 1195 0.29346391795971993 0.5143866834427022 0.5389159356469608
3 169 1194 170 0.29346391795971993 0.5143866834427022 0.5389159356469608
3 582 581 170 0.29346391795971993 0.5143866834427022 0.5389159356469608
3 1523 163 79 0.29346391795971993 0.5143866834427022 0.5389159356469608
3 79 80 1523 0.29346391795971993 0.5143866834427022 0.5389159356469608
3 164 176 1523 0.29346391795971993 0.5143866834427022 0.5389159356469608
3 1523 176 163 0.29346391795971993 0.5143866834427022 0.5389159356469608
3 685 686 794 0.29346391795971993 0.5143866834427022 0.5389159356469608
3 795 271 794 0.29346391795971993 0.5143866834427022 0.5389159356469608
3 794 686 795 0.29346391795971993 0.5143866834427022 0.5389159356469608
3 270 793 794 0.29346391795971993 0.5143866834427022 0.5389159356469608
3 794 793 685 0.29346391795971993 0.5143866834427022 0.5389159356469608
3 155 151 490 0.29346391795971993 0.5143866834427022 0.5389159356469608
3 155 983 156 0.29346391795971993 0.5143866834427022 0.5389159356469608
3 982 983 155 0.29346391795971993 0.5143866834427022 0.5389159356469608
3 490 154 155 0.29346391795971993 0.5143866834427022 0.5389159356469608
3 154 982 155 0.29346391795971993 0.5143866834427022 0.5389159356469608
3 491 156 152 0.29346391795971993 0.5143866834427022 0.5389159356469608
3 152 1527 491 0.29346391795971993 0.5143866834427022 0.5389159356469608
3 491 1527 151 0.29346391795971993 0.5143866834427022 0.5389159356469608
3 491 155 156 0.29346391795971993 0.5143866834427022 0.5389159356469608
3 151 155 491 0.29346391795971993 0.5143866834427022 0.5389159356469608
3 985 984 161 0.29346391795971993 0.5143866834427022 0.5389159356469608
3 582 583 161 0.29346391795971993 0.5143866834427022 0.5389159356469608
3 161 160 582 0.29346391795971993 0.5143866834427022 0.5389159356469608
3 161 984 160 0.29346391795971993 0.5143866834427022 0.5389159356469608
3 280 421 180 0.29346391795971993 0.5143866834427022 0.5389159356469608
3 181 422 280 0.29346391795971993 0.5143866834427022 0.5389159356469608
3 280 422 575 0.29346391795971993 0.5143866834427022 0.5389159356469608
3 575 421 280 0.29346391795971993 0.5143866834427022 0.5389159356469608
3 495 1531 1530 0.29346391795971993 0.5143866834427022 0.5389159356469608
3 1531 423 1530 0.29346391795971993 0.5143866834427022 0.5389159356469608
3 281 422 181 0.29346391795971993 0.5143866834427022 0.5389159356469608
3 181 1529 281 0.29346391795971993 0.5143866834427022 0.5389159356469608
3 1529 1530 281 0.29346391795971993 0.5143866834427022 0.5389159356469608
3 281 1530 423 0.29346391795971993 0.5143866834427022 0.5389159356469608
3 281 423 576 0.29346391795971993 0.5143866834427022 0.5389159356469608
3 576 422 281 0.29346391795971993 0.5143866834427022 0.5389159356469608
3 168 1528 181 0.29346391795971993 0.5143866834427022 0.5389159356469608
3 168 280 180 0.29346391795971993 0.5143866834427022 0.5389159356469608
3 181 280 168 0.29346391795971993 0.5143866834427022 0.5389159356469608
3 180 1527 168 0.29346391795971993 0.5143866834427022 0.5389159356469608
3 168 1527 152 0.29346391795971993 0.5143866834427022 0.5389159356469608
3 152 1528 168 0.29346391795971993 0.5143866834427022 0.5389159356469608
3 1529 1528 493 0.29346391795971993 0.5143866834427022 0.5389159356469608
3 985 986 493 0.29346391795971993 0.5143866834427022 0.5389159356469608
3 493 157 985 0.29346391795971993 0.5143866834427022 0.5389159356469608
3 492 157 493 0.29346391795971993 0.5143866834427022 0.5389159356469608
3 493 1528 492 0.29346391795971993 0.5143866834427022 0.5389159356469608
3 1258 1257 233 0.29346391795971993 0.5143866834427022 0.5389159356469608
3 1258 233 1259 0.29346391795971993 0.5143866834427022 0.5389159356469608
3 1259 225 1258 0.29346391795971993 0.5143866834427022 0.5389159356469608
3 1258 225 224 0.29346391795971993 0.5143866834427022 0.5389159356469608
3 224 1257 1258 0.29346391795971993 0.5143866834427022 0.5389159356469608
3 247 246 1399 0.29346391795971993 0.5143866834427022 0.5389159356469608
3 781 782 256 0.29346391795971993 0.5143866834427022 0.5389159356469608
3 1399 255 256 0.29346391795971993 0.5143866834427022 0.5389159356469608
3 256 255 781 0.29346391795971993 0.5143866834427022 0.5389159356469608
3 269 1084 792 0.29346391795971993 0.5143866834427022 0.5389159356469608
3 793 1085 269 0.29346391795971993 0.5143866834427022 0.5389159356469608
3 260 1084 269 0.29346391795971993 0.5143866834427022 0.5389159356469608
3 269 1085 260 0.29346391795971993 0.5143866834427022 0.5389159356469608
3 269 142 793 0.29346391795971993 0.5143866834427022 0.5389159356469608
3 792 142 269 0.29346391795971993 0.5143866834427022 0.5389159356469608
3 271 262 1086 0.29346391795971993 0.5143866834427022 0.5389159356469608
3 270 794 1086 0.29346391795971993 0.5143866834427022 0.5389159356469608
3 1086 794 271 0.29346391795971993 0.5143866834427022 0.5389159356469608
3 1086 261 270 0.29346391795971993 0.5143866834427022 0.5389159356469608
3 1086 262 261 0.29346391795971993 0.5143866834427022 0.5389159356469608
3 779 262 263 0.29346391795971993 0.5143866834427022 0.5389159356469608
3 780 254 779 0.29346391795971993 0.5143866834427022 0.5389159356469608
3 779 263 780 0.29346391795971993 0.5143866834427022 0.5389159356469608
3 261 262 778 0.29346391795971993 0.5143866834427022 0.5389159356469608
3 778 777 261 0.29346391795971993 0.5143866834427022 0.5389159356469608
3 262 779 778 0.29346391795971993 0.5143866834427022 0.5389159356469608
3 691 800 799 0.29346391795971993 0.5143866834427022 0.5389159356469608
3 265 781 1089 0.29346391795971993 0.5143866834427022 0.5389159356469608
3 265 782 781 0.29346391795971993 0.5143866834427022 0.5389159356469608
3 797 796 688 0.29346391795971993 0.5143866834427022 0.5389159356469608
3 797 273 796 0.29346391795971993 0.5143866834427022 0.5389159356469608
3 1089 273 797 0.29346391795971993 0.5143866834427022 0.5389159356469608
3 578 1532 579 0.29346391795971993 0.5143866834427022 0.5389159356469608
3 578 424 1532 0.29346391795971993 0.5143866834427022 0.5389159356469608
3 474 1183 475 0.29346391795971993 0.5143866834427022 0.5389159356469608
3 475 565 474 0.29346391795971993 0.5143866834427022 0.5389159356469608
3 473 472 1181 0.29346391795971993 0.5143866834427022 0.5389159356469608
3 1181 482 483 0.29346391795971993 0.5143866834427022 0.5389159356469608
3 485 1183 484 0.29346391795971993 0.5143866834427022 0.5389159356469608
3 483 411 484 0.29346391795971993 0.5143866834427022 0.5389159356469608
3 475 1183 1184 0.29346391795971993 0.5143866834427022 0.5389159356469608
3 1185 476 1184 0.29346391795971993 0.5143866834427022 0.5389159356469608
3 1184 476 475 0.29346391795971993 0.5143866834427022 0.5389159356469608
3 1184 486 1185 0.29346391795971993 0.5143866834427022 0.5389159356469608
3 485 486 1184 0.29346391795971993 0.5143866834427022 0.5389159356469608
3 1184 1183 485 0.29346391795971993 0.5143866834427022 0.5389159356469608
3 1178 479 480 0.29346391795971993 0.5143866834427022 0.5389159356469608
3 480 407 408 0.29346391795971993 0.5143866834427022 0.5389159356469608
3 479 407 480 0.29346391795971993 0.5143866834427022 0.5389159356469608
3 408 1504 409 0.29346391795971993 0.5143866834427022 0.5389159356469608
3 409 1504 1505 0.29346391795971993 0.5143866834427022 0.5389159356469608
3 774 902 901 0.29346391795971993 0.5143866834427022 0.5389159356469608
3 901 773 774 0.29346391795971993 0.5143866834427022 0.5389159356469608
3 774 773 1407 0.29346391795971993 0.5143866834427022 0.5389159356469608
3 774 1407 1408 0.29346391795971993 0.5143866834427022 0.5389159356469608
3 1409 1097 1098 0.29346391795971993 0.5143866834427022 0.5389159356469608
3 1098 1538 1539 0.29346391795971993 0.5143866834427022 0.5389159356469608
3 1097 1538 1098 0.29346391795971993 0.5143866834427022 0.5389159356469608
3 801 1094 1093 0.29346391795971993 0.5143866834427022 0.5389159356469608
3 1093 800 801 0.29346391795971993 0.5143866834427022 0.5389159356469608
3 786 1405 1404 0.29346391795971993 0.5143866834427022 0.5389159356469608
3 786 1093 1094 0.29346391795971993 0.5143866834427022 0.5389159356469608
3 786 787 1405 0.29346391795971993 0.5143866834427022 0.5389159356469608
3 1094 787 786 0.29346391795971993 0.5143866834427022 0.5389159356469608
3 1404 785 786 0.29346391795971993 0.5143866834427022 0.5389159356469608
3 785 1093 786 0.29346391795971993 0.5143866834427022 0.5389159356469608
3 788 787 1095 0.29346391795971993 0.5143866834427022 0.5389159356469608
3 1095 1096 788 0.29346391795971993 0.5143866834427022 0.5389159356469608
3 788 1096 1407 0.29346391795971993 0.5143866834427022 0.5389159356469608
3 1405 787 1406 0.29346391795971993 0.5143866834427022 0.5389159356469608
3 772 1405 1406 0.29346391795971993 0.5143866834427022 0.5389159356469608
3 1406 773 772 0.29346391795971993 0.5143866834427022 0.5389159356469608
3 787 788 1406 0.29346391795971993 0.5143866834427022 0.5389159356469608
3 1407 773 1406 0.29346391795971993 0.5143866834427022 0.5389159356469608
3 1406 788 1407 0.29346391795971993 0.5143866834427022 0.5389159356469608
3 974 340 883 0.29346391795971993 0.5143866834427022 0.5389159356469608
3 883 884 974 0.29346391795971993 0.5143866834427022 0.5389159356469608
3 1263 886 885 0.29346391795971993 0.5143866834427022 0.5389159356469608
3 885 886 976 0.29346391795971993 0.5143866834427022 0.5389159356469608
3 976 975 885 0.29346391795971993 0.5143866834427022 0.5389159356469608
3 975 884 885 0.29346391795971993 0.5143866834427022 0.5389159356469608
3 899 900 1261 0.29346391795971993 0.5143866834427022 0.5389159356469608
3 884 883 1261 0.29346391795971993 0.5143866834427022 0.5389159356469608
3 898 771 899 0.29346391795971993 0.5143866834427022 0.5389159356469608
3 1259 897 898 0.29346391795971993 0.5143866834427022 0.5389159356469608
3 897 769 770 0.29346391795971993 0.5143866834427022 0.5389159356469608
3 770 898 897 0.29346391795971993 0.5143866834427022 0.5389159356469608
3 771 898 770 0.29346391795971993 0.5143866834427022 0.5389159356469608
3 1404 771 770 0.29346391795971993 0.5143866834427022 0.5389159356469608
3 770 1403 1404 0.29346391795971993 0.5143866834427022 0.5389159356469608
3 769 1403 770 0.29346391795971993 0.5143866834427022 0.5389159356469608
3 483 482 410 0.29346391795971993 0.5143866834427022 0.5389159356469608
3 410 411 483 0.29346391795971993 0.5143866834427022 0.5389159356469608
3 482 409 410 0.29346391795971993 0.5143866834427022 0.5389159356469608
3 1506 411 410 0.29346391795971993 0.5143866834427022 0.5389159356469608
3 410 1505 1506 0.29346391795971993 0.5143866834427022 0.5389159356469608
3 410 409 1505 0.29346391795971993 0.5143866834427022 0.5389159356469608
3 412 1507 1508 0.29346391795971993 0.5143866834427022 0.5389159356469608
3 412 411 1507 0.29346391795971993 0.5143866834427022 0.5389159356469608
3 412 1508 413 0.29346391795971993 0.5143866834427022 0.5389159356469608
3 412 484 411 0.29346391795971993 0.5143866834427022 0.5389159356469608
3 413 485 412 0.29346391795971993 0.5143866834427022 0.5389159356469608
3 485 484 412 0.29346391795971993 0.5143866834427022 0.5389159356469608
3 1193 1519 1520 0.29346391795971993 0.5143866834427022 0.5389159356469608
3 1520 1392 1193 0.29346391795971993 0.5143866834427022 0.5389159356469608
3 1393 1392 1520 0.29346391795971993 0.5143866834427022 0.5389159356469608
3 1388 1188 1189 0.29346391795971993 0.5143866834427022 0.5389159356469608
3 1189 1190 1388 0.29346391795971993 0.5143866834427022 0.5389159356469608
3 1189 1188 1514 0.29346391795971993 0.5143866834427022 0.5389159356469608
3 1514 1515 1189 0.29346391795971993 0.5143866834427022 0.5389159356469608
3 1515 1190 1189 0.29346391795971993 0.5143866834427022 0.5389159356469608
3 1539 1210 1540 0.29346391795971993 0.5143866834427022 0.5389159356469608
3 1540 1210 1211 0.29346391795971993 0.5143866834427022 0.5389159356469608
3 1211 1541 1540 0.29346391795971993 0.5143866834427022 0.5389159356469608
3 1500 1393 1521 0.29346391795971993 0.5143866834427022 0.5389159356469608
3 1521 1522 1500 0.29346391795971993 0.5143866834427022 0.5389159356469608
3 1393 1520 1521 0.29346391795971993 0.5143866834427022 0.5389159356469608
3 1521 1520 1270 0.29346391795971993 0.5143866834427022 0.5389159356469608
3 1270 1414 1521 0.29346391795971993 0.5143866834427022 0.5389159356469608
3 1414 1522 1521 0.29346391795971993 0.5143866834427022 0.5389159356469608
3 978 1515 1514 0.29346391795971993 0.5143866834427022 0.5389159356469608
3 978 979 1515 0.29346391795971993 0.5143866834427022 0.5389159356469608
3 1514 977 978 0.29346391795971993 0.5143866834427022 0.5389159356469608
3 977 887 978 0.29346391795971993 0.5143866834427022 0.5389159356469608
3 980 1517 1516 0.29346391795971993 0.5143866834427022 0.5389159356469608
3 1516 979 980 0.29346391795971993 0.5143866834427022 0.5389159356469608
3 1267 1268 980 0.29346391795971993 0.5143866834427022 0.5389159356469608
3 1264 902 903 0.29346391795971993 0.5143866834427022 0.5389159356469608
3 1408 1409 903 0.29346391795971993 0.5143866834427022 0.5389159356469608
3 903 774 1408 0.29346391795971993 0.5143866834427022 0.5389159356469608
3 902 774 903 0.29346391795971993 0.5143866834427022 0.5389159356469608
3 583 172 584 0.29346391795971993 0.5143866834427022 0.5389159356469608
3 172 173 584 0.29346391795971993 0.5143866834427022 0.5389159356469608
3 584 585 986 0.29346391795971993 0.5143866834427022 0.5389159356469608
3 584 173 585 0.29346391795971993 0.5143866834427022 0.5389159356469608
3 1195 342 1196 0.29346391795971993 0.5143866834427022 0.5389159356469608
3 1196 342 343 0.29346391795971993 0.5143866834427022 0.5389159356469608
3 906 343 905 0.29346391795971993 0.5143866834427022 0.5389159356469608
3 905 593 906 0.29346391795971993 0.5143866834427022 0.5389159356469608
3 593 594 906 0.29346391795971993 0.5143866834427022 0.5389159356469608
3 594 907 906 0.29346391795971993 0.5143866834427022 0.5389159356469608
3 600 912 599 0.29346391795971993 0.5143866834427022 0.5389159356469608
3 599 598 431 0.29346391795971993 0.5143866834427022 0.5389159356469608
3 599 432 600 0.29346391795971993 0.5143866834427022 0.5389159356469608
3 431 432 599 0.29346391795971993 0.5143866834427022 0.5389159356469608
3 909 910 347 0.29346391795971993 0.5143866834427022 0.5389159356469608
3 1199 1198 345 0.29346391795971993 0.5143866834427022 0.5389159356469608
3 349 1202 348 0.29346391795971993 0.5143866834427022 0.5389159356469608
3 348 347 910 0.29346391795971993 0.5143866834427022 0.5389159356469608
3 597 596 429 0.29346391795971993 0.5143866834427022 0.5389159356469608
3 909 596 597 0.29346391795971993 0.5143866834427022 0.5389159356469608
3 597 429 430 0.29346391795971993 0.5143866834427022 0.5389159356469608
3 430 598 597 0.29346391795971993 0.5143866834427022 0.5389159356469608
3 597 910 909 0.29346391795971993 0.5143866834427022 0.5389159356469608
3 597 598 910 0.29346391795971993 0.5143866834427022 0.5389159356469608
3 1458 629 1457 0.29346391795971993 0.5143866834427022 0.5389159356469608
3 29 30 1457 0.29346391795971993 0.5143866834427022 0.5389159356469608
3 1457 628 29 0.29346391795971993 0.5143866834427022 0.5389159356469608
3 1457 629 628 0.29346391795971993 0.5143866834427022 0.5389159356469608
3 538 866 865 0.29346391795971993 0.5143866834427022 0.5389159356469608
3 538 539 866 0.29346391795971993 0.5143866834427022 0.5389159356469608
3 865 537 538 0.29346391795971993 0.5143866834427022 0.5389159356469608
3 319 215 320 0.29346391795971993 0.5143866834427022 0.5389159356469608
3 215 216 320 0.29346391795971993 0.5143866834427022 0.5389159356469608
3 1336 460 1337 0.29346391795971993 0.5143866834427022 0.5389159356469608
3 1337 216 1336 0.29346391795971993 0.5143866834427022 0.5389159356469608
3 515 514 450 0.29346391795971993 0.5143866834427022 0.5389159356469608
3 515 450 451 0.29346391795971993 0.5143866834427022 0.5389159356469608
3 620 621 710 0.29346391795971993 0.5143866834427022 0.5389159356469608
3 620 619 514 0.29346391795971993 0.5143866834427022 0.5389159356469608
3 514 515 620 0.29346391795971993 0.5143866834427022 0.5389159356469608
3 620 515 621 0.29346391795971993 0.5143866834427022 0.5389159356469608
3 709 619 620 0.29346391795971993 0.5143866834427022 0.5389159356469608
3 620 710 709 0.29346391795971993 0.5143866834427022 0.5389159356469608
3 835 207 206 0.29346391795971993 0.5143866834427022 0.5389159356469608
3 206 207 1103 0.29346391795971993 0.5143866834427022 0.5389159356469608
3 196 817 103 0.29346391795971993 0.5143866834427022 0.5389159356469608
3 196 818 817 0.29346391795971993 0.5143866834427022 0.5389159356469608
3 1103 199 198 0.29346391795971993 0.5143866834427022 0.5389159356469608
3 820 819 198 0.29346391795971993 0.5143866834427022 0.5389159356469608
3 198 199 820 0.29346391795971993 0.5143866834427022 0.5389159356469608
3 1221 1220 443 0.29346391795971993 0.5143866834427022 0.5389159356469608
3 444 1221 443 0.29346391795971993 0.5143866834427022 0.5389159356469608
3 443 1006 444 0.29346391795971993 0.5143866834427022 0.5389159356469608
3 443 1005 1006 0.29346391795971993 0.5143866834427022 0.5389159356469608
3 442 1005 443 0.29346391795971993 0.5143866834427022 0.5389159356469608
3 443 1220 442 0.29346391795971993 0.5143866834427022 0.5389159356469608
3 1108 1107 839 0.29346391795971993 0.5143866834427022 0.5389159356469608
3 1108 840 1109 0.29346391795971993 0.5143866834427022 0.5389159356469608
3 839 840 1108 0.29346391795971993 0.5143866834427022 0.5389159356469608
3 1109 825 1108 0.29346391795971993 0.5143866834427022 0.5389159356469608
3 824 1107 1108 0.29346391795971993 0.5143866834427022 0.5389159356469608
3 1108 825 824 0.29346391795971993 0.5143866834427022 0.5389159356469608
3 201 823 822 0.29346391795971993 0.5143866834427022 0.5389159356469608
3 822 200 201 0.29346391795971993 0.5143866834427022 0.5389159356469608
3 821 200 822 0.29346391795971993 0.5143866834427022 0.5389159356469608
3 822 194 821 0.29346391795971993 0.5143866834427022 0.5389159356469608
3 201 1106 202 0.29346391795971993 0.5143866834427022 0.5389159356469608
3 202 823 201 0.29346391795971993 0.5143866834427022 0.5389159356469608
3 1106 1107 202 0.29346391795971993 0.5143866834427022 0.5389159356469608
3 202 1107 824 0.29346391795971993 0.5143866834427022 0.5389159356469608
3 824 823 202 0.29346391795971993 0.5143866834427022 0.5389159356469608
3 1277 194 195 0.29346391795971993 0.5143866834427022 0.5389159356469608
3 195 1278 1277 0.29346391795971993 0.5143866834427022 0.5389159356469608
3 194 822 195 0.29346391795971993 0.5143866834427022 0.5389159356469608
3 195 822 823 0.29346391795971993 0.5143866834427022 0.5389159356469608
3 195 824 1278 0.29346391795971993 0.5143866834427022 0.5389159356469608
3 195 823 824 0.29346391795971993 0.5143866834427022 0.5389159356469608
3 1542 1434 1543 0.29346391795971993 0.5143866834427022 0.5389159356469608
3 1543 1434 1435 0.29346391795971993 0.5143866834427022 0.5389159356469608
3 1435 1544 1543 0.29346391795971993 0.5143866834427022 0.5389159356469608
3 1543 1544 1414 0.29346391795971993 0.5143866834427022 0.5389159356469608
3 1543 1413 1542 0.29346391795971993 0.5143866834427022 0.5389159356469608
3 1414 1413 1543 0.29346391795971993 0.5143866834427022 0.5389159356469608
3 1564 1565 1290 0.29346391795971993 0.5143866834427022 0.5389159356469608
3 1435 1434 1290 0.29346391795971993 0.5143866834427022 0.5389159356469608
3 1290 1565 1566 0.29346391795971993 0.5143866834427022 0.5389159356469608
3 1566 1435 1290 0.29346391795971993 0.5143866834427022 0.5389159356469608
3 1612 1544 1566 0.29346391795971993 0.5143866834427022 0.5389159356469608
3 1522 1544 1612 0.29346391795971993 0.5143866834427022 0.5389159356469608
3 1500 1522 1612 0.29346391795971993 0.5143866834427022 0.5389159356469608
3 1612 1588 1500 0.29346391795971993 0.5143866834427022 0.5389159356469608
3 1566 1588 1612 0.29346391795971993 0.5143866834427022 0.5389159356469608
3 1226 1010 1011 0.29346391795971993 0.5143866834427022 0.5389159356469608
3 1451 1012 1011 0.29346391795971993 0.5143866834427022 0.5389159356469608
3 1450 1451 1011 0.29346391795971993 0.5143866834427022 0.5389159356469608
3 1011 1010 1450 0.29346391795971993 0.5143866834427022 0.5389159356469608
3 1011 1227 1226 0.29346391795971993 0.5143866834427022 0.5389159356469608
3 1012 1227 1011 0.29346391795971993 0.5143866834427022 0.5389159356469608
3 1326 1327 1062 0.29346391795971993 0.5143866834427022 0.5389159356469608
3 1325 1247 1326 0.29346391795971993 0.5143866834427022 0.5389159356469608
3 1326 1062 1061 0.29346391795971993 0.5143866834427022 0.5389159356469608
3 1061 1325 1326 0.29346391795971993 0.5143866834427022 0.5389159356469608
3 1441 1442 504 0.29346391795971993 0.5143866834427022 0.5389159356469608
3 504 503 1441 0.29346391795971993 0.5143866834427022 0.5389159356469608
3 1495 1171 1172 0.29346391795971993 0.5143866834427022 0.5389159356469608
3 1152 1493 1494 0.29346391795971993 0.5143866834427022 0.5389159356469608
3 1494 1153 1152 0.29346391795971993 0.5143866834427022 0.5389159356469608
3 1494 1493 1170 0.29346391795971993 0.5143866834427022 0.5389159356469608
3 1494 1495 1153 0.29346391795971993 0.5143866834427022 0.5389159356469608
3 1170 1171 1494 0.29346391795971993 0.5143866834427022 0.5389159356469608
3 1171 1495 1494 0.29346391795971993 0.5143866834427022 0.5389159356469608
3 547 671 670 0.29346391795971993 0.5143866834427022 0.5389159356469608
3 670 546 547 0.29346391795971993 0.5143866834427022 0.5389159356469608
3 554 678 677 0.29346391795971993 0.5143866834427022 0.5389159356469608
3 677 678 1167 0.29346391795971993 0.5143866834427022 0.5389159356469608
3 1167 1166 677 0.29346391795971993 0.5143866834427022 0.5389159356469608
3 677 1166 676 0.29346391795971993 0.5143866834427022 0.5389159356469608
3 564 565 1382 0.29346391795971993 0.5143866834427022 0.5389159356469608
3 1382 1381 564 0.29346391795971993 0.5143866834427022 0.5389159356469608
3 564 1381 563 0.29346391795971993 0.5143866834427022 0.5389159356469608
3 564 474 565 0.29346391795971993 0.5143866834427022 0.5389159356469608
3 564 563 473 0.29346391795971993 0.5143866834427022 0.5389159356469608
3 473 474 564 0.29346391795971993 0.5143866834427022 0.5389159356469608
3 676 675 552 0.29346391795971993 0.5143866834427022 0.5389159356469608
3 551 675 674 0.29346391795971993 0.5143866834427022 0.5389159356469608
3 674 550 551 0.29346391795971993 0.5143866834427022 0.5389159356469608
3 551 552 675 0.29346391795971993 0.5143866834427022 0.5389159356469608
3 551 550 1379 0.29346391795971993 0.5143866834427022 0.5389159356469608
3 402 320 321 0.29346391795971993 0.5143866834427022 0.5389159356469608
3 321 320 216 0.29346391795971993 0.5143866834427022 0.5389159356469608
3 403 322 404 0.29346391795971993 0.5143866834427022 0.5389159356469608
3 403 541 540 0.29346391795971993 0.5143866834427022 0.5389159356469608
3 403 404 541 0.29346391795971993 0.5143866834427022 0.5389159356469608
3 540 402 403 0.29346391795971993 0.5143866834427022 0.5389159356469608
3 402 321 403 0.29346391795971993 0.5143866834427022 0.5389159356469608
3 403 321 322 0.29346391795971993 0.5143866834427022 0.5389159356469608
3 956 1072 1071 0.29346391795971993 0.5143866834427022 0.5389159356469608
3 632 1460 1461 0.29346391795971993 0.5143866834427022 0.5389159356469608
3 1461 633 632 0.29346391795971993 0.5143866834427022 0.5389159356469608
3 1462 633 1461 0.29346391795971993 0.5143866834427022 0.5389159356469608
3 954 633 955 0.29346391795971993 0.5143866834427022 0.5389159356469608
3 955 1070 954 0.29346391795971993 0.5143866834427022 0.5389159356469608
3 955 634 956 0.29346391795971993 0.5143866834427022 0.5389159356469608
3 955 633 634 0.29346391795971993 0.5143866834427022 0.5389159356469608
3 956 1071 955 0.29346391795971993 0.5143866834427022 0.5389159356469608
3 955 1071 1070 0.29346391795971993 0.5143866834427022 0.5389159356469608
3 1142 738 1141 0.29346391795971993 0.5143866834427022 0.5389159356469608
3 750 751 1141 0.29346391795971993 0.5143866834427022 0.5389159356469608
3 1141 751 1142 0.29346391795971993 0.5143866834427022 0.5389159356469608
3 738 737 1141 0.29346391795971993 0.5143866834427022 0.5389159356469608
3 1463 634 1462 0.29346391795971993 0.5143866834427022 0.5389159356469608
3 638 959 637 0.29346391795971993 0.5143866834427022 0.5389159356469608
3 637 1466 638 0.29346391795971993 0.5143866834427022 0.5389159356469608
3 1358 725 1357 0.29346391795971993 0.5143866834427022 0.5389159356469608
3 1356 737 1357 0.29346391795971993 0.5143866834427022 0.5389159356469608
3 1357 738 1358 0.29346391795971993 0.5143866834427022 0.5389159356469608
3 1357 737 738 0.29346391795971993 0.5143866834427022 0.5389159356469608
3 726 725 1358 0.29346391795971993 0.5143866834427022 0.5389159356469608
3 726 1359 727 0.29346391795971993 0.5143866834427022 0.5389159356469608
3 1358 1359 726 0.29346391795971993 0.5143866834427022 0.5389159356469608
3 641 642 1458 0.29346391795971993 0.5143866834427022 0.5389159356469608
3 30 31 641 0.29346391795971993 0.5143866834427022 0.5389159356469608
3 1458 1457 641 0.29346391795971993 0.5143866834427022 0.5389159356469608
3 641 1457 30 0.29346391795971993 0.5143866834427022 0.5389159356469608
3 1119 642 1118 0.29346391795971993 0.5143866834427022 0.5389159356469608
3 1118 641 31 0.29346391795971993 0.5143866834427022 0.5389159356469608
3 642 641 1118 0.29346391795971993 0.5143866834427022 0.5389159356469608
3 1459 1460 631 0.29346391795971993 0.5143866834427022 0.5389159356469608
3 1458 642 1459 0.29346391795971993 0.5143866834427022 0.5389159356469608
3 631 630 1459 0.29346391795971993 0.5143866834427022 0.5389159356469608
3 1459 630 1458 0.29346391795971993 0.5143866834427022 0.5389159356469608
3 650 1467 1466 0.29346391795971993 0.5143866834427022 0.5389159356469608
3 650 1127 651 0.29346391795971993 0.5143866834427022 0.5389159356469608
3 651 1467 650 0.29346391795971993 0.5143866834427022 0.5389159356469608
3 740 1359 739 0.29346391795971993 0.5143866834427022 0.5389159356469608
3 739 738 1142 0.29346391795971993 0.5143866834427022 0.5389159356469608
3 1358 738 739 0.29346391795971993 0.5143866834427022 0.5389159356469608
3 739 1359 1358 0.29346391795971993 0.5143866834427022 0.5389159356469608
3 739 1142 1143 0.29346391795971993 0.5143866834427022 0.5389159356469608
3 1143 740 739 0.29346391795971993 0.5143866834427022 0.5389159356469608
3 38 39 654 0.29346391795971993 0.5143866834427022 0.5389159356469608
3 654 39 1156 0.29346391795971993 0.5143866834427022 0.5389159356469608
3 654 1480 38 0.29346391795971993 0.5143866834427022 0.5389159356469608
3 654 1481 1480 0.29346391795971993 0.5143866834427022 0.5389159356469608
3 1156 667 1157 0.29346391795971993 0.5143866834427022 0.5389159356469608
3 668 544 545 0.29346391795971993 0.5143866834427022 0.5389159356469608
3 668 667 544 0.29346391795971993 0.5143866834427022 0.5389159356469608
3 668 1157 667 0.29346391795971993 0.5143866834427022 0.5389159356469608
3 40 667 1156 0.29346391795971993 0.5143866834427022 0.5389159356469608
3 1156 39 40 0.29346391795971993 0.5143866834427022 0.5389159356469608
3 41 667 40 0.29346391795971993 0.5143866834427022 0.5389159356469608
3 674 1163 673 0.29346391795971993 0.5143866834427022 0.5389159356469608
3 549 550 673 0.29346391795971993 0.5143866834427022 0.5389159356469608
3 673 550 674 0.29346391795971993 0.5143866834427022 0.5389159356469608
3 673 1163 1162 0.29346391795971993 0.5143866834427022 0.5389159356469608
3 1161 659 1160 0.29346391795971993 0.5143866834427022 0.5389159356469608
3 1159 670 1160 0.29346391795971993 0.5143866834427022 0.5389159356469608
3 1160 658 1159 0.29346391795971993 0.5143866834427022 0.5389159356469608
3 1160 659 658 0.29346391795971993 0.5143866834427022 0.5389159356469608
3 1160 671 1161 0.29346391795971993 0.5143866834427022 0.5389159356469608
3 1160 670 671 0.29346391795971993 0.5143866834427022 0.5389159356469608
3 1483 1484 752 0.29346391795971993 0.5143866834427022 0.5389159356469608
3 1483 751 1482 0.29346391795971993 0.5143866834427022 0.5389159356469608
3 752 751 1483 0.29346391795971993 0.5143866834427022 0.5389159356469608
3 1483 1482 657 0.29346391795971993 0.5143866834427022 0.5389159356469608
3 657 658 1483 0.29346391795971993 0.5143866834427022 0.5389159356469608
3 658 1484 1483 0.29346391795971993 0.5143866834427022 0.5389159356469608
3 58 761 57 0.29346391795971993 0.5143866834427022 0.5389159356469608
3 58 242 761 0.29346391795971993 0.5143866834427022 0.5389159356469608
3 59 242 58 0.29346391795971993 0.5143866834427022 0.5389159356469608
3 237 236 764 0.29346391795971993 0.5143866834427022 0.5389159356469608
3 764 236 763 0.29346391795971993 0.5143866834427022 0.5389159356469608
3 762 235 234 0.29346391795971993 0.5143866834427022 0.5389159356469608
3 234 56 57 0.29346391795971993 0.5143866834427022 0.5389159356469608
3 234 889 56 0.29346391795971993 0.5143866834427022 0.5389159356469608
3 234 235 889 0.29346391795971993 0.5143866834427022 0.5389159356469608
3 57 761 234 0.29346391795971993 0.5143866834427022 0.5389159356469608
3 234 761 762 0.29346391795971993 0.5143866834427022 0.5389159356469608
3 776 777 251 0.29346391795971993 0.5143866834427022 0.5389159356469608
3 251 1394 250 0.29346391795971993 0.5143866834427022 0.5389159356469608
3 250 776 251 0.29346391795971993 0.5143866834427022 0.5389159356469608
3 1395 1394 251 0.29346391795971993 0.5143866834427022 0.5389159356469608
3 1397 244 1396 0.29346391795971993 0.5143866834427022 0.5389159356469608
3 1397 254 1398 0.29346391795971993 0.5143866834427022 0.5389159356469608
3 890 891 227 0.29346391795971993 0.5143866834427022 0.5389159356469608
3 227 891 228 0.29346391795971993 0.5143866834427022 0.5389159356469608
3 1252 228 1253 0.29346391795971993 0.5143866834427022 0.5389159356469608
3 1253 219 1252 0.29346391795971993 0.5143866834427022 0.5389159356469608
3 1252 227 228 0.29346391795971993 0.5143866834427022 0.5389159356469608
3 1251 227 1252 0.29346391795971993 0.5143866834427022 0.5389159356469608
3 218 1251 1252 0.29346391795971993 0.5143866834427022 0.5389159356469608
3 1252 219 218 0.29346391795971993 0.5143866834427022 0.5389159356469608
3 228 891 892 0.29346391795971993 0.5143866834427022 0.5389159356469608
3 892 891 237 0.29346391795971993 0.5143866834427022 0.5389159356469608
3 237 238 892 0.29346391795971993 0.5143866834427022 0.5389159356469608
3 1256 222 1255 0.29346391795971993 0.5143866834427022 0.5389159356469608
3 1255 231 1256 0.29346391795971993 0.5143866834427022 0.5389159356469608
3 221 220 1254 0.29346391795971993 0.5143866834427022 0.5389159356469608
3 1254 1255 221 0.29346391795971993 0.5143866834427022 0.5389159356469608
3 221 1255 222 0.29346391795971993 0.5143866834427022 0.5389159356469608
3 221 222 877 0.29346391795971993 0.5143866834427022 0.5389159356469608
3 334 333 876 0.29346391795971993 0.5143866834427022 0.5389159356469608
3 333 875 876 0.29346391795971993 0.5143866834427022 0.5389159356469608
3 877 334 876 0.29346391795971993 0.5143866834427022 0.5389159356469608
3 876 875 220 0.29346391795971993 0.5143866834427022 0.5389159356469608
3 876 221 877 0.29346391795971993 0.5143866834427022 0.5389159356469608
3 220 221 876 0.29346391795971993 0.5143866834427022 0.5389159356469608
3 988 987 586 0.29346391795971993 0.5143866834427022 0.5389159356469608
3 586 987 585 0.29346391795971993 0.5143866834427022 0.5389159356469608
3 1524 149 165 0.29346391795971993 0.5143866834427022 0.5389159356469608
3 1524 177 164 0.29346391795971993 0.5143866834427022 0.5389159356469608
3 165 177 1524 0.29346391795971993 0.5143866834427022 0.5389159356469608
3 148 80 81 0.29346391795971993 0.5143866834427022 0.5389159356469608
3 148 1523 80 0.29346391795971993 0.5143866834427022 0.5389159356469608
3 164 1523 148 0.29346391795971993 0.5143866834427022 0.5389159356469608
3 148 1524 164 0.29346391795971993 0.5143866834427022 0.5389159356469608
3 1529 493 494 0.29346391795971993 0.5143866834427022 0.5389159356469608
3 494 1530 1529 0.29346391795971993 0.5143866834427022 0.5389159356469608
3 986 987 494 0.29346391795971993 0.5143866834427022 0.5389159356469608
3 494 493 986 0.29346391795971993 0.5143866834427022 0.5389159356469608
3 494 987 495 0.29346391795971993 0.5143866834427022 0.5389159356469608
3 495 1530 494 0.29346391795971993 0.5143866834427022 0.5389159356469608
3 241 769 896 0.29346391795971993 0.5143866834427022 0.5389159356469608
3 896 232 895 0.29346391795971993 0.5143866834427022 0.5389159356469608
3 895 241 896 0.29346391795971993 0.5143866834427022 0.5389159356469608
3 240 241 895 0.29346391795971993 0.5143866834427022 0.5389159356469608
3 232 231 895 0.29346391795971993 0.5143866834427022 0.5389159356469608
3 246 247 765 0.29346391795971993 0.5143866834427022 0.5389159356469608
3 765 238 237 0.29346391795971993 0.5143866834427022 0.5389159356469608
3 237 764 765 0.29346391795971993 0.5143866834427022 0.5389159356469608
3 765 764 246 0.29346391795971993 0.5143866834427022 0.5389159356469608
3 239 238 766 0.29346391795971993 0.5143866834427022 0.5389159356469608
3 766 247 248 0.29346391795971993 0.5143866834427022 0.5389159356469608
3 238 765 766 0.29346391795971993 0.5143866834427022 0.5389159356469608
3 766 765 247 0.29346391795971993 0.5143866834427022 0.5389159356469608
3 248 1401 249 0.29346391795971993 0.5143866834427022 0.5389159356469608
3 249 1401 1402 0.29346391795971993 0.5143866834427022 0.5389159356469608
3 257 256 782 0.29346391795971993 0.5143866834427022 0.5389159356469608
3 777 778 252 0.29346391795971993 0.5143866834427022 0.5389159356469608
3 1395 251 252 0.29346391795971993 0.5143866834427022 0.5389159356469608
3 252 251 777 0.29346391795971993 0.5143866834427022 0.5389159356469608
3 252 1396 1395 0.29346391795971993 0.5143866834427022 0.5389159356469608
3 784 1403 1402 0.29346391795971993 0.5143866834427022 0.5389159356469608
3 785 1403 784 0.29346391795971993 0.5143866834427022 0.5389159356469608
3 577 424 689 0.29346391795971993 0.5143866834427022 0.5389159356469608
3 424 578 689 0.29346391795971993 0.5143866834427022 0.5389159356469608
3 798 797 689 0.29346391795971993 0.5143866834427022 0.5389159356469608
3 688 577 689 0.29346391795971993 0.5143866834427022 0.5389159356469608
3 689 797 688 0.29346391795971993 0.5143866834427022 0.5389159356469608
3 690 799 798 0.29346391795971993 0.5143866834427022 0.5389159356469608
3 798 689 690 0.29346391795971993 0.5143866834427022 0.5389159356469608
3 690 689 578 0.29346391795971993 0.5143866834427022 0.5389159356469608
3 690 578 579 0.29346391795971993 0.5143866834427022 0.5389159356469608
3 579 691 690 0.29346391795971993 0.5143866834427022 0.5389159356469608
3 691 799 690 0.29346391795971993 0.5143866834427022 0.5389159356469608
3 1178 480 1179 0.29346391795971993 0.5143866834427022 0.5389159356469608
3 470 1178 1179 0.29346391795971993 0.5143866834427022 0.5389159356469608
3 1179 471 470 0.29346391795971993 0.5143866834427022 0.5389159356469608
3 1182 484 1183 0.29346391795971993 0.5143866834427022 0.5389159356469608
3 473 1181 1182 0.29346391795971993 0.5143866834427022 0.5389159356469608
3 1182 1181 483 0.29346391795971993 0.5143866834427022 0.5389159356469608
3 483 484 1182 0.29346391795971993 0.5143866834427022 0.5389159356469608
3 1182 474 473 0.29346391795971993 0.5143866834427022 0.5389159356469608
3 1183 474 1182 0.29346391795971993 0.5143866834427022 0.5389159356469608
3 882 883 340 0.29346391795971993 0.5143866834427022 0.5389159356469608
3 340 339 882 0.29346391795971993 0.5143866834427022 0.5389159356469608
3 882 339 881 0.29346391795971993 0.5143866834427022 0.5389159356469608
3 881 225 882 0.29346391795971993 0.5143866834427022 0.5389159356469608
3 882 225 1259 0.29346391795971993 0.5143866834427022 0.5389159356469608
3 899 1261 1260 0.29346391795971993 0.5143866834427022 0.5389159356469608
3 1259 898 1260 0.29346391795971993 0.5143866834427022 0.5389159356469608
3 1260 898 899 0.29346391795971993 0.5143866834427022 0.5389159356469608
3 1260 1261 883 0.29346391795971993 0.5143866834427022 0.5389159356469608
3 1260 882 1259 0.29346391795971993 0.5143866834427022 0.5389159356469608
3 883 882 1260 0.29346391795971993 0.5143866834427022 0.5389159356469608
3 1262 885 884 0.29346391795971993 0.5143866834427022 0.5389159356469608
3 884 1261 1262 0.29346391795971993 0.5143866834427022 0.5389159356469608
3 1263 885 1262 0.29346391795971993 0.5143866834427022 0.5389159356469608
3 1262 1261 900 0.29346391795971993 0.5143866834427022 0.5389159356469608
3 1262 901 1263 0.29346391795971993 0.5143866834427022 0.5389159356469608
3 1262 900 901 0.29346391795971993 0.5143866834427022 0.5389159356469608
3 1099 1540 1541 0.29346391795971993 0.5143866834427022 0.5389159356469608
3 1099 1098 1539 0.29346391795971993 0.5143866834427022 0.5389159356469608
3 1539 1540 1099 0.29346391795971993 0.5143866834427022 0.5389159356469608
3 1519 1268 1269 0.29346391795971993 0.5143866834427022 0.5389159356469608
3 1270 1520 1269 0.29346391795971993 0.5143866834427022 0.5389159356469608
3 1269 1520 1519 0.29346391795971993 0.5143866834427022 0.5389159356469608
3 1269 1413 1270 0.29346391795971993 0.5143866834427022 0.5389159356469608
3 1517 980 1518 0.29346391795971993 0.5143866834427022 0.5389159356469608
3 1518 980 1268 0.29346391795971993 0.5143866834427022 0.5389159356469608
3 1518 1268 1519 0.29346391795971993 0.5143866834427022 0.5389159356469608
3 1518 1519 1193 0.29346391795971993 0.5143866834427022 0.5389159356469608
3 1193 1192 1518 0.29346391795971993 0.5143866834427022 0.5389159356469608
3 1518 1192 1517 0.29346391795971993 0.5143866834427022 0.5389159356469608
3 888 980 979 0.29346391795971993 0.5143866834427022 0.5389159356469608
3 888 978 887 0.29346391795971993 0.5143866834427022 0.5389159356469608
3 979 978 888 0.29346391795971993 0.5143866834427022 0.5389159356469608
3 172 1196 1197 0.29346391795971993 0.5143866834427022 0.5389159356469608
3 1197 1196 343 0.29346391795971993 0.5143866834427022 0.5389159356469608
3 1197 173 172 0.29346391795971993 0.5143866834427022 0.5389159356469608
3 1197 1198 173 0.29346391795971993 0.5143866834427022 0.5389159356469608
3 583 584 162 0.29346391795971993 0.5143866834427022 0.5389159356469608
3 985 161 162 0.29346391795971993 0.5143866834427022 0.5389159356469608
3 162 161 583 0.29346391795971993 0.5143866834427022 0.5389159356469608
3 162 986 985 0.29346391795971993 0.5143866834427022 0.5389159356469608
3 162 584 986 0.29346391795971993 0.5143866834427022 0.5389159356469608
3 171 1196 172 0.29346391795971993 0.5143866834427022 0.5389159356469608
3 171 583 582 0.29346391795971993 0.5143866834427022 0.5389159356469608
3 171 172 583 0.29346391795971993 0.5143866834427022 0.5389159356469608
3 582 170 171 0.29346391795971993 0.5143866834427022 0.5389159356469608
3 171 170 1195 0.29346391795971993 0.5143866834427022 0.5389159356469608
3 1195 1196 171 0.29346391795971993 0.5143866834427022 0.5389159356469608
3 346 1199 345 0.29346391795971993 0.5143866834427022 0.5389159356469608
3 345 908 346 0.29346391795971993 0.5143866834427022 0.5389159356469608
3 346 908 909 0.29346391795971993 0.5143866834427022 0.5389159356469608
3 909 347 346 0.29346391795971993 0.5143866834427022 0.5389159356469608
3 346 347 1200 0.29346391795971993 0.5143866834427022 0.5389159356469608
3 1200 1199 346 0.29346391795971993 0.5143866834427022 0.5389159356469608
3 1200 347 1201 0.29346391795971993 0.5143866834427022 0.5389159356469608
3 347 348 1201 0.29346391795971993 0.5143866834427022 0.5389159356469608
3 1201 1202 588 0.29346391795971993 0.5143866834427022 0.5389159356469608
3 1201 348 1202 0.29346391795971993 0.5143866834427022 0.5389159356469608
3 911 912 349 0.29346391795971993 0.5143866834427022 0.5389159356469608
3 349 348 911 0.29346391795971993 0.5143866834427022 0.5389159356469608
3 911 599 912 0.29346391795971993 0.5143866834427022 0.5389159356469608
3 911 348 910 0.29346391795971993 0.5143866834427022 0.5389159356469608
3 910 598 911 0.29346391795971993 0.5143866834427022 0.5389159356469608
3 598 599 911 0.29346391795971993 0.5143866834427022 0.5389159356469608
3 402 539 401 0.29346391795971993 0.5143866834427022 0.5389159356469608
3 539 538 401 0.29346391795971993 0.5143866834427022 0.5389159356469608
3 401 320 402 0.29346391795971993 0.5143866834427022 0.5389159356469608
3 319 320 401 0.29346391795971993 0.5143866834427022 0.5389159356469608
3 516 515 451 0.29346391795971993 0.5143866834427022 0.5389159356469608
3 517 622 516 0.29346391795971993 0.5143866834427022 0.5389159356469608
3 622 621 516 0.29346391795971993 0.5143866834427022 0.5389159356469608
3 621 515 516 0.29346391795971993 0.5143866834427022 0.5389159356469608
3 516 452 517 0.29346391795971993 0.5143866834427022 0.5389159356469608
3 451 452 516 0.29346391795971993 0.5143866834427022 0.5389159356469608
3 109 306 108 0.29346391795971993 0.5143866834427022 0.5389159356469608
3 1103 198 1102 0.29346391795971993 0.5143866834427022 0.5389159356469608
3 1102 206 1103 0.29346391795971993 0.5143866834427022 0.5389159356469608
3 197 196 1101 0.29346391795971993 0.5143866834427022 0.5389159356469608
3 1101 1102 197 0.29346391795971993 0.5143866834427022 0.5389159356469608
3 197 1102 198 0.29346391795971993 0.5143866834427022 0.5389159356469608
3 818 196 197 0.29346391795971993 0.5143866834427022 0.5389159356469608
3 197 819 818 0.29346391795971993 0.5143866834427022 0.5389159356469608
3 197 198 819 0.29346391795971993 0.5143866834427022 0.5389159356469608
3 1289 1290 1434 0.29346391795971993 0.5143866834427022 0.5389159356469608
3 1289 1433 1288 0.29346391795971993 0.5143866834427022 0.5389159356469608
3 1289 1434 1433 0.29346391795971993 0.5143866834427022 0.5389159356469608
3 1288 1117 1289 0.29346391795971993 0.5143866834427022 0.5389159356469608
3 1289 1117 1564 0.29346391795971993 0.5143866834427022 0.5389159356469608
3 1564 1290 1289 0.29346391795971993 0.5143866834427022 0.5389159356469608
3 699 1036 1035 0.29346391795971993 0.5143866834427022 0.5389159356469608
3 1035 608 1034 0.29346391795971993 0.5143866834427022 0.5389159356469608
3 698 699 1035 0.29346391795971993 0.5143866834427022 0.5389159356469608
3 1035 1034 698 0.29346391795971993 0.5143866834427022 0.5389159356469608
3 1034 608 607 0.29346391795971993 0.5143866834427022 0.5389159356469608
3 1438 606 607 0.29346391795971993 0.5143866834427022 0.5389159356469608
3 607 606 1033 0.29346391795971993 0.5143866834427022 0.5389159356469608
3 1033 1034 607 0.29346391795971993 0.5143866834427022 0.5389159356469608
3 1439 501 1438 0.29346391795971993 0.5143866834427022 0.5389159356469608
3 1438 607 1439 0.29346391795971993 0.5143866834427022 0.5389159356469608
3 1439 607 608 0.29346391795971993 0.5143866834427022 0.5389159356469608
3 1327 1326 1248 0.29346391795971993 0.5143866834427022 0.5389159356469608
3 1605 1606 1248 0.29346391795971993 0.5143866834427022 0.5389159356469608
3 1248 1247 1605 0.29346391795971993 0.5143866834427022 0.5389159356469608
3 1248 1326 1247 0.29346391795971993 0.5143866834427022 0.5389159356469608
3 1248 1606 1249 0.29346391795971993 0.5143866834427022 0.5389159356469608
3 1249 1327 1248 0.29346391795971993 0.5143866834427022 0.5389159356469608
3 610 1036 1037 0.29346391795971993 0.5143866834427022 0.5389159356469608
3 610 1037 611 0.29346391795971993 0.5143866834427022 0.5389159356469608
3 611 1442 610 0.29346391795971993 0.5143866834427022 0.5389159356469608
3 1442 1441 610 0.29346391795971993 0.5143866834427022 0.5389159356469608
3 1440 1439 608 0.29346391795971993 0.5143866834427022 0.5389159356469608
3 1440 1441 503 0.29346391795971993 0.5143866834427022 0.5389159356469608
3 1154 1155 1370 0.29346391795971993 0.5143866834427022 0.5389159356469608
3 1154 1370 1369 0.29346391795971993 0.5143866834427022 0.5389159356469608
3 1369 1153 1154 0.29346391795971993 0.5143866834427022 0.5389159356469608
3 1153 1495 1154 0.29346391795971993 0.5143866834427022 0.5389159356469608
3 545 546 669 0.29346391795971993 0.5143866834427022 0.5389159356469608
3 546 670 669 0.29346391795971993 0.5143866834427022 0.5389159356469608
3 669 668 545 0.29346391795971993 0.5143866834427022 0.5389159356469608
3 669 670 1159 0.29346391795971993 0.5143866834427022 0.5389159356469608
3 1381 552 1380 0.29346391795971993 0.5143866834427022 0.5389159356469608
3 1380 1379 562 0.29346391795971993 0.5143866834427022 0.5389159356469608
3 1380 551 1379 0.29346391795971993 0.5143866834427022 0.5389159356469608
3 552 551 1380 0.29346391795971993 0.5143866834427022 0.5389159356469608
3 562 563 1380 0.29346391795971993 0.5143866834427022 0.5389159356469608
3 563 1381 1380 0.29346391795971993 0.5143866834427022 0.5389159356469608
3 554 677 553 0.29346391795971993 0.5143866834427022 0.5389159356469608
3 553 552 1381 0.29346391795971993 0.5143866834427022 0.5389159356469608
3 553 677 676 0.29346391795971993 0.5143866834427022 0.5389159356469608
3 676 552 553 0.29346391795971993 0.5143866834427022 0.5389159356469608
3 553 1382 554 0.29346391795971993 0.5143866834427022 0.5389159356469608
3 553 1381 1382 0.29346391795971993 0.5143866834427022 0.5389159356469608
3 216 1337 217 0.29346391795971993 0.5143866834427022 0.5389159356469608
3 217 321 216 0.29346391795971993 0.5143866834427022 0.5389159356469608
3 1339 322 217 0.29346391795971993 0.5143866834427022 0.5389159356469608
3 322 321 217 0.29346391795971993 0.5143866834427022 0.5389159356469608
3 463 1071 1072 0.29346391795971993 0.5143866834427022 0.5389159356469608
3 463 1072 464 0.29346391795971993 0.5143866834427022 0.5389159356469608
3 463 1340 1339 0.29346391795971993 0.5143866834427022 0.5389159356469608
3 464 1340 463 0.29346391795971993 0.5143866834427022 0.5389159356469608
3 1339 217 1338 0.29346391795971993 0.5143866834427022 0.5389159356469608
3 1338 217 1337 0.29346391795971993 0.5143866834427022 0.5389159356469608
3 644 1461 1460 0.29346391795971993 0.5143866834427022 0.5389159356469608
3 736 737 1356 0.29346391795971993 0.5143866834427022 0.5389159356469608
3 1356 1355 736 0.29346391795971993 0.5143866834427022 0.5389159356469608
3 736 1355 735 0.29346391795971993 0.5143866834427022 0.5389159356469608
3 956 634 635 0.29346391795971993 0.5143866834427022 0.5389159356469608
3 634 1463 635 0.29346391795971993 0.5143866834427022 0.5389159356469608
3 635 957 956 0.29346391795971993 0.5143866834427022 0.5389159356469608
3 635 1463 1464 0.29346391795971993 0.5143866834427022 0.5389159356469608
3 957 635 636 0.29346391795971993 0.5143866834427022 0.5389159356469608
3 636 635 1464 0.29346391795971993 0.5143866834427022 0.5389159356469608
3 648 1464 647 0.29346391795971993 0.5143866834427022 0.5389159356469608
3 647 1124 648 0.29346391795971993 0.5143866834427022 0.5389159356469608
3 1123 1124 647 0.29346391795971993 0.5143866834427022 0.5389159356469608
3 1464 1463 647 0.29346391795971993 0.5143866834427022 0.5389159356469608
3 1122 1121 722 0.29346391795971993 0.5143866834427022 0.5389159356469608
3 32 1118 31 0.29346391795971993 0.5143866834427022 0.5389159356469608
3 722 1121 721 0.29346391795971993 0.5143866834427022 0.5389159356469608
3 1137 735 734 0.29346391795971993 0.5143866834427022 0.5389159356469608
3 725 726 1125 0.29346391795971993 0.5143866834427022 0.5389159356469608
3 648 1124 1125 0.29346391795971993 0.5143866834427022 0.5389159356469608
3 1125 1124 725 0.29346391795971993 0.5143866834427022 0.5389159356469608
3 655 654 1156 0.29346391795971993 0.5143866834427022 0.5389159356469608
3 1156 1157 655 0.29346391795971993 0.5143866834427022 0.5389159356469608
3 655 1157 656 0.29346391795971993 0.5143866834427022 0.5389159356469608
3 655 656 1481 0.29346391795971993 0.5143866834427022 0.5389159356469608
3 1481 654 655 0.29346391795971993 0.5143866834427022 0.5389159356469608
3 657 656 1158 0.29346391795971993 0.5143866834427022 0.5389159356469608
3 656 1157 1158 0.29346391795971993 0.5143866834427022 0.5389159356469608
3 1159 657 1158 0.29346391795971993 0.5143866834427022 0.5389159356469608
3 1157 668 1158 0.29346391795971993 0.5143866834427022 0.5389159356469608
3 1158 669 1159 0.29346391795971993 0.5143866834427022 0.5389159356469608
3 668 669 1158 0.29346391795971993 0.5143866834427022 0.5389159356469608
3 672 673 1162 0.29346391795971993 0.5143866834427022 0.5389159356469608
3 1161 671 672 0.29346391795971993 0.5143866834427022 0.5389159356469608
3 672 1162 1161 0.29346391795971993 0.5143866834427022 0.5389159356469608
3 671 548 672 0.29346391795971993 0.5143866834427022 0.5389159356469608
3 672 548 549 0.29346391795971993 0.5143866834427022 0.5389159356469608
3 549 673 672 0.29346391795971993 0.5143866834427022 0.5389159356469608
3 245 764 763 0.29346391795971993 0.5143866834427022 0.5389159356469608
3 245 1397 1398 0.29346391795971993 0.5143866834427022 0.5389159356469608
3 1398 246 245 0.29346391795971993 0.5143866834427022 0.5389159356469608
3 246 764 245 0.29346391795971993 0.5143866834427022 0.5389159356469608
3 763 244 245 0.29346391795971993 0.5143866834427022 0.5389159356469608
3 244 1397 245 0.29346391795971993 0.5143866834427022 0.5389159356469608
3 253 1397 1396 0.29346391795971993 0.5143866834427022 0.5389159356469608
3 253 778 779 0.29346391795971993 0.5143866834427022 0.5389159356469608
3 253 779 254 0.29346391795971993 0.5143866834427022 0.5389159356469608
3 254 1397 253 0.29346391795971993 0.5143866834427022 0.5389159356469608
3 1396 252 253 0.29346391795971993 0.5143866834427022 0.5389159356469608
3 253 252 778 0.29346391795971993 0.5143866834427022 0.5389159356469608
3 226 1251 54 0.29346391795971993 0.5143866834427022 0.5389159356469608
3 226 227 1251 0.29346391795971993 0.5143866834427022 0.5389159356469608
3 54 55 226 0.29346391795971993 0.5143866834427022 0.5389159356469608
3 890 227 226 0.29346391795971993 0.5143866834427022 0.5389159356469608
3 55 889 226 0.29346391795971993 0.5143866834427022 0.5389159356469608
3 226 889 890 0.29346391795971993 0.5143866834427022 0.5389159356469608
3 228 892 229 0.29346391795971993 0.5143866834427022 0.5389159356469608
3 1253 228 229 0.29346391795971993 0.5143866834427022 0.5389159356469608
3 229 1254 1253 0.29346391795971993 0.5143866834427022 0.5389159356469608
3 174 1199 1200 0.29346391795971993 0.5143866834427022 0.5389159356469608
3 1200 586 174 0.29346391795971993 0.5143866834427022 0.5389159356469608
3 174 586 585 0.29346391795971993 0.5143866834427022 0.5389159356469608
3 585 173 174 0.29346391795971993 0.5143866834427022 0.5389159356469608
3 173 1198 174 0.29346391795971993 0.5143866834427022 0.5389159356469608
3 1198 1199 174 0.29346391795971993 0.5143866834427022 0.5389159356469608
3 488 81 153 0.29346391795971993 0.5143866834427022 0.5389159356469608
3 488 148 81 0.29346391795971993 0.5143866834427022 0.5389159356469608
3 153 149 488 0.29346391795971993 0.5143866834427022 0.5389159356469608
3 149 1524 488 0.29346391795971993 0.5143866834427022 0.5389159356469608
3 1524 148 488 0.29346391795971993 0.5143866834427022 0.5389159356469608
3 248 249 767 0.29346391795971993 0.5143866834427022 0.5389159356469608
3 767 240 239 0.29346391795971993 0.5143866834427022 0.5389159356469608
3 239 766 767 0.29346391795971993 0.5143866834427022 0.5389159356469608
3 767 766 248 0.29346391795971993 0.5143866834427022 0.5389159356469608
3 768 241 240 0.29346391795971993 0.5143866834427022 0.5389159356469608
3 240 767 768 0.29346391795971993 0.5143866834427022 0.5389159356469608
3 768 767 249 0.29346391795971993 0.5143866834427022 0.5389159356469608
3 769 241 768 0.29346391795971993 0.5143866834427022 0.5389159356469608
3 1402 769 768 0.29346391795971993 0.5143866834427022 0.5389159356469608
3 768 249 1402 0.29346391795971993 0.5143866834427022 0.5389159356469608
3 256 257 1400 0.29346391795971993 0.5143866834427022 0.5389159356469608
3 248 247 1400 0.29346391795971993 0.5143866834427022 0.5389159356469608
3 1400 1401 248 0.29346391795971993 0.5143866834427022 0.5389159356469608
3 1400 257 1401 0.29346391795971993 0.5143866834427022 0.5389159356469608
3 1400 247 1399 0.29346391795971993 0.5143866834427022 0.5389159356469608
3 1399 256 1400 0.29346391795971993 0.5143866834427022 0.5389159356469608
3 1092 799 800 0.29346391795971993 0.5143866834427022 0.5389159356469608
3 785 784 1092 0.29346391795971993 0.5143866834427022 0.5389159356469608
3 1092 1093 785 0.29346391795971993 0.5143866834427022 0.5389159356469608
3 800 1093 1092 0.29346391795971993 0.5143866834427022 0.5389159356469608
3 782 265 1090 0.29346391795971993 0.5143866834427022 0.5389159356469608
3 1090 797 798 0.29346391795971993 0.5143866834427022 0.5389159356469608
3 1090 265 1089 0.29346391795971993 0.5143866834427022 0.5389159356469608
3 1089 797 1090 0.29346391795971993 0.5143866834427022 0.5389159356469608
3 482 1181 1180 0.29346391795971993 0.5143866834427022 0.5389159356469608
3 471 1179 1180 0.29346391795971993 0.5143866834427022 0.5389159356469608
3 1180 472 471 0.29346391795971993 0.5143866834427022 0.5389159356469608
3 1180 1181 472 0.29346391795971993 0.5143866834427022 0.5389159356469608
3 481 1179 480 0.29346391795971993 0.5143866834427022 0.5389159356469608
3 481 409 482 0.29346391795971993 0.5143866834427022 0.5389159356469608
3 482 1180 481 0.29346391795971993 0.5143866834427022 0.5389159356469608
3 481 1180 1179 0.29346391795971993 0.5143866834427022 0.5389159356469608
3 481 480 408 0.29346391795971993 0.5143866834427022 0.5389159356469608
3 408 409 481 0.29346391795971993 0.5143866834427022 0.5389159356469608
3 1411 1268 1267 0.29346391795971993 0.5143866834427022 0.5389159356469608
3 1267 980 1266 0.29346391795971993 0.5143866834427022 0.5389159356469608
3 980 888 1266 0.29346391795971993 0.5143866834427022 0.5389159356469608
3 344 1197 343 0.29346391795971993 0.5143866834427022 0.5389159356469608
3 344 906 907 0.29346391795971993 0.5143866834427022 0.5389159356469608
3 343 906 344 0.29346391795971993 0.5143866834427022 0.5389159356469608
3 344 907 345 0.29346391795971993 0.5143866834427022 0.5389159356469608
3 345 1198 344 0.29346391795971993 0.5143866834427022 0.5389159356469608
3 1198 1197 344 0.29346391795971993 0.5143866834427022 0.5389159356469608
3 988 586 587 0.29346391795971993 0.5143866834427022 0.5389159356469608
3 587 1201 588 0.29346391795971993 0.5143866834427022 0.5389159356469608
3 587 586 1200 0.29346391795971993 0.5143866834427022 0.5389159356469608
3 1200 1201 587 0.29346391795971993 0.5143866834427022 0.5389159356469608
3 588 989 587 0.29346391795971993 0.5143866834427022 0.5389159356469608
3 989 988 587 0.29346391795971993 0.5143866834427022 0.5389159356469608
3 400 538 537 0.29346391795971993 0.5143866834427022 0.5389159356469608
3 400 401 538 0.29346391795971993 0.5143866834427022 0.5389159356469608
3 319 401 400 0.29346391795971993 0.5143866834427022 0.5389159356469608
3 537 399 400 0.29346391795971993 0.5143866834427022 0.5389159356469608
3 400 399 318 0.29346391795971993 0.5143866834427022 0.5389159356469608
3 318 319 400 0.29346391795971993 0.5143866834427022 0.5389159356469608
3 107 298 106 0.29346391795971993 0.5143866834427022 0.5389159356469608
3 1545 306 307 0.29346391795971993 0.5143866834427022 0.5389159356469608
3 1545 108 306 0.29346391795971993 0.5143866834427022 0.5389159356469608
3 307 1546 1545 0.29346391795971993 0.5143866834427022 0.5389159356469608
3 1546 298 1545 0.29346391795971993 0.5143866834427022 0.5389159356469608
3 1545 107 108 0.29346391795971993 0.5143866834427022 0.5389159356469608
3 298 107 1545 0.29346391795971993 0.5143866834427022 0.5389159356469608
3 609 610 1441 0.29346391795971993 0.5143866834427022 0.5389159356469608
3 1441 1440 609 0.29346391795971993 0.5143866834427022 0.5389159356469608
3 1036 610 609 0.29346391795971993 0.5143866834427022 0.5389159356469608
3 609 1440 608 0.29346391795971993 0.5143866834427022 0.5389159356469608
3 609 1035 1036 0.29346391795971993 0.5143866834427022 0.5389159356469608
3 608 1035 609 0.29346391795971993 0.5143866834427022 0.5389159356469608
3 502 1440 503 0.29346391795971993 0.5143866834427022 0.5389159356469608
3 502 503 1000 0.29346391795971993 0.5143866834427022 0.5389159356469608
3 1000 999 502 0.29346391795971993 0.5143866834427022 0.5389159356469608
3 502 999 501 0.29346391795971993 0.5143866834427022 0.5389159356469608
3 501 1439 502 0.29346391795971993 0.5143866834427022 0.5389159356469608
3 1439 1440 502 0.29346391795971993 0.5143866834427022 0.5389159356469608
3 1155 1154 1496 0.29346391795971993 0.5143866834427022 0.5389159356469608
3 1172 1173 1496 0.29346391795971993 0.5143866834427022 0.5389159356469608
3 1496 1495 1172 0.29346391795971993 0.5143866834427022 0.5389159356469608
3 1496 1154 1495 0.29346391795971993 0.5143866834427022 0.5389159356469608
3 1496 1173 1497 0.29346391795971993 0.5143866834427022 0.5389159356469608
3 1497 1155 1496 0.29346391795971993 0.5143866834427022 0.5389159356469608
3 461 1338 1337 0.29346391795971993 0.5143866834427022 0.5389159356469608
3 461 1337 460 0.29346391795971993 0.5143866834427022 0.5389159356469608
3 461 460 1069 0.29346391795971993 0.5143866834427022 0.5389159356469608
3 1069 1070 461 0.29346391795971993 0.5143866834427022 0.5389159356469608
3 1071 463 462 0.29346391795971993 0.5143866834427022 0.5389159356469608
3 1338 461 462 0.29346391795971993 0.5143866834427022 0.5389159356469608
3 462 463 1339 0.29346391795971993 0.5143866834427022 0.5389159356469608
3 1339 1338 462 0.29346391795971993 0.5143866834427022 0.5389159356469608
3 1070 1071 462 0.29346391795971993 0.5143866834427022 0.5389159356469608
3 462 461 1070 0.29346391795971993 0.5143866834427022 0.5389159356469608
3 1121 644 1120 0.29346391795971993 0.5143866834427022 0.5389159356469608
3 1119 720 1120 0.29346391795971993 0.5143866834427022 0.5389159356469608
3 1120 721 1121 0.29346391795971993 0.5143866834427022 0.5389159356469608
3 720 721 1120 0.29346391795971993 0.5143866834427022 0.5389159356469608
3 643 644 1460 0.29346391795971993 0.5143866834427022 0.5389159356469608
3 643 642 1119 0.29346391795971993 0.5143866834427022 0.5389159356469608
3 1119 1120 643 0.29346391795971993 0.5143866834427022 0.5389159356469608
3 643 1120 644 0.29346391795971993 0.5143866834427022 0.5389159356469608
3 1460 1459 643 0.29346391795971993 0.5143866834427022 0.5389159356469608
3 643 1459 642 0.29346391795971993 0.5143866834427022 0.5389159356469608
3 645 644 1121 0.29346391795971993 0.5143866834427022 0.5389159356469608
3 1121 1122 645 0.29346391795971993 0.5143866834427022 0.5389159356469608
3 1462 1461 645 0.29346391795971993 0.5143866834427022 0.5389159356469608
3 1461 644 645 0.29346391795971993 0.5143866834427022 0.5389159356469608
3 1139 735 1138 0.29346391795971993 0.5143866834427022 0.5389159356469608
3 1139 736 735 0.29346391795971993 0.5143866834427022 0.5389159356469608
3 1139 747 748 0.29346391795971993 0.5143866834427022 0.5389159356469608
3 1139 1138 747 0.29346391795971993 0.5143866834427022 0.5389159356469608
3 748 749 1139 0.29346391795971993 0.5143866834427022 0.5389159356469608
3 1073 957 958 0.29346391795971993 0.5143866834427022 0.5389159356469608
3 957 636 958 0.29346391795971993 0.5143866834427022 0.5389159356469608
3 958 636 637 0.29346391795971993 0.5143866834427022 0.5389159356469608
3 958 637 959 0.29346391795971993 0.5143866834427022 0.5389159356469608
3 958 1074 1073 0.29346391795971993 0.5143866834427022 0.5389159356469608
3 958 959 1074 0.29346391795971993 0.5143866834427022 0.5389159356469608
3 637 636 1465 0.29346391795971993 0.5143866834427022 0.5389159356469608
3 1466 637 1465 0.29346391795971993 0.5143866834427022 0.5389159356469608
3 1465 1464 648 0.29346391795971993 0.5143866834427022 0.5389159356469608
3 1465 636 1464 0.29346391795971993 0.5143866834427022 0.5389159356469608
3 725 1124 724 0.29346391795971993 0.5143866834427022 0.5389159356469608
3 1356 1357 724 0.29346391795971993 0.5143866834427022 0.5389159356469608
3 724 1357 725 0.29346391795971993 0.5143866834427022 0.5389159356469608
3 724 1124 1123 0.29346391795971993 0.5143866834427022 0.5389159356469608
3 1123 647 646 0.29346391795971993 0.5143866834427022 0.5389159356469608
3 646 1122 1123 0.29346391795971993 0.5143866834427022 0.5389159356469608
3 646 647 1463 0.29346391795971993 0.5143866834427022 0.5389159356469608
3 646 645 1122 0.29346391795971993 0.5143866834427022 0.5389159356469608
3 646 1463 1462 0.29346391795971993 0.5143866834427022 0.5389159356469608
3 1462 645 646 0.29346391795971993 0.5143866834427022 0.5389159356469608
3 1119 1118 719 0.29346391795971993 0.5143866834427022 0.5389159356469608
3 1118 32 719 0.29346391795971993 0.5143866834427022 0.5389159356469608
3 719 720 1119 0.29346391795971993 0.5143866834427022 0.5389159356469608
3 33 720 719 0.29346391795971993 0.5143866834427022 0.5389159356469608
3 719 32 33 0.29346391795971993 0.5143866834427022 0.5389159356469608
3 36 1137 35 0.29346391795971993 0.5143866834427022 0.5389159356469608
3 733 34 35 0.29346391795971993 0.5143866834427022 0.5389159356469608
3 1137 734 35 0.29346391795971993 0.5143866834427022 0.5389159356469608
3 35 734 733 0.29346391795971993 0.5143866834427022 0.5389159356469608
3 1352 720 33 0.29346391795971993 0.5143866834427022 0.5389159356469608
3 33 34 1352 0.29346391795971993 0.5143866834427022 0.5389159356469608
3 733 734 1354 0.29346391795971993 0.5143866834427022 0.5389159356469608
3 722 721 1354 0.29346391795971993 0.5143866834427022 0.5389159356469608
3 1354 1355 722 0.29346391795971993 0.5143866834427022 0.5389159356469608
3 735 1355 1354 0.29346391795971993 0.5143866834427022 0.5389159356469608
3 1354 734 735 0.29346391795971993 0.5143866834427022 0.5389159356469608
3 1126 1125 726 0.29346391795971993 0.5143866834427022 0.5389159356469608
3 1127 650 1126 0.29346391795971993 0.5143866834427022 0.5389159356469608
3 727 1127 1126 0.29346391795971993 0.5143866834427022 0.5389159356469608
3 1126 726 727 0.29346391795971993 0.5143866834427022 0.5389159356469608
3 230 1255 1254 0.29346391795971993 0.5143866834427022 0.5389159356469608
3 1254 229 230 0.29346391795971993 0.5143866834427022 0.5389159356469608
3 231 1255 230 0.29346391795971993 0.5143866834427022 0.5389159356469608
3 799 1092 1091 0.29346391795971993 0.5143866834427022 0.5389159356469608
3 1091 1092 784 0.29346391795971993 0.5143866834427022 0.5389159356469608
3 798 799 1091 0.29346391795971993 0.5143866834427022 0.5389159356469608
3 1091 1090 798 0.29346391795971993 0.5143866834427022 0.5389159356469608
3 1412 1269 1268 0.29346391795971993 0.5143866834427022 0.5389159356469608
3 1268 1411 1412 0.29346391795971993 0.5143866834427022 0.5389159356469608
3 1413 1269 1412 0.29346391795971993 0.5143866834427022 0.5389159356469608
3 1412 1541 1542 0.29346391795971993 0.5143866834427022 0.5389159356469608
3 1542 1413 1412 0.29346391795971993 0.5143866834427022 0.5389159356469608
3 1412 1099 1541 0.29346391795971993 0.5143866834427022 0.5389159356469608
3 1412 1411 1099 0.29346391795971993 0.5143866834427022 0.5389159356469608
3 1265 1266 888 0.29346391795971993 0.5143866834427022 0.5389159356469608
3 1265 887 1264 0.29346391795971993 0.5143866834427022 0.5389159356469608
3 1265 888 887 0.29346391795971993 0.5143866834427022 0.5389159356469608
3 1264 903 1265 0.29346391795971993 0.5143866834427022 0.5389159356469608
3 903 1266 1265 0.29346391795971993 0.5143866834427022 0.5389159356469608
3 1410 1411 1267 0.29346391795971993 0.5143866834427022 0.5389159356469608
3 1267 1266 1410 0.29346391795971993 0.5143866834427022 0.5389159356469608
3 1099 1411 1410 0.29346391795971993 0.5143866834427022 0.5389159356469608
3 1410 903 1409 0.29346391795971993 0.5143866834427022 0.5389159356469608
3 1410 1266 903 0.29346391795971993 0.5143866834427022 0.5389159356469608
3 1409 1098 1410 0.29346391795971993 0.5143866834427022 0.5389159356469608
3 1098 1099 1410 0.29346391795971993 0.5143866834427022 0.5389159356469608
3 1100 196 103 0.29346391795971993 0.5143866834427022 0.5389159356469608
3 103 104 1100 0.29346391795971993 0.5143866834427022 0.5389159356469608
3 1101 196 1100 0.29346391795971993 0.5143866834427022 0.5389159356469608
3 1100 204 1101 0.29346391795971993 0.5143866834427022 0.5389159356469608
3 835 206 834 0.29346391795971993 0.5143866834427022 0.5389159356469608
3 834 302 835 0.29346391795971993 0.5143866834427022 0.5389159356469608
3 834 301 302 0.29346391795971993 0.5143866834427022 0.5389159356469608
3 300 1547 1548 0.29346391795971993 0.5143866834427022 0.5389159356469608
3 1548 301 300 0.29346391795971993 0.5143866834427022 0.5389159356469608
3 106 298 831 0.29346391795971993 0.5143866834427022 0.5389159356469608
3 831 105 106 0.29346391795971993 0.5143866834427022 0.5389159356469608
3 737 736 1140 0.29346391795971993 0.5143866834427022 0.5389159356469608
3 736 1139 1140 0.29346391795971993 0.5143866834427022 0.5389159356469608
3 1140 1141 737 0.29346391795971993 0.5143866834427022 0.5389159356469608
3 1140 1139 749 0.29346391795971993 0.5143866834427022 0.5389159356469608
3 1140 749 750 0.29346391795971993 0.5143866834427022 0.5389159356469608
3 750 1141 1140 0.29346391795971993 0.5143866834427022 0.5389159356469608
3 723 724 1123 0.29346391795971993 0.5143866834427022 0.5389159356469608
3 723 1122 722 0.29346391795971993 0.5143866834427022 0.5389159356469608
3 1123 1122 723 0.29346391795971993 0.5143866834427022 0.5389159356469608
3 722 1355 723 0.29346391795971993 0.5143866834427022 0.5389159356469608
3 723 1355 1356 0.29346391795971993 0.5143866834427022 0.5389159356469608
3 1356 724 723 0.29346391795971993 0.5143866834427022 0.5389159356469608
3 1353 721 720 0.29346391795971993 0.5143866834427022 0.5389159356469608
3 720 1352 1353 0.29346391795971993 0.5143866834427022 0.5389159356469608
3 1353 1354 721 0.29346391795971993 0.5143866834427022 0.5389159356469608
3 733 1354 1353 0.29346391795971993 0.5143866834427022 0.5389159356469608
3 1353 34 733 0.29346391795971993 0.5143866834427022 0.5389159356469608
3 1353 1352 34 0.29346391795971993 0.5143866834427022 0.5389159356469608
3 1125 1126 649 0.29346391795971993 0.5143866834427022 0.5389159356469608
3 1466 1465 649 0.29346391795971993 0.5143866834427022 0.5389159356469608
3 649 650 1466 0.29346391795971993 0.5143866834427022 0.5389159356469608
3 649 1126 650 0.29346391795971993 0.5143866834427022 0.5389159356469608
3 648 1125 649 0.29346391795971993 0.5143866834427022 0.5389159356469608
3 649 1465 648 0.29346391795971993 0.5143866834427022 0.5389159356469608
3 893 229 892 0.29346391795971993 0.5143866834427022 0.5389159356469608
3 893 230 229 0.29346391795971993 0.5143866834427022 0.5389159356469608
3 893 892 238 0.29346391795971993 0.5143866834427022 0.5389159356469608
3 893 238 239 0.29346391795971993 0.5143866834427022 0.5389159356469608
3 783 1091 784 0.29346391795971993 0.5143866834427022 0.5389159356469608
3 1401 257 783 0.29346391795971993 0.5143866834427022 0.5389159356469608
3 783 257 782 0.29346391795971993 0.5143866834427022 0.5389159356469608
3 1402 1401 783 0.29346391795971993 0.5143866834427022 0.5389159356469608
3 783 784 1402 0.29346391795971993 0.5143866834427022 0.5389159356469608
3 782 1090 783 0.29346391795971993 0.5143866834427022 0.5389159356469608
3 1090 1091 783 0.29346391795971993 0.5143866834427022 0.5389159356469608
3 204 1100 203 0.29346391795971993 0.5143866834427022 0.5389159356469608
3 105 831 203 0.29346391795971993 0.5143866834427022 0.5389159356469608
3 203 104 105 0.29346391795971993 0.5143866834427022 0.5389159356469608
3 203 1100 104 0.29346391795971993 0.5143866834427022 0.5389159356469608
3 205 834 206 0.29346391795971993 0.5143866834427022 0.5389159356469608
3 206 1102 205 0.29346391795971993 0.5143866834427022 0.5389159356469608
3 205 1102 1101 0.29346391795971993 0.5143866834427022 0.5389159356469608
3 1101 204 205 0.29346391795971993 0.5143866834427022 0.5389159356469608
3 299 831 298 0.29346391795971993 0.5143866834427022 0.5389159356469608
3 299 298 1546 0.29346391795971993 0.5143866834427022 0.5389159356469608
3 299 1546 1547 0.29346391795971993 0.5143866834427022 0.5389159356469608
3 1547 300 299 0.29346391795971993 0.5143866834427022 0.5389159356469608
3 204 203 832 0.29346391795971993 0.5143866834427022 0.5389159356469608
3 832 203 831 0.29346391795971993 0.5143866834427022 0.5389159356469608
3 832 299 300 0.29346391795971993 0.5143866834427022 0.5389159356469608
3 831 299 832 0.29346391795971993 0.5143866834427022 0.5389159356469608
3 894 893 239 0.29346391795971993 0.5143866834427022 0.5389159356469608
3 894 895 231 0.29346391795971993 0.5143866834427022 0.5389159356469608
3 231 230 894 0.29346391795971993 0.5143866834427022 0.5389159356469608
3 230 893 894 0.29346391795971993 0.5143866834427022 0.5389159356469608
3 239 240 894 0.29346391795971993 0.5143866834427022 0.5389159356469608
3 240 895 894 0.29346391795971993 0.5143866834427022 0.5389159356469608
3 833 205 204 0.29346391795971993 0.5143866834427022 0.5389159356469608
3 204 832 833 0.29346391795971993 0.5143866834427022 0.5389159356469608
3 834 205 833 0.29346391795971993 0.5143866834427022 0.5389159356469608
3 833 832 300 0.29346391795971993 0.5143866834427022 0.5389159356469608
3 301 834 833 0.29346391795971993 0.5143866834427022 0.5389159356469608
3 833 300 301 0.29346391795971993 0.5143866834427022 0.5389159356469608
3 1642 1858 1644 0.29346391795971993 0.5143866834427022 0.5389159356469608
3 1641 1858 1642 0.29346391795971993 0.5143866834427022 0.5389159356469608
3 1618 1749 1619 0.29346391795971993 0.5143866834427022 0.5389159356469608
3 1858 1641 1661 0.29346391795971993 0.5143866834427022 0.5389159356469608
3 1645 1644 1661 0.29346391795971993 0.5143866834427022 0.5389159356469608
3 1661 1644 1858 0.29346391795971993 0.5143866834427022 0.5389159356469608
3 1859 1661 1641 0.29346391795971993 0.5143866834427022 0.5389159356469608
3 1633 1850 1634 0.29346391795971993 0.5143866834427022 0.5389159356469608
3 1623 1834 1624 0.29346391795971993 0.5143866834427022 0.5389159356469608
3 1624 1834 1626 0.29346391795971993 0.5143866834427022 0.5389159356469608
3 1760 1701 1759 0.29346391795971993 0.5143866834427022 0.5389159356469608
3 1801 1731 1838 0.29346391795971993 0.5143866834427022 0.5389159356469608
3 1614 1659 1664 0.29346391795971993 0.5143866834427022 0.5389159356469608
3 1664 1615 1614 0.29346391795971993 0.5143866834427022 0.5389159356469608
3 1718 1615 1664 0.29346391795971993 0.5143866834427022 0.5389159356469608
3 1789 1689 1870 0.29346391795971993 0.5143866834427022 0.5389159356469608
3 1789 1870 1790 0.29346391795971993 0.5143866834427022 0.5389159356469608
3 1864 1817 1778 0.29346391795971993 0.5143866834427022 0.5389159356469608
3 1684 1652 1779 0.29346391795971993 0.5143866834427022 0.5389159356469608
3 1779 1652 1651 0.29346391795971993 0.5143866834427022 0.5389159356469608
3 1661 1859 1738 0.29346391795971993 0.5143866834427022 0.5389159356469608
3 1738 1647 1645 0.29346391795971993 0.5143866834427022 0.5389159356469608
3 1645 1661 1738 0.29346391795971993 0.5143866834427022 0.5389159356469608
3 1706 1641 1640 0.29346391795971993 0.5143866834427022 0.5389159356469608
3 1706 1859 1641 0.29346391795971993 0.5143866834427022 0.5389159356469608
3 1713 1776 1742 0.29346391795971993 0.5143866834427022 0.5389159356469608
3 1622 1621 1723 0.29346391795971993 0.5143866834427022 0.5389159356469608
3 1723 1835 1622 0.29346391795971993 0.5143866834427022 0.5389159356469608
3 1622 1834 1623 0.29346391795971993 0.5143866834427022 0.5389159356469608
3 1728 1627 1626 0.29346391795971993 0.5143866834427022 0.5389159356469608
3 1626 1834 1662 0.29346391795971993 0.5143866834427022 0.5389159356469608
3 1662 1728 1626 0.29346391795971993 0.5143866834427022 0.5389159356469608
3 1835 1728 1662 0.29346391795971993 0.5143866834427022 0.5389159356469608
3 1834 1622 1662 0.29346391795971993 0.5143866834427022 0.5389159356469608
3 1662 1622 1835 0.29346391795971993 0.5143866834427022 0.5389159356469608
3 1701 1760 1855 0.29346391795971993 0.5143866834427022 0.5389159356469608
3 1759 1701 1700 0.29346391795971993 0.5143866834427022 0.5389159356469608
3 1673 1699 1700 0.29346391795971993 0.5143866834427022 0.5389159356469608
3 1632 1631 1755 0.29346391795971993 0.5143866834427022 0.5389159356469608
3 1672 1699 1673 0.29346391795971993 0.5143866834427022 0.5389159356469608
3 1672 1850 1633 0.29346391795971993 0.5143866834427022 0.5389159356469608
3 1733 1629 1628 0.29346391795971993 0.5143866834427022 0.5389159356469608
3 1734 1629 1733 0.29346391795971993 0.5143866834427022 0.5389159356469608
3 1663 1835 1723 0.29346391795971993 0.5143866834427022 0.5389159356469608
3 1627 1728 1663 0.29346391795971993 0.5143866834427022 0.5389159356469608
3 1663 1728 1835 0.29346391795971993 0.5143866834427022 0.5389159356469608
3 1723 1621 1791 0.29346391795971993 0.5143866834427022 0.5389159356469608
3 1799 1733 1628 0.29346391795971993 0.5143866834427022 0.5389159356469608
3 1755 1631 1695 0.29346391795971993 0.5143866834427022 0.5389159356469608
3 1800 1801 1734 0.29346391795971993 0.5143866834427022 0.5389159356469608
3 1731 1801 1800 0.29346391795971993 0.5143866834427022 0.5389159356469608
3 1734 1733 1800 0.29346391795971993 0.5143866834427022 0.5389159356469608
3 1800 1799 1731 0.29346391795971993 0.5143866834427022 0.5389159356469608
3 1733 1799 1800 0.29346391795971993 0.5143866834427022 0.5389159356469608
3 1736 1802 1737 0.29346391795971993 0.5143866834427022 0.5389159356469608
3 1737 1844 1736 0.29346391795971993 0.5143866834427022 0.5389159356469608
3 1734 1801 1735 0.29346391795971993 0.5143866834427022 0.5389159356469608
3 1666 1667 1750 0.29346391795971993 0.5143866834427022 0.5389159356469608
3 1750 1749 1666 0.29346391795971993 0.5143866834427022 0.5389159356469608
3 1749 1618 1666 0.29346391795971993 0.5143866834427022 0.5389159356469608
3 1666 1618 1617 0.29346391795971993 0.5143866834427022 0.5389159356469608
3 1690 1615 1718 0.29346391795971993 0.5143866834427022 0.5389159356469608
3 1732 1801 1838 0.29346391795971993 0.5143866834427022 0.5389159356469608
3 1732 1839 1802 0.29346391795971993 0.5143866834427022 0.5389159356469608
3 1802 1736 1732 0.29346391795971993 0.5143866834427022 0.5389159356469608
3 1732 1735 1801 0.29346391795971993 0.5143866834427022 0.5389159356469608
3 1736 1735 1732 0.29346391795971993 0.5143866834427022 0.5389159356469608
3 1737 1802 1803 0.29346391795971993 0.5143866834427022 0.5389159356469608
3 1802 1839 1803 0.29346391795971993 0.5143866834427022 0.5389159356469608
3 1754 1831 1797 0.29346391795971993 0.5143866834427022 0.5389159356469608
3 1671 1794 1793 0.29346391795971993 0.5143866834427022 0.5389159356469608
3 1726 1794 1838 0.29346391795971993 0.5143866834427022 0.5389159356469608
3 1793 1794 1726 0.29346391795971993 0.5143866834427022 0.5389159356469608
3 1838 1731 1726 0.29346391795971993 0.5143866834427022 0.5389159356469608
3 1731 1837 1726 0.29346391795971993 0.5143866834427022 0.5389159356469608
3 1718 1664 1665 0.29346391795971993 0.5143866834427022 0.5389159356469608
3 1693 1720 1721 0.29346391795971993 0.5143866834427022 0.5389159356469608
3 1788 1689 1789 0.29346391795971993 0.5143866834427022 0.5389159356469608
3 1687 1867 1688 0.29346391795971993 0.5143866834427022 0.5389159356469608
3 1653 1652 1684 0.29346391795971993 0.5143866834427022 0.5389159356469608
3 1686 1781 1782 0.29346391795971993 0.5143866834427022 0.5389159356469608
3 1689 1688 1868 0.29346391795971993 0.5143866834427022 0.5389159356469608
3 1868 1688 1867 0.29346391795971993 0.5143866834427022 0.5389159356469608
3 1867 1686 1868 0.29346391795971993 0.5143866834427022 0.5389159356469608
3 1815 1781 1683 0.29346391795971993 0.5143866834427022 0.5389159356469608
3 1683 1781 1780 0.29346391795971993 0.5143866834427022 0.5389159356469608
3 1684 1779 1780 0.29346391795971993 0.5143866834427022 0.5389159356469608
3 1814 1776 1713 0.29346391795971993 0.5143866834427022 0.5389159356469608
3 1713 1815 1814 0.29346391795971993 0.5143866834427022 0.5389159356469608
3 1814 1815 1683 0.29346391795971993 0.5143866834427022 0.5389159356469608
3 1813 1814 1682 0.29346391795971993 0.5143866834427022 0.5389159356469608
3 1682 1814 1683 0.29346391795971993 0.5143866834427022 0.5389159356469608
3 1683 1780 1682 0.29346391795971993 0.5143866834427022 0.5389159356469608
3 1682 1780 1779 0.29346391795971993 0.5143866834427022 0.5389159356469608
3 1635 1634 1675 0.29346391795971993 0.5143866834427022 0.5389159356469608
3 1761 1636 1635 0.29346391795971993 0.5143866834427022 0.5389159356469608
3 1637 1636 1678 0.29346391795971993 0.5143866834427022 0.5389159356469608
3 1811 1865 1810 0.29346391795971993 0.5143866834427022 0.5389159356469608
3 1809 1808 1680 0.29346391795971993 0.5143866834427022 0.5389159356469608
3 1764 1810 1809 0.29346391795971993 0.5143866834427022 0.5389159356469608
3 1809 1810 1864 0.29346391795971993 0.5143866834427022 0.5389159356469608
3 1765 1764 1677 0.29346391795971993 0.5143866834427022 0.5389159356469608
3 1765 1810 1764 0.29346391795971993 0.5143866834427022 0.5389159356469608
3 1765 1766 1811 0.29346391795971993 0.5143866834427022 0.5389159356469608
3 1811 1810 1765 0.29346391795971993 0.5143866834427022 0.5389159356469608
3 1873 1857 1874 0.29346391795971993 0.5143866834427022 0.5389159356469608
3 1873 1865 1857 0.29346391795971993 0.5143866834427022 0.5389159356469608
3 1872 1865 1873 0.29346391795971993 0.5143866834427022 0.5389159356469608
3 1873 1790 1872 0.29346391795971993 0.5143866834427022 0.5389159356469608
3 1874 1833 1873 0.29346391795971993 0.5143866834427022 0.5389159356469608
3 1818 1817 1864 0.29346391795971993 0.5143866834427022 0.5389159356469608
3 1864 1810 1818 0.29346391795971993 0.5143866834427022 0.5389159356469608
3 1818 1810 1865 0.29346391795971993 0.5143866834427022 0.5389159356469608
3 1818 1784 1817 0.29346391795971993 0.5143866834427022 0.5389159356469608
3 1818 1865 1872 0.29346391795971993 0.5143866834427022 0.5389159356469608
3 1847 1804 1848 0.29346391795971993 0.5143866834427022 0.5389159356469608
3 1759 1847 1848 0.29346391795971993 0.5143866834427022 0.5389159356469608
3 1848 1760 1759 0.29346391795971993 0.5143866834427022 0.5389159356469608
3 1856 1855 1760 0.29346391795971993 0.5143866834427022 0.5389159356469608
3 1857 1865 1856 0.29346391795971993 0.5143866834427022 0.5389159356469608
3 1856 1865 1811 0.29346391795971993 0.5143866834427022 0.5389159356469608
3 1811 1766 1856 0.29346391795971993 0.5143866834427022 0.5389159356469608
3 1766 1855 1856 0.29346391795971993 0.5143866834427022 0.5389159356469608
3 1701 1855 1674 0.29346391795971993 0.5143866834427022 0.5389159356469608
3 1674 1700 1701 0.29346391795971993 0.5143866834427022 0.5389159356469608
3 1673 1700 1674 0.29346391795971993 0.5143866834427022 0.5389159356469608
3 1677 1850 1851 0.29346391795971993 0.5143866834427022 0.5389159356469608
3 1850 1672 1851 0.29346391795971993 0.5143866834427022 0.5389159356469608
3 1851 1672 1673 0.29346391795971993 0.5143866834427022 0.5389159356469608
3 1797 1831 1832 0.29346391795971993 0.5143866834427022 0.5389159356469608
3 1758 1700 1699 0.29346391795971993 0.5143866834427022 0.5389159356469608
3 1699 1757 1758 0.29346391795971993 0.5143866834427022 0.5389159356469608
3 1759 1700 1758 0.29346391795971993 0.5143866834427022 0.5389159356469608
3 1758 1847 1759 0.29346391795971993 0.5143866834427022 0.5389159356469608
3 1633 1632 1698 0.29346391795971993 0.5143866834427022 0.5389159356469608
3 1698 1672 1633 0.29346391795971993 0.5143866834427022 0.5389159356469608
3 1699 1672 1698 0.29346391795971993 0.5143866834427022 0.5389159356469608
3 1698 1757 1699 0.29346391795971993 0.5143866834427022 0.5389159356469608
3 1756 1632 1755 0.29346391795971993 0.5143866834427022 0.5389159356469608
3 1757 1698 1756 0.29346391795971993 0.5143866834427022 0.5389159356469608
3 1756 1698 1632 0.29346391795971993 0.5143866834427022 0.5389159356469608
3 1627 1663 1729 0.29346391795971993 0.5143866834427022 0.5389159356469608
3 1620 1791 1621 0.29346391795971993 0.5143866834427022 0.5389159356469608
3 1694 1631 1630 0.29346391795971993 0.5143866834427022 0.5389159356469608
3 1694 1695 1631 0.29346391795971993 0.5143866834427022 0.5389159356469608
3 1844 1695 1694 0.29346391795971993 0.5143866834427022 0.5389159356469608
3 1842 1629 1734 0.29346391795971993 0.5143866834427022 0.5389159356469608
3 1734 1735 1842 0.29346391795971993 0.5143866834427022 0.5389159356469608
3 1630 1629 1842 0.29346391795971993 0.5143866834427022 0.5389159356469608
3 1843 1736 1844 0.29346391795971993 0.5143866834427022 0.5389159356469608
3 1843 1735 1736 0.29346391795971993 0.5143866834427022 0.5389159356469608
3 1843 1694 1630 0.29346391795971993 0.5143866834427022 0.5389159356469608
3 1844 1694 1843 0.29346391795971993 0.5143866834427022 0.5389159356469608
3 1630 1842 1843 0.29346391795971993 0.5143866834427022 0.5389159356469608
3 1843 1842 1735 0.29346391795971993 0.5143866834427022 0.5389159356469608
3 1668 1667 1827 0.29346391795971993 0.5143866834427022 0.5389159356469608
3 1692 1720 1693 0.29346391795971993 0.5143866834427022 0.5389159356469608
3 1693 1829 1692 0.29346391795971993 0.5143866834427022 0.5389159356469608
3 1615 1690 1616 0.29346391795971993 0.5143866834427022 0.5389159356469608
3 1846 1804 1847 0.29346391795971993 0.5143866834427022 0.5389159356469608
3 1737 1803 1846 0.29346391795971993 0.5143866834427022 0.5389159356469608
3 1830 1829 1693 0.29346391795971993 0.5143866834427022 0.5389159356469608
3 1831 1754 1830 0.29346391795971993 0.5143866834427022 0.5389159356469608
3 1830 1753 1829 0.29346391795971993 0.5143866834427022 0.5389159356469608
3 1754 1753 1830 0.29346391795971993 0.5143866834427022 0.5389159356469608
3 1794 1671 1751 0.29346391795971993 0.5143866834427022 0.5389159356469608
3 1751 1667 1668 0.29346391795971993 0.5143866834427022 0.5389159356469608
3 1750 1667 1751 0.29346391795971993 0.5143866834427022 0.5389159356469608
3 1751 1671 1750 0.29346391795971993 0.5143866834427022 0.5389159356469608
3 1840 1754 1797 0.29346391795971993 0.5143866834427022 0.5389159356469608
3 1797 1804 1840 0.29346391795971993 0.5143866834427022 0.5389159356469608
3 1804 1846 1840 0.29346391795971993 0.5143866834427022 0.5389159356469608
3 1840 1846 1803 0.29346391795971993 0.5143866834427022 0.5389159356469608
3 1718 1665 1719 0.29346391795971993 0.5143866834427022 0.5389159356469608
3 1720 1692 1719 0.29346391795971993 0.5143866834427022 0.5389159356469608
3 1745 1720 1719 0.29346391795971993 0.5143866834427022 0.5389159356469608
3 1719 1665 1745 0.29346391795971993 0.5143866834427022 0.5389159356469608
3 1745 1665 1820 0.29346391795971993 0.5143866834427022 0.5389159356469608
3 1748 1832 1722 0.29346391795971993 0.5143866834427022 0.5389159356469608
3 1722 1832 1831 0.29346391795971993 0.5143866834427022 0.5389159356469608
3 1831 1830 1722 0.29346391795971993 0.5143866834427022 0.5389159356469608
3 1693 1721 1722 0.29346391795971993 0.5143866834427022 0.5389159356469608
3 1722 1830 1693 0.29346391795971993 0.5143866834427022 0.5389159356469608
3 1717 1788 1789 0.29346391795971993 0.5143866834427022 0.5389159356469608
3 1687 1688 1786 0.29346391795971993 0.5143866834427022 0.5389159356469608
3 1866 1653 1684 0.29346391795971993 0.5143866834427022 0.5389159356469608
3 1866 1867 1687 0.29346391795971993 0.5143866834427022 0.5389159356469608
3 1866 1687 1654 0.29346391795971993 0.5143866834427022 0.5389159356469608
3 1654 1653 1866 0.29346391795971993 0.5143866834427022 0.5389159356469608
3 1781 1686 1685 0.29346391795971993 0.5143866834427022 0.5389159356469608
3 1684 1780 1685 0.29346391795971993 0.5143866834427022 0.5389159356469608
3 1685 1780 1781 0.29346391795971993 0.5143866834427022 0.5389159356469608
3 1685 1866 1684 0.29346391795971993 0.5143866834427022 0.5389159356469608
3 1685 1686 1867 0.29346391795971993 0.5143866834427022 0.5389159356469608
3 1867 1866 1685 0.29346391795971993 0.5143866834427022 0.5389159356469608
3 1869 1870 1689 0.29346391795971993 0.5143866834427022 0.5389159356469608
3 1689 1868 1869 0.29346391795971993 0.5143866834427022 0.5389159356469608
3 1869 1868 1686 0.29346391795971993 0.5143866834427022 0.5389159356469608
3 1870 1784 1871 0.29346391795971993 0.5143866834427022 0.5389159356469608
3 1872 1790 1871 0.29346391795971993 0.5143866834427022 0.5389159356469608
3 1871 1790 1870 0.29346391795971993 0.5143866834427022 0.5389159356469608
3 1871 1818 1872 0.29346391795971993 0.5143866834427022 0.5389159356469608
3 1784 1818 1871 0.29346391795971993 0.5143866834427022 0.5389159356469608
3 1816 1815 1778 0.29346391795971993 0.5143866834427022 0.5389159356469608
3 1816 1817 1782 0.29346391795971993 0.5143866834427022 0.5389159356469608
3 1816 1778 1817 0.29346391795971993 0.5143866834427022 0.5389159356469608
3 1782 1781 1816 0.29346391795971993 0.5143866834427022 0.5389159356469608
3 1781 1815 1816 0.29346391795971993 0.5143866834427022 0.5389159356469608
3 1778 1815 1777 0.29346391795971993 0.5143866834427022 0.5389159356469608
3 1777 1863 1778 0.29346391795971993 0.5143866834427022 0.5389159356469608
3 1777 1815 1713 0.29346391795971993 0.5143866834427022 0.5389159356469608
3 1713 1742 1777 0.29346391795971993 0.5143866834427022 0.5389159356469608
3 1742 1863 1777 0.29346391795971993 0.5143866834427022 0.5389159356469608
3 1864 1778 1772 0.29346391795971993 0.5143866834427022 0.5389159356469608
3 1778 1863 1772 0.29346391795971993 0.5143866834427022 0.5389159356469608
3 1772 1809 1864 0.29346391795971993 0.5143866834427022 0.5389159356469608
3 1808 1809 1772 0.29346391795971993 0.5143866834427022 0.5389159356469608
3 1771 1808 1772 0.29346391795971993 0.5143866834427022 0.5389159356469608
3 1772 1863 1771 0.29346391795971993 0.5143866834427022 0.5389159356469608
3 1771 1863 1770 0.29346391795971993 0.5143866834427022 0.5389159356469608
3 1770 1863 1742 0.29346391795971993 0.5143866834427022 0.5389159356469608
3 1709 1704 1770 0.29346391795971993 0.5143866834427022 0.5389159356469608
3 1812 1650 1649 0.29346391795971993 0.5143866834427022 0.5389159356469608
3 1813 1650 1812 0.29346391795971993 0.5143866834427022 0.5389159356469608
3 1813 1812 1711 0.29346391795971993 0.5143866834427022 0.5389159356469608
3 1711 1812 1649 0.29346391795971993 0.5143866834427022 0.5389159356469608
3 1709 1741 1861 0.29346391795971993 0.5143866834427022 0.5389159356469608
3 1776 1814 1712 0.29346391795971993 0.5143866834427022 0.5389159356469608
3 1712 1814 1813 0.29346391795971993 0.5143866834427022 0.5389159356469608
3 1813 1711 1712 0.29346391795971993 0.5143866834427022 0.5389159356469608
3 1712 1741 1776 0.29346391795971993 0.5143866834427022 0.5389159356469608
3 1651 1650 1681 0.29346391795971993 0.5143866834427022 0.5389159356469608
3 1681 1650 1813 0.29346391795971993 0.5143866834427022 0.5389159356469608
3 1813 1682 1681 0.29346391795971993 0.5143866834427022 0.5389159356469608
3 1681 1779 1651 0.29346391795971993 0.5143866834427022 0.5389159356469608
3 1681 1682 1779 0.29346391795971993 0.5143866834427022 0.5389159356469608
3 1677 1764 1676 0.29346391795971993 0.5143866834427022 0.5389159356469608
3 1676 1850 1677 0.29346391795971993 0.5143866834427022 0.5389159356469608
3 1676 1634 1850 0.29346391795971993 0.5143866834427022 0.5389159356469608
3 1676 1675 1634 0.29346391795971993 0.5143866834427022 0.5389159356469608
3 1635 1675 1762 0.29346391795971993 0.5143866834427022 0.5389159356469608
3 1762 1761 1635 0.29346391795971993 0.5143866834427022 0.5389159356469608
3 1680 1761 1762 0.29346391795971993 0.5143866834427022 0.5389159356469608
3 1637 1678 1806 0.29346391795971993 0.5143866834427022 0.5389159356469608
3 1807 1704 1806 0.29346391795971993 0.5143866834427022 0.5389159356469608
3 1806 1678 1807 0.29346391795971993 0.5143866834427022 0.5389159356469608
3 1636 1761 1679 0.29346391795971993 0.5143866834427022 0.5389159356469608
3 1679 1678 1636 0.29346391795971993 0.5143866834427022 0.5389159356469608
3 1807 1678 1679 0.29346391795971993 0.5143866834427022 0.5389159356469608
3 1679 1761 1680 0.29346391795971993 0.5143866834427022 0.5389159356469608
3 1679 1808 1807 0.29346391795971993 0.5143866834427022 0.5389159356469608
3 1680 1808 1679 0.29346391795971993 0.5143866834427022 0.5389159356469608
3 1760 1848 1849 0.29346391795971993 0.5143866834427022 0.5389159356469608
3 1857 1856 1849 0.29346391795971993 0.5143866834427022 0.5389159356469608
3 1849 1856 1760 0.29346391795971993 0.5143866834427022 0.5389159356469608
3 1874 1857 1849 0.29346391795971993 0.5143866834427022 0.5389159356469608
3 1849 1833 1874 0.29346391795971993 0.5143866834427022 0.5389159356469608
3 1841 1804 1797 0.29346391795971993 0.5143866834427022 0.5389159356469608
3 1841 1848 1804 0.29346391795971993 0.5143866834427022 0.5389159356469608
3 1797 1832 1841 0.29346391795971993 0.5143866834427022 0.5389159356469608
3 1841 1832 1833 0.29346391795971993 0.5143866834427022 0.5389159356469608
3 1833 1849 1841 0.29346391795971993 0.5143866834427022 0.5389159356469608
3 1841 1849 1848 0.29346391795971993 0.5143866834427022 0.5389159356469608
3 1853 1765 1677 0.29346391795971993 0.5143866834427022 0.5389159356469608
3 1766 1765 1853 0.29346391795971993 0.5143866834427022 0.5389159356469608
3 1673 1674 1852 0.29346391795971993 0.5143866834427022 0.5389159356469608
3 1852 1851 1673 0.29346391795971993 0.5143866834427022 0.5389159356469608
3 1674 1853 1852 0.29346391795971993 0.5143866834427022 0.5389159356469608
3 1677 1851 1852 0.29346391795971993 0.5143866834427022 0.5389159356469608
3 1852 1853 1677 0.29346391795971993 0.5143866834427022 0.5389159356469608
3 1825 1832 1748 0.29346391795971993 0.5143866834427022 0.5389159356469608
3 1833 1832 1825 0.29346391795971993 0.5143866834427022 0.5389159356469608
3 1789 1790 1825 0.29346391795971993 0.5143866834427022 0.5389159356469608
3 1790 1873 1825 0.29346391795971993 0.5143866834427022 0.5389159356469608
3 1825 1873 1833 0.29346391795971993 0.5143866834427022 0.5389159356469608
3 1755 1695 1696 0.29346391795971993 0.5143866834427022 0.5389159356469608
3 1696 1756 1755 0.29346391795971993 0.5143866834427022 0.5389159356469608
3 1836 1729 1663 0.29346391795971993 0.5143866834427022 0.5389159356469608
3 1628 1627 1798 0.29346391795971993 0.5143866834427022 0.5389159356469608
3 1627 1729 1798 0.29346391795971993 0.5143866834427022 0.5389159356469608
3 1798 1799 1628 0.29346391795971993 0.5143866834427022 0.5389159356469608
3 1725 1792 1793 0.29346391795971993 0.5143866834427022 0.5389159356469608
3 1793 1726 1725 0.29346391795971993 0.5143866834427022 0.5389159356469608
3 1725 1726 1837 0.29346391795971993 0.5143866834427022 0.5389159356469608
3 1837 1836 1725 0.29346391795971993 0.5143866834427022 0.5389159356469608
3 1793 1792 1670 0.29346391795971993 0.5143866834427022 0.5389159356469608
3 1670 1749 1750 0.29346391795971993 0.5143866834427022 0.5389159356469608
3 1750 1671 1670 0.29346391795971993 0.5143866834427022 0.5389159356469608
3 1670 1671 1793 0.29346391795971993 0.5143866834427022 0.5389159356469608
3 1619 1749 1669 0.29346391795971993 0.5143866834427022 0.5389159356469608
3 1669 1620 1619 0.29346391795971993 0.5143866834427022 0.5389159356469608
3 1749 1670 1669 0.29346391795971993 0.5143866834427022 0.5389159356469608
3 1669 1670 1792 0.29346391795971993 0.5143866834427022 0.5389159356469608
3 1669 1792 1791 0.29346391795971993 0.5143866834427022 0.5389159356469608
3 1791 1620 1669 0.29346391795971993 0.5143866834427022 0.5389159356469608
3 1826 1827 1667 0.29346391795971993 0.5143866834427022 0.5389159356469608
3 1826 1666 1617 0.29346391795971993 0.5143866834427022 0.5389159356469608
3 1667 1666 1826 0.29346391795971993 0.5143866834427022 0.5389159356469608
3 1690 1827 1826 0.29346391795971993 0.5143866834427022 0.5389159356469608
3 1617 1616 1826 0.29346391795971993 0.5143866834427022 0.5389159356469608
3 1826 1616 1690 0.29346391795971993 0.5143866834427022 0.5389159356469608
3 1691 1827 1690 0.29346391795971993 0.5143866834427022 0.5389159356469608
3 1691 1719 1692 0.29346391795971993 0.5143866834427022 0.5389159356469608
3 1691 1690 1718 0.29346391795971993 0.5143866834427022 0.5389159356469608
3 1718 1719 1691 0.29346391795971993 0.5143866834427022 0.5389159356469608
3 1668 1827 1828 0.29346391795971993 0.5143866834427022 0.5389159356469608
3 1828 1692 1829 0.29346391795971993 0.5143866834427022 0.5389159356469608
3 1827 1691 1828 0.29346391795971993 0.5143866834427022 0.5389159356469608
3 1828 1691 1692 0.29346391795971993 0.5143866834427022 0.5389159356469608
3 1727 1795 1839 0.29346391795971993 0.5143866834427022 0.5389159356469608
3 1794 1795 1727 0.29346391795971993 0.5143866834427022 0.5389159356469608
3 1839 1732 1727 0.29346391795971993 0.5143866834427022 0.5389159356469608
3 1838 1794 1727 0.29346391795971993 0.5143866834427022 0.5389159356469608
3 1727 1732 1838 0.29346391795971993 0.5143866834427022 0.5389159356469608
3 1753 1795 1752 0.29346391795971993 0.5143866834427022 0.5389159356469608
3 1829 1753 1752 0.29346391795971993 0.5143866834427022 0.5389159356469608
3 1752 1751 1668 0.29346391795971993 0.5143866834427022 0.5389159356469608
3 1668 1828 1752 0.29346391795971993 0.5143866834427022 0.5389159356469608
3 1752 1828 1829 0.29346391795971993 0.5143866834427022 0.5389159356469608
3 1794 1751 1752 0.29346391795971993 0.5143866834427022 0.5389159356469608
3 1752 1795 1794 0.29346391795971993 0.5143866834427022 0.5389159356469608
3 1796 1795 1753 0.29346391795971993 0.5143866834427022 0.5389159356469608
3 1796 1753 1754 0.29346391795971993 0.5143866834427022 0.5389159356469608
3 1754 1840 1796 0.29346391795971993 0.5143866834427022 0.5389159356469608
3 1839 1795 1796 0.29346391795971993 0.5143866834427022 0.5389159356469608
3 1796 1803 1839 0.29346391795971993 0.5143866834427022 0.5389159356469608
3 1796 1840 1803 0.29346391795971993 0.5143866834427022 0.5389159356469608
3 1819 1665 1664 0.29346391795971993 0.5143866834427022 0.5389159356469608
3 1819 1820 1665 0.29346391795971993 0.5143866834427022 0.5389159356469608
3 1819 1659 1657 0.29346391795971993 0.5143866834427022 0.5389159356469608
3 1819 1664 1659 0.29346391795971993 0.5143866834427022 0.5389159356469608
3 1657 1656 1819 0.29346391795971993 0.5143866834427022 0.5389159356469608
3 1656 1820 1819 0.29346391795971993 0.5143866834427022 0.5389159356469608
3 1824 1717 1789 0.29346391795971993 0.5143866834427022 0.5389159356469608
3 1789 1825 1824 0.29346391795971993 0.5143866834427022 0.5389159356469608
3 1824 1825 1748 0.29346391795971993 0.5143866834427022 0.5389159356469608
3 1748 1722 1747 0.29346391795971993 0.5143866834427022 0.5389159356469608
3 1747 1722 1721 0.29346391795971993 0.5143866834427022 0.5389159356469608
3 1745 1820 1821 0.29346391795971993 0.5143866834427022 0.5389159356469608
3 1689 1788 1787 0.29346391795971993 0.5143866834427022 0.5389159356469608
3 1787 1688 1689 0.29346391795971993 0.5143866834427022 0.5389159356469608
3 1787 1786 1688 0.29346391795971993 0.5143866834427022 0.5389159356469608
3 1788 1717 1787 0.29346391795971993 0.5143866834427022 0.5389159356469608
3 1687 1786 1785 0.29346391795971993 0.5143866834427022 0.5389159356469608
3 1785 1655 1654 0.29346391795971993 0.5143866834427022 0.5389159356469608
3 1654 1687 1785 0.29346391795971993 0.5143866834427022 0.5389159356469608
3 1783 1784 1870 0.29346391795971993 0.5143866834427022 0.5389159356469608
3 1870 1869 1783 0.29346391795971993 0.5143866834427022 0.5389159356469608
3 1782 1817 1783 0.29346391795971993 0.5143866834427022 0.5389159356469608
3 1817 1784 1783 0.29346391795971993 0.5143866834427022 0.5389159356469608
3 1783 1686 1782 0.29346391795971993 0.5143866834427022 0.5389159356469608
3 1783 1869 1686 0.29346391795971993 0.5143866834427022 0.5389159356469608
3 1771 1770 1705 0.29346391795971993 0.5143866834427022 0.5389159356469608
3 1807 1808 1705 0.29346391795971993 0.5143866834427022 0.5389159356469608
3 1705 1808 1771 0.29346391795971993 0.5143866834427022 0.5389159356469608
3 1705 1704 1807 0.29346391795971993 0.5143866834427022 0.5389159356469608
3 1705 1770 1704 0.29346391795971993 0.5143866834427022 0.5389159356469608
3 1709 1770 1862 0.29346391795971993 0.5143866834427022 0.5389159356469608
3 1862 1770 1742 0.29346391795971993 0.5143866834427022 0.5389159356469608
3 1862 1742 1776 0.29346391795971993 0.5143866834427022 0.5389159356469608
3 1776 1741 1862 0.29346391795971993 0.5143866834427022 0.5389159356469608
3 1862 1741 1709 0.29346391795971993 0.5143866834427022 0.5389159356469608
3 1709 1861 1769 0.29346391795971993 0.5143866834427022 0.5389159356469608
3 1769 1704 1709 0.29346391795971993 0.5143866834427022 0.5389159356469608
3 1769 1703 1704 0.29346391795971993 0.5143866834427022 0.5389159356469608
3 1764 1809 1763 0.29346391795971993 0.5143866834427022 0.5389159356469608
3 1763 1676 1764 0.29346391795971993 0.5143866834427022 0.5389159356469608
3 1763 1809 1680 0.29346391795971993 0.5143866834427022 0.5389159356469608
3 1680 1762 1763 0.29346391795971993 0.5143866834427022 0.5389159356469608
3 1675 1676 1763 0.29346391795971993 0.5143866834427022 0.5389159356469608
3 1763 1762 1675 0.29346391795971993 0.5143866834427022 0.5389159356469608
3 1704 1703 1805 0.29346391795971993 0.5143866834427022 0.5389159356469608
3 1805 1806 1704 0.29346391795971993 0.5143866834427022 0.5389159356469608
3 1637 1806 1805 0.29346391795971993 0.5143866834427022 0.5389159356469608
3 1805 1638 1637 0.29346391795971993 0.5143866834427022 0.5389159356469608
3 1703 1638 1805 0.29346391795971993 0.5143866834427022 0.5389159356469608
3 1854 1674 1855 0.29346391795971993 0.5143866834427022 0.5389159356469608
3 1854 1853 1674 0.29346391795971993 0.5143866834427022 0.5389159356469608
3 1854 1855 1766 0.29346391795971993 0.5143866834427022 0.5389159356469608
3 1766 1853 1854 0.29346391795971993 0.5143866834427022 0.5389159356469608
3 1845 1696 1695 0.29346391795971993 0.5143866834427022 0.5389159356469608
3 1845 1844 1737 0.29346391795971993 0.5143866834427022 0.5389159356469608
3 1845 1695 1844 0.29346391795971993 0.5143866834427022 0.5389159356469608
3 1737 1846 1845 0.29346391795971993 0.5143866834427022 0.5389159356469608
3 1846 1696 1845 0.29346391795971993 0.5143866834427022 0.5389159356469608
3 1757 1756 1697 0.29346391795971993 0.5143866834427022 0.5389159356469608
3 1756 1696 1697 0.29346391795971993 0.5143866834427022 0.5389159356469608
3 1697 1696 1846 0.29346391795971993 0.5143866834427022 0.5389159356469608
3 1697 1758 1757 0.29346391795971993 0.5143866834427022 0.5389159356469608
3 1847 1758 1697 0.29346391795971993 0.5143866834427022 0.5389159356469608
3 1697 1846 1847 0.29346391795971993 0.5143866834427022 0.5389159356469608
3 1799 1798 1730 0.29346391795971993 0.5143866834427022 0.5389159356469608
3 1730 1837 1731 0.29346391795971993 0.5143866834427022 0.5389159356469608
3 1731 1799 1730 0.29346391795971993 0.5143866834427022 0.5389159356469608
3 1730 1798 1729 0.29346391795971993 0.5143866834427022 0.5389159356469608
3 1730 1836 1837 0.29346391795971993 0.5143866834427022 0.5389159356469608
3 1729 1836 1730 0.29346391795971993 0.5143866834427022 0.5389159356469608
3 1792 1725 1724 0.29346391795971993 0.5143866834427022 0.5389159356469608
3 1724 1725 1836 0.29346391795971993 0.5143866834427022 0.5389159356469608
3 1791 1792 1724 0.29346391795971993 0.5143866834427022 0.5389159356469608
3 1723 1791 1724 0.29346391795971993 0.5143866834427022 0.5389159356469608
3 1724 1663 1723 0.29346391795971993 0.5143866834427022 0.5389159356469608
3 1724 1836 1663 0.29346391795971993 0.5143866834427022 0.5389159356469608
3 1823 1824 1748 0.29346391795971993 0.5143866834427022 0.5389159356469608
3 1748 1747 1823 0.29346391795971993 0.5143866834427022 0.5389159356469608
3 1717 1824 1823 0.29346391795971993 0.5143866834427022 0.5389159356469608
3 1715 1785 1786 0.29346391795971993 0.5143866834427022 0.5389159356469608
3 1655 1785 1715 0.29346391795971993 0.5143866834427022 0.5389159356469608
3 1702 1638 1703 0.29346391795971993 0.5143866834427022 0.5389159356469608
3 1703 1769 1702 0.29346391795971993 0.5143866834427022 0.5389159356469608
3 1639 1638 1702 0.29346391795971993 0.5143866834427022 0.5389159356469608
3 1640 1639 1767 0.29346391795971993 0.5143866834427022 0.5389159356469608
3 1859 1860 1739 0.29346391795971993 0.5143866834427022 0.5389159356469608
3 1647 1738 1739 0.29346391795971993 0.5143866834427022 0.5389159356469608
3 1739 1738 1859 0.29346391795971993 0.5143866834427022 0.5389159356469608
3 1740 1861 1741 0.29346391795971993 0.5143866834427022 0.5389159356469608
3 1740 1739 1860 0.29346391795971993 0.5143866834427022 0.5389159356469608
3 1822 1823 1747 0.29346391795971993 0.5143866834427022 0.5389159356469608
3 1821 1715 1822 0.29346391795971993 0.5143866834427022 0.5389159356469608
3 1656 1655 1714 0.29346391795971993 0.5143866834427022 0.5389159356469608
3 1655 1715 1714 0.29346391795971993 0.5143866834427022 0.5389159356469608
3 1714 1715 1821 0.29346391795971993 0.5143866834427022 0.5389159356469608
3 1714 1820 1656 0.29346391795971993 0.5143866834427022 0.5389159356469608
3 1714 1821 1820 0.29346391795971993 0.5143866834427022 0.5389159356469608
3 1768 1702 1769 0.29346391795971993 0.5143866834427022 0.5389159356469608
3 1860 1767 1768 0.29346391795971993 0.5143866834427022 0.5389159356469608
3 1639 1702 1768 0.29346391795971993 0.5143866834427022 0.5389159356469608
3 1768 1767 1639 0.29346391795971993 0.5143866834427022 0.5389159356469608
3 1640 1767 1707 0.29346391795971993 0.5143866834427022 0.5389159356469608
3 1707 1767 1860 0.29346391795971993 0.5143866834427022 0.5389159356469608
3 1707 1706 1640 0.29346391795971993 0.5143866834427022 0.5389159356469608
3 1859 1706 1707 0.29346391795971993 0.5143866834427022 0.5389159356469608
3 1707 1860 1859 0.29346391795971993 0.5143866834427022 0.5389159356469608
3 1648 1647 1773 0.29346391795971993 0.5143866834427022 0.5389159356469608
3 1647 1739 1773 0.29346391795971993 0.5143866834427022 0.5389159356469608
3 1775 1740 1741 0.29346391795971993 0.5143866834427022 0.5389159356469608
3 1741 1712 1775 0.29346391795971993 0.5143866834427022 0.5389159356469608
3 1775 1712 1711 0.29346391795971993 0.5143866834427022 0.5389159356469608
3 1710 1649 1648 0.29346391795971993 0.5143866834427022 0.5389159356469608
3 1710 1711 1649 0.29346391795971993 0.5143866834427022 0.5389159356469608
3 1746 1747 1721 0.29346391795971993 0.5143866834427022 0.5389159356469608
3 1746 1822 1747 0.29346391795971993 0.5143866834427022 0.5389159356469608
3 1746 1720 1745 0.29346391795971993 0.5143866834427022 0.5389159356469608
3 1746 1721 1720 0.29346391795971993 0.5143866834427022 0.5389159356469608
3 1745 1821 1746 0.29346391795971993 0.5143866834427022 0.5389159356469608
3 1821 1822 1746 0.29346391795971993 0.5143866834427022 0.5389159356469608
3 1716 1822 1715 0.29346391795971993 0.5143866834427022 0.5389159356469608
3 1716 1715 1786 0.29346391795971993 0.5143866834427022 0.5389159356469608
3 1717 1823 1716 0.29346391795971993 0.5143866834427022 0.5389159356469608
3 1823 1822 1716 0.29346391795971993 0.5143866834427022 0.5389159356469608
3 1716 1787 1717 0.29346391795971993 0.5143866834427022 0.5389159356469608
3 1786 1787 1716 0.29346391795971993 0.5143866834427022 0.5389159356469608
3 1708 1769 1861 0.29346391795971993 0.5143866834427022 0.5389159356469608
3 1708 1768 1769 0.29346391795971993 0.5143866834427022 0.5389159356469608
3 1860 1768 1708 0.29346391795971993 0.5143866834427022 0.5389159356469608
3 1861 1740 1708 0.29346391795971993 0.5143866834427022 0.5389159356469608
3 1708 1740 1860 0.29346391795971993 0.5143866834427022 0.5389159356469608
3 1774 1775 1711 0.29346391795971993 0.5143866834427022 0.5389159356469608
3 1711 1710 1774 0.29346391795971993 0.5143866834427022 0.5389159356469608
3 1740 1775 1774 0.29346391795971993 0.5143866834427022 0.5389159356469608
3 1739 1740 1774 0.29346391795971993 0.5143866834427022 0.5389159356469608
3 1774 1773 1739 0.29346391795971993 0.5143866834427022 0.5389159356469608
3 1648 1773 1774 0.29346391795971993 0.5143866834427022 0.5389159356469608
3 1774 1710 1648 0.29346391795971993 0.5143866834427022 0.5389159356469608
3 1893 1915 1894 0.29346391795971993 0.5143866834427022 0.5389159356469608
3 1875 1894 1902 0.29346391795971993 0.5143866834427022 0.5389159356469608
3 1902 1894 1915 0.29346391795971993 0.5143866834427022 0.5389159356469608
3 1879 1878 1903 0.29346391795971993 0.5143866834427022 0.5389159356469608
3 1929 1877 1875 0.29346391795971993 0.5143866834427022 0.5389159356469608
3 1929 1930 1877 0.29346391795971993 0.5143866834427022 0.5389159356469608
3 1889 1888 1911 0.29346391795971993 0.5143866834427022 0.5389159356469608
3 1877 1930 1931 0.29346391795971993 0.5143866834427022 0.5389159356469608
3 1887 1886 1899 0.29346391795971993 0.5143866834427022 0.5389159356469608
3 1899 1923 1887 0.29346391795971993 0.5143866834427022 0.5389159356469608
3 1913 1915 1893 0.29346391795971993 0.5143866834427022 0.5389159356469608
3 1913 1891 1915 0.29346391795971993 0.5143866834427022 0.5389159356469608
3 1913 1893 1892 0.29346391795971993 0.5143866834427022 0.5389159356469608
3 1892 1891 1913 0.29346391795971993 0.5143866834427022 0.5389159356469608
3 1922 1903 1904 0.29346391795971993 0.5143866834427022 0.5389159356469608
3 1904 1903 1878 0.29346391795971993 0.5143866834427022 0.5389159356469608
3 1878 1897 1904 0.29346391795971993 0.5143866834427022 0.5389159356469608
3 1904 1897 1924 0.29346391795971993 0.5143866834427022 0.5389159356469608
3 1924 1923 1904 0.29346391795971993 0.5143866834427022 0.5389159356469608
3 1904 1899 1922 0.29346391795971993 0.5143866834427022 0.5389159356469608
3 1923 1899 1904 0.29346391795971993 0.5143866834427022 0.5389159356469608
3 1910 1903 1922 0.29346391795971993 0.5143866834427022 0.5389159356469608
3 1922 1899 1910 0.29346391795971993 0.5143866834427022 0.5389159356469608
3 1910 1899 1886 0.29346391795971993 0.5143866834427022 0.5389159356469608
3 1879 1903 1910 0.29346391795971993 0.5143866834427022 0.5389159356469608
3 1910 1908 1879 0.29346391795971993 0.5143866834427022 0.5389159356469608
3 1916 1911 1929 0.29346391795971993 0.5143866834427022 0.5389159356469608
3 1875 1902 1916 0.29346391795971993 0.5143866834427022 0.5389159356469608
3 1916 1929 1875 0.29346391795971993 0.5143866834427022 0.5389159356469608
3 1912 1911 1888 0.29346391795971993 0.5143866834427022 0.5389159356469608
3 1882 1881 1905 0.29346391795971993 0.5143866834427022 0.5389159356469608
3 1905 1884 1882 0.29346391795971993 0.5143866834427022 0.5389159356469608
3 1881 1884 1905 0.29346391795971993 0.5143866834427022 0.5389159356469608
3 1885 1884 1907 0.29346391795971993 0.5143866834427022 0.5389159356469608
3 1900 1923 1924 0.29346391795971993 0.5143866834427022 0.5389159356469608
3 1900 1888 1887 0.29346391795971993 0.5143866834427022 0.5389159356469608
3 1887 1923 1900 0.29346391795971993 0.5143866834427022 0.5389159356469608
3 1900 1912 1888 0.29346391795971993 0.5143866834427022 0.5389159356469608
3 1931 1912 1900 0.29346391795971993 0.5143866834427022 0.5389159356469608
3 1925 1897 1932 0.29346391795971993 0.5143866834427022 0.5389159356469608
3 1924 1897 1925 0.29346391795971993 0.5143866834427022 0.5389159356469608
3 1932 1900 1925 0.29346391795971993 0.5143866834427022 0.5389159356469608
3 1925 1900 1924 0.29346391795971993 0.5143866834427022 0.5389159356469608
3 1909 1886 1885 0.29346391795971993 0.5143866834427022 0.5389159356469608
3 1885 1908 1909 0.29346391795971993 0.5143866834427022 0.5389159356469608
3 1909 1910 1886 0.29346391795971993 0.5143866834427022 0.5389159356469608
3 1908 1910 1909 0.29346391795971993 0.5143866834427022 0.5389159356469608
3 1885 1880 1898 0.29346391795971993 0.5143866834427022 0.5389159356469608
3 1898 1880 1879 0.29346391795971993 0.5143866834427022 0.5389159356469608
3 1914 1902 1915 0.29346391795971993 0.5143866834427022 0.5389159356469608
3 1914 1916 1902 0.29346391795971993 0.5143866834427022 0.5389159356469608
3 1877 1931 1917 0.29346391795971993 0.5143866834427022 0.5389159356469608
3 1931 1918 1917 0.29346391795971993 0.5143866834427022 0.5389159356469608
3 1917 1918 1897 0.29346391795971993 0.5143866834427022 0.5389159356469608
3 1917 1878 1877 0.29346391795971993 0.5143866834427022 0.5389159356469608
3 1917 1897 1878 0.29346391795971993 0.5143866834427022 0.5389159356469608
3 1932 1897 1919 0.29346391795971993 0.5143866834427022 0.5389159356469608
3 1897 1918 1919 0.29346391795971993 0.5143866834427022 0.5389159356469608
3 1919 1918 1931 0.29346391795971993 0.5143866834427022 0.5389159356469608
3 1919 1900 1932 0.29346391795971993 0.5143866834427022 0.5389159356469608
3 1931 1900 1919 0.29346391795971993 0.5143866834427022 0.5389159356469608
3 1911 1912 1928 0.29346391795971993 0.5143866834427022 0.5389159356469608
3 1930 1929 1928 0.29346391795971993 0.5143866834427022 0.5389159356469608
3 1929 1911 1928 0.29346391795971993 0.5143866834427022 0.5389159356469608
3 1928 1931 1930 0.29346391795971993 0.5143866834427022 0.5389159356469608
3 1928 1912 1931 0.29346391795971993 0.5143866834427022 0.5389159356469608
3 1906 1880 1885 0.29346391795971993 0.5143866834427022 0.5389159356469608
3 1885 1907 1906 0.29346391795971993 0.5143866834427022 0.5389159356469608
3 1921 1908 1885 0.29346391795971993 0.5143866834427022 0.5389159356469608
3 1885 1898 1921 0.29346391795971993 0.5143866834427022 0.5389159356469608
3 1879 1908 1921 0.29346391795971993 0.5143866834427022 0.5389159356469608
3 1921 1898 1879 0.29346391795971993 0.5143866834427022 0.5389159356469608
3 1926 1914 1915 0.29346391795971993 0.5143866834427022 0.5389159356469608
3 1890 1914 1926 0.29346391795971993 0.5143866834427022 0.5389159356469608
3 1915 1891 1926 0.29346391795971993 0.5143866834427022 0.5389159356469608
3 1891 1890 1926 0.29346391795971993 0.5143866834427022 0.5389159356469608
3 1916 1914 1901 0.29346391795971993 0.5143866834427022 0.5389159356469608
3 1901 1890 1889 0.29346391795971993 0.5143866834427022 0.5389159356469608
3 1901 1914 1890 0.29346391795971993 0.5143866834427022 0.5389159356469608
3 1881 1880 1920 0.29346391795971993 0.5143866834427022 0.5389159356469608
3 1880 1906 1920 0.29346391795971993 0.5143866834427022 0.5389159356469608
3 1920 1884 1881 0.29346391795971993 0.5143866834427022 0.5389159356469608
3 1920 1907 1884 0.29346391795971993 0.5143866834427022 0.5389159356469608
3 1920 1906 1907 0.29346391795971993 0.5143866834427022 0.5389159356469608
3 1927 1901 1889 0.29346391795971993 0.5143866834427022 0.5389159356469608
3 1916 1901 1927 0.29346391795971993 0.5143866834427022 0.5389159356469608
3 1889 1911 1927 0.29346391795971993 0.5143866834427022 0.5389159356469608
3 1911 1916 1927 0.29346391795971993 0.5143866834427022 0.5389159356469608
3 1973 2250 1971 0.29346391795971993 0.5143866834427022 0.5389159356469608
3 2096 1961 1962 0.29346391795971993 0.5143866834427022 0.5389159356469608
3 2042 2169 2043 0.29346391795971993 0.5143866834427022 0.5389159356469608
3 1980 2169 2042 0.29346391795971993 0.5143866834427022 0.5389159356469608
3 2251 2250 2109 0.29346391795971993 0.5143866834427022 0.5389159356469608
3 2173 2263 2174 0.29346391795971993 0.5143866834427022 0.5389159356469608
3 2174 2263 2264 0.29346391795971993 0.5143866834427022 0.5389159356469608
3 2251 2252 2103 0.29346391795971993 0.5143866834427022 0.5389159356469608
3 2165 2166 2112 0.29346391795971993 0.5143866834427022 0.5389159356469608
3 2104 2157 2156 0.29346391795971993 0.5143866834427022 0.5389159356469608
3 2156 2103 2104 0.29346391795971993 0.5143866834427022 0.5389159356469608
3 2104 2103 2252 0.29346391795971993 0.5143866834427022 0.5389159356469608
3 1992 1950 1951 0.29346391795971993 0.5143866834427022 0.5389159356469608
3 1959 2018 1958 0.29346391795971993 0.5143866834427022 0.5389159356469608
3 2200 1961 2096 0.29346391795971993 0.5143866834427022 0.5389159356469608
3 2093 2092 2067 0.29346391795971993 0.5143866834427022 0.5389159356469608
3 2239 2206 2240 0.29346391795971993 0.5143866834427022 0.5389159356469608
3 2231 2240 2277 0.29346391795971993 0.5143866834427022 0.5389159356469608
3 2230 2240 2231 0.29346391795971993 0.5143866834427022 0.5389159356469608
3 1941 1989 1940 0.29346391795971993 0.5143866834427022 0.5389159356469608
3 2131 2009 2130 0.29346391795971993 0.5143866834427022 0.5389159356469608
3 2130 2009 2008 0.29346391795971993 0.5143866834427022 0.5389159356469608
3 2223 1941 1942 0.29346391795971993 0.5143866834427022 0.5389159356469608
3 1989 1941 2223 0.29346391795971993 0.5143866834427022 0.5389159356469608
3 1989 2223 2224 0.29346391795971993 0.5143866834427022 0.5389159356469608
3 2007 2008 2224 0.29346391795971993 0.5143866834427022 0.5389159356469608
3 2224 2223 2007 0.29346391795971993 0.5143866834427022 0.5389159356469608
3 1938 2183 1937 0.29346391795971993 0.5143866834427022 0.5389159356469608
3 1998 2183 1938 0.29346391795971993 0.5143866834427022 0.5389159356469608
3 1938 1939 1998 0.29346391795971993 0.5143866834427022 0.5389159356469608
3 2170 2169 2046 0.29346391795971993 0.5143866834427022 0.5389159356469608
3 2043 2169 2170 0.29346391795971993 0.5143866834427022 0.5389159356469608
3 1981 1982 2046 0.29346391795971993 0.5143866834427022 0.5389159356469608
3 1981 2169 1980 0.29346391795971993 0.5143866834427022 0.5389159356469608
3 2046 2169 1981 0.29346391795971993 0.5143866834427022 0.5389159356469608
3 2229 2125 2228 0.29346391795971993 0.5143866834427022 0.5389159356469608
3 2147 2206 2239 0.29346391795971993 0.5143866834427022 0.5389159356469608
3 2096 1962 2069 0.29346391795971993 0.5143866834427022 0.5389159356469608
3 2069 1962 1963 0.29346391795971993 0.5143866834427022 0.5389159356469608
3 1980 2042 1979 0.29346391795971993 0.5143866834427022 0.5389159356469608
3 1979 2215 1978 0.29346391795971993 0.5143866834427022 0.5389159356469608
3 2042 2215 1979 0.29346391795971993 0.5143866834427022 0.5389159356469608
3 2162 2109 2108 0.29346391795971993 0.5143866834427022 0.5389159356469608
3 2108 1973 1974 0.29346391795971993 0.5143866834427022 0.5389159356469608
3 2250 1973 2108 0.29346391795971993 0.5143866834427022 0.5389159356469608
3 2108 2109 2250 0.29346391795971993 0.5143866834427022 0.5389159356469608
3 2074 1976 1977 0.29346391795971993 0.5143866834427022 0.5389159356469608
3 2162 1976 2074 0.29346391795971993 0.5143866834427022 0.5389159356469608
3 1977 1978 2038 0.29346391795971993 0.5143866834427022 0.5389159356469608
3 2038 2074 1977 0.29346391795971993 0.5143866834427022 0.5389159356469608
3 2075 2074 2038 0.29346391795971993 0.5143866834427022 0.5389159356469608
3 1978 2215 2038 0.29346391795971993 0.5143866834427022 0.5389159356469608
3 2049 2263 2173 0.29346391795971993 0.5143866834427022 0.5389159356469608
3 2083 2082 2180 0.29346391795971993 0.5143866834427022 0.5389159356469608
3 2264 2263 2083 0.29346391795971993 0.5143866834427022 0.5389159356469608
3 2257 2258 2214 0.29346391795971993 0.5143866834427022 0.5389159356469608
3 2220 2174 2221 0.29346391795971993 0.5143866834427022 0.5389159356469608
3 2173 2174 2220 0.29346391795971993 0.5143866834427022 0.5389159356469608
3 2266 2265 2182 0.29346391795971993 0.5143866834427022 0.5389159356469608
3 2182 2265 2264 0.29346391795971993 0.5143866834427022 0.5389159356469608
3 2221 2174 2175 0.29346391795971993 0.5143866834427022 0.5389159356469608
3 2175 2265 2266 0.29346391795971993 0.5143866834427022 0.5389159356469608
3 2264 2265 2175 0.29346391795971993 0.5143866834427022 0.5389159356469608
3 2175 2174 2264 0.29346391795971993 0.5143866834427022 0.5389159356469608
3 2022 2069 1963 0.29346391795971993 0.5143866834427022 0.5389159356469608
3 1964 2022 1963 0.29346391795971993 0.5143866834427022 0.5389159356469608
3 2241 2022 1964 0.29346391795971993 0.5143866834427022 0.5389159356469608
3 2152 2212 2153 0.29346391795971993 0.5143866834427022 0.5389159356469608
3 2079 2177 2080 0.29346391795971993 0.5143866834427022 0.5389159356469608
3 2046 1982 2259 0.29346391795971993 0.5143866834427022 0.5389159356469608
3 1982 2079 2259 0.29346391795971993 0.5143866834427022 0.5389159356469608
3 2080 2260 2259 0.29346391795971993 0.5143866834427022 0.5389159356469608
3 2259 2079 2080 0.29346391795971993 0.5143866834427022 0.5389159356469608
3 2077 2166 2165 0.29346391795971993 0.5143866834427022 0.5389159356469608
3 2078 2166 2077 0.29346391795971993 0.5143866834427022 0.5389159356469608
3 2039 2038 2215 0.29346391795971993 0.5143866834427022 0.5389159356469608
3 2075 2038 2039 0.29346391795971993 0.5143866834427022 0.5389159356469608
3 1969 2034 1968 0.29346391795971993 0.5143866834427022 0.5389159356469608
3 2155 2103 2156 0.29346391795971993 0.5143866834427022 0.5389159356469608
3 2156 2034 2155 0.29346391795971993 0.5143866834427022 0.5389159356469608
3 2155 2034 1969 0.29346391795971993 0.5143866834427022 0.5389159356469608
3 2207 1968 2034 0.29346391795971993 0.5143866834427022 0.5389159356469608
3 1967 1968 2207 0.29346391795971993 0.5143866834427022 0.5389159356469608
3 2033 2150 2032 0.29346391795971993 0.5143866834427022 0.5389159356469608
3 2149 2031 2032 0.29346391795971993 0.5143866834427022 0.5389159356469608
3 2032 2150 2149 0.29346391795971993 0.5143866834427022 0.5389159356469608
3 2165 2112 2111 0.29346391795971993 0.5143866834427022 0.5389159356469608
3 2111 2164 2165 0.29346391795971993 0.5143866834427022 0.5389159356469608
3 2254 2112 2166 0.29346391795971993 0.5143866834427022 0.5389159356469608
3 2006 2128 2007 0.29346391795971993 0.5143866834427022 0.5389159356469608
3 2007 2223 2006 0.29346391795971993 0.5143866834427022 0.5389159356469608
3 2006 2223 1942 0.29346391795971993 0.5143866834427022 0.5389159356469608
3 2006 2127 2128 0.29346391795971993 0.5143866834427022 0.5389159356469608
3 1947 1949 2059 0.29346391795971993 0.5143866834427022 0.5389159356469608
3 1995 1956 1957 0.29346391795971993 0.5143866834427022 0.5389159356469608
3 2202 2203 2021 0.29346391795971993 0.5143866834427022 0.5389159356469608
3 2097 2200 2096 0.29346391795971993 0.5143866834427022 0.5389159356469608
3 2096 2069 2097 0.29346391795971993 0.5143866834427022 0.5389159356469608
3 2199 2018 1959 0.29346391795971993 0.5143866834427022 0.5389159356469608
3 1959 1961 2199 0.29346391795971993 0.5143866834427022 0.5389159356469608
3 1961 2200 2199 0.29346391795971993 0.5143866834427022 0.5389159356469608
3 2237 2095 2236 0.29346391795971993 0.5143866834427022 0.5389159356469608
3 2136 1993 1994 0.29346391795971993 0.5143866834427022 0.5389159356469608
3 1994 2137 2136 0.29346391795971993 0.5143866834427022 0.5389159356469608
3 1994 2092 2093 0.29346391795971993 0.5143866834427022 0.5389159356469608
3 2093 2137 1994 0.29346391795971993 0.5143866834427022 0.5389159356469608
3 2191 2059 2060 0.29346391795971993 0.5143866834427022 0.5389159356469608
3 2014 1956 1995 0.29346391795971993 0.5143866834427022 0.5389159356469608
3 2229 2230 2126 0.29346391795971993 0.5143866834427022 0.5389159356469608
3 2126 2125 2229 0.29346391795971993 0.5143866834427022 0.5389159356469608
3 2121 2003 2004 0.29346391795971993 0.5143866834427022 0.5389159356469608
3 1991 2005 2004 0.29346391795971993 0.5143866834427022 0.5389159356469608
3 2004 2003 1991 0.29346391795971993 0.5143866834427022 0.5389159356469608
3 1940 1989 2002 0.29346391795971993 0.5143866834427022 0.5389159356469608
3 2002 1939 1940 0.29346391795971993 0.5143866834427022 0.5389159356469608
3 2196 2132 2131 0.29346391795971993 0.5143866834427022 0.5389159356469608
3 2196 2197 2132 0.29346391795971993 0.5143866834427022 0.5389159356469608
3 1989 2224 1990 0.29346391795971993 0.5143866834427022 0.5389159356469608
3 1991 2003 1990 0.29346391795971993 0.5143866834427022 0.5389159356469608
3 1990 2002 1989 0.29346391795971993 0.5143866834427022 0.5389159356469608
3 2003 2002 1990 0.29346391795971993 0.5143866834427022 0.5389159356469608
3 2180 2082 2179 0.29346391795971993 0.5143866834427022 0.5389159356469608
3 2087 2057 2088 0.29346391795971993 0.5143866834427022 0.5389159356469608
3 2118 2119 2180 0.29346391795971993 0.5143866834427022 0.5389159356469608
3 2180 2179 2118 0.29346391795971993 0.5143866834427022 0.5389159356469608
3 2118 2179 2117 0.29346391795971993 0.5143866834427022 0.5389159356469608
3 2184 2055 2183 0.29346391795971993 0.5143866834427022 0.5389159356469608
3 2183 1998 2184 0.29346391795971993 0.5143866834427022 0.5389159356469608
3 2120 1998 1939 0.29346391795971993 0.5143866834427022 0.5389159356469608
3 1939 2002 2120 0.29346391795971993 0.5143866834427022 0.5389159356469608
3 2120 2003 2121 0.29346391795971993 0.5143866834427022 0.5389159356469608
3 2120 2002 2003 0.29346391795971993 0.5143866834427022 0.5389159356469608
3 2171 2170 2047 0.29346391795971993 0.5143866834427022 0.5389159356469608
3 2047 2170 2046 0.29346391795971993 0.5143866834427022 0.5389159356469608
3 2046 2259 2047 0.29346391795971993 0.5143866834427022 0.5389159356469608
3 2047 2259 2260 0.29346391795971993 0.5143866834427022 0.5389159356469608
3 2005 2228 2124 0.29346391795971993 0.5143866834427022 0.5389159356469608
3 2124 2228 2125 0.29346391795971993 0.5143866834427022 0.5389159356469608
3 2124 2123 2005 0.29346391795971993 0.5143866834427022 0.5389159356469608
3 2001 2123 2124 0.29346391795971993 0.5143866834427022 0.5389159356469608
3 2125 2188 2124 0.29346391795971993 0.5143866834427022 0.5389159356469608
3 2132 2228 2227 0.29346391795971993 0.5143866834427022 0.5389159356469608
3 2131 2132 2227 0.29346391795971993 0.5143866834427022 0.5389159356469608
3 2227 2228 2005 0.29346391795971993 0.5143866834427022 0.5389159356469608
3 2239 2240 2198 0.29346391795971993 0.5143866834427022 0.5389159356469608
3 2198 2240 2230 0.29346391795971993 0.5143866834427022 0.5389159356469608
3 2198 2230 2229 0.29346391795971993 0.5143866834427022 0.5389159356469608
3 2021 2203 2145 0.29346391795971993 0.5143866834427022 0.5389159356469608
3 2237 2236 2145 0.29346391795971993 0.5143866834427022 0.5389159356469608
3 2024 2025 2072 0.29346391795971993 0.5143866834427022 0.5389159356469608
3 2238 2147 2239 0.29346391795971993 0.5143866834427022 0.5389159356469608
3 2238 2095 2237 0.29346391795971993 0.5143866834427022 0.5389159356469608
3 2249 2258 2277 0.29346391795971993 0.5143866834427022 0.5389159356469608
3 2277 2240 2249 0.29346391795971993 0.5143866834427022 0.5389159356469608
3 2214 2258 2249 0.29346391795971993 0.5143866834427022 0.5389159356469608
3 2249 2248 2214 0.29346391795971993 0.5143866834427022 0.5389159356469608
3 2249 2240 2206 0.29346391795971993 0.5143866834427022 0.5389159356469608
3 2206 2248 2249 0.29346391795971993 0.5143866834427022 0.5389159356469608
3 2069 2022 2070 0.29346391795971993 0.5143866834427022 0.5389159356469608
3 2098 2097 2070 0.29346391795971993 0.5143866834427022 0.5389159356469608
3 2070 2097 2069 0.29346391795971993 0.5143866834427022 0.5389159356469608
3 1975 1976 2162 0.29346391795971993 0.5143866834427022 0.5389159356469608
3 2162 2108 1975 0.29346391795971993 0.5143866834427022 0.5389159356469608
3 1975 2108 1974 0.29346391795971993 0.5143866834427022 0.5389159356469608
3 2163 2074 2075 0.29346391795971993 0.5143866834427022 0.5389159356469608
3 2075 2164 2163 0.29346391795971993 0.5143866834427022 0.5389159356469608
3 2163 2109 2162 0.29346391795971993 0.5143866834427022 0.5389159356469608
3 2162 2074 2163 0.29346391795971993 0.5143866834427022 0.5389159356469608
3 2263 2049 2262 0.29346391795971993 0.5143866834427022 0.5389159356469608
3 2082 2083 2262 0.29346391795971993 0.5143866834427022 0.5389159356469608
3 2262 2083 2263 0.29346391795971993 0.5143866834427022 0.5389159356469608
3 2172 2045 2171 0.29346391795971993 0.5143866834427022 0.5389159356469608
3 2172 2049 2173 0.29346391795971993 0.5143866834427022 0.5389159356469608
3 2168 2220 2221 0.29346391795971993 0.5143866834427022 0.5389159356469608
3 2221 2257 2168 0.29346391795971993 0.5143866834427022 0.5389159356469608
3 2168 2257 2256 0.29346391795971993 0.5143866834427022 0.5389159356469608
3 2168 2256 2255 0.29346391795971993 0.5143866834427022 0.5389159356469608
3 2211 2152 2033 0.29346391795971993 0.5143866834427022 0.5389159356469608
3 2212 2152 2211 0.29346391795971993 0.5143866834427022 0.5389159356469608
3 2256 2257 2161 0.29346391795971993 0.5143866834427022 0.5389159356469608
3 2153 2212 2213 0.29346391795971993 0.5143866834427022 0.5389159356469608
3 2212 2161 2213 0.29346391795971993 0.5143866834427022 0.5389159356469608
3 2213 2257 2214 0.29346391795971993 0.5143866834427022 0.5389159356469608
3 2213 2161 2257 0.29346391795971993 0.5143866834427022 0.5389159356469608
3 2181 2182 2264 0.29346391795971993 0.5143866834427022 0.5389159356469608
3 2119 2182 2181 0.29346391795971993 0.5143866834427022 0.5389159356469608
3 2264 2083 2181 0.29346391795971993 0.5143866834427022 0.5389159356469608
3 2180 2119 2181 0.29346391795971993 0.5143866834427022 0.5389159356469608
3 2181 2083 2180 0.29346391795971993 0.5143866834427022 0.5389159356469608
3 2222 2257 2221 0.29346391795971993 0.5143866834427022 0.5389159356469608
3 2221 2175 2222 0.29346391795971993 0.5143866834427022 0.5389159356469608
3 2222 2175 2266 0.29346391795971993 0.5143866834427022 0.5389159356469608
3 2258 2257 2222 0.29346391795971993 0.5143866834427022 0.5389159356469608
3 2148 1965 1966 0.29346391795971993 0.5143866834427022 0.5389159356469608
3 2148 2031 2149 0.29346391795971993 0.5143866834427022 0.5389159356469608
3 2151 2150 2033 0.29346391795971993 0.5143866834427022 0.5389159356469608
3 2033 2152 2151 0.29346391795971993 0.5143866834427022 0.5389159356469608
3 2151 2152 2029 0.29346391795971993 0.5143866834427022 0.5389159356469608
3 2149 2150 2027 0.29346391795971993 0.5143866834427022 0.5389159356469608
3 2219 2218 2045 0.29346391795971993 0.5143866834427022 0.5389159356469608
3 2173 2220 2219 0.29346391795971993 0.5143866834427022 0.5389159356469608
3 2078 2218 2219 0.29346391795971993 0.5143866834427022 0.5389159356469608
3 2219 2172 2173 0.29346391795971993 0.5143866834427022 0.5389159356469608
3 2045 2172 2219 0.29346391795971993 0.5143866834427022 0.5389159356469608
3 2217 2218 2041 0.29346391795971993 0.5143866834427022 0.5389159356469608
3 2078 2077 2041 0.29346391795971993 0.5143866834427022 0.5389159356469608
3 2041 2218 2078 0.29346391795971993 0.5143866834427022 0.5389159356469608
3 2044 2218 2217 0.29346391795971993 0.5143866834427022 0.5389159356469608
3 2044 2217 2043 0.29346391795971993 0.5143866834427022 0.5389159356469608
3 2171 2045 2044 0.29346391795971993 0.5143866834427022 0.5389159356469608
3 2045 2218 2044 0.29346391795971993 0.5143866834427022 0.5389159356469608
3 2043 2170 2044 0.29346391795971993 0.5143866834427022 0.5389159356469608
3 2044 2170 2171 0.29346391795971993 0.5143866834427022 0.5389159356469608
3 2216 2039 2215 0.29346391795971993 0.5143866834427022 0.5389159356469608
3 2216 2042 2043 0.29346391795971993 0.5143866834427022 0.5389159356469608
3 2216 2215 2042 0.29346391795971993 0.5143866834427022 0.5389159356469608
3 2043 2217 2216 0.29346391795971993 0.5143866834427022 0.5389159356469608
3 2076 2077 2165 0.29346391795971993 0.5143866834427022 0.5389159356469608
3 2165 2164 2076 0.29346391795971993 0.5143866834427022 0.5389159356469608
3 2076 2164 2075 0.29346391795971993 0.5143866834427022 0.5389159356469608
3 2075 2039 2076 0.29346391795971993 0.5143866834427022 0.5389159356469608
3 2103 2155 1970 0.29346391795971993 0.5143866834427022 0.5389159356469608
3 1970 2155 1969 0.29346391795971993 0.5143866834427022 0.5389159356469608
3 2035 2207 2034 0.29346391795971993 0.5143866834427022 0.5389159356469608
3 2156 2157 2035 0.29346391795971993 0.5143866834427022 0.5389159356469608
3 2035 2034 2156 0.29346391795971993 0.5143866834427022 0.5389159356469608
3 1967 2207 2030 0.29346391795971993 0.5143866834427022 0.5389159356469608
3 2031 2148 2030 0.29346391795971993 0.5143866834427022 0.5389159356469608
3 2030 1966 1967 0.29346391795971993 0.5143866834427022 0.5389159356469608
3 2030 2148 1966 0.29346391795971993 0.5143866834427022 0.5389159356469608
3 2113 2254 2166 0.29346391795971993 0.5143866834427022 0.5389159356469608
3 2113 2166 2078 0.29346391795971993 0.5143866834427022 0.5389159356469608
3 2255 2106 2113 0.29346391795971993 0.5143866834427022 0.5389159356469608
3 2106 2254 2113 0.29346391795971993 0.5143866834427022 0.5389159356469608
3 2112 2254 2253 0.29346391795971993 0.5143866834427022 0.5389159356469608
3 2253 2111 2112 0.29346391795971993 0.5143866834427022 0.5389159356469608
3 2253 2104 2252 0.29346391795971993 0.5143866834427022 0.5389159356469608
3 2252 2111 2253 0.29346391795971993 0.5143866834427022 0.5389159356469608
3 2191 2060 2192 0.29346391795971993 0.5143866834427022 0.5389159356469608
3 1944 2127 1943 0.29346391795971993 0.5143866834427022 0.5389159356469608
3 2127 2006 1943 0.29346391795971993 0.5143866834427022 0.5389159356469608
3 1943 2006 1942 0.29346391795971993 0.5143866834427022 0.5389159356469608
3 2138 2137 2093 0.29346391795971993 0.5143866834427022 0.5389159356469608
3 2191 1945 1946 0.29346391795971993 0.5143866834427022 0.5389159356469608
3 1946 2059 2191 0.29346391795971993 0.5143866834427022 0.5389159356469608
3 1947 2059 1946 0.29346391795971993 0.5143866834427022 0.5389159356469608
3 2201 2202 2021 0.29346391795971993 0.5143866834427022 0.5389159356469608
3 2021 2020 2201 0.29346391795971993 0.5143866834427022 0.5389159356469608
3 2201 2020 2200 0.29346391795971993 0.5143866834427022 0.5389159356469608
3 2200 2097 2201 0.29346391795971993 0.5143866834427022 0.5389159356469608
3 2098 2202 2201 0.29346391795971993 0.5143866834427022 0.5389159356469608
3 2201 2097 2098 0.29346391795971993 0.5143866834427022 0.5389159356469608
3 2019 2020 2143 0.29346391795971993 0.5143866834427022 0.5389159356469608
3 2200 2020 2019 0.29346391795971993 0.5143866834427022 0.5389159356469608
3 2018 2199 2019 0.29346391795971993 0.5143866834427022 0.5389159356469608
3 2019 2199 2200 0.29346391795971993 0.5143866834427022 0.5389159356469608
3 2016 1996 1997 0.29346391795971993 0.5143866834427022 0.5389159356469608
3 2235 2234 2016 0.29346391795971993 0.5143866834427022 0.5389159356469608
3 2067 2234 2235 0.29346391795971993 0.5143866834427022 0.5389159356469608
3 2141 1996 1995 0.29346391795971993 0.5143866834427022 0.5389159356469608
3 1995 1957 2141 0.29346391795971993 0.5143866834427022 0.5389159356469608
3 2141 1958 2018 0.29346391795971993 0.5143866834427022 0.5389159356469608
3 2141 1957 1958 0.29346391795971993 0.5143866834427022 0.5389159356469608
3 2135 1993 2136 0.29346391795971993 0.5143866834427022 0.5389159356469608
3 1992 1993 2135 0.29346391795971993 0.5143866834427022 0.5389159356469608
3 2015 2234 2233 0.29346391795971993 0.5143866834427022 0.5389159356469608
3 1995 1996 2015 0.29346391795971993 0.5143866834427022 0.5389159356469608
3 2015 1996 2016 0.29346391795971993 0.5143866834427022 0.5389159356469608
3 2016 2234 2015 0.29346391795971993 0.5143866834427022 0.5389159356469608
3 2015 2014 1995 0.29346391795971993 0.5143866834427022 0.5389159356469608
3 2233 2014 2015 0.29346391795971993 0.5143866834427022 0.5389159356469608
3 2233 2234 2066 0.29346391795971993 0.5143866834427022 0.5389159356469608
3 2066 2065 2233 0.29346391795971993 0.5143866834427022 0.5389159356469608
3 2066 2067 2092 0.29346391795971993 0.5143866834427022 0.5389159356469608
3 2066 2234 2067 0.29346391795971993 0.5143866834427022 0.5389159356469608
3 1956 2014 1955 0.29346391795971993 0.5143866834427022 0.5389159356469608
3 2090 1993 1992 0.29346391795971993 0.5143866834427022 0.5389159356469608
3 1992 1951 2090 0.29346391795971993 0.5143866834427022 0.5389159356469608
3 2276 2231 2277 0.29346391795971993 0.5143866834427022 0.5389159356469608
3 2001 2124 2187 0.29346391795971993 0.5143866834427022 0.5389159356469608
3 2187 2124 2188 0.29346391795971993 0.5143866834427022 0.5389159356469608
3 2125 2126 2189 0.29346391795971993 0.5143866834427022 0.5389159356469608
3 2189 2188 2125 0.29346391795971993 0.5143866834427022 0.5389159356469608
3 2121 2004 2122 0.29346391795971993 0.5143866834427022 0.5389159356469608
3 2122 2000 2121 0.29346391795971993 0.5143866834427022 0.5389159356469608
3 2005 2123 2122 0.29346391795971993 0.5143866834427022 0.5389159356469608
3 2122 2004 2005 0.29346391795971993 0.5143866834427022 0.5389159356469608
3 2122 2123 2001 0.29346391795971993 0.5143866834427022 0.5389159356469608
3 2001 2000 2122 0.29346391795971993 0.5143866834427022 0.5389159356469608
3 1991 1990 2225 0.29346391795971993 0.5143866834427022 0.5389159356469608
3 2225 1990 2224 0.29346391795971993 0.5143866834427022 0.5389159356469608
3 2008 2009 2225 0.29346391795971993 0.5143866834427022 0.5389159356469608
3 2225 2224 2008 0.29346391795971993 0.5143866834427022 0.5389159356469608
3 2081 2179 2082 0.29346391795971993 0.5143866834427022 0.5389159356469608
3 2081 2260 2080 0.29346391795971993 0.5143866834427022 0.5389159356469608
3 2116 2117 2178 0.29346391795971993 0.5143866834427022 0.5389159356469608
3 2117 2179 2178 0.29346391795971993 0.5143866834427022 0.5389159356469608
3 2178 2177 2116 0.29346391795971993 0.5143866834427022 0.5389159356469608
3 2179 2081 2178 0.29346391795971993 0.5143866834427022 0.5389159356469608
3 2080 2177 2178 0.29346391795971993 0.5143866834427022 0.5389159356469608
3 2178 2081 2080 0.29346391795971993 0.5143866834427022 0.5389159356469608
3 2116 2177 2115 0.29346391795971993 0.5143866834427022 0.5389159356469608
3 1985 2114 1984 0.29346391795971993 0.5143866834427022 0.5389159356469608
3 2089 2088 2058 0.29346391795971993 0.5143866834427022 0.5389159356469608
3 2058 2088 2057 0.29346391795971993 0.5143866834427022 0.5389159356469608
3 2058 2188 2089 0.29346391795971993 0.5143866834427022 0.5389159356469608
3 2058 2187 2188 0.29346391795971993 0.5143866834427022 0.5389159356469608
3 2273 2088 2089 0.29346391795971993 0.5143866834427022 0.5389159356469608
3 2119 2118 2272 0.29346391795971993 0.5143866834427022 0.5389159356469608
3 2272 2273 2119 0.29346391795971993 0.5143866834427022 0.5389159356469608
3 2088 2273 2272 0.29346391795971993 0.5143866834427022 0.5389159356469608
3 2087 2088 2272 0.29346391795971993 0.5143866834427022 0.5389159356469608
3 2052 2117 2116 0.29346391795971993 0.5143866834427022 0.5389159356469608
3 2055 2184 2056 0.29346391795971993 0.5143866834427022 0.5389159356469608
3 2056 2057 2087 0.29346391795971993 0.5143866834427022 0.5389159356469608
3 2087 2086 2056 0.29346391795971993 0.5143866834427022 0.5389159356469608
3 2056 2086 2055 0.29346391795971993 0.5143866834427022 0.5389159356469608
3 1999 2184 1998 0.29346391795971993 0.5143866834427022 0.5389159356469608
3 2121 2000 1999 0.29346391795971993 0.5143866834427022 0.5389159356469608
3 1999 2120 2121 0.29346391795971993 0.5143866834427022 0.5389159356469608
3 1998 2120 1999 0.29346391795971993 0.5143866834427022 0.5389159356469608
3 2057 2056 2185 0.29346391795971993 0.5143866834427022 0.5389159356469608
3 2185 2056 2184 0.29346391795971993 0.5143866834427022 0.5389159356469608
3 2184 1999 2185 0.29346391795971993 0.5143866834427022 0.5389159356469608
3 2185 1999 2000 0.29346391795971993 0.5143866834427022 0.5389159356469608
3 1991 2225 2226 0.29346391795971993 0.5143866834427022 0.5389159356469608
3 2226 2225 2009 0.29346391795971993 0.5143866834427022 0.5389159356469608
3 2226 2005 1991 0.29346391795971993 0.5143866834427022 0.5389159356469608
3 2226 2227 2005 0.29346391795971993 0.5143866834427022 0.5389159356469608
3 2226 2009 2131 0.29346391795971993 0.5143866834427022 0.5389159356469608
3 2131 2227 2226 0.29346391795971993 0.5143866834427022 0.5389159356469608
3 2133 2198 2229 0.29346391795971993 0.5143866834427022 0.5389159356469608
3 2197 2198 2133 0.29346391795971993 0.5143866834427022 0.5389159356469608
3 2229 2228 2133 0.29346391795971993 0.5143866834427022 0.5389159356469608
3 2133 2228 2132 0.29346391795971993 0.5143866834427022 0.5389159356469608
3 2132 2197 2133 0.29346391795971993 0.5143866834427022 0.5389159356469608
3 2146 2203 2204 0.29346391795971993 0.5143866834427022 0.5389159356469608
3 2146 2145 2203 0.29346391795971993 0.5143866834427022 0.5389159356469608
3 2204 2147 2146 0.29346391795971993 0.5143866834427022 0.5389159356469608
3 2237 2145 2146 0.29346391795971993 0.5143866834427022 0.5389159356469608
3 2146 2238 2237 0.29346391795971993 0.5143866834427022 0.5389159356469608
3 2147 2238 2146 0.29346391795971993 0.5143866834427022 0.5389159356469608
3 2099 2202 2098 0.29346391795971993 0.5143866834427022 0.5389159356469608
3 2203 2202 2099 0.29346391795971993 0.5143866834427022 0.5389159356469608
3 2095 2238 2140 0.29346391795971993 0.5143866834427022 0.5389159356469608
3 2139 2095 2140 0.29346391795971993 0.5143866834427022 0.5389159356469608
3 2140 2238 2239 0.29346391795971993 0.5143866834427022 0.5389159356469608
3 2140 2196 2139 0.29346391795971993 0.5143866834427022 0.5389159356469608
3 2197 2196 2140 0.29346391795971993 0.5143866834427022 0.5389159356469608
3 2239 2198 2140 0.29346391795971993 0.5143866834427022 0.5389159356469608
3 2140 2198 2197 0.29346391795971993 0.5143866834427022 0.5389159356469608
3 2247 2248 2206 0.29346391795971993 0.5143866834427022 0.5389159356469608
3 2246 2247 2101 0.29346391795971993 0.5143866834427022 0.5389159356469608
3 2025 2244 2245 0.29346391795971993 0.5143866834427022 0.5389159356469608
3 2029 2152 2245 0.29346391795971993 0.5143866834427022 0.5389159356469608
3 2245 2244 2029 0.29346391795971993 0.5143866834427022 0.5389159356469608
3 2245 2152 2153 0.29346391795971993 0.5143866834427022 0.5389159356469608
3 2153 2246 2245 0.29346391795971993 0.5143866834427022 0.5389159356469608
3 2023 2070 2022 0.29346391795971993 0.5143866834427022 0.5389159356469608
3 2023 2022 2241 0.29346391795971993 0.5143866834427022 0.5389159356469608
3 2110 2163 2164 0.29346391795971993 0.5143866834427022 0.5389159356469608
3 2110 2111 2252 0.29346391795971993 0.5143866834427022 0.5389159356469608
3 2164 2111 2110 0.29346391795971993 0.5143866834427022 0.5389159356469608
3 2110 2252 2251 0.29346391795971993 0.5143866834427022 0.5389159356469608
3 2251 2109 2110 0.29346391795971993 0.5143866834427022 0.5389159356469608
3 2109 2163 2110 0.29346391795971993 0.5143866834427022 0.5389159356469608
3 2261 2262 2049 0.29346391795971993 0.5143866834427022 0.5389159356469608
3 2260 2081 2261 0.29346391795971993 0.5143866834427022 0.5389159356469608
3 2082 2262 2261 0.29346391795971993 0.5143866834427022 0.5389159356469608
3 2261 2081 2082 0.29346391795971993 0.5143866834427022 0.5389159356469608
3 2210 2211 2033 0.29346391795971993 0.5143866834427022 0.5389159356469608
3 2033 2032 2210 0.29346391795971993 0.5143866834427022 0.5389159356469608
3 2255 2256 2107 0.29346391795971993 0.5143866834427022 0.5389159356469608
3 2107 2106 2255 0.29346391795971993 0.5143866834427022 0.5389159356469608
3 2028 2027 2150 0.29346391795971993 0.5143866834427022 0.5389159356469608
3 2028 2151 2029 0.29346391795971993 0.5143866834427022 0.5389159356469608
3 2150 2151 2028 0.29346391795971993 0.5143866834427022 0.5389159356469608
3 2026 2027 2241 0.29346391795971993 0.5143866834427022 0.5389159356469608
3 2241 1964 2026 0.29346391795971993 0.5143866834427022 0.5389159356469608
3 1964 1965 2026 0.29346391795971993 0.5143866834427022 0.5389159356469608
3 1965 2148 2026 0.29346391795971993 0.5143866834427022 0.5389159356469608
3 2026 2148 2149 0.29346391795971993 0.5143866834427022 0.5389159356469608
3 2149 2027 2026 0.29346391795971993 0.5143866834427022 0.5389159356469608
3 2039 2216 2040 0.29346391795971993 0.5143866834427022 0.5389159356469608
3 2040 2076 2039 0.29346391795971993 0.5143866834427022 0.5389159356469608
3 2040 2216 2217 0.29346391795971993 0.5143866834427022 0.5389159356469608
3 2077 2076 2040 0.29346391795971993 0.5143866834427022 0.5389159356469608
3 2217 2041 2040 0.29346391795971993 0.5143866834427022 0.5389159356469608
3 2040 2041 2077 0.29346391795971993 0.5143866834427022 0.5389159356469608
3 2251 2103 2102 0.29346391795971993 0.5143866834427022 0.5389159356469608
3 2103 1970 2102 0.29346391795971993 0.5143866834427022 0.5389159356469608
3 2102 1970 1971 0.29346391795971993 0.5143866834427022 0.5389159356469608
3 2102 2250 2251 0.29346391795971993 0.5143866834427022 0.5389159356469608
3 1971 2250 2102 0.29346391795971993 0.5143866834427022 0.5389159356469608
3 2207 2035 2208 0.29346391795971993 0.5143866834427022 0.5389159356469608
3 2031 2030 2208 0.29346391795971993 0.5143866834427022 0.5389159356469608
3 2208 2030 2207 0.29346391795971993 0.5143866834427022 0.5389159356469608
3 2167 2113 2078 0.29346391795971993 0.5143866834427022 0.5389159356469608
3 2220 2168 2167 0.29346391795971993 0.5143866834427022 0.5389159356469608
3 2167 2168 2255 0.29346391795971993 0.5143866834427022 0.5389159356469608
3 2255 2113 2167 0.29346391795971993 0.5143866834427022 0.5389159356469608
3 2078 2219 2167 0.29346391795971993 0.5143866834427022 0.5389159356469608
3 2167 2219 2220 0.29346391795971993 0.5143866834427022 0.5389159356469608
3 2105 2253 2254 0.29346391795971993 0.5143866834427022 0.5389159356469608
3 2105 2158 2157 0.29346391795971993 0.5143866834427022 0.5389159356469608
3 2157 2104 2105 0.29346391795971993 0.5143866834427022 0.5389159356469608
3 2104 2253 2105 0.29346391795971993 0.5143866834427022 0.5389159356469608
3 2105 2254 2106 0.29346391795971993 0.5143866834427022 0.5389159356469608
3 2106 2158 2105 0.29346391795971993 0.5143866834427022 0.5389159356469608
3 2061 2192 2060 0.29346391795971993 0.5143866834427022 0.5389159356469608
3 2061 2135 2136 0.29346391795971993 0.5143866834427022 0.5389159356469608
3 2060 2135 2061 0.29346391795971993 0.5143866834427022 0.5389159356469608
3 2010 2127 1944 0.29346391795971993 0.5143866834427022 0.5389159356469608
3 1944 1945 2010 0.29346391795971993 0.5143866834427022 0.5389159356469608
3 2010 1945 2191 0.29346391795971993 0.5143866834427022 0.5389159356469608
3 2191 2192 2010 0.29346391795971993 0.5143866834427022 0.5389159356469608
3 2094 2095 2139 0.29346391795971993 0.5143866834427022 0.5389159356469608
3 2139 2138 2094 0.29346391795971993 0.5143866834427022 0.5389159356469608
3 2094 2138 2093 0.29346391795971993 0.5143866834427022 0.5389159356469608
3 2142 2019 2143 0.29346391795971993 0.5143866834427022 0.5389159356469608
3 2143 1997 2142 0.29346391795971993 0.5143866834427022 0.5389159356469608
3 2142 1997 1996 0.29346391795971993 0.5143866834427022 0.5389159356469608
3 1996 2141 2142 0.29346391795971993 0.5143866834427022 0.5389159356469608
3 2018 2019 2142 0.29346391795971993 0.5143866834427022 0.5389159356469608
3 2142 2141 2018 0.29346391795971993 0.5143866834427022 0.5389159356469608
3 2144 2145 2236 0.29346391795971993 0.5143866834427022 0.5389159356469608
3 2021 2145 2144 0.29346391795971993 0.5143866834427022 0.5389159356469608
3 2144 2020 2021 0.29346391795971993 0.5143866834427022 0.5389159356469608
3 2143 2020 2144 0.29346391795971993 0.5143866834427022 0.5389159356469608
3 2016 1997 2017 0.29346391795971993 0.5143866834427022 0.5389159356469608
3 2017 2235 2016 0.29346391795971993 0.5143866834427022 0.5389159356469608
3 2017 1997 2143 0.29346391795971993 0.5143866834427022 0.5389159356469608
3 2143 2144 2017 0.29346391795971993 0.5143866834427022 0.5389159356469608
3 2236 2235 2017 0.29346391795971993 0.5143866834427022 0.5389159356469608
3 2017 2144 2236 0.29346391795971993 0.5143866834427022 0.5389159356469608
3 2134 2060 2059 0.29346391795971993 0.5143866834427022 0.5389159356469608
3 2134 2135 2060 0.29346391795971993 0.5143866834427022 0.5389159356469608
3 1992 2135 2134 0.29346391795971993 0.5143866834427022 0.5389159356469608
3 2134 2059 1949 0.29346391795971993 0.5143866834427022 0.5389159356469608
3 2134 1950 1992 0.29346391795971993 0.5143866834427022 0.5389159356469608
3 2134 1949 1950 0.29346391795971993 0.5143866834427022 0.5389159356469608
3 1954 1955 2232 0.29346391795971993 0.5143866834427022 0.5389159356469608
3 2232 1955 2014 0.29346391795971993 0.5143866834427022 0.5389159356469608
3 2232 2014 2233 0.29346391795971993 0.5143866834427022 0.5389159356469608
3 2233 2065 2232 0.29346391795971993 0.5143866834427022 0.5389159356469608
3 1993 2090 2091 0.29346391795971993 0.5143866834427022 0.5389159356469608
3 2091 2090 2065 0.29346391795971993 0.5143866834427022 0.5389159356469608
3 2092 1994 2091 0.29346391795971993 0.5143866834427022 0.5389159356469608
3 2091 1994 1993 0.29346391795971993 0.5143866834427022 0.5389159356469608
3 2091 2066 2092 0.29346391795971993 0.5143866834427022 0.5389159356469608
3 2065 2066 2091 0.29346391795971993 0.5143866834427022 0.5389159356469608
3 2064 1951 1953 0.29346391795971993 0.5143866834427022 0.5389159356469608
3 2064 2090 1951 0.29346391795971993 0.5143866834427022 0.5389159356469608
3 1953 1954 2064 0.29346391795971993 0.5143866834427022 0.5389159356469608
3 2065 2090 2064 0.29346391795971993 0.5143866834427022 0.5389159356469608
3 1954 2232 2064 0.29346391795971993 0.5143866834427022 0.5389159356469608
3 2064 2232 2065 0.29346391795971993 0.5143866834427022 0.5389159356469608
3 2277 2258 2267 0.29346391795971993 0.5143866834427022 0.5389159356469608
3 2267 2276 2277 0.29346391795971993 0.5143866834427022 0.5389159356469608
3 2266 2276 2267 0.29346391795971993 0.5143866834427022 0.5389159356469608
3 2267 2222 2266 0.29346391795971993 0.5143866834427022 0.5389159356469608
3 2258 2222 2267 0.29346391795971993 0.5143866834427022 0.5389159356469608
3 2190 2189 2126 0.29346391795971993 0.5143866834427022 0.5389159356469608
3 2231 2276 2190 0.29346391795971993 0.5143866834427022 0.5389159356469608
3 2230 2231 2190 0.29346391795971993 0.5143866834427022 0.5389159356469608
3 2190 2126 2230 0.29346391795971993 0.5143866834427022 0.5389159356469608
3 2266 2182 2275 0.29346391795971993 0.5143866834427022 0.5389159356469608
3 2275 2276 2266 0.29346391795971993 0.5143866834427022 0.5389159356469608
3 2275 2190 2276 0.29346391795971993 0.5143866834427022 0.5389159356469608
3 2189 2190 2275 0.29346391795971993 0.5143866834427022 0.5389159356469608
3 1987 2114 1985 0.29346391795971993 0.5143866834427022 0.5389159356469608
3 1987 1934 2114 0.29346391795971993 0.5143866834427022 0.5389159356469608
3 2050 2115 2114 0.29346391795971993 0.5143866834427022 0.5389159356469608
3 2114 1934 2050 0.29346391795971993 0.5143866834427022 0.5389159356469608
3 2050 1934 1935 0.29346391795971993 0.5143866834427022 0.5389159356469608
3 2177 2079 2176 0.29346391795971993 0.5143866834427022 0.5389159356469608
3 2176 2115 2177 0.29346391795971993 0.5143866834427022 0.5389159356469608
3 2114 2115 2176 0.29346391795971993 0.5143866834427022 0.5389159356469608
3 2176 1984 2114 0.29346391795971993 0.5143866834427022 0.5389159356469608
3 1983 2079 1982 0.29346391795971993 0.5143866834427022 0.5389159356469608
3 1983 2176 2079 0.29346391795971993 0.5143866834427022 0.5389159356469608
3 1984 2176 1983 0.29346391795971993 0.5143866834427022 0.5389159356469608
3 2117 2052 2271 0.29346391795971993 0.5143866834427022 0.5389159356469608
3 2271 2052 2086 0.29346391795971993 0.5143866834427022 0.5389159356469608
3 2271 2118 2117 0.29346391795971993 0.5143866834427022 0.5389159356469608
3 2271 2272 2118 0.29346391795971993 0.5143866834427022 0.5389159356469608
3 2271 2086 2087 0.29346391795971993 0.5143866834427022 0.5389159356469608
3 2087 2272 2271 0.29346391795971993 0.5143866834427022 0.5389159356469608
3 2116 2115 2269 0.29346391795971993 0.5143866834427022 0.5389159356469608
3 2269 2052 2116 0.29346391795971993 0.5143866834427022 0.5389159356469608
3 2115 2050 2269 0.29346391795971993 0.5143866834427022 0.5389159356469608
3 2269 2050 1935 0.29346391795971993 0.5143866834427022 0.5389159356469608
3 2086 2052 2085 0.29346391795971993 0.5143866834427022 0.5389159356469608
3 2055 2086 2085 0.29346391795971993 0.5143866834427022 0.5389159356469608
3 2186 2058 2057 0.29346391795971993 0.5143866834427022 0.5389159356469608
3 2057 2185 2186 0.29346391795971993 0.5143866834427022 0.5389159356469608
3 2187 2058 2186 0.29346391795971993 0.5143866834427022 0.5389159356469608
3 2001 2187 2186 0.29346391795971993 0.5143866834427022 0.5389159356469608
3 2186 2000 2001 0.29346391795971993 0.5143866834427022 0.5389159356469608
3 2186 2185 2000 0.29346391795971993 0.5143866834427022 0.5389159356469608
3 2072 2099 2071 0.29346391795971993 0.5143866834427022 0.5389159356469608
3 2024 2072 2071 0.29346391795971993 0.5143866834427022 0.5389159356469608
3 2098 2070 2071 0.29346391795971993 0.5143866834427022 0.5389159356469608
3 2071 2099 2098 0.29346391795971993 0.5143866834427022 0.5389159356469608
3 2071 2023 2024 0.29346391795971993 0.5143866834427022 0.5389159356469608
3 2070 2023 2071 0.29346391795971993 0.5143866834427022 0.5389159356469608
3 2204 2203 2100 0.29346391795971993 0.5143866834427022 0.5389159356469608
3 2203 2099 2100 0.29346391795971993 0.5143866834427022 0.5389159356469608
3 2100 2099 2072 0.29346391795971993 0.5143866834427022 0.5389159356469608
3 2100 2101 2204 0.29346391795971993 0.5143866834427022 0.5389159356469608
3 2214 2248 2154 0.29346391795971993 0.5143866834427022 0.5389159356469608
3 2248 2247 2154 0.29346391795971993 0.5143866834427022 0.5389159356469608
3 2154 2213 2214 0.29346391795971993 0.5143866834427022 0.5389159356469608
3 2153 2213 2154 0.29346391795971993 0.5143866834427022 0.5389159356469608
3 2154 2246 2153 0.29346391795971993 0.5143866834427022 0.5389159356469608
3 2154 2247 2246 0.29346391795971993 0.5143866834427022 0.5389159356469608
3 2205 2147 2204 0.29346391795971993 0.5143866834427022 0.5389159356469608
3 2204 2101 2205 0.29346391795971993 0.5143866834427022 0.5389159356469608
3 2206 2147 2205 0.29346391795971993 0.5143866834427022 0.5389159356469608
3 2205 2247 2206 0.29346391795971993 0.5143866834427022 0.5389159356469608
3 2205 2101 2247 0.29346391795971993 0.5143866834427022 0.5389159356469608
3 2048 2261 2049 0.29346391795971993 0.5143866834427022 0.5389159356469608
3 2048 2172 2171 0.29346391795971993 0.5143866834427022 0.5389159356469608
3 2049 2172 2048 0.29346391795971993 0.5143866834427022 0.5389159356469608
3 2171 2047 2048 0.29346391795971993 0.5143866834427022 0.5389159356469608
3 2048 2047 2260 0.29346391795971993 0.5143866834427022 0.5389159356469608
3 2260 2261 2048 0.29346391795971993 0.5143866834427022 0.5389159356469608
3 2256 2161 2160 0.29346391795971993 0.5143866834427022 0.5389159356469608
3 2160 2107 2256 0.29346391795971993 0.5143866834427022 0.5389159356469608
3 2212 2211 2160 0.29346391795971993 0.5143866834427022 0.5389159356469608
3 2160 2161 2212 0.29346391795971993 0.5143866834427022 0.5389159356469608
3 2106 2107 2159 0.29346391795971993 0.5143866834427022 0.5389159356469608
3 2037 2158 2159 0.29346391795971993 0.5143866834427022 0.5389159356469608
3 2159 2158 2106 0.29346391795971993 0.5143866834427022 0.5389159356469608
3 2107 2160 2159 0.29346391795971993 0.5143866834427022 0.5389159356469608
3 2159 2210 2037 0.29346391795971993 0.5143866834427022 0.5389159356469608
3 2211 2210 2159 0.29346391795971993 0.5143866834427022 0.5389159356469608
3 2159 2160 2211 0.29346391795971993 0.5143866834427022 0.5389159356469608
3 2029 2244 2243 0.29346391795971993 0.5143866834427022 0.5389159356469608
3 2243 2028 2029 0.29346391795971993 0.5143866834427022 0.5389159356469608
3 2243 2025 2024 0.29346391795971993 0.5143866834427022 0.5389159356469608
3 2243 2244 2025 0.29346391795971993 0.5143866834427022 0.5389159356469608
3 2031 2208 2209 0.29346391795971993 0.5143866834427022 0.5389159356469608
3 2209 2032 2031 0.29346391795971993 0.5143866834427022 0.5389159356469608
3 2037 2210 2209 0.29346391795971993 0.5143866834427022 0.5389159356469608
3 2209 2210 2032 0.29346391795971993 0.5143866834427022 0.5389159356469608
3 2036 2208 2035 0.29346391795971993 0.5143866834427022 0.5389159356469608
3 2036 2035 2157 0.29346391795971993 0.5143866834427022 0.5389159356469608
3 2157 2158 2036 0.29346391795971993 0.5143866834427022 0.5389159356469608
3 2036 2209 2208 0.29346391795971993 0.5143866834427022 0.5389159356469608
3 2036 2158 2037 0.29346391795971993 0.5143866834427022 0.5389159356469608
3 2037 2209 2036 0.29346391795971993 0.5143866834427022 0.5389159356469608
3 2068 2235 2236 0.29346391795971993 0.5143866834427022 0.5389159356469608
3 2068 2236 2095 0.29346391795971993 0.5143866834427022 0.5389159356469608
3 2095 2094 2068 0.29346391795971993 0.5143866834427022 0.5389159356469608
3 2067 2235 2068 0.29346391795971993 0.5143866834427022 0.5389159356469608
3 2093 2067 2068 0.29346391795971993 0.5143866834427022 0.5389159356469608
3 2068 2094 2093 0.29346391795971993 0.5143866834427022 0.5389159356469608
3 2137 2138 2063 0.29346391795971993 0.5143866834427022 0.5389159356469608
3 2136 2137 2062 0.29346391795971993 0.5143866834427022 0.5389159356469608
3 2062 2061 2136 0.29346391795971993 0.5143866834427022 0.5389159356469608
3 2137 2063 2062 0.29346391795971993 0.5143866834427022 0.5389159356469608
3 2062 2063 2194 0.29346391795971993 0.5143866834427022 0.5389159356469608
3 2007 2128 2129 0.29346391795971993 0.5143866834427022 0.5389159356469608
3 2129 2008 2007 0.29346391795971993 0.5143866834427022 0.5389159356469608
3 2129 2130 2008 0.29346391795971993 0.5143866834427022 0.5389159356469608
3 2274 2275 2182 0.29346391795971993 0.5143866834427022 0.5389159356469608
3 2274 2273 2089 0.29346391795971993 0.5143866834427022 0.5389159356469608
3 2089 2188 2274 0.29346391795971993 0.5143866834427022 0.5389159356469608
3 2274 2182 2119 0.29346391795971993 0.5143866834427022 0.5389159356469608
3 2119 2273 2274 0.29346391795971993 0.5143866834427022 0.5389159356469608
3 2188 2189 2274 0.29346391795971993 0.5143866834427022 0.5389159356469608
3 2189 2275 2274 0.29346391795971993 0.5143866834427022 0.5389159356469608
3 2055 2085 2054 0.29346391795971993 0.5143866834427022 0.5389159356469608
3 1936 1937 2054 0.29346391795971993 0.5143866834427022 0.5389159356469608
3 2054 1937 2183 0.29346391795971993 0.5143866834427022 0.5389159356469608
3 2183 2055 2054 0.29346391795971993 0.5143866834427022 0.5389159356469608
3 2052 2269 2084 0.29346391795971993 0.5143866834427022 0.5389159356469608
3 2084 2085 2052 0.29346391795971993 0.5143866834427022 0.5389159356469608
3 2084 2269 1935 0.29346391795971993 0.5143866834427022 0.5389159356469608
3 2084 1935 1936 0.29346391795971993 0.5143866834427022 0.5389159356469608
3 1936 2054 2084 0.29346391795971993 0.5143866834427022 0.5389159356469608
3 2084 2054 2085 0.29346391795971993 0.5143866834427022 0.5389159356469608
3 2073 2100 2072 0.29346391795971993 0.5143866834427022 0.5389159356469608
3 2101 2100 2073 0.29346391795971993 0.5143866834427022 0.5389159356469608
3 2073 2072 2025 0.29346391795971993 0.5143866834427022 0.5389159356469608
3 2025 2245 2073 0.29346391795971993 0.5143866834427022 0.5389159356469608
3 2246 2101 2073 0.29346391795971993 0.5143866834427022 0.5389159356469608
3 2073 2245 2246 0.29346391795971993 0.5143866834427022 0.5389159356469608
3 2027 2028 2242 0.29346391795971993 0.5143866834427022 0.5389159356469608
3 2028 2243 2242 0.29346391795971993 0.5143866834427022 0.5389159356469608
3 2241 2027 2242 0.29346391795971993 0.5143866834427022 0.5389159356469608
3 2242 2023 2241 0.29346391795971993 0.5143866834427022 0.5389159356469608
3 2024 2023 2242 0.29346391795971993 0.5143866834427022 0.5389159356469608
3 2242 2243 2024 0.29346391795971993 0.5143866834427022 0.5389159356469608
3 2195 2138 2139 0.29346391795971993 0.5143866834427022 0.5389159356469608
3 2195 2063 2138 0.29346391795971993 0.5143866834427022 0.5389159356469608
3 2139 2196 2195 0.29346391795971993 0.5143866834427022 0.5389159356469608
3 2131 2130 2195 0.29346391795971993 0.5143866834427022 0.5389159356469608
3 2195 2196 2131 0.29346391795971993 0.5143866834427022 0.5389159356469608
3 2192 2061 2193 0.29346391795971993 0.5143866834427022 0.5389159356469608
3 2061 2062 2193 0.29346391795971993 0.5143866834427022 0.5389159356469608
3 2193 2062 2194 0.29346391795971993 0.5143866834427022 0.5389159356469608
3 2194 2063 2013 0.29346391795971993 0.5143866834427022 0.5389159356469608
3 2063 2195 2013 0.29346391795971993 0.5143866834427022 0.5389159356469608
3 2130 2129 2013 0.29346391795971993 0.5143866834427022 0.5389159356469608
3 2013 2195 2130 0.29346391795971993 0.5143866834427022 0.5389159356469608
3 2011 2010 2192 0.29346391795971993 0.5143866834427022 0.5389159356469608
3 2192 2193 2011 0.29346391795971993 0.5143866834427022 0.5389159356469608
3 2127 2010 2011 0.29346391795971993 0.5143866834427022 0.5389159356469608
3 2128 2127 2011 0.29346391795971993 0.5143866834427022 0.5389159356469608
3 2128 2011 2012 0.29346391795971993 0.5143866834427022 0.5389159356469608
3 2012 2011 2193 0.29346391795971993 0.5143866834427022 0.5389159356469608
3 2012 2193 2194 0.29346391795971993 0.5143866834427022 0.5389159356469608
3 2012 2129 2128 0.29346391795971993 0.5143866834427022 0.5389159356469608
3 2194 2013 2012 0.29346391795971993 0.5143866834427022 0.5389159356469608
3 2012 2013 2129 0.29346391795971993 0.5143866834427022 0.5389159356469608
3 3081 2353 2354 0.29346391795971993 0.5143866834427022 0.5389159356469608
3 2356 2358 3393 0.29346391795971993 0.5143866834427022 0.5389159356469608
3 3393 2355 2356 0.29346391795971993 0.5143866834427022 0.5389159356469608
3 2383 2385 3579 0.29346391795971993 0.5143866834427022 0.5389159356469608
3 3579 2382 2383 0.29346391795971993 0.5143866834427022 0.5389159356469608
3 2753 2752 2592 0.29346391795971993 0.5143866834427022 0.5389159356469608
3 2397 2327 2328 0.29346391795971993 0.5143866834427022 0.5389159356469608
3 2491 2327 2397 0.29346391795971993 0.5143866834427022 0.5389159356469608
3 2397 2328 3051 0.29346391795971993 0.5143866834427022 0.5389159356469608
3 3051 2328 2329 0.29346391795971993 0.5143866834427022 0.5389159356469608
3 2634 2365 2366 0.29346391795971993 0.5143866834427022 0.5389159356469608
3 3306 2360 2361 0.29346391795971993 0.5143866834427022 0.5389159356469608
3 2895 2358 2359 0.29346391795971993 0.5143866834427022 0.5389159356469608
3 2895 3393 2358 0.29346391795971993 0.5143866834427022 0.5389159356469608
3 2355 3393 2792 0.29346391795971993 0.5143866834427022 0.5389159356469608
3 2354 2355 2792 0.29346391795971993 0.5143866834427022 0.5389159356469608
3 2792 3081 2354 0.29346391795971993 0.5143866834427022 0.5389159356469608
3 2373 2374 2730 0.29346391795971993 0.5143866834427022 0.5389159356469608
3 2385 2386 3023 0.29346391795971993 0.5143866834427022 0.5389159356469608
3 3023 3579 2385 0.29346391795971993 0.5143866834427022 0.5389159356469608
3 2280 2281 3698 0.29346391795971993 0.5143866834427022 0.5389159356469608
3 3698 2389 2280 0.29346391795971993 0.5143866834427022 0.5389159356469608
3 2760 2389 3698 0.29346391795971993 0.5143866834427022 0.5389159356469608
3 3447 2389 2760 0.29346391795971993 0.5143866834427022 0.5389159356469608
3 2750 2386 2387 0.29346391795971993 0.5143866834427022 0.5389159356469608
3 2387 2590 2750 0.29346391795971993 0.5143866834427022 0.5389159356469608
3 2750 3023 2386 0.29346391795971993 0.5143866834427022 0.5389159356469608
3 2750 2590 2751 0.29346391795971993 0.5143866834427022 0.5389159356469608
3 2371 3560 2370 0.29346391795971993 0.5143866834427022 0.5389159356469608
3 2382 3579 3580 0.29346391795971993 0.5143866834427022 0.5389159356469608
3 3579 3023 3580 0.29346391795971993 0.5143866834427022 0.5389159356469608
3 2946 2429 2428 0.29346391795971993 0.5143866834427022 0.5389159356469608
3 2303 2435 2302 0.29346391795971993 0.5143866834427022 0.5389159356469608
3 2304 3618 2303 0.29346391795971993 0.5143866834427022 0.5389159356469608
3 2303 3618 2435 0.29346391795971993 0.5143866834427022 0.5389159356469608
3 2302 2435 2945 0.29346391795971993 0.5143866834427022 0.5389159356469608
3 2946 2428 2945 0.29346391795971993 0.5143866834427022 0.5389159356469608
3 2296 2607 2295 0.29346391795971993 0.5143866834427022 0.5389159356469608
3 2526 2607 2296 0.29346391795971993 0.5143866834427022 0.5389159356469608
3 2296 2297 2526 0.29346391795971993 0.5143866834427022 0.5389159356469608
3 2421 2422 2535 0.29346391795971993 0.5143866834427022 0.5389159356469608
3 2421 3143 2422 0.29346391795971993 0.5143866834427022 0.5389159356469608
3 3273 2528 2527 0.29346391795971993 0.5143866834427022 0.5389159356469608
3 3274 2528 3273 0.29346391795971993 0.5143866834427022 0.5389159356469608
3 2535 3274 3273 0.29346391795971993 0.5143866834427022 0.5389159356469608
3 2317 2318 3503 0.29346391795971993 0.5143866834427022 0.5389159356469608
3 3288 3501 3500 0.29346391795971993 0.5143866834427022 0.5389159356469608
3 3410 3557 3409 0.29346391795971993 0.5143866834427022 0.5389159356469608
3 3675 3676 3410 0.29346391795971993 0.5143866834427022 0.5389159356469608
3 2436 2437 2946 0.29346391795971993 0.5143866834427022 0.5389159356469608
3 2946 2945 2436 0.29346391795971993 0.5143866834427022 0.5389159356469608
3 2436 2945 2435 0.29346391795971993 0.5143866834427022 0.5389159356469608
3 2437 2436 3620 0.29346391795971993 0.5143866834427022 0.5389159356469608
3 3174 2491 2485 0.29346391795971993 0.5143866834427022 0.5389159356469608
3 2323 2324 2616 0.29346391795971993 0.5143866834427022 0.5389159356469608
3 2972 2971 2471 0.29346391795971993 0.5143866834427022 0.5389159356469608
3 2820 2819 2715 0.29346391795971993 0.5143866834427022 0.5389159356469608
3 2821 2820 2716 0.29346391795971993 0.5143866834427022 0.5389159356469608
3 2716 2820 2715 0.29346391795971993 0.5143866834427022 0.5389159356469608
3 2817 2713 2818 0.29346391795971993 0.5143866834427022 0.5389159356469608
3 3661 2713 3660 0.29346391795971993 0.5143866834427022 0.5389159356469608
3 2806 3309 2807 0.29346391795971993 0.5143866834427022 0.5389159356469608
3 2722 2721 3097 0.29346391795971993 0.5143866834427022 0.5389159356469608
3 3660 2721 2722 0.29346391795971993 0.5143866834427022 0.5389159356469608
3 2722 3661 3660 0.29346391795971993 0.5143866834427022 0.5389159356469608
3 2364 2365 2720 0.29346391795971993 0.5143866834427022 0.5389159356469608
3 2370 3560 2652 0.29346391795971993 0.5143866834427022 0.5389159356469608
3 2652 2369 2370 0.29346391795971993 0.5143866834427022 0.5389159356469608
3 3411 2634 2366 0.29346391795971993 0.5143866834427022 0.5389159356469608
3 2366 2367 3411 0.29346391795971993 0.5143866834427022 0.5389159356469608
3 3314 2812 2811 0.29346391795971993 0.5143866834427022 0.5389159356469608
3 2821 2822 3314 0.29346391795971993 0.5143866834427022 0.5389159356469608
3 3218 3571 3217 0.29346391795971993 0.5143866834427022 0.5389159356469608
3 3216 3217 3570 0.29346391795971993 0.5143866834427022 0.5389159356469608
3 3570 3217 3571 0.29346391795971993 0.5143866834427022 0.5389159356469608
3 3098 2722 3097 0.29346391795971993 0.5143866834427022 0.5389159356469608
3 2361 2362 2814 0.29346391795971993 0.5143866834427022 0.5389159356469608
3 2814 2815 3307 0.29346391795971993 0.5143866834427022 0.5389159356469608
3 3307 3306 2814 0.29346391795971993 0.5143866834427022 0.5389159356469608
3 2814 3306 2361 0.29346391795971993 0.5143866834427022 0.5389159356469608
3 2817 3309 2816 0.29346391795971993 0.5143866834427022 0.5389159356469608
3 2363 2364 3658 0.29346391795971993 0.5143866834427022 0.5389159356469608
3 2364 2720 3658 0.29346391795971993 0.5143866834427022 0.5389159356469608
3 2803 2895 2359 0.29346391795971993 0.5143866834427022 0.5389159356469608
3 2896 2895 2803 0.29346391795971993 0.5143866834427022 0.5389159356469608
3 2359 2360 2803 0.29346391795971993 0.5143866834427022 0.5389159356469608
3 2360 3306 2803 0.29346391795971993 0.5143866834427022 0.5389159356469608
3 2292 2293 2680 0.29346391795971993 0.5143866834427022 0.5389159356469608
3 2293 2681 2680 0.29346391795971993 0.5143866834427022 0.5389159356469608
3 3375 2343 2344 0.29346391795971993 0.5143866834427022 0.5389159356469608
3 2340 2341 2625 0.29346391795971993 0.5143866834427022 0.5389159356469608
3 2342 2343 2690 0.29346391795971993 0.5143866834427022 0.5389159356469608
3 3376 2691 2690 0.29346391795971993 0.5143866834427022 0.5389159356469608
3 2690 3375 3376 0.29346391795971993 0.5143866834427022 0.5389159356469608
3 2343 3375 2690 0.29346391795971993 0.5143866834427022 0.5389159356469608
3 2574 2700 2347 0.29346391795971993 0.5143866834427022 0.5389159356469608
3 2347 2700 2346 0.29346391795971993 0.5143866834427022 0.5389159356469608
3 3377 2691 3376 0.29346391795971993 0.5143866834427022 0.5389159356469608
3 2353 3081 2582 0.29346391795971993 0.5143866834427022 0.5389159356469608
3 2352 2353 2582 0.29346391795971993 0.5143866834427022 0.5389159356469608
3 3542 2583 2584 0.29346391795971993 0.5143866834427022 0.5389159356469608
3 3017 2525 3548 0.29346391795971993 0.5143866834427022 0.5389159356469608
3 3549 3089 3090 0.29346391795971993 0.5143866834427022 0.5389159356469608
3 3549 3017 3548 0.29346391795971993 0.5143866834427022 0.5389159356469608
3 3393 2895 3394 0.29346391795971993 0.5143866834427022 0.5389159356469608
3 3394 2792 3393 0.29346391795971993 0.5143866834427022 0.5389159356469608
3 3394 2896 3395 0.29346391795971993 0.5143866834427022 0.5389159356469608
3 3394 2895 2896 0.29346391795971993 0.5143866834427022 0.5389159356469608
3 3081 2792 2793 0.29346391795971993 0.5143866834427022 0.5389159356469608
3 2793 3394 3395 0.29346391795971993 0.5143866834427022 0.5389159356469608
3 2792 3394 2793 0.29346391795971993 0.5143866834427022 0.5389159356469608
3 2694 3069 2693 0.29346391795971993 0.5143866834427022 0.5389159356469608
3 2693 3379 2694 0.29346391795971993 0.5143866834427022 0.5389159356469608
3 2694 3379 3380 0.29346391795971993 0.5143866834427022 0.5389159356469608
3 3069 2694 3070 0.29346391795971993 0.5143866834427022 0.5389159356469608
3 2730 2374 3429 0.29346391795971993 0.5143866834427022 0.5389159356469608
3 3560 2371 2661 0.29346391795971993 0.5143866834427022 0.5389159356469608
3 2661 2371 2372 0.29346391795971993 0.5143866834427022 0.5389159356469608
3 2372 2373 3206 0.29346391795971993 0.5143866834427022 0.5389159356469608
3 3206 2661 2372 0.29346391795971993 0.5143866834427022 0.5389159356469608
3 3207 2661 3206 0.29346391795971993 0.5143866834427022 0.5389159356469608
3 3206 2373 2730 0.29346391795971993 0.5143866834427022 0.5389159356469608
3 3449 2761 2762 0.29346391795971993 0.5143866834427022 0.5389159356469608
3 2762 3450 3449 0.29346391795971993 0.5143866834427022 0.5389159356469608
3 3699 3698 2281 0.29346391795971993 0.5143866834427022 0.5389159356469608
3 2760 3698 3699 0.29346391795971993 0.5143866834427022 0.5389159356469608
3 3699 2761 2760 0.29346391795971993 0.5143866834427022 0.5389159356469608
3 2389 3447 2388 0.29346391795971993 0.5143866834427022 0.5389159356469608
3 2388 2590 2387 0.29346391795971993 0.5143866834427022 0.5389159356469608
3 2388 3447 2590 0.29346391795971993 0.5143866834427022 0.5389159356469608
3 2760 2761 3448 0.29346391795971993 0.5143866834427022 0.5389159356469608
3 3448 3447 2760 0.29346391795971993 0.5143866834427022 0.5389159356469608
3 2761 3449 3448 0.29346391795971993 0.5143866834427022 0.5389159356469608
3 3448 3449 2592 0.29346391795971993 0.5143866834427022 0.5389159356469608
3 3326 2911 3327 0.29346391795971993 0.5143866834427022 0.5389159356469608
3 3024 3580 3023 0.29346391795971993 0.5143866834427022 0.5389159356469608
3 3024 2750 2751 0.29346391795971993 0.5143866834427022 0.5389159356469608
3 3023 2750 3024 0.29346391795971993 0.5143866834427022 0.5389159356469608
3 3581 3580 3024 0.29346391795971993 0.5143866834427022 0.5389159356469608
3 3581 3582 2909 0.29346391795971993 0.5143866834427022 0.5389159356469608
3 2910 3326 3325 0.29346391795971993 0.5143866834427022 0.5389159356469608
3 2911 3326 2910 0.29346391795971993 0.5143866834427022 0.5389159356469608
3 3325 2909 2910 0.29346391795971993 0.5143866834427022 0.5389159356469608
3 2910 2909 3582 0.29346391795971993 0.5143866834427022 0.5389159356469608
3 2752 2753 3026 0.29346391795971993 0.5143866834427022 0.5389159356469608
3 3026 2753 3027 0.29346391795971993 0.5143866834427022 0.5389159356469608
3 2907 3580 3581 0.29346391795971993 0.5143866834427022 0.5389159356469608
3 2382 3580 2907 0.29346391795971993 0.5143866834427022 0.5389159356469608
3 2907 2381 2382 0.29346391795971993 0.5143866834427022 0.5389159356469608
3 2593 2753 2592 0.29346391795971993 0.5143866834427022 0.5389159356469608
3 2592 3449 2593 0.29346391795971993 0.5143866834427022 0.5389159356469608
3 2593 3449 3450 0.29346391795971993 0.5143866834427022 0.5389159356469608
3 2763 3450 2762 0.29346391795971993 0.5143866834427022 0.5389159356469608
3 3599 3598 2290 0.29346391795971993 0.5143866834427022 0.5389159356469608
3 2301 2428 2300 0.29346391795971993 0.5143866834427022 0.5389159356469608
3 2302 2945 2301 0.29346391795971993 0.5143866834427022 0.5389159356469608
3 2301 2945 2428 0.29346391795971993 0.5143866834427022 0.5389159356469608
3 2300 2428 3142 0.29346391795971993 0.5143866834427022 0.5389159356469608
3 3143 2421 3142 0.29346391795971993 0.5143866834427022 0.5389159356469608
3 3142 2428 2429 0.29346391795971993 0.5143866834427022 0.5389159356469608
3 2429 3143 3142 0.29346391795971993 0.5143866834427022 0.5389159356469608
3 3142 2299 2300 0.29346391795971993 0.5143866834427022 0.5389159356469608
3 3142 2421 2299 0.29346391795971993 0.5143866834427022 0.5389159356469608
3 3145 2424 2423 0.29346391795971993 0.5143866834427022 0.5389159356469608
3 2538 2539 3277 0.29346391795971993 0.5143866834427022 0.5389159356469608
3 2611 2530 2612 0.29346391795971993 0.5143866834427022 0.5389159356469608
3 2612 2531 2613 0.29346391795971993 0.5143866834427022 0.5389159356469608
3 2530 2531 2612 0.29346391795971993 0.5143866834427022 0.5389159356469608
3 2529 2528 3274 0.29346391795971993 0.5143866834427022 0.5389159356469608
3 2529 2530 2611 0.29346391795971993 0.5143866834427022 0.5389159356469608
3 2611 2610 2529 0.29346391795971993 0.5143866834427022 0.5389159356469608
3 2529 2610 2528 0.29346391795971993 0.5143866834427022 0.5389159356469608
3 3272 2526 2297 0.29346391795971993 0.5143866834427022 0.5389159356469608
3 2297 2298 3272 0.29346391795971993 0.5143866834427022 0.5389159356469608
3 2527 2526 3272 0.29346391795971993 0.5143866834427022 0.5389159356469608
3 3272 3273 2527 0.29346391795971993 0.5143866834427022 0.5389159356469608
3 2320 2322 2319 0.29346391795971993 0.5143866834427022 0.5389159356469608
3 2337 3190 2336 0.29346391795971993 0.5143866834427022 0.5389159356469608
3 2335 2336 2498 0.29346391795971993 0.5143866834427022 0.5389159356469608
3 2498 2336 3190 0.29346391795971993 0.5143866834427022 0.5389159356469608
3 2331 2871 2330 0.29346391795971993 0.5143866834427022 0.5389159356469608
3 3052 3051 2403 0.29346391795971993 0.5143866834427022 0.5389159356469608
3 2403 2404 3052 0.29346391795971993 0.5143866834427022 0.5389159356469608
3 2871 2404 2403 0.29346391795971993 0.5143866834427022 0.5389159356469608
3 2330 2871 2403 0.29346391795971993 0.5143866834427022 0.5389159356469608
3 2403 3051 2329 0.29346391795971993 0.5143866834427022 0.5389159356469608
3 2329 2330 2403 0.29346391795971993 0.5143866834427022 0.5389159356469608
3 3697 3677 3578 0.29346391795971993 0.5143866834427022 0.5389159356469608
3 3578 3677 3676 0.29346391795971993 0.5143866834427022 0.5389159356469608
3 3322 3410 3409 0.29346391795971993 0.5143866834427022 0.5389159356469608
3 3675 3410 3322 0.29346391795971993 0.5143866834427022 0.5389159356469608
3 3675 3322 3674 0.29346391795971993 0.5143866834427022 0.5389159356469608
3 3674 3322 3673 0.29346391795971993 0.5143866834427022 0.5389159356469608
3 3157 3633 3634 0.29346391795971993 0.5143866834427022 0.5389159356469608
3 3144 2431 3145 0.29346391795971993 0.5143866834427022 0.5389159356469608
3 3145 2423 3144 0.29346391795971993 0.5143866834427022 0.5389159356469608
3 2422 3143 3144 0.29346391795971993 0.5143866834427022 0.5389159356469608
3 3144 2423 2422 0.29346391795971993 0.5143866834427022 0.5389159356469608
3 2946 2437 2947 0.29346391795971993 0.5143866834427022 0.5389159356469608
3 2947 2429 2946 0.29346391795971993 0.5143866834427022 0.5389159356469608
3 3619 2436 2435 0.29346391795971993 0.5143866834427022 0.5389159356469608
3 3619 3620 2436 0.29346391795971993 0.5143866834427022 0.5389159356469608
3 2435 3618 3619 0.29346391795971993 0.5143866834427022 0.5389159356469608
3 3619 2444 3620 0.29346391795971993 0.5143866834427022 0.5389159356469608
3 3619 3618 2443 0.29346391795971993 0.5143866834427022 0.5389159356469608
3 2443 2444 3619 0.29346391795971993 0.5143866834427022 0.5389159356469608
3 3492 3491 2614 0.29346391795971993 0.5143866834427022 0.5389159356469608
3 2614 3491 2613 0.29346391795971993 0.5143866834427022 0.5389159356469608
3 2310 2311 3357 0.29346391795971993 0.5143866834427022 0.5389159356469608
3 2972 2471 2472 0.29346391795971993 0.5143866834427022 0.5389159356469608
3 2310 3357 2456 0.29346391795971993 0.5143866834427022 0.5389159356469608
3 2558 2324 2325 0.29346391795971993 0.5143866834427022 0.5389159356469608
3 2558 2616 2324 0.29346391795971993 0.5143866834427022 0.5389159356469608
3 2559 3174 2485 0.29346391795971993 0.5143866834427022 0.5389159356469608
3 2559 2552 2617 0.29346391795971993 0.5143866834427022 0.5389159356469608
3 2327 2491 2326 0.29346391795971993 0.5143866834427022 0.5389159356469608
3 2491 3174 2326 0.29346391795971993 0.5143866834427022 0.5389159356469608
3 3503 2616 2551 0.29346391795971993 0.5143866834427022 0.5389159356469608
3 2551 2558 2617 0.29346391795971993 0.5143866834427022 0.5389159356469608
3 2616 2558 2551 0.29346391795971993 0.5143866834427022 0.5389159356469608
3 2550 2322 2323 0.29346391795971993 0.5143866834427022 0.5389159356469608
3 2323 2616 2550 0.29346391795971993 0.5143866834427022 0.5389159356469608
3 2550 2319 2322 0.29346391795971993 0.5143866834427022 0.5389159356469608
3 2550 2616 3503 0.29346391795971993 0.5143866834427022 0.5389159356469608
3 3503 2318 2550 0.29346391795971993 0.5143866834427022 0.5389159356469608
3 2318 2319 2550 0.29346391795971993 0.5143866834427022 0.5389159356469608
3 2553 2560 2619 0.29346391795971993 0.5143866834427022 0.5389159356469608
3 3053 2404 2405 0.29346391795971993 0.5143866834427022 0.5389159356469608
3 3052 2404 3053 0.29346391795971993 0.5143866834427022 0.5389159356469608
3 3054 3053 2405 0.29346391795971993 0.5143866834427022 0.5389159356469608
3 2313 2971 2312 0.29346391795971993 0.5143866834427022 0.5389159356469608
3 3158 2478 3159 0.29346391795971993 0.5143866834427022 0.5389159356469608
3 3158 2314 2315 0.29346391795971993 0.5143866834427022 0.5389159356469608
3 3185 3514 3184 0.29346391795971993 0.5143866834427022 0.5389159356469608
3 3183 3060 3184 0.29346391795971993 0.5143866834427022 0.5389159356469608
3 3184 3513 3183 0.29346391795971993 0.5143866834427022 0.5389159356469608
3 3514 3513 3184 0.29346391795971993 0.5143866834427022 0.5389159356469608
3 3369 2969 3368 0.29346391795971993 0.5143866834427022 0.5389159356469608
3 2395 2394 3040 0.29346391795971993 0.5143866834427022 0.5389159356469608
3 3040 2394 3039 0.29346391795971993 0.5143866834427022 0.5389159356469608
3 3039 2394 2393 0.29346391795971993 0.5143866834427022 0.5389159356469608
3 2393 2444 2443 0.29346391795971993 0.5143866834427022 0.5389159356469608
3 2394 2444 2393 0.29346391795971993 0.5143866834427022 0.5389159356469608
3 3037 3036 2450 0.29346391795971993 0.5143866834427022 0.5389159356469608
3 2307 3036 2306 0.29346391795971993 0.5143866834427022 0.5389159356469608
3 2546 2555 3508 0.29346391795971993 0.5143866834427022 0.5389159356469608
3 2479 2471 3159 0.29346391795971993 0.5143866834427022 0.5389159356469608
3 3180 2490 2496 0.29346391795971993 0.5143866834427022 0.5389159356469608
3 3180 2565 2490 0.29346391795971993 0.5143866834427022 0.5389159356469608
3 3180 2497 3181 0.29346391795971993 0.5143866834427022 0.5389159356469608
3 3181 2565 3180 0.29346391795971993 0.5143866834427022 0.5389159356469608
3 2877 3528 2878 0.29346391795971993 0.5143866834427022 0.5389159356469608
3 3313 3314 2811 0.29346391795971993 0.5143866834427022 0.5389159356469608
3 3313 2820 2821 0.29346391795971993 0.5143866834427022 0.5389159356469608
3 2821 3314 3313 0.29346391795971993 0.5143866834427022 0.5389159356469608
3 2807 3309 3310 0.29346391795971993 0.5143866834427022 0.5389159356469608
3 3310 3309 2817 0.29346391795971993 0.5143866834427022 0.5389159356469608
3 2817 2818 3310 0.29346391795971993 0.5143866834427022 0.5389159356469608
3 3664 2726 3665 0.29346391795971993 0.5143866834427022 0.5389159356469608
3 2713 3661 2714 0.29346391795971993 0.5143866834427022 0.5389159356469608
3 2714 2818 2713 0.29346391795971993 0.5143866834427022 0.5389159356469608
3 2715 2819 2714 0.29346391795971993 0.5143866834427022 0.5389159356469608
3 2819 2818 2714 0.29346391795971993 0.5143866834427022 0.5389159356469608
3 2589 3549 3548 0.29346391795971993 0.5143866834427022 0.5389159356469608
3 3089 3549 2589 0.29346391795971993 0.5143866834427022 0.5389159356469608
3 3309 2806 3308 0.29346391795971993 0.5143866834427022 0.5389159356469608
3 3308 2816 3309 0.29346391795971993 0.5143866834427022 0.5389159356469608
3 3307 2815 3308 0.29346391795971993 0.5143866834427022 0.5389159356469608
3 2815 2816 3308 0.29346391795971993 0.5143866834427022 0.5389159356469608
3 2896 2803 2804 0.29346391795971993 0.5143866834427022 0.5389159356469608
3 2804 3306 3307 0.29346391795971993 0.5143866834427022 0.5389159356469608
3 2804 2803 3306 0.29346391795971993 0.5143866834427022 0.5389159356469608
3 3397 3396 2898 0.29346391795971993 0.5143866834427022 0.5389159356469608
3 3661 2722 2723 0.29346391795971993 0.5143866834427022 0.5389159356469608
3 2722 3098 2723 0.29346391795971993 0.5143866834427022 0.5389159356469608
3 3096 2720 2365 0.29346391795971993 0.5143866834427022 0.5389159356469608
3 2365 2634 3096 0.29346391795971993 0.5143866834427022 0.5389159356469608
3 3097 2721 3096 0.29346391795971993 0.5143866834427022 0.5389159356469608
3 2721 2720 3096 0.29346391795971993 0.5143866834427022 0.5389159356469608
3 3561 2652 3560 0.29346391795971993 0.5143866834427022 0.5389159356469608
3 2653 2652 3561 0.29346391795971993 0.5143866834427022 0.5389159356469608
3 3208 2732 2733 0.29346391795971993 0.5143866834427022 0.5389159356469608
3 3207 2732 3208 0.29346391795971993 0.5143866834427022 0.5389159356469608
3 3111 2368 2369 0.29346391795971993 0.5143866834427022 0.5389159356469608
3 2369 2652 3111 0.29346391795971993 0.5143866834427022 0.5389159356469608
3 3111 2652 2653 0.29346391795971993 0.5143866834427022 0.5389159356469608
3 2653 3112 3111 0.29346391795971993 0.5143866834427022 0.5389159356469608
3 2367 2368 2643 0.29346391795971993 0.5143866834427022 0.5389159356469608
3 2643 3411 2367 0.29346391795971993 0.5143866834427022 0.5389159356469608
3 2644 3411 2643 0.29346391795971993 0.5143866834427022 0.5389159356469608
3 2368 3111 2643 0.29346391795971993 0.5143866834427022 0.5389159356469608
3 2643 3112 2644 0.29346391795971993 0.5143866834427022 0.5389159356469608
3 2643 3111 3112 0.29346391795971993 0.5143866834427022 0.5389159356469608
3 3665 2718 2717 0.29346391795971993 0.5143866834427022 0.5389159356469608
3 2717 3664 3665 0.29346391795971993 0.5143866834427022 0.5389159356469608
3 2716 3664 2717 0.29346391795971993 0.5143866834427022 0.5389159356469608
3 2821 2716 2717 0.29346391795971993 0.5143866834427022 0.5389159356469608
3 2717 2822 2821 0.29346391795971993 0.5143866834427022 0.5389159356469608
3 2717 2718 2822 0.29346391795971993 0.5143866834427022 0.5389159356469608
3 2811 2812 2904 0.29346391795971993 0.5143866834427022 0.5389159356469608
3 3670 3319 3318 0.29346391795971993 0.5143866834427022 0.5389159356469608
3 3670 3108 3109 0.29346391795971993 0.5143866834427022 0.5389159356469608
3 3666 2718 3665 0.29346391795971993 0.5143866834427022 0.5389159356469608
3 3666 2719 2718 0.29346391795971993 0.5143866834427022 0.5389159356469608
3 3218 3217 3441 0.29346391795971993 0.5143866834427022 0.5389159356469608
3 3108 3107 3423 0.29346391795971993 0.5143866834427022 0.5389159356469608
3 3423 3107 3422 0.29346391795971993 0.5143866834427022 0.5389159356469608
3 2641 3419 2642 0.29346391795971993 0.5143866834427022 0.5389159356469608
3 2642 3103 2641 0.29346391795971993 0.5143866834427022 0.5389159356469608
3 3122 3422 3421 0.29346391795971993 0.5143866834427022 0.5389159356469608
3 3418 3419 2641 0.29346391795971993 0.5143866834427022 0.5389159356469608
3 2651 3419 3418 0.29346391795971993 0.5143866834427022 0.5389159356469608
3 2644 3112 3113 0.29346391795971993 0.5143866834427022 0.5389159356469608
3 3113 2645 2644 0.29346391795971993 0.5143866834427022 0.5389159356469608
3 2636 3098 3097 0.29346391795971993 0.5143866834427022 0.5389159356469608
3 2710 2814 2362 0.29346391795971993 0.5143866834427022 0.5389159356469608
3 2815 2814 2710 0.29346391795971993 0.5143866834427022 0.5389159356469608
3 2710 2362 2363 0.29346391795971993 0.5143866834427022 0.5389159356469608
3 2363 3658 2710 0.29346391795971993 0.5143866834427022 0.5389159356469608
3 3575 3445 3576 0.29346391795971993 0.5143866834427022 0.5389159356469608
3 3692 3338 3693 0.29346391795971993 0.5143866834427022 0.5389159356469608
3 3693 3338 3595 0.29346391795971993 0.5143866834427022 0.5389159356469608
3 3426 3575 3576 0.29346391795971993 0.5143866834427022 0.5389159356469608
3 3460 3035 3459 0.29346391795971993 0.5143866834427022 0.5389159356469608
3 3460 3592 3035 0.29346391795971993 0.5143866834427022 0.5389159356469608
3 3460 3461 3593 0.29346391795971993 0.5143866834427022 0.5389159356469608
3 3593 3592 3460 0.29346391795971993 0.5143866834427022 0.5389159356469608
3 3355 3252 3479 0.29346391795971993 0.5143866834427022 0.5389159356469608
3 3376 3375 2781 0.29346391795971993 0.5143866834427022 0.5389159356469608
3 2781 2346 2700 0.29346391795971993 0.5143866834427022 0.5389159356469608
3 2342 2690 3066 0.29346391795971993 0.5143866834427022 0.5389159356469608
3 3066 2690 2691 0.29346391795971993 0.5143866834427022 0.5389159356469608
3 3066 2341 2342 0.29346391795971993 0.5143866834427022 0.5389159356469608
3 3066 2625 2341 0.29346391795971993 0.5143866834427022 0.5389159356469608
3 2340 2625 3638 0.29346391795971993 0.5143866834427022 0.5389159356469608
3 2339 2340 3638 0.29346391795971993 0.5143866834427022 0.5389159356469608
3 3067 3066 2691 0.29346391795971993 0.5143866834427022 0.5389159356469608
3 2625 3066 3067 0.29346391795971993 0.5143866834427022 0.5389159356469608
3 2348 2574 2347 0.29346391795971993 0.5143866834427022 0.5389159356469608
3 3541 2351 2352 0.29346391795971993 0.5143866834427022 0.5389159356469608
3 2352 2582 3541 0.29346391795971993 0.5143866834427022 0.5389159356469608
3 3541 2583 3542 0.29346391795971993 0.5143866834427022 0.5389159356469608
3 3541 2582 2583 0.29346391795971993 0.5143866834427022 0.5389159356469608
3 2783 2702 2784 0.29346391795971993 0.5143866834427022 0.5389159356469608
3 2701 2702 2783 0.29346391795971993 0.5143866834427022 0.5389159356469608
3 2575 2702 2701 0.29346391795971993 0.5143866834427022 0.5389159356469608
3 2701 2574 2575 0.29346391795971993 0.5143866834427022 0.5389159356469608
3 2700 2574 2701 0.29346391795971993 0.5143866834427022 0.5389159356469608
3 2691 3377 2692 0.29346391795971993 0.5143866834427022 0.5389159356469608
3 2692 3067 2691 0.29346391795971993 0.5143866834427022 0.5389159356469608
3 3542 2584 3543 0.29346391795971993 0.5143866834427022 0.5389159356469608
3 3086 3087 2587 0.29346391795971993 0.5143866834427022 0.5389159356469608
3 3301 3387 3300 0.29346391795971993 0.5143866834427022 0.5389159356469608
3 3302 3388 3301 0.29346391795971993 0.5143866834427022 0.5389159356469608
3 3301 3388 3387 0.29346391795971993 0.5143866834427022 0.5389159356469608
3 3078 3388 3079 0.29346391795971993 0.5143866834427022 0.5389159356469608
3 3387 3388 3078 0.29346391795971993 0.5143866834427022 0.5389159356469608
3 3017 3549 3018 0.29346391795971993 0.5143866834427022 0.5389159356469608
3 3550 3549 3090 0.29346391795971993 0.5143866834427022 0.5389159356469608
3 3019 3018 3550 0.29346391795971993 0.5143866834427022 0.5389159356469608
3 3550 3018 3549 0.29346391795971993 0.5143866834427022 0.5389159356469608
3 3020 3298 3019 0.29346391795971993 0.5143866834427022 0.5389159356469608
3 3302 3555 3303 0.29346391795971993 0.5143866834427022 0.5389159356469608
3 3083 2584 2583 0.29346391795971993 0.5143866834427022 0.5389159356469608
3 2788 2706 2707 0.29346391795971993 0.5143866834427022 0.5389159356469608
3 2699 3385 3075 0.29346391795971993 0.5143866834427022 0.5389159356469608
3 3380 2786 3381 0.29346391795971993 0.5143866834427022 0.5389159356469608
3 3381 3382 2696 0.29346391795971993 0.5143866834427022 0.5389159356469608
3 2505 3190 2337 0.29346391795971993 0.5143866834427022 0.5389159356469608
3 3191 3190 2505 0.29346391795971993 0.5143866834427022 0.5389159356469608
3 3191 2505 2506 0.29346391795971993 0.5143866834427022 0.5389159356469608
3 2506 2505 2998 0.29346391795971993 0.5143866834427022 0.5389159356469608
3 2695 3070 2694 0.29346391795971993 0.5143866834427022 0.5389159356469608
3 2695 3381 2696 0.29346391795971993 0.5143866834427022 0.5389159356469608
3 2695 2694 3380 0.29346391795971993 0.5143866834427022 0.5389159356469608
3 3380 3381 2695 0.29346391795971993 0.5143866834427022 0.5389159356469608
3 3069 3070 2628 0.29346391795971993 0.5143866834427022 0.5389159356469608
3 3061 3062 3185 0.29346391795971993 0.5143866834427022 0.5389159356469608
3 2881 3062 3061 0.29346391795971993 0.5143866834427022 0.5389159356469608
3 3185 3184 3061 0.29346391795971993 0.5143866834427022 0.5389159356469608
3 3061 3184 3060 0.29346391795971993 0.5143866834427022 0.5389159356469608
3 2880 3060 2879 0.29346391795971993 0.5143866834427022 0.5389159356469608
3 2881 3061 2880 0.29346391795971993 0.5143866834427022 0.5389159356469608
3 2880 3061 3060 0.29346391795971993 0.5143866834427022 0.5389159356469608
3 3181 3182 2624 0.29346391795971993 0.5143866834427022 0.5389159356469608
3 2624 2565 3181 0.29346391795971993 0.5143866834427022 0.5389159356469608
3 3058 3182 3181 0.29346391795971993 0.5143866834427022 0.5389159356469608
3 2877 2878 3058 0.29346391795971993 0.5143866834427022 0.5389159356469608
3 3369 3172 3370 0.29346391795971993 0.5143866834427022 0.5389159356469608
3 2881 3532 2882 0.29346391795971993 0.5143866834427022 0.5389159356469608
3 2882 3062 2881 0.29346391795971993 0.5143866834427022 0.5389159356469608
3 2882 3063 3062 0.29346391795971993 0.5143866834427022 0.5389159356469608
3 3534 3063 2882 0.29346391795971993 0.5143866834427022 0.5389159356469608
3 3534 2894 3202 0.29346391795971993 0.5143866834427022 0.5389159356469608
3 2892 3198 3199 0.29346391795971993 0.5143866834427022 0.5389159356469608
3 3194 2503 2502 0.29346391795971993 0.5143866834427022 0.5389159356469608
3 2597 3455 2758 0.29346391795971993 0.5143866834427022 0.5389159356469608
3 3683 2829 3682 0.29346391795971993 0.5143866834427022 0.5389159356469608
3 3586 3030 3587 0.29346391795971993 0.5143866834427022 0.5389159356469608
3 3029 3030 3586 0.29346391795971993 0.5143866834427022 0.5389159356469608
3 3708 3457 2769 0.29346391795971993 0.5143866834427022 0.5389159356469608
3 2929 3351 3708 0.29346391795971993 0.5143866834427022 0.5389159356469608
3 2741 3429 2740 0.29346391795971993 0.5143866834427022 0.5389159356469608
3 2375 3429 2374 0.29346391795971993 0.5143866834427022 0.5389159356469608
3 2375 2376 2740 0.29346391795971993 0.5143866834427022 0.5389159356469608
3 2740 3429 2375 0.29346391795971993 0.5143866834427022 0.5389159356469608
3 3225 2829 3226 0.29346391795971993 0.5143866834427022 0.5389159356469608
3 3207 3206 2731 0.29346391795971993 0.5143866834427022 0.5389159356469608
3 2731 2732 3207 0.29346391795971993 0.5143866834427022 0.5389159356469608
3 2731 3206 2730 0.29346391795971993 0.5143866834427022 0.5389159356469608
3 3342 2763 2762 0.29346391795971993 0.5143866834427022 0.5389159356469608
3 2762 2761 3342 0.29346391795971993 0.5143866834427022 0.5389159356469608
3 2761 3699 3342 0.29346391795971993 0.5143866834427022 0.5389159356469608
3 2590 3447 2591 0.29346391795971993 0.5143866834427022 0.5389159356469608
3 3447 3448 2591 0.29346391795971993 0.5143866834427022 0.5389159356469608
3 2751 2590 2591 0.29346391795971993 0.5143866834427022 0.5389159356469608
3 2591 3448 2592 0.29346391795971993 0.5143866834427022 0.5389159356469608
3 2592 2752 2591 0.29346391795971993 0.5143866834427022 0.5389159356469608
3 2752 2751 2591 0.29346391795971993 0.5143866834427022 0.5389159356469608
3 3029 3586 3585 0.29346391795971993 0.5143866834427022 0.5389159356469608
3 2377 2378 2825 0.29346391795971993 0.5143866834427022 0.5389159356469608
3 3583 3584 2911 0.29346391795971993 0.5143866834427022 0.5389159356469608
3 2911 2910 3583 0.29346391795971993 0.5143866834427022 0.5389159356469608
3 3027 3584 3583 0.29346391795971993 0.5143866834427022 0.5389159356469608
3 3583 2910 3582 0.29346391795971993 0.5143866834427022 0.5389159356469608
3 3583 3026 3027 0.29346391795971993 0.5143866834427022 0.5389159356469608
3 3582 3026 3583 0.29346391795971993 0.5143866834427022 0.5389159356469608
3 2752 3026 3025 0.29346391795971993 0.5143866834427022 0.5389159356469608
3 3581 3024 3025 0.29346391795971993 0.5143866834427022 0.5389159356469608
3 3025 3582 3581 0.29346391795971993 0.5143866834427022 0.5389159356469608
3 3025 3026 3582 0.29346391795971993 0.5143866834427022 0.5389159356469608
3 3025 2751 2752 0.29346391795971993 0.5143866834427022 0.5389159356469608
3 3025 3024 2751 0.29346391795971993 0.5143866834427022 0.5389159356469608
3 3323 2380 2381 0.29346391795971993 0.5143866834427022 0.5389159356469608
3 3027 2753 2754 0.29346391795971993 0.5143866834427022 0.5389159356469608
3 2753 2593 2754 0.29346391795971993 0.5143866834427022 0.5389159356469608
3 2769 3457 3456 0.29346391795971993 0.5143866834427022 0.5389159356469608
3 3454 3455 2597 0.29346391795971993 0.5143866834427022 0.5389159356469608
3 2920 2282 3238 0.29346391795971993 0.5143866834427022 0.5389159356469608
3 3238 2282 2283 0.29346391795971993 0.5143866834427022 0.5389159356469608
3 3238 2283 3239 0.29346391795971993 0.5143866834427022 0.5389159356469608
3 2919 2282 2920 0.29346391795971993 0.5143866834427022 0.5389159356469608
3 2920 3342 2919 0.29346391795971993 0.5143866834427022 0.5389159356469608
3 2919 3342 3699 0.29346391795971993 0.5143866834427022 0.5389159356469608
3 2919 3699 2281 0.29346391795971993 0.5143866834427022 0.5389159356469608
3 2281 2282 2919 0.29346391795971993 0.5143866834427022 0.5389159356469608
3 2766 3345 3346 0.29346391795971993 0.5143866834427022 0.5389159356469608
3 3128 2680 2681 0.29346391795971993 0.5143866834427022 0.5389159356469608
3 2290 3598 2289 0.29346391795971993 0.5143866834427022 0.5389159356469608
3 2606 3491 3492 0.29346391795971993 0.5143866834427022 0.5389159356469608
3 3275 2529 3274 0.29346391795971993 0.5143866834427022 0.5389159356469608
3 2530 2529 3275 0.29346391795971993 0.5143866834427022 0.5389159356469608
3 2537 2423 2424 0.29346391795971993 0.5143866834427022 0.5389159356469608
3 2424 2538 2537 0.29346391795971993 0.5143866834427022 0.5389159356469608
3 2534 3272 2298 0.29346391795971993 0.5143866834427022 0.5389159356469608
3 2534 2421 2535 0.29346391795971993 0.5143866834427022 0.5389159356469608
3 2535 3273 2534 0.29346391795971993 0.5143866834427022 0.5389159356469608
3 3273 3272 2534 0.29346391795971993 0.5143866834427022 0.5389159356469608
3 2299 2421 2534 0.29346391795971993 0.5143866834427022 0.5389159356469608
3 2534 2298 2299 0.29346391795971993 0.5143866834427022 0.5389159356469608
3 2332 3522 2409 0.29346391795971993 0.5143866834427022 0.5389159356469608
3 2409 2331 2332 0.29346391795971993 0.5143866834427022 0.5389159356469608
3 2871 2331 2409 0.29346391795971993 0.5143866834427022 0.5389159356469608
3 3522 2410 2409 0.29346391795971993 0.5143866834427022 0.5389159356469608
3 2333 3522 2332 0.29346391795971993 0.5143866834427022 0.5389159356469608
3 2883 2884 2416 0.29346391795971993 0.5143866834427022 0.5389159356469608
3 2498 2884 2883 0.29346391795971993 0.5143866834427022 0.5389159356469608
3 2883 2334 2335 0.29346391795971993 0.5143866834427022 0.5389159356469608
3 2335 2498 2883 0.29346391795971993 0.5143866834427022 0.5389159356469608
3 3557 3410 3558 0.29346391795971993 0.5143866834427022 0.5389159356469608
3 3156 3633 3157 0.29346391795971993 0.5143866834427022 0.5389159356469608
3 3635 3288 3157 0.29346391795971993 0.5143866834427022 0.5389159356469608
3 3157 3634 3635 0.29346391795971993 0.5143866834427022 0.5389159356469608
3 3373 3634 3633 0.29346391795971993 0.5143866834427022 0.5389159356469608
3 3373 3372 3520 0.29346391795971993 0.5143866834427022 0.5389159356469608
3 3146 2424 3145 0.29346391795971993 0.5143866834427022 0.5389159356469608
3 2425 2538 2424 0.29346391795971993 0.5143866834427022 0.5389159356469608
3 2539 2538 2425 0.29346391795971993 0.5143866834427022 0.5389159356469608
3 2424 3146 2425 0.29346391795971993 0.5143866834427022 0.5389159356469608
3 2429 2947 2430 0.29346391795971993 0.5143866834427022 0.5389159356469608
3 2431 3144 2430 0.29346391795971993 0.5143866834427022 0.5389159356469608
3 2430 3143 2429 0.29346391795971993 0.5143866834427022 0.5389159356469608
3 2430 3144 3143 0.29346391795971993 0.5143866834427022 0.5389159356469608
3 3492 2614 2615 0.29346391795971993 0.5143866834427022 0.5389159356469608
3 2615 2614 2533 0.29346391795971993 0.5143866834427022 0.5389159356469608
3 2533 2614 2532 0.29346391795971993 0.5143866834427022 0.5389159356469608
3 2532 2531 3277 0.29346391795971993 0.5143866834427022 0.5389159356469608
3 2613 2531 2532 0.29346391795971993 0.5143866834427022 0.5389159356469608
3 2532 2614 2613 0.29346391795971993 0.5143866834427022 0.5389159356469608
3 3139 3138 3495 0.29346391795971993 0.5143866834427022 0.5389159356469608
3 3495 3496 3139 0.29346391795971993 0.5143866834427022 0.5389159356469608
3 2463 3357 2311 0.29346391795971993 0.5143866834427022 0.5389159356469608
3 2463 2311 2312 0.29346391795971993 0.5143866834427022 0.5389159356469608
3 2463 2971 2972 0.29346391795971993 0.5143866834427022 0.5389159356469608
3 2312 2971 2463 0.29346391795971993 0.5143866834427022 0.5389159356469608
3 2464 2463 2972 0.29346391795971993 0.5143866834427022 0.5389159356469608
3 3357 2463 2464 0.29346391795971993 0.5143866834427022 0.5389159356469608
3 2989 3162 2481 0.29346391795971993 0.5143866834427022 0.5389159356469608
3 2974 2466 2465 0.29346391795971993 0.5143866834427022 0.5389159356469608
3 2974 2975 2466 0.29346391795971993 0.5143866834427022 0.5389159356469608
3 2310 2456 2309 0.29346391795971993 0.5143866834427022 0.5389159356469608
3 3358 2456 3357 0.29346391795971993 0.5143866834427022 0.5389159356469608
3 3358 2464 2465 0.29346391795971993 0.5143866834427022 0.5389159356469608
3 3357 2464 3358 0.29346391795971993 0.5143866834427022 0.5389159356469608
3 3174 2559 2484 0.29346391795971993 0.5143866834427022 0.5389159356469608
3 2325 2326 2484 0.29346391795971993 0.5143866834427022 0.5389159356469608
3 2484 2326 3174 0.29346391795971993 0.5143866834427022 0.5389159356469608
3 2484 2558 2325 0.29346391795971993 0.5143866834427022 0.5389159356469608
3 2617 2558 2484 0.29346391795971993 0.5143866834427022 0.5389159356469608
3 2484 2559 2617 0.29346391795971993 0.5143866834427022 0.5389159356469608
3 2617 2552 3504 0.29346391795971993 0.5143866834427022 0.5389159356469608
3 3504 2551 2617 0.29346391795971993 0.5143866834427022 0.5389159356469608
3 2560 2553 2618 0.29346391795971993 0.5143866834427022 0.5389159356469608
3 2485 2560 2618 0.29346391795971993 0.5143866834427022 0.5389159356469608
3 2618 2559 2485 0.29346391795971993 0.5143866834427022 0.5389159356469608
3 2552 2559 2618 0.29346391795971993 0.5143866834427022 0.5389159356469608
3 2478 3158 2985 0.29346391795971993 0.5143866834427022 0.5389159356469608
3 3052 3053 2399 0.29346391795971993 0.5143866834427022 0.5389159356469608
3 3175 2560 2485 0.29346391795971993 0.5143866834427022 0.5389159356469608
3 2485 2491 3175 0.29346391795971993 0.5143866834427022 0.5389159356469608
3 2496 2490 3179 0.29346391795971993 0.5143866834427022 0.5389159356469608
3 2470 2313 2314 0.29346391795971993 0.5143866834427022 0.5389159356469608
3 2314 3158 2470 0.29346391795971993 0.5143866834427022 0.5389159356469608
3 2470 3158 3159 0.29346391795971993 0.5143866834427022 0.5389159356469608
3 2971 2313 2470 0.29346391795971993 0.5143866834427022 0.5389159356469608
3 3159 2471 2470 0.29346391795971993 0.5143866834427022 0.5389159356469608
3 2470 2471 2971 0.29346391795971993 0.5143866834427022 0.5389159356469608
3 3507 2555 2546 0.29346391795971993 0.5143866834427022 0.5389159356469608
3 2545 2554 3507 0.29346391795971993 0.5143866834427022 0.5389159356469608
3 2620 2555 3507 0.29346391795971993 0.5143866834427022 0.5389159356469608
3 3507 2554 2620 0.29346391795971993 0.5143866834427022 0.5389159356469608
3 2993 3167 3166 0.29346391795971993 0.5143866834427022 0.5389159356469608
3 3185 3062 3186 0.29346391795971993 0.5143866834427022 0.5389159356469608
3 3186 3063 3187 0.29346391795971993 0.5143866834427022 0.5389159356469608
3 3062 3063 3186 0.29346391795971993 0.5143866834427022 0.5389159356469608
3 3171 3172 3369 0.29346391795971993 0.5143866834427022 0.5389159356469608
3 2968 3368 2969 0.29346391795971993 0.5143866834427022 0.5389159356469608
3 3367 3368 2968 0.29346391795971993 0.5143866834427022 0.5389159356469608
3 2453 3040 3039 0.29346391795971993 0.5143866834427022 0.5389159356469608
3 3365 2966 2965 0.29346391795971993 0.5143866834427022 0.5389159356469608
3 3366 2981 3367 0.29346391795971993 0.5143866834427022 0.5389159356469608
3 3366 2966 3365 0.29346391795971993 0.5143866834427022 0.5389159356469608
3 2395 2446 2445 0.29346391795971993 0.5143866834427022 0.5389159356469608
3 2445 2394 2395 0.29346391795971993 0.5143866834427022 0.5389159356469608
3 2445 2444 2394 0.29346391795971993 0.5143866834427022 0.5389159356469608
3 3620 2444 2445 0.29346391795971993 0.5143866834427022 0.5389159356469608
3 2437 3620 3621 0.29346391795971993 0.5143866834427022 0.5389159356469608
3 3620 2445 3621 0.29346391795971993 0.5143866834427022 0.5389159356469608
3 3621 2445 2446 0.29346391795971993 0.5143866834427022 0.5389159356469608
3 3039 2393 3038 0.29346391795971993 0.5143866834427022 0.5389159356469608
3 2306 3036 2391 0.29346391795971993 0.5143866834427022 0.5389159356469608
3 3036 3037 2391 0.29346391795971993 0.5143866834427022 0.5389159356469608
3 2391 2305 2306 0.29346391795971993 0.5143866834427022 0.5389159356469608
3 2622 3509 2556 0.29346391795971993 0.5143866834427022 0.5389159356469608
3 2482 3162 2989 0.29346391795971993 0.5143866834427022 0.5389159356469608
3 2557 3509 2622 0.29346391795971993 0.5143866834427022 0.5389159356469608
3 2471 2479 3160 0.29346391795971993 0.5143866834427022 0.5389159356469608
3 3160 2472 2471 0.29346391795971993 0.5143866834427022 0.5389159356469608
3 2480 2472 3160 0.29346391795971993 0.5143866834427022 0.5389159356469608
3 2546 2480 2987 0.29346391795971993 0.5143866834427022 0.5389159356469608
3 2987 3507 2546 0.29346391795971993 0.5143866834427022 0.5389159356469608
3 2480 3160 2987 0.29346391795971993 0.5143866834427022 0.5389159356469608
3 2987 3160 2479 0.29346391795971993 0.5143866834427022 0.5389159356469608
3 2987 2479 2545 0.29346391795971993 0.5143866834427022 0.5389159356469608
3 2545 3507 2987 0.29346391795971993 0.5143866834427022 0.5389159356469608
3 3166 3167 2979 0.29346391795971993 0.5143866834427022 0.5389159356469608
3 2979 2978 3166 0.29346391795971993 0.5143866834427022 0.5389159356469608
3 3511 2991 2549 0.29346391795971993 0.5143866834427022 0.5389159356469608
3 2549 2624 3511 0.29346391795971993 0.5143866834427022 0.5389159356469608
3 3510 2624 2549 0.29346391795971993 0.5143866834427022 0.5389159356469608
3 2991 2483 2549 0.29346391795971993 0.5143866834427022 0.5389159356469608
3 2992 2993 3166 0.29346391795971993 0.5143866834427022 0.5389159356469608
3 2992 2991 3511 0.29346391795971993 0.5143866834427022 0.5389159356469608
3 2879 2878 3529 0.29346391795971993 0.5143866834427022 0.5389159356469608
3 3529 2878 3528 0.29346391795971993 0.5143866834427022 0.5389159356469608
3 3529 2889 2890 0.29346391795971993 0.5143866834427022 0.5389159356469608
3 3528 2889 3529 0.29346391795971993 0.5143866834427022 0.5389159356469608
3 2420 2889 3528 0.29346391795971993 0.5143866834427022 0.5389159356469608
3 3526 2414 2413 0.29346391795971993 0.5143866834427022 0.5389159356469608
3 2876 2414 2877 0.29346391795971993 0.5143866834427022 0.5389159356469608
3 2876 2413 2414 0.29346391795971993 0.5143866834427022 0.5389159356469608
3 2417 3524 2416 0.29346391795971993 0.5143866834427022 0.5389159356469608
3 2416 2884 2417 0.29346391795971993 0.5143866834427022 0.5389159356469608
3 2417 2884 2885 0.29346391795971993 0.5143866834427022 0.5389159356469608
3 2416 3524 3523 0.29346391795971993 0.5143866834427022 0.5389159356469608
3 3523 2410 3522 0.29346391795971993 0.5143866834427022 0.5389159356469608
3 2885 2500 2886 0.29346391795971993 0.5143866834427022 0.5389159356469608
3 3397 2898 2899 0.29346391795971993 0.5143866834427022 0.5389159356469608
3 2899 2806 2807 0.29346391795971993 0.5143866834427022 0.5389159356469608
3 2899 2898 2806 0.29346391795971993 0.5143866834427022 0.5389159356469608
3 2900 2899 2807 0.29346391795971993 0.5143866834427022 0.5389159356469608
3 2807 3310 2808 0.29346391795971993 0.5143866834427022 0.5389159356469608
3 2808 2900 2807 0.29346391795971993 0.5143866834427022 0.5389159356469608
3 2819 2820 3312 0.29346391795971993 0.5143866834427022 0.5389159356469608
3 2820 3313 3312 0.29346391795971993 0.5143866834427022 0.5389159356469608
3 3665 2726 2727 0.29346391795971993 0.5143866834427022 0.5389159356469608
3 2726 3103 2727 0.29346391795971993 0.5143866834427022 0.5389159356469608
3 2727 3666 3665 0.29346391795971993 0.5143866834427022 0.5389159356469608
3 3102 3103 2726 0.29346391795971993 0.5143866834427022 0.5389159356469608
3 2726 3101 3102 0.29346391795971993 0.5143866834427022 0.5389159356469608
3 2641 3103 3102 0.29346391795971993 0.5143866834427022 0.5389159356469608
3 2725 3101 2726 0.29346391795971993 0.5143866834427022 0.5389159356469608
3 2726 3664 2725 0.29346391795971993 0.5143866834427022 0.5389159356469608
3 2724 2723 3099 0.29346391795971993 0.5143866834427022 0.5389159356469608
3 3099 2723 3098 0.29346391795971993 0.5143866834427022 0.5389159356469608
3 3663 2716 2715 0.29346391795971993 0.5143866834427022 0.5389159356469608
3 3663 3664 2716 0.29346391795971993 0.5143866834427022 0.5389159356469608
3 3663 2725 3664 0.29346391795971993 0.5143866834427022 0.5389159356469608
3 2724 2725 3663 0.29346391795971993 0.5143866834427022 0.5389159356469608
3 3548 2525 3547 0.29346391795971993 0.5143866834427022 0.5389159356469608
3 3547 2589 3548 0.29346391795971993 0.5143866834427022 0.5389159356469608
3 2806 2898 2805 0.29346391795971993 0.5143866834427022 0.5389159356469608
3 2805 2804 3307 0.29346391795971993 0.5143866834427022 0.5389159356469608
3 3307 3308 2805 0.29346391795971993 0.5143866834427022 0.5389159356469608
3 2805 3308 2806 0.29346391795971993 0.5143866834427022 0.5389159356469608
3 2897 2898 3396 0.29346391795971993 0.5143866834427022 0.5389159356469608
3 3395 2896 2897 0.29346391795971993 0.5143866834427022 0.5389159356469608
3 2897 3396 3395 0.29346391795971993 0.5143866834427022 0.5389159356469608
3 2896 2804 2897 0.29346391795971993 0.5143866834427022 0.5389159356469608
3 2804 2805 2897 0.29346391795971993 0.5143866834427022 0.5389159356469608
3 2897 2805 2898 0.29346391795971993 0.5143866834427022 0.5389159356469608
3 3562 3561 2663 0.29346391795971993 0.5143866834427022 0.5389159356469608
3 2653 3561 3562 0.29346391795971993 0.5143866834427022 0.5389159356469608
3 2662 3208 2663 0.29346391795971993 0.5143866834427022 0.5389159356469608
3 3560 2661 2662 0.29346391795971993 0.5143866834427022 0.5389159356469608
3 2662 2661 3207 0.29346391795971993 0.5143866834427022 0.5389159356469608
3 3207 3208 2662 0.29346391795971993 0.5143866834427022 0.5389159356469608
3 2662 3561 3560 0.29346391795971993 0.5143866834427022 0.5389159356469608
3 2663 3561 2662 0.29346391795971993 0.5143866834427022 0.5389159356469608
3 2800 3402 2801 0.29346391795971993 0.5143866834427022 0.5389159356469608
3 3090 3089 2801 0.29346391795971993 0.5143866834427022 0.5389159356469608
3 2801 3089 2800 0.29346391795971993 0.5143866834427022 0.5389159356469608
3 3321 3322 3409 0.29346391795971993 0.5143866834427022 0.5389159356469608
3 3673 3322 3321 0.29346391795971993 0.5143866834427022 0.5389159356469608
3 3321 3672 3673 0.29346391795971993 0.5143866834427022 0.5389159356469608
3 3669 3670 3318 0.29346391795971993 0.5143866834427022 0.5389159356469608
3 3668 3107 3669 0.29346391795971993 0.5143866834427022 0.5389159356469608
3 3108 3670 3669 0.29346391795971993 0.5143866834427022 0.5389159356469608
3 3669 3107 3108 0.29346391795971993 0.5143866834427022 0.5389159356469608
3 3319 3670 3671 0.29346391795971993 0.5143866834427022 0.5389159356469608
3 3671 3670 3109 0.29346391795971993 0.5143866834427022 0.5389159356469608
3 2824 2719 3668 0.29346391795971993 0.5143866834427022 0.5389159356469608
3 3668 3669 2824 0.29346391795971993 0.5143866834427022 0.5389159356469608
3 2812 3314 3315 0.29346391795971993 0.5143866834427022 0.5389159356469608
3 3315 3314 2822 0.29346391795971993 0.5143866834427022 0.5389159356469608
3 3668 2719 3667 0.29346391795971993 0.5143866834427022 0.5389159356469608
3 2719 3666 3667 0.29346391795971993 0.5143866834427022 0.5389159356469608
3 3442 3219 3218 0.29346391795971993 0.5143866834427022 0.5389159356469608
3 3218 3441 3442 0.29346391795971993 0.5143866834427022 0.5389159356469608
3 3424 3425 3109 0.29346391795971993 0.5143866834427022 0.5389159356469608
3 3109 3108 3424 0.29346391795971993 0.5143866834427022 0.5389159356469608
3 3108 3423 3424 0.29346391795971993 0.5143866834427022 0.5389159356469608
3 3422 3107 3106 0.29346391795971993 0.5143866834427022 0.5389159356469608
3 3106 3421 3422 0.29346391795971993 0.5143866834427022 0.5389159356469608
3 3105 3421 3106 0.29346391795971993 0.5143866834427022 0.5389159356469608
3 3106 3107 3668 0.29346391795971993 0.5143866834427022 0.5389159356469608
3 3105 2642 3420 0.29346391795971993 0.5143866834427022 0.5389159356469608
3 3420 3421 3105 0.29346391795971993 0.5143866834427022 0.5389159356469608
3 3420 2642 3419 0.29346391795971993 0.5143866834427022 0.5389159356469608
3 3420 3419 2651 0.29346391795971993 0.5143866834427022 0.5389159356469608
3 3216 3570 3569 0.29346391795971993 0.5143866834427022 0.5389159356469608
3 2640 3418 2641 0.29346391795971993 0.5143866834427022 0.5389159356469608
3 2641 3102 2640 0.29346391795971993 0.5143866834427022 0.5389159356469608
3 2640 3102 3101 0.29346391795971993 0.5143866834427022 0.5389159356469608
3 2651 3418 2650 0.29346391795971993 0.5143866834427022 0.5389159356469608
3 2650 3119 2651 0.29346391795971993 0.5143866834427022 0.5389159356469608
3 3412 3411 2644 0.29346391795971993 0.5143866834427022 0.5389159356469608
3 2644 2645 3412 0.29346391795971993 0.5143866834427022 0.5389159356469608
3 2634 3411 3412 0.29346391795971993 0.5143866834427022 0.5389159356469608
3 2711 2816 2815 0.29346391795971993 0.5143866834427022 0.5389159356469608
3 2815 2710 2711 0.29346391795971993 0.5143866834427022 0.5389159356469608
3 2711 2710 3658 0.29346391795971993 0.5143866834427022 0.5389159356469608
3 3574 3573 3220 0.29346391795971993 0.5143866834427022 0.5389159356469608
3 3220 3573 3219 0.29346391795971993 0.5143866834427022 0.5389159356469608
3 3574 3575 3125 0.29346391795971993 0.5143866834427022 0.5389159356469608
3 3425 3424 3125 0.29346391795971993 0.5143866834427022 0.5389159356469608
3 3125 3426 3425 0.29346391795971993 0.5143866834427022 0.5389159356469608
3 3575 3426 3125 0.29346391795971993 0.5143866834427022 0.5389159356469608
3 3221 3444 3445 0.29346391795971993 0.5143866834427022 0.5389159356469608
3 3445 3575 3221 0.29346391795971993 0.5143866834427022 0.5389159356469608
3 3221 3575 3574 0.29346391795971993 0.5143866834427022 0.5389159356469608
3 3574 3220 3221 0.29346391795971993 0.5143866834427022 0.5389159356469608
3 3221 3220 3444 0.29346391795971993 0.5143866834427022 0.5389159356469608
3 3694 3695 3445 0.29346391795971993 0.5143866834427022 0.5389159356469608
3 3694 3444 3237 0.29346391795971993 0.5143866834427022 0.5389159356469608
3 3445 3444 3694 0.29346391795971993 0.5143866834427022 0.5389159356469608
3 3446 3695 3597 0.29346391795971993 0.5143866834427022 0.5389159356469608
3 3446 3577 3576 0.29346391795971993 0.5143866834427022 0.5389159356469608
3 3576 3445 3446 0.29346391795971993 0.5143866834427022 0.5389159356469608
3 3445 3695 3446 0.29346391795971993 0.5143866834427022 0.5389159356469608
3 3122 3571 3572 0.29346391795971993 0.5143866834427022 0.5389159356469608
3 3219 3573 3572 0.29346391795971993 0.5143866834427022 0.5389159356469608
3 3572 3571 3218 0.29346391795971993 0.5143866834427022 0.5389159356469608
3 3218 3219 3572 0.29346391795971993 0.5143866834427022 0.5389159356469608
3 3427 3674 3673 0.29346391795971993 0.5143866834427022 0.5389159356469608
3 3673 3426 3427 0.29346391795971993 0.5143866834427022 0.5389159356469608
3 3576 3577 3427 0.29346391795971993 0.5143866834427022 0.5389159356469608
3 3427 3426 3576 0.29346391795971993 0.5143866834427022 0.5389159356469608
3 3673 3672 3110 0.29346391795971993 0.5143866834427022 0.5389159356469608
3 3110 3426 3673 0.29346391795971993 0.5143866834427022 0.5389159356469608
3 3425 3426 3110 0.29346391795971993 0.5143866834427022 0.5389159356469608
3 3109 3425 3110 0.29346391795971993 0.5143866834427022 0.5389159356469608
3 3110 3671 3109 0.29346391795971993 0.5143866834427022 0.5389159356469608
3 3672 3671 3110 0.29346391795971993 0.5143866834427022 0.5389159356469608
3 2598 2681 2293 0.29346391795971993 0.5143866834427022 0.5389159356469608
3 2608 2526 2527 0.29346391795971993 0.5143866834427022 0.5389159356469608
3 2607 2526 2608 0.29346391795971993 0.5143866834427022 0.5389159356469608
3 3484 2295 2607 0.29346391795971993 0.5143866834427022 0.5389159356469608
3 3608 3607 2679 0.29346391795971993 0.5143866834427022 0.5389159356469608
3 3608 3267 2870 0.29346391795971993 0.5143866834427022 0.5389159356469608
3 3609 3267 3608 0.29346391795971993 0.5143866834427022 0.5389159356469608
3 3611 3138 3139 0.29346391795971993 0.5143866834427022 0.5389159356469608
3 3500 3501 3615 0.29346391795971993 0.5143866834427022 0.5389159356469608
3 3479 3267 3268 0.29346391795971993 0.5143866834427022 0.5389159356469608
3 3268 3267 3609 0.29346391795971993 0.5143866834427022 0.5389159356469608
3 3268 3269 3479 0.29346391795971993 0.5143866834427022 0.5389159356469608
3 2870 3267 3266 0.29346391795971993 0.5143866834427022 0.5389159356469608
3 3253 3355 3479 0.29346391795971993 0.5143866834427022 0.5389159356469608
3 3463 3355 3253 0.29346391795971993 0.5143866834427022 0.5389159356469608
3 3462 3463 3595 0.29346391795971993 0.5143866834427022 0.5389159356469608
3 3462 3355 3463 0.29346391795971993 0.5143866834427022 0.5389159356469608
3 3597 3695 3596 0.29346391795971993 0.5143866834427022 0.5389159356469608
3 3596 3464 3597 0.29346391795971993 0.5143866834427022 0.5389159356469608
3 3695 3694 3596 0.29346391795971993 0.5143866834427022 0.5389159356469608
3 3595 3463 3596 0.29346391795971993 0.5143866834427022 0.5389159356469608
3 3463 3464 3596 0.29346391795971993 0.5143866834427022 0.5389159356469608
3 2345 3375 2344 0.29346391795971993 0.5143866834427022 0.5389159356469608
3 2345 2781 3375 0.29346391795971993 0.5143866834427022 0.5389159356469608
3 2346 2781 2345 0.29346391795971993 0.5143866834427022 0.5389159356469608
3 2566 3638 3639 0.29346391795971993 0.5143866834427022 0.5389159356469608
3 2339 3638 2566 0.29346391795971993 0.5143866834427022 0.5389159356469608
3 3069 2628 2627 0.29346391795971993 0.5143866834427022 0.5389159356469608
3 3640 3639 2627 0.29346391795971993 0.5143866834427022 0.5389159356469608
3 2627 2628 3640 0.29346391795971993 0.5143866834427022 0.5389159356469608
3 2574 2348 3289 0.29346391795971993 0.5143866834427022 0.5389159356469608
3 2575 2574 3289 0.29346391795971993 0.5143866834427022 0.5389159356469608
3 3289 2348 2349 0.29346391795971993 0.5143866834427022 0.5389159356469608
3 2703 2784 2702 0.29346391795971993 0.5143866834427022 0.5389159356469608
3 2704 2786 2785 0.29346391795971993 0.5143866834427022 0.5389159356469608
3 2785 2703 2704 0.29346391795971993 0.5143866834427022 0.5389159356469608
3 2784 2703 2785 0.29346391795971993 0.5143866834427022 0.5389159356469608
3 3379 2784 2785 0.29346391795971993 0.5143866834427022 0.5389159356469608
3 3380 3379 2785 0.29346391795971993 0.5143866834427022 0.5389159356469608
3 2785 2786 3380 0.29346391795971993 0.5143866834427022 0.5389159356469608
3 3378 2784 3379 0.29346391795971993 0.5143866834427022 0.5389159356469608
3 3378 2692 3377 0.29346391795971993 0.5143866834427022 0.5389159356469608
3 3378 3377 2783 0.29346391795971993 0.5143866834427022 0.5389159356469608
3 2783 2784 3378 0.29346391795971993 0.5143866834427022 0.5389159356469608
3 3378 3379 2693 0.29346391795971993 0.5143866834427022 0.5389159356469608
3 2693 2692 3378 0.29346391795971993 0.5143866834427022 0.5389159356469608
3 2513 3291 3290 0.29346391795971993 0.5143866834427022 0.5389159356469608
3 2575 3289 3290 0.29346391795971993 0.5143866834427022 0.5389159356469608
3 2514 3291 2513 0.29346391795971993 0.5143866834427022 0.5389159356469608
3 2514 3292 3291 0.29346391795971993 0.5143866834427022 0.5389159356469608
3 2782 2701 2783 0.29346391795971993 0.5143866834427022 0.5389159356469608
3 3376 2781 2782 0.29346391795971993 0.5143866834427022 0.5389159356469608
3 2782 2781 2700 0.29346391795971993 0.5143866834427022 0.5389159356469608
3 2700 2701 2782 0.29346391795971993 0.5143866834427022 0.5389159356469608
3 2782 3377 3376 0.29346391795971993 0.5143866834427022 0.5389159356469608
3 2783 3377 2782 0.29346391795971993 0.5143866834427022 0.5389159356469608
3 3068 2692 2693 0.29346391795971993 0.5143866834427022 0.5389159356469608
3 3067 2692 3068 0.29346391795971993 0.5143866834427022 0.5389159356469608
3 2693 3069 3068 0.29346391795971993 0.5143866834427022 0.5389159356469608
3 3069 2627 3068 0.29346391795971993 0.5143866834427022 0.5389159356469608
3 3542 3543 2520 0.29346391795971993 0.5143866834427022 0.5389159356469608
3 2705 2579 2706 0.29346391795971993 0.5143866834427022 0.5389159356469608
3 2705 2786 2704 0.29346391795971993 0.5143866834427022 0.5389159356469608
3 2580 2579 3294 0.29346391795971993 0.5143866834427022 0.5389159356469608
3 2706 2579 2580 0.29346391795971993 0.5143866834427022 0.5389159356469608
3 2707 2706 2580 0.29346391795971993 0.5143866834427022 0.5389159356469608
3 2580 2581 2707 0.29346391795971993 0.5143866834427022 0.5389159356469608
3 3022 3301 3300 0.29346391795971993 0.5143866834427022 0.5389159356469608
3 3302 3301 3022 0.29346391795971993 0.5143866834427022 0.5389159356469608
3 3650 3078 3079 0.29346391795971993 0.5143866834427022 0.5389159356469608
3 3387 3078 3077 0.29346391795971993 0.5143866834427022 0.5389159356469608
3 2570 2571 3001 0.29346391795971993 0.5143866834427022 0.5389159356469608
3 2572 2571 3644 0.29346391795971993 0.5143866834427022 0.5389159356469608
3 3298 3020 3299 0.29346391795971993 0.5143866834427022 0.5389159356469608
3 2707 2581 2708 0.29346391795971993 0.5143866834427022 0.5389159356469608
3 2791 3299 3300 0.29346391795971993 0.5143866834427022 0.5389159356469608
3 2791 3385 2790 0.29346391795971993 0.5143866834427022 0.5389159356469608
3 3016 3015 2525 0.29346391795971993 0.5143866834427022 0.5389159356469608
3 2525 3017 3016 0.29346391795971993 0.5143866834427022 0.5389159356469608
3 3017 2518 3016 0.29346391795971993 0.5143866834427022 0.5389159356469608
3 3017 3018 3296 0.29346391795971993 0.5143866834427022 0.5389159356469608
3 3296 2518 3017 0.29346391795971993 0.5143866834427022 0.5389159356469608
3 3091 3550 3090 0.29346391795971993 0.5143866834427022 0.5389159356469608
3 3021 3020 3552 0.29346391795971993 0.5143866834427022 0.5389159356469608
3 3021 3022 3300 0.29346391795971993 0.5143866834427022 0.5389159356469608
3 3300 3299 3021 0.29346391795971993 0.5143866834427022 0.5389159356469608
3 3021 3299 3020 0.29346391795971993 0.5143866834427022 0.5389159356469608
3 3552 3020 3551 0.29346391795971993 0.5143866834427022 0.5389159356469608
3 3550 3091 3551 0.29346391795971993 0.5143866834427022 0.5389159356469608
3 3019 3550 3551 0.29346391795971993 0.5143866834427022 0.5389159356469608
3 3551 3020 3019 0.29346391795971993 0.5143866834427022 0.5389159356469608
3 3556 3303 3555 0.29346391795971993 0.5143866834427022 0.5389159356469608
3 3409 3557 3556 0.29346391795971993 0.5143866834427022 0.5389159356469608
3 3555 3095 3556 0.29346391795971993 0.5143866834427022 0.5389159356469608
3 3082 3083 2583 0.29346391795971993 0.5143866834427022 0.5389159356469608
3 3082 2582 3081 0.29346391795971993 0.5143866834427022 0.5389159356469608
3 2583 2582 3082 0.29346391795971993 0.5143866834427022 0.5389159356469608
3 3081 2793 3082 0.29346391795971993 0.5143866834427022 0.5389159356469608
3 2584 3083 3084 0.29346391795971993 0.5143866834427022 0.5389159356469608
3 3395 3396 2794 0.29346391795971993 0.5143866834427022 0.5389159356469608
3 2794 2793 3395 0.29346391795971993 0.5143866834427022 0.5389159356469608
3 2794 3082 2793 0.29346391795971993 0.5143866834427022 0.5389159356469608
3 3083 3082 2794 0.29346391795971993 0.5143866834427022 0.5389159356469608
3 3382 2788 3383 0.29346391795971993 0.5143866834427022 0.5389159356469608
3 2787 2788 3382 0.29346391795971993 0.5143866834427022 0.5389159356469608
3 3382 3381 2787 0.29346391795971993 0.5143866834427022 0.5389159356469608
3 2706 2788 2787 0.29346391795971993 0.5143866834427022 0.5389159356469608
3 2787 3381 2786 0.29346391795971993 0.5143866834427022 0.5389159356469608
3 2787 2705 2706 0.29346391795971993 0.5143866834427022 0.5389159356469608
3 2786 2705 2787 0.29346391795971993 0.5143866834427022 0.5389159356469608
3 3641 2568 3640 0.29346391795971993 0.5143866834427022 0.5389159356469608
3 3640 2628 3641 0.29346391795971993 0.5143866834427022 0.5389159356469608
3 3071 3072 2630 0.29346391795971993 0.5143866834427022 0.5389159356469608
3 3070 2695 3071 0.29346391795971993 0.5143866834427022 0.5389159356469608
3 2696 3072 3071 0.29346391795971993 0.5143866834427022 0.5389159356469608
3 3071 2695 2696 0.29346391795971993 0.5143866834427022 0.5389159356469608
3 2629 2628 3070 0.29346391795971993 0.5143866834427022 0.5389159356469608
3 3070 3071 2629 0.29346391795971993 0.5143866834427022 0.5389159356469608
3 2629 3071 2630 0.29346391795971993 0.5143866834427022 0.5389159356469608
3 2629 2630 3642 0.29346391795971993 0.5143866834427022 0.5389159356469608
3 3642 3641 2629 0.29346391795971993 0.5143866834427022 0.5389159356469608
3 2629 3641 2628 0.29346391795971993 0.5143866834427022 0.5389159356469608
3 3531 3532 2881 0.29346391795971993 0.5143866834427022 0.5389159356469608
3 2881 2880 3531 0.29346391795971993 0.5143866834427022 0.5389159356469608
3 3531 2892 3532 0.29346391795971993 0.5143866834427022 0.5389159356469608
3 2877 3058 3057 0.29346391795971993 0.5143866834427022 0.5389159356469608
3 3057 2876 2877 0.29346391795971993 0.5143866834427022 0.5389159356469608
3 2408 2876 3057 0.29346391795971993 0.5143866834427022 0.5389159356469608
3 3181 2497 3057 0.29346391795971993 0.5143866834427022 0.5389159356469608
3 3057 3058 3181 0.29346391795971993 0.5143866834427022 0.5389159356469608
3 3059 2878 2879 0.29346391795971993 0.5143866834427022 0.5389159356469608
3 3059 3058 2878 0.29346391795971993 0.5143866834427022 0.5389159356469608
3 2879 3060 3059 0.29346391795971993 0.5143866834427022 0.5389159356469608
3 3059 3060 3183 0.29346391795971993 0.5143866834427022 0.5389159356469608
3 3183 3182 3059 0.29346391795971993 0.5143866834427022 0.5389159356469608
3 3182 3058 3059 0.29346391795971993 0.5143866834427022 0.5389159356469608
3 2970 2969 3369 0.29346391795971993 0.5143866834427022 0.5389159356469608
3 3369 3370 2970 0.29346391795971993 0.5143866834427022 0.5389159356469608
3 2970 3047 2969 0.29346391795971993 0.5143866834427022 0.5389159356469608
3 2970 3370 3048 0.29346391795971993 0.5143866834427022 0.5389159356469608
3 3048 3047 2970 0.29346391795971993 0.5143866834427022 0.5389159356469608
3 3371 3370 3172 0.29346391795971993 0.5143866834427022 0.5389159356469608
3 3048 3370 3371 0.29346391795971993 0.5143866834427022 0.5389159356469608
3 3520 3372 3519 0.29346391795971993 0.5143866834427022 0.5389159356469608
3 3533 2882 3532 0.29346391795971993 0.5143866834427022 0.5389159356469608
3 3533 2894 3534 0.29346391795971993 0.5143866834427022 0.5389159356469608
3 3534 2882 3533 0.29346391795971993 0.5143866834427022 0.5389159356469608
3 3201 3202 2894 0.29346391795971993 0.5143866834427022 0.5389159356469608
3 2894 3200 3201 0.29346391795971993 0.5143866834427022 0.5389159356469608
3 3201 3200 3008 0.29346391795971993 0.5143866834427022 0.5389159356469608
3 3199 3200 2893 0.29346391795971993 0.5143866834427022 0.5389159356469608
3 2893 2892 3199 0.29346391795971993 0.5143866834427022 0.5389159356469608
3 2893 3200 2894 0.29346391795971993 0.5143866834427022 0.5389159356469608
3 3532 2892 2893 0.29346391795971993 0.5143866834427022 0.5389159356469608
3 2893 3533 3532 0.29346391795971993 0.5143866834427022 0.5389159356469608
3 2894 3533 2893 0.29346391795971993 0.5143866834427022 0.5389159356469608
3 3198 2892 2891 0.29346391795971993 0.5143866834427022 0.5389159356469608
3 2890 3197 2891 0.29346391795971993 0.5143866834427022 0.5389159356469608
3 3197 3198 2891 0.29346391795971993 0.5143866834427022 0.5389159356469608
3 2892 3531 2891 0.29346391795971993 0.5143866834427022 0.5389159356469608
3 2511 3004 3197 0.29346391795971993 0.5143866834427022 0.5389159356469608
3 3197 3196 2511 0.29346391795971993 0.5143866834427022 0.5389159356469608
3 2504 2889 2503 0.29346391795971993 0.5143866834427022 0.5389159356469608
3 2890 2889 2504 0.29346391795971993 0.5143866834427022 0.5389159356469608
3 2504 3197 2890 0.29346391795971993 0.5143866834427022 0.5389159356469608
3 2504 3196 3197 0.29346391795971993 0.5143866834427022 0.5389159356469608
3 3193 3194 2502 0.29346391795971993 0.5143866834427022 0.5389159356469608
3 2503 3194 3195 0.29346391795971993 0.5143866834427022 0.5389159356469608
3 3195 2504 2503 0.29346391795971993 0.5143866834427022 0.5389159356469608
3 3196 2504 3195 0.29346391795971993 0.5143866834427022 0.5389159356469608
3 2830 2829 3683 0.29346391795971993 0.5143866834427022 0.5389159356469608
3 3683 3684 2830 0.29346391795971993 0.5143866834427022 0.5389159356469608
3 3226 2829 2830 0.29346391795971993 0.5143866834427022 0.5389159356469608
3 2597 2758 2757 0.29346391795971993 0.5143866834427022 0.5389159356469608
3 3587 3030 3031 0.29346391795971993 0.5143866834427022 0.5389159356469608
3 3031 2758 3032 0.29346391795971993 0.5143866834427022 0.5389159356469608
3 3030 2757 3031 0.29346391795971993 0.5143866834427022 0.5389159356469608
3 3031 2757 2758 0.29346391795971993 0.5143866834427022 0.5389159356469608
3 3032 3588 3031 0.29346391795971993 0.5143866834427022 0.5389159356469608
3 3031 3588 3587 0.29346391795971993 0.5143866834427022 0.5389159356469608
3 2828 3682 2829 0.29346391795971993 0.5143866834427022 0.5389159356469608
3 2828 3225 3224 0.29346391795971993 0.5143866834427022 0.5389159356469608
3 2829 3225 2828 0.29346391795971993 0.5143866834427022 0.5389159356469608
3 3224 2827 2828 0.29346391795971993 0.5143866834427022 0.5389159356469608
3 3681 3682 2828 0.29346391795971993 0.5143866834427022 0.5389159356469608
3 2828 2827 3681 0.29346391795971993 0.5143866834427022 0.5389159356469608
3 2841 3328 3329 0.29346391795971993 0.5143866834427022 0.5389159356469608
3 3683 3682 2841 0.29346391795971993 0.5143866834427022 0.5389159356469608
3 2914 3330 3329 0.29346391795971993 0.5143866834427022 0.5389159356469608
3 2914 3586 3587 0.29346391795971993 0.5143866834427022 0.5389159356469608
3 3331 3330 2915 0.29346391795971993 0.5143866834427022 0.5389159356469608
3 3587 3588 2915 0.29346391795971993 0.5143866834427022 0.5389159356469608
3 2915 2914 3587 0.29346391795971993 0.5143866834427022 0.5389159356469608
3 3330 2914 2915 0.29346391795971993 0.5143866834427022 0.5389159356469608
3 2843 3330 3331 0.29346391795971993 0.5143866834427022 0.5389159356469608
3 3329 3330 2842 0.29346391795971993 0.5143866834427022 0.5389159356469608
3 3683 2841 2842 0.29346391795971993 0.5143866834427022 0.5389159356469608
3 2842 2841 3329 0.29346391795971993 0.5143866834427022 0.5389159356469608
3 2842 3684 3683 0.29346391795971993 0.5143866834427022 0.5389159356469608
3 2842 2843 3684 0.29346391795971993 0.5143866834427022 0.5389159356469608
3 3330 2843 2842 0.29346391795971993 0.5143866834427022 0.5389159356469608
3 3352 3460 3459 0.29346391795971993 0.5143866834427022 0.5389159356469608
3 3459 3351 3352 0.29346391795971993 0.5143866834427022 0.5389159356469608
3 3352 3351 2930 0.29346391795971993 0.5143866834427022 0.5389159356469608
3 3212 3211 2736 0.29346391795971993 0.5143866834427022 0.5389159356469608
3 3035 3592 3591 0.29346391795971993 0.5143866834427022 0.5389159356469608
3 3591 3034 3035 0.29346391795971993 0.5143866834427022 0.5389159356469608
3 3457 3034 3033 0.29346391795971993 0.5143866834427022 0.5389159356469608
3 3458 3034 3457 0.29346391795971993 0.5143866834427022 0.5389159356469608
3 3458 3351 3459 0.29346391795971993 0.5143866834427022 0.5389159356469608
3 3459 3035 3458 0.29346391795971993 0.5143866834427022 0.5389159356469608
3 3035 3034 3458 0.29346391795971993 0.5143866834427022 0.5389159356469608
3 3457 3708 3458 0.29346391795971993 0.5143866834427022 0.5389159356469608
3 3458 3708 3351 0.29346391795971993 0.5143866834427022 0.5389159356469608
3 3214 2668 3213 0.29346391795971993 0.5143866834427022 0.5389159356469608
3 3212 3213 2667 0.29346391795971993 0.5143866834427022 0.5389159356469608
3 2667 3213 2668 0.29346391795971993 0.5143866834427022 0.5389159356469608
3 2742 2741 3224 0.29346391795971993 0.5143866834427022 0.5389159356469608
3 3224 3225 2742 0.29346391795971993 0.5143866834427022 0.5389159356469608
3 3209 3208 2733 0.29346391795971993 0.5143866834427022 0.5389159356469608
3 2663 3208 3209 0.29346391795971993 0.5143866834427022 0.5389159356469608
3 2923 3345 3702 0.29346391795971993 0.5143866834427022 0.5389159356469608
3 2912 3328 3327 0.29346391795971993 0.5143866834427022 0.5389159356469608
3 3327 2911 2912 0.29346391795971993 0.5143866834427022 0.5389159356469608
3 2911 3584 2912 0.29346391795971993 0.5143866834427022 0.5389159356469608
3 3584 3585 2912 0.29346391795971993 0.5143866834427022 0.5389159356469608
3 2913 3585 3586 0.29346391795971993 0.5143866834427022 0.5389159356469608
3 3329 3328 2913 0.29346391795971993 0.5143866834427022 0.5389159356469608
3 3328 2912 2913 0.29346391795971993 0.5143866834427022 0.5389159356469608
3 2913 2912 3585 0.29346391795971993 0.5143866834427022 0.5389159356469608
3 2913 2914 3329 0.29346391795971993 0.5143866834427022 0.5389159356469608
3 3586 2914 2913 0.29346391795971993 0.5143866834427022 0.5389159356469608
3 3223 2827 3224 0.29346391795971993 0.5143866834427022 0.5389159356469608
3 3224 2741 3223 0.29346391795971993 0.5143866834427022 0.5389159356469608
3 3223 2741 2740 0.29346391795971993 0.5143866834427022 0.5389159356469608
3 2826 2827 3223 0.29346391795971993 0.5143866834427022 0.5389159356469608
3 2826 2825 3679 0.29346391795971993 0.5143866834427022 0.5389159356469608
3 3324 2909 3325 0.29346391795971993 0.5143866834427022 0.5389159356469608
3 2380 3323 3324 0.29346391795971993 0.5143866834427022 0.5389159356469608
3 2381 2907 2908 0.29346391795971993 0.5143866834427022 0.5389159356469608
3 2908 3323 2381 0.29346391795971993 0.5143866834427022 0.5389159356469608
3 2908 2907 3581 0.29346391795971993 0.5143866834427022 0.5389159356469608
3 3581 2909 2908 0.29346391795971993 0.5143866834427022 0.5389159356469608
3 2909 3324 2908 0.29346391795971993 0.5143866834427022 0.5389159356469608
3 2908 3324 3323 0.29346391795971993 0.5143866834427022 0.5389159356469608
3 3027 2754 3028 0.29346391795971993 0.5143866834427022 0.5389159356469608
3 3028 3584 3027 0.29346391795971993 0.5143866834427022 0.5389159356469608
3 3029 3585 3028 0.29346391795971993 0.5143866834427022 0.5389159356469608
3 3028 3585 3584 0.29346391795971993 0.5143866834427022 0.5389159356469608
3 2594 2593 3450 0.29346391795971993 0.5143866834427022 0.5389159356469608
3 2594 2754 2593 0.29346391795971993 0.5143866834427022 0.5389159356469608
3 2759 2758 3455 0.29346391795971993 0.5143866834427022 0.5389159356469608
3 3455 3456 2759 0.29346391795971993 0.5143866834427022 0.5389159356469608
3 3032 2758 2759 0.29346391795971993 0.5143866834427022 0.5389159356469608
3 2759 3033 3032 0.29346391795971993 0.5143866834427022 0.5389159356469608
3 2759 3456 3457 0.29346391795971993 0.5143866834427022 0.5389159356469608
3 3457 3033 2759 0.29346391795971993 0.5143866834427022 0.5389159356469608
3 3455 3454 2767 0.29346391795971993 0.5143866834427022 0.5389159356469608
3 2767 3454 2766 0.29346391795971993 0.5143866834427022 0.5389159356469608
3 2766 3346 2767 0.29346391795971993 0.5143866834427022 0.5389159356469608
3 2767 3346 3347 0.29346391795971993 0.5143866834427022 0.5389159356469608
3 3469 3468 2849 0.29346391795971993 0.5143866834427022 0.5389159356469608
3 2849 3255 3256 0.29346391795971993 0.5143866834427022 0.5389159356469608
3 2774 2864 2773 0.29346391795971993 0.5143866834427022 0.5389159356469608
3 3258 3257 2860 0.29346391795971993 0.5143866834427022 0.5389159356469608
3 2851 3257 3258 0.29346391795971993 0.5143866834427022 0.5389159356469608
3 3258 2852 2851 0.29346391795971993 0.5143866834427022 0.5389159356469608
3 2771 2289 3598 0.29346391795971993 0.5143866834427022 0.5389159356469608
3 2926 3348 3347 0.29346391795971993 0.5143866834427022 0.5389159356469608
3 3348 2926 2927 0.29346391795971993 0.5143866834427022 0.5389159356469608
3 3241 2934 3242 0.29346391795971993 0.5143866834427022 0.5389159356469608
3 3465 2285 3466 0.29346391795971993 0.5143866834427022 0.5389159356469608
3 3466 2934 3465 0.29346391795971993 0.5143866834427022 0.5389159356469608
3 2284 2285 3465 0.29346391795971993 0.5143866834427022 0.5389159356469608
3 3261 3262 2854 0.29346391795971993 0.5143866834427022 0.5389159356469608
3 3262 3261 2865 0.29346391795971993 0.5143866834427022 0.5389159356469608
3 2865 3261 2864 0.29346391795971993 0.5143866834427022 0.5389159356469608
3 2865 2864 2774 0.29346391795971993 0.5143866834427022 0.5389159356469608
3 2774 2775 2865 0.29346391795971993 0.5143866834427022 0.5389159356469608
3 2670 3599 2290 0.29346391795971993 0.5143866834427022 0.5389159356469608
3 2774 2773 3600 0.29346391795971993 0.5143866834427022 0.5389159356469608
3 3600 2773 3599 0.29346391795971993 0.5143866834427022 0.5389159356469608
3 3599 2670 3600 0.29346391795971993 0.5143866834427022 0.5389159356469608
3 3138 3611 3137 0.29346391795971993 0.5143866834427022 0.5389159356469608
3 3277 2539 3278 0.29346391795971993 0.5143866834427022 0.5389159356469608
3 2539 2540 3278 0.29346391795971993 0.5143866834427022 0.5389159356469608
3 3278 2532 3277 0.29346391795971993 0.5143866834427022 0.5389159356469608
3 2533 2532 3278 0.29346391795971993 0.5143866834427022 0.5389159356469608
3 3276 2538 3277 0.29346391795971993 0.5143866834427022 0.5389159356469608
3 2530 3275 3276 0.29346391795971993 0.5143866834427022 0.5389159356469608
3 3276 2537 2538 0.29346391795971993 0.5143866834427022 0.5389159356469608
3 3275 2537 3276 0.29346391795971993 0.5143866834427022 0.5389159356469608
3 3277 2531 3276 0.29346391795971993 0.5143866834427022 0.5389159356469608
3 3276 2531 2530 0.29346391795971993 0.5143866834427022 0.5389159356469608
3 2423 2537 2536 0.29346391795971993 0.5143866834427022 0.5389159356469608
3 2535 2422 2536 0.29346391795971993 0.5143866834427022 0.5389159356469608
3 2422 2423 2536 0.29346391795971993 0.5143866834427022 0.5389159356469608
3 2536 3274 2535 0.29346391795971993 0.5143866834427022 0.5389159356469608
3 2536 3275 3274 0.29346391795971993 0.5143866834427022 0.5389159356469608
3 2536 2537 3275 0.29346391795971993 0.5143866834427022 0.5389159356469608
3 2499 2500 2885 0.29346391795971993 0.5143866834427022 0.5389159356469608
3 2885 2884 2499 0.29346391795971993 0.5143866834427022 0.5389159356469608
3 3191 2500 2499 0.29346391795971993 0.5143866834427022 0.5389159356469608
3 2499 2884 2498 0.29346391795971993 0.5143866834427022 0.5389159356469608
3 2499 3190 3191 0.29346391795971993 0.5143866834427022 0.5389159356469608
3 2499 2498 3190 0.29346391795971993 0.5143866834427022 0.5389159356469608
3 2872 2409 2410 0.29346391795971993 0.5143866834427022 0.5389159356469608
3 2405 2404 2872 0.29346391795971993 0.5143866834427022 0.5389159356469608
3 2872 2404 2871 0.29346391795971993 0.5143866834427022 0.5389159356469608
3 2871 2409 2872 0.29346391795971993 0.5143866834427022 0.5389159356469608
3 2872 2873 2405 0.29346391795971993 0.5143866834427022 0.5389159356469608
3 2410 2873 2872 0.29346391795971993 0.5143866834427022 0.5389159356469608
3 3522 2333 2415 0.29346391795971993 0.5143866834427022 0.5389159356469608
3 2415 2883 2416 0.29346391795971993 0.5143866834427022 0.5389159356469608
3 2415 2333 2334 0.29346391795971993 0.5143866834427022 0.5389159356469608
3 2334 2883 2415 0.29346391795971993 0.5143866834427022 0.5389159356469608
3 2416 3523 2415 0.29346391795971993 0.5143866834427022 0.5389159356469608
3 2415 3523 3522 0.29346391795971993 0.5143866834427022 0.5389159356469608
3 3676 3677 3559 0.29346391795971993 0.5143866834427022 0.5389159356469608
3 3559 3410 3676 0.29346391795971993 0.5143866834427022 0.5389159356469608
3 3559 3558 3410 0.29346391795971993 0.5143866834427022 0.5389159356469608
3 3557 3558 3305 0.29346391795971993 0.5143866834427022 0.5389159356469608
3 3391 3653 3390 0.29346391795971993 0.5143866834427022 0.5389159356469608
3 3390 3305 3391 0.29346391795971993 0.5143866834427022 0.5389159356469608
3 3538 3539 3520 0.29346391795971993 0.5143866834427022 0.5389159356469608
3 3520 3519 3538 0.29346391795971993 0.5143866834427022 0.5389159356469608
3 3157 3288 3287 0.29346391795971993 0.5143866834427022 0.5389159356469608
3 3287 3156 3157 0.29346391795971993 0.5143866834427022 0.5389159356469608
3 3287 3288 3500 0.29346391795971993 0.5143866834427022 0.5389159356469608
3 3050 3373 3633 0.29346391795971993 0.5143866834427022 0.5389159356469608
3 3372 3373 3050 0.29346391795971993 0.5143866834427022 0.5389159356469608
3 3050 3371 3372 0.29346391795971993 0.5143866834427022 0.5389159356469608
3 3151 3150 2954 0.29346391795971993 0.5143866834427022 0.5389159356469608
3 2954 2955 3151 0.29346391795971993 0.5143866834427022 0.5389159356469608
3 2954 3627 3628 0.29346391795971993 0.5143866834427022 0.5389159356469608
3 3628 2955 2954 0.29346391795971993 0.5143866834427022 0.5389159356469608
3 3285 3154 3155 0.29346391795971993 0.5143866834427022 0.5389159356469608
3 2957 2956 3630 0.29346391795971993 0.5143866834427022 0.5389159356469608
3 3630 3631 2957 0.29346391795971993 0.5143866834427022 0.5389159356469608
3 3153 2956 2957 0.29346391795971993 0.5143866834427022 0.5389159356469608
3 2957 3154 3153 0.29346391795971993 0.5143866834427022 0.5389159356469608
3 3155 3154 2957 0.29346391795971993 0.5143866834427022 0.5389159356469608
3 2954 3150 2953 0.29346391795971993 0.5143866834427022 0.5389159356469608
3 2953 3627 2954 0.29346391795971993 0.5143866834427022 0.5389159356469608
3 2427 3147 3148 0.29346391795971993 0.5143866834427022 0.5389159356469608
3 3626 3625 3045 0.29346391795971993 0.5143866834427022 0.5389159356469608
3 3627 2953 3626 0.29346391795971993 0.5143866834427022 0.5389159356469608
3 3046 3626 3045 0.29346391795971993 0.5143866834427022 0.5389159356469608
3 3627 3626 3046 0.29346391795971993 0.5143866834427022 0.5389159356469608
3 2969 3047 3046 0.29346391795971993 0.5143866834427022 0.5389159356469608
3 3046 3628 3627 0.29346391795971993 0.5143866834427022 0.5389159356469608
3 3047 3628 3046 0.29346391795971993 0.5143866834427022 0.5389159356469608
3 3045 2968 3046 0.29346391795971993 0.5143866834427022 0.5389159356469608
3 3046 2968 2969 0.29346391795971993 0.5143866834427022 0.5389159356469608
3 3501 3288 3502 0.29346391795971993 0.5143866834427022 0.5389159356469608
3 3288 3635 3502 0.29346391795971993 0.5143866834427022 0.5389159356469608
3 3520 3539 3521 0.29346391795971993 0.5143866834427022 0.5389159356469608
3 2426 3146 3147 0.29346391795971993 0.5143866834427022 0.5389159356469608
3 2426 2425 3146 0.29346391795971993 0.5143866834427022 0.5389159356469608
3 2426 3147 2427 0.29346391795971993 0.5143866834427022 0.5389159356469608
3 2539 2425 2426 0.29346391795971993 0.5143866834427022 0.5389159356469608
3 2427 2540 2426 0.29346391795971993 0.5143866834427022 0.5389159356469608
3 2426 2540 2539 0.29346391795971993 0.5143866834427022 0.5389159356469608
3 2948 2949 2431 0.29346391795971993 0.5143866834427022 0.5389159356469608
3 2431 2430 2948 0.29346391795971993 0.5143866834427022 0.5389159356469608
3 2948 2430 2947 0.29346391795971993 0.5143866834427022 0.5389159356469608
3 3147 3146 2433 0.29346391795971993 0.5143866834427022 0.5389159356469608
3 3494 3495 3138 0.29346391795971993 0.5143866834427022 0.5389159356469608
3 3138 3137 3494 0.29346391795971993 0.5143866834427022 0.5389159356469608
3 2988 2480 2546 0.29346391795971993 0.5143866834427022 0.5389159356469608
3 2546 3508 2988 0.29346391795971993 0.5143866834427022 0.5389159356469608
3 2473 2481 3162 0.29346391795971993 0.5143866834427022 0.5389159356469608
3 3162 2974 2473 0.29346391795971993 0.5143866834427022 0.5389159356469608
3 2466 2975 2467 0.29346391795971993 0.5143866834427022 0.5389159356469608
3 3163 2975 2474 0.29346391795971993 0.5143866834427022 0.5389159356469608
3 2975 2974 2474 0.29346391795971993 0.5143866834427022 0.5389159356469608
3 2474 2974 3162 0.29346391795971993 0.5143866834427022 0.5389159356469608
3 2474 2482 3163 0.29346391795971993 0.5143866834427022 0.5389159356469608
3 3162 2482 2474 0.29346391795971993 0.5143866834427022 0.5389159356469608
3 2449 2307 2308 0.29346391795971993 0.5143866834427022 0.5389159356469608
3 2449 2959 2450 0.29346391795971993 0.5143866834427022 0.5389159356469608
3 2450 3036 2449 0.29346391795971993 0.5143866834427022 0.5389159356469608
3 3036 2307 2449 0.29346391795971993 0.5143866834427022 0.5389159356469608
3 2457 2458 2959 0.29346391795971993 0.5143866834427022 0.5389159356469608
3 2456 3358 2457 0.29346391795971993 0.5143866834427022 0.5389159356469608
3 3361 2460 2459 0.29346391795971993 0.5143866834427022 0.5389159356469608
3 2459 2460 2961 0.29346391795971993 0.5143866834427022 0.5389159356469608
3 2551 3504 2542 0.29346391795971993 0.5143866834427022 0.5389159356469608
3 2542 2317 3503 0.29346391795971993 0.5143866834427022 0.5389159356469608
3 3503 2551 2542 0.29346391795971993 0.5143866834427022 0.5389159356469608
3 2542 2316 2317 0.29346391795971993 0.5143866834427022 0.5389159356469608
3 2315 2316 2984 0.29346391795971993 0.5143866834427022 0.5389159356469608
3 2316 2542 2984 0.29346391795971993 0.5143866834427022 0.5389159356469608
3 2984 2542 3504 0.29346391795971993 0.5143866834427022 0.5389159356469608
3 2478 2985 2544 0.29346391795971993 0.5143866834427022 0.5389159356469608
3 2552 2618 3505 0.29346391795971993 0.5143866834427022 0.5389159356469608
3 3505 2618 2553 0.29346391795971993 0.5143866834427022 0.5389159356469608
3 2553 2544 3505 0.29346391795971993 0.5143866834427022 0.5389159356469608
3 3505 2544 2985 0.29346391795971993 0.5143866834427022 0.5389159356469608
3 3052 2399 2398 0.29346391795971993 0.5143866834427022 0.5389159356469608
3 2398 3051 3052 0.29346391795971993 0.5143866834427022 0.5389159356469608
3 2397 3051 2398 0.29346391795971993 0.5143866834427022 0.5389159356469608
3 2406 3055 3054 0.29346391795971993 0.5143866834427022 0.5389159356469608
3 2406 2873 2874 0.29346391795971993 0.5143866834427022 0.5389159356469608
3 2406 3054 2405 0.29346391795971993 0.5143866834427022 0.5389159356469608
3 2405 2873 2406 0.29346391795971993 0.5143866834427022 0.5389159356469608
3 2407 2406 2874 0.29346391795971993 0.5143866834427022 0.5389159356469608
3 3055 2406 2407 0.29346391795971993 0.5143866834427022 0.5389159356469608
3 2402 3180 2496 0.29346391795971993 0.5143866834427022 0.5389159356469608
3 2497 3180 2402 0.29346391795971993 0.5143866834427022 0.5389159356469608
3 2562 2555 2620 0.29346391795971993 0.5143866834427022 0.5389159356469608
3 2620 2487 2562 0.29346391795971993 0.5143866834427022 0.5389159356469608
3 3176 2487 2561 0.29346391795971993 0.5143866834427022 0.5389159356469608
3 2561 2487 2620 0.29346391795971993 0.5143866834427022 0.5389159356469608
3 2561 2554 2619 0.29346391795971993 0.5143866834427022 0.5389159356469608
3 2620 2554 2561 0.29346391795971993 0.5143866834427022 0.5389159356469608
3 2493 2487 3176 0.29346391795971993 0.5143866834427022 0.5389159356469608
3 2493 2398 2399 0.29346391795971993 0.5143866834427022 0.5389159356469608
3 2495 3179 2489 0.29346391795971993 0.5143866834427022 0.5389159356469608
3 2994 3168 3167 0.29346391795971993 0.5143866834427022 0.5389159356469608
3 2994 3513 3514 0.29346391795971993 0.5143866834427022 0.5389159356469608
3 3167 2993 2994 0.29346391795971993 0.5143866834427022 0.5389159356469608
3 2994 2993 3513 0.29346391795971993 0.5143866834427022 0.5389159356469608
3 2981 3168 3169 0.29346391795971993 0.5143866834427022 0.5389159356469608
3 2982 3368 3367 0.29346391795971993 0.5143866834427022 0.5389159356469608
3 2982 3169 3170 0.29346391795971993 0.5143866834427022 0.5389159356469608
3 3367 2981 2982 0.29346391795971993 0.5143866834427022 0.5389159356469608
3 2981 3169 2982 0.29346391795971993 0.5143866834427022 0.5389159356469608
3 2983 3170 3171 0.29346391795971993 0.5143866834427022 0.5389159356469608
3 3369 3368 2983 0.29346391795971993 0.5143866834427022 0.5389159356469608
3 2983 3171 3369 0.29346391795971993 0.5143866834427022 0.5389159356469608
3 3368 2982 2983 0.29346391795971993 0.5143866834427022 0.5389159356469608
3 2983 2982 3170 0.29346391795971993 0.5143866834427022 0.5389159356469608
3 3367 2968 2967 0.29346391795971993 0.5143866834427022 0.5389159356469608
3 2967 3366 3367 0.29346391795971993 0.5143866834427022 0.5389159356469608
3 2966 3366 2967 0.29346391795971993 0.5143866834427022 0.5389159356469608
3 2967 2968 3045 0.29346391795971993 0.5143866834427022 0.5389159356469608
3 2447 2448 3623 0.29346391795971993 0.5143866834427022 0.5389159356469608
3 3045 3625 3044 0.29346391795971993 0.5143866834427022 0.5389159356469608
3 3625 2448 3044 0.29346391795971993 0.5143866834427022 0.5389159356469608
3 3044 2967 3045 0.29346391795971993 0.5143866834427022 0.5389159356469608
3 2966 2967 3044 0.29346391795971993 0.5143866834427022 0.5389159356469608
3 3623 2448 3624 0.29346391795971993 0.5143866834427022 0.5389159356469608
3 3624 2448 3625 0.29346391795971993 0.5143866834427022 0.5389159356469608
3 3625 2441 3624 0.29346391795971993 0.5143866834427022 0.5389159356469608
3 2451 3038 3037 0.29346391795971993 0.5143866834427022 0.5389159356469608
3 2451 3037 2450 0.29346391795971993 0.5143866834427022 0.5389159356469608
3 2452 2451 2961 0.29346391795971993 0.5143866834427022 0.5389159356469608
3 3038 2451 2452 0.29346391795971993 0.5143866834427022 0.5389159356469608
3 2452 2453 3039 0.29346391795971993 0.5143866834427022 0.5389159356469608
3 3039 3038 2452 0.29346391795971993 0.5143866834427022 0.5389159356469608
3 2305 2391 2442 0.29346391795971993 0.5143866834427022 0.5389159356469608
3 2304 2305 2442 0.29346391795971993 0.5143866834427022 0.5389159356469608
3 2443 3618 2442 0.29346391795971993 0.5143866834427022 0.5389159356469608
3 2442 3618 2304 0.29346391795971993 0.5143866834427022 0.5389159356469608
3 3037 3038 2392 0.29346391795971993 0.5143866834427022 0.5389159356469608
3 2392 2391 3037 0.29346391795971993 0.5143866834427022 0.5389159356469608
3 2392 3038 2393 0.29346391795971993 0.5143866834427022 0.5389159356469608
3 2392 2442 2391 0.29346391795971993 0.5143866834427022 0.5389159356469608
3 2392 2393 2443 0.29346391795971993 0.5143866834427022 0.5389159356469608
3 2443 2442 2392 0.29346391795971993 0.5143866834427022 0.5389159356469608
3 2621 3508 2555 0.29346391795971993 0.5143866834427022 0.5389159356469608
3 2621 2556 3508 0.29346391795971993 0.5143866834427022 0.5389159356469608
3 2555 2562 2621 0.29346391795971993 0.5143866834427022 0.5389159356469608
3 2548 2557 3510 0.29346391795971993 0.5143866834427022 0.5389159356469608
3 2548 2482 2989 0.29346391795971993 0.5143866834427022 0.5389159356469608
3 2989 3509 2548 0.29346391795971993 0.5143866834427022 0.5389159356469608
3 3509 2557 2548 0.29346391795971993 0.5143866834427022 0.5389159356469608
3 2564 2557 2622 0.29346391795971993 0.5143866834427022 0.5389159356469608
3 2622 2489 2564 0.29346391795971993 0.5143866834427022 0.5389159356469608
3 2564 3179 2490 0.29346391795971993 0.5143866834427022 0.5389159356469608
3 2489 3179 2564 0.29346391795971993 0.5143866834427022 0.5389159356469608
3 3167 3168 2980 0.29346391795971993 0.5143866834427022 0.5389159356469608
3 2980 2979 3167 0.29346391795971993 0.5143866834427022 0.5389159356469608
3 3365 2979 2980 0.29346391795971993 0.5143866834427022 0.5389159356469608
3 2980 3168 2981 0.29346391795971993 0.5143866834427022 0.5389159356469608
3 2980 3366 3365 0.29346391795971993 0.5143866834427022 0.5389159356469608
3 2981 3366 2980 0.29346391795971993 0.5143866834427022 0.5389159356469608
3 2978 2979 3364 0.29346391795971993 0.5143866834427022 0.5389159356469608
3 3364 2979 3365 0.29346391795971993 0.5143866834427022 0.5389159356469608
3 3361 2467 2468 0.29346391795971993 0.5143866834427022 0.5389159356469608
3 2468 2467 2976 0.29346391795971993 0.5143866834427022 0.5389159356469608
3 2476 2977 2468 0.29346391795971993 0.5143866834427022 0.5389159356469608
3 2468 2976 2476 0.29346391795971993 0.5143866834427022 0.5389159356469608
3 3510 2549 2990 0.29346391795971993 0.5143866834427022 0.5389159356469608
3 2990 2549 2483 0.29346391795971993 0.5143866834427022 0.5389159356469608
3 2990 2548 3510 0.29346391795971993 0.5143866834427022 0.5389159356469608
3 2482 2548 2990 0.29346391795971993 0.5143866834427022 0.5389159356469608
3 3163 2482 2990 0.29346391795971993 0.5143866834427022 0.5389159356469608
3 2990 2483 3163 0.29346391795971993 0.5143866834427022 0.5389159356469608
3 2991 2992 3165 0.29346391795971993 0.5143866834427022 0.5389159356469608
3 3165 2977 2476 0.29346391795971993 0.5143866834427022 0.5389159356469608
3 3165 2992 3166 0.29346391795971993 0.5143866834427022 0.5389159356469608
3 3166 2978 3165 0.29346391795971993 0.5143866834427022 0.5389159356469608
3 2978 2977 3165 0.29346391795971993 0.5143866834427022 0.5389159356469608
3 3512 2624 3182 0.29346391795971993 0.5143866834427022 0.5389159356469608
3 3511 2624 3512 0.29346391795971993 0.5143866834427022 0.5389159356469608
3 3512 2992 3511 0.29346391795971993 0.5143866834427022 0.5389159356469608
3 3512 3182 3183 0.29346391795971993 0.5143866834427022 0.5389159356469608
3 3183 3513 3512 0.29346391795971993 0.5143866834427022 0.5389159356469608
3 3513 2993 3512 0.29346391795971993 0.5143866834427022 0.5389159356469608
3 2993 2992 3512 0.29346391795971993 0.5143866834427022 0.5389159356469608
3 2503 2889 2888 0.29346391795971993 0.5143866834427022 0.5389159356469608
3 2889 2420 2888 0.29346391795971993 0.5143866834427022 0.5389159356469608
3 2502 2503 2888 0.29346391795971993 0.5143866834427022 0.5389159356469608
3 3527 2420 3528 0.29346391795971993 0.5143866834427022 0.5389159356469608
3 3527 3528 2877 0.29346391795971993 0.5143866834427022 0.5389159356469608
3 2877 2414 3527 0.29346391795971993 0.5143866834427022 0.5389159356469608
3 3527 2414 3526 0.29346391795971993 0.5143866834427022 0.5389159356469608
3 3526 2419 3527 0.29346391795971993 0.5143866834427022 0.5389159356469608
3 2419 2420 3527 0.29346391795971993 0.5143866834427022 0.5389159356469608
3 2411 3523 3524 0.29346391795971993 0.5143866834427022 0.5389159356469608
3 2874 2873 2411 0.29346391795971993 0.5143866834427022 0.5389159356469608
3 2410 3523 2411 0.29346391795971993 0.5143866834427022 0.5389159356469608
3 2411 2873 2410 0.29346391795971993 0.5143866834427022 0.5389159356469608
3 2411 2412 2874 0.29346391795971993 0.5143866834427022 0.5389159356469608
3 3524 2412 2411 0.29346391795971993 0.5143866834427022 0.5389159356469608
3 2418 2417 2885 0.29346391795971993 0.5143866834427022 0.5389159356469608
3 2885 2886 2418 0.29346391795971993 0.5143866834427022 0.5389159356469608
3 2418 2419 3526 0.29346391795971993 0.5143866834427022 0.5389159356469608
3 2418 2886 2419 0.29346391795971993 0.5143866834427022 0.5389159356469608
3 2419 2886 2887 0.29346391795971993 0.5143866834427022 0.5389159356469608
3 2502 2888 2887 0.29346391795971993 0.5143866834427022 0.5389159356469608
3 2887 2420 2419 0.29346391795971993 0.5143866834427022 0.5389159356469608
3 2887 2888 2420 0.29346391795971993 0.5143866834427022 0.5389159356469608
3 3397 2899 3398 0.29346391795971993 0.5143866834427022 0.5389159356469608
3 3399 2797 3398 0.29346391795971993 0.5143866834427022 0.5389159356469608
3 3398 2900 3399 0.29346391795971993 0.5143866834427022 0.5389159356469608
3 2899 2900 3398 0.29346391795971993 0.5143866834427022 0.5389159356469608
3 3398 2796 3397 0.29346391795971993 0.5143866834427022 0.5389159356469608
3 3398 2797 2796 0.29346391795971993 0.5143866834427022 0.5389159356469608
3 3087 2799 3088 0.29346391795971993 0.5143866834427022 0.5389159356469608
3 3089 2589 3088 0.29346391795971993 0.5143866834427022 0.5389159356469608
3 2800 3089 3088 0.29346391795971993 0.5143866834427022 0.5389159356469608
3 3088 2799 2800 0.29346391795971993 0.5143866834427022 0.5389159356469608
3 3311 2808 3310 0.29346391795971993 0.5143866834427022 0.5389159356469608
3 2819 3312 3311 0.29346391795971993 0.5143866834427022 0.5389159356469608
3 2809 2808 3311 0.29346391795971993 0.5143866834427022 0.5389159356469608
3 3311 3312 2809 0.29346391795971993 0.5143866834427022 0.5389159356469608
3 3311 2818 2819 0.29346391795971993 0.5143866834427022 0.5389159356469608
3 3311 3310 2818 0.29346391795971993 0.5143866834427022 0.5389159356469608
3 3666 2727 2728 0.29346391795971993 0.5143866834427022 0.5389159356469608
3 2728 3667 3666 0.29346391795971993 0.5143866834427022 0.5389159356469608
3 2724 3099 3100 0.29346391795971993 0.5143866834427022 0.5389159356469608
3 3100 2725 2724 0.29346391795971993 0.5143866834427022 0.5389159356469608
3 3101 2725 3100 0.29346391795971993 0.5143866834427022 0.5389159356469608
3 2715 2714 3662 0.29346391795971993 0.5143866834427022 0.5389159356469608
3 3662 3663 2715 0.29346391795971993 0.5143866834427022 0.5389159356469608
3 3662 2714 3661 0.29346391795971993 0.5143866834427022 0.5389159356469608
3 2724 3663 3662 0.29346391795971993 0.5143866834427022 0.5389159356469608
3 3662 2723 2724 0.29346391795971993 0.5143866834427022 0.5389159356469608
3 3661 2723 3662 0.29346391795971993 0.5143866834427022 0.5389159356469608
3 3546 2587 2588 0.29346391795971993 0.5143866834427022 0.5389159356469608
3 2588 3547 3546 0.29346391795971993 0.5143866834427022 0.5389159356469608
3 2588 2587 3087 0.29346391795971993 0.5143866834427022 0.5389159356469608
3 2589 3547 2588 0.29346391795971993 0.5143866834427022 0.5389159356469608
3 3087 3088 2588 0.29346391795971993 0.5143866834427022 0.5389159356469608
3 2588 3088 2589 0.29346391795971993 0.5143866834427022 0.5389159356469608
3 2664 3562 2663 0.29346391795971993 0.5143866834427022 0.5389159356469608
3 2663 3209 2664 0.29346391795971993 0.5143866834427022 0.5389159356469608
3 2664 3209 3210 0.29346391795971993 0.5143866834427022 0.5389159356469608
3 2653 3562 2654 0.29346391795971993 0.5143866834427022 0.5389159356469608
3 2655 3113 2654 0.29346391795971993 0.5143866834427022 0.5389159356469608
3 2654 3112 2653 0.29346391795971993 0.5143866834427022 0.5389159356469608
3 2654 3113 3112 0.29346391795971993 0.5143866834427022 0.5389159356469608
3 3406 3405 3318 0.29346391795971993 0.5143866834427022 0.5389159356469608
3 3318 3319 3406 0.29346391795971993 0.5143866834427022 0.5389159356469608
3 3406 3319 3407 0.29346391795971993 0.5143866834427022 0.5389159356469608
3 3316 2824 3317 0.29346391795971993 0.5143866834427022 0.5389159356469608
3 3317 3669 3318 0.29346391795971993 0.5143866834427022 0.5389159356469608
3 3317 2824 3669 0.29346391795971993 0.5143866834427022 0.5389159356469608
3 3318 3405 2906 0.29346391795971993 0.5143866834427022 0.5389159356469608
3 2906 3317 3318 0.29346391795971993 0.5143866834427022 0.5389159356469608
3 3407 3319 3320 0.29346391795971993 0.5143866834427022 0.5389159356469608
3 3672 3321 3320 0.29346391795971993 0.5143866834427022 0.5389159356469608
3 3320 3671 3672 0.29346391795971993 0.5143866834427022 0.5389159356469608
3 3319 3671 3320 0.29346391795971993 0.5143866834427022 0.5389159356469608
3 3408 3321 3409 0.29346391795971993 0.5143866834427022 0.5389159356469608
3 3408 3095 3407 0.29346391795971993 0.5143866834427022 0.5389159356469608
3 3407 3320 3408 0.29346391795971993 0.5143866834427022 0.5389159356469608
3 3408 3320 3321 0.29346391795971993 0.5143866834427022 0.5389159356469608
3 3409 3556 3408 0.29346391795971993 0.5143866834427022 0.5389159356469608
3 3408 3556 3095 0.29346391795971993 0.5143866834427022 0.5389159356469608
3 2823 3315 2822 0.29346391795971993 0.5143866834427022 0.5389159356469608
3 2822 2718 2823 0.29346391795971993 0.5143866834427022 0.5389159356469608
3 2718 2719 2823 0.29346391795971993 0.5143866834427022 0.5389159356469608
3 2719 2824 2823 0.29346391795971993 0.5143866834427022 0.5389159356469608
3 2823 2824 3316 0.29346391795971993 0.5143866834427022 0.5389159356469608
3 3316 3315 2823 0.29346391795971993 0.5143866834427022 0.5389159356469608
3 3594 3338 3692 0.29346391795971993 0.5143866834427022 0.5389159356469608
3 3692 3337 3594 0.29346391795971993 0.5143866834427022 0.5389159356469608
3 3595 3338 3594 0.29346391795971993 0.5143866834427022 0.5389159356469608
3 3594 3462 3595 0.29346391795971993 0.5143866834427022 0.5389159356469608
3 3594 3337 3593 0.29346391795971993 0.5143866834427022 0.5389159356469608
3 3593 3461 3594 0.29346391795971993 0.5143866834427022 0.5389159356469608
3 3461 3462 3594 0.29346391795971993 0.5143866834427022 0.5389159356469608
3 3235 3442 3441 0.29346391795971993 0.5143866834427022 0.5389159356469608
3 3441 3234 3235 0.29346391795971993 0.5143866834427022 0.5389159356469608
3 3692 3693 3236 0.29346391795971993 0.5143866834427022 0.5389159356469608
3 3236 3235 3692 0.29346391795971993 0.5143866834427022 0.5389159356469608
3 3442 3235 3236 0.29346391795971993 0.5143866834427022 0.5389159356469608
3 3236 3693 3237 0.29346391795971993 0.5143866834427022 0.5389159356469608
3 3124 3424 3423 0.29346391795971993 0.5143866834427022 0.5389159356469608
3 3124 3125 3424 0.29346391795971993 0.5143866834427022 0.5389159356469608
3 3124 3573 3574 0.29346391795971993 0.5143866834427022 0.5389159356469608
3 3574 3125 3124 0.29346391795971993 0.5143866834427022 0.5389159356469608
3 3122 3421 3121 0.29346391795971993 0.5143866834427022 0.5389159356469608
3 3421 3420 3121 0.29346391795971993 0.5143866834427022 0.5389159356469608
3 3121 3571 3122 0.29346391795971993 0.5143866834427022 0.5389159356469608
3 3121 3570 3571 0.29346391795971993 0.5143866834427022 0.5389159356469608
3 3415 2648 3416 0.29346391795971993 0.5143866834427022 0.5389159356469608
3 3416 2648 2649 0.29346391795971993 0.5143866834427022 0.5389159356469608
3 3119 2650 3118 0.29346391795971993 0.5143866834427022 0.5389159356469608
3 2659 2660 3118 0.29346391795971993 0.5143866834427022 0.5389159356469608
3 2660 3119 3118 0.29346391795971993 0.5143866834427022 0.5389159356469608
3 3118 2650 2649 0.29346391795971993 0.5143866834427022 0.5389159356469608
3 2647 2646 3115 0.29346391795971993 0.5143866834427022 0.5389159356469608
3 3115 3116 2647 0.29346391795971993 0.5143866834427022 0.5389159356469608
3 2647 3116 2648 0.29346391795971993 0.5143866834427022 0.5389159356469608
3 2647 2648 3415 0.29346391795971993 0.5143866834427022 0.5389159356469608
3 3115 2646 3114 0.29346391795971993 0.5143866834427022 0.5389159356469608
3 3114 3113 2655 0.29346391795971993 0.5143866834427022 0.5389159356469608
3 2645 3113 3114 0.29346391795971993 0.5143866834427022 0.5389159356469608
3 3114 2646 2645 0.29346391795971993 0.5143866834427022 0.5389159356469608
3 2655 2656 3114 0.29346391795971993 0.5143866834427022 0.5389159356469608
3 3114 2656 3115 0.29346391795971993 0.5143866834427022 0.5389159356469608
3 2658 3567 2659 0.29346391795971993 0.5143866834427022 0.5389159356469608
3 3115 2656 2657 0.29346391795971993 0.5143866834427022 0.5389159356469608
3 2657 3116 3115 0.29346391795971993 0.5143866834427022 0.5389159356469608
3 2657 2658 3116 0.29346391795971993 0.5143866834427022 0.5389159356469608
3 2657 2656 3565 0.29346391795971993 0.5143866834427022 0.5389159356469608
3 2634 3412 2635 0.29346391795971993 0.5143866834427022 0.5389159356469608
3 2635 2636 3097 0.29346391795971993 0.5143866834427022 0.5389159356469608
3 3097 3096 2635 0.29346391795971993 0.5143866834427022 0.5389159356469608
3 2635 3096 2634 0.29346391795971993 0.5143866834427022 0.5389159356469608
3 2636 2635 3413 0.29346391795971993 0.5143866834427022 0.5389159356469608
3 3413 2635 3412 0.29346391795971993 0.5143866834427022 0.5389159356469608
3 2645 2646 3413 0.29346391795971993 0.5143866834427022 0.5389159356469608
3 3413 3412 2645 0.29346391795971993 0.5143866834427022 0.5389159356469608
3 2816 2711 2712 0.29346391795971993 0.5143866834427022 0.5389159356469608
3 2712 2713 2817 0.29346391795971993 0.5143866834427022 0.5389159356469608
3 2817 2816 2712 0.29346391795971993 0.5143866834427022 0.5389159356469608
3 3660 2713 2712 0.29346391795971993 0.5143866834427022 0.5389159356469608
3 3659 2711 3658 0.29346391795971993 0.5143866834427022 0.5389159356469608
3 3659 2721 3660 0.29346391795971993 0.5143866834427022 0.5389159356469608
3 3660 2712 3659 0.29346391795971993 0.5143866834427022 0.5389159356469608
3 3659 2712 2711 0.29346391795971993 0.5143866834427022 0.5389159356469608
3 3659 2720 2721 0.29346391795971993 0.5143866834427022 0.5389159356469608
3 3659 3658 2720 0.29346391795971993 0.5143866834427022 0.5389159356469608
3 3237 3444 3443 0.29346391795971993 0.5143866834427022 0.5389159356469608
3 3444 3220 3443 0.29346391795971993 0.5143866834427022 0.5389159356469608
3 3443 3236 3237 0.29346391795971993 0.5143866834427022 0.5389159356469608
3 3443 3220 3219 0.29346391795971993 0.5143866834427022 0.5389159356469608
3 3219 3442 3443 0.29346391795971993 0.5143866834427022 0.5389159356469608
3 3442 3236 3443 0.29346391795971993 0.5143866834427022 0.5389159356469608
3 3237 3693 3339 0.29346391795971993 0.5143866834427022 0.5389159356469608
3 3339 3694 3237 0.29346391795971993 0.5143866834427022 0.5389159356469608
3 3339 3693 3595 0.29346391795971993 0.5143866834427022 0.5389159356469608
3 3595 3596 3339 0.29346391795971993 0.5143866834427022 0.5389159356469608
3 3339 3596 3694 0.29346391795971993 0.5143866834427022 0.5389159356469608
3 3696 3446 3597 0.29346391795971993 0.5143866834427022 0.5389159356469608
3 3697 3578 3696 0.29346391795971993 0.5143866834427022 0.5389159356469608
3 3696 3578 3577 0.29346391795971993 0.5143866834427022 0.5389159356469608
3 3577 3446 3696 0.29346391795971993 0.5143866834427022 0.5389159356469608
3 3696 3717 3697 0.29346391795971993 0.5143866834427022 0.5389159356469608
3 3675 3674 3428 0.29346391795971993 0.5143866834427022 0.5389159356469608
3 3674 3427 3428 0.29346391795971993 0.5143866834427022 0.5389159356469608
3 3428 3427 3577 0.29346391795971993 0.5143866834427022 0.5389159356469608
3 3577 3578 3428 0.29346391795971993 0.5143866834427022 0.5389159356469608
3 3428 3676 3675 0.29346391795971993 0.5143866834427022 0.5389159356469608
3 3428 3578 3676 0.29346391795971993 0.5143866834427022 0.5389159356469608
3 3486 2608 2609 0.29346391795971993 0.5143866834427022 0.5389159356469608
3 2609 2608 2527 0.29346391795971993 0.5143866834427022 0.5389159356469608
3 2527 2528 2609 0.29346391795971993 0.5143866834427022 0.5389159356469608
3 2528 2610 2609 0.29346391795971993 0.5143866834427022 0.5389159356469608
3 2611 2612 3489 0.29346391795971993 0.5143866834427022 0.5389159356469608
3 3487 2609 2610 0.29346391795971993 0.5143866834427022 0.5389159356469608
3 3486 2609 3487 0.29346391795971993 0.5143866834427022 0.5389159356469608
3 2677 2676 3132 0.29346391795971993 0.5143866834427022 0.5389159356469608
3 3491 2606 2605 0.29346391795971993 0.5143866834427022 0.5389159356469608
3 3485 3484 2607 0.29346391795971993 0.5143866834427022 0.5389159356469608
3 2607 2608 3485 0.29346391795971993 0.5143866834427022 0.5389159356469608
3 3485 2608 3486 0.29346391795971993 0.5143866834427022 0.5389159356469608
3 2294 2598 2293 0.29346391795971993 0.5143866834427022 0.5389159356469608
3 2294 3484 2598 0.29346391795971993 0.5143866834427022 0.5389159356469608
3 2295 3484 2294 0.29346391795971993 0.5143866834427022 0.5389159356469608
3 2776 2775 3603 0.29346391795971993 0.5143866834427022 0.5389159356469608
3 2776 2865 2775 0.29346391795971993 0.5143866834427022 0.5389159356469608
3 2674 2675 3603 0.29346391795971993 0.5143866834427022 0.5389159356469608
3 3130 2675 2674 0.29346391795971993 0.5143866834427022 0.5389159356469608
3 3604 2675 2676 0.29346391795971993 0.5143866834427022 0.5389159356469608
3 3603 2675 3604 0.29346391795971993 0.5143866834427022 0.5389159356469608
3 3604 2776 3603 0.29346391795971993 0.5143866834427022 0.5389159356469608
3 2777 2776 3604 0.29346391795971993 0.5143866834427022 0.5389159356469608
3 2780 3608 2870 0.29346391795971993 0.5143866834427022 0.5389159356469608
3 3607 3608 2780 0.29346391795971993 0.5143866834427022 0.5389159356469608
3 3610 3611 3269 0.29346391795971993 0.5143866834427022 0.5389159356469608
3 3610 3268 3609 0.29346391795971993 0.5143866834427022 0.5389159356469608
3 3269 3268 3610 0.29346391795971993 0.5143866834427022 0.5389159356469608
3 3610 3137 3611 0.29346391795971993 0.5143866834427022 0.5389159356469608
3 3612 3611 3139 0.29346391795971993 0.5143866834427022 0.5389159356469608
3 3614 3613 3141 0.29346391795971993 0.5143866834427022 0.5389159356469608
3 3616 3615 3501 0.29346391795971993 0.5143866834427022 0.5389159356469608
3 3501 3502 3616 0.29346391795971993 0.5143866834427022 0.5389159356469608
3 3482 3614 3483 0.29346391795971993 0.5143866834427022 0.5389159356469608
3 3614 3615 3483 0.29346391795971993 0.5143866834427022 0.5389159356469608
3 3483 3616 3717 0.29346391795971993 0.5143866834427022 0.5389159356469608
3 3615 3616 3483 0.29346391795971993 0.5143866834427022 0.5389159356469608
3 3717 3696 3483 0.29346391795971993 0.5143866834427022 0.5389159356469608
3 3478 3266 3267 0.29346391795971993 0.5143866834427022 0.5389159356469608
3 3479 3252 3478 0.29346391795971993 0.5143866834427022 0.5389159356469608
3 3478 3267 3479 0.29346391795971993 0.5143866834427022 0.5389159356469608
3 3252 3251 3478 0.29346391795971993 0.5143866834427022 0.5389159356469608
3 3479 3269 3480 0.29346391795971993 0.5143866834427022 0.5389159356469608
3 3480 3253 3479 0.29346391795971993 0.5143866834427022 0.5389159356469608
3 2567 2566 3639 0.29346391795971993 0.5143866834427022 0.5389159356469608
3 2567 3639 3640 0.29346391795971993 0.5143866834427022 0.5389159356469608
3 3640 2568 2567 0.29346391795971993 0.5143866834427022 0.5389159356469608
3 2567 2568 2998 0.29346391795971993 0.5143866834427022 0.5389159356469608
3 2998 2505 2997 0.29346391795971993 0.5143866834427022 0.5389159356469608
3 2997 2567 2998 0.29346391795971993 0.5143866834427022 0.5389159356469608
3 2566 2567 2997 0.29346391795971993 0.5143866834427022 0.5389159356469608
3 2625 3067 2626 0.29346391795971993 0.5143866834427022 0.5389159356469608
3 2626 2627 3639 0.29346391795971993 0.5143866834427022 0.5389159356469608
3 3067 3068 2626 0.29346391795971993 0.5143866834427022 0.5389159356469608
3 2626 3068 2627 0.29346391795971993 0.5143866834427022 0.5389159356469608
3 3639 3638 2626 0.29346391795971993 0.5143866834427022 0.5389159356469608
3 2626 3638 2625 0.29346391795971993 0.5143866834427022 0.5389159356469608
3 2512 3010 2513 0.29346391795971993 0.5143866834427022 0.5389159356469608
3 2513 3290 2512 0.29346391795971993 0.5143866834427022 0.5389159356469608
3 2512 3290 3289 0.29346391795971993 0.5143866834427022 0.5389159356469608
3 2512 3289 2349 0.29346391795971993 0.5143866834427022 0.5389159356469608
3 2349 2350 2512 0.29346391795971993 0.5143866834427022 0.5389159356469608
3 2512 2350 3010 0.29346391795971993 0.5143866834427022 0.5389159356469608
3 2576 2703 2702 0.29346391795971993 0.5143866834427022 0.5389159356469608
3 2576 2702 2575 0.29346391795971993 0.5143866834427022 0.5389159356469608
3 2575 3290 2576 0.29346391795971993 0.5143866834427022 0.5389159356469608
3 2576 3290 3291 0.29346391795971993 0.5143866834427022 0.5389159356469608
3 3294 2579 3293 0.29346391795971993 0.5143866834427022 0.5389159356469608
3 2515 2514 3013 0.29346391795971993 0.5143866834427022 0.5389159356469608
3 3292 2514 2515 0.29346391795971993 0.5143866834427022 0.5389159356469608
3 2515 3293 3292 0.29346391795971993 0.5143866834427022 0.5389159356469608
3 3086 2587 2586 0.29346391795971993 0.5143866834427022 0.5389159356469608
3 2585 3543 2584 0.29346391795971993 0.5143866834427022 0.5389159356469608
3 2585 3544 3543 0.29346391795971993 0.5143866834427022 0.5389159356469608
3 2584 3084 2585 0.29346391795971993 0.5143866834427022 0.5389159356469608
3 2585 2586 3544 0.29346391795971993 0.5143866834427022 0.5389159356469608
3 2798 2797 3399 0.29346391795971993 0.5143866834427022 0.5389159356469608
3 2798 2799 3087 0.29346391795971993 0.5143866834427022 0.5389159356469608
3 2798 3087 3086 0.29346391795971993 0.5143866834427022 0.5389159356469608
3 3086 2797 2798 0.29346391795971993 0.5143866834427022 0.5389159356469608
3 2513 3010 3011 0.29346391795971993 0.5143866834427022 0.5389159356469608
3 3010 2520 3011 0.29346391795971993 0.5143866834427022 0.5389159356469608
3 2519 2520 3010 0.29346391795971993 0.5143866834427022 0.5389159356469608
3 2351 3541 2519 0.29346391795971993 0.5143866834427022 0.5389159356469608
3 2519 3541 3542 0.29346391795971993 0.5143866834427022 0.5389159356469608
3 3542 2520 2519 0.29346391795971993 0.5143866834427022 0.5389159356469608
3 2519 2350 2351 0.29346391795971993 0.5143866834427022 0.5389159356469608
3 3010 2350 2519 0.29346391795971993 0.5143866834427022 0.5389159356469608
3 2522 2523 3013 0.29346391795971993 0.5143866834427022 0.5389159356469608
3 2524 2523 3546 0.29346391795971993 0.5143866834427022 0.5389159356469608
3 2525 3015 2524 0.29346391795971993 0.5143866834427022 0.5389159356469608
3 2524 3547 2525 0.29346391795971993 0.5143866834427022 0.5389159356469608
3 3546 3547 2524 0.29346391795971993 0.5143866834427022 0.5389159356469608
3 3294 2518 3295 0.29346391795971993 0.5143866834427022 0.5389159356469608
3 3295 2580 3294 0.29346391795971993 0.5143866834427022 0.5389159356469608
3 2518 3296 3295 0.29346391795971993 0.5143866834427022 0.5389159356469608
3 2581 2580 3295 0.29346391795971993 0.5143866834427022 0.5389159356469608
3 3295 3296 2581 0.29346391795971993 0.5143866834427022 0.5389159356469608
3 3407 3095 3094 0.29346391795971993 0.5143866834427022 0.5389159356469608
3 3094 3406 3407 0.29346391795971993 0.5143866834427022 0.5389159356469608
3 3554 3555 3302 0.29346391795971993 0.5143866834427022 0.5389159356469608
3 3302 3022 3554 0.29346391795971993 0.5143866834427022 0.5389159356469608
3 3554 3095 3555 0.29346391795971993 0.5143866834427022 0.5389159356469608
3 3554 3094 3095 0.29346391795971993 0.5143866834427022 0.5389159356469608
3 3387 3077 3386 0.29346391795971993 0.5143866834427022 0.5389159356469608
3 3385 2791 3386 0.29346391795971993 0.5143866834427022 0.5389159356469608
3 3300 3387 3386 0.29346391795971993 0.5143866834427022 0.5389159356469608
3 3386 2791 3300 0.29346391795971993 0.5143866834427022 0.5389159356469608
3 3075 3647 2633 0.29346391795971993 0.5143866834427022 0.5389159356469608
3 3647 3646 2633 0.29346391795971993 0.5143866834427022 0.5389159356469608
3 3645 3646 2573 0.29346391795971993 0.5143866834427022 0.5389159356469608
3 3645 3644 2632 0.29346391795971993 0.5143866834427022 0.5389159356469608
3 2632 2633 3645 0.29346391795971993 0.5143866834427022 0.5389159356469608
3 3645 2633 3646 0.29346391795971993 0.5143866834427022 0.5389159356469608
3 3645 2573 2572 0.29346391795971993 0.5143866834427022 0.5389159356469608
3 2572 3644 3645 0.29346391795971993 0.5143866834427022 0.5389159356469608
3 3005 3646 3647 0.29346391795971993 0.5143866834427022 0.5389159356469608
3 3005 3004 2573 0.29346391795971993 0.5143866834427022 0.5389159356469608
3 2573 3646 3005 0.29346391795971993 0.5143866834427022 0.5389159356469608
3 3005 3198 3197 0.29346391795971993 0.5143866834427022 0.5389159356469608
3 3197 3004 3005 0.29346391795971993 0.5143866834427022 0.5389159356469608
3 3000 2570 3001 0.29346391795971993 0.5143866834427022 0.5389159356469608
3 3643 3644 2571 0.29346391795971993 0.5143866834427022 0.5389159356469608
3 3642 2630 3643 0.29346391795971993 0.5143866834427022 0.5389159356469608
3 3643 2570 3642 0.29346391795971993 0.5143866834427022 0.5389159356469608
3 2571 2570 3643 0.29346391795971993 0.5143866834427022 0.5389159356469608
3 2630 3072 2631 0.29346391795971993 0.5143866834427022 0.5389159356469608
3 2631 3643 2630 0.29346391795971993 0.5143866834427022 0.5389159356469608
3 3644 3643 2631 0.29346391795971993 0.5143866834427022 0.5389159356469608
3 2632 3644 2631 0.29346391795971993 0.5143866834427022 0.5389159356469608
3 2790 2708 2709 0.29346391795971993 0.5143866834427022 0.5389159356469608
3 2709 2791 2790 0.29346391795971993 0.5143866834427022 0.5389159356469608
3 3298 3299 2709 0.29346391795971993 0.5143866834427022 0.5389159356469608
3 3299 2791 2709 0.29346391795971993 0.5143866834427022 0.5389159356469608
3 3298 2709 3297 0.29346391795971993 0.5143866834427022 0.5389159356469608
3 3297 2709 2708 0.29346391795971993 0.5143866834427022 0.5389159356469608
3 3297 3296 3018 0.29346391795971993 0.5143866834427022 0.5389159356469608
3 3297 2708 2581 0.29346391795971993 0.5143866834427022 0.5389159356469608
3 2581 3296 3297 0.29346391795971993 0.5143866834427022 0.5389159356469608
3 3019 3298 3297 0.29346391795971993 0.5143866834427022 0.5389159356469608
3 3297 3018 3019 0.29346391795971993 0.5143866834427022 0.5389159356469608
3 2795 2794 3396 0.29346391795971993 0.5143866834427022 0.5389159356469608
3 2795 3396 3397 0.29346391795971993 0.5143866834427022 0.5389159356469608
3 3397 2796 2795 0.29346391795971993 0.5143866834427022 0.5389159356469608
3 2796 3084 2795 0.29346391795971993 0.5143866834427022 0.5389159356469608
3 2795 3084 3083 0.29346391795971993 0.5143866834427022 0.5389159356469608
3 3083 2794 2795 0.29346391795971993 0.5143866834427022 0.5389159356469608
3 2790 3385 3384 0.29346391795971993 0.5143866834427022 0.5389159356469608
3 3385 2699 3384 0.29346391795971993 0.5143866834427022 0.5389159356469608
3 2789 3383 2788 0.29346391795971993 0.5143866834427022 0.5389159356469608
3 2789 2788 2707 0.29346391795971993 0.5143866834427022 0.5389159356469608
3 2707 2708 2789 0.29346391795971993 0.5143866834427022 0.5389159356469608
3 2789 2708 2790 0.29346391795971993 0.5143866834427022 0.5389159356469608
3 2790 3384 2789 0.29346391795971993 0.5143866834427022 0.5389159356469608
3 2789 3384 3383 0.29346391795971993 0.5143866834427022 0.5389159356469608
3 2632 2631 3073 0.29346391795971993 0.5143866834427022 0.5389159356469608
3 3073 2631 3072 0.29346391795971993 0.5143866834427022 0.5389159356469608
3 3172 3171 3517 0.29346391795971993 0.5143866834427022 0.5389159356469608
3 3187 3188 3517 0.29346391795971993 0.5143866834427022 0.5389159356469608
3 3065 3188 3064 0.29346391795971993 0.5143866834427022 0.5389159356469608
3 3064 3063 3534 0.29346391795971993 0.5143866834427022 0.5389159356469608
3 3187 3063 3064 0.29346391795971993 0.5143866834427022 0.5389159356469608
3 3064 3188 3187 0.29346391795971993 0.5143866834427022 0.5389159356469608
3 3189 3188 3065 0.29346391795971993 0.5143866834427022 0.5389159356469608
3 3372 3371 3173 0.29346391795971993 0.5143866834427022 0.5389159356469608
3 3173 3519 3372 0.29346391795971993 0.5143866834427022 0.5389159356469608
3 3173 3371 3172 0.29346391795971993 0.5143866834427022 0.5389159356469608
3 3204 3203 3652 0.29346391795971993 0.5143866834427022 0.5389159356469608
3 3204 3653 3205 0.29346391795971993 0.5143866834427022 0.5389159356469608
3 3652 3653 3204 0.29346391795971993 0.5143866834427022 0.5389159356469608
3 3009 3203 3202 0.29346391795971993 0.5143866834427022 0.5389159356469608
3 3008 3650 3009 0.29346391795971993 0.5143866834427022 0.5389159356469608
3 3009 3201 3008 0.29346391795971993 0.5143866834427022 0.5389159356469608
3 3202 3201 3009 0.29346391795971993 0.5143866834427022 0.5389159356469608
3 3530 2891 3531 0.29346391795971993 0.5143866834427022 0.5389159356469608
3 2879 3529 3530 0.29346391795971993 0.5143866834427022 0.5389159356469608
3 3530 3529 2890 0.29346391795971993 0.5143866834427022 0.5389159356469608
3 2890 2891 3530 0.29346391795971993 0.5143866834427022 0.5389159356469608
3 3530 2880 2879 0.29346391795971993 0.5143866834427022 0.5389159356469608
3 3530 3531 2880 0.29346391795971993 0.5143866834427022 0.5389159356469608
3 3001 2571 3002 0.29346391795971993 0.5143866834427022 0.5389159356469608
3 3002 2571 2572 0.29346391795971993 0.5143866834427022 0.5389159356469608
3 2501 2886 2500 0.29346391795971993 0.5143866834427022 0.5389159356469608
3 2501 3193 2502 0.29346391795971993 0.5143866834427022 0.5389159356469608
3 2502 2887 2501 0.29346391795971993 0.5143866834427022 0.5389159356469608
3 2501 2887 2886 0.29346391795971993 0.5143866834427022 0.5389159356469608
3 2507 3193 3192 0.29346391795971993 0.5143866834427022 0.5389159356469608
3 3192 2500 3191 0.29346391795971993 0.5143866834427022 0.5389159356469608
3 3192 2501 2500 0.29346391795971993 0.5143866834427022 0.5389159356469608
3 3193 2501 3192 0.29346391795971993 0.5143866834427022 0.5389159356469608
3 3191 2506 3192 0.29346391795971993 0.5143866834427022 0.5389159356469608
3 2506 2507 3192 0.29346391795971993 0.5143866834427022 0.5389159356469608
3 2510 2511 3196 0.29346391795971993 0.5143866834427022 0.5389159356469608
3 3196 3195 2510 0.29346391795971993 0.5143866834427022 0.5389159356469608
3 3226 2830 3227 0.29346391795971993 0.5143866834427022 0.5389159356469608
3 3328 2841 2840 0.29346391795971993 0.5143866834427022 0.5389159356469608
3 3327 3328 2840 0.29346391795971993 0.5143866834427022 0.5389159356469608
3 2840 3682 3681 0.29346391795971993 0.5143866834427022 0.5389159356469608
3 2840 2841 3682 0.29346391795971993 0.5143866834427022 0.5389159356469608
3 3684 2843 3685 0.29346391795971993 0.5143866834427022 0.5389159356469608
3 3460 3352 2931 0.29346391795971993 0.5143866834427022 0.5389159356469608
3 2943 3250 2931 0.29346391795971993 0.5143866834427022 0.5389159356469608
3 2930 3351 3248 0.29346391795971993 0.5143866834427022 0.5389159356469608
3 3248 3351 2929 0.29346391795971993 0.5143866834427022 0.5389159356469608
3 2929 2941 3248 0.29346391795971993 0.5143866834427022 0.5389159356469608
3 3589 3588 3032 0.29346391795971993 0.5143866834427022 0.5389159356469608
3 3032 3033 3589 0.29346391795971993 0.5143866834427022 0.5389159356469608
3 2854 3473 3472 0.29346391795971993 0.5143866834427022 0.5389159356469608
3 3440 3234 3441 0.29346391795971993 0.5143866834427022 0.5389159356469608
3 3440 3217 3216 0.29346391795971993 0.5143866834427022 0.5389159356469608
3 3440 3441 3217 0.29346391795971993 0.5143866834427022 0.5389159356469608
3 3336 3592 3593 0.29346391795971993 0.5143866834427022 0.5389159356469608
3 3593 3337 3336 0.29346391795971993 0.5143866834427022 0.5389159356469608
3 3335 3591 3592 0.29346391795971993 0.5143866834427022 0.5389159356469608
3 3592 3336 3335 0.29346391795971993 0.5143866834427022 0.5389159356469608
3 3335 3336 3690 0.29346391795971993 0.5143866834427022 0.5389159356469608
3 2669 2668 3214 0.29346391795971993 0.5143866834427022 0.5389159356469608
3 2669 3567 2668 0.29346391795971993 0.5143866834427022 0.5389159356469608
3 3429 2741 3430 0.29346391795971993 0.5143866834427022 0.5389159356469608
3 2741 2742 3430 0.29346391795971993 0.5143866834427022 0.5389159356469608
3 2730 3429 3430 0.29346391795971993 0.5143866834427022 0.5389159356469608
3 3430 2731 2730 0.29346391795971993 0.5143866834427022 0.5389159356469608
3 2743 3225 3226 0.29346391795971993 0.5143866834427022 0.5389159356469608
3 2743 2742 3225 0.29346391795971993 0.5143866834427022 0.5389159356469608
3 3210 3209 2734 0.29346391795971993 0.5143866834427022 0.5389159356469608
3 2734 3209 2733 0.29346391795971993 0.5143866834427022 0.5389159356469608
3 3701 3342 2920 0.29346391795971993 0.5143866834427022 0.5389159356469608
3 2763 3342 3701 0.29346391795971993 0.5143866834427022 0.5389159356469608
3 2826 3223 3222 0.29346391795971993 0.5143866834427022 0.5389159356469608
3 2377 2825 3222 0.29346391795971993 0.5143866834427022 0.5389159356469608
3 3222 2825 2826 0.29346391795971993 0.5143866834427022 0.5389159356469608
3 3222 2376 2377 0.29346391795971993 0.5143866834427022 0.5389159356469608
3 2740 2376 3222 0.29346391795971993 0.5143866834427022 0.5389159356469608
3 3222 3223 2740 0.29346391795971993 0.5143866834427022 0.5389159356469608
3 2826 3679 3680 0.29346391795971993 0.5143866834427022 0.5389159356469608
3 3681 2827 3680 0.29346391795971993 0.5143866834427022 0.5389159356469608
3 3680 2827 2826 0.29346391795971993 0.5143866834427022 0.5389159356469608
3 2837 3324 3325 0.29346391795971993 0.5143866834427022 0.5389159356469608
3 2379 2380 2836 0.29346391795971993 0.5143866834427022 0.5389159356469608
3 2380 3324 2836 0.29346391795971993 0.5143866834427022 0.5389159356469608
3 3324 2837 2836 0.29346391795971993 0.5143866834427022 0.5389159356469608
3 2763 3701 2764 0.29346391795971993 0.5143866834427022 0.5389159356469608
3 2764 3701 3702 0.29346391795971993 0.5143866834427022 0.5389159356469608
3 2755 3028 2754 0.29346391795971993 0.5143866834427022 0.5389159356469608
3 2754 2594 2755 0.29346391795971993 0.5143866834427022 0.5389159356469608
3 3029 3028 2755 0.29346391795971993 0.5143866834427022 0.5389159356469608
3 3347 3348 2768 0.29346391795971993 0.5143866834427022 0.5389159356469608
3 2768 2767 3347 0.29346391795971993 0.5143866834427022 0.5389159356469608
3 3455 2767 2768 0.29346391795971993 0.5143866834427022 0.5389159356469608
3 2768 3348 2769 0.29346391795971993 0.5143866834427022 0.5389159356469608
3 2769 3456 2768 0.29346391795971993 0.5143866834427022 0.5389159356469608
3 2768 3456 3455 0.29346391795971993 0.5143866834427022 0.5389159356469608
3 3347 3346 2925 0.29346391795971993 0.5143866834427022 0.5389159356469608
3 2925 3243 3244 0.29346391795971993 0.5143866834427022 0.5389159356469608
3 3244 2926 2925 0.29346391795971993 0.5143866834427022 0.5389159356469608
3 2925 2926 3347 0.29346391795971993 0.5143866834427022 0.5389159356469608
3 2850 3257 2851 0.29346391795971993 0.5143866834427022 0.5389159356469608
3 2850 3469 2849 0.29346391795971993 0.5143866834427022 0.5389159356469608
3 2849 3256 2850 0.29346391795971993 0.5143866834427022 0.5389159356469608
3 2850 3256 3257 0.29346391795971993 0.5143866834427022 0.5389159356469608
3 3468 3469 2937 0.29346391795971993 0.5143866834427022 0.5389159356469608
3 3244 3243 2937 0.29346391795971993 0.5143866834427022 0.5389159356469608
3 3242 2934 2935 0.29346391795971993 0.5143866834427022 0.5389159356469608
3 2935 3243 3242 0.29346391795971993 0.5143866834427022 0.5389159356469608
3 2935 2934 3466 0.29346391795971993 0.5143866834427022 0.5389159356469608
3 3466 3467 2935 0.29346391795971993 0.5143866834427022 0.5389159356469608
3 2847 3467 3466 0.29346391795971993 0.5143866834427022 0.5389159356469608
3 2847 2285 2286 0.29346391795971993 0.5143866834427022 0.5389159356469608
3 3466 2285 2847 0.29346391795971993 0.5143866834427022 0.5389159356469608
3 2849 3468 2848 0.29346391795971993 0.5143866834427022 0.5389159356469608
3 3468 3467 2848 0.29346391795971993 0.5143866834427022 0.5389159356469608
3 2848 3255 2849 0.29346391795971993 0.5143866834427022 0.5389159356469608
3 3467 2847 2848 0.29346391795971993 0.5143866834427022 0.5389159356469608
3 2286 3255 2848 0.29346391795971993 0.5143866834427022 0.5389159356469608
3 2848 2847 2286 0.29346391795971993 0.5143866834427022 0.5389159356469608
3 2860 3257 2859 0.29346391795971993 0.5143866834427022 0.5389159356469608
3 3257 3256 2859 0.29346391795971993 0.5143866834427022 0.5389159356469608
3 2859 2288 2860 0.29346391795971993 0.5143866834427022 0.5389159356469608
3 3599 2773 2772 0.29346391795971993 0.5143866834427022 0.5389159356469608
3 2862 2771 2772 0.29346391795971993 0.5143866834427022 0.5389159356469608
3 3598 3599 2772 0.29346391795971993 0.5143866834427022 0.5389159356469608
3 2772 2771 3598 0.29346391795971993 0.5143866834427022 0.5389159356469608
3 2863 2773 2864 0.29346391795971993 0.5143866834427022 0.5389159356469608
3 2864 3261 2863 0.29346391795971993 0.5143866834427022 0.5389159356469608
3 2862 2772 2863 0.29346391795971993 0.5143866834427022 0.5389159356469608
3 2863 2772 2773 0.29346391795971993 0.5143866834427022 0.5389159356469608
3 2852 3258 3259 0.29346391795971993 0.5143866834427022 0.5389159356469608
3 2861 2771 2862 0.29346391795971993 0.5143866834427022 0.5389159356469608
3 2862 3259 2861 0.29346391795971993 0.5143866834427022 0.5389159356469608
3 2861 3259 3258 0.29346391795971993 0.5143866834427022 0.5389159356469608
3 2861 3258 2860 0.29346391795971993 0.5143866834427022 0.5389159356469608
3 2288 2289 2770 0.29346391795971993 0.5143866834427022 0.5389159356469608
3 2289 2771 2770 0.29346391795971993 0.5143866834427022 0.5389159356469608
3 2860 2288 2770 0.29346391795971993 0.5143866834427022 0.5389159356469608
3 2770 2861 2860 0.29346391795971993 0.5143866834427022 0.5389159356469608
3 2771 2861 2770 0.29346391795971993 0.5143866834427022 0.5389159356469608
3 2769 3348 3349 0.29346391795971993 0.5143866834427022 0.5389159356469608
3 3348 2927 3349 0.29346391795971993 0.5143866834427022 0.5389159356469608
3 3349 3708 2769 0.29346391795971993 0.5143866834427022 0.5389159356469608
3 3349 2928 3708 0.29346391795971993 0.5143866834427022 0.5389159356469608
3 3245 2926 3244 0.29346391795971993 0.5143866834427022 0.5389159356469608
3 3245 2927 2926 0.29346391795971993 0.5143866834427022 0.5389159356469608
3 3240 3241 2923 0.29346391795971993 0.5143866834427022 0.5389159356469608
3 3476 3250 2943 0.29346391795971993 0.5143866834427022 0.5389159356469608
3 2943 2857 3476 0.29346391795971993 0.5143866834427022 0.5389159356469608
3 3601 2775 2774 0.29346391795971993 0.5143866834427022 0.5389159356469608
3 2774 3600 3601 0.29346391795971993 0.5143866834427022 0.5389159356469608
3 2291 2670 2290 0.29346391795971993 0.5143866834427022 0.5389159356469608
3 2680 3128 3127 0.29346391795971993 0.5143866834427022 0.5389159356469608
3 2292 2680 3127 0.29346391795971993 0.5143866834427022 0.5389159356469608
3 2689 3137 3136 0.29346391795971993 0.5143866834427022 0.5389159356469608
3 3136 3610 3609 0.29346391795971993 0.5143866834427022 0.5389159356469608
3 3137 3610 3136 0.29346391795971993 0.5143866834427022 0.5389159356469608
3 3654 3653 3391 0.29346391795971993 0.5143866834427022 0.5389159356469608
3 3205 3653 3654 0.29346391795971993 0.5143866834427022 0.5389159356469608
3 3654 3538 3205 0.29346391795971993 0.5143866834427022 0.5389159356469608
3 3080 3653 3652 0.29346391795971993 0.5143866834427022 0.5389159356469608
3 3080 3390 3653 0.29346391795971993 0.5143866834427022 0.5389159356469608
3 3305 3390 3304 0.29346391795971993 0.5143866834427022 0.5389159356469608
3 3303 3556 3304 0.29346391795971993 0.5143866834427022 0.5389159356469608
3 3304 3556 3557 0.29346391795971993 0.5143866834427022 0.5389159356469608
3 3557 3305 3304 0.29346391795971993 0.5143866834427022 0.5389159356469608
3 3632 3050 3633 0.29346391795971993 0.5143866834427022 0.5389159356469608
3 3631 3050 3632 0.29346391795971993 0.5143866834427022 0.5389159356469608
3 3633 3156 3632 0.29346391795971993 0.5143866834427022 0.5389159356469608
3 3632 3156 3155 0.29346391795971993 0.5143866834427022 0.5389159356469608
3 3155 2957 3632 0.29346391795971993 0.5143866834427022 0.5389159356469608
3 3632 2957 3631 0.29346391795971993 0.5143866834427022 0.5389159356469608
3 3048 3371 3049 0.29346391795971993 0.5143866834427022 0.5389159356469608
3 3371 3050 3049 0.29346391795971993 0.5143866834427022 0.5389159356469608
3 3630 3048 3049 0.29346391795971993 0.5143866834427022 0.5389159356469608
3 3049 3631 3630 0.29346391795971993 0.5143866834427022 0.5389159356469608
3 3049 3050 3631 0.29346391795971993 0.5143866834427022 0.5389159356469608
3 3152 3151 2955 0.29346391795971993 0.5143866834427022 0.5389159356469608
3 3152 2956 3153 0.29346391795971993 0.5143866834427022 0.5389159356469608
3 3152 2955 2956 0.29346391795971993 0.5143866834427022 0.5389159356469608
3 3495 3494 3281 0.29346391795971993 0.5143866834427022 0.5389159356469608
3 3281 3494 2615 0.29346391795971993 0.5143866834427022 0.5389159356469608
3 3150 3151 3281 0.29346391795971993 0.5143866834427022 0.5389159356469608
3 2956 2955 3629 0.29346391795971993 0.5143866834427022 0.5389159356469608
3 2955 3628 3629 0.29346391795971993 0.5143866834427022 0.5389159356469608
3 3630 2956 3629 0.29346391795971993 0.5143866834427022 0.5389159356469608
3 3629 3048 3630 0.29346391795971993 0.5143866834427022 0.5389159356469608
3 3629 3047 3048 0.29346391795971993 0.5143866834427022 0.5389159356469608
3 3629 3628 3047 0.29346391795971993 0.5143866834427022 0.5389159356469608
3 3156 3287 3286 0.29346391795971993 0.5143866834427022 0.5389159356469608
3 3155 3156 3286 0.29346391795971993 0.5143866834427022 0.5389159356469608
3 3286 3285 3155 0.29346391795971993 0.5143866834427022 0.5389159356469608
3 3149 2953 3150 0.29346391795971993 0.5143866834427022 0.5389159356469608
3 2427 3148 3149 0.29346391795971993 0.5143866834427022 0.5389159356469608
3 3623 3624 2440 0.29346391795971993 0.5143866834427022 0.5389159356469608
3 2440 3624 2441 0.29346391795971993 0.5143866834427022 0.5389159356469608
3 2952 3626 2953 0.29346391795971993 0.5143866834427022 0.5389159356469608
3 2951 2441 2952 0.29346391795971993 0.5143866834427022 0.5389159356469608
3 3625 3626 2952 0.29346391795971993 0.5143866834427022 0.5389159356469608
3 2952 2441 3625 0.29346391795971993 0.5143866834427022 0.5389159356469608
3 2953 3149 2952 0.29346391795971993 0.5143866834427022 0.5389159356469608
3 3697 3717 3617 0.29346391795971993 0.5143866834427022 0.5389159356469608
3 3502 3637 3617 0.29346391795971993 0.5143866834427022 0.5389159356469608
3 3717 3616 3617 0.29346391795971993 0.5143866834427022 0.5389159356469608
3 3617 3616 3502 0.29346391795971993 0.5143866834427022 0.5389159356469608
3 3617 3677 3697 0.29346391795971993 0.5143866834427022 0.5389159356469608
3 3374 3635 3634 0.29346391795971993 0.5143866834427022 0.5389159356469608
3 3634 3373 3374 0.29346391795971993 0.5143866834427022 0.5389159356469608
3 3374 3373 3520 0.29346391795971993 0.5143866834427022 0.5389159356469608
3 3520 3521 3374 0.29346391795971993 0.5143866834427022 0.5389159356469608
3 2437 3621 2438 0.29346391795971993 0.5143866834427022 0.5389159356469608
3 2438 2947 2437 0.29346391795971993 0.5143866834427022 0.5389159356469608
3 2438 2948 2947 0.29346391795971993 0.5143866834427022 0.5389159356469608
3 2951 2433 2950 0.29346391795971993 0.5143866834427022 0.5389159356469608
3 2949 2440 2950 0.29346391795971993 0.5143866834427022 0.5389159356469608
3 2950 2441 2951 0.29346391795971993 0.5143866834427022 0.5389159356469608
3 2950 2440 2441 0.29346391795971993 0.5143866834427022 0.5389159356469608
3 2431 2949 2432 0.29346391795971993 0.5143866834427022 0.5389159356469608
3 2432 2433 3146 0.29346391795971993 0.5143866834427022 0.5389159356469608
3 2949 2950 2432 0.29346391795971993 0.5143866834427022 0.5389159356469608
3 2432 2950 2433 0.29346391795971993 0.5143866834427022 0.5389159356469608
3 3145 2431 2432 0.29346391795971993 0.5143866834427022 0.5389159356469608
3 2432 3146 3145 0.29346391795971993 0.5143866834427022 0.5389159356469608
3 3492 2615 3493 0.29346391795971993 0.5143866834427022 0.5389159356469608
3 2615 3494 3493 0.29346391795971993 0.5143866834427022 0.5389159356469608
3 3493 2606 3492 0.29346391795971993 0.5143866834427022 0.5389159356469608
3 2689 2606 3493 0.29346391795971993 0.5143866834427022 0.5389159356469608
3 3493 3137 2689 0.29346391795971993 0.5143866834427022 0.5389159356469608
3 3493 3494 3137 0.29346391795971993 0.5143866834427022 0.5389159356469608
3 2989 2481 2547 0.29346391795971993 0.5143866834427022 0.5389159356469608
3 2481 2988 2547 0.29346391795971993 0.5143866834427022 0.5389159356469608
3 2547 3509 2989 0.29346391795971993 0.5143866834427022 0.5389159356469608
3 2547 2556 3509 0.29346391795971993 0.5143866834427022 0.5389159356469608
3 3508 2556 2547 0.29346391795971993 0.5143866834427022 0.5389159356469608
3 2547 2988 3508 0.29346391795971993 0.5143866834427022 0.5389159356469608
3 2481 2473 3161 0.29346391795971993 0.5143866834427022 0.5389159356469608
3 3161 2472 2480 0.29346391795971993 0.5143866834427022 0.5389159356469608
3 2480 2988 3161 0.29346391795971993 0.5143866834427022 0.5389159356469608
3 3161 2988 2481 0.29346391795971993 0.5143866834427022 0.5389159356469608
3 2972 2472 2973 0.29346391795971993 0.5143866834427022 0.5389159356469608
3 2973 2464 2972 0.29346391795971993 0.5143866834427022 0.5389159356469608
3 2472 3161 2973 0.29346391795971993 0.5143866834427022 0.5389159356469608
3 2973 3161 2473 0.29346391795971993 0.5143866834427022 0.5389159356469608
3 2465 2464 2973 0.29346391795971993 0.5143866834427022 0.5389159356469608
3 2973 2974 2465 0.29346391795971993 0.5143866834427022 0.5389159356469608
3 2973 2473 2974 0.29346391795971993 0.5143866834427022 0.5389159356469608
3 2475 2975 3163 0.29346391795971993 0.5143866834427022 0.5389159356469608
3 3163 2483 2475 0.29346391795971993 0.5143866834427022 0.5389159356469608
3 2475 2467 2975 0.29346391795971993 0.5143866834427022 0.5389159356469608
3 2976 2467 2475 0.29346391795971993 0.5143866834427022 0.5389159356469608
3 2466 2467 3360 0.29346391795971993 0.5143866834427022 0.5389159356469608
3 3360 2459 2458 0.29346391795971993 0.5143866834427022 0.5389159356469608
3 3360 2467 3361 0.29346391795971993 0.5143866834427022 0.5389159356469608
3 3361 2459 3360 0.29346391795971993 0.5143866834427022 0.5389159356469608
3 2958 2457 2959 0.29346391795971993 0.5143866834427022 0.5389159356469608
3 2958 2449 2308 0.29346391795971993 0.5143866834427022 0.5389159356469608
3 2959 2449 2958 0.29346391795971993 0.5143866834427022 0.5389159356469608
3 2308 2309 2958 0.29346391795971993 0.5143866834427022 0.5389159356469608
3 2958 2309 2456 0.29346391795971993 0.5143866834427022 0.5389159356469608
3 2456 2457 2958 0.29346391795971993 0.5143866834427022 0.5389159356469608
3 2458 2457 3359 0.29346391795971993 0.5143866834427022 0.5389159356469608
3 2466 3360 3359 0.29346391795971993 0.5143866834427022 0.5389159356469608
3 3359 3360 2458 0.29346391795971993 0.5143866834427022 0.5389159356469608
3 2465 2466 3359 0.29346391795971993 0.5143866834427022 0.5389159356469608
3 3359 3358 2465 0.29346391795971993 0.5143866834427022 0.5389159356469608
3 3359 2457 3358 0.29346391795971993 0.5143866834427022 0.5389159356469608
3 2960 2459 2961 0.29346391795971993 0.5143866834427022 0.5389159356469608
3 2960 2451 2450 0.29346391795971993 0.5143866834427022 0.5389159356469608
3 2961 2451 2960 0.29346391795971993 0.5143866834427022 0.5389159356469608
3 2450 2959 2960 0.29346391795971993 0.5143866834427022 0.5389159356469608
3 2959 2458 2960 0.29346391795971993 0.5143866834427022 0.5389159356469608
3 2458 2459 2960 0.29346391795971993 0.5143866834427022 0.5389159356469608
3 2315 2984 2477 0.29346391795971993 0.5143866834427022 0.5389159356469608
3 2477 3158 2315 0.29346391795971993 0.5143866834427022 0.5389159356469608
3 2477 2985 3158 0.29346391795971993 0.5143866834427022 0.5389159356469608
3 3506 2544 2553 0.29346391795971993 0.5143866834427022 0.5389159356469608
3 3506 2553 2619 0.29346391795971993 0.5143866834427022 0.5389159356469608
3 2619 2554 3506 0.29346391795971993 0.5143866834427022 0.5389159356469608
3 3506 2554 2545 0.29346391795971993 0.5143866834427022 0.5389159356469608
3 2543 3505 2985 0.29346391795971993 0.5143866834427022 0.5389159356469608
3 2985 2477 2543 0.29346391795971993 0.5143866834427022 0.5389159356469608
3 2543 2477 2984 0.29346391795971993 0.5143866834427022 0.5389159356469608
3 2552 3505 2543 0.29346391795971993 0.5143866834427022 0.5389159356469608
3 2543 3504 2552 0.29346391795971993 0.5143866834427022 0.5389159356469608
3 2543 2984 3504 0.29346391795971993 0.5143866834427022 0.5389159356469608
3 2492 2493 3176 0.29346391795971993 0.5143866834427022 0.5389159356469608
3 2398 2493 2492 0.29346391795971993 0.5143866834427022 0.5389159356469608
3 2397 2398 2492 0.29346391795971993 0.5143866834427022 0.5389159356469608
3 2492 2491 2397 0.29346391795971993 0.5143866834427022 0.5389159356469608
3 2492 3175 2491 0.29346391795971993 0.5143866834427022 0.5389159356469608
3 2408 2407 2875 0.29346391795971993 0.5143866834427022 0.5389159356469608
3 2875 2876 2408 0.29346391795971993 0.5143866834427022 0.5389159356469608
3 2413 2876 2875 0.29346391795971993 0.5143866834427022 0.5389159356469608
3 2875 2412 2413 0.29346391795971993 0.5143866834427022 0.5389159356469608
3 2875 2407 2874 0.29346391795971993 0.5143866834427022 0.5389159356469608
3 2874 2412 2875 0.29346391795971993 0.5143866834427022 0.5389159356469608
3 3056 3057 2497 0.29346391795971993 0.5143866834427022 0.5389159356469608
3 2497 2402 3056 0.29346391795971993 0.5143866834427022 0.5389159356469608
3 2408 3057 3056 0.29346391795971993 0.5143866834427022 0.5389159356469608
3 3056 2407 2408 0.29346391795971993 0.5143866834427022 0.5389159356469608
3 3055 2407 3056 0.29346391795971993 0.5143866834427022 0.5389159356469608
3 3056 2402 3055 0.29346391795971993 0.5143866834427022 0.5389159356469608
3 3176 2561 2486 0.29346391795971993 0.5143866834427022 0.5389159356469608
3 2560 3175 2486 0.29346391795971993 0.5143866834427022 0.5389159356469608
3 2619 2560 2486 0.29346391795971993 0.5143866834427022 0.5389159356469608
3 2486 2561 2619 0.29346391795971993 0.5143866834427022 0.5389159356469608
3 2486 2492 3176 0.29346391795971993 0.5143866834427022 0.5389159356469608
3 3175 2492 2486 0.29346391795971993 0.5143866834427022 0.5389159356469608
3 2487 2493 3177 0.29346391795971993 0.5143866834427022 0.5389159356469608
3 3177 2562 2487 0.29346391795971993 0.5143866834427022 0.5389159356469608
3 3177 2399 2494 0.29346391795971993 0.5143866834427022 0.5389159356469608
3 3177 2493 2399 0.29346391795971993 0.5143866834427022 0.5389159356469608
3 3178 2495 2489 0.29346391795971993 0.5143866834427022 0.5389159356469608
3 3053 3054 2400 0.29346391795971993 0.5143866834427022 0.5389159356469608
3 2400 3178 2494 0.29346391795971993 0.5143866834427022 0.5389159356469608
3 2495 3178 2400 0.29346391795971993 0.5143866834427022 0.5389159356469608
3 2494 2399 2400 0.29346391795971993 0.5143866834427022 0.5389159356469608
3 2400 2399 3053 0.29346391795971993 0.5143866834427022 0.5389159356469608
3 2496 3179 2401 0.29346391795971993 0.5143866834427022 0.5389159356469608
3 3179 2495 2401 0.29346391795971993 0.5143866834427022 0.5389159356469608
3 2401 2402 2496 0.29346391795971993 0.5143866834427022 0.5389159356469608
3 3055 2402 2401 0.29346391795971993 0.5143866834427022 0.5389159356469608
3 3054 3055 2401 0.29346391795971993 0.5143866834427022 0.5389159356469608
3 2401 2400 3054 0.29346391795971993 0.5143866834427022 0.5389159356469608
3 2495 2400 2401 0.29346391795971993 0.5143866834427022 0.5389159356469608
3 3515 3514 3185 0.29346391795971993 0.5143866834427022 0.5389159356469608
3 3185 3186 3515 0.29346391795971993 0.5143866834427022 0.5389159356469608
3 2455 2965 3042 0.29346391795971993 0.5143866834427022 0.5389159356469608
3 2396 2446 2395 0.29346391795971993 0.5143866834427022 0.5389159356469608
3 2396 2447 2446 0.29346391795971993 0.5143866834427022 0.5389159356469608
3 2448 2447 2396 0.29346391795971993 0.5143866834427022 0.5389159356469608
3 2622 2556 2563 0.29346391795971993 0.5143866834427022 0.5389159356469608
3 2556 2621 2563 0.29346391795971993 0.5143866834427022 0.5389159356469608
3 2563 2489 2622 0.29346391795971993 0.5143866834427022 0.5389159356469608
3 2563 3178 2489 0.29346391795971993 0.5143866834427022 0.5389159356469608
3 2557 2564 2623 0.29346391795971993 0.5143866834427022 0.5389159356469608
3 3510 2557 2623 0.29346391795971993 0.5143866834427022 0.5389159356469608
3 2490 2565 2623 0.29346391795971993 0.5143866834427022 0.5389159356469608
3 2623 2564 2490 0.29346391795971993 0.5143866834427022 0.5389159356469608
3 2565 2624 2623 0.29346391795971993 0.5143866834427022 0.5389159356469608
3 2623 2624 3510 0.29346391795971993 0.5143866834427022 0.5389159356469608
3 2964 2965 2455 0.29346391795971993 0.5143866834427022 0.5389159356469608
3 3365 2965 2964 0.29346391795971993 0.5143866834427022 0.5389159356469608
3 2964 3364 3365 0.29346391795971993 0.5143866834427022 0.5389159356469608
3 3525 2412 3524 0.29346391795971993 0.5143866834427022 0.5389159356469608
3 3524 2417 3525 0.29346391795971993 0.5143866834427022 0.5389159356469608
3 2417 2418 3525 0.29346391795971993 0.5143866834427022 0.5389159356469608
3 2413 2412 3525 0.29346391795971993 0.5143866834427022 0.5389159356469608
3 3526 2413 3525 0.29346391795971993 0.5143866834427022 0.5389159356469608
3 3525 2418 3526 0.29346391795971993 0.5143866834427022 0.5389159356469608
3 3400 2798 3399 0.29346391795971993 0.5143866834427022 0.5389159356469608
3 2799 2798 3400 0.29346391795971993 0.5143866834427022 0.5389159356469608
3 2810 2902 2809 0.29346391795971993 0.5143866834427022 0.5389159356469608
3 2810 3313 2811 0.29346391795971993 0.5143866834427022 0.5389159356469608
3 2809 3312 2810 0.29346391795971993 0.5143866834427022 0.5389159356469608
3 2810 3312 3313 0.29346391795971993 0.5143866834427022 0.5389159356469608
3 2729 2728 3105 0.29346391795971993 0.5143866834427022 0.5389159356469608
3 3667 2728 2729 0.29346391795971993 0.5143866834427022 0.5389159356469608
3 3105 3106 2729 0.29346391795971993 0.5143866834427022 0.5389159356469608
3 3668 3667 2729 0.29346391795971993 0.5143866834427022 0.5389159356469608
3 2729 3106 3668 0.29346391795971993 0.5143866834427022 0.5389159356469608
3 3104 2727 3103 0.29346391795971993 0.5143866834427022 0.5389159356469608
3 3104 2728 2727 0.29346391795971993 0.5143866834427022 0.5389159356469608
3 3103 2642 3104 0.29346391795971993 0.5143866834427022 0.5389159356469608
3 3104 2642 3105 0.29346391795971993 0.5143866834427022 0.5389159356469608
3 3105 2728 3104 0.29346391795971993 0.5143866834427022 0.5389159356469608
3 2638 3100 3099 0.29346391795971993 0.5143866834427022 0.5389159356469608
3 3415 3416 2638 0.29346391795971993 0.5143866834427022 0.5389159356469608
3 2665 3210 3211 0.29346391795971993 0.5143866834427022 0.5389159356469608
3 2665 2664 3210 0.29346391795971993 0.5143866834427022 0.5389159356469608
3 2812 3315 2813 0.29346391795971993 0.5143866834427022 0.5389159356469608
3 2813 3315 3316 0.29346391795971993 0.5143866834427022 0.5389159356469608
3 3316 3317 2813 0.29346391795971993 0.5143866834427022 0.5389159356469608
3 3317 2906 2813 0.29346391795971993 0.5143866834427022 0.5389159356469608
3 3090 2801 2802 0.29346391795971993 0.5143866834427022 0.5389159356469608
3 2802 3091 3090 0.29346391795971993 0.5143866834427022 0.5389159356469608
3 3123 3124 3423 0.29346391795971993 0.5143866834427022 0.5389159356469608
3 3123 3422 3122 0.29346391795971993 0.5143866834427022 0.5389159356469608
3 3123 3423 3422 0.29346391795971993 0.5143866834427022 0.5389159356469608
3 3122 3572 3123 0.29346391795971993 0.5143866834427022 0.5389159356469608
3 3123 3572 3573 0.29346391795971993 0.5143866834427022 0.5389159356469608
3 3573 3124 3123 0.29346391795971993 0.5143866834427022 0.5389159356469608
3 3120 3420 2651 0.29346391795971993 0.5143866834427022 0.5389159356469608
3 3120 3121 3420 0.29346391795971993 0.5143866834427022 0.5389159356469608
3 2651 3119 3120 0.29346391795971993 0.5143866834427022 0.5389159356469608
3 3570 3121 3120 0.29346391795971993 0.5143866834427022 0.5389159356469608
3 3120 3569 3570 0.29346391795971993 0.5143866834427022 0.5389159356469608
3 3120 3119 2660 0.29346391795971993 0.5143866834427022 0.5389159356469608
3 2660 3569 3120 0.29346391795971993 0.5143866834427022 0.5389159356469608
3 3418 2640 3417 0.29346391795971993 0.5143866834427022 0.5389159356469608
3 3417 3416 2649 0.29346391795971993 0.5143866834427022 0.5389159356469608
3 2649 2650 3417 0.29346391795971993 0.5143866834427022 0.5389159356469608
3 3417 2650 3418 0.29346391795971993 0.5143866834427022 0.5389159356469608
3 3117 3118 2649 0.29346391795971993 0.5143866834427022 0.5389159356469608
3 2649 2648 3117 0.29346391795971993 0.5143866834427022 0.5389159356469608
3 2648 3116 3117 0.29346391795971993 0.5143866834427022 0.5389159356469608
3 3116 2658 3117 0.29346391795971993 0.5143866834427022 0.5389159356469608
3 2659 3118 3117 0.29346391795971993 0.5143866834427022 0.5389159356469608
3 3117 2658 2659 0.29346391795971993 0.5143866834427022 0.5389159356469608
3 3567 2658 3566 0.29346391795971993 0.5143866834427022 0.5389159356469608
3 3565 2667 3566 0.29346391795971993 0.5143866834427022 0.5389159356469608
3 3566 2657 3565 0.29346391795971993 0.5143866834427022 0.5389159356469608
3 2658 2657 3566 0.29346391795971993 0.5143866834427022 0.5389159356469608
3 2668 3567 3566 0.29346391795971993 0.5143866834427022 0.5389159356469608
3 3566 2667 2668 0.29346391795971993 0.5143866834427022 0.5389159356469608
3 2636 3413 3414 0.29346391795971993 0.5143866834427022 0.5389159356469608
3 3414 3413 2646 0.29346391795971993 0.5143866834427022 0.5389159356469608
3 3414 2647 3415 0.29346391795971993 0.5143866834427022 0.5389159356469608
3 2646 2647 3414 0.29346391795971993 0.5143866834427022 0.5389159356469608
3 3490 3489 2612 0.29346391795971993 0.5143866834427022 0.5389159356469608
3 2613 3491 3490 0.29346391795971993 0.5143866834427022 0.5389159356469608
3 3490 2612 2613 0.29346391795971993 0.5143866834427022 0.5389159356469608
3 3491 2605 3490 0.29346391795971993 0.5143866834427022 0.5389159356469608
3 3488 3487 2610 0.29346391795971993 0.5143866834427022 0.5389159356469608
3 3488 2610 2611 0.29346391795971993 0.5143866834427022 0.5389159356469608
3 2611 3489 3488 0.29346391795971993 0.5143866834427022 0.5389159356469608
3 3488 3489 2603 0.29346391795971993 0.5143866834427022 0.5389159356469608
3 2602 3488 2603 0.29346391795971993 0.5143866834427022 0.5389159356469608
3 3487 3488 2602 0.29346391795971993 0.5143866834427022 0.5389159356469608
3 2600 3485 3486 0.29346391795971993 0.5143866834427022 0.5389159356469608
3 2683 2682 2600 0.29346391795971993 0.5143866834427022 0.5389159356469608
3 3602 3601 2672 0.29346391795971993 0.5143866834427022 0.5389159356469608
3 3603 2775 3602 0.29346391795971993 0.5143866834427022 0.5389159356469608
3 2775 3601 3602 0.29346391795971993 0.5143866834427022 0.5389159356469608
3 3130 2674 3129 0.29346391795971993 0.5143866834427022 0.5389159356469608
3 3129 2674 3128 0.29346391795971993 0.5143866834427022 0.5389159356469608
3 3129 2683 3130 0.29346391795971993 0.5143866834427022 0.5389159356469608
3 3129 2682 2683 0.29346391795971993 0.5143866834427022 0.5389159356469608
3 2681 2682 3129 0.29346391795971993 0.5143866834427022 0.5389159356469608
3 3129 3128 2681 0.29346391795971993 0.5143866834427022 0.5389159356469608
3 3605 3604 2676 0.29346391795971993 0.5143866834427022 0.5389159356469608
3 3605 3606 2778 0.29346391795971993 0.5143866834427022 0.5389159356469608
3 2778 2777 3605 0.29346391795971993 0.5143866834427022 0.5389159356469608
3 2777 3604 3605 0.29346391795971993 0.5143866834427022 0.5389159356469608
3 3605 2676 2677 0.29346391795971993 0.5143866834427022 0.5389159356469608
3 2677 3606 3605 0.29346391795971993 0.5143866834427022 0.5389159356469608
3 2870 3266 2869 0.29346391795971993 0.5143866834427022 0.5389159356469608
3 2869 2780 2870 0.29346391795971993 0.5143866834427022 0.5389159356469608
3 2869 3266 2858 0.29346391795971993 0.5143866834427022 0.5389159356469608
3 3140 3141 3613 0.29346391795971993 0.5143866834427022 0.5389159356469608
3 3140 3612 3139 0.29346391795971993 0.5143866834427022 0.5389159356469608
3 3613 3612 3140 0.29346391795971993 0.5143866834427022 0.5389159356469608
3 3139 3496 3140 0.29346391795971993 0.5143866834427022 0.5389159356469608
3 3482 3483 3716 0.29346391795971993 0.5143866834427022 0.5389159356469608
3 3716 3715 3482 0.29346391795971993 0.5143866834427022 0.5389159356469608
3 3716 3696 3597 0.29346391795971993 0.5143866834427022 0.5389159356469608
3 3716 3483 3696 0.29346391795971993 0.5143866834427022 0.5389159356469608
3 3597 3464 3716 0.29346391795971993 0.5143866834427022 0.5389159356469608
3 3464 3715 3716 0.29346391795971993 0.5143866834427022 0.5389159356469608
3 2858 3266 3477 0.29346391795971993 0.5143866834427022 0.5389159356469608
3 3266 3478 3477 0.29346391795971993 0.5143866834427022 0.5389159356469608
3 3477 3478 3251 0.29346391795971993 0.5143866834427022 0.5389159356469608
3 3354 3251 3252 0.29346391795971993 0.5143866834427022 0.5389159356469608
3 3252 3355 3354 0.29346391795971993 0.5143866834427022 0.5389159356469608
3 3354 3462 3461 0.29346391795971993 0.5143866834427022 0.5389159356469608
3 3355 3462 3354 0.29346391795971993 0.5143866834427022 0.5389159356469608
3 3271 3612 3613 0.29346391795971993 0.5143866834427022 0.5389159356469608
3 3271 3614 3482 0.29346391795971993 0.5143866834427022 0.5389159356469608
3 3271 3613 3614 0.29346391795971993 0.5143866834427022 0.5389159356469608
3 3482 3715 3271 0.29346391795971993 0.5143866834427022 0.5389159356469608
3 3715 3481 3271 0.29346391795971993 0.5143866834427022 0.5389159356469608
3 3269 3611 3270 0.29346391795971993 0.5143866834427022 0.5389159356469608
3 3611 3612 3270 0.29346391795971993 0.5143866834427022 0.5389159356469608
3 3270 3480 3269 0.29346391795971993 0.5143866834427022 0.5389159356469608
3 3612 3271 3270 0.29346391795971993 0.5143866834427022 0.5389159356469608
3 3270 3271 3481 0.29346391795971993 0.5143866834427022 0.5389159356469608
3 3463 3253 3714 0.29346391795971993 0.5143866834427022 0.5389159356469608
3 3253 3480 3714 0.29346391795971993 0.5143866834427022 0.5389159356469608
3 3714 3464 3463 0.29346391795971993 0.5143866834427022 0.5389159356469608
3 2338 2505 2337 0.29346391795971993 0.5143866834427022 0.5389159356469608
3 2338 2997 2505 0.29346391795971993 0.5143866834427022 0.5389159356469608
3 2339 2566 2338 0.29346391795971993 0.5143866834427022 0.5389159356469608
3 2566 2997 2338 0.29346391795971993 0.5143866834427022 0.5389159356469608
3 2703 2576 2577 0.29346391795971993 0.5143866834427022 0.5389159356469608
3 2704 2703 2577 0.29346391795971993 0.5143866834427022 0.5389159356469608
3 3291 3292 2577 0.29346391795971993 0.5143866834427022 0.5389159356469608
3 2577 2576 3291 0.29346391795971993 0.5143866834427022 0.5389159356469608
3 3293 2515 2516 0.29346391795971993 0.5143866834427022 0.5389159356469608
3 2578 3293 2579 0.29346391795971993 0.5143866834427022 0.5389159356469608
3 2578 2705 2704 0.29346391795971993 0.5143866834427022 0.5389159356469608
3 2579 2705 2578 0.29346391795971993 0.5143866834427022 0.5389159356469608
3 2704 2577 2578 0.29346391795971993 0.5143866834427022 0.5389159356469608
3 3292 3293 2578 0.29346391795971993 0.5143866834427022 0.5389159356469608
3 2578 2577 3292 0.29346391795971993 0.5143866834427022 0.5389159356469608
3 3544 2586 3545 0.29346391795971993 0.5143866834427022 0.5389159356469608
3 3545 2522 3544 0.29346391795971993 0.5143866834427022 0.5389159356469608
3 2523 2522 3545 0.29346391795971993 0.5143866834427022 0.5389159356469608
3 3546 2523 3545 0.29346391795971993 0.5143866834427022 0.5389159356469608
3 3545 2587 3546 0.29346391795971993 0.5143866834427022 0.5389159356469608
3 3545 2586 2587 0.29346391795971993 0.5143866834427022 0.5389159356469608
3 3086 2586 3085 0.29346391795971993 0.5143866834427022 0.5389159356469608
3 3085 3084 2796 0.29346391795971993 0.5143866834427022 0.5389159356469608
3 3085 2585 3084 0.29346391795971993 0.5143866834427022 0.5389159356469608
3 2586 2585 3085 0.29346391795971993 0.5143866834427022 0.5389159356469608
3 3085 2797 3086 0.29346391795971993 0.5143866834427022 0.5389159356469608
3 2796 2797 3085 0.29346391795971993 0.5143866834427022 0.5389159356469608
3 3012 2514 2513 0.29346391795971993 0.5143866834427022 0.5389159356469608
3 2513 3011 3012 0.29346391795971993 0.5143866834427022 0.5389159356469608
3 3013 2514 3012 0.29346391795971993 0.5143866834427022 0.5389159356469608
3 3012 2522 3013 0.29346391795971993 0.5143866834427022 0.5389159356469608
3 3552 3551 3092 0.29346391795971993 0.5143866834427022 0.5389159356469608
3 3092 3551 3091 0.29346391795971993 0.5143866834427022 0.5389159356469608
3 3091 2802 3092 0.29346391795971993 0.5143866834427022 0.5389159356469608
3 3094 3554 3553 0.29346391795971993 0.5143866834427022 0.5389159356469608
3 3553 3554 3022 0.29346391795971993 0.5143866834427022 0.5389159356469608
3 3553 3021 3552 0.29346391795971993 0.5143866834427022 0.5389159356469608
3 3022 3021 3553 0.29346391795971993 0.5143866834427022 0.5389159356469608
3 3076 3386 3077 0.29346391795971993 0.5143866834427022 0.5389159356469608
3 3077 3648 3076 0.29346391795971993 0.5143866834427022 0.5389159356469608
3 3075 3385 3076 0.29346391795971993 0.5143866834427022 0.5389159356469608
3 3385 3386 3076 0.29346391795971993 0.5143866834427022 0.5389159356469608
3 3076 3647 3075 0.29346391795971993 0.5143866834427022 0.5389159356469608
3 3076 3648 3647 0.29346391795971993 0.5143866834427022 0.5389159356469608
3 3649 3648 3077 0.29346391795971993 0.5143866834427022 0.5389159356469608
3 3078 3650 3649 0.29346391795971993 0.5143866834427022 0.5389159356469608
3 3649 3077 3078 0.29346391795971993 0.5143866834427022 0.5389159356469608
3 3649 3650 3008 0.29346391795971993 0.5143866834427022 0.5389159356469608
3 3647 3648 3006 0.29346391795971993 0.5143866834427022 0.5389159356469608
3 3006 3005 3647 0.29346391795971993 0.5143866834427022 0.5389159356469608
3 3199 3198 3006 0.29346391795971993 0.5143866834427022 0.5389159356469608
3 3198 3005 3006 0.29346391795971993 0.5143866834427022 0.5389159356469608
3 2999 3000 2507 0.29346391795971993 0.5143866834427022 0.5389159356469608
3 2998 2568 2999 0.29346391795971993 0.5143866834427022 0.5389159356469608
3 2999 2506 2998 0.29346391795971993 0.5143866834427022 0.5389159356469608
3 2999 2507 2506 0.29346391795971993 0.5143866834427022 0.5389159356469608
3 2570 3000 2569 0.29346391795971993 0.5143866834427022 0.5389159356469608
3 3642 2570 2569 0.29346391795971993 0.5143866834427022 0.5389159356469608
3 2569 3641 3642 0.29346391795971993 0.5143866834427022 0.5389159356469608
3 2568 3641 2569 0.29346391795971993 0.5143866834427022 0.5389159356469608
3 2569 2999 2568 0.29346391795971993 0.5143866834427022 0.5389159356469608
3 3000 2999 2569 0.29346391795971993 0.5143866834427022 0.5389159356469608
3 2508 3193 2507 0.29346391795971993 0.5143866834427022 0.5389159356469608
3 2507 3000 2508 0.29346391795971993 0.5143866834427022 0.5389159356469608
3 3194 3193 2508 0.29346391795971993 0.5143866834427022 0.5389159356469608
3 2508 3000 3001 0.29346391795971993 0.5143866834427022 0.5389159356469608
3 3382 3383 2697 0.29346391795971993 0.5143866834427022 0.5389159356469608
3 2696 3382 2697 0.29346391795971993 0.5143866834427022 0.5389159356469608
3 2697 3072 2696 0.29346391795971993 0.5143866834427022 0.5389159356469608
3 2697 3073 3072 0.29346391795971993 0.5143866834427022 0.5389159356469608
3 3383 3384 2698 0.29346391795971993 0.5143866834427022 0.5389159356469608
3 2698 2697 3383 0.29346391795971993 0.5143866834427022 0.5389159356469608
3 3073 2697 2698 0.29346391795971993 0.5143866834427022 0.5389159356469608
3 2698 3384 2699 0.29346391795971993 0.5143866834427022 0.5389159356469608
3 3188 3189 3518 0.29346391795971993 0.5143866834427022 0.5389159356469608
3 3172 3517 3518 0.29346391795971993 0.5143866834427022 0.5389159356469608
3 3518 3517 3188 0.29346391795971993 0.5143866834427022 0.5389159356469608
3 3518 3173 3172 0.29346391795971993 0.5143866834427022 0.5389159356469608
3 3518 3189 3519 0.29346391795971993 0.5143866834427022 0.5389159356469608
3 3519 3173 3518 0.29346391795971993 0.5143866834427022 0.5389159356469608
3 3537 3204 3205 0.29346391795971993 0.5143866834427022 0.5389159356469608
3 3205 3538 3537 0.29346391795971993 0.5143866834427022 0.5389159356469608
3 3537 3538 3519 0.29346391795971993 0.5143866834427022 0.5389159356469608
3 3519 3189 3537 0.29346391795971993 0.5143866834427022 0.5389159356469608
3 3203 3204 3536 0.29346391795971993 0.5143866834427022 0.5389159356469608
3 3204 3537 3536 0.29346391795971993 0.5143866834427022 0.5389159356469608
3 3536 3189 3065 0.29346391795971993 0.5143866834427022 0.5389159356469608
3 3536 3537 3189 0.29346391795971993 0.5143866834427022 0.5389159356469608
3 3652 3203 3651 0.29346391795971993 0.5143866834427022 0.5389159356469608
3 3203 3009 3651 0.29346391795971993 0.5143866834427022 0.5389159356469608
3 3651 3009 3650 0.29346391795971993 0.5143866834427022 0.5389159356469608
3 3651 3650 3079 0.29346391795971993 0.5143866834427022 0.5389159356469608
3 3079 3080 3651 0.29346391795971993 0.5143866834427022 0.5389159356469608
3 3651 3080 3652 0.29346391795971993 0.5143866834427022 0.5389159356469608
3 3003 3002 2572 0.29346391795971993 0.5143866834427022 0.5389159356469608
3 3004 2511 3003 0.29346391795971993 0.5143866834427022 0.5389159356469608
3 2511 2510 3003 0.29346391795971993 0.5143866834427022 0.5389159356469608
3 3003 2510 3002 0.29346391795971993 0.5143866834427022 0.5389159356469608
3 2572 2573 3003 0.29346391795971993 0.5143866834427022 0.5389159356469608
3 2573 3004 3003 0.29346391795971993 0.5143866834427022 0.5389159356469608
3 3001 3002 2509 0.29346391795971993 0.5143866834427022 0.5389159356469608
3 3002 2510 2509 0.29346391795971993 0.5143866834427022 0.5389159356469608
3 2509 2508 3001 0.29346391795971993 0.5143866834427022 0.5389159356469608
3 3194 2508 2509 0.29346391795971993 0.5143866834427022 0.5389159356469608
3 2509 3195 3194 0.29346391795971993 0.5143866834427022 0.5389159356469608
3 2509 2510 3195 0.29346391795971993 0.5143866834427022 0.5389159356469608
3 3433 2734 2733 0.29346391795971993 0.5143866834427022 0.5389159356469608
3 3434 2734 3433 0.29346391795971993 0.5143866834427022 0.5389159356469608
3 2831 2830 3684 0.29346391795971993 0.5143866834427022 0.5389159356469608
3 3684 3685 2831 0.29346391795971993 0.5143866834427022 0.5389159356469608
3 2831 3227 2830 0.29346391795971993 0.5143866834427022 0.5389159356469608
3 2831 3228 3227 0.29346391795971993 0.5143866834427022 0.5389159356469608
3 3460 2931 3353 0.29346391795971993 0.5143866834427022 0.5389159356469608
3 3353 2931 3250 0.29346391795971993 0.5143866834427022 0.5389159356469608
3 3461 3460 3353 0.29346391795971993 0.5143866834427022 0.5389159356469608
3 3353 3354 3461 0.29346391795971993 0.5143866834427022 0.5389159356469608
3 3251 3354 3353 0.29346391795971993 0.5143866834427022 0.5389159356469608
3 2930 3248 2942 0.29346391795971993 0.5143866834427022 0.5389159356469608
3 3034 3591 3590 0.29346391795971993 0.5143866834427022 0.5389159356469608
3 3590 3033 3034 0.29346391795971993 0.5143866834427022 0.5389159356469608
3 3590 3589 3033 0.29346391795971993 0.5143866834427022 0.5389159356469608
3 2853 3261 2854 0.29346391795971993 0.5143866834427022 0.5389159356469608
3 2854 3472 2853 0.29346391795971993 0.5143866834427022 0.5389159356469608
3 2852 3259 2853 0.29346391795971993 0.5143866834427022 0.5389159356469608
3 3691 3336 3337 0.29346391795971993 0.5143866834427022 0.5389159356469608
3 3691 3235 3234 0.29346391795971993 0.5143866834427022 0.5389159356469608
3 3234 3690 3691 0.29346391795971993 0.5143866834427022 0.5389159356469608
3 3690 3336 3691 0.29346391795971993 0.5143866834427022 0.5389159356469608
3 3691 3337 3692 0.29346391795971993 0.5143866834427022 0.5389159356469608
3 3692 3235 3691 0.29346391795971993 0.5143866834427022 0.5389159356469608
3 3591 3335 3334 0.29346391795971993 0.5143866834427022 0.5389159356469608
3 3689 3335 3690 0.29346391795971993 0.5143866834427022 0.5389159356469608
3 3689 3334 3335 0.29346391795971993 0.5143866834427022 0.5389159356469608
3 3439 3440 3216 0.29346391795971993 0.5143866834427022 0.5389159356469608
3 3567 2669 3568 0.29346391795971993 0.5143866834427022 0.5389159356469608
3 3568 2660 2659 0.29346391795971993 0.5143866834427022 0.5389159356469608
3 2659 3567 3568 0.29346391795971993 0.5143866834427022 0.5389159356469608
3 3568 3569 2660 0.29346391795971993 0.5143866834427022 0.5389159356469608
3 3214 2739 3215 0.29346391795971993 0.5143866834427022 0.5389159356469608
3 3215 2669 3214 0.29346391795971993 0.5143866834427022 0.5389159356469608
3 3215 3439 3216 0.29346391795971993 0.5143866834427022 0.5389159356469608
3 2739 3439 3215 0.29346391795971993 0.5143866834427022 0.5389159356469608
3 3216 3569 3215 0.29346391795971993 0.5143866834427022 0.5389159356469608
3 3569 3568 3215 0.29346391795971993 0.5143866834427022 0.5389159356469608
3 3215 3568 2669 0.29346391795971993 0.5143866834427022 0.5389159356469608
3 2731 3430 3431 0.29346391795971993 0.5143866834427022 0.5389159356469608
3 2732 2731 3431 0.29346391795971993 0.5143866834427022 0.5389159356469608
3 3431 3430 2742 0.29346391795971993 0.5143866834427022 0.5389159356469608
3 2742 2743 3431 0.29346391795971993 0.5143866834427022 0.5389159356469608
3 3210 2734 2735 0.29346391795971993 0.5143866834427022 0.5389159356469608
3 3211 3210 2735 0.29346391795971993 0.5143866834427022 0.5389159356469608
3 2735 2736 3211 0.29346391795971993 0.5143866834427022 0.5389159356469608
3 2735 3435 2736 0.29346391795971993 0.5143866834427022 0.5389159356469608
3 3434 3435 2735 0.29346391795971993 0.5143866834427022 0.5389159356469608
3 2735 2734 3434 0.29346391795971993 0.5143866834427022 0.5389159356469608
3 3702 3701 2921 0.29346391795971993 0.5143866834427022 0.5389159356469608
3 2921 3238 3239 0.29346391795971993 0.5143866834427022 0.5389159356469608
3 2920 3238 2921 0.29346391795971993 0.5143866834427022 0.5389159356469608
3 2921 3701 2920 0.29346391795971993 0.5143866834427022 0.5389159356469608
3 2839 2840 3681 0.29346391795971993 0.5143866834427022 0.5389159356469608
3 3681 3680 2839 0.29346391795971993 0.5143866834427022 0.5389159356469608
3 3327 2840 2839 0.29346391795971993 0.5143866834427022 0.5389159356469608
3 2839 3326 3327 0.29346391795971993 0.5143866834427022 0.5389159356469608
3 3678 2837 3679 0.29346391795971993 0.5143866834427022 0.5389159356469608
3 3678 2825 2378 0.29346391795971993 0.5143866834427022 0.5389159356469608
3 3678 3679 2825 0.29346391795971993 0.5143866834427022 0.5389159356469608
3 3678 2378 2379 0.29346391795971993 0.5143866834427022 0.5389159356469608
3 2379 2836 3678 0.29346391795971993 0.5143866834427022 0.5389159356469608
3 3678 2836 2837 0.29346391795971993 0.5143866834427022 0.5389159356469608
3 3451 2594 3450 0.29346391795971993 0.5143866834427022 0.5389159356469608
3 3450 2763 3451 0.29346391795971993 0.5143866834427022 0.5389159356469608
3 2763 2764 3451 0.29346391795971993 0.5143866834427022 0.5389159356469608
3 3452 3451 2764 0.29346391795971993 0.5143866834427022 0.5389159356469608
3 2597 2757 2596 0.29346391795971993 0.5143866834427022 0.5389159356469608
3 2924 2925 3346 0.29346391795971993 0.5143866834427022 0.5389159356469608
3 3242 3243 2924 0.29346391795971993 0.5143866834427022 0.5389159356469608
3 3243 2925 2924 0.29346391795971993 0.5143866834427022 0.5389159356469608
3 2924 3241 3242 0.29346391795971993 0.5143866834427022 0.5389159356469608
3 2923 3241 2924 0.29346391795971993 0.5143866834427022 0.5389159356469608
3 2924 3345 2923 0.29346391795971993 0.5143866834427022 0.5389159356469608
3 2924 3346 3345 0.29346391795971993 0.5143866834427022 0.5389159356469608
3 3243 2935 2936 0.29346391795971993 0.5143866834427022 0.5389159356469608
3 3468 2937 2936 0.29346391795971993 0.5143866834427022 0.5389159356469608
3 2936 2937 3243 0.29346391795971993 0.5143866834427022 0.5389159356469608
3 2936 3467 3468 0.29346391795971993 0.5143866834427022 0.5389159356469608
3 2936 2935 3467 0.29346391795971993 0.5143866834427022 0.5389159356469608
3 2287 3256 3255 0.29346391795971993 0.5143866834427022 0.5389159356469608
3 2287 2859 3256 0.29346391795971993 0.5143866834427022 0.5389159356469608
3 2288 2859 2287 0.29346391795971993 0.5143866834427022 0.5389159356469608
3 2287 3255 2286 0.29346391795971993 0.5143866834427022 0.5389159356469608
3 2862 2863 3260 0.29346391795971993 0.5143866834427022 0.5389159356469608
3 3260 3259 2862 0.29346391795971993 0.5143866834427022 0.5389159356469608
3 3260 2853 3259 0.29346391795971993 0.5143866834427022 0.5389159356469608
3 3260 2863 3261 0.29346391795971993 0.5143866834427022 0.5389159356469608
3 3261 2853 3260 0.29346391795971993 0.5143866834427022 0.5389159356469608
3 3247 2941 2929 0.29346391795971993 0.5143866834427022 0.5389159356469608
3 2929 3708 3247 0.29346391795971993 0.5143866834427022 0.5389159356469608
3 3708 2928 3247 0.29346391795971993 0.5143866834427022 0.5389159356469608
3 3244 2937 2938 0.29346391795971993 0.5143866834427022 0.5389159356469608
3 2938 3245 3244 0.29346391795971993 0.5143866834427022 0.5389159356469608
3 2938 2937 3469 0.29346391795971993 0.5143866834427022 0.5389159356469608
3 2923 3702 2922 0.29346391795971993 0.5143866834427022 0.5389159356469608
3 2922 3240 2923 0.29346391795971993 0.5143866834427022 0.5389159356469608
3 3702 2921 2922 0.29346391795971993 0.5143866834427022 0.5389159356469608
3 3239 3240 2922 0.29346391795971993 0.5143866834427022 0.5389159356469608
3 2922 2921 3239 0.29346391795971993 0.5143866834427022 0.5389159356469608
3 2932 3240 3239 0.29346391795971993 0.5143866834427022 0.5389159356469608
3 3239 2283 2932 0.29346391795971993 0.5143866834427022 0.5389159356469608
3 2283 2284 2932 0.29346391795971993 0.5143866834427022 0.5389159356469608
3 2933 3465 2934 0.29346391795971993 0.5143866834427022 0.5389159356469608
3 2934 3241 2933 0.29346391795971993 0.5143866834427022 0.5389159356469608
3 3241 3240 2933 0.29346391795971993 0.5143866834427022 0.5389159356469608
3 2284 3465 2933 0.29346391795971993 0.5143866834427022 0.5389159356469608
3 2933 2932 2284 0.29346391795971993 0.5143866834427022 0.5389159356469608
3 3240 2932 2933 0.29346391795971993 0.5143866834427022 0.5389159356469608
3 2670 2291 2671 0.29346391795971993 0.5143866834427022 0.5389159356469608
3 2671 3600 2670 0.29346391795971993 0.5143866834427022 0.5389159356469608
3 2671 3601 3600 0.29346391795971993 0.5143866834427022 0.5389159356469608
3 2672 3601 2671 0.29346391795971993 0.5143866834427022 0.5389159356469608
3 3126 2291 2292 0.29346391795971993 0.5143866834427022 0.5389159356469608
3 2292 3127 3126 0.29346391795971993 0.5143866834427022 0.5389159356469608
3 3126 2671 2291 0.29346391795971993 0.5143866834427022 0.5389159356469608
3 3126 3127 2672 0.29346391795971993 0.5143866834427022 0.5389159356469608
3 2672 2671 3126 0.29346391795971993 0.5143866834427022 0.5389159356469608
3 3392 3654 3391 0.29346391795971993 0.5143866834427022 0.5389159356469608
3 3558 3559 3392 0.29346391795971993 0.5143866834427022 0.5389159356469608
3 3392 3559 3656 0.29346391795971993 0.5143866834427022 0.5389159356469608
3 3392 3305 3558 0.29346391795971993 0.5143866834427022 0.5389159356469608
3 3391 3305 3392 0.29346391795971993 0.5143866834427022 0.5389159356469608
3 3079 3388 3389 0.29346391795971993 0.5143866834427022 0.5389159356469608
3 3389 3080 3079 0.29346391795971993 0.5143866834427022 0.5389159356469608
3 3390 3080 3389 0.29346391795971993 0.5143866834427022 0.5389159356469608
3 3389 3388 3302 0.29346391795971993 0.5143866834427022 0.5389159356469608
3 3302 3303 3389 0.29346391795971993 0.5143866834427022 0.5389159356469608
3 3303 3304 3389 0.29346391795971993 0.5143866834427022 0.5389159356469608
3 3389 3304 3390 0.29346391795971993 0.5143866834427022 0.5389159356469608
3 3280 2615 2533 0.29346391795971993 0.5143866834427022 0.5389159356469608
3 3280 3281 2615 0.29346391795971993 0.5143866834427022 0.5389159356469608
3 3496 3495 3282 0.29346391795971993 0.5143866834427022 0.5389159356469608
3 3495 3281 3282 0.29346391795971993 0.5143866834427022 0.5389159356469608
3 3151 3152 3282 0.29346391795971993 0.5143866834427022 0.5389159356469608
3 3282 3281 3151 0.29346391795971993 0.5143866834427022 0.5389159356469608
3 3499 3287 3500 0.29346391795971993 0.5143866834427022 0.5389159356469608
3 3499 3286 3287 0.29346391795971993 0.5143866834427022 0.5389159356469608
3 3500 3615 3499 0.29346391795971993 0.5143866834427022 0.5389159356469608
3 3499 3615 3614 0.29346391795971993 0.5143866834427022 0.5389159356469608
3 3614 3141 3499 0.29346391795971993 0.5143866834427022 0.5389159356469608
3 2434 3148 3147 0.29346391795971993 0.5143866834427022 0.5389159356469608
3 3147 2433 2434 0.29346391795971993 0.5143866834427022 0.5389159356469608
3 2434 3149 3148 0.29346391795971993 0.5143866834427022 0.5389159356469608
3 2434 2952 3149 0.29346391795971993 0.5143866834427022 0.5389159356469608
3 2434 2433 2951 0.29346391795971993 0.5143866834427022 0.5389159356469608
3 2951 2952 2434 0.29346391795971993 0.5143866834427022 0.5389159356469608
3 3636 3502 3635 0.29346391795971993 0.5143866834427022 0.5389159356469608
3 3636 3637 3502 0.29346391795971993 0.5143866834427022 0.5389159356469608
3 3635 3374 3636 0.29346391795971993 0.5143866834427022 0.5389159356469608
3 3636 3374 3521 0.29346391795971993 0.5143866834427022 0.5389159356469608
3 3540 3539 3656 0.29346391795971993 0.5143866834427022 0.5389159356469608
3 3540 3521 3539 0.29346391795971993 0.5143866834427022 0.5389159356469608
3 3540 3636 3521 0.29346391795971993 0.5143866834427022 0.5389159356469608
3 3637 3636 3540 0.29346391795971993 0.5143866834427022 0.5389159356469608
3 3677 3617 3719 0.29346391795971993 0.5143866834427022 0.5389159356469608
3 3719 3617 3637 0.29346391795971993 0.5143866834427022 0.5389159356469608
3 3622 2438 3621 0.29346391795971993 0.5143866834427022 0.5389159356469608
3 3622 2447 3623 0.29346391795971993 0.5143866834427022 0.5389159356469608
3 3622 3621 2446 0.29346391795971993 0.5143866834427022 0.5389159356469608
3 2446 2447 3622 0.29346391795971993 0.5143866834427022 0.5389159356469608
3 3164 2475 2483 0.29346391795971993 0.5143866834427022 0.5389159356469608
3 3164 2483 2991 0.29346391795971993 0.5143866834427022 0.5389159356469608
3 2476 2976 3164 0.29346391795971993 0.5143866834427022 0.5389159356469608
3 2976 2475 3164 0.29346391795971993 0.5143866834427022 0.5389159356469608
3 3164 3165 2476 0.29346391795971993 0.5143866834427022 0.5389159356469608
3 2991 3165 3164 0.29346391795971993 0.5143866834427022 0.5389159356469608
3 2478 2544 2986 0.29346391795971993 0.5143866834427022 0.5389159356469608
3 2544 3506 2986 0.29346391795971993 0.5143866834427022 0.5389159356469608
3 2986 3506 2545 0.29346391795971993 0.5143866834427022 0.5389159356469608
3 2545 2479 2986 0.29346391795971993 0.5143866834427022 0.5389159356469608
3 3159 2478 2986 0.29346391795971993 0.5143866834427022 0.5389159356469608
3 2986 2479 3159 0.29346391795971993 0.5143866834427022 0.5389159356469608
3 3514 3515 2995 0.29346391795971993 0.5143866834427022 0.5389159356469608
3 2995 2994 3514 0.29346391795971993 0.5143866834427022 0.5389159356469608
3 3168 2994 2995 0.29346391795971993 0.5143866834427022 0.5389159356469608
3 2995 3169 3168 0.29346391795971993 0.5143866834427022 0.5389159356469608
3 2995 3515 3169 0.29346391795971993 0.5143866834427022 0.5389159356469608
3 3170 3169 2996 0.29346391795971993 0.5143866834427022 0.5389159356469608
3 3169 3515 2996 0.29346391795971993 0.5143866834427022 0.5389159356469608
3 3043 3044 2448 0.29346391795971993 0.5143866834427022 0.5389159356469608
3 2448 2396 3043 0.29346391795971993 0.5143866834427022 0.5389159356469608
3 3043 2396 3042 0.29346391795971993 0.5143866834427022 0.5389159356469608
3 2966 3044 3043 0.29346391795971993 0.5143866834427022 0.5389159356469608
3 3043 2965 2966 0.29346391795971993 0.5143866834427022 0.5389159356469608
3 3043 3042 2965 0.29346391795971993 0.5143866834427022 0.5389159356469608
3 2455 3042 3041 0.29346391795971993 0.5143866834427022 0.5389159356469608
3 3042 2396 3041 0.29346391795971993 0.5143866834427022 0.5389159356469608
3 3041 2396 2395 0.29346391795971993 0.5143866834427022 0.5389159356469608
3 2395 3040 3041 0.29346391795971993 0.5143866834427022 0.5389159356469608
3 3178 2563 2488 0.29346391795971993 0.5143866834427022 0.5389159356469608
3 2562 3177 2488 0.29346391795971993 0.5143866834427022 0.5389159356469608
3 2488 2621 2562 0.29346391795971993 0.5143866834427022 0.5389159356469608
3 2488 2563 2621 0.29346391795971993 0.5143866834427022 0.5389159356469608
3 2488 3177 2494 0.29346391795971993 0.5143866834427022 0.5389159356469608
3 2494 3178 2488 0.29346391795971993 0.5143866834427022 0.5389159356469608
3 2453 2452 2962 0.29346391795971993 0.5143866834427022 0.5389159356469608
3 2460 2461 2962 0.29346391795971993 0.5143866834427022 0.5389159356469608
3 2961 2460 2962 0.29346391795971993 0.5143866834427022 0.5389159356469608
3 2962 2452 2961 0.29346391795971993 0.5143866834427022 0.5389159356469608
3 2978 3364 3363 0.29346391795971993 0.5143866834427022 0.5389159356469608
3 3362 2461 2460 0.29346391795971993 0.5143866834427022 0.5389159356469608
3 3362 2460 3361 0.29346391795971993 0.5143866834427022 0.5389159356469608
3 3361 2468 3362 0.29346391795971993 0.5143866834427022 0.5389159356469608
3 3362 3363 2461 0.29346391795971993 0.5143866834427022 0.5389159356469608
3 3362 2468 2977 0.29346391795971993 0.5143866834427022 0.5389159356469608
3 2902 3400 2901 0.29346391795971993 0.5143866834427022 0.5389159356469608
3 2809 2902 2901 0.29346391795971993 0.5143866834427022 0.5389159356469608
3 3399 2900 2901 0.29346391795971993 0.5143866834427022 0.5389159356469608
3 2901 3400 3399 0.29346391795971993 0.5143866834427022 0.5389159356469608
3 2901 2808 2809 0.29346391795971993 0.5143866834427022 0.5389159356469608
3 2900 2808 2901 0.29346391795971993 0.5143866834427022 0.5389159356469608
3 2800 2799 3401 0.29346391795971993 0.5143866834427022 0.5389159356469608
3 2799 3400 3401 0.29346391795971993 0.5143866834427022 0.5389159356469608
3 3401 3402 2800 0.29346391795971993 0.5143866834427022 0.5389159356469608
3 3401 3400 2902 0.29346391795971993 0.5143866834427022 0.5389159356469608
3 2637 2638 3099 0.29346391795971993 0.5143866834427022 0.5389159356469608
3 3098 2636 2637 0.29346391795971993 0.5143866834427022 0.5389159356469608
3 2637 3099 3098 0.29346391795971993 0.5143866834427022 0.5389159356469608
3 2636 3414 2637 0.29346391795971993 0.5143866834427022 0.5389159356469608
3 3415 2638 2637 0.29346391795971993 0.5143866834427022 0.5389159356469608
3 2637 3414 3415 0.29346391795971993 0.5143866834427022 0.5389159356469608
3 3101 3100 2639 0.29346391795971993 0.5143866834427022 0.5389159356469608
3 3100 2638 2639 0.29346391795971993 0.5143866834427022 0.5389159356469608
3 2639 2640 3101 0.29346391795971993 0.5143866834427022 0.5389159356469608
3 2639 2638 3416 0.29346391795971993 0.5143866834427022 0.5389159356469608
3 2639 3417 2640 0.29346391795971993 0.5143866834427022 0.5389159356469608
3 3416 3417 2639 0.29346391795971993 0.5143866834427022 0.5389159356469608
3 3564 2656 2655 0.29346391795971993 0.5143866834427022 0.5389159356469608
3 3565 2656 3564 0.29346391795971993 0.5143866834427022 0.5389159356469608
3 2666 3211 3212 0.29346391795971993 0.5143866834427022 0.5389159356469608
3 2666 2665 3211 0.29346391795971993 0.5143866834427022 0.5389159356469608
3 3212 2667 2666 0.29346391795971993 0.5143866834427022 0.5389159356469608
3 2666 2667 3565 0.29346391795971993 0.5143866834427022 0.5389159356469608
3 3565 3564 2666 0.29346391795971993 0.5143866834427022 0.5389159356469608
3 2666 3564 2665 0.29346391795971993 0.5143866834427022 0.5389159356469608
3 2905 2904 2812 0.29346391795971993 0.5143866834427022 0.5389159356469608
3 2812 2813 2905 0.29346391795971993 0.5143866834427022 0.5389159356469608
3 2905 2813 2906 0.29346391795971993 0.5143866834427022 0.5389159356469608
3 3130 2683 2684 0.29346391795971993 0.5143866834427022 0.5389159356469608
3 2679 3607 2678 0.29346391795971993 0.5143866834427022 0.5389159356469608
3 2678 3606 2677 0.29346391795971993 0.5143866834427022 0.5389159356469608
3 3607 3606 2678 0.29346391795971993 0.5143866834427022 0.5389159356469608
3 2605 2687 2604 0.29346391795971993 0.5143866834427022 0.5389159356469608
3 2603 3489 2604 0.29346391795971993 0.5143866834427022 0.5389159356469608
3 2604 2686 2603 0.29346391795971993 0.5143866834427022 0.5389159356469608
3 2687 2686 2604 0.29346391795971993 0.5143866834427022 0.5389159356469608
3 3489 3490 2604 0.29346391795971993 0.5143866834427022 0.5389159356469608
3 2604 3490 2605 0.29346391795971993 0.5143866834427022 0.5389159356469608
3 2688 2687 2605 0.29346391795971993 0.5143866834427022 0.5389159356469608
3 2688 2606 2689 0.29346391795971993 0.5143866834427022 0.5389159356469608
3 2688 2605 2606 0.29346391795971993 0.5143866834427022 0.5389159356469608
3 2601 2600 3486 0.29346391795971993 0.5143866834427022 0.5389159356469608
3 3486 3487 2601 0.29346391795971993 0.5143866834427022 0.5389159356469608
3 3487 2602 2601 0.29346391795971993 0.5143866834427022 0.5389159356469608
3 2602 2684 2601 0.29346391795971993 0.5143866834427022 0.5389159356469608
3 2683 2600 2601 0.29346391795971993 0.5143866834427022 0.5389159356469608
3 2601 2684 2683 0.29346391795971993 0.5143866834427022 0.5389159356469608
3 3484 3485 2599 0.29346391795971993 0.5143866834427022 0.5389159356469608
3 3485 2600 2599 0.29346391795971993 0.5143866834427022 0.5389159356469608
3 2598 3484 2599 0.29346391795971993 0.5143866834427022 0.5389159356469608
3 2599 2600 2682 0.29346391795971993 0.5143866834427022 0.5389159356469608
3 2599 2682 2681 0.29346391795971993 0.5143866834427022 0.5389159356469608
3 2681 2598 2599 0.29346391795971993 0.5143866834427022 0.5389159356469608
3 2866 2776 2777 0.29346391795971993 0.5143866834427022 0.5389159356469608
3 2865 2776 2866 0.29346391795971993 0.5143866834427022 0.5389159356469608
3 3262 2865 2866 0.29346391795971993 0.5143866834427022 0.5389159356469608
3 2866 3263 3262 0.29346391795971993 0.5143866834427022 0.5389159356469608
3 2673 3602 2672 0.29346391795971993 0.5143866834427022 0.5389159356469608
3 3128 2674 2673 0.29346391795971993 0.5143866834427022 0.5389159356469608
3 2673 2674 3603 0.29346391795971993 0.5143866834427022 0.5389159356469608
3 3603 3602 2673 0.29346391795971993 0.5143866834427022 0.5389159356469608
3 2673 3127 3128 0.29346391795971993 0.5143866834427022 0.5389159356469608
3 2672 3127 2673 0.29346391795971993 0.5143866834427022 0.5389159356469608
3 3265 2869 2858 0.29346391795971993 0.5143866834427022 0.5389159356469608
3 2868 2869 3265 0.29346391795971993 0.5143866834427022 0.5389159356469608
3 2858 3476 3265 0.29346391795971993 0.5143866834427022 0.5389159356469608
3 3265 3476 2857 0.29346391795971993 0.5143866834427022 0.5389159356469608
3 3265 2857 3264 0.29346391795971993 0.5143866834427022 0.5389159356469608
3 3264 2868 3265 0.29346391795971993 0.5143866834427022 0.5389159356469608
3 3607 2780 2779 0.29346391795971993 0.5143866834427022 0.5389159356469608
3 2780 2869 2779 0.29346391795971993 0.5143866834427022 0.5389159356469608
3 2779 3606 3607 0.29346391795971993 0.5143866834427022 0.5389159356469608
3 2779 2869 2868 0.29346391795971993 0.5143866834427022 0.5389159356469608
3 2778 3606 2779 0.29346391795971993 0.5143866834427022 0.5389159356469608
3 2779 2868 2778 0.29346391795971993 0.5143866834427022 0.5389159356469608
3 2944 3477 3251 0.29346391795971993 0.5143866834427022 0.5389159356469608
3 3250 3476 2944 0.29346391795971993 0.5143866834427022 0.5389159356469608
3 2944 3476 2858 0.29346391795971993 0.5143866834427022 0.5389159356469608
3 2858 3477 2944 0.29346391795971993 0.5143866834427022 0.5389159356469608
3 2944 3353 3250 0.29346391795971993 0.5143866834427022 0.5389159356469608
3 3251 3353 2944 0.29346391795971993 0.5143866834427022 0.5389159356469608
3 3254 3714 3480 0.29346391795971993 0.5143866834427022 0.5389159356469608
3 3254 3481 3715 0.29346391795971993 0.5143866834427022 0.5389159356469608
3 3254 3715 3464 0.29346391795971993 0.5143866834427022 0.5389159356469608
3 3464 3714 3254 0.29346391795971993 0.5143866834427022 0.5389159356469608
3 3254 3270 3481 0.29346391795971993 0.5143866834427022 0.5389159356469608
3 3480 3270 3254 0.29346391795971993 0.5143866834427022 0.5389159356469608
3 3294 3293 2517 0.29346391795971993 0.5143866834427022 0.5389159356469608
3 3293 2516 2517 0.29346391795971993 0.5143866834427022 0.5389159356469608
3 2517 2516 3015 0.29346391795971993 0.5143866834427022 0.5389159356469608
3 2517 2518 3294 0.29346391795971993 0.5143866834427022 0.5389159356469608
3 3015 3016 2517 0.29346391795971993 0.5143866834427022 0.5389159356469608
3 2517 3016 2518 0.29346391795971993 0.5143866834427022 0.5389159356469608
3 3014 2515 3013 0.29346391795971993 0.5143866834427022 0.5389159356469608
3 3014 2516 2515 0.29346391795971993 0.5143866834427022 0.5389159356469608
3 3013 2523 3014 0.29346391795971993 0.5143866834427022 0.5389159356469608
3 3015 2516 3014 0.29346391795971993 0.5143866834427022 0.5389159356469608
3 3014 2524 3015 0.29346391795971993 0.5143866834427022 0.5389159356469608
3 2523 2524 3014 0.29346391795971993 0.5143866834427022 0.5389159356469608
3 2522 3012 2521 0.29346391795971993 0.5143866834427022 0.5389159356469608
3 3543 3544 2521 0.29346391795971993 0.5143866834427022 0.5389159356469608
3 3544 2522 2521 0.29346391795971993 0.5143866834427022 0.5389159356469608
3 2521 2520 3543 0.29346391795971993 0.5143866834427022 0.5389159356469608
3 2521 3011 2520 0.29346391795971993 0.5143866834427022 0.5389159356469608
3 2521 3012 3011 0.29346391795971993 0.5143866834427022 0.5389159356469608
3 3094 3553 3093 0.29346391795971993 0.5143866834427022 0.5389159356469608
3 3406 3094 3093 0.29346391795971993 0.5143866834427022 0.5389159356469608
3 3552 3092 3093 0.29346391795971993 0.5143866834427022 0.5389159356469608
3 3093 3553 3552 0.29346391795971993 0.5143866834427022 0.5389159356469608
3 3405 3406 3093 0.29346391795971993 0.5143866834427022 0.5389159356469608
3 3093 3092 3405 0.29346391795971993 0.5143866834427022 0.5389159356469608
3 3007 3006 3648 0.29346391795971993 0.5143866834427022 0.5389159356469608
3 3007 3649 3008 0.29346391795971993 0.5143866834427022 0.5389159356469608
3 3648 3649 3007 0.29346391795971993 0.5143866834427022 0.5389159356469608
3 3008 3200 3007 0.29346391795971993 0.5143866834427022 0.5389159356469608
3 3007 3200 3199 0.29346391795971993 0.5143866834427022 0.5389159356469608
3 3199 3006 3007 0.29346391795971993 0.5143866834427022 0.5389159356469608
3 3073 2698 3074 0.29346391795971993 0.5143866834427022 0.5389159356469608
3 3074 2633 2632 0.29346391795971993 0.5143866834427022 0.5389159356469608
3 2632 3073 3074 0.29346391795971993 0.5143866834427022 0.5389159356469608
3 3074 2698 2699 0.29346391795971993 0.5143866834427022 0.5389159356469608
3 3074 2699 3075 0.29346391795971993 0.5143866834427022 0.5389159356469608
3 3075 2633 3074 0.29346391795971993 0.5143866834427022 0.5389159356469608
3 3203 3536 3535 0.29346391795971993 0.5143866834427022 0.5389159356469608
3 3534 3202 3535 0.29346391795971993 0.5143866834427022 0.5389159356469608
3 3202 3203 3535 0.29346391795971993 0.5143866834427022 0.5389159356469608
3 3535 3536 3065 0.29346391795971993 0.5143866834427022 0.5389159356469608
3 3535 3064 3534 0.29346391795971993 0.5143866834427022 0.5389159356469608
3 3065 3064 3535 0.29346391795971993 0.5143866834427022 0.5389159356469608
3 3226 3227 2744 0.29346391795971993 0.5143866834427022 0.5389159356469608
3 2744 2743 3226 0.29346391795971993 0.5143866834427022 0.5389159356469608
3 2832 2831 3685 0.29346391795971993 0.5143866834427022 0.5389159356469608
3 3228 2831 2832 0.29346391795971993 0.5143866834427022 0.5389159356469608
3 2746 3435 3434 0.29346391795971993 0.5143866834427022 0.5389159356469608
3 2747 3435 2746 0.29346391795971993 0.5143866834427022 0.5389159356469608
3 2833 3687 2834 0.29346391795971993 0.5143866834427022 0.5389159356469608
3 2834 3230 2833 0.29346391795971993 0.5143866834427022 0.5389159356469608
3 3588 3589 2916 0.29346391795971993 0.5143866834427022 0.5389159356469608
3 3331 2915 2916 0.29346391795971993 0.5143866834427022 0.5389159356469608
3 2916 2915 3588 0.29346391795971993 0.5143866834427022 0.5389159356469608
3 3332 2916 3589 0.29346391795971993 0.5143866834427022 0.5389159356469608
3 3331 2916 3332 0.29346391795971993 0.5143866834427022 0.5389159356469608
3 3475 2857 2943 0.29346391795971993 0.5143866834427022 0.5389159356469608
3 3249 3352 2930 0.29346391795971993 0.5143866834427022 0.5389159356469608
3 2930 2942 3249 0.29346391795971993 0.5143866834427022 0.5389159356469608
3 3249 2931 3352 0.29346391795971993 0.5143866834427022 0.5389159356469608
3 2943 2931 3249 0.29346391795971993 0.5143866834427022 0.5389159356469608
3 3249 3475 2943 0.29346391795971993 0.5143866834427022 0.5389159356469608
3 2942 3475 3249 0.29346391795971993 0.5143866834427022 0.5389159356469608
3 3474 3248 2941 0.29346391795971993 0.5143866834427022 0.5389159356469608
3 3474 2942 3248 0.29346391795971993 0.5143866834427022 0.5389159356469608
3 2941 3473 3474 0.29346391795971993 0.5143866834427022 0.5389159356469608
3 2918 3334 2846 0.29346391795971993 0.5143866834427022 0.5389159356469608
3 2918 3590 3591 0.29346391795971993 0.5143866834427022 0.5389159356469608
3 3591 3334 2918 0.29346391795971993 0.5143866834427022 0.5389159356469608
3 2846 3334 3688 0.29346391795971993 0.5143866834427022 0.5389159356469608
3 3334 3689 3688 0.29346391795971993 0.5143866834427022 0.5389159356469608
3 3688 3687 2846 0.29346391795971993 0.5143866834427022 0.5389159356469608
3 3688 2834 3687 0.29346391795971993 0.5143866834427022 0.5389159356469608
3 3233 3439 3232 0.29346391795971993 0.5143866834427022 0.5389159356469608
3 3233 3689 3690 0.29346391795971993 0.5143866834427022 0.5389159356469608
3 3232 3689 3233 0.29346391795971993 0.5143866834427022 0.5389159356469608
3 3233 3690 3234 0.29346391795971993 0.5143866834427022 0.5389159356469608
3 3234 3440 3233 0.29346391795971993 0.5143866834427022 0.5389159356469608
3 3440 3439 3233 0.29346391795971993 0.5143866834427022 0.5389159356469608
3 2736 3435 3436 0.29346391795971993 0.5143866834427022 0.5389159356469608
3 3436 3435 2747 0.29346391795971993 0.5143866834427022 0.5389159356469608
3 3438 3439 2739 0.29346391795971993 0.5143866834427022 0.5389159356469608
3 3232 3439 3438 0.29346391795971993 0.5143866834427022 0.5389159356469608
3 3214 3213 2738 0.29346391795971993 0.5143866834427022 0.5389159356469608
3 3437 3438 2738 0.29346391795971993 0.5143866834427022 0.5389159356469608
3 2738 2739 3214 0.29346391795971993 0.5143866834427022 0.5389159356469608
3 2738 3438 2739 0.29346391795971993 0.5143866834427022 0.5389159356469608
3 2838 3680 3679 0.29346391795971993 0.5143866834427022 0.5389159356469608
3 2838 2839 3680 0.29346391795971993 0.5143866834427022 0.5389159356469608
3 3326 2839 2838 0.29346391795971993 0.5143866834427022 0.5389159356469608
3 3679 2837 2838 0.29346391795971993 0.5143866834427022 0.5389159356469608
3 3325 3326 2838 0.29346391795971993 0.5143866834427022 0.5389159356469608
3 2838 2837 3325 0.29346391795971993 0.5143866834427022 0.5389159356469608
3 2594 3451 2595 0.29346391795971993 0.5143866834427022 0.5389159356469608
3 3451 3452 2595 0.29346391795971993 0.5143866834427022 0.5389159356469608
3 2595 2755 2594 0.29346391795971993 0.5143866834427022 0.5389159356469608
3 3452 2596 2595 0.29346391795971993 0.5143866834427022 0.5389159356469608
3 2765 3345 2766 0.29346391795971993 0.5143866834427022 0.5389159356469608
3 2765 3452 2764 0.29346391795971993 0.5143866834427022 0.5389159356469608
3 2765 3702 3345 0.29346391795971993 0.5143866834427022 0.5389159356469608
3 2765 2764 3702 0.29346391795971993 0.5143866834427022 0.5389159356469608
3 3029 2755 2756 0.29346391795971993 0.5143866834427022 0.5389159356469608
3 2756 2596 2757 0.29346391795971993 0.5143866834427022 0.5389159356469608
3 2755 2595 2756 0.29346391795971993 0.5143866834427022 0.5389159356469608
3 2756 2595 2596 0.29346391795971993 0.5143866834427022 0.5389159356469608
3 2756 3030 3029 0.29346391795971993 0.5143866834427022 0.5389159356469608
3 2756 2757 3030 0.29346391795971993 0.5143866834427022 0.5389159356469608
3 3453 2596 3452 0.29346391795971993 0.5143866834427022 0.5389159356469608
3 3453 2765 2766 0.29346391795971993 0.5143866834427022 0.5389159356469608
3 3452 2765 3453 0.29346391795971993 0.5143866834427022 0.5389159356469608
3 2766 3454 3453 0.29346391795971993 0.5143866834427022 0.5389159356469608
3 3453 3454 2597 0.29346391795971993 0.5143866834427022 0.5389159356469608
3 2597 2596 3453 0.29346391795971993 0.5143866834427022 0.5389159356469608
3 2940 3247 2928 0.29346391795971993 0.5143866834427022 0.5389159356469608
3 2940 3472 3473 0.29346391795971993 0.5143866834427022 0.5389159356469608
3 2940 3473 2941 0.29346391795971993 0.5143866834427022 0.5389159356469608
3 2941 3247 2940 0.29346391795971993 0.5143866834427022 0.5389159356469608
3 3470 2938 3469 0.29346391795971993 0.5143866834427022 0.5389159356469608
3 3470 2850 2851 0.29346391795971993 0.5143866834427022 0.5389159356469608
3 3469 2850 3470 0.29346391795971993 0.5143866834427022 0.5389159356469608
3 3245 2938 2939 0.29346391795971993 0.5143866834427022 0.5389159356469608
3 3472 2940 2939 0.29346391795971993 0.5143866834427022 0.5389159356469608
3 3655 3392 3656 0.29346391795971993 0.5143866834427022 0.5389159356469608
3 3654 3392 3655 0.29346391795971993 0.5143866834427022 0.5389159356469608
3 3656 3539 3655 0.29346391795971993 0.5143866834427022 0.5389159356469608
3 3539 3538 3655 0.29346391795971993 0.5143866834427022 0.5389159356469608
3 3538 3654 3655 0.29346391795971993 0.5143866834427022 0.5389159356469608
3 2533 3278 3279 0.29346391795971993 0.5143866834427022 0.5389159356469608
3 3279 3280 2533 0.29346391795971993 0.5143866834427022 0.5389159356469608
3 3279 3278 2540 0.29346391795971993 0.5143866834427022 0.5389159356469608
3 3496 3282 3283 0.29346391795971993 0.5143866834427022 0.5389159356469608
3 3283 3152 3153 0.29346391795971993 0.5143866834427022 0.5389159356469608
3 3283 3282 3152 0.29346391795971993 0.5143866834427022 0.5389159356469608
3 3285 3286 3498 0.29346391795971993 0.5143866834427022 0.5389159356469608
3 3286 3499 3498 0.29346391795971993 0.5143866834427022 0.5389159356469608
3 3498 3499 3141 0.29346391795971993 0.5143866834427022 0.5389159356469608
3 3637 3540 3657 0.29346391795971993 0.5143866834427022 0.5389159356469608
3 3657 3719 3637 0.29346391795971993 0.5143866834427022 0.5389159356469608
3 3657 3540 3656 0.29346391795971993 0.5143866834427022 0.5389159356469608
3 3677 3719 3657 0.29346391795971993 0.5143866834427022 0.5389159356469608
3 3657 3559 3677 0.29346391795971993 0.5143866834427022 0.5389159356469608
3 3656 3559 3657 0.29346391795971993 0.5143866834427022 0.5389159356469608
3 2438 3622 2439 0.29346391795971993 0.5143866834427022 0.5389159356469608
3 2439 2440 2949 0.29346391795971993 0.5143866834427022 0.5389159356469608
3 3623 2440 2439 0.29346391795971993 0.5143866834427022 0.5389159356469608
3 2439 3622 3623 0.29346391795971993 0.5143866834427022 0.5389159356469608
3 2949 2948 2439 0.29346391795971993 0.5143866834427022 0.5389159356469608
3 2948 2438 2439 0.29346391795971993 0.5143866834427022 0.5389159356469608
3 3170 2996 3516 0.29346391795971993 0.5143866834427022 0.5389159356469608
3 3171 3170 3516 0.29346391795971993 0.5143866834427022 0.5389159356469608
3 3516 3517 3171 0.29346391795971993 0.5143866834427022 0.5389159356469608
3 3187 3517 3516 0.29346391795971993 0.5143866834427022 0.5389159356469608
3 3516 3186 3187 0.29346391795971993 0.5143866834427022 0.5389159356469608
3 3516 3515 3186 0.29346391795971993 0.5143866834427022 0.5389159356469608
3 3516 2996 3515 0.29346391795971993 0.5143866834427022 0.5389159356469608
3 2454 3041 3040 0.29346391795971993 0.5143866834427022 0.5389159356469608
3 3040 2453 2454 0.29346391795971993 0.5143866834427022 0.5389159356469608
3 2454 2964 2455 0.29346391795971993 0.5143866834427022 0.5389159356469608
3 2455 3041 2454 0.29346391795971993 0.5143866834427022 0.5389159356469608
3 2461 3363 2462 0.29346391795971993 0.5143866834427022 0.5389159356469608
3 3364 2964 2462 0.29346391795971993 0.5143866834427022 0.5389159356469608
3 2462 3363 3364 0.29346391795971993 0.5143866834427022 0.5389159356469608
3 2978 3363 2469 0.29346391795971993 0.5143866834427022 0.5389159356469608
3 3363 3362 2469 0.29346391795971993 0.5143866834427022 0.5389159356469608
3 2469 2977 2978 0.29346391795971993 0.5143866834427022 0.5389159356469608
3 2469 3362 2977 0.29346391795971993 0.5143866834427022 0.5389159356469608
3 2903 3401 2902 0.29346391795971993 0.5143866834427022 0.5389159356469608
3 2903 2810 2811 0.29346391795971993 0.5143866834427022 0.5389159356469608
3 2902 2810 2903 0.29346391795971993 0.5143866834427022 0.5389159356469608
3 2811 2904 2903 0.29346391795971993 0.5143866834427022 0.5389159356469608
3 2903 2904 3402 0.29346391795971993 0.5143866834427022 0.5389159356469608
3 3402 3401 2903 0.29346391795971993 0.5143866834427022 0.5389159356469608
3 2665 3564 3563 0.29346391795971993 0.5143866834427022 0.5389159356469608
3 3562 2664 3563 0.29346391795971993 0.5143866834427022 0.5389159356469608
3 2664 2665 3563 0.29346391795971993 0.5143866834427022 0.5389159356469608
3 3563 3564 2655 0.29346391795971993 0.5143866834427022 0.5389159356469608
3 2655 2654 3563 0.29346391795971993 0.5143866834427022 0.5389159356469608
3 3563 2654 3562 0.29346391795971993 0.5143866834427022 0.5389159356469608
3 3404 2905 2906 0.29346391795971993 0.5143866834427022 0.5389159356469608
3 3404 2906 3405 0.29346391795971993 0.5143866834427022 0.5389159356469608
3 3405 3092 3404 0.29346391795971993 0.5143866834427022 0.5389159356469608
3 3404 3092 2802 0.29346391795971993 0.5143866834427022 0.5389159356469608
3 3130 2684 3131 0.29346391795971993 0.5143866834427022 0.5389159356469608
3 3131 3132 2676 0.29346391795971993 0.5143866834427022 0.5389159356469608
3 3131 2675 3130 0.29346391795971993 0.5143866834427022 0.5389159356469608
3 2676 2675 3131 0.29346391795971993 0.5143866834427022 0.5389159356469608
3 3133 2686 2687 0.29346391795971993 0.5143866834427022 0.5389159356469608
3 3132 2686 3133 0.29346391795971993 0.5143866834427022 0.5389159356469608
3 2677 3132 3133 0.29346391795971993 0.5143866834427022 0.5389159356469608
3 3133 2678 2677 0.29346391795971993 0.5143866834427022 0.5389159356469608
3 2685 2684 2602 0.29346391795971993 0.5143866834427022 0.5389159356469608
3 2685 2602 2603 0.29346391795971993 0.5143866834427022 0.5389159356469608
3 2603 2686 2685 0.29346391795971993 0.5143866834427022 0.5389159356469608
3 2685 2686 3132 0.29346391795971993 0.5143866834427022 0.5389159356469608
3 3132 3131 2685 0.29346391795971993 0.5143866834427022 0.5389159356469608
3 2685 3131 2684 0.29346391795971993 0.5143866834427022 0.5389159356469608
3 2689 3136 3135 0.29346391795971993 0.5143866834427022 0.5389159356469608
3 3135 2688 2689 0.29346391795971993 0.5143866834427022 0.5389159356469608
3 3135 3136 3609 0.29346391795971993 0.5143866834427022 0.5389159356469608
3 3135 3608 2679 0.29346391795971993 0.5143866834427022 0.5389159356469608
3 3609 3608 3135 0.29346391795971993 0.5143866834427022 0.5389159356469608
3 2867 2866 2777 0.29346391795971993 0.5143866834427022 0.5389159356469608
3 2867 2868 3264 0.29346391795971993 0.5143866834427022 0.5389159356469608
3 3264 3263 2867 0.29346391795971993 0.5143866834427022 0.5389159356469608
3 3263 2866 2867 0.29346391795971993 0.5143866834427022 0.5389159356469608
3 2867 2777 2778 0.29346391795971993 0.5143866834427022 0.5389159356469608
3 2778 2868 2867 0.29346391795971993 0.5143866834427022 0.5389159356469608
3 3432 3431 2743 0.29346391795971993 0.5143866834427022 0.5389159356469608
3 2743 2744 3432 0.29346391795971993 0.5143866834427022 0.5389159356469608
3 3432 2744 3433 0.29346391795971993 0.5143866834427022 0.5389159356469608
3 2732 3431 3432 0.29346391795971993 0.5143866834427022 0.5389159356469608
3 2733 2732 3432 0.29346391795971993 0.5143866834427022 0.5389159356469608
3 3432 3433 2733 0.29346391795971993 0.5143866834427022 0.5389159356469608
3 3228 2746 2745 0.29346391795971993 0.5143866834427022 0.5389159356469608
3 3433 2744 2745 0.29346391795971993 0.5143866834427022 0.5389159356469608
3 3434 3433 2745 0.29346391795971993 0.5143866834427022 0.5389159356469608
3 2745 2746 3434 0.29346391795971993 0.5143866834427022 0.5389159356469608
3 3227 3228 2745 0.29346391795971993 0.5143866834427022 0.5389159356469608
3 2745 2744 3227 0.29346391795971993 0.5143866834427022 0.5389159356469608
3 3228 2832 3229 0.29346391795971993 0.5143866834427022 0.5389159356469608
3 3229 2746 3228 0.29346391795971993 0.5143866834427022 0.5389159356469608
3 3229 2832 2833 0.29346391795971993 0.5143866834427022 0.5389159356469608
3 2747 2746 3229 0.29346391795971993 0.5143866834427022 0.5389159356469608
3 2833 3230 3229 0.29346391795971993 0.5143866834427022 0.5389159356469608
3 3229 3230 2747 0.29346391795971993 0.5143866834427022 0.5389159356469608
3 3437 3436 2748 0.29346391795971993 0.5143866834427022 0.5389159356469608
3 2747 3230 2748 0.29346391795971993 0.5143866834427022 0.5389159356469608
3 2748 3436 2747 0.29346391795971993 0.5143866834427022 0.5389159356469608
3 2846 3687 2845 0.29346391795971993 0.5143866834427022 0.5389159356469608
3 3589 3590 2917 0.29346391795971993 0.5143866834427022 0.5389159356469608
3 2917 3332 3589 0.29346391795971993 0.5143866834427022 0.5389159356469608
3 2917 2845 3332 0.29346391795971993 0.5143866834427022 0.5389159356469608
3 2855 3474 3473 0.29346391795971993 0.5143866834427022 0.5389159356469608
3 2854 3262 2855 0.29346391795971993 0.5143866834427022 0.5389159356469608
3 2855 3473 2854 0.29346391795971993 0.5143866834427022 0.5389159356469608
3 3262 3263 2855 0.29346391795971993 0.5143866834427022 0.5389159356469608
3 2856 3475 2942 0.29346391795971993 0.5143866834427022 0.5389159356469608
3 2942 3474 2856 0.29346391795971993 0.5143866834427022 0.5389159356469608
3 2856 3263 3264 0.29346391795971993 0.5143866834427022 0.5389159356469608
3 2856 2855 3263 0.29346391795971993 0.5143866834427022 0.5389159356469608
3 3474 2855 2856 0.29346391795971993 0.5143866834427022 0.5389159356469608
3 3264 2857 2856 0.29346391795971993 0.5143866834427022 0.5389159356469608
3 2857 3475 2856 0.29346391795971993 0.5143866834427022 0.5389159356469608
3 2834 3688 2835 0.29346391795971993 0.5143866834427022 0.5389159356469608
3 2835 3689 3232 0.29346391795971993 0.5143866834427022 0.5389159356469608
3 2835 3688 3689 0.29346391795971993 0.5143866834427022 0.5389159356469608
3 3212 2736 2737 0.29346391795971993 0.5143866834427022 0.5389159356469608
3 2736 3436 2737 0.29346391795971993 0.5143866834427022 0.5389159356469608
3 2737 3436 3437 0.29346391795971993 0.5143866834427022 0.5389159356469608
3 2737 3213 3212 0.29346391795971993 0.5143866834427022 0.5389159356469608
3 2737 2738 3213 0.29346391795971993 0.5143866834427022 0.5389159356469608
3 3437 2738 2737 0.29346391795971993 0.5143866834427022 0.5389159356469608
3 2927 3245 3246 0.29346391795971993 0.5143866834427022 0.5389159356469608
3 3245 2939 3246 0.29346391795971993 0.5143866834427022 0.5389159356469608
3 3246 3349 2927 0.29346391795971993 0.5143866834427022 0.5389159356469608
3 2928 3349 3246 0.29346391795971993 0.5143866834427022 0.5389159356469608
3 3246 2940 2928 0.29346391795971993 0.5143866834427022 0.5389159356469608
3 3246 2939 2940 0.29346391795971993 0.5143866834427022 0.5389159356469608
3 2938 3470 3471 0.29346391795971993 0.5143866834427022 0.5389159356469608
3 3471 2939 2938 0.29346391795971993 0.5143866834427022 0.5389159356469608
3 2851 2852 3471 0.29346391795971993 0.5143866834427022 0.5389159356469608
3 3471 3470 2851 0.29346391795971993 0.5143866834427022 0.5389159356469608
3 3472 2939 3471 0.29346391795971993 0.5143866834427022 0.5389159356469608
3 2852 2853 3471 0.29346391795971993 0.5143866834427022 0.5389159356469608
3 3471 2853 3472 0.29346391795971993 0.5143866834427022 0.5389159356469608
3 2541 3279 2540 0.29346391795971993 0.5143866834427022 0.5389159356469608
3 3280 3279 2541 0.29346391795971993 0.5143866834427022 0.5389159356469608
3 2541 2540 2427 0.29346391795971993 0.5143866834427022 0.5389159356469608
3 2427 3149 2541 0.29346391795971993 0.5143866834427022 0.5389159356469608
3 2541 3149 3150 0.29346391795971993 0.5143866834427022 0.5389159356469608
3 3150 3281 2541 0.29346391795971993 0.5143866834427022 0.5389159356469608
3 3281 3280 2541 0.29346391795971993 0.5143866834427022 0.5389159356469608
3 3154 3285 3284 0.29346391795971993 0.5143866834427022 0.5389159356469608
3 3153 3154 3284 0.29346391795971993 0.5143866834427022 0.5389159356469608
3 3284 3283 3153 0.29346391795971993 0.5143866834427022 0.5389159356469608
3 2461 2462 2963 0.29346391795971993 0.5143866834427022 0.5389159356469608
3 2453 2962 2963 0.29346391795971993 0.5143866834427022 0.5389159356469608
3 2963 2962 2461 0.29346391795971993 0.5143866834427022 0.5389159356469608
3 2963 2454 2453 0.29346391795971993 0.5143866834427022 0.5389159356469608
3 2964 2454 2963 0.29346391795971993 0.5143866834427022 0.5389159356469608
3 2963 2462 2964 0.29346391795971993 0.5143866834427022 0.5389159356469608
3 3403 3404 2802 0.29346391795971993 0.5143866834427022 0.5389159356469608
3 2905 3404 3403 0.29346391795971993 0.5143866834427022 0.5389159356469608
3 3403 2801 3402 0.29346391795971993 0.5143866834427022 0.5389159356469608
3 3403 2802 2801 0.29346391795971993 0.5143866834427022 0.5389159356469608
3 3402 2904 3403 0.29346391795971993 0.5143866834427022 0.5389159356469608
3 2904 2905 3403 0.29346391795971993 0.5143866834427022 0.5389159356469608
3 3134 3133 2687 0.29346391795971993 0.5143866834427022 0.5389159356469608
3 3134 3135 2679 0.29346391795971993 0.5143866834427022 0.5389159356469608
3 2679 2678 3134 0.29346391795971993 0.5143866834427022 0.5389159356469608
3 2678 3133 3134 0.29346391795971993 0.5143866834427022 0.5389159356469608
3 2687 2688 3134 0.29346391795971993 0.5143866834427022 0.5389159356469608
3 2688 3135 3134 0.29346391795971993 0.5143866834427022 0.5389159356469608
3 2833 2832 3686 0.29346391795971993 0.5143866834427022 0.5389159356469608
3 3686 3687 2833 0.29346391795971993 0.5143866834427022 0.5389159356469608
3 3686 2845 3687 0.29346391795971993 0.5143866834427022 0.5389159356469608
3 3686 2832 3685 0.29346391795971993 0.5143866834427022 0.5389159356469608
3 3590 2918 3333 0.29346391795971993 0.5143866834427022 0.5389159356469608
3 3333 2917 3590 0.29346391795971993 0.5143866834427022 0.5389159356469608
3 3333 2918 2846 0.29346391795971993 0.5143866834427022 0.5389159356469608
3 2846 2845 3333 0.29346391795971993 0.5143866834427022 0.5389159356469608
3 2845 2917 3333 0.29346391795971993 0.5143866834427022 0.5389159356469608
3 2834 2835 3231 0.29346391795971993 0.5143866834427022 0.5389159356469608
3 3230 2834 3231 0.29346391795971993 0.5143866834427022 0.5389159356469608
3 3231 2748 3230 0.29346391795971993 0.5143866834427022 0.5389159356469608
3 3231 2835 3232 0.29346391795971993 0.5143866834427022 0.5389159356469608
3 3285 3498 3497 0.29346391795971993 0.5143866834427022 0.5389159356469608
3 3497 3284 3285 0.29346391795971993 0.5143866834427022 0.5389159356469608
3 3497 3140 3496 0.29346391795971993 0.5143866834427022 0.5389159356469608
3 3496 3283 3497 0.29346391795971993 0.5143866834427022 0.5389159356469608
3 3283 3284 3497 0.29346391795971993 0.5143866834427022 0.5389159356469608
3 3141 3140 3497 0.29346391795971993 0.5143866834427022 0.5389159356469608
3 3497 3498 3141 0.29346391795971993 0.5143866834427022 0.5389159356469608
3 2844 3686 3685 0.29346391795971993 0.5143866834427022 0.5389159356469608
3 3331 3332 2844 0.29346391795971993 0.5143866834427022 0.5389159356469608
3 3332 2845 2844 0.29346391795971993 0.5143866834427022 0.5389159356469608
3 2845 3686 2844 0.29346391795971993 0.5143866834427022 0.5389159356469608
3 2844 2843 3331 0.29346391795971993 0.5143866834427022 0.5389159356469608
3 2844 3685 2843 0.29346391795971993 0.5143866834427022 0.5389159356469608
3 3437 2748 2749 0.29346391795971993 0.5143866834427022 0.5389159356469608
3 2748 3231 2749 0.29346391795971993 0.5143866834427022 0.5389159356469608
3 2749 3438 3437 0.29346391795971993 0.5143866834427022 0.5389159356469608
3 3232 3438 2749 0.29346391795971993 0.5143866834427022 0.5389159356469608
3 2749 3231 3232 0.29346391795971993 0.5143866834427022 0.5389159356469608
3 3729 3728 3740 0.29346391795971993 0.5143866834427022 0.5389159356469608
3 3726 3785 3727 0.29346391795971993 0.5143866834427022 0.5389159356469608
3 3785 3742 3727 0.29346391795971993 0.5143866834427022 0.5389159356469608
3 3745 3744 3782 0.29346391795971993 0.5143866834427022 0.5389159356469608
3 3782 3781 3745 0.29346391795971993 0.5143866834427022 0.5389159356469608
3 3741 3740 3728 0.29346391795971993 0.5143866834427022 0.5389159356469608
3 3741 3727 3742 0.29346391795971993 0.5143866834427022 0.5389159356469608
3 3728 3727 3741 0.29346391795971993 0.5143866834427022 0.5389159356469608
3 3735 3730 3729 0.29346391795971993 0.5143866834427022 0.5389159356469608
3 3729 3740 3735 0.29346391795971993 0.5143866834427022 0.5389159356469608
3 3748 3747 3779 0.29346391795971993 0.5143866834427022 0.5389159356469608
3 3775 3774 3752 0.29346391795971993 0.5143866834427022 0.5389159356469608
3 3731 3733 3732 0.29346391795971993 0.5143866834427022 0.5389159356469608
3 3786 3785 3726 0.29346391795971993 0.5143866834427022 0.5389159356469608
3 3724 3723 3788 0.29346391795971993 0.5143866834427022 0.5389159356469608
3 3788 3787 3724 0.29346391795971993 0.5143866834427022 0.5389159356469608
3 3779 3747 3780 0.29346391795971993 0.5143866834427022 0.5389159356469608
3 3746 3745 3781 0.29346391795971993 0.5143866834427022 0.5389159356469608
3 3746 3780 3747 0.29346391795971993 0.5143866834427022 0.5389159356469608
3 3781 3780 3746 0.29346391795971993 0.5143866834427022 0.5389159356469608
3 3782 3744 3783 0.29346391795971993 0.5143866834427022 0.5389159356469608
3 3744 3743 3783 0.29346391795971993 0.5143866834427022 0.5389159356469608
3 3740 3739 3736 0.29346391795971993 0.5143866834427022 0.5389159356469608
3 3736 3735 3740 0.29346391795971993 0.5143866834427022 0.5389159356469608
3 3736 3739 3738 0.29346391795971993 0.5143866834427022 0.5389159356469608
3 3730 3735 3734 0.29346391795971993 0.5143866834427022 0.5389159356469608
3 3734 3731 3730 0.29346391795971993 0.5143866834427022 0.5389159356469608
3 3733 3731 3734 0.29346391795971993 0.5143866834427022 0.5389159356469608
3 3756 3770 3757 0.29346391795971993 0.5143866834427022 0.5389159356469608
3 3778 3748 3779 0.29346391795971993 0.5143866834427022 0.5389159356469608
3 3749 3748 3778 0.29346391795971993 0.5143866834427022 0.5389159356469608
3 3771 3770 3756 0.29346391795971993 0.5143866834427022 0.5389159356469608
3 3754 3773 3772 0.29346391795971993 0.5143866834427022 0.5389159356469608
3 3788 3723 3722 0.29346391795971993 0.5143866834427022 0.5389159356469608
3 3722 3789 3788 0.29346391795971993 0.5143866834427022 0.5389159356469608
3 3720 3789 3722 0.29346391795971993 0.5143866834427022 0.5389159356469608
3 3787 3786 3725 0.29346391795971993 0.5143866834427022 0.5389159356469608
3 3725 3724 3787 0.29346391795971993 0.5143866834427022 0.5389159356469608
3 3725 3786 3726 0.29346391795971993 0.5143866834427022 0.5389159356469608
3 3784 3783 3743 0.29346391795971993 0.5143866834427022 0.5389159356469608
3 3784 3742 3785 0.29346391795971993 0.5143866834427022 0.5389159356469608
3 3784 3743 3742 0.29346391795971993 0.5143866834427022 0.5389159356469608
3 3762 3765 3763 0.29346391795971993 0.5143866834427022 0.5389159356469608
3 3760 3767 3766 0.29346391795971993 0.5143866834427022 0.5389159356469608
3 3769 3768 3758 0.29346391795971993 0.5143866834427022 0.5389159356469608
3 3769 3757 3770 0.29346391795971993 0.5143866834427022 0.5389159356469608
3 3758 3757 3769 0.29346391795971993 0.5143866834427022 0.5389159356469608
3 3758 3768 3759 0.29346391795971993 0.5143866834427022 0.5389159356469608
3 3759 3767 3760 0.29346391795971993 0.5143866834427022 0.5389159356469608
3 3759 3768 3767 0.29346391795971993 0.5143866834427022 0.5389159356469608
3 3751 3775 3752 0.29346391795971993 0.5143866834427022 0.5389159356469608
3 3749 3778 3777 0.29346391795971993 0.5143866834427022 0.5389159356469608
3 3777 3750 3749 0.29346391795971993 0.5143866834427022 0.5389159356469608
3 3755 3754 3772 0.29346391795971993 0.5143866834427022 0.5389159356469608
3 3755 3771 3756 0.29346391795971993 0.5143866834427022 0.5389159356469608
3 3772 3771 3755 0.29346391795971993 0.5143866834427022 0.5389159356469608
3 3774 3773 3753 0.29346391795971993 0.5143866834427022 0.5389159356469608
3 3773 3754 3753 0.29346391795971993 0.5143866834427022 0.5389159356469608
3 3752 3774 3753 0.29346391795971993 0.5143866834427022 0.5389159356469608
3 3760 3766 3761 0.29346391795971993 0.5143866834427022 0.5389159356469608
3 3765 3762 3761 0.29346391795971993 0.5143866834427022 0.5389159356469608
3 3761 3766 3765 0.29346391795971993 0.5143866834427022 0.5389159356469608
3 3776 3751 3750 0.29346391795971993 0.5143866834427022 0.5389159356469608
3 3750 3777 3776 0.29346391795971993 0.5143866834427022 0.5389159356469608
3 3775 3751 3776 0.29346391795971993 0.5143866834427022 0.5389159356469608
3 3813 3799 3797 0.29346391795971993 0.5143866834427022 0.5389159356469608
3 3821 3799 3813 0.29346391795971993 0.5143866834427022 0.5389159356469608
3 3821 3813 3819 0.29346391795971993 0.5143866834427022 0.5389159356469608
3 3800 3799 3814 0.29346391795971993 0.5143866834427022 0.5389159356469608
3 3814 3799 3821 0.29346391795971993 0.5143866834427022 0.5389159356469608
3 3805 3823 3807 0.29346391795971993 0.5143866834427022 0.5389159356469608
3 3804 3823 3805 0.29346391795971993 0.5143866834427022 0.5389159356469608
3 3803 3823 3804 0.29346391795971993 0.5143866834427022 0.5389159356469608
3 3821 3819 3822 0.29346391795971993 0.5143866834427022 0.5389159356469608
3 3822 3814 3821 0.29346391795971993 0.5143866834427022 0.5389159356469608
3 3831 3822 3820 0.29346391795971993 0.5143866834427022 0.5389159356469608
3 3820 3822 3819 0.29346391795971993 0.5143866834427022 0.5389159356469608
3 3795 3819 3796 0.29346391795971993 0.5143866834427022 0.5389159356469608
3 3796 3819 3813 0.29346391795971993 0.5143866834427022 0.5389159356469608
3 3796 3813 3797 0.29346391795971993 0.5143866834427022 0.5389159356469608
3 3802 3823 3803 0.29346391795971993 0.5143866834427022 0.5389159356469608
3 3802 3814 3823 0.29346391795971993 0.5143866834427022 0.5389159356469608
3 3800 3814 3802 0.29346391795971993 0.5143866834427022 0.5389159356469608
3 3824 3807 3823 0.29346391795971993 0.5143866834427022 0.5389159356469608
3 3824 3822 3831 0.29346391795971993 0.5143866834427022 0.5389159356469608
3 3823 3814 3824 0.29346391795971993 0.5143866834427022 0.5389159356469608
3 3814 3822 3824 0.29346391795971993 0.5143866834427022 0.5389159356469608
3 3812 3819 3795 0.29346391795971993 0.5143866834427022 0.5389159356469608
3 3812 3820 3819 0.29346391795971993 0.5143866834427022 0.5389159356469608
3 3811 3794 3793 0.29346391795971993 0.5143866834427022 0.5389159356469608
3 3827 3809 3808 0.29346391795971993 0.5143866834427022 0.5389159356469608
3 3808 3807 3815 0.29346391795971993 0.5143866834427022 0.5389159356469608
3 3815 3827 3808 0.29346391795971993 0.5143866834427022 0.5389159356469608
3 3828 3827 3815 0.29346391795971993 0.5143866834427022 0.5389159356469608
3 3817 3794 3811 0.29346391795971993 0.5143866834427022 0.5389159356469608
3 3795 3794 3817 0.29346391795971993 0.5143866834427022 0.5389159356469608
3 3817 3812 3795 0.29346391795971993 0.5143866834427022 0.5389159356469608
3 3807 3824 3825 0.29346391795971993 0.5143866834427022 0.5389159356469608
3 3825 3815 3807 0.29346391795971993 0.5143866834427022 0.5389159356469608
3 3811 3827 3830 0.29346391795971993 0.5143866834427022 0.5389159356469608
3 3830 3827 3828 0.29346391795971993 0.5143866834427022 0.5389159356469608
3 3830 3817 3811 0.29346391795971993 0.5143866834427022 0.5389159356469608
3 3828 3817 3830 0.29346391795971993 0.5143866834427022 0.5389159356469608
3 3809 3827 3816 0.29346391795971993 0.5143866834427022 0.5389159356469608
3 3791 3809 3816 0.29346391795971993 0.5143866834427022 0.5389159356469608
3 3816 3793 3791 0.29346391795971993 0.5143866834427022 0.5389159356469608
3 3811 3793 3816 0.29346391795971993 0.5143866834427022 0.5389159356469608
3 3816 3827 3811 0.29346391795971993 0.5143866834427022 0.5389159356469608
3 3818 3828 3831 0.29346391795971993 0.5143866834427022 0.5389159356469608
3 3818 3817 3828 0.29346391795971993 0.5143866834427022 0.5389159356469608
3 3812 3817 3818 0.29346391795971993 0.5143866834427022 0.5389159356469608
3 3831 3820 3818 0.29346391795971993 0.5143866834427022 0.5389159356469608
3 3820 3812 3818 0.29346391795971993 0.5143866834427022 0.5389159356469608
3 3826 3824 3831 0.29346391795971993 0.5143866834427022 0.5389159356469608
3 3826 3825 3824 0.29346391795971993 0.5143866834427022 0.5389159356469608
3 3831 3828 3826 0.29346391795971993 0.5143866834427022 0.5389159356469608
3 3828 3815 3826 0.29346391795971993 0.5143866834427022 0.5389159356469608
3 3815 3825 3826 0.29346391795971993 0.5143866834427022 0.5389159356469608
3 3839 3863 3862 0.29346391795971993 0.5143866834427022 0.5389159356469608
3 3853 3847 3854 0.29346391795971993 0.5143866834427022 0.5389159356469608
3 3843 3859 3858 0.29346391795971993 0.5143866834427022 0.5389159356469608
3 3842 3859 3843 0.29346391795971993 0.5143866834427022 0.5389159356469608
3 3842 3841 3860 0.29346391795971993 0.5143866834427022 0.5389159356469608
3 3860 3859 3842 0.29346391795971993 0.5143866834427022 0.5389159356469608
3 3857 3845 3844 0.29346391795971993 0.5143866834427022 0.5389159356469608
3 3843 3858 3844 0.29346391795971993 0.5143866834427022 0.5389159356469608
3 3844 3858 3857 0.29346391795971993 0.5143866834427022 0.5389159356469608
3 3854 3847 3846 0.29346391795971993 0.5143866834427022 0.5389159356469608
3 3854 3846 3855 0.29346391795971993 0.5143866834427022 0.5389159356469608
3 3855 3846 3845 0.29346391795971993 0.5143866834427022 0.5389159356469608
3 3860 3841 3861 0.29346391795971993 0.5143866834427022 0.5389159356469608
3 3839 3862 3840 0.29346391795971993 0.5143866834427022 0.5389159356469608
3 3840 3861 3841 0.29346391795971993 0.5143866834427022 0.5389159356469608
3 3862 3861 3840 0.29346391795971993 0.5143866834427022 0.5389159356469608
3 3835 3868 3866 0.29346391795971993 0.5143866834427022 0.5389159356469608
3 3866 3865 3835 0.29346391795971993 0.5143866834427022 0.5389159356469608
3 3835 3865 3836 0.29346391795971993 0.5143866834427022 0.5389159356469608
3 3833 3868 3835 0.29346391795971993 0.5143866834427022 0.5389159356469608
3 3850 3849 3851 0.29346391795971993 0.5143866834427022 0.5389159356469608
3 3851 3849 3852 0.29346391795971993 0.5143866834427022 0.5389159356469608
3 3852 3849 3848 0.29346391795971993 0.5143866834427022 0.5389159356469608
3 3847 3853 3848 0.29346391795971993 0.5143866834427022 0.5389159356469608
3 3848 3853 3852 0.29346391795971993 0.5143866834427022 0.5389159356469608
3 3856 3845 3857 0.29346391795971993 0.5143866834427022 0.5389159356469608
3 3856 3855 3845 0.29346391795971993 0.5143866834427022 0.5389159356469608
3 3838 3863 3839 0.29346391795971993 0.5143866834427022 0.5389159356469608
3 3863 3838 3864 0.29346391795971993 0.5143866834427022 0.5389159356469608
3 3864 3838 3837 0.29346391795971993 0.5143866834427022 0.5389159356469608
3 3836 3865 3864 0.29346391795971993 0.5143866834427022 0.5389159356469608
3 3864 3837 3836 0.29346391795971993 0.5143866834427022 0.5389159356469608
