OFF
996 1752 0


28.3603 31.1763 5.5621
28.3603 31.1763 5.5621
28.2972 31.1242 5.4495
28.2446 31.0811 5.3546
28.1991 31.0439 5.2717
28.1582 31.0106 5.1966
28.1204 30.9798 5.1266
28.0844 30.9505 5.0593
28.049 30.9219 4.9928
28.0132 30.893 4.9253
27.9761 30.8631 4.8546
27.9364 30.8312 4.7784
27.8926 30.7961 4.6938
27.8425 30.756 4.5962
27.7831 30.7086 4.4793
27.7027 30.746 4.6088
27.6358 30.7767 4.7145
27.578 30.8029 4.8045
27.5263 30.8261 4.8838
27.4785 30.8473 4.9558
27.4333 30.8672 5.023
27.3893 30.8863 5.0874
27.3455 30.9051 5.1505
27.3007 30.9241 5.2139
27.2537 30.9438 5.2792
27.203 30.9648 5.3482
27.1466 30.9877 5.4232
27.0815 31.0136 5.5072
27.0031 31.0442 5.6048
26.9027 31.0821 5.7241
26.9027 31.0821 5.7241
26.9062 31.0854 5.732
26.9098 31.0888 5.74
26.9098 31.0888 5.74
27.0123 31.1252 5.8124
27.1051 31.1576 5.8743
27.1903 31.1869 5.9283
27.2698 31.2138 5.9765
27.3453 31.239 6.0204
27.4182 31.263 6.061
27.4897 31.2863 6.0994
27.561 31.3094 6.1363
27.6334 31.3325 6.1725
27.7081 31.3562 6.2086
27.7868 31.3809 6.2452
27.8711 31.4071 6.2832
27.9634 31.4356 6.3232
28.0668 31.4672 6.3665
28.1853 31.5031 6.4141
28.1853 31.5031 6.4141
28.1853 31.5031 6.4141
28.2357 31.4658 6.3117
28.2714 31.4396 6.2387
28.307 31.4136 6.1657
28.3571 31.3775 6.0627
28.359 31.3271 5.9396
28.3598 31.2917 5.8522
28.3603 31.26 5.7734
28.3606 31.2251 5.6858
28.3603 31.1763 5.5621
28.0756 30.9936 5.178
28.0325 31.007 5.2274
27.9909 31.0199 5.2749
28.0121 30.9426 5.0608
27.9768 30.9626 5.1259
27.9429 30.9818 5.1882
27.9476 30.8911 4.9405
27.9204 30.9179 5.0222
27.8943 30.9436 5.1001
27.5075 30.8743 5.0227
27.5356 30.9007 5.0878
27.5628 30.9267 5.1514
27.4263 30.908 5.1375
27.4626 30.9297 5.1868
27.4983 30.9511 5.2355
27.345 30.9412 5.2492
27.3889 30.9584 5.2842
27.4326 30.9756 5.3192
28.2897 31.2412 5.7496
28.2213 31.2231 5.7265
28.155 31.2057 5.7043
28.1454 31.0502 5.3058
28.0937 31.0563 5.3386
28.0439 31.0623 5.3702
27.9957 31.0681 5.4007
27.874 30.8327 4.8018
27.8563 30.8676 4.9036
27.8393 30.9008 5.0001
27.8231 30.9325 5.0917
27.5971 30.8363 4.8925
27.6153 30.8686 4.9769
27.6327 30.8999 5.0583
27.6492 30.9304 5.1369
27.2548 30.9772 5.369
27.3067 30.9898 5.3899
27.3588 31.0027 5.4109
27.4112 31.0157 5.4321
27.38 31.2263 5.9804
27.4153 31.2134 5.9396
27.4515 31.2004 5.8976
27.4887 31.1871 5.8545
27.5122 31.2691 6.0514
27.5351 31.2516 6.0025
27.5584 31.2339 5.9526
27.5821 31.216 5.9015
27.6434 31.3103 6.1162
27.6535 31.2879 6.0592
27.6636 31.2655 6.0015
27.6737 31.2429 5.9429
27.7827 31.3529 6.1796
27.7784 31.325 6.1139
27.7739 31.2973 6.0479
27.7692 31.2696 5.9815
27.9415 31.4002 6.2463
27.9195 31.3656 6.1703
27.8975 31.3315 6.0948
27.8754 31.2979 6.0198
28.2136 31.4007 6.1644
28.1573 31.3633 6.0924
28.1023 31.3273 6.0223
28.0484 31.2924 5.9539
28.2897 31.2692 5.8195
28.2217 31.2476 5.7879
28.1558 31.2269 5.7574
28.0916 31.207 5.7277
28.1858 31.0831 5.379
28.1292 31.085 5.4024
28.0744 31.087 5.4251
28.0216 31.0889 5.447
27.9704 31.0909 5.4681
27.7783 30.7575 4.6193
27.7736 30.8033 4.7495
27.7689 30.8465 4.8713
27.7642 30.8874 4.9858
27.7596 30.9265 5.094
27.7079 30.7884 4.7269
27.7125 30.8287 4.8383
27.7168 30.8671 4.9437
27.7206 30.9039 5.0438
27.724 30.9393 5.1394
27.1421 31.0208 5.5124
27.2034 31.0283 5.5177
27.2655 31.0361 5.5231
27.3286 31.0441 5.5286
27.3928 31.0526 5.5342
27.2378 31.1788 5.8969
27.2865 31.1706 5.8647
27.3364 31.1624 5.8316
27.3879 31.154 5.7975
27.4408 31.1456 5.7622
28.1381 31.4574 6.3219
28.092 31.4135 6.2324
28.0467 31.3711 6.1452
28.002 31.33 6.0598
27.9578 31.2901 5.9759
28.2881 31.345 6.0065
28.2212 31.314 5.9523
28.1562 31.2842 5.8997
28.0928 31.2555 5.8486
28.0309 31.2277 5.7989
28.2882 31.167 5.5624
28.2186 31.1582 5.5626
28.1515 31.1498 5.5629
28.0867 31.1418 5.5631
28.0239 31.1341 5.5634
28.2324 31.1211 5.4628
28.1699 31.1182 5.4756
28.1096 31.1155 5.488
28.0513 31.113 5.5
27.9948 31.1106 5.5116
27.9401 31.1083 5.5229
28.0435 30.9678 5.119
28.0044 30.9845 5.1762
27.9667 31.0006 5.2311
27.9304 31.0162 5.284
27.8953 31.0313 5.3348
27.8615 31.046 5.3839
27.9126 30.8633 4.8746
27.8898 30.8939 4.9658
27.8681 30.9231 5.0524
27.8472 30.9512 5.135
27.8272 30.9782 5.2139
27.8078 31.0043 5.2894
27.5506 30.8561 4.9605
27.574 30.8853 5.0346
27.5966 30.9138 5.1066
27.6184 30.9417 5.1765
27.6394 30.9691 5.2446
27.6599 30.9961 5.3112
27.3862 30.9245 5.193
27.4263 30.9439 5.2351
27.466 30.9632 5.2769
27.5053 30.9826 5.3184
27.5443 31.002 5.3596
27.583 31.0215 5.4007
27.0753 31.1222 5.791
27.1396 31.1193 5.7691
27.2056 31.1165 5.7466
27.2735 31.1138 5.7235
27.3434 31.1113 5.6995
27.4158 31.1089 5.6748
27.6487 30.8141 4.816
27.6608 30.85 4.9125
27.6722 30.8845 5.0048
27.6829 30.9179 5.0933
27.693 30.9503 5.1783
27.7025 30.9818 5.2604
27.7116 31.0124 5.3397
27.2025 30.9976 5.4364
27.2588 31.0078 5.4498
27.3157 31.0182 5.4633
27.3731 31.0289 5.4771
27.4312 31.04 5.491
27.4901 31.0513 5.5051
27.55 31.0631 5.5195
26.976 31.0824 5.7102
27.0506 31.0831 5.696
27.1269 31.0841 5.6814
27.2051 31.0853 5.6665
27.2855 31.0869 5.6511
27.3686 31.0889 5.6352
27.4547 31.0912 5.6187
27.3107 31.2034 5.9408
27.3526 31.1928 5.9041
27.3955 31.1821 5.8664
27.4395 31.1712 5.8276
27.4849 31.1602 5.7876
27.5317 31.1489 5.7462
27.5801 31.1373 5.7034
27.5774 31.2897 6.0842
27.594 31.2698 6.0313
27.6108 31.2498 5.9775
27.6278 31.2295 5.9227
27.645 31.209 5.8667
27.6625 31.1882 5.8095
27.6804 31.167 5.7508
27.8587 31.3757 6.2122
27.8461 31.3447 6.1416
27.8334 31.3139 6.0711
27.8204 31.2834 6.0006
27.8073 31.2531 5.9297
27.7938 31.2228 5.8584
27.78 31.1925 5.7865
28.1824 31.4241 6.2299
28.1304 31.3841 6.1506
28.0794 31.3454 6.0734
28.0293 31.308 5.9979
27.9799 31.2716 5.9238
27.931 31.2362 5.8508
27.8823 31.2015 5.7786
28.2893 31.3005 5.8972
28.2218 31.2751 5.8562
28.1562 31.2506 5.8164
28.0924 31.2271 5.7779
28.0301 31.2043 5.7403
27.9692 31.1824 5.7037
27.9095 31.1611 5.6679
28.1092 31.0208 5.2396
28.0619 31.0307 5.281
28.0164 31.0402 5.3208
27.9724 31.0496 5.3592
27.9299 31.0586 5.3962
27.8888 31.0675 5.4321
27.8489 31.0761 5.4668
27.8103 31.0845 5.5004
27.8301 30.7982 4.7184
27.8183 30.8379 4.8329
27.8069 30.8757 4.9408
27.7959 30.9116 5.0428
27.7853 30.9461 5.1396
27.7751 30.9791 5.2319
27.7651 31.011 5.3201
27.7553 31.0418 5.4047
27.3016 30.9586 5.3073
27.3495 30.9735 5.3353
27.3973 30.9886 5.3634
27.4451 31.0039 5.3916
27.493 31.0194 5.4199
27.5411 31.0351 5.4484
27.5894 31.0511 5.477
27.6379 31.0673 5.5059
27.1598 31.1519 5.8476
27.2159 31.1463 5.8203
27.2735 31.1407 5.7922
27.3328 31.1351 5.7632
27.3939 31.1294 5.7332
27.4571 31.1238 5.7022
27.5227 31.1181 5.67
27.5909 31.1124 5.6364
27.7114 31.3312 6.1478
27.7146 31.3062 6.0866
27.7177 31.2812 6.0248
27.7206 31.2561 5.9624
27.7235 31.2309 5.8991
27.7262 31.2055 5.8348
27.7289 31.1798 5.7694
27.7314 31.1539 5.7027
28.2447 31.3775 6.0988
28.1841 31.3427 6.0341
28.1249 31.3093 5.9713
28.0671 31.277 5.91
28.0103 31.2457 5.8501
27.9544 31.2153 5.7914
27.8992 31.1857 5.7337
27.8446 31.1568 5.6768
27.9805 30.9173 5.0019
27.9491 30.9406 5.075
27.919 30.963 5.1449
27.8901 30.9846 5.2119
27.8623 31.0055 5.2762
27.8355 31.0256 5.338
27.8095 31.0452 5.3976
27.7844 31.0642 5.4551
27.76 31.0827 5.5108
27.4664 30.8914 5.0811
27.4987 30.9154 5.1381
27.5303 30.9391 5.194
27.5612 30.9625 5.2489
27.5915 30.9858 5.303
27.6213 31.0089 5.3564
27.6506 31.0319 5.4092
27.6795 31.0549 5.4614
27.7081 31.0778 5.5132
27.0692 31.0483 5.6012
27.1364 31.0527 5.5975
27.2048 31.0574 5.5937
27.2746 31.0624 5.5899
27.346 31.0677 5.586
27.4192 31.0735 5.582
27.4946 31.0796 5.5778
27.5724 31.0862 5.5736
27.6528 31.0932 5.5692
27.4468 31.2481 6.017
27.4759 31.2329 5.9721
27.5056 31.2175 5.9261
27.5359 31.2019 5.879
27.567 31.186 5.8306
27.5989 31.1697 5.7807
27.6317 31.1531 5.7294
27.6654 31.1361 5.6764
27.7003 31.1187 5.6215
28.0335 31.4272 6.2826
28.0006 31.3883 6.2003
27.9679 31.3504 6.1194
27.9353 31.3133 6.0395
27.9028 31.2769 5.9602
27.8702 31.2411 5.8814
27.8373 31.2057 5.8027
27.8041 31.1706 5.7239
27.7705 31.1357 5.6446
28.2893 31.2102 5.6719
28.2205 31.196 5.6584
28.1538 31.1824 5.6454
28.0892 31.1693 5.6328
28.0265 31.1568 5.6207
27.9656 31.1447 5.6088
27.9062 31.1331 5.5974
27.8482 31.122 5.5862
27.7916 31.1112 5.5753
28.2882 31.167 5.5624
28.2186 31.1582 5.5626
28.1515 31.1498 5.5629
28.0867 31.1418 5.5631
28.0239 31.1341 5.5634
27.9631 31.1269 5.5636
27.904 31.1199 5.5639
27.8466 31.1132 5.5641
27.7908 31.1069 5.5644
27.7363 31.1007 5.5646
27.7363 31.1007 5.5646
27.5273 35.695 4.4189
27.5273 35.695 4.4189
27.5457 35.6432 4.5126
27.5273 35.695 4.4189
27.5273 35.695 4.4189
27.48 35.77 4.3011
27.4387 35.8352 4.1983
27.402 35.8932 4.1067
27.3687 35.9457 4.0236
27.3379 35.994 3.9469
27.3091 36.0394 3.8748
27.2816 36.0825 3.8062
27.255 36.1241 3.7399
27.229 36.1648 3.6749
27.2032 36.2052 3.6103
27.1772 36.2458 3.5452
27.1506 36.2873 3.4789
27.1232 36.3301 3.4101
27.0943 36.3751 3.3379
27.0635 36.423 3.2609
27.0302 36.4748 3.1775
26.9934 36.5319 3.0855
26.9521 36.5961 2.982
26.9046 36.6697 2.8631
26.9046 36.6697 2.8631
26.7815 36.6802 2.95
26.6868 36.6891 3.0148
26.6074 36.697 3.0676
26.5362 36.7045 3.1138
26.4685 36.712 3.1569
26.4004 36.7199 3.1991
26.328 36.7286 3.2431
26.2462 36.7389 3.2914
26.147 36.7521 3.3482
26.0153 36.7707 3.4205
26.0906 36.6912 3.5289
26.1574 36.6205 3.6251
26.2174 36.5567 3.7119
26.2723 36.4983 3.7912
26.3229 36.4443 3.8646
26.3702 36.3937 3.9333
26.4149 36.3459 3.9983
26.4575 36.3001 4.0604
26.4985 36.2559 4.1203
26.5384 36.2128 4.1786
26.5775 36.1705 4.2359
26.6162 36.1285 4.2927
26.6548 36.0865 4.3495
26.6937 36.0441 4.4069
26.7331 36.0009 4.4652
26.7736 35.9565 4.5251
26.8154 35.9104 4.5873
26.8591 35.8621 4.6524
26.9052 35.8109 4.7212
26.9543 35.7561 4.7948
27.0072 35.6968 4.8745
27.0649 35.6316 4.9619
27.1287 35.5589 5.0591
27.2004 35.4766 5.169
27.2004 35.4766 5.169
27.2757 35.502 5.0505
27.3317 35.5203 4.963
27.3807 35.5359 4.8871
27.4299 35.5513 4.8113
27.4867 35.5685 4.7241
27.564 35.5914 4.6064
27.2032 36.1641 3.6996
27.1776 36.1634 3.7242
27.1522 36.1626 3.7486
27.127 36.1619 3.7728
27.1549 36.2384 3.5815
27.1329 36.231 3.6173
27.1112 36.2237 3.6526
27.0898 36.2165 3.6875
27.1048 36.3153 3.459
27.0868 36.3007 3.5069
27.0692 36.2863 3.554
27.0519 36.2722 3.6003
26.571 36.6534 3.1949
26.6046 36.6041 3.2732
26.637 36.5564 3.3486
26.6683 36.5104 3.4215
26.4477 36.6677 3.2719
26.4933 36.6172 3.342
26.5374 36.5684 3.4099
26.5799 36.5212 3.4754
27.2782 36.0484 3.8831
27.2474 36.0574 3.8914
27.2165 36.0663 3.8996
27.1857 36.0752 3.9079
27.1549 36.0841 3.9162
27.2275 36.1266 3.7591
27.2002 36.1291 3.7783
27.1729 36.1316 3.7973
27.1459 36.134 3.8163
27.119 36.1364 3.8351
27.0499 36.3995 3.3245
27.0366 36.3765 3.3866
27.0236 36.3541 3.4471
27.0109 36.3322 3.5062
26.9985 36.3108 3.564
26.6357 36.6464 3.1533
26.6629 36.5976 3.236
26.6892 36.5505 3.3156
26.7145 36.505 3.3925
26.739 36.461 3.4669
26.3076 36.6853 3.3552
26.3669 36.6334 3.4169
26.4241 36.5831 3.4765
26.4795 36.5345 3.5342
26.5331 36.4873 3.5901
26.414 36.3745 3.9372
26.4573 36.3555 3.9411
26.5002 36.3366 3.945
26.5427 36.3178 3.9488
26.5848 36.2992 3.9527
26.4929 36.2888 4.0542
26.5283 36.2775 4.048
26.5634 36.2663 4.042
26.5985 36.2551 4.0359
26.6334 36.2439 4.0299
26.5666 36.2085 4.1636
26.5948 36.2042 4.1486
26.6231 36.1998 4.1337
26.6514 36.1954 4.1187
26.6798 36.191 4.1037
26.6378 36.1306 4.2698
26.6595 36.1326 4.2467
26.6814 36.1346 4.2235
26.7034 36.1366 4.2001
26.7256 36.1386 4.1766
26.7091 36.0521 4.3764
26.7246 36.0602 4.3457
26.7404 36.0684 4.3146
26.7563 36.0766 4.2831
26.7724 36.0849 4.2513
26.783 35.9703 4.4874
26.7925 35.9844 4.4491
26.8022 35.9987 4.4102
26.812 36.0132 4.3707
26.822 36.0279 4.3306
27.3054 36.0064 3.9495
27.2727 36.0187 3.9522
27.2401 36.031 3.9549
27.2073 36.0433 3.9576
27.1745 36.0557 3.9603
27.1416 36.068 3.9631
26.9857 36.4976 3.1675
26.9782 36.4644 3.2469
26.9709 36.4322 3.3239
26.9639 36.4009 3.3985
26.957 36.3704 3.4709
26.9503 36.3409 3.5413
26.7077 36.639 3.1059
26.7278 36.5907 3.1936
26.7472 36.5442 3.2781
26.7659 36.4993 3.3596
26.784 36.4559 3.4383
26.8014 36.4139 3.5143
26.2769 36.5225 3.735
26.3352 36.4889 3.7577
26.3923 36.4559 3.7799
26.4482 36.4235 3.8018
26.5031 36.3917 3.8233
26.557 36.3604 3.8444
26.3714 36.4206 3.8742
26.4192 36.3972 3.8838
26.4664 36.374 3.8932
26.513 36.3511 3.9026
26.559 36.3284 3.9118
26.6045 36.3059 3.921
26.8625 35.8819 4.6073
26.8659 35.9021 4.5614
26.8693 35.9227 4.5145
26.8729 35.9437 4.4667
26.8765 35.9651 4.4177
26.8802 35.987 4.3678
27.3972 35.5898 4.7589
27.3635 35.6293 4.7051
27.3289 35.6699 4.6498
27.2932 35.7116 4.5928
27.2563 35.7546 4.534
27.2182 35.7988 4.4734
27.5032 35.678 4.4769
27.4598 35.7133 4.4406
27.4155 35.7492 4.4035
27.3702 35.7859 4.3657
27.3239 35.8233 4.3271
27.2765 35.8614 4.2876
27.2279 35.9004 4.2473
27.4851 35.7268 4.3889
27.4422 35.7591 4.3584
27.3985 35.7919 4.3275
27.354 35.8252 4.296
27.3086 35.8591 4.2639
27.2623 35.8936 4.2313
27.2151 35.9286 4.198
27.3659 35.9125 4.0976
27.3296 35.932 4.0883
27.2929 35.9516 4.0791
27.256 35.9712 4.0697
27.2187 35.991 4.0604
27.1812 36.0109 4.0509
27.1433 36.031 4.0414
26.905 36.6207 2.9701
26.9054 36.5737 3.0728
26.9058 36.5285 3.1715
26.9061 36.485 3.2663
26.9065 36.443 3.3576
26.9068 36.4026 3.4456
26.9071 36.3636 3.5304
26.1643 36.6434 3.5695
26.2358 36.5969 3.6089
26.3053 36.5517 3.6473
26.3728 36.5077 3.6847
26.4385 36.4647 3.7211
26.5025 36.4228 3.7565
26.5648 36.3819 3.7911
26.9513 35.7822 4.7422
26.9483 35.8088 4.6883
26.9452 35.8362 4.6329
26.9421 35.8642 4.5761
26.9388 35.8929 4.5177
26.9354 35.9224 4.4577
26.9319 35.9527 4.396
27.3515 35.5749 4.8308
27.3215 35.6149 4.7728
27.2904 35.6561 4.7131
27.2584 35.6985 4.6514
27.2252 35.7423 4.5877
27.1908 35.7874 4.5219
27.1552 35.8341 4.4536
27.4007 35.8584 4.1827
27.3624 35.8818 4.167
27.3236 35.9053 4.1511
27.2843 35.9291 4.1351
27.2446 35.9531 4.1189
27.2045 35.9773 4.1026
27.1638 36.0018 4.0861
27.1227 36.0265 4.0694
27.1303 36.2762 3.5212
27.1102 36.2654 3.5629
27.0905 36.2546 3.604
27.0711 36.244 3.6444
27.0519 36.2335 3.6842
27.0331 36.2232 3.7234
27.0145 36.213 3.7621
26.9962 36.2029 3.8002
26.7936 36.6307 3.0478
26.8052 36.583 3.1419
26.8164 36.5371 3.2324
26.8271 36.4928 3.3196
26.8374 36.4501 3.4036
26.8474 36.4088 3.4847
26.857 36.3689 3.5631
26.8663 36.3303 3.6388
26.3819 36.6757 3.3115
26.4339 36.6246 3.3776
26.4842 36.5752 3.4415
26.5328 36.5273 3.5033
26.5798 36.4809 3.5632
26.6253 36.4359 3.6212
26.6694 36.3923 3.6775
26.7122 36.3498 3.7321
26.098 36.7144 3.4722
26.1777 36.6599 3.5221
26.2548 36.6072 3.5704
26.3293 36.5561 3.6172
26.4015 36.5065 3.6625
26.4714 36.4583 3.7065
26.5393 36.4114 3.7493
26.6051 36.3658 3.7908
27.0552 35.6645 4.901
27.0453 35.6983 4.8383
27.035 35.7331 4.7737
27.0244 35.7689 4.7069
27.0135 35.8059 4.6379
27.0021 35.8442 4.5665
26.9903 35.8837 4.4925
26.978 35.9246 4.4158
27.306 35.5597 4.9029
27.2794 35.6003 4.8408
27.2519 35.6421 4.7768
27.2234 35.6852 4.7105
27.1939 35.7298 4.6419
27.1632 35.7759 4.5709
27.1313 35.8236 4.497
27.0982 35.8732 4.4203
27.44 35.7973 4.2786
27.3994 35.8249 4.2558
27.3583 35.8528 4.2328
27.3165 35.8811 4.2095
27.2742 35.9098 4.1858
27.2311 35.9388 4.1618
27.1874 35.9682 4.1375
27.1429 35.998 4.1128
27.0977 36.0283 4.0877
27.0193 36.4463 3.2497
27.0087 36.4185 3.3199
26.9984 36.3915 3.3882
26.9883 36.3651 3.4546
26.9786 36.3394 3.5193
26.969 36.3143 3.5824
26.9598 36.2899 3.6439
26.9507 36.266 3.7038
26.9418 36.2426 3.7623
26.3259 36.4697 3.8072
26.3787 36.4414 3.823
26.4306 36.4136 3.8385
26.4817 36.3862 3.8538
26.5319 36.3591 3.8689
26.5814 36.3324 3.8838
26.6301 36.306 3.8985
26.6782 36.28 3.913
26.7255 36.2543 3.9273
26.5302 36.2482 4.1096
26.5619 36.2405 4.0989
26.5936 36.2328 4.0882
26.6252 36.225 4.0776
26.6567 36.2172 4.067
26.6883 36.2095 4.0565
26.7198 36.2017 4.0459
26.7513 36.1938 4.0354
26.7827 36.186 4.0249
26.6733 36.0916 4.3228
26.6919 36.0966 4.2958
26.7107 36.1018 4.2687
26.7296 36.1069 4.2412
26.7488 36.112 4.2136
26.7681 36.1172 4.1857
26.7876 36.1224 4.1576
26.8072 36.1277 4.1292
26.8271 36.1329 4.1005
26.8218 35.9272 4.5459
26.8283 35.9443 4.5039
26.8349 35.9617 4.461
26.8416 35.9794 4.4174
26.8485 35.9974 4.3729
26.8555 36.0158 4.3276
26.8626 36.0344 4.2813
26.8698 36.0534 4.2342
26.8772 36.0728 4.186
27.2537 35.542 4.986
27.2309 35.5832 4.9193
27.2074 35.6257 4.8504
27.1829 35.6696 4.779
27.1575 35.7151 4.7048
27.1311 35.7623 4.6278
27.1035 35.8114 4.5477
27.0747 35.8624 4.4641
27.0446 35.9156 4.3768
27.5211 35.6289 4.5652
27.4773 35.6672 4.5232
27.4324 35.7062 4.4802
27.3864 35.7461 4.4362
27.3392 35.7869 4.3912
27.2907 35.8287 4.345
27.2409 35.8715 4.2976
27.1897 35.9154 4.249
27.1369 35.9605 4.1989
27.2524 36.0882 3.82
27.2233 36.094 3.8337
27.1943 36.0997 3.8474
27.1654 36.1053 3.8611
27.1365 36.1109 3.8747
27.1078 36.1164 3.8883
27.0791 36.122 3.9019
27.0505 36.1274 3.9155
27.022 36.1329 3.929
26.9935 36.1383 3.9426
27.0782 36.3561 3.3938
27.0624 36.3375 3.4485
27.047 36.3193 3.5021
27.0319 36.3014 3.5545
27.0171 36.2839 3.6059
27.0026 36.2667 3.6562
26.9884 36.2497 3.7056
26.9744 36.2331 3.754
26.9607 36.2168 3.8015
26.9473 36.2008 3.8482
26.2175 36.6974 3.4066
26.2856 36.6444 3.4631
26.3513 36.5932 3.5177
26.4149 36.5435 3.5706
26.4765 36.4953 3.6219
26.5361 36.4485 3.6716
26.594 36.4031 3.7198
26.6502 36.3589 3.7667
26.7047 36.3158 3.8123
26.7577 36.2739 3.8567
27.001 35.7261 4.8179
26.9946 35.7563 4.7597
26.988 35.7872 4.6998
26.9812 35.819 4.6382
26.9742 35.8517 4.5747
26.967 35.8854 4.5092
26.9595 35.9201 4.4416
26.9517 35.9559 4.3717
26.9437 35.9929 4.2995
26.9354 36.0312 4.2246
27.1833 35.5174 5.0987
27.1655 35.5595 5.026
27.1471 35.6031 4.9505
27.128 35.6482 4.8722
27.108 35.695 4.7907
27.0871 35.7437 4.7058
27.0653 35.7945 4.6171
27.0425 35.8474 4.5243
27.0185 35.9028 4.427
26.9932 35.961 4.3247
27.3344 35.9614 4.0205
27.2999 35.9772 4.0174
27.2653 35.9931 4.0142
27.2305 36.0089 4.0111
27.1956 36.0249 4.008
27.1604 36.0408 4.0049
27.1251 36.0569 4.0018
27.0895 36.0729 3.9986
27.0538 36.0891 3.9955
27.0178 36.1053 3.9924
26.9816 36.1216 3.9893
26.9481 36.5551 3.0754
26.9442 36.5156 3.1655
26.9404 36.4773 3.2524
26.9367 36.4404 3.3364
26.9332 36.4046 3.4176
26.9298 36.37 3.4961
26.9265 36.3364 3.5722
26.9233 36.3039 3.6459
26.9201 36.2722 3.7173
26.9171 36.2415 3.7867
26.9142 36.2116 3.854
26.2235 36.58 3.6563
26.2879 36.5404 3.6868
26.3508 36.5017 3.7166
26.4122 36.4638 3.7458
26.4722 36.4267 3.7743
26.5308 36.3904 3.8022
26.5882 36.3548 3.8295
26.6443 36.3198 3.8563
26.6993 36.2856 3.8826
26.7531 36.2519 3.9084
26.8059 36.2188 3.9337
26.6023 36.1694 4.2169
26.6273 36.1683 4.1978
26.6523 36.1672 4.1786
26.6774 36.166 4.1594
26.7026 36.1648 4.1401
26.728 36.1636 4.1207
26.7534 36.1624 4.1013
26.779 36.1611 4.0818
26.8046 36.1598 4.0622
26.8304 36.1585 4.0425
26.8563 36.1571 4.0228
26.9054 35.8338 4.6724
26.9057 35.8572 4.6226
26.9059 35.881 4.5715
26.9062 35.9055 4.5193
26.9064 35.9304 4.4658
26.9067 35.956 4.4109
26.9069 35.9822 4.3546
26.9072 36.009 4.2968
26.9074 36.0366 4.2375
26.9077 36.0648 4.1766
26.908 36.0938 4.1139
27.4498 35.6066 4.6764
27.4119 35.6456 4.6275
27.373 35.6855 4.5773
27.333 35.7265 4.5258
27.2918 35.7685 4.4728
27.2493 35.8117 4.4183
27.2055 35.8561 4.3621
27.1602 35.9019 4.3042
27.1134 35.9491 4.2443
27.065 35.9978 4.1825
27.0148 36.0481 4.1184
27.1791 36.2012 3.6407
27.1553 36.1972 3.6708
27.1317 36.1932 3.7006
27.1084 36.1892 3.7301
27.0853 36.1853 3.7593
27.0624 36.1813 3.7882
27.0398 36.1774 3.8168
27.0174 36.1735 3.8451
26.9952 36.1697 3.8732
26.9732 36.1658 3.901
26.9514 36.1619 3.9286
26.9299 36.1581 3.9559
26.5095 36.6604 3.2337
26.5491 36.6105 3.3078
26.5873 36.5623 3.3794
26.6243 36.5157 3.4487
26.6599 36.4705 3.5156
26.6945 36.4268 3.5804
26.7279 36.3844 3.6432
26.7603 36.3433 3.7041
26.7917 36.3033 3.7631
26.8222 36.2645 3.8205
26.8518 36.2268 3.8762
26.8805 36.1901 3.9303
26.4543 36.3308 3.9969
26.4935 36.3157 3.9956
26.5324 36.3008 3.9944
26.5711 36.2859 3.9931
26.6095 36.2711 3.9919
26.6476 36.2563 3.9907
26.6855 36.2416 3.9895
26.7232 36.2269 3.9884
26.7607 36.2123 3.9873
26.7979 36.1978 3.9862
26.835 36.1832 3.9851
26.8718 36.1687 3.9841
26.7455 36.0118 4.4311
26.7581 36.0229 4.3966
26.7708 36.0341 4.3616
26.7837 36.0455 4.3261
26.7968 36.057 4.2902
26.81 36.0686 4.2537
26.8235 36.0804 4.2168
26.8371 36.0923 4.1792
26.8509 36.1044 4.1412
26.865 36.1166 4.1025
26.8793 36.129 4.0633
26.8938 36.1415 4.0235
27.1155 35.5956 4.9937
27.1018 35.6334 4.9262
27.0876 35.6723 4.8564
27.0729 35.7126 4.7841
27.0576 35.7543 4.7091
27.0417 35.7975 4.6313
27.0251 35.8423 4.5504
27.0079 35.8889 4.4661
26.9898 35.9374 4.3781
26.9709 35.988 4.2862
26.9511 36.0409 4.19
26.9304 36.0962 4.0891
27.4851 35.7268 4.3889
27.4422 35.7591 4.3584
27.3985 35.7919 4.3275
27.354 35.8252 4.296
27.3086 35.8591 4.2639
27.2623 35.8936 4.2313
27.2151 35.9286 4.198
27.1668 35.9644 4.164
27.1175 36.0008 4.1294
27.0671 36.038 4.094
27.0155 36.0759 4.0579
26.9627 36.1147 4.0209
26.9085 36.1543 3.983
26.9085 36.1543 3.983
27.564 35.5914 4.6064
27.564 35.5914 4.6064
27.4867 35.5685 4.7241
27.4299 35.5513 4.8113
27.3807 35.5359 4.8871
27.3317 35.5203 4.963
27.2757 35.502 5.0505
27.2004 35.4766 5.169
27.2004 35.4766 5.169
27.2071 35.4165 5.233
27.2138 35.3565 5.2971
27.2205 35.2964 5.3611
27.2272 35.2363 5.4251
27.2339 35.1762 5.4892
27.2406 35.1162 5.5532
27.2474 35.0561 5.6173
27.2541 34.996 5.6813
27.2608 34.936 5.7453
27.2608 34.936 5.7453
27.2835 34.8886 5.7754
27.3065 34.8412 5.8053
27.3962 34.8524 5.6869
27.459 34.8625 5.6014
27.5107 34.8722 5.5294
27.5589 34.8823 5.4609
27.6092 34.8941 5.388
27.6685 34.9093 5.3005
27.7493 34.9326 5.1781
27.7493 34.9326 5.1781
27.7196 35.041 5.0831
27.6964 35.1246 5.0102
27.6766 35.1957 4.9483
27.6581 35.2614 4.8912
27.6395 35.3273 4.8342
27.6193 35.3985 4.7726
27.5954 35.4823 4.7003
27.564 35.5914 4.6064
28.1853 31.5031 6.4141
28.1853 31.5031 6.4141
28.2312 31.6351 6.4546
28.265 31.7302 6.482
28.3133 31.8628 6.5175
28.324 31.7597 6.4209
28.3313 31.6848 6.3508
28.3372 31.6202 6.2902
28.3429 31.5555 6.2296
28.3491 31.4806 6.1594
28.3571 31.3775 6.0627
28.3571 31.3775 6.0627
28.307 31.4136 6.1657
28.2714 31.4396 6.2387
28.2357 31.4658 6.3117
28.1853 31.5031 6.4141
28.2496 31.6074 6.4062
28.305 31.7605 6.4488
28.3119 31.6909 6.3836
28.3204 31.5972 6.296
28.3281 31.5045 6.2096
28.3002 31.4602 6.2138
28.2528 31.4944 6.3103
28.2723 31.6713 6.4247
28.2795 31.6117 6.3666
28.3166 31.6405 6.3365
28.3017 31.596 6.322
28.3241 31.5541 6.2557
28.3054 31.5526 6.2817
28.3332 31.437 6.1468
28.3097 31.4948 6.2283
28.2766 31.4772 6.2619
28.2817 31.5143 6.2848
28.219 31.519 6.3788
28.2528 31.535 6.3432
28.219 31.519 6.3788
28.2528 31.535 6.3432
28.2867 31.5512 6.3074
28.2867 31.5512 6.3074
3 222 38 37 0.6875222597707327 0.4397164875747043 0.6847011332583873
3 29 215 31 0.6875222597707327 0.4397164875747043 0.6847011332583873
3 215 32 31 0.6875222597707327 0.4397164875747043 0.6847011332583873
3 145 222 37 0.6875222597707327 0.4397164875747043 0.6847011332583873
3 34 32 215 0.6875222597707327 0.4397164875747043 0.6847011332583873
3 281 35 195 0.6875222597707327 0.4397164875747043 0.6847011332583873
3 35 34 195 0.6875222597707327 0.4397164875747043 0.6847011332583873
3 216 34 215 0.6875222597707327 0.4397164875747043 0.6847011332583873
3 216 195 34 0.6875222597707327 0.4397164875747043 0.6847011332583873
3 277 213 212 0.6875222597707327 0.4397164875747043 0.6847011332583873
3 53 297 54 0.6875222597707327 0.4397164875747043 0.6847011332583873
3 51 243 52 0.6875222597707327 0.4397164875747043 0.6847011332583873
3 16 15 135 0.6875222597707327 0.4397164875747043 0.6847011332583873
3 20 19 69 0.6875222597707327 0.4397164875747043 0.6847011332583873
3 2 165 3 0.6875222597707327 0.4397164875747043 0.6847011332583873
3 3 165 125 0.6875222597707327 0.4397164875747043 0.6847011332583873
3 10 177 11 0.6875222597707327 0.4397164875747043 0.6847011332583873
3 17 16 201 0.6875222597707327 0.4397164875747043 0.6847011332583873
3 201 16 135 0.6875222597707327 0.4397164875747043 0.6847011332583873
3 86 177 178 0.6875222597707327 0.4397164875747043 0.6847011332583873
3 180 181 269 0.6875222597707327 0.4397164875747043 0.6847011332583873
3 5 60 6 0.6875222597707327 0.4397164875747043 0.6847011332583873
3 7 6 171 0.6875222597707327 0.4397164875747043 0.6847011332583873
3 171 6 60 0.6875222597707327 0.4397164875747043 0.6847011332583873
3 257 5 4 0.6875222597707327 0.4397164875747043 0.6847011332583873
3 257 60 5 0.6875222597707327 0.4397164875747043 0.6847011332583873
3 36 145 37 0.6875222597707327 0.4397164875747043 0.6847011332583873
3 36 35 281 0.6875222597707327 0.4397164875747043 0.6847011332583873
3 281 145 36 0.6875222597707327 0.4397164875747043 0.6847011332583873
3 222 145 146 0.6875222597707327 0.4397164875747043 0.6847011332583873
3 223 146 147 0.6875222597707327 0.4397164875747043 0.6847011332583873
3 222 146 223 0.6875222597707327 0.4397164875747043 0.6847011332583873
3 224 223 147 0.6875222597707327 0.4397164875747043 0.6847011332583873
3 282 145 281 0.6875222597707327 0.4397164875747043 0.6847011332583873
3 282 146 145 0.6875222597707327 0.4397164875747043 0.6847011332583873
3 28 216 215 0.6875222597707327 0.4397164875747043 0.6847011332583873
3 28 215 29 0.6875222597707327 0.4397164875747043 0.6847011332583873
3 328 212 213 0.6875222597707327 0.4397164875747043 0.6847011332583873
3 221 328 329 0.6875222597707327 0.4397164875747043 0.6847011332583873
3 329 328 213 0.6875222597707327 0.4397164875747043 0.6847011332583873
3 368 340 331 0.6875222597707327 0.4397164875747043 0.6847011332583873
3 96 212 211 0.6875222597707327 0.4397164875747043 0.6847011332583873
3 277 212 96 0.6875222597707327 0.4397164875747043 0.6847011332583873
3 299 300 157 0.6875222597707327 0.4397164875747043 0.6847011332583873
3 78 58 57 0.6875222597707327 0.4397164875747043 0.6847011332583873
3 297 53 117 0.6875222597707327 0.4397164875747043 0.6847011332583873
3 117 243 244 0.6875222597707327 0.4397164875747043 0.6847011332583873
3 52 243 117 0.6875222597707327 0.4397164875747043 0.6847011332583873
3 117 53 52 0.6875222597707327 0.4397164875747043 0.6847011332583873
3 244 118 117 0.6875222597707327 0.4397164875747043 0.6847011332583873
3 117 118 297 0.6875222597707327 0.4397164875747043 0.6847011332583873
3 297 118 298 0.6875222597707327 0.4397164875747043 0.6847011332583873
3 245 118 244 0.6875222597707327 0.4397164875747043 0.6847011332583873
3 244 243 151 0.6875222597707327 0.4397164875747043 0.6847011332583873
3 236 44 109 0.6875222597707327 0.4397164875747043 0.6847011332583873
3 120 300 299 0.6875222597707327 0.4397164875747043 0.6847011332583873
3 247 300 120 0.6875222597707327 0.4397164875747043 0.6847011332583873
3 120 154 247 0.6875222597707327 0.4397164875747043 0.6847011332583873
3 240 241 346 0.6875222597707327 0.4397164875747043 0.6847011332583873
3 293 241 240 0.6875222597707327 0.4397164875747043 0.6847011332583873
3 303 256 255 0.6875222597707327 0.4397164875747043 0.6847011332583873
3 255 256 355 0.6875222597707327 0.4397164875747043 0.6847011332583873
3 252 157 158 0.6875222597707327 0.4397164875747043 0.6847011332583873
3 158 157 300 0.6875222597707327 0.4397164875747043 0.6847011332583873
3 355 256 356 0.6875222597707327 0.4397164875747043 0.6847011332583873
3 356 364 355 0.6875222597707327 0.4397164875747043 0.6847011332583873
3 304 356 256 0.6875222597707327 0.4397164875747043 0.6847011332583873
3 304 256 303 0.6875222597707327 0.4397164875747043 0.6847011332583873
3 12 265 13 0.6875222597707327 0.4397164875747043 0.6847011332583873
3 11 177 85 0.6875222597707327 0.4397164875747043 0.6847011332583873
3 85 12 11 0.6875222597707327 0.4397164875747043 0.6847011332583873
3 265 12 85 0.6875222597707327 0.4397164875747043 0.6847011332583873
3 266 86 132 0.6875222597707327 0.4397164875747043 0.6847011332583873
3 177 86 266 0.6875222597707327 0.4397164875747043 0.6847011332583873
3 266 85 177 0.6875222597707327 0.4397164875747043 0.6847011332583873
3 13 265 130 0.6875222597707327 0.4397164875747043 0.6847011332583873
3 14 13 130 0.6875222597707327 0.4397164875747043 0.6847011332583873
3 130 15 14 0.6875222597707327 0.4397164875747043 0.6847011332583873
3 135 15 130 0.6875222597707327 0.4397164875747043 0.6847011332583873
3 359 161 165 0.6875222597707327 0.4397164875747043 0.6847011332583873
3 165 2 359 0.6875222597707327 0.4397164875747043 0.6847011332583873
3 359 2 0 0.6875222597707327 0.4397164875747043 0.6847011332583873
3 359 351 161 0.6875222597707327 0.4397164875747043 0.6847011332583873
3 175 261 176 0.6875222597707327 0.4397164875747043 0.6847011332583873
3 312 264 313 0.6875222597707327 0.4397164875747043 0.6847011332583873
3 355 364 164 0.6875222597707327 0.4397164875747043 0.6847011332583873
3 178 177 66 0.6875222597707327 0.4397164875747043 0.6847011332583873
3 66 10 9 0.6875222597707327 0.4397164875747043 0.6847011332583873
3 177 10 66 0.6875222597707327 0.4397164875747043 0.6847011332583873
3 178 66 67 0.6875222597707327 0.4397164875747043 0.6847011332583873
3 136 201 135 0.6875222597707327 0.4397164875747043 0.6847011332583873
3 136 266 132 0.6875222597707327 0.4397164875747043 0.6847011332583873
3 132 86 267 0.6875222597707327 0.4397164875747043 0.6847011332583873
3 267 86 178 0.6875222597707327 0.4397164875747043 0.6847011332583873
3 175 309 174 0.6875222597707327 0.4397164875747043 0.6847011332583873
3 308 309 181 0.6875222597707327 0.4397164875747043 0.6847011332583873
3 308 307 65 0.6875222597707327 0.4397164875747043 0.6847011332583873
3 308 174 309 0.6875222597707327 0.4397164875747043 0.6847011332583873
3 181 180 308 0.6875222597707327 0.4397164875747043 0.6847011332583873
3 308 180 307 0.6875222597707327 0.4397164875747043 0.6847011332583873
3 172 171 60 0.6875222597707327 0.4397164875747043 0.6847011332583873
3 81 257 4 0.6875222597707327 0.4397164875747043 0.6847011332583873
3 4 3 81 0.6875222597707327 0.4397164875747043 0.6847011332583873
3 3 125 81 0.6875222597707327 0.4397164875747043 0.6847011332583873
3 221 329 287 0.6875222597707327 0.4397164875747043 0.6847011332583873
3 287 329 330 0.6875222597707327 0.4397164875747043 0.6847011332583873
3 98 224 99 0.6875222597707327 0.4397164875747043 0.6847011332583873
3 223 224 98 0.6875222597707327 0.4397164875747043 0.6847011332583873
3 148 224 147 0.6875222597707327 0.4397164875747043 0.6847011332583873
3 147 284 148 0.6875222597707327 0.4397164875747043 0.6847011332583873
3 148 285 149 0.6875222597707327 0.4397164875747043 0.6847011332583873
3 148 284 285 0.6875222597707327 0.4397164875747043 0.6847011332583873
3 99 224 225 0.6875222597707327 0.4397164875747043 0.6847011332583873
3 225 100 99 0.6875222597707327 0.4397164875747043 0.6847011332583873
3 224 148 225 0.6875222597707327 0.4397164875747043 0.6847011332583873
3 225 226 100 0.6875222597707327 0.4397164875747043 0.6847011332583873
3 225 148 149 0.6875222597707327 0.4397164875747043 0.6847011332583873
3 149 226 225 0.6875222597707327 0.4397164875747043 0.6847011332583873
3 346 241 347 0.6875222597707327 0.4397164875747043 0.6847011332583873
3 347 248 346 0.6875222597707327 0.4397164875747043 0.6847011332583873
3 249 248 347 0.6875222597707327 0.4397164875747043 0.6847011332583873
3 347 241 242 0.6875222597707327 0.4397164875747043 0.6847011332583873
3 294 241 293 0.6875222597707327 0.4397164875747043 0.6847011332583873
3 295 242 294 0.6875222597707327 0.4397164875747043 0.6847011332583873
3 242 241 294 0.6875222597707327 0.4397164875747043 0.6847011332583873
3 292 108 293 0.6875222597707327 0.4397164875747043 0.6847011332583873
3 292 240 112 0.6875222597707327 0.4397164875747043 0.6847011332583873
3 293 240 292 0.6875222597707327 0.4397164875747043 0.6847011332583873
3 293 108 233 0.6875222597707327 0.4397164875747043 0.6847011332583873
3 233 294 293 0.6875222597707327 0.4397164875747043 0.6847011332583873
3 147 146 283 0.6875222597707327 0.4397164875747043 0.6847011332583873
3 146 282 283 0.6875222597707327 0.4397164875747043 0.6847011332583873
3 283 284 147 0.6875222597707327 0.4397164875747043 0.6847011332583873
3 198 284 283 0.6875222597707327 0.4397164875747043 0.6847011332583873
3 283 197 198 0.6875222597707327 0.4397164875747043 0.6847011332583873
3 282 197 283 0.6875222597707327 0.4397164875747043 0.6847011332583873
3 195 216 196 0.6875222597707327 0.4397164875747043 0.6847011332583873
3 281 195 196 0.6875222597707327 0.4397164875747043 0.6847011332583873
3 196 282 281 0.6875222597707327 0.4397164875747043 0.6847011332583873
3 196 197 282 0.6875222597707327 0.4397164875747043 0.6847011332583873
3 186 205 187 0.6875222597707327 0.4397164875747043 0.6847011332583873
3 139 134 269 0.6875222597707327 0.4397164875747043 0.6847011332583873
3 314 20 69 0.6875222597707327 0.4397164875747043 0.6847011332583873
3 21 20 314 0.6875222597707327 0.4397164875747043 0.6847011332583873
3 212 328 144 0.6875222597707327 0.4397164875747043 0.6847011332583873
3 211 212 144 0.6875222597707327 0.4397164875747043 0.6847011332583873
3 144 143 211 0.6875222597707327 0.4397164875747043 0.6847011332583873
3 327 143 144 0.6875222597707327 0.4397164875747043 0.6847011332583873
3 144 328 327 0.6875222597707327 0.4397164875747043 0.6847011332583873
3 214 329 213 0.6875222597707327 0.4397164875747043 0.6847011332583873
3 330 329 214 0.6875222597707327 0.4397164875747043 0.6847011332583873
3 278 213 277 0.6875222597707327 0.4397164875747043 0.6847011332583873
3 278 214 213 0.6875222597707327 0.4397164875747043 0.6847011332583873
3 279 214 278 0.6875222597707327 0.4397164875747043 0.6847011332583873
3 210 209 94 0.6875222597707327 0.4397164875747043 0.6847011332583873
3 211 143 210 0.6875222597707327 0.4397164875747043 0.6847011332583873
3 275 96 95 0.6875222597707327 0.4397164875747043 0.6847011332583873
3 95 210 94 0.6875222597707327 0.4397164875747043 0.6847011332583873
3 95 96 211 0.6875222597707327 0.4397164875747043 0.6847011332583873
3 211 210 95 0.6875222597707327 0.4397164875747043 0.6847011332583873
3 275 95 274 0.6875222597707327 0.4397164875747043 0.6847011332583873
3 274 95 94 0.6875222597707327 0.4397164875747043 0.6847011332583873
3 277 96 276 0.6875222597707327 0.4397164875747043 0.6847011332583873
3 276 96 275 0.6875222597707327 0.4397164875747043 0.6847011332583873
3 252 122 251 0.6875222597707327 0.4397164875747043 0.6847011332583873
3 251 157 252 0.6875222597707327 0.4397164875747043 0.6847011332583873
3 80 124 353 0.6875222597707327 0.4397164875747043 0.6847011332583873
3 350 58 78 0.6875222597707327 0.4397164875747043 0.6847011332583873
3 351 359 350 0.6875222597707327 0.4397164875747043 0.6847011332583873
3 0 58 350 0.6875222597707327 0.4397164875747043 0.6847011332583873
3 350 359 0 0.6875222597707327 0.4397164875747043 0.6847011332583873
3 166 125 165 0.6875222597707327 0.4397164875747043 0.6847011332583873
3 166 361 167 0.6875222597707327 0.4397164875747043 0.6847011332583873
3 165 161 166 0.6875222597707327 0.4397164875747043 0.6847011332583873
3 161 361 166 0.6875222597707327 0.4397164875747043 0.6847011332583873
3 341 151 150 0.6875222597707327 0.4397164875747043 0.6847011332583873
3 150 51 49 0.6875222597707327 0.4397164875747043 0.6847011332583873
3 243 51 150 0.6875222597707327 0.4397164875747043 0.6847011332583873
3 150 151 243 0.6875222597707327 0.4397164875747043 0.6847011332583873
3 114 113 236 0.6875222597707327 0.4397164875747043 0.6847011332583873
3 46 113 341 0.6875222597707327 0.4397164875747043 0.6847011332583873
3 342 151 341 0.6875222597707327 0.4397164875747043 0.6847011332583873
3 341 113 342 0.6875222597707327 0.4397164875747043 0.6847011332583873
3 342 114 343 0.6875222597707327 0.4397164875747043 0.6847011332583873
3 113 114 342 0.6875222597707327 0.4397164875747043 0.6847011332583873
3 43 109 44 0.6875222597707327 0.4397164875747043 0.6847011332583873
3 290 105 106 0.6875222597707327 0.4397164875747043 0.6847011332583873
3 119 120 299 0.6875222597707327 0.4397164875747043 0.6847011332583873
3 299 298 119 0.6875222597707327 0.4397164875747043 0.6847011332583873
3 119 298 118 0.6875222597707327 0.4397164875747043 0.6847011332583873
3 118 245 119 0.6875222597707327 0.4397164875747043 0.6847011332583873
3 154 120 246 0.6875222597707327 0.4397164875747043 0.6847011332583873
3 246 344 154 0.6875222597707327 0.4397164875747043 0.6847011332583873
3 246 119 245 0.6875222597707327 0.4397164875747043 0.6847011332583873
3 120 119 246 0.6875222597707327 0.4397164875747043 0.6847011332583873
3 290 111 110 0.6875222597707327 0.4397164875747043 0.6847011332583873
3 110 111 238 0.6875222597707327 0.4397164875747043 0.6847011332583873
3 303 255 302 0.6875222597707327 0.4397164875747043 0.6847011332583873
3 302 249 303 0.6875222597707327 0.4397164875747043 0.6847011332583873
3 302 248 249 0.6875222597707327 0.4397164875747043 0.6847011332583873
3 353 124 254 0.6875222597707327 0.4397164875747043 0.6847011332583873
3 159 302 254 0.6875222597707327 0.4397164875747043 0.6847011332583873
3 254 302 255 0.6875222597707327 0.4397164875747043 0.6847011332583873
3 253 158 159 0.6875222597707327 0.4397164875747043 0.6847011332583873
3 253 254 124 0.6875222597707327 0.4397164875747043 0.6847011332583873
3 159 254 253 0.6875222597707327 0.4397164875747043 0.6847011332583873
3 252 158 253 0.6875222597707327 0.4397164875747043 0.6847011332583873
3 356 304 357 0.6875222597707327 0.4397164875747043 0.6847011332583873
3 357 358 366 0.6875222597707327 0.4397164875747043 0.6847011332583873
3 348 242 295 0.6875222597707327 0.4397164875747043 0.6847011332583873
3 348 347 242 0.6875222597707327 0.4397164875747043 0.6847011332583873
3 249 347 348 0.6875222597707327 0.4397164875747043 0.6847011332583873
3 303 249 348 0.6875222597707327 0.4397164875747043 0.6847011332583873
3 348 304 303 0.6875222597707327 0.4397164875747043 0.6847011332583873
3 349 340 368 0.6875222597707327 0.4397164875747043 0.6847011332583873
3 368 358 349 0.6875222597707327 0.4397164875747043 0.6847011332583873
3 304 348 349 0.6875222597707327 0.4397164875747043 0.6847011332583873
3 358 357 349 0.6875222597707327 0.4397164875747043 0.6847011332583873
3 349 357 304 0.6875222597707327 0.4397164875747043 0.6847011332583873
3 247 248 301 0.6875222597707327 0.4397164875747043 0.6847011332583873
3 301 300 247 0.6875222597707327 0.4397164875747043 0.6847011332583873
3 301 302 159 0.6875222597707327 0.4397164875747043 0.6847011332583873
3 248 302 301 0.6875222597707327 0.4397164875747043 0.6847011332583873
3 301 158 300 0.6875222597707327 0.4397164875747043 0.6847011332583873
3 159 158 301 0.6875222597707327 0.4397164875747043 0.6847011332583873
3 265 85 131 0.6875222597707327 0.4397164875747043 0.6847011332583873
3 85 266 131 0.6875222597707327 0.4397164875747043 0.6847011332583873
3 135 130 131 0.6875222597707327 0.4397164875747043 0.6847011332583873
3 131 130 265 0.6875222597707327 0.4397164875747043 0.6847011332583873
3 131 136 135 0.6875222597707327 0.4397164875747043 0.6847011332583873
3 266 136 131 0.6875222597707327 0.4397164875747043 0.6847011332583873
3 262 176 261 0.6875222597707327 0.4397164875747043 0.6847011332583873
3 262 261 129 0.6875222597707327 0.4397164875747043 0.6847011332583873
3 129 170 262 0.6875222597707327 0.4397164875747043 0.6847011332583873
3 364 356 365 0.6875222597707327 0.4397164875747043 0.6847011332583873
3 365 170 364 0.6875222597707327 0.4397164875747043 0.6847011332583873
3 365 357 366 0.6875222597707327 0.4397164875747043 0.6847011332583873
3 356 357 365 0.6875222597707327 0.4397164875747043 0.6847011332583873
3 367 313 264 0.6875222597707327 0.4397164875747043 0.6847011332583873
3 366 358 367 0.6875222597707327 0.4397164875747043 0.6847011332583873
3 367 264 366 0.6875222597707327 0.4397164875747043 0.6847011332583873
3 367 358 368 0.6875222597707327 0.4397164875747043 0.6847011332583873
3 368 313 367 0.6875222597707327 0.4397164875747043 0.6847011332583873
3 279 320 321 0.6875222597707327 0.4397164875747043 0.6847011332583873
3 321 320 272 0.6875222597707327 0.4397164875747043 0.6847011332583873
3 321 272 312 0.6875222597707327 0.4397164875747043 0.6847011332583873
3 355 164 354 0.6875222597707327 0.4397164875747043 0.6847011332583873
3 354 255 355 0.6875222597707327 0.4397164875747043 0.6847011332583873
3 353 254 354 0.6875222597707327 0.4397164875747043 0.6847011332583873
3 354 254 255 0.6875222597707327 0.4397164875747043 0.6847011332583873
3 127 167 168 0.6875222597707327 0.4397164875747043 0.6847011332583873
3 168 128 127 0.6875222597707327 0.4397164875747043 0.6847011332583873
3 307 180 68 0.6875222597707327 0.4397164875747043 0.6847011332583873
3 63 8 7 0.6875222597707327 0.4397164875747043 0.6847011332583873
3 7 171 63 0.6875222597707327 0.4397164875747043 0.6847011332583873
3 70 314 69 0.6875222597707327 0.4397164875747043 0.6847011332583873
3 315 314 70 0.6875222597707327 0.4397164875747043 0.6847011332583873
3 201 136 202 0.6875222597707327 0.4397164875747043 0.6847011332583873
3 260 261 175 0.6875222597707327 0.4397164875747043 0.6847011332583873
3 175 174 260 0.6875222597707327 0.4397164875747043 0.6847011332583873
3 207 271 272 0.6875222597707327 0.4397164875747043 0.6847011332583873
3 272 320 207 0.6875222597707327 0.4397164875747043 0.6847011332583873
3 272 271 311 0.6875222597707327 0.4397164875747043 0.6847011332583873
3 312 272 311 0.6875222597707327 0.4397164875747043 0.6847011332583873
3 181 309 182 0.6875222597707327 0.4397164875747043 0.6847011332583873
3 62 260 174 0.6875222597707327 0.4397164875747043 0.6847011332583873
3 199 200 285 0.6875222597707327 0.4397164875747043 0.6847011332583873
3 199 284 198 0.6875222597707327 0.4397164875747043 0.6847011332583873
3 285 284 199 0.6875222597707327 0.4397164875747043 0.6847011332583873
3 149 285 286 0.6875222597707327 0.4397164875747043 0.6847011332583873
3 285 200 286 0.6875222597707327 0.4397164875747043 0.6847011332583873
3 286 200 221 0.6875222597707327 0.4397164875747043 0.6847011332583873
3 221 287 286 0.6875222597707327 0.4397164875747043 0.6847011332583873
3 338 235 337 0.6875222597707327 0.4397164875747043 0.6847011332583873
3 101 40 39 0.6875222597707327 0.4397164875747043 0.6847011332583873
3 100 226 336 0.6875222597707327 0.4397164875747043 0.6847011332583873
3 335 100 336 0.6875222597707327 0.4397164875747043 0.6847011332583873
3 337 336 227 0.6875222597707327 0.4397164875747043 0.6847011332583873
3 227 336 226 0.6875222597707327 0.4397164875747043 0.6847011332583873
3 227 286 287 0.6875222597707327 0.4397164875747043 0.6847011332583873
3 227 226 149 0.6875222597707327 0.4397164875747043 0.6847011332583873
3 149 286 227 0.6875222597707327 0.4397164875747043 0.6847011332583873
3 230 101 102 0.6875222597707327 0.4397164875747043 0.6847011332583873
3 232 233 108 0.6875222597707327 0.4397164875747043 0.6847011332583873
3 230 106 229 0.6875222597707327 0.4397164875747043 0.6847011332583873
3 229 106 105 0.6875222597707327 0.4397164875747043 0.6847011332583873
3 229 101 230 0.6875222597707327 0.4397164875747043 0.6847011332583873
3 229 40 101 0.6875222597707327 0.4397164875747043 0.6847011332583873
3 337 235 234 0.6875222597707327 0.4397164875747043 0.6847011332583873
3 234 336 337 0.6875222597707327 0.4397164875747043 0.6847011332583873
3 233 336 234 0.6875222597707327 0.4397164875747043 0.6847011332583873
3 294 233 234 0.6875222597707327 0.4397164875747043 0.6847011332583873
3 234 235 295 0.6875222597707327 0.4397164875747043 0.6847011332583873
3 295 294 234 0.6875222597707327 0.4397164875747043 0.6847011332583873
3 217 196 216 0.6875222597707327 0.4397164875747043 0.6847011332583873
3 197 196 217 0.6875222597707327 0.4397164875747043 0.6847011332583873
3 326 143 327 0.6875222597707327 0.4397164875747043 0.6847011332583873
3 206 187 205 0.6875222597707327 0.4397164875747043 0.6847011332583873
3 188 187 206 0.6875222597707327 0.4397164875747043 0.6847011332583873
3 206 207 188 0.6875222597707327 0.4397164875747043 0.6847011332583873
3 271 207 206 0.6875222597707327 0.4397164875747043 0.6847011332583873
3 134 139 204 0.6875222597707327 0.4397164875747043 0.6847011332583873
3 194 278 277 0.6875222597707327 0.4397164875747043 0.6847011332583873
3 279 278 194 0.6875222597707327 0.4397164875747043 0.6847011332583873
3 194 320 279 0.6875222597707327 0.4397164875747043 0.6847011332583873
3 273 274 94 0.6875222597707327 0.4397164875747043 0.6847011332583873
3 192 74 317 0.6875222597707327 0.4397164875747043 0.6847011332583873
3 74 316 317 0.6875222597707327 0.4397164875747043 0.6847011332583873
3 186 187 317 0.6875222597707327 0.4397164875747043 0.6847011332583873
3 317 316 186 0.6875222597707327 0.4397164875747043 0.6847011332583873
3 315 316 73 0.6875222597707327 0.4397164875747043 0.6847011332583873
3 73 316 74 0.6875222597707327 0.4397164875747043 0.6847011332583873
3 76 273 75 0.6875222597707327 0.4397164875747043 0.6847011332583873
3 274 273 76 0.6875222597707327 0.4397164875747043 0.6847011332583873
3 157 251 156 0.6875222597707327 0.4397164875747043 0.6847011332583873
3 299 157 156 0.6875222597707327 0.4397164875747043 0.6847011332583873
3 156 298 299 0.6875222597707327 0.4397164875747043 0.6847011332583873
3 121 57 56 0.6875222597707327 0.4397164875747043 0.6847011332583873
3 78 57 121 0.6875222597707327 0.4397164875747043 0.6847011332583873
3 121 122 78 0.6875222597707327 0.4397164875747043 0.6847011332583873
3 121 251 122 0.6875222597707327 0.4397164875747043 0.6847011332583873
3 79 80 351 0.6875222597707327 0.4397164875747043 0.6847011332583873
3 78 122 79 0.6875222597707327 0.4397164875747043 0.6847011332583873
3 79 350 78 0.6875222597707327 0.4397164875747043 0.6847011332583873
3 351 350 79 0.6875222597707327 0.4397164875747043 0.6847011332583873
3 352 80 353 0.6875222597707327 0.4397164875747043 0.6847011332583873
3 351 80 352 0.6875222597707327 0.4397164875747043 0.6847011332583873
3 353 361 352 0.6875222597707327 0.4397164875747043 0.6847011332583873
3 161 351 352 0.6875222597707327 0.4397164875747043 0.6847011332583873
3 352 361 161 0.6875222597707327 0.4397164875747043 0.6847011332583873
3 115 344 343 0.6875222597707327 0.4397164875747043 0.6847011332583873
3 343 114 115 0.6875222597707327 0.4397164875747043 0.6847011332583873
3 116 115 238 0.6875222597707327 0.4397164875747043 0.6847011332583873
3 344 115 116 0.6875222597707327 0.4397164875747043 0.6847011332583873
3 113 46 45 0.6875222597707327 0.4397164875747043 0.6847011332583873
3 45 44 236 0.6875222597707327 0.4397164875747043 0.6847011332583873
3 236 113 45 0.6875222597707327 0.4397164875747043 0.6847011332583873
3 341 150 47 0.6875222597707327 0.4397164875747043 0.6847011332583873
3 47 46 341 0.6875222597707327 0.4397164875747043 0.6847011332583873
3 47 150 49 0.6875222597707327 0.4397164875747043 0.6847011332583873
3 244 151 152 0.6875222597707327 0.4397164875747043 0.6847011332583873
3 151 342 152 0.6875222597707327 0.4397164875747043 0.6847011332583873
3 152 245 244 0.6875222597707327 0.4397164875747043 0.6847011332583873
3 152 342 343 0.6875222597707327 0.4397164875747043 0.6847011332583873
3 231 232 108 0.6875222597707327 0.4397164875747043 0.6847011332583873
3 103 232 231 0.6875222597707327 0.4397164875747043 0.6847011332583873
3 230 102 231 0.6875222597707327 0.4397164875747043 0.6847011332583873
3 231 102 103 0.6875222597707327 0.4397164875747043 0.6847011332583873
3 108 292 107 0.6875222597707327 0.4397164875747043 0.6847011332583873
3 107 231 108 0.6875222597707327 0.4397164875747043 0.6847011332583873
3 107 106 230 0.6875222597707327 0.4397164875747043 0.6847011332583873
3 230 231 107 0.6875222597707327 0.4397164875747043 0.6847011332583873
3 343 344 153 0.6875222597707327 0.4397164875747043 0.6847011332583873
3 344 246 153 0.6875222597707327 0.4397164875747043 0.6847011332583873
3 153 246 245 0.6875222597707327 0.4397164875747043 0.6847011332583873
3 153 152 343 0.6875222597707327 0.4397164875747043 0.6847011332583873
3 245 152 153 0.6875222597707327 0.4397164875747043 0.6847011332583873
3 109 43 289 0.6875222597707327 0.4397164875747043 0.6847011332583873
3 289 110 109 0.6875222597707327 0.4397164875747043 0.6847011332583873
3 290 110 289 0.6875222597707327 0.4397164875747043 0.6847011332583873
3 289 105 290 0.6875222597707327 0.4397164875747043 0.6847011332583873
3 42 105 289 0.6875222597707327 0.4397164875747043 0.6847011332583873
3 289 43 42 0.6875222597707327 0.4397164875747043 0.6847011332583873
3 340 349 296 0.6875222597707327 0.4397164875747043 0.6847011332583873
3 295 235 296 0.6875222597707327 0.4397164875747043 0.6847011332583873
3 296 348 295 0.6875222597707327 0.4397164875747043 0.6847011332583873
3 296 349 348 0.6875222597707327 0.4397164875747043 0.6847011332583873
3 263 262 170 0.6875222597707327 0.4397164875747043 0.6847011332583873
3 366 264 263 0.6875222597707327 0.4397164875747043 0.6847011332583873
3 263 264 312 0.6875222597707327 0.4397164875747043 0.6847011332583873
3 263 365 366 0.6875222597707327 0.4397164875747043 0.6847011332583873
3 170 365 263 0.6875222597707327 0.4397164875747043 0.6847011332583873
3 312 311 263 0.6875222597707327 0.4397164875747043 0.6847011332583873
3 176 262 263 0.6875222597707327 0.4397164875747043 0.6847011332583873
3 263 311 176 0.6875222597707327 0.4397164875747043 0.6847011332583873
3 279 321 280 0.6875222597707327 0.4397164875747043 0.6847011332583873
3 280 331 330 0.6875222597707327 0.4397164875747043 0.6847011332583873
3 330 214 280 0.6875222597707327 0.4397164875747043 0.6847011332583873
3 280 214 279 0.6875222597707327 0.4397164875747043 0.6847011332583873
3 164 168 362 0.6875222597707327 0.4397164875747043 0.6847011332583873
3 362 361 353 0.6875222597707327 0.4397164875747043 0.6847011332583873
3 167 361 362 0.6875222597707327 0.4397164875747043 0.6847011332583873
3 362 168 167 0.6875222597707327 0.4397164875747043 0.6847011332583873
3 353 354 362 0.6875222597707327 0.4397164875747043 0.6847011332583873
3 362 354 164 0.6875222597707327 0.4397164875747043 0.6847011332583873
3 129 128 169 0.6875222597707327 0.4397164875747043 0.6847011332583873
3 128 168 169 0.6875222597707327 0.4397164875747043 0.6847011332583873
3 169 170 129 0.6875222597707327 0.4397164875747043 0.6847011332583873
3 169 168 164 0.6875222597707327 0.4397164875747043 0.6847011332583873
3 364 170 169 0.6875222597707327 0.4397164875747043 0.6847011332583873
3 169 164 364 0.6875222597707327 0.4397164875747043 0.6847011332583873
3 8 63 305 0.6875222597707327 0.4397164875747043 0.6847011332583873
3 305 67 66 0.6875222597707327 0.4397164875747043 0.6847011332583873
3 9 8 305 0.6875222597707327 0.4397164875747043 0.6847011332583873
3 305 66 9 0.6875222597707327 0.4397164875747043 0.6847011332583873
3 67 305 306 0.6875222597707327 0.4397164875747043 0.6847011332583873
3 306 305 63 0.6875222597707327 0.4397164875747043 0.6847011332583873
3 307 68 306 0.6875222597707327 0.4397164875747043 0.6847011332583873
3 67 306 179 0.6875222597707327 0.4397164875747043 0.6847011332583873
3 179 306 68 0.6875222597707327 0.4397164875747043 0.6847011332583873
3 137 136 132 0.6875222597707327 0.4397164875747043 0.6847011332583873
3 137 202 136 0.6875222597707327 0.4397164875747043 0.6847011332583873
3 132 267 137 0.6875222597707327 0.4397164875747043 0.6847011332583873
3 69 19 183 0.6875222597707327 0.4397164875747043 0.6847011332583873
3 17 201 89 0.6875222597707327 0.4397164875747043 0.6847011332583873
3 201 202 89 0.6875222597707327 0.4397164875747043 0.6847011332583873
3 261 260 84 0.6875222597707327 0.4397164875747043 0.6847011332583873
3 129 261 84 0.6875222597707327 0.4397164875747043 0.6847011332583873
3 84 128 129 0.6875222597707327 0.4397164875747043 0.6847011332583873
3 310 311 271 0.6875222597707327 0.4397164875747043 0.6847011332583873
3 271 182 310 0.6875222597707327 0.4397164875747043 0.6847011332583873
3 176 311 310 0.6875222597707327 0.4397164875747043 0.6847011332583873
3 175 176 310 0.6875222597707327 0.4397164875747043 0.6847011332583873
3 310 309 175 0.6875222597707327 0.4397164875747043 0.6847011332583873
3 310 182 309 0.6875222597707327 0.4397164875747043 0.6847011332583873
3 173 62 174 0.6875222597707327 0.4397164875747043 0.6847011332583873
3 173 308 65 0.6875222597707327 0.4397164875747043 0.6847011332583873
3 174 308 173 0.6875222597707327 0.4397164875747043 0.6847011332583873
3 65 172 173 0.6875222597707327 0.4397164875747043 0.6847011332583873
3 126 81 125 0.6875222597707327 0.4397164875747043 0.6847011332583873
3 126 82 81 0.6875222597707327 0.4397164875747043 0.6847011332583873
3 127 82 126 0.6875222597707327 0.4397164875747043 0.6847011332583873
3 125 166 126 0.6875222597707327 0.4397164875747043 0.6847011332583873
3 126 167 127 0.6875222597707327 0.4397164875747043 0.6847011332583873
3 126 166 167 0.6875222597707327 0.4397164875747043 0.6847011332583873
3 260 62 259 0.6875222597707327 0.4397164875747043 0.6847011332583873
3 200 199 220 0.6875222597707327 0.4397164875747043 0.6847011332583873
3 327 328 220 0.6875222597707327 0.4397164875747043 0.6847011332583873
3 220 328 221 0.6875222597707327 0.4397164875747043 0.6847011332583873
3 221 200 220 0.6875222597707327 0.4397164875747043 0.6847011332583873
3 288 287 330 0.6875222597707327 0.4397164875747043 0.6847011332583873
3 288 331 340 0.6875222597707327 0.4397164875747043 0.6847011332583873
3 330 331 288 0.6875222597707327 0.4397164875747043 0.6847011332583873
3 97 39 38 0.6875222597707327 0.4397164875747043 0.6847011332583873
3 38 222 97 0.6875222597707327 0.4397164875747043 0.6847011332583873
3 222 223 97 0.6875222597707327 0.4397164875747043 0.6847011332583873
3 223 98 97 0.6875222597707327 0.4397164875747043 0.6847011332583873
3 228 338 337 0.6875222597707327 0.4397164875747043 0.6847011332583873
3 337 227 228 0.6875222597707327 0.4397164875747043 0.6847011332583873
3 228 227 287 0.6875222597707327 0.4397164875747043 0.6847011332583873
3 287 288 228 0.6875222597707327 0.4397164875747043 0.6847011332583873
3 101 39 332 0.6875222597707327 0.4397164875747043 0.6847011332583873
3 332 102 101 0.6875222597707327 0.4397164875747043 0.6847011332583873
3 332 97 98 0.6875222597707327 0.4397164875747043 0.6847011332583873
3 39 97 332 0.6875222597707327 0.4397164875747043 0.6847011332583873
3 334 100 335 0.6875222597707327 0.4397164875747043 0.6847011332583873
3 99 100 334 0.6875222597707327 0.4397164875747043 0.6847011332583873
3 104 232 103 0.6875222597707327 0.4397164875747043 0.6847011332583873
3 104 334 335 0.6875222597707327 0.4397164875747043 0.6847011332583873
3 103 334 104 0.6875222597707327 0.4397164875747043 0.6847011332583873
3 233 232 104 0.6875222597707327 0.4397164875747043 0.6847011332583873
3 335 336 104 0.6875222597707327 0.4397164875747043 0.6847011332583873
3 104 336 233 0.6875222597707327 0.4397164875747043 0.6847011332583873
3 40 229 41 0.6875222597707327 0.4397164875747043 0.6847011332583873
3 41 105 42 0.6875222597707327 0.4397164875747043 0.6847011332583873
3 41 229 105 0.6875222597707327 0.4397164875747043 0.6847011332583873
3 197 217 218 0.6875222597707327 0.4397164875747043 0.6847011332583873
3 198 197 218 0.6875222597707327 0.4397164875747043 0.6847011332583873
3 325 218 324 0.6875222597707327 0.4397164875747043 0.6847011332583873
3 324 218 217 0.6875222597707327 0.4397164875747043 0.6847011332583873
3 142 326 325 0.6875222597707327 0.4397164875747043 0.6847011332583873
3 143 326 142 0.6875222597707327 0.4397164875747043 0.6847011332583873
3 142 210 143 0.6875222597707327 0.4397164875747043 0.6847011332583873
3 209 210 142 0.6875222597707327 0.4397164875747043 0.6847011332583873
3 270 206 205 0.6875222597707327 0.4397164875747043 0.6847011332583873
3 269 181 270 0.6875222597707327 0.4397164875747043 0.6847011332583873
3 181 182 270 0.6875222597707327 0.4397164875747043 0.6847011332583873
3 270 139 269 0.6875222597707327 0.4397164875747043 0.6847011332583873
3 205 139 270 0.6875222597707327 0.4397164875747043 0.6847011332583873
3 270 182 271 0.6875222597707327 0.4397164875747043 0.6847011332583873
3 271 206 270 0.6875222597707327 0.4397164875747043 0.6847011332583873
3 320 194 319 0.6875222597707327 0.4397164875747043 0.6847011332583873
3 188 207 319 0.6875222597707327 0.4397164875747043 0.6847011332583873
3 319 207 320 0.6875222597707327 0.4397164875747043 0.6847011332583873
3 140 324 27 0.6875222597707327 0.4397164875747043 0.6847011332583873
3 140 27 26 0.6875222597707327 0.4397164875747043 0.6847011332583873
3 26 208 140 0.6875222597707327 0.4397164875747043 0.6847011332583873
3 25 208 26 0.6875222597707327 0.4397164875747043 0.6847011332583873
3 72 22 21 0.6875222597707327 0.4397164875747043 0.6847011332583873
3 21 314 72 0.6875222597707327 0.4397164875747043 0.6847011332583873
3 72 314 315 0.6875222597707327 0.4397164875747043 0.6847011332583873
3 315 73 72 0.6875222597707327 0.4397164875747043 0.6847011332583873
3 190 76 75 0.6875222597707327 0.4397164875747043 0.6847011332583873
3 190 73 74 0.6875222597707327 0.4397164875747043 0.6847011332583873
3 250 156 251 0.6875222597707327 0.4397164875747043 0.6847011332583873
3 56 55 250 0.6875222597707327 0.4397164875747043 0.6847011332583873
3 250 121 56 0.6875222597707327 0.4397164875747043 0.6847011332583873
3 251 121 250 0.6875222597707327 0.4397164875747043 0.6847011332583873
3 297 298 155 0.6875222597707327 0.4397164875747043 0.6847011332583873
3 298 156 155 0.6875222597707327 0.4397164875747043 0.6847011332583873
3 54 297 155 0.6875222597707327 0.4397164875747043 0.6847011332583873
3 155 55 54 0.6875222597707327 0.4397164875747043 0.6847011332583873
3 155 250 55 0.6875222597707327 0.4397164875747043 0.6847011332583873
3 156 250 155 0.6875222597707327 0.4397164875747043 0.6847011332583873
3 80 79 123 0.6875222597707327 0.4397164875747043 0.6847011332583873
3 252 253 123 0.6875222597707327 0.4397164875747043 0.6847011332583873
3 123 122 252 0.6875222597707327 0.4397164875747043 0.6847011332583873
3 123 79 122 0.6875222597707327 0.4397164875747043 0.6847011332583873
3 124 80 123 0.6875222597707327 0.4397164875747043 0.6847011332583873
3 123 253 124 0.6875222597707327 0.4397164875747043 0.6847011332583873
3 237 114 236 0.6875222597707327 0.4397164875747043 0.6847011332583873
3 237 115 114 0.6875222597707327 0.4397164875747043 0.6847011332583873
3 236 109 237 0.6875222597707327 0.4397164875747043 0.6847011332583873
3 109 110 237 0.6875222597707327 0.4397164875747043 0.6847011332583873
3 237 110 238 0.6875222597707327 0.4397164875747043 0.6847011332583873
3 238 115 237 0.6875222597707327 0.4397164875747043 0.6847011332583873
3 238 111 239 0.6875222597707327 0.4397164875747043 0.6847011332583873
3 239 116 238 0.6875222597707327 0.4397164875747043 0.6847011332583873
3 239 111 112 0.6875222597707327 0.4397164875747043 0.6847011332583873
3 112 240 239 0.6875222597707327 0.4397164875747043 0.6847011332583873
3 345 240 346 0.6875222597707327 0.4397164875747043 0.6847011332583873
3 345 239 240 0.6875222597707327 0.4397164875747043 0.6847011332583873
3 116 239 345 0.6875222597707327 0.4397164875747043 0.6847011332583873
3 247 154 345 0.6875222597707327 0.4397164875747043 0.6847011332583873
3 154 344 345 0.6875222597707327 0.4397164875747043 0.6847011332583873
3 344 116 345 0.6875222597707327 0.4397164875747043 0.6847011332583873
3 345 248 247 0.6875222597707327 0.4397164875747043 0.6847011332583873
3 346 248 345 0.6875222597707327 0.4397164875747043 0.6847011332583873
3 291 107 292 0.6875222597707327 0.4397164875747043 0.6847011332583873
3 291 292 112 0.6875222597707327 0.4397164875747043 0.6847011332583873
3 112 111 291 0.6875222597707327 0.4397164875747043 0.6847011332583873
3 291 111 290 0.6875222597707327 0.4397164875747043 0.6847011332583873
3 290 106 291 0.6875222597707327 0.4397164875747043 0.6847011332583873
3 106 107 291 0.6875222597707327 0.4397164875747043 0.6847011332583873
3 368 331 322 0.6875222597707327 0.4397164875747043 0.6847011332583873
3 331 280 322 0.6875222597707327 0.4397164875747043 0.6847011332583873
3 322 313 368 0.6875222597707327 0.4397164875747043 0.6847011332583873
3 322 280 321 0.6875222597707327 0.4397164875747043 0.6847011332583873
3 312 313 322 0.6875222597707327 0.4397164875747043 0.6847011332583873
3 322 321 312 0.6875222597707327 0.4397164875747043 0.6847011332583873
3 307 306 64 0.6875222597707327 0.4397164875747043 0.6847011332583873
3 65 307 64 0.6875222597707327 0.4397164875747043 0.6847011332583873
3 64 172 65 0.6875222597707327 0.4397164875747043 0.6847011332583873
3 171 172 64 0.6875222597707327 0.4397164875747043 0.6847011332583873
3 64 63 171 0.6875222597707327 0.4397164875747043 0.6847011332583873
3 64 306 63 0.6875222597707327 0.4397164875747043 0.6847011332583873
3 91 204 92 0.6875222597707327 0.4397164875747043 0.6847011332583873
3 92 185 91 0.6875222597707327 0.4397164875747043 0.6847011332583873
3 186 185 92 0.6875222597707327 0.4397164875747043 0.6847011332583873
3 92 205 186 0.6875222597707327 0.4397164875747043 0.6847011332583873
3 92 139 205 0.6875222597707327 0.4397164875747043 0.6847011332583873
3 92 204 139 0.6875222597707327 0.4397164875747043 0.6847011332583873
3 315 70 71 0.6875222597707327 0.4397164875747043 0.6847011332583873
3 70 185 71 0.6875222597707327 0.4397164875747043 0.6847011332583873
3 71 316 315 0.6875222597707327 0.4397164875747043 0.6847011332583873
3 186 316 71 0.6875222597707327 0.4397164875747043 0.6847011332583873
3 71 185 186 0.6875222597707327 0.4397164875747043 0.6847011332583873
3 178 67 87 0.6875222597707327 0.4397164875747043 0.6847011332583873
3 67 179 87 0.6875222597707327 0.4397164875747043 0.6847011332583873
3 87 179 268 0.6875222597707327 0.4397164875747043 0.6847011332583873
3 87 267 178 0.6875222597707327 0.4397164875747043 0.6847011332583873
3 88 68 180 0.6875222597707327 0.4397164875747043 0.6847011332583873
3 88 179 68 0.6875222597707327 0.4397164875747043 0.6847011332583873
3 268 179 88 0.6875222597707327 0.4397164875747043 0.6847011332583873
3 134 268 88 0.6875222597707327 0.4397164875747043 0.6847011332583873
3 269 134 88 0.6875222597707327 0.4397164875747043 0.6847011332583873
3 88 180 269 0.6875222597707327 0.4397164875747043 0.6847011332583873
3 133 137 267 0.6875222597707327 0.4397164875747043 0.6847011332583873
3 267 87 133 0.6875222597707327 0.4397164875747043 0.6847011332583873
3 133 87 268 0.6875222597707327 0.4397164875747043 0.6847011332583873
3 69 183 184 0.6875222597707327 0.4397164875747043 0.6847011332583873
3 184 70 69 0.6875222597707327 0.4397164875747043 0.6847011332583873
3 91 185 184 0.6875222597707327 0.4397164875747043 0.6847011332583873
3 184 185 70 0.6875222597707327 0.4397164875747043 0.6847011332583873
3 17 89 18 0.6875222597707327 0.4397164875747043 0.6847011332583873
3 18 183 19 0.6875222597707327 0.4397164875747043 0.6847011332583873
3 18 89 183 0.6875222597707327 0.4397164875747043 0.6847011332583873
3 61 173 172 0.6875222597707327 0.4397164875747043 0.6847011332583873
3 62 173 61 0.6875222597707327 0.4397164875747043 0.6847011332583873
3 61 172 60 0.6875222597707327 0.4397164875747043 0.6847011332583873
3 60 257 61 0.6875222597707327 0.4397164875747043 0.6847011332583873
3 83 84 260 0.6875222597707327 0.4397164875747043 0.6847011332583873
3 260 259 83 0.6875222597707327 0.4397164875747043 0.6847011332583873
3 83 259 82 0.6875222597707327 0.4397164875747043 0.6847011332583873
3 83 82 127 0.6875222597707327 0.4397164875747043 0.6847011332583873
3 127 128 83 0.6875222597707327 0.4397164875747043 0.6847011332583873
3 128 84 83 0.6875222597707327 0.4397164875747043 0.6847011332583873
3 219 220 199 0.6875222597707327 0.4397164875747043 0.6847011332583873
3 219 199 198 0.6875222597707327 0.4397164875747043 0.6847011332583873
3 219 326 327 0.6875222597707327 0.4397164875747043 0.6847011332583873
3 327 220 219 0.6875222597707327 0.4397164875747043 0.6847011332583873
3 198 218 219 0.6875222597707327 0.4397164875747043 0.6847011332583873
3 325 326 219 0.6875222597707327 0.4397164875747043 0.6847011332583873
3 219 218 325 0.6875222597707327 0.4397164875747043 0.6847011332583873
3 339 288 340 0.6875222597707327 0.4397164875747043 0.6847011332583873
3 340 296 339 0.6875222597707327 0.4397164875747043 0.6847011332583873
3 338 228 339 0.6875222597707327 0.4397164875747043 0.6847011332583873
3 339 228 288 0.6875222597707327 0.4397164875747043 0.6847011332583873
3 235 338 339 0.6875222597707327 0.4397164875747043 0.6847011332583873
3 339 296 235 0.6875222597707327 0.4397164875747043 0.6847011332583873
3 102 332 333 0.6875222597707327 0.4397164875747043 0.6847011332583873
3 103 102 333 0.6875222597707327 0.4397164875747043 0.6847011332583873
3 333 334 103 0.6875222597707327 0.4397164875747043 0.6847011332583873
3 333 332 98 0.6875222597707327 0.4397164875747043 0.6847011332583873
3 333 98 99 0.6875222597707327 0.4397164875747043 0.6847011332583873
3 99 334 333 0.6875222597707327 0.4397164875747043 0.6847011332583873
3 28 27 323 0.6875222597707327 0.4397164875747043 0.6847011332583873
3 27 324 323 0.6875222597707327 0.4397164875747043 0.6847011332583873
3 216 28 323 0.6875222597707327 0.4397164875747043 0.6847011332583873
3 323 217 216 0.6875222597707327 0.4397164875747043 0.6847011332583873
3 323 324 217 0.6875222597707327 0.4397164875747043 0.6847011332583873
3 193 319 194 0.6875222597707327 0.4397164875747043 0.6847011332583873
3 193 194 277 0.6875222597707327 0.4397164875747043 0.6847011332583873
3 277 276 193 0.6875222597707327 0.4397164875747043 0.6847011332583873
3 193 276 192 0.6875222597707327 0.4397164875747043 0.6847011332583873
3 325 324 141 0.6875222597707327 0.4397164875747043 0.6847011332583873
3 324 140 141 0.6875222597707327 0.4397164875747043 0.6847011332583873
3 141 142 325 0.6875222597707327 0.4397164875747043 0.6847011332583873
3 141 140 208 0.6875222597707327 0.4397164875747043 0.6847011332583873
3 141 208 209 0.6875222597707327 0.4397164875747043 0.6847011332583873
3 209 142 141 0.6875222597707327 0.4397164875747043 0.6847011332583873
3 93 273 94 0.6875222597707327 0.4397164875747043 0.6847011332583873
3 208 25 93 0.6875222597707327 0.4397164875747043 0.6847011332583873
3 94 209 93 0.6875222597707327 0.4397164875747043 0.6847011332583873
3 209 208 93 0.6875222597707327 0.4397164875747043 0.6847011332583873
3 24 23 75 0.6875222597707327 0.4397164875747043 0.6847011332583873
3 75 273 24 0.6875222597707327 0.4397164875747043 0.6847011332583873
3 273 93 24 0.6875222597707327 0.4397164875747043 0.6847011332583873
3 24 93 25 0.6875222597707327 0.4397164875747043 0.6847011332583873
3 189 72 73 0.6875222597707327 0.4397164875747043 0.6847011332583873
3 73 190 189 0.6875222597707327 0.4397164875747043 0.6847011332583873
3 22 72 189 0.6875222597707327 0.4397164875747043 0.6847011332583873
3 189 190 75 0.6875222597707327 0.4397164875747043 0.6847011332583873
3 75 23 189 0.6875222597707327 0.4397164875747043 0.6847011332583873
3 23 22 189 0.6875222597707327 0.4397164875747043 0.6847011332583873
3 76 190 191 0.6875222597707327 0.4397164875747043 0.6847011332583873
3 191 74 192 0.6875222597707327 0.4397164875747043 0.6847011332583873
3 191 190 74 0.6875222597707327 0.4397164875747043 0.6847011332583873
3 138 268 134 0.6875222597707327 0.4397164875747043 0.6847011332583873
3 138 133 268 0.6875222597707327 0.4397164875747043 0.6847011332583873
3 134 204 138 0.6875222597707327 0.4397164875747043 0.6847011332583873
3 138 204 91 0.6875222597707327 0.4397164875747043 0.6847011332583873
3 90 184 183 0.6875222597707327 0.4397164875747043 0.6847011332583873
3 90 89 202 0.6875222597707327 0.4397164875747043 0.6847011332583873
3 183 89 90 0.6875222597707327 0.4397164875747043 0.6847011332583873
3 91 184 90 0.6875222597707327 0.4397164875747043 0.6847011332583873
3 258 259 62 0.6875222597707327 0.4397164875747043 0.6847011332583873
3 62 61 258 0.6875222597707327 0.4397164875747043 0.6847011332583873
3 258 61 257 0.6875222597707327 0.4397164875747043 0.6847011332583873
3 82 259 258 0.6875222597707327 0.4397164875747043 0.6847011332583873
3 257 81 258 0.6875222597707327 0.4397164875747043 0.6847011332583873
3 81 82 258 0.6875222597707327 0.4397164875747043 0.6847011332583873
3 319 193 318 0.6875222597707327 0.4397164875747043 0.6847011332583873
3 188 319 318 0.6875222597707327 0.4397164875747043 0.6847011332583873
3 192 317 318 0.6875222597707327 0.4397164875747043 0.6847011332583873
3 318 193 192 0.6875222597707327 0.4397164875747043 0.6847011332583873
3 318 187 188 0.6875222597707327 0.4397164875747043 0.6847011332583873
3 318 317 187 0.6875222597707327 0.4397164875747043 0.6847011332583873
3 76 191 77 0.6875222597707327 0.4397164875747043 0.6847011332583873
3 275 274 77 0.6875222597707327 0.4397164875747043 0.6847011332583873
3 274 76 77 0.6875222597707327 0.4397164875747043 0.6847011332583873
3 77 191 192 0.6875222597707327 0.4397164875747043 0.6847011332583873
3 77 276 275 0.6875222597707327 0.4397164875747043 0.6847011332583873
3 192 276 77 0.6875222597707327 0.4397164875747043 0.6847011332583873
3 203 138 91 0.6875222597707327 0.4397164875747043 0.6847011332583873
3 91 90 203 0.6875222597707327 0.4397164875747043 0.6847011332583873
3 137 133 203 0.6875222597707327 0.4397164875747043 0.6847011332583873
3 133 138 203 0.6875222597707327 0.4397164875747043 0.6847011332583873
3 202 137 203 0.6875222597707327 0.4397164875747043 0.6847011332583873
3 203 90 202 0.6875222597707327 0.4397164875747043 0.6847011332583873
3 372 721 435 0.6875222597707327 0.4397164875747043 0.6847011332583873
3 595 432 433 0.6875222597707327 0.4397164875747043 0.6847011332583873
3 650 432 595 0.6875222597707327 0.4397164875747043 0.6847011332583873
3 702 891 892 0.6875222597707327 0.4397164875747043 0.6847011332583873
3 893 823 892 0.6875222597707327 0.4397164875747043 0.6847011332583873
3 413 414 685 0.6875222597707327 0.4397164875747043 0.6847011332583873
3 388 740 387 0.6875222597707327 0.4397164875747043 0.6847011332583873
3 894 426 427 0.6875222597707327 0.4397164875747043 0.6847011332583873
3 770 427 428 0.6875222597707327 0.4397164875747043 0.6847011332583873
3 428 430 770 0.6875222597707327 0.4397164875747043 0.6847011332583873
3 432 650 431 0.6875222597707327 0.4397164875747043 0.6847011332583873
3 716 653 654 0.6875222597707327 0.4397164875747043 0.6847011332583873
3 715 653 716 0.6875222597707327 0.4397164875747043 0.6847011332583873
3 425 426 642 0.6875222597707327 0.4397164875747043 0.6847011332583873
3 642 643 425 0.6875222597707327 0.4397164875747043 0.6847011332583873
3 652 653 715 0.6875222597707327 0.4397164875747043 0.6847011332583873
3 715 773 714 0.6875222597707327 0.4397164875747043 0.6847011332583873
3 714 652 715 0.6875222597707327 0.4397164875747043 0.6847011332583873
3 714 773 772 0.6875222597707327 0.4397164875747043 0.6847011332583873
3 772 713 714 0.6875222597707327 0.4397164875747043 0.6847011332583873
3 427 770 771 0.6875222597707327 0.4397164875747043 0.6847011332583873
3 771 770 430 0.6875222597707327 0.4397164875747043 0.6847011332583873
3 771 713 772 0.6875222597707327 0.4397164875747043 0.6847011332583873
3 772 894 771 0.6875222597707327 0.4397164875747043 0.6847011332583873
3 771 894 427 0.6875222597707327 0.4397164875747043 0.6847011332583873
3 839 840 552 0.6875222597707327 0.4397164875747043 0.6847011332583873
3 595 433 547 0.6875222597707327 0.4397164875747043 0.6847011332583873
3 654 653 598 0.6875222597707327 0.4397164875747043 0.6847011332583873
3 791 391 392 0.6875222597707327 0.4397164875747043 0.6847011332583873
3 396 618 395 0.6875222597707327 0.4397164875747043 0.6847011332583873
3 523 618 396 0.6875222597707327 0.4397164875747043 0.6847011332583873
3 396 397 523 0.6875222597707327 0.4397164875747043 0.6847011332583873
3 523 397 471 0.6875222597707327 0.4397164875747043 0.6847011332583873
3 382 383 436 0.6875222597707327 0.4397164875747043 0.6847011332583873
3 846 436 383 0.6875222597707327 0.4397164875747043 0.6847011332583873
3 702 892 822 0.6875222597707327 0.4397164875747043 0.6847011332583873
3 822 821 702 0.6875222597707327 0.4397164875747043 0.6847011332583873
3 822 892 823 0.6875222597707327 0.4397164875747043 0.6847011332583873
3 759 867 866 0.6875222597707327 0.4397164875747043 0.6847011332583873
3 866 625 865 0.6875222597707327 0.4397164875747043 0.6847011332583873
3 881 823 893 0.6875222597707327 0.4397164875747043 0.6847011332583873
3 801 867 868 0.6875222597707327 0.4397164875747043 0.6847011332583873
3 868 867 759 0.6875222597707327 0.4397164875747043 0.6847011332583873
3 865 625 864 0.6875222597707327 0.4397164875747043 0.6847011332583873
3 864 528 863 0.6875222597707327 0.4397164875747043 0.6847011332583873
3 633 866 865 0.6875222597707327 0.4397164875747043 0.6847011332583873
3 865 864 633 0.6875222597707327 0.4397164875747043 0.6847011332583873
3 752 753 478 0.6875222597707327 0.4397164875747043 0.6847011332583873
3 404 405 634 0.6875222597707327 0.4397164875747043 0.6847011332583873
3 635 634 405 0.6875222597707327 0.4397164875747043 0.6847011332583873
3 529 407 408 0.6875222597707327 0.4397164875747043 0.6847011332583873
3 650 713 712 0.6875222597707327 0.4397164875747043 0.6847011332583873
3 712 431 650 0.6875222597707327 0.4397164875747043 0.6847011332583873
3 430 431 712 0.6875222597707327 0.4397164875747043 0.6847011332583873
3 712 771 430 0.6875222597707327 0.4397164875747043 0.6847011332583873
3 713 771 712 0.6875222597707327 0.4397164875747043 0.6847011332583873
3 896 642 773 0.6875222597707327 0.4397164875747043 0.6847011332583873
3 643 642 896 0.6875222597707327 0.4397164875747043 0.6847011332583873
3 715 716 774 0.6875222597707327 0.4397164875747043 0.6847011332583873
3 643 896 774 0.6875222597707327 0.4397164875747043 0.6847011332583873
3 774 773 715 0.6875222597707327 0.4397164875747043 0.6847011332583873
3 774 896 773 0.6875222597707327 0.4397164875747043 0.6847011332583873
3 717 716 654 0.6875222597707327 0.4397164875747043 0.6847011332583873
3 654 655 717 0.6875222597707327 0.4397164875747043 0.6847011332583873
3 895 642 426 0.6875222597707327 0.4397164875747043 0.6847011332583873
3 773 642 895 0.6875222597707327 0.4397164875747043 0.6847011332583873
3 772 773 895 0.6875222597707327 0.4397164875747043 0.6847011332583873
3 895 894 772 0.6875222597707327 0.4397164875747043 0.6847011332583873
3 426 894 895 0.6875222597707327 0.4397164875747043 0.6847011332583873
3 595 547 596 0.6875222597707327 0.4397164875747043 0.6847011332583873
3 596 547 548 0.6875222597707327 0.4397164875747043 0.6847011332583873
3 653 652 597 0.6875222597707327 0.4397164875747043 0.6847011332583873
3 549 598 597 0.6875222597707327 0.4397164875747043 0.6847011332583873
3 597 598 653 0.6875222597707327 0.4397164875747043 0.6847011332583873
3 597 548 549 0.6875222597707327 0.4397164875747043 0.6847011332583873
3 597 596 548 0.6875222597707327 0.4397164875747043 0.6847011332583873
3 652 596 597 0.6875222597707327 0.4397164875747043 0.6847011332583873
3 652 714 651 0.6875222597707327 0.4397164875747043 0.6847011332583873
3 595 596 651 0.6875222597707327 0.4397164875747043 0.6847011332583873
3 651 596 652 0.6875222597707327 0.4397164875747043 0.6847011332583873
3 651 650 595 0.6875222597707327 0.4397164875747043 0.6847011332583873
3 651 713 650 0.6875222597707327 0.4397164875747043 0.6847011332583873
3 651 714 713 0.6875222597707327 0.4397164875747043 0.6847011332583873
3 656 655 600 0.6875222597707327 0.4397164875747043 0.6847011332583873
3 601 840 841 0.6875222597707327 0.4397164875747043 0.6847011332583873
3 601 552 840 0.6875222597707327 0.4397164875747043 0.6847011332583873
3 841 657 601 0.6875222597707327 0.4397164875747043 0.6847011332583873
3 656 600 601 0.6875222597707327 0.4397164875747043 0.6847011332583873
3 601 600 552 0.6875222597707327 0.4397164875747043 0.6847011332583873
3 548 547 835 0.6875222597707327 0.4397164875747043 0.6847011332583873
3 435 721 835 0.6875222597707327 0.4397164875747043 0.6847011332583873
3 549 837 550 0.6875222597707327 0.4397164875747043 0.6847011332583873
3 550 598 549 0.6875222597707327 0.4397164875747043 0.6847011332583873
3 471 397 398 0.6875222597707327 0.4397164875747043 0.6847011332583873
3 472 471 448 0.6875222597707327 0.4397164875747043 0.6847011332583873
3 471 398 448 0.6875222597707327 0.4397164875747043 0.6847011332583873
3 399 858 448 0.6875222597707327 0.4397164875747043 0.6847011332583873
3 448 398 399 0.6875222597707327 0.4397164875747043 0.6847011332583873
3 859 858 453 0.6875222597707327 0.4397164875747043 0.6847011332583873
3 453 454 859 0.6875222597707327 0.4397164875747043 0.6847011332583873
3 453 858 452 0.6875222597707327 0.4397164875747043 0.6847011332583873
3 452 858 399 0.6875222597707327 0.4397164875747043 0.6847011332583873
3 791 392 575 0.6875222597707327 0.4397164875747043 0.6847011332583873
3 800 867 801 0.6875222597707327 0.4397164875747043 0.6847011332583873
3 801 748 800 0.6875222597707327 0.4397164875747043 0.6847011332583873
3 800 866 867 0.6875222597707327 0.4397164875747043 0.6847011332583873
3 384 846 383 0.6875222597707327 0.4397164875747043 0.6847011332583873
3 440 384 385 0.6875222597707327 0.4397164875747043 0.6847011332583873
3 846 384 440 0.6875222597707327 0.4397164875747043 0.6847011332583873
3 916 917 905 0.6875222597707327 0.4397164875747043 0.6847011332583873
3 893 892 905 0.6875222597707327 0.4397164875747043 0.6847011332583873
3 905 917 893 0.6875222597707327 0.4397164875747043 0.6847011332583873
3 379 780 378 0.6875222597707327 0.4397164875747043 0.6847011332583873
3 625 866 799 0.6875222597707327 0.4397164875747043 0.6847011332583873
3 674 798 799 0.6875222597707327 0.4397164875747043 0.6847011332583873
3 799 798 625 0.6875222597707327 0.4397164875747043 0.6847011332583873
3 866 800 799 0.6875222597707327 0.4397164875747043 0.6847011332583873
3 749 748 801 0.6875222597707327 0.4397164875747043 0.6847011332583873
3 801 855 749 0.6875222597707327 0.4397164875747043 0.6847011332583873
3 855 854 749 0.6875222597707327 0.4397164875747043 0.6847011332583873
3 749 617 748 0.6875222597707327 0.4397164875747043 0.6847011332583873
3 749 854 853 0.6875222597707327 0.4397164875747043 0.6847011332583873
3 853 617 749 0.6875222597707327 0.4397164875747043 0.6847011332583873
3 801 868 869 0.6875222597707327 0.4397164875747043 0.6847011332583873
3 869 868 812 0.6875222597707327 0.4397164875747043 0.6847011332583873
3 823 881 880 0.6875222597707327 0.4397164875747043 0.6847011332583873
3 880 822 823 0.6875222597707327 0.4397164875747043 0.6847011332583873
3 880 869 812 0.6875222597707327 0.4397164875747043 0.6847011332583873
3 881 869 880 0.6875222597707327 0.4397164875747043 0.6847011332583873
3 625 798 797 0.6875222597707327 0.4397164875747043 0.6847011332583873
3 624 864 625 0.6875222597707327 0.4397164875747043 0.6847011332583873
3 528 864 624 0.6875222597707327 0.4397164875747043 0.6847011332583873
3 625 797 624 0.6875222597707327 0.4397164875747043 0.6847011332583873
3 413 685 486 0.6875222597707327 0.4397164875747043 0.6847011332583873
3 759 866 758 0.6875222597707327 0.4397164875747043 0.6847011332583873
3 866 633 758 0.6875222597707327 0.4397164875747043 0.6847011332583873
3 479 480 629 0.6875222597707327 0.4397164875747043 0.6847011332583873
3 479 478 753 0.6875222597707327 0.4397164875747043 0.6847011332583873
3 408 409 676 0.6875222597707327 0.4397164875747043 0.6847011332583873
3 754 479 753 0.6875222597707327 0.4397164875747043 0.6847011332583873
3 480 479 754 0.6875222597707327 0.4397164875747043 0.6847011332583873
3 528 624 623 0.6875222597707327 0.4397164875747043 0.6847011332583873
3 475 451 862 0.6875222597707327 0.4397164875747043 0.6847011332583873
3 862 863 475 0.6875222597707327 0.4397164875747043 0.6847011332583873
3 863 528 475 0.6875222597707327 0.4397164875747043 0.6847011332583873
3 792 391 791 0.6875222597707327 0.4397164875747043 0.6847011332583873
3 385 386 610 0.6875222597707327 0.4397164875747043 0.6847011332583873
3 444 386 387 0.6875222597707327 0.4397164875747043 0.6847011332583873
3 837 723 838 0.6875222597707327 0.4397164875747043 0.6847011332583873
3 838 550 837 0.6875222597707327 0.4397164875747043 0.6847011332583873
3 839 838 724 0.6875222597707327 0.4397164875747043 0.6847011332583873
3 724 838 723 0.6875222597707327 0.4397164875747043 0.6847011332583873
3 723 554 724 0.6875222597707327 0.4397164875747043 0.6847011332583873
3 725 840 839 0.6875222597707327 0.4397164875747043 0.6847011332583873
3 839 724 725 0.6875222597707327 0.4397164875747043 0.6847011332583873
3 557 725 556 0.6875222597707327 0.4397164875747043 0.6847011332583873
3 556 725 724 0.6875222597707327 0.4397164875747043 0.6847011332583873
3 442 443 848 0.6875222597707327 0.4397164875747043 0.6847011332583873
3 743 744 447 0.6875222597707327 0.4397164875747043 0.6847011332583873
3 670 469 468 0.6875222597707327 0.4397164875747043 0.6847011332583873
3 390 667 389 0.6875222597707327 0.4397164875747043 0.6847011332583873
3 628 454 453 0.6875222597707327 0.4397164875747043 0.6847011332583873
3 629 454 628 0.6875222597707327 0.4397164875747043 0.6847011332583873
3 628 479 629 0.6875222597707327 0.4397164875747043 0.6847011332583873
3 478 479 628 0.6875222597707327 0.4397164875747043 0.6847011332583873
3 862 451 861 0.6875222597707327 0.4397164875747043 0.6847011332583873
3 581 405 406 0.6875222597707327 0.4397164875747043 0.6847011332583873
3 581 635 405 0.6875222597707327 0.4397164875747043 0.6847011332583873
3 406 407 802 0.6875222597707327 0.4397164875747043 0.6847011332583873
3 407 529 803 0.6875222597707327 0.4397164875747043 0.6847011332583873
3 803 802 407 0.6875222597707327 0.4397164875747043 0.6847011332583873
3 583 802 803 0.6875222597707327 0.4397164875747043 0.6847011332583873
3 571 572 608 0.6875222597707327 0.4397164875747043 0.6847011332583873
3 605 569 606 0.6875222597707327 0.4397164875747043 0.6847011332583873
3 606 569 570 0.6875222597707327 0.4397164875747043 0.6847011332583873
3 567 377 378 0.6875222597707327 0.4397164875747043 0.6847011332583873
3 377 567 603 0.6875222597707327 0.4397164875747043 0.6847011332583873
3 762 589 588 0.6875222597707327 0.4397164875747043 0.6847011332583873
3 762 761 645 0.6875222597707327 0.4397164875747043 0.6847011332583873
3 588 761 762 0.6875222597707327 0.4397164875747043 0.6847011332583873
3 424 761 588 0.6875222597707327 0.4397164875747043 0.6847011332583873
3 643 774 897 0.6875222597707327 0.4397164875747043 0.6847011332583873
3 716 717 775 0.6875222597707327 0.4397164875747043 0.6847011332583873
3 775 774 716 0.6875222597707327 0.4397164875747043 0.6847011332583873
3 775 897 774 0.6875222597707327 0.4397164875747043 0.6847011332583873
3 776 775 717 0.6875222597707327 0.4397164875747043 0.6847011332583873
3 719 777 656 0.6875222597707327 0.4397164875747043 0.6847011332583873
3 656 601 719 0.6875222597707327 0.4397164875747043 0.6847011332583873
3 719 601 657 0.6875222597707327 0.4397164875747043 0.6847011332583873
3 890 891 702 0.6875222597707327 0.4397164875747043 0.6847011332583873
3 778 719 657 0.6875222597707327 0.4397164875747043 0.6847011332583873
3 434 547 433 0.6875222597707327 0.4397164875747043 0.6847011332583873
3 434 835 547 0.6875222597707327 0.4397164875747043 0.6847011332583873
3 435 835 434 0.6875222597707327 0.4397164875747043 0.6847011332583873
3 549 548 836 0.6875222597707327 0.4397164875747043 0.6847011332583873
3 548 835 836 0.6875222597707327 0.4397164875747043 0.6847011332583873
3 836 837 549 0.6875222597707327 0.4397164875747043 0.6847011332583873
3 836 835 721 0.6875222597707327 0.4397164875747043 0.6847011332583873
3 839 552 551 0.6875222597707327 0.4397164875747043 0.6847011332583873
3 552 600 551 0.6875222597707327 0.4397164875747043 0.6847011332583873
3 551 838 839 0.6875222597707327 0.4397164875747043 0.6847011332583873
3 550 838 551 0.6875222597707327 0.4397164875747043 0.6847011332583873
3 449 448 858 0.6875222597707327 0.4397164875747043 0.6847011332583873
3 858 859 449 0.6875222597707327 0.4397164875747043 0.6847011332583873
3 472 448 449 0.6875222597707327 0.4397164875747043 0.6847011332583873
3 449 859 450 0.6875222597707327 0.4397164875747043 0.6847011332583873
3 450 859 860 0.6875222597707327 0.4397164875747043 0.6847011332583873
3 860 859 454 0.6875222597707327 0.4397164875747043 0.6847011332583873
3 451 450 860 0.6875222597707327 0.4397164875747043 0.6847011332583873
3 860 861 451 0.6875222597707327 0.4397164875747043 0.6847011332583873
3 400 452 399 0.6875222597707327 0.4397164875747043 0.6847011332583873
3 618 575 574 0.6875222597707327 0.4397164875747043 0.6847011332583873
3 574 575 392 0.6875222597707327 0.4397164875747043 0.6847011332583873
3 574 395 618 0.6875222597707327 0.4397164875747043 0.6847011332583873
3 574 392 393 0.6875222597707327 0.4397164875747043 0.6847011332583873
3 393 395 574 0.6875222597707327 0.4397164875747043 0.6847011332583873
3 852 617 853 0.6875222597707327 0.4397164875747043 0.6847011332583873
3 853 736 852 0.6875222597707327 0.4397164875747043 0.6847011332583873
3 736 465 852 0.6875222597707327 0.4397164875747043 0.6847011332583873
3 616 850 615 0.6875222597707327 0.4397164875747043 0.6847011332583873
3 617 852 616 0.6875222597707327 0.4397164875747043 0.6847011332583873
3 674 746 745 0.6875222597707327 0.4397164875747043 0.6847011332583873
3 745 447 744 0.6875222597707327 0.4397164875747043 0.6847011332583873
3 675 800 748 0.6875222597707327 0.4397164875747043 0.6847011332583873
3 674 799 675 0.6875222597707327 0.4397164875747043 0.6847011332583873
3 675 799 800 0.6875222597707327 0.4397164875747043 0.6847011332583873
3 848 438 437 0.6875222597707327 0.4397164875747043 0.6847011332583873
3 438 462 437 0.6875222597707327 0.4397164875747043 0.6847011332583873
3 849 438 848 0.6875222597707327 0.4397164875747043 0.6847011332583873
3 848 443 849 0.6875222597707327 0.4397164875747043 0.6847011332583873
3 615 850 849 0.6875222597707327 0.4397164875747043 0.6847011332583873
3 849 443 615 0.6875222597707327 0.4397164875747043 0.6847011332583873
3 439 465 464 0.6875222597707327 0.4397164875747043 0.6847011332583873
3 439 849 850 0.6875222597707327 0.4397164875747043 0.6847011332583873
3 438 849 439 0.6875222597707327 0.4397164875747043 0.6847011332583873
3 730 457 456 0.6875222597707327 0.4397164875747043 0.6847011332583873
3 380 381 456 0.6875222597707327 0.4397164875747043 0.6847011332583873
3 456 381 730 0.6875222597707327 0.4397164875747043 0.6847011332583873
3 456 457 512 0.6875222597707327 0.4397164875747043 0.6847011332583873
3 458 732 459 0.6875222597707327 0.4397164875747043 0.6847011332583873
3 459 514 458 0.6875222597707327 0.4397164875747043 0.6847011332583873
3 731 457 730 0.6875222597707327 0.4397164875747043 0.6847011332583873
3 730 462 731 0.6875222597707327 0.4397164875747043 0.6847011332583873
3 731 458 457 0.6875222597707327 0.4397164875747043 0.6847011332583873
3 732 458 731 0.6875222597707327 0.4397164875747043 0.6847011332583873
3 464 732 463 0.6875222597707327 0.4397164875747043 0.6847011332583873
3 463 462 438 0.6875222597707327 0.4397164875747043 0.6847011332583873
3 463 731 462 0.6875222597707327 0.4397164875747043 0.6847011332583873
3 732 731 463 0.6875222597707327 0.4397164875747043 0.6847011332583873
3 463 439 464 0.6875222597707327 0.4397164875747043 0.6847011332583873
3 438 439 463 0.6875222597707327 0.4397164875747043 0.6847011332583873
3 780 379 781 0.6875222597707327 0.4397164875747043 0.6847011332583873
3 781 569 780 0.6875222597707327 0.4397164875747043 0.6847011332583873
3 570 569 781 0.6875222597707327 0.4397164875747043 0.6847011332583873
3 737 788 736 0.6875222597707327 0.4397164875747043 0.6847011332583873
3 737 736 853 0.6875222597707327 0.4397164875747043 0.6847011332583873
3 853 854 737 0.6875222597707327 0.4397164875747043 0.6847011332583873
3 787 516 736 0.6875222597707327 0.4397164875747043 0.6847011332583873
3 736 788 787 0.6875222597707327 0.4397164875747043 0.6847011332583873
3 787 788 916 0.6875222597707327 0.4397164875747043 0.6847011332583873
3 916 788 789 0.6875222597707327 0.4397164875747043 0.6847011332583873
3 789 917 916 0.6875222597707327 0.4397164875747043 0.6847011332583873
3 515 514 459 0.6875222597707327 0.4397164875747043 0.6847011332583873
3 515 516 785 0.6875222597707327 0.4397164875747043 0.6847011332583873
3 512 457 513 0.6875222597707327 0.4397164875747043 0.6847011332583873
3 457 458 513 0.6875222597707327 0.4397164875747043 0.6847011332583873
3 513 458 514 0.6875222597707327 0.4397164875747043 0.6847011332583873
3 785 572 784 0.6875222597707327 0.4397164875747043 0.6847011332583873
3 784 515 785 0.6875222597707327 0.4397164875747043 0.6847011332583873
3 514 515 784 0.6875222597707327 0.4397164875747043 0.6847011332583873
3 688 489 687 0.6875222597707327 0.4397164875747043 0.6847011332583873
3 856 855 801 0.6875222597707327 0.4397164875747043 0.6847011332583873
3 801 869 856 0.6875222597707327 0.4397164875747043 0.6847011332583873
3 869 857 856 0.6875222597707327 0.4397164875747043 0.6847011332583873
3 739 855 856 0.6875222597707327 0.4397164875747043 0.6847011332583873
3 856 857 739 0.6875222597707327 0.4397164875747043 0.6847011332583873
3 820 692 819 0.6875222597707327 0.4397164875747043 0.6847011332583873
3 702 821 820 0.6875222597707327 0.4397164875747043 0.6847011332583873
3 877 692 878 0.6875222597707327 0.4397164875747043 0.6847011332583873
3 878 692 693 0.6875222597707327 0.4397164875747043 0.6847011332583873
3 822 880 693 0.6875222597707327 0.4397164875747043 0.6847011332583873
3 821 822 693 0.6875222597707327 0.4397164875747043 0.6847011332583873
3 693 820 821 0.6875222597707327 0.4397164875747043 0.6847011332583873
3 692 820 693 0.6875222597707327 0.4397164875747043 0.6847011332583873
3 672 797 798 0.6875222597707327 0.4397164875747043 0.6847011332583873
3 672 522 797 0.6875222597707327 0.4397164875747043 0.6847011332583873
3 631 863 862 0.6875222597707327 0.4397164875747043 0.6847011332583873
3 580 624 797 0.6875222597707327 0.4397164875747043 0.6847011332583873
3 580 522 796 0.6875222597707327 0.4397164875747043 0.6847011332583873
3 797 522 580 0.6875222597707327 0.4397164875747043 0.6847011332583873
3 796 623 580 0.6875222597707327 0.4397164875747043 0.6847011332583873
3 580 623 624 0.6875222597707327 0.4397164875747043 0.6847011332583873
3 413 486 412 0.6875222597707327 0.4397164875747043 0.6847011332583873
3 486 871 412 0.6875222597707327 0.4397164875747043 0.6847011332583873
3 873 489 874 0.6875222597707327 0.4397164875747043 0.6847011332583873
3 809 758 757 0.6875222597707327 0.4397164875747043 0.6847011332583873
3 757 758 633 0.6875222597707327 0.4397164875747043 0.6847011332583873
3 530 529 408 0.6875222597707327 0.4397164875747043 0.6847011332583873
3 408 676 530 0.6875222597707327 0.4397164875747043 0.6847011332583873
3 622 623 579 0.6875222597707327 0.4397164875747043 0.6847011332583873
3 579 623 796 0.6875222597707327 0.4397164875747043 0.6847011332583873
3 622 579 578 0.6875222597707327 0.4397164875747043 0.6847011332583873
3 527 475 528 0.6875222597707327 0.4397164875747043 0.6847011332583873
3 528 623 527 0.6875222597707327 0.4397164875747043 0.6847011332583873
3 527 623 622 0.6875222597707327 0.4397164875747043 0.6847011332583873
3 622 526 527 0.6875222597707327 0.4397164875747043 0.6847011332583873
3 472 525 524 0.6875222597707327 0.4397164875747043 0.6847011332583873
3 524 471 472 0.6875222597707327 0.4397164875747043 0.6847011332583873
3 524 523 471 0.6875222597707327 0.4397164875747043 0.6847011332583873
3 791 575 576 0.6875222597707327 0.4397164875747043 0.6847011332583873
3 576 792 791 0.6875222597707327 0.4397164875747043 0.6847011332583873
3 517 390 391 0.6875222597707327 0.4397164875747043 0.6847011332583873
3 391 792 517 0.6875222597707327 0.4397164875747043 0.6847011332583873
3 743 447 446 0.6875222597707327 0.4397164875747043 0.6847011332583873
3 446 447 612 0.6875222597707327 0.4397164875747043 0.6847011332583873
3 741 387 740 0.6875222597707327 0.4397164875747043 0.6847011332583873
3 741 444 387 0.6875222597707327 0.4397164875747043 0.6847011332583873
3 740 468 741 0.6875222597707327 0.4397164875747043 0.6847011332583873
3 906 554 370 0.6875222597707327 0.4397164875747043 0.6847011332583873
3 906 370 375 0.6875222597707327 0.4397164875747043 0.6847011332583873
3 375 907 906 0.6875222597707327 0.4397164875747043 0.6847011332583873
3 553 554 723 0.6875222597707327 0.4397164875747043 0.6847011332583873
3 372 370 553 0.6875222597707327 0.4397164875747043 0.6847011332583873
3 370 554 553 0.6875222597707327 0.4397164875747043 0.6847011332583873
3 555 724 554 0.6875222597707327 0.4397164875747043 0.6847011332583873
3 555 906 907 0.6875222597707327 0.4397164875747043 0.6847011332583873
3 554 906 555 0.6875222597707327 0.4397164875747043 0.6847011332583873
3 907 556 555 0.6875222597707327 0.4397164875747043 0.6847011332583873
3 555 556 724 0.6875222597707327 0.4397164875747043 0.6847011332583873
3 841 840 726 0.6875222597707327 0.4397164875747043 0.6847011332583873
3 840 725 726 0.6875222597707327 0.4397164875747043 0.6847011332583873
3 726 725 557 0.6875222597707327 0.4397164875747043 0.6847011332583873
3 375 376 658 0.6875222597707327 0.4397164875747043 0.6847011332583873
3 376 659 658 0.6875222597707327 0.4397164875747043 0.6847011332583873
3 658 907 375 0.6875222597707327 0.4397164875747043 0.6847011332583873
3 557 556 562 0.6875222597707327 0.4397164875747043 0.6847011332583873
3 562 658 659 0.6875222597707327 0.4397164875747043 0.6847011332583873
3 562 556 907 0.6875222597707327 0.4397164875747043 0.6847011332583873
3 907 658 562 0.6875222597707327 0.4397164875747043 0.6847011332583873
3 909 910 557 0.6875222597707327 0.4397164875747043 0.6847011332583873
3 557 562 909 0.6875222597707327 0.4397164875747043 0.6847011332583873
3 909 562 659 0.6875222597707327 0.4397164875747043 0.6847011332583873
3 612 442 441 0.6875222597707327 0.4397164875747043 0.6847011332583873
3 846 440 441 0.6875222597707327 0.4397164875747043 0.6847011332583873
3 847 442 848 0.6875222597707327 0.4397164875747043 0.6847011332583873
3 436 846 847 0.6875222597707327 0.4397164875747043 0.6847011332583873
3 846 441 847 0.6875222597707327 0.4397164875747043 0.6847011332583873
3 847 441 442 0.6875222597707327 0.4397164875747043 0.6847011332583873
3 848 437 847 0.6875222597707327 0.4397164875747043 0.6847011332583873
3 847 437 436 0.6875222597707327 0.4397164875747043 0.6847011332583873
3 612 447 613 0.6875222597707327 0.4397164875747043 0.6847011332583873
3 613 442 612 0.6875222597707327 0.4397164875747043 0.6847011332583873
3 443 442 613 0.6875222597707327 0.4397164875747043 0.6847011332583873
3 447 745 613 0.6875222597707327 0.4397164875747043 0.6847011332583873
3 521 579 796 0.6875222597707327 0.4397164875747043 0.6847011332583873
3 388 389 466 0.6875222597707327 0.4397164875747043 0.6847011332583873
3 455 454 629 0.6875222597707327 0.4397164875747043 0.6847011332583873
3 862 861 455 0.6875222597707327 0.4397164875747043 0.6847011332583873
3 455 860 454 0.6875222597707327 0.4397164875747043 0.6847011332583873
3 861 860 455 0.6875222597707327 0.4397164875747043 0.6847011332583873
3 752 478 477 0.6875222597707327 0.4397164875747043 0.6847011332583873
3 477 751 752 0.6875222597707327 0.4397164875747043 0.6847011332583873
3 634 635 750 0.6875222597707327 0.4397164875747043 0.6847011332583873
3 635 751 750 0.6875222597707327 0.4397164875747043 0.6847011332583873
3 582 581 406 0.6875222597707327 0.4397164875747043 0.6847011332583873
3 406 802 582 0.6875222597707327 0.4397164875747043 0.6847011332583873
3 582 802 583 0.6875222597707327 0.4397164875747043 0.6847011332583873
3 842 657 841 0.6875222597707327 0.4397164875747043 0.6847011332583873
3 841 726 727 0.6875222597707327 0.4397164875747043 0.6847011332583873
3 727 842 841 0.6875222597707327 0.4397164875747043 0.6847011332583873
3 728 842 727 0.6875222597707327 0.4397164875747043 0.6847011332583873
3 607 570 571 0.6875222597707327 0.4397164875747043 0.6847011332583873
3 607 606 570 0.6875222597707327 0.4397164875747043 0.6847011332583873
3 571 608 607 0.6875222597707327 0.4397164875747043 0.6847011332583873
3 568 569 605 0.6875222597707327 0.4397164875747043 0.6847011332583873
3 780 569 568 0.6875222597707327 0.4397164875747043 0.6847011332583873
3 378 780 568 0.6875222597707327 0.4397164875747043 0.6847011332583873
3 568 567 378 0.6875222597707327 0.4397164875747043 0.6847011332583873
3 376 377 602 0.6875222597707327 0.4397164875747043 0.6847011332583873
3 377 603 602 0.6875222597707327 0.4397164875747043 0.6847011332583873
3 602 659 376 0.6875222597707327 0.4397164875747043 0.6847011332583873
3 604 603 567 0.6875222597707327 0.4397164875747043 0.6847011332583873
3 604 568 605 0.6875222597707327 0.4397164875747043 0.6847011332583873
3 567 568 604 0.6875222597707327 0.4397164875747043 0.6847011332583873
3 605 662 604 0.6875222597707327 0.4397164875747043 0.6847011332583873
3 604 662 661 0.6875222597707327 0.4397164875747043 0.6847011332583873
3 661 603 604 0.6875222597707327 0.4397164875747043 0.6847011332583873
3 588 589 423 0.6875222597707327 0.4397164875747043 0.6847011332583873
3 423 424 588 0.6875222597707327 0.4397164875747043 0.6847011332583873
3 761 424 760 0.6875222597707327 0.4397164875747043 0.6847011332583873
3 425 643 760 0.6875222597707327 0.4397164875747043 0.6847011332583873
3 760 424 425 0.6875222597707327 0.4397164875747043 0.6847011332583873
3 645 761 644 0.6875222597707327 0.4397164875747043 0.6847011332583873
3 761 760 644 0.6875222597707327 0.4397164875747043 0.6847011332583873
3 643 897 644 0.6875222597707327 0.4397164875747043 0.6847011332583873
3 644 760 643 0.6875222597707327 0.4397164875747043 0.6847011332583873
3 776 900 899 0.6875222597707327 0.4397164875747043 0.6847011332583873
3 656 777 718 0.6875222597707327 0.4397164875747043 0.6847011332583873
3 718 655 656 0.6875222597707327 0.4397164875747043 0.6847011332583873
3 777 900 718 0.6875222597707327 0.4397164875747043 0.6847011332583873
3 718 900 776 0.6875222597707327 0.4397164875747043 0.6847011332583873
3 718 717 655 0.6875222597707327 0.4397164875747043 0.6847011332583873
3 718 776 717 0.6875222597707327 0.4397164875747043 0.6847011332583873
3 889 890 701 0.6875222597707327 0.4397164875747043 0.6847011332583873
3 701 700 889 0.6875222597707327 0.4397164875747043 0.6847011332583873
3 701 890 702 0.6875222597707327 0.4397164875747043 0.6847011332583873
3 702 820 701 0.6875222597707327 0.4397164875747043 0.6847011332583873
3 819 700 701 0.6875222597707327 0.4397164875747043 0.6847011332583873
3 701 820 819 0.6875222597707327 0.4397164875747043 0.6847011332583873
3 916 905 845 0.6875222597707327 0.4397164875747043 0.6847011332583873
3 844 845 904 0.6875222597707327 0.4397164875747043 0.6847011332583873
3 687 686 492 0.6875222597707327 0.4397164875747043 0.6847011332583873
3 884 510 885 0.6875222597707327 0.4397164875747043 0.6847011332583873
3 509 884 883 0.6875222597707327 0.4397164875747043 0.6847011332583873
3 509 510 884 0.6875222597707327 0.4397164875747043 0.6847011332583873
3 550 551 599 0.6875222597707327 0.4397164875747043 0.6847011332583873
3 654 598 599 0.6875222597707327 0.4397164875747043 0.6847011332583873
3 598 550 599 0.6875222597707327 0.4397164875747043 0.6847011332583873
3 599 655 654 0.6875222597707327 0.4397164875747043 0.6847011332583873
3 599 600 655 0.6875222597707327 0.4397164875747043 0.6847011332583873
3 599 551 600 0.6875222597707327 0.4397164875747043 0.6847011332583873
3 850 616 851 0.6875222597707327 0.4397164875747043 0.6847011332583873
3 851 616 852 0.6875222597707327 0.4397164875747043 0.6847011332583873
3 851 852 465 0.6875222597707327 0.4397164875747043 0.6847011332583873
3 851 439 850 0.6875222597707327 0.4397164875747043 0.6847011332583873
3 465 439 851 0.6875222597707327 0.4397164875747043 0.6847011332583873
3 615 746 747 0.6875222597707327 0.4397164875747043 0.6847011332583873
3 747 616 615 0.6875222597707327 0.4397164875747043 0.6847011332583873
3 747 746 674 0.6875222597707327 0.4397164875747043 0.6847011332583873
3 674 675 747 0.6875222597707327 0.4397164875747043 0.6847011332583873
3 747 675 748 0.6875222597707327 0.4397164875747043 0.6847011332583873
3 748 617 747 0.6875222597707327 0.4397164875747043 0.6847011332583873
3 617 616 747 0.6875222597707327 0.4397164875747043 0.6847011332583873
3 461 437 462 0.6875222597707327 0.4397164875747043 0.6847011332583873
3 461 462 730 0.6875222597707327 0.4397164875747043 0.6847011332583873
3 382 436 461 0.6875222597707327 0.4397164875747043 0.6847011332583873
3 436 437 461 0.6875222597707327 0.4397164875747043 0.6847011332583873
3 461 381 382 0.6875222597707327 0.4397164875747043 0.6847011332583873
3 730 381 461 0.6875222597707327 0.4397164875747043 0.6847011332583873
3 511 781 379 0.6875222597707327 0.4397164875747043 0.6847011332583873
3 511 379 380 0.6875222597707327 0.4397164875747043 0.6847011332583873
3 380 456 511 0.6875222597707327 0.4397164875747043 0.6847011332583873
3 511 456 512 0.6875222597707327 0.4397164875747043 0.6847011332583873
3 459 732 733 0.6875222597707327 0.4397164875747043 0.6847011332583873
3 733 732 464 0.6875222597707327 0.4397164875747043 0.6847011332583873
3 464 465 733 0.6875222597707327 0.4397164875747043 0.6847011332583873
3 465 734 733 0.6875222597707327 0.4397164875747043 0.6847011332583873
3 460 515 459 0.6875222597707327 0.4397164875747043 0.6847011332583873
3 516 515 460 0.6875222597707327 0.4397164875747043 0.6847011332583873
3 459 733 460 0.6875222597707327 0.4397164875747043 0.6847011332583873
3 460 733 734 0.6875222597707327 0.4397164875747043 0.6847011332583873
3 738 737 854 0.6875222597707327 0.4397164875747043 0.6847011332583873
3 738 855 739 0.6875222597707327 0.4397164875747043 0.6847011332583873
3 738 854 855 0.6875222597707327 0.4397164875747043 0.6847011332583873
3 739 789 738 0.6875222597707327 0.4397164875747043 0.6847011332583873
3 788 737 738 0.6875222597707327 0.4397164875747043 0.6847011332583873
3 738 789 788 0.6875222597707327 0.4397164875747043 0.6847011332583873
3 785 516 786 0.6875222597707327 0.4397164875747043 0.6847011332583873
3 516 787 786 0.6875222597707327 0.4397164875747043 0.6847011332583873
3 915 787 916 0.6875222597707327 0.4397164875747043 0.6847011332583873
3 666 787 915 0.6875222597707327 0.4397164875747043 0.6847011332583873
3 916 845 915 0.6875222597707327 0.4397164875747043 0.6847011332583873
3 915 845 844 0.6875222597707327 0.4397164875747043 0.6847011332583873
3 790 789 739 0.6875222597707327 0.4397164875747043 0.6847011332583873
3 917 789 790 0.6875222597707327 0.4397164875747043 0.6847011332583873
3 739 857 790 0.6875222597707327 0.4397164875747043 0.6847011332583873
3 783 513 514 0.6875222597707327 0.4397164875747043 0.6847011332583873
3 514 784 783 0.6875222597707327 0.4397164875747043 0.6847011332583873
3 512 513 783 0.6875222597707327 0.4397164875747043 0.6847011332583873
3 783 572 571 0.6875222597707327 0.4397164875747043 0.6847011332583873
3 783 784 572 0.6875222597707327 0.4397164875747043 0.6847011332583873
3 487 486 685 0.6875222597707327 0.4397164875747043 0.6847011332583873
3 685 686 487 0.6875222597707327 0.4397164875747043 0.6847011332583873
3 918 869 881 0.6875222597707327 0.4397164875747043 0.6847011332583873
3 918 857 869 0.6875222597707327 0.4397164875747043 0.6847011332583873
3 918 881 893 0.6875222597707327 0.4397164875747043 0.6847011332583873
3 893 917 918 0.6875222597707327 0.4397164875747043 0.6847011332583873
3 917 790 918 0.6875222597707327 0.4397164875747043 0.6847011332583873
3 918 790 857 0.6875222597707327 0.4397164875747043 0.6847011332583873
3 489 688 490 0.6875222597707327 0.4397164875747043 0.6847011332583873
3 874 489 490 0.6875222597707327 0.4397164875747043 0.6847011332583873
3 490 875 874 0.6875222597707327 0.4397164875747043 0.6847011332583873
3 690 876 490 0.6875222597707327 0.4397164875747043 0.6847011332583873
3 876 875 490 0.6875222597707327 0.4397164875747043 0.6847011332583873
3 683 875 876 0.6875222597707327 0.4397164875747043 0.6847011332583873
3 692 877 691 0.6875222597707327 0.4397164875747043 0.6847011332583873
3 819 692 691 0.6875222597707327 0.4397164875747043 0.6847011332583873
3 691 876 690 0.6875222597707327 0.4397164875747043 0.6847011332583873
3 691 877 876 0.6875222597707327 0.4397164875747043 0.6847011332583873
3 690 495 691 0.6875222597707327 0.4397164875747043 0.6847011332583873
3 878 693 879 0.6875222597707327 0.4397164875747043 0.6847011332583873
3 879 693 880 0.6875222597707327 0.4397164875747043 0.6847011332583873
3 812 878 879 0.6875222597707327 0.4397164875747043 0.6847011332583873
3 879 880 812 0.6875222597707327 0.4397164875747043 0.6847011332583873
3 673 672 798 0.6875222597707327 0.4397164875747043 0.6847011332583873
3 673 798 674 0.6875222597707327 0.4397164875747043 0.6847011332583873
3 674 745 673 0.6875222597707327 0.4397164875747043 0.6847011332583873
3 673 745 744 0.6875222597707327 0.4397164875747043 0.6847011332583873
3 744 672 673 0.6875222597707327 0.4397164875747043 0.6847011332583873
3 522 672 470 0.6875222597707327 0.4397164875747043 0.6847011332583873
3 743 469 470 0.6875222597707327 0.4397164875747043 0.6847011332583873
3 470 744 743 0.6875222597707327 0.4397164875747043 0.6847011332583873
3 470 672 744 0.6875222597707327 0.4397164875747043 0.6847011332583873
3 755 631 480 0.6875222597707327 0.4397164875747043 0.6847011332583873
3 756 631 755 0.6875222597707327 0.4397164875747043 0.6847011332583873
3 480 754 755 0.6875222597707327 0.4397164875747043 0.6847011332583873
3 754 639 755 0.6875222597707327 0.4397164875747043 0.6847011332583873
3 630 631 862 0.6875222597707327 0.4397164875747043 0.6847011332583873
3 480 631 630 0.6875222597707327 0.4397164875747043 0.6847011332583873
3 862 455 630 0.6875222597707327 0.4397164875747043 0.6847011332583873
3 629 480 630 0.6875222597707327 0.4397164875747043 0.6847011332583873
3 630 455 629 0.6875222597707327 0.4397164875747043 0.6847011332583873
3 632 631 756 0.6875222597707327 0.4397164875747043 0.6847011332583873
3 632 633 864 0.6875222597707327 0.4397164875747043 0.6847011332583873
3 632 864 863 0.6875222597707327 0.4397164875747043 0.6847011332583873
3 863 631 632 0.6875222597707327 0.4397164875747043 0.6847011332583873
3 632 757 633 0.6875222597707327 0.4397164875747043 0.6847011332583873
3 756 757 632 0.6875222597707327 0.4397164875747043 0.6847011332583873
3 481 410 411 0.6875222597707327 0.4397164875747043 0.6847011332583873
3 677 676 409 0.6875222597707327 0.4397164875747043 0.6847011332583873
3 484 483 871 0.6875222597707327 0.4397164875747043 0.6847011332583873
3 809 757 641 0.6875222597707327 0.4397164875747043 0.6847011332583873
3 641 756 587 0.6875222597707327 0.4397164875747043 0.6847011332583873
3 641 757 756 0.6875222597707327 0.4397164875747043 0.6847011332583873
3 804 530 805 0.6875222597707327 0.4397164875747043 0.6847011332583873
3 804 803 529 0.6875222597707327 0.4397164875747043 0.6847011332583873
3 529 530 804 0.6875222597707327 0.4397164875747043 0.6847011332583873
3 451 475 474 0.6875222597707327 0.4397164875747043 0.6847011332583873
3 474 450 451 0.6875222597707327 0.4397164875747043 0.6847011332583873
3 475 527 474 0.6875222597707327 0.4397164875747043 0.6847011332583873
3 474 527 526 0.6875222597707327 0.4397164875747043 0.6847011332583873
3 525 526 621 0.6875222597707327 0.4397164875747043 0.6847011332583873
3 621 578 577 0.6875222597707327 0.4397164875747043 0.6847011332583873
3 622 578 621 0.6875222597707327 0.4397164875747043 0.6847011332583873
3 621 526 622 0.6875222597707327 0.4397164875747043 0.6847011332583873
3 619 575 618 0.6875222597707327 0.4397164875747043 0.6847011332583873
3 619 576 575 0.6875222597707327 0.4397164875747043 0.6847011332583873
3 618 523 619 0.6875222597707327 0.4397164875747043 0.6847011332583873
3 523 524 619 0.6875222597707327 0.4397164875747043 0.6847011332583873
3 611 446 612 0.6875222597707327 0.4397164875747043 0.6847011332583873
3 612 441 611 0.6875222597707327 0.4397164875747043 0.6847011332583873
3 611 441 440 0.6875222597707327 0.4397164875747043 0.6847011332583873
3 611 440 385 0.6875222597707327 0.4397164875747043 0.6847011332583873
3 385 610 611 0.6875222597707327 0.4397164875747043 0.6847011332583873
3 444 741 742 0.6875222597707327 0.4397164875747043 0.6847011332583873
3 468 469 742 0.6875222597707327 0.4397164875747043 0.6847011332583873
3 742 741 468 0.6875222597707327 0.4397164875747043 0.6847011332583873
3 742 469 743 0.6875222597707327 0.4397164875747043 0.6847011332583873
3 743 446 742 0.6875222597707327 0.4397164875747043 0.6847011332583873
3 722 553 723 0.6875222597707327 0.4397164875747043 0.6847011332583873
3 722 723 837 0.6875222597707327 0.4397164875747043 0.6847011332583873
3 721 372 722 0.6875222597707327 0.4397164875747043 0.6847011332583873
3 372 553 722 0.6875222597707327 0.4397164875747043 0.6847011332583873
3 722 836 721 0.6875222597707327 0.4397164875747043 0.6847011332583873
3 837 836 722 0.6875222597707327 0.4397164875747043 0.6847011332583873
3 614 613 745 0.6875222597707327 0.4397164875747043 0.6847011332583873
3 614 746 615 0.6875222597707327 0.4397164875747043 0.6847011332583873
3 614 745 746 0.6875222597707327 0.4397164875747043 0.6847011332583873
3 615 443 614 0.6875222597707327 0.4397164875747043 0.6847011332583873
3 443 613 614 0.6875222597707327 0.4397164875747043 0.6847011332583873
3 579 521 795 0.6875222597707327 0.4397164875747043 0.6847011332583873
3 520 578 795 0.6875222597707327 0.4397164875747043 0.6847011332583873
3 795 578 579 0.6875222597707327 0.4397164875747043 0.6847011332583873
3 795 670 520 0.6875222597707327 0.4397164875747043 0.6847011332583873
3 795 521 670 0.6875222597707327 0.4397164875747043 0.6847011332583873
3 467 468 740 0.6875222597707327 0.4397164875747043 0.6847011332583873
3 467 740 388 0.6875222597707327 0.4397164875747043 0.6847011332583873
3 388 466 467 0.6875222597707327 0.4397164875747043 0.6847011332583873
3 478 628 627 0.6875222597707327 0.4397164875747043 0.6847011332583873
3 627 477 478 0.6875222597707327 0.4397164875747043 0.6847011332583873
3 627 628 453 0.6875222597707327 0.4397164875747043 0.6847011332583873
3 453 452 627 0.6875222597707327 0.4397164875747043 0.6847011332583873
3 626 400 401 0.6875222597707327 0.4397164875747043 0.6847011332583873
3 452 400 626 0.6875222597707327 0.4397164875747043 0.6847011332583873
3 626 627 452 0.6875222597707327 0.4397164875747043 0.6847011332583873
3 477 627 626 0.6875222597707327 0.4397164875747043 0.6847011332583873
3 404 634 403 0.6875222597707327 0.4397164875747043 0.6847011332583873
3 634 750 403 0.6875222597707327 0.4397164875747043 0.6847011332583873
3 403 750 402 0.6875222597707327 0.4397164875747043 0.6847011332583873
3 751 477 476 0.6875222597707327 0.4397164875747043 0.6847011332583873
3 476 750 751 0.6875222597707327 0.4397164875747043 0.6847011332583873
3 477 626 476 0.6875222597707327 0.4397164875747043 0.6847011332583873
3 402 750 476 0.6875222597707327 0.4397164875747043 0.6847011332583873
3 476 401 402 0.6875222597707327 0.4397164875747043 0.6847011332583873
3 476 626 401 0.6875222597707327 0.4397164875747043 0.6847011332583873
3 635 581 636 0.6875222597707327 0.4397164875747043 0.6847011332583873
3 581 582 636 0.6875222597707327 0.4397164875747043 0.6847011332583873
3 636 751 635 0.6875222597707327 0.4397164875747043 0.6847011332583873
3 752 751 636 0.6875222597707327 0.4397164875747043 0.6847011332583873
3 843 842 728 0.6875222597707327 0.4397164875747043 0.6847011332583873
3 558 727 726 0.6875222597707327 0.4397164875747043 0.6847011332583873
3 557 910 558 0.6875222597707327 0.4397164875747043 0.6847011332583873
3 558 726 557 0.6875222597707327 0.4397164875747043 0.6847011332583873
3 727 558 911 0.6875222597707327 0.4397164875747043 0.6847011332583873
3 911 558 910 0.6875222597707327 0.4397164875747043 0.6847011332583873
3 661 662 911 0.6875222597707327 0.4397164875747043 0.6847011332583873
3 911 910 661 0.6875222597707327 0.4397164875747043 0.6847011332583873
3 914 913 665 0.6875222597707327 0.4397164875747043 0.6847011332583873
3 665 666 914 0.6875222597707327 0.4397164875747043 0.6847011332583873
3 914 915 844 0.6875222597707327 0.4397164875747043 0.6847011332583873
3 666 915 914 0.6875222597707327 0.4397164875747043 0.6847011332583873
3 663 662 605 0.6875222597707327 0.4397164875747043 0.6847011332583873
3 605 606 663 0.6875222597707327 0.4397164875747043 0.6847011332583873
3 659 602 660 0.6875222597707327 0.4397164875747043 0.6847011332583873
3 661 910 660 0.6875222597707327 0.4397164875747043 0.6847011332583873
3 660 603 661 0.6875222597707327 0.4397164875747043 0.6847011332583873
3 660 602 603 0.6875222597707327 0.4397164875747043 0.6847011332583873
3 910 909 660 0.6875222597707327 0.4397164875747043 0.6847011332583873
3 660 909 659 0.6875222597707327 0.4397164875747043 0.6847011332583873
3 824 423 589 0.6875222597707327 0.4397164875747043 0.6847011332583873
3 422 423 824 0.6875222597707327 0.4397164875747043 0.6847011332583873
3 589 590 824 0.6875222597707327 0.4397164875747043 0.6847011332583873
3 897 775 898 0.6875222597707327 0.4397164875747043 0.6847011332583873
3 898 644 897 0.6875222597707327 0.4397164875747043 0.6847011332583873
3 645 644 898 0.6875222597707327 0.4397164875747043 0.6847011332583873
3 898 899 645 0.6875222597707327 0.4397164875747043 0.6847011332583873
3 775 776 898 0.6875222597707327 0.4397164875747043 0.6847011332583873
3 776 899 898 0.6875222597707327 0.4397164875747043 0.6847011332583873
3 647 899 900 0.6875222597707327 0.4397164875747043 0.6847011332583873
3 589 762 763 0.6875222597707327 0.4397164875747043 0.6847011332583873
3 763 590 589 0.6875222597707327 0.4397164875747043 0.6847011332583873
3 764 590 763 0.6875222597707327 0.4397164875747043 0.6847011332583873
3 763 647 764 0.6875222597707327 0.4397164875747043 0.6847011332583873
3 710 888 887 0.6875222597707327 0.4397164875747043 0.6847011332583873
3 887 709 710 0.6875222597707327 0.4397164875747043 0.6847011332583873
3 495 817 818 0.6875222597707327 0.4397164875747043 0.6847011332583873
3 819 691 818 0.6875222597707327 0.4397164875747043 0.6847011332583873
3 818 691 495 0.6875222597707327 0.4397164875747043 0.6847011332583873
3 818 700 819 0.6875222597707327 0.4397164875747043 0.6847011332583873
3 816 495 494 0.6875222597707327 0.4397164875747043 0.6847011332583873
3 816 817 495 0.6875222597707327 0.4397164875747043 0.6847011332583873
3 902 779 767 0.6875222597707327 0.4397164875747043 0.6847011332583873
3 657 842 720 0.6875222597707327 0.4397164875747043 0.6847011332583873
3 779 902 720 0.6875222597707327 0.4397164875747043 0.6847011332583873
3 842 843 720 0.6875222597707327 0.4397164875747043 0.6847011332583873
3 720 843 779 0.6875222597707327 0.4397164875747043 0.6847011332583873
3 720 778 657 0.6875222597707327 0.4397164875747043 0.6847011332583873
3 720 902 778 0.6875222597707327 0.4397164875747043 0.6847011332583873
3 769 904 833 0.6875222597707327 0.4397164875747043 0.6847011332583873
3 493 492 814 0.6875222597707327 0.4397164875747043 0.6847011332583873
3 687 492 493 0.6875222597707327 0.4397164875747043 0.6847011332583873
3 494 688 493 0.6875222597707327 0.4397164875747043 0.6847011332583873
3 493 688 687 0.6875222597707327 0.4397164875747043 0.6847011332583873
3 491 492 686 0.6875222597707327 0.4397164875747043 0.6847011332583873
3 491 685 414 0.6875222597707327 0.4397164875747043 0.6847011332583873
3 491 686 685 0.6875222597707327 0.4397164875747043 0.6847011332583873
3 414 415 491 0.6875222597707327 0.4397164875747043 0.6847011332583873
3 813 415 496 0.6875222597707327 0.4397164875747043 0.6847011332583873
3 813 491 415 0.6875222597707327 0.4397164875747043 0.6847011332583873
3 814 492 813 0.6875222597707327 0.4397164875747043 0.6847011332583873
3 492 491 813 0.6875222597707327 0.4397164875747043 0.6847011332583873
3 496 415 416 0.6875222597707327 0.4397164875747043 0.6847011332583873
3 416 694 496 0.6875222597707327 0.4397164875747043 0.6847011332583873
3 417 694 416 0.6875222597707327 0.4397164875747043 0.6847011332583873
3 889 700 699 0.6875222597707327 0.4397164875747043 0.6847011332583873
3 699 888 889 0.6875222597707327 0.4397164875747043 0.6847011332583873
3 503 885 504 0.6875222597707327 0.4397164875747043 0.6847011332583873
3 883 418 882 0.6875222597707327 0.4397164875747043 0.6847011332583873
3 882 418 419 0.6875222597707327 0.4397164875747043 0.6847011332583873
3 883 884 501 0.6875222597707327 0.4397164875747043 0.6847011332583873
3 501 418 883 0.6875222597707327 0.4397164875747043 0.6847011332583873
3 417 418 501 0.6875222597707327 0.4397164875747043 0.6847011332583873
3 503 504 696 0.6875222597707327 0.4397164875747043 0.6847011332583873
3 696 504 697 0.6875222597707327 0.4397164875747043 0.6847011332583873
3 697 498 696 0.6875222597707327 0.4397164875747043 0.6847011332583873
3 767 779 768 0.6875222597707327 0.4397164875747043 0.6847011332583873
3 769 831 768 0.6875222597707327 0.4397164875747043 0.6847011332583873
3 541 421 422 0.6875222597707327 0.4397164875747043 0.6847011332583873
3 542 421 541 0.6875222597707327 0.4397164875747043 0.6847011332583873
3 777 719 901 0.6875222597707327 0.4397164875747043 0.6847011332583873
3 719 778 901 0.6875222597707327 0.4397164875747043 0.6847011332583873
3 735 460 734 0.6875222597707327 0.4397164875747043 0.6847011332583873
3 735 465 736 0.6875222597707327 0.4397164875747043 0.6847011332583873
3 735 734 465 0.6875222597707327 0.4397164875747043 0.6847011332583873
3 736 516 735 0.6875222597707327 0.4397164875747043 0.6847011332583873
3 516 460 735 0.6875222597707327 0.4397164875747043 0.6847011332583873
3 785 786 573 0.6875222597707327 0.4397164875747043 0.6847011332583873
3 573 572 785 0.6875222597707327 0.4397164875747043 0.6847011332583873
3 573 608 572 0.6875222597707327 0.4397164875747043 0.6847011332583873
3 609 787 666 0.6875222597707327 0.4397164875747043 0.6847011332583873
3 609 786 787 0.6875222597707327 0.4397164875747043 0.6847011332583873
3 609 573 786 0.6875222597707327 0.4397164875747043 0.6847011332583873
3 608 573 609 0.6875222597707327 0.4397164875747043 0.6847011332583873
3 665 608 609 0.6875222597707327 0.4397164875747043 0.6847011332583873
3 609 666 665 0.6875222597707327 0.4397164875747043 0.6847011332583873
3 512 783 782 0.6875222597707327 0.4397164875747043 0.6847011332583873
3 782 511 512 0.6875222597707327 0.4397164875747043 0.6847011332583873
3 781 511 782 0.6875222597707327 0.4397164875747043 0.6847011332583873
3 570 781 782 0.6875222597707327 0.4397164875747043 0.6847011332583873
3 571 570 782 0.6875222597707327 0.4397164875747043 0.6847011332583873
3 782 783 571 0.6875222597707327 0.4397164875747043 0.6847011332583873
3 488 487 686 0.6875222597707327 0.4397164875747043 0.6847011332583873
3 687 489 488 0.6875222597707327 0.4397164875747043 0.6847011332583873
3 488 686 687 0.6875222597707327 0.4397164875747043 0.6847011332583873
3 489 873 488 0.6875222597707327 0.4397164875747043 0.6847011332583873
3 690 490 689 0.6875222597707327 0.4397164875747043 0.6847011332583873
3 689 490 688 0.6875222597707327 0.4397164875747043 0.6847011332583873
3 689 495 690 0.6875222597707327 0.4397164875747043 0.6847011332583873
3 494 495 689 0.6875222597707327 0.4397164875747043 0.6847011332583873
3 689 688 494 0.6875222597707327 0.4397164875747043 0.6847011332583873
3 876 877 684 0.6875222597707327 0.4397164875747043 0.6847011332583873
3 684 683 876 0.6875222597707327 0.4397164875747043 0.6847011332583873
3 684 877 878 0.6875222597707327 0.4397164875747043 0.6847011332583873
3 671 470 469 0.6875222597707327 0.4397164875747043 0.6847011332583873
3 522 470 671 0.6875222597707327 0.4397164875747043 0.6847011332583873
3 469 670 671 0.6875222597707327 0.4397164875747043 0.6847011332583873
3 670 521 671 0.6875222597707327 0.4397164875747043 0.6847011332583873
3 796 522 671 0.6875222597707327 0.4397164875747043 0.6847011332583873
3 671 521 796 0.6875222597707327 0.4397164875747043 0.6847011332583873
3 482 481 411 0.6875222597707327 0.4397164875747043 0.6847011332583873
3 537 481 482 0.6875222597707327 0.4397164875747043 0.6847011332583873
3 410 481 536 0.6875222597707327 0.4397164875747043 0.6847011332583873
3 536 481 537 0.6875222597707327 0.4397164875747043 0.6847011332583873
3 805 530 531 0.6875222597707327 0.4397164875747043 0.6847011332583873
3 531 530 676 0.6875222597707327 0.4397164875747043 0.6847011332583873
3 676 677 531 0.6875222597707327 0.4397164875747043 0.6847011332583873
3 679 536 537 0.6875222597707327 0.4397164875747043 0.6847011332583873
3 678 536 679 0.6875222597707327 0.4397164875747043 0.6847011332583873
3 587 756 640 0.6875222597707327 0.4397164875747043 0.6847011332583873
3 756 755 640 0.6875222597707327 0.4397164875747043 0.6847011332583873
3 872 484 871 0.6875222597707327 0.4397164875747043 0.6847011332583873
3 873 484 872 0.6875222597707327 0.4397164875747043 0.6847011332583873
3 872 871 486 0.6875222597707327 0.4397164875747043 0.6847011332583873
3 486 487 872 0.6875222597707327 0.4397164875747043 0.6847011332583873
3 872 488 873 0.6875222597707327 0.4397164875747043 0.6847011332583873
3 487 488 872 0.6875222597707327 0.4397164875747043 0.6847011332583873
3 485 873 874 0.6875222597707327 0.4397164875747043 0.6847011332583873
3 485 484 873 0.6875222597707327 0.4397164875747043 0.6847011332583873
3 587 640 807 0.6875222597707327 0.4397164875747043 0.6847011332583873
3 583 803 584 0.6875222597707327 0.4397164875747043 0.6847011332583873
3 803 804 584 0.6875222597707327 0.4397164875747043 0.6847011332583873
3 584 804 805 0.6875222597707327 0.4397164875747043 0.6847011332583873
3 518 519 667 0.6875222597707327 0.4397164875747043 0.6847011332583873
3 518 667 390 0.6875222597707327 0.4397164875747043 0.6847011332583873
3 390 517 518 0.6875222597707327 0.4397164875747043 0.6847011332583873
3 577 578 794 0.6875222597707327 0.4397164875747043 0.6847011332583873
3 794 578 520 0.6875222597707327 0.4397164875747043 0.6847011332583873
3 520 519 794 0.6875222597707327 0.4397164875747043 0.6847011332583873
3 450 474 473 0.6875222597707327 0.4397164875747043 0.6847011332583873
3 473 525 472 0.6875222597707327 0.4397164875747043 0.6847011332583873
3 473 526 525 0.6875222597707327 0.4397164875747043 0.6847011332583873
3 473 474 526 0.6875222597707327 0.4397164875747043 0.6847011332583873
3 472 449 473 0.6875222597707327 0.4397164875747043 0.6847011332583873
3 473 449 450 0.6875222597707327 0.4397164875747043 0.6847011332583873
3 620 621 577 0.6875222597707327 0.4397164875747043 0.6847011332583873
3 525 621 620 0.6875222597707327 0.4397164875747043 0.6847011332583873
3 577 576 620 0.6875222597707327 0.4397164875747043 0.6847011332583873
3 576 619 620 0.6875222597707327 0.4397164875747043 0.6847011332583873
3 620 524 525 0.6875222597707327 0.4397164875747043 0.6847011332583873
3 620 619 524 0.6875222597707327 0.4397164875747043 0.6847011332583873
3 444 742 445 0.6875222597707327 0.4397164875747043 0.6847011332583873
3 445 610 386 0.6875222597707327 0.4397164875747043 0.6847011332583873
3 386 444 445 0.6875222597707327 0.4397164875747043 0.6847011332583873
3 445 742 446 0.6875222597707327 0.4397164875747043 0.6847011332583873
3 445 611 610 0.6875222597707327 0.4397164875747043 0.6847011332583873
3 446 611 445 0.6875222597707327 0.4397164875747043 0.6847011332583873
3 667 519 668 0.6875222597707327 0.4397164875747043 0.6847011332583873
3 668 389 667 0.6875222597707327 0.4397164875747043 0.6847011332583873
3 668 466 389 0.6875222597707327 0.4397164875747043 0.6847011332583873
3 637 582 583 0.6875222597707327 0.4397164875747043 0.6847011332583873
3 637 636 582 0.6875222597707327 0.4397164875747043 0.6847011332583873
3 752 636 637 0.6875222597707327 0.4397164875747043 0.6847011332583873
3 637 753 752 0.6875222597707327 0.4397164875747043 0.6847011332583873
3 583 584 637 0.6875222597707327 0.4397164875747043 0.6847011332583873
3 729 843 728 0.6875222597707327 0.4397164875747043 0.6847011332583873
3 844 843 729 0.6875222597707327 0.4397164875747043 0.6847011332583873
3 729 914 844 0.6875222597707327 0.4397164875747043 0.6847011332583873
3 913 914 729 0.6875222597707327 0.4397164875747043 0.6847011332583873
3 728 727 559 0.6875222597707327 0.4397164875747043 0.6847011332583873
3 727 911 559 0.6875222597707327 0.4397164875747043 0.6847011332583873
3 606 607 664 0.6875222597707327 0.4397164875747043 0.6847011332583873
3 664 663 606 0.6875222597707327 0.4397164875747043 0.6847011332583873
3 913 663 664 0.6875222597707327 0.4397164875747043 0.6847011332583873
3 665 913 664 0.6875222597707327 0.4397164875747043 0.6847011332583873
3 664 608 665 0.6875222597707327 0.4397164875747043 0.6847011332583873
3 664 607 608 0.6875222597707327 0.4397164875747043 0.6847011332583873
3 422 824 825 0.6875222597707327 0.4397164875747043 0.6847011332583873
3 825 824 590 0.6875222597707327 0.4397164875747043 0.6847011332583873
3 825 541 422 0.6875222597707327 0.4397164875747043 0.6847011332583873
3 646 763 762 0.6875222597707327 0.4397164875747043 0.6847011332583873
3 646 762 645 0.6875222597707327 0.4397164875747043 0.6847011332583873
3 645 899 646 0.6875222597707327 0.4397164875747043 0.6847011332583873
3 899 647 646 0.6875222597707327 0.4397164875747043 0.6847011332583873
3 647 763 646 0.6875222597707327 0.4397164875747043 0.6847011332583873
3 778 902 649 0.6875222597707327 0.4397164875747043 0.6847011332583873
3 649 902 767 0.6875222597707327 0.4397164875747043 0.6847011332583873
3 834 833 904 0.6875222597707327 0.4397164875747043 0.6847011332583873
3 834 845 905 0.6875222597707327 0.4397164875747043 0.6847011332583873
3 834 904 845 0.6875222597707327 0.4397164875747043 0.6847011332583873
3 890 833 834 0.6875222597707327 0.4397164875747043 0.6847011332583873
3 891 890 834 0.6875222597707327 0.4397164875747043 0.6847011332583873
3 834 892 891 0.6875222597707327 0.4397164875747043 0.6847011332583873
3 834 905 892 0.6875222597707327 0.4397164875747043 0.6847011332583873
3 711 890 889 0.6875222597707327 0.4397164875747043 0.6847011332583873
3 711 833 890 0.6875222597707327 0.4397164875747043 0.6847011332583873
3 889 888 711 0.6875222597707327 0.4397164875747043 0.6847011332583873
3 888 710 711 0.6875222597707327 0.4397164875747043 0.6847011332583873
3 769 833 832 0.6875222597707327 0.4397164875747043 0.6847011332583873
3 832 831 769 0.6875222597707327 0.4397164875747043 0.6847011332583873
3 832 711 710 0.6875222597707327 0.4397164875747043 0.6847011332583873
3 833 711 832 0.6875222597707327 0.4397164875747043 0.6847011332583873
3 832 709 831 0.6875222597707327 0.4397164875747043 0.6847011332583873
3 832 710 709 0.6875222597707327 0.4397164875747043 0.6847011332583873
3 815 493 814 0.6875222597707327 0.4397164875747043 0.6847011332583873
3 814 498 815 0.6875222597707327 0.4397164875747043 0.6847011332583873
3 815 816 494 0.6875222597707327 0.4397164875747043 0.6847011332583873
3 494 493 815 0.6875222597707327 0.4397164875747043 0.6847011332583873
3 697 504 505 0.6875222597707327 0.4397164875747043 0.6847011332583873
3 887 888 505 0.6875222597707327 0.4397164875747043 0.6847011332583873
3 888 699 505 0.6875222597707327 0.4397164875747043 0.6847011332583873
3 886 504 885 0.6875222597707327 0.4397164875747043 0.6847011332583873
3 886 885 510 0.6875222597707327 0.4397164875747043 0.6847011332583873
3 887 505 886 0.6875222597707327 0.4397164875747043 0.6847011332583873
3 886 505 504 0.6875222597707327 0.4397164875747043 0.6847011332583873
3 886 709 887 0.6875222597707327 0.4397164875747043 0.6847011332583873
3 510 709 886 0.6875222597707327 0.4397164875747043 0.6847011332583873
3 497 498 814 0.6875222597707327 0.4397164875747043 0.6847011332583873
3 497 813 496 0.6875222597707327 0.4397164875747043 0.6847011332583873
3 814 813 497 0.6875222597707327 0.4397164875747043 0.6847011332583873
3 497 696 498 0.6875222597707327 0.4397164875747043 0.6847011332583873
3 500 818 817 0.6875222597707327 0.4397164875747043 0.6847011332583873
3 817 816 500 0.6875222597707327 0.4397164875747043 0.6847011332583873
3 700 818 500 0.6875222597707327 0.4397164875747043 0.6847011332583873
3 500 699 700 0.6875222597707327 0.4397164875747043 0.6847011332583873
3 502 694 417 0.6875222597707327 0.4397164875747043 0.6847011332583873
3 417 501 502 0.6875222597707327 0.4397164875747043 0.6847011332583873
3 502 501 884 0.6875222597707327 0.4397164875747043 0.6847011332583873
3 884 885 502 0.6875222597707327 0.4397164875747043 0.6847011332583873
3 502 885 503 0.6875222597707327 0.4397164875747043 0.6847011332583873
3 503 696 695 0.6875222597707327 0.4397164875747043 0.6847011332583873
3 695 502 503 0.6875222597707327 0.4397164875747043 0.6847011332583873
3 694 502 695 0.6875222597707327 0.4397164875747043 0.6847011332583873
3 496 694 695 0.6875222597707327 0.4397164875747043 0.6847011332583873
3 695 497 496 0.6875222597707327 0.4397164875747043 0.6847011332583873
3 696 497 695 0.6875222597707327 0.4397164875747043 0.6847011332583873
3 903 768 779 0.6875222597707327 0.4397164875747043 0.6847011332583873
3 903 843 844 0.6875222597707327 0.4397164875747043 0.6847011332583873
3 779 843 903 0.6875222597707327 0.4397164875747043 0.6847011332583873
3 769 768 903 0.6875222597707327 0.4397164875747043 0.6847011332583873
3 844 904 903 0.6875222597707327 0.4397164875747043 0.6847011332583873
3 903 904 769 0.6875222597707327 0.4397164875747043 0.6847011332583873
3 510 509 707 0.6875222597707327 0.4397164875747043 0.6847011332583873
3 830 768 831 0.6875222597707327 0.4397164875747043 0.6847011332583873
3 767 768 830 0.6875222597707327 0.4397164875747043 0.6847011332583873
3 546 707 545 0.6875222597707327 0.4397164875747043 0.6847011332583873
3 419 420 506 0.6875222597707327 0.4397164875747043 0.6847011332583873
3 506 420 704 0.6875222597707327 0.4397164875747043 0.6847011332583873
3 704 420 703 0.6875222597707327 0.4397164875747043 0.6847011332583873
3 703 420 421 0.6875222597707327 0.4397164875747043 0.6847011332583873
3 703 421 542 0.6875222597707327 0.4397164875747043 0.6847011332583873
3 703 543 704 0.6875222597707327 0.4397164875747043 0.6847011332583873
3 542 543 703 0.6875222597707327 0.4397164875747043 0.6847011332583873
3 827 543 542 0.6875222597707327 0.4397164875747043 0.6847011332583873
3 811 878 812 0.6875222597707327 0.4397164875747043 0.6847011332583873
3 811 684 878 0.6875222597707327 0.4397164875747043 0.6847011332583873
3 811 868 759 0.6875222597707327 0.4397164875747043 0.6847011332583873
3 812 868 811 0.6875222597707327 0.4397164875747043 0.6847011332583873
3 683 684 810 0.6875222597707327 0.4397164875747043 0.6847011332583873
3 759 758 810 0.6875222597707327 0.4397164875747043 0.6847011332583873
3 810 811 759 0.6875222597707327 0.4397164875747043 0.6847011332583873
3 684 811 810 0.6875222597707327 0.4397164875747043 0.6847011332583873
3 810 758 809 0.6875222597707327 0.4397164875747043 0.6847011332583873
3 870 482 411 0.6875222597707327 0.4397164875747043 0.6847011332583873
3 411 412 870 0.6875222597707327 0.4397164875747043 0.6847011332583873
3 870 412 871 0.6875222597707327 0.4397164875747043 0.6847011332583873
3 871 483 870 0.6875222597707327 0.4397164875747043 0.6847011332583873
3 483 482 870 0.6875222597707327 0.4397164875747043 0.6847011332583873
3 409 410 535 0.6875222597707327 0.4397164875747043 0.6847011332583873
3 410 536 535 0.6875222597707327 0.4397164875747043 0.6847011332583873
3 535 677 409 0.6875222597707327 0.4397164875747043 0.6847011332583873
3 678 677 535 0.6875222597707327 0.4397164875747043 0.6847011332583873
3 535 536 678 0.6875222597707327 0.4397164875747043 0.6847011332583873
3 483 484 538 0.6875222597707327 0.4397164875747043 0.6847011332583873
3 538 679 537 0.6875222597707327 0.4397164875747043 0.6847011332583873
3 537 482 538 0.6875222597707327 0.4397164875747043 0.6847011332583873
3 538 482 483 0.6875222597707327 0.4397164875747043 0.6847011332583873
3 639 806 586 0.6875222597707327 0.4397164875747043 0.6847011332583873
3 586 755 639 0.6875222597707327 0.4397164875747043 0.6847011332583873
3 586 640 755 0.6875222597707327 0.4397164875747043 0.6847011332583873
3 586 807 640 0.6875222597707327 0.4397164875747043 0.6847011332583873
3 586 806 533 0.6875222597707327 0.4397164875747043 0.6847011332583873
3 533 807 586 0.6875222597707327 0.4397164875747043 0.6847011332583873
3 805 531 532 0.6875222597707327 0.4397164875747043 0.6847011332583873
3 532 806 805 0.6875222597707327 0.4397164875747043 0.6847011332583873
3 532 677 678 0.6875222597707327 0.4397164875747043 0.6847011332583873
3 532 531 677 0.6875222597707327 0.4397164875747043 0.6847011332583873
3 533 806 532 0.6875222597707327 0.4397164875747043 0.6847011332583873
3 678 679 532 0.6875222597707327 0.4397164875747043 0.6847011332583873
3 532 679 533 0.6875222597707327 0.4397164875747043 0.6847011332583873
3 874 875 540 0.6875222597707327 0.4397164875747043 0.6847011332583873
3 540 485 874 0.6875222597707327 0.4397164875747043 0.6847011332583873
3 875 683 540 0.6875222597707327 0.4397164875747043 0.6847011332583873
3 585 584 805 0.6875222597707327 0.4397164875747043 0.6847011332583873
3 805 806 585 0.6875222597707327 0.4397164875747043 0.6847011332583873
3 585 806 639 0.6875222597707327 0.4397164875747043 0.6847011332583873
3 519 518 793 0.6875222597707327 0.4397164875747043 0.6847011332583873
3 577 794 793 0.6875222597707327 0.4397164875747043 0.6847011332583873
3 793 794 519 0.6875222597707327 0.4397164875747043 0.6847011332583873
3 793 576 577 0.6875222597707327 0.4397164875747043 0.6847011332583873
3 792 576 793 0.6875222597707327 0.4397164875747043 0.6847011332583873
3 793 517 792 0.6875222597707327 0.4397164875747043 0.6847011332583873
3 793 518 517 0.6875222597707327 0.4397164875747043 0.6847011332583873
3 669 467 466 0.6875222597707327 0.4397164875747043 0.6847011332583873
3 466 668 669 0.6875222597707327 0.4397164875747043 0.6847011332583873
3 520 670 669 0.6875222597707327 0.4397164875747043 0.6847011332583873
3 669 519 520 0.6875222597707327 0.4397164875747043 0.6847011332583873
3 669 668 519 0.6875222597707327 0.4397164875747043 0.6847011332583873
3 669 670 468 0.6875222597707327 0.4397164875747043 0.6847011332583873
3 468 467 669 0.6875222597707327 0.4397164875747043 0.6847011332583873
3 753 637 638 0.6875222597707327 0.4397164875747043 0.6847011332583873
3 638 637 584 0.6875222597707327 0.4397164875747043 0.6847011332583873
3 638 754 753 0.6875222597707327 0.4397164875747043 0.6847011332583873
3 584 585 638 0.6875222597707327 0.4397164875747043 0.6847011332583873
3 638 639 754 0.6875222597707327 0.4397164875747043 0.6847011332583873
3 638 585 639 0.6875222597707327 0.4397164875747043 0.6847011332583873
3 662 663 912 0.6875222597707327 0.4397164875747043 0.6847011332583873
3 912 911 662 0.6875222597707327 0.4397164875747043 0.6847011332583873
3 912 559 911 0.6875222597707327 0.4397164875747043 0.6847011332583873
3 728 559 912 0.6875222597707327 0.4397164875747043 0.6847011332583873
3 912 663 913 0.6875222597707327 0.4397164875747043 0.6847011332583873
3 912 729 728 0.6875222597707327 0.4397164875747043 0.6847011332583873
3 913 729 912 0.6875222597707327 0.4397164875747043 0.6847011332583873
3 766 901 778 0.6875222597707327 0.4397164875747043 0.6847011332583873
3 778 649 766 0.6875222597707327 0.4397164875747043 0.6847011332583873
3 699 500 698 0.6875222597707327 0.4397164875747043 0.6847011332583873
3 697 505 698 0.6875222597707327 0.4397164875747043 0.6847011332583873
3 698 505 699 0.6875222597707327 0.4397164875747043 0.6847011332583873
3 499 500 816 0.6875222597707327 0.4397164875747043 0.6847011332583873
3 816 815 499 0.6875222597707327 0.4397164875747043 0.6847011332583873
3 499 815 498 0.6875222597707327 0.4397164875747043 0.6847011332583873
3 499 698 500 0.6875222597707327 0.4397164875747043 0.6847011332583873
3 499 498 697 0.6875222597707327 0.4397164875747043 0.6847011332583873
3 697 698 499 0.6875222597707327 0.4397164875747043 0.6847011332583873
3 510 707 708 0.6875222597707327 0.4397164875747043 0.6847011332583873
3 708 707 546 0.6875222597707327 0.4397164875747043 0.6847011332583873
3 708 709 510 0.6875222597707327 0.4397164875747043 0.6847011332583873
3 831 709 708 0.6875222597707327 0.4397164875747043 0.6847011332583873
3 708 830 831 0.6875222597707327 0.4397164875747043 0.6847011332583873
3 546 830 708 0.6875222597707327 0.4397164875747043 0.6847011332583873
3 704 543 544 0.6875222597707327 0.4397164875747043 0.6847011332583873
3 829 830 546 0.6875222597707327 0.4397164875747043 0.6847011332583873
3 546 545 829 0.6875222597707327 0.4397164875747043 0.6847011332583873
3 508 707 509 0.6875222597707327 0.4397164875747043 0.6847011332583873
3 508 509 883 0.6875222597707327 0.4397164875747043 0.6847011332583873
3 883 882 508 0.6875222597707327 0.4397164875747043 0.6847011332583873
3 764 647 765 0.6875222597707327 0.4397164875747043 0.6847011332583873
3 765 647 900 0.6875222597707327 0.4397164875747043 0.6847011332583873
3 826 827 542 0.6875222597707327 0.4397164875747043 0.6847011332583873
3 542 541 826 0.6875222597707327 0.4397164875747043 0.6847011332583873
3 541 825 826 0.6875222597707327 0.4397164875747043 0.6847011332583873
3 808 641 587 0.6875222597707327 0.4397164875747043 0.6847011332583873
3 809 641 808 0.6875222597707327 0.4397164875747043 0.6847011332583873
3 682 540 683 0.6875222597707327 0.4397164875747043 0.6847011332583873
3 682 810 809 0.6875222597707327 0.4397164875747043 0.6847011332583873
3 683 810 682 0.6875222597707327 0.4397164875747043 0.6847011332583873
3 539 538 484 0.6875222597707327 0.4397164875747043 0.6847011332583873
3 484 485 539 0.6875222597707327 0.4397164875747043 0.6847011332583873
3 485 540 539 0.6875222597707327 0.4397164875747043 0.6847011332583873
3 705 506 704 0.6875222597707327 0.4397164875747043 0.6847011332583873
3 704 544 705 0.6875222597707327 0.4397164875747043 0.6847011332583873
3 705 544 545 0.6875222597707327 0.4397164875747043 0.6847011332583873
3 543 827 828 0.6875222597707327 0.4397164875747043 0.6847011332583873
3 828 544 543 0.6875222597707327 0.4397164875747043 0.6847011332583873
3 828 827 593 0.6875222597707327 0.4397164875747043 0.6847011332583873
3 593 829 828 0.6875222597707327 0.4397164875747043 0.6847011332583873
3 545 544 828 0.6875222597707327 0.4397164875747043 0.6847011332583873
3 828 829 545 0.6875222597707327 0.4397164875747043 0.6847011332583873
3 593 766 594 0.6875222597707327 0.4397164875747043 0.6847011332583873
3 594 829 593 0.6875222597707327 0.4397164875747043 0.6847011332583873
3 594 766 649 0.6875222597707327 0.4397164875747043 0.6847011332583873
3 594 649 767 0.6875222597707327 0.4397164875747043 0.6847011332583873
3 767 830 594 0.6875222597707327 0.4397164875747043 0.6847011332583873
3 830 829 594 0.6875222597707327 0.4397164875747043 0.6847011332583873
3 593 827 592 0.6875222597707327 0.4397164875747043 0.6847011332583873
3 592 765 593 0.6875222597707327 0.4397164875747043 0.6847011332583873
3 827 826 592 0.6875222597707327 0.4397164875747043 0.6847011332583873
3 648 766 593 0.6875222597707327 0.4397164875747043 0.6847011332583873
3 593 765 648 0.6875222597707327 0.4397164875747043 0.6847011332583873
3 901 766 648 0.6875222597707327 0.4397164875747043 0.6847011332583873
3 777 901 648 0.6875222597707327 0.4397164875747043 0.6847011332583873
3 648 900 777 0.6875222597707327 0.4397164875747043 0.6847011332583873
3 648 765 900 0.6875222597707327 0.4397164875747043 0.6847011332583873
3 591 826 825 0.6875222597707327 0.4397164875747043 0.6847011332583873
3 591 590 764 0.6875222597707327 0.4397164875747043 0.6847011332583873
3 591 825 590 0.6875222597707327 0.4397164875747043 0.6847011332583873
3 591 592 826 0.6875222597707327 0.4397164875747043 0.6847011332583873
3 764 765 591 0.6875222597707327 0.4397164875747043 0.6847011332583873
3 765 592 591 0.6875222597707327 0.4397164875747043 0.6847011332583873
3 538 539 680 0.6875222597707327 0.4397164875747043 0.6847011332583873
3 533 679 680 0.6875222597707327 0.4397164875747043 0.6847011332583873
3 679 538 680 0.6875222597707327 0.4397164875747043 0.6847011332583873
3 540 682 681 0.6875222597707327 0.4397164875747043 0.6847011332583873
3 681 539 540 0.6875222597707327 0.4397164875747043 0.6847011332583873
3 809 808 681 0.6875222597707327 0.4397164875747043 0.6847011332583873
3 681 682 809 0.6875222597707327 0.4397164875747043 0.6847011332583873
3 681 680 539 0.6875222597707327 0.4397164875747043 0.6847011332583873
3 506 705 507 0.6875222597707327 0.4397164875747043 0.6847011332583873
3 507 508 882 0.6875222597707327 0.4397164875747043 0.6847011332583873
3 507 882 419 0.6875222597707327 0.4397164875747043 0.6847011332583873
3 419 506 507 0.6875222597707327 0.4397164875747043 0.6847011332583873
3 706 705 545 0.6875222597707327 0.4397164875747043 0.6847011332583873
3 706 545 707 0.6875222597707327 0.4397164875747043 0.6847011332583873
3 707 508 706 0.6875222597707327 0.4397164875747043 0.6847011332583873
3 508 507 706 0.6875222597707327 0.4397164875747043 0.6847011332583873
3 706 507 705 0.6875222597707327 0.4397164875747043 0.6847011332583873
3 534 681 808 0.6875222597707327 0.4397164875747043 0.6847011332583873
3 680 681 534 0.6875222597707327 0.4397164875747043 0.6847011332583873
3 587 807 534 0.6875222597707327 0.4397164875747043 0.6847011332583873
3 534 808 587 0.6875222597707327 0.4397164875747043 0.6847011332583873
3 534 807 533 0.6875222597707327 0.4397164875747043 0.6847011332583873
3 533 680 534 0.6875222597707327 0.4397164875747043 0.6847011332583873
3 933 944 945 0.6875222597707327 0.4397164875747043 0.6847011332583873
3 925 926 952 0.6875222597707327 0.4397164875747043 0.6847011332583873
3 953 954 924 0.6875222597707327 0.4397164875747043 0.6847011332583873
3 953 925 952 0.6875222597707327 0.4397164875747043 0.6847011332583873
3 924 925 953 0.6875222597707327 0.4397164875747043 0.6847011332583873
3 952 926 951 0.6875222597707327 0.4397164875747043 0.6847011332583873
3 929 926 927 0.6875222597707327 0.4397164875747043 0.6847011332583873
3 950 951 930 0.6875222597707327 0.4397164875747043 0.6847011332583873
3 930 951 926 0.6875222597707327 0.4397164875747043 0.6847011332583873
3 926 929 930 0.6875222597707327 0.4397164875747043 0.6847011332583873
3 940 941 939 0.6875222597707327 0.4397164875747043 0.6847011332583873
3 934 944 933 0.6875222597707327 0.4397164875747043 0.6847011332583873
3 938 941 936 0.6875222597707327 0.4397164875747043 0.6847011332583873
3 938 939 941 0.6875222597707327 0.4397164875747043 0.6847011332583873
3 936 941 942 0.6875222597707327 0.4397164875747043 0.6847011332583873
3 942 935 936 0.6875222597707327 0.4397164875747043 0.6847011332583873
3 920 922 955 0.6875222597707327 0.4397164875747043 0.6847011332583873
3 924 954 923 0.6875222597707327 0.4397164875747043 0.6847011332583873
3 954 955 923 0.6875222597707327 0.4397164875747043 0.6847011332583873
3 923 955 922 0.6875222597707327 0.4397164875747043 0.6847011332583873
3 949 950 931 0.6875222597707327 0.4397164875747043 0.6847011332583873
3 950 930 931 0.6875222597707327 0.4397164875747043 0.6847011332583873
3 943 934 935 0.6875222597707327 0.4397164875747043 0.6847011332583873
3 935 942 943 0.6875222597707327 0.4397164875747043 0.6847011332583873
3 944 934 943 0.6875222597707327 0.4397164875747043 0.6847011332583873
3 949 931 946 0.6875222597707327 0.4397164875747043 0.6847011332583873
3 947 949 946 0.6875222597707327 0.4397164875747043 0.6847011332583873
3 945 946 932 0.6875222597707327 0.4397164875747043 0.6847011332583873
3 932 946 931 0.6875222597707327 0.4397164875747043 0.6847011332583873
3 933 945 932 0.6875222597707327 0.4397164875747043 0.6847011332583873
3 988 971 970 0.6875222597707327 0.4397164875747043 0.6847011332583873
3 957 971 990 0.6875222597707327 0.4397164875747043 0.6847011332583873
3 978 988 970 0.6875222597707327 0.4397164875747043 0.6847011332583873
3 971 988 979 0.6875222597707327 0.4397164875747043 0.6847011332583873
3 979 990 971 0.6875222597707327 0.4397164875747043 0.6847011332583873
3 991 990 979 0.6875222597707327 0.4397164875747043 0.6847011332583873
3 976 984 964 0.6875222597707327 0.4397164875747043 0.6847011332583873
3 964 984 965 0.6875222597707327 0.4397164875747043 0.6847011332583873
3 965 984 977 0.6875222597707327 0.4397164875747043 0.6847011332583873
3 984 976 985 0.6875222597707327 0.4397164875747043 0.6847011332583873
3 984 985 989 0.6875222597707327 0.4397164875747043 0.6847011332583873
3 989 985 994 0.6875222597707327 0.4397164875747043 0.6847011332583873
3 989 979 988 0.6875222597707327 0.4397164875747043 0.6847011332583873
3 994 991 989 0.6875222597707327 0.4397164875747043 0.6847011332583873
3 991 979 989 0.6875222597707327 0.4397164875747043 0.6847011332583873
3 964 963 982 0.6875222597707327 0.4397164875747043 0.6847011332583873
3 982 976 964 0.6875222597707327 0.4397164875747043 0.6847011332583873
3 987 978 977 0.6875222597707327 0.4397164875747043 0.6847011332583873
3 988 978 987 0.6875222597707327 0.4397164875747043 0.6847011332583873
3 987 989 988 0.6875222597707327 0.4397164875747043 0.6847011332583873
3 977 984 987 0.6875222597707327 0.4397164875747043 0.6847011332583873
3 984 989 987 0.6875222597707327 0.4397164875747043 0.6847011332583873
3 969 978 970 0.6875222597707327 0.4397164875747043 0.6847011332583873
3 986 978 969 0.6875222597707327 0.4397164875747043 0.6847011332583873
3 967 986 969 0.6875222597707327 0.4397164875747043 0.6847011332583873
3 966 965 977 0.6875222597707327 0.4397164875747043 0.6847011332583873
3 977 978 966 0.6875222597707327 0.4397164875747043 0.6847011332583873
3 966 978 986 0.6875222597707327 0.4397164875747043 0.6847011332583873
3 966 986 967 0.6875222597707327 0.4397164875747043 0.6847011332583873
3 983 982 981 0.6875222597707327 0.4397164875747043 0.6847011332583873
3 976 982 983 0.6875222597707327 0.4397164875747043 0.6847011332583873
3 983 991 994 0.6875222597707327 0.4397164875747043 0.6847011332583873
3 983 981 991 0.6875222597707327 0.4397164875747043 0.6847011332583873
3 994 985 983 0.6875222597707327 0.4397164875747043 0.6847011332583873
3 983 985 976 0.6875222597707327 0.4397164875747043 0.6847011332583873
3 975 963 962 0.6875222597707327 0.4397164875747043 0.6847011332583873
3 975 982 963 0.6875222597707327 0.4397164875747043 0.6847011332583873
3 981 982 975 0.6875222597707327 0.4397164875747043 0.6847011332583873
3 975 980 981 0.6875222597707327 0.4397164875747043 0.6847011332583873
3 980 960 959 0.6875222597707327 0.4397164875747043 0.6847011332583873
3 974 960 980 0.6875222597707327 0.4397164875747043 0.6847011332583873
3 974 975 962 0.6875222597707327 0.4397164875747043 0.6847011332583873
3 980 975 974 0.6875222597707327 0.4397164875747043 0.6847011332583873
3 974 962 961 0.6875222597707327 0.4397164875747043 0.6847011332583873
3 961 960 974 0.6875222597707327 0.4397164875747043 0.6847011332583873
3 981 980 973 0.6875222597707327 0.4397164875747043 0.6847011332583873
3 980 959 973 0.6875222597707327 0.4397164875747043 0.6847011332583873
3 991 981 973 0.6875222597707327 0.4397164875747043 0.6847011332583873
3 973 990 991 0.6875222597707327 0.4397164875747043 0.6847011332583873
3 957 990 973 0.6875222597707327 0.4397164875747043 0.6847011332583873
3 973 959 957 0.6875222597707327 0.4397164875747043 0.6847011332583873
