OFF
866 1623 0


28.1481 32.0571 10.9602
28.1481 32.0571 10.9602
28.1359 32.0693 10.9662
28.1481 32.0571 10.9602
28.1481 32.0571 10.9602
28.235 31.9667 10.9013
28.3111 31.888 10.8488
28.3793 31.818 10.8012
28.4415 31.7545 10.7572
28.4994 31.6958 10.7157
28.5541 31.6406 10.676
28.6068 31.5878 10.6373
28.6582 31.5365 10.5991
28.7092 31.4859 10.5608
28.7606 31.4352 10.5217
28.8133 31.3837 10.4813
28.868 31.3304 10.4388
28.9257 31.2745 10.3933
28.9878 31.2148 10.3439
29.0557 31.15 10.2891
29.1315 31.0784 10.2271
29.2178 30.9974 10.1555
29.2178 30.9974 10.1555
29.2359 30.9686 10.0795
29.2546 30.9398 10.0036
29.1897 30.9659 9.8783
29.1309 30.9902 9.7648
29.0769 31.0131 9.6607
29.0268 31.0349 9.5642
28.9799 31.0559 9.4738
28.9356 31.0763 9.3884
28.8933 31.0963 9.3071
28.8526 31.116 9.2289
28.8131 31.1356 9.1531
28.7746 31.1553 9.0791
28.7366 31.1752 9.0063
28.699 31.1955 8.9341
28.6614 31.2163 8.8621
28.6235 31.2377 8.7896
28.5852 31.26 8.7161
28.5459 31.2834 8.6412
28.5056 31.308 8.564
28.4637 31.3342 8.4841
28.4198 31.3622 8.4005
28.3736 31.3924 8.3123
28.3243 31.4253 8.2185
28.2714 31.4614 8.1177
28.2139 31.5014 8.0083
28.1506 31.5462 7.8881
28.1506 31.5462 7.8881
28.0366 31.6426 7.8692
27.9575 31.7099 7.8522
27.8925 31.7656 7.836
27.8314 31.8182 7.8189
27.7669 31.8739 7.7989
27.6898 31.941 7.7727
27.5813 32.0358 7.7316
27.5813 32.0358 7.7316
27.5003 32.1164 7.8212
27.4322 32.185 7.8971
27.373 32.2455 7.9635
27.3199 32.3003 8.0236
27.2709 32.3514 8.0793
27.2245 32.4003 8.1325
27.1795 32.4481 8.1843
27.1346 32.4962 8.2362
27.0889 32.5456 8.2894
27.0412 32.5977 8.3452
26.9901 32.6541 8.4055
26.9337 32.7168 8.4722
26.8697 32.7888 8.5486
26.7945 32.8743 8.639
26.7945 32.8743 8.639
26.855 32.8316 8.7645
26.911 32.7926 8.8794
26.9633 32.7566 8.9853
27.0126 32.723 9.084
27.0594 32.6916 9.1765
27.1042 32.6618 9.264
27.1474 32.6335 9.3474
27.1894 32.6064 9.4272
27.2304 32.5802 9.5043
27.2707 32.5547 9.5792
27.3107 32.5299 9.6523
27.3504 32.5055 9.7241
27.3902 32.4813 9.7951
27.4303 32.4573 9.8658
27.471 32.4334 9.9364
27.5124 32.4092 10.0075
27.5549 32.3848 10.0794
27.5987 32.3599 10.1525
27.6441 32.3345 10.2275
27.6915 32.3083 10.3047
27.7413 32.2811 10.3848
27.7939 32.2527 10.4684
27.85 32.2228 10.5563
27.9101 32.1912 10.6494
27.9751 32.1575 10.7488
28.0458 32.1211 10.8559
28.1236 32.0816 10.9723
28.4894 31.6617 10.5371
28.4327 31.6806 10.4147
28.3824 31.6977 10.3052
28.3372 31.7133 10.2063
28.5828 31.5686 10.4697
28.5166 31.5971 10.3555
28.4577 31.6229 10.2533
28.4047 31.6464 10.1607
28.6741 31.4781 10.4007
28.5983 31.5161 10.294
28.5308 31.5503 10.1986
28.4702 31.5814 10.1122
28.7689 31.3848 10.3258
28.6824 31.4329 10.2265
28.6057 31.4759 10.138
28.5368 31.515 10.0581
29.0848 31.0692 9.9995
28.9564 31.1554 9.9312
28.8451 31.2308 9.8716
28.747 31.2979 9.8187
27.8988 31.7727 8.0087
27.9047 31.7792 8.1585
27.9103 31.7853 8.2907
27.9157 31.791 8.4092
27.7877 31.8689 7.9807
27.806 31.8649 8.1373
27.8225 31.8617 8.2747
27.8376 31.8591 8.3972
27.3495 32.2918 8.2307
27.4178 32.2405 8.3616
27.4783 32.1956 8.4766
27.5326 32.1559 8.5791
27.2689 32.3772 8.324
27.3467 32.3162 8.4448
27.4155 32.2627 8.551
27.4772 32.2153 8.6457
27.19 32.4626 8.4183
27.2777 32.3912 8.5297
27.3551 32.3288 8.6273
27.4243 32.2734 8.7142
28.3881 31.7635 10.6069
28.3415 31.7716 10.4749
28.3004 31.7791 10.3572
28.2636 31.7861 10.2512
28.2304 31.7926 10.1544
28.8734 31.2829 10.2392
28.7741 31.3425 10.1479
28.6866 31.3956 10.0669
28.6083 31.4435 9.9941
28.5375 31.4874 9.9278
28.8458 31.1456 9.389
28.7644 31.209 9.3895
28.6898 31.2675 9.3898
28.6207 31.3221 9.39
28.5562 31.3735 9.3901
28.7744 31.1788 9.2433
28.7026 31.2368 9.2565
28.6362 31.2909 9.2687
28.5742 31.3418 9.2801
28.5159 31.3902 9.2907
28.7055 31.2129 9.1057
28.6417 31.2665 9.1303
28.5823 31.3168 9.1532
28.5265 31.3645 9.1748
28.4737 31.4099 9.1952
28.6374 31.2488 8.9723
28.5804 31.2986 9.0078
28.527 31.3456 9.0411
28.4768 31.3902 9.0724
28.4292 31.4328 9.1023
28.5683 31.2875 8.8397
28.5172 31.334 8.8863
28.4694 31.3778 8.93
28.4243 31.4195 8.9713
28.3817 31.4593 9.0106
28.4964 31.33 8.7045
28.4507 31.3734 8.7633
28.4081 31.4142 8.8183
28.3682 31.453 8.87
28.3304 31.4899 8.9192
27.3929 32.2464 8.1816
27.4563 32.2001 8.3181
27.5124 32.1598 8.4379
27.5628 32.124 8.5447
27.6086 32.092 8.641
27.105 32.5565 8.5232
27.2043 32.4728 8.6244
27.2914 32.4 8.7128
27.369 32.3356 8.7911
27.439 32.278 8.8614
27.1149 32.6279 9.1172
27.206 32.5436 9.1467
27.288 32.468 9.1731
27.3627 32.3997 9.1969
27.4313 32.3373 9.2187
27.1917 32.5785 9.277
27.2708 32.5034 9.2887
27.3431 32.4352 9.2993
27.4097 32.3728 9.3089
27.4714 32.3152 9.3177
27.265 32.5322 9.4237
27.3342 32.4646 9.4205
27.398 32.4026 9.4175
27.4573 32.3452 9.4146
27.5127 32.2919 9.4119
27.3364 32.4879 9.5614
27.397 32.4265 9.5451
27.4533 32.3697 9.5298
27.506 32.3169 9.5156
27.5555 32.2675 9.5022
27.4075 32.4446 9.6934
27.4604 32.3884 9.6648
27.5099 32.3362 9.6383
27.5563 32.2874 9.6133
27.6001 32.2416 9.5898
27.4796 32.4015 9.8223
27.5255 32.3497 9.782
27.5684 32.3016 9.7443
27.6088 32.2565 9.709
27.6469 32.2142 9.6756
27.5543 32.3576 9.9509
27.5933 32.3098 9.8984
27.6297 32.2654 9.8495
27.6641 32.2238 9.8036
27.6965 32.1848 9.7603
27.6331 32.312 10.0816
27.6651 32.2679 10.0161
27.6949 32.227 9.9552
27.7229 32.1889 9.8982
27.7493 32.1532 9.8447
27.7179 32.2638 10.2172
27.7423 32.2231 10.1369
27.7649 32.1858 10.0628
27.7862 32.1512 9.9939
27.8061 32.119 9.9295
27.8111 32.2116 10.3607
27.8268 32.1746 10.263
27.8413 32.1409 10.1738
27.8549 32.11 10.0915
27.8677 32.0815 10.0152
28.2709 31.8821 10.6836
28.2362 31.8772 10.5394
28.2058 31.8731 10.4117
28.1789 31.8697 10.2973
28.1547 31.8668 10.1934
28.1329 31.8644 10.0982
29.052 31.0615 9.8249
28.9333 31.1447 9.7786
28.829 31.2183 9.7376
28.7359 31.2845 9.7008
28.6518 31.345 9.6672
28.5748 31.4008 9.6363
28.9629 31.0959 9.6338
28.8621 31.1697 9.6099
28.7717 31.2364 9.5883
28.6896 31.2974 9.5685
28.6143 31.354 9.5502
28.5444 31.407 9.533
28.8832 31.1292 9.4664
28.7961 31.1956 9.4596
28.7168 31.2566 9.4533
28.6437 31.3132 9.4474
28.5758 31.3662 9.4418
28.5122 31.4164 9.4364
28.4196 31.3778 8.5632
28.3792 31.4181 8.6361
28.3419 31.4559 8.7037
28.3072 31.4915 8.7671
28.2746 31.5253 8.827
28.2438 31.5578 8.884
28.3352 31.4328 8.4114
28.3006 31.4698 8.5015
28.2691 31.5041 8.5843
28.24 31.5362 8.6612
28.2131 31.5665 8.7332
28.1878 31.5953 8.8012
27.9567 31.723 8.0214
27.9563 31.7348 8.1686
27.9564 31.7455 8.2987
27.9568 31.7554 8.4154
27.9575 31.7647 8.5216
27.9586 31.7735 8.6193
27.4401 32.1976 8.1292
27.4983 32.1567 8.272
27.5497 32.121 8.3972
27.5959 32.0896 8.5086
27.6379 32.0614 8.609
27.6766 32.036 8.7007
27.0036 32.6711 8.6529
27.1181 32.5711 8.7417
27.2177 32.4846 8.8186
27.3059 32.4087 8.8863
27.385 32.3411 8.9467
27.4568 32.2802 9.0013
26.9882 32.7112 8.8406
27.1029 32.6082 8.9058
27.2033 32.5185 8.9627
27.2925 32.4394 9.0129
27.3728 32.3686 9.0578
27.446 32.3047 9.0985
27.0745 32.6542 9.0308
27.1726 32.5644 9.0707
27.2602 32.4846 9.1061
27.3393 32.413 9.138
27.4116 32.348 9.1669
27.4782 32.2886 9.1934
27.9156 32.1539 10.516
27.9208 32.1209 10.397
27.9257 32.0913 10.2898
27.9304 32.0646 10.1921
27.9349 32.0402 10.1025
27.9393 32.0179 10.0194
28.0358 32.0885 10.6882
28.0274 32.0604 10.542
28.0203 32.0358 10.4126
28.0142 32.0139 10.2968
28.009 31.9944 10.1918
28.0044 31.9767 10.0957
28.2028 31.9515 10.7263
28.1751 31.9386 10.5745
28.1511 31.9274 10.4407
28.13 31.9178 10.3213
28.1112 31.9093 10.2134
28.0943 31.9017 10.1147
28.079 31.895 10.0238
28.9961 31.1643 10.132
28.88 31.2386 10.0501
28.7787 31.304 9.9781
28.6888 31.3626 9.914
28.608 31.4159 9.8559
28.5344 31.4648 9.8026
28.4666 31.5105 9.7532
28.2399 31.4978 8.2436
28.2122 31.5307 8.3559
28.1873 31.5607 8.4576
28.1649 31.5885 8.5506
28.1445 31.6144 8.6368
28.1256 31.639 8.7173
28.1081 31.6624 8.7932
28.1287 31.5769 8.0519
28.11 31.604 8.1943
28.0938 31.6282 8.3204
28.0797 31.6504 8.4337
28.0671 31.6708 8.5368
28.0559 31.69 8.6318
28.0457 31.7081 8.7204
27.4928 32.1437 8.0718
27.5452 32.1086 8.222
27.5915 32.0782 8.3532
27.633 32.0514 8.4698
27.6708 32.0275 8.5748
27.7056 32.006 8.6705
27.738 31.9864 8.7587
27.6256 32.0108 7.9322
27.6636 31.99 8.1025
27.697 31.9723 8.2499
27.7269 31.9571 8.3799
27.754 31.9437 8.4962
27.779 31.9318 8.6017
27.8023 31.9212 8.6986
27.8244 31.9115 8.7886
28.5367 31.6145 10.5034
28.4752 31.6383 10.3851
28.4206 31.6597 10.2794
28.3715 31.6794 10.1837
28.3268 31.6976 10.0961
28.2859 31.7146 10.0151
28.248 31.7307 9.9397
28.2127 31.746 9.8686
28.1795 31.7607 9.8013
28.7207 31.4321 10.3643
28.6397 31.475 10.2613
28.5678 31.5135 10.1693
28.5031 31.5486 10.0861
28.4443 31.5809 10.01
28.3903 31.6109 9.9396
28.3402 31.6391 9.8739
28.2934 31.6659 9.812
28.2492 31.6915 9.7533
29.1016 31.0435 9.9327
28.9716 31.1324 9.8721
28.8589 31.2101 9.8192
28.7595 31.2792 9.7722
28.6704 31.3418 9.7298
28.5895 31.3992 9.6911
28.5151 31.4525 9.6551
28.4459 31.5026 9.6214
28.3808 31.5502 9.5895
27.2297 32.4194 8.3705
27.3124 32.3533 8.4866
27.3853 32.2955 8.5885
27.4507 32.2442 8.6793
27.5101 32.1981 8.7612
27.5646 32.1562 8.8359
27.6151 32.1178 8.9047
27.6625 32.0823 8.9687
27.7072 32.0491 9.0288
28.4402 31.7111 10.5714
28.3884 31.7248 10.4444
28.3426 31.7372 10.3311
28.3015 31.7487 10.2287
28.2642 31.7594 10.1351
28.2302 31.7694 10.0489
28.1988 31.779 9.9686
28.1696 31.7881 9.8932
28.1422 31.797 9.8219
28.1164 31.8056 9.754
28.9318 31.2263 10.1889
28.8247 31.2928 10.1021
28.7308 31.3516 10.0253
28.6471 31.4046 9.9566
28.5716 31.4529 9.8942
28.5025 31.4975 9.8367
28.4388 31.5391 9.7834
28.3793 31.5784 9.7332
28.3233 31.6159 9.6856
28.2701 31.6519 9.6401
28.9221 31.1126 9.5477
28.8286 31.1825 9.5329
28.744 31.2462 9.5193
28.6667 31.305 9.5068
28.5952 31.3597 9.495
28.5285 31.4113 9.484
28.4657 31.4603 9.4734
28.406 31.5072 9.4632
28.349 31.5525 9.4534
28.2939 31.5967 9.4438
28.7398 31.1957 9.1737
28.6722 31.2514 9.1928
28.6094 31.3035 9.2104
28.5506 31.3528 9.227
28.495 31.3996 9.2426
28.4423 31.4446 9.2574
28.3917 31.4879 9.2717
28.3431 31.5301 9.2853
28.2959 31.5713 9.2986
28.2498 31.6119 9.3115
28.6031 31.2677 8.9061
28.5491 31.3158 8.9471
28.4986 31.3612 8.9855
28.451 31.4043 9.0218
28.4058 31.4456 9.0563
28.3627 31.4854 9.0894
28.3213 31.5239 9.1213
28.2813 31.5615 9.1522
28.2424 31.5984 9.1823
28.2044 31.6349 9.2119
28.4587 31.3531 8.6349
28.4157 31.395 8.7004
28.3757 31.4343 8.7615
28.3384 31.4715 8.8189
28.3032 31.507 8.8733
28.2698 31.5411 8.9252
28.2379 31.574 8.975
28.2072 31.6061 9.0232
28.1775 31.6375 9.0701
28.1486 31.6685 9.1161
27.7199 31.928 7.9614
27.7462 31.9172 8.1232
27.7696 31.9081 8.2645
27.7908 31.9004 8.3899
27.8102 31.8937 8.5028
27.8283 31.8878 8.6058
27.8454 31.8827 8.7008
27.8617 31.8781 8.7895
27.8773 31.8741 8.8731
27.8925 31.8705 8.9526
27.0572 32.6101 8.5837
27.1634 32.519 8.6791
27.2563 32.44 8.7622
27.3388 32.3702 8.8356
27.4131 32.308 8.9013
27.4808 32.2517 8.9608
27.5432 32.2004 9.0153
27.6012 32.153 9.0656
27.6556 32.109 9.1126
27.7072 32.0677 9.1568
27.0324 32.6819 8.9389
27.1383 32.5859 8.9906
27.232 32.5015 9.0362
27.3159 32.4262 9.0767
27.3921 32.3585 9.1133
27.4619 32.2968 9.1467
27.5265 32.2402 9.1773
27.5867 32.1877 9.2058
27.6434 32.1388 9.2323
27.6971 32.0927 9.2574
27.2287 32.555 9.3517
27.3026 32.4839 9.3557
27.3705 32.4189 9.3592
27.4334 32.3591 9.3624
27.4919 32.3037 9.3653
27.5468 32.252 9.368
27.5985 32.2036 9.3705
27.6476 32.1579 9.3728
27.6945 32.1146 9.375
27.7393 32.0734 9.377
27.3719 32.4662 9.6279
27.4286 32.4075 9.6054
27.4814 32.353 9.5844
27.5309 32.3023 9.5648
27.5776 32.2547 9.5463
27.6217 32.2099 9.5288
27.6637 32.1676 9.5122
27.7038 32.1273 9.4963
27.7424 32.0889 9.4811
27.7795 32.0521 9.4665
27.5166 32.3797 9.8865
27.559 32.3299 9.8402
27.5987 32.2837 9.7969
27.636 32.2404 9.7563
27.6713 32.1998 9.7181
27.7049 32.1614 9.6818
27.7369 32.125 9.6473
27.7676 32.0903 9.6143
27.7971 32.0572 9.5827
27.8256 32.0255 9.5522
27.6746 32.2883 10.1486
27.7029 32.2459 10.076
27.7292 32.2068 10.0087
27.7539 32.1704 9.9459
27.7772 32.1365 9.887
27.7993 32.1046 9.8315
27.8203 32.0746 9.779
27.8405 32.0461 9.7289
27.8598 32.019 9.6811
27.8786 31.9931 9.6351
27.8617 32.1836 10.4366
27.8724 32.1485 10.3289
27.8824 32.1167 10.231
27.8917 32.0879 10.1414
27.9005 32.0614 10.0586
27.9089 32.0369 9.9816
27.917 32.0142 9.9094
27.9247 31.9929 9.8414
27.9322 31.9728 9.7769
27.9396 31.9539 9.7153
28.1036 32.0521 10.7828
28.0867 32.0269 10.6198
28.0723 32.0052 10.4773
28.0598 31.9863 10.3509
28.0489 31.9695 10.2374
28.0393 31.9544 10.1342
28.0308 31.9409 10.0394
28.0231 31.9285 9.9516
28.0162 31.9171 9.8694
28.01 31.9066 9.792
28.2892 31.4638 8.3299
28.2578 31.4989 8.4304
28.2295 31.5312 8.522
28.2036 31.5613 8.6066
28.1797 31.5895 8.6854
28.1575 31.6163 8.7594
28.1368 31.642 8.8296
28.1171 31.6667 8.8968
28.0984 31.6908 8.9614
28.0805 31.7144 9.0242
28.0633 31.7377 9.0856
28.0271 31.6629 8.0353
28.0192 31.681 8.1799
28.0126 31.6973 8.3079
28.0071 31.7122 8.4229
28.0023 31.7261 8.5277
27.9983 31.7392 8.6241
27.9949 31.7516 8.714
27.992 31.7636 8.7985
27.9896 31.7753 8.8789
27.9875 31.7867 8.9559
27.9858 31.7979 9.0303
28.3321 31.82 10.644
28.2912 31.822 10.5063
28.2552 31.8241 10.384
28.2231 31.8261 10.2739
28.1942 31.8282 10.1738
28.1679 31.8303 10.0818
28.1438 31.8325 9.9965
28.1215 31.8347 9.9166
28.1007 31.837 9.8413
28.0813 31.8394 9.7697
28.0629 31.8418 9.7012
28.0454 31.8443 9.6353
28.8195 31.3354 10.2844
28.7269 31.3889 10.189
28.6451 31.4368 10.1041
28.5717 31.4801 10.0276
28.5052 31.5199 9.9578
28.4441 31.5568 9.8934
28.3876 31.5914 9.8333
28.3348 31.6241 9.7768
28.285 31.6553 9.7231
28.2376 31.6854 9.6717
28.1922 31.7146 9.6221
28.1484 31.7432 9.5738
29.006 31.0789 9.7258
28.8969 31.1571 9.6915
28.8 31.2271 9.6609
28.7127 31.2906 9.633
28.6331 31.3491 9.6074
28.5598 31.4035 9.5837
28.4915 31.4546 9.5613
28.4272 31.5032 9.5401
28.3661 31.5498 9.5197
28.3076 31.5949 9.5001
28.2512 31.639 9.4809
28.1962 31.6823 9.462
27.1488 32.5079 8.4688
27.242 32.4307 8.5752
27.324 32.3633 8.6683
27.3972 32.3036 8.7511
27.4635 32.2501 8.8255
27.5241 32.2016 8.8932
27.5802 32.1572 8.9555
27.6327 32.1162 9.0133
27.6821 32.0779 9.0673
27.729 32.0419 9.1184
27.774 32.0078 9.167
27.8174 31.9753 9.2135
27.3008 32.5099 9.4935
27.3656 32.4455 9.4835
27.4256 32.3862 9.4742
27.4815 32.3312 9.4656
27.5339 32.2799 9.4575
27.5833 32.2317 9.4498
27.6302 32.1863 9.4424
27.6749 32.1434 9.4355
27.7176 32.1025 9.4287
27.7587 32.0634 9.4223
27.7984 32.0259 9.416
27.8368 31.9897 9.4099
27.5931 32.335 10.0158
27.6286 32.2891 9.957
27.6618 32.2465 9.9022
27.693 32.2067 9.8509
27.7225 32.1693 9.8025
27.7505 32.1342 9.7568
27.7772 32.1009 9.7134
27.8027 32.0692 9.6719
27.8274 32.039 9.6322
27.8511 32.0101 9.594
27.8742 31.9822 9.5571
27.8966 31.9554 9.5213
28.6715 31.2306 9.0387
28.6112 31.2822 9.0688
28.5549 31.3308 9.0969
28.5019 31.3769 9.1234
28.4518 31.4209 9.1485
28.4039 31.4633 9.1726
28.358 31.5043 9.1957
28.3136 31.5443 9.218
28.2705 31.5835 9.2398
28.2283 31.6222 9.2612
28.1869 31.6605 9.2822
28.1459 31.6988 9.303
28.1051 31.7372 9.3238
28.3785 31.4042 8.4889
28.341 31.443 8.5699
28.3064 31.4791 8.6448
28.2745 31.513 8.7146
28.2446 31.5451 8.7804
28.2165 31.5759 8.8427
28.1898 31.6054 8.9023
28.1644 31.6341 8.9597
28.1399 31.6622 9.0153
28.1162 31.6898 9.0696
28.0932 31.7171 9.1229
28.0706 31.7443 9.1755
28.0483 31.7715 9.2279
27.8446 31.8195 7.9956
27.8565 31.8209 8.1484
27.8674 31.8225 8.283
27.8775 31.8243 8.4033
27.887 31.8261 8.5123
27.896 31.8281 8.6123
27.9048 31.8301 8.7051
27.9133 31.8323 8.792
27.9217 31.8347 8.8742
27.93 31.8371 8.9528
27.9383 31.8397 9.0285
27.9466 31.8425 9.102
27.9551 31.8454 9.174
27.3085 32.335 8.2778
27.3816 32.2788 8.4035
27.4463 32.2297 8.514
27.5043 32.1861 8.6125
27.5571 32.1469 8.7014
27.6056 32.1113 8.7826
27.6507 32.0787 8.8576
27.6931 32.0485 8.9274
27.7332 32.0203 8.993
27.7715 31.9938 9.0552
27.8084 31.9686 9.1145
27.8442 31.9445 9.1717
27.8792 31.9213 9.2271
27.1539 32.6027 9.1991
27.2387 32.5233 9.2192
27.3156 32.4516 9.2373
27.3861 32.3863 9.2538
27.4512 32.3264 9.2689
27.5117 32.271 9.2829
27.5685 32.2194 9.2959
27.622 32.171 9.308
27.6729 32.1254 9.3195
27.7214 32.0821 9.3303
27.768 32.0409 9.3406
27.813 32.0013 9.3505
27.8566 31.9633 9.36
27.9735 32.1224 10.5996
27.9723 32.0916 10.4679
27.9716 32.0644 10.3502
27.9712 32.04 10.2439
27.971 32.0179 10.1468
27.9711 31.9978 10.0575
27.9715 31.9793 9.9745
27.972 31.9622 9.8969
27.9727 31.9463 9.8237
27.9735 31.9313 9.7542
27.9745 31.9172 9.6879
27.9757 31.9038 9.6242
27.977 31.891 9.5626
28.6284 31.5233 10.4356
28.5574 31.5566 10.3252
28.4943 31.5865 10.2264
28.4375 31.6139 10.137
28.3858 31.6391 10.0551
28.3384 31.6627 9.9793
28.2944 31.6848 9.9086
28.2533 31.7059 9.842
28.2146 31.726 9.7788
28.1778 31.7455 9.7183
28.1427 31.7644 9.6601
28.1089 31.7829 9.6035
28.0761 31.8012 9.5483
28.0442 31.8193 9.494
28.8096 31.1621 9.3149
28.7333 31.2227 9.3219
28.663 31.2789 9.3284
28.5976 31.3316 9.3343
28.5362 31.3815 9.3398
28.4782 31.429 9.345
28.423 31.4746 9.3499
28.37 31.5188 9.3545
28.3189 31.5618 9.359
28.2691 31.604 9.3632
28.2204 31.6457 9.3673
28.1725 31.6871 9.3713
28.1249 31.7286 9.3753
28.0775 31.7702 9.3791
28.1867 31.5353 8.1513
28.1631 31.5655 8.2775
28.1423 31.5929 8.3905
28.1237 31.6181 8.4931
28.107 31.6415 8.5873
28.0918 31.6635 8.6748
28.0778 31.6844 8.7568
28.0648 31.7044 8.8345
28.0527 31.7238 8.9088
28.0412 31.7428 8.9803
28.0304 31.7615 9.0499
28.0201 31.78 9.118
28.0101 31.7985 9.1852
28.0005 31.8172 9.2521
27.7633 32.2383 10.2877
27.7835 32.1994 10.1992
27.8022 32.1638 10.1178
27.8198 32.1311 10.0424
27.8363 32.1007 9.9722
27.8519 32.0723 9.9063
27.8668 32.0458 9.8443
27.881 32.0207 9.7854
27.8947 31.997 9.7293
27.908 31.9744 9.6756
27.9209 31.9528 9.6239
27.9335 31.932 9.574
27.9458 31.912 9.5255
27.958 31.8927 9.4783
28.1253 32.0306 10.7733
28.106 32.0081 10.6124
28.0894 31.9887 10.4714
28.075 31.9718 10.3463
28.0624 31.9567 10.2337
28.0512 31.9433 10.1313
28.0412 31.9312 10.0371
28.0321 31.9201 9.9498
28.0239 31.91 9.8681
28.0165 31.9007 9.791
28.0096 31.892 9.7177
28.0032 31.8839 9.6475
27.9974 31.8762 9.5798
27.9919 31.869 9.5141
27.9867 31.8621 9.4499
29.0682 31.0951 10.0662
28.9411 31.1788 9.99
28.8311 31.2519 9.9236
28.7341 31.3169 9.8647
28.6473 31.3757 9.8116
28.5685 31.4296 9.7631
28.4962 31.4796 9.7182
28.429 31.5266 9.6763
28.366 31.5712 9.6365
28.3062 31.6139 9.5986
28.2489 31.6553 9.562
28.1936 31.6958 9.5263
28.1398 31.7357 9.4913
28.0868 31.7754 9.4565
28.0344 31.8152 9.4218
28.5329 31.3081 8.7727
28.4844 31.3531 8.8252
28.4393 31.3954 8.8744
28.3968 31.4356 8.9208
28.3566 31.4741 8.9649
28.3182 31.5111 9.0072
28.2815 31.547 9.0479
28.246 31.582 9.0873
28.2115 31.6164 9.1258
28.1779 31.6503 9.1635
28.1448 31.684 9.2007
28.1122 31.7176 9.2377
28.0798 31.7514 9.2746
28.0474 31.7855 9.3116
28.0148 31.8201 9.3489
27.5534 32.0826 8.0072
27.5993 32.054 8.1662
27.6397 32.0294 8.3047
27.6759 32.0079 8.4274
27.7088 31.9889 8.5375
27.7391 31.9718 8.6378
27.7674 31.9564 8.7301
27.794 31.9422 8.8159
27.8194 31.9291 8.8966
27.8438 31.9169 8.9732
27.8675 31.9055 9.0465
27.8906 31.8947 9.1172
27.9135 31.8844 9.1861
27.9362 31.8744 9.2536
27.9589 31.8648 9.3203
26.9415 32.7426 8.7347
27.0662 32.6314 8.8155
27.1741 32.5359 8.8851
27.2691 32.4525 8.946
27.3538 32.3785 9.0001
27.4304 32.3122 9.0487
27.5005 32.252 9.0929
27.5653 32.1967 9.1335
27.6258 32.1456 9.1711
27.6828 32.0979 9.2064
27.737 32.053 9.2396
27.7889 32.0104 9.2712
27.8389 31.9697 9.3015
27.8875 31.9305 9.3307
27.9351 31.8925 9.3591
27.4433 32.4231 9.7581
27.4927 32.3692 9.7236
27.5388 32.319 9.6915
27.5822 32.2722 9.6613
27.6232 32.2281 9.6329
27.6621 32.1866 9.606
27.6992 32.1472 9.5803
27.7347 32.1097 9.5559
27.7688 32.0738 9.5324
27.8017 32.0395 9.5097
27.8336 32.0064 9.4879
27.8646 31.9745 9.4667
27.8948 31.9436 9.4461
27.9243 31.9135 9.4259
27.9534 31.8842 9.4062
27.9819 31.8555 9.3868
3 246 26 25 0.6362642394556397 0.5133209206534813 0.09872027780882575
3 71 70 73 0.6362642394556397 0.5133209206534813 0.09872027780882575
3 58 57 353 0.6362642394556397 0.5133209206534813 0.09872027780882575
3 57 55 353 0.6362642394556397 0.5133209206534813 0.09872027780882575
3 790 23 22 0.6362642394556397 0.5133209206534813 0.09872027780882575
3 145 17 581 0.6362642394556397 0.5133209206534813 0.09872027780882575
3 7 569 8 0.6362642394556397 0.5133209206534813 0.09872027780882575
3 140 8 569 0.6362642394556397 0.5133209206534813 0.09872027780882575
3 9 8 140 0.6362642394556397 0.5133209206534813 0.09872027780882575
3 457 55 54 0.6362642394556397 0.5133209206534813 0.09872027780882575
3 457 353 55 0.6362642394556397 0.5133209206534813 0.09872027780882575
3 270 44 43 0.6362642394556397 0.5133209206534813 0.09872027780882575
3 271 270 654 0.6362642394556397 0.5133209206534813 0.09872027780882575
3 654 270 43 0.6362642394556397 0.5133209206534813 0.09872027780882575
3 393 685 686 0.6362642394556397 0.5133209206534813 0.09872027780882575
3 184 685 684 0.6362642394556397 0.5133209206534813 0.09872027780882575
3 684 131 184 0.6362642394556397 0.5133209206534813 0.09872027780882575
3 351 825 826 0.6362642394556397 0.5133209206534813 0.09872027780882575
3 593 26 246 0.6362642394556397 0.5133209206534813 0.09872027780882575
3 27 26 593 0.6362642394556397 0.5133209206534813 0.09872027780882575
3 24 23 379 0.6362642394556397 0.5133209206534813 0.09872027780882575
3 379 25 24 0.6362642394556397 0.5133209206534813 0.09872027780882575
3 246 25 379 0.6362642394556397 0.5133209206534813 0.09872027780882575
3 379 380 246 0.6362642394556397 0.5133209206534813 0.09872027780882575
3 100 101 361 0.6362642394556397 0.5133209206534813 0.09872027780882575
3 109 108 719 0.6362642394556397 0.5133209206534813 0.09872027780882575
3 18 17 145 0.6362642394556397 0.5133209206534813 0.09872027780882575
3 20 790 22 0.6362642394556397 0.5133209206534813 0.09872027780882575
3 325 790 20 0.6362642394556397 0.5133209206534813 0.09872027780882575
3 20 19 325 0.6362642394556397 0.5133209206534813 0.09872027780882575
3 112 582 581 0.6362642394556397 0.5133209206534813 0.09872027780882575
3 398 101 100 0.6362642394556397 0.5133209206534813 0.09872027780882575
3 398 399 101 0.6362642394556397 0.5133209206534813 0.09872027780882575
3 142 141 571 0.6362642394556397 0.5133209206534813 0.09872027780882575
3 571 572 142 0.6362642394556397 0.5133209206534813 0.09872027780882575
3 399 398 142 0.6362642394556397 0.5133209206534813 0.09872027780882575
3 142 398 141 0.6362642394556397 0.5133209206534813 0.09872027780882575
3 569 241 570 0.6362642394556397 0.5133209206534813 0.09872027780882575
3 570 140 569 0.6362642394556397 0.5133209206534813 0.09872027780882575
3 141 140 570 0.6362642394556397 0.5133209206534813 0.09872027780882575
3 571 141 570 0.6362642394556397 0.5133209206534813 0.09872027780882575
3 9 140 397 0.6362642394556397 0.5133209206534813 0.09872027780882575
3 100 10 397 0.6362642394556397 0.5133209206534813 0.09872027780882575
3 397 10 9 0.6362642394556397 0.5133209206534813 0.09872027780882575
3 397 398 100 0.6362642394556397 0.5133209206534813 0.09872027780882575
3 397 140 141 0.6362642394556397 0.5133209206534813 0.09872027780882575
3 141 398 397 0.6362642394556397 0.5133209206534813 0.09872027780882575
3 62 61 180 0.6362642394556397 0.5133209206534813 0.09872027780882575
3 64 680 132 0.6362642394556397 0.5133209206534813 0.09872027780882575
3 63 680 64 0.6362642394556397 0.5133209206534813 0.09872027780882575
3 51 120 52 0.6362642394556397 0.5133209206534813 0.09872027780882575
3 276 120 51 0.6362642394556397 0.5133209206534813 0.09872027780882575
3 51 50 276 0.6362642394556397 0.5133209206534813 0.09872027780882575
3 276 50 558 0.6362642394556397 0.5133209206534813 0.09872027780882575
3 96 706 97 0.6362642394556397 0.5133209206534813 0.09872027780882575
3 97 706 312 0.6362642394556397 0.5133209206534813 0.09872027780882575
3 370 112 15 0.6362642394556397 0.5133209206534813 0.09872027780882575
3 318 6 5 0.6362642394556397 0.5133209206534813 0.09872027780882575
3 241 320 242 0.6362642394556397 0.5133209206534813 0.09872027780882575
3 571 570 242 0.6362642394556397 0.5133209206534813 0.09872027780882575
3 242 570 241 0.6362642394556397 0.5133209206534813 0.09872027780882575
3 813 812 444 0.6362642394556397 0.5133209206534813 0.09872027780882575
3 585 374 586 0.6362642394556397 0.5133209206534813 0.09872027780882575
3 586 374 375 0.6362642394556397 0.5133209206534813 0.09872027780882575
3 375 374 723 0.6362642394556397 0.5133209206534813 0.09872027780882575
3 386 600 599 0.6362642394556397 0.5133209206534813 0.09872027780882575
3 415 416 799 0.6362642394556397 0.5133209206534813 0.09872027780882575
3 705 862 628 0.6362642394556397 0.5133209206534813 0.09872027780882575
3 860 628 861 0.6362642394556397 0.5133209206534813 0.09872027780882575
3 861 628 862 0.6362642394556397 0.5133209206534813 0.09872027780882575
3 785 786 579 0.6362642394556397 0.5133209206534813 0.09872027780882575
3 36 165 37 0.6362642394556397 0.5133209206534813 0.09872027780882575
3 806 807 177 0.6362642394556397 0.5133209206534813 0.09872027780882575
3 171 807 806 0.6362642394556397 0.5133209206534813 0.09872027780882575
3 438 167 439 0.6362642394556397 0.5133209206534813 0.09872027780882575
3 271 654 655 0.6362642394556397 0.5133209206534813 0.09872027780882575
3 447 41 40 0.6362642394556397 0.5133209206534813 0.09872027780882575
3 42 654 43 0.6362642394556397 0.5133209206534813 0.09872027780882575
3 828 688 687 0.6362642394556397 0.5133209206534813 0.09872027780882575
3 829 688 828 0.6362642394556397 0.5133209206534813 0.09872027780882575
3 466 829 828 0.6362642394556397 0.5133209206534813 0.09872027780882575
3 865 834 819 0.6362642394556397 0.5133209206534813 0.09872027780882575
3 834 760 819 0.6362642394556397 0.5133209206534813 0.09872027780882575
3 759 760 679 0.6362642394556397 0.5133209206534813 0.09872027780882575
3 130 129 182 0.6362642394556397 0.5133209206534813 0.09872027780882575
3 346 60 59 0.6362642394556397 0.5133209206534813 0.09872027780882575
3 180 283 181 0.6362642394556397 0.5133209206534813 0.09872027780882575
3 182 129 181 0.6362642394556397 0.5133209206534813 0.09872027780882575
3 181 284 182 0.6362642394556397 0.5133209206534813 0.09872027780882575
3 181 283 284 0.6362642394556397 0.5133209206534813 0.09872027780882575
3 125 668 126 0.6362642394556397 0.5133209206534813 0.09872027780882575
3 182 284 285 0.6362642394556397 0.5133209206534813 0.09872027780882575
3 284 349 285 0.6362642394556397 0.5133209206534813 0.09872027780882575
3 348 349 284 0.6362642394556397 0.5133209206534813 0.09872027780882575
3 284 283 348 0.6362642394556397 0.5133209206534813 0.09872027780882575
3 356 460 357 0.6362642394556397 0.5133209206534813 0.09872027780882575
3 288 836 835 0.6362642394556397 0.5133209206534813 0.09872027780882575
3 74 73 835 0.6362642394556397 0.5133209206534813 0.09872027780882575
3 835 73 70 0.6362642394556397 0.5133209206534813 0.09872027780882575
3 70 288 835 0.6362642394556397 0.5133209206534813 0.09872027780882575
3 69 288 70 0.6362642394556397 0.5133209206534813 0.09872027780882575
3 65 64 388 0.6362642394556397 0.5133209206534813 0.09872027780882575
3 388 64 132 0.6362642394556397 0.5133209206534813 0.09872027780882575
3 357 460 461 0.6362642394556397 0.5133209206534813 0.09872027780882575
3 357 461 358 0.6362642394556397 0.5133209206534813 0.09872027780882575
3 358 461 462 0.6362642394556397 0.5133209206534813 0.09872027780882575
3 393 686 394 0.6362642394556397 0.5133209206534813 0.09872027780882575
3 394 686 687 0.6362642394556397 0.5133209206534813 0.09872027780882575
3 683 684 135 0.6362642394556397 0.5133209206534813 0.09872027780882575
3 131 684 683 0.6362642394556397 0.5133209206534813 0.09872027780882575
3 135 684 392 0.6362642394556397 0.5133209206534813 0.09872027780882575
3 392 685 393 0.6362642394556397 0.5133209206534813 0.09872027780882575
3 392 684 685 0.6362642394556397 0.5133209206534813 0.09872027780882575
3 287 686 685 0.6362642394556397 0.5133209206534813 0.09872027780882575
3 287 685 184 0.6362642394556397 0.5133209206534813 0.09872027780882575
3 825 351 350 0.6362642394556397 0.5133209206534813 0.09872027780882575
3 350 285 349 0.6362642394556397 0.5133209206534813 0.09872027780882575
3 839 291 292 0.6362642394556397 0.5133209206534813 0.09872027780882575
3 485 700 484 0.6362642394556397 0.5133209206534813 0.09872027780882575
3 482 299 841 0.6362642394556397 0.5133209206534813 0.09872027780882575
3 843 842 474 0.6362642394556397 0.5133209206534813 0.09872027780882575
3 474 475 843 0.6362642394556397 0.5133209206534813 0.09872027780882575
3 843 484 842 0.6362642394556397 0.5133209206534813 0.09872027780882575
3 485 484 843 0.6362642394556397 0.5133209206534813 0.09872027780882575
3 27 593 252 0.6362642394556397 0.5133209206534813 0.09872027780882575
3 252 593 594 0.6362642394556397 0.5133209206534813 0.09872027780882575
3 23 790 116 0.6362642394556397 0.5133209206534813 0.09872027780882575
3 116 379 23 0.6362642394556397 0.5133209206534813 0.09872027780882575
3 380 379 116 0.6362642394556397 0.5133209206534813 0.09872027780882575
3 583 114 584 0.6362642394556397 0.5133209206534813 0.09872027780882575
3 791 790 325 0.6362642394556397 0.5133209206534813 0.09872027780882575
3 791 116 790 0.6362642394556397 0.5133209206534813 0.09872027780882575
3 104 719 12 0.6362642394556397 0.5133209206534813 0.09872027780882575
3 11 10 100 0.6362642394556397 0.5133209206534813 0.09872027780882575
3 100 361 11 0.6362642394556397 0.5133209206534813 0.09872027780882575
3 11 104 12 0.6362642394556397 0.5133209206534813 0.09872027780882575
3 361 104 11 0.6362642394556397 0.5133209206534813 0.09872027780882575
3 370 108 371 0.6362642394556397 0.5133209206534813 0.09872027780882575
3 108 109 371 0.6362642394556397 0.5133209206534813 0.09872027780882575
3 371 109 372 0.6362642394556397 0.5133209206534813 0.09872027780882575
3 372 114 371 0.6362642394556397 0.5133209206534813 0.09872027780882575
3 407 18 145 0.6362642394556397 0.5133209206534813 0.09872027780882575
3 325 19 407 0.6362642394556397 0.5133209206534813 0.09872027780882575
3 19 18 407 0.6362642394556397 0.5133209206534813 0.09872027780882575
3 101 399 102 0.6362642394556397 0.5133209206534813 0.09872027780882575
3 399 400 102 0.6362642394556397 0.5133209206534813 0.09872027780882575
3 128 62 180 0.6362642394556397 0.5133209206534813 0.09872027780882575
3 129 680 128 0.6362642394556397 0.5133209206534813 0.09872027780882575
3 128 680 63 0.6362642394556397 0.5133209206534813 0.09872027780882575
3 63 62 128 0.6362642394556397 0.5133209206534813 0.09872027780882575
3 180 181 128 0.6362642394556397 0.5133209206534813 0.09872027780882575
3 128 181 129 0.6362642394556397 0.5133209206534813 0.09872027780882575
3 5 3 775 0.6362642394556397 0.5133209206534813 0.09872027780882575
3 775 318 5 0.6362642394556397 0.5133209206534813 0.09872027780882575
3 312 538 775 0.6362642394556397 0.5133209206534813 0.09872027780882575
3 776 318 775 0.6362642394556397 0.5133209206534813 0.09872027780882575
3 775 538 776 0.6362642394556397 0.5133209206534813 0.09872027780882575
3 528 527 235 0.6362642394556397 0.5133209206534813 0.09872027780882575
3 14 108 370 0.6362642394556397 0.5133209206534813 0.09872027780882575
3 370 15 14 0.6362642394556397 0.5133209206534813 0.09872027780882575
3 16 15 112 0.6362642394556397 0.5133209206534813 0.09872027780882575
3 16 581 17 0.6362642394556397 0.5133209206534813 0.09872027780882575
3 16 112 581 0.6362642394556397 0.5133209206534813 0.09872027780882575
3 6 318 240 0.6362642394556397 0.5133209206534813 0.09872027780882575
3 240 569 7 0.6362642394556397 0.5133209206534813 0.09872027780882575
3 7 6 240 0.6362642394556397 0.5133209206534813 0.09872027780882575
3 240 241 569 0.6362642394556397 0.5133209206534813 0.09872027780882575
3 319 318 776 0.6362642394556397 0.5133209206534813 0.09872027780882575
3 319 320 241 0.6362642394556397 0.5133209206534813 0.09872027780882575
3 241 240 319 0.6362642394556397 0.5133209206534813 0.09872027780882575
3 319 240 318 0.6362642394556397 0.5133209206534813 0.09872027780882575
3 235 527 94 0.6362642394556397 0.5133209206534813 0.09872027780882575
3 94 93 235 0.6362642394556397 0.5133209206534813 0.09872027780882575
3 94 527 95 0.6362642394556397 0.5133209206534813 0.09872027780882575
3 235 93 761 0.6362642394556397 0.5133209206534813 0.09872027780882575
3 95 527 306 0.6362642394556397 0.5133209206534813 0.09872027780882575
3 306 96 95 0.6362642394556397 0.5133209206534813 0.09872027780882575
3 706 96 306 0.6362642394556397 0.5133209206534813 0.09872027780882575
3 777 319 776 0.6362642394556397 0.5133209206534813 0.09872027780882575
3 320 319 777 0.6362642394556397 0.5133209206534813 0.09872027780882575
3 401 400 144 0.6362642394556397 0.5133209206534813 0.09872027780882575
3 144 402 401 0.6362642394556397 0.5133209206534813 0.09872027780882575
3 574 402 144 0.6362642394556397 0.5133209206534813 0.09872027780882575
3 574 144 573 0.6362642394556397 0.5133209206534813 0.09872027780882575
3 488 196 197 0.6362642394556397 0.5133209206534813 0.09872027780882575
3 86 850 215 0.6362642394556397 0.5133209206534813 0.09872027780882575
3 623 624 503 0.6362642394556397 0.5133209206534813 0.09872027780882575
3 210 211 850 0.6362642394556397 0.5133209206534813 0.09872027780882575
3 487 196 488 0.6362642394556397 0.5133209206534813 0.09872027780882575
3 487 80 79 0.6362642394556397 0.5133209206534813 0.09872027780882575
3 206 497 205 0.6362642394556397 0.5133209206534813 0.09872027780882575
3 82 617 205 0.6362642394556397 0.5133209206534813 0.09872027780882575
3 205 83 82 0.6362642394556397 0.5133209206534813 0.09872027780882575
3 497 83 205 0.6362642394556397 0.5133209206534813 0.09872027780882575
3 81 617 82 0.6362642394556397 0.5133209206534813 0.09872027780882575
3 804 746 803 0.6362642394556397 0.5133209206534813 0.09872027780882575
3 803 732 804 0.6362642394556397 0.5133209206534813 0.09872027780882575
3 804 819 746 0.6362642394556397 0.5133209206534813 0.09872027780882575
3 865 819 804 0.6362642394556397 0.5133209206534813 0.09872027780882575
3 731 732 803 0.6362642394556397 0.5133209206534813 0.09872027780882575
3 653 816 652 0.6362642394556397 0.5133209206534813 0.09872027780882575
3 802 731 803 0.6362642394556397 0.5133209206534813 0.09872027780882575
3 603 743 426 0.6362642394556397 0.5133209206534813 0.09872027780882575
3 604 743 603 0.6362642394556397 0.5133209206534813 0.09872027780882575
3 445 813 444 0.6362642394556397 0.5133209206534813 0.09872027780882575
3 724 375 723 0.6362642394556397 0.5133209206534813 0.09872027780882575
3 366 725 724 0.6362642394556397 0.5133209206534813 0.09872027780882575
3 586 375 587 0.6362642394556397 0.5133209206534813 0.09872027780882575
3 587 413 586 0.6362642394556397 0.5133209206534813 0.09872027780882575
3 110 373 372 0.6362642394556397 0.5133209206534813 0.09872027780882575
3 372 109 110 0.6362642394556397 0.5133209206534813 0.09872027780882575
3 797 386 796 0.6362642394556397 0.5133209206534813 0.09872027780882575
3 423 422 599 0.6362642394556397 0.5133209206534813 0.09872027780882575
3 599 600 423 0.6362642394556397 0.5133209206534813 0.09872027780882575
3 588 415 414 0.6362642394556397 0.5133209206534813 0.09872027780882575
3 797 413 414 0.6362642394556397 0.5133209206534813 0.09872027780882575
3 414 587 588 0.6362642394556397 0.5133209206534813 0.09872027780882575
3 413 587 414 0.6362642394556397 0.5133209206534813 0.09872027780882575
3 798 415 799 0.6362642394556397 0.5133209206534813 0.09872027780882575
3 797 414 798 0.6362642394556397 0.5133209206534813 0.09872027780882575
3 798 414 415 0.6362642394556397 0.5133209206534813 0.09872027780882575
3 416 415 589 0.6362642394556397 0.5133209206534813 0.09872027780882575
3 589 415 588 0.6362642394556397 0.5133209206534813 0.09872027780882575
3 426 741 425 0.6362642394556397 0.5133209206534813 0.09872027780882575
3 591 728 729 0.6362642394556397 0.5133209206534813 0.09872027780882575
3 377 589 588 0.6362642394556397 0.5133209206534813 0.09872027780882575
3 368 403 404 0.6362642394556397 0.5133209206534813 0.09872027780882575
3 715 535 536 0.6362642394556397 0.5133209206534813 0.09872027780882575
3 715 785 546 0.6362642394556397 0.5133209206534813 0.09872027780882575
3 578 785 579 0.6362642394556397 0.5133209206534813 0.09872027780882575
3 369 728 727 0.6362642394556397 0.5133209206534813 0.09872027780882575
3 369 368 404 0.6362642394556397 0.5133209206534813 0.09872027780882575
3 727 368 369 0.6362642394556397 0.5133209206534813 0.09872027780882575
3 834 848 833 0.6362642394556397 0.5133209206534813 0.09872027780882575
3 833 760 834 0.6362642394556397 0.5133209206534813 0.09872027780882575
3 679 760 833 0.6362642394556397 0.5133209206534813 0.09872027780882575
3 849 834 865 0.6362642394556397 0.5133209206534813 0.09872027780882575
3 849 848 834 0.6362642394556397 0.5133209206534813 0.09872027780882575
3 640 861 862 0.6362642394556397 0.5133209206534813 0.09872027780882575
3 640 639 860 0.6362642394556397 0.5133209206534813 0.09872027780882575
3 860 861 640 0.6362642394556397 0.5133209206534813 0.09872027780882575
3 786 785 716 0.6362642394556397 0.5133209206534813 0.09872027780882575
3 716 715 536 0.6362642394556397 0.5133209206534813 0.09872027780882575
3 785 715 716 0.6362642394556397 0.5133209206534813 0.09872027780882575
3 786 716 717 0.6362642394556397 0.5133209206534813 0.09872027780882575
3 717 716 771 0.6362642394556397 0.5133209206534813 0.09872027780882575
3 433 434 647 0.6362642394556397 0.5133209206534813 0.09872027780882575
3 172 807 171 0.6362642394556397 0.5133209206534813 0.09872027780882575
3 172 438 439 0.6362642394556397 0.5133209206534813 0.09872027780882575
3 171 438 172 0.6362642394556397 0.5133209206534813 0.09872027780882575
3 177 807 178 0.6362642394556397 0.5133209206534813 0.09872027780882575
3 171 806 170 0.6362642394556397 0.5133209206534813 0.09872027780882575
3 38 37 170 0.6362642394556397 0.5133209206534813 0.09872027780882575
3 167 438 166 0.6362642394556397 0.5133209206534813 0.09872027780882575
3 448 265 447 0.6362642394556397 0.5133209206534813 0.09872027780882575
3 448 449 266 0.6362642394556397 0.5133209206534813 0.09872027780882575
3 266 265 448 0.6362642394556397 0.5133209206534813 0.09872027780882575
3 447 40 175 0.6362642394556397 0.5133209206534813 0.09872027780882575
3 175 448 447 0.6362642394556397 0.5133209206534813 0.09872027780882575
3 689 688 829 0.6362642394556397 0.5133209206534813 0.09872027780882575
3 827 828 687 0.6362642394556397 0.5133209206534813 0.09872027780882575
3 345 565 564 0.6362642394556397 0.5133209206534813 0.09872027780882575
3 756 556 757 0.6362642394556397 0.5133209206534813 0.09872027780882575
3 272 550 549 0.6362642394556397 0.5133209206534813 0.09872027780882575
3 272 549 271 0.6362642394556397 0.5133209206534813 0.09872027780882575
3 271 655 272 0.6362642394556397 0.5133209206534813 0.09872027780882575
3 549 550 335 0.6362642394556397 0.5133209206534813 0.09872027780882575
3 568 678 677 0.6362642394556397 0.5133209206534813 0.09872027780882575
3 677 567 568 0.6362642394556397 0.5133209206534813 0.09872027780882575
3 568 756 757 0.6362642394556397 0.5133209206534813 0.09872027780882575
3 567 756 568 0.6362642394556397 0.5133209206534813 0.09872027780882575
3 690 689 830 0.6362642394556397 0.5133209206534813 0.09872027780882575
3 830 689 829 0.6362642394556397 0.5133209206534813 0.09872027780882575
3 830 829 466 0.6362642394556397 0.5133209206534813 0.09872027780882575
3 466 677 830 0.6362642394556397 0.5133209206534813 0.09872027780882575
3 653 746 818 0.6362642394556397 0.5133209206534813 0.09872027780882575
3 746 819 818 0.6362642394556397 0.5133209206534813 0.09872027780882575
3 818 819 760 0.6362642394556397 0.5133209206534813 0.09872027780882575
3 446 445 650 0.6362642394556397 0.5133209206534813 0.09872027780882575
3 679 678 758 0.6362642394556397 0.5133209206534813 0.09872027780882575
3 758 759 679 0.6362642394556397 0.5133209206534813 0.09872027780882575
3 758 568 757 0.6362642394556397 0.5133209206534813 0.09872027780882575
3 678 568 758 0.6362642394556397 0.5133209206534813 0.09872027780882575
3 289 836 288 0.6362642394556397 0.5133209206534813 0.09872027780882575
3 289 468 290 0.6362642394556397 0.5133209206534813 0.09872027780882575
3 58 353 820 0.6362642394556397 0.5133209206534813 0.09872027780882575
3 820 59 58 0.6362642394556397 0.5133209206534813 0.09872027780882575
3 820 346 59 0.6362642394556397 0.5133209206534813 0.09872027780882575
3 354 820 353 0.6362642394556397 0.5133209206534813 0.09872027780882575
3 353 457 354 0.6362642394556397 0.5133209206534813 0.09872027780882575
3 457 458 354 0.6362642394556397 0.5133209206534813 0.09872027780882575
3 60 346 282 0.6362642394556397 0.5133209206534813 0.09872027780882575
3 180 61 282 0.6362642394556397 0.5133209206534813 0.09872027780882575
3 61 60 282 0.6362642394556397 0.5133209206534813 0.09872027780882575
3 282 283 180 0.6362642394556397 0.5133209206534813 0.09872027780882575
3 48 47 339 0.6362642394556397 0.5133209206534813 0.09872027780882575
3 339 50 48 0.6362642394556397 0.5133209206534813 0.09872027780882575
3 558 50 339 0.6362642394556397 0.5133209206534813 0.09872027780882575
3 124 458 457 0.6362642394556397 0.5133209206534813 0.09872027780882575
3 125 458 124 0.6362642394556397 0.5133209206534813 0.09872027780882575
3 124 457 54 0.6362642394556397 0.5133209206534813 0.09872027780882575
3 54 53 124 0.6362642394556397 0.5133209206534813 0.09872027780882575
3 120 668 667 0.6362642394556397 0.5133209206534813 0.09872027780882575
3 668 125 667 0.6362642394556397 0.5133209206534813 0.09872027780882575
3 125 124 667 0.6362642394556397 0.5133209206534813 0.09872027780882575
3 667 52 120 0.6362642394556397 0.5133209206534813 0.09872027780882575
3 53 52 667 0.6362642394556397 0.5133209206534813 0.09872027780882575
3 667 124 53 0.6362642394556397 0.5133209206534813 0.09872027780882575
3 184 131 183 0.6362642394556397 0.5133209206534813 0.09872027780882575
3 182 285 183 0.6362642394556397 0.5133209206534813 0.09872027780882575
3 183 130 182 0.6362642394556397 0.5133209206534813 0.09872027780882575
3 131 130 183 0.6362642394556397 0.5133209206534813 0.09872027780882575
3 822 356 823 0.6362642394556397 0.5133209206534813 0.09872027780882575
3 823 348 822 0.6362642394556397 0.5133209206534813 0.09872027780882575
3 349 348 823 0.6362642394556397 0.5133209206534813 0.09872027780882575
3 823 356 357 0.6362642394556397 0.5133209206534813 0.09872027780882575
3 126 460 459 0.6362642394556397 0.5133209206534813 0.09872027780882575
3 460 356 459 0.6362642394556397 0.5133209206534813 0.09872027780882575
3 459 125 126 0.6362642394556397 0.5133209206534813 0.09872027780882575
3 459 458 125 0.6362642394556397 0.5133209206534813 0.09872027780882575
3 469 291 290 0.6362642394556397 0.5133209206534813 0.09872027780882575
3 290 468 469 0.6362642394556397 0.5133209206534813 0.09872027780882575
3 468 185 186 0.6362642394556397 0.5133209206534813 0.09872027780882575
3 186 469 468 0.6362642394556397 0.5133209206534813 0.09872027780882575
3 294 75 74 0.6362642394556397 0.5133209206534813 0.09872027780882575
3 74 835 294 0.6362642394556397 0.5133209206534813 0.09872027780882575
3 294 835 836 0.6362642394556397 0.5133209206534813 0.09872027780882575
3 290 291 838 0.6362642394556397 0.5133209206534813 0.09872027780882575
3 838 291 839 0.6362642394556397 0.5133209206534813 0.09872027780882575
3 837 289 290 0.6362642394556397 0.5133209206534813 0.09872027780882575
3 836 289 837 0.6362642394556397 0.5133209206534813 0.09872027780882575
3 290 838 837 0.6362642394556397 0.5133209206534813 0.09872027780882575
3 837 838 296 0.6362642394556397 0.5133209206534813 0.09872027780882575
3 76 75 477 0.6362642394556397 0.5133209206534813 0.09872027780882575
3 477 300 76 0.6362642394556397 0.5133209206534813 0.09872027780882575
3 75 294 477 0.6362642394556397 0.5133209206534813 0.09872027780882575
3 477 294 836 0.6362642394556397 0.5133209206534813 0.09872027780882575
3 478 296 301 0.6362642394556397 0.5133209206534813 0.09872027780882575
3 478 837 296 0.6362642394556397 0.5133209206534813 0.09872027780882575
3 190 478 301 0.6362642394556397 0.5133209206534813 0.09872027780882575
3 300 478 190 0.6362642394556397 0.5133209206534813 0.09872027780882575
3 693 77 190 0.6362642394556397 0.5133209206534813 0.09872027780882575
3 76 300 190 0.6362642394556397 0.5133209206534813 0.09872027780882575
3 190 77 76 0.6362642394556397 0.5133209206534813 0.09872027780882575
3 127 461 460 0.6362642394556397 0.5133209206534813 0.09872027780882575
3 127 460 126 0.6362642394556397 0.5133209206534813 0.09872027780882575
3 462 461 671 0.6362642394556397 0.5133209206534813 0.09872027780882575
3 671 127 670 0.6362642394556397 0.5133209206534813 0.09872027780882575
3 461 127 671 0.6362642394556397 0.5133209206534813 0.09872027780882575
3 359 462 463 0.6362642394556397 0.5133209206534813 0.09872027780882575
3 359 358 462 0.6362642394556397 0.5133209206534813 0.09872027780882575
3 826 825 359 0.6362642394556397 0.5133209206534813 0.09872027780882575
3 825 358 359 0.6362642394556397 0.5133209206534813 0.09872027780882575
3 610 392 393 0.6362642394556397 0.5133209206534813 0.09872027780882575
3 392 610 609 0.6362642394556397 0.5133209206534813 0.09872027780882575
3 686 287 352 0.6362642394556397 0.5133209206534813 0.09872027780882575
3 826 827 352 0.6362642394556397 0.5133209206534813 0.09872027780882575
3 352 351 826 0.6362642394556397 0.5133209206534813 0.09872027780882575
3 352 287 351 0.6362642394556397 0.5133209206534813 0.09872027780882575
3 687 686 352 0.6362642394556397 0.5133209206534813 0.09872027780882575
3 352 827 687 0.6362642394556397 0.5133209206534813 0.09872027780882575
3 825 350 824 0.6362642394556397 0.5133209206534813 0.09872027780882575
3 357 358 824 0.6362642394556397 0.5133209206534813 0.09872027780882575
3 824 358 825 0.6362642394556397 0.5133209206534813 0.09872027780882575
3 824 823 357 0.6362642394556397 0.5133209206534813 0.09872027780882575
3 824 350 349 0.6362642394556397 0.5133209206534813 0.09872027780882575
3 349 823 824 0.6362642394556397 0.5133209206534813 0.09872027780882575
3 351 287 286 0.6362642394556397 0.5133209206534813 0.09872027780882575
3 286 350 351 0.6362642394556397 0.5133209206534813 0.09872027780882575
3 286 287 184 0.6362642394556397 0.5133209206534813 0.09872027780882575
3 285 350 286 0.6362642394556397 0.5133209206534813 0.09872027780882575
3 184 183 286 0.6362642394556397 0.5133209206534813 0.09872027780882575
3 286 183 285 0.6362642394556397 0.5133209206534813 0.09872027780882575
3 27 252 28 0.6362642394556397 0.5133209206534813 0.09872027780882575
3 372 373 115 0.6362642394556397 0.5133209206534813 0.09872027780882575
3 115 114 372 0.6362642394556397 0.5133209206534813 0.09872027780882575
3 584 114 115 0.6362642394556397 0.5133209206534813 0.09872027780882575
3 115 585 584 0.6362642394556397 0.5133209206534813 0.09872027780882575
3 374 585 115 0.6362642394556397 0.5133209206534813 0.09872027780882575
3 115 373 374 0.6362642394556397 0.5133209206534813 0.09872027780882575
3 595 594 248 0.6362642394556397 0.5133209206534813 0.09872027780882575
3 248 249 595 0.6362642394556397 0.5133209206534813 0.09872027780882575
3 380 116 117 0.6362642394556397 0.5133209206534813 0.09872027780882575
3 116 791 117 0.6362642394556397 0.5133209206534813 0.09872027780882575
3 720 109 719 0.6362642394556397 0.5133209206534813 0.09872027780882575
3 719 104 720 0.6362642394556397 0.5133209206534813 0.09872027780882575
3 721 110 720 0.6362642394556397 0.5133209206534813 0.09872027780882575
3 720 110 109 0.6362642394556397 0.5133209206534813 0.09872027780882575
3 113 371 114 0.6362642394556397 0.5133209206534813 0.09872027780882575
3 113 583 582 0.6362642394556397 0.5133209206534813 0.09872027780882575
3 114 583 113 0.6362642394556397 0.5133209206534813 0.09872027780882575
3 582 112 113 0.6362642394556397 0.5133209206534813 0.09872027780882575
3 113 112 370 0.6362642394556397 0.5133209206534813 0.09872027780882575
3 370 371 113 0.6362642394556397 0.5133209206534813 0.09872027780882575
3 326 791 325 0.6362642394556397 0.5133209206534813 0.09872027780882575
3 325 407 326 0.6362642394556397 0.5133209206534813 0.09872027780882575
3 143 142 572 0.6362642394556397 0.5133209206534813 0.09872027780882575
3 143 144 400 0.6362642394556397 0.5133209206534813 0.09872027780882575
3 399 142 143 0.6362642394556397 0.5133209206534813 0.09872027780882575
3 143 400 399 0.6362642394556397 0.5133209206534813 0.09872027780882575
3 572 573 143 0.6362642394556397 0.5133209206534813 0.09872027780882575
3 143 573 144 0.6362642394556397 0.5133209206534813 0.09872027780882575
3 103 400 401 0.6362642394556397 0.5133209206534813 0.09872027780882575
3 363 102 103 0.6362642394556397 0.5133209206534813 0.09872027780882575
3 103 102 400 0.6362642394556397 0.5133209206534813 0.09872027780882575
3 308 528 529 0.6362642394556397 0.5133209206534813 0.09872027780882575
3 527 528 307 0.6362642394556397 0.5133209206534813 0.09872027780882575
3 307 306 527 0.6362642394556397 0.5133209206534813 0.09872027780882575
3 307 528 308 0.6362642394556397 0.5133209206534813 0.09872027780882575
3 12 719 13 0.6362642394556397 0.5133209206534813 0.09872027780882575
3 719 108 13 0.6362642394556397 0.5133209206534813 0.09872027780882575
3 108 14 13 0.6362642394556397 0.5133209206534813 0.09872027780882575
3 762 761 230 0.6362642394556397 0.5133209206534813 0.09872027780882575
3 92 761 93 0.6362642394556397 0.5133209206534813 0.09872027780882575
3 91 230 92 0.6362642394556397 0.5133209206534813 0.09872027780882575
3 92 230 761 0.6362642394556397 0.5133209206534813 0.09872027780882575
3 236 761 762 0.6362642394556397 0.5133209206534813 0.09872027780882575
3 236 529 528 0.6362642394556397 0.5133209206534813 0.09872027780882575
3 236 528 235 0.6362642394556397 0.5133209206534813 0.09872027780882575
3 235 761 236 0.6362642394556397 0.5133209206534813 0.09872027780882575
3 313 312 706 0.6362642394556397 0.5133209206534813 0.09872027780882575
3 313 538 312 0.6362642394556397 0.5133209206534813 0.09872027780882575
3 776 538 313 0.6362642394556397 0.5133209206534813 0.09872027780882575
3 367 725 366 0.6362642394556397 0.5133209206534813 0.09872027780882575
3 366 402 367 0.6362642394556397 0.5133209206534813 0.09872027780882575
3 367 402 403 0.6362642394556397 0.5133209206534813 0.09872027780882575
3 403 368 367 0.6362642394556397 0.5133209206534813 0.09872027780882575
3 243 572 571 0.6362642394556397 0.5133209206534813 0.09872027780882575
3 571 242 243 0.6362642394556397 0.5133209206534813 0.09872027780882575
3 233 765 764 0.6362642394556397 0.5133209206534813 0.09872027780882575
3 764 232 233 0.6362642394556397 0.5133209206534813 0.09872027780882575
3 220 88 87 0.6362642394556397 0.5133209206534813 0.09872027780882575
3 502 623 503 0.6362642394556397 0.5133209206534813 0.09872027780882575
3 213 501 214 0.6362642394556397 0.5133209206534813 0.09872027780882575
3 501 502 214 0.6362642394556397 0.5133209206534813 0.09872027780882575
3 854 218 853 0.6362642394556397 0.5133209206534813 0.09872027780882575
3 213 214 853 0.6362642394556397 0.5133209206534813 0.09872027780882575
3 853 214 854 0.6362642394556397 0.5133209206534813 0.09872027780882575
3 219 218 854 0.6362642394556397 0.5133209206534813 0.09872027780882575
3 635 512 513 0.6362642394556397 0.5133209206534813 0.09872027780882575
3 513 512 856 0.6362642394556397 0.5133209206534813 0.09872027780882575
3 624 623 494 0.6362642394556397 0.5133209206534813 0.09872027780882575
3 498 499 211 0.6362642394556397 0.5133209206534813 0.09872027780882575
3 498 497 206 0.6362642394556397 0.5133209206534813 0.09872027780882575
3 498 210 497 0.6362642394556397 0.5133209206534813 0.09872027780882575
3 211 210 498 0.6362642394556397 0.5133209206534813 0.09872027780882575
3 211 499 212 0.6362642394556397 0.5133209206534813 0.09872027780882575
3 500 501 213 0.6362642394556397 0.5133209206534813 0.09872027780882575
3 213 212 500 0.6362642394556397 0.5133209206534813 0.09872027780882575
3 500 212 499 0.6362642394556397 0.5133209206534813 0.09872027780882575
3 842 484 483 0.6362642394556397 0.5133209206534813 0.09872027780882575
3 482 841 483 0.6362642394556397 0.5133209206534813 0.09872027780882575
3 483 841 842 0.6362642394556397 0.5133209206534813 0.09872027780882575
3 84 83 497 0.6362642394556397 0.5133209206534813 0.09872027780882575
3 497 210 84 0.6362642394556397 0.5133209206534813 0.09872027780882575
3 617 81 200 0.6362642394556397 0.5133209206534813 0.09872027780882575
3 200 487 488 0.6362642394556397 0.5133209206534813 0.09872027780882575
3 80 487 200 0.6362642394556397 0.5133209206534813 0.09872027780882575
3 200 81 80 0.6362642394556397 0.5133209206534813 0.09872027780882575
3 579 786 580 0.6362642394556397 0.5133209206534813 0.09872027780882575
3 653 652 745 0.6362642394556397 0.5133209206534813 0.09872027780882575
3 745 746 653 0.6362642394556397 0.5133209206534813 0.09872027780882575
3 604 802 745 0.6362642394556397 0.5133209206534813 0.09872027780882575
3 803 746 745 0.6362642394556397 0.5133209206534813 0.09872027780882575
3 745 802 803 0.6362642394556397 0.5133209206534813 0.09872027780882575
3 651 446 650 0.6362642394556397 0.5133209206534813 0.09872027780882575
3 650 436 651 0.6362642394556397 0.5133209206534813 0.09872027780882575
3 651 436 743 0.6362642394556397 0.5133209206534813 0.09872027780882575
3 801 802 604 0.6362642394556397 0.5133209206534813 0.09872027780882575
3 604 603 801 0.6362642394556397 0.5133209206534813 0.09872027780882575
3 602 603 426 0.6362642394556397 0.5133209206534813 0.09872027780882575
3 426 425 602 0.6362642394556397 0.5133209206534813 0.09872027780882575
3 602 425 601 0.6362642394556397 0.5133209206534813 0.09872027780882575
3 602 601 799 0.6362642394556397 0.5133209206534813 0.09872027780882575
3 648 647 434 0.6362642394556397 0.5133209206534813 0.09872027780882575
3 584 585 149 0.6362642394556397 0.5133209206534813 0.09872027780882575
3 149 585 586 0.6362642394556397 0.5133209206534813 0.09872027780882575
3 411 149 412 0.6362642394556397 0.5133209206534813 0.09872027780882575
3 586 413 412 0.6362642394556397 0.5133209206534813 0.09872027780882575
3 412 149 586 0.6362642394556397 0.5133209206534813 0.09872027780882575
3 376 587 375 0.6362642394556397 0.5133209206534813 0.09872027780882575
3 375 724 376 0.6362642394556397 0.5133209206534813 0.09872027780882575
3 376 724 725 0.6362642394556397 0.5133209206534813 0.09872027780882575
3 725 377 376 0.6362642394556397 0.5133209206534813 0.09872027780882575
3 588 587 376 0.6362642394556397 0.5133209206534813 0.09872027780882575
3 376 377 588 0.6362642394556397 0.5133209206534813 0.09872027780882575
3 111 110 721 0.6362642394556397 0.5133209206534813 0.09872027780882575
3 373 110 111 0.6362642394556397 0.5133209206534813 0.09872027780882575
3 723 374 111 0.6362642394556397 0.5133209206534813 0.09872027780882575
3 374 373 111 0.6362642394556397 0.5133209206534813 0.09872027780882575
3 331 413 797 0.6362642394556397 0.5133209206534813 0.09872027780882575
3 797 796 331 0.6362642394556397 0.5133209206534813 0.09872027780882575
3 331 412 413 0.6362642394556397 0.5133209206534813 0.09872027780882575
3 599 598 385 0.6362642394556397 0.5133209206534813 0.09872027780882575
3 385 598 251 0.6362642394556397 0.5133209206534813 0.09872027780882575
3 385 386 599 0.6362642394556397 0.5133209206534813 0.09872027780882575
3 385 796 386 0.6362642394556397 0.5133209206534813 0.09872027780882575
3 795 796 385 0.6362642394556397 0.5133209206534813 0.09872027780882575
3 799 601 387 0.6362642394556397 0.5133209206534813 0.09872027780882575
3 387 798 799 0.6362642394556397 0.5133209206534813 0.09872027780882575
3 387 601 600 0.6362642394556397 0.5133209206534813 0.09872027780882575
3 600 386 387 0.6362642394556397 0.5133209206534813 0.09872027780882575
3 387 386 797 0.6362642394556397 0.5133209206534813 0.09872027780882575
3 797 798 387 0.6362642394556397 0.5133209206534813 0.09872027780882575
3 416 589 590 0.6362642394556397 0.5133209206534813 0.09872027780882575
3 591 416 590 0.6362642394556397 0.5133209206534813 0.09872027780882575
3 590 728 591 0.6362642394556397 0.5133209206534813 0.09872027780882575
3 740 425 741 0.6362642394556397 0.5133209206534813 0.09872027780882575
3 741 434 740 0.6362642394556397 0.5133209206534813 0.09872027780882575
3 433 739 740 0.6362642394556397 0.5133209206534813 0.09872027780882575
3 740 434 433 0.6362642394556397 0.5133209206534813 0.09872027780882575
3 739 423 424 0.6362642394556397 0.5133209206534813 0.09872027780882575
3 424 740 739 0.6362642394556397 0.5133209206534813 0.09872027780882575
3 425 740 424 0.6362642394556397 0.5133209206534813 0.09872027780882575
3 424 423 600 0.6362642394556397 0.5133209206534813 0.09872027780882575
3 600 601 424 0.6362642394556397 0.5133209206534813 0.09872027780882575
3 601 425 424 0.6362642394556397 0.5133209206534813 0.09872027780882575
3 591 729 592 0.6362642394556397 0.5133209206534813 0.09872027780882575
3 731 802 592 0.6362642394556397 0.5133209206534813 0.09872027780882575
3 592 801 591 0.6362642394556397 0.5133209206534813 0.09872027780882575
3 802 801 592 0.6362642394556397 0.5133209206534813 0.09872027780882575
3 726 368 727 0.6362642394556397 0.5133209206534813 0.09872027780882575
3 726 377 725 0.6362642394556397 0.5133209206534813 0.09872027780882575
3 725 367 726 0.6362642394556397 0.5133209206534813 0.09872027780882575
3 726 367 368 0.6362642394556397 0.5133209206534813 0.09872027780882575
3 523 768 767 0.6362642394556397 0.5133209206534813 0.09872027780882575
3 546 785 784 0.6362642394556397 0.5133209206534813 0.09872027780882575
3 785 578 784 0.6362642394556397 0.5133209206534813 0.09872027780882575
3 784 578 577 0.6362642394556397 0.5133209206534813 0.09872027780882575
3 579 729 406 0.6362642394556397 0.5133209206534813 0.09872027780882575
3 406 578 579 0.6362642394556397 0.5133209206534813 0.09872027780882575
3 406 729 728 0.6362642394556397 0.5133209206534813 0.09872027780882575
3 728 369 406 0.6362642394556397 0.5133209206534813 0.09872027780882575
3 575 402 574 0.6362642394556397 0.5133209206534813 0.09872027780882575
3 403 402 575 0.6362642394556397 0.5133209206534813 0.09872027780882575
3 221 631 630 0.6362642394556397 0.5133209206534813 0.09872027780882575
3 630 220 221 0.6362642394556397 0.5133209206534813 0.09872027780882575
3 233 232 519 0.6362642394556397 0.5133209206534813 0.09872027780882575
3 519 232 518 0.6362642394556397 0.5133209206534813 0.09872027780882575
3 632 633 229 0.6362642394556397 0.5133209206534813 0.09872027780882575
3 634 512 635 0.6362642394556397 0.5133209206534813 0.09872027780882575
3 635 523 634 0.6362642394556397 0.5133209206534813 0.09872027780882575
3 634 229 633 0.6362642394556397 0.5133209206534813 0.09872027780882575
3 512 634 224 0.6362642394556397 0.5133209206534813 0.09872027780882575
3 224 634 633 0.6362642394556397 0.5133209206534813 0.09872027780882575
3 639 771 526 0.6362642394556397 0.5133209206534813 0.09872027780882575
3 860 639 516 0.6362642394556397 0.5133209206534813 0.09872027780882575
3 516 859 860 0.6362642394556397 0.5133209206534813 0.09872027780882575
3 847 848 705 0.6362642394556397 0.5133209206534813 0.09872027780882575
3 679 833 832 0.6362642394556397 0.5133209206534813 0.09872027780882575
3 863 774 862 0.6362642394556397 0.5133209206534813 0.09872027780882575
3 848 849 863 0.6362642394556397 0.5133209206534813 0.09872027780882575
3 863 862 705 0.6362642394556397 0.5133209206534813 0.09872027780882575
3 705 848 863 0.6362642394556397 0.5133209206534813 0.09872027780882575
3 616 847 846 0.6362642394556397 0.5133209206534813 0.09872027780882575
3 732 731 787 0.6362642394556397 0.5133209206534813 0.09872027780882575
3 787 788 732 0.6362642394556397 0.5133209206534813 0.09872027780882575
3 718 788 787 0.6362642394556397 0.5133209206534813 0.09872027780882575
3 731 580 787 0.6362642394556397 0.5133209206534813 0.09872027780882575
3 787 580 786 0.6362642394556397 0.5133209206534813 0.09872027780882575
3 787 717 718 0.6362642394556397 0.5133209206534813 0.09872027780882575
3 786 717 787 0.6362642394556397 0.5133209206534813 0.09872027780882575
3 789 788 774 0.6362642394556397 0.5133209206534813 0.09872027780882575
3 865 804 789 0.6362642394556397 0.5133209206534813 0.09872027780882575
3 789 804 732 0.6362642394556397 0.5133209206534813 0.09872027780882575
3 732 788 789 0.6362642394556397 0.5133209206534813 0.09872027780882575
3 862 774 773 0.6362642394556397 0.5133209206534813 0.09872027780882575
3 773 640 862 0.6362642394556397 0.5133209206534813 0.09872027780882575
3 773 788 718 0.6362642394556397 0.5133209206534813 0.09872027780882575
3 774 788 773 0.6362642394556397 0.5133209206534813 0.09872027780882575
3 772 771 639 0.6362642394556397 0.5133209206534813 0.09872027780882575
3 639 640 772 0.6362642394556397 0.5133209206534813 0.09872027780882575
3 640 773 772 0.6362642394556397 0.5133209206534813 0.09872027780882575
3 772 773 718 0.6362642394556397 0.5133209206534813 0.09872027780882575
3 718 717 772 0.6362642394556397 0.5133209206534813 0.09872027780882575
3 772 717 771 0.6362642394556397 0.5133209206534813 0.09872027780882575
3 846 847 704 0.6362642394556397 0.5133209206534813 0.09872027780882575
3 705 628 704 0.6362642394556397 0.5133209206534813 0.09872027780882575
3 704 847 705 0.6362642394556397 0.5133209206534813 0.09872027780882575
3 164 431 432 0.6362642394556397 0.5133209206534813 0.09872027780882575
3 432 739 433 0.6362642394556397 0.5133209206534813 0.09872027780882575
3 646 442 169 0.6362642394556397 0.5133209206534813 0.09872027780882575
3 647 442 646 0.6362642394556397 0.5133209206534813 0.09872027780882575
3 164 432 646 0.6362642394556397 0.5133209206534813 0.09872027780882575
3 433 647 646 0.6362642394556397 0.5133209206534813 0.09872027780882575
3 646 432 433 0.6362642394556397 0.5133209206534813 0.09872027780882575
3 443 442 647 0.6362642394556397 0.5133209206534813 0.09872027780882575
3 443 648 444 0.6362642394556397 0.5133209206534813 0.09872027780882575
3 647 648 443 0.6362642394556397 0.5133209206534813 0.09872027780882575
3 444 812 443 0.6362642394556397 0.5133209206534813 0.09872027780882575
3 169 442 441 0.6362642394556397 0.5133209206534813 0.09872027780882575
3 441 440 169 0.6362642394556397 0.5133209206534813 0.09872027780882575
3 439 440 173 0.6362642394556397 0.5133209206534813 0.09872027780882575
3 173 172 439 0.6362642394556397 0.5133209206534813 0.09872027780882575
3 437 438 171 0.6362642394556397 0.5133209206534813 0.09872027780882575
3 171 170 437 0.6362642394556397 0.5133209206534813 0.09872027780882575
3 165 166 437 0.6362642394556397 0.5133209206534813 0.09872027780882575
3 437 166 438 0.6362642394556397 0.5133209206534813 0.09872027780882575
3 437 37 165 0.6362642394556397 0.5133209206534813 0.09872027780882575
3 437 170 37 0.6362642394556397 0.5133209206534813 0.09872027780882575
3 264 655 654 0.6362642394556397 0.5133209206534813 0.09872027780882575
3 264 265 655 0.6362642394556397 0.5133209206534813 0.09872027780882575
3 447 265 264 0.6362642394556397 0.5133209206534813 0.09872027780882575
3 654 42 264 0.6362642394556397 0.5133209206534813 0.09872027780882575
3 264 41 447 0.6362642394556397 0.5133209206534813 0.09872027780882575
3 264 42 41 0.6362642394556397 0.5133209206534813 0.09872027780882575
3 448 175 176 0.6362642394556397 0.5133209206534813 0.09872027780882575
3 176 806 177 0.6362642394556397 0.5133209206534813 0.09872027780882575
3 177 449 176 0.6362642394556397 0.5133209206534813 0.09872027780882575
3 449 448 176 0.6362642394556397 0.5133209206534813 0.09872027780882575
3 805 170 806 0.6362642394556397 0.5133209206534813 0.09872027780882575
3 806 176 805 0.6362642394556397 0.5133209206534813 0.09872027780882575
3 805 176 175 0.6362642394556397 0.5133209206534813 0.09872027780882575
3 38 170 805 0.6362642394556397 0.5133209206534813 0.09872027780882575
3 688 689 396 0.6362642394556397 0.5133209206534813 0.09872027780882575
3 612 475 474 0.6362642394556397 0.5133209206534813 0.09872027780882575
3 612 613 475 0.6362642394556397 0.5133209206534813 0.09872027780882575
3 475 613 476 0.6362642394556397 0.5133209206534813 0.09872027780882575
3 466 828 465 0.6362642394556397 0.5133209206534813 0.09872027780882575
3 465 675 466 0.6362642394556397 0.5133209206534813 0.09872027780882575
3 345 564 563 0.6362642394556397 0.5133209206534813 0.09872027780882575
3 466 675 676 0.6362642394556397 0.5133209206534813 0.09872027780882575
3 676 677 466 0.6362642394556397 0.5133209206534813 0.09872027780882575
3 676 567 677 0.6362642394556397 0.5133209206534813 0.09872027780882575
3 656 272 655 0.6362642394556397 0.5133209206534813 0.09872027780882575
3 656 265 266 0.6362642394556397 0.5133209206534813 0.09872027780882575
3 655 265 656 0.6362642394556397 0.5133209206534813 0.09872027780882575
3 677 678 831 0.6362642394556397 0.5133209206534813 0.09872027780882575
3 831 830 677 0.6362642394556397 0.5133209206534813 0.09872027780882575
3 831 678 679 0.6362642394556397 0.5133209206534813 0.09872027780882575
3 679 832 831 0.6362642394556397 0.5133209206534813 0.09872027780882575
3 831 832 691 0.6362642394556397 0.5133209206534813 0.09872027780882575
3 831 691 690 0.6362642394556397 0.5133209206534813 0.09872027780882575
3 690 830 831 0.6362642394556397 0.5133209206534813 0.09872027780882575
3 666 818 760 0.6362642394556397 0.5133209206534813 0.09872027780882575
3 760 759 666 0.6362642394556397 0.5133209206534813 0.09872027780882575
3 446 651 815 0.6362642394556397 0.5133209206534813 0.09872027780882575
3 815 652 816 0.6362642394556397 0.5133209206534813 0.09872027780882575
3 815 651 652 0.6362642394556397 0.5133209206534813 0.09872027780882575
3 129 130 681 0.6362642394556397 0.5133209206534813 0.09872027780882575
3 681 680 129 0.6362642394556397 0.5133209206534813 0.09872027780882575
3 132 680 681 0.6362642394556397 0.5133209206534813 0.09872027780882575
3 681 133 132 0.6362642394556397 0.5133209206534813 0.09872027780882575
3 389 388 132 0.6362642394556397 0.5133209206534813 0.09872027780882575
3 132 133 389 0.6362642394556397 0.5133209206534813 0.09872027780882575
3 137 388 389 0.6362642394556397 0.5133209206534813 0.09872027780882575
3 288 69 467 0.6362642394556397 0.5133209206534813 0.09872027780882575
3 467 289 288 0.6362642394556397 0.5133209206534813 0.09872027780882575
3 467 69 68 0.6362642394556397 0.5133209206534813 0.09872027780882575
3 68 185 467 0.6362642394556397 0.5133209206534813 0.09872027780882575
3 468 289 467 0.6362642394556397 0.5133209206534813 0.09872027780882575
3 467 185 468 0.6362642394556397 0.5133209206534813 0.09872027780882575
3 67 185 68 0.6362642394556397 0.5133209206534813 0.09872027780882575
3 346 820 821 0.6362642394556397 0.5133209206534813 0.09872027780882575
3 820 354 821 0.6362642394556397 0.5133209206534813 0.09872027780882575
3 669 122 670 0.6362642394556397 0.5133209206534813 0.09872027780882575
3 669 127 126 0.6362642394556397 0.5133209206534813 0.09872027780882575
3 670 127 669 0.6362642394556397 0.5133209206534813 0.09872027780882575
3 126 668 669 0.6362642394556397 0.5133209206534813 0.09872027780882575
3 355 354 458 0.6362642394556397 0.5133209206534813 0.09872027780882575
3 458 459 355 0.6362642394556397 0.5133209206534813 0.09872027780882575
3 822 821 355 0.6362642394556397 0.5133209206534813 0.09872027780882575
3 355 821 354 0.6362642394556397 0.5133209206534813 0.09872027780882575
3 355 356 822 0.6362642394556397 0.5133209206534813 0.09872027780882575
3 355 459 356 0.6362642394556397 0.5133209206534813 0.09872027780882575
3 137 607 606 0.6362642394556397 0.5133209206534813 0.09872027780882575
3 300 477 295 0.6362642394556397 0.5133209206534813 0.09872027780882575
3 295 478 300 0.6362642394556397 0.5133209206534813 0.09872027780882575
3 295 477 836 0.6362642394556397 0.5133209206534813 0.09872027780882575
3 836 837 295 0.6362642394556397 0.5133209206534813 0.09872027780882575
3 837 478 295 0.6362642394556397 0.5133209206534813 0.09872027780882575
3 78 77 693 0.6362642394556397 0.5133209206534813 0.09872027780882575
3 549 335 334 0.6362642394556397 0.5133209206534813 0.09872027780882575
3 560 279 278 0.6362642394556397 0.5133209206534813 0.09872027780882575
3 278 559 560 0.6362642394556397 0.5133209206534813 0.09872027780882575
3 560 342 561 0.6362642394556397 0.5133209206534813 0.09872027780882575
3 561 279 560 0.6362642394556397 0.5133209206534813 0.09872027780882575
3 561 342 343 0.6362642394556397 0.5133209206534813 0.09872027780882575
3 280 279 561 0.6362642394556397 0.5133209206534813 0.09872027780882575
3 123 279 280 0.6362642394556397 0.5133209206534813 0.09872027780882575
3 280 671 123 0.6362642394556397 0.5133209206534813 0.09872027780882575
3 123 671 670 0.6362642394556397 0.5133209206534813 0.09872027780882575
3 670 122 123 0.6362642394556397 0.5133209206534813 0.09872027780882575
3 122 278 123 0.6362642394556397 0.5133209206534813 0.09872027780882575
3 123 278 279 0.6362642394556397 0.5133209206534813 0.09872027780882575
3 693 694 195 0.6362642394556397 0.5133209206534813 0.09872027780882575
3 195 487 79 0.6362642394556397 0.5133209206534813 0.09872027780882575
3 196 487 195 0.6362642394556397 0.5133209206534813 0.09872027780882575
3 195 694 196 0.6362642394556397 0.5133209206534813 0.09872027780882575
3 79 78 195 0.6362642394556397 0.5133209206534813 0.09872027780882575
3 195 78 693 0.6362642394556397 0.5133209206534813 0.09872027780882575
3 191 694 693 0.6362642394556397 0.5133209206534813 0.09872027780882575
3 191 190 301 0.6362642394556397 0.5133209206534813 0.09872027780882575
3 693 190 191 0.6362642394556397 0.5133209206534813 0.09872027780882575
3 192 694 191 0.6362642394556397 0.5133209206534813 0.09872027780882575
3 191 302 192 0.6362642394556397 0.5133209206534813 0.09872027780882575
3 303 193 192 0.6362642394556397 0.5133209206534813 0.09872027780882575
3 192 193 695 0.6362642394556397 0.5133209206534813 0.09872027780882575
3 695 197 196 0.6362642394556397 0.5133209206534813 0.09872027780882575
3 196 694 695 0.6362642394556397 0.5133209206534813 0.09872027780882575
3 695 694 192 0.6362642394556397 0.5133209206534813 0.09872027780882575
3 297 838 839 0.6362642394556397 0.5133209206534813 0.09872027780882575
3 292 293 840 0.6362642394556397 0.5133209206534813 0.09872027780882575
3 840 298 839 0.6362642394556397 0.5133209206534813 0.09872027780882575
3 839 292 840 0.6362642394556397 0.5133209206534813 0.09872027780882575
3 840 841 299 0.6362642394556397 0.5133209206534813 0.09872027780882575
3 840 293 841 0.6362642394556397 0.5133209206534813 0.09872027780882575
3 249 248 382 0.6362642394556397 0.5133209206534813 0.09872027780882575
3 247 248 594 0.6362642394556397 0.5133209206534813 0.09872027780882575
3 594 593 247 0.6362642394556397 0.5133209206534813 0.09872027780882575
3 246 380 247 0.6362642394556397 0.5133209206534813 0.09872027780882575
3 247 593 246 0.6362642394556397 0.5133209206534813 0.09872027780882575
3 119 382 118 0.6362642394556397 0.5133209206534813 0.09872027780882575
3 105 104 361 0.6362642394556397 0.5133209206534813 0.09872027780882575
3 105 720 104 0.6362642394556397 0.5133209206534813 0.09872027780882575
3 105 106 721 0.6362642394556397 0.5133209206534813 0.09872027780882575
3 721 720 105 0.6362642394556397 0.5133209206534813 0.09872027780882575
3 145 581 146 0.6362642394556397 0.5133209206534813 0.09872027780882575
3 581 582 146 0.6362642394556397 0.5133209206534813 0.09872027780882575
3 365 103 401 0.6362642394556397 0.5133209206534813 0.09872027780882575
3 401 402 365 0.6362642394556397 0.5133209206534813 0.09872027780882575
3 365 402 366 0.6362642394556397 0.5133209206534813 0.09872027780882575
3 365 724 723 0.6362642394556397 0.5133209206534813 0.09872027780882575
3 366 724 365 0.6362642394556397 0.5133209206534813 0.09872027780882575
3 99 98 2 0.6362642394556397 0.5133209206534813 0.09872027780882575
3 2 98 3 0.6362642394556397 0.5133209206534813 0.09872027780882575
3 537 775 3 0.6362642394556397 0.5133209206534813 0.09872027780882575
3 3 98 537 0.6362642394556397 0.5133209206534813 0.09872027780882575
3 312 775 537 0.6362642394556397 0.5133209206534813 0.09872027780882575
3 97 312 537 0.6362642394556397 0.5133209206534813 0.09872027780882575
3 537 98 97 0.6362642394556397 0.5133209206534813 0.09872027780882575
3 237 236 762 0.6362642394556397 0.5133209206534813 0.09872027780882575
3 529 236 237 0.6362642394556397 0.5133209206534813 0.09872027780882575
3 306 307 707 0.6362642394556397 0.5133209206534813 0.09872027780882575
3 314 313 707 0.6362642394556397 0.5133209206534813 0.09872027780882575
3 706 306 707 0.6362642394556397 0.5133209206534813 0.09872027780882575
3 707 313 706 0.6362642394556397 0.5133209206534813 0.09872027780882575
3 708 307 308 0.6362642394556397 0.5133209206534813 0.09872027780882575
3 708 315 314 0.6362642394556397 0.5133209206534813 0.09872027780882575
3 314 707 708 0.6362642394556397 0.5133209206534813 0.09872027780882575
3 708 707 307 0.6362642394556397 0.5133209206534813 0.09872027780882575
3 89 225 90 0.6362642394556397 0.5133209206534813 0.09872027780882575
3 517 225 518 0.6362642394556397 0.5133209206534813 0.09872027780882575
3 517 230 91 0.6362642394556397 0.5133209206534813 0.09872027780882575
3 91 90 517 0.6362642394556397 0.5133209206534813 0.09872027780882575
3 517 90 225 0.6362642394556397 0.5133209206534813 0.09872027780882575
3 518 225 226 0.6362642394556397 0.5133209206534813 0.09872027780882575
3 226 519 518 0.6362642394556397 0.5133209206534813 0.09872027780882575
3 629 220 630 0.6362642394556397 0.5133209206534813 0.09872027780882575
3 630 226 629 0.6362642394556397 0.5133209206534813 0.09872027780882575
3 629 226 225 0.6362642394556397 0.5133209206534813 0.09872027780882575
3 629 225 89 0.6362642394556397 0.5133209206534813 0.09872027780882575
3 89 88 629 0.6362642394556397 0.5133209206534813 0.09872027780882575
3 629 88 220 0.6362642394556397 0.5133209206534813 0.09872027780882575
3 314 777 539 0.6362642394556397 0.5133209206534813 0.09872027780882575
3 539 313 314 0.6362642394556397 0.5133209206534813 0.09872027780882575
3 539 777 776 0.6362642394556397 0.5133209206534813 0.09872027780882575
3 776 313 539 0.6362642394556397 0.5133209206534813 0.09872027780882575
3 574 573 245 0.6362642394556397 0.5133209206534813 0.09872027780882575
3 245 323 324 0.6362642394556397 0.5133209206534813 0.09872027780882575
3 245 575 574 0.6362642394556397 0.5133209206534813 0.09872027780882575
3 324 575 245 0.6362642394556397 0.5133209206534813 0.09872027780882575
3 779 542 780 0.6362642394556397 0.5133209206534813 0.09872027780882575
3 316 542 779 0.6362642394556397 0.5133209206534813 0.09872027780882575
3 239 764 765 0.6362642394556397 0.5133209206534813 0.09872027780882575
3 531 238 239 0.6362642394556397 0.5133209206534813 0.09872027780882575
3 238 764 239 0.6362642394556397 0.5133209206534813 0.09872027780882575
3 234 766 765 0.6362642394556397 0.5133209206534813 0.09872027780882575
3 234 765 233 0.6362642394556397 0.5133209206534813 0.09872027780882575
3 518 232 231 0.6362642394556397 0.5133209206534813 0.09872027780882575
3 762 230 231 0.6362642394556397 0.5133209206534813 0.09872027780882575
3 231 517 518 0.6362642394556397 0.5133209206534813 0.09872027780882575
3 230 517 231 0.6362642394556397 0.5133209206534813 0.09872027780882575
3 220 87 507 0.6362642394556397 0.5133209206534813 0.09872027780882575
3 507 215 508 0.6362642394556397 0.5133209206534813 0.09872027780882575
3 86 215 507 0.6362642394556397 0.5133209206534813 0.09872027780882575
3 507 87 86 0.6362642394556397 0.5133209206534813 0.09872027780882575
3 508 221 507 0.6362642394556397 0.5133209206534813 0.09872027780882575
3 507 221 220 0.6362642394556397 0.5133209206534813 0.09872027780882575
3 623 502 622 0.6362642394556397 0.5133209206534813 0.09872027780882575
3 621 492 622 0.6362642394556397 0.5133209206534813 0.09872027780882575
3 856 512 855 0.6362642394556397 0.5133209206534813 0.09872027780882575
3 512 219 855 0.6362642394556397 0.5133209206534813 0.09872027780882575
3 855 219 854 0.6362642394556397 0.5133209206534813 0.09872027780882575
3 854 214 855 0.6362642394556397 0.5133209206534813 0.09872027780882575
3 855 214 502 0.6362642394556397 0.5133209206534813 0.09872027780882575
3 503 856 855 0.6362642394556397 0.5133209206534813 0.09872027780882575
3 855 502 503 0.6362642394556397 0.5133209206534813 0.09872027780882575
3 635 513 636 0.6362642394556397 0.5133209206534813 0.09872027780882575
3 637 636 514 0.6362642394556397 0.5133209206534813 0.09872027780882575
3 514 636 513 0.6362642394556397 0.5133209206534813 0.09872027780882575
3 501 500 209 0.6362642394556397 0.5133209206534813 0.09872027780882575
3 621 622 209 0.6362642394556397 0.5133209206534813 0.09872027780882575
3 209 502 501 0.6362642394556397 0.5133209206534813 0.09872027780882575
3 209 622 502 0.6362642394556397 0.5133209206534813 0.09872027780882575
3 699 492 698 0.6362642394556397 0.5133209206534813 0.09872027780882575
3 699 484 700 0.6362642394556397 0.5133209206534813 0.09872027780882575
3 699 483 484 0.6362642394556397 0.5133209206534813 0.09872027780882575
3 698 483 699 0.6362642394556397 0.5133209206534813 0.09872027780882575
3 204 492 621 0.6362642394556397 0.5133209206534813 0.09872027780882575
3 621 620 204 0.6362642394556397 0.5133209206534813 0.09872027780882575
3 204 620 203 0.6362642394556397 0.5133209206534813 0.09872027780882575
3 700 494 493 0.6362642394556397 0.5133209206534813 0.09872027780882575
3 493 699 700 0.6362642394556397 0.5133209206534813 0.09872027780882575
3 492 699 493 0.6362642394556397 0.5133209206534813 0.09872027780882575
3 493 494 623 0.6362642394556397 0.5133209206534813 0.09872027780882575
3 623 622 493 0.6362642394556397 0.5133209206534813 0.09872027780882575
3 493 622 492 0.6362642394556397 0.5133209206534813 0.09872027780882575
3 305 483 698 0.6362642394556397 0.5133209206534813 0.09872027780882575
3 305 697 194 0.6362642394556397 0.5133209206534813 0.09872027780882575
3 698 697 305 0.6362642394556397 0.5133209206534813 0.09872027780882575
3 305 194 482 0.6362642394556397 0.5133209206534813 0.09872027780882575
3 482 483 305 0.6362642394556397 0.5133209206534813 0.09872027780882575
3 85 210 850 0.6362642394556397 0.5133209206534813 0.09872027780882575
3 85 84 210 0.6362642394556397 0.5133209206534813 0.09872027780882575
3 85 850 86 0.6362642394556397 0.5133209206534813 0.09872027780882575
3 730 729 579 0.6362642394556397 0.5133209206534813 0.09872027780882575
3 579 580 730 0.6362642394556397 0.5133209206534813 0.09872027780882575
3 730 580 731 0.6362642394556397 0.5133209206534813 0.09872027780882575
3 731 592 730 0.6362642394556397 0.5133209206534813 0.09872027780882575
3 730 592 729 0.6362642394556397 0.5133209206534813 0.09872027780882575
3 744 745 652 0.6362642394556397 0.5133209206534813 0.09872027780882575
3 652 651 744 0.6362642394556397 0.5133209206534813 0.09872027780882575
3 744 651 743 0.6362642394556397 0.5133209206534813 0.09872027780882575
3 744 743 604 0.6362642394556397 0.5133209206534813 0.09872027780882575
3 604 745 744 0.6362642394556397 0.5133209206534813 0.09872027780882575
3 743 436 742 0.6362642394556397 0.5133209206534813 0.09872027780882575
3 742 741 426 0.6362642394556397 0.5133209206534813 0.09872027780882575
3 426 743 742 0.6362642394556397 0.5133209206534813 0.09872027780882575
3 435 434 741 0.6362642394556397 0.5133209206534813 0.09872027780882575
3 741 742 435 0.6362642394556397 0.5133209206534813 0.09872027780882575
3 435 742 436 0.6362642394556397 0.5133209206534813 0.09872027780882575
3 435 648 434 0.6362642394556397 0.5133209206534813 0.09872027780882575
3 800 801 603 0.6362642394556397 0.5133209206534813 0.09872027780882575
3 800 602 799 0.6362642394556397 0.5133209206534813 0.09872027780882575
3 603 602 800 0.6362642394556397 0.5133209206534813 0.09872027780882575
3 799 416 800 0.6362642394556397 0.5133209206534813 0.09872027780882575
3 800 416 591 0.6362642394556397 0.5133209206534813 0.09872027780882575
3 591 801 800 0.6362642394556397 0.5133209206534813 0.09872027780882575
3 154 737 736 0.6362642394556397 0.5133209206534813 0.09872027780882575
3 154 736 153 0.6362642394556397 0.5133209206534813 0.09872027780882575
3 153 262 154 0.6362642394556397 0.5133209206534813 0.09872027780882575
3 159 431 430 0.6362642394556397 0.5133209206534813 0.09872027780882575
3 159 432 431 0.6362642394556397 0.5133209206534813 0.09872027780882575
3 737 154 263 0.6362642394556397 0.5133209206534813 0.09872027780882575
3 422 423 263 0.6362642394556397 0.5133209206534813 0.09872027780882575
3 263 262 422 0.6362642394556397 0.5133209206534813 0.09872027780882575
3 263 154 262 0.6362642394556397 0.5133209206534813 0.09872027780882575
3 158 157 736 0.6362642394556397 0.5133209206534813 0.09872027780882575
3 158 159 430 0.6362642394556397 0.5133209206534813 0.09872027780882575
3 736 737 158 0.6362642394556397 0.5133209206534813 0.09872027780882575
3 737 159 158 0.6362642394556397 0.5133209206534813 0.09872027780882575
3 151 260 152 0.6362642394556397 0.5133209206534813 0.09872027780882575
3 255 420 419 0.6362642394556397 0.5133209206534813 0.09872027780882575
3 419 420 260 0.6362642394556397 0.5133209206534813 0.09872027780882575
3 253 252 594 0.6362642394556397 0.5133209206534813 0.09872027780882575
3 253 594 595 0.6362642394556397 0.5133209206534813 0.09872027780882575
3 29 258 30 0.6362642394556397 0.5133209206534813 0.09872027780882575
3 599 422 257 0.6362642394556397 0.5133209206534813 0.09872027780882575
3 257 598 599 0.6362642394556397 0.5133209206534813 0.09872027780882575
3 330 796 795 0.6362642394556397 0.5133209206534813 0.09872027780882575
3 411 412 330 0.6362642394556397 0.5133209206534813 0.09872027780882575
3 330 331 796 0.6362642394556397 0.5133209206534813 0.09872027780882575
3 412 331 330 0.6362642394556397 0.5133209206534813 0.09872027780882575
3 795 329 330 0.6362642394556397 0.5133209206534813 0.09872027780882575
3 330 329 411 0.6362642394556397 0.5133209206534813 0.09872027780882575
3 107 106 363 0.6362642394556397 0.5133209206534813 0.09872027780882575
3 107 365 723 0.6362642394556397 0.5133209206534813 0.09872027780882575
3 378 590 589 0.6362642394556397 0.5133209206534813 0.09872027780882575
3 589 377 378 0.6362642394556397 0.5133209206534813 0.09872027780882575
3 727 728 378 0.6362642394556397 0.5133209206534813 0.09872027780882575
3 728 590 378 0.6362642394556397 0.5133209206534813 0.09872027780882575
3 378 726 727 0.6362642394556397 0.5133209206534813 0.09872027780882575
3 377 726 378 0.6362642394556397 0.5133209206534813 0.09872027780882575
3 405 406 369 0.6362642394556397 0.5133209206534813 0.09872027780882575
3 404 577 405 0.6362642394556397 0.5133209206534813 0.09872027780882575
3 405 369 404 0.6362642394556397 0.5133209206534813 0.09872027780882575
3 577 578 405 0.6362642394556397 0.5133209206534813 0.09872027780882575
3 578 406 405 0.6362642394556397 0.5133209206534813 0.09872027780882575
3 781 323 780 0.6362642394556397 0.5133209206534813 0.09872027780882575
3 780 543 781 0.6362642394556397 0.5133209206534813 0.09872027780882575
3 324 323 781 0.6362642394556397 0.5133209206534813 0.09872027780882575
3 576 575 324 0.6362642394556397 0.5133209206534813 0.09872027780882575
3 576 577 404 0.6362642394556397 0.5133209206534813 0.09872027780882575
3 404 403 576 0.6362642394556397 0.5133209206534813 0.09872027780882575
3 403 575 576 0.6362642394556397 0.5133209206534813 0.09872027780882575
3 217 853 218 0.6362642394556397 0.5133209206534813 0.09872027780882575
3 217 218 510 0.6362642394556397 0.5133209206534813 0.09872027780882575
3 510 509 217 0.6362642394556397 0.5133209206534813 0.09872027780882575
3 631 221 222 0.6362642394556397 0.5133209206534813 0.09872027780882575
3 632 631 222 0.6362642394556397 0.5133209206534813 0.09872027780882575
3 508 509 222 0.6362642394556397 0.5133209206534813 0.09872027780882575
3 222 221 508 0.6362642394556397 0.5133209206534813 0.09872027780882575
3 228 631 632 0.6362642394556397 0.5133209206534813 0.09872027780882575
3 228 229 521 0.6362642394556397 0.5133209206534813 0.09872027780882575
3 632 229 228 0.6362642394556397 0.5133209206534813 0.09872027780882575
3 522 634 523 0.6362642394556397 0.5133209206534813 0.09872027780882575
3 229 634 522 0.6362642394556397 0.5133209206534813 0.09872027780882575
3 521 229 522 0.6362642394556397 0.5133209206534813 0.09872027780882575
3 522 523 767 0.6362642394556397 0.5133209206534813 0.09872027780882575
3 767 766 522 0.6362642394556397 0.5133209206534813 0.09872027780882575
3 522 234 521 0.6362642394556397 0.5133209206534813 0.09872027780882575
3 766 234 522 0.6362642394556397 0.5133209206534813 0.09872027780882575
3 511 224 510 0.6362642394556397 0.5133209206534813 0.09872027780882575
3 510 218 511 0.6362642394556397 0.5133209206534813 0.09872027780882575
3 218 219 511 0.6362642394556397 0.5133209206534813 0.09872027780882575
3 511 219 512 0.6362642394556397 0.5133209206534813 0.09872027780882575
3 512 224 511 0.6362642394556397 0.5133209206534813 0.09872027780882575
3 510 224 223 0.6362642394556397 0.5133209206534813 0.09872027780882575
3 632 222 223 0.6362642394556397 0.5133209206534813 0.09872027780882575
3 223 633 632 0.6362642394556397 0.5133209206534813 0.09872027780882575
3 223 224 633 0.6362642394556397 0.5133209206534813 0.09872027780882575
3 223 509 510 0.6362642394556397 0.5133209206534813 0.09872027780882575
3 223 222 509 0.6362642394556397 0.5133209206534813 0.09872027780882575
3 770 526 771 0.6362642394556397 0.5133209206534813 0.09872027780882575
3 770 716 536 0.6362642394556397 0.5133209206534813 0.09872027780882575
3 771 716 770 0.6362642394556397 0.5133209206534813 0.09872027780882575
3 638 526 637 0.6362642394556397 0.5133209206534813 0.09872027780882575
3 639 526 638 0.6362642394556397 0.5133209206534813 0.09872027780882575
3 638 516 639 0.6362642394556397 0.5133209206534813 0.09872027780882575
3 858 859 515 0.6362642394556397 0.5133209206534813 0.09872027780882575
3 859 516 515 0.6362642394556397 0.5133209206534813 0.09872027780882575
3 515 514 858 0.6362642394556397 0.5133209206534813 0.09872027780882575
3 637 514 515 0.6362642394556397 0.5133209206534813 0.09872027780882575
3 515 638 637 0.6362642394556397 0.5133209206534813 0.09872027780882575
3 516 638 515 0.6362642394556397 0.5133209206534813 0.09872027780882575
3 691 832 692 0.6362642394556397 0.5133209206534813 0.09872027780882575
3 692 832 833 0.6362642394556397 0.5133209206534813 0.09872027780882575
3 692 616 691 0.6362642394556397 0.5133209206534813 0.09872027780882575
3 847 616 692 0.6362642394556397 0.5133209206534813 0.09872027780882575
3 692 833 848 0.6362642394556397 0.5133209206534813 0.09872027780882575
3 848 847 692 0.6362642394556397 0.5133209206534813 0.09872027780882575
3 864 849 865 0.6362642394556397 0.5133209206534813 0.09872027780882575
3 864 863 849 0.6362642394556397 0.5133209206534813 0.09872027780882575
3 865 789 864 0.6362642394556397 0.5133209206534813 0.09872027780882575
3 774 863 864 0.6362642394556397 0.5133209206534813 0.09872027780882575
3 864 789 774 0.6362642394556397 0.5133209206534813 0.09872027780882575
3 495 702 496 0.6362642394556397 0.5133209206534813 0.09872027780882575
3 624 494 495 0.6362642394556397 0.5133209206534813 0.09872027780882575
3 860 859 506 0.6362642394556397 0.5133209206534813 0.09872027780882575
3 506 859 858 0.6362642394556397 0.5133209206534813 0.09872027780882575
3 703 626 496 0.6362642394556397 0.5133209206534813 0.09872027780882575
3 496 702 703 0.6362642394556397 0.5133209206534813 0.09872027780882575
3 846 704 703 0.6362642394556397 0.5133209206534813 0.09872027780882575
3 169 440 168 0.6362642394556397 0.5133209206534813 0.09872027780882575
3 167 644 168 0.6362642394556397 0.5133209206534813 0.09872027780882575
3 439 167 168 0.6362642394556397 0.5133209206534813 0.09872027780882575
3 168 440 439 0.6362642394556397 0.5133209206534813 0.09872027780882575
3 164 644 163 0.6362642394556397 0.5133209206534813 0.09872027780882575
3 430 431 163 0.6362642394556397 0.5133209206534813 0.09872027780882575
3 163 431 164 0.6362642394556397 0.5133209206534813 0.09872027780882575
3 645 646 169 0.6362642394556397 0.5133209206534813 0.09872027780882575
3 164 646 645 0.6362642394556397 0.5133209206534813 0.09872027780882575
3 645 644 164 0.6362642394556397 0.5133209206534813 0.09872027780882575
3 169 168 645 0.6362642394556397 0.5133209206534813 0.09872027780882575
3 645 168 644 0.6362642394556397 0.5133209206534813 0.09872027780882575
3 809 173 174 0.6362642394556397 0.5133209206534813 0.09872027780882575
3 174 441 442 0.6362642394556397 0.5133209206534813 0.09872027780882575
3 440 441 174 0.6362642394556397 0.5133209206534813 0.09872027780882575
3 174 173 440 0.6362642394556397 0.5133209206534813 0.09872027780882575
3 808 173 809 0.6362642394556397 0.5133209206534813 0.09872027780882575
3 808 178 807 0.6362642394556397 0.5133209206534813 0.09872027780882575
3 807 172 808 0.6362642394556397 0.5133209206534813 0.09872027780882575
3 172 173 808 0.6362642394556397 0.5133209206534813 0.09872027780882575
3 38 805 39 0.6362642394556397 0.5133209206534813 0.09872027780882575
3 39 175 40 0.6362642394556397 0.5133209206534813 0.09872027780882575
3 39 805 175 0.6362642394556397 0.5133209206534813 0.09872027780882575
3 611 612 474 0.6362642394556397 0.5133209206534813 0.09872027780882575
3 394 612 611 0.6362642394556397 0.5133209206534813 0.09872027780882575
3 393 394 611 0.6362642394556397 0.5133209206534813 0.09872027780882575
3 611 610 393 0.6362642394556397 0.5133209206534813 0.09872027780882575
3 395 396 613 0.6362642394556397 0.5133209206534813 0.09872027780882575
3 613 612 395 0.6362642394556397 0.5133209206534813 0.09872027780882575
3 687 688 395 0.6362642394556397 0.5133209206534813 0.09872027780882575
3 688 396 395 0.6362642394556397 0.5133209206534813 0.09872027780882575
3 395 394 687 0.6362642394556397 0.5133209206534813 0.09872027780882575
3 395 612 394 0.6362642394556397 0.5133209206534813 0.09872027780882575
3 844 843 475 0.6362642394556397 0.5133209206534813 0.09872027780882575
3 475 476 844 0.6362642394556397 0.5133209206534813 0.09872027780882575
3 485 843 844 0.6362642394556397 0.5133209206534813 0.09872027780882575
3 844 486 485 0.6362642394556397 0.5133209206534813 0.09872027780882575
3 690 691 615 0.6362642394556397 0.5133209206534813 0.09872027780882575
3 691 616 615 0.6362642394556397 0.5133209206534813 0.09872027780882575
3 615 616 846 0.6362642394556397 0.5133209206534813 0.09872027780882575
3 614 476 613 0.6362642394556397 0.5133209206534813 0.09872027780882575
3 614 396 689 0.6362642394556397 0.5133209206534813 0.09872027780882575
3 613 396 614 0.6362642394556397 0.5133209206534813 0.09872027780882575
3 614 615 476 0.6362642394556397 0.5133209206534813 0.09872027780882575
3 614 689 690 0.6362642394556397 0.5133209206534813 0.09872027780882575
3 690 615 614 0.6362642394556397 0.5133209206534813 0.09872027780882575
3 828 827 360 0.6362642394556397 0.5133209206534813 0.09872027780882575
3 360 465 828 0.6362642394556397 0.5133209206534813 0.09872027780882575
3 360 359 463 0.6362642394556397 0.5133209206534813 0.09872027780882575
3 360 827 826 0.6362642394556397 0.5133209206534813 0.09872027780882575
3 826 359 360 0.6362642394556397 0.5133209206534813 0.09872027780882575
3 463 462 672 0.6362642394556397 0.5133209206534813 0.09872027780882575
3 672 673 463 0.6362642394556397 0.5133209206534813 0.09872027780882575
3 462 671 672 0.6362642394556397 0.5133209206534813 0.09872027780882575
3 672 671 280 0.6362642394556397 0.5133209206534813 0.09872027780882575
3 556 756 555 0.6362642394556397 0.5133209206534813 0.09872027780882575
3 345 563 344 0.6362642394556397 0.5133209206534813 0.09872027780882575
3 344 752 345 0.6362642394556397 0.5133209206534813 0.09872027780882575
3 336 335 550 0.6362642394556397 0.5133209206534813 0.09872027780882575
3 337 752 336 0.6362642394556397 0.5133209206534813 0.09872027780882575
3 653 818 817 0.6362642394556397 0.5133209206534813 0.09872027780882575
3 818 666 817 0.6362642394556397 0.5133209206534813 0.09872027780882575
3 817 816 653 0.6362642394556397 0.5133209206534813 0.09872027780882575
3 817 666 816 0.6362642394556397 0.5133209206534813 0.09872027780882575
3 446 815 814 0.6362642394556397 0.5133209206534813 0.09872027780882575
3 813 445 814 0.6362642394556397 0.5133209206534813 0.09872027780882575
3 445 446 814 0.6362642394556397 0.5133209206534813 0.09872027780882575
3 682 681 130 0.6362642394556397 0.5133209206534813 0.09872027780882575
3 133 681 682 0.6362642394556397 0.5133209206534813 0.09872027780882575
3 682 130 131 0.6362642394556397 0.5133209206534813 0.09872027780882575
3 131 683 682 0.6362642394556397 0.5133209206534813 0.09872027780882575
3 138 607 137 0.6362642394556397 0.5133209206534813 0.09872027780882575
3 137 389 138 0.6362642394556397 0.5133209206534813 0.09872027780882575
3 185 67 605 0.6362642394556397 0.5133209206534813 0.09872027780882575
3 605 186 185 0.6362642394556397 0.5133209206534813 0.09872027780882575
3 605 606 186 0.6362642394556397 0.5133209206534813 0.09872027780882575
3 822 348 347 0.6362642394556397 0.5133209206534813 0.09872027780882575
3 347 821 822 0.6362642394556397 0.5133209206534813 0.09872027780882575
3 347 348 283 0.6362642394556397 0.5133209206534813 0.09872027780882575
3 346 821 347 0.6362642394556397 0.5133209206534813 0.09872027780882575
3 283 282 347 0.6362642394556397 0.5133209206534813 0.09872027780882575
3 347 282 346 0.6362642394556397 0.5133209206534813 0.09872027780882575
3 277 278 122 0.6362642394556397 0.5133209206534813 0.09872027780882575
3 559 278 277 0.6362642394556397 0.5133209206534813 0.09872027780882575
3 277 276 558 0.6362642394556397 0.5133209206534813 0.09872027780882575
3 558 559 277 0.6362642394556397 0.5133209206534813 0.09872027780882575
3 291 469 470 0.6362642394556397 0.5133209206534813 0.09872027780882575
3 470 292 291 0.6362642394556397 0.5133209206534813 0.09872027780882575
3 607 188 187 0.6362642394556397 0.5133209206534813 0.09872027780882575
3 469 186 187 0.6362642394556397 0.5133209206534813 0.09872027780882575
3 187 470 469 0.6362642394556397 0.5133209206534813 0.09872027780882575
3 188 470 187 0.6362642394556397 0.5133209206534813 0.09872027780882575
3 187 606 607 0.6362642394556397 0.5133209206534813 0.09872027780882575
3 186 606 187 0.6362642394556397 0.5133209206534813 0.09872027780882575
3 189 610 472 0.6362642394556397 0.5133209206534813 0.09872027780882575
3 189 609 610 0.6362642394556397 0.5133209206534813 0.09872027780882575
3 392 609 139 0.6362642394556397 0.5133209206534813 0.09872027780882575
3 750 334 335 0.6362642394556397 0.5133209206534813 0.09872027780882575
3 343 342 750 0.6362642394556397 0.5133209206534813 0.09872027780882575
3 46 45 332 0.6362642394556397 0.5133209206534813 0.09872027780882575
3 562 561 343 0.6362642394556397 0.5133209206534813 0.09872027780882575
3 280 561 562 0.6362642394556397 0.5133209206534813 0.09872027780882575
3 343 344 562 0.6362642394556397 0.5133209206534813 0.09872027780882575
3 562 344 563 0.6362642394556397 0.5133209206534813 0.09872027780882575
3 193 303 481 0.6362642394556397 0.5133209206534813 0.09872027780882575
3 481 303 298 0.6362642394556397 0.5133209206534813 0.09872027780882575
3 298 840 481 0.6362642394556397 0.5133209206534813 0.09872027780882575
3 481 840 299 0.6362642394556397 0.5133209206534813 0.09872027780882575
3 479 297 302 0.6362642394556397 0.5133209206534813 0.09872027780882575
3 301 296 479 0.6362642394556397 0.5133209206534813 0.09872027780882575
3 296 838 479 0.6362642394556397 0.5133209206534813 0.09872027780882575
3 838 297 479 0.6362642394556397 0.5133209206534813 0.09872027780882575
3 479 191 301 0.6362642394556397 0.5133209206534813 0.09872027780882575
3 302 191 479 0.6362642394556397 0.5133209206534813 0.09872027780882575
3 839 298 480 0.6362642394556397 0.5133209206534813 0.09872027780882575
3 480 297 839 0.6362642394556397 0.5133209206534813 0.09872027780882575
3 298 303 480 0.6362642394556397 0.5133209206534813 0.09872027780882575
3 302 297 480 0.6362642394556397 0.5133209206534813 0.09872027780882575
3 192 302 480 0.6362642394556397 0.5133209206534813 0.09872027780882575
3 480 303 192 0.6362642394556397 0.5133209206534813 0.09872027780882575
3 249 250 596 0.6362642394556397 0.5133209206534813 0.09872027780882575
3 595 249 596 0.6362642394556397 0.5133209206534813 0.09872027780882575
3 255 596 597 0.6362642394556397 0.5133209206534813 0.09872027780882575
3 597 596 250 0.6362642394556397 0.5133209206534813 0.09872027780882575
3 251 598 597 0.6362642394556397 0.5133209206534813 0.09872027780882575
3 597 250 251 0.6362642394556397 0.5133209206534813 0.09872027780882575
3 251 250 384 0.6362642394556397 0.5133209206534813 0.09872027780882575
3 795 385 384 0.6362642394556397 0.5133209206534813 0.09872027780882575
3 384 385 251 0.6362642394556397 0.5133209206534813 0.09872027780882575
3 383 250 249 0.6362642394556397 0.5133209206534813 0.09872027780882575
3 383 382 119 0.6362642394556397 0.5133209206534813 0.09872027780882575
3 249 382 383 0.6362642394556397 0.5133209206534813 0.09872027780882575
3 383 384 250 0.6362642394556397 0.5133209206534813 0.09872027780882575
3 792 326 327 0.6362642394556397 0.5133209206534813 0.09872027780882575
3 791 326 792 0.6362642394556397 0.5133209206534813 0.09872027780882575
3 792 117 791 0.6362642394556397 0.5133209206534813 0.09872027780882575
3 792 118 117 0.6362642394556397 0.5133209206534813 0.09872027780882575
3 248 247 381 0.6362642394556397 0.5133209206534813 0.09872027780882575
3 381 382 248 0.6362642394556397 0.5133209206534813 0.09872027780882575
3 381 118 382 0.6362642394556397 0.5133209206534813 0.09872027780882575
3 381 247 380 0.6362642394556397 0.5133209206534813 0.09872027780882575
3 380 117 381 0.6362642394556397 0.5133209206534813 0.09872027780882575
3 117 118 381 0.6362642394556397 0.5133209206534813 0.09872027780882575
3 362 361 101 0.6362642394556397 0.5133209206534813 0.09872027780882575
3 362 105 361 0.6362642394556397 0.5133209206534813 0.09872027780882575
3 101 102 362 0.6362642394556397 0.5133209206534813 0.09872027780882575
3 362 102 363 0.6362642394556397 0.5133209206534813 0.09872027780882575
3 363 106 362 0.6362642394556397 0.5133209206534813 0.09872027780882575
3 106 105 362 0.6362642394556397 0.5133209206534813 0.09872027780882575
3 327 326 408 0.6362642394556397 0.5133209206534813 0.09872027780882575
3 145 146 408 0.6362642394556397 0.5133209206534813 0.09872027780882575
3 408 407 145 0.6362642394556397 0.5133209206534813 0.09872027780882575
3 408 326 407 0.6362642394556397 0.5133209206534813 0.09872027780882575
3 238 237 763 0.6362642394556397 0.5133209206534813 0.09872027780882575
3 763 764 238 0.6362642394556397 0.5133209206534813 0.09872027780882575
3 232 764 763 0.6362642394556397 0.5133209206534813 0.09872027780882575
3 763 231 232 0.6362642394556397 0.5133209206534813 0.09872027780882575
3 763 237 762 0.6362642394556397 0.5133209206534813 0.09872027780882575
3 762 231 763 0.6362642394556397 0.5133209206534813 0.09872027780882575
3 709 708 308 0.6362642394556397 0.5133209206534813 0.09872027780882575
3 315 708 709 0.6362642394556397 0.5133209206534813 0.09872027780882575
3 780 542 317 0.6362642394556397 0.5133209206534813 0.09872027780882575
3 317 543 780 0.6362642394556397 0.5133209206534813 0.09872027780882575
3 308 529 309 0.6362642394556397 0.5133209206534813 0.09872027780882575
3 309 709 308 0.6362642394556397 0.5133209206534813 0.09872027780882575
3 316 779 541 0.6362642394556397 0.5133209206534813 0.09872027780882575
3 541 709 316 0.6362642394556397 0.5133209206534813 0.09872027780882575
3 315 709 541 0.6362642394556397 0.5133209206534813 0.09872027780882575
3 315 541 778 0.6362642394556397 0.5133209206534813 0.09872027780882575
3 778 541 779 0.6362642394556397 0.5133209206534813 0.09872027780882575
3 320 777 778 0.6362642394556397 0.5133209206534813 0.09872027780882575
3 780 323 322 0.6362642394556397 0.5133209206534813 0.09872027780882575
3 322 779 780 0.6362642394556397 0.5133209206534813 0.09872027780882575
3 207 498 206 0.6362642394556397 0.5133209206534813 0.09872027780882575
3 499 498 207 0.6362642394556397 0.5133209206534813 0.09872027780882575
3 206 205 618 0.6362642394556397 0.5133209206534813 0.09872027780882575
3 618 205 617 0.6362642394556397 0.5133209206534813 0.09872027780882575
3 194 697 696 0.6362642394556397 0.5133209206534813 0.09872027780882575
3 696 193 194 0.6362642394556397 0.5133209206534813 0.09872027780882575
3 197 695 696 0.6362642394556397 0.5133209206534813 0.09872027780882575
3 696 695 193 0.6362642394556397 0.5133209206534813 0.09872027780882575
3 203 202 490 0.6362642394556397 0.5133209206534813 0.09872027780882575
3 858 514 857 0.6362642394556397 0.5133209206534813 0.09872027780882575
3 857 513 856 0.6362642394556397 0.5133209206534813 0.09872027780882575
3 857 514 513 0.6362642394556397 0.5133209206534813 0.09872027780882575
3 208 209 500 0.6362642394556397 0.5133209206534813 0.09872027780882575
3 208 207 620 0.6362642394556397 0.5133209206534813 0.09872027780882575
3 208 620 621 0.6362642394556397 0.5133209206534813 0.09872027780882575
3 621 209 208 0.6362642394556397 0.5133209206534813 0.09872027780882575
3 208 500 499 0.6362642394556397 0.5133209206534813 0.09872027780882575
3 499 207 208 0.6362642394556397 0.5133209206534813 0.09872027780882575
3 698 492 491 0.6362642394556397 0.5133209206534813 0.09872027780882575
3 492 204 491 0.6362642394556397 0.5133209206534813 0.09872027780882575
3 491 204 203 0.6362642394556397 0.5133209206534813 0.09872027780882575
3 203 490 491 0.6362642394556397 0.5133209206534813 0.09872027780882575
3 648 435 649 0.6362642394556397 0.5133209206534813 0.09872027780882575
3 650 445 649 0.6362642394556397 0.5133209206534813 0.09872027780882575
3 649 436 650 0.6362642394556397 0.5133209206534813 0.09872027780882575
3 649 435 436 0.6362642394556397 0.5133209206534813 0.09872027780882575
3 649 445 444 0.6362642394556397 0.5133209206534813 0.09872027780882575
3 444 648 649 0.6362642394556397 0.5133209206534813 0.09872027780882575
3 737 263 738 0.6362642394556397 0.5133209206534813 0.09872027780882575
3 738 159 737 0.6362642394556397 0.5133209206534813 0.09872027780882575
3 738 423 739 0.6362642394556397 0.5133209206534813 0.09872027780882575
3 738 263 423 0.6362642394556397 0.5133209206534813 0.09872027780882575
3 739 432 738 0.6362642394556397 0.5133209206534813 0.09872027780882575
3 432 159 738 0.6362642394556397 0.5133209206534813 0.09872027780882575
3 429 158 430 0.6362642394556397 0.5133209206534813 0.09872027780882575
3 157 158 429 0.6362642394556397 0.5133209206534813 0.09872027780882575
3 642 166 165 0.6362642394556397 0.5133209206534813 0.09872027780882575
3 155 156 427 0.6362642394556397 0.5133209206534813 0.09872027780882575
3 427 33 155 0.6362642394556397 0.5133209206534813 0.09872027780882575
3 155 33 32 0.6362642394556397 0.5133209206534813 0.09872027780882575
3 157 156 735 0.6362642394556397 0.5133209206534813 0.09872027780882575
3 736 157 735 0.6362642394556397 0.5133209206534813 0.09872027780882575
3 153 736 735 0.6362642394556397 0.5133209206534813 0.09872027780882575
3 735 152 153 0.6362642394556397 0.5133209206534813 0.09872027780882575
3 261 262 153 0.6362642394556397 0.5133209206534813 0.09872027780882575
3 153 152 261 0.6362642394556397 0.5133209206534813 0.09872027780882575
3 261 152 260 0.6362642394556397 0.5133209206534813 0.09872027780882575
3 260 420 261 0.6362642394556397 0.5133209206534813 0.09872027780882575
3 259 260 151 0.6362642394556397 0.5133209206534813 0.09872027780882575
3 259 419 260 0.6362642394556397 0.5133209206534813 0.09872027780882575
3 150 259 151 0.6362642394556397 0.5133209206534813 0.09872027780882575
3 258 259 150 0.6362642394556397 0.5133209206534813 0.09872027780882575
3 30 258 150 0.6362642394556397 0.5133209206534813 0.09872027780882575
3 150 31 30 0.6362642394556397 0.5133209206534813 0.09872027780882575
3 258 29 417 0.6362642394556397 0.5133209206534813 0.09872027780882575
3 252 253 417 0.6362642394556397 0.5133209206534813 0.09872027780882575
3 417 28 252 0.6362642394556397 0.5133209206534813 0.09872027780882575
3 417 29 28 0.6362642394556397 0.5133209206534813 0.09872027780882575
3 256 420 255 0.6362642394556397 0.5133209206534813 0.09872027780882575
3 255 597 256 0.6362642394556397 0.5133209206534813 0.09872027780882575
3 598 257 256 0.6362642394556397 0.5133209206534813 0.09872027780882575
3 256 597 598 0.6362642394556397 0.5133209206534813 0.09872027780882575
3 409 328 327 0.6362642394556397 0.5133209206534813 0.09872027780882575
3 327 408 409 0.6362642394556397 0.5133209206534813 0.09872027780882575
3 409 408 146 0.6362642394556397 0.5133209206534813 0.09872027780882575
3 411 329 410 0.6362642394556397 0.5133209206534813 0.09872027780882575
3 329 328 410 0.6362642394556397 0.5133209206534813 0.09872027780882575
3 328 409 410 0.6362642394556397 0.5133209206534813 0.09872027780882575
3 721 106 722 0.6362642394556397 0.5133209206534813 0.09872027780882575
3 106 107 722 0.6362642394556397 0.5133209206534813 0.09872027780882575
3 722 111 721 0.6362642394556397 0.5133209206534813 0.09872027780882575
3 723 111 722 0.6362642394556397 0.5133209206534813 0.09872027780882575
3 722 107 723 0.6362642394556397 0.5133209206534813 0.09872027780882575
3 103 365 364 0.6362642394556397 0.5133209206534813 0.09872027780882575
3 365 107 364 0.6362642394556397 0.5133209206534813 0.09872027780882575
3 363 103 364 0.6362642394556397 0.5133209206534813 0.09872027780882575
3 364 107 363 0.6362642394556397 0.5133209206534813 0.09872027780882575
3 531 239 532 0.6362642394556397 0.5133209206534813 0.09872027780882575
3 765 766 532 0.6362642394556397 0.5133209206534813 0.09872027780882575
3 532 239 765 0.6362642394556397 0.5133209206534813 0.09872027780882575
3 714 715 546 0.6362642394556397 0.5133209206534813 0.09872027780882575
3 535 715 714 0.6362642394556397 0.5133209206534813 0.09872027780882575
3 544 781 543 0.6362642394556397 0.5133209206534813 0.09872027780882575
3 543 712 544 0.6362642394556397 0.5133209206534813 0.09872027780882575
3 853 217 852 0.6362642394556397 0.5133209206534813 0.09872027780882575
3 213 853 852 0.6362642394556397 0.5133209206534813 0.09872027780882575
3 852 212 213 0.6362642394556397 0.5133209206534813 0.09872027780882575
3 631 228 227 0.6362642394556397 0.5133209206534813 0.09872027780882575
3 519 226 227 0.6362642394556397 0.5133209206534813 0.09872027780882575
3 630 631 227 0.6362642394556397 0.5133209206534813 0.09872027780882575
3 227 226 630 0.6362642394556397 0.5133209206534813 0.09872027780882575
3 233 519 520 0.6362642394556397 0.5133209206534813 0.09872027780882575
3 520 228 521 0.6362642394556397 0.5133209206534813 0.09872027780882575
3 519 227 520 0.6362642394556397 0.5133209206534813 0.09872027780882575
3 520 227 228 0.6362642394556397 0.5133209206534813 0.09872027780882575
3 520 234 233 0.6362642394556397 0.5133209206534813 0.09872027780882575
3 521 234 520 0.6362642394556397 0.5133209206534813 0.09872027780882575
3 536 535 769 0.6362642394556397 0.5133209206534813 0.09872027780882575
3 769 770 536 0.6362642394556397 0.5133209206534813 0.09872027780882575
3 535 768 769 0.6362642394556397 0.5133209206534813 0.09872027780882575
3 486 702 701 0.6362642394556397 0.5133209206534813 0.09872027780882575
3 702 495 701 0.6362642394556397 0.5133209206534813 0.09872027780882575
3 701 700 485 0.6362642394556397 0.5133209206534813 0.09872027780882575
3 485 486 701 0.6362642394556397 0.5133209206534813 0.09872027780882575
3 701 494 700 0.6362642394556397 0.5133209206534813 0.09872027780882575
3 701 495 494 0.6362642394556397 0.5133209206534813 0.09872027780882575
3 505 506 858 0.6362642394556397 0.5133209206534813 0.09872027780882575
3 858 857 505 0.6362642394556397 0.5133209206534813 0.09872027780882575
3 626 506 505 0.6362642394556397 0.5133209206534813 0.09872027780882575
3 627 703 704 0.6362642394556397 0.5133209206534813 0.09872027780882575
3 626 703 627 0.6362642394556397 0.5133209206534813 0.09872027780882575
3 627 704 628 0.6362642394556397 0.5133209206534813 0.09872027780882575
3 627 506 626 0.6362642394556397 0.5133209206534813 0.09872027780882575
3 627 628 860 0.6362642394556397 0.5133209206534813 0.09872027780882575
3 860 506 627 0.6362642394556397 0.5133209206534813 0.09872027780882575
3 473 611 474 0.6362642394556397 0.5133209206534813 0.09872027780882575
3 474 842 473 0.6362642394556397 0.5133209206534813 0.09872027780882575
3 842 841 473 0.6362642394556397 0.5133209206534813 0.09872027780882575
3 473 293 472 0.6362642394556397 0.5133209206534813 0.09872027780882575
3 841 293 473 0.6362642394556397 0.5133209206534813 0.09872027780882575
3 472 610 473 0.6362642394556397 0.5133209206534813 0.09872027780882575
3 610 611 473 0.6362642394556397 0.5133209206534813 0.09872027780882575
3 476 615 845 0.6362642394556397 0.5133209206534813 0.09872027780882575
3 486 844 845 0.6362642394556397 0.5133209206534813 0.09872027780882575
3 845 844 476 0.6362642394556397 0.5133209206534813 0.09872027780882575
3 845 615 846 0.6362642394556397 0.5133209206534813 0.09872027780882575
3 845 702 486 0.6362642394556397 0.5133209206534813 0.09872027780882575
3 846 703 845 0.6362642394556397 0.5133209206534813 0.09872027780882575
3 845 703 702 0.6362642394556397 0.5133209206534813 0.09872027780882575
3 675 465 674 0.6362642394556397 0.5133209206534813 0.09872027780882575
3 565 675 674 0.6362642394556397 0.5133209206534813 0.09872027780882575
3 674 564 565 0.6362642394556397 0.5133209206534813 0.09872027780882575
3 674 673 564 0.6362642394556397 0.5133209206534813 0.09872027780882575
3 673 672 281 0.6362642394556397 0.5133209206534813 0.09872027780882575
3 564 673 281 0.6362642394556397 0.5133209206534813 0.09872027780882575
3 281 563 564 0.6362642394556397 0.5133209206534813 0.09872027780882575
3 281 672 280 0.6362642394556397 0.5133209206534813 0.09872027780882575
3 280 562 281 0.6362642394556397 0.5133209206534813 0.09872027780882575
3 281 562 563 0.6362642394556397 0.5133209206534813 0.09872027780882575
3 811 443 812 0.6362642394556397 0.5133209206534813 0.09872027780882575
3 442 443 811 0.6362642394556397 0.5133209206534813 0.09872027780882575
3 454 811 812 0.6362642394556397 0.5133209206534813 0.09872027780882575
3 453 811 454 0.6362642394556397 0.5133209206534813 0.09872027780882575
3 755 555 756 0.6362642394556397 0.5133209206534813 0.09872027780882575
3 755 756 567 0.6362642394556397 0.5133209206534813 0.09872027780882575
3 266 449 267 0.6362642394556397 0.5133209206534813 0.09872027780882575
3 658 275 274 0.6362642394556397 0.5133209206534813 0.09872027780882575
3 335 336 751 0.6362642394556397 0.5133209206534813 0.09872027780882575
3 343 750 751 0.6362642394556397 0.5133209206534813 0.09872027780882575
3 751 750 335 0.6362642394556397 0.5133209206534813 0.09872027780882575
3 751 344 343 0.6362642394556397 0.5133209206534813 0.09872027780882575
3 752 344 751 0.6362642394556397 0.5133209206534813 0.09872027780882575
3 751 336 752 0.6362642394556397 0.5133209206534813 0.09872027780882575
3 665 815 816 0.6362642394556397 0.5133209206534813 0.09872027780882575
3 665 664 815 0.6362642394556397 0.5133209206534813 0.09872027780882575
3 816 666 665 0.6362642394556397 0.5133209206534813 0.09872027780882575
3 759 758 665 0.6362642394556397 0.5133209206534813 0.09872027780882575
3 665 666 759 0.6362642394556397 0.5133209206534813 0.09872027780882575
3 556 663 557 0.6362642394556397 0.5133209206534813 0.09872027780882575
3 663 664 557 0.6362642394556397 0.5133209206534813 0.09872027780882575
3 757 556 557 0.6362642394556397 0.5133209206534813 0.09872027780882575
3 557 758 757 0.6362642394556397 0.5133209206534813 0.09872027780882575
3 557 665 758 0.6362642394556397 0.5133209206534813 0.09872027780882575
3 664 665 557 0.6362642394556397 0.5133209206534813 0.09872027780882575
3 815 664 456 0.6362642394556397 0.5133209206534813 0.09872027780882575
3 456 814 815 0.6362642394556397 0.5133209206534813 0.09872027780882575
3 456 664 663 0.6362642394556397 0.5133209206534813 0.09872027780882575
3 813 814 456 0.6362642394556397 0.5133209206534813 0.09872027780882575
3 135 392 391 0.6362642394556397 0.5133209206534813 0.09872027780882575
3 392 139 391 0.6362642394556397 0.5133209206534813 0.09872027780882575
3 390 389 133 0.6362642394556397 0.5133209206534813 0.09872027780882575
3 390 138 389 0.6362642394556397 0.5133209206534813 0.09872027780882575
3 390 139 138 0.6362642394556397 0.5133209206534813 0.09872027780882575
3 390 391 139 0.6362642394556397 0.5133209206534813 0.09872027780882575
3 66 605 67 0.6362642394556397 0.5133209206534813 0.09872027780882575
3 121 277 122 0.6362642394556397 0.5133209206534813 0.09872027780882575
3 121 669 668 0.6362642394556397 0.5133209206534813 0.09872027780882575
3 122 669 121 0.6362642394556397 0.5133209206534813 0.09872027780882575
3 121 668 120 0.6362642394556397 0.5133209206534813 0.09872027780882575
3 120 276 121 0.6362642394556397 0.5133209206534813 0.09872027780882575
3 276 277 121 0.6362642394556397 0.5133209206534813 0.09872027780882575
3 471 470 188 0.6362642394556397 0.5133209206534813 0.09872027780882575
3 188 189 471 0.6362642394556397 0.5133209206534813 0.09872027780882575
3 292 470 471 0.6362642394556397 0.5133209206534813 0.09872027780882575
3 471 189 472 0.6362642394556397 0.5133209206534813 0.09872027780882575
3 472 293 471 0.6362642394556397 0.5133209206534813 0.09872027780882575
3 471 293 292 0.6362642394556397 0.5133209206534813 0.09872027780882575
3 608 139 609 0.6362642394556397 0.5133209206534813 0.09872027780882575
3 609 189 608 0.6362642394556397 0.5133209206534813 0.09872027780882575
3 608 189 188 0.6362642394556397 0.5133209206534813 0.09872027780882575
3 608 188 607 0.6362642394556397 0.5133209206534813 0.09872027780882575
3 607 138 608 0.6362642394556397 0.5133209206534813 0.09872027780882575
3 138 139 608 0.6362642394556397 0.5133209206534813 0.09872027780882575
3 548 270 271 0.6362642394556397 0.5133209206534813 0.09872027780882575
3 271 549 548 0.6362642394556397 0.5133209206534813 0.09872027780882575
3 549 334 548 0.6362642394556397 0.5133209206534813 0.09872027780882575
3 547 45 44 0.6362642394556397 0.5133209206534813 0.09872027780882575
3 547 332 45 0.6362642394556397 0.5133209206534813 0.09872027780882575
3 44 270 547 0.6362642394556397 0.5133209206534813 0.09872027780882575
3 270 548 547 0.6362642394556397 0.5133209206534813 0.09872027780882575
3 46 332 747 0.6362642394556397 0.5133209206534813 0.09872027780882575
3 747 47 46 0.6362642394556397 0.5133209206534813 0.09872027780882575
3 747 339 47 0.6362642394556397 0.5133209206534813 0.09872027780882575
3 748 747 332 0.6362642394556397 0.5133209206534813 0.09872027780882575
3 194 193 304 0.6362642394556397 0.5133209206534813 0.09872027780882575
3 193 481 304 0.6362642394556397 0.5133209206534813 0.09872027780882575
3 482 194 304 0.6362642394556397 0.5133209206534813 0.09872027780882575
3 304 299 482 0.6362642394556397 0.5133209206534813 0.09872027780882575
3 304 481 299 0.6362642394556397 0.5133209206534813 0.09872027780882575
3 327 328 793 0.6362642394556397 0.5133209206534813 0.09872027780882575
3 793 792 327 0.6362642394556397 0.5133209206534813 0.09872027780882575
3 119 118 793 0.6362642394556397 0.5133209206534813 0.09872027780882575
3 118 792 793 0.6362642394556397 0.5133209206534813 0.09872027780882575
3 794 329 795 0.6362642394556397 0.5133209206534813 0.09872027780882575
3 795 384 794 0.6362642394556397 0.5133209206534813 0.09872027780882575
3 384 383 794 0.6362642394556397 0.5133209206534813 0.09872027780882575
3 794 328 329 0.6362642394556397 0.5133209206534813 0.09872027780882575
3 794 793 328 0.6362642394556397 0.5133209206534813 0.09872027780882575
3 794 383 119 0.6362642394556397 0.5133209206534813 0.09872027780882575
3 119 793 794 0.6362642394556397 0.5133209206534813 0.09872027780882575
3 711 712 543 0.6362642394556397 0.5133209206534813 0.09872027780882575
3 543 317 711 0.6362642394556397 0.5133209206534813 0.09872027780882575
3 529 237 530 0.6362642394556397 0.5133209206534813 0.09872027780882575
3 530 309 529 0.6362642394556397 0.5133209206534813 0.09872027780882575
3 530 237 238 0.6362642394556397 0.5133209206534813 0.09872027780882575
3 310 309 530 0.6362642394556397 0.5133209206534813 0.09872027780882575
3 530 238 531 0.6362642394556397 0.5133209206534813 0.09872027780882575
3 531 310 530 0.6362642394556397 0.5133209206534813 0.09872027780882575
3 710 309 310 0.6362642394556397 0.5133209206534813 0.09872027780882575
3 316 709 710 0.6362642394556397 0.5133209206534813 0.09872027780882575
3 709 309 710 0.6362642394556397 0.5133209206534813 0.09872027780882575
3 710 542 316 0.6362642394556397 0.5133209206534813 0.09872027780882575
3 710 317 542 0.6362642394556397 0.5133209206534813 0.09872027780882575
3 310 711 710 0.6362642394556397 0.5133209206534813 0.09872027780882575
3 710 711 317 0.6362642394556397 0.5133209206534813 0.09872027780882575
3 314 315 540 0.6362642394556397 0.5133209206534813 0.09872027780882575
3 315 778 540 0.6362642394556397 0.5133209206534813 0.09872027780882575
3 540 777 314 0.6362642394556397 0.5133209206534813 0.09872027780882575
3 540 778 777 0.6362642394556397 0.5133209206534813 0.09872027780882575
3 320 778 321 0.6362642394556397 0.5133209206534813 0.09872027780882575
3 321 242 320 0.6362642394556397 0.5133209206534813 0.09872027780882575
3 321 243 242 0.6362642394556397 0.5133209206534813 0.09872027780882575
3 321 322 243 0.6362642394556397 0.5133209206534813 0.09872027780882575
3 321 778 779 0.6362642394556397 0.5133209206534813 0.09872027780882575
3 779 322 321 0.6362642394556397 0.5133209206534813 0.09872027780882575
3 323 245 244 0.6362642394556397 0.5133209206534813 0.09872027780882575
3 244 322 323 0.6362642394556397 0.5133209206534813 0.09872027780882575
3 244 245 573 0.6362642394556397 0.5133209206534813 0.09872027780882575
3 243 322 244 0.6362642394556397 0.5133209206534813 0.09872027780882575
3 244 573 572 0.6362642394556397 0.5133209206534813 0.09872027780882575
3 572 243 244 0.6362642394556397 0.5133209206534813 0.09872027780882575
3 619 618 202 0.6362642394556397 0.5133209206534813 0.09872027780882575
3 619 202 203 0.6362642394556397 0.5133209206534813 0.09872027780882575
3 619 207 206 0.6362642394556397 0.5133209206534813 0.09872027780882575
3 206 618 619 0.6362642394556397 0.5133209206534813 0.09872027780882575
3 203 620 619 0.6362642394556397 0.5133209206534813 0.09872027780882575
3 620 207 619 0.6362642394556397 0.5133209206534813 0.09872027780882575
3 201 618 617 0.6362642394556397 0.5133209206534813 0.09872027780882575
3 201 200 488 0.6362642394556397 0.5133209206534813 0.09872027780882575
3 617 200 201 0.6362642394556397 0.5133209206534813 0.09872027780882575
3 202 618 201 0.6362642394556397 0.5133209206534813 0.09872027780882575
3 197 696 198 0.6362642394556397 0.5133209206534813 0.09872027780882575
3 198 696 697 0.6362642394556397 0.5133209206534813 0.09872027780882575
3 199 491 490 0.6362642394556397 0.5133209206534813 0.09872027780882575
3 199 198 697 0.6362642394556397 0.5133209206534813 0.09872027780882575
3 490 198 199 0.6362642394556397 0.5133209206534813 0.09872027780882575
3 199 697 698 0.6362642394556397 0.5133209206534813 0.09872027780882575
3 698 491 199 0.6362642394556397 0.5133209206534813 0.09872027780882575
3 430 163 162 0.6362642394556397 0.5133209206534813 0.09872027780882575
3 162 429 430 0.6362642394556397 0.5133209206534813 0.09872027780882575
3 161 429 162 0.6362642394556397 0.5133209206534813 0.09872027780882575
3 162 642 161 0.6362642394556397 0.5133209206534813 0.09872027780882575
3 428 429 161 0.6362642394556397 0.5133209206534813 0.09872027780882575
3 427 156 428 0.6362642394556397 0.5133209206534813 0.09872027780882575
3 428 156 157 0.6362642394556397 0.5133209206534813 0.09872027780882575
3 157 429 428 0.6362642394556397 0.5133209206534813 0.09872027780882575
3 428 160 427 0.6362642394556397 0.5133209206534813 0.09872027780882575
3 161 160 428 0.6362642394556397 0.5133209206534813 0.09872027780882575
3 34 160 35 0.6362642394556397 0.5133209206534813 0.09872027780882575
3 34 33 427 0.6362642394556397 0.5133209206534813 0.09872027780882575
3 427 160 34 0.6362642394556397 0.5133209206534813 0.09872027780882575
3 35 160 641 0.6362642394556397 0.5133209206534813 0.09872027780882575
3 641 165 36 0.6362642394556397 0.5133209206534813 0.09872027780882575
3 36 35 641 0.6362642394556397 0.5133209206534813 0.09872027780882575
3 641 642 165 0.6362642394556397 0.5133209206534813 0.09872027780882575
3 161 642 641 0.6362642394556397 0.5133209206534813 0.09872027780882575
3 641 160 161 0.6362642394556397 0.5133209206534813 0.09872027780882575
3 733 150 151 0.6362642394556397 0.5133209206534813 0.09872027780882575
3 31 150 733 0.6362642394556397 0.5133209206534813 0.09872027780882575
3 32 31 733 0.6362642394556397 0.5133209206534813 0.09872027780882575
3 733 155 32 0.6362642394556397 0.5133209206534813 0.09872027780882575
3 734 735 156 0.6362642394556397 0.5133209206534813 0.09872027780882575
3 734 733 151 0.6362642394556397 0.5133209206534813 0.09872027780882575
3 151 152 734 0.6362642394556397 0.5133209206534813 0.09872027780882575
3 152 735 734 0.6362642394556397 0.5133209206534813 0.09872027780882575
3 156 155 734 0.6362642394556397 0.5133209206534813 0.09872027780882575
3 155 733 734 0.6362642394556397 0.5133209206534813 0.09872027780882575
3 418 259 258 0.6362642394556397 0.5133209206534813 0.09872027780882575
3 258 417 418 0.6362642394556397 0.5133209206534813 0.09872027780882575
3 418 417 253 0.6362642394556397 0.5133209206534813 0.09872027780882575
3 419 259 418 0.6362642394556397 0.5133209206534813 0.09872027780882575
3 421 256 257 0.6362642394556397 0.5133209206534813 0.09872027780882575
3 422 262 421 0.6362642394556397 0.5133209206534813 0.09872027780882575
3 421 257 422 0.6362642394556397 0.5133209206534813 0.09872027780882575
3 262 261 421 0.6362642394556397 0.5133209206534813 0.09872027780882575
3 421 261 420 0.6362642394556397 0.5133209206534813 0.09872027780882575
3 420 256 421 0.6362642394556397 0.5133209206534813 0.09872027780882575
3 147 409 146 0.6362642394556397 0.5133209206534813 0.09872027780882575
3 582 583 147 0.6362642394556397 0.5133209206534813 0.09872027780882575
3 147 146 582 0.6362642394556397 0.5133209206534813 0.09872027780882575
3 147 410 409 0.6362642394556397 0.5133209206534813 0.09872027780882575
3 712 532 533 0.6362642394556397 0.5133209206534813 0.09872027780882575
3 533 766 767 0.6362642394556397 0.5133209206534813 0.09872027780882575
3 533 532 766 0.6362642394556397 0.5133209206534813 0.09872027780882575
3 324 781 782 0.6362642394556397 0.5133209206534813 0.09872027780882575
3 781 544 782 0.6362642394556397 0.5133209206534813 0.09872027780882575
3 782 576 324 0.6362642394556397 0.5133209206534813 0.09872027780882575
3 545 782 544 0.6362642394556397 0.5133209206534813 0.09872027780882575
3 545 714 546 0.6362642394556397 0.5133209206534813 0.09872027780882575
3 211 212 851 0.6362642394556397 0.5133209206534813 0.09872027780882575
3 212 852 851 0.6362642394556397 0.5133209206534813 0.09872027780882575
3 850 211 851 0.6362642394556397 0.5133209206534813 0.09872027780882575
3 851 215 850 0.6362642394556397 0.5133209206534813 0.09872027780882575
3 526 770 525 0.6362642394556397 0.5133209206534813 0.09872027780882575
3 770 769 525 0.6362642394556397 0.5133209206534813 0.09872027780882575
3 637 526 525 0.6362642394556397 0.5133209206534813 0.09872027780882575
3 525 636 637 0.6362642394556397 0.5133209206534813 0.09872027780882575
3 626 505 625 0.6362642394556397 0.5133209206534813 0.09872027780882575
3 624 495 625 0.6362642394556397 0.5133209206534813 0.09872027780882575
3 496 626 625 0.6362642394556397 0.5133209206534813 0.09872027780882575
3 625 495 496 0.6362642394556397 0.5133209206534813 0.09872027780882575
3 503 624 504 0.6362642394556397 0.5133209206534813 0.09872027780882575
3 504 505 857 0.6362642394556397 0.5133209206534813 0.09872027780882575
3 624 625 504 0.6362642394556397 0.5133209206534813 0.09872027780882575
3 504 625 505 0.6362642394556397 0.5133209206534813 0.09872027780882575
3 504 856 503 0.6362642394556397 0.5133209206534813 0.09872027780882575
3 504 857 856 0.6362642394556397 0.5133209206534813 0.09872027780882575
3 465 360 464 0.6362642394556397 0.5133209206534813 0.09872027780882575
3 464 674 465 0.6362642394556397 0.5133209206534813 0.09872027780882575
3 464 360 463 0.6362642394556397 0.5133209206534813 0.09872027780882575
3 463 673 464 0.6362642394556397 0.5133209206534813 0.09872027780882575
3 673 674 464 0.6362642394556397 0.5133209206534813 0.09872027780882575
3 810 811 453 0.6362642394556397 0.5133209206534813 0.09872027780882575
3 809 174 810 0.6362642394556397 0.5133209206534813 0.09872027780882575
3 810 174 442 0.6362642394556397 0.5133209206534813 0.09872027780882575
3 442 811 810 0.6362642394556397 0.5133209206534813 0.09872027780882575
3 455 456 663 0.6362642394556397 0.5133209206534813 0.09872027780882575
3 813 456 455 0.6362642394556397 0.5133209206534813 0.09872027780882575
3 812 813 455 0.6362642394556397 0.5133209206534813 0.09872027780882575
3 455 454 812 0.6362642394556397 0.5133209206534813 0.09872027780882575
3 660 453 661 0.6362642394556397 0.5133209206534813 0.09872027780882575
3 453 454 661 0.6362642394556397 0.5133209206534813 0.09872027780882575
3 269 453 660 0.6362642394556397 0.5133209206534813 0.09872027780882575
3 566 755 567 0.6362642394556397 0.5133209206534813 0.09872027780882575
3 566 675 565 0.6362642394556397 0.5133209206534813 0.09872027780882575
3 566 676 675 0.6362642394556397 0.5133209206534813 0.09872027780882575
3 567 676 566 0.6362642394556397 0.5133209206534813 0.09872027780882575
3 754 566 565 0.6362642394556397 0.5133209206534813 0.09872027780882575
3 755 566 754 0.6362642394556397 0.5133209206534813 0.09872027780882575
3 657 656 266 0.6362642394556397 0.5133209206534813 0.09872027780882575
3 266 267 657 0.6362642394556397 0.5133209206534813 0.09872027780882575
3 657 267 658 0.6362642394556397 0.5133209206534813 0.09872027780882575
3 658 274 657 0.6362642394556397 0.5133209206534813 0.09872027780882575
3 178 451 450 0.6362642394556397 0.5133209206534813 0.09872027780882575
3 450 267 449 0.6362642394556397 0.5133209206534813 0.09872027780882575
3 450 449 177 0.6362642394556397 0.5133209206534813 0.09872027780882575
3 177 178 450 0.6362642394556397 0.5133209206534813 0.09872027780882575
3 273 657 274 0.6362642394556397 0.5133209206534813 0.09872027780882575
3 550 272 273 0.6362642394556397 0.5133209206534813 0.09872027780882575
3 272 656 273 0.6362642394556397 0.5133209206534813 0.09872027780882575
3 656 657 273 0.6362642394556397 0.5133209206534813 0.09872027780882575
3 337 336 551 0.6362642394556397 0.5133209206534813 0.09872027780882575
3 551 273 274 0.6362642394556397 0.5133209206534813 0.09872027780882575
3 551 336 550 0.6362642394556397 0.5133209206534813 0.09872027780882575
3 550 273 551 0.6362642394556397 0.5133209206534813 0.09872027780882575
3 552 274 275 0.6362642394556397 0.5133209206534813 0.09872027780882575
3 337 551 552 0.6362642394556397 0.5133209206534813 0.09872027780882575
3 552 551 274 0.6362642394556397 0.5133209206534813 0.09872027780882575
3 133 682 134 0.6362642394556397 0.5133209206534813 0.09872027780882575
3 134 390 133 0.6362642394556397 0.5133209206534813 0.09872027780882575
3 134 683 135 0.6362642394556397 0.5133209206534813 0.09872027780882575
3 134 682 683 0.6362642394556397 0.5133209206534813 0.09872027780882575
3 135 391 134 0.6362642394556397 0.5133209206534813 0.09872027780882575
3 391 390 134 0.6362642394556397 0.5133209206534813 0.09872027780882575
3 605 66 136 0.6362642394556397 0.5133209206534813 0.09872027780882575
3 136 388 137 0.6362642394556397 0.5133209206534813 0.09872027780882575
3 65 388 136 0.6362642394556397 0.5133209206534813 0.09872027780882575
3 136 66 65 0.6362642394556397 0.5133209206534813 0.09872027780882575
3 137 606 136 0.6362642394556397 0.5133209206534813 0.09872027780882575
3 606 605 136 0.6362642394556397 0.5133209206534813 0.09872027780882575
3 749 750 342 0.6362642394556397 0.5133209206534813 0.09872027780882575
3 334 750 749 0.6362642394556397 0.5133209206534813 0.09872027780882575
3 560 559 341 0.6362642394556397 0.5133209206534813 0.09872027780882575
3 748 749 341 0.6362642394556397 0.5133209206534813 0.09872027780882575
3 341 342 560 0.6362642394556397 0.5133209206534813 0.09872027780882575
3 341 749 342 0.6362642394556397 0.5133209206534813 0.09872027780882575
3 747 748 340 0.6362642394556397 0.5133209206534813 0.09872027780882575
3 339 747 340 0.6362642394556397 0.5133209206534813 0.09872027780882575
3 340 341 559 0.6362642394556397 0.5133209206534813 0.09872027780882575
3 748 341 340 0.6362642394556397 0.5133209206534813 0.09872027780882575
3 558 339 340 0.6362642394556397 0.5133209206534813 0.09872027780882575
3 340 559 558 0.6362642394556397 0.5133209206534813 0.09872027780882575
3 311 310 531 0.6362642394556397 0.5133209206534813 0.09872027780882575
3 311 711 310 0.6362642394556397 0.5133209206534813 0.09872027780882575
3 531 532 311 0.6362642394556397 0.5133209206534813 0.09872027780882575
3 311 532 712 0.6362642394556397 0.5133209206534813 0.09872027780882575
3 712 711 311 0.6362642394556397 0.5133209206534813 0.09872027780882575
3 197 198 489 0.6362642394556397 0.5133209206534813 0.09872027780882575
3 202 201 489 0.6362642394556397 0.5133209206534813 0.09872027780882575
3 489 490 202 0.6362642394556397 0.5133209206534813 0.09872027780882575
3 489 198 490 0.6362642394556397 0.5133209206534813 0.09872027780882575
3 488 197 489 0.6362642394556397 0.5133209206534813 0.09872027780882575
3 489 201 488 0.6362642394556397 0.5133209206534813 0.09872027780882575
3 642 162 643 0.6362642394556397 0.5133209206534813 0.09872027780882575
3 167 166 643 0.6362642394556397 0.5133209206534813 0.09872027780882575
3 166 642 643 0.6362642394556397 0.5133209206534813 0.09872027780882575
3 643 644 167 0.6362642394556397 0.5133209206534813 0.09872027780882575
3 643 163 644 0.6362642394556397 0.5133209206534813 0.09872027780882575
3 643 162 163 0.6362642394556397 0.5133209206534813 0.09872027780882575
3 419 418 254 0.6362642394556397 0.5133209206534813 0.09872027780882575
3 595 596 254 0.6362642394556397 0.5133209206534813 0.09872027780882575
3 254 253 595 0.6362642394556397 0.5133209206534813 0.09872027780882575
3 254 418 253 0.6362642394556397 0.5133209206534813 0.09872027780882575
3 255 419 254 0.6362642394556397 0.5133209206534813 0.09872027780882575
3 254 596 255 0.6362642394556397 0.5133209206534813 0.09872027780882575
3 410 147 148 0.6362642394556397 0.5133209206534813 0.09872027780882575
3 411 410 148 0.6362642394556397 0.5133209206534813 0.09872027780882575
3 148 583 584 0.6362642394556397 0.5133209206534813 0.09872027780882575
3 148 147 583 0.6362642394556397 0.5133209206534813 0.09872027780882575
3 584 149 148 0.6362642394556397 0.5133209206534813 0.09872027780882575
3 148 149 411 0.6362642394556397 0.5133209206534813 0.09872027780882575
3 535 714 534 0.6362642394556397 0.5133209206534813 0.09872027780882575
3 534 533 767 0.6362642394556397 0.5133209206534813 0.09872027780882575
3 767 768 534 0.6362642394556397 0.5133209206534813 0.09872027780882575
3 534 768 535 0.6362642394556397 0.5133209206534813 0.09872027780882575
3 714 545 713 0.6362642394556397 0.5133209206534813 0.09872027780882575
3 713 534 714 0.6362642394556397 0.5133209206534813 0.09872027780882575
3 533 534 713 0.6362642394556397 0.5133209206534813 0.09872027780882575
3 712 533 713 0.6362642394556397 0.5133209206534813 0.09872027780882575
3 713 544 712 0.6362642394556397 0.5133209206534813 0.09872027780882575
3 713 545 544 0.6362642394556397 0.5133209206534813 0.09872027780882575
3 576 782 783 0.6362642394556397 0.5133209206534813 0.09872027780882575
3 782 545 783 0.6362642394556397 0.5133209206534813 0.09872027780882575
3 577 576 783 0.6362642394556397 0.5133209206534813 0.09872027780882575
3 783 784 577 0.6362642394556397 0.5133209206534813 0.09872027780882575
3 546 784 783 0.6362642394556397 0.5133209206534813 0.09872027780882575
3 783 545 546 0.6362642394556397 0.5133209206534813 0.09872027780882575
3 508 215 216 0.6362642394556397 0.5133209206534813 0.09872027780882575
3 215 851 216 0.6362642394556397 0.5133209206534813 0.09872027780882575
3 216 509 508 0.6362642394556397 0.5133209206534813 0.09872027780882575
3 216 217 509 0.6362642394556397 0.5133209206534813 0.09872027780882575
3 216 852 217 0.6362642394556397 0.5133209206534813 0.09872027780882575
3 216 851 852 0.6362642394556397 0.5133209206534813 0.09872027780882575
3 636 525 524 0.6362642394556397 0.5133209206534813 0.09872027780882575
3 524 523 635 0.6362642394556397 0.5133209206534813 0.09872027780882575
3 635 636 524 0.6362642394556397 0.5133209206534813 0.09872027780882575
3 768 523 524 0.6362642394556397 0.5133209206534813 0.09872027780882575
3 524 769 768 0.6362642394556397 0.5133209206534813 0.09872027780882575
3 524 525 769 0.6362642394556397 0.5133209206534813 0.09872027780882575
3 452 810 453 0.6362642394556397 0.5133209206534813 0.09872027780882575
3 453 269 452 0.6362642394556397 0.5133209206534813 0.09872027780882575
3 452 269 451 0.6362642394556397 0.5133209206534813 0.09872027780882575
3 555 661 662 0.6362642394556397 0.5133209206534813 0.09872027780882575
3 662 663 556 0.6362642394556397 0.5133209206534813 0.09872027780882575
3 556 555 662 0.6362642394556397 0.5133209206534813 0.09872027780882575
3 662 455 663 0.6362642394556397 0.5133209206534813 0.09872027780882575
3 454 455 662 0.6362642394556397 0.5133209206534813 0.09872027780882575
3 662 661 454 0.6362642394556397 0.5133209206534813 0.09872027780882575
3 451 269 268 0.6362642394556397 0.5133209206534813 0.09872027780882575
3 658 267 268 0.6362642394556397 0.5133209206534813 0.09872027780882575
3 268 450 451 0.6362642394556397 0.5133209206534813 0.09872027780882575
3 267 450 268 0.6362642394556397 0.5133209206534813 0.09872027780882575
3 659 275 658 0.6362642394556397 0.5133209206534813 0.09872027780882575
3 658 268 659 0.6362642394556397 0.5133209206534813 0.09872027780882575
3 659 268 269 0.6362642394556397 0.5133209206534813 0.09872027780882575
3 660 275 659 0.6362642394556397 0.5133209206534813 0.09872027780882575
3 659 269 660 0.6362642394556397 0.5133209206534813 0.09872027780882575
3 753 565 345 0.6362642394556397 0.5133209206534813 0.09872027780882575
3 753 754 565 0.6362642394556397 0.5133209206534813 0.09872027780882575
3 345 752 753 0.6362642394556397 0.5133209206534813 0.09872027780882575
3 753 752 337 0.6362642394556397 0.5133209206534813 0.09872027780882575
3 553 275 660 0.6362642394556397 0.5133209206534813 0.09872027780882575
3 553 552 275 0.6362642394556397 0.5133209206534813 0.09872027780882575
3 555 755 554 0.6362642394556397 0.5133209206534813 0.09872027780882575
3 755 754 554 0.6362642394556397 0.5133209206534813 0.09872027780882575
3 754 553 554 0.6362642394556397 0.5133209206534813 0.09872027780882575
3 554 661 555 0.6362642394556397 0.5133209206534813 0.09872027780882575
3 660 661 554 0.6362642394556397 0.5133209206534813 0.09872027780882575
3 554 553 660 0.6362642394556397 0.5133209206534813 0.09872027780882575
3 333 548 334 0.6362642394556397 0.5133209206534813 0.09872027780882575
3 334 749 333 0.6362642394556397 0.5133209206534813 0.09872027780882575
3 333 749 748 0.6362642394556397 0.5133209206534813 0.09872027780882575
3 333 547 548 0.6362642394556397 0.5133209206534813 0.09872027780882575
3 332 547 333 0.6362642394556397 0.5133209206534813 0.09872027780882575
3 333 748 332 0.6362642394556397 0.5133209206534813 0.09872027780882575
3 809 810 179 0.6362642394556397 0.5133209206534813 0.09872027780882575
3 810 452 179 0.6362642394556397 0.5133209206534813 0.09872027780882575
3 179 452 451 0.6362642394556397 0.5133209206534813 0.09872027780882575
3 179 451 178 0.6362642394556397 0.5133209206534813 0.09872027780882575
3 179 808 809 0.6362642394556397 0.5133209206534813 0.09872027780882575
3 178 808 179 0.6362642394556397 0.5133209206534813 0.09872027780882575
3 552 553 338 0.6362642394556397 0.5133209206534813 0.09872027780882575
3 337 552 338 0.6362642394556397 0.5133209206534813 0.09872027780882575
3 338 753 337 0.6362642394556397 0.5133209206534813 0.09872027780882575
3 754 753 338 0.6362642394556397 0.5133209206534813 0.09872027780882575
3 338 553 754 0.6362642394556397 0.5133209206534813 0.09872027780882575
