OFF
972 1811 0


27.9612 32.0745 11.6243
27.9612 32.0745 11.6243
28.0526 32.0397 11.7304
28.1194 32.0136 11.8059
28.176 31.9909 11.8684
28.2299 31.9689 11.9267
28.2874 31.9449 11.9875
28.3568 31.9153 12.0589
28.4549 31.8721 12.1562
28.4549 31.8721 12.1562
28.5095 31.7878 12.2433
28.5595 31.7111 12.3198
28.6062 31.6401 12.3882
28.6505 31.5732 12.4504
28.6933 31.5092 12.5079
28.7352 31.447 12.5615
28.7769 31.3857 12.6124
28.8188 31.3244 12.6611
28.8616 31.2624 12.7083
28.9058 31.1988 12.7545
28.9522 31.1327 12.8002
29.0014 31.063 12.8458
29.0543 30.9887 12.8918
29.112 30.9084 12.9386
29.1759 30.8203 12.9865
29.2475 30.7222 13.0363
29.2475 30.7222 13.0363
29.2935 30.5807 13.0827
29.3297 30.4753 13.1143
29.3607 30.3883 13.1385
29.3891 30.311 13.1587
29.4166 30.2378 13.1767
29.4447 30.1645 13.1938
29.4752 30.0867 13.211
29.5103 29.999 13.2292
29.5536 29.893 13.2498
29.6121 29.753 13.2748
29.6121 29.753 13.2748
29.5148 29.6846 13.2428
29.4231 29.6223 13.2108
29.336 29.5651 13.1787
29.2525 29.5124 13.1462
29.172 29.4634 13.1132
29.0938 29.4176 13.0795
29.0173 29.3747 13.045
28.9419 29.3344 13.0094
28.8672 29.2962 12.9725
28.7927 29.2602 12.934
28.718 29.2261 12.8936
28.6427 29.1938 12.8512
28.5664 29.1633 12.8063
28.4888 29.1347 12.7585
28.4094 29.108 12.7075
28.328 29.0833 12.6528
28.2442 29.061 12.5939
28.1577 29.0412 12.5303
28.0681 29.0243 12.4614
27.9751 29.0107 12.3864
27.9751 29.0107 12.3864
27.8909 29.0732 12.3337
27.8089 29.1276 12.2769
27.7293 29.1734 12.2156
27.6522 29.2106 12.1505
27.5781 29.2397 12.0822
27.5071 29.2617 12.0118
27.4392 29.2776 11.9401
27.3739 29.2887 11.8677
27.3106 29.296 11.7945
27.2487 29.3002 11.7204
27.1873 29.3018 11.6449
27.1255 29.3014 11.5671
27.0623 29.2991 11.486
26.9967 29.2949 11.4002
26.9273 29.2889 11.3082
26.8524 29.2808 11.2075
26.8524 29.2808 11.2075
26.8587 29.419 11.2242
26.8658 29.5396 11.2378
26.8735 29.6478 11.249
26.8819 29.7472 11.2585
26.8908 29.8407 11.2667
26.9006 29.9305 11.2737
26.9113 30.0185 11.2799
26.9231 30.1066 11.2852
26.9365 30.1965 11.2898
26.9519 30.2901 11.2936
26.9698 30.3893 11.2965
26.9911 30.4967 11.2983
27.0171 30.6153 11.2987
27.0494 30.749 11.297
27.1015 30.901 11.3085
27.1436 31.0119 11.3166
27.1802 31.102 11.323
27.2142 31.1809 11.3284
27.2477 31.2549 11.3334
27.2824 31.3284 11.3383
27.3206 31.4058 11.3433
27.3654 31.4926 11.3487
27.4221 31.5972 11.3551
27.5015 31.7358 11.3632
27.5015 31.7358 11.3632
27.5928 31.8063 11.4219
27.6634 31.8597 11.4647
27.7263 31.9064 11.5011
27.7899 31.9528 11.5364
27.8632 32.0055 11.5753
27.9612 32.0745 11.6243
28.2138 31.6543 12.1094
28.168 31.661 12.0689
28.1985 31.423 12.2378
28.3058 31.6361 12.1903
28.3166 31.4154 12.3278
27.3773 29.3672 11.8854
27.4817 29.4247 12.0158
27.282 29.3705 11.7716
27.4054 29.4287 11.9286
27.1867 29.3676 11.6529
27.3317 29.4276 11.8405
27.0848 29.3591 11.5215
27.2557 29.4221 11.7463
28.5783 31.4308 12.4837
28.5543 31.2645 12.5548
28.5329 31.128 12.6091
28.6554 31.3287 12.5774
28.6227 31.1814 12.6303
28.5939 31.0579 12.6712
28.7297 31.2275 12.6619
28.6889 31.0958 12.6999
28.6528 30.9838 12.7293
29.2489 30.2745 13.1176
29.1307 30.2443 13.0823
29.0296 30.2189 13.0513
29.2908 30.1463 13.1452
29.1624 30.1315 13.104
29.0536 30.1193 13.0684
27.4784 29.3554 11.9991
27.5655 29.4135 12.1059
27.6394 29.4651 12.1942
27.4609 30.9492 11.7731
27.5753 30.7886 11.9998
27.6496 30.6871 12.1398
27.905 31.5548 11.9047
27.9731 31.3145 12.118
28.0187 31.1497 12.2575
28.1148 31.6666 12.0216
28.1534 31.4213 12.2041
28.1796 31.2443 12.3288
28.1984 31.1081 12.4193
28.494 31.5388 12.3748
28.48 31.3481 12.4697
28.467 31.1958 12.5406
28.4548 31.0702 12.595
28.8049 31.1226 12.7412
28.7557 31.0046 12.7662
28.7122 30.9031 12.7853
28.6731 30.8146 12.7999
29.227 30.3427 13.1015
29.1138 30.3046 13.0693
29.0165 30.2724 13.0409
28.9319 30.2448 13.0155
29.3386 30.0032 13.1721
29.1976 30.0069 13.1245
29.0794 30.0104 13.084
28.9789 30.0136 13.0491
29.1891 29.6299 13.1266
29.0679 29.6836 13.0831
28.9661 29.7289 13.0463
28.8792 29.7676 13.0145
29.0539 29.5384 13.0717
28.9548 29.6014 13.0365
28.8705 29.6552 13.0063
28.7978 29.7017 12.98
28.9236 29.4575 13.0135
28.8441 29.5279 12.9865
28.7756 29.5885 12.963
28.7161 29.6414 12.9423
28.7951 29.385 12.9509
28.7333 29.4613 12.9322
28.6796 29.5276 12.9156
28.6325 29.5858 12.9008
28.6657 29.3196 12.8823
28.6204 29.4007 12.8721
28.5807 29.4717 12.8629
28.5457 29.5344 12.8545
27.5329 29.345 12.0568
27.6117 29.404 12.1528
27.6794 29.4567 12.233
27.7384 29.5045 12.3011
27.092 29.7436 11.5535
27.2464 29.7464 11.7632
27.3664 29.753 11.9207
27.4637 29.762 12.0437
27.1048 29.8973 11.5682
27.2533 29.8787 11.7749
27.368 29.8688 11.9287
27.4609 29.8644 12.0483
27.1239 30.0451 11.5844
27.2672 30.0068 11.7899
27.3768 29.9819 11.9408
27.465 29.9656 12.0571
27.429 30.8928 11.7604
27.5458 30.7402 11.9857
27.6221 30.6433 12.1258
27.6778 30.5749 12.2226
27.5273 31.0663 11.7935
27.6369 30.8889 12.0232
27.7074 30.777 12.164
27.7583 30.6978 12.2604
27.8544 31.5087 11.885
27.929 31.2736 12.1031
27.9788 31.1143 12.2442
28.0149 30.9964 12.3432
28.8848 31.0089 12.8183
28.8261 30.9035 12.8315
28.7742 30.8123 12.8409
28.7277 30.7325 12.8473
28.6855 30.6618 12.8513
29.3332 29.7355 13.1792
29.186 29.7769 13.1271
29.0643 29.8115 13.0836
28.9617 29.8408 13.0464
28.8741 29.8661 13.0143
28.5327 29.2608 12.8058
28.5033 29.3459 12.8049
28.4774 29.4208 12.8037
28.4543 29.4873 12.8024
28.4337 29.5468 12.8008
28.3939 29.2089 12.7191
28.3802 29.2972 12.7286
28.368 29.3753 12.7365
28.3571 29.4449 12.7431
28.3472 29.5074 12.7485
27.6521 29.311 12.1735
27.7157 29.374 12.2502
27.771 29.4305 12.3153
27.8198 29.482 12.3714
27.8634 29.5292 12.4201
27.1371 29.3641 11.5894
27.2943 29.4254 11.7946
27.4177 29.4776 11.951
27.518 29.5235 12.0744
27.6019 29.5647 12.1743
27.0848 29.5709 11.5385
27.2464 29.5994 11.7538
27.3721 29.6259 11.9161
27.4739 29.651 12.0431
27.5589 29.6751 12.1454
27.1518 30.1978 11.6038
27.2903 30.1395 11.8103
27.3945 30.1001 11.9589
27.4775 30.0723 12.0719
27.5466 30.0521 12.1615
27.8051 31.4613 11.8657
27.8861 31.2312 12.0887
27.9397 31.0773 12.2314
27.9786 30.9643 12.3309
28.0086 30.8757 12.4046
28.4473 31.5967 12.312
28.4393 31.3908 12.422
28.4311 31.2292 12.5029
28.4229 31.0976 12.5644
28.4146 30.9871 12.6122
28.4063 30.892 12.6499
28.9735 30.8801 12.8959
28.9032 30.7873 12.8975
28.8412 30.7069 12.8972
28.786 30.6365 12.8953
28.7361 30.5741 12.8923
28.6908 30.5185 12.8882
29.2027 30.4196 13.0819
29.0947 30.3729 13.0535
29.0015 30.3332 13.028
28.9201 30.299 13.0051
28.8482 30.2693 12.9841
28.7842 30.2433 12.9647
29.4099 29.795 13.2049
29.2479 29.8289 13.1483
29.115 29.857 13.1013
29.0039 29.8808 13.0615
28.9094 29.9012 13.0272
28.8281 29.919 12.9973
28.2472 29.1649 12.6196
28.2496 29.2559 12.6412
28.2516 29.3365 12.6596
28.2532 29.4085 12.6754
28.2545 29.4734 12.6889
28.2555 29.5322 12.7006
28.0908 29.1309 12.5043
28.1103 29.2241 12.5406
28.1273 29.3065 12.5715
28.1421 29.3801 12.5981
28.1552 29.4464 12.621
28.1668 29.5067 12.641
27.7174 29.2855 12.2313
27.7738 29.352 12.2997
27.8231 29.4116 12.3582
27.8667 29.4659 12.4087
27.9058 29.5156 12.4527
27.941 29.5617 12.4914
27.3293 29.3697 11.8288
27.4429 29.4275 11.972
27.5364 29.478 12.0868
27.6154 29.5232 12.1808
27.6834 29.5645 12.2594
27.7429 29.6025 12.326
29.0767 30.7275 12.976
28.9911 30.6486 12.9655
28.9162 30.5806 12.9549
28.8499 30.5213 12.9444
28.7906 30.4691 12.9339
28.7371 30.4228 12.9234
28.6884 30.3813 12.9129
27.9324 29.1697 12.3922
27.9682 29.2545 12.4417
27.9995 29.3299 12.4841
28.0271 29.3977 12.5206
28.0516 29.4591 12.5524
28.0736 29.5152 12.5802
28.0934 29.5669 12.6047
27.7863 29.2536 12.2876
27.8357 29.3247 12.3487
27.8791 29.3884 12.4012
27.9175 29.4463 12.4466
27.9519 29.4992 12.4862
27.9829 29.5481 12.521
28.0111 29.5935 12.5519
27.1938 30.3664 11.6298
27.3278 30.2859 11.8399
27.4259 30.2313 11.9866
27.5027 30.192 12.0958
27.566 30.1625 12.1813
27.6204 30.1396 12.2507
27.6684 30.1214 12.3087
27.3957 30.8332 11.7451
27.5149 30.6888 11.969
27.5935 30.5967 12.1095
27.6513 30.5315 12.2072
27.6972 30.4818 12.28
27.7355 30.442 12.3372
27.769 30.4087 12.3838
28.0437 31.6702 11.9584
28.0939 31.4147 12.1602
28.1275 31.2347 12.2951
28.1518 31.0984 12.3915
28.1701 30.9894 12.4637
28.1844 30.8988 12.5198
28.1959 30.8209 12.5644
29.3132 30.0787 13.1583
29.1791 30.0725 13.1141
29.0659 30.0676 13.0762
28.9691 30.0637 13.0432
28.8853 30.0606 13.0141
28.8117 30.0582 12.9881
28.7467 30.0563 12.9647
28.6887 30.0549 12.9434
28.364 31.6215 12.2408
28.367 31.4072 12.3664
28.3673 31.2418 12.4576
28.3661 31.1085 12.5263
28.3637 30.9975 12.5794
28.3605 30.9025 12.6214
28.3566 30.8194 12.655
28.3523 30.7452 12.6822
28.3475 30.6779 12.7043
28.6175 31.3794 12.532
28.589 31.223 12.5935
28.5638 31.0933 12.6408
28.5411 30.9832 12.6778
28.5202 30.8878 12.7069
28.5008 30.8039 12.73
28.4825 30.7289 12.7484
28.465 30.6611 12.7628
28.4482 30.5991 12.7741
28.767 31.1759 12.702
28.722 31.0511 12.7333
28.6823 30.9445 12.7575
28.6467 30.8518 12.7761
28.6142 30.7702 12.7905
28.5843 30.6974 12.8013
28.5566 30.6319 12.8093
28.5305 30.5723 12.8149
28.5058 30.5176 12.8185
29.1738 30.5131 13.0561
29.0715 30.4561 13.0323
28.983 30.4074 13.0107
28.9053 30.3653 12.9909
28.8364 30.3285 12.9726
28.7749 30.2962 12.9554
28.7194 30.2675 12.9393
28.6689 30.2419 12.924
28.6228 30.2189 12.9094
29.1207 29.5826 13.0995
29.0109 29.6413 13.0602
28.9181 29.691 13.0267
28.8385 29.7338 12.9976
28.7694 29.7711 12.9721
28.7088 29.8039 12.9494
28.6552 29.8331 12.9291
28.6074 29.8592 12.9108
28.5645 29.8827 12.8941
28.8593 29.4203 12.9829
28.7888 29.4938 12.96
28.7279 29.5574 12.9399
28.6746 29.6131 12.9221
28.6277 29.6622 12.9061
28.5859 29.706 12.8917
28.5485 29.7453 12.8786
28.5148 29.7808 12.8666
28.4842 29.813 12.8555
27.6149 31.2194 11.8092
27.7179 31.0192 12.0429
27.784 30.8916 12.1867
27.8316 30.8007 12.285
27.8685 30.7308 12.3571
27.8988 30.6741 12.4129
27.9248 30.6259 12.4576
27.9479 30.5835 12.4948
27.9691 30.5451 12.5264
27.7506 31.4062 11.844
27.8388 31.1814 12.0729
27.8965 31.0334 12.2173
27.9382 30.9258 12.3173
27.9705 30.842 12.3911
27.9967 30.7733 12.4481
28.019 30.7146 12.4937
28.0385 30.6629 12.5313
28.0561 30.6159 12.5631
28.5998 29.2894 12.8451
28.5625 29.3726 12.8395
28.5297 29.4456 12.8342
28.5007 29.5103 12.8293
28.4748 29.5681 12.8245
28.4514 29.6202 12.82
28.4303 29.6673 12.8156
28.4111 29.7102 12.8113
28.3934 29.7495 12.8072
28.3772 29.7857 12.8032
27.0977 29.8219 11.5608
27.249 29.8137 11.7687
27.3663 29.8117 11.9242
27.4615 29.8138 12.0455
27.5412 29.8186 12.1432
27.6099 29.8254 12.2239
27.6705 29.8336 12.2921
27.725 29.843 12.3508
27.7748 29.8535 12.402
27.821 29.8648 12.4474
27.3588 30.7653 11.7261
27.4807 30.6303 11.9484
27.5622 30.5434 12.0897
27.6226 30.4817 12.1889
27.6708 30.4348 12.2632
27.7113 30.3972 12.3218
27.7467 30.3658 12.3698
27.7788 30.3388 12.4104
27.8088 30.3148 12.4457
27.8373 30.293 12.4771
28.9277 30.9469 12.8569
28.8636 30.8477 12.8643
28.8069 30.7618 12.8689
28.7562 30.6865 12.8712
28.7104 30.6198 12.8717
28.6686 30.5602 12.8707
28.6301 30.5065 12.8685
28.5944 30.4576 12.8652
28.561 30.413 12.861
28.5296 30.372 12.856
28.4999 30.334 12.8504
28.3216 29.1858 12.6711
28.3159 29.2755 12.6864
28.3107 29.355 12.6994
28.306 29.4258 12.7104
28.3017 29.4896 12.7197
28.2976 29.5475 12.7277
28.2939 29.6002 12.7344
28.2903 29.6486 12.7402
28.287 29.6932 12.7451
28.2838 29.7345 12.7493
28.2808 29.773 12.7527
27.2348 29.3698 11.7133
27.3685 29.4288 11.8849
27.4761 29.4798 12.0192
27.5653 29.525 12.1273
27.6411 29.566 12.2162
27.7067 29.6037 12.2907
27.7645 29.639 12.3541
27.8161 29.6723 12.4087
27.8628 29.7041 12.4564
27.9056 29.7348 12.4984
27.9453 29.7645 12.5357
27.0876 29.6606 11.5461
27.2454 29.6755 11.7583
27.3682 29.6915 11.918
27.4678 29.7082 12.0429
27.5511 29.7251 12.1436
27.6226 29.7424 12.2269
27.6854 29.7598 12.2971
27.7415 29.7774 12.3573
27.7925 29.7953 12.4097
27.8394 29.8134 12.4559
27.8832 29.8318 12.4971
27.1365 30.1202 11.5935
27.2774 30.072 11.7992
27.3843 30.0399 11.9489
27.47 30.0178 12.0636
27.5415 30.0023 12.155
27.6033 29.9916 12.2301
27.658 29.9842 12.2934
27.7075 29.9795 12.3479
27.7533 29.9769 12.3958
27.7962 29.9761 12.4384
27.8372 29.9767 12.4769
27.2605 30.5645 11.6674
27.39 30.4567 11.8851
27.4806 30.3853 12.0301
27.5498 30.334 12.135
27.6059 30.2951 12.2152
27.6535 30.2643 12.2795
27.6955 30.2389 12.3327
27.7337 30.2176 12.3781
27.7692 30.1992 12.4177
27.803 30.183 12.4531
27.8358 30.1684 12.4853
29.1361 30.6385 13.0177
29.0406 30.5677 13.0005
28.9576 30.5071 12.9844
28.8845 30.4544 12.9692
28.8196 30.4084 12.9547
28.7613 30.3677 12.9408
28.7085 30.3314 12.9275
28.6604 30.2989 12.9145
28.6162 30.2696 12.9019
28.5754 30.243 12.8896
28.5375 30.2187 12.8775
28.5021 30.1965 12.8657
29.2598 29.6807 13.1531
29.1262 29.7287 13.1054
29.0147 29.7689 13.0652
28.9202 29.8032 13.0308
28.839 29.8328 13.0008
28.7684 29.8588 12.9744
28.7064 29.8817 12.9509
28.6515 29.9022 12.9298
28.6024 29.9206 12.9107
28.5582 29.9373 12.8933
28.5182 29.9525 12.8773
28.4818 29.9665 12.8625
28.0086 29.1186 12.4397
28.0373 29.2127 12.4846
28.0622 29.2957 12.5228
28.084 29.3697 12.5556
28.1032 29.4364 12.5839
28.1204 29.497 12.6085
28.1357 29.5524 12.63
28.1496 29.6034 12.6489
28.1622 29.6508 12.6655
28.1736 29.6949 12.6802
28.1841 29.7363 12.6933
28.1938 29.7753 12.7048
27.4268 29.3626 11.942
27.5223 29.4202 12.0603
27.6027 29.4712 12.1571
27.6717 29.5171 12.2379
27.7319 29.5592 12.3064
27.7852 29.5982 12.3652
27.833 29.6347 12.4162
27.8763 29.6693 12.461
27.916 29.7022 12.5006
27.9527 29.734 12.5358
27.9868 29.7647 12.5674
28.0189 29.7946 12.5959
29.3694 29.9127 13.1872
29.2196 29.929 13.1356
29.0952 29.9429 13.0923
28.9901 29.9549 13.0551
28.9001 29.9655 13.0228
28.822 29.9749 12.9944
28.7534 29.9833 12.9691
28.6928 29.991 12.9463
28.6387 29.998 12.9256
28.59 30.0046 12.9067
28.546 30.0106 12.8893
28.5058 30.0163 12.8731
28.4691 30.0216 12.8581
28.7307 29.3515 12.9175
28.6772 29.4303 12.9029
28.6306 29.499 12.89
28.5896 29.5596 12.8783
28.5532 29.6135 12.8677
28.5206 29.6617 12.858
28.4913 29.7051 12.849
28.4647 29.7446 12.8406
28.4405 29.7806 12.8328
28.4183 29.8135 12.8255
28.3978 29.8439 12.8185
28.379 29.872 12.812
28.3615 29.8981 12.8057
28.3452 29.9225 12.7997
28.258 31.6464 12.1484
28.2755 31.4199 12.2963
28.2867 31.2495 12.4013
28.2941 31.1146 12.4792
28.299 31.0036 12.539
28.3019 30.9093 12.5861
28.3036 30.8271 12.6238
28.3042 30.7541 12.6544
28.3039 30.6878 12.6795
28.303 30.6268 12.7002
28.3015 30.5698 12.7174
28.2994 30.5157 12.7315
28.2968 30.4639 12.743
28.2937 30.4135 12.7523
28.2902 30.3641 12.7596
28.6927 31.2783 12.6205
28.6559 31.1391 12.6656
28.6235 31.0215 12.7006
28.5943 30.9204 12.728
28.5677 30.8319 12.7494
28.5431 30.7534 12.7662
28.5201 30.683 12.7793
28.4984 30.6191 12.7893
28.4777 30.5605 12.7967
28.4578 30.5064 12.802
28.4386 30.4559 12.8053
28.4199 30.4084 12.807
28.4016 30.3636 12.8071
28.3835 30.3209 12.8059
28.3656 30.28 12.8034
28.1703 29.1465 12.5641
28.1811 29.2387 12.5927
28.1904 29.3203 12.6171
28.1985 29.3932 12.638
28.2056 29.4589 12.656
28.2119 29.5185 12.6717
28.2174 29.573 12.6853
28.2224 29.6232 12.6972
28.2268 29.6695 12.7076
28.2308 29.7127 12.7167
28.2343 29.7529 12.7247
28.2375 29.7907 12.7316
28.2405 29.8263 12.7377
28.2431 29.8599 12.743
28.2455 29.8919 12.7476
27.2231 30.4608 11.6467
27.3549 30.3674 11.8601
27.4495 30.3047 12.0059
27.5227 30.2596 12.1131
27.5826 30.2254 12.1961
27.6338 30.1985 12.263
27.679 30.1767 12.3188
27.7201 30.1587 12.3665
27.7583 30.1435 12.4083
27.7947 30.1304 12.4456
27.8298 30.1191 12.4796
27.8644 30.1091 12.511
27.8991 30.1002 12.5405
27.9342 30.0923 12.5686
27.9705 30.0852 12.5957
27.5665 31.1351 11.8018
27.6732 30.9477 12.0333
27.7417 30.8289 12.1753
27.7911 30.7448 12.2723
27.8295 30.6803 12.3435
27.8611 30.628 12.3987
27.8884 30.5837 12.4431
27.9128 30.5449 12.4801
27.9352 30.5097 12.5117
27.9564 30.477 12.5394
27.9769 30.4459 12.5642
27.9971 30.4157 12.5867
28.0175 30.3857 12.6076
28.0384 30.3553 12.6274
28.0604 30.3239 12.6463
29.0228 30.8075 12.9355
28.9455 30.7213 12.9312
28.8775 30.6468 12.9258
28.8171 30.5817 12.9197
28.7628 30.5241 12.913
28.7136 30.4729 12.9058
28.6685 30.4268 12.8982
28.6271 30.3852 12.8902
28.5886 30.3473 12.8819
28.5528 30.3126 12.8733
28.5192 30.2808 12.8644
28.4874 30.2513 12.8553
28.4574 30.2239 12.846
28.4287 30.1984 12.8365
28.4014 30.1745 12.8268
28.3751 30.152 12.8168
27.5906 29.3305 12.1151
27.6617 29.3911 12.201
27.7231 29.4454 12.2734
27.7771 29.4947 12.3354
27.825 29.54 12.3889
27.8679 29.5821 12.4356
27.9069 29.6215 12.4767
27.9425 29.6586 12.5131
27.9754 29.694 12.5455
28.0058 29.7279 12.5747
28.0343 29.7605 12.6009
28.061 29.792 12.6246
28.0863 29.8228 12.6461
28.1103 29.8529 12.6657
28.1333 29.8825 12.6836
28.1553 29.9117 12.7
28.9883 29.4968 13.0431
28.8993 29.5637 13.012
28.8231 29.6211 12.9851
28.7571 29.6709 12.9616
28.6993 29.7146 12.9407
28.6483 29.7533 12.922
28.6028 29.7878 12.9051
28.5621 29.8189 12.8898
28.5253 29.847 12.8758
28.4919 29.8726 12.8628
28.4614 29.896 12.8508
28.4334 29.9176 12.8397
28.4077 29.9375 12.8293
28.3838 29.956 12.8195
28.3617 29.9732 12.8102
28.3411 29.9893 12.8014
28.3219 30.0044 12.7931
27.1135 29.9712 11.576
27.2593 29.9427 11.7819
27.3715 29.9252 11.9341
27.462 29.9147 12.0521
27.5379 29.909 12.1467
27.6035 29.9066 12.2248
27.6614 29.9068 12.2908
27.7137 29.9089 12.3476
27.7618 29.9127 12.3974
27.8067 29.9178 12.4416
27.8492 29.9241 12.4814
27.8899 29.9316 12.5176
27.9295 29.9402 12.551
27.9683 29.9498 12.5821
28.0069 29.9606 12.6113
28.0455 29.9726 12.6389
28.0847 29.986 12.6653
28.5374 31.4837 12.4316
28.5181 31.3061 12.5137
28.5008 31.1621 12.5759
28.4848 31.042 12.6239
28.4699 30.9394 12.6617
28.4558 30.8499 12.6916
28.4423 30.7706 12.7156
28.4292 30.6992 12.7348
28.4165 30.6342 12.7501
28.4039 30.5742 12.7622
28.3915 30.5182 12.7716
28.3791 30.4656 12.7787
28.3667 30.4155 12.7837
28.3541 30.3676 12.7868
28.3414 30.3213 12.7882
28.3284 30.2762 12.788
28.315 30.2319 12.7863
28.3011 30.1882 12.783
27.8581 29.2149 12.3414
27.9008 29.2921 12.3963
27.9382 29.361 12.4434
27.9713 29.4234 12.4841
28.0008 29.4802 12.5197
28.0274 29.5324 12.5509
28.0515 29.5808 12.5785
28.0735 29.6259 12.6029
28.0937 29.6682 12.6247
28.1124 29.7081 12.6441
28.1297 29.7459 12.6616
28.1458 29.782 12.6772
28.1608 29.8164 12.6913
28.175 29.8496 12.704
28.1883 29.8815 12.7155
28.201 29.9125 12.7258
28.213 29.9426 12.735
28.2244 29.972 12.7434
28.844 31.0672 12.7798
28.7902 30.9556 12.7989
28.7427 30.8592 12.8131
28.7 30.775 12.8236
28.6613 30.7005 12.831
28.6258 30.6339 12.8359
28.593 30.5738 12.8389
28.5623 30.5192 12.8401
28.5334 30.4691 12.8399
28.5061 30.4228 12.8384
28.4801 30.3799 12.8358
28.4551 30.3397 12.8322
28.4311 30.302 12.8276
28.4078 30.2665 12.8222
28.3851 30.2327 12.8161
28.3629 30.2005 12.8091
28.3411 30.1696 12.8015
28.3196 30.14 12.7931
28.2982 30.1114 12.7839
28.4641 29.234 12.7638
28.4426 29.3207 12.768
28.4235 29.3973 12.7712
28.4065 29.4654 12.7737
28.3912 29.5266 12.7755
28.3774 29.5818 12.7768
28.3647 29.632 12.7777
28.3531 29.678 12.7781
28.3425 29.7202 12.7782
28.3326 29.7591 12.778
28.3234 29.7953 12.7775
28.3148 29.829 12.7768
28.3067 29.8604 12.7759
28.2991 29.89 12.7749
28.292 29.9177 12.7736
28.2852 29.944 12.7722
28.2788 29.9688 12.7707
28.2726 29.9924 12.769
28.2668 30.0148 12.7673
27.1705 30.2794 11.6157
27.3068 30.2104 11.8236
27.408 30.1635 11.9712
27.4881 30.13 12.0824
27.5544 30.1052 12.17
27.6115 30.0863 12.2415
27.6621 30.0717 12.3016
27.708 30.0603 12.3532
27.7506 30.0514 12.3984
27.7909 30.0445 12.4389
27.8295 30.0393 12.4755
27.8672 30.0355 12.5093
27.9045 30.033 12.5408
27.9419 30.0316 12.5705
27.9799 30.0313 12.599
28.019 30.0322 12.6266
28.0598 30.0342 12.6536
28.103 30.0374 12.6804
28.1493 30.0421 12.7074
27.493 31.0058 11.784
27.6051 30.8372 12.0121
27.6775 30.7308 12.1524
27.7299 30.6556 12.2485
27.7709 30.5983 12.3193
27.8049 30.552 12.3744
27.8344 30.513 12.419
27.8609 30.4789 12.4563
27.8855 30.4481 12.4884
27.9089 30.4196 12.5167
27.9316 30.3926 12.5423
27.9542 30.3664 12.5657
27.9771 30.3405 12.5876
28.0008 30.3143 12.6086
28.0258 30.2873 12.6289
28.0527 30.2588 12.6489
28.0822 30.2281 12.6692
28.1155 30.1943 12.6901
28.1539 30.1559 12.7122
27.964 31.6058 11.9276
28.0245 31.3592 12.1358
28.0652 31.1879 12.2733
28.0947 31.0593 12.3709
28.1173 30.957 12.4439
28.1353 30.8721 12.5005
28.1501 30.7991 12.5457
28.1626 30.7346 12.5826
28.1735 30.6763 12.6133
28.183 30.6224 12.6393
28.1916 30.5716 12.6614
28.1994 30.523 12.6805
28.2067 30.4758 12.697
28.2134 30.4291 12.7113
28.2199 30.3823 12.7237
28.226 30.3348 12.7344
28.232 30.2858 12.7435
28.2379 30.2346 12.751
28.2438 30.1802 12.7569
29.2697 30.2103 13.1319
29.1466 30.1877 13.0935
29.0417 30.1688 13.0602
28.9512 30.1529 13.0308
28.8721 30.1393 13.0046
28.8022 30.1277 12.9809
28.74 30.1176 12.9593
28.6842 30.1089 12.9395
28.6337 30.1012 12.9212
28.5878 30.0945 12.9041
28.5457 30.0886 12.8881
28.507 30.0834 12.873
28.4713 30.0788 12.8587
28.438 30.0747 12.8451
28.4071 30.071 12.8321
28.3781 30.0678 12.8197
28.3508 30.065 12.8077
28.3251 30.0625 12.7961
28.3008 30.0603 12.7849
28.2777 30.0583 12.774
27.0837 29.4716 11.5304
27.2496 29.5158 11.7498
27.3785 29.5545 11.9152
27.4825 29.5894 12.0444
27.5692 29.6215 12.1485
27.6432 29.6517 12.2342
27.7077 29.6803 12.3063
27.7649 29.7077 12.3678
27.8164 29.7343 12.421
27.8635 29.7603 12.4677
27.9071 29.7859 12.509
27.9477 29.8112 12.5459
27.9861 29.8365 12.5791
28.0227 29.8619 12.6093
28.0578 29.8876 12.6368
28.0919 29.9137 12.6621
28.1252 29.9404 12.6854
28.158 29.9678 12.707
28.1905 29.9962 12.7271
28.223 30.0257 12.7459
27.3153 30.6814 11.7014
27.4405 30.5578 11.9217
27.5257 30.4773 12.0644
27.5897 30.4199 12.1658
27.6411 30.3763 12.2424
27.6844 30.3414 12.3032
27.7225 30.3125 12.3533
27.7571 30.2877 12.3958
27.7893 30.266 12.4328
27.82 30.2465 12.4658
27.85 30.2285 12.4958
27.8797 30.2117 12.5236
27.9099 30.1957 12.5499
27.9409 30.1801 12.5751
27.9734 30.1647 12.5997
28.008 30.1492 12.6241
28.0457 30.1333 12.6489
28.0875 30.1166 12.6745
28.1349 30.0987 12.7015
28.1899 30.079 12.7308
27.6816 31.3323 11.8157
27.779 31.1142 12.0526
27.8418 30.9736 12.1993
27.8869 30.8728 12.2998
27.9218 30.7949 12.3736
27.9503 30.7315 12.4305
27.9745 30.6775 12.4761
27.9959 30.63 12.5137
28.0153 30.5869 12.5456
28.0333 30.5469 12.5731
28.0505 30.5089 12.5974
28.0671 30.472 12.6191
28.0836 30.4355 12.6389
28.1003 30.3988 12.657
28.1173 30.361 12.674
28.1352 30.3216 12.69
28.1543 30.2796 12.7053
28.1751 30.2338 12.7201
28.1983 30.1829 12.7345
28.2247 30.1249 12.7489
28.0437 31.6702 11.9584
28.0939 31.4147 12.1602
28.1275 31.2347 12.2951
28.1518 31.0984 12.3915
28.1701 30.9894 12.4637
28.1844 30.8988 12.5198
28.1959 30.8209 12.5644
28.2054 30.7521 12.6007
28.2133 30.69 12.6308
28.2201 30.6327 12.6559
28.2259 30.579 12.6772
28.231 30.5278 12.6953
28.2355 30.4783 12.7107
28.2394 30.4296 12.7238
28.2428 30.3813 12.7349
28.2459 30.3325 12.7441
28.2486 30.2827 12.7516
28.2509 30.2312 12.7573
28.2529 30.177 12.7613
28.2545 30.1192 12.7634
28.2558 30.0567 12.7634
28.2558 30.0567 12.7634
3 90 333 91 0.8884759082409968 0.6216578927951215 0.7632216669702953
3 101 100 418 0.8884759082409968 0.6216578927951215 0.7632216669702953
3 418 100 98 0.8884759082409968 0.6216578927951215 0.7632216669702953
3 83 501 84 0.8884759082409968 0.6216578927951215 0.7632216669702953
3 50 49 427 0.8884759082409968 0.6216578927951215 0.7632216669702953
3 400 176 46 0.8884759082409968 0.6216578927951215 0.7632216669702953
3 46 45 400 0.8884759082409968 0.6216578927951215 0.7632216669702953
3 46 176 47 0.8884759082409968 0.6216578927951215 0.7632216669702953
3 7 110 8 0.8884759082409968 0.6216578927951215 0.7632216669702953
3 598 110 7 0.8884759082409968 0.6216578927951215 0.7632216669702953
3 950 104 851 0.8884759082409968 0.6216578927951215 0.7632216669702953
3 950 105 104 0.8884759082409968 0.6216578927951215 0.7632216669702953
3 658 95 94 0.8884759082409968 0.6216578927951215 0.7632216669702953
3 643 88 87 0.8884759082409968 0.6216578927951215 0.7632216669702953
3 644 513 643 0.8884759082409968 0.6216578927951215 0.7632216669702953
3 671 670 844 0.8884759082409968 0.6216578927951215 0.7632216669702953
3 658 410 409 0.8884759082409968 0.6216578927951215 0.7632216669702953
3 409 97 96 0.8884759082409968 0.6216578927951215 0.7632216669702953
3 409 95 658 0.8884759082409968 0.6216578927951215 0.7632216669702953
3 96 95 409 0.8884759082409968 0.6216578927951215 0.7632216669702953
3 208 102 101 0.8884759082409968 0.6216578927951215 0.7632216669702953
3 98 97 930 0.8884759082409968 0.6216578927951215 0.7632216669702953
3 930 418 98 0.8884759082409968 0.6216578927951215 0.7632216669702953
3 97 409 930 0.8884759082409968 0.6216578927951215 0.7632216669702953
3 419 418 930 0.8884759082409968 0.6216578927951215 0.7632216669702953
3 15 364 123 0.8884759082409968 0.6216578927951215 0.7632216669702953
3 123 364 121 0.8884759082409968 0.6216578927951215 0.7632216669702953
3 66 299 67 0.8884759082409968 0.6216578927951215 0.7632216669702953
3 66 559 112 0.8884759082409968 0.6216578927951215 0.7632216669702953
3 112 299 66 0.8884759082409968 0.6216578927951215 0.7632216669702953
3 68 479 69 0.8884759082409968 0.6216578927951215 0.7632216669702953
3 69 479 116 0.8884759082409968 0.6216578927951215 0.7632216669702953
3 188 80 79 0.8884759082409968 0.6216578927951215 0.7632216669702953
3 73 76 74 0.8884759082409968 0.6216578927951215 0.7632216669702953
3 73 72 76 0.8884759082409968 0.6216578927951215 0.7632216669702953
3 55 54 628 0.8884759082409968 0.6216578927951215 0.7632216669702953
3 47 176 584 0.8884759082409968 0.6216578927951215 0.7632216669702953
3 584 48 47 0.8884759082409968 0.6216578927951215 0.7632216669702953
3 584 176 177 0.8884759082409968 0.6216578927951215 0.7632216669702953
3 49 48 180 0.8884759082409968 0.6216578927951215 0.7632216669702953
3 180 427 49 0.8884759082409968 0.6216578927951215 0.7632216669702953
3 48 584 180 0.8884759082409968 0.6216578927951215 0.7632216669702953
3 555 636 556 0.8884759082409968 0.6216578927951215 0.7632216669702953
3 556 766 555 0.8884759082409968 0.6216578927951215 0.7632216669702953
3 556 637 557 0.8884759082409968 0.6216578927951215 0.7632216669702953
3 636 637 556 0.8884759082409968 0.6216578927951215 0.7632216669702953
3 635 555 554 0.8884759082409968 0.6216578927951215 0.7632216669702953
3 635 636 555 0.8884759082409968 0.6216578927951215 0.7632216669702953
3 64 63 184 0.8884759082409968 0.6216578927951215 0.7632216669702953
3 184 135 64 0.8884759082409968 0.6216578927951215 0.7632216669702953
3 757 60 59 0.8884759082409968 0.6216578927951215 0.7632216669702953
3 23 22 263 0.8884759082409968 0.6216578927951215 0.7632216669702953
3 263 22 457 0.8884759082409968 0.6216578927951215 0.7632216669702953
3 25 24 305 0.8884759082409968 0.6216578927951215 0.7632216669702953
3 851 104 103 0.8884759082409968 0.6216578927951215 0.7632216669702953
3 3 950 4 0.8884759082409968 0.6216578927951215 0.7632216669702953
3 105 950 2 0.8884759082409968 0.6216578927951215 0.7632216669702953
3 2 950 3 0.8884759082409968 0.6216578927951215 0.7632216669702953
3 0 105 2 0.8884759082409968 0.6216578927951215 0.7632216669702953
3 144 950 851 0.8884759082409968 0.6216578927951215 0.7632216669702953
3 144 4 950 0.8884759082409968 0.6216578927951215 0.7632216669702953
3 144 108 5 0.8884759082409968 0.6216578927951215 0.7632216669702953
3 5 4 144 0.8884759082409968 0.6216578927951215 0.7632216669702953
3 598 7 107 0.8884759082409968 0.6216578927951215 0.7632216669702953
3 512 88 643 0.8884759082409968 0.6216578927951215 0.7632216669702953
3 643 513 512 0.8884759082409968 0.6216578927951215 0.7632216669702953
3 89 910 90 0.8884759082409968 0.6216578927951215 0.7632216669702953
3 88 512 89 0.8884759082409968 0.6216578927951215 0.7632216669702953
3 89 512 910 0.8884759082409968 0.6216578927951215 0.7632216669702953
3 200 91 333 0.8884759082409968 0.6216578927951215 0.7632216669702953
3 204 94 93 0.8884759082409968 0.6216578927951215 0.7632216669702953
3 93 832 204 0.8884759082409968 0.6216578927951215 0.7632216669702953
3 658 94 204 0.8884759082409968 0.6216578927951215 0.7632216669702953
3 204 410 658 0.8884759082409968 0.6216578927951215 0.7632216669702953
3 447 334 333 0.8884759082409968 0.6216578927951215 0.7632216669702953
3 447 333 90 0.8884759082409968 0.6216578927951215 0.7632216669702953
3 90 910 447 0.8884759082409968 0.6216578927951215 0.7632216669702953
3 911 512 513 0.8884759082409968 0.6216578927951215 0.7632216669702953
3 910 512 911 0.8884759082409968 0.6216578927951215 0.7632216669702953
3 911 513 912 0.8884759082409968 0.6216578927951215 0.7632216669702953
3 645 328 646 0.8884759082409968 0.6216578927951215 0.7632216669702953
3 645 644 327 0.8884759082409968 0.6216578927951215 0.7632216669702953
3 327 328 645 0.8884759082409968 0.6216578927951215 0.7632216669702953
3 502 248 501 0.8884759082409968 0.6216578927951215 0.7632216669702953
3 326 813 327 0.8884759082409968 0.6216578927951215 0.7632216669702953
3 326 644 643 0.8884759082409968 0.6216578927951215 0.7632216669702953
3 327 644 326 0.8884759082409968 0.6216578927951215 0.7632216669702953
3 643 87 326 0.8884759082409968 0.6216578927951215 0.7632216669702953
3 327 813 814 0.8884759082409968 0.6216578927951215 0.7632216669702953
3 248 815 814 0.8884759082409968 0.6216578927951215 0.7632216669702953
3 814 328 327 0.8884759082409968 0.6216578927951215 0.7632216669702953
3 815 328 814 0.8884759082409968 0.6216578927951215 0.7632216669702953
3 501 248 247 0.8884759082409968 0.6216578927951215 0.7632216669702953
3 84 501 247 0.8884759082409968 0.6216578927951215 0.7632216669702953
3 248 814 247 0.8884759082409968 0.6216578927951215 0.7632216669702953
3 247 814 813 0.8884759082409968 0.6216578927951215 0.7632216669702953
3 85 84 247 0.8884759082409968 0.6216578927951215 0.7632216669702953
3 247 813 85 0.8884759082409968 0.6216578927951215 0.7632216669702953
3 438 439 194 0.8884759082409968 0.6216578927951215 0.7632216669702953
3 189 492 190 0.8884759082409968 0.6216578927951215 0.7632216669702953
3 190 438 189 0.8884759082409968 0.6216578927951215 0.7632216669702953
3 439 438 190 0.8884759082409968 0.6216578927951215 0.7632216669702953
3 190 191 439 0.8884759082409968 0.6216578927951215 0.7632216669702953
3 455 918 456 0.8884759082409968 0.6216578927951215 0.7632216669702953
3 455 339 454 0.8884759082409968 0.6216578927951215 0.7632216669702953
3 840 339 455 0.8884759082409968 0.6216578927951215 0.7632216669702953
3 921 844 456 0.8884759082409968 0.6216578927951215 0.7632216669702953
3 341 144 851 0.8884759082409968 0.6216578927951215 0.7632216669702953
3 108 144 341 0.8884759082409968 0.6216578927951215 0.7632216669702953
3 854 855 344 0.8884759082409968 0.6216578927951215 0.7632216669702953
3 934 933 412 0.8884759082409968 0.6216578927951215 0.7632216669702953
3 422 933 934 0.8884759082409968 0.6216578927951215 0.7632216669702953
3 101 418 252 0.8884759082409968 0.6216578927951215 0.7632216669702953
3 252 208 101 0.8884759082409968 0.6216578927951215 0.7632216669702953
3 344 855 345 0.8884759082409968 0.6216578927951215 0.7632216669702953
3 669 941 668 0.8884759082409968 0.6216578927951215 0.7632216669702953
3 668 842 669 0.8884759082409968 0.6216578927951215 0.7632216669702953
3 860 426 861 0.8884759082409968 0.6216578927951215 0.7632216669702953
3 838 664 837 0.8884759082409968 0.6216578927951215 0.7632216669702953
3 414 662 663 0.8884759082409968 0.6216578927951215 0.7632216669702953
3 837 664 663 0.8884759082409968 0.6216578927951215 0.7632216669702953
3 415 936 414 0.8884759082409968 0.6216578927951215 0.7632216669702953
3 414 663 415 0.8884759082409968 0.6216578927951215 0.7632216669702953
3 415 663 664 0.8884759082409968 0.6216578927951215 0.7632216669702953
3 415 937 936 0.8884759082409968 0.6216578927951215 0.7632216669702953
3 126 18 17 0.8884759082409968 0.6216578927951215 0.7632216669702953
3 14 364 15 0.8884759082409968 0.6216578927951215 0.7632216669702953
3 12 739 13 0.8884759082409968 0.6216578927951215 0.7632216669702953
3 457 22 21 0.8884759082409968 0.6216578927951215 0.7632216669702953
3 238 299 117 0.8884759082409968 0.6216578927951215 0.7632216669702953
3 116 479 119 0.8884759082409968 0.6216578927951215 0.7632216669702953
3 114 479 68 0.8884759082409968 0.6216578927951215 0.7632216669702953
3 68 67 114 0.8884759082409968 0.6216578927951215 0.7632216669702953
3 114 67 299 0.8884759082409968 0.6216578927951215 0.7632216669702953
3 114 299 238 0.8884759082409968 0.6216578927951215 0.7632216669702953
3 238 119 114 0.8884759082409968 0.6216578927951215 0.7632216669702953
3 114 119 479 0.8884759082409968 0.6216578927951215 0.7632216669702953
3 80 188 437 0.8884759082409968 0.6216578927951215 0.7632216669702953
3 437 188 189 0.8884759082409968 0.6216578927951215 0.7632216669702953
3 189 438 437 0.8884759082409968 0.6216578927951215 0.7632216669702953
3 287 56 55 0.8884759082409968 0.6216578927951215 0.7632216669702953
3 55 628 287 0.8884759082409968 0.6216578927951215 0.7632216669702953
3 585 584 177 0.8884759082409968 0.6216578927951215 0.7632216669702953
3 585 180 584 0.8884759082409968 0.6216578927951215 0.7632216669702953
3 50 427 222 0.8884759082409968 0.6216578927951215 0.7632216669702953
3 427 428 222 0.8884759082409968 0.6216578927951215 0.7632216669702953
3 769 770 702 0.8884759082409968 0.6216578927951215 0.7632216669702953
3 702 768 769 0.8884759082409968 0.6216578927951215 0.7632216669702953
3 555 766 765 0.8884759082409968 0.6216578927951215 0.7632216669702953
3 765 764 554 0.8884759082409968 0.6216578927951215 0.7632216669702953
3 554 555 765 0.8884759082409968 0.6216578927951215 0.7632216669702953
3 557 768 767 0.8884759082409968 0.6216578927951215 0.7632216669702953
3 767 556 557 0.8884759082409968 0.6216578927951215 0.7632216669702953
3 766 556 767 0.8884759082409968 0.6216578927951215 0.7632216669702953
3 557 637 638 0.8884759082409968 0.6216578927951215 0.7632216669702953
3 478 639 638 0.8884759082409968 0.6216578927951215 0.7632216669702953
3 633 632 285 0.8884759082409968 0.6216578927951215 0.7632216669702953
3 65 135 559 0.8884759082409968 0.6216578927951215 0.7632216669702953
3 65 64 135 0.8884759082409968 0.6216578927951215 0.7632216669702953
3 65 559 66 0.8884759082409968 0.6216578927951215 0.7632216669702953
3 757 59 312 0.8884759082409968 0.6216578927951215 0.7632216669702953
3 319 60 757 0.8884759082409968 0.6216578927951215 0.7632216669702953
3 184 63 689 0.8884759082409968 0.6216578927951215 0.7632216669702953
3 63 232 689 0.8884759082409968 0.6216578927951215 0.7632216669702953
3 928 830 831 0.8884759082409968 0.6216578927951215 0.7632216669702953
3 464 680 679 0.8884759082409968 0.6216578927951215 0.7632216669702953
3 464 679 463 0.8884759082409968 0.6216578927951215 0.7632216669702953
3 812 721 888 0.8884759082409968 0.6216578927951215 0.7632216669702953
3 400 173 401 0.8884759082409968 0.6216578927951215 0.7632216669702953
3 177 176 401 0.8884759082409968 0.6216578927951215 0.7632216669702953
3 401 176 400 0.8884759082409968 0.6216578927951215 0.7632216669702953
3 705 44 43 0.8884759082409968 0.6216578927951215 0.7632216669702953
3 535 40 217 0.8884759082409968 0.6216578927951215 0.7632216669702953
3 475 635 474 0.8884759082409968 0.6216578927951215 0.7632216669702953
3 636 635 475 0.8884759082409968 0.6216578927951215 0.7632216669702953
3 433 801 800 0.8884759082409968 0.6216578927951215 0.7632216669702953
3 474 799 800 0.8884759082409968 0.6216578927951215 0.7632216669702953
3 800 475 474 0.8884759082409968 0.6216578927951215 0.7632216669702953
3 801 475 800 0.8884759082409968 0.6216578927951215 0.7632216669702953
3 433 800 432 0.8884759082409968 0.6216578927951215 0.7632216669702953
3 432 800 799 0.8884759082409968 0.6216578927951215 0.7632216669702953
3 431 589 432 0.8884759082409968 0.6216578927951215 0.7632216669702953
3 130 156 157 0.8884759082409968 0.6216578927951215 0.7632216669702953
3 157 156 270 0.8884759082409968 0.6216578927951215 0.7632216669702953
3 383 270 269 0.8884759082409968 0.6216578927951215 0.7632216669702953
3 270 156 269 0.8884759082409968 0.6216578927951215 0.7632216669702953
3 156 29 269 0.8884759082409968 0.6216578927951215 0.7632216669702953
3 307 308 525 0.8884759082409968 0.6216578927951215 0.7632216669702953
3 525 308 526 0.8884759082409968 0.6216578927951215 0.7632216669702953
3 216 215 779 0.8884759082409968 0.6216578927951215 0.7632216669702953
3 460 215 216 0.8884759082409968 0.6216578927951215 0.7632216669702953
3 364 14 120 0.8884759082409968 0.6216578927951215 0.7632216669702953
3 13 739 120 0.8884759082409968 0.6216578927951215 0.7632216669702953
3 120 14 13 0.8884759082409968 0.6216578927951215 0.7632216669702953
3 11 10 257 0.8884759082409968 0.6216578927951215 0.7632216669702953
3 257 12 11 0.8884759082409968 0.6216578927951215 0.7632216669702953
3 6 107 7 0.8884759082409968 0.6216578927951215 0.7632216669702953
3 5 108 6 0.8884759082409968 0.6216578927951215 0.7632216669702953
3 108 107 6 0.8884759082409968 0.6216578927951215 0.7632216669702953
3 249 815 248 0.8884759082409968 0.6216578927951215 0.7632216669702953
3 249 502 503 0.8884759082409968 0.6216578927951215 0.7632216669702953
3 248 502 249 0.8884759082409968 0.6216578927951215 0.7632216669702953
3 205 832 138 0.8884759082409968 0.6216578927951215 0.7632216669702953
3 138 832 93 0.8884759082409968 0.6216578927951215 0.7632216669702953
3 205 660 659 0.8884759082409968 0.6216578927951215 0.7632216669702953
3 410 204 659 0.8884759082409968 0.6216578927951215 0.7632216669702953
3 659 832 205 0.8884759082409968 0.6216578927951215 0.7632216669702953
3 659 204 832 0.8884759082409968 0.6216578927951215 0.7632216669702953
3 931 420 419 0.8884759082409968 0.6216578927951215 0.7632216669702953
3 931 409 410 0.8884759082409968 0.6216578927951215 0.7632216669702953
3 419 930 931 0.8884759082409968 0.6216578927951215 0.7632216669702953
3 931 930 409 0.8884759082409968 0.6216578927951215 0.7632216669702953
3 419 420 254 0.8884759082409968 0.6216578927951215 0.7632216669702953
3 254 420 255 0.8884759082409968 0.6216578927951215 0.7632216669702953
3 255 420 421 0.8884759082409968 0.6216578927951215 0.7632216669702953
3 421 933 422 0.8884759082409968 0.6216578927951215 0.7632216669702953
3 421 256 255 0.8884759082409968 0.6216578927951215 0.7632216669702953
3 422 256 421 0.8884759082409968 0.6216578927951215 0.7632216669702953
3 932 931 410 0.8884759082409968 0.6216578927951215 0.7632216669702953
3 420 931 932 0.8884759082409968 0.6216578927951215 0.7632216669702953
3 933 421 932 0.8884759082409968 0.6216578927951215 0.7632216669702953
3 932 421 420 0.8884759082409968 0.6216578927951215 0.7632216669702953
3 448 447 910 0.8884759082409968 0.6216578927951215 0.7632216669702953
3 334 447 448 0.8884759082409968 0.6216578927951215 0.7632216669702953
3 910 911 448 0.8884759082409968 0.6216578927951215 0.7632216669702953
3 503 502 197 0.8884759082409968 0.6216578927951215 0.7632216669702953
3 86 326 87 0.8884759082409968 0.6216578927951215 0.7632216669702953
3 85 813 86 0.8884759082409968 0.6216578927951215 0.7632216669702953
3 813 326 86 0.8884759082409968 0.6216578927951215 0.7632216669702953
3 193 438 194 0.8884759082409968 0.6216578927951215 0.7632216669702953
3 193 724 723 0.8884759082409968 0.6216578927951215 0.7632216669702953
3 194 724 193 0.8884759082409968 0.6216578927951215 0.7632216669702953
3 193 437 438 0.8884759082409968 0.6216578927951215 0.7632216669702953
3 725 724 194 0.8884759082409968 0.6216578927951215 0.7632216669702953
3 441 191 494 0.8884759082409968 0.6216578927951215 0.7632216669702953
3 668 941 940 0.8884759082409968 0.6216578927951215 0.7632216669702953
3 940 667 668 0.8884759082409968 0.6216578927951215 0.7632216669702953
3 861 426 940 0.8884759082409968 0.6216578927951215 0.7632216669702953
3 664 838 665 0.8884759082409968 0.6216578927951215 0.7632216669702953
3 514 913 912 0.8884759082409968 0.6216578927951215 0.7632216669702953
3 912 513 514 0.8884759082409968 0.6216578927951215 0.7632216669702953
3 513 644 514 0.8884759082409968 0.6216578927951215 0.7632216669702953
3 644 645 514 0.8884759082409968 0.6216578927951215 0.7632216669702953
3 917 519 918 0.8884759082409968 0.6216578927951215 0.7632216669702953
3 917 455 454 0.8884759082409968 0.6216578927951215 0.7632216669702953
3 918 455 917 0.8884759082409968 0.6216578927951215 0.7632216669702953
3 456 918 919 0.8884759082409968 0.6216578927951215 0.7632216669702953
3 847 846 924 0.8884759082409968 0.6216578927951215 0.7632216669702953
3 848 945 847 0.8884759082409968 0.6216578927951215 0.7632216669702953
3 844 921 922 0.8884759082409968 0.6216578927951215 0.7632216669702953
3 456 844 843 0.8884759082409968 0.6216578927951215 0.7632216669702953
3 843 842 456 0.8884759082409968 0.6216578927951215 0.7632216669702953
3 843 669 842 0.8884759082409968 0.6216578927951215 0.7632216669702953
3 843 844 670 0.8884759082409968 0.6216578927951215 0.7632216669702953
3 670 669 843 0.8884759082409968 0.6216578927951215 0.7632216669702953
3 841 455 456 0.8884759082409968 0.6216578927951215 0.7632216669702953
3 456 842 841 0.8884759082409968 0.6216578927951215 0.7632216669702953
3 840 455 841 0.8884759082409968 0.6216578927951215 0.7632216669702953
3 841 667 840 0.8884759082409968 0.6216578927951215 0.7632216669702953
3 668 667 841 0.8884759082409968 0.6216578927951215 0.7632216669702953
3 841 842 668 0.8884759082409968 0.6216578927951215 0.7632216669702953
3 852 341 851 0.8884759082409968 0.6216578927951215 0.7632216669702953
3 145 107 108 0.8884759082409968 0.6216578927951215 0.7632216669702953
3 108 341 145 0.8884759082409968 0.6216578927951215 0.7632216669702953
3 855 854 211 0.8884759082409968 0.6216578927951215 0.7632216669702953
3 255 256 211 0.8884759082409968 0.6216578927951215 0.7632216669702953
3 211 256 855 0.8884759082409968 0.6216578927951215 0.7632216669702953
3 211 254 255 0.8884759082409968 0.6216578927951215 0.7632216669702953
3 413 662 414 0.8884759082409968 0.6216578927951215 0.7632216669702953
3 413 934 412 0.8884759082409968 0.6216578927951215 0.7632216669702953
3 414 936 935 0.8884759082409968 0.6216578927951215 0.7632216669702953
3 935 413 414 0.8884759082409968 0.6216578927951215 0.7632216669702953
3 934 413 935 0.8884759082409968 0.6216578927951215 0.7632216669702953
3 935 936 424 0.8884759082409968 0.6216578927951215 0.7632216669702953
3 604 603 346 0.8884759082409968 0.6216578927951215 0.7632216669702953
3 346 603 345 0.8884759082409968 0.6216578927951215 0.7632216669702953
3 855 256 856 0.8884759082409968 0.6216578927951215 0.7632216669702953
3 856 345 855 0.8884759082409968 0.6216578927951215 0.7632216669702953
3 856 346 345 0.8884759082409968 0.6216578927951215 0.7632216669702953
3 839 339 840 0.8884759082409968 0.6216578927951215 0.7632216669702953
3 839 838 339 0.8884759082409968 0.6216578927951215 0.7632216669702953
3 839 665 838 0.8884759082409968 0.6216578927951215 0.7632216669702953
3 426 937 938 0.8884759082409968 0.6216578927951215 0.7632216669702953
3 425 937 426 0.8884759082409968 0.6216578927951215 0.7632216669702953
3 424 936 425 0.8884759082409968 0.6216578927951215 0.7632216669702953
3 936 937 425 0.8884759082409968 0.6216578927951215 0.7632216669702953
3 126 17 613 0.8884759082409968 0.6216578927951215 0.7632216669702953
3 723 197 722 0.8884759082409968 0.6216578927951215 0.7632216669702953
3 82 81 722 0.8884759082409968 0.6216578927951215 0.7632216669702953
3 76 72 890 0.8884759082409968 0.6216578927951215 0.7632216669702953
3 78 242 490 0.8884759082409968 0.6216578927951215 0.7632216669702953
3 490 188 79 0.8884759082409968 0.6216578927951215 0.7632216669702953
3 79 78 490 0.8884759082409968 0.6216578927951215 0.7632216669702953
3 243 490 242 0.8884759082409968 0.6216578927951215 0.7632216669702953
3 77 242 78 0.8884759082409968 0.6216578927951215 0.7632216669702953
3 76 890 77 0.8884759082409968 0.6216578927951215 0.7632216669702953
3 77 890 242 0.8884759082409968 0.6216578927951215 0.7632216669702953
3 57 56 547 0.8884759082409968 0.6216578927951215 0.7632216669702953
3 56 287 547 0.8884759082409968 0.6216578927951215 0.7632216669702953
3 547 59 57 0.8884759082409968 0.6216578927951215 0.7632216669702953
3 547 312 59 0.8884759082409968 0.6216578927951215 0.7632216669702953
3 288 628 629 0.8884759082409968 0.6216578927951215 0.7632216669702953
3 288 287 628 0.8884759082409968 0.6216578927951215 0.7632216669702953
3 178 585 177 0.8884759082409968 0.6216578927951215 0.7632216669702953
3 794 51 50 0.8884759082409968 0.6216578927951215 0.7632216669702953
3 50 222 794 0.8884759082409968 0.6216578927951215 0.7632216669702953
3 794 222 795 0.8884759082409968 0.6216578927951215 0.7632216669702953
3 795 222 223 0.8884759082409968 0.6216578927951215 0.7632216669702953
3 223 222 428 0.8884759082409968 0.6216578927951215 0.7632216669702953
3 428 224 223 0.8884759082409968 0.6216578927951215 0.7632216669702953
3 770 769 558 0.8884759082409968 0.6216578927951215 0.7632216669702953
3 557 638 558 0.8884759082409968 0.6216578927951215 0.7632216669702953
3 558 638 639 0.8884759082409968 0.6216578927951215 0.7632216669702953
3 558 768 557 0.8884759082409968 0.6216578927951215 0.7632216669702953
3 558 769 768 0.8884759082409968 0.6216578927951215 0.7632216669702953
3 286 633 285 0.8884759082409968 0.6216578927951215 0.7632216669702953
3 632 633 292 0.8884759082409968 0.6216578927951215 0.7632216669702953
3 634 635 554 0.8884759082409968 0.6216578927951215 0.7632216669702953
3 554 553 634 0.8884759082409968 0.6216578927951215 0.7632216669702953
3 633 286 634 0.8884759082409968 0.6216578927951215 0.7632216669702953
3 553 292 634 0.8884759082409968 0.6216578927951215 0.7632216669702953
3 634 292 633 0.8884759082409968 0.6216578927951215 0.7632216669702953
3 474 635 634 0.8884759082409968 0.6216578927951215 0.7632216669702953
3 634 286 474 0.8884759082409968 0.6216578927951215 0.7632216669702953
3 320 319 757 0.8884759082409968 0.6216578927951215 0.7632216669702953
3 60 319 61 0.8884759082409968 0.6216578927951215 0.7632216669702953
3 560 135 184 0.8884759082409968 0.6216578927951215 0.7632216669702953
3 299 112 480 0.8884759082409968 0.6216578927951215 0.7632216669702953
3 480 117 299 0.8884759082409968 0.6216578927951215 0.7632216669702953
3 494 191 493 0.8884759082409968 0.6216578927951215 0.7632216669702953
3 493 190 492 0.8884759082409968 0.6216578927951215 0.7632216669702953
3 191 190 493 0.8884759082409968 0.6216578927951215 0.7632216669702953
3 494 493 246 0.8884759082409968 0.6216578927951215 0.7632216669702953
3 849 848 926 0.8884759082409968 0.6216578927951215 0.7632216669702953
3 831 909 929 0.8884759082409968 0.6216578927951215 0.7632216669702953
3 929 928 831 0.8884759082409968 0.6216578927951215 0.7632216669702953
3 908 909 831 0.8884759082409968 0.6216578927951215 0.7632216669702953
3 949 948 850 0.8884759082409968 0.6216578927951215 0.7632216669702953
3 850 929 949 0.8884759082409968 0.6216578927951215 0.7632216669702953
3 928 929 850 0.8884759082409968 0.6216578927951215 0.7632216669702953
3 850 947 849 0.8884759082409968 0.6216578927951215 0.7632216669702953
3 850 948 947 0.8884759082409968 0.6216578927951215 0.7632216669702953
3 946 945 848 0.8884759082409968 0.6216578927951215 0.7632216669702953
3 946 848 849 0.8884759082409968 0.6216578927951215 0.7632216669702953
3 849 947 946 0.8884759082409968 0.6216578927951215 0.7632216669702953
3 869 948 949 0.8884759082409968 0.6216578927951215 0.7632216669702953
3 20 19 775 0.8884759082409968 0.6216578927951215 0.7632216669702953
3 126 613 124 0.8884759082409968 0.6216578927951215 0.7632216669702953
3 462 463 268 0.8884759082409968 0.6216578927951215 0.7632216669702953
3 268 679 678 0.8884759082409968 0.6216578927951215 0.7632216669702953
3 268 463 679 0.8884759082409968 0.6216578927951215 0.7632216669702953
3 640 641 770 0.8884759082409968 0.6216578927951215 0.7632216669702953
3 770 558 640 0.8884759082409968 0.6216578927951215 0.7632216669702953
3 640 558 639 0.8884759082409968 0.6216578927951215 0.7632216669702953
3 640 639 478 0.8884759082409968 0.6216578927951215 0.7632216669702953
3 770 641 771 0.8884759082409968 0.6216578927951215 0.7632216669702953
3 641 640 806 0.8884759082409968 0.6216578927951215 0.7632216669702953
3 812 888 889 0.8884759082409968 0.6216578927951215 0.7632216669702953
3 886 885 688 0.8884759082409968 0.6216578927951215 0.7632216669702953
3 172 173 400 0.8884759082409968 0.6216578927951215 0.7632216669702953
3 400 45 172 0.8884759082409968 0.6216578927951215 0.7632216669702953
3 45 44 172 0.8884759082409968 0.6216578927951215 0.7632216669702953
3 44 705 172 0.8884759082409968 0.6216578927951215 0.7632216669702953
3 221 280 539 0.8884759082409968 0.6216578927951215 0.7632216669702953
3 174 401 173 0.8884759082409968 0.6216578927951215 0.7632216669702953
3 173 707 174 0.8884759082409968 0.6216578927951215 0.7632216669702953
3 39 217 40 0.8884759082409968 0.6216578927951215 0.7632216669702953
3 476 475 801 0.8884759082409968 0.6216578927951215 0.7632216669702953
3 476 637 636 0.8884759082409968 0.6216578927951215 0.7632216669702953
3 636 475 476 0.8884759082409968 0.6216578927951215 0.7632216669702953
3 473 799 474 0.8884759082409968 0.6216578927951215 0.7632216669702953
3 473 231 799 0.8884759082409968 0.6216578927951215 0.7632216669702953
3 474 286 473 0.8884759082409968 0.6216578927951215 0.7632216669702953
3 799 231 798 0.8884759082409968 0.6216578927951215 0.7632216669702953
3 797 224 225 0.8884759082409968 0.6216578927951215 0.7632216669702953
3 225 798 797 0.8884759082409968 0.6216578927951215 0.7632216669702953
3 797 798 231 0.8884759082409968 0.6216578927951215 0.7632216669702953
3 221 539 538 0.8884759082409968 0.6216578927951215 0.7632216669702953
3 538 539 167 0.8884759082409968 0.6216578927951215 0.7632216669702953
3 535 217 276 0.8884759082409968 0.6216578927951215 0.7632216669702953
3 430 183 431 0.8884759082409968 0.6216578927951215 0.7632216669702953
3 182 587 183 0.8884759082409968 0.6216578927951215 0.7632216669702953
3 226 432 799 0.8884759082409968 0.6216578927951215 0.7632216669702953
3 431 432 226 0.8884759082409968 0.6216578927951215 0.7632216669702953
3 799 798 226 0.8884759082409968 0.6216578927951215 0.7632216669702953
3 226 798 225 0.8884759082409968 0.6216578927951215 0.7632216669702953
3 225 430 226 0.8884759082409968 0.6216578927951215 0.7632216669702953
3 226 430 431 0.8884759082409968 0.6216578927951215 0.7632216669702953
3 433 432 590 0.8884759082409968 0.6216578927951215 0.7632216669702953
3 590 432 589 0.8884759082409968 0.6216578927951215 0.7632216669702953
3 434 591 435 0.8884759082409968 0.6216578927951215 0.7632216669702953
3 434 801 433 0.8884759082409968 0.6216578927951215 0.7632216669702953
3 433 590 434 0.8884759082409968 0.6216578927951215 0.7632216669702953
3 434 590 591 0.8884759082409968 0.6216578927951215 0.7632216669702953
3 30 870 31 0.8884759082409968 0.6216578927951215 0.7632216669702953
3 383 269 382 0.8884759082409968 0.6216578927951215 0.7632216669702953
3 28 269 29 0.8884759082409968 0.6216578927951215 0.7632216669702953
3 27 382 28 0.8884759082409968 0.6216578927951215 0.7632216669702953
3 28 382 269 0.8884759082409968 0.6216578927951215 0.7632216669702953
3 383 525 384 0.8884759082409968 0.6216578927951215 0.7632216669702953
3 384 525 526 0.8884759082409968 0.6216578927951215 0.7632216669702953
3 384 270 383 0.8884759082409968 0.6216578927951215 0.7632216669702953
3 307 525 524 0.8884759082409968 0.6216578927951215 0.7632216669702953
3 524 525 383 0.8884759082409968 0.6216578927951215 0.7632216669702953
3 383 382 524 0.8884759082409968 0.6216578927951215 0.7632216669702953
3 265 674 264 0.8884759082409968 0.6216578927951215 0.7632216669702953
3 265 675 674 0.8884759082409968 0.6216578927951215 0.7632216669702953
3 673 674 305 0.8884759082409968 0.6216578927951215 0.7632216669702953
3 23 263 673 0.8884759082409968 0.6216578927951215 0.7632216669702953
3 673 263 264 0.8884759082409968 0.6216578927951215 0.7632216669702953
3 264 674 673 0.8884759082409968 0.6216578927951215 0.7632216669702953
3 673 24 23 0.8884759082409968 0.6216578927951215 0.7632216669702953
3 673 305 24 0.8884759082409968 0.6216578927951215 0.7632216669702953
3 91 200 92 0.8884759082409968 0.6216578927951215 0.7632216669702953
3 200 138 92 0.8884759082409968 0.6216578927951215 0.7632216669702953
3 92 138 93 0.8884759082409968 0.6216578927951215 0.7632216669702953
3 205 138 833 0.8884759082409968 0.6216578927951215 0.7632216669702953
3 833 138 200 0.8884759082409968 0.6216578927951215 0.7632216669702953
3 200 139 833 0.8884759082409968 0.6216578927951215 0.7632216669702953
3 201 200 333 0.8884759082409968 0.6216578927951215 0.7632216669702953
3 201 139 200 0.8884759082409968 0.6216578927951215 0.7632216669702953
3 333 334 201 0.8884759082409968 0.6216578927951215 0.7632216669702953
3 933 932 411 0.8884759082409968 0.6216578927951215 0.7632216669702953
3 411 660 412 0.8884759082409968 0.6216578927951215 0.7632216669702953
3 412 933 411 0.8884759082409968 0.6216578927951215 0.7632216669702953
3 411 659 660 0.8884759082409968 0.6216578927951215 0.7632216669702953
3 410 659 411 0.8884759082409968 0.6216578927951215 0.7632216669702953
3 411 932 410 0.8884759082409968 0.6216578927951215 0.7632216669702953
3 506 819 818 0.8884759082409968 0.6216578927951215 0.7632216669702953
3 818 332 331 0.8884759082409968 0.6216578927951215 0.7632216669702953
3 819 332 818 0.8884759082409968 0.6216578927951215 0.7632216669702953
3 815 249 816 0.8884759082409968 0.6216578927951215 0.7632216669702953
3 503 197 198 0.8884759082409968 0.6216578927951215 0.7632216669702953
3 723 724 198 0.8884759082409968 0.6216578927951215 0.7632216669702953
3 198 197 723 0.8884759082409968 0.6216578927951215 0.7632216669702953
3 494 246 495 0.8884759082409968 0.6216578927951215 0.7632216669702953
3 495 246 895 0.8884759082409968 0.6216578927951215 0.7632216669702953
3 191 441 440 0.8884759082409968 0.6216578927951215 0.7632216669702953
3 439 191 440 0.8884759082409968 0.6216578927951215 0.7632216669702953
3 912 913 450 0.8884759082409968 0.6216578927951215 0.7632216669702953
3 450 913 451 0.8884759082409968 0.6216578927951215 0.7632216669702953
3 451 337 450 0.8884759082409968 0.6216578927951215 0.7632216669702953
3 454 339 453 0.8884759082409968 0.6216578927951215 0.7632216669702953
3 339 452 453 0.8884759082409968 0.6216578927951215 0.7632216669702953
3 338 452 339 0.8884759082409968 0.6216578927951215 0.7632216669702953
3 837 337 338 0.8884759082409968 0.6216578927951215 0.7632216669702953
3 338 337 451 0.8884759082409968 0.6216578927951215 0.7632216669702953
3 451 452 338 0.8884759082409968 0.6216578927951215 0.7632216669702953
3 338 838 837 0.8884759082409968 0.6216578927951215 0.7632216669702953
3 339 838 338 0.8884759082409968 0.6216578927951215 0.7632216669702953
3 417 667 939 0.8884759082409968 0.6216578927951215 0.7632216669702953
3 667 940 939 0.8884759082409968 0.6216578927951215 0.7632216669702953
3 939 938 417 0.8884759082409968 0.6216578927951215 0.7632216669702953
3 939 940 426 0.8884759082409968 0.6216578927951215 0.7632216669702953
3 426 938 939 0.8884759082409968 0.6216578927951215 0.7632216669702953
3 840 667 666 0.8884759082409968 0.6216578927951215 0.7632216669702953
3 666 839 840 0.8884759082409968 0.6216578927951215 0.7632216669702953
3 665 839 666 0.8884759082409968 0.6216578927951215 0.7632216669702953
3 666 667 417 0.8884759082409968 0.6216578927951215 0.7632216669702953
3 417 665 666 0.8884759082409968 0.6216578927951215 0.7632216669702953
3 416 415 664 0.8884759082409968 0.6216578927951215 0.7632216669702953
3 664 665 416 0.8884759082409968 0.6216578927951215 0.7632216669702953
3 416 665 417 0.8884759082409968 0.6216578927951215 0.7632216669702953
3 937 415 416 0.8884759082409968 0.6216578927951215 0.7632216669702953
3 417 938 416 0.8884759082409968 0.6216578927951215 0.7632216669702953
3 416 938 937 0.8884759082409968 0.6216578927951215 0.7632216669702953
3 837 663 836 0.8884759082409968 0.6216578927951215 0.7632216669702953
3 836 663 662 0.8884759082409968 0.6216578927951215 0.7632216669702953
3 836 835 203 0.8884759082409968 0.6216578927951215 0.7632216669702953
3 836 337 837 0.8884759082409968 0.6216578927951215 0.7632216669702953
3 203 337 836 0.8884759082409968 0.6216578927951215 0.7632216669702953
3 661 413 412 0.8884759082409968 0.6216578927951215 0.7632216669702953
3 662 413 661 0.8884759082409968 0.6216578927951215 0.7632216669702953
3 412 660 661 0.8884759082409968 0.6216578927951215 0.7632216669702953
3 834 833 139 0.8884759082409968 0.6216578927951215 0.7632216669702953
3 920 921 456 0.8884759082409968 0.6216578927951215 0.7632216669702953
3 456 919 920 0.8884759082409968 0.6216578927951215 0.7632216669702953
3 918 519 520 0.8884759082409968 0.6216578927951215 0.7632216669702953
3 520 919 918 0.8884759082409968 0.6216578927951215 0.7632216669702953
3 520 519 650 0.8884759082409968 0.6216578927951215 0.7632216669702953
3 672 847 945 0.8884759082409968 0.6216578927951215 0.7632216669702953
3 846 847 672 0.8884759082409968 0.6216578927951215 0.7632216669702953
3 844 922 845 0.8884759082409968 0.6216578927951215 0.7632216669702953
3 671 844 845 0.8884759082409968 0.6216578927951215 0.7632216669702953
3 845 672 671 0.8884759082409968 0.6216578927951215 0.7632216669702953
3 846 672 845 0.8884759082409968 0.6216578927951215 0.7632216669702953
3 141 852 851 0.8884759082409968 0.6216578927951215 0.7632216669702953
3 208 852 141 0.8884759082409968 0.6216578927951215 0.7632216669702953
3 851 103 141 0.8884759082409968 0.6216578927951215 0.7632216669702953
3 102 208 141 0.8884759082409968 0.6216578927951215 0.7632216669702953
3 141 103 102 0.8884759082409968 0.6216578927951215 0.7632216669702953
3 208 252 142 0.8884759082409968 0.6216578927951215 0.7632216669702953
3 142 852 208 0.8884759082409968 0.6216578927951215 0.7632216669702953
3 598 107 109 0.8884759082409968 0.6216578927951215 0.7632216669702953
3 107 145 109 0.8884759082409968 0.6216578927951215 0.7632216669702953
3 109 110 598 0.8884759082409968 0.6216578927951215 0.7632216669702953
3 853 142 143 0.8884759082409968 0.6216578927951215 0.7632216669702953
3 852 142 853 0.8884759082409968 0.6216578927951215 0.7632216669702953
3 143 854 853 0.8884759082409968 0.6216578927951215 0.7632216669702953
3 254 211 210 0.8884759082409968 0.6216578927951215 0.7632216669702953
3 210 854 143 0.8884759082409968 0.6216578927951215 0.7632216669702953
3 210 211 854 0.8884759082409968 0.6216578927951215 0.7632216669702953
3 423 935 424 0.8884759082409968 0.6216578927951215 0.7632216669702953
3 423 256 422 0.8884759082409968 0.6216578927951215 0.7632216669702953
3 422 934 423 0.8884759082409968 0.6216578927951215 0.7632216669702953
3 934 935 423 0.8884759082409968 0.6216578927951215 0.7632216669702953
3 423 856 256 0.8884759082409968 0.6216578927951215 0.7632216669702953
3 261 262 743 0.8884759082409968 0.6216578927951215 0.7632216669702953
3 743 742 261 0.8884759082409968 0.6216578927951215 0.7632216669702953
3 260 261 151 0.8884759082409968 0.6216578927951215 0.7632216669702953
3 261 742 151 0.8884759082409968 0.6216578927951215 0.7632216669702953
3 742 122 151 0.8884759082409968 0.6216578927951215 0.7632216669702953
3 151 741 260 0.8884759082409968 0.6216578927951215 0.7632216669702953
3 151 122 741 0.8884759082409968 0.6216578927951215 0.7632216669702953
3 360 262 261 0.8884759082409968 0.6216578927951215 0.7632216669702953
3 360 603 604 0.8884759082409968 0.6216578927951215 0.7632216669702953
3 344 345 602 0.8884759082409968 0.6216578927951215 0.7632216669702953
3 345 603 602 0.8884759082409968 0.6216578927951215 0.7632216669702953
3 16 613 17 0.8884759082409968 0.6216578927951215 0.7632216669702953
3 15 123 16 0.8884759082409968 0.6216578927951215 0.7632216669702953
3 123 613 16 0.8884759082409968 0.6216578927951215 0.7632216669702953
3 196 722 197 0.8884759082409968 0.6216578927951215 0.7632216669702953
3 196 502 501 0.8884759082409968 0.6216578927951215 0.7632216669702953
3 196 197 502 0.8884759082409968 0.6216578927951215 0.7632216669702953
3 501 83 196 0.8884759082409968 0.6216578927951215 0.7632216669702953
3 196 83 82 0.8884759082409968 0.6216578927951215 0.7632216669702953
3 82 722 196 0.8884759082409968 0.6216578927951215 0.7632216669702953
3 192 722 81 0.8884759082409968 0.6216578927951215 0.7632216669702953
3 81 80 192 0.8884759082409968 0.6216578927951215 0.7632216669702953
3 80 437 192 0.8884759082409968 0.6216578927951215 0.7632216669702953
3 437 193 192 0.8884759082409968 0.6216578927951215 0.7632216669702953
3 192 193 723 0.8884759082409968 0.6216578927951215 0.7632216669702953
3 723 722 192 0.8884759082409968 0.6216578927951215 0.7632216669702953
3 116 890 237 0.8884759082409968 0.6216578927951215 0.7632216669702953
3 70 69 237 0.8884759082409968 0.6216578927951215 0.7632216669702953
3 237 69 116 0.8884759082409968 0.6216578927951215 0.7632216669702953
3 491 492 189 0.8884759082409968 0.6216578927951215 0.7632216669702953
3 490 243 491 0.8884759082409968 0.6216578927951215 0.7632216669702953
3 189 188 491 0.8884759082409968 0.6216578927951215 0.7632216669702953
3 188 490 491 0.8884759082409968 0.6216578927951215 0.7632216669702953
3 242 890 891 0.8884759082409968 0.6216578927951215 0.7632216669702953
3 891 243 242 0.8884759082409968 0.6216578927951215 0.7632216669702953
3 116 119 891 0.8884759082409968 0.6216578927951215 0.7632216669702953
3 891 890 116 0.8884759082409968 0.6216578927951215 0.7632216669702953
3 891 119 238 0.8884759082409968 0.6216578927951215 0.7632216669702953
3 238 117 891 0.8884759082409968 0.6216578927951215 0.7632216669702953
3 796 229 795 0.8884759082409968 0.6216578927951215 0.7632216669702953
3 795 223 796 0.8884759082409968 0.6216578927951215 0.7632216669702953
3 796 223 224 0.8884759082409968 0.6216578927951215 0.7632216669702953
3 224 797 796 0.8884759082409968 0.6216578927951215 0.7632216669702953
3 319 320 294 0.8884759082409968 0.6216578927951215 0.7632216669702953
3 294 234 233 0.8884759082409968 0.6216578927951215 0.7632216669702953
3 632 292 291 0.8884759082409968 0.6216578927951215 0.7632216669702953
3 314 759 313 0.8884759082409968 0.6216578927951215 0.7632216669702953
3 760 759 314 0.8884759082409968 0.6216578927951215 0.7632216669702953
3 62 232 63 0.8884759082409968 0.6216578927951215 0.7632216669702953
3 497 897 498 0.8884759082409968 0.6216578927951215 0.7632216669702953
3 486 897 485 0.8884759082409968 0.6216578927951215 0.7632216669702953
3 485 897 896 0.8884759082409968 0.6216578927951215 0.7632216669702953
3 896 497 496 0.8884759082409968 0.6216578927951215 0.7632216669702953
3 897 497 896 0.8884759082409968 0.6216578927951215 0.7632216669702953
3 496 495 896 0.8884759082409968 0.6216578927951215 0.7632216669702953
3 896 495 895 0.8884759082409968 0.6216578927951215 0.7632216669702953
3 506 726 727 0.8884759082409968 0.6216578927951215 0.7632216669702953
3 726 441 727 0.8884759082409968 0.6216578927951215 0.7632216669702953
3 507 819 506 0.8884759082409968 0.6216578927951215 0.7632216669702953
3 506 727 507 0.8884759082409968 0.6216578927951215 0.7632216669702953
3 507 727 728 0.8884759082409968 0.6216578927951215 0.7632216669702953
3 235 693 692 0.8884759082409968 0.6216578927951215 0.7632216669702953
3 692 234 235 0.8884759082409968 0.6216578927951215 0.7632216669702953
3 564 693 694 0.8884759082409968 0.6216578927951215 0.7632216669702953
3 564 692 693 0.8884759082409968 0.6216578927951215 0.7632216669702953
3 694 693 236 0.8884759082409968 0.6216578927951215 0.7632216669702953
3 236 693 235 0.8884759082409968 0.6216578927951215 0.7632216669702953
3 235 296 236 0.8884759082409968 0.6216578927951215 0.7632216669702953
3 760 323 322 0.8884759082409968 0.6216578927951215 0.7632216669702953
3 322 759 760 0.8884759082409968 0.6216578927951215 0.7632216669702953
3 764 765 698 0.8884759082409968 0.6216578927951215 0.7632216669702953
3 184 689 136 0.8884759082409968 0.6216578927951215 0.7632216669702953
3 136 560 184 0.8884759082409968 0.6216578927951215 0.7632216669702953
3 301 560 136 0.8884759082409968 0.6216578927951215 0.7632216669702953
3 135 560 113 0.8884759082409968 0.6216578927951215 0.7632216669702953
3 243 891 892 0.8884759082409968 0.6216578927951215 0.7632216669702953
3 117 480 892 0.8884759082409968 0.6216578927951215 0.7632216669702953
3 892 891 117 0.8884759082409968 0.6216578927951215 0.7632216669702953
3 233 234 691 0.8884759082409968 0.6216578927951215 0.7632216669702953
3 691 692 187 0.8884759082409968 0.6216578927951215 0.7632216669702953
3 234 692 691 0.8884759082409968 0.6216578927951215 0.7632216669702953
3 690 689 232 0.8884759082409968 0.6216578927951215 0.7632216669702953
3 690 232 233 0.8884759082409968 0.6216578927951215 0.7632216669702953
3 233 691 690 0.8884759082409968 0.6216578927951215 0.7632216669702953
3 830 928 927 0.8884759082409968 0.6216578927951215 0.7632216669702953
3 849 926 927 0.8884759082409968 0.6216578927951215 0.7632216669702953
3 927 850 849 0.8884759082409968 0.6216578927951215 0.7632216669702953
3 928 850 927 0.8884759082409968 0.6216578927951215 0.7632216669702953
3 922 654 655 0.8884759082409968 0.6216578927951215 0.7632216669702953
3 774 908 773 0.8884759082409968 0.6216578927951215 0.7632216669702953
3 909 908 774 0.8884759082409968 0.6216578927951215 0.7632216669702953
3 812 909 774 0.8884759082409968 0.6216578927951215 0.7632216669702953
3 773 908 907 0.8884759082409968 0.6216578927951215 0.7632216669702953
3 907 908 831 0.8884759082409968 0.6216578927951215 0.7632216669702953
3 831 830 907 0.8884759082409968 0.6216578927951215 0.7632216669702953
3 861 940 862 0.8884759082409968 0.6216578927951215 0.7632216669702953
3 862 940 941 0.8884759082409968 0.6216578927951215 0.7632216669702953
3 943 670 671 0.8884759082409968 0.6216578927951215 0.7632216669702953
3 671 672 943 0.8884759082409968 0.6216578927951215 0.7632216669702953
3 945 946 866 0.8884759082409968 0.6216578927951215 0.7632216669702953
3 880 534 881 0.8884759082409968 0.6216578927951215 0.7632216669702953
3 881 582 880 0.8884759082409968 0.6216578927951215 0.7632216669702953
3 152 775 19 0.8884759082409968 0.6216578927951215 0.7632216669702953
3 212 775 776 0.8884759082409968 0.6216578927951215 0.7632216669702953
3 457 21 212 0.8884759082409968 0.6216578927951215 0.7632216669702953
3 212 21 20 0.8884759082409968 0.6216578927951215 0.7632216669702953
3 20 775 212 0.8884759082409968 0.6216578927951215 0.7632216669702953
3 121 741 365 0.8884759082409968 0.6216578927951215 0.7632216669702953
3 365 124 613 0.8884759082409968 0.6216578927951215 0.7632216669702953
3 741 122 365 0.8884759082409968 0.6216578927951215 0.7632216669702953
3 365 122 124 0.8884759082409968 0.6216578927951215 0.7632216669702953
3 365 123 121 0.8884759082409968 0.6216578927951215 0.7632216669702953
3 365 613 123 0.8884759082409968 0.6216578927951215 0.7632216669702953
3 526 308 309 0.8884759082409968 0.6216578927951215 0.7632216669702953
3 462 268 267 0.8884759082409968 0.6216578927951215 0.7632216669702953
3 464 783 465 0.8884759082409968 0.6216578927951215 0.7632216669702953
3 465 680 464 0.8884759082409968 0.6216578927951215 0.7632216669702953
3 465 681 680 0.8884759082409968 0.6216578927951215 0.7632216669702953
3 466 681 465 0.8884759082409968 0.6216578927951215 0.7632216669702953
3 784 783 623 0.8884759082409968 0.6216578927951215 0.7632216669702953
3 466 465 784 0.8884759082409968 0.6216578927951215 0.7632216669702953
3 784 465 783 0.8884759082409968 0.6216578927951215 0.7632216669702953
3 642 771 641 0.8884759082409968 0.6216578927951215 0.7632216669702953
3 702 770 703 0.8884759082409968 0.6216578927951215 0.7632216669702953
3 770 771 703 0.8884759082409968 0.6216578927951215 0.7632216669702953
3 805 640 478 0.8884759082409968 0.6216578927951215 0.7632216669702953
3 805 806 640 0.8884759082409968 0.6216578927951215 0.7632216669702953
3 542 541 578 0.8884759082409968 0.6216578927951215 0.7632216669702953
3 578 579 542 0.8884759082409968 0.6216578927951215 0.7632216669702953
3 542 579 543 0.8884759082409968 0.6216578927951215 0.7632216669702953
3 578 541 577 0.8884759082409968 0.6216578927951215 0.7632216669702953
3 408 713 714 0.8884759082409968 0.6216578927951215 0.7632216669702953
3 713 399 714 0.8884759082409968 0.6216578927951215 0.7632216669702953
3 543 579 580 0.8884759082409968 0.6216578927951215 0.7632216669702953
3 580 579 878 0.8884759082409968 0.6216578927951215 0.7632216669702953
3 887 888 721 0.8884759082409968 0.6216578927951215 0.7632216669702953
3 721 886 887 0.8884759082409968 0.6216578927951215 0.7632216669702953
3 583 883 884 0.8884759082409968 0.6216578927951215 0.7632216669702953
3 688 885 884 0.8884759082409968 0.6216578927951215 0.7632216669702953
3 884 883 688 0.8884759082409968 0.6216578927951215 0.7632216669702953
3 881 534 882 0.8884759082409968 0.6216578927951215 0.7632216669702953
3 882 883 583 0.8884759082409968 0.6216578927951215 0.7632216669702953
3 534 686 882 0.8884759082409968 0.6216578927951215 0.7632216669702953
3 882 582 881 0.8884759082409968 0.6216578927951215 0.7632216669702953
3 882 583 582 0.8884759082409968 0.6216578927951215 0.7632216669702953
3 170 169 393 0.8884759082409968 0.6216578927951215 0.7632216669702953
3 170 171 707 0.8884759082409968 0.6216578927951215 0.7632216669702953
3 706 172 705 0.8884759082409968 0.6216578927951215 0.7632216669702953
3 705 169 706 0.8884759082409968 0.6216578927951215 0.7632216669702953
3 173 172 706 0.8884759082409968 0.6216578927951215 0.7632216669702953
3 169 170 706 0.8884759082409968 0.6216578927951215 0.7632216669702953
3 706 707 173 0.8884759082409968 0.6216578927951215 0.7632216669702953
3 706 170 707 0.8884759082409968 0.6216578927951215 0.7632216669702953
3 168 705 43 0.8884759082409968 0.6216578927951215 0.7632216669702953
3 168 169 705 0.8884759082409968 0.6216578927951215 0.7632216669702953
3 42 168 43 0.8884759082409968 0.6216578927951215 0.7632216669702953
3 391 168 42 0.8884759082409968 0.6216578927951215 0.7632216669702953
3 391 42 41 0.8884759082409968 0.6216578927951215 0.7632216669702953
3 535 276 218 0.8884759082409968 0.6216578927951215 0.7632216669702953
3 540 539 280 0.8884759082409968 0.6216578927951215 0.7632216669702953
3 280 577 540 0.8884759082409968 0.6216578927951215 0.7632216669702953
3 540 577 541 0.8884759082409968 0.6216578927951215 0.7632216669702953
3 395 539 540 0.8884759082409968 0.6216578927951215 0.7632216669702953
3 540 396 395 0.8884759082409968 0.6216578927951215 0.7632216669702953
3 541 396 540 0.8884759082409968 0.6216578927951215 0.7632216669702953
3 405 710 711 0.8884759082409968 0.6216578927951215 0.7632216669702953
3 405 404 710 0.8884759082409968 0.6216578927951215 0.7632216669702953
3 395 171 394 0.8884759082409968 0.6216578927951215 0.7632216669702953
3 394 539 395 0.8884759082409968 0.6216578927951215 0.7632216669702953
3 167 539 394 0.8884759082409968 0.6216578927951215 0.7632216669702953
3 171 170 394 0.8884759082409968 0.6216578927951215 0.7632216669702953
3 393 167 394 0.8884759082409968 0.6216578927951215 0.7632216669702953
3 394 170 393 0.8884759082409968 0.6216578927951215 0.7632216669702953
3 708 171 395 0.8884759082409968 0.6216578927951215 0.7632216669702953
3 707 171 708 0.8884759082409968 0.6216578927951215 0.7632216669702953
3 708 174 707 0.8884759082409968 0.6216578927951215 0.7632216669702953
3 401 174 402 0.8884759082409968 0.6216578927951215 0.7632216669702953
3 177 401 402 0.8884759082409968 0.6216578927951215 0.7632216669702953
3 402 178 177 0.8884759082409968 0.6216578927951215 0.7632216669702953
3 36 35 38 0.8884759082409968 0.6216578927951215 0.7632216669702953
3 435 803 802 0.8884759082409968 0.6216578927951215 0.7632216669702953
3 801 434 802 0.8884759082409968 0.6216578927951215 0.7632216669702953
3 802 434 435 0.8884759082409968 0.6216578927951215 0.7632216669702953
3 802 476 801 0.8884759082409968 0.6216578927951215 0.7632216669702953
3 477 803 478 0.8884759082409968 0.6216578927951215 0.7632216669702953
3 478 638 477 0.8884759082409968 0.6216578927951215 0.7632216669702953
3 476 802 477 0.8884759082409968 0.6216578927951215 0.7632216669702953
3 477 802 803 0.8884759082409968 0.6216578927951215 0.7632216669702953
3 477 638 637 0.8884759082409968 0.6216578927951215 0.7632216669702953
3 637 476 477 0.8884759082409968 0.6216578927951215 0.7632216669702953
3 435 591 592 0.8884759082409968 0.6216578927951215 0.7632216669702953
3 592 591 408 0.8884759082409968 0.6216578927951215 0.7632216669702953
3 408 593 592 0.8884759082409968 0.6216578927951215 0.7632216669702953
3 472 286 285 0.8884759082409968 0.6216578927951215 0.7632216669702953
3 472 473 286 0.8884759082409968 0.6216578927951215 0.7632216669702953
3 231 473 472 0.8884759082409968 0.6216578927951215 0.7632216669702953
3 285 471 472 0.8884759082409968 0.6216578927951215 0.7632216669702953
3 229 471 470 0.8884759082409968 0.6216578927951215 0.7632216669702953
3 283 469 470 0.8884759082409968 0.6216578927951215 0.7632216669702953
3 285 632 284 0.8884759082409968 0.6216578927951215 0.7632216669702953
3 284 471 285 0.8884759082409968 0.6216578927951215 0.7632216669702953
3 283 470 284 0.8884759082409968 0.6216578927951215 0.7632216669702953
3 284 470 471 0.8884759082409968 0.6216578927951215 0.7632216669702953
3 230 797 231 0.8884759082409968 0.6216578927951215 0.7632216669702953
3 231 472 230 0.8884759082409968 0.6216578927951215 0.7632216669702953
3 230 472 471 0.8884759082409968 0.6216578927951215 0.7632216669702953
3 230 471 229 0.8884759082409968 0.6216578927951215 0.7632216669702953
3 229 796 230 0.8884759082409968 0.6216578927951215 0.7632216669702953
3 230 796 797 0.8884759082409968 0.6216578927951215 0.7632216669702953
3 354 579 578 0.8884759082409968 0.6216578927951215 0.7632216669702953
3 878 579 354 0.8884759082409968 0.6216578927951215 0.7632216669702953
3 574 575 279 0.8884759082409968 0.6216578927951215 0.7632216669702953
3 279 280 221 0.8884759082409968 0.6216578927951215 0.7632216669702953
3 279 575 280 0.8884759082409968 0.6216578927951215 0.7632216669702953
3 132 870 133 0.8884759082409968 0.6216578927951215 0.7632216669702953
3 132 32 31 0.8884759082409968 0.6216578927951215 0.7632216669702953
3 31 870 132 0.8884759082409968 0.6216578927951215 0.7632216669702953
3 571 35 34 0.8884759082409968 0.6216578927951215 0.7632216669702953
3 588 405 589 0.8884759082409968 0.6216578927951215 0.7632216669702953
3 404 405 588 0.8884759082409968 0.6216578927951215 0.7632216669702953
3 183 587 588 0.8884759082409968 0.6216578927951215 0.7632216669702953
3 179 404 588 0.8884759082409968 0.6216578927951215 0.7632216669702953
3 588 587 179 0.8884759082409968 0.6216578927951215 0.7632216669702953
3 588 589 431 0.8884759082409968 0.6216578927951215 0.7632216669702953
3 431 183 588 0.8884759082409968 0.6216578927951215 0.7632216669702953
3 181 182 428 0.8884759082409968 0.6216578927951215 0.7632216669702953
3 180 585 181 0.8884759082409968 0.6216578927951215 0.7632216669702953
3 427 180 181 0.8884759082409968 0.6216578927951215 0.7632216669702953
3 181 428 427 0.8884759082409968 0.6216578927951215 0.7632216669702953
3 587 182 586 0.8884759082409968 0.6216578927951215 0.7632216669702953
3 586 178 179 0.8884759082409968 0.6216578927951215 0.7632216669702953
3 179 587 586 0.8884759082409968 0.6216578927951215 0.7632216669702953
3 585 178 586 0.8884759082409968 0.6216578927951215 0.7632216669702953
3 586 181 585 0.8884759082409968 0.6216578927951215 0.7632216669702953
3 182 181 586 0.8884759082409968 0.6216578927951215 0.7632216669702953
3 429 224 428 0.8884759082409968 0.6216578927951215 0.7632216669702953
3 428 182 429 0.8884759082409968 0.6216578927951215 0.7632216669702953
3 225 224 429 0.8884759082409968 0.6216578927951215 0.7632216669702953
3 429 430 225 0.8884759082409968 0.6216578927951215 0.7632216669702953
3 183 430 429 0.8884759082409968 0.6216578927951215 0.7632216669702953
3 429 182 183 0.8884759082409968 0.6216578927951215 0.7632216669702953
3 873 159 874 0.8884759082409968 0.6216578927951215 0.7632216669702953
3 871 134 133 0.8884759082409968 0.6216578927951215 0.7632216669702953
3 133 870 871 0.8884759082409968 0.6216578927951215 0.7632216669702953
3 870 30 129 0.8884759082409968 0.6216578927951215 0.7632216669702953
3 129 156 130 0.8884759082409968 0.6216578927951215 0.7632216669702953
3 129 29 156 0.8884759082409968 0.6216578927951215 0.7632216669702953
3 129 30 29 0.8884759082409968 0.6216578927951215 0.7632216669702953
3 130 871 129 0.8884759082409968 0.6216578927951215 0.7632216669702953
3 129 871 870 0.8884759082409968 0.6216578927951215 0.7632216669702953
3 305 674 306 0.8884759082409968 0.6216578927951215 0.7632216669702953
3 307 524 306 0.8884759082409968 0.6216578927951215 0.7632216669702953
3 306 675 307 0.8884759082409968 0.6216578927951215 0.7632216669702953
3 674 675 306 0.8884759082409968 0.6216578927951215 0.7632216669702953
3 523 524 382 0.8884759082409968 0.6216578927951215 0.7632216669702953
3 25 305 523 0.8884759082409968 0.6216578927951215 0.7632216669702953
3 305 306 523 0.8884759082409968 0.6216578927951215 0.7632216669702953
3 523 306 524 0.8884759082409968 0.6216578927951215 0.7632216669702953
3 523 27 25 0.8884759082409968 0.6216578927951215 0.7632216669702953
3 523 382 27 0.8884759082409968 0.6216578927951215 0.7632216669702953
3 778 377 779 0.8884759082409968 0.6216578927951215 0.7632216669702953
3 779 215 778 0.8884759082409968 0.6216578927951215 0.7632216669702953
3 154 375 376 0.8884759082409968 0.6216578927951215 0.7632216669702953
3 154 777 776 0.8884759082409968 0.6216578927951215 0.7632216669702953
3 776 777 213 0.8884759082409968 0.6216578927951215 0.7632216669702953
3 457 212 213 0.8884759082409968 0.6216578927951215 0.7632216669702953
3 213 212 776 0.8884759082409968 0.6216578927951215 0.7632216669702953
3 459 215 460 0.8884759082409968 0.6216578927951215 0.7632216669702953
3 460 265 459 0.8884759082409968 0.6216578927951215 0.7632216669702953
3 459 265 264 0.8884759082409968 0.6216578927951215 0.7632216669702953
3 648 330 331 0.8884759082409968 0.6216578927951215 0.7632216669702953
3 913 514 515 0.8884759082409968 0.6216578927951215 0.7632216669702953
3 515 645 646 0.8884759082409968 0.6216578927951215 0.7632216669702953
3 515 514 645 0.8884759082409968 0.6216578927951215 0.7632216669702953
3 916 917 454 0.8884759082409968 0.6216578927951215 0.7632216669702953
3 454 453 916 0.8884759082409968 0.6216578927951215 0.7632216669702953
3 250 249 503 0.8884759082409968 0.6216578927951215 0.7632216669702953
3 250 816 249 0.8884759082409968 0.6216578927951215 0.7632216669702953
3 329 328 815 0.8884759082409968 0.6216578927951215 0.7632216669702953
3 815 816 329 0.8884759082409968 0.6216578927951215 0.7632216669702953
3 646 328 329 0.8884759082409968 0.6216578927951215 0.7632216669702953
3 329 816 330 0.8884759082409968 0.6216578927951215 0.7632216669702953
3 195 441 726 0.8884759082409968 0.6216578927951215 0.7632216669702953
3 195 440 441 0.8884759082409968 0.6216578927951215 0.7632216669702953
3 726 725 195 0.8884759082409968 0.6216578927951215 0.7632216669702953
3 195 725 194 0.8884759082409968 0.6216578927951215 0.7632216669702953
3 194 439 195 0.8884759082409968 0.6216578927951215 0.7632216669702953
3 439 440 195 0.8884759082409968 0.6216578927951215 0.7632216669702953
3 905 703 906 0.8884759082409968 0.6216578927951215 0.7632216669702953
3 905 904 702 0.8884759082409968 0.6216578927951215 0.7632216669702953
3 702 703 905 0.8884759082409968 0.6216578927951215 0.7632216669702953
3 336 337 203 0.8884759082409968 0.6216578927951215 0.7632216669702953
3 336 450 337 0.8884759082409968 0.6216578927951215 0.7632216669702953
3 662 661 207 0.8884759082409968 0.6216578927951215 0.7632216669702953
3 207 836 662 0.8884759082409968 0.6216578927951215 0.7632216669702953
3 835 836 207 0.8884759082409968 0.6216578927951215 0.7632216669702953
3 207 834 835 0.8884759082409968 0.6216578927951215 0.7632216669702953
3 139 201 140 0.8884759082409968 0.6216578927951215 0.7632216669702953
3 140 834 139 0.8884759082409968 0.6216578927951215 0.7632216669702953
3 203 835 140 0.8884759082409968 0.6216578927951215 0.7632216669702953
3 835 834 140 0.8884759082409968 0.6216578927951215 0.7632216669702953
3 651 520 650 0.8884759082409968 0.6216578927951215 0.7632216669702953
3 822 821 509 0.8884759082409968 0.6216578927951215 0.7632216669702953
3 522 922 921 0.8884759082409968 0.6216578927951215 0.7632216669702953
3 522 654 922 0.8884759082409968 0.6216578927951215 0.7632216669702953
3 921 920 522 0.8884759082409968 0.6216578927951215 0.7632216669702953
3 209 252 418 0.8884759082409968 0.6216578927951215 0.7632216669702953
3 209 142 252 0.8884759082409968 0.6216578927951215 0.7632216669702953
3 143 142 209 0.8884759082409968 0.6216578927951215 0.7632216669702953
3 209 210 143 0.8884759082409968 0.6216578927951215 0.7632216669702953
3 355 257 10 0.8884759082409968 0.6216578927951215 0.7632216669702953
3 8 110 355 0.8884759082409968 0.6216578927951215 0.7632216669702953
3 355 10 8 0.8884759082409968 0.6216578927951215 0.7632216669702953
3 257 355 356 0.8884759082409968 0.6216578927951215 0.7632216669702953
3 146 109 145 0.8884759082409968 0.6216578927951215 0.7632216669702953
3 603 360 359 0.8884759082409968 0.6216578927951215 0.7632216669702953
3 359 602 603 0.8884759082409968 0.6216578927951215 0.7632216669702953
3 359 360 261 0.8884759082409968 0.6216578927951215 0.7632216669702953
3 358 602 359 0.8884759082409968 0.6216578927951215 0.7632216669702953
3 260 358 359 0.8884759082409968 0.6216578927951215 0.7632216669702953
3 359 261 260 0.8884759082409968 0.6216578927951215 0.7632216669702953
3 606 958 959 0.8884759082409968 0.6216578927951215 0.7632216669702953
3 426 860 859 0.8884759082409968 0.6216578927951215 0.7632216669702953
3 859 425 426 0.8884759082409968 0.6216578927951215 0.7632216669702953
3 860 959 859 0.8884759082409968 0.6216578927951215 0.7632216669702953
3 859 959 958 0.8884759082409968 0.6216578927951215 0.7632216669702953
3 605 958 606 0.8884759082409968 0.6216578927951215 0.7632216669702953
3 606 362 605 0.8884759082409968 0.6216578927951215 0.7632216669702953
3 361 360 604 0.8884759082409968 0.6216578927951215 0.7632216669702953
3 262 360 361 0.8884759082409968 0.6216578927951215 0.7632216669702953
3 604 605 361 0.8884759082409968 0.6216578927951215 0.7632216669702953
3 361 605 362 0.8884759082409968 0.6216578927951215 0.7632216669702953
3 617 377 376 0.8884759082409968 0.6216578927951215 0.7632216669702953
3 118 71 70 0.8884759082409968 0.6216578927951215 0.7632216669702953
3 70 237 118 0.8884759082409968 0.6216578927951215 0.7632216669702953
3 118 237 890 0.8884759082409968 0.6216578927951215 0.7632216669702953
3 72 71 118 0.8884759082409968 0.6216578927951215 0.7632216669702953
3 118 890 72 0.8884759082409968 0.6216578927951215 0.7632216669702953
3 228 794 795 0.8884759082409968 0.6216578927951215 0.7632216669702953
3 795 229 228 0.8884759082409968 0.6216578927951215 0.7632216669702953
3 229 470 228 0.8884759082409968 0.6216578927951215 0.7632216669702953
3 228 470 469 0.8884759082409968 0.6216578927951215 0.7632216669702953
3 282 469 283 0.8884759082409968 0.6216578927951215 0.7632216669702953
3 282 630 629 0.8884759082409968 0.6216578927951215 0.7632216669702953
3 283 630 282 0.8884759082409968 0.6216578927951215 0.7632216669702953
3 313 759 758 0.8884759082409968 0.6216578927951215 0.7632216669702953
3 758 320 757 0.8884759082409968 0.6216578927951215 0.7632216669702953
3 757 312 758 0.8884759082409968 0.6216578927951215 0.7632216669702953
3 758 312 313 0.8884759082409968 0.6216578927951215 0.7632216669702953
3 763 764 325 0.8884759082409968 0.6216578927951215 0.7632216669702953
3 316 317 762 0.8884759082409968 0.6216578927951215 0.7632216669702953
3 762 763 325 0.8884759082409968 0.6216578927951215 0.7632216669702953
3 317 763 762 0.8884759082409968 0.6216578927951215 0.7632216669702953
3 552 292 553 0.8884759082409968 0.6216578927951215 0.7632216669702953
3 552 291 292 0.8884759082409968 0.6216578927951215 0.7632216669702953
3 760 314 315 0.8884759082409968 0.6216578927951215 0.7632216669702953
3 313 312 548 0.8884759082409968 0.6216578927951215 0.7632216669702953
3 312 547 548 0.8884759082409968 0.6216578927951215 0.7632216669702953
3 548 547 287 0.8884759082409968 0.6216578927951215 0.7632216669702953
3 287 288 548 0.8884759082409968 0.6216578927951215 0.7632216669702953
3 293 61 319 0.8884759082409968 0.6216578927951215 0.7632216669702953
3 293 62 61 0.8884759082409968 0.6216578927951215 0.7632216669702953
3 232 62 293 0.8884759082409968 0.6216578927951215 0.7632216669702953
3 233 232 293 0.8884759082409968 0.6216578927951215 0.7632216669702953
3 293 294 233 0.8884759082409968 0.6216578927951215 0.7632216669702953
3 319 294 293 0.8884759082409968 0.6216578927951215 0.7632216669702953
3 498 897 898 0.8884759082409968 0.6216578927951215 0.7632216669702953
3 897 486 898 0.8884759082409968 0.6216578927951215 0.7632216669702953
3 483 303 895 0.8884759082409968 0.6216578927951215 0.7632216669702953
3 302 137 562 0.8884759082409968 0.6216578927951215 0.7632216669702953
3 562 483 302 0.8884759082409968 0.6216578927951215 0.7632216669702953
3 303 483 562 0.8884759082409968 0.6216578927951215 0.7632216669702953
3 485 896 304 0.8884759082409968 0.6216578927951215 0.7632216669702953
3 304 564 485 0.8884759082409968 0.6216578927951215 0.7632216669702953
3 895 303 484 0.8884759082409968 0.6216578927951215 0.7632216669702953
3 484 896 895 0.8884759082409968 0.6216578927951215 0.7632216669702953
3 484 304 896 0.8884759082409968 0.6216578927951215 0.7632216669702953
3 442 727 441 0.8884759082409968 0.6216578927951215 0.7632216669702953
3 442 441 494 0.8884759082409968 0.6216578927951215 0.7632216669702953
3 494 495 442 0.8884759082409968 0.6216578927951215 0.7632216669702953
3 728 727 442 0.8884759082409968 0.6216578927951215 0.7632216669702953
3 508 507 728 0.8884759082409968 0.6216578927951215 0.7632216669702953
3 509 821 508 0.8884759082409968 0.6216578927951215 0.7632216669702953
3 445 497 498 0.8884759082409968 0.6216578927951215 0.7632216669702953
3 730 445 731 0.8884759082409968 0.6216578927951215 0.7632216669702953
3 565 564 694 0.8884759082409968 0.6216578927951215 0.7632216669702953
3 565 486 485 0.8884759082409968 0.6216578927951215 0.7632216669702953
3 485 564 565 0.8884759082409968 0.6216578927951215 0.7632216669702953
3 323 298 297 0.8884759082409968 0.6216578927951215 0.7632216669702953
3 297 236 296 0.8884759082409968 0.6216578927951215 0.7632216669702953
3 694 236 297 0.8884759082409968 0.6216578927951215 0.7632216669702953
3 297 298 694 0.8884759082409968 0.6216578927951215 0.7632216669702953
3 296 322 297 0.8884759082409968 0.6216578927951215 0.7632216669702953
3 297 322 323 0.8884759082409968 0.6216578927951215 0.7632216669702953
3 759 322 321 0.8884759082409968 0.6216578927951215 0.7632216669702953
3 320 758 321 0.8884759082409968 0.6216578927951215 0.7632216669702953
3 321 758 759 0.8884759082409968 0.6216578927951215 0.7632216669702953
3 321 322 296 0.8884759082409968 0.6216578927951215 0.7632216669702953
3 699 765 766 0.8884759082409968 0.6216578927951215 0.7632216669702953
3 699 698 765 0.8884759082409968 0.6216578927951215 0.7632216669702953
3 301 136 561 0.8884759082409968 0.6216578927951215 0.7632216669702953
3 561 482 301 0.8884759082409968 0.6216578927951215 0.7632216669702953
3 561 137 302 0.8884759082409968 0.6216578927951215 0.7632216669702953
3 302 482 561 0.8884759082409968 0.6216578927951215 0.7632216669702953
3 481 560 301 0.8884759082409968 0.6216578927951215 0.7632216669702953
3 481 113 560 0.8884759082409968 0.6216578927951215 0.7632216669702953
3 243 892 244 0.8884759082409968 0.6216578927951215 0.7632216669702953
3 492 491 244 0.8884759082409968 0.6216578927951215 0.7632216669702953
3 244 491 243 0.8884759082409968 0.6216578927951215 0.7632216669702953
3 245 246 493 0.8884759082409968 0.6216578927951215 0.7632216669702953
3 245 493 492 0.8884759082409968 0.6216578927951215 0.7632216669702953
3 492 244 245 0.8884759082409968 0.6216578927951215 0.7632216669702953
3 185 690 137 0.8884759082409968 0.6216578927951215 0.7632216669702953
3 137 561 185 0.8884759082409968 0.6216578927951215 0.7632216669702953
3 185 561 136 0.8884759082409968 0.6216578927951215 0.7632216669702953
3 185 136 689 0.8884759082409968 0.6216578927951215 0.7632216669702953
3 689 690 185 0.8884759082409968 0.6216578927951215 0.7632216669702953
3 922 655 923 0.8884759082409968 0.6216578927951215 0.7632216669702953
3 924 846 923 0.8884759082409968 0.6216578927951215 0.7632216669702953
3 846 845 923 0.8884759082409968 0.6216578927951215 0.7632216669702953
3 923 845 922 0.8884759082409968 0.6216578927951215 0.7632216669702953
3 824 655 654 0.8884759082409968 0.6216578927951215 0.7632216669702953
3 830 927 829 0.8884759082409968 0.6216578927951215 0.7632216669702953
3 829 927 926 0.8884759082409968 0.6216578927951215 0.7632216669702953
3 704 907 906 0.8884759082409968 0.6216578927951215 0.7632216669702953
3 906 703 704 0.8884759082409968 0.6216578927951215 0.7632216669702953
3 704 703 771 0.8884759082409968 0.6216578927951215 0.7632216669702953
3 861 862 960 0.8884759082409968 0.6216578927951215 0.7632216669702953
3 960 860 861 0.8884759082409968 0.6216578927951215 0.7632216669702953
3 960 959 860 0.8884759082409968 0.6216578927951215 0.7632216669702953
3 864 943 944 0.8884759082409968 0.6216578927951215 0.7632216669702953
3 944 672 945 0.8884759082409968 0.6216578927951215 0.7632216669702953
3 944 943 672 0.8884759082409968 0.6216578927951215 0.7632216669702953
3 863 943 864 0.8884759082409968 0.6216578927951215 0.7632216669702953
3 864 962 863 0.8884759082409968 0.6216578927951215 0.7632216669702953
3 670 943 942 0.8884759082409968 0.6216578927951215 0.7632216669702953
3 942 669 670 0.8884759082409968 0.6216578927951215 0.7632216669702953
3 941 669 942 0.8884759082409968 0.6216578927951215 0.7632216669702953
3 943 863 942 0.8884759082409968 0.6216578927951215 0.7632216669702953
3 942 862 941 0.8884759082409968 0.6216578927951215 0.7632216669702953
3 942 863 862 0.8884759082409968 0.6216578927951215 0.7632216669702953
3 867 946 947 0.8884759082409968 0.6216578927951215 0.7632216669702953
3 867 866 946 0.8884759082409968 0.6216578927951215 0.7632216669702953
3 753 626 752 0.8884759082409968 0.6216578927951215 0.7632216669702953
3 612 753 752 0.8884759082409968 0.6216578927951215 0.7632216669702953
3 754 753 612 0.8884759082409968 0.6216578927951215 0.7632216669702953
3 532 390 531 0.8884759082409968 0.6216578927951215 0.7632216669702953
3 877 390 878 0.8884759082409968 0.6216578927951215 0.7632216669702953
3 878 354 877 0.8884759082409968 0.6216578927951215 0.7632216669702953
3 877 354 876 0.8884759082409968 0.6216578927951215 0.7632216669702953
3 534 880 533 0.8884759082409968 0.6216578927951215 0.7632216669702953
3 390 532 533 0.8884759082409968 0.6216578927951215 0.7632216669702953
3 684 534 533 0.8884759082409968 0.6216578927951215 0.7632216669702953
3 682 681 466 0.8884759082409968 0.6216578927951215 0.7632216669702953
3 531 681 682 0.8884759082409968 0.6216578927951215 0.7632216669702953
3 682 532 531 0.8884759082409968 0.6216578927951215 0.7632216669702953
3 889 969 970 0.8884759082409968 0.6216578927951215 0.7632216669702953
3 970 929 909 0.8884759082409968 0.6216578927951215 0.7632216669702953
3 949 929 970 0.8884759082409968 0.6216578927951215 0.7632216669702953
3 970 969 949 0.8884759082409968 0.6216578927951215 0.7632216669702953
3 970 909 812 0.8884759082409968 0.6216578927951215 0.7632216669702953
3 812 889 970 0.8884759082409968 0.6216578927951215 0.7632216669702953
3 687 686 789 0.8884759082409968 0.6216578927951215 0.7632216669702953
3 688 883 687 0.8884759082409968 0.6216578927951215 0.7632216669702953
3 883 882 687 0.8884759082409968 0.6216578927951215 0.7632216669702953
3 687 882 686 0.8884759082409968 0.6216578927951215 0.7632216669702953
3 685 534 684 0.8884759082409968 0.6216578927951215 0.7632216669702953
3 685 686 534 0.8884759082409968 0.6216578927951215 0.7632216669702953
3 153 128 375 0.8884759082409968 0.6216578927951215 0.7632216669702953
3 153 154 776 0.8884759082409968 0.6216578927951215 0.7632216669702953
3 375 154 153 0.8884759082409968 0.6216578927951215 0.7632216669702953
3 776 775 153 0.8884759082409968 0.6216578927951215 0.7632216669702953
3 775 152 153 0.8884759082409968 0.6216578927951215 0.7632216669702953
3 127 152 373 0.8884759082409968 0.6216578927951215 0.7632216669702953
3 373 18 126 0.8884759082409968 0.6216578927951215 0.7632216669702953
3 373 19 18 0.8884759082409968 0.6216578927951215 0.7632216669702953
3 373 152 19 0.8884759082409968 0.6216578927951215 0.7632216669702953
3 526 309 527 0.8884759082409968 0.6216578927951215 0.7632216669702953
3 266 265 460 0.8884759082409968 0.6216578927951215 0.7632216669702953
3 675 265 266 0.8884759082409968 0.6216578927951215 0.7632216669702953
3 677 309 308 0.8884759082409968 0.6216578927951215 0.7632216669702953
3 678 309 677 0.8884759082409968 0.6216578927951215 0.7632216669702953
3 677 268 678 0.8884759082409968 0.6216578927951215 0.7632216669702953
3 677 267 268 0.8884759082409968 0.6216578927951215 0.7632216669702953
3 772 642 773 0.8884759082409968 0.6216578927951215 0.7632216669702953
3 771 642 772 0.8884759082409968 0.6216578927951215 0.7632216669702953
3 772 704 771 0.8884759082409968 0.6216578927951215 0.7632216669702953
3 773 907 772 0.8884759082409968 0.6216578927951215 0.7632216669702953
3 907 704 772 0.8884759082409968 0.6216578927951215 0.7632216669702953
3 436 803 435 0.8884759082409968 0.6216578927951215 0.7632216669702953
3 435 592 436 0.8884759082409968 0.6216578927951215 0.7632216669702953
3 436 592 593 0.8884759082409968 0.6216578927951215 0.7632216669702953
3 583 884 718 0.8884759082409968 0.6216578927951215 0.7632216669702953
3 806 805 595 0.8884759082409968 0.6216578927951215 0.7632216669702953
3 809 774 773 0.8884759082409968 0.6216578927951215 0.7632216669702953
3 773 642 809 0.8884759082409968 0.6216578927951215 0.7632216669702953
3 398 542 543 0.8884759082409968 0.6216578927951215 0.7632216669702953
3 543 399 398 0.8884759082409968 0.6216578927951215 0.7632216669702953
3 544 399 543 0.8884759082409968 0.6216578927951215 0.7632216669702953
3 543 580 544 0.8884759082409968 0.6216578927951215 0.7632216669702953
3 544 714 399 0.8884759082409968 0.6216578927951215 0.7632216669702953
3 715 593 408 0.8884759082409968 0.6216578927951215 0.7632216669702953
3 408 714 715 0.8884759082409968 0.6216578927951215 0.7632216669702953
3 792 886 688 0.8884759082409968 0.6216578927951215 0.7632216669702953
3 219 537 536 0.8884759082409968 0.6216578927951215 0.7632216669702953
3 536 537 165 0.8884759082409968 0.6216578927951215 0.7632216669702953
3 392 168 391 0.8884759082409968 0.6216578927951215 0.7632216669702953
3 391 165 392 0.8884759082409968 0.6216578927951215 0.7632216669702953
3 169 168 392 0.8884759082409968 0.6216578927951215 0.7632216669702953
3 393 169 392 0.8884759082409968 0.6216578927951215 0.7632216669702953
3 407 713 408 0.8884759082409968 0.6216578927951215 0.7632216669702953
3 408 591 407 0.8884759082409968 0.6216578927951215 0.7632216669702953
3 591 590 407 0.8884759082409968 0.6216578927951215 0.7632216669702953
3 406 590 589 0.8884759082409968 0.6216578927951215 0.7632216669702953
3 589 405 406 0.8884759082409968 0.6216578927951215 0.7632216669702953
3 406 407 590 0.8884759082409968 0.6216578927951215 0.7632216669702953
3 406 405 711 0.8884759082409968 0.6216578927951215 0.7632216669702953
3 709 708 395 0.8884759082409968 0.6216578927951215 0.7632216669702953
3 395 396 709 0.8884759082409968 0.6216578927951215 0.7632216669702953
3 709 396 710 0.8884759082409968 0.6216578927951215 0.7632216669702953
3 710 404 709 0.8884759082409968 0.6216578927951215 0.7632216669702953
3 403 404 179 0.8884759082409968 0.6216578927951215 0.7632216669702953
3 179 178 403 0.8884759082409968 0.6216578927951215 0.7632216669702953
3 178 402 403 0.8884759082409968 0.6216578927951215 0.7632216669702953
3 631 630 283 0.8884759082409968 0.6216578927951215 0.7632216669702953
3 283 284 631 0.8884759082409968 0.6216578927951215 0.7632216669702953
3 632 291 631 0.8884759082409968 0.6216578927951215 0.7632216669702953
3 631 284 632 0.8884759082409968 0.6216578927951215 0.7632216669702953
3 389 877 876 0.8884759082409968 0.6216578927951215 0.7632216669702953
3 390 877 389 0.8884759082409968 0.6216578927951215 0.7632216669702953
3 531 390 389 0.8884759082409968 0.6216578927951215 0.7632216669702953
3 574 279 278 0.8884759082409968 0.6216578927951215 0.7632216669702953
3 277 218 276 0.8884759082409968 0.6216578927951215 0.7632216669702953
3 277 278 219 0.8884759082409968 0.6216578927951215 0.7632216669702953
3 219 536 277 0.8884759082409968 0.6216578927951215 0.7632216669702953
3 277 536 218 0.8884759082409968 0.6216578927951215 0.7632216669702953
3 348 132 133 0.8884759082409968 0.6216578927951215 0.7632216669702953
3 275 276 217 0.8884759082409968 0.6216578927951215 0.7632216669702953
3 275 571 276 0.8884759082409968 0.6216578927951215 0.7632216669702953
3 217 39 275 0.8884759082409968 0.6216578927951215 0.7632216669702953
3 39 38 275 0.8884759082409968 0.6216578927951215 0.7632216669702953
3 275 38 35 0.8884759082409968 0.6216578927951215 0.7632216669702953
3 35 571 275 0.8884759082409968 0.6216578927951215 0.7632216669702953
3 34 33 160 0.8884759082409968 0.6216578927951215 0.7632216669702953
3 160 571 34 0.8884759082409968 0.6216578927951215 0.7632216669702953
3 386 387 273 0.8884759082409968 0.6216578927951215 0.7632216669702953
3 273 387 274 0.8884759082409968 0.6216578927951215 0.7632216669702953
3 273 274 874 0.8884759082409968 0.6216578927951215 0.7632216669702953
3 874 159 273 0.8884759082409968 0.6216578927951215 0.7632216669702953
3 270 384 271 0.8884759082409968 0.6216578927951215 0.7632216669702953
3 271 157 270 0.8884759082409968 0.6216578927951215 0.7632216669702953
3 271 158 157 0.8884759082409968 0.6216578927951215 0.7632216669702953
3 134 873 350 0.8884759082409968 0.6216578927951215 0.7632216669702953
3 872 873 134 0.8884759082409968 0.6216578927951215 0.7632216669702953
3 872 871 130 0.8884759082409968 0.6216578927951215 0.7632216669702953
3 134 871 872 0.8884759082409968 0.6216578927951215 0.7632216669702953
3 158 159 131 0.8884759082409968 0.6216578927951215 0.7632216669702953
3 159 873 131 0.8884759082409968 0.6216578927951215 0.7632216669702953
3 873 872 131 0.8884759082409968 0.6216578927951215 0.7632216669702953
3 131 872 130 0.8884759082409968 0.6216578927951215 0.7632216669702953
3 130 157 131 0.8884759082409968 0.6216578927951215 0.7632216669702953
3 157 158 131 0.8884759082409968 0.6216578927951215 0.7632216669702953
3 376 377 155 0.8884759082409968 0.6216578927951215 0.7632216669702953
3 377 778 155 0.8884759082409968 0.6216578927951215 0.7632216669702953
3 155 778 777 0.8884759082409968 0.6216578927951215 0.7632216669702953
3 155 154 376 0.8884759082409968 0.6216578927951215 0.7632216669702953
3 777 154 155 0.8884759082409968 0.6216578927951215 0.7632216669702953
3 214 778 215 0.8884759082409968 0.6216578927951215 0.7632216669702953
3 215 459 214 0.8884759082409968 0.6216578927951215 0.7632216669702953
3 777 778 214 0.8884759082409968 0.6216578927951215 0.7632216669702953
3 214 213 777 0.8884759082409968 0.6216578927951215 0.7632216669702953
3 331 332 649 0.8884759082409968 0.6216578927951215 0.7632216669702953
3 649 648 331 0.8884759082409968 0.6216578927951215 0.7632216669702953
3 649 332 650 0.8884759082409968 0.6216578927951215 0.7632216669702953
3 650 519 649 0.8884759082409968 0.6216578927951215 0.7632216669702953
3 330 648 647 0.8884759082409968 0.6216578927951215 0.7632216669702953
3 646 329 647 0.8884759082409968 0.6216578927951215 0.7632216669702953
3 647 329 330 0.8884759082409968 0.6216578927951215 0.7632216669702953
3 647 648 517 0.8884759082409968 0.6216578927951215 0.7632216669702953
3 913 515 914 0.8884759082409968 0.6216578927951215 0.7632216669702953
3 451 913 914 0.8884759082409968 0.6216578927951215 0.7632216669702953
3 914 452 451 0.8884759082409968 0.6216578927951215 0.7632216669702953
3 503 198 504 0.8884759082409968 0.6216578927951215 0.7632216669702953
3 504 250 503 0.8884759082409968 0.6216578927951215 0.7632216669702953
3 330 816 817 0.8884759082409968 0.6216578927951215 0.7632216669702953
3 816 250 817 0.8884759082409968 0.6216578927951215 0.7632216669702953
3 331 330 817 0.8884759082409968 0.6216578927951215 0.7632216669702953
3 817 818 331 0.8884759082409968 0.6216578927951215 0.7632216669702953
3 733 500 734 0.8884759082409968 0.6216578927951215 0.7632216669702953
3 732 500 733 0.8884759082409968 0.6216578927951215 0.7632216669702953
3 912 450 449 0.8884759082409968 0.6216578927951215 0.7632216669702953
3 450 336 449 0.8884759082409968 0.6216578927951215 0.7632216669702953
3 449 911 912 0.8884759082409968 0.6216578927951215 0.7632216669702953
3 449 448 911 0.8884759082409968 0.6216578927951215 0.7632216669702953
3 206 207 661 0.8884759082409968 0.6216578927951215 0.7632216669702953
3 834 207 206 0.8884759082409968 0.6216578927951215 0.7632216669702953
3 206 661 660 0.8884759082409968 0.6216578927951215 0.7632216669702953
3 833 834 206 0.8884759082409968 0.6216578927951215 0.7632216669702953
3 206 660 205 0.8884759082409968 0.6216578927951215 0.7632216669702953
3 205 833 206 0.8884759082409968 0.6216578927951215 0.7632216669702953
3 202 201 334 0.8884759082409968 0.6216578927951215 0.7632216669702953
3 202 140 201 0.8884759082409968 0.6216578927951215 0.7632216669702953
3 203 140 202 0.8884759082409968 0.6216578927951215 0.7632216669702953
3 521 920 919 0.8884759082409968 0.6216578927951215 0.7632216669702953
3 521 522 920 0.8884759082409968 0.6216578927951215 0.7632216669702953
3 919 520 521 0.8884759082409968 0.6216578927951215 0.7632216669702953
3 520 651 521 0.8884759082409968 0.6216578927951215 0.7632216669702953
3 654 522 653 0.8884759082409968 0.6216578927951215 0.7632216669702953
3 253 418 419 0.8884759082409968 0.6216578927951215 0.7632216669702953
3 253 209 418 0.8884759082409968 0.6216578927951215 0.7632216669702953
3 210 209 253 0.8884759082409968 0.6216578927951215 0.7632216669702953
3 419 254 253 0.8884759082409968 0.6216578927951215 0.7632216669702953
3 254 210 253 0.8884759082409968 0.6216578927951215 0.7632216669702953
3 257 356 148 0.8884759082409968 0.6216578927951215 0.7632216669702953
3 739 12 148 0.8884759082409968 0.6216578927951215 0.7632216669702953
3 12 257 148 0.8884759082409968 0.6216578927951215 0.7632216669702953
3 110 109 599 0.8884759082409968 0.6216578927951215 0.7632216669702953
3 599 355 110 0.8884759082409968 0.6216578927951215 0.7632216669702953
3 109 146 599 0.8884759082409968 0.6216578927951215 0.7632216669702953
3 149 120 739 0.8884759082409968 0.6216578927951215 0.7632216669702953
3 952 145 341 0.8884759082409968 0.6216578927951215 0.7632216669702953
3 952 146 145 0.8884759082409968 0.6216578927951215 0.7632216669702953
3 341 852 952 0.8884759082409968 0.6216578927951215 0.7632216669702953
3 852 853 952 0.8884759082409968 0.6216578927951215 0.7632216669702953
3 614 125 127 0.8884759082409968 0.6216578927951215 0.7632216669702953
3 126 124 614 0.8884759082409968 0.6216578927951215 0.7632216669702953
3 614 373 126 0.8884759082409968 0.6216578927951215 0.7632216669702953
3 127 373 614 0.8884759082409968 0.6216578927951215 0.7632216669702953
3 124 122 366 0.8884759082409968 0.6216578927951215 0.7632216669702953
3 366 614 124 0.8884759082409968 0.6216578927951215 0.7632216669702953
3 125 614 366 0.8884759082409968 0.6216578927951215 0.7632216669702953
3 366 122 742 0.8884759082409968 0.6216578927951215 0.7632216669702953
3 127 125 615 0.8884759082409968 0.6216578927951215 0.7632216669702953
3 742 743 367 0.8884759082409968 0.6216578927951215 0.7632216669702953
3 367 366 742 0.8884759082409968 0.6216578927951215 0.7632216669702953
3 125 366 367 0.8884759082409968 0.6216578927951215 0.7632216669702953
3 367 615 125 0.8884759082409968 0.6216578927951215 0.7632216669702953
3 367 743 368 0.8884759082409968 0.6216578927951215 0.7632216669702953
3 424 425 858 0.8884759082409968 0.6216578927951215 0.7632216669702953
3 425 859 858 0.8884759082409968 0.6216578927951215 0.7632216669702953
3 858 859 958 0.8884759082409968 0.6216578927951215 0.7632216669702953
3 262 361 744 0.8884759082409968 0.6216578927951215 0.7632216669702953
3 368 743 744 0.8884759082409968 0.6216578927951215 0.7632216669702953
3 744 743 262 0.8884759082409968 0.6216578927951215 0.7632216669702953
3 779 377 378 0.8884759082409968 0.6216578927951215 0.7632216669702953
3 623 783 622 0.8884759082409968 0.6216578927951215 0.7632216669702953
3 464 463 782 0.8884759082409968 0.6216578927951215 0.7632216669702953
3 782 783 464 0.8884759082409968 0.6216578927951215 0.7632216669702953
3 794 228 227 0.8884759082409968 0.6216578927951215 0.7632216669702953
3 52 51 227 0.8884759082409968 0.6216578927951215 0.7632216669702953
3 51 794 227 0.8884759082409968 0.6216578927951215 0.7632216669702953
3 227 228 469 0.8884759082409968 0.6216578927951215 0.7632216669702953
3 629 628 281 0.8884759082409968 0.6216578927951215 0.7632216669702953
3 281 282 629 0.8884759082409968 0.6216578927951215 0.7632216669702953
3 281 628 54 0.8884759082409968 0.6216578927951215 0.7632216669702953
3 281 54 53 0.8884759082409968 0.6216578927951215 0.7632216669702953
3 318 763 317 0.8884759082409968 0.6216578927951215 0.7632216669702953
3 318 552 553 0.8884759082409968 0.6216578927951215 0.7632216669702953
3 317 552 318 0.8884759082409968 0.6216578927951215 0.7632216669702953
3 764 763 318 0.8884759082409968 0.6216578927951215 0.7632216669702953
3 554 764 318 0.8884759082409968 0.6216578927951215 0.7632216669702953
3 318 553 554 0.8884759082409968 0.6216578927951215 0.7632216669702953
3 316 762 761 0.8884759082409968 0.6216578927951215 0.7632216669702953
3 761 323 760 0.8884759082409968 0.6216578927951215 0.7632216669702953
3 760 315 761 0.8884759082409968 0.6216578927951215 0.7632216669702953
3 761 315 316 0.8884759082409968 0.6216578927951215 0.7632216669702953
3 324 298 323 0.8884759082409968 0.6216578927951215 0.7632216669702953
3 323 761 324 0.8884759082409968 0.6216578927951215 0.7632216669702953
3 324 761 762 0.8884759082409968 0.6216578927951215 0.7632216669702953
3 325 298 324 0.8884759082409968 0.6216578927951215 0.7632216669702953
3 324 762 325 0.8884759082409968 0.6216578927951215 0.7632216669702953
3 291 552 551 0.8884759082409968 0.6216578927951215 0.7632216669702953
3 316 315 551 0.8884759082409968 0.6216578927951215 0.7632216669702953
3 551 317 316 0.8884759082409968 0.6216578927951215 0.7632216669702953
3 551 552 317 0.8884759082409968 0.6216578927951215 0.7632216669702953
3 549 548 288 0.8884759082409968 0.6216578927951215 0.7632216669702953
3 549 314 313 0.8884759082409968 0.6216578927951215 0.7632216669702953
3 313 548 549 0.8884759082409968 0.6216578927951215 0.7632216669702953
3 696 298 325 0.8884759082409968 0.6216578927951215 0.7632216669702953
3 487 898 486 0.8884759082409968 0.6216578927951215 0.7632216669702953
3 899 900 500 0.8884759082409968 0.6216578927951215 0.7632216669702953
3 898 487 899 0.8884759082409968 0.6216578927951215 0.7632216669702953
3 241 482 302 0.8884759082409968 0.6216578927951215 0.7632216669702953
3 302 483 241 0.8884759082409968 0.6216578927951215 0.7632216669702953
3 241 483 895 0.8884759082409968 0.6216578927951215 0.7632216669702953
3 186 691 187 0.8884759082409968 0.6216578927951215 0.7632216669702953
3 187 562 186 0.8884759082409968 0.6216578927951215 0.7632216669702953
3 186 562 137 0.8884759082409968 0.6216578927951215 0.7632216669702953
3 137 690 186 0.8884759082409968 0.6216578927951215 0.7632216669702953
3 186 690 691 0.8884759082409968 0.6216578927951215 0.7632216669702953
3 564 304 563 0.8884759082409968 0.6216578927951215 0.7632216669702953
3 187 692 563 0.8884759082409968 0.6216578927951215 0.7632216669702953
3 692 564 563 0.8884759082409968 0.6216578927951215 0.7632216669702953
3 563 562 187 0.8884759082409968 0.6216578927951215 0.7632216669702953
3 303 562 563 0.8884759082409968 0.6216578927951215 0.7632216669702953
3 563 484 303 0.8884759082409968 0.6216578927951215 0.7632216669702953
3 304 484 563 0.8884759082409968 0.6216578927951215 0.7632216669702953
3 728 442 443 0.8884759082409968 0.6216578927951215 0.7632216669702953
3 443 495 496 0.8884759082409968 0.6216578927951215 0.7632216669702953
3 443 442 495 0.8884759082409968 0.6216578927951215 0.7632216669702953
3 729 508 728 0.8884759082409968 0.6216578927951215 0.7632216669702953
3 728 443 729 0.8884759082409968 0.6216578927951215 0.7632216669702953
3 729 730 509 0.8884759082409968 0.6216578927951215 0.7632216669702953
3 509 508 729 0.8884759082409968 0.6216578927951215 0.7632216669702953
3 820 508 821 0.8884759082409968 0.6216578927951215 0.7632216669702953
3 820 332 819 0.8884759082409968 0.6216578927951215 0.7632216669702953
3 819 507 820 0.8884759082409968 0.6216578927951215 0.7632216669702953
3 507 508 820 0.8884759082409968 0.6216578927951215 0.7632216669702953
3 650 332 820 0.8884759082409968 0.6216578927951215 0.7632216669702953
3 820 651 650 0.8884759082409968 0.6216578927951215 0.7632216669702953
3 821 651 820 0.8884759082409968 0.6216578927951215 0.7632216669702953
3 510 822 509 0.8884759082409968 0.6216578927951215 0.7632216669702953
3 509 730 510 0.8884759082409968 0.6216578927951215 0.7632216669702953
3 730 731 510 0.8884759082409968 0.6216578927951215 0.7632216669702953
3 446 731 445 0.8884759082409968 0.6216578927951215 0.7632216669702953
3 446 445 498 0.8884759082409968 0.6216578927951215 0.7632216669702953
3 446 500 732 0.8884759082409968 0.6216578927951215 0.7632216669702953
3 732 731 446 0.8884759082409968 0.6216578927951215 0.7632216669702953
3 295 294 320 0.8884759082409968 0.6216578927951215 0.7632216669702953
3 320 321 295 0.8884759082409968 0.6216578927951215 0.7632216669702953
3 234 294 295 0.8884759082409968 0.6216578927951215 0.7632216669702953
3 235 234 295 0.8884759082409968 0.6216578927951215 0.7632216669702953
3 295 296 235 0.8884759082409968 0.6216578927951215 0.7632216669702953
3 295 321 296 0.8884759082409968 0.6216578927951215 0.7632216669702953
3 766 767 700 0.8884759082409968 0.6216578927951215 0.7632216669702953
3 700 699 766 0.8884759082409968 0.6216578927951215 0.7632216669702953
3 698 699 569 0.8884759082409968 0.6216578927951215 0.7632216669702953
3 489 568 569 0.8884759082409968 0.6216578927951215 0.7632216669702953
3 569 568 698 0.8884759082409968 0.6216578927951215 0.7632216669702953
3 301 482 240 0.8884759082409968 0.6216578927951215 0.7632216669702953
3 240 481 301 0.8884759082409968 0.6216578927951215 0.7632216669702953
3 239 892 480 0.8884759082409968 0.6216578927951215 0.7632216669702953
3 655 824 825 0.8884759082409968 0.6216578927951215 0.7632216669702953
3 825 733 734 0.8884759082409968 0.6216578927951215 0.7632216669702953
3 904 905 737 0.8884759082409968 0.6216578927951215 0.7632216669702953
3 924 657 925 0.8884759082409968 0.6216578927951215 0.7632216669702953
3 925 657 926 0.8884759082409968 0.6216578927951215 0.7632216669702953
3 925 926 848 0.8884759082409968 0.6216578927951215 0.7632216669702953
3 925 847 924 0.8884759082409968 0.6216578927951215 0.7632216669702953
3 848 847 925 0.8884759082409968 0.6216578927951215 0.7632216669702953
3 656 657 924 0.8884759082409968 0.6216578927951215 0.7632216669702953
3 924 923 656 0.8884759082409968 0.6216578927951215 0.7632216669702953
3 656 923 655 0.8884759082409968 0.6216578927951215 0.7632216669702953
3 655 825 656 0.8884759082409968 0.6216578927951215 0.7632216669702953
3 828 657 827 0.8884759082409968 0.6216578927951215 0.7632216669702953
3 828 737 829 0.8884759082409968 0.6216578927951215 0.7632216669702953
3 828 829 926 0.8884759082409968 0.6216578927951215 0.7632216669702953
3 926 657 828 0.8884759082409968 0.6216578927951215 0.7632216669702953
3 756 755 967 0.8884759082409968 0.6216578927951215 0.7632216669702953
3 961 960 862 0.8884759082409968 0.6216578927951215 0.7632216669702953
3 862 863 961 0.8884759082409968 0.6216578927951215 0.7632216669702953
3 961 863 962 0.8884759082409968 0.6216578927951215 0.7632216669702953
3 608 960 961 0.8884759082409968 0.6216578927951215 0.7632216669702953
3 864 944 865 0.8884759082409968 0.6216578927951215 0.7632216669702953
3 945 866 865 0.8884759082409968 0.6216578927951215 0.7632216669702953
3 865 944 945 0.8884759082409968 0.6216578927951215 0.7632216669702953
3 754 755 627 0.8884759082409968 0.6216578927951215 0.7632216669702953
3 627 755 789 0.8884759082409968 0.6216578927951215 0.7632216669702953
3 627 753 754 0.8884759082409968 0.6216578927951215 0.7632216669702953
3 626 753 627 0.8884759082409968 0.6216578927951215 0.7632216669702953
3 467 682 466 0.8884759082409968 0.6216578927951215 0.7632216669702953
3 752 626 625 0.8884759082409968 0.6216578927951215 0.7632216669702953
3 868 867 947 0.8884759082409968 0.6216578927951215 0.7632216669702953
3 947 948 868 0.8884759082409968 0.6216578927951215 0.7632216669702953
3 948 869 868 0.8884759082409968 0.6216578927951215 0.7632216669702953
3 869 967 868 0.8884759082409968 0.6216578927951215 0.7632216669702953
3 966 755 754 0.8884759082409968 0.6216578927951215 0.7632216669702953
3 967 755 966 0.8884759082409968 0.6216578927951215 0.7632216669702953
3 754 612 966 0.8884759082409968 0.6216578927951215 0.7632216669702953
3 966 868 967 0.8884759082409968 0.6216578927951215 0.7632216669702953
3 867 868 966 0.8884759082409968 0.6216578927951215 0.7632216669702953
3 879 533 880 0.8884759082409968 0.6216578927951215 0.7632216669702953
3 390 533 879 0.8884759082409968 0.6216578927951215 0.7632216669702953
3 878 390 879 0.8884759082409968 0.6216578927951215 0.7632216669702953
3 879 580 878 0.8884759082409968 0.6216578927951215 0.7632216669702953
3 787 625 626 0.8884759082409968 0.6216578927951215 0.7632216669702953
3 787 786 625 0.8884759082409968 0.6216578927951215 0.7632216669702953
3 787 685 684 0.8884759082409968 0.6216578927951215 0.7632216669702953
3 684 467 787 0.8884759082409968 0.6216578927951215 0.7632216669702953
3 467 786 787 0.8884759082409968 0.6216578927951215 0.7632216669702953
3 128 153 374 0.8884759082409968 0.6216578927951215 0.7632216669702953
3 127 615 374 0.8884759082409968 0.6216578927951215 0.7632216669702953
3 374 615 128 0.8884759082409968 0.6216578927951215 0.7632216669702953
3 374 152 127 0.8884759082409968 0.6216578927951215 0.7632216669702953
3 374 153 152 0.8884759082409968 0.6216578927951215 0.7632216669702953
3 267 266 461 0.8884759082409968 0.6216578927951215 0.7632216669702953
3 462 267 461 0.8884759082409968 0.6216578927951215 0.7632216669702953
3 460 216 461 0.8884759082409968 0.6216578927951215 0.7632216669702953
3 461 266 460 0.8884759082409968 0.6216578927951215 0.7632216669702953
3 675 266 676 0.8884759082409968 0.6216578927951215 0.7632216669702953
3 676 308 307 0.8884759082409968 0.6216578927951215 0.7632216669702953
3 307 675 676 0.8884759082409968 0.6216578927951215 0.7632216669702953
3 676 677 308 0.8884759082409968 0.6216578927951215 0.7632216669702953
3 676 266 267 0.8884759082409968 0.6216578927951215 0.7632216669702953
3 267 677 676 0.8884759082409968 0.6216578927951215 0.7632216669702953
3 803 436 804 0.8884759082409968 0.6216578927951215 0.7632216669702953
3 804 436 805 0.8884759082409968 0.6216578927951215 0.7632216669702953
3 478 803 804 0.8884759082409968 0.6216578927951215 0.7632216669702953
3 804 805 478 0.8884759082409968 0.6216578927951215 0.7632216669702953
3 597 718 719 0.8884759082409968 0.6216578927951215 0.7632216669702953
3 719 884 885 0.8884759082409968 0.6216578927951215 0.7632216669702953
3 719 718 884 0.8884759082409968 0.6216578927951215 0.7632216669702953
3 583 718 717 0.8884759082409968 0.6216578927951215 0.7632216669702953
3 717 595 716 0.8884759082409968 0.6216578927951215 0.7632216669702953
3 641 806 807 0.8884759082409968 0.6216578927951215 0.7632216669702953
3 807 642 641 0.8884759082409968 0.6216578927951215 0.7632216669702953
3 774 809 810 0.8884759082409968 0.6216578927951215 0.7632216669702953
3 875 352 874 0.8884759082409968 0.6216578927951215 0.7632216669702953
3 874 274 875 0.8884759082409968 0.6216578927951215 0.7632216669702953
3 875 274 876 0.8884759082409968 0.6216578927951215 0.7632216669702953
3 577 352 353 0.8884759082409968 0.6216578927951215 0.7632216669702953
3 578 577 353 0.8884759082409968 0.6216578927951215 0.7632216669702953
3 353 354 578 0.8884759082409968 0.6216578927951215 0.7632216669702953
3 876 354 353 0.8884759082409968 0.6216578927951215 0.7632216669702953
3 353 875 876 0.8884759082409968 0.6216578927951215 0.7632216669702953
3 352 875 353 0.8884759082409968 0.6216578927951215 0.7632216669702953
3 280 575 576 0.8884759082409968 0.6216578927951215 0.7632216669702953
3 576 577 280 0.8884759082409968 0.6216578927951215 0.7632216669702953
3 576 352 577 0.8884759082409968 0.6216578927951215 0.7632216669702953
3 397 396 541 0.8884759082409968 0.6216578927951215 0.7632216669702953
3 541 542 397 0.8884759082409968 0.6216578927951215 0.7632216669702953
3 542 398 397 0.8884759082409968 0.6216578927951215 0.7632216669702953
3 397 398 711 0.8884759082409968 0.6216578927951215 0.7632216669702953
3 711 710 397 0.8884759082409968 0.6216578927951215 0.7632216669702953
3 710 396 397 0.8884759082409968 0.6216578927951215 0.7632216669702953
3 712 399 713 0.8884759082409968 0.6216578927951215 0.7632216669702953
3 712 398 399 0.8884759082409968 0.6216578927951215 0.7632216669702953
3 711 398 712 0.8884759082409968 0.6216578927951215 0.7632216669702953
3 713 407 712 0.8884759082409968 0.6216578927951215 0.7632216669702953
3 712 406 711 0.8884759082409968 0.6216578927951215 0.7632216669702953
3 407 406 712 0.8884759082409968 0.6216578927951215 0.7632216669702953
3 581 544 580 0.8884759082409968 0.6216578927951215 0.7632216669702953
3 581 880 582 0.8884759082409968 0.6216578927951215 0.7632216669702953
3 581 879 880 0.8884759082409968 0.6216578927951215 0.7632216669702953
3 580 879 581 0.8884759082409968 0.6216578927951215 0.7632216669702953
3 593 715 594 0.8884759082409968 0.6216578927951215 0.7632216669702953
3 594 436 593 0.8884759082409968 0.6216578927951215 0.7632216669702953
3 716 595 594 0.8884759082409968 0.6216578927951215 0.7632216669702953
3 594 715 716 0.8884759082409968 0.6216578927951215 0.7632216669702953
3 805 436 594 0.8884759082409968 0.6216578927951215 0.7632216669702953
3 594 595 805 0.8884759082409968 0.6216578927951215 0.7632216669702953
3 714 544 545 0.8884759082409968 0.6216578927951215 0.7632216669702953
3 545 715 714 0.8884759082409968 0.6216578927951215 0.7632216669702953
3 545 581 582 0.8884759082409968 0.6216578927951215 0.7632216669702953
3 544 581 545 0.8884759082409968 0.6216578927951215 0.7632216669702953
3 793 887 886 0.8884759082409968 0.6216578927951215 0.7632216669702953
3 886 792 793 0.8884759082409968 0.6216578927951215 0.7632216669702953
3 888 887 793 0.8884759082409968 0.6216578927951215 0.7632216669702953
3 793 792 969 0.8884759082409968 0.6216578927951215 0.7632216669702953
3 793 889 888 0.8884759082409968 0.6216578927951215 0.7632216669702953
3 793 969 889 0.8884759082409968 0.6216578927951215 0.7632216669702953
3 535 218 164 0.8884759082409968 0.6216578927951215 0.7632216669702953
3 218 536 164 0.8884759082409968 0.6216578927951215 0.7632216669702953
3 391 41 164 0.8884759082409968 0.6216578927951215 0.7632216669702953
3 164 165 391 0.8884759082409968 0.6216578927951215 0.7632216669702953
3 164 536 165 0.8884759082409968 0.6216578927951215 0.7632216669702953
3 164 40 535 0.8884759082409968 0.6216578927951215 0.7632216669702953
3 164 41 40 0.8884759082409968 0.6216578927951215 0.7632216669702953
3 165 537 166 0.8884759082409968 0.6216578927951215 0.7632216669702953
3 166 392 165 0.8884759082409968 0.6216578927951215 0.7632216669702953
3 393 392 166 0.8884759082409968 0.6216578927951215 0.7632216669702953
3 166 537 538 0.8884759082409968 0.6216578927951215 0.7632216669702953
3 166 167 393 0.8884759082409968 0.6216578927951215 0.7632216669702953
3 166 538 167 0.8884759082409968 0.6216578927951215 0.7632216669702953
3 708 709 175 0.8884759082409968 0.6216578927951215 0.7632216669702953
3 174 708 175 0.8884759082409968 0.6216578927951215 0.7632216669702953
3 175 709 404 0.8884759082409968 0.6216578927951215 0.7632216669702953
3 404 403 175 0.8884759082409968 0.6216578927951215 0.7632216669702953
3 175 402 174 0.8884759082409968 0.6216578927951215 0.7632216669702953
3 175 403 402 0.8884759082409968 0.6216578927951215 0.7632216669702953
3 876 274 388 0.8884759082409968 0.6216578927951215 0.7632216669702953
3 388 389 876 0.8884759082409968 0.6216578927951215 0.7632216669702953
3 274 387 388 0.8884759082409968 0.6216578927951215 0.7632216669702953
3 220 278 279 0.8884759082409968 0.6216578927951215 0.7632216669702953
3 221 538 220 0.8884759082409968 0.6216578927951215 0.7632216669702953
3 220 279 221 0.8884759082409968 0.6216578927951215 0.7632216669702953
3 538 537 220 0.8884759082409968 0.6216578927951215 0.7632216669702953
3 220 537 219 0.8884759082409968 0.6216578927951215 0.7632216669702953
3 219 278 220 0.8884759082409968 0.6216578927951215 0.7632216669702953
3 572 277 276 0.8884759082409968 0.6216578927951215 0.7632216669702953
3 572 160 161 0.8884759082409968 0.6216578927951215 0.7632216669702953
3 276 571 572 0.8884759082409968 0.6216578927951215 0.7632216669702953
3 571 160 572 0.8884759082409968 0.6216578927951215 0.7632216669702953
3 574 278 573 0.8884759082409968 0.6216578927951215 0.7632216669702953
3 278 277 573 0.8884759082409968 0.6216578927951215 0.7632216669702953
3 573 572 161 0.8884759082409968 0.6216578927951215 0.7632216669702953
3 277 572 573 0.8884759082409968 0.6216578927951215 0.7632216669702953
3 133 134 349 0.8884759082409968 0.6216578927951215 0.7632216669702953
3 349 348 133 0.8884759082409968 0.6216578927951215 0.7632216669702953
3 134 350 349 0.8884759082409968 0.6216578927951215 0.7632216669702953
3 161 160 347 0.8884759082409968 0.6216578927951215 0.7632216669702953
3 132 348 347 0.8884759082409968 0.6216578927951215 0.7632216669702953
3 347 348 161 0.8884759082409968 0.6216578927951215 0.7632216669702953
3 32 132 347 0.8884759082409968 0.6216578927951215 0.7632216669702953
3 33 32 347 0.8884759082409968 0.6216578927951215 0.7632216669702953
3 347 160 33 0.8884759082409968 0.6216578927951215 0.7632216669702953
3 386 273 272 0.8884759082409968 0.6216578927951215 0.7632216669702953
3 272 273 159 0.8884759082409968 0.6216578927951215 0.7632216669702953
3 272 159 158 0.8884759082409968 0.6216578927951215 0.7632216669702953
3 158 271 272 0.8884759082409968 0.6216578927951215 0.7632216669702953
3 351 576 575 0.8884759082409968 0.6216578927951215 0.7632216669702953
3 352 576 351 0.8884759082409968 0.6216578927951215 0.7632216669702953
3 874 352 351 0.8884759082409968 0.6216578927951215 0.7632216669702953
3 351 873 874 0.8884759082409968 0.6216578927951215 0.7632216669702953
3 351 350 873 0.8884759082409968 0.6216578927951215 0.7632216669702953
3 163 575 574 0.8884759082409968 0.6216578927951215 0.7632216669702953
3 163 349 350 0.8884759082409968 0.6216578927951215 0.7632216669702953
3 163 351 575 0.8884759082409968 0.6216578927951215 0.7632216669702953
3 350 351 163 0.8884759082409968 0.6216578927951215 0.7632216669702953
3 458 459 264 0.8884759082409968 0.6216578927951215 0.7632216669702953
3 458 214 459 0.8884759082409968 0.6216578927951215 0.7632216669702953
3 213 214 458 0.8884759082409968 0.6216578927951215 0.7632216669702953
3 264 263 458 0.8884759082409968 0.6216578927951215 0.7632216669702953
3 458 263 457 0.8884759082409968 0.6216578927951215 0.7632216669702953
3 457 213 458 0.8884759082409968 0.6216578927951215 0.7632216669702953
3 518 649 519 0.8884759082409968 0.6216578927951215 0.7632216669702953
3 518 916 517 0.8884759082409968 0.6216578927951215 0.7632216669702953
3 517 648 518 0.8884759082409968 0.6216578927951215 0.7632216669702953
3 648 649 518 0.8884759082409968 0.6216578927951215 0.7632216669702953
3 519 917 518 0.8884759082409968 0.6216578927951215 0.7632216669702953
3 917 916 518 0.8884759082409968 0.6216578927951215 0.7632216669702953
3 516 647 517 0.8884759082409968 0.6216578927951215 0.7632216669702953
3 516 914 515 0.8884759082409968 0.6216578927951215 0.7632216669702953
3 516 515 646 0.8884759082409968 0.6216578927951215 0.7632216669702953
3 646 647 516 0.8884759082409968 0.6216578927951215 0.7632216669702953
3 517 916 915 0.8884759082409968 0.6216578927951215 0.7632216669702953
3 915 516 517 0.8884759082409968 0.6216578927951215 0.7632216669702953
3 914 516 915 0.8884759082409968 0.6216578927951215 0.7632216669702953
3 452 914 915 0.8884759082409968 0.6216578927951215 0.7632216669702953
3 915 453 452 0.8884759082409968 0.6216578927951215 0.7632216669702953
3 915 916 453 0.8884759082409968 0.6216578927951215 0.7632216669702953
3 199 504 198 0.8884759082409968 0.6216578927951215 0.7632216669702953
3 724 725 199 0.8884759082409968 0.6216578927951215 0.7632216669702953
3 199 198 724 0.8884759082409968 0.6216578927951215 0.7632216669702953
3 199 725 726 0.8884759082409968 0.6216578927951215 0.7632216669702953
3 506 818 251 0.8884759082409968 0.6216578927951215 0.7632216669702953
3 818 817 251 0.8884759082409968 0.6216578927951215 0.7632216669702953
3 250 504 251 0.8884759082409968 0.6216578927951215 0.7632216669702953
3 251 817 250 0.8884759082409968 0.6216578927951215 0.7632216669702953
3 335 202 334 0.8884759082409968 0.6216578927951215 0.7632216669702953
3 334 448 335 0.8884759082409968 0.6216578927951215 0.7632216669702953
3 448 449 335 0.8884759082409968 0.6216578927951215 0.7632216669702953
3 335 449 336 0.8884759082409968 0.6216578927951215 0.7632216669702953
3 335 336 203 0.8884759082409968 0.6216578927951215 0.7632216669702953
3 203 202 335 0.8884759082409968 0.6216578927951215 0.7632216669702953
3 522 521 652 0.8884759082409968 0.6216578927951215 0.7632216669702953
3 652 653 522 0.8884759082409968 0.6216578927951215 0.7632216669702953
3 652 521 651 0.8884759082409968 0.6216578927951215 0.7632216669702953
3 822 653 652 0.8884759082409968 0.6216578927951215 0.7632216669702953
3 652 651 821 0.8884759082409968 0.6216578927951215 0.7632216669702953
3 821 822 652 0.8884759082409968 0.6216578927951215 0.7632216669702953
3 823 653 822 0.8884759082409968 0.6216578927951215 0.7632216669702953
3 822 510 823 0.8884759082409968 0.6216578927951215 0.7632216669702953
3 823 824 654 0.8884759082409968 0.6216578927951215 0.7632216669702953
3 654 653 823 0.8884759082409968 0.6216578927951215 0.7632216669702953
3 739 148 258 0.8884759082409968 0.6216578927951215 0.7632216669702953
3 258 148 356 0.8884759082409968 0.6216578927951215 0.7632216669702953
3 258 149 739 0.8884759082409968 0.6216578927951215 0.7632216669702953
3 111 356 355 0.8884759082409968 0.6216578927951215 0.7632216669702953
3 355 599 111 0.8884759082409968 0.6216578927951215 0.7632216669702953
3 150 741 121 0.8884759082409968 0.6216578927951215 0.7632216669702953
3 260 741 150 0.8884759082409968 0.6216578927951215 0.7632216669702953
3 150 358 260 0.8884759082409968 0.6216578927951215 0.7632216669702953
3 150 259 358 0.8884759082409968 0.6216578927951215 0.7632216669702953
3 601 602 358 0.8884759082409968 0.6216578927951215 0.7632216669702953
3 364 120 740 0.8884759082409968 0.6216578927951215 0.7632216669702953
3 120 149 740 0.8884759082409968 0.6216578927951215 0.7632216669702953
3 121 364 740 0.8884759082409968 0.6216578927951215 0.7632216669702953
3 740 149 259 0.8884759082409968 0.6216578927951215 0.7632216669702953
3 740 150 121 0.8884759082409968 0.6216578927951215 0.7632216669702953
3 259 150 740 0.8884759082409968 0.6216578927951215 0.7632216669702953
3 146 952 343 0.8884759082409968 0.6216578927951215 0.7632216669702953
3 343 853 854 0.8884759082409968 0.6216578927951215 0.7632216669702953
3 343 952 853 0.8884759082409968 0.6216578927951215 0.7632216669702953
3 343 854 344 0.8884759082409968 0.6216578927951215 0.7632216669702953
3 128 615 616 0.8884759082409968 0.6216578927951215 0.7632216669702953
3 615 367 616 0.8884759082409968 0.6216578927951215 0.7632216669702953
3 616 367 368 0.8884759082409968 0.6216578927951215 0.7632216669702953
3 368 617 616 0.8884759082409968 0.6216578927951215 0.7632216669702953
3 616 617 376 0.8884759082409968 0.6216578927951215 0.7632216669702953
3 376 375 616 0.8884759082409968 0.6216578927951215 0.7632216669702953
3 375 128 616 0.8884759082409968 0.6216578927951215 0.7632216669702953
3 424 858 857 0.8884759082409968 0.6216578927951215 0.7632216669702953
3 857 423 424 0.8884759082409968 0.6216578927951215 0.7632216669702953
3 856 423 857 0.8884759082409968 0.6216578927951215 0.7632216669702953
3 346 856 857 0.8884759082409968 0.6216578927951215 0.7632216669702953
3 957 858 958 0.8884759082409968 0.6216578927951215 0.7632216669702953
3 958 605 957 0.8884759082409968 0.6216578927951215 0.7632216669702953
3 346 857 957 0.8884759082409968 0.6216578927951215 0.7632216669702953
3 957 857 858 0.8884759082409968 0.6216578927951215 0.7632216669702953
3 604 346 957 0.8884759082409968 0.6216578927951215 0.7632216669702953
3 957 605 604 0.8884759082409968 0.6216578927951215 0.7632216669702953
3 780 216 779 0.8884759082409968 0.6216578927951215 0.7632216669702953
3 779 378 780 0.8884759082409968 0.6216578927951215 0.7632216669702953
3 462 461 780 0.8884759082409968 0.6216578927951215 0.7632216669702953
3 780 461 216 0.8884759082409968 0.6216578927951215 0.7632216669702953
3 377 617 618 0.8884759082409968 0.6216578927951215 0.7632216669702953
3 618 378 377 0.8884759082409968 0.6216578927951215 0.7632216669702953
3 363 362 606 0.8884759082409968 0.6216578927951215 0.7632216669702953
3 622 621 748 0.8884759082409968 0.6216578927951215 0.7632216669702953
3 468 227 469 0.8884759082409968 0.6216578927951215 0.7632216669702953
3 469 282 468 0.8884759082409968 0.6216578927951215 0.7632216669702953
3 282 281 468 0.8884759082409968 0.6216578927951215 0.7632216669702953
3 468 281 53 0.8884759082409968 0.6216578927951215 0.7632216669702953
3 53 52 468 0.8884759082409968 0.6216578927951215 0.7632216669702953
3 52 227 468 0.8884759082409968 0.6216578927951215 0.7632216669702953
3 290 631 291 0.8884759082409968 0.6216578927951215 0.7632216669702953
3 291 551 290 0.8884759082409968 0.6216578927951215 0.7632216669702953
3 630 631 290 0.8884759082409968 0.6216578927951215 0.7632216669702953
3 550 315 314 0.8884759082409968 0.6216578927951215 0.7632216669702953
3 314 549 550 0.8884759082409968 0.6216578927951215 0.7632216669702953
3 550 551 315 0.8884759082409968 0.6216578927951215 0.7632216669702953
3 550 290 551 0.8884759082409968 0.6216578927951215 0.7632216669702953
3 697 696 325 0.8884759082409968 0.6216578927951215 0.7632216669702953
3 325 764 697 0.8884759082409968 0.6216578927951215 0.7632216669702953
3 764 698 697 0.8884759082409968 0.6216578927951215 0.7632216669702953
3 698 568 697 0.8884759082409968 0.6216578927951215 0.7632216669702953
3 567 696 697 0.8884759082409968 0.6216578927951215 0.7632216669702953
3 697 568 567 0.8884759082409968 0.6216578927951215 0.7632216669702953
3 486 565 566 0.8884759082409968 0.6216578927951215 0.7632216669702953
3 566 487 486 0.8884759082409968 0.6216578927951215 0.7632216669702953
3 566 696 567 0.8884759082409968 0.6216578927951215 0.7632216669702953
3 567 487 566 0.8884759082409968 0.6216578927951215 0.7632216669702953
3 488 487 567 0.8884759082409968 0.6216578927951215 0.7632216669702953
3 488 899 487 0.8884759082409968 0.6216578927951215 0.7632216669702953
3 900 899 488 0.8884759082409968 0.6216578927951215 0.7632216669702953
3 489 900 488 0.8884759082409968 0.6216578927951215 0.7632216669702953
3 488 568 489 0.8884759082409968 0.6216578927951215 0.7632216669702953
3 567 568 488 0.8884759082409968 0.6216578927951215 0.7632216669702953
3 444 729 443 0.8884759082409968 0.6216578927951215 0.7632216669702953
3 497 445 444 0.8884759082409968 0.6216578927951215 0.7632216669702953
3 444 445 730 0.8884759082409968 0.6216578927951215 0.7632216669702953
3 730 729 444 0.8884759082409968 0.6216578927951215 0.7632216669702953
3 496 497 444 0.8884759082409968 0.6216578927951215 0.7632216669702953
3 444 443 496 0.8884759082409968 0.6216578927951215 0.7632216669702953
3 499 446 498 0.8884759082409968 0.6216578927951215 0.7632216669702953
3 500 446 499 0.8884759082409968 0.6216578927951215 0.7632216669702953
3 499 899 500 0.8884759082409968 0.6216578927951215 0.7632216669702953
3 498 898 499 0.8884759082409968 0.6216578927951215 0.7632216669702953
3 898 899 499 0.8884759082409968 0.6216578927951215 0.7632216669702953
3 701 767 768 0.8884759082409968 0.6216578927951215 0.7632216669702953
3 701 700 767 0.8884759082409968 0.6216578927951215 0.7632216669702953
3 701 768 702 0.8884759082409968 0.6216578927951215 0.7632216669702953
3 702 904 701 0.8884759082409968 0.6216578927951215 0.7632216669702953
3 246 245 894 0.8884759082409968 0.6216578927951215 0.7632216669702953
3 894 240 482 0.8884759082409968 0.6216578927951215 0.7632216669702953
3 482 241 894 0.8884759082409968 0.6216578927951215 0.7632216669702953
3 895 246 894 0.8884759082409968 0.6216578927951215 0.7632216669702953
3 894 241 895 0.8884759082409968 0.6216578927951215 0.7632216669702953
3 481 240 893 0.8884759082409968 0.6216578927951215 0.7632216669702953
3 892 239 893 0.8884759082409968 0.6216578927951215 0.7632216669702953
3 893 239 481 0.8884759082409968 0.6216578927951215 0.7632216669702953
3 893 244 892 0.8884759082409968 0.6216578927951215 0.7632216669702953
3 893 245 244 0.8884759082409968 0.6216578927951215 0.7632216669702953
3 893 894 245 0.8884759082409968 0.6216578927951215 0.7632216669702953
3 240 894 893 0.8884759082409968 0.6216578927951215 0.7632216669702953
3 115 239 480 0.8884759082409968 0.6216578927951215 0.7632216669702953
3 115 112 559 0.8884759082409968 0.6216578927951215 0.7632216669702953
3 115 480 112 0.8884759082409968 0.6216578927951215 0.7632216669702953
3 738 905 906 0.8884759082409968 0.6216578927951215 0.7632216669702953
3 738 737 905 0.8884759082409968 0.6216578927951215 0.7632216669702953
3 738 907 830 0.8884759082409968 0.6216578927951215 0.7632216669702953
3 906 907 738 0.8884759082409968 0.6216578927951215 0.7632216669702953
3 830 829 738 0.8884759082409968 0.6216578927951215 0.7632216669702953
3 829 737 738 0.8884759082409968 0.6216578927951215 0.7632216669702953
3 734 902 735 0.8884759082409968 0.6216578927951215 0.7632216669702953
3 826 656 825 0.8884759082409968 0.6216578927951215 0.7632216669702953
3 826 735 827 0.8884759082409968 0.6216578927951215 0.7632216669702953
3 827 657 826 0.8884759082409968 0.6216578927951215 0.7632216669702953
3 657 656 826 0.8884759082409968 0.6216578927951215 0.7632216669702953
3 826 825 734 0.8884759082409968 0.6216578927951215 0.7632216669702953
3 734 735 826 0.8884759082409968 0.6216578927951215 0.7632216669702953
3 968 967 869 0.8884759082409968 0.6216578927951215 0.7632216669702953
3 968 756 967 0.8884759082409968 0.6216578927951215 0.7632216669702953
3 968 869 949 0.8884759082409968 0.6216578927951215 0.7632216669702953
3 949 969 968 0.8884759082409968 0.6216578927951215 0.7632216669702953
3 969 792 968 0.8884759082409968 0.6216578927951215 0.7632216669702953
3 792 756 968 0.8884759082409968 0.6216578927951215 0.7632216669702953
3 791 792 688 0.8884759082409968 0.6216578927951215 0.7632216669702953
3 791 756 792 0.8884759082409968 0.6216578927951215 0.7632216669702953
3 752 625 751 0.8884759082409968 0.6216578927951215 0.7632216669702953
3 611 751 610 0.8884759082409968 0.6216578927951215 0.7632216669702953
3 611 612 752 0.8884759082409968 0.6216578927951215 0.7632216669702953
3 752 751 611 0.8884759082409968 0.6216578927951215 0.7632216669702953
3 962 610 609 0.8884759082409968 0.6216578927951215 0.7632216669702953
3 609 961 962 0.8884759082409968 0.6216578927951215 0.7632216669702953
3 608 961 609 0.8884759082409968 0.6216578927951215 0.7632216669702953
3 964 865 866 0.8884759082409968 0.6216578927951215 0.7632216669702953
3 612 611 964 0.8884759082409968 0.6216578927951215 0.7632216669702953
3 683 467 684 0.8884759082409968 0.6216578927951215 0.7632216669702953
3 682 467 683 0.8884759082409968 0.6216578927951215 0.7632216669702953
3 684 533 683 0.8884759082409968 0.6216578927951215 0.7632216669702953
3 683 533 532 0.8884759082409968 0.6216578927951215 0.7632216669702953
3 532 682 683 0.8884759082409968 0.6216578927951215 0.7632216669702953
3 785 467 466 0.8884759082409968 0.6216578927951215 0.7632216669702953
3 785 786 467 0.8884759082409968 0.6216578927951215 0.7632216669702953
3 466 784 785 0.8884759082409968 0.6216578927951215 0.7632216669702953
3 785 784 623 0.8884759082409968 0.6216578927951215 0.7632216669702953
3 685 787 788 0.8884759082409968 0.6216578927951215 0.7632216669702953
3 789 686 788 0.8884759082409968 0.6216578927951215 0.7632216669702953
3 686 685 788 0.8884759082409968 0.6216578927951215 0.7632216669702953
3 788 627 789 0.8884759082409968 0.6216578927951215 0.7632216669702953
3 626 627 788 0.8884759082409968 0.6216578927951215 0.7632216669702953
3 788 787 626 0.8884759082409968 0.6216578927951215 0.7632216669702953
3 720 809 597 0.8884759082409968 0.6216578927951215 0.7632216669702953
3 597 719 720 0.8884759082409968 0.6216578927951215 0.7632216669702953
3 721 810 720 0.8884759082409968 0.6216578927951215 0.7632216669702953
3 720 810 809 0.8884759082409968 0.6216578927951215 0.7632216669702953
3 720 886 721 0.8884759082409968 0.6216578927951215 0.7632216669702953
3 885 886 720 0.8884759082409968 0.6216578927951215 0.7632216669702953
3 720 719 885 0.8884759082409968 0.6216578927951215 0.7632216669702953
3 595 717 596 0.8884759082409968 0.6216578927951215 0.7632216669702953
3 806 595 596 0.8884759082409968 0.6216578927951215 0.7632216669702953
3 596 718 597 0.8884759082409968 0.6216578927951215 0.7632216669702953
3 596 717 718 0.8884759082409968 0.6216578927951215 0.7632216669702953
3 596 807 806 0.8884759082409968 0.6216578927951215 0.7632216669702953
3 597 807 596 0.8884759082409968 0.6216578927951215 0.7632216669702953
3 808 809 642 0.8884759082409968 0.6216578927951215 0.7632216669702953
3 642 807 808 0.8884759082409968 0.6216578927951215 0.7632216669702953
3 597 809 808 0.8884759082409968 0.6216578927951215 0.7632216669702953
3 808 807 597 0.8884759082409968 0.6216578927951215 0.7632216669702953
3 812 774 811 0.8884759082409968 0.6216578927951215 0.7632216669702953
3 774 810 811 0.8884759082409968 0.6216578927951215 0.7632216669702953
3 811 721 812 0.8884759082409968 0.6216578927951215 0.7632216669702953
3 811 810 721 0.8884759082409968 0.6216578927951215 0.7632216669702953
3 716 715 546 0.8884759082409968 0.6216578927951215 0.7632216669702953
3 715 545 546 0.8884759082409968 0.6216578927951215 0.7632216669702953
3 546 717 716 0.8884759082409968 0.6216578927951215 0.7632216669702953
3 583 717 546 0.8884759082409968 0.6216578927951215 0.7632216669702953
3 582 583 546 0.8884759082409968 0.6216578927951215 0.7632216669702953
3 546 545 582 0.8884759082409968 0.6216578927951215 0.7632216669702953
3 311 679 680 0.8884759082409968 0.6216578927951215 0.7632216669702953
3 531 389 530 0.8884759082409968 0.6216578927951215 0.7632216669702953
3 389 388 530 0.8884759082409968 0.6216578927951215 0.7632216669702953
3 530 311 680 0.8884759082409968 0.6216578927951215 0.7632216669702953
3 530 681 531 0.8884759082409968 0.6216578927951215 0.7632216669702953
3 680 681 530 0.8884759082409968 0.6216578927951215 0.7632216669702953
3 574 573 162 0.8884759082409968 0.6216578927951215 0.7632216669702953
3 162 163 574 0.8884759082409968 0.6216578927951215 0.7632216669702953
3 349 163 162 0.8884759082409968 0.6216578927951215 0.7632216669702953
3 162 573 161 0.8884759082409968 0.6216578927951215 0.7632216669702953
3 161 348 162 0.8884759082409968 0.6216578927951215 0.7632216669702953
3 348 349 162 0.8884759082409968 0.6216578927951215 0.7632216669702953
3 386 272 385 0.8884759082409968 0.6216578927951215 0.7632216669702953
3 526 527 385 0.8884759082409968 0.6216578927951215 0.7632216669702953
3 385 527 386 0.8884759082409968 0.6216578927951215 0.7632216669702953
3 385 384 526 0.8884759082409968 0.6216578927951215 0.7632216669702953
3 385 271 384 0.8884759082409968 0.6216578927951215 0.7632216669702953
3 385 272 271 0.8884759082409968 0.6216578927951215 0.7632216669702953
3 504 199 505 0.8884759082409968 0.6216578927951215 0.7632216669702953
3 505 251 504 0.8884759082409968 0.6216578927951215 0.7632216669702953
3 505 199 726 0.8884759082409968 0.6216578927951215 0.7632216669702953
3 505 726 506 0.8884759082409968 0.6216578927951215 0.7632216669702953
3 506 251 505 0.8884759082409968 0.6216578927951215 0.7632216669702953
3 824 823 511 0.8884759082409968 0.6216578927951215 0.7632216669702953
3 511 823 510 0.8884759082409968 0.6216578927951215 0.7632216669702953
3 732 733 511 0.8884759082409968 0.6216578927951215 0.7632216669702953
3 511 731 732 0.8884759082409968 0.6216578927951215 0.7632216669702953
3 511 510 731 0.8884759082409968 0.6216578927951215 0.7632216669702953
3 511 825 824 0.8884759082409968 0.6216578927951215 0.7632216669702953
3 733 825 511 0.8884759082409968 0.6216578927951215 0.7632216669702953
3 600 599 146 0.8884759082409968 0.6216578927951215 0.7632216669702953
3 600 111 599 0.8884759082409968 0.6216578927951215 0.7632216669702953
3 356 111 600 0.8884759082409968 0.6216578927951215 0.7632216669702953
3 146 343 147 0.8884759082409968 0.6216578927951215 0.7632216669702953
3 147 600 146 0.8884759082409968 0.6216578927951215 0.7632216669702953
3 601 600 147 0.8884759082409968 0.6216578927951215 0.7632216669702953
3 147 343 344 0.8884759082409968 0.6216578927951215 0.7632216669702953
3 344 602 147 0.8884759082409968 0.6216578927951215 0.7632216669702953
3 602 601 147 0.8884759082409968 0.6216578927951215 0.7632216669702953
3 379 780 378 0.8884759082409968 0.6216578927951215 0.7632216669702953
3 369 618 617 0.8884759082409968 0.6216578927951215 0.7632216669702953
3 369 617 368 0.8884759082409968 0.6216578927951215 0.7632216669702953
3 368 744 369 0.8884759082409968 0.6216578927951215 0.7632216669702953
3 378 618 619 0.8884759082409968 0.6216578927951215 0.7632216669702953
3 620 379 619 0.8884759082409968 0.6216578927951215 0.7632216669702953
3 619 379 378 0.8884759082409968 0.6216578927951215 0.7632216669702953
3 381 621 622 0.8884759082409968 0.6216578927951215 0.7632216669702953
3 381 622 783 0.8884759082409968 0.6216578927951215 0.7632216669702953
3 783 782 381 0.8884759082409968 0.6216578927951215 0.7632216669702953
3 747 363 607 0.8884759082409968 0.6216578927951215 0.7632216669702953
3 607 748 747 0.8884759082409968 0.6216578927951215 0.7632216669702953
3 608 748 607 0.8884759082409968 0.6216578927951215 0.7632216669702953
3 607 363 606 0.8884759082409968 0.6216578927951215 0.7632216669702953
3 606 959 607 0.8884759082409968 0.6216578927951215 0.7632216669702953
3 607 960 608 0.8884759082409968 0.6216578927951215 0.7632216669702953
3 959 960 607 0.8884759082409968 0.6216578927951215 0.7632216669702953
3 747 748 372 0.8884759082409968 0.6216578927951215 0.7632216669702953
3 372 748 621 0.8884759082409968 0.6216578927951215 0.7632216669702953
3 372 621 620 0.8884759082409968 0.6216578927951215 0.7632216669702953
3 630 290 289 0.8884759082409968 0.6216578927951215 0.7632216669702953
3 289 549 288 0.8884759082409968 0.6216578927951215 0.7632216669702953
3 289 550 549 0.8884759082409968 0.6216578927951215 0.7632216669702953
3 290 550 289 0.8884759082409968 0.6216578927951215 0.7632216669702953
3 289 288 629 0.8884759082409968 0.6216578927951215 0.7632216669702953
3 629 630 289 0.8884759082409968 0.6216578927951215 0.7632216669702953
3 695 565 694 0.8884759082409968 0.6216578927951215 0.7632216669702953
3 695 566 565 0.8884759082409968 0.6216578927951215 0.7632216669702953
3 696 566 695 0.8884759082409968 0.6216578927951215 0.7632216669702953
3 694 298 695 0.8884759082409968 0.6216578927951215 0.7632216669702953
3 298 696 695 0.8884759082409968 0.6216578927951215 0.7632216669702953
3 903 701 904 0.8884759082409968 0.6216578927951215 0.7632216669702953
3 700 701 903 0.8884759082409968 0.6216578927951215 0.7632216669702953
3 903 735 902 0.8884759082409968 0.6216578927951215 0.7632216669702953
3 734 500 901 0.8884759082409968 0.6216578927951215 0.7632216669702953
3 901 902 734 0.8884759082409968 0.6216578927951215 0.7632216669702953
3 500 900 901 0.8884759082409968 0.6216578927951215 0.7632216669702953
3 901 900 489 0.8884759082409968 0.6216578927951215 0.7632216669702953
3 489 569 901 0.8884759082409968 0.6216578927951215 0.7632216669702953
3 569 902 901 0.8884759082409968 0.6216578927951215 0.7632216669702953
3 300 115 559 0.8884759082409968 0.6216578927951215 0.7632216669702953
3 559 135 300 0.8884759082409968 0.6216578927951215 0.7632216669702953
3 135 113 300 0.8884759082409968 0.6216578927951215 0.7632216669702953
3 239 115 300 0.8884759082409968 0.6216578927951215 0.7632216669702953
3 113 481 300 0.8884759082409968 0.6216578927951215 0.7632216669702953
3 481 239 300 0.8884759082409968 0.6216578927951215 0.7632216669702953
3 904 737 736 0.8884759082409968 0.6216578927951215 0.7632216669702953
3 736 903 904 0.8884759082409968 0.6216578927951215 0.7632216669702953
3 735 903 736 0.8884759082409968 0.6216578927951215 0.7632216669702953
3 737 828 736 0.8884759082409968 0.6216578927951215 0.7632216669702953
3 736 828 827 0.8884759082409968 0.6216578927951215 0.7632216669702953
3 827 735 736 0.8884759082409968 0.6216578927951215 0.7632216669702953
3 755 756 790 0.8884759082409968 0.6216578927951215 0.7632216669702953
3 756 791 790 0.8884759082409968 0.6216578927951215 0.7632216669702953
3 789 755 790 0.8884759082409968 0.6216578927951215 0.7632216669702953
3 790 687 789 0.8884759082409968 0.6216578927951215 0.7632216669702953
3 688 687 790 0.8884759082409968 0.6216578927951215 0.7632216669702953
3 790 791 688 0.8884759082409968 0.6216578927951215 0.7632216669702953
3 749 748 608 0.8884759082409968 0.6216578927951215 0.7632216669702953
3 608 609 749 0.8884759082409968 0.6216578927951215 0.7632216669702953
3 623 622 749 0.8884759082409968 0.6216578927951215 0.7632216669702953
3 622 748 749 0.8884759082409968 0.6216578927951215 0.7632216669702953
3 965 964 866 0.8884759082409968 0.6216578927951215 0.7632216669702953
3 612 964 965 0.8884759082409968 0.6216578927951215 0.7632216669702953
3 965 966 612 0.8884759082409968 0.6216578927951215 0.7632216669702953
3 866 867 965 0.8884759082409968 0.6216578927951215 0.7632216669702953
3 867 966 965 0.8884759082409968 0.6216578927951215 0.7632216669702953
3 963 964 611 0.8884759082409968 0.6216578927951215 0.7632216669702953
3 963 962 864 0.8884759082409968 0.6216578927951215 0.7632216669702953
3 864 865 963 0.8884759082409968 0.6216578927951215 0.7632216669702953
3 865 964 963 0.8884759082409968 0.6216578927951215 0.7632216669702953
3 963 610 962 0.8884759082409968 0.6216578927951215 0.7632216669702953
3 963 611 610 0.8884759082409968 0.6216578927951215 0.7632216669702953
3 625 786 624 0.8884759082409968 0.6216578927951215 0.7632216669702953
3 786 785 624 0.8884759082409968 0.6216578927951215 0.7632216669702953
3 624 785 623 0.8884759082409968 0.6216578927951215 0.7632216669702953
3 624 751 625 0.8884759082409968 0.6216578927951215 0.7632216669702953
3 386 527 528 0.8884759082409968 0.6216578927951215 0.7632216669702953
3 528 387 386 0.8884759082409968 0.6216578927951215 0.7632216669702953
3 529 530 388 0.8884759082409968 0.6216578927951215 0.7632216669702953
3 311 530 529 0.8884759082409968 0.6216578927951215 0.7632216669702953
3 529 528 311 0.8884759082409968 0.6216578927951215 0.7632216669702953
3 529 388 387 0.8884759082409968 0.6216578927951215 0.7632216669702953
3 387 528 529 0.8884759082409968 0.6216578927951215 0.7632216669702953
3 357 601 358 0.8884759082409968 0.6216578927951215 0.7632216669702953
3 357 600 601 0.8884759082409968 0.6216578927951215 0.7632216669702953
3 358 259 357 0.8884759082409968 0.6216578927951215 0.7632216669702953
3 356 600 357 0.8884759082409968 0.6216578927951215 0.7632216669702953
3 357 258 356 0.8884759082409968 0.6216578927951215 0.7632216669702953
3 259 149 357 0.8884759082409968 0.6216578927951215 0.7632216669702953
3 149 258 357 0.8884759082409968 0.6216578927951215 0.7632216669702953
3 780 379 781 0.8884759082409968 0.6216578927951215 0.7632216669702953
3 462 780 781 0.8884759082409968 0.6216578927951215 0.7632216669702953
3 781 463 462 0.8884759082409968 0.6216578927951215 0.7632216669702953
3 781 782 463 0.8884759082409968 0.6216578927951215 0.7632216669702953
3 745 369 744 0.8884759082409968 0.6216578927951215 0.7632216669702953
3 745 361 362 0.8884759082409968 0.6216578927951215 0.7632216669702953
3 745 744 361 0.8884759082409968 0.6216578927951215 0.7632216669702953
3 700 903 570 0.8884759082409968 0.6216578927951215 0.7632216669702953
3 570 903 902 0.8884759082409968 0.6216578927951215 0.7632216669702953
3 699 700 570 0.8884759082409968 0.6216578927951215 0.7632216669702953
3 570 569 699 0.8884759082409968 0.6216578927951215 0.7632216669702953
3 570 902 569 0.8884759082409968 0.6216578927951215 0.7632216669702953
3 750 609 610 0.8884759082409968 0.6216578927951215 0.7632216669702953
3 750 749 609 0.8884759082409968 0.6216578927951215 0.7632216669702953
3 610 751 750 0.8884759082409968 0.6216578927951215 0.7632216669702953
3 623 749 750 0.8884759082409968 0.6216578927951215 0.7632216669702953
3 750 624 623 0.8884759082409968 0.6216578927951215 0.7632216669702953
3 751 624 750 0.8884759082409968 0.6216578927951215 0.7632216669702953
3 311 528 310 0.8884759082409968 0.6216578927951215 0.7632216669702953
3 678 679 310 0.8884759082409968 0.6216578927951215 0.7632216669702953
3 679 311 310 0.8884759082409968 0.6216578927951215 0.7632216669702953
3 310 309 678 0.8884759082409968 0.6216578927951215 0.7632216669702953
3 310 527 309 0.8884759082409968 0.6216578927951215 0.7632216669702953
3 310 528 527 0.8884759082409968 0.6216578927951215 0.7632216669702953
3 380 379 620 0.8884759082409968 0.6216578927951215 0.7632216669702953
3 380 781 379 0.8884759082409968 0.6216578927951215 0.7632216669702953
3 620 621 380 0.8884759082409968 0.6216578927951215 0.7632216669702953
3 782 781 380 0.8884759082409968 0.6216578927951215 0.7632216669702953
3 380 381 782 0.8884759082409968 0.6216578927951215 0.7632216669702953
3 621 381 380 0.8884759082409968 0.6216578927951215 0.7632216669702953
3 362 363 746 0.8884759082409968 0.6216578927951215 0.7632216669702953
3 746 745 362 0.8884759082409968 0.6216578927951215 0.7632216669702953
3 746 363 747 0.8884759082409968 0.6216578927951215 0.7632216669702953
3 370 619 618 0.8884759082409968 0.6216578927951215 0.7632216669702953
3 618 369 370 0.8884759082409968 0.6216578927951215 0.7632216669702953
3 369 745 370 0.8884759082409968 0.6216578927951215 0.7632216669702953
3 745 746 370 0.8884759082409968 0.6216578927951215 0.7632216669702953
3 620 619 371 0.8884759082409968 0.6216578927951215 0.7632216669702953
3 371 746 747 0.8884759082409968 0.6216578927951215 0.7632216669702953
3 619 370 371 0.8884759082409968 0.6216578927951215 0.7632216669702953
3 371 370 746 0.8884759082409968 0.6216578927951215 0.7632216669702953
3 371 372 620 0.8884759082409968 0.6216578927951215 0.7632216669702953
3 747 372 371 0.8884759082409968 0.6216578927951215 0.7632216669702953
