OFF
650 1207 0


27.564 35.5914 4.6064
27.564 35.5914 4.6064
27.7142 35.6318 4.6593
27.841 35.6651 4.7053
27.951 35.6934 4.7461
28.0489 35.718 4.7833
28.1377 35.7399 4.8177
28.2198 35.7598 4.8501
28.2971 35.7781 4.8812
28.3709 35.7953 4.9113
28.4424 35.8116 4.9411
28.5128 35.8273 4.9708
28.583 35.8427 5.001
28.654 35.8579 5.032
28.7269 35.8732 5.0645
28.8028 35.8887 5.0989
28.8833 35.9046 5.136
28.9699 35.9212 5.1769
29.0649 35.9388 5.2227
29.1716 35.9576 5.2755
29.2945 35.9782 5.3381
29.4407 36.001 5.4152
29.4407 36.001 5.4152
29.5127 35.9179 5.5178
29.5696 35.8518 5.5997
29.6174 35.7958 5.6693
29.6599 35.7457 5.7317
29.6993 35.6988 5.7903
29.7377 35.6529 5.8478
29.7766 35.606 5.9067
29.8177 35.556 5.9698
29.8633 35.4999 6.0406
29.9165 35.4337 6.1247
29.9826 35.35 6.2315
29.9826 35.35 6.2315
29.8675 35.3307 6.1644
29.7618 35.3117 6.1048
29.6636 35.2931 6.0513
29.5716 35.2748 6.0027
29.4845 35.2567 5.958
29.4011 35.2387 5.9165
29.3207 35.2207 5.8776
29.2423 35.2025 5.8408
29.1652 35.1841 5.8056
29.0886 35.1652 5.7716
29.0119 35.1458 5.7384
28.9343 35.1256 5.7058
28.855 35.1045 5.6734
28.7732 35.0822 5.641
28.6879 35.0583 5.6082
28.5981 35.0327 5.5747
28.5026 35.0047 5.5401
28.3996 34.9739 5.5041
28.2875 34.9395 5.4663
28.1636 34.9007 5.4261
28.0425 34.9084 5.3542
27.9561 34.9147 5.3025
27.8698 34.9218 5.2508
27.7493 34.9326 5.1781
27.7493 34.9326 5.1781
27.7196 35.041 5.0831
27.6964 35.1246 5.0102
27.6766 35.1957 4.9483
27.6581 35.2614 4.8912
27.6395 35.3273 4.8342
27.6193 35.3985 4.7726
27.5954 35.4823 4.7003
27.564 35.5914 4.6064
28.4018 35.769 4.9471
28.4318 35.7435 4.9817
28.4608 35.7189 5.0153
28.489 35.6949 5.0479
28.5318 35.799 5.0012
28.5502 35.7715 5.0307
28.5682 35.7447 5.0594
28.5856 35.7186 5.0874
28.6616 35.8277 5.0571
28.6689 35.7982 5.0815
28.6761 35.7695 5.1053
28.6831 35.7415 5.1286
28.1896 35.7174 4.8624
28.2395 35.6958 4.9054
28.2874 35.6749 4.9468
28.3336 35.6548 4.9869
28.3781 35.6354 5.0255
28.3345 35.753 4.9197
28.3706 35.7286 4.957
28.4056 35.7051 4.9931
28.4393 35.6824 5.028
28.472 35.6603 5.0619
28.7988 35.8566 5.1183
28.7949 35.8253 5.1373
28.791 35.7946 5.1558
28.7872 35.7647 5.1741
28.7835 35.7353 5.1919
27.7506 35.2799 4.9278
27.8392 35.2974 4.9633
27.9242 35.3142 4.9976
28.0059 35.3303 5.0309
28.0846 35.3456 5.0634
27.7194 35.4055 4.8216
27.8145 35.4122 4.8684
27.905 35.4185 4.9133
27.9914 35.4244 4.9566
28.0741 35.4299 4.9982
28.1092 35.6971 4.8314
28.167 35.677 4.8776
28.2224 35.6577 4.9221
28.2756 35.6392 4.9649
28.3268 35.6213 5.0061
28.376 35.6041 5.046
28.9532 35.8873 5.1898
28.937 35.854 5.2026
28.921 35.8214 5.2152
28.9053 35.7894 5.2276
28.89 35.758 5.2398
28.8749 35.7272 5.2519
29.6379 35.6848 5.7592
29.5766 35.6707 5.7287
29.5154 35.6565 5.6985
29.4542 35.6423 5.6688
29.3929 35.6279 5.6394
29.3314 35.6134 5.6102
28.0122 34.9547 5.3039
28.0676 34.994 5.3056
28.1223 35.0327 5.3075
28.1764 35.0709 5.3098
28.2299 35.1087 5.3123
28.283 35.146 5.3152
27.7656 35.2192 4.9793
27.8512 35.2417 5.0095
27.9336 35.2633 5.0389
28.013 35.2841 5.0676
28.0898 35.304 5.0957
28.1641 35.3233 5.1232
27.9222 35.6483 4.7616
27.9993 35.6322 4.8154
28.0727 35.6168 4.8668
28.1427 35.6021 4.916
28.2096 35.588 4.9632
28.2736 35.5745 5.0086
28.335 35.5615 5.0522
29.559 35.7745 5.6457
29.5009 35.7533 5.6226
29.4433 35.7322 5.6
29.3859 35.711 5.5778
29.3286 35.6899 5.5559
29.2715 35.6687 5.5345
29.2145 35.6475 5.5134
29.7124 35.5984 5.8688
29.6482 35.5907 5.8313
29.584 35.5829 5.7943
29.5194 35.5749 5.7576
29.4545 35.5668 5.7211
29.3891 35.5585 5.6848
29.3229 35.55 5.6486
29.366 35.2517 5.8847
29.33 35.2649 5.8523
29.2931 35.2783 5.8193
29.2554 35.2921 5.7857
29.2166 35.3062 5.7515
29.1767 35.3206 5.7164
29.1356 35.3354 5.6806
29.2157 35.2173 5.8136
29.1884 35.2324 5.7858
29.1604 35.2479 5.7575
29.1317 35.2638 5.7285
29.1022 35.28 5.6988
29.0719 35.2967 5.6685
29.0406 35.3139 5.6374
29.0702 35.1821 5.7482
29.0512 35.1994 5.7244
29.0318 35.2171 5.7
29.0119 35.2352 5.6751
28.9914 35.2538 5.6496
28.9704 35.2729 5.6235
28.9488 35.2925 5.5967
28.9241 35.145 5.6859
28.9136 35.1647 5.6656
28.9029 35.1849 5.6449
28.8919 35.2056 5.6237
28.8807 35.2268 5.6021
28.8692 35.2485 5.5799
28.8574 35.2708 5.5572
28.7719 35.1045 5.6243
28.7705 35.1272 5.6074
28.7692 35.1503 5.5901
28.7678 35.174 5.5725
28.7664 35.1981 5.5546
28.765 35.2228 5.5364
28.7635 35.248 5.5178
28.6071 35.0587 5.5612
28.6162 35.085 5.5476
28.6255 35.1118 5.5338
28.6349 35.139 5.5199
28.6445 35.1667 5.5058
28.6542 35.1948 5.4915
28.6641 35.2233 5.4771
27.7819 35.1534 5.0354
27.8643 35.181 5.06
27.9439 35.2077 5.0842
28.0209 35.2334 5.108
28.0957 35.2583 5.1314
28.1683 35.2823 5.1545
28.2389 35.3056 5.1773
27.8089 35.6177 4.7209
27.8984 35.6042 4.7793
27.9832 35.5915 4.8349
28.0637 35.5792 4.8879
28.1403 35.5676 4.9387
28.2133 35.5564 4.9873
28.2831 35.5456 5.0339
28.3498 35.5353 5.0788
29.1402 35.9216 5.2805
29.1094 35.8862 5.2856
29.0791 35.8514 5.2906
29.0494 35.8172 5.2957
29.0201 35.7836 5.3008
28.9913 35.7504 5.306
28.963 35.7178 5.3112
28.9352 35.6856 5.3163
29.513 35.8261 5.5806
29.457 35.8005 5.562
29.4015 35.7752 5.5438
29.3465 35.7499 5.5261
29.2918 35.7247 5.5088
29.2373 35.6996 5.4919
29.1832 35.6746 5.4754
29.1292 35.6495 5.4592
29.7962 35.4992 5.995
29.7289 35.4984 5.9499
29.6613 35.4974 5.9052
29.5932 35.4963 5.8608
29.5245 35.495 5.8165
29.4549 35.4936 5.7722
29.3842 35.492 5.7279
29.3122 35.4902 5.6833
29.6134 35.3037 6.01
29.5624 35.3143 5.9685
29.5104 35.325 5.9266
29.4573 35.3358 5.8843
29.4031 35.3468 5.8415
29.3474 35.3579 5.7979
29.2903 35.3693 5.7537
29.2314 35.3808 5.7085
29.4447 35.2688 5.9234
29.404 35.2811 5.8883
29.3625 35.2937 5.8527
29.3199 35.3064 5.8165
29.2762 35.3195 5.7797
29.2313 35.3328 5.7421
29.1851 35.3464 5.7036
29.1375 35.3604 5.6643
28.4213 35.0048 5.494
28.4431 35.0359 5.4839
28.4651 35.0673 5.4739
28.4873 35.099 5.4638
28.5098 35.1309 5.4538
28.5325 35.1632 5.4438
28.5554 35.1958 5.4338
28.5786 35.2288 5.4238
27.8256 34.9744 5.1885
27.8999 35.015 5.1991
27.9723 35.0544 5.2098
28.0431 35.0929 5.2206
28.1123 35.1305 5.2317
28.1802 35.1673 5.2429
28.2469 35.2032 5.2543
28.3125 35.2386 5.2659
27.6755 35.5808 4.6741
27.7802 35.5707 4.7381
27.8789 35.5611 4.7987
27.972 35.552 4.8563
28.0602 35.5433 4.9111
28.1439 35.535 4.9634
28.2236 35.527 5.0135
28.2995 35.5193 5.0615
28.5962 35.8134 5.0287
28.6091 35.7849 5.0557
28.6217 35.7571 5.082
28.6339 35.7301 5.1076
28.6458 35.7037 5.1327
28.6575 35.678 5.1571
28.6688 35.6529 5.181
28.6799 35.6284 5.2043
28.6906 35.6045 5.227
29.4586 35.8867 5.5042
29.4051 35.8558 5.4911
29.3523 35.8252 5.4784
29.3002 35.7949 5.4662
29.2486 35.7649 5.4543
29.1975 35.7351 5.4428
29.1468 35.7055 5.4317
29.0965 35.6761 5.4209
29.0465 35.6468 5.4104
29.8042 35.3398 6.1139
29.7403 35.3488 6.0637
29.6758 35.3577 6.0135
29.6104 35.3667 5.9633
29.5439 35.3756 5.9129
29.476 35.3846 5.8621
29.4064 35.3936 5.8108
29.335 35.4027 5.7586
29.2613 35.4119 5.7056
28.2021 34.9385 5.4197
28.2404 34.9762 5.4136
28.2788 35.0137 5.4077
28.3171 35.0513 5.4021
28.3555 35.0888 5.3966
28.394 35.1264 5.3914
28.4326 35.164 5.3864
28.4714 35.2018 5.3816
28.5104 35.2397 5.377
28.8731 35.8716 5.1523
28.8632 35.8393 5.1684
28.8535 35.8077 5.1841
28.8439 35.7767 5.1995
28.8346 35.7464 5.2147
28.8255 35.7166 5.2296
28.8165 35.6874 5.2443
28.8077 35.6587 5.2587
28.7991 35.6306 5.2729
28.7906 35.603 5.2869
29.3898 35.9623 5.4089
29.3398 35.9243 5.4031
29.2907 35.887 5.3976
29.2425 35.8502 5.3924
29.195 35.814 5.3875
29.1482 35.7782 5.3829
29.1021 35.7429 5.3786
29.0565 35.708 5.3746
29.0115 35.6734 5.3708
28.967 35.6392 5.3674
27.934 34.9625 5.2557
27.9971 35.0024 5.261
28.059 35.0415 5.2665
28.1199 35.0799 5.2722
28.18 35.1176 5.2782
28.2392 35.1547 5.2845
28.2977 35.1914 5.2911
28.3556 35.2275 5.2979
28.413 35.2633 5.305
28.4699 35.2987 5.3124
27.7003 35.4819 4.7572
27.7995 35.4815 4.8113
27.8935 35.481 4.863
27.9829 35.4805 4.9124
28.0679 35.4799 4.9597
28.1491 35.4793 5.0052
28.2267 35.4787 5.049
28.3011 35.478 5.0912
28.3725 35.4772 5.1321
28.4411 35.4764 5.1716
28.2642 35.7359 4.8916
28.3069 35.7128 4.9317
28.3481 35.6906 4.9704
28.3878 35.6691 5.0078
28.4262 35.6483 5.044
28.4634 35.6282 5.0791
28.4993 35.6087 5.1132
28.5341 35.5898 5.1462
28.5678 35.5715 5.1783
28.6005 35.5537 5.2095
28.6322 35.5365 5.2399
29.2542 35.9409 5.3381
29.2146 35.9043 5.3383
29.1757 35.8683 5.3386
29.1375 35.8329 5.3391
29.0999 35.798 5.3397
29.0629 35.7636 5.3405
29.0264 35.7297 5.3414
28.9904 35.6962 5.3424
28.9549 35.6632 5.3436
28.9199 35.6305 5.345
28.8852 35.5982 5.3465
29.6749 35.6421 5.8133
29.6121 35.6312 5.7793
29.5494 35.6203 5.7457
29.4865 35.6092 5.7125
29.4234 35.5979 5.6796
29.3599 35.5865 5.6469
29.2959 35.5749 5.6144
29.2313 35.563 5.582
29.166 35.551 5.5497
29.0998 35.5386 5.5174
29.0325 35.526 5.485
29.9111 35.3585 6.1749
29.8395 35.3667 6.119
29.7675 35.3748 6.0636
29.6948 35.3828 6.0085
29.6212 35.3908 5.9535
29.5463 35.3986 5.8983
29.4698 35.4064 5.8428
29.3914 35.4143 5.7866
29.3106 35.4221 5.7296
29.2272 35.43 5.6716
29.1406 35.4381 5.6121
29.7054 35.3215 6.0594
29.6484 35.3313 6.0138
29.5905 35.3411 5.9681
29.5316 35.351 5.9222
29.4714 35.361 5.8758
29.4099 35.371 5.8288
29.3467 35.3812 5.7812
29.2818 35.3915 5.7327
29.2147 35.4021 5.6832
29.1453 35.4129 5.6325
29.0731 35.4239 5.5805
29.1427 35.1999 5.7804
29.1196 35.216 5.7546
29.0959 35.2326 5.7283
29.0716 35.2496 5.7014
29.0466 35.267 5.6739
29.0209 35.2849 5.6457
28.9945 35.3032 5.6168
28.9673 35.3221 5.5871
28.9393 35.3415 5.5567
28.9104 35.3616 5.5253
28.8805 35.3822 5.4931
28.8491 35.1252 5.6552
28.8431 35.1464 5.6366
28.8369 35.168 5.6176
28.8307 35.1901 5.5982
28.8242 35.2128 5.5784
28.8177 35.2359 5.5582
28.8109 35.2596 5.5376
28.804 35.2838 5.5165
28.797 35.3087 5.4949
28.7897 35.3342 5.4727
28.7823 35.3603 5.4501
28.5175 35.0329 5.5283
28.5326 35.0615 5.5164
28.5479 35.0905 5.5044
28.5634 35.1198 5.4924
28.5791 35.1494 5.4803
28.595 35.1795 5.4681
28.6112 35.21 5.4559
28.6276 35.241 5.4435
28.6443 35.2724 5.431
28.6612 35.3042 5.4185
28.6784 35.3367 5.4058
28.021 35.6743 4.7981
28.0877 35.6561 4.8479
28.1515 35.6386 4.8956
28.2126 35.6218 4.9414
28.2711 35.6057 4.9855
28.3273 35.5902 5.028
28.3813 35.5752 5.069
28.4333 35.5608 5.1085
28.4834 35.5469 5.1468
28.5317 35.5334 5.1839
28.5783 35.5204 5.2198
28.6234 35.5077 5.2547
28.7287 35.842 5.0867
28.7305 35.8116 5.1085
28.7323 35.782 5.1298
28.734 35.7529 5.1506
28.7356 35.7246 5.171
28.7373 35.6969 5.1909
28.7388 35.6697 5.2105
28.7404 35.6432 5.2296
28.7419 35.6172 5.2484
28.7434 35.5917 5.2668
28.7449 35.5668 5.2848
28.7463 35.5424 5.3025
29.8475 35.4371 6.0743
29.7783 35.4404 6.0245
29.7088 35.4435 5.9751
29.6386 35.4464 5.9259
29.5677 35.4493 5.8768
29.4956 35.452 5.8277
29.4223 35.4546 5.7783
29.3474 35.4571 5.7286
29.2706 35.4595 5.6783
29.1916 35.4618 5.6273
29.1101 35.464 5.5753
29.0257 35.4662 5.5222
29.2899 35.2345 5.8482
29.2583 35.2487 5.8182
29.226 35.2631 5.7877
29.1928 35.2779 5.7565
29.1587 35.2931 5.7246
29.1237 35.3086 5.692
29.0875 35.3246 5.6586
29.0503 35.341 5.6243
29.0119 35.3579 5.5891
28.9722 35.3753 5.5529
28.9311 35.3933 5.5156
28.8885 35.4119 5.4771
28.091 34.9474 5.3522
28.1391 34.9861 5.3505
28.1868 35.0244 5.349
28.2342 35.0624 5.3479
28.2813 35.1001 5.3471
28.3283 35.1376 5.3465
28.3751 35.1749 5.3462
28.4218 35.2121 5.3462
28.4685 35.2492 5.3464
28.5151 35.2862 5.3469
28.5619 35.3232 5.3477
28.6087 35.3603 5.3488
27.7356 35.3404 4.8766
27.8273 35.3528 4.9174
27.9149 35.3646 4.9568
27.9989 35.3758 4.9949
28.0794 35.3865 5.0317
28.1569 35.3967 5.0675
28.2316 35.4065 5.1022
28.3036 35.4158 5.1361
28.3733 35.4248 5.1691
28.4407 35.4334 5.2014
28.5061 35.4417 5.233
28.5697 35.4496 5.2639
28.4673 35.7843 4.9741
28.4914 35.7577 5.0061
28.5148 35.732 5.0373
28.5375 35.707 5.0676
28.5596 35.6827 5.097
28.581 35.659 5.1257
28.6019 35.636 5.1536
28.6222 35.6136 5.1808
28.6419 35.5918 5.2073
28.6612 35.5706 5.2332
28.6799 35.5499 5.2584
28.6982 35.5297 5.2831
28.716 35.51 5.3071
29.7521 35.5517 5.9282
29.6865 35.5473 5.8872
29.6206 35.5427 5.8465
29.5544 35.538 5.8061
29.4876 35.5332 5.7659
29.4202 35.5281 5.7258
29.3519 35.5229 5.6857
29.2825 35.5175 5.6456
29.2119 35.5118 5.6053
29.1399 35.5059 5.5647
29.0663 35.4997 5.5237
28.9908 35.4933 5.4822
28.9131 35.4865 5.4402
29.5268 35.2861 5.965
29.4812 35.2976 5.9269
29.4347 35.3092 5.8884
29.387 35.321 5.8493
29.3382 35.333 5.8096
29.2881 35.3452 5.7691
29.2365 35.3577 5.7279
29.1834 35.3705 5.6857
29.1285 35.3836 5.6425
29.0716 35.3971 5.5982
29.0126 35.411 5.5525
28.9513 35.4254 5.5054
28.8873 35.4403 5.4567
28.6915 35.0824 5.5931
28.6952 35.1068 5.5778
28.699 35.1317 5.5623
28.7028 35.157 5.5465
28.7067 35.1828 5.5305
28.7107 35.2091 5.5142
28.7147 35.236 5.4977
28.7189 35.2633 5.4808
28.7231 35.2912 5.4637
28.7274 35.3197 5.4462
28.7318 35.3488 5.4284
28.7363 35.3786 5.4103
28.7409 35.409 5.3918
27.8009 35.0757 5.1017
27.8797 35.1091 5.1201
27.9561 35.1415 5.1383
28.0304 35.1729 5.1563
28.1028 35.2034 5.1743
28.1733 35.233 5.1922
28.2422 35.2619 5.21
28.3097 35.2901 5.2279
28.3757 35.3176 5.2457
28.4406 35.3445 5.2635
28.5043 35.3709 5.2814
28.5671 35.3968 5.2993
28.629 35.4222 5.3173
29.0413 35.9038 5.232
29.0181 35.8695 5.2412
28.9954 35.8359 5.2502
28.9731 35.8028 5.2592
28.9511 35.7703 5.2681
28.9296 35.7384 5.277
28.9084 35.7069 5.2857
28.8876 35.676 5.2944
28.8671 35.6456 5.303
28.8469 35.6156 5.3116
28.827 35.586 5.3201
28.8075 35.5569 5.3286
28.7882 35.5282 5.337
28.7692 35.4999 5.3453
29.5998 35.7283 5.7042
29.5401 35.7108 5.6772
29.4805 35.6933 5.6506
29.4211 35.6757 5.6245
29.3618 35.6581 5.5987
29.3024 35.6404 5.5733
29.2428 35.6226 5.5482
29.183 35.6046 5.5233
29.1229 35.5864 5.4987
29.0624 35.568 5.4742
29.0014 35.5494 5.4499
28.9398 35.5305 5.4258
28.8775 35.5113 5.4017
28.8144 35.4918 5.3777
28.9975 35.1639 5.7168
28.9828 35.1823 5.6948
28.9677 35.2013 5.6723
28.9522 35.2206 5.6493
28.9363 35.2405 5.6257
28.92 35.2609 5.6016
28.9032 35.2818 5.5769
28.886 35.3032 5.5516
28.8683 35.3253 5.5256
28.8501 35.348 5.4989
28.8314 35.3713 5.4715
28.8121 35.3953 5.4433
28.7922 35.4201 5.4143
28.7716 35.4456 5.3844
28.3168 34.9735 5.458
28.3463 35.0077 5.4498
28.3759 35.0419 5.4417
28.4057 35.0763 5.4338
28.4356 35.1108 5.426
28.4658 35.1456 5.4183
28.4961 35.1806 5.4107
28.5268 35.2158 5.4033
28.5577 35.2513 5.3959
28.5889 35.2871 5.3886
28.6204 35.3233 5.3815
28.6523 35.3598 5.3744
28.6846 35.3967 5.3674
28.7173 35.4341 5.3605
27.6755 35.5808 4.6741
27.7802 35.5707 4.7381
27.8789 35.5611 4.7987
27.972 35.552 4.8563
28.0602 35.5433 4.9111
28.1439 35.535 4.9634
28.2236 35.527 5.0135
28.2995 35.5193 5.0615
28.372 35.5119 5.1077
28.4415 35.5047 5.1521
28.5081 35.4978 5.1951
28.5721 35.4911 5.2365
28.6337 35.4845 5.2767
28.6931 35.4781 5.3158
28.7504 35.4719 5.3537
28.7504 35.4719 5.3537
3 31 465 32 0.03791694339713292 0.38074496860118223 0.135885791735752
3 31 30 229 0.03791694339713292 0.38074496860118223 0.135885791735752
3 206 3 205 0.03791694339713292 0.38074496860118223 0.135885791735752
3 3 2 205 0.03791694339713292 0.38074496860118223 0.135885791735752
3 95 129 96 0.03791694339713292 0.38074496860118223 0.135885791735752
3 96 129 130 0.03791694339713292 0.38074496860118223 0.135885791735752
3 61 129 62 0.03791694339713292 0.38074496860118223 0.135885791735752
3 95 63 62 0.03791694339713292 0.38074496860118223 0.135885791735752
3 62 129 95 0.03791694339713292 0.38074496860118223 0.135885791735752
3 66 65 343 0.03791694339713292 0.38074496860118223 0.135885791735752
3 635 205 2 0.03791694339713292 0.38074496860118223 0.135885791735752
3 526 527 230 0.03791694339713292 0.38074496860118223 0.135885791735752
3 526 30 29 0.03791694339713292 0.38074496860118223 0.135885791735752
3 230 229 526 0.03791694339713292 0.38074496860118223 0.135885791735752
3 526 229 30 0.03791694339713292 0.38074496860118223 0.135885791735752
3 24 142 25 0.03791694339713292 0.38074496860118223 0.135885791735752
3 221 142 24 0.03791694339713292 0.38074496860118223 0.135885791735752
3 24 23 221 0.03791694339713292 0.38074496860118223 0.135885791735752
3 287 222 286 0.03791694339713292 0.38074496860118223 0.135885791735752
3 286 23 21 0.03791694339713292 0.38074496860118223 0.135885791735752
3 286 221 23 0.03791694339713292 0.38074496860118223 0.135885791735752
3 222 221 286 0.03791694339713292 0.38074496860118223 0.135885791735752
3 155 380 381 0.03791694339713292 0.38074496860118223 0.135885791735752
3 144 222 223 0.03791694339713292 0.38074496860118223 0.135885791735752
3 223 222 287 0.03791694339713292 0.38074496860118223 0.135885791735752
3 604 551 538 0.03791694339713292 0.38074496860118223 0.135885791735752
3 618 617 551 0.03791694339713292 0.38074496860118223 0.135885791735752
3 142 221 143 0.03791694339713292 0.38074496860118223 0.135885791735752
3 143 222 144 0.03791694339713292 0.38074496860118223 0.135885791735752
3 143 221 222 0.03791694339713292 0.38074496860118223 0.135885791735752
3 510 509 573 0.03791694339713292 0.38074496860118223 0.135885791735752
3 304 54 53 0.03791694339713292 0.38074496860118223 0.135885791735752
3 53 305 304 0.03791694339713292 0.38074496860118223 0.135885791735752
3 491 304 305 0.03791694339713292 0.38074496860118223 0.135885791735752
3 511 510 575 0.03791694339713292 0.38074496860118223 0.135885791735752
3 495 496 340 0.03791694339713292 0.38074496860118223 0.135885791735752
3 340 496 341 0.03791694339713292 0.38074496860118223 0.135885791735752
3 340 341 573 0.03791694339713292 0.38074496860118223 0.135885791735752
3 492 491 305 0.03791694339713292 0.38074496860118223 0.135885791735752
3 53 52 620 0.03791694339713292 0.38074496860118223 0.135885791735752
3 620 305 53 0.03791694339713292 0.38074496860118223 0.135885791735752
3 623 309 308 0.03791694339713292 0.38074496860118223 0.135885791735752
3 261 60 58 0.03791694339713292 0.38074496860118223 0.135885791735752
3 58 57 261 0.03791694339713292 0.38074496860118223 0.135885791735752
3 130 129 198 0.03791694339713292 0.38074496860118223 0.135885791735752
3 198 129 61 0.03791694339713292 0.38074496860118223 0.135885791735752
3 61 60 198 0.03791694339713292 0.38074496860118223 0.135885791735752
3 135 3 206 0.03791694339713292 0.38074496860118223 0.135885791735752
3 3 135 4 0.03791694339713292 0.38074496860118223 0.135885791735752
3 269 66 343 0.03791694339713292 0.38074496860118223 0.135885791735752
3 343 635 269 0.03791694339713292 0.38074496860118223 0.135885791735752
3 269 635 2 0.03791694339713292 0.38074496860118223 0.135885791735752
3 269 2 0 0.03791694339713292 0.38074496860118223 0.135885791735752
3 0 66 269 0.03791694339713292 0.38074496860118223 0.135885791735752
3 343 65 100 0.03791694339713292 0.38074496860118223 0.135885791735752
3 65 64 100 0.03791694339713292 0.38074496860118223 0.135885791735752
3 441 4 136 0.03791694339713292 0.38074496860118223 0.135885791735752
3 136 4 135 0.03791694339713292 0.38074496860118223 0.135885791735752
3 136 135 206 0.03791694339713292 0.38074496860118223 0.135885791735752
3 95 96 502 0.03791694339713292 0.38074496860118223 0.135885791735752
3 502 96 503 0.03791694339713292 0.38074496860118223 0.135885791735752
3 344 101 345 0.03791694339713292 0.38074496860118223 0.135885791735752
3 344 635 343 0.03791694339713292 0.38074496860118223 0.135885791735752
3 343 100 344 0.03791694339713292 0.38074496860118223 0.135885791735752
3 344 100 101 0.03791694339713292 0.38074496860118223 0.135885791735752
3 28 27 375 0.03791694339713292 0.38074496860118223 0.135885791735752
3 149 150 527 0.03791694339713292 0.38074496860118223 0.135885791735752
3 29 28 149 0.03791694339713292 0.38074496860118223 0.135885791735752
3 28 375 149 0.03791694339713292 0.38074496860118223 0.135885791735752
3 149 375 150 0.03791694339713292 0.38074496860118223 0.135885791735752
3 149 526 29 0.03791694339713292 0.38074496860118223 0.135885791735752
3 527 526 149 0.03791694339713292 0.38074496860118223 0.135885791735752
3 527 150 528 0.03791694339713292 0.38074496860118223 0.135885791735752
3 592 25 142 0.03791694339713292 0.38074496860118223 0.135885791735752
3 26 25 592 0.03791694339713292 0.38074496860118223 0.135885791735752
3 147 146 225 0.03791694339713292 0.38074496860118223 0.135885791735752
3 225 146 224 0.03791694339713292 0.38074496860118223 0.135885791735752
3 598 599 382 0.03791694339713292 0.38074496860118223 0.135885791735752
3 382 381 598 0.03791694339713292 0.38074496860118223 0.135885791735752
3 228 599 227 0.03791694339713292 0.38074496860118223 0.135885791735752
3 122 381 380 0.03791694339713292 0.38074496860118223 0.135885791735752
3 122 121 596 0.03791694339713292 0.38074496860118223 0.135885791735752
3 380 121 122 0.03791694339713292 0.38074496860118223 0.135885791735752
3 145 146 596 0.03791694339713292 0.38074496860118223 0.135885791735752
3 144 223 145 0.03791694339713292 0.38074496860118223 0.135885791735752
3 145 223 224 0.03791694339713292 0.38074496860118223 0.135885791735752
3 224 146 145 0.03791694339713292 0.38074496860118223 0.135885791735752
3 604 538 603 0.03791694339713292 0.38074496860118223 0.135885791735752
3 633 632 564 0.03791694339713292 0.38074496860118223 0.135885791735752
3 619 633 564 0.03791694339713292 0.38074496860118223 0.135885791735752
3 564 618 619 0.03791694339713292 0.38074496860118223 0.135885791735752
3 600 599 228 0.03791694339713292 0.38074496860118223 0.135885791735752
3 537 385 602 0.03791694339713292 0.38074496860118223 0.135885791735752
3 602 603 537 0.03791694339713292 0.38074496860118223 0.135885791735752
3 537 603 538 0.03791694339713292 0.38074496860118223 0.135885791735752
3 529 528 151 0.03791694339713292 0.38074496860118223 0.135885791735752
3 151 528 150 0.03791694339713292 0.38074496860118223 0.135885791735752
3 151 152 529 0.03791694339713292 0.38074496860118223 0.135885791735752
3 377 152 151 0.03791694339713292 0.38074496860118223 0.135885791735752
3 119 377 118 0.03791694339713292 0.38074496860118223 0.135885791735752
3 532 380 155 0.03791694339713292 0.38074496860118223 0.135885791735752
3 532 154 380 0.03791694339713292 0.38074496860118223 0.135885791735752
3 33 32 386 0.03791694339713292 0.38074496860118223 0.135885791735752
3 645 511 512 0.03791694339713292 0.38074496860118223 0.135885791735752
3 451 645 452 0.03791694339713292 0.38074496860118223 0.135885791735752
3 619 618 605 0.03791694339713292 0.38074496860118223 0.135885791735752
3 605 551 604 0.03791694339713292 0.38074496860118223 0.135885791735752
3 605 618 551 0.03791694339713292 0.38074496860118223 0.135885791735752
3 631 632 577 0.03791694339713292 0.38074496860118223 0.135885791735752
3 577 632 633 0.03791694339713292 0.38074496860118223 0.135885791735752
3 10 9 68 0.03791694339713292 0.38074496860118223 0.135885791735752
3 68 513 10 0.03791694339713292 0.38074496860118223 0.135885791735752
3 72 513 514 0.03791694339713292 0.38074496860118223 0.135885791735752
3 110 84 109 0.03791694339713292 0.38074496860118223 0.135885791735752
3 509 510 352 0.03791694339713292 0.38074496860118223 0.135885791735752
3 71 70 88 0.03791694339713292 0.38074496860118223 0.135885791735752
3 333 57 56 0.03791694339713292 0.38074496860118223 0.135885791735752
3 123 124 334 0.03791694339713292 0.38074496860118223 0.135885791735752
3 334 333 123 0.03791694339713292 0.38074496860118223 0.135885791735752
3 123 333 56 0.03791694339713292 0.38074496860118223 0.135885791735752
3 56 55 123 0.03791694339713292 0.38074496860118223 0.135885791735752
3 125 491 126 0.03791694339713292 0.38074496860118223 0.135885791735752
3 126 492 127 0.03791694339713292 0.38074496860118223 0.135885791735752
3 491 492 126 0.03791694339713292 0.38074496860118223 0.135885791735752
3 125 124 490 0.03791694339713292 0.38074496860118223 0.135885791735752
3 490 491 125 0.03791694339713292 0.38074496860118223 0.135885791735752
3 54 304 490 0.03791694339713292 0.38074496860118223 0.135885791735752
3 304 491 490 0.03791694339713292 0.38074496860118223 0.135885791735752
3 574 510 573 0.03791694339713292 0.38074496860118223 0.135885791735752
3 574 575 510 0.03791694339713292 0.38074496860118223 0.135885791735752
3 573 341 574 0.03791694339713292 0.38074496860118223 0.135885791735752
3 127 128 338 0.03791694339713292 0.38074496860118223 0.135885791735752
3 494 309 495 0.03791694339713292 0.38074496860118223 0.135885791735752
3 308 309 494 0.03791694339713292 0.38074496860118223 0.135885791735752
3 571 267 268 0.03791694339713292 0.38074496860118223 0.135885791735752
3 268 340 573 0.03791694339713292 0.38074496860118223 0.135885791735752
3 306 492 305 0.03791694339713292 0.38074496860118223 0.135885791735752
3 305 620 306 0.03791694339713292 0.38074496860118223 0.135885791735752
3 310 496 495 0.03791694339713292 0.38074496860118223 0.135885791735752
3 495 309 310 0.03791694339713292 0.38074496860118223 0.135885791735752
3 622 623 308 0.03791694339713292 0.38074496860118223 0.135885791735752
3 199 131 130 0.03791694339713292 0.38074496860118223 0.135885791735752
3 130 198 199 0.03791694339713292 0.38074496860118223 0.135885791735752
3 97 504 503 0.03791694339713292 0.38074496860118223 0.135885791735752
3 503 96 97 0.03791694339713292 0.38074496860118223 0.135885791735752
3 97 96 130 0.03791694339713292 0.38074496860118223 0.135885791735752
3 130 131 97 0.03791694339713292 0.38074496860118223 0.135885791735752
3 565 198 60 0.03791694339713292 0.38074496860118223 0.135885791735752
3 60 261 565 0.03791694339713292 0.38074496860118223 0.135885791735752
3 566 199 565 0.03791694339713292 0.38074496860118223 0.135885791735752
3 565 199 198 0.03791694339713292 0.38074496860118223 0.135885791735752
3 442 105 441 0.03791694339713292 0.38074496860118223 0.135885791735752
3 442 136 137 0.03791694339713292 0.38074496860118223 0.135885791735752
3 441 136 442 0.03791694339713292 0.38074496860118223 0.135885791735752
3 80 7 6 0.03791694339713292 0.38074496860118223 0.135885791735752
3 6 105 80 0.03791694339713292 0.38074496860118223 0.135885791735752
3 501 100 64 0.03791694339713292 0.38074496860118223 0.135885791735752
3 501 63 95 0.03791694339713292 0.38074496860118223 0.135885791735752
3 501 64 63 0.03791694339713292 0.38074496860118223 0.135885791735752
3 95 502 501 0.03791694339713292 0.38074496860118223 0.135885791735752
3 101 100 501 0.03791694339713292 0.38074496860118223 0.135885791735752
3 501 502 101 0.03791694339713292 0.38074496860118223 0.135885791735752
3 137 136 207 0.03791694339713292 0.38074496860118223 0.135885791735752
3 207 136 206 0.03791694339713292 0.38074496860118223 0.135885791735752
3 271 344 345 0.03791694339713292 0.38074496860118223 0.135885791735752
3 345 272 271 0.03791694339713292 0.38074496860118223 0.135885791735752
3 635 344 271 0.03791694339713292 0.38074496860118223 0.135885791735752
3 271 207 206 0.03791694339713292 0.38074496860118223 0.135885791735752
3 272 207 271 0.03791694339713292 0.38074496860118223 0.135885791735752
3 206 205 271 0.03791694339713292 0.38074496860118223 0.135885791735752
3 205 635 271 0.03791694339713292 0.38074496860118223 0.135885791735752
3 117 375 27 0.03791694339713292 0.38074496860118223 0.135885791735752
3 117 27 26 0.03791694339713292 0.38074496860118223 0.135885791735752
3 26 592 117 0.03791694339713292 0.38074496860118223 0.135885791735752
3 117 592 118 0.03791694339713292 0.38074496860118223 0.135885791735752
3 364 20 19 0.03791694339713292 0.38074496860118223 0.135885791735752
3 289 225 224 0.03791694339713292 0.38074496860118223 0.135885791735752
3 20 364 324 0.03791694339713292 0.38074496860118223 0.135885791735752
3 324 364 325 0.03791694339713292 0.38074496860118223 0.135885791735752
3 291 227 226 0.03791694339713292 0.38074496860118223 0.135885791735752
3 147 225 226 0.03791694339713292 0.38074496860118223 0.135885791735752
3 599 598 148 0.03791694339713292 0.38074496860118223 0.135885791735752
3 148 227 599 0.03791694339713292 0.38074496860118223 0.135885791735752
3 148 226 227 0.03791694339713292 0.38074496860118223 0.135885791735752
3 148 598 147 0.03791694339713292 0.38074496860118223 0.135885791735752
3 147 226 148 0.03791694339713292 0.38074496860118223 0.135885791735752
3 596 146 597 0.03791694339713292 0.38074496860118223 0.135885791735752
3 597 122 596 0.03791694339713292 0.38074496860118223 0.135885791735752
3 597 146 147 0.03791694339713292 0.38074496860118223 0.135885791735752
3 147 598 597 0.03791694339713292 0.38074496860118223 0.135885791735752
3 597 598 381 0.03791694339713292 0.38074496860118223 0.135885791735752
3 381 122 597 0.03791694339713292 0.38074496860118223 0.135885791735752
3 604 603 374 0.03791694339713292 0.38074496860118223 0.135885791735752
3 374 603 373 0.03791694339713292 0.38074496860118223 0.135885791735752
3 332 603 602 0.03791694339713292 0.38074496860118223 0.135885791735752
3 373 603 332 0.03791694339713292 0.38074496860118223 0.135885791735752
3 602 294 332 0.03791694339713292 0.38074496860118223 0.135885791735752
3 618 564 563 0.03791694339713292 0.38074496860118223 0.135885791735752
3 563 564 632 0.03791694339713292 0.38074496860118223 0.135885791735752
3 601 294 602 0.03791694339713292 0.38074496860118223 0.135885791735752
3 602 385 601 0.03791694339713292 0.38074496860118223 0.135885791735752
3 601 600 228 0.03791694339713292 0.38074496860118223 0.135885791735752
3 228 294 601 0.03791694339713292 0.38074496860118223 0.135885791735752
3 216 580 217 0.03791694339713292 0.38074496860118223 0.135885791735752
3 366 367 327 0.03791694339713292 0.38074496860118223 0.135885791735752
3 327 367 328 0.03791694339713292 0.38074496860118223 0.135885791735752
3 327 328 291 0.03791694339713292 0.38074496860118223 0.135885791735752
3 291 328 292 0.03791694339713292 0.38074496860118223 0.135885791735752
3 228 227 292 0.03791694339713292 0.38074496860118223 0.135885791735752
3 292 227 291 0.03791694339713292 0.38074496860118223 0.135885791735752
3 142 143 593 0.03791694339713292 0.38074496860118223 0.135885791735752
3 593 592 142 0.03791694339713292 0.38074496860118223 0.135885791735752
3 118 592 593 0.03791694339713292 0.38074496860118223 0.135885791735752
3 593 119 118 0.03791694339713292 0.38074496860118223 0.135885791735752
3 529 152 530 0.03791694339713292 0.38074496860118223 0.135885791735752
3 530 152 153 0.03791694339713292 0.38074496860118223 0.135885791735752
3 153 154 531 0.03791694339713292 0.38074496860118223 0.135885791735752
3 531 530 153 0.03791694339713292 0.38074496860118223 0.135885791735752
3 234 530 531 0.03791694339713292 0.38074496860118223 0.135885791735752
3 154 532 531 0.03791694339713292 0.38074496860118223 0.135885791735752
3 384 601 385 0.03791694339713292 0.38074496860118223 0.135885791735752
3 600 601 384 0.03791694339713292 0.38074496860118223 0.135885791735752
3 533 381 382 0.03791694339713292 0.38074496860118223 0.135885791735752
3 382 534 533 0.03791694339713292 0.38074496860118223 0.135885791735752
3 155 381 533 0.03791694339713292 0.38074496860118223 0.135885791735752
3 466 388 465 0.03791694339713292 0.38074496860118223 0.135885791735752
3 466 465 31 0.03791694339713292 0.38074496860118223 0.135885791735752
3 31 229 466 0.03791694339713292 0.38074496860118223 0.135885791735752
3 465 388 387 0.03791694339713292 0.38074496860118223 0.135885791735752
3 387 32 465 0.03791694339713292 0.38074496860118223 0.135885791735752
3 387 386 32 0.03791694339713292 0.38074496860118223 0.135885791735752
3 562 563 440 0.03791694339713292 0.38074496860118223 0.135885791735752
3 440 632 631 0.03791694339713292 0.38074496860118223 0.135885791735752
3 440 563 632 0.03791694339713292 0.38074496860118223 0.135885791735752
3 45 606 46 0.03791694339713292 0.38074496860118223 0.135885791735752
3 589 605 604 0.03791694339713292 0.38074496860118223 0.135885791735752
3 604 374 589 0.03791694339713292 0.38074496860118223 0.135885791735752
3 589 374 588 0.03791694339713292 0.38074496860118223 0.135885791735752
3 589 588 322 0.03791694339713292 0.38074496860118223 0.135885791735752
3 373 585 586 0.03791694339713292 0.38074496860118223 0.135885791735752
3 586 374 373 0.03791694339713292 0.38074496860118223 0.135885791735752
3 576 577 512 0.03791694339713292 0.38074496860118223 0.135885791735752
3 512 511 576 0.03791694339713292 0.38074496860118223 0.135885791735752
3 511 575 576 0.03791694339713292 0.38074496860118223 0.135885791735752
3 354 355 86 0.03791694339713292 0.38074496860118223 0.135885791735752
3 13 76 14 0.03791694339713292 0.38074496860118223 0.135885791735752
3 277 76 13 0.03791694339713292 0.38074496860118223 0.135885791735752
3 10 513 11 0.03791694339713292 0.38074496860118223 0.135885791735752
3 513 72 11 0.03791694339713292 0.38074496860118223 0.135885791735752
3 571 204 203 0.03791694339713292 0.38074496860118223 0.135885791735752
3 504 97 98 0.03791694339713292 0.38074496860118223 0.135885791735752
3 98 97 131 0.03791694339713292 0.38074496860118223 0.135885791735752
3 357 84 110 0.03791694339713292 0.38074496860118223 0.135885791735752
3 357 88 356 0.03791694339713292 0.38074496860118223 0.135885791735752
3 356 84 357 0.03791694339713292 0.38074496860118223 0.135885791735752
3 141 110 446 0.03791694339713292 0.38074496860118223 0.135885791735752
3 110 109 446 0.03791694339713292 0.38074496860118223 0.135885791735752
3 83 84 356 0.03791694339713292 0.38074496860118223 0.135885791735752
3 83 109 84 0.03791694339713292 0.38074496860118223 0.135885791735752
3 356 355 83 0.03791694339713292 0.38074496860118223 0.135885791735752
3 447 110 141 0.03791694339713292 0.38074496860118223 0.135885791735752
3 358 357 447 0.03791694339713292 0.38074496860118223 0.135885791735752
3 447 357 110 0.03791694339713292 0.38074496860118223 0.135885791735752
3 351 642 350 0.03791694339713292 0.38074496860118223 0.135885791735752
3 351 508 509 0.03791694339713292 0.38074496860118223 0.135885791735752
3 350 508 351 0.03791694339713292 0.38074496860118223 0.135885791735752
3 509 352 351 0.03791694339713292 0.38074496860118223 0.135885791735752
3 643 642 351 0.03791694339713292 0.38074496860118223 0.135885791735752
3 351 352 643 0.03791694339713292 0.38074496860118223 0.135885791735752
3 643 352 644 0.03791694339713292 0.38074496860118223 0.135885791735752
3 511 645 644 0.03791694339713292 0.38074496860118223 0.135885791735752
3 644 510 511 0.03791694339713292 0.38074496860118223 0.135885791735752
3 644 352 510 0.03791694339713292 0.38074496860118223 0.135885791735752
3 644 451 450 0.03791694339713292 0.38074496860118223 0.135885791735752
3 645 451 644 0.03791694339713292 0.38074496860118223 0.135885791735752
3 278 76 277 0.03791694339713292 0.38074496860118223 0.135885791735752
3 78 279 280 0.03791694339713292 0.38074496860118223 0.135885791735752
3 358 359 89 0.03791694339713292 0.38074496860118223 0.135885791735752
3 89 359 517 0.03791694339713292 0.38074496860118223 0.135885791735752
3 89 71 88 0.03791694339713292 0.38074496860118223 0.135885791735752
3 89 357 358 0.03791694339713292 0.38074496860118223 0.135885791735752
3 88 357 89 0.03791694339713292 0.38074496860118223 0.135885791735752
3 514 70 515 0.03791694339713292 0.38074496860118223 0.135885791735752
3 70 71 515 0.03791694339713292 0.38074496860118223 0.135885791735752
3 106 81 80 0.03791694339713292 0.38074496860118223 0.135885791735752
3 107 81 106 0.03791694339713292 0.38074496860118223 0.135885791735752
3 80 105 106 0.03791694339713292 0.38074496860118223 0.135885791735752
3 105 442 106 0.03791694339713292 0.38074496860118223 0.135885791735752
3 354 81 82 0.03791694339713292 0.38074496860118223 0.135885791735752
3 82 81 107 0.03791694339713292 0.38074496860118223 0.135885791735752
3 82 355 354 0.03791694339713292 0.38074496860118223 0.135885791735752
3 82 83 355 0.03791694339713292 0.38074496860118223 0.135885791735752
3 566 565 262 0.03791694339713292 0.38074496860118223 0.135885791735752
3 262 565 261 0.03791694339713292 0.38074496860118223 0.135885791735752
3 262 261 57 0.03791694339713292 0.38074496860118223 0.135885791735752
3 57 333 262 0.03791694339713292 0.38074496860118223 0.135885791735752
3 489 490 124 0.03791694339713292 0.38074496860118223 0.135885791735752
3 124 123 489 0.03791694339713292 0.38074496860118223 0.135885791735752
3 489 123 55 0.03791694339713292 0.38074496860118223 0.135885791735752
3 489 55 54 0.03791694339713292 0.38074496860118223 0.135885791735752
3 54 490 489 0.03791694339713292 0.38074496860118223 0.135885791735752
3 341 496 497 0.03791694339713292 0.38074496860118223 0.135885791735752
3 630 440 631 0.03791694339713292 0.38074496860118223 0.135885791735752
3 342 498 575 0.03791694339713292 0.38074496860118223 0.135885791735752
3 575 574 342 0.03791694339713292 0.38074496860118223 0.135885791735752
3 342 574 341 0.03791694339713292 0.38074496860118223 0.135885791735752
3 341 497 342 0.03791694339713292 0.38074496860118223 0.135885791735752
3 342 497 498 0.03791694339713292 0.38074496860118223 0.135885791735752
3 128 494 339 0.03791694339713292 0.38074496860118223 0.135885791735752
3 340 268 339 0.03791694339713292 0.38074496860118223 0.135885791735752
3 495 340 339 0.03791694339713292 0.38074496860118223 0.135885791735752
3 339 494 495 0.03791694339713292 0.38074496860118223 0.135885791735752
3 339 268 267 0.03791694339713292 0.38074496860118223 0.135885791735752
3 267 338 339 0.03791694339713292 0.38074496860118223 0.135885791735752
3 339 338 128 0.03791694339713292 0.38074496860118223 0.135885791735752
3 308 494 493 0.03791694339713292 0.38074496860118223 0.135885791735752
3 493 494 128 0.03791694339713292 0.38074496860118223 0.135885791735752
3 493 128 127 0.03791694339713292 0.38074496860118223 0.135885791735752
3 127 492 493 0.03791694339713292 0.38074496860118223 0.135885791735752
3 572 268 573 0.03791694339713292 0.38074496860118223 0.135885791735752
3 571 268 572 0.03791694339713292 0.38074496860118223 0.135885791735752
3 572 204 571 0.03791694339713292 0.38074496860118223 0.135885791735752
3 572 508 204 0.03791694339713292 0.38074496860118223 0.135885791735752
3 573 509 572 0.03791694339713292 0.38074496860118223 0.135885791735752
3 509 508 572 0.03791694339713292 0.38074496860118223 0.135885791735752
3 334 124 335 0.03791694339713292 0.38074496860118223 0.135885791735752
3 335 124 125 0.03791694339713292 0.38074496860118223 0.135885791735752
3 337 126 127 0.03791694339713292 0.38074496860118223 0.135885791735752
3 127 338 337 0.03791694339713292 0.38074496860118223 0.135885791735752
3 570 267 571 0.03791694339713292 0.38074496860118223 0.135885791735752
3 571 203 570 0.03791694339713292 0.38074496860118223 0.135885791735752
3 570 202 569 0.03791694339713292 0.38074496860118223 0.135885791735752
3 570 203 202 0.03791694339713292 0.38074496860118223 0.135885791735752
3 621 620 52 0.03791694339713292 0.38074496860118223 0.135885791735752
3 621 306 620 0.03791694339713292 0.38074496860118223 0.135885791735752
3 568 265 569 0.03791694339713292 0.38074496860118223 0.135885791735752
3 5 4 441 0.03791694339713292 0.38074496860118223 0.135885791735752
3 441 105 5 0.03791694339713292 0.38074496860118223 0.135885791735752
3 105 6 5 0.03791694339713292 0.38074496860118223 0.135885791735752
3 9 8 85 0.03791694339713292 0.38074496860118223 0.135885791735752
3 354 86 85 0.03791694339713292 0.38074496860118223 0.135885791735752
3 85 68 9 0.03791694339713292 0.38074496860118223 0.135885791735752
3 85 86 68 0.03791694339713292 0.38074496860118223 0.135885791735752
3 353 81 354 0.03791694339713292 0.38074496860118223 0.135885791735752
3 354 85 353 0.03791694339713292 0.38074496860118223 0.135885791735752
3 353 85 8 0.03791694339713292 0.38074496860118223 0.135885791735752
3 353 8 7 0.03791694339713292 0.38074496860118223 0.135885791735752
3 353 7 80 0.03791694339713292 0.38074496860118223 0.135885791735752
3 80 81 353 0.03791694339713292 0.38074496860118223 0.135885791735752
3 272 638 208 0.03791694339713292 0.38074496860118223 0.135885791735752
3 208 207 272 0.03791694339713292 0.38074496860118223 0.135885791735752
3 137 207 208 0.03791694339713292 0.38074496860118223 0.135885791735752
3 208 138 137 0.03791694339713292 0.38074496860118223 0.135885791735752
3 348 347 104 0.03791694339713292 0.38074496860118223 0.135885791735752
3 346 272 345 0.03791694339713292 0.38074496860118223 0.135885791735752
3 346 638 272 0.03791694339713292 0.38074496860118223 0.135885791735752
3 346 347 638 0.03791694339713292 0.38074496860118223 0.135885791735752
3 375 117 376 0.03791694339713292 0.38074496860118223 0.135885791735752
3 150 375 376 0.03791694339713292 0.38074496860118223 0.135885791735752
3 376 151 150 0.03791694339713292 0.38074496860118223 0.135885791735752
3 376 117 118 0.03791694339713292 0.38074496860118223 0.135885791735752
3 118 377 376 0.03791694339713292 0.38074496860118223 0.135885791735752
3 377 151 376 0.03791694339713292 0.38074496860118223 0.135885791735752
3 467 229 230 0.03791694339713292 0.38074496860118223 0.135885791735752
3 467 466 229 0.03791694339713292 0.38074496860118223 0.135885791735752
3 365 364 19 0.03791694339713292 0.38074496860118223 0.135885791735752
3 365 213 366 0.03791694339713292 0.38074496860118223 0.135885791735752
3 19 213 365 0.03791694339713292 0.38074496860118223 0.135885791735752
3 325 364 365 0.03791694339713292 0.38074496860118223 0.135885791735752
3 325 289 288 0.03791694339713292 0.38074496860118223 0.135885791735752
3 287 324 288 0.03791694339713292 0.38074496860118223 0.135885791735752
3 288 324 325 0.03791694339713292 0.38074496860118223 0.135885791735752
3 288 289 224 0.03791694339713292 0.38074496860118223 0.135885791735752
3 288 223 287 0.03791694339713292 0.38074496860118223 0.135885791735752
3 224 223 288 0.03791694339713292 0.38074496860118223 0.135885791735752
3 21 20 323 0.03791694339713292 0.38074496860118223 0.135885791735752
3 20 324 323 0.03791694339713292 0.38074496860118223 0.135885791735752
3 323 286 21 0.03791694339713292 0.38074496860118223 0.135885791735752
3 287 286 323 0.03791694339713292 0.38074496860118223 0.135885791735752
3 323 324 287 0.03791694339713292 0.38074496860118223 0.135885791735752
3 225 289 290 0.03791694339713292 0.38074496860118223 0.135885791735752
3 290 226 225 0.03791694339713292 0.38074496860118223 0.135885791735752
3 291 226 290 0.03791694339713292 0.38074496860118223 0.135885791735752
3 290 327 291 0.03791694339713292 0.38074496860118223 0.135885791735752
3 220 585 373 0.03791694339713292 0.38074496860118223 0.135885791735752
3 550 538 551 0.03791694339713292 0.38074496860118223 0.135885791735752
3 550 537 538 0.03791694339713292 0.38074496860118223 0.135885791735752
3 581 217 580 0.03791694339713292 0.38074496860118223 0.135885791735752
3 580 113 581 0.03791694339713292 0.38074496860118223 0.135885791735752
3 112 113 580 0.03791694339713292 0.38074496860118223 0.135885791735752
3 328 367 368 0.03791694339713292 0.38074496860118223 0.135885791735752
3 366 213 214 0.03791694339713292 0.38074496860118223 0.135885791735752
3 214 367 366 0.03791694339713292 0.38074496860118223 0.135885791735752
3 579 578 17 0.03791694339713292 0.38074496860118223 0.135885791735752
3 579 580 216 0.03791694339713292 0.38074496860118223 0.135885791735752
3 18 213 19 0.03791694339713292 0.38074496860118223 0.135885791735752
3 17 578 18 0.03791694339713292 0.38074496860118223 0.135885791735752
3 18 214 213 0.03791694339713292 0.38074496860118223 0.135885791735752
3 578 214 18 0.03791694339713292 0.38074496860118223 0.135885791735752
3 326 289 325 0.03791694339713292 0.38074496860118223 0.135885791735752
3 325 365 326 0.03791694339713292 0.38074496860118223 0.135885791735752
3 326 290 289 0.03791694339713292 0.38074496860118223 0.135885791735752
3 327 290 326 0.03791694339713292 0.38074496860118223 0.135885791735752
3 366 327 326 0.03791694339713292 0.38074496860118223 0.135885791735752
3 326 365 366 0.03791694339713292 0.38074496860118223 0.135885791735752
3 119 120 378 0.03791694339713292 0.38074496860118223 0.135885791735752
3 153 152 378 0.03791694339713292 0.38074496860118223 0.135885791735752
3 378 152 377 0.03791694339713292 0.38074496860118223 0.135885791735752
3 377 119 378 0.03791694339713292 0.38074496860118223 0.135885791735752
3 379 154 153 0.03791694339713292 0.38074496860118223 0.135885791735752
3 153 378 379 0.03791694339713292 0.38074496860118223 0.135885791735752
3 379 378 120 0.03791694339713292 0.38074496860118223 0.135885791735752
3 379 120 121 0.03791694339713292 0.38074496860118223 0.135885791735752
3 379 121 380 0.03791694339713292 0.38074496860118223 0.135885791735752
3 380 154 379 0.03791694339713292 0.38074496860118223 0.135885791735752
3 594 143 144 0.03791694339713292 0.38074496860118223 0.135885791735752
3 594 593 143 0.03791694339713292 0.38074496860118223 0.135885791735752
3 594 120 119 0.03791694339713292 0.38074496860118223 0.135885791735752
3 119 593 594 0.03791694339713292 0.38074496860118223 0.135885791735752
3 235 531 532 0.03791694339713292 0.38074496860118223 0.135885791735752
3 234 531 235 0.03791694339713292 0.38074496860118223 0.135885791735752
3 382 599 383 0.03791694339713292 0.38074496860118223 0.135885791735752
3 383 534 382 0.03791694339713292 0.38074496860118223 0.135885791735752
3 599 600 383 0.03791694339713292 0.38074496860118223 0.135885791735752
3 600 384 383 0.03791694339713292 0.38074496860118223 0.135885791735752
3 403 302 243 0.03791694339713292 0.38074496860118223 0.135885791735752
3 393 302 403 0.03791694339713292 0.38074496860118223 0.135885791735752
3 236 532 155 0.03791694339713292 0.38074496860118223 0.135885791735752
3 155 533 236 0.03791694339713292 0.38074496860118223 0.135885791735752
3 386 387 35 0.03791694339713292 0.38074496860118223 0.135885791735752
3 33 386 35 0.03791694339713292 0.38074496860118223 0.135885791735752
3 623 255 624 0.03791694339713292 0.38074496860118223 0.135885791735752
3 309 623 624 0.03791694339713292 0.38074496860118223 0.135885791735752
3 625 310 624 0.03791694339713292 0.38074496860118223 0.135885791735752
3 624 310 309 0.03791694339713292 0.38074496860118223 0.135885791735752
3 623 622 254 0.03791694339713292 0.38074496860118223 0.135885791735752
3 254 255 623 0.03791694339713292 0.38074496860118223 0.135885791735752
3 431 255 430 0.03791694339713292 0.38074496860118223 0.135885791735752
3 255 254 430 0.03791694339713292 0.38074496860118223 0.135885791735752
3 430 254 51 0.03791694339713292 0.38074496860118223 0.135885791735752
3 429 563 562 0.03791694339713292 0.38074496860118223 0.135885791735752
3 429 616 617 0.03791694339713292 0.38074496860118223 0.135885791735752
3 429 428 616 0.03791694339713292 0.38074496860118223 0.135885791735752
3 617 618 429 0.03791694339713292 0.38074496860118223 0.135885791735752
3 618 563 429 0.03791694339713292 0.38074496860118223 0.135885791735752
3 196 557 197 0.03791694339713292 0.38074496860118223 0.135885791735752
3 197 436 196 0.03791694339713292 0.38074496860118223 0.135885791735752
3 78 454 77 0.03791694339713292 0.38074496860118223 0.135885791735752
3 77 279 78 0.03791694339713292 0.38074496860118223 0.135885791735752
3 76 278 77 0.03791694339713292 0.38074496860118223 0.135885791735752
3 77 278 279 0.03791694339713292 0.38074496860118223 0.135885791735752
3 90 454 91 0.03791694339713292 0.38074496860118223 0.135885791735752
3 90 313 15 0.03791694339713292 0.38074496860118223 0.135885791735752
3 522 285 521 0.03791694339713292 0.38074496860118223 0.135885791735752
3 459 458 283 0.03791694339713292 0.38074496860118223 0.135885791735752
3 463 589 322 0.03791694339713292 0.38074496860118223 0.135885791735752
3 647 577 633 0.03791694339713292 0.38074496860118223 0.135885791735752
3 363 451 452 0.03791694339713292 0.38074496860118223 0.135885791735752
3 363 362 451 0.03791694339713292 0.38074496860118223 0.135885791735752
3 522 521 363 0.03791694339713292 0.38074496860118223 0.135885791735752
3 363 521 362 0.03791694339713292 0.38074496860118223 0.135885791735752
3 322 588 587 0.03791694339713292 0.38074496860118223 0.135885791735752
3 588 374 587 0.03791694339713292 0.38074496860118223 0.135885791735752
3 374 586 587 0.03791694339713292 0.38074496860118223 0.135885791735752
3 461 322 321 0.03791694339713292 0.38074496860118223 0.135885791735752
3 322 587 321 0.03791694339713292 0.38074496860118223 0.135885791735752
3 321 587 586 0.03791694339713292 0.38074496860118223 0.135885791735752
3 319 586 585 0.03791694339713292 0.38074496860118223 0.135885791735752
3 87 355 356 0.03791694339713292 0.38074496860118223 0.135885791735752
3 87 86 355 0.03791694339713292 0.38074496860118223 0.135885791735752
3 356 88 87 0.03791694339713292 0.38074496860118223 0.135885791735752
3 88 70 87 0.03791694339713292 0.38074496860118223 0.135885791735752
3 277 13 12 0.03791694339713292 0.38074496860118223 0.135885791735752
3 12 72 277 0.03791694339713292 0.38074496860118223 0.135885791735752
3 12 11 72 0.03791694339713292 0.38074496860118223 0.135885791735752
3 204 508 507 0.03791694339713292 0.38074496860118223 0.135885791735752
3 507 508 350 0.03791694339713292 0.38074496860118223 0.135885791735752
3 350 642 212 0.03791694339713292 0.38074496860118223 0.135885791735752
3 212 641 350 0.03791694339713292 0.38074496860118223 0.135885791735752
3 141 641 212 0.03791694339713292 0.38074496860118223 0.135885791735752
3 212 447 141 0.03791694339713292 0.38074496860118223 0.135885791735752
3 642 447 212 0.03791694339713292 0.38074496860118223 0.135885791735752
3 211 641 141 0.03791694339713292 0.38074496860118223 0.135885791735752
3 141 446 211 0.03791694339713292 0.38074496860118223 0.135885791735752
3 348 275 639 0.03791694339713292 0.38074496860118223 0.135885791735752
3 275 210 639 0.03791694339713292 0.38074496860118223 0.135885791735752
3 639 347 348 0.03791694339713292 0.38074496860118223 0.135885791735752
3 638 347 639 0.03791694339713292 0.38074496860118223 0.135885791735752
3 448 642 643 0.03791694339713292 0.38074496860118223 0.135885791735752
3 448 447 642 0.03791694339713292 0.38074496860118223 0.135885791735752
3 448 359 358 0.03791694339713292 0.38074496860118223 0.135885791735752
3 358 447 448 0.03791694339713292 0.38074496860118223 0.135885791735752
3 277 72 73 0.03791694339713292 0.38074496860118223 0.135885791735752
3 73 278 277 0.03791694339713292 0.38074496860118223 0.135885791735752
3 73 72 514 0.03791694339713292 0.38074496860118223 0.135885791735752
3 514 515 73 0.03791694339713292 0.38074496860118223 0.135885791735752
3 517 359 518 0.03791694339713292 0.38074496860118223 0.135885791735752
3 359 360 518 0.03791694339713292 0.38074496860118223 0.135885791735752
3 75 280 279 0.03791694339713292 0.38074496860118223 0.135885791735752
3 517 518 75 0.03791694339713292 0.38074496860118223 0.135885791735752
3 311 310 625 0.03791694339713292 0.38074496860118223 0.135885791735752
3 496 310 311 0.03791694339713292 0.38074496860118223 0.135885791735752
3 311 497 496 0.03791694339713292 0.38074496860118223 0.135885791735752
3 439 630 438 0.03791694339713292 0.38074496860118223 0.135885791735752
3 440 630 439 0.03791694339713292 0.38074496860118223 0.135885791735752
3 575 498 499 0.03791694339713292 0.38074496860118223 0.135885791735752
3 499 576 575 0.03791694339713292 0.38074496860118223 0.135885791735752
3 492 306 307 0.03791694339713292 0.38074496860118223 0.135885791735752
3 307 493 492 0.03791694339713292 0.38074496860118223 0.135885791735752
3 308 493 307 0.03791694339713292 0.38074496860118223 0.135885791735752
3 306 621 307 0.03791694339713292 0.38074496860118223 0.135885791735752
3 307 622 308 0.03791694339713292 0.38074496860118223 0.135885791735752
3 307 621 622 0.03791694339713292 0.38074496860118223 0.135885791735752
3 336 335 125 0.03791694339713292 0.38074496860118223 0.135885791735752
3 336 337 265 0.03791694339713292 0.38074496860118223 0.135885791735752
3 125 126 336 0.03791694339713292 0.38074496860118223 0.135885791735752
3 126 337 336 0.03791694339713292 0.38074496860118223 0.135885791735752
3 265 337 266 0.03791694339713292 0.38074496860118223 0.135885791735752
3 569 265 266 0.03791694339713292 0.38074496860118223 0.135885791735752
3 266 570 569 0.03791694339713292 0.38074496860118223 0.135885791735752
3 267 570 266 0.03791694339713292 0.38074496860118223 0.135885791735752
3 266 338 267 0.03791694339713292 0.38074496860118223 0.135885791735752
3 266 337 338 0.03791694339713292 0.38074496860118223 0.135885791735752
3 569 202 201 0.03791694339713292 0.38074496860118223 0.135885791735752
3 201 568 569 0.03791694339713292 0.38074496860118223 0.135885791735752
3 201 202 133 0.03791694339713292 0.38074496860118223 0.135885791735752
3 567 568 201 0.03791694339713292 0.38074496860118223 0.135885791735752
3 265 568 264 0.03791694339713292 0.38074496860118223 0.135885791735752
3 264 336 265 0.03791694339713292 0.38074496860118223 0.135885791735752
3 335 336 264 0.03791694339713292 0.38074496860118223 0.135885791735752
3 264 568 567 0.03791694339713292 0.38074496860118223 0.135885791735752
3 505 104 504 0.03791694339713292 0.38074496860118223 0.135885791735752
3 504 98 505 0.03791694339713292 0.38074496860118223 0.135885791735752
3 505 98 99 0.03791694339713292 0.38074496860118223 0.135885791735752
3 347 346 103 0.03791694339713292 0.38074496860118223 0.135885791735752
3 504 104 103 0.03791694339713292 0.38074496860118223 0.135885791735752
3 103 104 347 0.03791694339713292 0.38074496860118223 0.135885791735752
3 503 504 103 0.03791694339713292 0.38074496860118223 0.135885791735752
3 373 332 372 0.03791694339713292 0.38074496860118223 0.135885791735752
3 372 220 373 0.03791694339713292 0.38074496860118223 0.135885791735752
3 585 220 584 0.03791694339713292 0.38074496860118223 0.135885791735752
3 488 550 551 0.03791694339713292 0.38074496860118223 0.135885791735752
3 551 617 488 0.03791694339713292 0.38074496860118223 0.135885791735752
3 617 616 488 0.03791694339713292 0.38074496860118223 0.135885791735752
3 331 332 294 0.03791694339713292 0.38074496860118223 0.135885791735752
3 331 372 332 0.03791694339713292 0.38074496860118223 0.135885791735752
3 329 292 328 0.03791694339713292 0.38074496860118223 0.135885791735752
3 328 368 329 0.03791694339713292 0.38074496860118223 0.135885791735752
3 218 370 217 0.03791694339713292 0.38074496860118223 0.135885791735752
3 217 581 218 0.03791694339713292 0.38074496860118223 0.135885791735752
3 215 214 578 0.03791694339713292 0.38074496860118223 0.135885791735752
3 578 579 215 0.03791694339713292 0.38074496860118223 0.135885791735752
3 215 579 216 0.03791694339713292 0.38074496860118223 0.135885791735752
3 367 214 215 0.03791694339713292 0.38074496860118223 0.135885791735752
3 216 368 215 0.03791694339713292 0.38074496860118223 0.135885791735752
3 215 368 367 0.03791694339713292 0.38074496860118223 0.135885791735752
3 595 594 144 0.03791694339713292 0.38074496860118223 0.135885791735752
3 144 145 595 0.03791694339713292 0.38074496860118223 0.135885791735752
3 121 120 595 0.03791694339713292 0.38074496860118223 0.135885791735752
3 120 594 595 0.03791694339713292 0.38074496860118223 0.135885791735752
3 596 121 595 0.03791694339713292 0.38074496860118223 0.135885791735752
3 595 145 596 0.03791694339713292 0.38074496860118223 0.135885791735752
3 234 235 471 0.03791694339713292 0.38074496860118223 0.135885791735752
3 544 249 248 0.03791694339713292 0.38074496860118223 0.135885791735752
3 544 403 243 0.03791694339713292 0.38074496860118223 0.135885791735752
3 242 403 544 0.03791694339713292 0.38074496860118223 0.135885791735752
3 159 478 158 0.03791694339713292 0.38074496860118223 0.135885791735752
3 248 249 158 0.03791694339713292 0.38074496860118223 0.135885791735752
3 158 249 159 0.03791694339713292 0.38074496860118223 0.135885791735752
3 537 550 476 0.03791694339713292 0.38074496860118223 0.135885791735752
3 385 537 476 0.03791694339713292 0.38074496860118223 0.135885791735752
3 535 383 384 0.03791694339713292 0.38074496860118223 0.135885791735752
3 534 383 535 0.03791694339713292 0.38074496860118223 0.135885791735752
3 472 235 532 0.03791694339713292 0.38074496860118223 0.135885791735752
3 532 236 472 0.03791694339713292 0.38074496860118223 0.135885791735752
3 472 302 393 0.03791694339713292 0.38074496860118223 0.135885791735752
3 393 471 472 0.03791694339713292 0.38074496860118223 0.135885791735752
3 472 471 235 0.03791694339713292 0.38074496860118223 0.135885791735752
3 36 35 295 0.03791694339713292 0.38074496860118223 0.135885791735752
3 295 35 387 0.03791694339713292 0.38074496860118223 0.135885791735752
3 295 388 36 0.03791694339713292 0.38074496860118223 0.135885791735752
3 295 387 388 0.03791694339713292 0.38074496860118223 0.135885791735752
3 256 624 255 0.03791694339713292 0.38074496860118223 0.135885791735752
3 256 255 431 0.03791694339713292 0.38074496860118223 0.135885791735752
3 256 257 625 0.03791694339713292 0.38074496860118223 0.135885791735752
3 625 624 256 0.03791694339713292 0.38074496860118223 0.135885791735752
3 52 51 253 0.03791694339713292 0.38074496860118223 0.135885791735752
3 51 254 253 0.03791694339713292 0.38074496860118223 0.135885791735752
3 253 254 622 0.03791694339713292 0.38074496860118223 0.135885791735752
3 253 621 52 0.03791694339713292 0.38074496860118223 0.135885791735752
3 622 621 253 0.03791694339713292 0.38074496860118223 0.135885791735752
3 431 430 50 0.03791694339713292 0.38074496860118223 0.135885791735752
3 50 430 51 0.03791694339713292 0.38074496860118223 0.135885791735752
3 556 196 195 0.03791694339713292 0.38074496860118223 0.135885791735752
3 557 196 556 0.03791694339713292 0.38074496860118223 0.135885791735752
3 188 557 556 0.03791694339713292 0.38074496860118223 0.135885791735752
3 178 179 420 0.03791694339713292 0.38074496860118223 0.135885791735752
3 420 179 421 0.03791694339713292 0.38074496860118223 0.135885791735752
3 421 422 186 0.03791694339713292 0.38074496860118223 0.135885791735752
3 186 422 187 0.03791694339713292 0.38074496860118223 0.135885791735752
3 188 556 187 0.03791694339713292 0.38074496860118223 0.135885791735752
3 189 557 188 0.03791694339713292 0.38074496860118223 0.135885791735752
3 560 439 438 0.03791694339713292 0.38074496860118223 0.135885791735752
3 314 91 315 0.03791694339713292 0.38074496860118223 0.135885791735752
3 315 113 314 0.03791694339713292 0.38074496860118223 0.135885791735752
3 314 90 91 0.03791694339713292 0.38074496860118223 0.135885791735752
3 313 90 314 0.03791694339713292 0.38074496860118223 0.135885791735752
3 113 112 314 0.03791694339713292 0.38074496860118223 0.135885791735752
3 112 313 314 0.03791694339713292 0.38074496860118223 0.135885791735752
3 15 313 16 0.03791694339713292 0.38074496860118223 0.135885791735752
3 454 90 453 0.03791694339713292 0.38074496860118223 0.135885791735752
3 14 76 453 0.03791694339713292 0.38074496860118223 0.135885791735752
3 453 15 14 0.03791694339713292 0.38074496860118223 0.135885791735752
3 453 90 15 0.03791694339713292 0.38074496860118223 0.135885791735752
3 76 77 453 0.03791694339713292 0.38074496860118223 0.135885791735752
3 453 77 454 0.03791694339713292 0.38074496860118223 0.135885791735752
3 94 457 458 0.03791694339713292 0.38074496860118223 0.135885791735752
3 94 319 318 0.03791694339713292 0.38074496860118223 0.135885791735752
3 458 459 94 0.03791694339713292 0.38074496860118223 0.135885791735752
3 459 319 94 0.03791694339713292 0.38074496860118223 0.135885791735752
3 455 454 78 0.03791694339713292 0.38074496860118223 0.135885791735752
3 91 454 455 0.03791694339713292 0.38074496860118223 0.135885791735752
3 78 280 79 0.03791694339713292 0.38074496860118223 0.135885791735752
3 79 455 78 0.03791694339713292 0.38074496860118223 0.135885791735752
3 284 521 285 0.03791694339713292 0.38074496860118223 0.135885791735752
3 284 459 283 0.03791694339713292 0.38074496860118223 0.135885791735752
3 462 322 461 0.03791694339713292 0.38074496860118223 0.135885791735752
3 462 463 322 0.03791694339713292 0.38074496860118223 0.135885791735752
3 461 285 462 0.03791694339713292 0.38074496860118223 0.135885791735752
3 646 647 524 0.03791694339713292 0.38074496860118223 0.135885791735752
3 577 647 646 0.03791694339713292 0.38074496860118223 0.135885791735752
3 512 577 646 0.03791694339713292 0.38074496860118223 0.135885791735752
3 646 645 512 0.03791694339713292 0.38074496860118223 0.135885791735752
3 452 645 646 0.03791694339713292 0.38074496860118223 0.135885791735752
3 619 605 591 0.03791694339713292 0.38074496860118223 0.135885791735752
3 114 113 315 0.03791694339713292 0.38074496860118223 0.135885791735752
3 315 316 114 0.03791694339713292 0.38074496860118223 0.135885791735752
3 114 316 115 0.03791694339713292 0.38074496860118223 0.135885791735752
3 114 581 113 0.03791694339713292 0.38074496860118223 0.135885791735752
3 320 321 586 0.03791694339713292 0.38074496860118223 0.135885791735752
3 586 319 320 0.03791694339713292 0.38074496860118223 0.135885791735752
3 320 319 459 0.03791694339713292 0.38074496860118223 0.135885791735752
3 68 86 69 0.03791694339713292 0.38074496860118223 0.135885791735752
3 86 87 69 0.03791694339713292 0.38074496860118223 0.135885791735752
3 513 68 69 0.03791694339713292 0.38074496860118223 0.135885791735752
3 69 87 70 0.03791694339713292 0.38074496860118223 0.135885791735752
3 514 513 69 0.03791694339713292 0.38074496860118223 0.135885791735752
3 69 70 514 0.03791694339713292 0.38074496860118223 0.135885791735752
3 134 99 133 0.03791694339713292 0.38074496860118223 0.135885791735752
3 134 203 204 0.03791694339713292 0.38074496860118223 0.135885791735752
3 204 507 134 0.03791694339713292 0.38074496860118223 0.135885791735752
3 133 202 134 0.03791694339713292 0.38074496860118223 0.135885791735752
3 202 203 134 0.03791694339713292 0.38074496860118223 0.135885791735752
3 349 275 348 0.03791694339713292 0.38074496860118223 0.135885791735752
3 349 507 350 0.03791694339713292 0.38074496860118223 0.135885791735752
3 350 641 349 0.03791694339713292 0.38074496860118223 0.135885791735752
3 349 211 275 0.03791694339713292 0.38074496860118223 0.135885791735752
3 641 211 349 0.03791694339713292 0.38074496860118223 0.135885791735752
3 140 210 275 0.03791694339713292 0.38074496860118223 0.135885791735752
3 275 211 140 0.03791694339713292 0.38074496860118223 0.135885791735752
3 445 210 140 0.03791694339713292 0.38074496860118223 0.135885791735752
3 140 211 446 0.03791694339713292 0.38074496860118223 0.135885791735752
3 140 109 445 0.03791694339713292 0.38074496860118223 0.135885791735752
3 140 446 109 0.03791694339713292 0.38074496860118223 0.135885791735752
3 139 444 138 0.03791694339713292 0.38074496860118223 0.135885791735752
3 139 639 210 0.03791694339713292 0.38074496860118223 0.135885791735752
3 139 210 445 0.03791694339713292 0.38074496860118223 0.135885791735752
3 445 444 139 0.03791694339713292 0.38074496860118223 0.135885791735752
3 107 106 443 0.03791694339713292 0.38074496860118223 0.135885791735752
3 443 444 107 0.03791694339713292 0.38074496860118223 0.135885791735752
3 138 444 443 0.03791694339713292 0.38074496860118223 0.135885791735752
3 443 106 442 0.03791694339713292 0.38074496860118223 0.135885791735752
3 137 138 443 0.03791694339713292 0.38074496860118223 0.135885791735752
3 443 442 137 0.03791694339713292 0.38074496860118223 0.135885791735752
3 108 82 107 0.03791694339713292 0.38074496860118223 0.135885791735752
3 107 444 108 0.03791694339713292 0.38074496860118223 0.135885791735752
3 108 444 445 0.03791694339713292 0.38074496860118223 0.135885791735752
3 83 82 108 0.03791694339713292 0.38074496860118223 0.135885791735752
3 445 109 108 0.03791694339713292 0.38074496860118223 0.135885791735752
3 109 83 108 0.03791694339713292 0.38074496860118223 0.135885791735752
3 449 448 643 0.03791694339713292 0.38074496860118223 0.135885791735752
3 450 360 449 0.03791694339713292 0.38074496860118223 0.135885791735752
3 449 360 359 0.03791694339713292 0.38074496860118223 0.135885791735752
3 359 448 449 0.03791694339713292 0.38074496860118223 0.135885791735752
3 449 644 450 0.03791694339713292 0.38074496860118223 0.135885791735752
3 643 644 449 0.03791694339713292 0.38074496860118223 0.135885791735752
3 281 79 280 0.03791694339713292 0.38074496860118223 0.135885791735752
3 280 75 281 0.03791694339713292 0.38074496860118223 0.135885791735752
3 281 75 518 0.03791694339713292 0.38074496860118223 0.135885791735752
3 520 284 283 0.03791694339713292 0.38074496860118223 0.135885791735752
3 521 284 520 0.03791694339713292 0.38074496860118223 0.135885791735752
3 362 521 520 0.03791694339713292 0.38074496860118223 0.135885791735752
3 517 75 516 0.03791694339713292 0.38074496860118223 0.135885791735752
3 516 515 71 0.03791694339713292 0.38074496860118223 0.135885791735752
3 516 89 517 0.03791694339713292 0.38074496860118223 0.135885791735752
3 71 89 516 0.03791694339713292 0.38074496860118223 0.135885791735752
3 278 73 74 0.03791694339713292 0.38074496860118223 0.135885791735752
3 279 278 74 0.03791694339713292 0.38074496860118223 0.135885791735752
3 74 75 279 0.03791694339713292 0.38074496860118223 0.135885791735752
3 74 516 75 0.03791694339713292 0.38074496860118223 0.135885791735752
3 74 73 515 0.03791694339713292 0.38074496860118223 0.135885791735752
3 515 516 74 0.03791694339713292 0.38074496860118223 0.135885791735752
3 437 197 438 0.03791694339713292 0.38074496860118223 0.135885791735752
3 437 436 197 0.03791694339713292 0.38074496860118223 0.135885791735752
3 259 436 260 0.03791694339713292 0.38074496860118223 0.135885791735752
3 436 437 260 0.03791694339713292 0.38074496860118223 0.135885791735752
3 497 311 312 0.03791694339713292 0.38074496860118223 0.135885791735752
3 498 497 312 0.03791694339713292 0.38074496860118223 0.135885791735752
3 312 628 498 0.03791694339713292 0.38074496860118223 0.135885791735752
3 576 499 500 0.03791694339713292 0.38074496860118223 0.135885791735752
3 631 577 500 0.03791694339713292 0.38074496860118223 0.135885791735752
3 577 576 500 0.03791694339713292 0.38074496860118223 0.135885791735752
3 500 630 631 0.03791694339713292 0.38074496860118223 0.135885791735752
3 500 499 630 0.03791694339713292 0.38074496860118223 0.135885791735752
3 630 499 629 0.03791694339713292 0.38074496860118223 0.135885791735752
3 438 630 629 0.03791694339713292 0.38074496860118223 0.135885791735752
3 498 628 629 0.03791694339713292 0.38074496860118223 0.135885791735752
3 629 499 498 0.03791694339713292 0.38074496860118223 0.135885791735752
3 628 260 629 0.03791694339713292 0.38074496860118223 0.135885791735752
3 629 437 438 0.03791694339713292 0.38074496860118223 0.135885791735752
3 629 260 437 0.03791694339713292 0.38074496860118223 0.135885791735752
3 567 201 200 0.03791694339713292 0.38074496860118223 0.135885791735752
3 131 199 200 0.03791694339713292 0.38074496860118223 0.135885791735752
3 200 199 566 0.03791694339713292 0.38074496860118223 0.135885791735752
3 566 567 200 0.03791694339713292 0.38074496860118223 0.135885791735752
3 132 98 131 0.03791694339713292 0.38074496860118223 0.135885791735752
3 131 200 132 0.03791694339713292 0.38074496860118223 0.135885791735752
3 132 200 201 0.03791694339713292 0.38074496860118223 0.135885791735752
3 132 201 133 0.03791694339713292 0.38074496860118223 0.135885791735752
3 133 99 132 0.03791694339713292 0.38074496860118223 0.135885791735752
3 99 98 132 0.03791694339713292 0.38074496860118223 0.135885791735752
3 263 264 567 0.03791694339713292 0.38074496860118223 0.135885791735752
3 263 567 566 0.03791694339713292 0.38074496860118223 0.135885791735752
3 566 262 263 0.03791694339713292 0.38074496860118223 0.135885791735752
3 263 333 334 0.03791694339713292 0.38074496860118223 0.135885791735752
3 263 262 333 0.03791694339713292 0.38074496860118223 0.135885791735752
3 334 335 263 0.03791694339713292 0.38074496860118223 0.135885791735752
3 335 264 263 0.03791694339713292 0.38074496860118223 0.135885791735752
3 503 103 102 0.03791694339713292 0.38074496860118223 0.135885791735752
3 102 103 346 0.03791694339713292 0.38074496860118223 0.135885791735752
3 102 346 345 0.03791694339713292 0.38074496860118223 0.135885791735752
3 345 101 102 0.03791694339713292 0.38074496860118223 0.135885791735752
3 102 502 503 0.03791694339713292 0.38074496860118223 0.135885791735752
3 101 502 102 0.03791694339713292 0.38074496860118223 0.135885791735752
3 234 471 470 0.03791694339713292 0.38074496860118223 0.135885791735752
3 391 300 299 0.03791694339713292 0.38074496860118223 0.135885791735752
3 391 468 469 0.03791694339713292 0.38074496860118223 0.135885791735752
3 469 470 391 0.03791694339713292 0.38074496860118223 0.135885791735752
3 467 468 390 0.03791694339713292 0.38074496860118223 0.135885791735752
3 390 391 299 0.03791694339713292 0.38074496860118223 0.135885791735752
3 468 391 390 0.03791694339713292 0.38074496860118223 0.135885791735752
3 469 468 232 0.03791694339713292 0.38074496860118223 0.135885791735752
3 232 528 529 0.03791694339713292 0.38074496860118223 0.135885791735752
3 231 467 230 0.03791694339713292 0.38074496860118223 0.135885791735752
3 231 468 467 0.03791694339713292 0.38074496860118223 0.135885791735752
3 230 527 231 0.03791694339713292 0.38074496860118223 0.135885791735752
3 231 232 468 0.03791694339713292 0.38074496860118223 0.135885791735752
3 527 528 231 0.03791694339713292 0.38074496860118223 0.135885791735752
3 528 232 231 0.03791694339713292 0.38074496860118223 0.135885791735752
3 248 247 543 0.03791694339713292 0.38074496860118223 0.135885791735752
3 543 544 248 0.03791694339713292 0.38074496860118223 0.135885791735752
3 242 544 543 0.03791694339713292 0.38074496860118223 0.135885791735752
3 541 240 241 0.03791694339713292 0.38074496860118223 0.135885791735752
3 242 543 241 0.03791694339713292 0.38074496860118223 0.135885791735752
3 36 388 296 0.03791694339713292 0.38074496860118223 0.135885791735752
3 296 397 36 0.03791694339713292 0.38074496860118223 0.135885791735752
3 36 397 37 0.03791694339713292 0.38074496860118223 0.135885791735752
3 37 397 398 0.03791694339713292 0.38074496860118223 0.135885791735752
3 585 584 116 0.03791694339713292 0.38074496860118223 0.135885791735752
3 583 115 116 0.03791694339713292 0.38074496860118223 0.135885791735752
3 116 584 583 0.03791694339713292 0.38074496860118223 0.135885791735752
3 116 319 585 0.03791694339713292 0.38074496860118223 0.135885791735752
3 318 319 116 0.03791694339713292 0.38074496860118223 0.135885791735752
3 486 550 487 0.03791694339713292 0.38074496860118223 0.135885791735752
3 550 488 487 0.03791694339713292 0.38074496860118223 0.135885791735752
3 44 43 408 0.03791694339713292 0.38074496860118223 0.135885791735752
3 371 331 370 0.03791694339713292 0.38074496860118223 0.135885791735752
3 372 331 371 0.03791694339713292 0.38074496860118223 0.135885791735752
3 370 218 371 0.03791694339713292 0.38074496860118223 0.135885791735752
3 220 372 371 0.03791694339713292 0.38074496860118223 0.135885791735752
3 292 329 293 0.03791694339713292 0.38074496860118223 0.135885791735752
3 293 294 228 0.03791694339713292 0.38074496860118223 0.135885791735752
3 228 292 293 0.03791694339713292 0.38074496860118223 0.135885791735752
3 370 331 330 0.03791694339713292 0.38074496860118223 0.135885791735752
3 330 293 329 0.03791694339713292 0.38074496860118223 0.135885791735752
3 330 331 294 0.03791694339713292 0.38074496860118223 0.135885791735752
3 294 293 330 0.03791694339713292 0.38074496860118223 0.135885791735752
3 369 329 368 0.03791694339713292 0.38074496860118223 0.135885791735752
3 217 370 369 0.03791694339713292 0.38074496860118223 0.135885791735752
3 370 330 369 0.03791694339713292 0.38074496860118223 0.135885791735752
3 369 330 329 0.03791694339713292 0.38074496860118223 0.135885791735752
3 216 217 369 0.03791694339713292 0.38074496860118223 0.135885791735752
3 369 368 216 0.03791694339713292 0.38074496860118223 0.135885791735752
3 480 481 165 0.03791694339713292 0.38074496860118223 0.135885791735752
3 243 302 404 0.03791694339713292 0.38074496860118223 0.135885791735752
3 549 550 486 0.03791694339713292 0.38074496860118223 0.135885791735752
3 549 476 550 0.03791694339713292 0.38074496860118223 0.135885791735752
3 407 476 549 0.03791694339713292 0.38074496860118223 0.135885791735752
3 536 384 385 0.03791694339713292 0.38074496860118223 0.135885791735752
3 385 476 536 0.03791694339713292 0.38074496860118223 0.135885791735752
3 536 535 384 0.03791694339713292 0.38074496860118223 0.135885791735752
3 536 476 407 0.03791694339713292 0.38074496860118223 0.135885791735752
3 626 258 259 0.03791694339713292 0.38074496860118223 0.135885791735752
3 626 311 625 0.03791694339713292 0.38074496860118223 0.135885791735752
3 625 257 626 0.03791694339713292 0.38074496860118223 0.135885791735752
3 257 258 626 0.03791694339713292 0.38074496860118223 0.135885791735752
3 431 50 191 0.03791694339713292 0.38074496860118223 0.135885791735752
3 191 50 49 0.03791694339713292 0.38074496860118223 0.135885791735752
3 555 556 195 0.03791694339713292 0.38074496860118223 0.135885791735752
3 195 194 555 0.03791694339713292 0.38074496860118223 0.135885791735752
3 555 194 554 0.03791694339713292 0.38074496860118223 0.135885791735752
3 555 187 556 0.03791694339713292 0.38074496860118223 0.135885791735752
3 554 186 555 0.03791694339713292 0.38074496860118223 0.135885791735752
3 186 187 555 0.03791694339713292 0.38074496860118223 0.135885791735752
3 433 258 257 0.03791694339713292 0.38074496860118223 0.135885791735752
3 552 553 192 0.03791694339713292 0.38074496860118223 0.135885791735752
3 552 191 49 0.03791694339713292 0.38074496860118223 0.135885791735752
3 192 191 552 0.03791694339713292 0.38074496860118223 0.135885791735752
3 552 49 48 0.03791694339713292 0.38074496860118223 0.135885791735752
3 554 194 193 0.03791694339713292 0.38074496860118223 0.135885791735752
3 193 553 554 0.03791694339713292 0.38074496860118223 0.135885791735752
3 192 553 193 0.03791694339713292 0.38074496860118223 0.135885791735752
3 193 433 192 0.03791694339713292 0.38074496860118223 0.135885791735752
3 194 433 193 0.03791694339713292 0.38074496860118223 0.135885791735752
3 184 552 48 0.03791694339713292 0.38074496860118223 0.135885791735752
3 553 552 184 0.03791694339713292 0.38074496860118223 0.135885791735752
3 185 186 554 0.03791694339713292 0.38074496860118223 0.135885791735752
3 554 553 185 0.03791694339713292 0.38074496860118223 0.135885791735752
3 553 184 185 0.03791694339713292 0.38074496860118223 0.135885791735752
3 185 184 420 0.03791694339713292 0.38074496860118223 0.135885791735752
3 420 421 185 0.03791694339713292 0.38074496860118223 0.135885791735752
3 185 421 186 0.03791694339713292 0.38074496860118223 0.135885791735752
3 169 414 413 0.03791694339713292 0.38074496860118223 0.135885791735752
3 169 484 414 0.03791694339713292 0.38074496860118223 0.135885791735752
3 419 178 420 0.03791694339713292 0.38074496860118223 0.135885791735752
3 420 184 419 0.03791694339713292 0.38074496860118223 0.135885791735752
3 48 47 419 0.03791694339713292 0.38074496860118223 0.135885791735752
3 419 184 48 0.03791694339713292 0.38074496860118223 0.135885791735752
3 179 178 609 0.03791694339713292 0.38074496860118223 0.135885791735752
3 178 608 609 0.03791694339713292 0.38074496860118223 0.135885791735752
3 177 608 178 0.03791694339713292 0.38074496860118223 0.135885791735752
3 177 47 46 0.03791694339713292 0.38074496860118223 0.135885791735752
3 177 419 47 0.03791694339713292 0.38074496860118223 0.135885791735752
3 178 419 177 0.03791694339713292 0.38074496860118223 0.135885791735752
3 180 421 179 0.03791694339713292 0.38074496860118223 0.135885791735752
3 179 609 180 0.03791694339713292 0.38074496860118223 0.135885791735752
3 181 422 180 0.03791694339713292 0.38074496860118223 0.135885791735752
3 422 421 180 0.03791694339713292 0.38074496860118223 0.135885791735752
3 190 189 425 0.03791694339713292 0.38074496860118223 0.135885791735752
3 425 426 190 0.03791694339713292 0.38074496860118223 0.135885791735752
3 561 560 428 0.03791694339713292 0.38074496860118223 0.135885791735752
3 561 429 562 0.03791694339713292 0.38074496860118223 0.135885791735752
3 428 429 561 0.03791694339713292 0.38074496860118223 0.135885791735752
3 562 440 561 0.03791694339713292 0.38074496860118223 0.135885791735752
3 440 439 561 0.03791694339713292 0.38074496860118223 0.135885791735752
3 439 560 561 0.03791694339713292 0.38074496860118223 0.135885791735752
3 190 426 427 0.03791694339713292 0.38074496860118223 0.135885791735752
3 427 560 190 0.03791694339713292 0.38074496860118223 0.135885791735752
3 428 560 427 0.03791694339713292 0.38074496860118223 0.135885791735752
3 197 557 558 0.03791694339713292 0.38074496860118223 0.135885791735752
3 557 189 558 0.03791694339713292 0.38074496860118223 0.135885791735752
3 558 189 190 0.03791694339713292 0.38074496860118223 0.135885791735752
3 438 197 559 0.03791694339713292 0.38074496860118223 0.135885791735752
3 559 560 438 0.03791694339713292 0.38074496860118223 0.135885791735752
3 197 558 559 0.03791694339713292 0.38074496860118223 0.135885791735752
3 190 560 559 0.03791694339713292 0.38074496860118223 0.135885791735752
3 559 558 190 0.03791694339713292 0.38074496860118223 0.135885791735752
3 111 313 112 0.03791694339713292 0.38074496860118223 0.135885791735752
3 111 16 313 0.03791694339713292 0.38074496860118223 0.135885791735752
3 17 16 111 0.03791694339713292 0.38074496860118223 0.135885791735752
3 111 579 17 0.03791694339713292 0.38074496860118223 0.135885791735752
3 111 112 580 0.03791694339713292 0.38074496860118223 0.135885791735752
3 580 579 111 0.03791694339713292 0.38074496860118223 0.135885791735752
3 456 79 457 0.03791694339713292 0.38074496860118223 0.135885791735752
3 455 79 456 0.03791694339713292 0.38074496860118223 0.135885791735752
3 459 284 460 0.03791694339713292 0.38074496860118223 0.135885791735752
3 460 320 459 0.03791694339713292 0.38074496860118223 0.135885791735752
3 460 285 461 0.03791694339713292 0.38074496860118223 0.135885791735752
3 460 284 285 0.03791694339713292 0.38074496860118223 0.135885791735752
3 461 321 460 0.03791694339713292 0.38074496860118223 0.135885791735752
3 321 320 460 0.03791694339713292 0.38074496860118223 0.135885791735752
3 524 463 523 0.03791694339713292 0.38074496860118223 0.135885791735752
3 463 462 523 0.03791694339713292 0.38074496860118223 0.135885791735752
3 523 462 285 0.03791694339713292 0.38074496860118223 0.135885791735752
3 523 285 522 0.03791694339713292 0.38074496860118223 0.135885791735752
3 522 363 523 0.03791694339713292 0.38074496860118223 0.135885791735752
3 523 363 452 0.03791694339713292 0.38074496860118223 0.135885791735752
3 452 646 523 0.03791694339713292 0.38074496860118223 0.135885791735752
3 523 646 524 0.03791694339713292 0.38074496860118223 0.135885791735752
3 605 589 590 0.03791694339713292 0.38074496860118223 0.135885791735752
3 590 591 605 0.03791694339713292 0.38074496860118223 0.135885791735752
3 649 633 619 0.03791694339713292 0.38074496860118223 0.135885791735752
3 619 591 649 0.03791694339713292 0.38074496860118223 0.135885791735752
3 649 647 633 0.03791694339713292 0.38074496860118223 0.135885791735752
3 524 647 525 0.03791694339713292 0.38074496860118223 0.135885791735752
3 647 649 525 0.03791694339713292 0.38074496860118223 0.135885791735752
3 525 649 591 0.03791694339713292 0.38074496860118223 0.135885791735752
3 317 94 318 0.03791694339713292 0.38074496860118223 0.135885791735752
3 318 116 317 0.03791694339713292 0.38074496860118223 0.135885791735752
3 115 316 317 0.03791694339713292 0.38074496860118223 0.135885791735752
3 317 116 115 0.03791694339713292 0.38074496860118223 0.135885791735752
3 315 91 92 0.03791694339713292 0.38074496860118223 0.135885791735752
3 92 316 315 0.03791694339713292 0.38074496860118223 0.135885791735752
3 91 455 92 0.03791694339713292 0.38074496860118223 0.135885791735752
3 455 456 92 0.03791694339713292 0.38074496860118223 0.135885791735752
3 581 114 582 0.03791694339713292 0.38074496860118223 0.135885791735752
3 583 218 582 0.03791694339713292 0.38074496860118223 0.135885791735752
3 582 218 581 0.03791694339713292 0.38074496860118223 0.135885791735752
3 582 115 583 0.03791694339713292 0.38074496860118223 0.135885791735752
3 582 114 115 0.03791694339713292 0.38074496860118223 0.135885791735752
3 99 134 506 0.03791694339713292 0.38074496860118223 0.135885791735752
3 506 134 507 0.03791694339713292 0.38074496860118223 0.135885791735752
3 506 505 99 0.03791694339713292 0.38074496860118223 0.135885791735752
3 506 349 348 0.03791694339713292 0.38074496860118223 0.135885791735752
3 507 349 506 0.03791694339713292 0.38074496860118223 0.135885791735752
3 348 104 506 0.03791694339713292 0.38074496860118223 0.135885791735752
3 104 505 506 0.03791694339713292 0.38074496860118223 0.135885791735752
3 209 139 138 0.03791694339713292 0.38074496860118223 0.135885791735752
3 639 139 209 0.03791694339713292 0.38074496860118223 0.135885791735752
3 638 639 209 0.03791694339713292 0.38074496860118223 0.135885791735752
3 138 208 209 0.03791694339713292 0.38074496860118223 0.135885791735752
3 209 208 638 0.03791694339713292 0.38074496860118223 0.135885791735752
3 283 458 282 0.03791694339713292 0.38074496860118223 0.135885791735752
3 458 457 282 0.03791694339713292 0.38074496860118223 0.135885791735752
3 457 79 282 0.03791694339713292 0.38074496860118223 0.135885791735752
3 79 281 282 0.03791694339713292 0.38074496860118223 0.135885791735752
3 519 518 360 0.03791694339713292 0.38074496860118223 0.135885791735752
3 519 281 518 0.03791694339713292 0.38074496860118223 0.135885791735752
3 519 282 281 0.03791694339713292 0.38074496860118223 0.135885791735752
3 519 520 283 0.03791694339713292 0.38074496860118223 0.135885791735752
3 283 282 519 0.03791694339713292 0.38074496860118223 0.135885791735752
3 392 470 471 0.03791694339713292 0.38074496860118223 0.135885791735752
3 300 391 392 0.03791694339713292 0.38074496860118223 0.135885791735752
3 392 391 470 0.03791694339713292 0.38074496860118223 0.135885791735752
3 540 240 541 0.03791694339713292 0.38074496860118223 0.135885791735752
3 39 539 540 0.03791694339713292 0.38074496860118223 0.135885791735752
3 233 470 469 0.03791694339713292 0.38074496860118223 0.135885791735752
3 469 232 233 0.03791694339713292 0.38074496860118223 0.135885791735752
3 233 232 529 0.03791694339713292 0.38074496860118223 0.135885791735752
3 529 530 233 0.03791694339713292 0.38074496860118223 0.135885791735752
3 233 530 234 0.03791694339713292 0.38074496860118223 0.135885791735752
3 234 470 233 0.03791694339713292 0.38074496860118223 0.135885791735752
3 541 241 542 0.03791694339713292 0.38074496860118223 0.135885791735752
3 542 543 247 0.03791694339713292 0.38074496860118223 0.135885791735752
3 542 241 543 0.03791694339713292 0.38074496860118223 0.135885791735752
3 401 241 240 0.03791694339713292 0.38074496860118223 0.135885791735752
3 299 300 401 0.03791694339713292 0.38074496860118223 0.135885791735752
3 389 296 388 0.03791694339713292 0.38074496860118223 0.135885791735752
3 388 466 389 0.03791694339713292 0.38074496860118223 0.135885791735752
3 466 467 389 0.03791694339713292 0.38074496860118223 0.135885791735752
3 467 390 389 0.03791694339713292 0.38074496860118223 0.135885791735752
3 239 539 238 0.03791694339713292 0.38074496860118223 0.135885791735752
3 239 540 539 0.03791694339713292 0.38074496860118223 0.135885791735752
3 240 540 239 0.03791694339713292 0.38074496860118223 0.135885791735752
3 239 401 240 0.03791694339713292 0.38074496860118223 0.135885791735752
3 237 37 398 0.03791694339713292 0.38074496860118223 0.135885791735752
3 398 399 237 0.03791694339713292 0.38074496860118223 0.135885791735752
3 237 399 238 0.03791694339713292 0.38074496860118223 0.135885791735752
3 541 542 246 0.03791694339713292 0.38074496860118223 0.135885791735752
3 246 542 247 0.03791694339713292 0.38074496860118223 0.135885791735752
3 42 478 163 0.03791694339713292 0.38074496860118223 0.135885791735752
3 163 43 42 0.03791694339713292 0.38074496860118223 0.135885791735752
3 486 487 416 0.03791694339713292 0.38074496860118223 0.135885791735752
3 416 415 486 0.03791694339713292 0.38074496860118223 0.135885791735752
3 616 428 615 0.03791694339713292 0.38074496860118223 0.135885791735752
3 428 427 615 0.03791694339713292 0.38074496860118223 0.135885791735752
3 407 549 548 0.03791694339713292 0.38074496860118223 0.135885791735752
3 407 548 396 0.03791694339713292 0.38074496860118223 0.135885791735752
3 396 548 406 0.03791694339713292 0.38074496860118223 0.135885791735752
3 220 371 219 0.03791694339713292 0.38074496860118223 0.135885791735752
3 219 371 218 0.03791694339713292 0.38074496860118223 0.135885791735752
3 219 218 583 0.03791694339713292 0.38074496860118223 0.135885791735752
3 583 584 219 0.03791694339713292 0.38074496860118223 0.135885791735752
3 219 584 220 0.03791694339713292 0.38074496860118223 0.135885791735752
3 164 480 165 0.03791694339713292 0.38074496860118223 0.135885791735752
3 165 408 164 0.03791694339713292 0.38074496860118223 0.135885791735752
3 164 43 163 0.03791694339713292 0.38074496860118223 0.135885791735752
3 164 408 43 0.03791694339713292 0.38074496860118223 0.135885791735752
3 394 472 236 0.03791694339713292 0.38074496860118223 0.135885791735752
3 302 472 394 0.03791694339713292 0.38074496860118223 0.135885791735752
3 394 404 302 0.03791694339713292 0.38074496860118223 0.135885791735752
3 161 251 162 0.03791694339713292 0.38074496860118223 0.135885791735752
3 162 482 161 0.03791694339713292 0.38074496860118223 0.135885791735752
3 161 482 481 0.03791694339713292 0.38074496860118223 0.135885791735752
3 161 480 160 0.03791694339713292 0.38074496860118223 0.135885791735752
3 481 480 161 0.03791694339713292 0.38074496860118223 0.135885791735752
3 475 536 407 0.03791694339713292 0.38074496860118223 0.135885791735752
3 535 536 475 0.03791694339713292 0.38074496860118223 0.135885791735752
3 407 396 475 0.03791694339713292 0.38074496860118223 0.135885791735752
3 475 396 535 0.03791694339713292 0.38074496860118223 0.135885791735752
3 627 626 259 0.03791694339713292 0.38074496860118223 0.135885791735752
3 628 312 627 0.03791694339713292 0.38074496860118223 0.135885791735752
3 627 312 311 0.03791694339713292 0.38074496860118223 0.135885791735752
3 311 626 627 0.03791694339713292 0.38074496860118223 0.135885791735752
3 259 260 627 0.03791694339713292 0.38074496860118223 0.135885791735752
3 627 260 628 0.03791694339713292 0.38074496860118223 0.135885791735752
3 257 256 432 0.03791694339713292 0.38074496860118223 0.135885791735752
3 432 433 257 0.03791694339713292 0.38074496860118223 0.135885791735752
3 432 256 431 0.03791694339713292 0.38074496860118223 0.135885791735752
3 192 433 432 0.03791694339713292 0.38074496860118223 0.135885791735752
3 431 191 432 0.03791694339713292 0.38074496860118223 0.135885791735752
3 432 191 192 0.03791694339713292 0.38074496860118223 0.135885791735752
3 258 433 434 0.03791694339713292 0.38074496860118223 0.135885791735752
3 434 194 195 0.03791694339713292 0.38074496860118223 0.135885791735752
3 434 433 194 0.03791694339713292 0.38074496860118223 0.135885791735752
3 168 169 413 0.03791694339713292 0.38074496860118223 0.135885791735752
3 170 45 44 0.03791694339713292 0.38074496860118223 0.135885791735752
3 409 408 165 0.03791694339713292 0.38074496860118223 0.135885791735752
3 410 170 409 0.03791694339713292 0.38074496860118223 0.135885791735752
3 44 408 409 0.03791694339713292 0.38074496860118223 0.135885791735752
3 409 170 44 0.03791694339713292 0.38074496860118223 0.135885791735752
3 606 172 607 0.03791694339713292 0.38074496860118223 0.135885791735752
3 608 177 607 0.03791694339713292 0.38074496860118223 0.135885791735752
3 46 606 607 0.03791694339713292 0.38074496860118223 0.135885791735752
3 607 177 46 0.03791694339713292 0.38074496860118223 0.135885791735752
3 412 172 411 0.03791694339713292 0.38074496860118223 0.135885791735752
3 412 168 413 0.03791694339713292 0.38074496860118223 0.135885791735752
3 411 168 412 0.03791694339713292 0.38074496860118223 0.135885791735752
3 173 412 413 0.03791694339713292 0.38074496860118223 0.135885791735752
3 172 412 173 0.03791694339713292 0.38074496860118223 0.135885791735752
3 608 607 173 0.03791694339713292 0.38074496860118223 0.135885791735752
3 173 607 172 0.03791694339713292 0.38074496860118223 0.135885791735752
3 413 414 175 0.03791694339713292 0.38074496860118223 0.135885791735752
3 610 180 609 0.03791694339713292 0.38074496860118223 0.135885791735752
3 610 175 611 0.03791694339713292 0.38074496860118223 0.135885791735752
3 609 175 610 0.03791694339713292 0.38074496860118223 0.135885791735752
3 610 611 181 0.03791694339713292 0.38074496860118223 0.135885791735752
3 181 180 610 0.03791694339713292 0.38074496860118223 0.135885791735752
3 424 189 188 0.03791694339713292 0.38074496860118223 0.135885791735752
3 424 425 189 0.03791694339713292 0.38074496860118223 0.135885791735752
3 591 590 464 0.03791694339713292 0.38074496860118223 0.135885791735752
3 464 525 591 0.03791694339713292 0.38074496860118223 0.135885791735752
3 589 463 464 0.03791694339713292 0.38074496860118223 0.135885791735752
3 464 590 589 0.03791694339713292 0.38074496860118223 0.135885791735752
3 464 463 524 0.03791694339713292 0.38074496860118223 0.135885791735752
3 524 525 464 0.03791694339713292 0.38074496860118223 0.135885791735752
3 316 92 93 0.03791694339713292 0.38074496860118223 0.135885791735752
3 94 317 93 0.03791694339713292 0.38074496860118223 0.135885791735752
3 93 317 316 0.03791694339713292 0.38074496860118223 0.135885791735752
3 93 92 456 0.03791694339713292 0.38074496860118223 0.135885791735752
3 457 94 93 0.03791694339713292 0.38074496860118223 0.135885791735752
3 93 456 457 0.03791694339713292 0.38074496860118223 0.135885791735752
3 361 519 360 0.03791694339713292 0.38074496860118223 0.135885791735752
3 520 519 361 0.03791694339713292 0.38074496860118223 0.135885791735752
3 362 520 361 0.03791694339713292 0.38074496860118223 0.135885791735752
3 361 360 450 0.03791694339713292 0.38074496860118223 0.135885791735752
3 450 451 361 0.03791694339713292 0.38074496860118223 0.135885791735752
3 451 362 361 0.03791694339713292 0.38074496860118223 0.135885791735752
3 301 471 393 0.03791694339713292 0.38074496860118223 0.135885791735752
3 301 392 471 0.03791694339713292 0.38074496860118223 0.135885791735752
3 393 403 301 0.03791694339713292 0.38074496860118223 0.135885791735752
3 301 403 242 0.03791694339713292 0.38074496860118223 0.135885791735752
3 245 40 39 0.03791694339713292 0.38074496860118223 0.135885791735752
3 39 540 245 0.03791694339713292 0.38074496860118223 0.135885791735752
3 245 246 40 0.03791694339713292 0.38074496860118223 0.135885791735752
3 245 540 541 0.03791694339713292 0.38074496860118223 0.135885791735752
3 541 246 245 0.03791694339713292 0.38074496860118223 0.135885791735752
3 402 401 300 0.03791694339713292 0.38074496860118223 0.135885791735752
3 241 401 402 0.03791694339713292 0.38074496860118223 0.135885791735752
3 300 392 402 0.03791694339713292 0.38074496860118223 0.135885791735752
3 392 301 402 0.03791694339713292 0.38074496860118223 0.135885791735752
3 242 241 402 0.03791694339713292 0.38074496860118223 0.135885791735752
3 402 301 242 0.03791694339713292 0.38074496860118223 0.135885791735752
3 397 296 297 0.03791694339713292 0.38074496860118223 0.135885791735752
3 296 389 297 0.03791694339713292 0.38074496860118223 0.135885791735752
3 398 397 297 0.03791694339713292 0.38074496860118223 0.135885791735752
3 297 389 390 0.03791694339713292 0.38074496860118223 0.135885791735752
3 298 399 398 0.03791694339713292 0.38074496860118223 0.135885791735752
3 398 297 298 0.03791694339713292 0.38074496860118223 0.135885791735752
3 298 297 390 0.03791694339713292 0.38074496860118223 0.135885791735752
3 298 390 299 0.03791694339713292 0.38074496860118223 0.135885791735752
3 299 399 298 0.03791694339713292 0.38074496860118223 0.135885791735752
3 400 239 238 0.03791694339713292 0.38074496860118223 0.135885791735752
3 400 399 299 0.03791694339713292 0.38074496860118223 0.135885791735752
3 238 399 400 0.03791694339713292 0.38074496860118223 0.135885791735752
3 299 401 400 0.03791694339713292 0.38074496860118223 0.135885791735752
3 401 239 400 0.03791694339713292 0.38074496860118223 0.135885791735752
3 157 247 248 0.03791694339713292 0.38074496860118223 0.135885791735752
3 248 158 157 0.03791694339713292 0.38074496860118223 0.135885791735752
3 37 237 38 0.03791694339713292 0.38074496860118223 0.135885791735752
3 38 539 39 0.03791694339713292 0.38074496860118223 0.135885791735752
3 238 539 38 0.03791694339713292 0.38074496860118223 0.135885791735752
3 38 237 238 0.03791694339713292 0.38074496860118223 0.135885791735752
3 612 416 613 0.03791694339713292 0.38074496860118223 0.135885791735752
3 418 488 616 0.03791694339713292 0.38074496860118223 0.135885791735752
3 616 615 418 0.03791694339713292 0.38074496860118223 0.135885791735752
3 418 487 488 0.03791694339713292 0.38074496860118223 0.135885791735752
3 614 427 426 0.03791694339713292 0.38074496860118223 0.135885791735752
3 614 615 427 0.03791694339713292 0.38074496860118223 0.135885791735752
3 162 251 546 0.03791694339713292 0.38074496860118223 0.135885791735752
3 546 252 162 0.03791694339713292 0.38074496860118223 0.135885791735752
3 251 244 546 0.03791694339713292 0.38074496860118223 0.135885791735752
3 484 548 485 0.03791694339713292 0.38074496860118223 0.135885791735752
3 485 548 549 0.03791694339713292 0.38074496860118223 0.135885791735752
3 485 549 486 0.03791694339713292 0.38074496860118223 0.135885791735752
3 486 415 485 0.03791694339713292 0.38074496860118223 0.135885791735752
3 414 484 485 0.03791694339713292 0.38074496860118223 0.135885791735752
3 485 415 414 0.03791694339713292 0.38074496860118223 0.135885791735752
3 406 548 547 0.03791694339713292 0.38074496860118223 0.135885791735752
3 547 546 406 0.03791694339713292 0.38074496860118223 0.135885791735752
3 252 546 547 0.03791694339713292 0.38074496860118223 0.135885791735752
3 547 548 484 0.03791694339713292 0.38074496860118223 0.135885791735752
3 474 406 395 0.03791694339713292 0.38074496860118223 0.135885791735752
3 474 396 406 0.03791694339713292 0.38074496860118223 0.135885791735752
3 534 535 474 0.03791694339713292 0.38074496860118223 0.135885791735752
3 535 396 474 0.03791694339713292 0.38074496860118223 0.135885791735752
3 481 482 166 0.03791694339713292 0.38074496860118223 0.135885791735752
3 165 481 166 0.03791694339713292 0.38074496860118223 0.135885791735752
3 166 409 165 0.03791694339713292 0.38074496860118223 0.135885791735752
3 410 409 166 0.03791694339713292 0.38074496860118223 0.135885791735752
3 480 164 479 0.03791694339713292 0.38074496860118223 0.135885791735752
3 159 160 479 0.03791694339713292 0.38074496860118223 0.135885791735752
3 160 480 479 0.03791694339713292 0.38074496860118223 0.135885791735752
3 479 478 159 0.03791694339713292 0.38074496860118223 0.135885791735752
3 163 478 479 0.03791694339713292 0.38074496860118223 0.135885791735752
3 479 164 163 0.03791694339713292 0.38074496860118223 0.135885791735752
3 473 394 236 0.03791694339713292 0.38074496860118223 0.135885791735752
3 473 236 533 0.03791694339713292 0.38074496860118223 0.135885791735752
3 473 474 395 0.03791694339713292 0.38074496860118223 0.135885791735752
3 473 533 534 0.03791694339713292 0.38074496860118223 0.135885791735752
3 534 474 473 0.03791694339713292 0.38074496860118223 0.135885791735752
3 303 244 404 0.03791694339713292 0.38074496860118223 0.135885791735752
3 303 473 395 0.03791694339713292 0.38074496860118223 0.135885791735752
3 404 394 303 0.03791694339713292 0.38074496860118223 0.135885791735752
3 394 473 303 0.03791694339713292 0.38074496860118223 0.135885791735752
3 250 161 160 0.03791694339713292 0.38074496860118223 0.135885791735752
3 251 161 250 0.03791694339713292 0.38074496860118223 0.135885791735752
3 249 544 250 0.03791694339713292 0.38074496860118223 0.135885791735752
3 159 249 250 0.03791694339713292 0.38074496860118223 0.135885791735752
3 250 160 159 0.03791694339713292 0.38074496860118223 0.135885791735752
3 259 258 435 0.03791694339713292 0.38074496860118223 0.135885791735752
3 258 434 435 0.03791694339713292 0.38074496860118223 0.135885791735752
3 435 436 259 0.03791694339713292 0.38074496860118223 0.135885791735752
3 435 434 195 0.03791694339713292 0.38074496860118223 0.135885791735752
3 195 196 435 0.03791694339713292 0.38074496860118223 0.135885791735752
3 435 196 436 0.03791694339713292 0.38074496860118223 0.135885791735752
3 483 482 162 0.03791694339713292 0.38074496860118223 0.135885791735752
3 483 168 482 0.03791694339713292 0.38074496860118223 0.135885791735752
3 162 252 483 0.03791694339713292 0.38074496860118223 0.135885791735752
3 483 547 484 0.03791694339713292 0.38074496860118223 0.135885791735752
3 252 547 483 0.03791694339713292 0.38074496860118223 0.135885791735752
3 484 169 483 0.03791694339713292 0.38074496860118223 0.135885791735752
3 169 168 483 0.03791694339713292 0.38074496860118223 0.135885791735752
3 171 172 606 0.03791694339713292 0.38074496860118223 0.135885791735752
3 606 45 171 0.03791694339713292 0.38074496860118223 0.135885791735752
3 45 170 171 0.03791694339713292 0.38074496860118223 0.135885791735752
3 171 170 410 0.03791694339713292 0.38074496860118223 0.135885791735752
3 171 410 411 0.03791694339713292 0.38074496860118223 0.135885791735752
3 411 172 171 0.03791694339713292 0.38074496860118223 0.135885791735752
3 174 175 609 0.03791694339713292 0.38074496860118223 0.135885791735752
3 174 609 608 0.03791694339713292 0.38074496860118223 0.135885791735752
3 608 173 174 0.03791694339713292 0.38074496860118223 0.135885791735752
3 174 173 413 0.03791694339713292 0.38074496860118223 0.135885791735752
3 413 175 174 0.03791694339713292 0.38074496860118223 0.135885791735752
3 423 424 188 0.03791694339713292 0.38074496860118223 0.135885791735752
3 188 187 423 0.03791694339713292 0.38074496860118223 0.135885791735752
3 423 187 422 0.03791694339713292 0.38074496860118223 0.135885791735752
3 423 422 181 0.03791694339713292 0.38074496860118223 0.135885791735752
3 477 158 478 0.03791694339713292 0.38074496860118223 0.135885791735752
3 477 157 158 0.03791694339713292 0.38074496860118223 0.135885791735752
3 41 157 477 0.03791694339713292 0.38074496860118223 0.135885791735752
3 478 42 477 0.03791694339713292 0.38074496860118223 0.135885791735752
3 42 41 477 0.03791694339713292 0.38074496860118223 0.135885791735752
3 156 41 40 0.03791694339713292 0.38074496860118223 0.135885791735752
3 156 157 41 0.03791694339713292 0.38074496860118223 0.135885791735752
3 40 246 156 0.03791694339713292 0.38074496860118223 0.135885791735752
3 156 246 247 0.03791694339713292 0.38074496860118223 0.135885791735752
3 247 157 156 0.03791694339713292 0.38074496860118223 0.135885791735752
3 415 416 176 0.03791694339713292 0.38074496860118223 0.135885791735752
3 416 612 176 0.03791694339713292 0.38074496860118223 0.135885791735752
3 176 612 611 0.03791694339713292 0.38074496860118223 0.135885791735752
3 611 175 176 0.03791694339713292 0.38074496860118223 0.135885791735752
3 414 415 176 0.03791694339713292 0.38074496860118223 0.135885791735752
3 176 175 414 0.03791694339713292 0.38074496860118223 0.135885791735752
3 183 612 613 0.03791694339713292 0.38074496860118223 0.135885791735752
3 425 424 183 0.03791694339713292 0.38074496860118223 0.135885791735752
3 613 614 183 0.03791694339713292 0.38074496860118223 0.135885791735752
3 426 425 183 0.03791694339713292 0.38074496860118223 0.135885791735752
3 183 614 426 0.03791694339713292 0.38074496860118223 0.135885791735752
3 487 418 417 0.03791694339713292 0.38074496860118223 0.135885791735752
3 417 416 487 0.03791694339713292 0.38074496860118223 0.135885791735752
3 417 418 615 0.03791694339713292 0.38074496860118223 0.135885791735752
3 615 614 417 0.03791694339713292 0.38074496860118223 0.135885791735752
3 613 416 417 0.03791694339713292 0.38074496860118223 0.135885791735752
3 417 614 613 0.03791694339713292 0.38074496860118223 0.135885791735752
3 395 406 405 0.03791694339713292 0.38074496860118223 0.135885791735752
3 406 546 405 0.03791694339713292 0.38074496860118223 0.135885791735752
3 405 546 244 0.03791694339713292 0.38074496860118223 0.135885791735752
3 405 303 395 0.03791694339713292 0.38074496860118223 0.135885791735752
3 244 303 405 0.03791694339713292 0.38074496860118223 0.135885791735752
3 167 166 482 0.03791694339713292 0.38074496860118223 0.135885791735752
3 167 168 411 0.03791694339713292 0.38074496860118223 0.135885791735752
3 482 168 167 0.03791694339713292 0.38074496860118223 0.135885791735752
3 411 410 167 0.03791694339713292 0.38074496860118223 0.135885791735752
3 410 166 167 0.03791694339713292 0.38074496860118223 0.135885791735752
3 545 244 251 0.03791694339713292 0.38074496860118223 0.135885791735752
3 251 250 545 0.03791694339713292 0.38074496860118223 0.135885791735752
3 404 244 545 0.03791694339713292 0.38074496860118223 0.135885791735752
3 243 404 545 0.03791694339713292 0.38074496860118223 0.135885791735752
3 545 544 243 0.03791694339713292 0.38074496860118223 0.135885791735752
3 545 250 544 0.03791694339713292 0.38074496860118223 0.135885791735752
3 424 423 182 0.03791694339713292 0.38074496860118223 0.135885791735752
3 182 183 424 0.03791694339713292 0.38074496860118223 0.135885791735752
3 182 423 181 0.03791694339713292 0.38074496860118223 0.135885791735752
3 612 183 182 0.03791694339713292 0.38074496860118223 0.135885791735752
3 181 611 182 0.03791694339713292 0.38074496860118223 0.135885791735752
3 611 612 182 0.03791694339713292 0.38074496860118223 0.135885791735752
