OFF
950 1767 0


26.9709 33.142 8.4787
26.9709 33.142 8.4787
27.0762 33.2192 8.5472
26.9709 33.142 8.4787
26.9709 33.142 8.4787
26.9706 33.1415 8.4782
26.9703 33.141 8.4778
26.9703 33.141 8.4778
27.0436 33.0567 8.3897
27.1085 32.9816 8.312
27.1671 32.9135 8.2424
27.2208 32.8508 8.179
27.2706 32.7923 8.1204
27.3176 32.7369 8.0654
27.3624 32.6838 8.0133
27.4056 32.6323 7.9632
27.4479 32.5818 7.9144
27.4896 32.5317 7.8665
27.5314 32.4814 7.8187
27.5737 32.4302 7.7707
27.6169 32.3777 7.7217
27.6617 32.3231 7.6713
27.7087 32.2655 7.6186
27.7586 32.2042 7.563
27.8122 32.1379 7.5035
27.8709 32.0651 7.4388
27.9359 31.9841 7.3674
28.0094 31.8921 7.2873
28.0094 31.8921 7.2873
28.1364 31.9426 7.3292
28.2529 31.9889 7.3682
28.3606 32.0319 7.405
28.461 32.0721 7.4399
28.5555 32.1099 7.4732
28.6449 32.1459 7.5054
28.7302 32.1802 7.5367
28.8121 32.2133 7.5673
28.8913 32.2453 7.5974
28.9682 32.2766 7.6272
29.0434 32.3072 7.657
29.1174 32.3374 7.6868
29.1906 32.3673 7.7169
29.2634 32.3972 7.7474
29.3362 32.4272 7.7786
29.4095 32.4575 7.8105
29.4835 32.4882 7.8435
29.5589 32.5195 7.8777
29.6359 32.5517 7.9134
29.7152 32.5849 7.9509
29.7973 32.6193 7.9905
29.8828 32.6554 8.0326
29.9725 32.6933 8.0776
30.0673 32.7335 8.126
30.168 32.7764 8.1784
30.2761 32.8225 8.2357
30.393 32.8726 8.2987
30.393 32.8726 8.2987
30.3994 32.9728 8.396
30.405 33.0469 8.4689
30.4104 33.1112 8.5328
30.4162 33.1751 8.597
30.4235 33.2481 8.6709
30.4343 33.3454 8.7708
30.4343 33.3454 8.7708
30.3482 33.4275 8.8429
30.2718 33.4988 8.9063
30.2026 33.562 8.9631
30.1388 33.6192 9.0151
30.0788 33.6719 9.0634
30.0217 33.7213 9.1092
29.9663 33.7684 9.1532
29.9117 33.814 9.1962
29.8572 33.8587 9.2389
29.8019 33.9034 9.2818
29.7449 33.9487 9.3257
29.6853 33.9952 9.3714
29.6219 34.0438 9.4195
29.5534 34.0955 9.4712
29.4778 34.1513 9.5277
29.3929 34.2127 9.5906
29.2955 34.2817 9.6622
29.2955 34.2817 9.6622
29.252 34.2915 9.6706
29.2085 34.3013 9.679
29.0919 34.2536 9.6177
28.9859 34.2095 9.562
28.8885 34.1684 9.5109
28.7981 34.1296 9.4634
28.7135 34.0927 9.4189
28.6335 34.0572 9.377
28.5574 34.0229 9.337
28.4844 33.9895 9.2987
28.4138 33.9566 9.2616
28.345 33.9241 9.2256
28.2776 33.8918 9.1902
28.211 33.8593 9.1553
28.1448 33.8265 9.1206
28.0786 33.7932 9.0859
28.0118 33.7591 9.0509
27.944 33.724 9.0154
27.8747 33.6875 8.9792
27.8034 33.6495 8.9418
27.7295 33.6094 8.9031
27.6522 33.5669 8.8627
27.5708 33.5215 8.8201
27.4843 33.4725 8.7749
27.3915 33.4193 8.7264
27.291 33.3609 8.6738
27.181 33.2962 8.6164
27.4739 32.7876 8.1033
27.6093 32.8312 8.1363
27.7283 32.8693 8.1656
27.8342 32.9029 8.1919
27.5507 32.6945 8.0123
27.6765 32.7481 8.0552
27.7874 32.7951 8.0933
27.8862 32.8367 8.1274
27.6252 32.6053 7.9266
27.7427 32.6688 7.979
27.8462 32.7245 8.0254
27.9385 32.7739 8.067
27.7006 32.5161 7.8422
27.8105 32.5901 7.9044
27.907 32.6548 7.9592
27.993 32.7122 8.0083
27.7805 32.4229 7.7555
27.8828 32.5085 7.8282
27.9723 32.5832 7.8922
28.0517 32.6491 7.9491
30.2014 33.1211 8.5143
30.0266 33.1289 8.4994
29.877 33.1352 8.487
29.7464 33.1403 8.4766
29.8694 33.6611 9.0267
29.7396 33.6094 8.9568
29.6269 33.5641 8.8964
29.5273 33.5237 8.8434
29.7726 33.7436 9.1043
29.6539 33.6831 9.0263
29.5507 33.6301 8.9588
29.4593 33.5828 8.8994
29.6748 33.8227 9.18
29.5665 33.7534 9.0936
29.4722 33.6927 9.0187
29.3888 33.6387 8.9528
29.5701 33.903 9.2581
29.4722 33.8242 9.1622
29.3872 33.7553 9.0793
29.3122 33.6942 9.0064
29.1423 34.1625 9.5167
29.0874 34.0467 9.3824
29.0408 33.9478 9.2684
29.0003 33.8614 9.1699
28.3767 33.8541 9.1477
28.4054 33.7905 9.0774
28.4316 33.7321 9.0134
28.4559 33.6782 8.9546
28.2546 33.7962 9.0852
28.2943 33.7386 9.0216
28.3308 33.6855 8.9636
28.3645 33.6363 8.91
28.1343 33.7363 9.0225
28.1851 33.6842 8.9649
28.2318 33.6362 8.9122
28.275 33.5916 8.8636
27.3914 32.8892 8.2042
27.5383 32.922 8.2262
27.6669 32.9504 8.2457
27.7809 32.9754 8.2633
27.8831 32.9976 8.2793
27.8689 32.3211 7.6623
27.9632 32.4205 7.7474
28.0452 32.5067 7.8216
28.1175 32.5823 7.8873
28.1821 32.6497 7.9462
27.9718 32.2043 7.5574
28.0569 32.3213 7.6577
28.1301 32.4216 7.7443
28.1942 32.509 7.8204
28.2511 32.5862 7.8881
28.398 32.1661 7.5201
28.4301 32.281 7.6193
28.4583 32.3809 7.7061
28.4832 32.4691 7.7832
28.5056 32.5479 7.8526
28.5692 32.2269 7.5737
28.5813 32.3287 7.6618
28.5921 32.4187 7.7401
28.6017 32.4991 7.8105
28.6105 32.5718 7.8746
28.7252 32.2836 7.6254
28.7208 32.3749 7.7043
28.7169 32.4565 7.7752
28.7134 32.5302 7.8397
28.7103 32.5974 7.8989
28.8705 32.3379 7.6765
28.852 32.4204 7.7474
28.8353 32.4948 7.8119
28.8201 32.5625 7.8709
28.8061 32.6247 7.9256
29.0087 32.3908 7.7279
28.9775 32.466 7.792
28.9492 32.5341 7.8506
28.9232 32.5965 7.9046
28.8991 32.6541 7.9548
29.1428 32.4437 7.7807
29.0996 32.5124 7.8387
29.0601 32.5751 7.8919
29.0238 32.6326 7.9411
28.9902 32.6858 7.987
29.2752 32.4973 7.8361
29.22 32.5606 7.8884
29.1696 32.6182 7.9364
29.1231 32.6712 7.9809
29.08 32.7202 8.0225
29.4085 32.553 7.8951
29.3407 32.6113 7.9419
29.2789 32.6642 7.9849
29.222 32.7128 8.0247
29.1692 32.7578 8.0619
29.545 32.6117 7.9591
29.4633 32.6654 8.0004
29.3892 32.7139 8.0382
29.3212 32.7582 8.0731
29.2583 32.799 8.1056
29.9707 33.5699 8.9421
29.8281 33.5278 8.8806
29.7048 33.4909 8.8278
29.5961 33.458 8.7816
29.4987 33.4282 8.7406
29.451 33.9895 9.3437
29.3645 33.8994 9.2362
29.2898 33.8212 9.1437
29.2242 33.7521 9.0628
29.1656 33.69 8.9908
28.7856 34.0292 9.3492
28.7748 33.9412 9.2498
28.7653 33.8629 9.162
28.7567 33.7922 9.0834
28.749 33.7277 9.0122
28.6383 33.9692 9.2779
28.6426 33.8909 9.1903
28.6466 33.8202 9.1118
28.6502 33.7557 9.0408
28.6535 33.6963 8.9758
28.5034 33.9113 9.2114
28.5206 33.8409 9.1332
28.5362 33.7768 9.0625
28.5505 33.7178 8.998
28.5638 33.6631 8.9386
28.0128 33.6729 8.958
28.0754 33.6263 8.906
28.1329 33.5833 8.8584
28.1861 33.5435 8.8147
28.2356 33.5061 8.7741
27.8872 33.6044 8.8901
27.963 33.5633 8.8435
28.0324 33.5257 8.8011
28.0963 33.4908 8.7623
28.1556 33.4583 8.7264
27.754 33.5283 8.8168
27.8454 33.4935 8.7758
27.9284 33.4617 8.7389
28.0044 33.4324 8.7053
28.0745 33.4053 8.6745
27.2983 33.0056 8.3219
27.4603 33.0258 8.3306
27.6007 33.0431 8.3385
27.7245 33.058 8.3457
27.8349 33.0711 8.3524
27.9345 33.0826 8.3587
28.2052 32.0994 7.4632
28.263 32.2306 7.576
28.3125 32.3426 7.6729
28.3556 32.4398 7.7576
28.3938 32.5254 7.8328
28.4281 32.6019 7.9004
29.6873 32.6749 8.0299
29.5895 32.7241 8.0653
29.5015 32.7682 8.0974
29.4213 32.8081 8.127
29.3475 32.8446 8.1545
29.279 32.8782 8.1803
29.8387 32.7443 8.1097
29.7214 32.7888 8.1382
29.617 32.8281 8.1639
29.523 32.8632 8.1874
29.4372 32.895 8.2091
29.358 32.9241 8.2295
30.0029 32.8222 8.2012
29.861 32.8612 8.2213
29.7369 32.895 8.2392
29.6267 32.9247 8.2555
29.5272 32.9512 8.2705
29.4365 32.9752 8.2846
30.1971 33.0645 8.4582
30.0231 33.0788 8.4497
29.874 33.0906 8.4429
29.7438 33.1006 8.4374
29.6281 33.1091 8.4329
29.5238 33.1165 8.4291
30.2101 33.2414 8.6352
30.0324 33.2354 8.606
29.8809 33.2299 8.5815
29.749 33.2247 8.5606
29.6321 33.2197 8.5425
29.5269 33.2149 8.5266
30.025 33.5189 8.8952
29.875 33.482 8.8383
29.7455 33.4498 8.7896
29.6317 33.4211 8.7471
29.53 33.3951 8.7096
29.4379 33.3712 8.6758
28.951 34.0929 9.4277
28.9212 33.9928 9.3133
28.8953 33.9053 9.2139
28.8725 33.8274 9.1263
28.852 33.7572 9.048
28.8334 33.6931 8.977
27.609 33.4418 8.7355
27.7196 33.4144 8.7009
27.8189 33.3896 8.6701
27.9089 33.3669 8.6424
27.9913 33.3459 8.6172
28.0672 33.3264 8.5943
27.4465 33.3406 8.6427
27.5819 33.3227 8.6159
27.7014 33.3066 8.5925
27.8083 33.292 8.5718
27.905 33.2786 8.5534
27.9932 33.2662 8.5368
27.2716 33.2146 8.5284
27.4378 33.2103 8.5128
27.5817 33.2064 8.4996
27.7081 33.2027 8.4883
27.8207 33.1991 8.4785
27.9222 33.1957 8.4699
28.0147 33.1924 8.4624
27.1885 33.1471 8.4677
27.3711 33.1511 8.4588
27.5274 33.1542 8.4515
27.6636 33.1566 8.4454
27.784 33.1585 8.4404
27.8917 33.16 8.4362
27.9894 33.161 8.4326
27.2459 33.0721 8.3901
27.4172 33.0849 8.3907
27.5651 33.0956 8.3916
27.6946 33.1047 8.3927
27.8097 33.1125 8.394
27.9132 33.1193 8.3954
28.0074 33.1253 8.3969
28.0981 32.063 7.4329
28.1716 32.204 7.5538
28.2339 32.323 7.6564
28.2876 32.4253 7.7454
28.3348 32.5148 7.8237
28.3769 32.5941 7.8937
28.4149 32.6654 7.9571
30.185 32.9114 8.3086
30.0111 32.9435 8.3174
29.8625 32.9705 8.3253
29.7328 32.9937 8.3327
29.6176 33.014 8.3396
29.5139 33.0319 8.3462
29.4191 33.048 8.3526
30.1463 33.3992 8.7868
29.9776 33.3751 8.7405
29.8334 33.354 8.7012
29.7075 33.3353 8.6674
29.5958 33.3183 8.6378
29.4951 33.3026 8.6114
29.4031 33.288 8.5877
29.3061 34.0884 9.4435
29.2335 33.9839 9.3208
29.1714 33.894 9.2161
29.1172 33.8152 9.1252
29.0692 33.7449 9.0447
29.026 33.6811 8.9726
28.9865 33.6226 8.9071
27.5128 32.7403 8.0569
27.6432 32.789 8.0949
27.758 32.8315 8.1287
27.8603 32.8692 8.159
27.9524 32.9029 8.1865
28.0363 32.9334 8.2118
28.1133 32.9612 8.2352
28.1847 32.9868 8.2572
28.2514 33.0105 8.2778
27.6626 32.5609 7.8845
27.7762 32.6296 7.9417
27.8762 32.6897 7.9923
27.9653 32.7431 8.0376
28.0456 32.7909 8.0787
28.1187 32.8342 8.1163
28.1859 32.8738 8.151
28.2481 32.9102 8.1834
28.3063 32.9441 8.2138
27.8233 32.3734 7.71
27.9217 32.4656 7.7886
28.0076 32.5457 7.8575
28.0835 32.6164 7.9187
28.1515 32.6793 7.9737
28.2132 32.7362 8.0238
28.2696 32.7879 8.0699
28.3217 32.8355 8.1126
28.3703 32.8795 8.1526
29.7242 33.7833 9.1422
29.6107 33.7184 9.06
29.512 33.6616 8.9889
29.4246 33.611 8.9263
29.346 33.5651 8.8703
29.2746 33.523 8.8197
29.2087 33.4839 8.7733
29.1473 33.4472 8.7304
29.0895 33.4123 8.6902
27.4337 32.837 8.1521
27.5745 32.8753 8.1798
27.698 32.9087 8.2044
27.8078 32.9382 8.2265
27.9065 32.9644 8.2466
27.9961 32.988 8.2651
28.0784 33.0094 8.2822
28.1544 33.029 8.2983
28.2254 33.0471 8.3135
28.292 33.064 8.328
28.0312 32.1375 7.4982
28.111 32.2655 7.608
28.1791 32.3744 7.702
28.2384 32.4687 7.7841
28.2907 32.5517 7.8568
28.3376 32.6256 7.9221
28.38 32.6923 7.9816
28.4189 32.7531 8.0362
28.4549 32.809 8.0869
28.4885 32.861 8.1345
28.4859 32.1971 7.5472
28.5074 32.3051 7.6406
28.5264 32.3998 7.7229
28.5434 32.484 7.7966
28.5588 32.5597 7.8633
28.5728 32.6284 7.9244
28.5858 32.6914 7.9808
28.5979 32.7498 8.0335
28.6092 32.8042 8.083
28.62 32.8554 8.1299
28.799 32.311 7.651
28.7873 32.3977 7.7257
28.7768 32.4755 7.7933
28.7673 32.5462 7.855
28.7586 32.6108 7.9119
28.7506 32.6705 7.9648
28.7432 32.726 8.0144
28.7362 32.7781 8.0613
28.7296 32.8272 8.1059
28.7234 32.8738 8.1486
29.0761 32.4172 7.7541
29.0388 32.4891 7.815
29.0049 32.5544 7.8709
28.9737 32.6143 7.9225
28.9448 32.6696 7.9705
28.9178 32.7212 8.0157
28.8925 32.7696 8.0583
28.8685 32.8153 8.099
28.8456 32.8587 8.1379
28.8237 32.9001 8.1755
29.3416 32.5248 7.865
29.2802 32.5856 7.9146
29.2242 32.6408 7.9601
29.1726 32.6916 8.0023
29.1246 32.7386 8.0417
29.0797 32.7824 8.0789
29.0374 32.8236 8.1141
28.9972 32.8626 8.1479
28.9588 32.8997 8.1803
28.9219 32.9352 8.2117
29.6152 32.6427 7.9936
29.5258 32.6941 8.032
29.445 32.7404 8.067
29.3711 32.7825 8.0993
29.3029 32.8212 8.1294
29.2393 32.8571 8.1577
29.1796 32.8905 8.1845
29.1232 32.922 8.2101
29.0693 32.9519 8.2347
29.0176 32.9804 8.2586
29.8208 33.7031 9.066
29.6967 33.647 8.9921
29.5888 33.5978 8.9282
29.4934 33.5539 8.8719
29.4076 33.5141 8.8217
29.3296 33.4776 8.7764
29.2577 33.4436 8.7348
29.1906 33.4116 8.6964
29.1275 33.3812 8.6605
29.0675 33.352 8.6267
29.513 33.9451 9.2996
29.4205 33.861 9.1982
29.3405 33.7876 9.1108
29.27 33.7227 9.0341
29.2069 33.6641 8.9657
29.1497 33.6107 8.904
29.0971 33.5613 8.8476
29.0483 33.515 8.7954
29.0024 33.4713 8.7467
28.959 33.4295 8.7008
29.0428 34.1268 9.4707
29.0014 34.0194 9.347
28.9659 33.9265 9.2408
28.9347 33.8446 9.148
28.907 33.7713 9.0656
28.882 33.7047 8.9915
28.8591 33.6435 8.924
28.838 33.5865 8.8617
28.8183 33.5329 8.8038
28.7998 33.4819 8.7493
28.7101 33.9989 9.3128
28.7072 33.9159 9.2197
28.7047 33.8416 9.1368
28.7024 33.7741 9.0621
28.7004 33.7122 8.9941
28.6986 33.6548 8.9315
28.697 33.6011 8.8735
28.6955 33.5504 8.8192
28.6941 33.5022 8.768
28.6928 33.456 8.7194
28.4393 33.8827 9.1793
28.4623 33.8158 9.1052
28.4833 33.7547 9.038
28.5027 33.6982 8.9764
28.5207 33.6457 8.9195
28.5375 33.5965 8.8666
28.5534 33.55 8.817
28.5685 33.5057 8.7702
28.5829 33.4633 8.7257
28.5968 33.4225 8.6832
28.1944 33.7666 9.054
28.2396 33.7118 8.9935
28.2812 33.6613 8.9381
28.3196 33.6144 8.8871
28.3555 33.5705 8.8397
28.3893 33.5291 8.7954
28.4211 33.4899 8.7538
28.4515 33.4524 8.7144
28.4805 33.4165 8.6769
28.5084 33.3819 8.641
27.9507 33.6394 8.9246
28.0197 33.5955 8.8753
28.083 33.5552 8.8303
28.1414 33.5177 8.789
28.1957 33.4828 8.7507
28.2466 33.4499 8.7151
28.2946 33.4188 8.6817
28.3401 33.3891 8.6502
28.3834 33.3607 8.6203
28.425 33.3334 8.5919
27.6833 33.4866 8.7774
27.7838 33.4553 8.7394
27.8745 33.4268 8.7054
27.9572 33.4007 8.6747
28.0332 33.3765 8.6466
28.1036 33.3539 8.6208
28.1694 33.3326 8.5969
28.2311 33.3125 8.5746
28.2896 33.2934 8.5538
28.3451 33.275 8.5341
29.9189 32.782 8.1538
29.7901 32.8239 8.1783
29.6764 32.8605 8.2003
29.5745 32.8931 8.2204
29.4822 32.9224 8.2389
29.3974 32.949 8.2563
29.3187 32.9734 8.2726
29.245 32.9961 8.2882
29.1753 33.0173 8.3033
29.1089 33.0373 8.3179
29.045 33.0563 8.3322
30.192 32.9993 8.3941
30.0184 33.0211 8.393
29.8697 33.0393 8.3925
29.7398 33.0549 8.3925
29.6244 33.0684 8.3928
29.5204 33.0803 8.3935
29.4252 33.0908 8.3945
29.3371 33.1003 8.3958
29.2546 33.1089 8.3973
29.1766 33.1167 8.399
29.102 33.1239 8.401
30.216 33.3266 8.722
30.0352 33.3106 8.6821
29.8817 33.2965 8.6486
29.7485 33.2839 8.6201
29.6309 33.2725 8.5952
29.5252 33.2618 8.5733
29.4289 33.2517 8.5536
29.3401 33.2421 8.5358
29.2571 33.2328 8.5196
29.1786 33.2237 8.5045
29.1038 33.2148 8.4905
29.2184 34.1453 9.5019
29.1545 34.0316 9.3693
29.1002 33.9345 9.2569
29.0531 33.8498 9.1597
29.0115 33.7746 9.0742
28.9743 33.7067 8.9978
28.9404 33.6446 8.9286
28.9093 33.5871 8.8652
28.8803 33.5332 8.8064
28.853 33.4821 8.7513
28.8271 33.4332 8.6991
27.3562 33.2826 8.5904
27.507 33.2707 8.5684
27.6388 33.26 8.5495
27.7556 33.2503 8.5329
27.8604 33.2414 8.5184
27.9555 33.2331 8.5054
28.0426 33.2253 8.4938
28.1231 33.2179 8.4833
28.1982 33.2107 8.4737
28.2687 33.2039 8.4649
28.3353 33.1972 8.4568
27.7398 32.4702 7.7994
27.8459 32.5499 7.8667
27.9389 32.6194 7.926
28.0216 32.6809 7.9789
28.096 32.736 8.0267
28.1636 32.7858 8.0704
28.2256 32.8313 8.1107
28.283 32.8732 8.1482
28.3366 32.9121 8.1834
28.3869 32.9484 8.2166
28.4346 32.9826 8.2483
28.4801 33.015 8.2786
29.9191 33.617 8.9856
29.7832 33.57 8.9198
29.6654 33.5287 8.8631
29.5614 33.492 8.8135
29.4681 33.4586 8.7693
29.3833 33.428 8.7294
29.3053 33.3995 8.693
29.2326 33.3727 8.6594
29.1642 33.3472 8.6281
29.0992 33.3226 8.5986
29.0368 33.2988 8.5706
28.9765 33.2754 8.5437
27.3465 32.9451 8.2604
27.5004 32.9719 8.2762
27.6346 32.995 8.2902
27.7532 33.0151 8.3028
27.8593 33.033 8.3144
27.9554 33.0488 8.3251
28.0432 33.0632 8.3351
28.1242 33.0762 8.3446
28.1996 33.0881 8.3536
28.2702 33.099 8.3623
28.337 33.1092 8.3707
28.4004 33.1187 8.3789
28.4611 33.1276 8.3869
28.6488 32.2556 7.5997
28.6523 32.352 7.683
28.6554 32.4376 7.7574
28.6583 32.5145 7.8248
28.661 32.5844 7.8865
28.6635 32.6485 7.9434
28.6658 32.7077 7.9964
28.668 32.7629 8.0462
28.6701 32.8147 8.0933
28.6722 32.8636 8.1382
28.6742 32.9102 8.1813
28.6761 32.9548 8.2229
28.678 32.9978 8.2634
29.209 32.4703 7.808
29.1599 32.5363 7.8631
29.115 32.5963 7.9137
29.0736 32.6515 7.9606
29.0352 32.7026 8.0043
28.9992 32.7503 8.0455
28.9653 32.7951 8.0846
28.9332 32.8375 8.1219
28.9025 32.8779 8.1577
28.873 32.9165 8.1923
28.8446 32.9536 8.226
28.8169 32.9896 8.2589
28.7899 33.0246 8.2912
29.3827 34.0369 9.3912
29.3027 33.9401 9.2768
29.234 33.8565 9.1787
29.1737 33.7828 9.093
29.1201 33.7168 9.0171
29.0716 33.6568 8.9488
29.0273 33.6015 8.8865
28.9863 33.55 8.8292
28.9479 33.5015 8.7757
28.9117 33.4553 8.7255
28.877 33.4109 8.6777
28.8437 33.3678 8.632
28.8113 33.3256 8.5877
28.5696 33.9401 9.2442
28.5806 33.8659 9.1615
28.5905 33.7986 9.0871
28.5996 33.737 9.0194
28.608 33.6799 8.9573
28.6159 33.6267 8.8997
28.6234 33.5766 8.846
28.6304 33.5291 8.7955
28.6371 33.4837 8.7476
28.6436 33.4401 8.702
28.6499 33.3979 8.6583
28.656 33.3567 8.616
28.662 33.3164 8.575
28.0739 33.7051 8.9906
28.1304 33.6558 8.9358
28.1824 33.6103 8.8857
28.2306 33.568 8.8395
28.2755 33.5285 8.7967
28.3176 33.4912 8.7567
28.3575 33.4559 8.719
28.3953 33.4222 8.6835
28.4315 33.3899 8.6497
28.4662 33.3587 8.6174
28.4997 33.3285 8.5864
28.5322 33.2991 8.5566
28.5639 33.2703 8.5276
27.5303 33.3934 8.6908
27.6525 33.3704 8.6599
27.7613 33.3496 8.6325
27.8594 33.3307 8.6082
27.9486 33.3134 8.5862
28.0305 33.2972 8.5663
28.1063 33.2821 8.5481
28.177 33.2678 8.5313
28.2435 33.2542 8.5157
28.3064 33.2412 8.5011
28.3663 33.2287 8.4875
28.4236 33.2165 8.4746
28.4789 33.2047 8.4623
28.3048 32.1337 7.4922
28.3489 32.2562 7.5978
28.3871 32.3618 7.6894
28.4207 32.4543 7.7702
28.4507 32.5365 7.8424
28.4777 32.6103 7.9078
28.5025 32.6773 7.9677
28.5253 32.7388 8.0231
28.5465 32.7958 8.0749
28.5665 32.849 8.1236
28.5854 32.899 8.1699
28.6034 32.9465 8.2142
28.6207 32.9918 8.257
28.6375 33.0354 8.2984
29.7617 32.7087 8.0685
29.6546 32.7556 8.1006
29.5588 32.7973 8.1297
29.4719 32.8349 8.1563
29.3923 32.8691 8.181
29.3186 32.9006 8.2042
29.2497 32.9298 8.2261
29.1848 32.9571 8.247
29.1231 32.9828 8.2671
29.064 33.0073 8.2866
29.007 33.0307 8.3057
28.9517 33.0532 8.3245
28.8975 33.0751 8.3431
28.8442 33.0964 8.3616
30.2055 33.1773 8.5706
30.0296 33.1787 8.5491
29.8792 33.1795 8.5311
29.7481 33.1798 8.5159
29.6317 33.1798 8.5027
29.5268 33.1794 8.4912
29.431 33.1787 8.4811
29.3423 33.1777 8.4721
29.2593 33.1765 8.4639
29.1807 33.1751 8.4565
29.1056 33.1735 8.4498
29.0331 33.1717 8.4436
28.9625 33.1696 8.4378
28.8931 33.1673 8.4324
27.588 32.6496 7.9691
27.7096 32.7082 8.0167
27.8167 32.7595 8.059
27.9122 32.8051 8.0969
27.9983 32.8459 8.1313
28.0767 32.8828 8.1628
28.1489 32.9166 8.1921
28.2157 32.9477 8.2193
28.2782 32.9765 8.245
28.3369 33.0035 8.2693
28.3926 33.0288 8.2926
28.4457 33.0528 8.3149
28.4966 33.0757 8.3365
28.5457 33.0976 8.3575
28.5934 33.1186 8.378
28.9403 32.3644 7.7021
28.9153 32.4431 7.7695
28.8927 32.5143 7.8309
28.872 32.5793 7.8874
28.8529 32.6391 7.9398
28.8352 32.6947 7.9889
28.8186 32.7466 8.035
28.8029 32.7955 8.0789
28.788 32.8418 8.1207
28.7739 32.886 8.1609
28.7602 32.9283 8.1998
28.7471 32.9691 8.2377
28.7343 33.0086 8.2746
28.7218 33.0472 8.311
28.7096 33.0849 8.3469
30.0913 32.8651 8.2526
29.9346 32.9009 8.2675
29.7989 32.9315 8.2808
29.6794 32.9582 8.2928
29.5724 32.9817 8.304
29.4754 33.0028 8.3145
29.3862 33.0219 8.3245
29.3033 33.0393 8.3341
29.2255 33.0554 8.3434
29.1516 33.0705 8.3526
29.0809 33.0846 8.3616
29.0126 33.0981 8.3707
28.946 33.1109 8.3798
28.8805 33.1233 8.389
28.8157 33.1354 8.3984
29.6238 33.8624 9.2185
29.5205 33.7885 9.1274
29.4308 33.7238 9.0487
29.3515 33.6663 8.9794
29.2804 33.6143 8.9176
29.2157 33.5667 8.8616
29.1561 33.5226 8.8103
29.1007 33.4812 8.7629
29.0486 33.4419 8.7185
28.999 33.4044 8.6767
28.9515 33.368 8.6368
28.9056 33.3326 8.5984
28.8609 33.2978 8.5613
28.8168 33.2633 8.525
28.7732 33.2288 8.4892
28.3152 33.8253 9.1164
28.3495 33.7647 9.0496
28.3809 33.7091 8.9886
28.4099 33.6575 8.9325
28.4369 33.6094 8.8805
28.4623 33.564 8.832
28.4862 33.5211 8.7863
28.509 33.4802 8.7432
28.5308 33.4409 8.7021
28.5518 33.4031 8.6629
28.5721 33.3664 8.6251
28.5918 33.3306 8.5887
28.611 33.2955 8.5532
28.63 33.2609 8.5187
28.6486 33.2268 8.4847
27.1885 33.1471 8.4677
27.3711 33.1511 8.4588
27.5274 33.1542 8.4515
27.6636 33.1566 8.4454
27.784 33.1585 8.4404
27.8917 33.16 8.4362
27.9894 33.161 8.4326
28.0787 33.1618 8.4296
28.1613 33.1622 8.4271
28.2384 33.1625 8.425
28.3108 33.1625 8.4232
28.3793 33.1623 8.4217
28.4448 33.1619 8.4205
28.5076 33.1614 8.4196
28.5685 33.1607 8.4189
28.6276 33.1598 8.4185
27.9181 32.265 7.6117
28.008 32.3727 7.7039
28.0858 32.4655 7.784
28.1542 32.5467 7.8546
28.2151 32.6187 7.9178
28.27 32.6834 7.9749
28.3201 32.7421 8.0273
28.3661 32.7958 8.0756
28.409 32.8455 8.1208
28.4491 32.8918 8.1632
28.487 32.9353 8.2035
28.523 32.9764 8.242
28.5575 33.0156 8.2791
28.5908 33.0531 8.315
28.6231 33.0893 8.35
28.6546 33.1245 8.3843
29.4761 32.5819 7.9264
29.4016 32.6378 7.9704
29.3338 32.6886 8.0109
29.2715 32.735 8.0483
29.2137 32.7779 8.0832
29.1597 32.8178 8.1161
29.1088 32.8553 8.1473
29.0606 32.8906 8.1771
29.0145 32.9242 8.2059
28.9701 32.9564 8.2337
28.9273 32.9873 8.2608
28.8856 33.0173 8.2875
28.8447 33.0465 8.3137
28.8046 33.0751 8.3398
28.7648 33.1032 8.3658
28.7252 33.1311 8.3919
30.0831 33.4625 8.8439
29.9245 33.4316 8.792
29.7882 33.4046 8.7478
29.6687 33.3806 8.7094
29.5623 33.3588 8.6756
29.4661 33.3388 8.6453
29.3779 33.3201 8.618
29.2961 33.3025 8.5929
29.2193 33.2857 8.5697
29.1466 33.2694 8.5479
29.0769 33.2536 8.5274
29.0095 33.238 8.5079
28.9438 33.2225 8.4892
28.8791 33.2069 8.471
28.8149 33.1912 8.4532
28.7506 33.1752 8.4356
28.8656 34.0605 9.3874
28.8459 33.9668 9.281
28.8287 33.8841 9.1877
28.8133 33.81 9.1048
28.7994 33.7427 9.0301
28.7868 33.6809 8.9621
28.7752 33.6235 8.8995
28.7644 33.5696 8.8414
28.7543 33.5187 8.7868
28.7447 33.47 8.7352
28.7355 33.4231 8.686
28.7267 33.3776 8.6387
28.7182 33.3331 8.593
28.7099 33.2893 8.5484
28.7017 33.2459 8.5046
28.6936 33.2025 8.4613
27.8218 33.5674 8.8543
27.9051 33.5294 8.8104
27.981 33.4946 8.7707
28.0507 33.4624 8.7344
28.1153 33.4325 8.701
28.1755 33.4044 8.67
28.232 33.3779 8.6412
28.2854 33.3527 8.6141
28.3362 33.3287 8.5885
28.3847 33.3056 8.5643
28.4313 33.2832 8.5411
28.4763 33.2615 8.519
28.5199 33.2404 8.4976
28.5624 33.2196 8.477
28.6041 33.1992 8.4569
28.6451 33.1789 8.4374
28.6856 33.1588 8.4182
3 27 29 26 0.7532787136046477 0.17406627459039803 0.26420969987493725
3 26 29 352 0.7532787136046477 0.17406627459039803 0.26420969987493725
3 82 599 81 0.7532787136046477 0.17406627459039803 0.26420969987493725
3 82 149 599 0.7532787136046477 0.17406627459039803 0.26420969987493725
3 82 83 84 0.7532787136046477 0.17406627459039803 0.26420969987493725
3 84 149 82 0.7532787136046477 0.17406627459039803 0.26420969987493725
3 81 599 79 0.7532787136046477 0.17406627459039803 0.26420969987493725
3 117 16 17 0.7532787136046477 0.17406627459039803 0.26420969987493725
3 398 22 170 0.7532787136046477 0.17406627459039803 0.26420969987493725
3 338 2 1 0.7532787136046477 0.17406627459039803 0.26420969987493725
3 1 8 338 0.7532787136046477 0.17406627459039803 0.26420969987493725
3 599 149 600 0.7532787136046477 0.17406627459039803 0.26420969987493725
3 591 590 368 0.7532787136046477 0.17406627459039803 0.26420969987493725
3 72 137 71 0.7532787136046477 0.17406627459039803 0.26420969987493725
3 141 72 73 0.7532787136046477 0.17406627459039803 0.26420969987493725
3 15 16 113 0.7532787136046477 0.17406627459039803 0.26420969987493725
3 331 854 332 0.7532787136046477 0.17406627459039803 0.26420969987493725
3 338 854 331 0.7532787136046477 0.17406627459039803 0.26420969987493725
3 331 2 338 0.7532787136046477 0.17406627459039803 0.26420969987493725
3 108 2 331 0.7532787136046477 0.17406627459039803 0.26420969987493725
3 352 29 30 0.7532787136046477 0.17406627459039803 0.26420969987493725
3 170 22 23 0.7532787136046477 0.17406627459039803 0.26420969987493725
3 121 19 621 0.7532787136046477 0.17406627459039803 0.26420969987493725
3 22 398 21 0.7532787136046477 0.17406627459039803 0.26420969987493725
3 664 451 452 0.7532787136046477 0.17406627459039803 0.26420969987493725
3 6 8 5 0.7532787136046477 0.17406627459039803 0.26420969987493725
3 8 1 5 0.7532787136046477 0.17406627459039803 0.26420969987493725
3 302 301 589 0.7532787136046477 0.17406627459039803 0.26420969987493725
3 589 590 302 0.7532787136046477 0.17406627459039803 0.26420969987493725
3 58 59 129 0.7532787136046477 0.17406627459039803 0.26420969987493725
3 66 901 65 0.7532787136046477 0.17406627459039803 0.26420969987493725
3 60 61 301 0.7532787136046477 0.17406627459039803 0.26420969987493725
3 588 61 62 0.7532787136046477 0.17406627459039803 0.26420969987493725
3 301 61 588 0.7532787136046477 0.17406627459039803 0.26420969987493725
3 589 301 588 0.7532787136046477 0.17406627459039803 0.26420969987493725
3 685 684 374 0.7532787136046477 0.17406627459039803 0.26420969987493725
3 599 600 373 0.7532787136046477 0.17406627459039803 0.26420969987493725
3 684 78 373 0.7532787136046477 0.17406627459039803 0.26420969987493725
3 373 374 684 0.7532787136046477 0.17406627459039803 0.26420969987493725
3 600 374 373 0.7532787136046477 0.17406627459039803 0.26420969987493725
3 373 79 599 0.7532787136046477 0.17406627459039803 0.26420969987493725
3 373 78 79 0.7532787136046477 0.17406627459039803 0.26420969987493725
3 378 689 688 0.7532787136046477 0.17406627459039803 0.26420969987493725
3 71 137 486 0.7532787136046477 0.17406627459039803 0.26420969987493725
3 226 308 225 0.7532787136046477 0.17406627459039803 0.26420969987493725
3 234 233 688 0.7532787136046477 0.17406627459039803 0.26420969987493725
3 688 689 234 0.7532787136046477 0.17406627459039803 0.26420969987493725
3 147 825 824 0.7532787136046477 0.17406627459039803 0.26420969987493725
3 147 148 825 0.7532787136046477 0.17406627459039803 0.26420969987493725
3 233 498 232 0.7532787136046477 0.17406627459039803 0.26420969987493725
3 76 496 75 0.7532787136046477 0.17406627459039803 0.26420969987493725
3 407 138 137 0.7532787136046477 0.17406627459039803 0.26420969987493725
3 137 72 407 0.7532787136046477 0.17406627459039803 0.26420969987493725
3 72 141 407 0.7532787136046477 0.17406627459039803 0.26420969987493725
3 230 684 685 0.7532787136046477 0.17406627459039803 0.26420969987493725
3 230 496 76 0.7532787136046477 0.17406627459039803 0.26420969987493725
3 497 232 498 0.7532787136046477 0.17406627459039803 0.26420969987493725
3 146 147 824 0.7532787136046477 0.17406627459039803 0.26420969987493725
3 498 147 146 0.7532787136046477 0.17406627459039803 0.26420969987493725
3 146 497 498 0.7532787136046477 0.17406627459039803 0.26420969987493725
3 73 74 823 0.7532787136046477 0.17406627459039803 0.26420969987493725
3 823 141 73 0.7532787136046477 0.17406627459039803 0.26420969987493725
3 824 141 823 0.7532787136046477 0.17406627459039803 0.26420969987493725
3 823 146 824 0.7532787136046477 0.17406627459039803 0.26420969987493725
3 77 78 684 0.7532787136046477 0.17406627459039803 0.26420969987493725
3 77 230 76 0.7532787136046477 0.17406627459039803 0.26420969987493725
3 684 230 77 0.7532787136046477 0.17406627459039803 0.26420969987493725
3 332 854 340 0.7532787136046477 0.17406627459039803 0.26420969987493725
3 167 648 647 0.7532787136046477 0.17406627459039803 0.26420969987493725
3 111 110 381 0.7532787136046477 0.17406627459039803 0.26420969987493725
3 338 8 345 0.7532787136046477 0.17406627459039803 0.26420969987493725
3 345 854 338 0.7532787136046477 0.17406627459039803 0.26420969987493725
3 166 167 647 0.7532787136046477 0.17406627459039803 0.26420969987493725
3 610 331 332 0.7532787136046477 0.17406627459039803 0.26420969987493725
3 108 331 610 0.7532787136046477 0.17406627459039803 0.26420969987493725
3 31 32 736 0.7532787136046477 0.17406627459039803 0.26420969987493725
3 736 32 180 0.7532787136046477 0.17406627459039803 0.26420969987493725
3 171 398 170 0.7532787136046477 0.17406627459039803 0.26420969987493725
3 170 870 171 0.7532787136046477 0.17406627459039803 0.26420969987493725
3 194 662 193 0.7532787136046477 0.17406627459039803 0.26420969987493725
3 195 37 38 0.7532787136046477 0.17406627459039803 0.26420969987493725
3 381 113 114 0.7532787136046477 0.17406627459039803 0.26420969987493725
3 16 117 778 0.7532787136046477 0.17406627459039803 0.26420969987493725
3 778 113 16 0.7532787136046477 0.17406627459039803 0.26420969987493725
3 778 114 113 0.7532787136046477 0.17406627459039803 0.26420969987493725
3 779 114 778 0.7532787136046477 0.17406627459039803 0.26420969987493725
3 621 126 622 0.7532787136046477 0.17406627459039803 0.26420969987493725
3 622 121 621 0.7532787136046477 0.17406627459039803 0.26420969987493725
3 122 121 622 0.7532787136046477 0.17406627459039803 0.26420969987493725
3 390 123 391 0.7532787136046477 0.17406627459039803 0.26420969987493725
3 122 123 390 0.7532787136046477 0.17406627459039803 0.26420969987493725
3 19 121 18 0.7532787136046477 0.17406627459039803 0.26420969987493725
3 125 21 398 0.7532787136046477 0.17406627459039803 0.26420969987493725
3 125 126 621 0.7532787136046477 0.17406627459039803 0.26420969987493725
3 798 452 451 0.7532787136046477 0.17406627459039803 0.26420969987493725
3 664 452 665 0.7532787136046477 0.17406627459039803 0.26420969987493725
3 668 803 669 0.7532787136046477 0.17406627459039803 0.26420969987493725
3 269 648 649 0.7532787136046477 0.17406627459039803 0.26420969987493725
3 420 421 169 0.7532787136046477 0.17406627459039803 0.26420969987493725
3 384 420 112 0.7532787136046477 0.17406627459039803 0.26420969987493725
3 384 782 385 0.7532787136046477 0.17406627459039803 0.26420969987493725
3 385 421 384 0.7532787136046477 0.17406627459039803 0.26420969987493725
3 384 421 420 0.7532787136046477 0.17406627459039803 0.26420969987493725
3 268 648 269 0.7532787136046477 0.17406627459039803 0.26420969987493725
3 647 648 268 0.7532787136046477 0.17406627459039803 0.26420969987493725
3 724 326 327 0.7532787136046477 0.17406627459039803 0.26420969987493725
3 51 52 566 0.7532787136046477 0.17406627459039803 0.26420969987493725
3 283 51 566 0.7532787136046477 0.17406627459039803 0.26420969987493725
3 50 51 283 0.7532787136046477 0.17406627459039803 0.26420969987493725
3 301 302 764 0.7532787136046477 0.17406627459039803 0.26420969987493725
3 764 60 301 0.7532787136046477 0.17406627459039803 0.26420969987493725
3 129 59 764 0.7532787136046477 0.17406627459039803 0.26420969987493725
3 59 60 764 0.7532787136046477 0.17406627459039803 0.26420969987493725
3 295 577 57 0.7532787136046477 0.17406627459039803 0.26420969987493725
3 57 58 295 0.7532787136046477 0.17406627459039803 0.26420969987493725
3 295 58 129 0.7532787136046477 0.17406627459039803 0.26420969987493725
3 591 368 369 0.7532787136046477 0.17406627459039803 0.26420969987493725
3 368 903 369 0.7532787136046477 0.17406627459039803 0.26420969987493725
3 130 295 129 0.7532787136046477 0.17406627459039803 0.26420969987493725
3 303 302 590 0.7532787136046477 0.17406627459039803 0.26420969987493725
3 303 590 591 0.7532787136046477 0.17406627459039803 0.26420969987493725
3 791 657 790 0.7532787136046477 0.17406627459039803 0.26420969987493725
3 882 791 790 0.7532787136046477 0.17406627459039803 0.26420969987493725
3 385 782 783 0.7532787136046477 0.17406627459039803 0.26420969987493725
3 783 386 385 0.7532787136046477 0.17406627459039803 0.26420969987493725
3 632 788 631 0.7532787136046477 0.17406627459039803 0.26420969987493725
3 631 880 632 0.7532787136046477 0.17406627459039803 0.26420969987493725
3 879 880 631 0.7532787136046477 0.17406627459039803 0.26420969987493725
3 652 861 860 0.7532787136046477 0.17406627459039803 0.26420969987493725
3 425 788 655 0.7532787136046477 0.17406627459039803 0.26420969987493725
3 251 547 548 0.7532787136046477 0.17406627459039803 0.26420969987493725
3 99 100 546 0.7532787136046477 0.17406627459039803 0.26420969987493725
3 64 588 62 0.7532787136046477 0.17406627459039803 0.26420969987493725
3 65 901 366 0.7532787136046477 0.17406627459039803 0.26420969987493725
3 366 64 65 0.7532787136046477 0.17406627459039803 0.26420969987493725
3 588 64 366 0.7532787136046477 0.17406627459039803 0.26420969987493725
3 589 588 366 0.7532787136046477 0.17406627459039803 0.26420969987493725
3 640 639 492 0.7532787136046477 0.17406627459039803 0.26420969987493725
3 312 639 907 0.7532787136046477 0.17406627459039803 0.26420969987493725
3 245 526 246 0.7532787136046477 0.17406627459039803 0.26420969987493725
3 92 245 91 0.7532787136046477 0.17406627459039803 0.26420969987493725
3 526 245 92 0.7532787136046477 0.17406627459039803 0.26420969987493725
3 603 510 604 0.7532787136046477 0.17406627459039803 0.26420969987493725
3 604 510 511 0.7532787136046477 0.17406627459039803 0.26420969987493725
3 367 590 589 0.7532787136046477 0.17406627459039803 0.26420969987493725
3 367 368 590 0.7532787136046477 0.17406627459039803 0.26420969987493725
3 589 366 367 0.7532787136046477 0.17406627459039803 0.26420969987493725
3 367 366 901 0.7532787136046477 0.17406627459039803 0.26420969987493725
3 309 308 226 0.7532787136046477 0.17406627459039803 0.26420969987493725
3 309 903 308 0.7532787136046477 0.17406627459039803 0.26420969987493725
3 638 639 312 0.7532787136046477 0.17406627459039803 0.26420969987493725
3 312 229 638 0.7532787136046477 0.17406627459039803 0.26420969987493725
3 905 371 370 0.7532787136046477 0.17406627459039803 0.26420969987493725
3 636 228 635 0.7532787136046477 0.17406627459039803 0.26420969987493725
3 635 135 636 0.7532787136046477 0.17406627459039803 0.26420969987493725
3 636 135 136 0.7532787136046477 0.17406627459039803 0.26420969987493725
3 229 228 636 0.7532787136046477 0.17406627459039803 0.26420969987493725
3 71 486 70 0.7532787136046477 0.17406627459039803 0.26420969987493725
3 133 69 70 0.7532787136046477 0.17406627459039803 0.26420969987493725
3 70 486 133 0.7532787136046477 0.17406627459039803 0.26420969987493725
3 633 225 68 0.7532787136046477 0.17406627459039803 0.26420969987493725
3 68 69 633 0.7532787136046477 0.17406627459039803 0.26420969987493725
3 633 69 133 0.7532787136046477 0.17406627459039803 0.26420969987493725
3 133 634 633 0.7532787136046477 0.17406627459039803 0.26420969987493725
3 226 225 633 0.7532787136046477 0.17406627459039803 0.26420969987493725
3 633 634 226 0.7532787136046477 0.17406627459039803 0.26420969987493725
3 68 225 67 0.7532787136046477 0.17406627459039803 0.26420969987493725
3 901 66 307 0.7532787136046477 0.17406627459039803 0.26420969987493725
3 307 225 308 0.7532787136046477 0.17406627459039803 0.26420969987493725
3 66 67 307 0.7532787136046477 0.17406627459039803 0.26420969987493725
3 307 67 225 0.7532787136046477 0.17406627459039803 0.26420969987493725
3 140 489 139 0.7532787136046477 0.17406627459039803 0.26420969987493725
3 133 486 134 0.7532787136046477 0.17406627459039803 0.26420969987493725
3 134 634 133 0.7532787136046477 0.17406627459039803 0.26420969987493725
3 134 135 635 0.7532787136046477 0.17406627459039803 0.26420969987493725
3 635 634 134 0.7532787136046477 0.17406627459039803 0.26420969987493725
3 826 143 825 0.7532787136046477 0.17406627459039803 0.26420969987493725
3 825 148 826 0.7532787136046477 0.17406627459039803 0.26420969987493725
3 826 148 827 0.7532787136046477 0.17406627459039803 0.26420969987493725
3 499 498 233 0.7532787136046477 0.17406627459039803 0.26420969987493725
3 233 234 499 0.7532787136046477 0.17406627459039803 0.26420969987493725
3 499 147 498 0.7532787136046477 0.17406627459039803 0.26420969987493725
3 148 147 499 0.7532787136046477 0.17406627459039803 0.26420969987493725
3 827 148 500 0.7532787136046477 0.17406627459039803 0.26420969987493725
3 500 499 234 0.7532787136046477 0.17406627459039803 0.26420969987493725
3 148 499 500 0.7532787136046477 0.17406627459039803 0.26420969987493725
3 142 141 824 0.7532787136046477 0.17406627459039803 0.26420969987493725
3 142 407 141 0.7532787136046477 0.17406627459039803 0.26420969987493725
3 824 825 142 0.7532787136046477 0.17406627459039803 0.26420969987493725
3 825 143 142 0.7532787136046477 0.17406627459039803 0.26420969987493725
3 496 230 231 0.7532787136046477 0.17406627459039803 0.26420969987493725
3 231 497 496 0.7532787136046477 0.17406627459039803 0.26420969987493725
3 231 230 685 0.7532787136046477 0.17406627459039803 0.26420969987493725
3 232 497 231 0.7532787136046477 0.17406627459039803 0.26420969987493725
3 145 75 496 0.7532787136046477 0.17406627459039803 0.26420969987493725
3 146 823 145 0.7532787136046477 0.17406627459039803 0.26420969987493725
3 74 75 145 0.7532787136046477 0.17406627459039803 0.26420969987493725
3 145 823 74 0.7532787136046477 0.17406627459039803 0.26420969987493725
3 496 497 145 0.7532787136046477 0.17406627459039803 0.26420969987493725
3 497 146 145 0.7532787136046477 0.17406627459039803 0.26420969987493725
3 648 167 168 0.7532787136046477 0.17406627459039803 0.26420969987493725
3 168 649 648 0.7532787136046477 0.17406627459039803 0.26420969987493725
3 168 169 649 0.7532787136046477 0.17406627459039803 0.26420969987493725
3 110 111 418 0.7532787136046477 0.17406627459039803 0.26420969987493725
3 418 168 167 0.7532787136046477 0.17406627459039803 0.26420969987493725
3 645 266 265 0.7532787136046477 0.17406627459039803 0.26420969987493725
3 645 11 165 0.7532787136046477 0.17406627459039803 0.26420969987493725
3 416 166 165 0.7532787136046477 0.17406627459039803 0.26420969987493725
3 11 12 165 0.7532787136046477 0.17406627459039803 0.26420969987493725
3 165 12 416 0.7532787136046477 0.17406627459039803 0.26420969987493725
3 417 166 416 0.7532787136046477 0.17406627459039803 0.26420969987493725
3 417 109 110 0.7532787136046477 0.17406627459039803 0.26420969987493725
3 416 109 417 0.7532787136046477 0.17406627459039803 0.26420969987493725
3 110 418 417 0.7532787136046477 0.17406627459039803 0.26420969987493725
3 167 166 417 0.7532787136046477 0.17406627459039803 0.26420969987493725
3 417 418 167 0.7532787136046477 0.17406627459039803 0.26420969987493725
3 646 266 645 0.7532787136046477 0.17406627459039803 0.26420969987493725
3 645 165 646 0.7532787136046477 0.17406627459039803 0.26420969987493725
3 646 165 166 0.7532787136046477 0.17406627459039803 0.26420969987493725
3 646 166 647 0.7532787136046477 0.17406627459039803 0.26420969987493725
3 108 610 107 0.7532787136046477 0.17406627459039803 0.26420969987493725
3 107 325 106 0.7532787136046477 0.17406627459039803 0.26420969987493725
3 610 325 107 0.7532787136046477 0.17406627459039803 0.26420969987493725
3 869 870 170 0.7532787136046477 0.17406627459039803 0.26420969987493725
3 869 176 870 0.7532787136046477 0.17406627459039803 0.26420969987493725
3 170 23 869 0.7532787136046477 0.17406627459039803 0.26420969987493725
3 869 23 24 0.7532787136046477 0.17406627459039803 0.26420969987493725
3 737 181 273 0.7532787136046477 0.17406627459039803 0.26420969987493725
3 180 181 737 0.7532787136046477 0.17406627459039803 0.26420969987493725
3 185 33 34 0.7532787136046477 0.17406627459039803 0.26420969987493725
3 352 30 271 0.7532787136046477 0.17406627459039803 0.26420969987493725
3 271 30 31 0.7532787136046477 0.17406627459039803 0.26420969987493725
3 31 736 271 0.7532787136046477 0.17406627459039803 0.26420969987493725
3 273 181 738 0.7532787136046477 0.17406627459039803 0.26420969987493725
3 181 182 738 0.7532787136046477 0.17406627459039803 0.26420969987493725
3 738 355 273 0.7532787136046477 0.17406627459039803 0.26420969987493725
3 738 274 355 0.7532787136046477 0.17406627459039803 0.26420969987493725
3 437 182 181 0.7532787136046477 0.17406627459039803 0.26420969987493725
3 437 185 186 0.7532787136046477 0.17406627459039803 0.26420969987493725
3 438 437 186 0.7532787136046477 0.17406627459039803 0.26420969987493725
3 182 437 438 0.7532787136046477 0.17406627459039803 0.26420969987493725
3 446 37 195 0.7532787136046477 0.17406627459039803 0.26420969987493725
3 662 194 663 0.7532787136046477 0.17406627459039803 0.26420969987493725
3 663 441 662 0.7532787136046477 0.17406627459039803 0.26420969987493725
3 663 451 664 0.7532787136046477 0.17406627459039803 0.26420969987493725
3 195 38 793 0.7532787136046477 0.17406627459039803 0.26420969987493725
3 200 794 793 0.7532787136046477 0.17406627459039803 0.26420969987493725
3 39 40 200 0.7532787136046477 0.17406627459039803 0.26420969987493725
3 200 793 39 0.7532787136046477 0.17406627459039803 0.26420969987493725
3 39 793 38 0.7532787136046477 0.17406627459039803 0.26420969987493725
3 197 794 795 0.7532787136046477 0.17406627459039803 0.26420969987493725
3 795 198 197 0.7532787136046477 0.17406627459039803 0.26420969987493725
3 196 794 197 0.7532787136046477 0.17406627459039803 0.26420969987493725
3 195 793 196 0.7532787136046477 0.17406627459039803 0.26420969987493725
3 196 793 794 0.7532787136046477 0.17406627459039803 0.26420969987493725
3 382 111 381 0.7532787136046477 0.17406627459039803 0.26420969987493725
3 381 114 382 0.7532787136046477 0.17406627459039803 0.26420969987493725
3 112 111 382 0.7532787136046477 0.17406627459039803 0.26420969987493725
3 117 390 118 0.7532787136046477 0.17406627459039803 0.26420969987493725
3 118 778 117 0.7532787136046477 0.17406627459039803 0.26420969987493725
3 779 778 118 0.7532787136046477 0.17406627459039803 0.26420969987493725
3 118 390 391 0.7532787136046477 0.17406627459039803 0.26420969987493725
3 389 18 121 0.7532787136046477 0.17406627459039803 0.26420969987493725
3 389 390 117 0.7532787136046477 0.17406627459039803 0.26420969987493725
3 389 117 17 0.7532787136046477 0.17406627459039803 0.26420969987493725
3 17 18 389 0.7532787136046477 0.17406627459039803 0.26420969987493725
3 389 121 122 0.7532787136046477 0.17406627459039803 0.26420969987493725
3 122 390 389 0.7532787136046477 0.17406627459039803 0.26420969987493725
3 21 125 20 0.7532787136046477 0.17406627459039803 0.26420969987493725
3 621 19 20 0.7532787136046477 0.17406627459039803 0.26420969987493725
3 20 125 621 0.7532787136046477 0.17406627459039803 0.26420969987493725
3 461 798 204 0.7532787136046477 0.17406627459039803 0.26420969987493725
3 675 209 674 0.7532787136046477 0.17406627459039803 0.26420969987493725
3 204 798 797 0.7532787136046477 0.17406627459039803 0.26420969987493725
3 878 435 879 0.7532787136046477 0.17406627459039803 0.26420969987493725
3 878 406 877 0.7532787136046477 0.17406627459039803 0.26420969987493725
3 877 435 878 0.7532787136046477 0.17406627459039803 0.26420969987493725
3 745 444 445 0.7532787136046477 0.17406627459039803 0.26420969987493725
3 614 613 335 0.7532787136046477 0.17406627459039803 0.26420969987493725
3 327 613 328 0.7532787136046477 0.17406627459039803 0.26420969987493725
3 613 614 328 0.7532787136046477 0.17406627459039803 0.26420969987493725
3 341 340 347 0.7532787136046477 0.17406627459039803 0.26420969987493725
3 104 105 319 0.7532787136046477 0.17406627459039803 0.26420969987493725
3 566 52 289 0.7532787136046477 0.17406627459039803 0.26420969987493725
3 53 289 52 0.7532787136046477 0.17406627459039803 0.26420969987493725
3 808 289 53 0.7532787136046477 0.17406627459039803 0.26420969987493725
3 54 55 359 0.7532787136046477 0.17406627459039803 0.26420969987493725
3 359 53 54 0.7532787136046477 0.17406627459039803 0.26420969987493725
3 808 53 359 0.7532787136046477 0.17406627459039803 0.26420969987493725
3 55 57 359 0.7532787136046477 0.17406627459039803 0.26420969987493725
3 57 577 359 0.7532787136046477 0.17406627459039803 0.26420969987493725
3 751 277 750 0.7532787136046477 0.17406627459039803 0.26420969987493725
3 277 49 750 0.7532787136046477 0.17406627459039803 0.26420969987493725
3 50 283 750 0.7532787136046477 0.17406627459039803 0.26420969987493725
3 750 49 50 0.7532787136046477 0.17406627459039803 0.26420969987493725
3 751 750 284 0.7532787136046477 0.17406627459039803 0.26420969987493725
3 284 750 283 0.7532787136046477 0.17406627459039803 0.26420969987493725
3 591 369 592 0.7532787136046477 0.17406627459039803 0.26420969987493725
3 592 369 370 0.7532787136046477 0.17406627459039803 0.26420969987493725
3 304 303 591 0.7532787136046477 0.17406627459039803 0.26420969987493725
3 766 303 304 0.7532787136046477 0.17406627459039803 0.26420969987493725
3 591 592 304 0.7532787136046477 0.17406627459039803 0.26420969987493725
3 304 592 305 0.7532787136046477 0.17406627459039803 0.26420969987493725
3 596 771 595 0.7532787136046477 0.17406627459039803 0.26420969987493725
3 595 770 594 0.7532787136046477 0.17406627459039803 0.26420969987493725
3 771 770 595 0.7532787136046477 0.17406627459039803 0.26420969987493725
3 766 130 765 0.7532787136046477 0.17406627459039803 0.26420969987493725
3 302 303 765 0.7532787136046477 0.17406627459039803 0.26420969987493725
3 765 303 766 0.7532787136046477 0.17406627459039803 0.26420969987493725
3 765 764 302 0.7532787136046477 0.17406627459039803 0.26420969987493725
3 129 764 765 0.7532787136046477 0.17406627459039803 0.26420969987493725
3 765 130 129 0.7532787136046477 0.17406627459039803 0.26420969987493725
3 295 130 296 0.7532787136046477 0.17406627459039803 0.26420969987493725
3 578 577 296 0.7532787136046477 0.17406627459039803 0.26420969987493725
3 577 295 296 0.7532787136046477 0.17406627459039803 0.26420969987493725
3 837 916 915 0.7532787136046477 0.17406627459039803 0.26420969987493725
3 837 930 931 0.7532787136046477 0.17406627459039803 0.26420969987493725
3 834 835 644 0.7532787136046477 0.17406627459039803 0.26420969987493725
3 696 835 834 0.7532787136046477 0.17406627459039803 0.26420969987493725
3 777 914 915 0.7532787136046477 0.17406627459039803 0.26420969987493725
3 913 777 776 0.7532787136046477 0.17406627459039803 0.26420969987493725
3 914 777 913 0.7532787136046477 0.17406627459039803 0.26420969987493725
3 644 835 913 0.7532787136046477 0.17406627459039803 0.26420969987493725
3 835 914 913 0.7532787136046477 0.17406627459039803 0.26420969987493725
3 732 564 731 0.7532787136046477 0.17406627459039803 0.26420969987493725
3 565 564 732 0.7532787136046477 0.17406627459039803 0.26420969987493725
3 733 620 734 0.7532787136046477 0.17406627459039803 0.26420969987493725
3 565 732 733 0.7532787136046477 0.17406627459039803 0.26420969987493725
3 733 732 620 0.7532787136046477 0.17406627459039803 0.26420969987493725
3 943 733 734 0.7532787136046477 0.17406627459039803 0.26420969987493725
3 565 733 943 0.7532787136046477 0.17406627459039803 0.26420969987493725
3 657 791 866 0.7532787136046477 0.17406627459039803 0.26420969987493725
3 734 620 864 0.7532787136046477 0.17406627459039803 0.26420969987493725
3 790 657 789 0.7532787136046477 0.17406627459039803 0.26420969987493725
3 632 790 789 0.7532787136046477 0.17406627459039803 0.26420969987493725
3 789 788 632 0.7532787136046477 0.17406627459039803 0.26420969987493725
3 792 791 883 0.7532787136046477 0.17406627459039803 0.26420969987493725
3 791 882 883 0.7532787136046477 0.17406627459039803 0.26420969987493725
3 883 884 792 0.7532787136046477 0.17406627459039803 0.26420969987493725
3 883 882 749 0.7532787136046477 0.17406627459039803 0.26420969987493725
3 883 807 884 0.7532787136046477 0.17406627459039803 0.26420969987493725
3 749 807 883 0.7532787136046477 0.17406627459039803 0.26420969987493725
3 395 783 394 0.7532787136046477 0.17406627459039803 0.26420969987493725
3 394 782 393 0.7532787136046477 0.17406627459039803 0.26420969987493725
3 394 783 782 0.7532787136046477 0.17406627459039803 0.26420969987493725
3 629 628 406 0.7532787136046477 0.17406627459039803 0.26420969987493725
3 879 631 630 0.7532787136046477 0.17406627459039803 0.26420969987493725
3 630 878 879 0.7532787136046477 0.17406627459039803 0.26420969987493725
3 406 878 630 0.7532787136046477 0.17406627459039803 0.26420969987493725
3 630 629 406 0.7532787136046477 0.17406627459039803 0.26420969987493725
3 336 858 344 0.7532787136046477 0.17406627459039803 0.26420969987493725
3 615 614 336 0.7532787136046477 0.17406627459039803 0.26420969987493725
3 335 858 336 0.7532787136046477 0.17406627459039803 0.26420969987493725
3 336 614 335 0.7532787136046477 0.17406627459039803 0.26420969987493725
3 784 783 395 0.7532787136046477 0.17406627459039803 0.26420969987493725
3 386 783 784 0.7532787136046477 0.17406627459039803 0.26420969987493725
3 395 628 396 0.7532787136046477 0.17406627459039803 0.26420969987493725
3 396 784 395 0.7532787136046477 0.17406627459039803 0.26420969987493725
3 785 784 396 0.7532787136046477 0.17406627459039803 0.26420969987493725
3 628 629 396 0.7532787136046477 0.17406627459039803 0.26420969987493725
3 788 425 787 0.7532787136046477 0.17406627459039803 0.26420969987493725
3 787 631 788 0.7532787136046477 0.17406627459039803 0.26420969987493725
3 787 630 631 0.7532787136046477 0.17406627459039803 0.26420969987493725
3 388 425 424 0.7532787136046477 0.17406627459039803 0.26420969987493725
3 388 785 786 0.7532787136046477 0.17406627459039803 0.26420969987493725
3 786 787 388 0.7532787136046477 0.17406627459039803 0.26420969987493725
3 388 787 425 0.7532787136046477 0.17406627459039803 0.26420969987493725
3 652 423 653 0.7532787136046477 0.17406627459039803 0.26420969987493725
3 653 423 424 0.7532787136046477 0.17406627459039803 0.26420969987493725
3 653 861 652 0.7532787136046477 0.17406627459039803 0.26420969987493725
3 653 862 861 0.7532787136046477 0.17406627459039803 0.26420969987493725
3 655 864 863 0.7532787136046477 0.17406627459039803 0.26420969987493725
3 863 864 620 0.7532787136046477 0.17406627459039803 0.26420969987493725
3 250 547 251 0.7532787136046477 0.17406627459039803 0.26420969987493725
3 250 546 547 0.7532787136046477 0.17406627459039803 0.26420969987493725
3 99 546 250 0.7532787136046477 0.17406627459039803 0.26420969987493725
3 98 99 250 0.7532787136046477 0.17406627459039803 0.26420969987493725
3 102 103 260 0.7532787136046477 0.17406627459039803 0.26420969987493725
3 547 546 256 0.7532787136046477 0.17406627459039803 0.26420969987493725
3 258 937 259 0.7532787136046477 0.17406627459039803 0.26420969987493725
3 85 149 84 0.7532787136046477 0.17406627459039803 0.26420969987493725
3 85 506 149 0.7532787136046477 0.17406627459039803 0.26420969987493725
3 312 907 906 0.7532787136046477 0.17406627459039803 0.26420969987493725
3 371 905 906 0.7532787136046477 0.17406627459039803 0.26420969987493725
3 594 371 372 0.7532787136046477 0.17406627459039803 0.26420969987493725
3 372 595 594 0.7532787136046477 0.17406627459039803 0.26420969987493725
3 371 906 372 0.7532787136046477 0.17406627459039803 0.26420969987493725
3 372 906 907 0.7532787136046477 0.17406627459039803 0.26420969987493725
3 639 640 908 0.7532787136046477 0.17406627459039803 0.26420969987493725
3 908 907 639 0.7532787136046477 0.17406627459039803 0.26420969987493725
3 908 640 909 0.7532787136046477 0.17406627459039803 0.26420969987493725
3 909 596 908 0.7532787136046477 0.17406627459039803 0.26420969987493725
3 596 595 908 0.7532787136046477 0.17406627459039803 0.26420969987493725
3 908 372 907 0.7532787136046477 0.17406627459039803 0.26420969987493725
3 595 372 908 0.7532787136046477 0.17406627459039803 0.26420969987493725
3 523 924 522 0.7532787136046477 0.17406627459039803 0.26420969987493725
3 94 95 838 0.7532787136046477 0.17406627459039803 0.26420969987493725
3 838 153 94 0.7532787136046477 0.17406627459039803 0.26420969987493725
3 246 526 527 0.7532787136046477 0.17406627459039803 0.26420969987493725
3 526 153 527 0.7532787136046477 0.17406627459039803 0.26420969987493725
3 526 92 93 0.7532787136046477 0.17406627459039803 0.26420969987493725
3 93 153 526 0.7532787136046477 0.17406627459039803 0.26420969987493725
3 94 153 93 0.7532787136046477 0.17406627459039803 0.26420969987493725
3 246 527 247 0.7532787136046477 0.17406627459039803 0.26420969987493725
3 247 527 528 0.7532787136046477 0.17406627459039803 0.26420969987493725
3 522 924 923 0.7532787136046477 0.17406627459039803 0.26420969987493725
3 604 378 377 0.7532787136046477 0.17406627459039803 0.26420969987493725
3 377 603 604 0.7532787136046477 0.17406627459039803 0.26420969987493725
3 377 378 688 0.7532787136046477 0.17406627459039803 0.26420969987493725
3 377 376 603 0.7532787136046477 0.17406627459039803 0.26420969987493725
3 242 241 698 0.7532787136046477 0.17406627459039803 0.26420969987493725
3 698 245 246 0.7532787136046477 0.17406627459039803 0.26420969987493725
3 91 245 697 0.7532787136046477 0.17406627459039803 0.26420969987493725
3 245 698 697 0.7532787136046477 0.17406627459039803 0.26420969987493725
3 697 698 241 0.7532787136046477 0.17406627459039803 0.26420969987493725
3 689 378 379 0.7532787136046477 0.17406627459039803 0.26420969987493725
3 379 690 689 0.7532787136046477 0.17406627459039803 0.26420969987493725
3 922 923 512 0.7532787136046477 0.17406627459039803 0.26420969987493725
3 902 367 901 0.7532787136046477 0.17406627459039803 0.26420969987493725
3 901 307 902 0.7532787136046477 0.17406627459039803 0.26420969987493725
3 902 307 308 0.7532787136046477 0.17406627459039803 0.26420969987493725
3 308 903 902 0.7532787136046477 0.17406627459039803 0.26420969987493725
3 902 903 368 0.7532787136046477 0.17406627459039803 0.26420969987493725
3 368 367 902 0.7532787136046477 0.17406627459039803 0.26420969987493725
3 227 309 226 0.7532787136046477 0.17406627459039803 0.26420969987493725
3 226 634 227 0.7532787136046477 0.17406627459039803 0.26420969987493725
3 227 634 635 0.7532787136046477 0.17406627459039803 0.26420969987493725
3 635 228 227 0.7532787136046477 0.17406627459039803 0.26420969987493725
3 227 228 310 0.7532787136046477 0.17406627459039803 0.26420969987493725
3 310 309 227 0.7532787136046477 0.17406627459039803 0.26420969987493725
3 492 639 491 0.7532787136046477 0.17406627459039803 0.26420969987493725
3 639 638 491 0.7532787136046477 0.17406627459039803 0.26420969987493725
3 637 638 229 0.7532787136046477 0.17406627459039803 0.26420969987493725
3 637 636 136 0.7532787136046477 0.17406627459039803 0.26420969987493725
3 229 636 637 0.7532787136046477 0.17406627459039803 0.26420969987493725
3 311 905 310 0.7532787136046477 0.17406627459039803 0.26420969987493725
3 310 228 311 0.7532787136046477 0.17406627459039803 0.26420969987493725
3 311 228 229 0.7532787136046477 0.17406627459039803 0.26420969987493725
3 311 229 312 0.7532787136046477 0.17406627459039803 0.26420969987493725
3 312 906 311 0.7532787136046477 0.17406627459039803 0.26420969987493725
3 311 906 905 0.7532787136046477 0.17406627459039803 0.26420969987493725
3 370 369 904 0.7532787136046477 0.17406627459039803 0.26420969987493725
3 904 905 370 0.7532787136046477 0.17406627459039803 0.26420969987493725
3 310 905 904 0.7532787136046477 0.17406627459039803 0.26420969987493725
3 904 369 903 0.7532787136046477 0.17406627459039803 0.26420969987493725
3 904 309 310 0.7532787136046477 0.17406627459039803 0.26420969987493725
3 903 309 904 0.7532787136046477 0.17406627459039803 0.26420969987493725
3 140 139 409 0.7532787136046477 0.17406627459039803 0.26420969987493725
3 138 139 488 0.7532787136046477 0.17406627459039803 0.26420969987493725
3 488 139 489 0.7532787136046477 0.17406627459039803 0.26420969987493725
3 488 489 136 0.7532787136046477 0.17406627459039803 0.26420969987493725
3 136 135 488 0.7532787136046477 0.17406627459039803 0.26420969987493725
3 487 134 486 0.7532787136046477 0.17406627459039803 0.26420969987493725
3 137 138 487 0.7532787136046477 0.17406627459039803 0.26420969987493725
3 487 486 137 0.7532787136046477 0.17406627459039803 0.26420969987493725
3 138 488 487 0.7532787136046477 0.17406627459039803 0.26420969987493725
3 135 134 487 0.7532787136046477 0.17406627459039803 0.26420969987493725
3 487 488 135 0.7532787136046477 0.17406627459039803 0.26420969987493725
3 685 374 375 0.7532787136046477 0.17406627459039803 0.26420969987493725
3 233 232 687 0.7532787136046477 0.17406627459039803 0.26420969987493725
3 688 233 687 0.7532787136046477 0.17406627459039803 0.26420969987493725
3 687 377 688 0.7532787136046477 0.17406627459039803 0.26420969987493725
3 376 377 687 0.7532787136046477 0.17406627459039803 0.26420969987493725
3 138 407 408 0.7532787136046477 0.17406627459039803 0.26420969987493725
3 407 142 408 0.7532787136046477 0.17406627459039803 0.26420969987493725
3 408 139 138 0.7532787136046477 0.17406627459039803 0.26420969987493725
3 408 409 139 0.7532787136046477 0.17406627459039803 0.26420969987493725
3 408 142 143 0.7532787136046477 0.17406627459039803 0.26420969987493725
3 143 409 408 0.7532787136046477 0.17406627459039803 0.26420969987493725
3 168 418 419 0.7532787136046477 0.17406627459039803 0.26420969987493725
3 112 420 419 0.7532787136046477 0.17406627459039803 0.26420969987493725
3 419 111 112 0.7532787136046477 0.17406627459039803 0.26420969987493725
3 419 418 111 0.7532787136046477 0.17406627459039803 0.26420969987493725
3 420 169 419 0.7532787136046477 0.17406627459039803 0.26420969987493725
3 169 168 419 0.7532787136046477 0.17406627459039803 0.26420969987493725
3 9 345 8 0.7532787136046477 0.17406627459039803 0.26420969987493725
3 9 265 345 0.7532787136046477 0.17406627459039803 0.26420969987493725
3 10 11 645 0.7532787136046477 0.17406627459039803 0.26420969987493725
3 645 265 10 0.7532787136046477 0.17406627459039803 0.26420969987493725
3 265 9 10 0.7532787136046477 0.17406627459039803 0.26420969987493725
3 346 265 266 0.7532787136046477 0.17406627459039803 0.26420969987493725
3 346 340 854 0.7532787136046477 0.17406627459039803 0.26420969987493725
3 854 345 346 0.7532787136046477 0.17406627459039803 0.26420969987493725
3 345 265 346 0.7532787136046477 0.17406627459039803 0.26420969987493725
3 347 340 346 0.7532787136046477 0.17406627459039803 0.26420969987493725
3 346 266 347 0.7532787136046477 0.17406627459039803 0.26420969987493725
3 380 109 14 0.7532787136046477 0.17406627459039803 0.26420969987493725
3 380 14 15 0.7532787136046477 0.17406627459039803 0.26420969987493725
3 15 113 380 0.7532787136046477 0.17406627459039803 0.26420969987493725
3 380 113 381 0.7532787136046477 0.17406627459039803 0.26420969987493725
3 381 110 380 0.7532787136046477 0.17406627459039803 0.26420969987493725
3 110 109 380 0.7532787136046477 0.17406627459039803 0.26420969987493725
3 13 109 416 0.7532787136046477 0.17406627459039803 0.26420969987493725
3 416 12 13 0.7532787136046477 0.17406627459039803 0.26420969987493725
3 14 109 13 0.7532787136046477 0.17406627459039803 0.26420969987493725
3 267 646 647 0.7532787136046477 0.17406627459039803 0.26420969987493725
3 647 268 267 0.7532787136046477 0.17406627459039803 0.26420969987493725
3 347 266 267 0.7532787136046477 0.17406627459039803 0.26420969987493725
3 266 646 267 0.7532787136046477 0.17406627459039803 0.26420969987493725
3 723 105 106 0.7532787136046477 0.17406627459039803 0.26420969987493725
3 106 325 723 0.7532787136046477 0.17406627459039803 0.26420969987493725
3 723 319 105 0.7532787136046477 0.17406627459039803 0.26420969987493725
3 723 325 326 0.7532787136046477 0.17406627459039803 0.26420969987493725
3 326 724 723 0.7532787136046477 0.17406627459039803 0.26420969987493725
3 724 319 723 0.7532787136046477 0.17406627459039803 0.26420969987493725
3 326 325 611 0.7532787136046477 0.17406627459039803 0.26420969987493725
3 611 610 332 0.7532787136046477 0.17406627459039803 0.26420969987493725
3 611 325 610 0.7532787136046477 0.17406627459039803 0.26420969987493725
3 452 798 799 0.7532787136046477 0.17406627459039803 0.26420969987493725
3 799 461 462 0.7532787136046477 0.17406627459039803 0.26420969987493725
3 798 461 799 0.7532787136046477 0.17406627459039803 0.26420969987493725
3 278 277 751 0.7532787136046477 0.17406627459039803 0.26420969987493725
3 24 25 175 0.7532787136046477 0.17406627459039803 0.26420969987493725
3 175 869 24 0.7532787136046477 0.17406627459039803 0.26420969987493725
3 176 869 175 0.7532787136046477 0.17406627459039803 0.26420969987493725
3 186 185 658 0.7532787136046477 0.17406627459039803 0.26420969987493725
3 658 35 190 0.7532787136046477 0.17406627459039803 0.26420969987493725
3 658 185 34 0.7532787136046477 0.17406627459039803 0.26420969987493725
3 34 35 658 0.7532787136046477 0.17406627459039803 0.26420969987493725
3 33 185 436 0.7532787136046477 0.17406627459039803 0.26420969987493725
3 180 32 436 0.7532787136046477 0.17406627459039803 0.26420969987493725
3 32 33 436 0.7532787136046477 0.17406627459039803 0.26420969987493725
3 436 181 180 0.7532787136046477 0.17406627459039803 0.26420969987493725
3 436 437 181 0.7532787136046477 0.17406627459039803 0.26420969987493725
3 185 437 436 0.7532787136046477 0.17406627459039803 0.26420969987493725
3 353 271 736 0.7532787136046477 0.17406627459039803 0.26420969987493725
3 193 662 661 0.7532787136046477 0.17406627459039803 0.26420969987493725
3 739 738 182 0.7532787136046477 0.17406627459039803 0.26420969987493725
3 274 738 739 0.7532787136046477 0.17406627459039803 0.26420969987493725
3 871 171 870 0.7532787136046477 0.17406627459039803 0.26420969987493725
3 623 624 123 0.7532787136046477 0.17406627459039803 0.26420969987493725
3 623 123 122 0.7532787136046477 0.17406627459039803 0.26420969987493725
3 122 622 623 0.7532787136046477 0.17406627459039803 0.26420969987493725
3 190 35 36 0.7532787136046477 0.17406627459039803 0.26420969987493725
3 37 446 36 0.7532787136046477 0.17406627459039803 0.26420969987493725
3 36 446 190 0.7532787136046477 0.17406627459039803 0.26420969987493725
3 197 198 449 0.7532787136046477 0.17406627459039803 0.26420969987493725
3 449 194 193 0.7532787136046477 0.17406627459039803 0.26420969987493725
3 205 457 456 0.7532787136046477 0.17406627459039803 0.26420969987493725
3 200 40 456 0.7532787136046477 0.17406627459039803 0.26420969987493725
3 41 205 456 0.7532787136046477 0.17406627459039803 0.26420969987493725
3 456 40 41 0.7532787136046477 0.17406627459039803 0.26420969987493725
3 201 794 200 0.7532787136046477 0.17406627459039803 0.26420969987493725
3 200 456 201 0.7532787136046477 0.17406627459039803 0.26420969987493725
3 201 456 457 0.7532787136046477 0.17406627459039803 0.26420969987493725
3 201 795 794 0.7532787136046477 0.17406627459039803 0.26420969987493725
3 447 446 195 0.7532787136046477 0.17406627459039803 0.26420969987493725
3 195 196 447 0.7532787136046477 0.17406627459039803 0.26420969987493725
3 119 118 391 0.7532787136046477 0.17406627459039803 0.26420969987493725
3 779 118 119 0.7532787136046477 0.17406627459039803 0.26420969987493725
3 391 392 119 0.7532787136046477 0.17406627459039803 0.26420969987493725
3 115 114 779 0.7532787136046477 0.17406627459039803 0.26420969987493725
3 115 382 114 0.7532787136046477 0.17406627459039803 0.26420969987493725
3 460 461 204 0.7532787136046477 0.17406627459039803 0.26420969987493725
3 209 461 460 0.7532787136046477 0.17406627459039803 0.26420969987493725
3 204 459 460 0.7532787136046477 0.17406627459039803 0.26420969987493725
3 677 463 462 0.7532787136046477 0.17406627459039803 0.26420969987493725
3 674 209 208 0.7532787136046477 0.17406627459039803 0.26420969987493725
3 208 673 674 0.7532787136046477 0.17406627459039803 0.26420969987493725
3 209 460 208 0.7532787136046477 0.17406627459039803 0.26420969987493725
3 208 460 459 0.7532787136046477 0.17406627459039803 0.26420969987493725
3 198 795 796 0.7532787136046477 0.17406627459039803 0.26420969987493725
3 199 798 451 0.7532787136046477 0.17406627459039803 0.26420969987493725
3 199 797 798 0.7532787136046477 0.17406627459039803 0.26420969987493725
3 198 796 199 0.7532787136046477 0.17406627459039803 0.26420969987493725
3 199 796 797 0.7532787136046477 0.17406627459039803 0.26420969987493725
3 744 444 745 0.7532787136046477 0.17406627459039803 0.26420969987493725
3 745 435 744 0.7532787136046477 0.17406627459039803 0.26420969987493725
3 358 741 742 0.7532787136046477 0.17406627459039803 0.26420969987493725
3 741 441 742 0.7532787136046477 0.17406627459039803 0.26420969987493725
3 743 742 442 0.7532787136046477 0.17406627459039803 0.26420969987493725
3 442 742 441 0.7532787136046477 0.17406627459039803 0.26420969987493725
3 442 663 664 0.7532787136046477 0.17406627459039803 0.26420969987493725
3 441 663 442 0.7532787136046477 0.17406627459039803 0.26420969987493725
3 443 665 444 0.7532787136046477 0.17406627459039803 0.26420969987493725
3 444 744 443 0.7532787136046477 0.17406627459039803 0.26420969987493725
3 443 744 743 0.7532787136046477 0.17406627459039803 0.26420969987493725
3 743 442 443 0.7532787136046477 0.17406627459039803 0.26420969987493725
3 664 665 443 0.7532787136046477 0.17406627459039803 0.26420969987493725
3 443 442 664 0.7532787136046477 0.17406627459039803 0.26420969987493725
3 746 445 668 0.7532787136046477 0.17406627459039803 0.26420969987493725
3 745 445 746 0.7532787136046477 0.17406627459039803 0.26420969987493725
3 746 435 745 0.7532787136046477 0.17406627459039803 0.26420969987493725
3 879 435 746 0.7532787136046477 0.17406627459039803 0.26420969987493725
3 652 860 351 0.7532787136046477 0.17406627459039803 0.26420969987493725
3 351 651 652 0.7532787136046477 0.17406627459039803 0.26420969987493725
3 351 860 344 0.7532787136046477 0.17406627459039803 0.26420969987493725
3 422 423 652 0.7532787136046477 0.17406627459039803 0.26420969987493725
3 652 651 422 0.7532787136046477 0.17406627459039803 0.26420969987493725
3 386 423 422 0.7532787136046477 0.17406627459039803 0.26420969987493725
3 422 651 421 0.7532787136046477 0.17406627459039803 0.26420969987493725
3 385 386 422 0.7532787136046477 0.17406627459039803 0.26420969987493725
3 422 421 385 0.7532787136046477 0.17406627459039803 0.26420969987493725
3 725 724 327 0.7532787136046477 0.17406627459039803 0.26420969987493725
3 327 328 725 0.7532787136046477 0.17406627459039803 0.26420969987493725
3 329 328 614 0.7532787136046477 0.17406627459039803 0.26420969987493725
3 329 614 615 0.7532787136046477 0.17406627459039803 0.26420969987493725
3 857 858 335 0.7532787136046477 0.17406627459039803 0.26420969987493725
3 566 289 290 0.7532787136046477 0.17406627459039803 0.26420969987493725
3 756 572 573 0.7532787136046477 0.17406627459039803 0.26420969987493725
3 48 49 277 0.7532787136046477 0.17406627459039803 0.26420969987493725
3 769 770 300 0.7532787136046477 0.17406627459039803 0.26420969987493725
3 751 284 285 0.7532787136046477 0.17406627459039803 0.26420969987493725
3 305 592 593 0.7532787136046477 0.17406627459039803 0.26420969987493725
3 370 371 593 0.7532787136046477 0.17406627459039803 0.26420969987493725
3 593 592 370 0.7532787136046477 0.17406627459039803 0.26420969987493725
3 593 371 594 0.7532787136046477 0.17406627459039803 0.26420969987493725
3 912 643 644 0.7532787136046477 0.17406627459039803 0.26420969987493725
3 912 911 643 0.7532787136046477 0.17406627459039803 0.26420969987493725
3 644 913 912 0.7532787136046477 0.17406627459039803 0.26420969987493725
3 912 913 776 0.7532787136046477 0.17406627459039803 0.26420969987493725
3 772 771 596 0.7532787136046477 0.17406627459039803 0.26420969987493725
3 772 773 585 0.7532787136046477 0.17406627459039803 0.26420969987493725
3 774 773 598 0.7532787136046477 0.17406627459039803 0.26420969987493725
3 910 911 598 0.7532787136046477 0.17406627459039803 0.26420969987493725
3 911 912 598 0.7532787136046477 0.17406627459039803 0.26420969987493725
3 597 596 909 0.7532787136046477 0.17406627459039803 0.26420969987493725
3 909 910 597 0.7532787136046477 0.17406627459039803 0.26420969987493725
3 597 772 596 0.7532787136046477 0.17406627459039803 0.26420969987493725
3 773 772 597 0.7532787136046477 0.17406627459039803 0.26420969987493725
3 910 598 597 0.7532787136046477 0.17406627459039803 0.26420969987493725
3 597 598 773 0.7532787136046477 0.17406627459039803 0.26420969987493725
3 578 296 297 0.7532787136046477 0.17406627459039803 0.26420969987493725
3 851 852 931 0.7532787136046477 0.17406627459039803 0.26420969987493725
3 931 930 851 0.7532787136046477 0.17406627459039803 0.26420969987493725
3 931 852 932 0.7532787136046477 0.17406627459039803 0.26420969987493725
3 932 837 931 0.7532787136046477 0.17406627459039803 0.26420969987493725
3 916 837 932 0.7532787136046477 0.17406627459039803 0.26420969987493725
3 949 916 932 0.7532787136046477 0.17406627459039803 0.26420969987493725
3 932 948 949 0.7532787136046477 0.17406627459039803 0.26420969987493725
3 932 852 948 0.7532787136046477 0.17406627459039803 0.26420969987493725
3 850 851 709 0.7532787136046477 0.17406627459039803 0.26420969987493725
3 709 851 930 0.7532787136046477 0.17406627459039803 0.26420969987493725
3 836 914 835 0.7532787136046477 0.17406627459039803 0.26420969987493725
3 836 835 696 0.7532787136046477 0.17406627459039803 0.26420969987493725
3 915 914 836 0.7532787136046477 0.17406627459039803 0.26420969987493725
3 836 837 915 0.7532787136046477 0.17406627459039803 0.26420969987493725
3 696 930 836 0.7532787136046477 0.17406627459039803 0.26420969987493725
3 930 837 836 0.7532787136046477 0.17406627459039803 0.26420969987493725
3 900 807 899 0.7532787136046477 0.17406627459039803 0.26420969987493725
3 900 916 949 0.7532787136046477 0.17406627459039803 0.26420969987493725
3 949 884 900 0.7532787136046477 0.17406627459039803 0.26420969987493725
3 884 807 900 0.7532787136046477 0.17406627459039803 0.26420969987493725
3 731 564 563 0.7532787136046477 0.17406627459039803 0.26420969987493725
3 940 552 939 0.7532787136046477 0.17406627459039803 0.26420969987493725
3 939 563 940 0.7532787136046477 0.17406627459039803 0.26420969987493725
3 940 563 564 0.7532787136046477 0.17406627459039803 0.26420969987493725
3 941 564 565 0.7532787136046477 0.17406627459039803 0.26420969987493725
3 941 940 564 0.7532787136046477 0.17406627459039803 0.26420969987493725
3 861 862 618 0.7532787136046477 0.17406627459039803 0.26420969987493725
3 620 732 619 0.7532787136046477 0.17406627459039803 0.26420969987493725
3 619 863 620 0.7532787136046477 0.17406627459039803 0.26420969987493725
3 862 863 619 0.7532787136046477 0.17406627459039803 0.26420969987493725
3 619 618 862 0.7532787136046477 0.17406627459039803 0.26420969987493725
3 619 732 731 0.7532787136046477 0.17406627459039803 0.26420969987493725
3 731 618 619 0.7532787136046477 0.17406627459039803 0.26420969987493725
3 555 718 554 0.7532787136046477 0.17406627459039803 0.26420969987493725
3 719 718 555 0.7532787136046477 0.17406627459039803 0.26420969987493725
3 880 748 881 0.7532787136046477 0.17406627459039803 0.26420969987493725
3 632 880 881 0.7532787136046477 0.17406627459039803 0.26420969987493725
3 749 882 881 0.7532787136046477 0.17406627459039803 0.26420969987493725
3 881 748 749 0.7532787136046477 0.17406627459039803 0.26420969987493725
3 881 790 632 0.7532787136046477 0.17406627459039803 0.26420969987493725
3 881 882 790 0.7532787136046477 0.17406627459039803 0.26420969987493725
3 657 866 865 0.7532787136046477 0.17406627459039803 0.26420969987493725
3 734 864 865 0.7532787136046477 0.17406627459039803 0.26420969987493725
3 792 884 868 0.7532787136046477 0.17406627459039803 0.26420969987493725
3 868 884 949 0.7532787136046477 0.17406627459039803 0.26420969987493725
3 949 948 868 0.7532787136046477 0.17406627459039803 0.26420969987493725
3 656 789 657 0.7532787136046477 0.17406627459039803 0.26420969987493725
3 656 864 655 0.7532787136046477 0.17406627459039803 0.26420969987493725
3 655 788 656 0.7532787136046477 0.17406627459039803 0.26420969987493725
3 788 789 656 0.7532787136046477 0.17406627459039803 0.26420969987493725
3 657 865 656 0.7532787136046477 0.17406627459039803 0.26420969987493725
3 656 865 864 0.7532787136046477 0.17406627459039803 0.26420969987493725
3 344 860 337 0.7532787136046477 0.17406627459039803 0.26420969987493725
3 860 616 337 0.7532787136046477 0.17406627459039803 0.26420969987493725
3 337 616 615 0.7532787136046477 0.17406627459039803 0.26420969987493725
3 615 336 337 0.7532787136046477 0.17406627459039803 0.26420969987493725
3 337 336 344 0.7532787136046477 0.17406627459039803 0.26420969987493725
3 397 396 629 0.7532787136046477 0.17406627459039803 0.26420969987493725
3 629 630 397 0.7532787136046477 0.17406627459039803 0.26420969987493725
3 786 785 397 0.7532787136046477 0.17406627459039803 0.26420969987493725
3 785 396 397 0.7532787136046477 0.17406627459039803 0.26420969987493725
3 397 787 786 0.7532787136046477 0.17406627459039803 0.26420969987493725
3 630 787 397 0.7532787136046477 0.17406627459039803 0.26420969987493725
3 785 388 387 0.7532787136046477 0.17406627459039803 0.26420969987493725
3 387 423 386 0.7532787136046477 0.17406627459039803 0.26420969987493725
3 424 423 387 0.7532787136046477 0.17406627459039803 0.26420969987493725
3 387 388 424 0.7532787136046477 0.17406627459039803 0.26420969987493725
3 386 784 387 0.7532787136046477 0.17406627459039803 0.26420969987493725
3 387 784 785 0.7532787136046477 0.17406627459039803 0.26420969987493725
3 862 653 654 0.7532787136046477 0.17406627459039803 0.26420969987493725
3 655 863 654 0.7532787136046477 0.17406627459039803 0.26420969987493725
3 654 863 862 0.7532787136046477 0.17406627459039803 0.26420969987493725
3 654 425 655 0.7532787136046477 0.17406627459039803 0.26420969987493725
3 424 425 654 0.7532787136046477 0.17406627459039803 0.26420969987493725
3 654 653 424 0.7532787136046477 0.17406627459039803 0.26420969987493725
3 101 102 933 0.7532787136046477 0.17406627459039803 0.26420969987493725
3 102 260 933 0.7532787136046477 0.17406627459039803 0.26420969987493725
3 556 260 103 0.7532787136046477 0.17406627459039803 0.26420969987493725
3 556 103 104 0.7532787136046477 0.17406627459039803 0.26420969987493725
3 104 319 556 0.7532787136046477 0.17406627459039803 0.26420969987493725
3 257 548 547 0.7532787136046477 0.17406627459039803 0.26420969987493725
3 547 256 257 0.7532787136046477 0.17406627459039803 0.26420969987493725
3 258 548 257 0.7532787136046477 0.17406627459039803 0.26420969987493725
3 551 552 715 0.7532787136046477 0.17406627459039803 0.26420969987493725
3 939 552 551 0.7532787136046477 0.17406627459039803 0.26420969987493725
3 163 711 712 0.7532787136046477 0.17406627459039803 0.26420969987493725
3 549 548 258 0.7532787136046477 0.17406627459039803 0.26420969987493725
3 258 259 549 0.7532787136046477 0.17406627459039803 0.26420969987493725
3 159 841 840 0.7532787136046477 0.17406627459039803 0.26420969987493725
3 162 711 163 0.7532787136046477 0.17406627459039803 0.26420969987493725
3 158 537 159 0.7532787136046477 0.17406627459039803 0.26420969987493725
3 158 840 839 0.7532787136046477 0.17406627459039803 0.26420969987493725
3 159 840 158 0.7532787136046477 0.17406627459039803 0.26420969987493725
3 506 85 86 0.7532787136046477 0.17406627459039803 0.26420969987493725
3 643 911 642 0.7532787136046477 0.17406627459039803 0.26420969987493725
3 642 911 910 0.7532787136046477 0.17406627459039803 0.26420969987493725
3 493 640 492 0.7532787136046477 0.17406627459039803 0.26420969987493725
3 492 413 493 0.7532787136046477 0.17406627459039803 0.26420969987493725
3 830 413 829 0.7532787136046477 0.17406627459039803 0.26420969987493725
3 708 848 849 0.7532787136046477 0.17406627459039803 0.26420969987493725
3 850 709 849 0.7532787136046477 0.17406627459039803 0.26420969987493725
3 849 709 708 0.7532787136046477 0.17406627459039803 0.26420969987493725
3 849 721 850 0.7532787136046477 0.17406627459039803 0.26420969987493725
3 719 555 720 0.7532787136046477 0.17406627459039803 0.26420969987493725
3 721 849 720 0.7532787136046477 0.17406627459039803 0.26420969987493725
3 720 849 848 0.7532787136046477 0.17406627459039803 0.26420969987493725
3 720 555 943 0.7532787136046477 0.17406627459039803 0.26420969987493725
3 706 534 535 0.7532787136046477 0.17406627459039803 0.26420969987493725
3 513 923 924 0.7532787136046477 0.17406627459039803 0.26420969987493725
3 606 512 513 0.7532787136046477 0.17406627459039803 0.26420969987493725
3 513 512 923 0.7532787136046477 0.17406627459039803 0.26420969987493725
3 606 513 607 0.7532787136046477 0.17406627459039803 0.26420969987493725
3 696 834 695 0.7532787136046477 0.17406627459039803 0.26420969987493725
3 695 928 696 0.7532787136046477 0.17406627459039803 0.26420969987493725
3 927 928 695 0.7532787136046477 0.17406627459039803 0.26420969987493725
3 707 927 706 0.7532787136046477 0.17406627459039803 0.26420969987493725
3 707 928 927 0.7532787136046477 0.17406627459039803 0.26420969987493725
3 708 928 707 0.7532787136046477 0.17406627459039803 0.26420969987493725
3 706 535 707 0.7532787136046477 0.17406627459039803 0.26420969987493725
3 707 848 708 0.7532787136046477 0.17406627459039803 0.26420969987493725
3 707 535 848 0.7532787136046477 0.17406627459039803 0.26420969987493725
3 924 523 925 0.7532787136046477 0.17406627459039803 0.26420969987493725
3 154 527 153 0.7532787136046477 0.17406627459039803 0.26420969987493725
3 154 838 839 0.7532787136046477 0.17406627459039803 0.26420969987493725
3 153 838 154 0.7532787136046477 0.17406627459039803 0.26420969987493725
3 528 527 154 0.7532787136046477 0.17406627459039803 0.26420969987493725
3 156 530 529 0.7532787136046477 0.17406627459039803 0.26420969987493725
3 156 840 841 0.7532787136046477 0.17406627459039803 0.26420969987493725
3 156 841 842 0.7532787136046477 0.17406627459039803 0.26420969987493725
3 842 530 156 0.7532787136046477 0.17406627459039803 0.26420969987493725
3 606 607 691 0.7532787136046477 0.17406627459039803 0.26420969987493725
3 691 379 606 0.7532787136046477 0.17406627459039803 0.26420969987493725
3 690 379 691 0.7532787136046477 0.17406627459039803 0.26420969987493725
3 91 697 90 0.7532787136046477 0.17406627459039803 0.26420969987493725
3 240 697 241 0.7532787136046477 0.17406627459039803 0.26420969987493725
3 89 90 240 0.7532787136046477 0.17406627459039803 0.26420969987493725
3 240 90 697 0.7532787136046477 0.17406627459039803 0.26420969987493725
3 506 86 313 0.7532787136046477 0.17406627459039803 0.26420969987493725
3 87 917 313 0.7532787136046477 0.17406627459039803 0.26420969987493725
3 313 86 87 0.7532787136046477 0.17406627459039803 0.26420969987493725
3 235 917 87 0.7532787136046477 0.17406627459039803 0.26420969987493725
3 510 603 509 0.7532787136046477 0.17406627459039803 0.26420969987493725
3 603 152 509 0.7532787136046477 0.17406627459039803 0.26420969987493725
3 603 376 602 0.7532787136046477 0.17406627459039803 0.26420969987493725
3 602 152 603 0.7532787136046477 0.17406627459039803 0.26420969987493725
3 376 375 602 0.7532787136046477 0.17406627459039803 0.26420969987493725
3 517 237 236 0.7532787136046477 0.17406627459039803 0.26420969987493725
3 517 240 241 0.7532787136046477 0.17406627459039803 0.26420969987493725
3 518 241 242 0.7532787136046477 0.17406627459039803 0.26420969987493725
3 238 237 518 0.7532787136046477 0.17406627459039803 0.26420969987493725
3 518 517 241 0.7532787136046477 0.17406627459039803 0.26420969987493725
3 237 517 518 0.7532787136046477 0.17406627459039803 0.26420969987493725
3 922 512 318 0.7532787136046477 0.17406627459039803 0.26420969987493725
3 318 512 511 0.7532787136046477 0.17406627459039803 0.26420969987493725
3 318 921 922 0.7532787136046477 0.17406627459039803 0.26420969987493725
3 511 512 605 0.7532787136046477 0.17406627459039803 0.26420969987493725
3 604 511 605 0.7532787136046477 0.17406627459039803 0.26420969987493725
3 606 379 605 0.7532787136046477 0.17406627459039803 0.26420969987493725
3 605 512 606 0.7532787136046477 0.17406627459039803 0.26420969987493725
3 605 378 604 0.7532787136046477 0.17406627459039803 0.26420969987493725
3 605 379 378 0.7532787136046477 0.17406627459039803 0.26420969987493725
3 317 511 510 0.7532787136046477 0.17406627459039803 0.26420969987493725
3 317 318 511 0.7532787136046477 0.17406627459039803 0.26420969987493725
3 921 318 317 0.7532787136046477 0.17406627459039803 0.26420969987493725
3 490 489 140 0.7532787136046477 0.17406627459039803 0.26420969987493725
3 136 489 490 0.7532787136046477 0.17406627459039803 0.26420969987493725
3 490 637 136 0.7532787136046477 0.17406627459039803 0.26420969987493725
3 490 491 638 0.7532787136046477 0.17406627459039803 0.26420969987493725
3 638 637 490 0.7532787136046477 0.17406627459039803 0.26420969987493725
3 143 826 144 0.7532787136046477 0.17406627459039803 0.26420969987493725
3 144 409 143 0.7532787136046477 0.17406627459039803 0.26420969987493725
3 144 826 827 0.7532787136046477 0.17406627459039803 0.26420969987493725
3 412 413 492 0.7532787136046477 0.17406627459039803 0.26420969987493725
3 492 491 412 0.7532787136046477 0.17406627459039803 0.26420969987493725
3 829 413 412 0.7532787136046477 0.17406627459039803 0.26420969987493725
3 412 828 829 0.7532787136046477 0.17406627459039803 0.26420969987493725
3 689 690 501 0.7532787136046477 0.17406627459039803 0.26420969987493725
3 501 234 689 0.7532787136046477 0.17406627459039803 0.26420969987493725
3 501 500 234 0.7532787136046477 0.17406627459039803 0.26420969987493725
3 827 500 501 0.7532787136046477 0.17406627459039803 0.26420969987493725
3 501 828 827 0.7532787136046477 0.17406627459039803 0.26420969987493725
3 601 374 600 0.7532787136046477 0.17406627459039803 0.26420969987493725
3 601 375 374 0.7532787136046477 0.17406627459039803 0.26420969987493725
3 601 602 375 0.7532787136046477 0.17406627459039803 0.26420969987493725
3 686 687 232 0.7532787136046477 0.17406627459039803 0.26420969987493725
3 685 375 686 0.7532787136046477 0.17406627459039803 0.26420969987493725
3 686 375 376 0.7532787136046477 0.17406627459039803 0.26420969987493725
3 376 687 686 0.7532787136046477 0.17406627459039803 0.26420969987493725
3 686 231 685 0.7532787136046477 0.17406627459039803 0.26420969987493725
3 232 231 686 0.7532787136046477 0.17406627459039803 0.26420969987493725
3 348 267 268 0.7532787136046477 0.17406627459039803 0.26420969987493725
3 348 857 341 0.7532787136046477 0.17406627459039803 0.26420969987493725
3 348 341 347 0.7532787136046477 0.17406627459039803 0.26420969987493725
3 347 267 348 0.7532787136046477 0.17406627459039803 0.26420969987493725
3 340 341 333 0.7532787136046477 0.17406627459039803 0.26420969987493725
3 332 340 333 0.7532787136046477 0.17406627459039803 0.26420969987493725
3 333 611 332 0.7532787136046477 0.17406627459039803 0.26420969987493725
3 668 445 667 0.7532787136046477 0.17406627459039803 0.26420969987493725
3 462 463 800 0.7532787136046477 0.17406627459039803 0.26420969987493725
3 800 799 462 0.7532787136046477 0.17406627459039803 0.26420969987493725
3 801 800 463 0.7532787136046477 0.17406627459039803 0.26420969987493725
3 454 800 801 0.7532787136046477 0.17406627459039803 0.26420969987493725
3 669 803 804 0.7532787136046477 0.17406627459039803 0.26420969987493725
3 806 807 749 0.7532787136046477 0.17406627459039803 0.26420969987493725
3 683 898 806 0.7532787136046477 0.17406627459039803 0.26420969987493725
3 899 807 806 0.7532787136046477 0.17406627459039803 0.26420969987493725
3 806 898 899 0.7532787136046477 0.17406627459039803 0.26420969987493725
3 681 804 803 0.7532787136046477 0.17406627459039803 0.26420969987493725
3 277 278 476 0.7532787136046477 0.17406627459039803 0.26420969987493725
3 47 48 476 0.7532787136046477 0.17406627459039803 0.26420969987493725
3 476 48 277 0.7532787136046477 0.17406627459039803 0.26420969987493725
3 279 753 280 0.7532787136046477 0.17406627459039803 0.26420969987493725
3 280 478 279 0.7532787136046477 0.17406627459039803 0.26420969987493725
3 479 478 280 0.7532787136046477 0.17406627459039803 0.26420969987493725
3 280 753 754 0.7532787136046477 0.17406627459039803 0.26420969987493725
3 674 673 213 0.7532787136046477 0.17406627459039803 0.26420969987493725
3 214 675 674 0.7532787136046477 0.17406627459039803 0.26420969987493725
3 674 213 214 0.7532787136046477 0.17406627459039803 0.26420969987493725
3 43 466 210 0.7532787136046477 0.17406627459039803 0.26420969987493725
3 211 671 210 0.7532787136046477 0.17406627459039803 0.26420969987493725
3 42 205 41 0.7532787136046477 0.17406627459039803 0.26420969987493725
3 42 671 205 0.7532787136046477 0.17406627459039803 0.26420969987493725
3 43 210 42 0.7532787136046477 0.17406627459039803 0.26420969987493725
3 42 210 671 0.7532787136046477 0.17406627459039803 0.26420969987493725
3 458 457 206 0.7532787136046477 0.17406627459039803 0.26420969987493725
3 206 457 205 0.7532787136046477 0.17406627459039803 0.26420969987493725
3 205 671 206 0.7532787136046477 0.17406627459039803 0.26420969987493725
3 44 466 43 0.7532787136046477 0.17406627459039803 0.26420969987493725
3 426 175 25 0.7532787136046477 0.17406627459039803 0.26420969987493725
3 426 26 352 0.7532787136046477 0.17406627459039803 0.26420969987493725
3 426 25 26 0.7532787136046477 0.17406627459039803 0.26420969987493725
3 352 271 426 0.7532787136046477 0.17406627459039803 0.26420969987493725
3 271 353 426 0.7532787136046477 0.17406627459039803 0.26420969987493725
3 272 353 736 0.7532787136046477 0.17406627459039803 0.26420969987493725
3 272 736 180 0.7532787136046477 0.17406627459039803 0.26420969987493725
3 180 737 272 0.7532787136046477 0.17406627459039803 0.26420969987493725
3 662 441 189 0.7532787136046477 0.17406627459039803 0.26420969987493725
3 189 661 662 0.7532787136046477 0.17406627459039803 0.26420969987493725
3 182 438 183 0.7532787136046477 0.17406627459039803 0.26420969987493725
3 183 739 182 0.7532787136046477 0.17406627459039803 0.26420969987493725
3 355 274 356 0.7532787136046477 0.17406627459039803 0.26420969987493725
3 274 739 356 0.7532787136046477 0.17406627459039803 0.26420969987493725
3 276 741 358 0.7532787136046477 0.17406627459039803 0.26420969987493725
3 123 624 124 0.7532787136046477 0.17406627459039803 0.26420969987493725
3 391 123 124 0.7532787136046477 0.17406627459039803 0.26420969987493725
3 124 392 391 0.7532787136046477 0.17406627459039803 0.26420969987493725
3 393 392 124 0.7532787136046477 0.17406627459039803 0.26420969987493725
3 870 176 177 0.7532787136046477 0.17406627459039803 0.26420969987493725
3 177 871 870 0.7532787136046477 0.17406627459039803 0.26420969987493725
3 871 177 178 0.7532787136046477 0.17406627459039803 0.26420969987493725
3 795 201 202 0.7532787136046477 0.17406627459039803 0.26420969987493725
3 202 796 795 0.7532787136046477 0.17406627459039803 0.26420969987493725
3 202 457 458 0.7532787136046477 0.17406627459039803 0.26420969987493725
3 202 201 457 0.7532787136046477 0.17406627459039803 0.26420969987493725
3 190 446 191 0.7532787136046477 0.17406627459039803 0.26420969987493725
3 446 447 191 0.7532787136046477 0.17406627459039803 0.26420969987493725
3 193 661 192 0.7532787136046477 0.17406627459039803 0.26420969987493725
3 661 660 192 0.7532787136046477 0.17406627459039803 0.26420969987493725
3 192 191 447 0.7532787136046477 0.17406627459039803 0.26420969987493725
3 660 191 192 0.7532787136046477 0.17406627459039803 0.26420969987493725
3 448 196 197 0.7532787136046477 0.17406627459039803 0.26420969987493725
3 448 447 196 0.7532787136046477 0.17406627459039803 0.26420969987493725
3 448 192 447 0.7532787136046477 0.17406627459039803 0.26420969987493725
3 197 449 448 0.7532787136046477 0.17406627459039803 0.26420969987493725
3 448 449 193 0.7532787136046477 0.17406627459039803 0.26420969987493725
3 193 192 448 0.7532787136046477 0.17406627459039803 0.26420969987493725
3 779 119 780 0.7532787136046477 0.17406627459039803 0.26420969987493725
3 780 115 779 0.7532787136046477 0.17406627459039803 0.26420969987493725
3 112 382 383 0.7532787136046477 0.17406627459039803 0.26420969987493725
3 382 115 383 0.7532787136046477 0.17406627459039803 0.26420969987493725
3 383 384 112 0.7532787136046477 0.17406627459039803 0.26420969987493725
3 673 208 207 0.7532787136046477 0.17406627459039803 0.26420969987493725
3 458 206 207 0.7532787136046477 0.17406627459039803 0.26420969987493725
3 207 459 458 0.7532787136046477 0.17406627459039803 0.26420969987493725
3 207 208 459 0.7532787136046477 0.17406627459039803 0.26420969987493725
3 450 199 451 0.7532787136046477 0.17406627459039803 0.26420969987493725
3 451 663 450 0.7532787136046477 0.17406627459039803 0.26420969987493725
3 450 663 194 0.7532787136046477 0.17406627459039803 0.26420969987493725
3 194 449 450 0.7532787136046477 0.17406627459039803 0.26420969987493725
3 450 449 198 0.7532787136046477 0.17406627459039803 0.26420969987493725
3 198 199 450 0.7532787136046477 0.17406627459039803 0.26420969987493725
3 434 435 877 0.7532787136046477 0.17406627459039803 0.26420969987493725
3 434 744 435 0.7532787136046477 0.17406627459039803 0.26420969987493725
3 743 744 434 0.7532787136046477 0.17406627459039803 0.26420969987493725
3 669 748 747 0.7532787136046477 0.17406627459039803 0.26420969987493725
3 747 668 669 0.7532787136046477 0.17406627459039803 0.26420969987493725
3 747 746 668 0.7532787136046477 0.17406627459039803 0.26420969987493725
3 747 748 880 0.7532787136046477 0.17406627459039803 0.26420969987493725
3 747 880 879 0.7532787136046477 0.17406627459039803 0.26420969987493725
3 879 746 747 0.7532787136046477 0.17406627459039803 0.26420969987493725
3 651 351 270 0.7532787136046477 0.17406627459039803 0.26420969987493725
3 269 649 270 0.7532787136046477 0.17406627459039803 0.26420969987493725
3 726 725 328 0.7532787136046477 0.17406627459039803 0.26420969987493725
3 328 329 726 0.7532787136046477 0.17406627459039803 0.26420969987493725
3 330 329 615 0.7532787136046477 0.17406627459039803 0.26420969987493725
3 615 616 330 0.7532787136046477 0.17406627459039803 0.26420969987493725
3 330 616 728 0.7532787136046477 0.17406627459039803 0.26420969987493725
3 349 268 269 0.7532787136046477 0.17406627459039803 0.26420969987493725
3 858 857 349 0.7532787136046477 0.17406627459039803 0.26420969987493725
3 349 348 268 0.7532787136046477 0.17406627459039803 0.26420969987493725
3 857 348 349 0.7532787136046477 0.17406627459039803 0.26420969987493725
3 567 284 283 0.7532787136046477 0.17406627459039803 0.26420969987493725
3 567 283 566 0.7532787136046477 0.17406627459039803 0.26420969987493725
3 566 290 567 0.7532787136046477 0.17406627459039803 0.26420969987493725
3 567 290 291 0.7532787136046477 0.17406627459039803 0.26420969987493725
3 291 290 810 0.7532787136046477 0.17406627459039803 0.26420969987493725
3 809 289 808 0.7532787136046477 0.17406627459039803 0.26420969987493725
3 809 290 289 0.7532787136046477 0.17406627459039803 0.26420969987493725
3 809 810 290 0.7532787136046477 0.17406627459039803 0.26420969987493725
3 572 756 755 0.7532787136046477 0.17406627459039803 0.26420969987493725
3 583 770 771 0.7532787136046477 0.17406627459039803 0.26420969987493725
3 583 300 770 0.7532787136046477 0.17406627459039803 0.26420969987493725
3 752 753 279 0.7532787136046477 0.17406627459039803 0.26420969987493725
3 279 278 752 0.7532787136046477 0.17406627459039803 0.26420969987493725
3 752 278 751 0.7532787136046477 0.17406627459039803 0.26420969987493725
3 751 285 752 0.7532787136046477 0.17406627459039803 0.26420969987493725
3 568 285 284 0.7532787136046477 0.17406627459039803 0.26420969987493725
3 568 567 291 0.7532787136046477 0.17406627459039803 0.26420969987493725
3 284 567 568 0.7532787136046477 0.17406627459039803 0.26420969987493725
3 305 593 306 0.7532787136046477 0.17406627459039803 0.26420969987493725
3 306 593 594 0.7532787136046477 0.17406627459039803 0.26420969987493725
3 306 770 769 0.7532787136046477 0.17406627459039803 0.26420969987493725
3 594 770 306 0.7532787136046477 0.17406627459039803 0.26420969987493725
3 767 304 305 0.7532787136046477 0.17406627459039803 0.26420969987493725
3 766 304 767 0.7532787136046477 0.17406627459039803 0.26420969987493725
3 769 300 299 0.7532787136046477 0.17406627459039803 0.26420969987493725
3 775 912 776 0.7532787136046477 0.17406627459039803 0.26420969987493725
3 775 587 774 0.7532787136046477 0.17406627459039803 0.26420969987493725
3 774 598 775 0.7532787136046477 0.17406627459039803 0.26420969987493725
3 775 598 912 0.7532787136046477 0.17406627459039803 0.26420969987493725
3 132 297 131 0.7532787136046477 0.17406627459039803 0.26420969987493725
3 766 767 131 0.7532787136046477 0.17406627459039803 0.26420969987493725
3 131 767 132 0.7532787136046477 0.17406627459039803 0.26420969987493725
3 131 130 766 0.7532787136046477 0.17406627459039803 0.26420969987493725
3 131 296 130 0.7532787136046477 0.17406627459039803 0.26420969987493725
3 131 297 296 0.7532787136046477 0.17406627459039803 0.26420969987493725
3 298 297 132 0.7532787136046477 0.17406627459039803 0.26420969987493725
3 298 299 580 0.7532787136046477 0.17406627459039803 0.26420969987493725
3 132 299 298 0.7532787136046477 0.17406627459039803 0.26420969987493725
3 929 709 930 0.7532787136046477 0.17406627459039803 0.26420969987493725
3 929 930 696 0.7532787136046477 0.17406627459039803 0.26420969987493725
3 696 928 929 0.7532787136046477 0.17406627459039803 0.26420969987493725
3 929 928 708 0.7532787136046477 0.17406627459039803 0.26420969987493725
3 708 709 929 0.7532787136046477 0.17406627459039803 0.26420969987493725
3 617 616 860 0.7532787136046477 0.17406627459039803 0.26420969987493725
3 617 860 861 0.7532787136046477 0.17406627459039803 0.26420969987493725
3 861 618 617 0.7532787136046477 0.17406627459039803 0.26420969987493725
3 565 943 942 0.7532787136046477 0.17406627459039803 0.26420969987493725
3 943 555 942 0.7532787136046477 0.17406627459039803 0.26420969987493725
3 942 941 565 0.7532787136046477 0.17406627459039803 0.26420969987493725
3 554 941 942 0.7532787136046477 0.17406627459039803 0.26420969987493725
3 942 555 554 0.7532787136046477 0.17406627459039803 0.26420969987493725
3 734 865 735 0.7532787136046477 0.17406627459039803 0.26420969987493725
3 735 865 866 0.7532787136046477 0.17406627459039803 0.26420969987493725
3 944 943 734 0.7532787136046477 0.17406627459039803 0.26420969987493725
3 734 735 944 0.7532787136046477 0.17406627459039803 0.26420969987493725
3 944 735 945 0.7532787136046477 0.17406627459039803 0.26420969987493725
3 944 945 721 0.7532787136046477 0.17406627459039803 0.26420969987493725
3 721 720 944 0.7532787136046477 0.17406627459039803 0.26420969987493725
3 944 720 943 0.7532787136046477 0.17406627459039803 0.26420969987493725
3 722 851 850 0.7532787136046477 0.17406627459039803 0.26420969987493725
3 850 721 722 0.7532787136046477 0.17406627459039803 0.26420969987493725
3 721 945 722 0.7532787136046477 0.17406627459039803 0.26420969987493725
3 792 868 867 0.7532787136046477 0.17406627459039803 0.26420969987493725
3 867 791 792 0.7532787136046477 0.17406627459039803 0.26420969987493725
3 867 866 791 0.7532787136046477 0.17406627459039803 0.26420969987493725
3 627 628 395 0.7532787136046477 0.17406627459039803 0.26420969987493725
3 395 394 627 0.7532787136046477 0.17406627459039803 0.26420969987493725
3 554 718 717 0.7532787136046477 0.17406627459039803 0.26420969987493725
3 718 544 717 0.7532787136046477 0.17406627459039803 0.26420969987493725
3 715 542 541 0.7532787136046477 0.17406627459039803 0.26420969987493725
3 541 714 715 0.7532787136046477 0.17406627459039803 0.26420969987493725
3 540 714 541 0.7532787136046477 0.17406627459039803 0.26420969987493725
3 727 323 322 0.7532787136046477 0.17406627459039803 0.26420969987493725
3 322 726 727 0.7532787136046477 0.17406627459039803 0.26420969987493725
3 727 726 329 0.7532787136046477 0.17406627459039803 0.26420969987493725
3 329 330 727 0.7532787136046477 0.17406627459039803 0.26420969987493725
3 728 323 727 0.7532787136046477 0.17406627459039803 0.26420969987493725
3 727 330 728 0.7532787136046477 0.17406627459039803 0.26420969987493725
3 934 256 255 0.7532787136046477 0.17406627459039803 0.26420969987493725
3 255 933 934 0.7532787136046477 0.17406627459039803 0.26420969987493725
3 255 256 546 0.7532787136046477 0.17406627459039803 0.26420969987493725
3 101 933 255 0.7532787136046477 0.17406627459039803 0.26420969987493725
3 255 100 101 0.7532787136046477 0.17406627459039803 0.26420969987493725
3 255 546 100 0.7532787136046477 0.17406627459039803 0.26420969987493725
3 320 319 724 0.7532787136046477 0.17406627459039803 0.26420969987493725
3 320 556 319 0.7532787136046477 0.17406627459039803 0.26420969987493725
3 724 725 320 0.7532787136046477 0.17406627459039803 0.26420969987493725
3 263 262 559 0.7532787136046477 0.17406627459039803 0.26420969987493725
3 322 323 559 0.7532787136046477 0.17406627459039803 0.26420969987493725
3 258 257 936 0.7532787136046477 0.17406627459039803 0.26420969987493725
3 936 937 258 0.7532787136046477 0.17406627459039803 0.26420969987493725
3 264 937 936 0.7532787136046477 0.17406627459039803 0.26420969987493725
3 936 263 264 0.7532787136046477 0.17406627459039803 0.26420969987493725
3 163 539 538 0.7532787136046477 0.17406627459039803 0.26420969987493725
3 159 537 538 0.7532787136046477 0.17406627459039803 0.26420969987493725
3 538 162 163 0.7532787136046477 0.17406627459039803 0.26420969987493725
3 537 162 538 0.7532787136046477 0.17406627459039803 0.26420969987493725
3 160 841 159 0.7532787136046477 0.17406627459039803 0.26420969987493725
3 159 538 160 0.7532787136046477 0.17406627459039803 0.26420969987493725
3 160 538 539 0.7532787136046477 0.17406627459039803 0.26420969987493725
3 842 841 160 0.7532787136046477 0.17406627459039803 0.26420969987493725
3 160 540 842 0.7532787136046477 0.17406627459039803 0.26420969987493725
3 160 539 540 0.7532787136046477 0.17406627459039803 0.26420969987493725
3 259 551 550 0.7532787136046477 0.17406627459039803 0.26420969987493725
3 550 549 259 0.7532787136046477 0.17406627459039803 0.26420969987493725
3 253 549 550 0.7532787136046477 0.17406627459039803 0.26420969987493725
3 939 551 938 0.7532787136046477 0.17406627459039803 0.26420969987493725
3 938 551 259 0.7532787136046477 0.17406627459039803 0.26420969987493725
3 938 259 937 0.7532787136046477 0.17406627459039803 0.26420969987493725
3 938 937 264 0.7532787136046477 0.17406627459039803 0.26420969987493725
3 264 561 938 0.7532787136046477 0.17406627459039803 0.26420969987493725
3 252 711 251 0.7532787136046477 0.17406627459039803 0.26420969987493725
3 252 712 711 0.7532787136046477 0.17406627459039803 0.26420969987493725
3 251 548 252 0.7532787136046477 0.17406627459039803 0.26420969987493725
3 253 712 252 0.7532787136046477 0.17406627459039803 0.26420969987493725
3 548 549 252 0.7532787136046477 0.17406627459039803 0.26420969987493725
3 252 549 253 0.7532787136046477 0.17406627459039803 0.26420969987493725
3 254 551 715 0.7532787136046477 0.17406627459039803 0.26420969987493725
3 715 714 254 0.7532787136046477 0.17406627459039803 0.26420969987493725
3 254 550 551 0.7532787136046477 0.17406627459039803 0.26420969987493725
3 253 550 254 0.7532787136046477 0.17406627459039803 0.26420969987493725
3 540 539 164 0.7532787136046477 0.17406627459039803 0.26420969987493725
3 164 714 540 0.7532787136046477 0.17406627459039803 0.26420969987493725
3 164 539 163 0.7532787136046477 0.17406627459039803 0.26420969987493725
3 163 712 164 0.7532787136046477 0.17406627459039803 0.26420969987493725
3 161 162 537 0.7532787136046477 0.17406627459039803 0.26420969987493725
3 161 97 98 0.7532787136046477 0.17406627459039803 0.26420969987493725
3 839 838 157 0.7532787136046477 0.17406627459039803 0.26420969987493725
3 157 158 839 0.7532787136046477 0.17406627459039803 0.26420969987493725
3 157 95 96 0.7532787136046477 0.17406627459039803 0.26420969987493725
3 157 838 95 0.7532787136046477 0.17406627459039803 0.26420969987493725
3 415 832 495 0.7532787136046477 0.17406627459039803 0.26420969987493725
3 643 642 495 0.7532787136046477 0.17406627459039803 0.26420969987493725
3 831 830 504 0.7532787136046477 0.17406627459039803 0.26420969987493725
3 831 832 415 0.7532787136046477 0.17406627459039803 0.26420969987493725
3 414 831 415 0.7532787136046477 0.17406627459039803 0.26420969987493725
3 830 831 414 0.7532787136046477 0.17406627459039803 0.26420969987493725
3 414 493 413 0.7532787136046477 0.17406627459039803 0.26420969987493725
3 413 830 414 0.7532787136046477 0.17406627459039803 0.26420969987493725
3 846 535 534 0.7532787136046477 0.17406627459039803 0.26420969987493725
3 534 845 846 0.7532787136046477 0.17406627459039803 0.26420969987493725
3 514 925 515 0.7532787136046477 0.17406627459039803 0.26420969987493725
3 924 925 514 0.7532787136046477 0.17406627459039803 0.26420969987493725
3 514 513 924 0.7532787136046477 0.17406627459039803 0.26420969987493725
3 514 607 513 0.7532787136046477 0.17406627459039803 0.26420969987493725
3 515 925 926 0.7532787136046477 0.17406627459039803 0.26420969987493725
3 524 523 704 0.7532787136046477 0.17406627459039803 0.26420969987493725
3 524 925 523 0.7532787136046477 0.17406627459039803 0.26420969987493725
3 524 926 925 0.7532787136046477 0.17406627459039803 0.26420969987493725
3 528 154 155 0.7532787136046477 0.17406627459039803 0.26420969987493725
3 840 156 155 0.7532787136046477 0.17406627459039803 0.26420969987493725
3 839 840 155 0.7532787136046477 0.17406627459039803 0.26420969987493725
3 155 154 839 0.7532787136046477 0.17406627459039803 0.26420969987493725
3 529 528 155 0.7532787136046477 0.17406627459039803 0.26420969987493725
3 155 156 529 0.7532787136046477 0.17406627459039803 0.26420969987493725
3 249 530 702 0.7532787136046477 0.17406627459039803 0.26420969987493725
3 529 530 249 0.7532787136046477 0.17406627459039803 0.26420969987493725
3 247 700 699 0.7532787136046477 0.17406627459039803 0.26420969987493725
3 246 247 699 0.7532787136046477 0.17406627459039803 0.26420969987493725
3 699 698 246 0.7532787136046477 0.17406627459039803 0.26420969987493725
3 242 698 699 0.7532787136046477 0.17406627459039803 0.26420969987493725
3 703 532 704 0.7532787136046477 0.17406627459039803 0.26420969987493725
3 522 702 703 0.7532787136046477 0.17406627459039803 0.26420969987493725
3 703 523 522 0.7532787136046477 0.17406627459039803 0.26420969987493725
3 704 523 703 0.7532787136046477 0.17406627459039803 0.26420969987493725
3 531 530 842 0.7532787136046477 0.17406627459039803 0.26420969987493725
3 702 530 531 0.7532787136046477 0.17406627459039803 0.26420969987493725
3 531 703 702 0.7532787136046477 0.17406627459039803 0.26420969987493725
3 532 703 531 0.7532787136046477 0.17406627459039803 0.26420969987493725
3 504 830 503 0.7532787136046477 0.17406627459039803 0.26420969987493725
3 503 830 829 0.7532787136046477 0.17406627459039803 0.26420969987493725
3 236 235 516 0.7532787136046477 0.17406627459039803 0.26420969987493725
3 516 517 236 0.7532787136046477 0.17406627459039803 0.26420969987493725
3 240 517 516 0.7532787136046477 0.17406627459039803 0.26420969987493725
3 89 240 516 0.7532787136046477 0.17406627459039803 0.26420969987493725
3 88 235 87 0.7532787136046477 0.17406627459039803 0.26420969987493725
3 89 516 88 0.7532787136046477 0.17406627459039803 0.26420969987493725
3 88 516 235 0.7532787136046477 0.17406627459039803 0.26420969987493725
3 236 237 919 0.7532787136046477 0.17406627459039803 0.26420969987493725
3 918 235 236 0.7532787136046477 0.17406627459039803 0.26420969987493725
3 236 919 918 0.7532787136046477 0.17406627459039803 0.26420969987493725
3 917 235 918 0.7532787136046477 0.17406627459039803 0.26420969987493725
3 918 314 917 0.7532787136046477 0.17406627459039803 0.26420969987493725
3 507 313 917 0.7532787136046477 0.17406627459039803 0.26420969987493725
3 917 314 507 0.7532787136046477 0.17406627459039803 0.26420969987493725
3 140 409 410 0.7532787136046477 0.17406627459039803 0.26420969987493725
3 409 144 410 0.7532787136046477 0.17406627459039803 0.26420969987493725
3 314 918 508 0.7532787136046477 0.17406627459039803 0.26420969987493725
3 334 333 341 0.7532787136046477 0.17406627459039803 0.26420969987493725
3 341 857 334 0.7532787136046477 0.17406627459039803 0.26420969987493725
3 335 613 334 0.7532787136046477 0.17406627459039803 0.26420969987493725
3 334 857 335 0.7532787136046477 0.17406627459039803 0.26420969987493725
3 326 611 612 0.7532787136046477 0.17406627459039803 0.26420969987493725
3 611 333 612 0.7532787136046477 0.17406627459039803 0.26420969987493725
3 327 326 612 0.7532787136046477 0.17406627459039803 0.26420969987493725
3 333 334 612 0.7532787136046477 0.17406627459039803 0.26420969987493725
3 612 613 327 0.7532787136046477 0.17406627459039803 0.26420969987493725
3 612 334 613 0.7532787136046477 0.17406627459039803 0.26420969987493725
3 803 668 455 0.7532787136046477 0.17406627459039803 0.26420969987493725
3 668 667 455 0.7532787136046477 0.17406627459039803 0.26420969987493725
3 455 667 454 0.7532787136046477 0.17406627459039803 0.26420969987493725
3 454 801 455 0.7532787136046477 0.17406627459039803 0.26420969987493725
3 454 667 666 0.7532787136046477 0.17406627459039803 0.26420969987493725
3 444 665 666 0.7532787136046477 0.17406627459039803 0.26420969987493725
3 666 445 444 0.7532787136046477 0.17406627459039803 0.26420969987493725
3 666 667 445 0.7532787136046477 0.17406627459039803 0.26420969987493725
3 453 800 454 0.7532787136046477 0.17406627459039803 0.26420969987493725
3 453 665 452 0.7532787136046477 0.17406627459039803 0.26420969987493725
3 452 799 453 0.7532787136046477 0.17406627459039803 0.26420969987493725
3 799 800 453 0.7532787136046477 0.17406627459039803 0.26420969987493725
3 453 666 665 0.7532787136046477 0.17406627459039803 0.26420969987493725
3 454 666 453 0.7532787136046477 0.17406627459039803 0.26420969987493725
3 464 801 463 0.7532787136046477 0.17406627459039803 0.26420969987493725
3 822 777 915 0.7532787136046477 0.17406627459039803 0.26420969987493725
3 915 916 822 0.7532787136046477 0.17406627459039803 0.26420969987493725
3 822 900 899 0.7532787136046477 0.17406627459039803 0.26420969987493725
3 916 900 822 0.7532787136046477 0.17406627459039803 0.26420969987493725
3 896 681 895 0.7532787136046477 0.17406627459039803 0.26420969987493725
3 670 806 749 0.7532787136046477 0.17406627459039803 0.26420969987493725
3 670 748 669 0.7532787136046477 0.17406627459039803 0.26420969987493725
3 749 748 670 0.7532787136046477 0.17406627459039803 0.26420969987493725
3 669 804 670 0.7532787136046477 0.17406627459039803 0.26420969987493725
3 586 773 774 0.7532787136046477 0.17406627459039803 0.26420969987493725
3 774 587 586 0.7532787136046477 0.17406627459039803 0.26420969987493725
3 585 773 586 0.7532787136046477 0.17406627459039803 0.26420969987493725
3 586 816 585 0.7532787136046477 0.17406627459039803 0.26420969987493725
3 484 485 893 0.7532787136046477 0.17406627459039803 0.26420969987493725
3 482 481 756 0.7532787136046477 0.17406627459039803 0.26420969987493725
3 757 756 573 0.7532787136046477 0.17406627459039803 0.26420969987493725
3 757 482 756 0.7532787136046477 0.17406627459039803 0.26420969987493725
3 46 47 220 0.7532787136046477 0.17406627459039803 0.26420969987493725
3 47 476 220 0.7532787136046477 0.17406627459039803 0.26420969987493725
3 888 223 224 0.7532787136046477 0.17406627459039803 0.26420969987493725
3 887 223 888 0.7532787136046477 0.17406627459039803 0.26420969987493725
3 888 217 887 0.7532787136046477 0.17406627459039803 0.26420969987493725
3 211 468 212 0.7532787136046477 0.17406627459039803 0.26420969987493725
3 212 213 673 0.7532787136046477 0.17406627459039803 0.26420969987493725
3 469 213 212 0.7532787136046477 0.17406627459039803 0.26420969987493725
3 212 468 469 0.7532787136046477 0.17406627459039803 0.26420969987493725
3 675 214 676 0.7532787136046477 0.17406627459039803 0.26420969987493725
3 676 472 677 0.7532787136046477 0.17406627459039803 0.26420969987493725
3 676 461 209 0.7532787136046477 0.17406627459039803 0.26420969987493725
3 209 675 676 0.7532787136046477 0.17406627459039803 0.26420969987493725
3 462 461 676 0.7532787136046477 0.17406627459039803 0.26420969987493725
3 676 677 462 0.7532787136046477 0.17406627459039803 0.26420969987493725
3 211 212 672 0.7532787136046477 0.17406627459039803 0.26420969987493725
3 672 212 673 0.7532787136046477 0.17406627459039803 0.26420969987493725
3 672 671 211 0.7532787136046477 0.17406627459039803 0.26420969987493725
3 672 206 671 0.7532787136046477 0.17406627459039803 0.26420969987493725
3 673 207 672 0.7532787136046477 0.17406627459039803 0.26420969987493725
3 672 207 206 0.7532787136046477 0.17406627459039803 0.26420969987493725
3 354 737 273 0.7532787136046477 0.17406627459039803 0.26420969987493725
3 354 272 737 0.7532787136046477 0.17406627459039803 0.26420969987493725
3 273 355 354 0.7532787136046477 0.17406627459039803 0.26420969987493725
3 440 441 741 0.7532787136046477 0.17406627459039803 0.26420969987493725
3 440 189 441 0.7532787136046477 0.17406627459039803 0.26420969987493725
3 275 356 739 0.7532787136046477 0.17406627459039803 0.26420969987493725
3 358 432 431 0.7532787136046477 0.17406627459039803 0.26420969987493725
3 871 178 872 0.7532787136046477 0.17406627459039803 0.26420969987493725
3 872 873 173 0.7532787136046477 0.17406627459039803 0.26420969987493725
3 429 178 177 0.7532787136046477 0.17406627459039803 0.26420969987493725
3 355 356 429 0.7532787136046477 0.17406627459039803 0.26420969987493725
3 429 356 430 0.7532787136046477 0.17406627459039803 0.26420969987493725
3 430 178 429 0.7532787136046477 0.17406627459039803 0.26420969987493725
3 171 871 172 0.7532787136046477 0.17406627459039803 0.26420969987493725
3 871 872 172 0.7532787136046477 0.17406627459039803 0.26420969987493725
3 173 400 172 0.7532787136046477 0.17406627459039803 0.26420969987493725
3 172 872 173 0.7532787136046477 0.17406627459039803 0.26420969987493725
3 126 400 127 0.7532787136046477 0.17406627459039803 0.26420969987493725
3 127 622 126 0.7532787136046477 0.17406627459039803 0.26420969987493725
3 127 623 622 0.7532787136046477 0.17406627459039803 0.26420969987493725
3 796 202 203 0.7532787136046477 0.17406627459039803 0.26420969987493725
3 203 459 204 0.7532787136046477 0.17406627459039803 0.26420969987493725
3 458 459 203 0.7532787136046477 0.17406627459039803 0.26420969987493725
3 203 202 458 0.7532787136046477 0.17406627459039803 0.26420969987493725
3 204 797 203 0.7532787136046477 0.17406627459039803 0.26420969987493725
3 797 796 203 0.7532787136046477 0.17406627459039803 0.26420969987493725
3 187 438 186 0.7532787136046477 0.17406627459039803 0.26420969987493725
3 190 191 659 0.7532787136046477 0.17406627459039803 0.26420969987493725
3 186 658 659 0.7532787136046477 0.17406627459039803 0.26420969987493725
3 659 658 190 0.7532787136046477 0.17406627459039803 0.26420969987493725
3 659 187 186 0.7532787136046477 0.17406627459039803 0.26420969987493725
3 659 191 660 0.7532787136046477 0.17406627459039803 0.26420969987493725
3 660 187 659 0.7532787136046477 0.17406627459039803 0.26420969987493725
3 120 119 392 0.7532787136046477 0.17406627459039803 0.26420969987493725
3 120 780 119 0.7532787136046477 0.17406627459039803 0.26420969987493725
3 393 782 120 0.7532787136046477 0.17406627459039803 0.26420969987493725
3 120 392 393 0.7532787136046477 0.17406627459039803 0.26420969987493725
3 421 651 650 0.7532787136046477 0.17406627459039803 0.26420969987493725
3 651 270 650 0.7532787136046477 0.17406627459039803 0.26420969987493725
3 650 169 421 0.7532787136046477 0.17406627459039803 0.26420969987493725
3 649 169 650 0.7532787136046477 0.17406627459039803 0.26420969987493725
3 650 270 649 0.7532787136046477 0.17406627459039803 0.26420969987493725
3 350 351 344 0.7532787136046477 0.17406627459039803 0.26420969987493725
3 350 270 351 0.7532787136046477 0.17406627459039803 0.26420969987493725
3 344 858 350 0.7532787136046477 0.17406627459039803 0.26420969987493725
3 858 349 350 0.7532787136046477 0.17406627459039803 0.26420969987493725
3 269 270 350 0.7532787136046477 0.17406627459039803 0.26420969987493725
3 350 349 269 0.7532787136046477 0.17406627459039803 0.26420969987493725
3 360 809 808 0.7532787136046477 0.17406627459039803 0.26420969987493725
3 808 359 360 0.7532787136046477 0.17406627459039803 0.26420969987493725
3 360 577 578 0.7532787136046477 0.17406627459039803 0.26420969987493725
3 360 359 577 0.7532787136046477 0.17406627459039803 0.26420969987493725
3 810 809 361 0.7532787136046477 0.17406627459039803 0.26420969987493725
3 361 362 810 0.7532787136046477 0.17406627459039803 0.26420969987493725
3 809 360 361 0.7532787136046477 0.17406627459039803 0.26420969987493725
3 361 360 578 0.7532787136046477 0.17406627459039803 0.26420969987493725
3 571 572 288 0.7532787136046477 0.17406627459039803 0.26420969987493725
3 572 755 288 0.7532787136046477 0.17406627459039803 0.26420969987493725
3 288 755 754 0.7532787136046477 0.17406627459039803 0.26420969987493725
3 282 755 756 0.7532787136046477 0.17406627459039803 0.26420969987493725
3 756 481 282 0.7532787136046477 0.17406627459039803 0.26420969987493725
3 584 583 771 0.7532787136046477 0.17406627459039803 0.26420969987493725
3 584 772 585 0.7532787136046477 0.17406627459039803 0.26420969987493725
3 771 772 584 0.7532787136046477 0.17406627459039803 0.26420969987493725
3 571 570 294 0.7532787136046477 0.17406627459039803 0.26420969987493725
3 294 570 293 0.7532787136046477 0.17406627459039803 0.26420969987493725
3 754 753 287 0.7532787136046477 0.17406627459039803 0.26420969987493725
3 287 570 571 0.7532787136046477 0.17406627459039803 0.26420969987493725
3 287 288 754 0.7532787136046477 0.17406627459039803 0.26420969987493725
3 571 288 287 0.7532787136046477 0.17406627459039803 0.26420969987493725
3 293 570 569 0.7532787136046477 0.17406627459039803 0.26420969987493725
3 285 568 569 0.7532787136046477 0.17406627459039803 0.26420969987493725
3 293 812 813 0.7532787136046477 0.17406627459039803 0.26420969987493725
3 813 294 293 0.7532787136046477 0.17406627459039803 0.26420969987493725
3 768 767 305 0.7532787136046477 0.17406627459039803 0.26420969987493725
3 132 767 768 0.7532787136046477 0.17406627459039803 0.26420969987493725
3 768 299 132 0.7532787136046477 0.17406627459039803 0.26420969987493725
3 769 299 768 0.7532787136046477 0.17406627459039803 0.26420969987493725
3 768 306 769 0.7532787136046477 0.17406627459039803 0.26420969987493725
3 305 306 768 0.7532787136046477 0.17406627459039803 0.26420969987493725
3 581 299 300 0.7532787136046477 0.17406627459039803 0.26420969987493725
3 580 299 581 0.7532787136046477 0.17406627459039803 0.26420969987493725
3 560 561 264 0.7532787136046477 0.17406627459039803 0.26420969987493725
3 560 559 323 0.7532787136046477 0.17406627459039803 0.26420969987493725
3 264 263 560 0.7532787136046477 0.17406627459039803 0.26420969987493725
3 263 559 560 0.7532787136046477 0.17406627459039803 0.26420969987493725
3 728 616 729 0.7532787136046477 0.17406627459039803 0.26420969987493725
3 616 617 729 0.7532787136046477 0.17406627459039803 0.26420969987493725
3 948 852 947 0.7532787136046477 0.17406627459039803 0.26420969987493725
3 947 868 948 0.7532787136046477 0.17406627459039803 0.26420969987493725
3 947 867 868 0.7532787136046477 0.17406627459039803 0.26420969987493725
3 358 742 433 0.7532787136046477 0.17406627459039803 0.26420969987493725
3 433 432 358 0.7532787136046477 0.17406627459039803 0.26420969987493725
3 433 742 743 0.7532787136046477 0.17406627459039803 0.26420969987493725
3 743 434 433 0.7532787136046477 0.17406627459039803 0.26420969987493725
3 433 875 432 0.7532787136046477 0.17406627459039803 0.26420969987493725
3 626 627 394 0.7532787136046477 0.17406627459039803 0.26420969987493725
3 626 394 393 0.7532787136046477 0.17406627459039803 0.26420969987493725
3 554 717 553 0.7532787136046477 0.17406627459039803 0.26420969987493725
3 552 940 553 0.7532787136046477 0.17406627459039803 0.26420969987493725
3 553 941 554 0.7532787136046477 0.17406627459039803 0.26420969987493725
3 940 941 553 0.7532787136046477 0.17406627459039803 0.26420969987493725
3 715 552 716 0.7532787136046477 0.17406627459039803 0.26420969987493725
3 716 542 715 0.7532787136046477 0.17406627459039803 0.26420969987493725
3 552 553 716 0.7532787136046477 0.17406627459039803 0.26420969987493725
3 716 553 717 0.7532787136046477 0.17406627459039803 0.26420969987493725
3 843 531 842 0.7532787136046477 0.17406627459039803 0.26420969987493725
3 532 531 843 0.7532787136046477 0.17406627459039803 0.26420969987493725
3 842 540 843 0.7532787136046477 0.17406627459039803 0.26420969987493725
3 540 541 843 0.7532787136046477 0.17406627459039803 0.26420969987493725
3 321 320 725 0.7532787136046477 0.17406627459039803 0.26420969987493725
3 321 726 322 0.7532787136046477 0.17406627459039803 0.26420969987493725
3 725 726 321 0.7532787136046477 0.17406627459039803 0.26420969987493725
3 260 556 557 0.7532787136046477 0.17406627459039803 0.26420969987493725
3 556 320 557 0.7532787136046477 0.17406627459039803 0.26420969987493725
3 320 321 557 0.7532787136046477 0.17406627459039803 0.26420969987493725
3 935 936 257 0.7532787136046477 0.17406627459039803 0.26420969987493725
3 934 262 935 0.7532787136046477 0.17406627459039803 0.26420969987493725
3 935 262 263 0.7532787136046477 0.17406627459039803 0.26420969987493725
3 263 936 935 0.7532787136046477 0.17406627459039803 0.26420969987493725
3 935 256 934 0.7532787136046477 0.17406627459039803 0.26420969987493725
3 935 257 256 0.7532787136046477 0.17406627459039803 0.26420969987493725
3 714 164 713 0.7532787136046477 0.17406627459039803 0.26420969987493725
3 253 254 713 0.7532787136046477 0.17406627459039803 0.26420969987493725
3 713 254 714 0.7532787136046477 0.17406627459039803 0.26420969987493725
3 713 712 253 0.7532787136046477 0.17406627459039803 0.26420969987493725
3 713 164 712 0.7532787136046477 0.17406627459039803 0.26420969987493725
3 98 250 710 0.7532787136046477 0.17406627459039803 0.26420969987493725
3 710 161 98 0.7532787136046477 0.17406627459039803 0.26420969987493725
3 251 711 710 0.7532787136046477 0.17406627459039803 0.26420969987493725
3 710 250 251 0.7532787136046477 0.17406627459039803 0.26420969987493725
3 711 162 710 0.7532787136046477 0.17406627459039803 0.26420969987493725
3 162 161 710 0.7532787136046477 0.17406627459039803 0.26420969987493725
3 536 161 537 0.7532787136046477 0.17406627459039803 0.26420969987493725
3 537 158 536 0.7532787136046477 0.17406627459039803 0.26420969987493725
3 158 157 536 0.7532787136046477 0.17406627459039803 0.26420969987493725
3 536 157 96 0.7532787136046477 0.17406627459039803 0.26420969987493725
3 96 97 536 0.7532787136046477 0.17406627459039803 0.26420969987493725
3 97 161 536 0.7532787136046477 0.17406627459039803 0.26420969987493725
3 494 495 642 0.7532787136046477 0.17406627459039803 0.26420969987493725
3 415 495 494 0.7532787136046477 0.17406627459039803 0.26420969987493725
3 494 414 415 0.7532787136046477 0.17406627459039803 0.26420969987493725
3 493 414 494 0.7532787136046477 0.17406627459039803 0.26420969987493725
3 543 845 542 0.7532787136046477 0.17406627459039803 0.26420969987493725
3 543 717 544 0.7532787136046477 0.17406627459039803 0.26420969987493725
3 544 846 543 0.7532787136046477 0.17406627459039803 0.26420969987493725
3 543 846 845 0.7532787136046477 0.17406627459039803 0.26420969987493725
3 542 716 543 0.7532787136046477 0.17406627459039803 0.26420969987493725
3 543 716 717 0.7532787136046477 0.17406627459039803 0.26420969987493725
3 533 845 534 0.7532787136046477 0.17406627459039803 0.26420969987493725
3 704 532 533 0.7532787136046477 0.17406627459039803 0.26420969987493725
3 848 535 847 0.7532787136046477 0.17406627459039803 0.26420969987493725
3 535 846 847 0.7532787136046477 0.17406627459039803 0.26420969987493725
3 847 846 544 0.7532787136046477 0.17406627459039803 0.26420969987493725
3 692 693 504 0.7532787136046477 0.17406627459039803 0.26420969987493725
3 692 691 607 0.7532787136046477 0.17406627459039803 0.26420969987493725
3 504 503 692 0.7532787136046477 0.17406627459039803 0.26420969987493725
3 692 503 691 0.7532787136046477 0.17406627459039803 0.26420969987493725
3 608 514 515 0.7532787136046477 0.17406627459039803 0.26420969987493725
3 607 514 608 0.7532787136046477 0.17406627459039803 0.26420969987493725
3 608 692 607 0.7532787136046477 0.17406627459039803 0.26420969987493725
3 693 692 608 0.7532787136046477 0.17406627459039803 0.26420969987493725
3 926 524 525 0.7532787136046477 0.17406627459039803 0.26420969987493725
3 706 927 525 0.7532787136046477 0.17406627459039803 0.26420969987493725
3 927 926 525 0.7532787136046477 0.17406627459039803 0.26420969987493725
3 705 524 704 0.7532787136046477 0.17406627459039803 0.26420969987493725
3 704 533 705 0.7532787136046477 0.17406627459039803 0.26420969987493725
3 705 533 534 0.7532787136046477 0.17406627459039803 0.26420969987493725
3 705 534 706 0.7532787136046477 0.17406627459039803 0.26420969987493725
3 706 525 705 0.7532787136046477 0.17406627459039803 0.26420969987493725
3 705 525 524 0.7532787136046477 0.17406627459039803 0.26420969987493725
3 529 249 248 0.7532787136046477 0.17406627459039803 0.26420969987493725
3 248 528 529 0.7532787136046477 0.17406627459039803 0.26420969987493725
3 248 247 528 0.7532787136046477 0.17406627459039803 0.26420969987493725
3 248 700 247 0.7532787136046477 0.17406627459039803 0.26420969987493725
3 521 702 522 0.7532787136046477 0.17406627459039803 0.26420969987493725
3 522 923 521 0.7532787136046477 0.17406627459039803 0.26420969987493725
3 521 923 922 0.7532787136046477 0.17406627459039803 0.26420969987493725
3 922 921 239 0.7532787136046477 0.17406627459039803 0.26420969987493725
3 239 921 238 0.7532787136046477 0.17406627459039803 0.26420969987493725
3 701 249 702 0.7532787136046477 0.17406627459039803 0.26420969987493725
3 702 521 701 0.7532787136046477 0.17406627459039803 0.26420969987493725
3 701 521 244 0.7532787136046477 0.17406627459039803 0.26420969987493725
3 701 248 249 0.7532787136046477 0.17406627459039803 0.26420969987493725
3 701 244 700 0.7532787136046477 0.17406627459039803 0.26420969987493725
3 700 248 701 0.7532787136046477 0.17406627459039803 0.26420969987493725
3 502 503 829 0.7532787136046477 0.17406627459039803 0.26420969987493725
3 502 501 690 0.7532787136046477 0.17406627459039803 0.26420969987493725
3 690 691 502 0.7532787136046477 0.17406627459039803 0.26420969987493725
3 691 503 502 0.7532787136046477 0.17406627459039803 0.26420969987493725
3 829 828 502 0.7532787136046477 0.17406627459039803 0.26420969987493725
3 828 501 502 0.7532787136046477 0.17406627459039803 0.26420969987493725
3 920 237 238 0.7532787136046477 0.17406627459039803 0.26420969987493725
3 920 919 237 0.7532787136046477 0.17406627459039803 0.26420969987493725
3 238 921 920 0.7532787136046477 0.17406627459039803 0.26420969987493725
3 921 317 920 0.7532787136046477 0.17406627459039803 0.26420969987493725
3 506 313 150 0.7532787136046477 0.17406627459039803 0.26420969987493725
3 313 507 150 0.7532787136046477 0.17406627459039803 0.26420969987493725
3 150 600 149 0.7532787136046477 0.17406627459039803 0.26420969987493725
3 149 506 150 0.7532787136046477 0.17406627459039803 0.26420969987493725
3 150 601 600 0.7532787136046477 0.17406627459039803 0.26420969987493725
3 411 144 827 0.7532787136046477 0.17406627459039803 0.26420969987493725
3 411 410 144 0.7532787136046477 0.17406627459039803 0.26420969987493725
3 411 490 140 0.7532787136046477 0.17406627459039803 0.26420969987493725
3 140 410 411 0.7532787136046477 0.17406627459039803 0.26420969987493725
3 827 828 411 0.7532787136046477 0.17406627459039803 0.26420969987493725
3 828 412 411 0.7532787136046477 0.17406627459039803 0.26420969987493725
3 491 490 411 0.7532787136046477 0.17406627459039803 0.26420969987493725
3 411 412 491 0.7532787136046477 0.17406627459039803 0.26420969987493725
3 151 508 152 0.7532787136046477 0.17406627459039803 0.26420969987493725
3 152 602 151 0.7532787136046477 0.17406627459039803 0.26420969987493725
3 602 601 151 0.7532787136046477 0.17406627459039803 0.26420969987493725
3 601 150 151 0.7532787136046477 0.17406627459039803 0.26420969987493725
3 151 150 507 0.7532787136046477 0.17406627459039803 0.26420969987493725
3 151 507 314 0.7532787136046477 0.17406627459039803 0.26420969987493725
3 314 508 151 0.7532787136046477 0.17406627459039803 0.26420969987493725
3 315 918 919 0.7532787136046477 0.17406627459039803 0.26420969987493725
3 315 508 918 0.7532787136046477 0.17406627459039803 0.26420969987493725
3 315 509 152 0.7532787136046477 0.17406627459039803 0.26420969987493725
3 152 508 315 0.7532787136046477 0.17406627459039803 0.26420969987493725
3 803 455 802 0.7532787136046477 0.17406627459039803 0.26420969987493725
3 802 455 801 0.7532787136046477 0.17406627459039803 0.26420969987493725
3 801 464 802 0.7532787136046477 0.17406627459039803 0.26420969987493725
3 897 898 683 0.7532787136046477 0.17406627459039803 0.26420969987493725
3 681 896 682 0.7532787136046477 0.17406627459039803 0.26420969987493725
3 804 681 682 0.7532787136046477 0.17406627459039803 0.26420969987493725
3 682 897 683 0.7532787136046477 0.17406627459039803 0.26420969987493725
3 896 897 682 0.7532787136046477 0.17406627459039803 0.26420969987493725
3 805 670 804 0.7532787136046477 0.17406627459039803 0.26420969987493725
3 806 670 805 0.7532787136046477 0.17406627459039803 0.26420969987493725
3 683 806 805 0.7532787136046477 0.17406627459039803 0.26420969987493725
3 805 682 683 0.7532787136046477 0.17406627459039803 0.26420969987493725
3 804 682 805 0.7532787136046477 0.17406627459039803 0.26420969987493725
3 759 485 484 0.7532787136046477 0.17406627459039803 0.26420969987493725
3 484 893 892 0.7532787136046477 0.17406627459039803 0.26420969987493725
3 892 472 891 0.7532787136046477 0.17406627459039803 0.26420969987493725
3 894 485 895 0.7532787136046477 0.17406627459039803 0.26420969987493725
3 894 893 485 0.7532787136046477 0.17406627459039803 0.26420969987493725
3 894 474 893 0.7532787136046477 0.17406627459039803 0.26420969987493725
3 482 757 483 0.7532787136046477 0.17406627459039803 0.26420969987493725
3 484 892 483 0.7532787136046477 0.17406627459039803 0.26420969987493725
3 891 482 483 0.7532787136046477 0.17406627459039803 0.26420969987493725
3 483 892 891 0.7532787136046477 0.17406627459039803 0.26420969987493725
3 222 223 887 0.7532787136046477 0.17406627459039803 0.26420969987493725
3 222 478 479 0.7532787136046477 0.17406627459039803 0.26420969987493725
3 479 223 222 0.7532787136046477 0.17406627459039803 0.26420969987493725
3 885 45 46 0.7532787136046477 0.17406627459039803 0.26420969987493725
3 46 220 885 0.7532787136046477 0.17406627459039803 0.26420969987493725
3 477 278 279 0.7532787136046477 0.17406627459039803 0.26420969987493725
3 279 478 477 0.7532787136046477 0.17406627459039803 0.26420969987493725
3 477 476 278 0.7532787136046477 0.17406627459039803 0.26420969987493725
3 477 220 476 0.7532787136046477 0.17406627459039803 0.26420969987493725
3 211 210 467 0.7532787136046477 0.17406627459039803 0.26420969987493725
3 467 210 466 0.7532787136046477 0.17406627459039803 0.26420969987493725
3 467 468 211 0.7532787136046477 0.17406627459039803 0.26420969987493725
3 467 217 468 0.7532787136046477 0.17406627459039803 0.26420969987493725
3 889 888 224 0.7532787136046477 0.17406627459039803 0.26420969987493725
3 218 219 469 0.7532787136046477 0.17406627459039803 0.26420969987493725
3 217 888 218 0.7532787136046477 0.17406627459039803 0.26420969987493725
3 888 889 218 0.7532787136046477 0.17406627459039803 0.26420969987493725
3 218 889 219 0.7532787136046477 0.17406627459039803 0.26420969987493725
3 469 468 218 0.7532787136046477 0.17406627459039803 0.26420969987493725
3 468 217 218 0.7532787136046477 0.17406627459039803 0.26420969987493725
3 219 889 890 0.7532787136046477 0.17406627459039803 0.26420969987493725
3 890 482 891 0.7532787136046477 0.17406627459039803 0.26420969987493725
3 481 482 890 0.7532787136046477 0.17406627459039803 0.26420969987493725
3 224 481 890 0.7532787136046477 0.17406627459039803 0.26420969987493725
3 890 889 224 0.7532787136046477 0.17406627459039803 0.26420969987493725
3 471 676 214 0.7532787136046477 0.17406627459039803 0.26420969987493725
3 472 676 471 0.7532787136046477 0.17406627459039803 0.26420969987493725
3 219 890 471 0.7532787136046477 0.17406627459039803 0.26420969987493725
3 891 472 471 0.7532787136046477 0.17406627459039803 0.26420969987493725
3 471 890 891 0.7532787136046477 0.17406627459039803 0.26420969987493725
3 428 177 176 0.7532787136046477 0.17406627459039803 0.26420969987493725
3 428 354 355 0.7532787136046477 0.17406627459039803 0.26420969987493725
3 355 429 428 0.7532787136046477 0.17406627459039803 0.26420969987493725
3 428 429 177 0.7532787136046477 0.17406627459039803 0.26420969987493725
3 353 272 427 0.7532787136046477 0.17406627459039803 0.26420969987493725
3 272 354 427 0.7532787136046477 0.17406627459039803 0.26420969987493725
3 176 175 427 0.7532787136046477 0.17406627459039803 0.26420969987493725
3 427 428 176 0.7532787136046477 0.17406627459039803 0.26420969987493725
3 354 428 427 0.7532787136046477 0.17406627459039803 0.26420969987493725
3 175 426 427 0.7532787136046477 0.17406627459039803 0.26420969987493725
3 427 426 353 0.7532787136046477 0.17406627459039803 0.26420969987493725
3 739 183 740 0.7532787136046477 0.17406627459039803 0.26420969987493725
3 740 275 739 0.7532787136046477 0.17406627459039803 0.26420969987493725
3 741 276 740 0.7532787136046477 0.17406627459039803 0.26420969987493725
3 357 740 276 0.7532787136046477 0.17406627459039803 0.26420969987493725
3 275 740 357 0.7532787136046477 0.17406627459039803 0.26420969987493725
3 357 276 358 0.7532787136046477 0.17406627459039803 0.26420969987493725
3 358 431 357 0.7532787136046477 0.17406627459039803 0.26420969987493725
3 357 431 430 0.7532787136046477 0.17406627459039803 0.26420969987493725
3 430 356 357 0.7532787136046477 0.17406627459039803 0.26420969987493725
3 356 275 357 0.7532787136046477 0.17406627459039803 0.26420969987493725
3 873 431 874 0.7532787136046477 0.17406627459039803 0.26420969987493725
3 403 402 874 0.7532787136046477 0.17406627459039803 0.26420969987493725
3 874 875 403 0.7532787136046477 0.17406627459039803 0.26420969987493725
3 874 431 432 0.7532787136046477 0.17406627459039803 0.26420969987493725
3 432 875 874 0.7532787136046477 0.17406627459039803 0.26420969987493725
3 873 872 179 0.7532787136046477 0.17406627459039803 0.26420969987493725
3 430 431 179 0.7532787136046477 0.17406627459039803 0.26420969987493725
3 179 431 873 0.7532787136046477 0.17406627459039803 0.26420969987493725
3 179 178 430 0.7532787136046477 0.17406627459039803 0.26420969987493725
3 179 872 178 0.7532787136046477 0.17406627459039803 0.26420969987493725
3 171 172 399 0.7532787136046477 0.17406627459039803 0.26420969987493725
3 126 125 399 0.7532787136046477 0.17406627459039803 0.26420969987493725
3 399 400 126 0.7532787136046477 0.17406627459039803 0.26420969987493725
3 399 172 400 0.7532787136046477 0.17406627459039803 0.26420969987493725
3 398 171 399 0.7532787136046477 0.17406627459039803 0.26420969987493725
3 399 125 398 0.7532787136046477 0.17406627459039803 0.26420969987493725
3 401 400 173 0.7532787136046477 0.17406627459039803 0.26420969987493725
3 401 127 400 0.7532787136046477 0.17406627459039803 0.26420969987493725
3 624 623 128 0.7532787136046477 0.17406627459039803 0.26420969987493725
3 623 127 128 0.7532787136046477 0.17406627459039803 0.26420969987493725
3 127 401 128 0.7532787136046477 0.17406627459039803 0.26420969987493725
3 128 401 402 0.7532787136046477 0.17406627459039803 0.26420969987493725
3 188 660 661 0.7532787136046477 0.17406627459039803 0.26420969987493725
3 188 187 660 0.7532787136046477 0.17406627459039803 0.26420969987493725
3 661 189 188 0.7532787136046477 0.17406627459039803 0.26420969987493725
3 189 440 188 0.7532787136046477 0.17406627459039803 0.26420969987493725
3 115 780 116 0.7532787136046477 0.17406627459039803 0.26420969987493725
3 116 383 115 0.7532787136046477 0.17406627459039803 0.26420969987493725
3 782 384 116 0.7532787136046477 0.17406627459039803 0.26420969987493725
3 384 383 116 0.7532787136046477 0.17406627459039803 0.26420969987493725
3 291 810 811 0.7532787136046477 0.17406627459039803 0.26420969987493725
3 810 362 811 0.7532787136046477 0.17406627459039803 0.26420969987493725
3 580 362 579 0.7532787136046477 0.17406627459039803 0.26420969987493725
3 362 361 579 0.7532787136046477 0.17406627459039803 0.26420969987493725
3 579 298 580 0.7532787136046477 0.17406627459039803 0.26420969987493725
3 297 298 579 0.7532787136046477 0.17406627459039803 0.26420969987493725
3 578 297 579 0.7532787136046477 0.17406627459039803 0.26420969987493725
3 579 361 578 0.7532787136046477 0.17406627459039803 0.26420969987493725
3 754 755 281 0.7532787136046477 0.17406627459039803 0.26420969987493725
3 755 282 281 0.7532787136046477 0.17406627459039803 0.26420969987493725
3 281 280 754 0.7532787136046477 0.17406627459039803 0.26420969987493725
3 479 280 281 0.7532787136046477 0.17406627459039803 0.26420969987493725
3 585 816 815 0.7532787136046477 0.17406627459039803 0.26420969987493725
3 815 584 585 0.7532787136046477 0.17406627459039803 0.26420969987493725
3 573 572 815 0.7532787136046477 0.17406627459039803 0.26420969987493725
3 815 816 573 0.7532787136046477 0.17406627459039803 0.26420969987493725
3 292 812 293 0.7532787136046477 0.17406627459039803 0.26420969987493725
3 293 569 292 0.7532787136046477 0.17406627459039803 0.26420969987493725
3 292 811 812 0.7532787136046477 0.17406627459039803 0.26420969987493725
3 292 569 568 0.7532787136046477 0.17406627459039803 0.26420969987493725
3 292 568 291 0.7532787136046477 0.17406627459039803 0.26420969987493725
3 291 811 292 0.7532787136046477 0.17406627459039803 0.26420969987493725
3 286 752 285 0.7532787136046477 0.17406627459039803 0.26420969987493725
3 285 569 286 0.7532787136046477 0.17406627459039803 0.26420969987493725
3 753 752 286 0.7532787136046477 0.17406627459039803 0.26420969987493725
3 286 569 570 0.7532787136046477 0.17406627459039803 0.26420969987493725
3 286 287 753 0.7532787136046477 0.17406627459039803 0.26420969987493725
3 570 287 286 0.7532787136046477 0.17406627459039803 0.26420969987493725
3 300 583 582 0.7532787136046477 0.17406627459039803 0.26420969987493725
3 582 581 300 0.7532787136046477 0.17406627459039803 0.26420969987493725
3 365 582 583 0.7532787136046477 0.17406627459039803 0.26420969987493725
3 583 584 365 0.7532787136046477 0.17406627459039803 0.26420969987493725
3 816 586 817 0.7532787136046477 0.17406627459039803 0.26420969987493725
3 817 586 587 0.7532787136046477 0.17406627459039803 0.26420969987493725
3 587 818 817 0.7532787136046477 0.17406627459039803 0.26420969987493725
3 561 729 562 0.7532787136046477 0.17406627459039803 0.26420969987493725
3 562 563 939 0.7532787136046477 0.17406627459039803 0.26420969987493725
3 939 938 562 0.7532787136046477 0.17406627459039803 0.26420969987493725
3 562 938 561 0.7532787136046477 0.17406627459039803 0.26420969987493725
3 728 729 324 0.7532787136046477 0.17406627459039803 0.26420969987493725
3 324 729 561 0.7532787136046477 0.17406627459039803 0.26420969987493725
3 561 560 324 0.7532787136046477 0.17406627459039803 0.26420969987493725
3 324 323 728 0.7532787136046477 0.17406627459039803 0.26420969987493725
3 324 560 323 0.7532787136046477 0.17406627459039803 0.26420969987493725
3 730 617 618 0.7532787136046477 0.17406627459039803 0.26420969987493725
3 730 729 617 0.7532787136046477 0.17406627459039803 0.26420969987493725
3 730 618 731 0.7532787136046477 0.17406627459039803 0.26420969987493725
3 731 563 730 0.7532787136046477 0.17406627459039803 0.26420969987493725
3 563 562 730 0.7532787136046477 0.17406627459039803 0.26420969987493725
3 730 562 729 0.7532787136046477 0.17406627459039803 0.26420969987493725
3 867 947 946 0.7532787136046477 0.17406627459039803 0.26420969987493725
3 945 735 946 0.7532787136046477 0.17406627459039803 0.26420969987493725
3 946 722 945 0.7532787136046477 0.17406627459039803 0.26420969987493725
3 946 735 866 0.7532787136046477 0.17406627459039803 0.26420969987493725
3 866 867 946 0.7532787136046477 0.17406627459039803 0.26420969987493725
3 851 722 946 0.7532787136046477 0.17406627459039803 0.26420969987493725
3 852 851 946 0.7532787136046477 0.17406627459039803 0.26420969987493725
3 946 947 852 0.7532787136046477 0.17406627459039803 0.26420969987493725
3 877 406 405 0.7532787136046477 0.17406627459039803 0.26420969987493725
3 406 628 405 0.7532787136046477 0.17406627459039803 0.26420969987493725
3 628 627 405 0.7532787136046477 0.17406627459039803 0.26420969987493725
3 625 402 403 0.7532787136046477 0.17406627459039803 0.26420969987493725
3 403 626 625 0.7532787136046477 0.17406627459039803 0.26420969987493725
3 625 626 393 0.7532787136046477 0.17406627459039803 0.26420969987493725
3 393 124 625 0.7532787136046477 0.17406627459039803 0.26420969987493725
3 625 124 624 0.7532787136046477 0.17406627459039803 0.26420969987493725
3 624 128 625 0.7532787136046477 0.17406627459039803 0.26420969987493725
3 625 128 402 0.7532787136046477 0.17406627459039803 0.26420969987493725
3 532 843 844 0.7532787136046477 0.17406627459039803 0.26420969987493725
3 844 533 532 0.7532787136046477 0.17406627459039803 0.26420969987493725
3 845 533 844 0.7532787136046477 0.17406627459039803 0.26420969987493725
3 542 845 844 0.7532787136046477 0.17406627459039803 0.26420969987493725
3 844 541 542 0.7532787136046477 0.17406627459039803 0.26420969987493725
3 844 843 541 0.7532787136046477 0.17406627459039803 0.26420969987493725
3 558 557 321 0.7532787136046477 0.17406627459039803 0.26420969987493725
3 558 559 262 0.7532787136046477 0.17406627459039803 0.26420969987493725
3 322 559 558 0.7532787136046477 0.17406627459039803 0.26420969987493725
3 558 321 322 0.7532787136046477 0.17406627459039803 0.26420969987493725
3 260 557 261 0.7532787136046477 0.17406627459039803 0.26420969987493725
3 934 933 261 0.7532787136046477 0.17406627459039803 0.26420969987493725
3 261 933 260 0.7532787136046477 0.17406627459039803 0.26420969987493725
3 261 262 934 0.7532787136046477 0.17406627459039803 0.26420969987493725
3 261 558 262 0.7532787136046477 0.17406627459039803 0.26420969987493725
3 557 558 261 0.7532787136046477 0.17406627459039803 0.26420969987493725
3 641 494 642 0.7532787136046477 0.17406627459039803 0.26420969987493725
3 909 640 641 0.7532787136046477 0.17406627459039803 0.26420969987493725
3 640 493 641 0.7532787136046477 0.17406627459039803 0.26420969987493725
3 493 494 641 0.7532787136046477 0.17406627459039803 0.26420969987493725
3 641 910 909 0.7532787136046477 0.17406627459039803 0.26420969987493725
3 641 642 910 0.7532787136046477 0.17406627459039803 0.26420969987493725
3 848 847 545 0.7532787136046477 0.17406627459039803 0.26420969987493725
3 719 720 545 0.7532787136046477 0.17406627459039803 0.26420969987493725
3 545 720 848 0.7532787136046477 0.17406627459039803 0.26420969987493725
3 545 847 544 0.7532787136046477 0.17406627459039803 0.26420969987493725
3 545 718 719 0.7532787136046477 0.17406627459039803 0.26420969987493725
3 545 544 718 0.7532787136046477 0.17406627459039803 0.26420969987493725
3 693 694 505 0.7532787136046477 0.17406627459039803 0.26420969987493725
3 504 693 505 0.7532787136046477 0.17406627459039803 0.26420969987493725
3 505 831 504 0.7532787136046477 0.17406627459039803 0.26420969987493725
3 832 831 505 0.7532787136046477 0.17406627459039803 0.26420969987493725
3 833 495 832 0.7532787136046477 0.17406627459039803 0.26420969987493725
3 833 695 834 0.7532787136046477 0.17406627459039803 0.26420969987493725
3 833 694 695 0.7532787136046477 0.17406627459039803 0.26420969987493725
3 832 505 833 0.7532787136046477 0.17406627459039803 0.26420969987493725
3 833 505 694 0.7532787136046477 0.17406627459039803 0.26420969987493725
3 643 495 833 0.7532787136046477 0.17406627459039803 0.26420969987493725
3 644 643 833 0.7532787136046477 0.17406627459039803 0.26420969987493725
3 833 834 644 0.7532787136046477 0.17406627459039803 0.26420969987493725
3 693 608 609 0.7532787136046477 0.17406627459039803 0.26420969987493725
3 609 694 693 0.7532787136046477 0.17406627459039803 0.26420969987493725
3 609 608 515 0.7532787136046477 0.17406627459039803 0.26420969987493725
3 609 926 927 0.7532787136046477 0.17406627459039803 0.26420969987493725
3 515 926 609 0.7532787136046477 0.17406627459039803 0.26420969987493725
3 927 695 609 0.7532787136046477 0.17406627459039803 0.26420969987493725
3 695 694 609 0.7532787136046477 0.17406627459039803 0.26420969987493725
3 244 521 520 0.7532787136046477 0.17406627459039803 0.26420969987493725
3 520 521 922 0.7532787136046477 0.17406627459039803 0.26420969987493725
3 922 239 520 0.7532787136046477 0.17406627459039803 0.26420969987493725
3 919 920 316 0.7532787136046477 0.17406627459039803 0.26420969987493725
3 509 315 316 0.7532787136046477 0.17406627459039803 0.26420969987493725
3 316 315 919 0.7532787136046477 0.17406627459039803 0.26420969987493725
3 510 509 316 0.7532787136046477 0.17406627459039803 0.26420969987493725
3 316 317 510 0.7532787136046477 0.17406627459039803 0.26420969987493725
3 316 920 317 0.7532787136046477 0.17406627459039803 0.26420969987493725
3 465 802 464 0.7532787136046477 0.17406627459039803 0.26420969987493725
3 465 679 680 0.7532787136046477 0.17406627459039803 0.26420969987493725
3 464 679 465 0.7532787136046477 0.17406627459039803 0.26420969987493725
3 803 802 465 0.7532787136046477 0.17406627459039803 0.26420969987493725
3 465 681 803 0.7532787136046477 0.17406627459039803 0.26420969987493725
3 680 681 465 0.7532787136046477 0.17406627459039803 0.26420969987493725
3 762 897 896 0.7532787136046477 0.17406627459039803 0.26420969987493725
3 473 892 893 0.7532787136046477 0.17406627459039803 0.26420969987493725
3 893 474 473 0.7532787136046477 0.17406627459039803 0.26420969987493725
3 472 892 473 0.7532787136046477 0.17406627459039803 0.26420969987493725
3 677 472 473 0.7532787136046477 0.17406627459039803 0.26420969987493725
3 475 894 895 0.7532787136046477 0.17406627459039803 0.26420969987493725
3 895 681 475 0.7532787136046477 0.17406627459039803 0.26420969987493725
3 475 681 680 0.7532787136046477 0.17406627459039803 0.26420969987493725
3 474 894 475 0.7532787136046477 0.17406627459039803 0.26420969987493725
3 680 679 475 0.7532787136046477 0.17406627459039803 0.26420969987493725
3 679 474 475 0.7532787136046477 0.17406627459039803 0.26420969987493725
3 45 885 215 0.7532787136046477 0.17406627459039803 0.26420969987493725
3 466 44 215 0.7532787136046477 0.17406627459039803 0.26420969987493725
3 215 44 45 0.7532787136046477 0.17406627459039803 0.26420969987493725
3 478 222 221 0.7532787136046477 0.17406627459039803 0.26420969987493725
3 221 477 478 0.7532787136046477 0.17406627459039803 0.26420969987493725
3 221 885 220 0.7532787136046477 0.17406627459039803 0.26420969987493725
3 220 477 221 0.7532787136046477 0.17406627459039803 0.26420969987493725
3 470 471 214 0.7532787136046477 0.17406627459039803 0.26420969987493725
3 219 471 470 0.7532787136046477 0.17406627459039803 0.26420969987493725
3 469 219 470 0.7532787136046477 0.17406627459039803 0.26420969987493725
3 470 213 469 0.7532787136046477 0.17406627459039803 0.26420969987493725
3 470 214 213 0.7532787136046477 0.17406627459039803 0.26420969987493725
3 184 740 183 0.7532787136046477 0.17406627459039803 0.26420969987493725
3 184 440 741 0.7532787136046477 0.17406627459039803 0.26420969987493725
3 741 740 184 0.7532787136046477 0.17406627459039803 0.26420969987493725
3 402 401 174 0.7532787136046477 0.17406627459039803 0.26420969987493725
3 873 874 174 0.7532787136046477 0.17406627459039803 0.26420969987493725
3 174 874 402 0.7532787136046477 0.17406627459039803 0.26420969987493725
3 173 873 174 0.7532787136046477 0.17406627459039803 0.26420969987493725
3 174 401 173 0.7532787136046477 0.17406627459039803 0.26420969987493725
3 187 188 439 0.7532787136046477 0.17406627459039803 0.26420969987493725
3 439 183 438 0.7532787136046477 0.17406627459039803 0.26420969987493725
3 438 187 439 0.7532787136046477 0.17406627459039803 0.26420969987493725
3 439 184 183 0.7532787136046477 0.17406627459039803 0.26420969987493725
3 439 188 440 0.7532787136046477 0.17406627459039803 0.26420969987493725
3 440 184 439 0.7532787136046477 0.17406627459039803 0.26420969987493725
3 780 120 781 0.7532787136046477 0.17406627459039803 0.26420969987493725
3 781 116 780 0.7532787136046477 0.17406627459039803 0.26420969987493725
3 781 120 782 0.7532787136046477 0.17406627459039803 0.26420969987493725
3 782 116 781 0.7532787136046477 0.17406627459039803 0.26420969987493725
3 480 282 481 0.7532787136046477 0.17406627459039803 0.26420969987493725
3 480 281 282 0.7532787136046477 0.17406627459039803 0.26420969987493725
3 480 481 224 0.7532787136046477 0.17406627459039803 0.26420969987493725
3 479 281 480 0.7532787136046477 0.17406627459039803 0.26420969987493725
3 224 223 480 0.7532787136046477 0.17406627459039803 0.26420969987493725
3 480 223 479 0.7532787136046477 0.17406627459039803 0.26420969987493725
3 812 811 363 0.7532787136046477 0.17406627459039803 0.26420969987493725
3 363 811 362 0.7532787136046477 0.17406627459039803 0.26420969987493725
3 363 362 580 0.7532787136046477 0.17406627459039803 0.26420969987493725
3 580 581 363 0.7532787136046477 0.17406627459039803 0.26420969987493725
3 364 365 813 0.7532787136046477 0.17406627459039803 0.26420969987493725
3 582 365 364 0.7532787136046477 0.17406627459039803 0.26420969987493725
3 364 813 812 0.7532787136046477 0.17406627459039803 0.26420969987493725
3 812 363 364 0.7532787136046477 0.17406627459039803 0.26420969987493725
3 581 582 364 0.7532787136046477 0.17406627459039803 0.26420969987493725
3 364 363 581 0.7532787136046477 0.17406627459039803 0.26420969987493725
3 584 815 814 0.7532787136046477 0.17406627459039803 0.26420969987493725
3 814 365 584 0.7532787136046477 0.17406627459039803 0.26420969987493725
3 814 815 572 0.7532787136046477 0.17406627459039803 0.26420969987493725
3 814 572 571 0.7532787136046477 0.17406627459039803 0.26420969987493725
3 571 294 814 0.7532787136046477 0.17406627459039803 0.26420969987493725
3 294 813 814 0.7532787136046477 0.17406627459039803 0.26420969987493725
3 813 365 814 0.7532787136046477 0.17406627459039803 0.26420969987493725
3 573 816 574 0.7532787136046477 0.17406627459039803 0.26420969987493725
3 816 817 574 0.7532787136046477 0.17406627459039803 0.26420969987493725
3 574 757 573 0.7532787136046477 0.17406627459039803 0.26420969987493725
3 875 433 876 0.7532787136046477 0.17406627459039803 0.26420969987493725
3 877 405 876 0.7532787136046477 0.17406627459039803 0.26420969987493725
3 876 434 877 0.7532787136046477 0.17406627459039803 0.26420969987493725
3 876 433 434 0.7532787136046477 0.17406627459039803 0.26420969987493725
3 404 405 627 0.7532787136046477 0.17406627459039803 0.26420969987493725
3 403 875 404 0.7532787136046477 0.17406627459039803 0.26420969987493725
3 875 876 404 0.7532787136046477 0.17406627459039803 0.26420969987493725
3 404 876 405 0.7532787136046477 0.17406627459039803 0.26420969987493725
3 404 626 403 0.7532787136046477 0.17406627459039803 0.26420969987493725
3 627 626 404 0.7532787136046477 0.17406627459039803 0.26420969987493725
3 519 239 238 0.7532787136046477 0.17406627459039803 0.26420969987493725
3 519 520 239 0.7532787136046477 0.17406627459039803 0.26420969987493725
3 238 518 519 0.7532787136046477 0.17406627459039803 0.26420969987493725
3 519 518 242 0.7532787136046477 0.17406627459039803 0.26420969987493725
3 777 822 821 0.7532787136046477 0.17406627459039803 0.26420969987493725
3 898 897 763 0.7532787136046477 0.17406627459039803 0.26420969987493725
3 897 762 763 0.7532787136046477 0.17406627459039803 0.26420969987493725
3 762 821 763 0.7532787136046477 0.17406627459039803 0.26420969987493725
3 763 821 822 0.7532787136046477 0.17406627459039803 0.26420969987493725
3 899 898 763 0.7532787136046477 0.17406627459039803 0.26420969987493725
3 763 822 899 0.7532787136046477 0.17406627459039803 0.26420969987493725
3 820 821 762 0.7532787136046477 0.17406627459039803 0.26420969987493725
3 776 777 820 0.7532787136046477 0.17406627459039803 0.26420969987493725
3 777 821 820 0.7532787136046477 0.17406627459039803 0.26420969987493725
3 895 485 760 0.7532787136046477 0.17406627459039803 0.26420969987493725
3 760 759 576 0.7532787136046477 0.17406627459039803 0.26420969987493725
3 485 759 760 0.7532787136046477 0.17406627459039803 0.26420969987493725
3 678 474 679 0.7532787136046477 0.17406627459039803 0.26420969987493725
3 678 473 474 0.7532787136046477 0.17406627459039803 0.26420969987493725
3 677 473 678 0.7532787136046477 0.17406627459039803 0.26420969987493725
3 463 677 678 0.7532787136046477 0.17406627459039803 0.26420969987493725
3 678 464 463 0.7532787136046477 0.17406627459039803 0.26420969987493725
3 678 679 464 0.7532787136046477 0.17406627459039803 0.26420969987493725
3 216 467 466 0.7532787136046477 0.17406627459039803 0.26420969987493725
3 466 215 216 0.7532787136046477 0.17406627459039803 0.26420969987493725
3 887 217 216 0.7532787136046477 0.17406627459039803 0.26420969987493725
3 217 467 216 0.7532787136046477 0.17406627459039803 0.26420969987493725
3 757 574 758 0.7532787136046477 0.17406627459039803 0.26420969987493725
3 758 759 484 0.7532787136046477 0.17406627459039803 0.26420969987493725
3 484 483 758 0.7532787136046477 0.17406627459039803 0.26420969987493725
3 758 483 757 0.7532787136046477 0.17406627459039803 0.26420969987493725
3 575 574 817 0.7532787136046477 0.17406627459039803 0.26420969987493725
3 576 759 575 0.7532787136046477 0.17406627459039803 0.26420969987493725
3 759 758 575 0.7532787136046477 0.17406627459039803 0.26420969987493725
3 575 758 574 0.7532787136046477 0.17406627459039803 0.26420969987493725
3 575 818 576 0.7532787136046477 0.17406627459039803 0.26420969987493725
3 575 817 818 0.7532787136046477 0.17406627459039803 0.26420969987493725
3 520 519 243 0.7532787136046477 0.17406627459039803 0.26420969987493725
3 700 244 243 0.7532787136046477 0.17406627459039803 0.26420969987493725
3 244 520 243 0.7532787136046477 0.17406627459039803 0.26420969987493725
3 243 699 700 0.7532787136046477 0.17406627459039803 0.26420969987493725
3 242 699 243 0.7532787136046477 0.17406627459039803 0.26420969987493725
3 243 519 242 0.7532787136046477 0.17406627459039803 0.26420969987493725
3 761 762 896 0.7532787136046477 0.17406627459039803 0.26420969987493725
3 761 896 895 0.7532787136046477 0.17406627459039803 0.26420969987493725
3 895 760 761 0.7532787136046477 0.17406627459039803 0.26420969987493725
3 761 820 762 0.7532787136046477 0.17406627459039803 0.26420969987493725
3 886 215 885 0.7532787136046477 0.17406627459039803 0.26420969987493725
3 886 216 215 0.7532787136046477 0.17406627459039803 0.26420969987493725
3 885 221 886 0.7532787136046477 0.17406627459039803 0.26420969987493725
3 887 216 886 0.7532787136046477 0.17406627459039803 0.26420969987493725
3 886 222 887 0.7532787136046477 0.17406627459039803 0.26420969987493725
3 886 221 222 0.7532787136046477 0.17406627459039803 0.26420969987493725
3 819 760 576 0.7532787136046477 0.17406627459039803 0.26420969987493725
3 819 761 760 0.7532787136046477 0.17406627459039803 0.26420969987493725
3 820 761 819 0.7532787136046477 0.17406627459039803 0.26420969987493725
3 576 818 819 0.7532787136046477 0.17406627459039803 0.26420969987493725
3 587 775 819 0.7532787136046477 0.17406627459039803 0.26420969987493725
3 819 818 587 0.7532787136046477 0.17406627459039803 0.26420969987493725
3 819 775 776 0.7532787136046477 0.17406627459039803 0.26420969987493725
3 776 820 819 0.7532787136046477 0.17406627459039803 0.26420969987493725
