OFF
961 1797 0


28.1481 32.0571 10.9602
28.1481 32.0571 10.9602
28.1408 32.0767 10.964
28.1481 32.0571 10.9602
28.1481 32.0571 10.9602
28.2272 31.95 10.9434
28.2924 31.8603 10.9315
28.3491 31.7813 10.9229
28.4007 31.7084 10.9163
28.4499 31.6381 10.9114
28.4987 31.5675 10.9078
28.5492 31.4934 10.9054
28.6038 31.4123 10.9045
28.6654 31.3193 10.9055
28.7385 31.2072 10.9095
28.7385 31.2072 10.9095
28.8463 31.127 10.9238
28.9272 31.0676 10.9368
29.0354 30.9893 10.9572
29.1605 30.9657 10.9848
29.2657 30.9451 11.0103
29.3581 30.9263 11.0345
29.4423 30.9087 11.0583
29.5218 30.8916 11.0821
29.5995 30.8744 11.1069
29.6781 30.8566 11.1334
29.7602 30.8373 11.1628
29.849 30.8159 11.1964
29.9487 30.7911 11.2366
30.065 30.7611 11.2865
30.065 30.7611 11.2865
30.1911 30.7373 11.344
30.277 30.7215 11.3853
30.3623 30.7061 11.428
30.4853 30.6844 11.4925
30.4853 30.6844 11.4925
30.4853 30.6844 11.4925
30.4967 30.6983 11.4981
30.5081 30.7121 11.5037
30.5081 30.7121 11.5037
30.5336 30.8283 11.5139
30.559 30.9383 11.5253
30.5848 31.0434 11.5381
30.6114 31.1449 11.5526
30.6393 31.2437 11.5694
30.669 31.3402 11.589
30.7012 31.4348 11.612
30.7363 31.5272 11.6394
30.7749 31.617 11.6718
30.8173 31.7034 11.7098
30.8638 31.7855 11.7537
30.914 31.8628 11.8036
30.9677 31.935 11.8589
31.0244 32.0022 11.9191
31.0838 32.0652 11.9836
31.1457 32.1247 12.0521
31.2104 32.1816 12.1246
31.2781 32.237 12.2014
31.2527 32.3537 12.2178
31.2234 32.465 12.2328
31.1908 32.5713 12.2465
31.155 32.673 12.259
31.1162 32.7706 12.2705
31.0746 32.8644 12.281
31.0303 32.9549 12.2906
30.9834 33.0423 12.2993
30.9337 33.1271 12.3072
30.8813 33.2094 12.3143
30.8261 33.2895 12.3208
30.768 33.3678 12.3265
30.7068 33.4445 12.3316
30.6422 33.5197 12.336
30.574 33.5937 12.3397
30.5019 33.6668 12.3428
30.4254 33.739 12.3451
30.3442 33.8106 12.3468
30.2576 33.8816 12.3476
30.1652 33.9521 12.3477
30.0661 34.0224 12.3468
30.0661 34.0224 12.3468
29.9532 34.004 12.2726
29.8538 33.987 12.21
29.7638 33.971 12.1556
29.6802 33.9556 12.1071
29.6007 33.9404 12.0628
29.5231 33.9252 12.0213
29.4458 33.9095 11.9817
29.367 33.893 11.943
29.2848 33.8753 11.9045
29.1969 33.8559 11.8654
29.1009 33.834 11.825
28.9931 33.8087 11.7823
28.8688 33.7786 11.7364
28.8688 33.7786 11.7364
28.8254 33.6755 11.6631
28.7847 33.5794 11.5979
28.7463 33.489 11.5394
28.7095 33.403 11.4864
28.6741 33.3205 11.4381
28.6396 33.2405 11.3935
28.6058 33.1624 11.3522
28.5724 33.0854 11.3136
28.539 33.0088 11.2773
28.5054 32.932 11.2428
28.4713 32.8544 11.2098
28.4364 32.7753 11.1781
28.4004 32.6938 11.1473
28.3629 32.6092 11.1172
28.3234 32.5204 11.0875
28.2815 32.4264 11.058
28.2364 32.3256 11.0285
28.1874 32.2163 10.9985
28.1334 32.0964 10.9679
29.7239 31.2502 11.1348
29.8511 31.4853 11.1718
30.5486 31.2302 11.5146
30.5365 31.4498 11.5071
30.5904 31.3804 11.5399
30.5705 31.564 11.5304
28.9583 31.9612 11.0038
29.2216 32.1275 11.0558
29.3855 32.2304 11.0914
29.6041 31.2994 11.0961
29.754 31.5344 11.1376
29.855 31.6989 11.169
29.843 31.2065 11.1779
29.9493 31.4431 11.2101
30.0228 31.6163 11.2354
30.3233 31.0791 11.3941
30.3513 31.3357 11.4015
30.3683 31.5305 11.408
30.529 31.1532 11.5041
30.521 31.393 11.4975
30.5109 31.5785 11.493
30.6382 31.5296 11.5734
30.6105 31.6819 11.5612
30.585 31.8076 11.5514
29.6401 33.7623 11.9438
29.7321 33.6309 11.8821
29.8062 33.522 11.8317
29.5081 33.7378 11.8767
29.6189 33.6125 11.8241
29.708 33.5085 11.7812
28.8282 33.0069 11.2982
29.0384 33.0012 11.3149
29.1994 32.9933 11.3289
28.7878 32.8799 11.2398
29.0106 32.8935 11.2628
29.1776 32.9001 11.2816
28.7527 32.7508 11.1869
28.9908 32.7849 11.2159
29.1646 32.8062 11.239
28.723 32.6161 11.1381
28.9795 32.6732 11.1733
29.1606 32.7101 11.2003
28.6995 32.4721 11.0925
28.978 32.5562 11.1343
29.1671 32.61 11.1652
28.8726 32.0721 11.0129
29.1481 32.2233 11.0643
29.3212 32.3168 11.0998
29.4423 32.381 11.1272
29.0399 31.8475 10.9992
29.2922 32.0296 11.0517
29.4486 32.1424 11.0876
29.5568 32.2206 11.1151
29.5391 31.3284 11.077
29.7022 31.5639 11.121
29.8107 31.7262 11.1537
29.8884 31.8471 11.18
29.9775 31.1622 11.2317
30.0614 31.4026 11.2581
30.1195 31.5815 11.2791
30.1613 31.7214 11.2969
30.6953 31.6796 11.6196
30.6591 31.8053 11.6035
30.6265 31.9113 11.5901
30.5967 32.002 11.5787
31.1366 32.3103 12.0996
31.0213 32.3691 12.0175
30.9252 32.4171 11.9497
30.8436 32.457 11.8928
30.8414 33.0727 12.1964
30.7649 33.0275 12.1051
30.7003 32.9894 12.0284
30.6449 32.9566 11.9632
30.7479 33.2123 12.207
30.6831 33.1485 12.1135
30.6285 33.0948 12.0353
30.5817 33.0489 11.9688
30.6444 33.3447 12.2144
30.5929 33.2627 12.1187
30.5496 33.194 12.0389
30.5125 33.1356 11.9713
30.53 33.471 12.2187
30.4937 33.3709 12.1206
30.4632 33.2876 12.0393
30.437 33.217 11.9708
30.4031 33.5923 12.2198
30.3846 33.4738 12.1191
30.3687 33.3759 12.0364
30.3549 33.2935 11.9671
29.8455 33.7937 12.0564
29.9093 33.6516 11.9777
29.9602 33.5347 11.9135
30.0016 33.4364 11.8602
29.7062 33.7733 11.9789
29.789 33.6386 11.9121
29.8556 33.5272 11.8576
29.9102 33.4329 11.8121
29.3665 33.7076 11.8092
29.4987 33.5884 11.7651
29.6046 33.4896 11.7294
29.6914 33.4058 11.6999
28.9 33.2002 11.4
29.0954 33.1657 11.4059
29.2485 33.1351 11.4113
29.3723 33.1072 11.4164
28.8506 33.0706 11.3299
29.0553 33.0554 11.3433
29.2135 33.0401 11.3547
29.3404 33.0247 11.3648
28.6836 32.314 11.0497
28.9885 32.4308 11.0988
29.1857 32.5036 11.1335
29.3262 32.553 11.1606
29.3119 31.4805 11.0221
29.522 31.71 11.0733
29.6557 31.8592 11.1094
29.7491 31.9661 11.1376
29.8188 32.0481 11.1612
30.7647 31.8278 11.6834
30.7186 31.9323 11.6613
30.6774 32.0214 11.6424
30.6402 32.0985 11.6262
30.6061 32.1661 11.6119
30.9379 32.0941 11.8669
30.8638 32.171 11.8229
30.7995 32.2363 11.7854
30.7427 32.2926 11.7529
30.692 32.3415 11.7245
31.0348 32.2069 11.9786
30.942 32.2744 11.9178
30.8628 32.3309 11.8666
30.7942 32.3788 11.8228
30.7339 32.42 11.7849
31.0913 32.5035 12.1295
30.9827 32.5345 12.0452
30.8916 32.5599 11.9751
30.8138 32.581 11.9158
30.7466 32.5989 11.8649
31.0331 32.6815 12.154
30.9323 32.6881 12.0677
30.8475 32.6933 11.9956
30.7749 32.6974 11.9343
30.7119 32.7007 11.8815
30.9638 32.8462 12.1739
30.8719 32.8309 12.0856
30.7944 32.8178 12.0116
30.728 32.8063 11.9486
30.6703 32.7962 11.8942
30.8846 32.9997 12.1898
30.8027 32.9641 12.0995
30.7335 32.9341 12.0237
30.6742 32.9082 11.9592
30.6227 32.8856 11.9035
30.2616 33.7092 12.2173
30.2639 33.5717 12.1139
30.2651 33.4592 12.0299
30.2654 33.3651 11.9601
30.2651 33.2851 11.9011
30.1026 33.8219 12.2108
30.13 33.6645 12.1047
30.1512 33.5372 12.0194
30.1678 33.4317 11.9494
30.181 33.3426 11.8907
29.9224 33.8034 12.101
29.9755 33.6569 12.0149
30.0177 33.5369 11.9449
30.0518 33.4364 11.8869
30.0799 33.3506 11.8379
29.201 33.6673 11.7362
29.3607 33.5547 11.7006
29.4874 33.4619 11.6723
29.5904 33.3833 11.6491
29.676 33.3153 11.6298
28.9889 33.4067 11.5274
29.1739 33.3399 11.5187
29.3201 33.2834 11.5123
29.4391 33.2343 11.5075
29.5382 33.1906 11.5038
28.9274 33.267 11.439
29.119 33.2223 11.4406
29.2696 33.1836 11.4426
29.3919 33.149 11.4448
29.4937 33.1174 11.4471
28.8238 32.133 11.0199
29.1066 32.2758 11.0709
29.2855 32.3643 11.1064
29.4112 32.4249 11.1338
29.5061 32.4695 11.1566
29.5817 32.5038 11.1766
29.4675 31.3625 11.0576
29.6458 31.5989 11.1042
29.7628 31.7589 11.1383
29.8458 31.8765 11.1655
29.9081 31.9683 11.1884
29.9569 32.0432 11.2086
30.1514 31.1116 11.3093
30.2074 31.3601 11.327
30.2453 31.5474 11.3415
30.2714 31.6951 11.3539
30.2896 31.8156 11.3649
30.3021 31.9169 11.3749
30.492 31.055 11.4849
30.4917 31.3218 11.4804
30.4871 31.5243 11.4776
30.4799 31.6845 11.476
30.4709 31.815 11.4752
30.4606 31.9242 11.4751
30.8466 31.9678 11.7668
30.7881 32.0563 11.7356
30.7364 32.1321 11.7089
30.6902 32.1978 11.6857
30.6484 32.2554 11.6652
30.6101 32.3063 11.6471
29.0614 33.5586 11.6336
29.2412 33.4654 11.6114
29.3832 33.3882 11.5939
29.4983 33.3223 11.58
29.5939 33.2649 11.5685
29.6747 33.2137 11.5589
29.1311 31.7077 10.9995
29.3718 31.9098 11.0525
29.5211 32.0361 11.0889
29.6243 32.1243 11.1169
29.701 32.1907 11.1401
29.7612 32.2434 11.1604
29.8105 32.2871 11.1789
30.6134 31.4549 11.5554
30.5896 31.6223 11.5446
30.5674 31.7588 11.5362
30.5463 31.8728 11.5295
30.5262 31.9698 11.5241
30.5067 32.0538 11.5196
30.4878 32.1274 11.5159
28.7675 32.2022 11.0296
29.0593 32.3354 11.0802
29.2453 32.418 11.1154
29.3767 32.4746 11.1428
29.4762 32.5159 11.1657
29.5556 32.5474 11.1857
29.6215 32.5725 11.2039
29.6781 32.5929 11.221
29.2577 31.5385 11.0127
29.478 31.7621 11.0649
29.6168 31.9055 11.1013
29.7133 32.0073 11.1296
29.7852 32.0849 11.1532
29.8414 32.1472 11.1738
29.8871 32.1993 11.1926
29.9255 32.2444 11.2102
29.9585 32.2844 11.2272
29.7826 31.2281 11.1555
29.8993 31.4637 11.1902
29.9798 31.6346 11.2172
30.0381 31.766 11.2395
30.0821 31.8717 11.2588
30.1161 31.9598 11.276
30.1429 32.0352 11.2917
30.1644 32.1014 11.3065
30.1818 32.1608 11.3205
30.3925 31.0684 11.4304
30.409 31.3289 11.4332
30.4173 31.5268 11.4361
30.4202 31.6834 11.4391
30.4194 31.8113 11.4422
30.416 31.9185 11.4453
30.4105 32.0103 11.4485
30.4036 32.0904 11.4517
30.3954 32.1613 11.4549
30.4682 33.5322 12.2197
30.4405 33.423 12.1203
30.417 33.3324 12.0383
30.3968 33.2558 11.9693
30.3791 33.1902 11.9106
30.3634 33.133 11.8598
30.3492 33.0828 11.8155
30.3364 33.0382 11.7764
30.3247 32.9983 11.7417
29.4393 33.7236 11.8433
29.5603 33.6013 11.795
29.6575 33.4999 11.7557
29.7373 33.4138 11.7231
29.804 33.3392 11.6955
29.8607 33.2736 11.6719
29.9093 33.2151 11.6512
29.9515 33.1622 11.633
29.9885 33.114 11.6169
30.7284 31.7542 11.6491
30.6875 31.8687 11.6303
30.6508 31.9658 11.6144
30.6174 32.0495 11.6008
30.5867 32.1225 11.589
30.5581 32.1869 11.5787
30.5312 32.2444 11.5696
30.5057 32.2961 11.5614
30.4813 32.343 11.5541
30.4579 32.3858 11.5474
31.0851 32.2594 12.038
30.9815 32.3226 11.9671
30.8941 32.3749 11.908
30.8191 32.4188 11.8578
30.7538 32.4562 11.8147
30.6963 32.4885 11.7772
30.6449 32.5166 11.7442
30.5987 32.5412 11.7148
30.5568 32.563 11.6886
30.5184 32.5824 11.665
31.0636 32.5943 12.1424
30.9588 32.6127 12.0571
30.8707 32.6277 11.9859
30.7954 32.6402 11.9256
30.7302 32.6506 11.8737
30.6729 32.6593 11.8286
30.6221 32.6668 11.7889
30.5767 32.6732 11.7538
30.5357 32.6786 11.7224
30.4984 32.6833 11.6941
30.9254 32.9243 12.1823
30.8384 32.8987 12.0931
30.7649 32.8769 12.0181
30.7019 32.8581 11.9543
30.6472 32.8416 11.8993
30.5991 32.827 11.8512
30.5565 32.814 11.8089
30.5183 32.8022 11.7714
30.4838 32.7914 11.7378
30.4526 32.7816 11.7075
30.6974 33.2793 12.2111
30.6391 33.2064 12.1165
30.5899 33.1452 12.0375
30.5478 33.0929 11.9705
30.5113 33.0477 11.9128
30.4791 33.0081 11.8627
30.4506 32.9731 11.8186
30.425 32.9419 11.7796
30.4019 32.9138 11.7448
30.3809 32.8883 11.7135
30.1845 33.7661 12.2146
30.1988 33.6188 12.1099
30.2095 33.4989 12.0252
30.2177 33.3991 11.9552
30.2239 33.3145 11.8964
30.2286 33.2416 11.8461
30.2321 33.178 11.8026
30.2347 33.1218 11.7645
30.2365 33.0716 11.7308
30.2376 33.0265 11.7008
28.7696 32.8158 11.2128
28.9997 32.8394 11.2388
29.17 32.8533 11.2598
29.3027 32.8611 11.2775
29.4102 32.8647 11.2932
29.5 32.8654 11.3074
29.5769 32.864 11.3205
29.6443 32.8608 11.3329
29.7045 32.8562 11.3449
29.759 32.8504 11.3564
28.7104 32.5456 11.1149
28.9774 32.6155 11.1533
29.1625 32.6607 11.1823
29.3003 32.6915 11.2059
29.4085 32.7133 11.2261
29.497 32.7291 11.2441
29.5718 32.7406 11.2605
29.6366 32.7489 11.276
29.6942 32.7548 11.2908
29.7464 32.7587 11.3053
30.0574 31.1381 11.2663
30.1284 31.3818 11.2888
30.1773 31.5644 11.307
30.212 31.7078 11.3225
30.2371 31.8247 11.336
30.2555 31.9228 11.3483
30.2688 32.0072 11.3595
30.2784 32.0812 11.3701
30.2848 32.1472 11.3802
30.2889 32.2072 11.3899
30.2908 32.2623 11.3993
30.8913 32.0328 11.8151
30.8255 32.1151 11.778
30.7677 32.1854 11.7463
30.7164 32.2461 11.7187
30.6703 32.2992 11.6944
30.6284 32.3461 11.673
30.59 32.3878 11.6537
30.5545 32.4251 11.6364
30.5215 32.4589 11.6207
30.4906 32.4895 11.6063
30.4614 32.5174 11.5931
29.1029 33.6409 11.6956
29.2806 33.5322 11.6646
29.4203 33.443 11.6402
29.5332 33.3676 11.6206
29.6265 33.3024 11.6043
29.7052 33.2449 11.5906
29.7724 33.1932 11.5789
29.8308 33.1462 11.5688
29.8819 33.103 11.5599
29.9273 33.0627 11.552
29.9678 33.0247 11.545
28.957 33.3356 11.4813
29.145 33.2802 11.4781
29.2934 33.2329 11.4761
29.4141 33.1913 11.475
29.5146 33.1539 11.4746
29.6001 33.1195 11.4746
29.674 33.0876 11.4749
29.7388 33.0574 11.4756
29.7963 33.0287 11.4765
29.8481 33.001 11.4776
29.895 32.9741 11.4789
30.6654 31.6045 11.5946
30.6335 31.7429 11.5807
30.6046 31.8584 11.5692
30.578 31.9566 11.5597
30.553 32.0413 11.5516
30.5295 32.1155 11.5448
30.507 32.1812 11.5388
30.4854 32.24 11.5336
30.4645 32.2931 11.529
30.4441 32.3415 11.525
30.4241 32.3859 11.5214
30.4044 32.427 11.5182
29.7741 33.7837 12.0161
29.8476 33.6455 11.9437
29.9066 33.5314 11.8847
29.9548 33.4351 11.8355
29.9949 33.3525 11.7937
30.0286 33.2804 11.7578
30.0573 33.2167 11.7266
30.082 33.1597 11.699
30.1033 33.1083 11.6745
30.1219 33.0614 11.6525
30.1382 33.0184 11.6326
30.1526 32.9786 11.6145
28.7001 32.2849 11.0437
29.0033 32.4065 11.0934
29.1985 32.4821 11.1284
29.3372 32.5335 11.1557
29.4426 32.5707 11.1785
29.5268 32.5988 11.1984
29.5969 32.6208 11.2165
29.657 32.6383 11.2335
29.7101 32.6526 11.2498
29.7581 32.6645 11.2656
29.8024 32.6743 11.2814
29.844 32.6826 11.2974
29.8839 32.6895 11.3138
28.9989 31.906 11.001
29.2566 32.0799 11.0532
29.4166 32.1875 11.089
29.5276 32.2619 11.1164
29.6105 32.3172 11.1392
29.676 32.3607 11.1592
29.73 32.3963 11.1774
29.7761 32.4265 11.1946
29.8166 32.4529 11.2111
29.853 32.4765 11.2274
29.8867 32.4981 11.2438
29.9183 32.5183 11.2606
29.9488 32.5376 11.278
31.1157 32.4089 12.1153
31.0036 32.4533 12.0321
30.9098 32.4897 11.9631
30.83 32.52 11.9049
30.7609 32.5456 11.8551
30.7005 32.5675 11.8119
30.6469 32.5864 11.7741
30.599 32.6028 11.7406
30.5558 32.6172 11.7108
30.5165 32.6299 11.684
30.4805 32.6411 11.6597
30.4473 32.6512 11.6377
30.4165 32.6601 11.6175
30.3878 32.6682 11.5989
30.5887 33.4085 12.217
30.5445 33.3175 12.1201
30.5074 33.2415 12.0395
30.4755 33.1769 11.9714
30.4478 33.1212 11.9131
30.4235 33.0727 11.8626
30.4018 33.0298 11.8183
30.3823 32.9917 11.7791
30.3646 32.9574 11.7442
30.3484 32.9265 11.7128
30.3336 32.8983 11.6845
30.3198 32.8724 11.6588
30.307 32.8486 11.6353
30.295 32.8266 11.6137
30.007 33.8128 12.1517
30.0483 33.6613 12.0566
30.0807 33.5379 11.9798
30.1067 33.435 11.9163
30.1278 33.3476 11.8628
30.1452 33.2721 11.8172
30.1596 33.2061 11.7776
30.1717 33.1476 11.7429
30.1818 33.0952 11.7122
30.1903 33.048 11.6849
30.1975 33.005 11.6602
30.2036 32.9655 11.6379
30.2087 32.9291 11.6176
30.213 32.8952 11.5989
29.2879 33.6891 11.7738
29.4327 33.5731 11.7338
29.5483 33.4772 11.7018
29.6428 33.3958 11.6754
29.7215 33.3253 11.6532
29.7882 33.2632 11.6343
29.8454 33.2076 11.6179
29.8951 33.1572 11.6035
29.9388 33.111 11.5908
29.9774 33.0682 11.5794
30.0119 33.0282 11.5691
30.0429 32.9905 11.5597
30.0709 32.9547 11.5512
30.0964 32.9206 11.5432
28.8073 32.9435 11.2682
29.0235 32.9474 11.2881
29.1874 32.9466 11.3046
29.3173 32.943 11.3189
29.4237 32.9373 11.3316
29.5132 32.9301 11.3433
29.5903 32.9217 11.3541
29.6581 32.9124 11.3644
29.7186 32.9023 11.3743
29.7734 32.8914 11.384
29.8237 32.8797 11.3935
29.8706 32.8673 11.4029
29.9147 32.854 11.4124
29.9566 32.84 11.422
29.9072 31.1847 11.2029
30.0026 31.4229 11.2323
30.0688 31.5987 11.2557
30.1167 31.7355 11.2753
30.1524 31.8464 11.2923
30.1796 31.9392 11.3075
30.2006 32.0189 11.3215
30.2169 32.0889 11.3346
30.2296 32.1515 11.347
30.2393 32.2086 11.359
30.2465 32.2612 11.3707
30.2517 32.3106 11.3823
30.2551 32.3574 11.3939
30.2569 32.4023 11.4055
30.2572 32.4459 11.4174
30.9858 32.152 11.9215
30.9028 32.224 11.8697
30.8312 32.2848 11.8257
30.7687 32.3368 11.7878
30.7133 32.3818 11.7548
30.6637 32.4211 11.7257
30.6189 32.4557 11.6999
30.578 32.4865 11.6767
30.5404 32.514 11.6558
30.5056 32.5388 11.6368
30.4732 32.5612 11.6195
30.4428 32.5817 11.6035
30.4142 32.6003 11.5888
30.3871 32.6174 11.5752
30.3614 32.6331 11.5624
30.7958 33.1435 12.2021
30.725 33.0889 12.1097
30.6653 33.0429 12.0323
30.614 33.0035 11.9664
30.5696 32.9693 11.9096
30.5305 32.9392 11.8602
30.4958 32.9126 11.8166
30.4647 32.8887 11.778
30.4367 32.8672 11.7435
30.4113 32.8477 11.7124
30.388 32.8298 11.6843
30.3665 32.8134 11.6587
30.3467 32.7982 11.6353
30.3283 32.7841 11.6138
30.3111 32.771 11.5939
29.1868 31.6163 11.003
29.4206 31.832 11.0563
29.5661 31.968 11.0931
29.6667 32.0635 11.1214
29.7415 32.1357 11.1448
29.8 32.1933 11.1654
29.8476 32.2412 11.1841
29.8878 32.2825 11.2017
29.9226 32.3191 11.2186
29.9534 32.3524 11.2351
29.9814 32.3833 11.2517
30.0072 32.4126 11.2686
30.0315 32.4411 11.2861
30.0547 32.4691 11.3044
30.0774 32.4972 11.324
30.0999 32.526 11.3451
30.569 31.3057 11.5264
30.5529 31.5066 11.518
30.5369 31.6664 11.5118
30.5208 31.7972 11.5071
30.5048 31.9068 11.5036
30.4888 32.0004 11.5009
30.4728 32.0817 11.4988
30.4568 32.1534 11.4973
30.4408 32.2174 11.4961
30.4246 32.2751 11.4954
30.4084 32.3278 11.4948
30.392 32.3762 11.4946
30.3754 32.4211 11.4946
30.3585 32.463 11.4947
30.3412 32.5025 11.495
30.3236 32.54 11.4955
28.6904 32.3952 11.0708
28.9816 32.4948 11.1161
29.1747 32.5577 11.1489
29.3145 32.6008 11.1749
29.4221 32.6318 11.1968
29.5089 32.6549 11.2161
29.5815 32.6727 11.2337
29.6441 32.6865 11.2502
29.6995 32.6974 11.266
29.7496 32.7059 11.2814
29.7958 32.7127 11.2967
29.8392 32.7178 11.3121
29.8807 32.7216 11.3278
29.921 32.7242 11.3441
29.9607 32.7256 11.3611
30.0006 32.7259 11.3792
29.665 31.2737 11.1152
29.8032 31.5086 11.1545
29.8971 31.6752 11.1844
29.965 31.8015 11.2089
30.0162 31.9022 11.2299
30.0561 31.9855 11.2485
30.088 32.0566 11.2656
30.114 32.119 11.2815
30.1356 32.1748 11.2967
30.1535 32.2258 11.3115
30.1687 32.2732 11.326
30.1815 32.3179 11.3404
30.1924 32.3607 11.355
30.2016 32.4023 11.3698
30.2093 32.4432 11.3852
30.2156 32.484 11.4012
30.2205 32.5252 11.418
29.0236 33.4808 11.5779
29.2058 33.4014 11.563
29.3499 33.3351 11.5515
29.4671 33.2779 11.5424
29.5645 33.2276 11.5351
29.6471 33.1823 11.5291
29.7183 33.1411 11.5241
29.7804 33.1028 11.5199
29.8354 33.0671 11.5164
29.8844 33.0332 11.5135
29.9287 33.0009 11.5109
29.9689 32.9697 11.5088
30.0058 32.9395 11.507
30.0398 32.9099 11.5054
30.0715 32.8809 11.5041
30.101 32.8521 11.503
30.1288 32.8234 11.5021
29.0833 31.7828 10.9985
29.33 31.974 11.0513
29.4828 32.0929 11.0874
29.5885 32.1756 11.1151
29.6672 32.2375 11.1381
29.7291 32.2865 11.1583
29.7799 32.3269 11.1766
29.823 32.3615 11.1939
29.8607 32.392 11.2105
29.8946 32.4196 11.227
29.9256 32.445 11.2434
29.9546 32.4691 11.2603
29.9823 32.4922 11.2778
30.0092 32.515 11.2963
30.0359 32.5377 11.316
30.0629 32.5609 11.3376
30.0907 32.5851 11.3614
30.1201 32.6109 11.3884
30.8042 31.8993 11.7227
30.7522 31.9951 11.6965
30.7061 32.0772 11.6741
30.6646 32.1483 11.6546
30.6268 32.2107 11.6375
30.592 32.2659 11.6223
30.5597 32.3153 11.6088
30.5295 32.3597 11.5966
30.5011 32.4 11.5855
30.4741 32.4367 11.5753
30.4483 32.4705 11.566
30.4235 32.5016 11.5574
30.3997 32.5304 11.5494
30.3766 32.5573 11.542
30.3541 32.5825 11.535
30.3321 32.6061 11.5284
30.3105 32.6283 11.5222
30.2893 32.6494 11.5164
30.3344 33.6512 12.219
30.3258 33.5234 12.117
30.3181 33.4182 12.0336
30.3111 33.3299 11.964
30.3046 33.2546 11.9051
30.2985 33.1894 11.8544
30.2928 33.1322 11.8103
30.2873 33.0816 11.7716
30.282 33.0363 11.7373
30.2769 32.9955 11.7066
30.272 32.9584 11.6789
30.2672 32.9245 11.6539
30.2624 32.8933 11.631
30.2578 32.8644 11.6101
30.2532 32.8376 11.5909
30.2487 32.8124 11.573
30.2443 32.7889 11.5565
30.2399 32.7666 11.5411
28.7371 32.6843 11.162
28.984 32.7296 11.1941
29.1614 32.7585 11.2192
29.2968 32.7777 11.2401
29.4049 32.7905 11.2582
29.4944 32.7988 11.2744
29.5706 32.8039 11.2894
29.637 32.8066 11.3036
29.6962 32.8073 11.3171
29.7498 32.8064 11.3303
29.7993 32.8041 11.3433
29.8456 32.8005 11.3562
29.8895 32.7957 11.3694
29.9318 32.7898 11.3828
29.9729 32.7826 11.3966
30.0135 32.7742 11.411
30.0541 32.7644 11.4263
30.0951 32.753 11.4425
30.2536 31.0913 11.3587
30.293 31.3443 11.3705
30.3185 31.536 11.3804
30.335 31.6875 11.3892
30.3454 31.8113 11.3971
30.3512 31.9153 11.4044
30.3538 32.0045 11.4112
30.3539 32.0825 11.4178
30.3518 32.1519 11.424
30.3481 32.2145 11.4302
30.343 32.2717 11.4362
30.3365 32.3245 11.4421
30.3289 32.3738 11.4481
30.3202 32.4203 11.4541
30.3104 32.4646 11.4601
30.2995 32.5071 11.4663
30.2876 32.5483 11.4726
30.2744 32.5885 11.4791
30.26 32.6281 11.4858
29.5746 33.7506 11.91
29.6758 33.6223 11.8529
29.7573 33.5158 11.8064
29.8243 33.4255 11.7676
29.8803 33.3476 11.7347
29.9278 33.2791 11.7063
29.9685 33.2183 11.6816
30.0037 33.1635 11.6598
30.0345 33.1137 11.6403
30.0617 33.068 11.6229
30.0857 33.0257 11.607
30.1071 32.9863 11.5926
30.1263 32.9493 11.5793
30.1435 32.9144 11.5671
30.1591 32.8812 11.5557
30.1732 32.8495 11.5451
30.186 32.8191 11.5351
30.1977 32.7897 11.5257
30.2083 32.7613 11.5168
28.9168 32.0158 11.0077
29.1859 32.1746 11.0594
29.3541 32.2729 11.095
29.4714 32.3404 11.1224
29.5594 32.3904 11.1451
29.6293 32.4294 11.1651
29.687 32.4611 11.1833
29.7364 32.4876 11.2004
29.78 32.5106 11.2169
29.8193 32.5308 11.2332
29.8557 32.5491 11.2495
29.89 32.5659 11.2661
29.9231 32.5817 11.2834
29.9556 32.5968 11.3016
29.988 32.6114 11.3211
30.0211 32.6258 11.3422
30.0555 32.6404 11.3656
30.092 32.6553 11.3919
30.1316 32.671 11.4221
30.1759 32.6879 11.4575
29.3859 31.4041 11.0376
29.5826 31.6418 11.0872
29.7092 31.7991 11.1227
29.7983 31.9131 11.1507
29.8648 32.0011 11.1742
29.9167 32.0724 11.1948
29.9587 32.1325 11.2135
29.9936 32.1847 11.2311
30.0233 32.2312 11.2479
30.049 32.2736 11.2643
30.0718 32.3131 11.2805
30.0922 32.3506 11.2969
30.1108 32.3868 11.3136
30.1278 32.4223 11.331
30.1438 32.4578 11.3492
30.1588 32.4937 11.3686
30.1731 32.5308 11.3896
30.1869 32.5696 11.4125
30.2003 32.6111 11.438
30.2135 32.6563 11.4669
30.9997 32.7654 12.1645
30.9033 32.7608 12.0772
30.822 32.7566 12.0041
30.7523 32.7528 11.9419
30.6919 32.7492 11.8883
30.6388 32.7458 11.8416
30.5917 32.7427 11.8004
30.5495 32.7396 11.7639
30.5115 32.7367 11.7313
30.477 32.7339 11.7019
30.4454 32.7312 11.6753
30.4163 32.7285 11.651
30.3894 32.726 11.6288
30.3645 32.7234 11.6084
30.3412 32.7209 11.5895
30.3193 32.7185 11.572
30.2988 32.716 11.5557
30.2793 32.7137 11.5405
30.2609 32.7113 11.5263
30.2435 32.7089 11.5129
28.8744 33.1349 11.3638
29.0743 33.1102 11.3735
29.2298 33.0873 11.3821
29.3552 33.0658 11.3898
29.4592 33.0451 11.397
29.5473 33.0252 11.4038
29.6236 33.0057 11.4102
29.6907 32.9865 11.4164
29.7505 32.9675 11.4225
29.8046 32.9485 11.4284
29.8541 32.9294 11.4344
29.8997 32.9102 11.4403
29.9424 32.8906 11.4462
29.9825 32.8706 11.4523
30.0207 32.85 11.4584
30.0572 32.8288 11.4647
30.0925 32.8067 11.4712
30.1268 32.7837 11.478
30.1604 32.7595 11.485
30.1937 32.7339 11.4925
30.2268 32.7066 11.5003
3 111 1 5 0.6846334263181841 0.032263035672219 0.29350959055506887
3 2 1 111 0.6846334263181841 0.032263035672219 0.29350959055506887
3 111 112 2 0.6846334263181841 0.032263035672219 0.29350959055506887
3 547 5 6 0.6846334263181841 0.032263035672219 0.29350959055506887
3 111 5 547 0.6846334263181841 0.032263035672219 0.29350959055506887
3 547 110 111 0.6846334263181841 0.032263035672219 0.29350959055506887
3 56 57 178 0.6846334263181841 0.032263035672219 0.29350959055506887
3 479 170 28 0.6846334263181841 0.032263035672219 0.29350959055506887
3 90 91 501 0.6846334263181841 0.032263035672219 0.29350959055506887
3 501 91 92 0.6846334263181841 0.032263035672219 0.29350959055506887
3 71 194 587 0.6846334263181841 0.032263035672219 0.29350959055506887
3 152 106 469 0.6846334263181841 0.032263035672219 0.29350959055506887
3 223 224 721 0.6846334263181841 0.032263035672219 0.29350959055506887
3 97 512 96 0.6846334263181841 0.032263035672219 0.29350959055506887
3 291 512 97 0.6846334263181841 0.032263035672219 0.29350959055506887
3 320 51 52 0.6846334263181841 0.032263035672219 0.29350959055506887
3 171 170 479 0.6846334263181841 0.032263035672219 0.29350959055506887
3 314 42 131 0.6846334263181841 0.032263035672219 0.29350959055506887
3 131 372 314 0.6846334263181841 0.032263035672219 0.29350959055506887
3 202 82 535 0.6846334263181841 0.032263035672219 0.29350959055506887
3 209 537 208 0.6846334263181841 0.032263035672219 0.29350959055506887
3 286 287 753 0.6846334263181841 0.032263035672219 0.29350959055506887
3 286 96 512 0.6846334263181841 0.032263035672219 0.29350959055506887
3 753 95 286 0.6846334263181841 0.032263035672219 0.29350959055506887
3 95 96 286 0.6846334263181841 0.032263035672219 0.29350959055506887
3 512 291 292 0.6846334263181841 0.032263035672219 0.29350959055506887
3 941 219 220 0.6846334263181841 0.032263035672219 0.29350959055506887
3 636 947 946 0.6846334263181841 0.032263035672219 0.29350959055506887
3 76 449 266 0.6846334263181841 0.032263035672219 0.29350959055506887
3 271 449 76 0.6846334263181841 0.032263035672219 0.29350959055506887
3 81 82 202 0.6846334263181841 0.032263035672219 0.29350959055506887
3 281 501 502 0.6846334263181841 0.032263035672219 0.29350959055506887
3 90 501 281 0.6846334263181841 0.032263035672219 0.29350959055506887
3 502 501 326 0.6846334263181841 0.032263035672219 0.29350959055506887
3 246 574 573 0.6846334263181841 0.032263035672219 0.29350959055506887
3 573 59 246 0.6846334263181841 0.032263035672219 0.29350959055506887
3 179 178 573 0.6846334263181841 0.032263035672219 0.29350959055506887
3 573 574 179 0.6846334263181841 0.032263035672219 0.29350959055506887
3 573 178 58 0.6846334263181841 0.032263035672219 0.29350959055506887
3 58 59 573 0.6846334263181841 0.032263035672219 0.29350959055506887
3 58 178 57 0.6846334263181841 0.032263035672219 0.29350959055506887
3 72 194 71 0.6846334263181841 0.032263035672219 0.29350959055506887
3 71 587 70 0.6846334263181841 0.032263035672219 0.29350959055506887
3 721 224 722 0.6846334263181841 0.032263035672219 0.29350959055506887
3 548 223 547 0.6846334263181841 0.032263035672219 0.29350959055506887
3 224 223 548 0.6846334263181841 0.032263035672219 0.29350959055506887
3 105 106 152 0.6846334263181841 0.032263035672219 0.29350959055506887
3 98 291 97 0.6846334263181841 0.032263035672219 0.29350959055506887
3 27 28 170 0.6846334263181841 0.032263035672219 0.29350959055506887
3 25 113 24 0.6846334263181841 0.032263035672219 0.29350959055506887
3 900 19 20 0.6846334263181841 0.032263035672219 0.29350959055506887
3 302 900 20 0.6846334263181841 0.032263035672219 0.29350959055506887
3 20 21 302 0.6846334263181841 0.032263035672219 0.29350959055506887
3 33 39 40 0.6846334263181841 0.032263035672219 0.29350959055506887
3 40 372 33 0.6846334263181841 0.032263035672219 0.29350959055506887
3 37 33 34 0.6846334263181841 0.032263035672219 0.29350959055506887
3 37 39 33 0.6846334263181841 0.032263035672219 0.29350959055506887
3 309 308 842 0.6846334263181841 0.032263035672219 0.29350959055506887
3 32 842 31 0.6846334263181841 0.032263035672219 0.29350959055506887
3 842 308 31 0.6846334263181841 0.032263035672219 0.29350959055506887
3 43 131 42 0.6846334263181841 0.032263035672219 0.29350959055506887
3 536 203 202 0.6846334263181841 0.032263035672219 0.29350959055506887
3 202 535 536 0.6846334263181841 0.032263035672219 0.29350959055506887
3 208 537 536 0.6846334263181841 0.032263035672219 0.29350959055506887
3 536 537 203 0.6846334263181841 0.032263035672219 0.29350959055506887
3 83 535 82 0.6846334263181841 0.032263035672219 0.29350959055506887
3 452 275 453 0.6846334263181841 0.032263035672219 0.29350959055506887
3 537 209 538 0.6846334263181841 0.032263035672219 0.29350959055506887
3 87 88 210 0.6846334263181841 0.032263035672219 0.29350959055506887
3 87 140 86 0.6846334263181841 0.032263035672219 0.29350959055506887
3 861 85 86 0.6846334263181841 0.032263035672219 0.29350959055506887
3 86 140 861 0.6846334263181841 0.032263035672219 0.29350959055506887
3 137 85 861 0.6846334263181841 0.032263035672219 0.29350959055506887
3 282 616 210 0.6846334263181841 0.032263035672219 0.29350959055506887
3 283 617 211 0.6846334263181841 0.032263035672219 0.29350959055506887
3 211 616 283 0.6846334263181841 0.032263035672219 0.29350959055506887
3 756 755 289 0.6846334263181841 0.032263035672219 0.29350959055506887
3 518 946 947 0.6846334263181841 0.032263035672219 0.29350959055506887
3 288 287 514 0.6846334263181841 0.032263035672219 0.29350959055506887
3 288 289 755 0.6846334263181841 0.032263035672219 0.29350959055506887
3 502 326 327 0.6846334263181841 0.032263035672219 0.29350959055506887
3 328 755 756 0.6846334263181841 0.032263035672219 0.29350959055506887
3 502 327 328 0.6846334263181841 0.032263035672219 0.29350959055506887
3 328 327 755 0.6846334263181841 0.032263035672219 0.29350959055506887
3 512 292 513 0.6846334263181841 0.032263035672219 0.29350959055506887
3 513 286 512 0.6846334263181841 0.032263035672219 0.29350959055506887
3 287 286 513 0.6846334263181841 0.032263035672219 0.29350959055506887
3 514 287 513 0.6846334263181841 0.032263035672219 0.29350959055506887
3 215 292 291 0.6846334263181841 0.032263035672219 0.29350959055506887
3 347 548 346 0.6846334263181841 0.032263035672219 0.29350959055506887
3 346 548 547 0.6846334263181841 0.032263035672219 0.29350959055506887
3 346 547 6 0.6846334263181841 0.032263035672219 0.29350959055506887
3 16 688 15 0.6846334263181841 0.032263035672219 0.29350959055506887
3 15 688 13 0.6846334263181841 0.032263035672219 0.29350959055506887
3 148 630 147 0.6846334263181841 0.032263035672219 0.29350959055506887
3 145 220 219 0.6846334263181841 0.032263035672219 0.29350959055506887
3 219 144 145 0.6846334263181841 0.032263035672219 0.29350959055506887
3 637 947 636 0.6846334263181841 0.032263035672219 0.29350959055506887
3 637 948 947 0.6846334263181841 0.032263035672219 0.29350959055506887
3 833 832 478 0.6846334263181841 0.032263035672219 0.29350959055506887
3 478 834 833 0.6846334263181841 0.032263035672219 0.29350959055506887
3 833 834 468 0.6846334263181841 0.032263035672219 0.29350959055506887
3 226 17 18 0.6846334263181841 0.032263035672219 0.29350959055506887
3 18 19 226 0.6846334263181841 0.032263035672219 0.29350959055506887
3 226 19 900 0.6846334263181841 0.032263035672219 0.29350959055506887
3 12 13 332 0.6846334263181841 0.032263035672219 0.29350959055506887
3 13 688 332 0.6846334263181841 0.032263035672219 0.29350959055506887
3 203 537 204 0.6846334263181841 0.032263035672219 0.29350959055506887
3 204 277 203 0.6846334263181841 0.032263035672219 0.29350959055506887
3 278 277 204 0.6846334263181841 0.032263035672219 0.29350959055506887
3 537 538 204 0.6846334263181841 0.032263035672219 0.29350959055506887
3 75 76 266 0.6846334263181841 0.032263035672219 0.29350959055506887
3 79 271 77 0.6846334263181841 0.032263035672219 0.29350959055506887
3 271 76 77 0.6846334263181841 0.032263035672219 0.29350959055506887
3 276 81 202 0.6846334263181841 0.032263035672219 0.29350959055506887
3 601 81 276 0.6846334263181841 0.032263035672219 0.29350959055506887
3 276 277 601 0.6846334263181841 0.032263035672219 0.29350959055506887
3 202 203 276 0.6846334263181841 0.032263035672219 0.29350959055506887
3 203 277 276 0.6846334263181841 0.032263035672219 0.29350959055506887
3 80 81 601 0.6846334263181841 0.032263035672219 0.29350959055506887
3 80 271 79 0.6846334263181841 0.032263035672219 0.29350959055506887
3 80 601 271 0.6846334263181841 0.032263035672219 0.29350959055506887
3 602 277 278 0.6846334263181841 0.032263035672219 0.29350959055506887
3 601 277 602 0.6846334263181841 0.032263035672219 0.29350959055506887
3 90 281 89 0.6846334263181841 0.032263035672219 0.29350959055506887
3 94 95 753 0.6846334263181841 0.032263035672219 0.29350959055506887
3 753 326 94 0.6846334263181841 0.032263035672219 0.29350959055506887
3 94 501 92 0.6846334263181841 0.032263035672219 0.29350959055506887
3 94 326 501 0.6846334263181841 0.032263035672219 0.29350959055506887
3 60 246 59 0.6846334263181841 0.032263035672219 0.29350959055506887
3 190 587 588 0.6846334263181841 0.032263035672219 0.29350959055506887
3 69 70 190 0.6846334263181841 0.032263035672219 0.29350959055506887
3 190 70 587 0.6846334263181841 0.032263035672219 0.29350959055506887
3 383 382 200 0.6846334263181841 0.032263035672219 0.29350959055506887
3 381 382 194 0.6846334263181841 0.032263035672219 0.29350959055506887
3 194 72 381 0.6846334263181841 0.032263035672219 0.29350959055506887
3 381 72 73 0.6846334263181841 0.032263035672219 0.29350959055506887
3 452 453 269 0.6846334263181841 0.032263035672219 0.29350959055506887
3 270 809 269 0.6846334263181841 0.032263035672219 0.29350959055506887
3 269 453 270 0.6846334263181841 0.032263035672219 0.29350959055506887
3 200 809 201 0.6846334263181841 0.032263035672219 0.29350959055506887
3 201 383 200 0.6846334263181841 0.032263035672219 0.29350959055506887
3 347 348 549 0.6846334263181841 0.032263035672219 0.29350959055506887
3 549 548 347 0.6846334263181841 0.032263035672219 0.29350959055506887
3 224 548 549 0.6846334263181841 0.032263035672219 0.29350959055506887
3 721 722 156 0.6846334263181841 0.032263035672219 0.29350959055506887
3 152 469 156 0.6846334263181841 0.032263035672219 0.29350959055506887
3 156 469 721 0.6846334263181841 0.032263035672219 0.29350959055506887
3 225 722 224 0.6846334263181841 0.032263035672219 0.29350959055506887
3 224 549 225 0.6846334263181841 0.032263035672219 0.29350959055506887
3 472 724 473 0.6846334263181841 0.032263035672219 0.29350959055506887
3 472 473 827 0.6846334263181841 0.032263035672219 0.29350959055506887
3 472 827 826 0.6846334263181841 0.032263035672219 0.29350959055506887
3 825 153 154 0.6846334263181841 0.032263035672219 0.29350959055506887
3 153 471 154 0.6846334263181841 0.032263035672219 0.29350959055506887
3 154 826 825 0.6846334263181841 0.032263035672219 0.29350959055506887
3 154 471 472 0.6846334263181841 0.032263035672219 0.29350959055506887
3 472 826 154 0.6846334263181841 0.032263035672219 0.29350959055506887
3 107 469 106 0.6846334263181841 0.032263035672219 0.29350959055506887
3 547 223 720 0.6846334263181841 0.032263035672219 0.29350959055506887
3 108 109 720 0.6846334263181841 0.032263035672219 0.29350959055506887
3 523 340 134 0.6846334263181841 0.032263035672219 0.29350959055506887
3 788 51 320 0.6846334263181841 0.032263035672219 0.29350959055506887
3 320 789 788 0.6846334263181841 0.032263035672219 0.29350959055506887
3 50 231 49 0.6846334263181841 0.032263035672219 0.29350959055506887
3 51 788 50 0.6846334263181841 0.032263035672219 0.29350959055506887
3 50 788 231 0.6846334263181841 0.032263035672219 0.29350959055506887
3 24 113 736 0.6846334263181841 0.032263035672219 0.29350959055506887
3 736 123 122 0.6846334263181841 0.032263035672219 0.29350959055506887
3 22 122 166 0.6846334263181841 0.032263035672219 0.29350959055506887
3 302 21 166 0.6846334263181841 0.032263035672219 0.29350959055506887
3 21 22 166 0.6846334263181841 0.032263035672219 0.29350959055506887
3 170 171 644 0.6846334263181841 0.032263035672219 0.29350959055506887
3 171 645 644 0.6846334263181841 0.032263035672219 0.29350959055506887
3 364 125 126 0.6846334263181841 0.032263035672219 0.29350959055506887
3 363 25 26 0.6846334263181841 0.032263035672219 0.29350959055506887
3 26 125 363 0.6846334263181841 0.032263035672219 0.29350959055506887
3 113 25 363 0.6846334263181841 0.032263035672219 0.29350959055506887
3 125 364 363 0.6846334263181841 0.032263035672219 0.29350959055506887
3 41 42 314 0.6846334263181841 0.032263035672219 0.29350959055506887
3 314 372 41 0.6846334263181841 0.032263035672219 0.29350959055506887
3 372 40 41 0.6846334263181841 0.032263035672219 0.29350959055506887
3 479 308 480 0.6846334263181841 0.032263035672219 0.29350959055506887
3 308 309 480 0.6846334263181841 0.032263035672219 0.29350959055506887
3 480 171 479 0.6846334263181841 0.032263035672219 0.29350959055506887
3 843 309 842 0.6846334263181841 0.032263035672219 0.29350959055506887
3 29 31 308 0.6846334263181841 0.032263035672219 0.29350959055506887
3 479 28 29 0.6846334263181841 0.032263035672219 0.29350959055506887
3 29 308 479 0.6846334263181841 0.032263035672219 0.29350959055506887
3 45 117 704 0.6846334263181841 0.032263035672219 0.29350959055506887
3 704 132 315 0.6846334263181841 0.032263035672219 0.29350959055506887
3 117 132 704 0.6846334263181841 0.032263035672219 0.29350959055506887
3 45 704 44 0.6846334263181841 0.032263035672219 0.29350959055506887
3 207 536 535 0.6846334263181841 0.032263035672219 0.29350959055506887
3 208 536 207 0.6846334263181841 0.032263035672219 0.29350959055506887
3 535 83 206 0.6846334263181841 0.032263035672219 0.29350959055506887
3 137 138 206 0.6846334263181841 0.032263035672219 0.29350959055506887
3 206 207 535 0.6846334263181841 0.032263035672219 0.29350959055506887
3 138 207 206 0.6846334263181841 0.032263035672219 0.29350959055506887
3 208 207 139 0.6846334263181841 0.032263035672219 0.29350959055506887
3 138 863 139 0.6846334263181841 0.032263035672219 0.29350959055506887
3 139 207 138 0.6846334263181841 0.032263035672219 0.29350959055506887
3 390 87 210 0.6846334263181841 0.032263035672219 0.29350959055506887
3 140 87 390 0.6846334263181841 0.032263035672219 0.29350959055506887
3 390 211 140 0.6846334263181841 0.032263035672219 0.29350959055506887
3 210 616 390 0.6846334263181841 0.032263035672219 0.29350959055506887
3 616 211 390 0.6846334263181841 0.032263035672219 0.29350959055506887
3 862 138 137 0.6846334263181841 0.032263035672219 0.29350959055506887
3 137 861 862 0.6846334263181841 0.032263035672219 0.29350959055506887
3 862 863 138 0.6846334263181841 0.032263035672219 0.29350959055506887
3 862 142 863 0.6846334263181841 0.032263035672219 0.29350959055506887
3 615 282 210 0.6846334263181841 0.032263035672219 0.29350959055506887
3 615 89 281 0.6846334263181841 0.032263035672219 0.29350959055506887
3 615 281 502 0.6846334263181841 0.032263035672219 0.29350959055506887
3 502 282 615 0.6846334263181841 0.032263035672219 0.29350959055506887
3 210 88 615 0.6846334263181841 0.032263035672219 0.29350959055506887
3 88 89 615 0.6846334263181841 0.032263035672219 0.29350959055506887
3 391 211 617 0.6846334263181841 0.032263035672219 0.29350959055506887
3 140 211 391 0.6846334263181841 0.032263035672219 0.29350959055506887
3 292 215 216 0.6846334263181841 0.032263035672219 0.29350959055506887
3 515 288 514 0.6846334263181841 0.032263035672219 0.29350959055506887
3 289 288 515 0.6846334263181841 0.032263035672219 0.29350959055506887
3 516 289 515 0.6846334263181841 0.032263035672219 0.29350959055506887
3 944 634 945 0.6846334263181841 0.032263035672219 0.29350959055506887
3 633 634 944 0.6846334263181841 0.032263035672219 0.29350959055506887
3 944 221 633 0.6846334263181841 0.032263035672219 0.29350959055506887
3 539 538 209 0.6846334263181841 0.032263035672219 0.29350959055506887
3 539 866 540 0.6846334263181841 0.032263035672219 0.29350959055506887
3 947 948 519 0.6846334263181841 0.032263035672219 0.29350959055506887
3 519 518 947 0.6846334263181841 0.032263035672219 0.29350959055506887
3 755 327 754 0.6846334263181841 0.032263035672219 0.29350959055506887
3 287 288 754 0.6846334263181841 0.032263035672219 0.29350959055506887
3 754 288 755 0.6846334263181841 0.032263035672219 0.29350959055506887
3 753 287 754 0.6846334263181841 0.032263035672219 0.29350959055506887
3 754 326 753 0.6846334263181841 0.032263035672219 0.29350959055506887
3 754 327 326 0.6846334263181841 0.032263035672219 0.29350959055506887
3 283 616 503 0.6846334263181841 0.032263035672219 0.29350959055506887
3 616 282 503 0.6846334263181841 0.032263035672219 0.29350959055506887
3 503 282 502 0.6846334263181841 0.032263035672219 0.29350959055506887
3 502 328 503 0.6846334263181841 0.032263035672219 0.29350959055506887
3 347 346 296 0.6846334263181841 0.032263035672219 0.29350959055506887
3 296 346 6 0.6846334263181841 0.032263035672219 0.29350959055506887
3 7 296 6 0.6846334263181841 0.032263035672219 0.29350959055506887
3 158 296 7 0.6846334263181841 0.032263035672219 0.29350959055506887
3 824 105 152 0.6846334263181841 0.032263035672219 0.29350959055506887
3 104 459 103 0.6846334263181841 0.032263035672219 0.29350959055506887
3 218 144 219 0.6846334263181841 0.032263035672219 0.29350959055506887
3 634 465 635 0.6846334263181841 0.032263035672219 0.29350959055506887
3 636 946 635 0.6846334263181841 0.032263035672219 0.29350959055506887
3 945 634 635 0.6846334263181841 0.032263035672219 0.29350959055506887
3 635 946 945 0.6846334263181841 0.032263035672219 0.29350959055506887
3 636 635 466 0.6846334263181841 0.032263035672219 0.29350959055506887
3 466 635 465 0.6846334263181841 0.032263035672219 0.29350959055506887
3 464 465 634 0.6846334263181841 0.032263035672219 0.29350959055506887
3 464 634 633 0.6846334263181841 0.032263035672219 0.29350959055506887
3 633 463 464 0.6846334263181841 0.032263035672219 0.29350959055506887
3 830 465 464 0.6846334263181841 0.032263035672219 0.29350959055506887
3 913 701 912 0.6846334263181841 0.032263035672219 0.29350959055506887
3 749 914 913 0.6846334263181841 0.032263035672219 0.29350959055506887
3 912 748 913 0.6846334263181841 0.032263035672219 0.29350959055506887
3 913 748 749 0.6846334263181841 0.032263035672219 0.29350959055506887
3 558 891 892 0.6846334263181841 0.032263035672219 0.29350959055506887
3 832 466 831 0.6846334263181841 0.032263035672219 0.29350959055506887
3 831 465 830 0.6846334263181841 0.032263035672219 0.29350959055506887
3 831 466 465 0.6846334263181841 0.032263035672219 0.29350959055506887
3 478 832 477 0.6846334263181841 0.032263035672219 0.29350959055506887
3 477 729 478 0.6846334263181841 0.032263035672219 0.29350959055506887
3 728 729 477 0.6846334263181841 0.032263035672219 0.29350959055506887
3 832 831 477 0.6846334263181841 0.032263035672219 0.29350959055506887
3 468 637 467 0.6846334263181841 0.032263035672219 0.29350959055506887
3 467 833 468 0.6846334263181841 0.032263035672219 0.29350959055506887
3 832 833 467 0.6846334263181841 0.032263035672219 0.29350959055506887
3 467 466 832 0.6846334263181841 0.032263035672219 0.29350959055506887
3 467 637 636 0.6846334263181841 0.032263035672219 0.29350959055506887
3 636 466 467 0.6846334263181841 0.032263035672219 0.29350959055506887
3 638 637 468 0.6846334263181841 0.032263035672219 0.29350959055506887
3 949 948 638 0.6846334263181841 0.032263035672219 0.29350959055506887
3 948 637 638 0.6846334263181841 0.032263035672219 0.29350959055506887
3 730 834 478 0.6846334263181841 0.032263035672219 0.29350959055506887
3 478 729 730 0.6846334263181841 0.032263035672219 0.29350959055506887
3 312 483 311 0.6846334263181841 0.032263035672219 0.29350959055506887
3 846 313 312 0.6846334263181841 0.032263035672219 0.29350959055506887
3 481 480 309 0.6846334263181841 0.032263035672219 0.29350959055506887
3 354 226 227 0.6846334263181841 0.032263035672219 0.29350959055506887
3 354 688 16 0.6846334263181841 0.032263035672219 0.29350959055506887
3 16 17 354 0.6846334263181841 0.032263035672219 0.29350959055506887
3 17 226 354 0.6846334263181841 0.032263035672219 0.29350959055506887
3 561 121 120 0.6846334263181841 0.032263035672219 0.29350959055506887
3 273 604 274 0.6846334263181841 0.032263035672219 0.29350959055506887
3 274 275 452 0.6846334263181841 0.032263035672219 0.29350959055506887
3 605 275 274 0.6846334263181841 0.032263035672219 0.29350959055506887
3 274 604 605 0.6846334263181841 0.032263035672219 0.29350959055506887
3 273 602 603 0.6846334263181841 0.032263035672219 0.29350959055506887
3 603 602 278 0.6846334263181841 0.032263035672219 0.29350959055506887
3 603 604 273 0.6846334263181841 0.032263035672219 0.29350959055506887
3 278 279 603 0.6846334263181841 0.032263035672219 0.29350959055506887
3 603 279 604 0.6846334263181841 0.032263035672219 0.29350959055506887
3 271 601 272 0.6846334263181841 0.032263035672219 0.29350959055506887
3 601 602 272 0.6846334263181841 0.032263035672219 0.29350959055506887
3 272 449 271 0.6846334263181841 0.032263035672219 0.29350959055506887
3 272 602 273 0.6846334263181841 0.032263035672219 0.29350959055506887
3 178 179 409 0.6846334263181841 0.032263035672219 0.29350959055506887
3 56 178 409 0.6846334263181841 0.032263035672219 0.29350959055506887
3 320 52 490 0.6846334263181841 0.032263035672219 0.29350959055506887
3 180 179 574 0.6846334263181841 0.032263035672219 0.29350959055506887
3 414 415 663 0.6846334263181841 0.032263035672219 0.29350959055506887
3 191 190 588 0.6846334263181841 0.032263035672219 0.29350959055506887
3 442 441 193 0.6846334263181841 0.032263035672219 0.29350959055506887
3 69 190 439 0.6846334263181841 0.032263035672219 0.29350959055506887
3 190 191 439 0.6846334263181841 0.032263035672219 0.29350959055506887
3 574 246 247 0.6846334263181841 0.032263035672219 0.29350959055506887
3 677 676 189 0.6846334263181841 0.032263035672219 0.29350959055506887
3 263 262 183 0.6846334263181841 0.032263035672219 0.29350959055506887
3 183 262 182 0.6846334263181841 0.032263035672219 0.29350959055506887
3 382 383 195 0.6846334263181841 0.032263035672219 0.29350959055506887
3 588 587 195 0.6846334263181841 0.032263035672219 0.29350959055506887
3 195 587 194 0.6846334263181841 0.032263035672219 0.29350959055506887
3 194 382 195 0.6846334263181841 0.032263035672219 0.29350959055506887
3 200 382 199 0.6846334263181841 0.032263035672219 0.29350959055506887
3 382 381 199 0.6846334263181841 0.032263035672219 0.29350959055506887
3 266 267 806 0.6846334263181841 0.032263035672219 0.29350959055506887
3 806 267 807 0.6846334263181841 0.032263035672219 0.29350959055506887
3 806 75 266 0.6846334263181841 0.032263035672219 0.29350959055506887
3 74 75 806 0.6846334263181841 0.032263035672219 0.29350959055506887
3 452 269 268 0.6846334263181841 0.032263035672219 0.29350959055506887
3 807 267 268 0.6846334263181841 0.032263035672219 0.29350959055506887
3 161 299 160 0.6846334263181841 0.032263035672219 0.29350959055506887
3 160 299 298 0.6846334263181841 0.032263035672219 0.29350959055506887
3 298 159 160 0.6846334263181841 0.032263035672219 0.29350959055506887
3 349 348 298 0.6846334263181841 0.032263035672219 0.29350959055506887
3 298 299 349 0.6846334263181841 0.032263035672219 0.29350959055506887
3 160 159 881 0.6846334263181841 0.032263035672219 0.29350959055506887
3 881 119 120 0.6846334263181841 0.032263035672219 0.29350959055506887
3 9 119 880 0.6846334263181841 0.032263035672219 0.29350959055506887
3 880 159 158 0.6846334263181841 0.032263035672219 0.29350959055506887
3 880 881 159 0.6846334263181841 0.032263035672219 0.29350959055506887
3 119 881 880 0.6846334263181841 0.032263035672219 0.29350959055506887
3 157 156 722 0.6846334263181841 0.032263035672219 0.29350959055506887
3 550 348 349 0.6846334263181841 0.032263035672219 0.29350959055506887
3 550 549 348 0.6846334263181841 0.032263035672219 0.29350959055506887
3 550 225 549 0.6846334263181841 0.032263035672219 0.29350959055506887
3 723 724 472 0.6846334263181841 0.032263035672219 0.29350959055506887
3 472 471 723 0.6846334263181841 0.032263035672219 0.29350959055506887
3 471 157 723 0.6846334263181841 0.032263035672219 0.29350959055506887
3 722 225 723 0.6846334263181841 0.032263035672219 0.29350959055506887
3 723 157 722 0.6846334263181841 0.032263035672219 0.29350959055506887
3 828 827 473 0.6846334263181841 0.032263035672219 0.29350959055506887
3 463 462 828 0.6846334263181841 0.032263035672219 0.29350959055506887
3 828 462 827 0.6846334263181841 0.032263035672219 0.29350959055506887
3 825 826 150 0.6846334263181841 0.032263035672219 0.29350959055506887
3 150 459 825 0.6846334263181841 0.032263035672219 0.29350959055506887
3 151 826 827 0.6846334263181841 0.032263035672219 0.29350959055506887
3 460 150 151 0.6846334263181841 0.032263035672219 0.29350959055506887
3 151 150 826 0.6846334263181841 0.032263035672219 0.29350959055506887
3 155 720 223 0.6846334263181841 0.032263035672219 0.29350959055506887
3 721 469 155 0.6846334263181841 0.032263035672219 0.29350959055506887
3 155 223 721 0.6846334263181841 0.032263035672219 0.29350959055506887
3 469 107 155 0.6846334263181841 0.032263035672219 0.29350959055506887
3 155 107 108 0.6846334263181841 0.032263035672219 0.29350959055506887
3 108 720 155 0.6846334263181841 0.032263035672219 0.29350959055506887
3 547 720 222 0.6846334263181841 0.032263035672219 0.29350959055506887
3 222 720 109 0.6846334263181841 0.032263035672219 0.29350959055506887
3 110 547 222 0.6846334263181841 0.032263035672219 0.29350959055506887
3 222 109 110 0.6846334263181841 0.032263035672219 0.29350959055506887
3 448 683 682 0.6846334263181841 0.032263035672219 0.29350959055506887
3 878 877 958 0.6846334263181841 0.032263035672219 0.29350959055506887
3 458 457 610 0.6846334263181841 0.032263035672219 0.29350959055506887
3 769 877 876 0.6846334263181841 0.032263035672219 0.29350959055506887
3 957 958 769 0.6846334263181841 0.032263035672219 0.29350959055506887
3 769 958 877 0.6846334263181841 0.032263035672219 0.29350959055506887
3 875 769 876 0.6846334263181841 0.032263035672219 0.29350959055506887
3 957 769 956 0.6846334263181841 0.032263035672219 0.29350959055506887
3 952 641 642 0.6846334263181841 0.032263035672219 0.29350959055506887
3 626 764 765 0.6846334263181841 0.032263035672219 0.29350959055506887
3 764 952 765 0.6846334263181841 0.032263035672219 0.29350959055506887
3 578 250 424 0.6846334263181841 0.032263035672219 0.29350959055506887
3 578 415 414 0.6846334263181841 0.032263035672219 0.29350959055506887
3 414 577 578 0.6846334263181841 0.032263035672219 0.29350959055506887
3 578 577 250 0.6846334263181841 0.032263035672219 0.29350959055506887
3 925 434 926 0.6846334263181841 0.032263035672219 0.29350959055506887
3 434 435 926 0.6846334263181841 0.032263035672219 0.29350959055506887
3 47 48 523 0.6846334263181841 0.032263035672219 0.29350959055506887
3 47 134 46 0.6846334263181841 0.032263035672219 0.29350959055506887
3 523 134 47 0.6846334263181841 0.032263035672219 0.29350959055506887
3 339 134 705 0.6846334263181841 0.032263035672219 0.29350959055506887
3 46 134 339 0.6846334263181841 0.032263035672219 0.29350959055506887
3 339 45 46 0.6846334263181841 0.032263035672219 0.29350959055506887
3 339 117 45 0.6846334263181841 0.032263035672219 0.29350959055506887
3 705 134 118 0.6846334263181841 0.032263035672219 0.29350959055506887
3 118 134 340 0.6846334263181841 0.032263035672219 0.29350959055506887
3 399 48 49 0.6846334263181841 0.032263035672219 0.29350959055506887
3 49 231 399 0.6846334263181841 0.032263035672219 0.29350959055506887
3 231 400 399 0.6846334263181841 0.032263035672219 0.29350959055506887
3 341 317 706 0.6846334263181841 0.032263035672219 0.29350959055506887
3 24 736 23 0.6846334263181841 0.032263035672219 0.29350959055506887
3 23 736 122 0.6846334263181841 0.032263035672219 0.29350959055506887
3 23 122 22 0.6846334263181841 0.032263035672219 0.29350959055506887
3 126 125 643 0.6846334263181841 0.032263035672219 0.29350959055506887
3 643 644 126 0.6846334263181841 0.032263035672219 0.29350959055506887
3 170 644 643 0.6846334263181841 0.032263035672219 0.29350959055506887
3 643 27 170 0.6846334263181841 0.032263035672219 0.29350959055506887
3 26 27 643 0.6846334263181841 0.032263035672219 0.29350959055506887
3 643 125 26 0.6846334263181841 0.032263035672219 0.29350959055506887
3 365 364 126 0.6846334263181841 0.032263035672219 0.29350959055506887
3 128 843 842 0.6846334263181841 0.032263035672219 0.29350959055506887
3 128 842 32 0.6846334263181841 0.032263035672219 0.29350959055506887
3 32 33 128 0.6846334263181841 0.032263035672219 0.29350959055506887
3 33 372 128 0.6846334263181841 0.032263035672219 0.29350959055506887
3 373 131 315 0.6846334263181841 0.032263035672219 0.29350959055506887
3 372 131 373 0.6846334263181841 0.032263035672219 0.29350959055506887
3 315 132 373 0.6846334263181841 0.032263035672219 0.29350959055506887
3 373 132 374 0.6846334263181841 0.032263035672219 0.29350959055506887
3 374 132 316 0.6846334263181841 0.032263035672219 0.29350959055506887
3 115 44 704 0.6846334263181841 0.032263035672219 0.29350959055506887
3 315 131 115 0.6846334263181841 0.032263035672219 0.29350959055506887
3 115 704 315 0.6846334263181841 0.032263035672219 0.29350959055506887
3 131 43 115 0.6846334263181841 0.032263035672219 0.29350959055506887
3 43 44 115 0.6846334263181841 0.032263035672219 0.29350959055506887
3 137 206 84 0.6846334263181841 0.032263035672219 0.29350959055506887
3 84 206 83 0.6846334263181841 0.032263035672219 0.29350959055506887
3 84 85 137 0.6846334263181841 0.032263035672219 0.29350959055506887
3 865 539 209 0.6846334263181841 0.032263035672219 0.29350959055506887
3 866 539 865 0.6846334263181841 0.032263035672219 0.29350959055506887
3 395 394 620 0.6846334263181841 0.032263035672219 0.29350959055506887
3 620 621 395 0.6846334263181841 0.032263035672219 0.29350959055506887
3 866 865 395 0.6846334263181841 0.032263035672219 0.29350959055506887
3 395 865 394 0.6846334263181841 0.032263035672219 0.29350959055506887
3 621 396 395 0.6846334263181841 0.032263035672219 0.29350959055506887
3 395 396 866 0.6846334263181841 0.032263035672219 0.29350959055506887
3 863 142 393 0.6846334263181841 0.032263035672219 0.29350959055506887
3 393 142 392 0.6846334263181841 0.032263035672219 0.29350959055506887
3 592 386 387 0.6846334263181841 0.032263035672219 0.29350959055506887
3 591 386 592 0.6846334263181841 0.032263035672219 0.29350959055506887
3 680 437 436 0.6846334263181841 0.032263035672219 0.29350959055506887
3 598 448 597 0.6846334263181841 0.032263035672219 0.29350959055506887
3 683 448 598 0.6846334263181841 0.032263035672219 0.29350959055506887
3 816 389 815 0.6846334263181841 0.032263035672219 0.29350959055506887
3 815 458 816 0.6846334263181841 0.032263035672219 0.29350959055506887
3 812 813 387 0.6846334263181841 0.032263035672219 0.29350959055506887
3 387 386 812 0.6846334263181841 0.032263035672219 0.29350959055506887
3 812 386 811 0.6846334263181841 0.032263035672219 0.29350959055506887
3 867 396 397 0.6846334263181841 0.032263035672219 0.29350959055506887
3 866 396 867 0.6846334263181841 0.032263035672219 0.29350959055506887
3 540 866 867 0.6846334263181841 0.032263035672219 0.29350959055506887
3 867 541 540 0.6846334263181841 0.032263035672219 0.29350959055506887
3 540 541 606 0.6846334263181841 0.032263035672219 0.29350959055506887
3 606 275 605 0.6846334263181841 0.032263035672219 0.29350959055506887
3 606 453 275 0.6846334263181841 0.032263035672219 0.29350959055506887
3 624 870 398 0.6846334263181841 0.032263035672219 0.29350959055506887
3 392 391 212 0.6846334263181841 0.032263035672219 0.29350959055506887
3 212 391 617 0.6846334263181841 0.032263035672219 0.29350959055506887
3 617 284 212 0.6846334263181841 0.032263035672219 0.29350959055506887
3 141 862 861 0.6846334263181841 0.032263035672219 0.29350959055506887
3 141 861 140 0.6846334263181841 0.032263035672219 0.29350959055506887
3 140 391 141 0.6846334263181841 0.032263035672219 0.29350959055506887
3 141 391 392 0.6846334263181841 0.032263035672219 0.29350959055506887
3 392 142 141 0.6846334263181841 0.032263035672219 0.29350959055506887
3 142 862 141 0.6846334263181841 0.032263035672219 0.29350959055506887
3 293 216 217 0.6846334263181841 0.032263035672219 0.29350959055506887
3 292 216 293 0.6846334263181841 0.032263035672219 0.29350959055506887
3 514 513 293 0.6846334263181841 0.032263035672219 0.29350959055506887
3 293 513 292 0.6846334263181841 0.032263035672219 0.29350959055506887
3 220 221 942 0.6846334263181841 0.032263035672219 0.29350959055506887
3 942 216 215 0.6846334263181841 0.032263035672219 0.29350959055506887
3 941 220 942 0.6846334263181841 0.032263035672219 0.29350959055506887
3 942 215 941 0.6846334263181841 0.032263035672219 0.29350959055506887
3 516 515 295 0.6846334263181841 0.032263035672219 0.29350959055506887
3 217 944 295 0.6846334263181841 0.032263035672219 0.29350959055506887
3 295 944 945 0.6846334263181841 0.032263035672219 0.29350959055506887
3 943 944 217 0.6846334263181841 0.032263035672219 0.29350959055506887
3 221 944 943 0.6846334263181841 0.032263035672219 0.29350959055506887
3 217 216 943 0.6846334263181841 0.032263035672219 0.29350959055506887
3 216 942 943 0.6846334263181841 0.032263035672219 0.29350959055506887
3 943 942 221 0.6846334263181841 0.032263035672219 0.29350959055506887
3 756 757 329 0.6846334263181841 0.032263035672219 0.29350959055506887
3 329 328 756 0.6846334263181841 0.032263035672219 0.29350959055506887
3 329 503 328 0.6846334263181841 0.032263035672219 0.29350959055506887
3 285 284 505 0.6846334263181841 0.032263035672219 0.29350959055506887
3 505 506 285 0.6846334263181841 0.032263035672219 0.29350959055506887
3 517 295 945 0.6846334263181841 0.032263035672219 0.29350959055506887
3 516 295 517 0.6846334263181841 0.032263035672219 0.29350959055506887
3 945 946 517 0.6846334263181841 0.032263035672219 0.29350959055506887
3 946 518 517 0.6846334263181841 0.032263035672219 0.29350959055506887
3 507 621 620 0.6846334263181841 0.032263035672219 0.29350959055506887
3 620 506 507 0.6846334263181841 0.032263035672219 0.29350959055506887
3 520 948 949 0.6846334263181841 0.032263035672219 0.29350959055506887
3 520 519 948 0.6846334263181841 0.032263035672219 0.29350959055506887
3 158 7 8 0.6846334263181841 0.032263035672219 0.29350959055506887
3 8 880 158 0.6846334263181841 0.032263035672219 0.29350959055506887
3 9 880 8 0.6846334263181841 0.032263035672219 0.29350959055506887
3 10 119 9 0.6846334263181841 0.032263035672219 0.29350959055506887
3 10 11 162 0.6846334263181841 0.032263035672219 0.29350959055506887
3 459 104 149 0.6846334263181841 0.032263035672219 0.29350959055506887
3 825 459 149 0.6846334263181841 0.032263035672219 0.29350959055506887
3 105 824 149 0.6846334263181841 0.032263035672219 0.29350959055506887
3 149 104 105 0.6846334263181841 0.032263035672219 0.29350959055506887
3 149 153 825 0.6846334263181841 0.032263035672219 0.29350959055506887
3 149 824 153 0.6846334263181841 0.032263035672219 0.29350959055506887
3 940 219 941 0.6846334263181841 0.032263035672219 0.29350959055506887
3 940 218 219 0.6846334263181841 0.032263035672219 0.29350959055506887
3 100 218 940 0.6846334263181841 0.032263035672219 0.29350959055506887
3 630 144 143 0.6846334263181841 0.032263035672219 0.29350959055506887
3 144 218 143 0.6846334263181841 0.032263035672219 0.29350959055506887
3 143 147 630 0.6846334263181841 0.032263035672219 0.29350959055506887
3 143 100 101 0.6846334263181841 0.032263035672219 0.29350959055506887
3 143 218 100 0.6846334263181841 0.032263035672219 0.29350959055506887
3 699 782 781 0.6846334263181841 0.032263035672219 0.29350959055506887
3 700 782 699 0.6846334263181841 0.032263035672219 0.29350959055506887
3 912 701 700 0.6846334263181841 0.032263035672219 0.29350959055506887
3 893 892 572 0.6846334263181841 0.032263035672219 0.29350959055506887
3 571 781 572 0.6846334263181841 0.032263035672219 0.29350959055506887
3 572 781 782 0.6846334263181841 0.032263035672219 0.29350959055506887
3 572 891 571 0.6846334263181841 0.032263035672219 0.29350959055506887
3 572 892 891 0.6846334263181841 0.032263035672219 0.29350959055506887
3 571 891 890 0.6846334263181841 0.032263035672219 0.29350959055506887
3 558 892 559 0.6846334263181841 0.032263035672219 0.29350959055506887
3 559 892 893 0.6846334263181841 0.032263035672219 0.29350959055506887
3 894 559 893 0.6846334263181841 0.032263035672219 0.29350959055506887
3 733 559 894 0.6846334263181841 0.032263035672219 0.29350959055506887
3 893 784 894 0.6846334263181841 0.032263035672219 0.29350959055506887
3 784 785 894 0.6846334263181841 0.032263035672219 0.29350959055506887
3 702 784 701 0.6846334263181841 0.032263035672219 0.29350959055506887
3 702 785 784 0.6846334263181841 0.032263035672219 0.29350959055506887
3 701 913 702 0.6846334263181841 0.032263035672219 0.29350959055506887
3 702 913 914 0.6846334263181841 0.032263035672219 0.29350959055506887
3 744 908 743 0.6846334263181841 0.032263035672219 0.29350959055506887
3 745 746 910 0.6846334263181841 0.032263035672219 0.29350959055506887
3 906 360 359 0.6846334263181841 0.032263035672219 0.29350959055506887
3 737 124 123 0.6846334263181841 0.032263035672219 0.29350959055506887
3 737 736 113 0.6846334263181841 0.032263035672219 0.29350959055506887
3 123 736 737 0.6846334263181841 0.032263035672219 0.29350959055506887
3 122 123 167 0.6846334263181841 0.032263035672219 0.29350959055506887
3 167 166 122 0.6846334263181841 0.032263035672219 0.29350959055506887
3 728 477 476 0.6846334263181841 0.032263035672219 0.29350959055506887
3 476 831 830 0.6846334263181841 0.032263035672219 0.29350959055506887
3 476 477 831 0.6846334263181841 0.032263035672219 0.29350959055506887
3 474 828 473 0.6846334263181841 0.032263035672219 0.29350959055506887
3 846 375 376 0.6846334263181841 0.032263035672219 0.29350959055506887
3 376 375 317 0.6846334263181841 0.032263035672219 0.29350959055506887
3 648 369 368 0.6846334263181841 0.032263035672219 0.29350959055506887
3 739 365 366 0.6846334263181841 0.032263035672219 0.29350959055506887
3 310 844 311 0.6846334263181841 0.032263035672219 0.29350959055506887
3 310 481 309 0.6846334263181841 0.032263035672219 0.29350959055506887
3 310 843 844 0.6846334263181841 0.032263035672219 0.29350959055506887
3 309 843 310 0.6846334263181841 0.032263035672219 0.29350959055506887
3 311 483 482 0.6846334263181841 0.032263035672219 0.29350959055506887
3 482 310 311 0.6846334263181841 0.032263035672219 0.29350959055506887
3 481 310 482 0.6846334263181841 0.032263035672219 0.29350959055506887
3 172 646 645 0.6846334263181841 0.032263035672219 0.29350959055506887
3 172 645 171 0.6846334263181841 0.032263035672219 0.29350959055506887
3 171 480 172 0.6846334263181841 0.032263035672219 0.29350959055506887
3 480 481 172 0.6846334263181841 0.032263035672219 0.29350959055506887
3 120 119 560 0.6846334263181841 0.032263035672219 0.29350959055506887
3 560 561 120 0.6846334263181841 0.032263035672219 0.29350959055506887
3 560 10 162 0.6846334263181841 0.032263035672219 0.29350959055506887
3 119 10 560 0.6846334263181841 0.032263035672219 0.29350959055506887
3 121 561 562 0.6846334263181841 0.032263035672219 0.29350959055506887
3 278 204 205 0.6846334263181841 0.032263035672219 0.29350959055506887
3 205 279 278 0.6846334263181841 0.032263035672219 0.29350959055506887
3 205 204 538 0.6846334263181841 0.032263035672219 0.29350959055506887
3 538 539 205 0.6846334263181841 0.032263035672219 0.29350959055506887
3 280 539 540 0.6846334263181841 0.032263035672219 0.29350959055506887
3 605 604 280 0.6846334263181841 0.032263035672219 0.29350959055506887
3 604 279 280 0.6846334263181841 0.032263035672219 0.29350959055506887
3 280 205 539 0.6846334263181841 0.032263035672219 0.29350959055506887
3 279 205 280 0.6846334263181841 0.032263035672219 0.29350959055506887
3 540 606 280 0.6846334263181841 0.032263035672219 0.29350959055506887
3 280 606 605 0.6846334263181841 0.032263035672219 0.29350959055506887
3 53 54 658 0.6846334263181841 0.032263035672219 0.29350959055506887
3 53 490 52 0.6846334263181841 0.032263035672219 0.29350959055506887
3 56 409 55 0.6846334263181841 0.032263035672219 0.29350959055506887
3 413 577 414 0.6846334263181841 0.032263035672219 0.29350959055506887
3 663 495 240 0.6846334263181841 0.032263035672219 0.29350959055506887
3 440 441 187 0.6846334263181841 0.032263035672219 0.29350959055506887
3 440 439 191 0.6846334263181841 0.032263035672219 0.29350959055506887
3 589 191 588 0.6846334263181841 0.032263035672219 0.29350959055506887
3 69 439 68 0.6846334263181841 0.032263035672219 0.29350959055506887
3 673 66 67 0.6846334263181841 0.032263035672219 0.29350959055506887
3 182 66 673 0.6846334263181841 0.032263035672219 0.29350959055506887
3 256 63 64 0.6846334263181841 0.032263035672219 0.29350959055506887
3 64 429 256 0.6846334263181841 0.032263035672219 0.29350959055506887
3 65 429 64 0.6846334263181841 0.032263035672219 0.29350959055506887
3 182 262 261 0.6846334263181841 0.032263035672219 0.29350959055506887
3 261 429 65 0.6846334263181841 0.032263035672219 0.29350959055506887
3 65 66 261 0.6846334263181841 0.032263035672219 0.29350959055506887
3 261 66 182 0.6846334263181841 0.032263035672219 0.29350959055506887
3 423 250 422 0.6846334263181841 0.032263035672219 0.29350959055506887
3 422 254 423 0.6846334263181841 0.032263035672219 0.29350959055506887
3 424 250 423 0.6846334263181841 0.032263035672219 0.29350959055506887
3 419 247 246 0.6846334263181841 0.032263035672219 0.29350959055506887
3 420 247 419 0.6846334263181841 0.032263035672219 0.29350959055506887
3 419 251 420 0.6846334263181841 0.032263035672219 0.29350959055506887
3 246 60 419 0.6846334263181841 0.032263035672219 0.29350959055506887
3 419 60 61 0.6846334263181841 0.032263035672219 0.29350959055506887
3 61 251 419 0.6846334263181841 0.032263035672219 0.29350959055506887
3 575 180 574 0.6846334263181841 0.032263035672219 0.29350959055506887
3 574 247 575 0.6846334263181841 0.032263035672219 0.29350959055506887
3 920 63 256 0.6846334263181841 0.032263035672219 0.29350959055506887
3 443 444 677 0.6846334263181841 0.032263035672219 0.29350959055506887
3 677 189 443 0.6846334263181841 0.032263035672219 0.29350959055506887
3 443 189 442 0.6846334263181841 0.032263035672219 0.29350959055506887
3 442 193 443 0.6846334263181841 0.032263035672219 0.29350959055506887
3 443 193 591 0.6846334263181841 0.032263035672219 0.29350959055506887
3 591 592 443 0.6846334263181841 0.032263035672219 0.29350959055506887
3 443 592 444 0.6846334263181841 0.032263035672219 0.29350959055506887
3 675 189 676 0.6846334263181841 0.032263035672219 0.29350959055506887
3 387 813 388 0.6846334263181841 0.032263035672219 0.29350959055506887
3 388 389 594 0.6846334263181841 0.032263035672219 0.29350959055506887
3 450 272 273 0.6846334263181841 0.032263035672219 0.29350959055506887
3 450 267 266 0.6846334263181841 0.032263035672219 0.29350959055506887
3 266 449 450 0.6846334263181841 0.032263035672219 0.29350959055506887
3 449 272 450 0.6846334263181841 0.032263035672219 0.29350959055506887
3 198 806 807 0.6846334263181841 0.032263035672219 0.29350959055506887
3 198 199 381 0.6846334263181841 0.032263035672219 0.29350959055506887
3 807 199 198 0.6846334263181841 0.032263035672219 0.29350959055506887
3 198 381 73 0.6846334263181841 0.032263035672219 0.29350959055506887
3 198 73 74 0.6846334263181841 0.032263035672219 0.29350959055506887
3 74 806 198 0.6846334263181841 0.032263035672219 0.29350959055506887
3 808 199 807 0.6846334263181841 0.032263035672219 0.29350959055506887
3 807 268 808 0.6846334263181841 0.032263035672219 0.29350959055506887
3 200 199 808 0.6846334263181841 0.032263035672219 0.29350959055506887
3 808 268 269 0.6846334263181841 0.032263035672219 0.29350959055506887
3 808 809 200 0.6846334263181841 0.032263035672219 0.29350959055506887
3 808 269 809 0.6846334263181841 0.032263035672219 0.29350959055506887
3 451 274 452 0.6846334263181841 0.032263035672219 0.29350959055506887
3 452 268 451 0.6846334263181841 0.032263035672219 0.29350959055506887
3 273 274 451 0.6846334263181841 0.032263035672219 0.29350959055506887
3 451 268 267 0.6846334263181841 0.032263035672219 0.29350959055506887
3 451 450 273 0.6846334263181841 0.032263035672219 0.29350959055506887
3 267 450 451 0.6846334263181841 0.032263035672219 0.29350959055506887
3 297 298 348 0.6846334263181841 0.032263035672219 0.29350959055506887
3 159 298 297 0.6846334263181841 0.032263035672219 0.29350959055506887
3 297 348 347 0.6846334263181841 0.032263035672219 0.29350959055506887
3 158 159 297 0.6846334263181841 0.032263035672219 0.29350959055506887
3 347 296 297 0.6846334263181841 0.032263035672219 0.29350959055506887
3 297 296 158 0.6846334263181841 0.032263035672219 0.29350959055506887
3 336 335 692 0.6846334263181841 0.032263035672219 0.29350959055506887
3 774 564 165 0.6846334263181841 0.032263035672219 0.29350959055506887
3 334 335 772 0.6846334263181841 0.032263035672219 0.29350959055506887
3 772 771 334 0.6846334263181841 0.032263035672219 0.29350959055506887
3 692 335 691 0.6846334263181841 0.032263035672219 0.29350959055506887
3 691 334 690 0.6846334263181841 0.032263035672219 0.29350959055506887
3 335 334 691 0.6846334263181841 0.032263035672219 0.29350959055506887
3 120 121 882 0.6846334263181841 0.032263035672219 0.29350959055506887
3 882 881 120 0.6846334263181841 0.032263035672219 0.29350959055506887
3 160 881 882 0.6846334263181841 0.032263035672219 0.29350959055506887
3 882 121 883 0.6846334263181841 0.032263035672219 0.29350959055506887
3 882 161 160 0.6846334263181841 0.032263035672219 0.29350959055506887
3 883 161 882 0.6846334263181841 0.032263035672219 0.29350959055506887
3 156 157 470 0.6846334263181841 0.032263035672219 0.29350959055506887
3 152 156 470 0.6846334263181841 0.032263035672219 0.29350959055506887
3 470 471 153 0.6846334263181841 0.032263035672219 0.29350959055506887
3 470 157 471 0.6846334263181841 0.032263035672219 0.29350959055506887
3 470 824 152 0.6846334263181841 0.032263035672219 0.29350959055506887
3 153 824 470 0.6846334263181841 0.032263035672219 0.29350959055506887
3 148 462 631 0.6846334263181841 0.032263035672219 0.29350959055506887
3 631 145 144 0.6846334263181841 0.032263035672219 0.29350959055506887
3 631 630 148 0.6846334263181841 0.032263035672219 0.29350959055506887
3 631 144 630 0.6846334263181841 0.032263035672219 0.29350959055506887
3 220 145 632 0.6846334263181841 0.032263035672219 0.29350959055506887
3 632 221 220 0.6846334263181841 0.032263035672219 0.29350959055506887
3 145 631 632 0.6846334263181841 0.032263035672219 0.29350959055506887
3 632 631 462 0.6846334263181841 0.032263035672219 0.29350959055506887
3 633 221 632 0.6846334263181841 0.032263035672219 0.29350959055506887
3 632 463 633 0.6846334263181841 0.032263035672219 0.29350959055506887
3 632 462 463 0.6846334263181841 0.032263035672219 0.29350959055506887
3 827 462 461 0.6846334263181841 0.032263035672219 0.29350959055506887
3 461 151 827 0.6846334263181841 0.032263035672219 0.29350959055506887
3 461 462 148 0.6846334263181841 0.032263035672219 0.29350959055506887
3 148 147 461 0.6846334263181841 0.032263035672219 0.29350959055506887
3 461 147 460 0.6846334263181841 0.032263035672219 0.29350959055506887
3 460 151 461 0.6846334263181841 0.032263035672219 0.29350959055506887
3 683 598 684 0.6846334263181841 0.032263035672219 0.29350959055506887
3 594 389 595 0.6846334263181841 0.032263035672219 0.29350959055506887
3 583 669 668 0.6846334263181841 0.032263035672219 0.29350959055506887
3 586 585 932 0.6846334263181841 0.032263035672219 0.29350959055506887
3 822 877 878 0.6846334263181841 0.032263035672219 0.29350959055506887
3 899 960 959 0.6846334263181841 0.032263035672219 0.29350959055506887
3 959 958 899 0.6846334263181841 0.032263035672219 0.29350959055506887
3 813 457 814 0.6846334263181841 0.032263035672219 0.29350959055506887
3 457 458 814 0.6846334263181841 0.032263035672219 0.29350959055506887
3 814 458 815 0.6846334263181841 0.032263035672219 0.29350959055506887
3 815 389 814 0.6846334263181841 0.032263035672219 0.29350959055506887
3 814 388 813 0.6846334263181841 0.032263035672219 0.29350959055506887
3 389 388 814 0.6846334263181841 0.032263035672219 0.29350959055506887
3 398 870 869 0.6846334263181841 0.032263035672219 0.29350959055506887
3 874 628 875 0.6846334263181841 0.032263035672219 0.29350959055506887
3 874 613 546 0.6846334263181841 0.032263035672219 0.29350959055506887
3 838 735 839 0.6846334263181841 0.032263035672219 0.29350959055506887
3 642 838 839 0.6846334263181841 0.032263035672219 0.29350959055506887
3 839 954 642 0.6846334263181841 0.032263035672219 0.29350959055506887
3 768 956 769 0.6846334263181841 0.032263035672219 0.29350959055506887
3 769 875 768 0.6846334263181841 0.032263035672219 0.29350959055506887
3 768 628 767 0.6846334263181841 0.032263035672219 0.29350959055506887
3 875 628 768 0.6846334263181841 0.032263035672219 0.29350959055506887
3 522 952 764 0.6846334263181841 0.032263035672219 0.29350959055506887
3 641 952 951 0.6846334263181841 0.032263035672219 0.29350959055506887
3 951 522 950 0.6846334263181841 0.032263035672219 0.29350959055506887
3 952 522 951 0.6846334263181841 0.032263035672219 0.29350959055506887
3 767 628 766 0.6846334263181841 0.032263035672219 0.29350959055506887
3 766 954 767 0.6846334263181841 0.032263035672219 0.29350959055506887
3 579 578 424 0.6846334263181841 0.032263035672219 0.29350959055506887
3 415 578 579 0.6846334263181841 0.032263035672219 0.29350959055506887
3 927 435 436 0.6846334263181841 0.032263035672219 0.29350959055506887
3 927 926 435 0.6846334263181841 0.032263035672219 0.29350959055506887
3 932 585 931 0.6846334263181841 0.032263035672219 0.29350959055506887
3 931 684 932 0.6846334263181841 0.032263035672219 0.29350959055506887
3 534 798 799 0.6846334263181841 0.032263035672219 0.29350959055506887
3 533 408 534 0.6846334263181841 0.032263035672219 0.29350959055506887
3 749 748 655 0.6846334263181841 0.032263035672219 0.29350959055506887
3 939 960 919 0.6846334263181841 0.032263035672219 0.29350959055506887
3 919 960 899 0.6846334263181841 0.032263035672219 0.29350959055506887
3 325 495 496 0.6846334263181841 0.032263035672219 0.29350959055506887
3 496 495 663 0.6846334263181841 0.032263035672219 0.29350959055506887
3 530 529 405 0.6846334263181841 0.032263035672219 0.29350959055506887
3 405 406 530 0.6846334263181841 0.032263035672219 0.29350959055506887
3 116 132 117 0.6846334263181841 0.032263035672219 0.29350959055506887
3 117 339 116 0.6846334263181841 0.032263035672219 0.29350959055506887
3 116 339 705 0.6846334263181841 0.032263035672219 0.29350959055506887
3 705 316 116 0.6846334263181841 0.032263035672219 0.29350959055506887
3 116 316 132 0.6846334263181841 0.032263035672219 0.29350959055506887
3 523 48 174 0.6846334263181841 0.032263035672219 0.29350959055506887
3 48 399 174 0.6846334263181841 0.032263035672219 0.29350959055506887
3 174 399 524 0.6846334263181841 0.032263035672219 0.29350959055506887
3 524 399 175 0.6846334263181841 0.032263035672219 0.29350959055506887
3 175 399 400 0.6846334263181841 0.032263035672219 0.29350959055506887
3 175 400 525 0.6846334263181841 0.032263035672219 0.29350959055506887
3 136 341 524 0.6846334263181841 0.032263035672219 0.29350959055506887
3 136 175 525 0.6846334263181841 0.032263035672219 0.29350959055506887
3 524 175 136 0.6846334263181841 0.032263035672219 0.29350959055506887
3 524 341 135 0.6846334263181841 0.032263035672219 0.29350959055506887
3 135 174 524 0.6846334263181841 0.032263035672219 0.29350959055506887
3 706 340 135 0.6846334263181841 0.032263035672219 0.29350959055506887
3 135 341 706 0.6846334263181841 0.032263035672219 0.29350959055506887
3 135 340 523 0.6846334263181841 0.032263035672219 0.29350959055506887
3 523 174 135 0.6846334263181841 0.032263035672219 0.29350959055506887
3 127 365 126 0.6846334263181841 0.032263035672219 0.29350959055506887
3 126 644 127 0.6846334263181841 0.032263035672219 0.29350959055506887
3 127 644 645 0.6846334263181841 0.032263035672219 0.29350959055506887
3 127 366 365 0.6846334263181841 0.032263035672219 0.29350959055506887
3 645 646 127 0.6846334263181841 0.032263035672219 0.29350959055506887
3 646 366 127 0.6846334263181841 0.032263035672219 0.29350959055506887
3 844 843 129 0.6846334263181841 0.032263035672219 0.29350959055506887
3 843 128 129 0.6846334263181841 0.032263035672219 0.29350959055506887
3 129 128 372 0.6846334263181841 0.032263035672219 0.29350959055506887
3 372 373 129 0.6846334263181841 0.032263035672219 0.29350959055506887
3 394 865 864 0.6846334263181841 0.032263035672219 0.29350959055506887
3 864 393 394 0.6846334263181841 0.032263035672219 0.29350959055506887
3 864 865 209 0.6846334263181841 0.032263035672219 0.29350959055506887
3 864 209 208 0.6846334263181841 0.032263035672219 0.29350959055506887
3 208 139 864 0.6846334263181841 0.032263035672219 0.29350959055506887
3 864 139 863 0.6846334263181841 0.032263035672219 0.29350959055506887
3 863 393 864 0.6846334263181841 0.032263035672219 0.29350959055506887
3 394 393 619 0.6846334263181841 0.032263035672219 0.29350959055506887
3 620 394 619 0.6846334263181841 0.032263035672219 0.29350959055506887
3 619 506 620 0.6846334263181841 0.032263035672219 0.29350959055506887
3 285 506 619 0.6846334263181841 0.032263035672219 0.29350959055506887
3 618 284 285 0.6846334263181841 0.032263035672219 0.29350959055506887
3 285 619 618 0.6846334263181841 0.032263035672219 0.29350959055506887
3 618 212 284 0.6846334263181841 0.032263035672219 0.29350959055506887
3 444 592 593 0.6846334263181841 0.032263035672219 0.29350959055506887
3 593 592 387 0.6846334263181841 0.032263035672219 0.29350959055506887
3 387 388 593 0.6846334263181841 0.032263035672219 0.29350959055506887
3 593 388 594 0.6846334263181841 0.032263035672219 0.29350959055506887
3 437 680 681 0.6846334263181841 0.032263035672219 0.29350959055506887
3 681 448 682 0.6846334263181841 0.032263035672219 0.29350959055506887
3 436 435 679 0.6846334263181841 0.032263035672219 0.29350959055506887
3 679 680 436 0.6846334263181841 0.032263035672219 0.29350959055506887
3 599 598 818 0.6846334263181841 0.032263035672219 0.29350959055506887
3 599 684 598 0.6846334263181841 0.032263035672219 0.29350959055506887
3 597 816 817 0.6846334263181841 0.032263035672219 0.29350959055506887
3 817 598 597 0.6846334263181841 0.032263035672219 0.29350959055506887
3 818 598 817 0.6846334263181841 0.032263035672219 0.29350959055506887
3 817 613 818 0.6846334263181841 0.032263035672219 0.29350959055506887
3 607 541 542 0.6846334263181841 0.032263035672219 0.29350959055506887
3 607 606 541 0.6846334263181841 0.032263035672219 0.29350959055506887
3 870 624 625 0.6846334263181841 0.032263035672219 0.29350959055506887
3 626 871 625 0.6846334263181841 0.032263035672219 0.29350959055506887
3 625 871 870 0.6846334263181841 0.032263035672219 0.29350959055506887
3 625 764 626 0.6846334263181841 0.032263035672219 0.29350959055506887
3 217 295 294 0.6846334263181841 0.032263035672219 0.29350959055506887
3 294 295 515 0.6846334263181841 0.032263035672219 0.29350959055506887
3 294 293 217 0.6846334263181841 0.032263035672219 0.29350959055506887
3 294 515 514 0.6846334263181841 0.032263035672219 0.29350959055506887
3 514 293 294 0.6846334263181841 0.032263035672219 0.29350959055506887
3 330 329 757 0.6846334263181841 0.032263035672219 0.29350959055506887
3 504 505 284 0.6846334263181841 0.032263035672219 0.29350959055506887
3 329 330 504 0.6846334263181841 0.032263035672219 0.29350959055506887
3 504 330 505 0.6846334263181841 0.032263035672219 0.29350959055506887
3 504 617 283 0.6846334263181841 0.032263035672219 0.29350959055506887
3 504 284 617 0.6846334263181841 0.032263035672219 0.29350959055506887
3 283 503 504 0.6846334263181841 0.032263035672219 0.29350959055506887
3 503 329 504 0.6846334263181841 0.032263035672219 0.29350959055506887
3 516 517 290 0.6846334263181841 0.032263035672219 0.29350959055506887
3 290 289 516 0.6846334263181841 0.032263035672219 0.29350959055506887
3 756 289 290 0.6846334263181841 0.032263035672219 0.29350959055506887
3 290 757 756 0.6846334263181841 0.032263035672219 0.29350959055506887
3 758 330 757 0.6846334263181841 0.032263035672219 0.29350959055506887
3 757 290 758 0.6846334263181841 0.032263035672219 0.29350959055506887
3 758 290 517 0.6846334263181841 0.032263035672219 0.29350959055506887
3 758 517 518 0.6846334263181841 0.032263035672219 0.29350959055506887
3 518 519 759 0.6846334263181841 0.032263035672219 0.29350959055506887
3 759 758 518 0.6846334263181841 0.032263035672219 0.29350959055506887
3 214 940 941 0.6846334263181841 0.032263035672219 0.29350959055506887
3 941 215 214 0.6846334263181841 0.032263035672219 0.29350959055506887
3 214 215 291 0.6846334263181841 0.032263035672219 0.29350959055506887
3 291 98 214 0.6846334263181841 0.032263035672219 0.29350959055506887
3 100 940 99 0.6846334263181841 0.032263035672219 0.29350959055506887
3 99 214 98 0.6846334263181841 0.032263035672219 0.29350959055506887
3 940 214 99 0.6846334263181841 0.032263035672219 0.29350959055506887
3 460 147 629 0.6846334263181841 0.032263035672219 0.29350959055506887
3 147 143 629 0.6846334263181841 0.032263035672219 0.29350959055506887
3 101 102 629 0.6846334263181841 0.032263035672219 0.29350959055506887
3 629 143 101 0.6846334263181841 0.032263035672219 0.29350959055506887
3 571 890 570 0.6846334263181841 0.032263035672219 0.29350959055506887
3 783 572 782 0.6846334263181841 0.032263035672219 0.29350959055506887
3 701 784 783 0.6846334263181841 0.032263035672219 0.29350959055506887
3 783 784 893 0.6846334263181841 0.032263035672219 0.29350959055506887
3 893 572 783 0.6846334263181841 0.032263035672219 0.29350959055506887
3 783 700 701 0.6846334263181841 0.032263035672219 0.29350959055506887
3 782 700 783 0.6846334263181841 0.032263035672219 0.29350959055506887
3 557 891 558 0.6846334263181841 0.032263035672219 0.29350959055506887
3 557 890 891 0.6846334263181841 0.032263035672219 0.29350959055506887
3 558 730 557 0.6846334263181841 0.032263035672219 0.29350959055506887
3 557 730 729 0.6846334263181841 0.032263035672219 0.29350959055506887
3 565 566 886 0.6846334263181841 0.032263035672219 0.29350959055506887
3 786 787 896 0.6846334263181841 0.032263035672219 0.29350959055506887
3 733 894 734 0.6846334263181841 0.032263035672219 0.29350959055506887
3 734 735 838 0.6846334263181841 0.032263035672219 0.29350959055506887
3 786 785 703 0.6846334263181841 0.032263035672219 0.29350959055506887
3 785 702 703 0.6846334263181841 0.032263035672219 0.29350959055506887
3 703 702 914 0.6846334263181841 0.032263035672219 0.29350959055506887
3 914 915 703 0.6846334263181841 0.032263035672219 0.29350959055506887
3 747 748 912 0.6846334263181841 0.032263035672219 0.29350959055506887
3 566 565 776 0.6846334263181841 0.032263035672219 0.29350959055506887
3 699 910 911 0.6846334263181841 0.032263035672219 0.29350959055506887
3 912 700 911 0.6846334263181841 0.032263035672219 0.29350959055506887
3 911 700 699 0.6846334263181841 0.032263035672219 0.29350959055506887
3 911 747 912 0.6846334263181841 0.032263035672219 0.29350959055506887
3 911 910 746 0.6846334263181841 0.032263035672219 0.29350959055506887
3 746 747 911 0.6846334263181841 0.032263035672219 0.29350959055506887
3 739 366 740 0.6846334263181841 0.032263035672219 0.29350959055506887
3 307 306 740 0.6846334263181841 0.032263035672219 0.29350959055506887
3 743 908 907 0.6846334263181841 0.032263035672219 0.29350959055506887
3 908 361 907 0.6846334263181841 0.032263035672219 0.29350959055506887
3 360 906 907 0.6846334263181841 0.032263035672219 0.29350959055506887
3 907 361 360 0.6846334263181841 0.032263035672219 0.29350959055506887
3 124 737 738 0.6846334263181841 0.032263035672219 0.29350959055506887
3 739 124 738 0.6846334263181841 0.032263035672219 0.29350959055506887
3 738 365 739 0.6846334263181841 0.032263035672219 0.29350959055506887
3 901 900 302 0.6846334263181841 0.032263035672219 0.29350959055506887
3 901 226 900 0.6846334263181841 0.032263035672219 0.29350959055506887
3 227 226 901 0.6846334263181841 0.032263035672219 0.29350959055506887
3 168 304 167 0.6846334263181841 0.032263035672219 0.29350959055506887
3 123 124 168 0.6846334263181841 0.032263035672219 0.29350959055506887
3 168 167 123 0.6846334263181841 0.032263035672219 0.29350959055506887
3 304 168 305 0.6846334263181841 0.032263035672219 0.29350959055506887
3 728 476 727 0.6846334263181841 0.032263035672219 0.29350959055506887
3 884 161 883 0.6846334263181841 0.032263035672219 0.29350959055506887
3 828 474 829 0.6846334263181841 0.032263035672219 0.29350959055506887
3 829 464 463 0.6846334263181841 0.032263035672219 0.29350959055506887
3 463 828 829 0.6846334263181841 0.032263035672219 0.29350959055506887
3 830 464 829 0.6846334263181841 0.032263035672219 0.29350959055506887
3 732 559 733 0.6846334263181841 0.032263035672219 0.29350959055506887
3 834 835 639 0.6846334263181841 0.032263035672219 0.29350959055506887
3 468 834 639 0.6846334263181841 0.032263035672219 0.29350959055506887
3 639 638 468 0.6846334263181841 0.032263035672219 0.29350959055506887
3 639 950 949 0.6846334263181841 0.032263035672219 0.29350959055506887
3 949 638 639 0.6846334263181841 0.032263035672219 0.29350959055506887
3 836 732 733 0.6846334263181841 0.032263035672219 0.29350959055506887
3 835 732 836 0.6846334263181841 0.032263035672219 0.29350959055506887
3 845 375 846 0.6846334263181841 0.032263035672219 0.29350959055506887
3 845 312 311 0.6846334263181841 0.032263035672219 0.29350959055506887
3 846 312 845 0.6846334263181841 0.032263035672219 0.29350959055506887
3 311 844 845 0.6846334263181841 0.032263035672219 0.29350959055506887
3 317 375 133 0.6846334263181841 0.032263035672219 0.29350959055506887
3 706 317 133 0.6846334263181841 0.032263035672219 0.29350959055506887
3 374 316 133 0.6846334263181841 0.032263035672219 0.29350959055506887
3 133 375 374 0.6846334263181841 0.032263035672219 0.29350959055506887
3 133 340 706 0.6846334263181841 0.032263035672219 0.29350959055506887
3 133 118 340 0.6846334263181841 0.032263035672219 0.29350959055506887
3 705 118 133 0.6846334263181841 0.032263035672219 0.29350959055506887
3 133 316 705 0.6846334263181841 0.032263035672219 0.29350959055506887
3 525 526 342 0.6846334263181841 0.032263035672219 0.29350959055506887
3 342 136 525 0.6846334263181841 0.032263035672219 0.29350959055506887
3 709 378 319 0.6846334263181841 0.032263035672219 0.29350959055506887
3 710 378 709 0.6846334263181841 0.032263035672219 0.29350959055506887
3 368 369 742 0.6846334263181841 0.032263035672219 0.29350959055506887
3 742 369 743 0.6846334263181841 0.032263035672219 0.29350959055506887
3 742 906 307 0.6846334263181841 0.032263035672219 0.29350959055506887
3 743 907 742 0.6846334263181841 0.032263035672219 0.29350959055506887
3 742 907 906 0.6846334263181841 0.032263035672219 0.29350959055506887
3 484 648 483 0.6846334263181841 0.032263035672219 0.29350959055506887
3 483 312 484 0.6846334263181841 0.032263035672219 0.29350959055506887
3 484 312 313 0.6846334263181841 0.032263035672219 0.29350959055506887
3 484 313 485 0.6846334263181841 0.032263035672219 0.29350959055506887
3 483 648 647 0.6846334263181841 0.032263035672219 0.29350959055506887
3 647 648 368 0.6846334263181841 0.032263035672219 0.29350959055506887
3 369 648 649 0.6846334263181841 0.032263035672219 0.29350959055506887
3 649 484 485 0.6846334263181841 0.032263035672219 0.29350959055506887
3 648 484 649 0.6846334263181841 0.032263035672219 0.29350959055506887
3 646 172 173 0.6846334263181841 0.032263035672219 0.29350959055506887
3 173 647 646 0.6846334263181841 0.032263035672219 0.29350959055506887
3 481 482 173 0.6846334263181841 0.032263035672219 0.29350959055506887
3 173 172 481 0.6846334263181841 0.032263035672219 0.29350959055506887
3 173 482 483 0.6846334263181841 0.032263035672219 0.29350959055506887
3 483 647 173 0.6846334263181841 0.032263035672219 0.29350959055506887
3 770 771 162 0.6846334263181841 0.032263035672219 0.29350959055506887
3 12 332 770 0.6846334263181841 0.032263035672219 0.29350959055506887
3 770 11 12 0.6846334263181841 0.032263035672219 0.29350959055506887
3 162 11 770 0.6846334263181841 0.032263035672219 0.29350959055506887
3 162 771 163 0.6846334263181841 0.032263035672219 0.29350959055506887
3 163 560 162 0.6846334263181841 0.032263035672219 0.29350959055506887
3 561 560 163 0.6846334263181841 0.032263035672219 0.29350959055506887
3 164 562 163 0.6846334263181841 0.032263035672219 0.29350959055506887
3 163 562 561 0.6846334263181841 0.032263035672219 0.29350959055506887
3 163 772 164 0.6846334263181841 0.032263035672219 0.29350959055506887
3 163 771 772 0.6846334263181841 0.032263035672219 0.29350959055506887
3 689 332 688 0.6846334263181841 0.032263035672219 0.29350959055506887
3 236 53 658 0.6846334263181841 0.032263035672219 0.29350959055506887
3 490 53 236 0.6846334263181841 0.032263035672219 0.29350959055506887
3 410 409 179 0.6846334263181841 0.032263035672219 0.29350959055506887
3 179 180 410 0.6846334263181841 0.032263035672219 0.29350959055506887
3 241 242 658 0.6846334263181841 0.032263035672219 0.29350959055506887
3 241 55 409 0.6846334263181841 0.032263035672219 0.29350959055506887
3 409 410 241 0.6846334263181841 0.032263035672219 0.29350959055506887
3 241 410 242 0.6846334263181841 0.032263035672219 0.29350959055506887
3 658 54 241 0.6846334263181841 0.032263035672219 0.29350959055506887
3 54 55 241 0.6846334263181841 0.032263035672219 0.29350959055506887
3 663 240 662 0.6846334263181841 0.032263035672219 0.29350959055506887
3 494 495 325 0.6846334263181841 0.032263035672219 0.29350959055506887
3 494 240 495 0.6846334263181841 0.032263035672219 0.29350959055506887
3 383 201 384 0.6846334263181841 0.032263035672219 0.29350959055506887
3 191 589 192 0.6846334263181841 0.032263035672219 0.29350959055506887
3 441 440 192 0.6846334263181841 0.032263035672219 0.29350959055506887
3 192 440 191 0.6846334263181841 0.032263035672219 0.29350959055506887
3 192 193 441 0.6846334263181841 0.032263035672219 0.29350959055506887
3 590 589 197 0.6846334263181841 0.032263035672219 0.29350959055506887
3 591 193 590 0.6846334263181841 0.032263035672219 0.29350959055506887
3 590 197 591 0.6846334263181841 0.032263035672219 0.29350959055506887
3 193 192 590 0.6846334263181841 0.032263035672219 0.29350959055506887
3 590 192 589 0.6846334263181841 0.032263035672219 0.29350959055506887
3 67 68 186 0.6846334263181841 0.032263035672219 0.29350959055506887
3 186 673 67 0.6846334263181841 0.032263035672219 0.29350959055506887
3 186 68 439 0.6846334263181841 0.032263035672219 0.29350959055506887
3 187 673 186 0.6846334263181841 0.032263035672219 0.29350959055506887
3 186 440 187 0.6846334263181841 0.032263035672219 0.29350959055506887
3 439 440 186 0.6846334263181841 0.032263035672219 0.29350959055506887
3 923 258 259 0.6846334263181841 0.032263035672219 0.29350959055506887
3 259 924 923 0.6846334263181841 0.032263035672219 0.29350959055506887
3 430 261 262 0.6846334263181841 0.032263035672219 0.29350959055506887
3 429 261 430 0.6846334263181841 0.032263035672219 0.29350959055506887
3 253 254 422 0.6846334263181841 0.032263035672219 0.29350959055506887
3 260 924 259 0.6846334263181841 0.032263035672219 0.29350959055506887
3 259 432 260 0.6846334263181841 0.032263035672219 0.29350959055506887
3 260 432 433 0.6846334263181841 0.032263035672219 0.29350959055506887
3 925 924 260 0.6846334263181841 0.032263035672219 0.29350959055506887
3 260 434 925 0.6846334263181841 0.032263035672219 0.29350959055506887
3 260 433 434 0.6846334263181841 0.032263035672219 0.29350959055506887
3 255 423 254 0.6846334263181841 0.032263035672219 0.29350959055506887
3 254 923 255 0.6846334263181841 0.032263035672219 0.29350959055506887
3 255 923 924 0.6846334263181841 0.032263035672219 0.29350959055506887
3 424 423 255 0.6846334263181841 0.032263035672219 0.29350959055506887
3 925 424 255 0.6846334263181841 0.032263035672219 0.29350959055506887
3 255 924 925 0.6846334263181841 0.032263035672219 0.29350959055506887
3 422 250 249 0.6846334263181841 0.032263035672219 0.29350959055506887
3 250 577 249 0.6846334263181841 0.032263035672219 0.29350959055506887
3 248 247 420 0.6846334263181841 0.032263035672219 0.29350959055506887
3 248 575 247 0.6846334263181841 0.032263035672219 0.29350959055506887
3 180 575 181 0.6846334263181841 0.032263035672219 0.29350959055506887
3 181 413 412 0.6846334263181841 0.032263035672219 0.29350959055506887
3 63 920 62 0.6846334263181841 0.032263035672219 0.29350959055506887
3 62 251 61 0.6846334263181841 0.032263035672219 0.29350959055506887
3 62 920 251 0.6846334263181841 0.032263035672219 0.29350959055506887
3 674 675 183 0.6846334263181841 0.032263035672219 0.29350959055506887
3 674 673 187 0.6846334263181841 0.032263035672219 0.29350959055506887
3 674 183 182 0.6846334263181841 0.032263035672219 0.29350959055506887
3 182 673 674 0.6846334263181841 0.032263035672219 0.29350959055506887
3 189 675 188 0.6846334263181841 0.032263035672219 0.29350959055506887
3 188 441 442 0.6846334263181841 0.032263035672219 0.29350959055506887
3 442 189 188 0.6846334263181841 0.032263035672219 0.29350959055506887
3 187 441 188 0.6846334263181841 0.032263035672219 0.29350959055506887
3 188 674 187 0.6846334263181841 0.032263035672219 0.29350959055506887
3 675 674 188 0.6846334263181841 0.032263035672219 0.29350959055506887
3 184 675 676 0.6846334263181841 0.032263035672219 0.29350959055506887
3 263 183 184 0.6846334263181841 0.032263035672219 0.29350959055506887
3 183 675 184 0.6846334263181841 0.032263035672219 0.29350959055506887
3 774 165 773 0.6846334263181841 0.032263035672219 0.29350959055506887
3 773 336 774 0.6846334263181841 0.032263035672219 0.29350959055506887
3 335 336 773 0.6846334263181841 0.032263035672219 0.29350959055506887
3 772 335 773 0.6846334263181841 0.032263035672219 0.29350959055506887
3 164 772 773 0.6846334263181841 0.032263035672219 0.29350959055506887
3 773 165 164 0.6846334263181841 0.032263035672219 0.29350959055506887
3 883 121 563 0.6846334263181841 0.032263035672219 0.29350959055506887
3 121 562 563 0.6846334263181841 0.032263035672219 0.29350959055506887
3 563 165 564 0.6846334263181841 0.032263035672219 0.29350959055506887
3 563 562 164 0.6846334263181841 0.032263035672219 0.29350959055506887
3 164 165 563 0.6846334263181841 0.032263035672219 0.29350959055506887
3 563 884 883 0.6846334263181841 0.032263035672219 0.29350959055506887
3 564 884 563 0.6846334263181841 0.032263035672219 0.29350959055506887
3 932 684 685 0.6846334263181841 0.032263035672219 0.29350959055506887
3 684 599 685 0.6846334263181841 0.032263035672219 0.29350959055506887
3 600 686 685 0.6846334263181841 0.032263035672219 0.29350959055506887
3 685 599 600 0.6846334263181841 0.032263035672219 0.29350959055506887
3 597 448 596 0.6846334263181841 0.032263035672219 0.29350959055506887
3 596 816 597 0.6846334263181841 0.032263035672219 0.29350959055506887
3 389 816 596 0.6846334263181841 0.032263035672219 0.29350959055506887
3 596 595 389 0.6846334263181841 0.032263035672219 0.29350959055506887
3 594 595 446 0.6846334263181841 0.032263035672219 0.29350959055506887
3 680 679 446 0.6846334263181841 0.032263035672219 0.29350959055506887
3 668 669 500 0.6846334263181841 0.032263035672219 0.29350959055506887
3 799 798 500 0.6846334263181841 0.032263035672219 0.29350959055506887
3 798 499 500 0.6846334263181841 0.032263035672219 0.29350959055506887
3 667 668 500 0.6846334263181841 0.032263035672219 0.29350959055506887
3 500 499 667 0.6846334263181841 0.032263035672219 0.29350959055506887
3 584 931 585 0.6846334263181841 0.032263035672219 0.29350959055506887
3 930 931 584 0.6846334263181841 0.032263035672219 0.29350959055506887
3 669 583 584 0.6846334263181841 0.032263035672219 0.29350959055506887
3 584 585 670 0.6846334263181841 0.032263035672219 0.29350959055506887
3 670 669 584 0.6846334263181841 0.032263035672219 0.29350959055506887
3 930 584 428 0.6846334263181841 0.032263035672219 0.29350959055506887
3 428 584 583 0.6846334263181841 0.032263035672219 0.29350959055506887
3 418 668 667 0.6846334263181841 0.032263035672219 0.29350959055506887
3 418 583 668 0.6846334263181841 0.032263035672219 0.29350959055506887
3 667 417 418 0.6846334263181841 0.032263035672219 0.29350959055506887
3 417 581 418 0.6846334263181841 0.032263035672219 0.29350959055506887
3 933 586 932 0.6846334263181841 0.032263035672219 0.29350959055506887
3 932 685 933 0.6846334263181841 0.032263035672219 0.29350959055506887
3 933 685 686 0.6846334263181841 0.032263035672219 0.29350959055506887
3 687 686 600 0.6846334263181841 0.032263035672219 0.29350959055506887
3 600 599 819 0.6846334263181841 0.032263035672219 0.29350959055506887
3 819 599 818 0.6846334263181841 0.032263035672219 0.29350959055506887
3 259 258 431 0.6846334263181841 0.032263035672219 0.29350959055506887
3 431 432 259 0.6846334263181841 0.032263035672219 0.29350959055506887
3 263 432 431 0.6846334263181841 0.032263035672219 0.29350959055506887
3 258 430 431 0.6846334263181841 0.032263035672219 0.29350959055506887
3 431 262 263 0.6846334263181841 0.032263035672219 0.29350959055506887
3 431 430 262 0.6846334263181841 0.032263035672219 0.29350959055506887
3 433 432 264 0.6846334263181841 0.032263035672219 0.29350959055506887
3 264 432 263 0.6846334263181841 0.032263035672219 0.29350959055506887
3 263 184 264 0.6846334263181841 0.032263035672219 0.29350959055506887
3 878 958 879 0.6846334263181841 0.032263035672219 0.29350959055506887
3 958 959 879 0.6846334263181841 0.032263035672219 0.29350959055506887
3 879 960 939 0.6846334263181841 0.032263035672219 0.29350959055506887
3 879 959 960 0.6846334263181841 0.032263035672219 0.29350959055506887
3 872 871 626 0.6846334263181841 0.032263035672219 0.29350959055506887
3 545 872 546 0.6846334263181841 0.032263035672219 0.29350959055506887
3 871 872 545 0.6846334263181841 0.032263035672219 0.29350959055506887
3 868 869 542 0.6846334263181841 0.032263035672219 0.29350959055506887
3 542 541 868 0.6846334263181841 0.032263035672219 0.29350959055506887
3 541 867 868 0.6846334263181841 0.032263035672219 0.29350959055506887
3 868 867 397 0.6846334263181841 0.032263035672219 0.29350959055506887
3 397 398 868 0.6846334263181841 0.032263035672219 0.29350959055506887
3 398 869 868 0.6846334263181841 0.032263035672219 0.29350959055506887
3 546 613 612 0.6846334263181841 0.032263035672219 0.29350959055506887
3 612 817 816 0.6846334263181841 0.032263035672219 0.29350959055506887
3 613 817 612 0.6846334263181841 0.032263035672219 0.29350959055506887
3 953 952 642 0.6846334263181841 0.032263035672219 0.29350959055506887
3 642 954 953 0.6846334263181841 0.032263035672219 0.29350959055506887
3 953 765 952 0.6846334263181841 0.032263035672219 0.29350959055506887
3 953 766 765 0.6846334263181841 0.032263035672219 0.29350959055506887
3 954 766 953 0.6846334263181841 0.032263035672219 0.29350959055506887
3 954 839 955 0.6846334263181841 0.032263035672219 0.29350959055506887
3 956 768 955 0.6846334263181841 0.032263035672219 0.29350959055506887
3 767 954 955 0.6846334263181841 0.032263035672219 0.29350959055506887
3 955 768 767 0.6846334263181841 0.032263035672219 0.29350959055506887
3 841 958 957 0.6846334263181841 0.032263035672219 0.29350959055506887
3 957 956 841 0.6846334263181841 0.032263035672219 0.29350959055506887
3 899 958 841 0.6846334263181841 0.032263035672219 0.29350959055506887
3 841 898 899 0.6846334263181841 0.032263035672219 0.29350959055506887
3 521 520 949 0.6846334263181841 0.032263035672219 0.29350959055506887
3 949 950 521 0.6846334263181841 0.032263035672219 0.29350959055506887
3 950 522 521 0.6846334263181841 0.032263035672219 0.29350959055506887
3 763 522 764 0.6846334263181841 0.032263035672219 0.29350959055506887
3 627 766 628 0.6846334263181841 0.032263035672219 0.29350959055506887
3 627 872 626 0.6846334263181841 0.032263035672219 0.29350959055506887
3 626 765 627 0.6846334263181841 0.032263035672219 0.29350959055506887
3 765 766 627 0.6846334263181841 0.032263035672219 0.29350959055506887
3 415 579 416 0.6846334263181841 0.032263035672219 0.29350959055506887
3 664 663 415 0.6846334263181841 0.032263035672219 0.29350959055506887
3 415 416 664 0.6846334263181841 0.032263035672219 0.29350959055506887
3 664 416 665 0.6846334263181841 0.032263035672219 0.29350959055506887
3 664 496 663 0.6846334263181841 0.032263035672219 0.29350959055506887
3 664 665 497 0.6846334263181841 0.032263035672219 0.29350959055506887
3 497 496 664 0.6846334263181841 0.032263035672219 0.29350959055506887
3 666 417 667 0.6846334263181841 0.032263035672219 0.29350959055506887
3 667 499 666 0.6846334263181841 0.032263035672219 0.29350959055506887
3 666 416 417 0.6846334263181841 0.032263035672219 0.29350959055506887
3 665 416 666 0.6846334263181841 0.032263035672219 0.29350959055506887
3 683 684 438 0.6846334263181841 0.032263035672219 0.29350959055506887
3 684 931 438 0.6846334263181841 0.032263035672219 0.29350959055506887
3 438 931 930 0.6846334263181841 0.032263035672219 0.29350959055506887
3 682 683 438 0.6846334263181841 0.032263035672219 0.29350959055506887
3 438 681 682 0.6846334263181841 0.032263035672219 0.29350959055506887
3 437 681 438 0.6846334263181841 0.032263035672219 0.29350959055506887
3 533 534 715 0.6846334263181841 0.032263035672219 0.29350959055506887
3 798 534 797 0.6846334263181841 0.032263035672219 0.29350959055506887
3 797 534 408 0.6846334263181841 0.032263035672219 0.29350959055506887
3 797 499 798 0.6846334263181841 0.032263035672219 0.29350959055506887
3 800 669 670 0.6846334263181841 0.032263035672219 0.29350959055506887
3 670 801 800 0.6846334263181841 0.032263035672219 0.29350959055506887
3 799 500 800 0.6846334263181841 0.032263035672219 0.29350959055506887
3 800 500 669 0.6846334263181841 0.032263035672219 0.29350959055506887
3 918 898 787 0.6846334263181841 0.032263035672219 0.29350959055506887
3 899 898 918 0.6846334263181841 0.032263035672219 0.29350959055506887
3 918 919 899 0.6846334263181841 0.032263035672219 0.29350959055506887
3 749 655 656 0.6846334263181841 0.032263035672219 0.29350959055506887
3 656 655 854 0.6846334263181841 0.032263035672219 0.29350959055506887
3 749 656 750 0.6846334263181841 0.032263035672219 0.29350959055506887
3 750 656 657 0.6846334263181841 0.032263035672219 0.29350959055506887
3 750 914 749 0.6846334263181841 0.032263035672219 0.29350959055506887
3 750 915 914 0.6846334263181841 0.032263035672219 0.29350959055506887
3 794 793 325 0.6846334263181841 0.032263035672219 0.29350959055506887
3 325 496 794 0.6846334263181841 0.032263035672219 0.29350959055506887
3 794 405 793 0.6846334263181841 0.032263035672219 0.29350959055506887
3 406 405 794 0.6846334263181841 0.032263035672219 0.29350959055506887
3 404 405 529 0.6846334263181841 0.032263035672219 0.29350959055506887
3 529 528 404 0.6846334263181841 0.032263035672219 0.29350959055506887
3 793 405 404 0.6846334263181841 0.032263035672219 0.29350959055506887
3 792 793 404 0.6846334263181841 0.032263035672219 0.29350959055506887
3 404 235 792 0.6846334263181841 0.032263035672219 0.29350959055506887
3 653 747 746 0.6846334263181841 0.032263035672219 0.29350959055506887
3 745 744 371 0.6846334263181841 0.032263035672219 0.29350959055506887
3 854 655 853 0.6846334263181841 0.032263035672219 0.29350959055506887
3 853 715 854 0.6846334263181841 0.032263035672219 0.29350959055506887
3 530 406 531 0.6846334263181841 0.032263035672219 0.29350959055506887
3 531 713 530 0.6846334263181841 0.032263035672219 0.29350959055506887
3 232 401 400 0.6846334263181841 0.032263035672219 0.29350959055506887
3 232 788 789 0.6846334263181841 0.032263035672219 0.29350959055506887
3 231 788 232 0.6846334263181841 0.032263035672219 0.29350959055506887
3 232 400 231 0.6846334263181841 0.032263035672219 0.29350959055506887
3 402 401 233 0.6846334263181841 0.032263035672219 0.29350959055506887
3 233 234 402 0.6846334263181841 0.032263035672219 0.29350959055506887
3 790 234 233 0.6846334263181841 0.032263035672219 0.29350959055506887
3 789 790 233 0.6846334263181841 0.032263035672219 0.29350959055506887
3 233 232 789 0.6846334263181841 0.032263035672219 0.29350959055506887
3 401 232 233 0.6846334263181841 0.032263035672219 0.29350959055506887
3 177 401 402 0.6846334263181841 0.032263035672219 0.29350959055506887
3 526 401 177 0.6846334263181841 0.032263035672219 0.29350959055506887
3 176 526 525 0.6846334263181841 0.032263035672219 0.29350959055506887
3 176 401 526 0.6846334263181841 0.032263035672219 0.29350959055506887
3 525 400 176 0.6846334263181841 0.032263035672219 0.29350959055506887
3 400 401 176 0.6846334263181841 0.032263035672219 0.29350959055506887
3 844 129 130 0.6846334263181841 0.032263035672219 0.29350959055506887
3 130 845 844 0.6846334263181841 0.032263035672219 0.29350959055506887
3 130 373 374 0.6846334263181841 0.032263035672219 0.29350959055506887
3 130 129 373 0.6846334263181841 0.032263035672219 0.29350959055506887
3 374 375 130 0.6846334263181841 0.032263035672219 0.29350959055506887
3 375 845 130 0.6846334263181841 0.032263035672219 0.29350959055506887
3 213 619 393 0.6846334263181841 0.032263035672219 0.29350959055506887
3 213 618 619 0.6846334263181841 0.032263035672219 0.29350959055506887
3 213 393 392 0.6846334263181841 0.032263035672219 0.29350959055506887
3 392 212 213 0.6846334263181841 0.032263035672219 0.29350959055506887
3 212 618 213 0.6846334263181841 0.032263035672219 0.29350959055506887
3 678 435 434 0.6846334263181841 0.032263035672219 0.29350959055506887
3 678 679 435 0.6846334263181841 0.032263035672219 0.29350959055506887
3 677 444 678 0.6846334263181841 0.032263035672219 0.29350959055506887
3 608 607 542 0.6846334263181841 0.032263035672219 0.29350959055506887
3 606 607 454 0.6846334263181841 0.032263035672219 0.29350959055506887
3 270 453 454 0.6846334263181841 0.032263035672219 0.29350959055506887
3 453 606 454 0.6846334263181841 0.032263035672219 0.29350959055506887
3 330 758 331 0.6846334263181841 0.032263035672219 0.29350959055506887
3 506 505 331 0.6846334263181841 0.032263035672219 0.29350959055506887
3 505 330 331 0.6846334263181841 0.032263035672219 0.29350959055506887
3 758 759 331 0.6846334263181841 0.032263035672219 0.29350959055506887
3 331 507 506 0.6846334263181841 0.032263035672219 0.29350959055506887
3 331 759 507 0.6846334263181841 0.032263035672219 0.29350959055506887
3 397 396 622 0.6846334263181841 0.032263035672219 0.29350959055506887
3 622 396 621 0.6846334263181841 0.032263035672219 0.29350959055506887
3 621 507 508 0.6846334263181841 0.032263035672219 0.29350959055506887
3 508 622 621 0.6846334263181841 0.032263035672219 0.29350959055506887
3 509 622 508 0.6846334263181841 0.032263035672219 0.29350959055506887
3 460 629 146 0.6846334263181841 0.032263035672219 0.29350959055506887
3 146 150 460 0.6846334263181841 0.032263035672219 0.29350959055506887
3 459 150 146 0.6846334263181841 0.032263035672219 0.29350959055506887
3 146 629 102 0.6846334263181841 0.032263035672219 0.29350959055506887
3 103 459 146 0.6846334263181841 0.032263035672219 0.29350959055506887
3 146 102 103 0.6846334263181841 0.032263035672219 0.29350959055506887
3 352 301 886 0.6846334263181841 0.032263035672219 0.29350959055506887
3 886 353 352 0.6846334263181841 0.032263035672219 0.29350959055506887
3 569 570 889 0.6846334263181841 0.032263035672219 0.29350959055506887
3 889 570 890 0.6846334263181841 0.032263035672219 0.29350959055506887
3 886 566 887 0.6846334263181841 0.032263035672219 0.29350959055506887
3 887 353 886 0.6846334263181841 0.032263035672219 0.29350959055506887
3 887 888 353 0.6846334263181841 0.032263035672219 0.29350959055506887
3 895 896 735 0.6846334263181841 0.032263035672219 0.29350959055506887
3 735 734 895 0.6846334263181841 0.032263035672219 0.29350959055506887
3 895 734 894 0.6846334263181841 0.032263035672219 0.29350959055506887
3 895 894 785 0.6846334263181841 0.032263035672219 0.29350959055506887
3 895 785 786 0.6846334263181841 0.032263035672219 0.29350959055506887
3 786 896 895 0.6846334263181841 0.032263035672219 0.29350959055506887
3 569 889 568 0.6846334263181841 0.032263035672219 0.29350959055506887
3 568 889 888 0.6846334263181841 0.032263035672219 0.29350959055506887
3 775 776 565 0.6846334263181841 0.032263035672219 0.29350959055506887
3 775 564 774 0.6846334263181841 0.032263035672219 0.29350959055506887
3 775 565 564 0.6846334263181841 0.032263035672219 0.29350959055506887
3 694 361 695 0.6846334263181841 0.032263035672219 0.29350959055506887
3 360 361 694 0.6846334263181841 0.032263035672219 0.29350959055506887
3 698 910 699 0.6846334263181841 0.032263035672219 0.29350959055506887
3 699 781 698 0.6846334263181841 0.032263035672219 0.29350959055506887
3 745 910 909 0.6846334263181841 0.032263035672219 0.29350959055506887
3 910 698 909 0.6846334263181841 0.032263035672219 0.29350959055506887
3 909 698 697 0.6846334263181841 0.032263035672219 0.29350959055506887
3 909 744 745 0.6846334263181841 0.032263035672219 0.29350959055506887
3 908 744 909 0.6846334263181841 0.032263035672219 0.29350959055506887
3 569 568 779 0.6846334263181841 0.032263035672219 0.29350959055506887
3 697 698 779 0.6846334263181841 0.032263035672219 0.29350959055506887
3 904 230 229 0.6846334263181841 0.032263035672219 0.29350959055506887
3 904 305 306 0.6846334263181841 0.032263035672219 0.29350959055506887
3 359 692 358 0.6846334263181841 0.032263035672219 0.29350959055506887
3 358 230 359 0.6846334263181841 0.032263035672219 0.29350959055506887
3 692 691 358 0.6846334263181841 0.032263035672219 0.29350959055506887
3 695 361 362 0.6846334263181841 0.032263035672219 0.29350959055506887
3 362 361 908 0.6846334263181841 0.032263035672219 0.29350959055506887
3 908 909 362 0.6846334263181841 0.032263035672219 0.29350959055506887
3 362 909 697 0.6846334263181841 0.032263035672219 0.29350959055506887
3 114 738 737 0.6846334263181841 0.032263035672219 0.29350959055506887
3 114 363 364 0.6846334263181841 0.032263035672219 0.29350959055506887
3 364 365 114 0.6846334263181841 0.032263035672219 0.29350959055506887
3 365 738 114 0.6846334263181841 0.032263035672219 0.29350959055506887
3 113 363 114 0.6846334263181841 0.032263035672219 0.29350959055506887
3 114 737 113 0.6846334263181841 0.032263035672219 0.29350959055506887
3 167 304 303 0.6846334263181841 0.032263035672219 0.29350959055506887
3 166 167 303 0.6846334263181841 0.032263035672219 0.29350959055506887
3 302 166 303 0.6846334263181841 0.032263035672219 0.29350959055506887
3 303 901 302 0.6846334263181841 0.032263035672219 0.29350959055506887
3 306 305 169 0.6846334263181841 0.032263035672219 0.29350959055506887
3 739 740 169 0.6846334263181841 0.032263035672219 0.29350959055506887
3 169 740 306 0.6846334263181841 0.032263035672219 0.29350959055506887
3 169 124 739 0.6846334263181841 0.032263035672219 0.29350959055506887
3 169 168 124 0.6846334263181841 0.032263035672219 0.29350959055506887
3 169 305 168 0.6846334263181841 0.032263035672219 0.29350959055506887
3 902 303 304 0.6846334263181841 0.032263035672219 0.29350959055506887
3 901 303 902 0.6846334263181841 0.032263035672219 0.29350959055506887
3 902 228 227 0.6846334263181841 0.032263035672219 0.29350959055506887
3 227 901 902 0.6846334263181841 0.032263035672219 0.29350959055506887
3 553 352 554 0.6846334263181841 0.032263035672219 0.29350959055506887
3 554 352 353 0.6846334263181841 0.032263035672219 0.29350959055506887
3 553 554 726 0.6846334263181841 0.032263035672219 0.29350959055506887
3 726 554 727 0.6846334263181841 0.032263035672219 0.29350959055506887
3 564 565 885 0.6846334263181841 0.032263035672219 0.29350959055506887
3 885 884 564 0.6846334263181841 0.032263035672219 0.29350959055506887
3 885 565 886 0.6846334263181841 0.032263035672219 0.29350959055506887
3 886 301 885 0.6846334263181841 0.032263035672219 0.29350959055506887
3 301 884 885 0.6846334263181841 0.032263035672219 0.29350959055506887
3 349 299 350 0.6846334263181841 0.032263035672219 0.29350959055506887
3 558 559 731 0.6846334263181841 0.032263035672219 0.29350959055506887
3 559 732 731 0.6846334263181841 0.032263035672219 0.29350959055506887
3 731 730 558 0.6846334263181841 0.032263035672219 0.29350959055506887
3 731 732 835 0.6846334263181841 0.032263035672219 0.29350959055506887
3 834 730 731 0.6846334263181841 0.032263035672219 0.29350959055506887
3 731 835 834 0.6846334263181841 0.032263035672219 0.29350959055506887
3 640 639 835 0.6846334263181841 0.032263035672219 0.29350959055506887
3 640 836 641 0.6846334263181841 0.032263035672219 0.29350959055506887
3 835 836 640 0.6846334263181841 0.032263035672219 0.29350959055506887
3 641 951 640 0.6846334263181841 0.032263035672219 0.29350959055506887
3 640 951 950 0.6846334263181841 0.032263035672219 0.29350959055506887
3 950 639 640 0.6846334263181841 0.032263035672219 0.29350959055506887
3 837 836 733 0.6846334263181841 0.032263035672219 0.29350959055506887
3 837 734 838 0.6846334263181841 0.032263035672219 0.29350959055506887
3 733 734 837 0.6846334263181841 0.032263035672219 0.29350959055506887
3 837 838 642 0.6846334263181841 0.032263035672219 0.29350959055506887
3 642 641 837 0.6846334263181841 0.032263035672219 0.29350959055506887
3 641 836 837 0.6846334263181841 0.032263035672219 0.29350959055506887
3 711 710 345 0.6846334263181841 0.032263035672219 0.29350959055506887
3 345 529 711 0.6846334263181841 0.032263035672219 0.29350959055506887
3 345 528 529 0.6846334263181841 0.032263035672219 0.29350959055506887
3 712 380 711 0.6846334263181841 0.032263035672219 0.29350959055506887
3 530 713 712 0.6846334263181841 0.032263035672219 0.29350959055506887
3 711 529 712 0.6846334263181841 0.032263035672219 0.29350959055506887
3 712 529 530 0.6846334263181841 0.032263035672219 0.29350959055506887
3 850 380 851 0.6846334263181841 0.032263035672219 0.29350959055506887
3 851 712 713 0.6846334263181841 0.032263035672219 0.29350959055506887
3 380 712 851 0.6846334263181841 0.032263035672219 0.29350959055506887
3 847 313 846 0.6846334263181841 0.032263035672219 0.29350959055506887
3 846 376 847 0.6846334263181841 0.032263035672219 0.29350959055506887
3 850 487 849 0.6846334263181841 0.032263035672219 0.29350959055506887
3 341 136 707 0.6846334263181841 0.032263035672219 0.29350959055506887
3 136 342 707 0.6846334263181841 0.032263035672219 0.29350959055506887
3 317 341 707 0.6846334263181841 0.032263035672219 0.29350959055506887
3 343 342 526 0.6846334263181841 0.032263035672219 0.29350959055506887
3 343 709 319 0.6846334263181841 0.032263035672219 0.29350959055506887
3 710 709 344 0.6846334263181841 0.032263035672219 0.29350959055506887
3 344 345 710 0.6846334263181841 0.032263035672219 0.29350959055506887
3 528 345 344 0.6846334263181841 0.032263035672219 0.29350959055506887
3 709 343 344 0.6846334263181841 0.032263035672219 0.29350959055506887
3 368 742 741 0.6846334263181841 0.032263035672219 0.29350959055506887
3 307 740 741 0.6846334263181841 0.032263035672219 0.29350959055506887
3 741 742 307 0.6846334263181841 0.032263035672219 0.29350959055506887
3 367 647 368 0.6846334263181841 0.032263035672219 0.29350959055506887
3 368 741 367 0.6846334263181841 0.032263035672219 0.29350959055506887
3 367 741 740 0.6846334263181841 0.032263035672219 0.29350959055506887
3 367 740 366 0.6846334263181841 0.032263035672219 0.29350959055506887
3 367 366 646 0.6846334263181841 0.032263035672219 0.29350959055506887
3 646 647 367 0.6846334263181841 0.032263035672219 0.29350959055506887
3 332 689 333 0.6846334263181841 0.032263035672219 0.29350959055506887
3 333 770 332 0.6846334263181841 0.032263035672219 0.29350959055506887
3 771 770 333 0.6846334263181841 0.032263035672219 0.29350959055506887
3 333 334 771 0.6846334263181841 0.032263035672219 0.29350959055506887
3 690 334 333 0.6846334263181841 0.032263035672219 0.29350959055506887
3 333 689 690 0.6846334263181841 0.032263035672219 0.29350959055506887
3 688 354 355 0.6846334263181841 0.032263035672219 0.29350959055506887
3 355 689 688 0.6846334263181841 0.032263035672219 0.29350959055506887
3 355 354 227 0.6846334263181841 0.032263035672219 0.29350959055506887
3 227 228 355 0.6846334263181841 0.032263035672219 0.29350959055506887
3 412 243 411 0.6846334263181841 0.032263035672219 0.29350959055506887
3 411 181 412 0.6846334263181841 0.032263035672219 0.29350959055506887
3 180 181 411 0.6846334263181841 0.032263035672219 0.29350959055506887
3 411 410 180 0.6846334263181841 0.032263035672219 0.29350959055506887
3 242 410 411 0.6846334263181841 0.032263035672219 0.29350959055506887
3 411 243 242 0.6846334263181841 0.032263035672219 0.29350959055506887
3 245 413 414 0.6846334263181841 0.032263035672219 0.29350959055506887
3 414 663 245 0.6846334263181841 0.032263035672219 0.29350959055506887
3 663 662 245 0.6846334263181841 0.032263035672219 0.29350959055506887
3 244 243 412 0.6846334263181841 0.032263035672219 0.29350959055506887
3 412 413 244 0.6846334263181841 0.032263035672219 0.29350959055506887
3 413 245 244 0.6846334263181841 0.032263035672219 0.29350959055506887
3 792 323 324 0.6846334263181841 0.032263035672219 0.29350959055506887
3 324 494 325 0.6846334263181841 0.032263035672219 0.29350959055506887
3 324 793 792 0.6846334263181841 0.032263035672219 0.29350959055506887
3 325 793 324 0.6846334263181841 0.032263035672219 0.29350959055506887
3 383 384 196 0.6846334263181841 0.032263035672219 0.29350959055506887
3 196 195 383 0.6846334263181841 0.032263035672219 0.29350959055506887
3 197 589 196 0.6846334263181841 0.032263035672219 0.29350959055506887
3 196 384 197 0.6846334263181841 0.032263035672219 0.29350959055506887
3 588 195 196 0.6846334263181841 0.032263035672219 0.29350959055506887
3 196 589 588 0.6846334263181841 0.032263035672219 0.29350959055506887
3 811 386 385 0.6846334263181841 0.032263035672219 0.29350959055506887
3 197 384 385 0.6846334263181841 0.032263035672219 0.29350959055506887
3 385 386 591 0.6846334263181841 0.032263035672219 0.29350959055506887
3 591 197 385 0.6846334263181841 0.032263035672219 0.29350959055506887
3 420 251 252 0.6846334263181841 0.032263035672219 0.29350959055506887
3 251 920 252 0.6846334263181841 0.032263035672219 0.29350959055506887
3 258 923 922 0.6846334263181841 0.032263035672219 0.29350959055506887
3 922 923 254 0.6846334263181841 0.032263035672219 0.29350959055506887
3 254 253 922 0.6846334263181841 0.032263035672219 0.29350959055506887
3 421 248 420 0.6846334263181841 0.032263035672219 0.29350959055506887
3 420 252 421 0.6846334263181841 0.032263035672219 0.29350959055506887
3 421 252 253 0.6846334263181841 0.032263035672219 0.29350959055506887
3 421 253 422 0.6846334263181841 0.032263035672219 0.29350959055506887
3 422 249 421 0.6846334263181841 0.032263035672219 0.29350959055506887
3 249 248 421 0.6846334263181841 0.032263035672219 0.29350959055506887
3 577 413 576 0.6846334263181841 0.032263035672219 0.29350959055506887
3 413 181 576 0.6846334263181841 0.032263035672219 0.29350959055506887
3 576 249 577 0.6846334263181841 0.032263035672219 0.29350959055506887
3 576 248 249 0.6846334263181841 0.032263035672219 0.29350959055506887
3 575 248 576 0.6846334263181841 0.032263035672219 0.29350959055506887
3 576 181 575 0.6846334263181841 0.032263035672219 0.29350959055506887
3 447 681 680 0.6846334263181841 0.032263035672219 0.29350959055506887
3 680 446 447 0.6846334263181841 0.032263035672219 0.29350959055506887
3 448 681 447 0.6846334263181841 0.032263035672219 0.29350959055506887
3 447 446 595 0.6846334263181841 0.032263035672219 0.29350959055506887
3 447 596 448 0.6846334263181841 0.032263035672219 0.29350959055506887
3 595 596 447 0.6846334263181841 0.032263035672219 0.29350959055506887
3 445 446 679 0.6846334263181841 0.032263035672219 0.29350959055506887
3 445 678 444 0.6846334263181841 0.032263035672219 0.29350959055506887
3 679 678 445 0.6846334263181841 0.032263035672219 0.29350959055506887
3 444 593 445 0.6846334263181841 0.032263035672219 0.29350959055506887
3 445 593 594 0.6846334263181841 0.032263035672219 0.29350959055506887
3 594 446 445 0.6846334263181841 0.032263035672219 0.29350959055506887
3 436 437 928 0.6846334263181841 0.032263035672219 0.29350959055506887
3 928 927 436 0.6846334263181841 0.032263035672219 0.29350959055506887
3 427 927 928 0.6846334263181841 0.032263035672219 0.29350959055506887
3 928 428 427 0.6846334263181841 0.032263035672219 0.29350959055506887
3 425 579 424 0.6846334263181841 0.032263035672219 0.29350959055506887
3 425 424 925 0.6846334263181841 0.032263035672219 0.29350959055506887
3 925 926 425 0.6846334263181841 0.032263035672219 0.29350959055506887
3 583 418 582 0.6846334263181841 0.032263035672219 0.29350959055506887
3 582 418 581 0.6846334263181841 0.032263035672219 0.29350959055506887
3 582 428 583 0.6846334263181841 0.032263035672219 0.29350959055506887
3 427 428 582 0.6846334263181841 0.032263035672219 0.29350959055506887
3 582 581 427 0.6846334263181841 0.032263035672219 0.29350959055506887
3 586 933 934 0.6846334263181841 0.032263035672219 0.29350959055506887
3 935 672 934 0.6846334263181841 0.032263035672219 0.29350959055506887
3 934 672 586 0.6846334263181841 0.032263035672219 0.29350959055506887
3 934 687 935 0.6846334263181841 0.032263035672219 0.29350959055506887
3 934 933 686 0.6846334263181841 0.032263035672219 0.29350959055506887
3 686 687 934 0.6846334263181841 0.032263035672219 0.29350959055506887
3 818 613 614 0.6846334263181841 0.032263035672219 0.29350959055506887
3 614 819 818 0.6846334263181841 0.032263035672219 0.29350959055506887
3 614 874 875 0.6846334263181841 0.032263035672219 0.29350959055506887
3 613 874 614 0.6846334263181841 0.032263035672219 0.29350959055506887
3 614 875 876 0.6846334263181841 0.032263035672219 0.29350959055506887
3 876 877 820 0.6846334263181841 0.032263035672219 0.29350959055506887
3 600 819 820 0.6846334263181841 0.032263035672219 0.29350959055506887
3 820 614 876 0.6846334263181841 0.032263035672219 0.29350959055506887
3 819 614 820 0.6846334263181841 0.032263035672219 0.29350959055506887
3 433 264 265 0.6846334263181841 0.032263035672219 0.29350959055506887
3 434 433 265 0.6846334263181841 0.032263035672219 0.29350959055506887
3 677 678 265 0.6846334263181841 0.032263035672219 0.29350959055506887
3 265 678 434 0.6846334263181841 0.032263035672219 0.29350959055506887
3 823 822 878 0.6846334263181841 0.032263035672219 0.29350959055506887
3 878 879 823 0.6846334263181841 0.032263035672219 0.29350959055506887
3 823 879 939 0.6846334263181841 0.032263035672219 0.29350959055506887
3 823 687 822 0.6846334263181841 0.032263035672219 0.29350959055506887
3 873 874 546 0.6846334263181841 0.032263035672219 0.29350959055506887
3 546 872 873 0.6846334263181841 0.032263035672219 0.29350959055506887
3 628 874 873 0.6846334263181841 0.032263035672219 0.29350959055506887
3 873 627 628 0.6846334263181841 0.032263035672219 0.29350959055506887
3 872 627 873 0.6846334263181841 0.032263035672219 0.29350959055506887
3 870 871 544 0.6846334263181841 0.032263035672219 0.29350959055506887
3 871 545 544 0.6846334263181841 0.032263035672219 0.29350959055506887
3 544 545 610 0.6846334263181841 0.032263035672219 0.29350959055506887
3 611 816 458 0.6846334263181841 0.032263035672219 0.29350959055506887
3 611 612 816 0.6846334263181841 0.032263035672219 0.29350959055506887
3 611 458 610 0.6846334263181841 0.032263035672219 0.29350959055506887
3 610 545 611 0.6846334263181841 0.032263035672219 0.29350959055506887
3 611 545 546 0.6846334263181841 0.032263035672219 0.29350959055506887
3 546 612 611 0.6846334263181841 0.032263035672219 0.29350959055506887
3 735 896 897 0.6846334263181841 0.032263035672219 0.29350959055506887
3 898 841 897 0.6846334263181841 0.032263035672219 0.29350959055506887
3 787 898 897 0.6846334263181841 0.032263035672219 0.29350959055506887
3 897 896 787 0.6846334263181841 0.032263035672219 0.29350959055506887
3 840 955 839 0.6846334263181841 0.032263035672219 0.29350959055506887
3 840 839 735 0.6846334263181841 0.032263035672219 0.29350959055506887
3 956 955 840 0.6846334263181841 0.032263035672219 0.29350959055506887
3 840 841 956 0.6846334263181841 0.032263035672219 0.29350959055506887
3 735 897 840 0.6846334263181841 0.032263035672219 0.29350959055506887
3 840 897 841 0.6846334263181841 0.032263035672219 0.29350959055506887
3 580 416 579 0.6846334263181841 0.032263035672219 0.29350959055506887
3 579 425 580 0.6846334263181841 0.032263035672219 0.29350959055506887
3 580 581 417 0.6846334263181841 0.032263035672219 0.29350959055506887
3 417 416 580 0.6846334263181841 0.032263035672219 0.29350959055506887
3 499 797 498 0.6846334263181841 0.032263035672219 0.29350959055506887
3 498 666 499 0.6846334263181841 0.032263035672219 0.29350959055506887
3 497 665 498 0.6846334263181841 0.032263035672219 0.29350959055506887
3 665 666 498 0.6846334263181841 0.032263035672219 0.29350959055506887
3 718 800 801 0.6846334263181841 0.032263035672219 0.29350959055506887
3 671 801 670 0.6846334263181841 0.032263035672219 0.29350959055506887
3 586 672 671 0.6846334263181841 0.032263035672219 0.29350959055506887
3 670 585 671 0.6846334263181841 0.032263035672219 0.29350959055506887
3 585 586 671 0.6846334263181841 0.032263035672219 0.29350959055506887
3 935 687 936 0.6846334263181841 0.032263035672219 0.29350959055506887
3 936 823 937 0.6846334263181841 0.032263035672219 0.29350959055506887
3 687 823 936 0.6846334263181841 0.032263035672219 0.29350959055506887
3 917 918 787 0.6846334263181841 0.032263035672219 0.29350959055506887
3 657 856 857 0.6846334263181841 0.032263035672219 0.29350959055506887
3 856 718 857 0.6846334263181841 0.032263035672219 0.29350959055506887
3 657 656 855 0.6846334263181841 0.032263035672219 0.29350959055506887
3 855 856 657 0.6846334263181841 0.032263035672219 0.29350959055506887
3 855 656 854 0.6846334263181841 0.032263035672219 0.29350959055506887
3 795 496 497 0.6846334263181841 0.032263035672219 0.29350959055506887
3 795 794 496 0.6846334263181841 0.032263035672219 0.29350959055506887
3 406 794 795 0.6846334263181841 0.032263035672219 0.29350959055506887
3 403 234 235 0.6846334263181841 0.032263035672219 0.29350959055506887
3 235 404 403 0.6846334263181841 0.032263035672219 0.29350959055506887
3 403 404 528 0.6846334263181841 0.032263035672219 0.29350959055506887
3 402 234 403 0.6846334263181841 0.032263035672219 0.29350959055506887
3 235 234 791 0.6846334263181841 0.032263035672219 0.29350959055506887
3 791 323 792 0.6846334263181841 0.032263035672219 0.29350959055506887
3 792 235 791 0.6846334263181841 0.032263035672219 0.29350959055506887
3 791 234 790 0.6846334263181841 0.032263035672219 0.29350959055506887
3 791 322 323 0.6846334263181841 0.032263035672219 0.29350959055506887
3 790 322 791 0.6846334263181841 0.032263035672219 0.29350959055506887
3 486 487 651 0.6846334263181841 0.032263035672219 0.29350959055506887
3 486 849 487 0.6846334263181841 0.032263035672219 0.29350959055506887
3 489 653 488 0.6846334263181841 0.032263035672219 0.29350959055506887
3 488 851 489 0.6846334263181841 0.032263035672219 0.29350959055506887
3 488 487 850 0.6846334263181841 0.032263035672219 0.29350959055506887
3 850 851 488 0.6846334263181841 0.032263035672219 0.29350959055506887
3 745 371 652 0.6846334263181841 0.032263035672219 0.29350959055506887
3 652 371 651 0.6846334263181841 0.032263035672219 0.29350959055506887
3 652 746 745 0.6846334263181841 0.032263035672219 0.29350959055506887
3 652 653 746 0.6846334263181841 0.032263035672219 0.29350959055506887
3 652 488 653 0.6846334263181841 0.032263035672219 0.29350959055506887
3 651 487 652 0.6846334263181841 0.032263035672219 0.29350959055506887
3 487 488 652 0.6846334263181841 0.032263035672219 0.29350959055506887
3 747 653 654 0.6846334263181841 0.032263035672219 0.29350959055506887
3 654 655 748 0.6846334263181841 0.032263035672219 0.29350959055506887
3 748 747 654 0.6846334263181841 0.032263035672219 0.29350959055506887
3 654 653 489 0.6846334263181841 0.032263035672219 0.29350959055506887
3 489 853 654 0.6846334263181841 0.032263035672219 0.29350959055506887
3 654 853 655 0.6846334263181841 0.032263035672219 0.29350959055506887
3 370 744 743 0.6846334263181841 0.032263035672219 0.29350959055506887
3 370 371 744 0.6846334263181841 0.032263035672219 0.29350959055506887
3 743 369 370 0.6846334263181841 0.032263035672219 0.29350959055506887
3 369 649 370 0.6846334263181841 0.032263035672219 0.29350959055506887
3 715 853 714 0.6846334263181841 0.032263035672219 0.29350959055506887
3 713 531 714 0.6846334263181841 0.032263035672219 0.29350959055506887
3 533 715 714 0.6846334263181841 0.032263035672219 0.29350959055506887
3 407 531 406 0.6846334263181841 0.032263035672219 0.29350959055506887
3 406 795 407 0.6846334263181841 0.032263035672219 0.29350959055506887
3 456 457 813 0.6846334263181841 0.032263035672219 0.29350959055506887
3 813 812 456 0.6846334263181841 0.032263035672219 0.29350959055506887
3 519 520 760 0.6846334263181841 0.032263035672219 0.29350959055506887
3 760 759 519 0.6846334263181841 0.032263035672219 0.29350959055506887
3 507 759 760 0.6846334263181841 0.032263035672219 0.29350959055506887
3 760 508 507 0.6846334263181841 0.032263035672219 0.29350959055506887
3 623 622 509 0.6846334263181841 0.032263035672219 0.29350959055506887
3 509 510 623 0.6846334263181841 0.032263035672219 0.29350959055506887
3 623 398 397 0.6846334263181841 0.032263035672219 0.29350959055506887
3 397 622 623 0.6846334263181841 0.032263035672219 0.29350959055506887
3 623 624 398 0.6846334263181841 0.032263035672219 0.29350959055506887
3 623 510 624 0.6846334263181841 0.032263035672219 0.29350959055506887
3 624 510 511 0.6846334263181841 0.032263035672219 0.29350959055506887
3 511 510 763 0.6846334263181841 0.032263035672219 0.29350959055506887
3 511 625 624 0.6846334263181841 0.032263035672219 0.29350959055506887
3 764 625 511 0.6846334263181841 0.032263035672219 0.29350959055506887
3 511 763 764 0.6846334263181841 0.032263035672219 0.29350959055506887
3 763 510 762 0.6846334263181841 0.032263035672219 0.29350959055506887
3 762 521 522 0.6846334263181841 0.032263035672219 0.29350959055506887
3 522 763 762 0.6846334263181841 0.032263035672219 0.29350959055506887
3 762 510 509 0.6846334263181841 0.032263035672219 0.29350959055506887
3 301 352 351 0.6846334263181841 0.032263035672219 0.29350959055506887
3 552 350 351 0.6846334263181841 0.032263035672219 0.29350959055506887
3 553 552 351 0.6846334263181841 0.032263035672219 0.29350959055506887
3 351 352 553 0.6846334263181841 0.032263035672219 0.29350959055506887
3 890 557 556 0.6846334263181841 0.032263035672219 0.29350959055506887
3 556 889 890 0.6846334263181841 0.032263035672219 0.29350959055506887
3 888 889 556 0.6846334263181841 0.032263035672219 0.29350959055506887
3 556 729 728 0.6846334263181841 0.032263035672219 0.29350959055506887
3 556 557 729 0.6846334263181841 0.032263035672219 0.29350959055506887
3 567 887 566 0.6846334263181841 0.032263035672219 0.29350959055506887
3 888 887 567 0.6846334263181841 0.032263035672219 0.29350959055506887
3 567 568 888 0.6846334263181841 0.032263035672219 0.29350959055506887
3 338 694 695 0.6846334263181841 0.032263035672219 0.29350959055506887
3 776 775 338 0.6846334263181841 0.032263035672219 0.29350959055506887
3 780 570 569 0.6846334263181841 0.032263035672219 0.29350959055506887
3 569 779 780 0.6846334263181841 0.032263035672219 0.29350959055506887
3 780 781 571 0.6846334263181841 0.032263035672219 0.29350959055506887
3 571 570 780 0.6846334263181841 0.032263035672219 0.29350959055506887
3 780 698 781 0.6846334263181841 0.032263035672219 0.29350959055506887
3 780 779 698 0.6846334263181841 0.032263035672219 0.29350959055506887
3 777 338 695 0.6846334263181841 0.032263035672219 0.29350959055506887
3 776 338 777 0.6846334263181841 0.032263035672219 0.29350959055506887
3 566 776 777 0.6846334263181841 0.032263035672219 0.29350959055506887
3 777 567 566 0.6846334263181841 0.032263035672219 0.29350959055506887
3 903 904 229 0.6846334263181841 0.032263035672219 0.29350959055506887
3 305 904 903 0.6846334263181841 0.032263035672219 0.29350959055506887
3 229 228 903 0.6846334263181841 0.032263035672219 0.29350959055506887
3 228 902 903 0.6846334263181841 0.032263035672219 0.29350959055506887
3 304 305 903 0.6846334263181841 0.032263035672219 0.29350959055506887
3 903 902 304 0.6846334263181841 0.032263035672219 0.29350959055506887
3 230 904 905 0.6846334263181841 0.032263035672219 0.29350959055506887
3 359 230 905 0.6846334263181841 0.032263035672219 0.29350959055506887
3 905 306 307 0.6846334263181841 0.032263035672219 0.29350959055506887
3 905 904 306 0.6846334263181841 0.032263035672219 0.29350959055506887
3 905 906 359 0.6846334263181841 0.032263035672219 0.29350959055506887
3 307 906 905 0.6846334263181841 0.032263035672219 0.29350959055506887
3 357 358 691 0.6846334263181841 0.032263035672219 0.29350959055506887
3 357 691 690 0.6846334263181841 0.032263035672219 0.29350959055506887
3 229 230 357 0.6846334263181841 0.032263035672219 0.29350959055506887
3 230 358 357 0.6846334263181841 0.032263035672219 0.29350959055506887
3 695 362 696 0.6846334263181841 0.032263035672219 0.29350959055506887
3 696 362 697 0.6846334263181841 0.032263035672219 0.29350959055506887
3 696 777 695 0.6846334263181841 0.032263035672219 0.29350959055506887
3 725 726 474 0.6846334263181841 0.032263035672219 0.29350959055506887
3 724 552 725 0.6846334263181841 0.032263035672219 0.29350959055506887
3 725 552 553 0.6846334263181841 0.032263035672219 0.29350959055506887
3 553 726 725 0.6846334263181841 0.032263035672219 0.29350959055506887
3 725 473 724 0.6846334263181841 0.032263035672219 0.29350959055506887
3 725 474 473 0.6846334263181841 0.032263035672219 0.29350959055506887
3 475 727 476 0.6846334263181841 0.032263035672219 0.29350959055506887
3 475 726 727 0.6846334263181841 0.032263035672219 0.29350959055506887
3 475 476 830 0.6846334263181841 0.032263035672219 0.29350959055506887
3 474 726 475 0.6846334263181841 0.032263035672219 0.29350959055506887
3 830 829 475 0.6846334263181841 0.032263035672219 0.29350959055506887
3 475 829 474 0.6846334263181841 0.032263035672219 0.29350959055506887
3 551 552 724 0.6846334263181841 0.032263035672219 0.29350959055506887
3 551 350 552 0.6846334263181841 0.032263035672219 0.29350959055506887
3 225 550 551 0.6846334263181841 0.032263035672219 0.29350959055506887
3 551 550 349 0.6846334263181841 0.032263035672219 0.29350959055506887
3 349 350 551 0.6846334263181841 0.032263035672219 0.29350959055506887
3 724 723 551 0.6846334263181841 0.032263035672219 0.29350959055506887
3 551 723 225 0.6846334263181841 0.032263035672219 0.29350959055506887
3 300 884 301 0.6846334263181841 0.032263035672219 0.29350959055506887
3 301 351 300 0.6846334263181841 0.032263035672219 0.29350959055506887
3 300 351 350 0.6846334263181841 0.032263035672219 0.29350959055506887
3 161 884 300 0.6846334263181841 0.032263035672219 0.29350959055506887
3 299 161 300 0.6846334263181841 0.032263035672219 0.29350959055506887
3 300 350 299 0.6846334263181841 0.032263035672219 0.29350959055506887
3 852 853 489 0.6846334263181841 0.032263035672219 0.29350959055506887
3 489 851 852 0.6846334263181841 0.032263035672219 0.29350959055506887
3 852 851 713 0.6846334263181841 0.032263035672219 0.29350959055506887
3 713 714 852 0.6846334263181841 0.032263035672219 0.29350959055506887
3 852 714 853 0.6846334263181841 0.032263035672219 0.29350959055506887
3 319 378 377 0.6846334263181841 0.032263035672219 0.29350959055506887
3 377 847 376 0.6846334263181841 0.032263035672219 0.29350959055506887
3 378 849 848 0.6846334263181841 0.032263035672219 0.29350959055506887
3 848 486 485 0.6846334263181841 0.032263035672219 0.29350959055506887
3 849 486 848 0.6846334263181841 0.032263035672219 0.29350959055506887
3 485 313 848 0.6846334263181841 0.032263035672219 0.29350959055506887
3 313 847 848 0.6846334263181841 0.032263035672219 0.29350959055506887
3 848 377 378 0.6846334263181841 0.032263035672219 0.29350959055506887
3 847 377 848 0.6846334263181841 0.032263035672219 0.29350959055506887
3 379 378 710 0.6846334263181841 0.032263035672219 0.29350959055506887
3 379 849 378 0.6846334263181841 0.032263035672219 0.29350959055506887
3 379 710 711 0.6846334263181841 0.032263035672219 0.29350959055506887
3 711 380 379 0.6846334263181841 0.032263035672219 0.29350959055506887
3 379 380 850 0.6846334263181841 0.032263035672219 0.29350959055506887
3 850 849 379 0.6846334263181841 0.032263035672219 0.29350959055506887
3 318 707 342 0.6846334263181841 0.032263035672219 0.29350959055506887
3 319 377 318 0.6846334263181841 0.032263035672219 0.29350959055506887
3 318 377 376 0.6846334263181841 0.032263035672219 0.29350959055506887
3 318 376 317 0.6846334263181841 0.032263035672219 0.29350959055506887
3 317 707 318 0.6846334263181841 0.032263035672219 0.29350959055506887
3 708 343 319 0.6846334263181841 0.032263035672219 0.29350959055506887
3 342 343 708 0.6846334263181841 0.032263035672219 0.29350959055506887
3 319 318 708 0.6846334263181841 0.032263035672219 0.29350959055506887
3 708 318 342 0.6846334263181841 0.032263035672219 0.29350959055506887
3 527 344 343 0.6846334263181841 0.032263035672219 0.29350959055506887
3 526 177 527 0.6846334263181841 0.032263035672219 0.29350959055506887
3 527 343 526 0.6846334263181841 0.032263035672219 0.29350959055506887
3 527 177 402 0.6846334263181841 0.032263035672219 0.29350959055506887
3 528 344 527 0.6846334263181841 0.032263035672219 0.29350959055506887
3 402 403 527 0.6846334263181841 0.032263035672219 0.29350959055506887
3 527 403 528 0.6846334263181841 0.032263035672219 0.29350959055506887
3 690 689 356 0.6846334263181841 0.032263035672219 0.29350959055506887
3 689 355 356 0.6846334263181841 0.032263035672219 0.29350959055506887
3 356 355 228 0.6846334263181841 0.032263035672219 0.29350959055506887
3 356 357 690 0.6846334263181841 0.032263035672219 0.29350959055506887
3 356 228 229 0.6846334263181841 0.032263035672219 0.29350959055506887
3 229 357 356 0.6846334263181841 0.032263035672219 0.29350959055506887
3 240 494 239 0.6846334263181841 0.032263035672219 0.29350959055506887
3 242 243 659 0.6846334263181841 0.032263035672219 0.29350959055506887
3 658 242 659 0.6846334263181841 0.032263035672219 0.29350959055506887
3 659 236 658 0.6846334263181841 0.032263035672219 0.29350959055506887
3 659 237 236 0.6846334263181841 0.032263035672219 0.29350959055506887
3 490 236 491 0.6846334263181841 0.032263035672219 0.29350959055506887
3 236 237 491 0.6846334263181841 0.032263035672219 0.29350959055506887
3 811 385 810 0.6846334263181841 0.032263035672219 0.29350959055506887
3 810 384 201 0.6846334263181841 0.032263035672219 0.29350959055506887
3 810 385 384 0.6846334263181841 0.032263035672219 0.29350959055506887
3 270 454 810 0.6846334263181841 0.032263035672219 0.29350959055506887
3 810 454 811 0.6846334263181841 0.032263035672219 0.29350959055506887
3 810 809 270 0.6846334263181841 0.032263035672219 0.29350959055506887
3 810 201 809 0.6846334263181841 0.032263035672219 0.29350959055506887
3 253 252 921 0.6846334263181841 0.032263035672219 0.29350959055506887
3 921 922 253 0.6846334263181841 0.032263035672219 0.29350959055506887
3 921 920 256 0.6846334263181841 0.032263035672219 0.29350959055506887
3 921 252 920 0.6846334263181841 0.032263035672219 0.29350959055506887
3 437 438 929 0.6846334263181841 0.032263035672219 0.29350959055506887
3 929 928 437 0.6846334263181841 0.032263035672219 0.29350959055506887
3 929 438 930 0.6846334263181841 0.032263035672219 0.29350959055506887
3 930 428 929 0.6846334263181841 0.032263035672219 0.29350959055506887
3 428 928 929 0.6846334263181841 0.032263035672219 0.29350959055506887
3 427 581 426 0.6846334263181841 0.032263035672219 0.29350959055506887
3 426 927 427 0.6846334263181841 0.032263035672219 0.29350959055506887
3 581 580 426 0.6846334263181841 0.032263035672219 0.29350959055506887
3 426 580 425 0.6846334263181841 0.032263035672219 0.29350959055506887
3 926 927 426 0.6846334263181841 0.032263035672219 0.29350959055506887
3 426 425 926 0.6846334263181841 0.032263035672219 0.29350959055506887
3 877 822 821 0.6846334263181841 0.032263035672219 0.29350959055506887
3 821 820 877 0.6846334263181841 0.032263035672219 0.29350959055506887
3 600 820 821 0.6846334263181841 0.032263035672219 0.29350959055506887
3 821 687 600 0.6846334263181841 0.032263035672219 0.29350959055506887
3 822 687 821 0.6846334263181841 0.032263035672219 0.29350959055506887
3 677 265 185 0.6846334263181841 0.032263035672219 0.29350959055506887
3 185 265 264 0.6846334263181841 0.032263035672219 0.29350959055506887
3 185 676 677 0.6846334263181841 0.032263035672219 0.29350959055506887
3 185 184 676 0.6846334263181841 0.032263035672219 0.29350959055506887
3 185 264 184 0.6846334263181841 0.032263035672219 0.29350959055506887
3 870 544 543 0.6846334263181841 0.032263035672219 0.29350959055506887
3 542 869 543 0.6846334263181841 0.032263035672219 0.29350959055506887
3 543 869 870 0.6846334263181841 0.032263035672219 0.29350959055506887
3 543 608 542 0.6846334263181841 0.032263035672219 0.29350959055506887
3 717 718 856 0.6846334263181841 0.032263035672219 0.29350959055506887
3 856 855 717 0.6846334263181841 0.032263035672219 0.29350959055506887
3 717 534 799 0.6846334263181841 0.032263035672219 0.29350959055506887
3 799 800 717 0.6846334263181841 0.032263035672219 0.29350959055506887
3 800 718 717 0.6846334263181841 0.032263035672219 0.29350959055506887
3 719 718 801 0.6846334263181841 0.032263035672219 0.29350959055506887
3 858 857 719 0.6846334263181841 0.032263035672219 0.29350959055506887
3 719 857 718 0.6846334263181841 0.032263035672219 0.29350959055506887
3 919 918 860 0.6846334263181841 0.032263035672219 0.29350959055506887
3 939 919 860 0.6846334263181841 0.032263035672219 0.29350959055506887
3 802 671 672 0.6846334263181841 0.032263035672219 0.29350959055506887
3 672 803 802 0.6846334263181841 0.032263035672219 0.29350959055506887
3 801 671 802 0.6846334263181841 0.032263035672219 0.29350959055506887
3 802 719 801 0.6846334263181841 0.032263035672219 0.29350959055506887
3 803 719 802 0.6846334263181841 0.032263035672219 0.29350959055506887
3 918 917 752 0.6846334263181841 0.032263035672219 0.29350959055506887
3 752 857 858 0.6846334263181841 0.032263035672219 0.29350959055506887
3 657 857 752 0.6846334263181841 0.032263035672219 0.29350959055506887
3 796 797 408 0.6846334263181841 0.032263035672219 0.29350959055506887
3 408 407 796 0.6846334263181841 0.032263035672219 0.29350959055506887
3 796 407 795 0.6846334263181841 0.032263035672219 0.29350959055506887
3 796 795 497 0.6846334263181841 0.032263035672219 0.29350959055506887
3 497 498 796 0.6846334263181841 0.032263035672219 0.29350959055506887
3 796 498 797 0.6846334263181841 0.032263035672219 0.29350959055506887
3 650 370 649 0.6846334263181841 0.032263035672219 0.29350959055506887
3 650 649 485 0.6846334263181841 0.032263035672219 0.29350959055506887
3 485 486 650 0.6846334263181841 0.032263035672219 0.29350959055506887
3 650 486 651 0.6846334263181841 0.032263035672219 0.29350959055506887
3 651 371 650 0.6846334263181841 0.032263035672219 0.29350959055506887
3 371 370 650 0.6846334263181841 0.032263035672219 0.29350959055506887
3 532 714 531 0.6846334263181841 0.032263035672219 0.29350959055506887
3 531 407 532 0.6846334263181841 0.032263035672219 0.29350959055506887
3 533 714 532 0.6846334263181841 0.032263035672219 0.29350959055506887
3 532 408 533 0.6846334263181841 0.032263035672219 0.29350959055506887
3 532 407 408 0.6846334263181841 0.032263035672219 0.29350959055506887
3 455 454 607 0.6846334263181841 0.032263035672219 0.29350959055506887
3 607 608 455 0.6846334263181841 0.032263035672219 0.29350959055506887
3 608 456 455 0.6846334263181841 0.032263035672219 0.29350959055506887
3 811 454 455 0.6846334263181841 0.032263035672219 0.29350959055506887
3 455 812 811 0.6846334263181841 0.032263035672219 0.29350959055506887
3 455 456 812 0.6846334263181841 0.032263035672219 0.29350959055506887
3 520 521 761 0.6846334263181841 0.032263035672219 0.29350959055506887
3 521 762 761 0.6846334263181841 0.032263035672219 0.29350959055506887
3 761 760 520 0.6846334263181841 0.032263035672219 0.29350959055506887
3 761 762 509 0.6846334263181841 0.032263035672219 0.29350959055506887
3 509 508 761 0.6846334263181841 0.032263035672219 0.29350959055506887
3 508 760 761 0.6846334263181841 0.032263035672219 0.29350959055506887
3 353 888 555 0.6846334263181841 0.032263035672219 0.29350959055506887
3 888 556 555 0.6846334263181841 0.032263035672219 0.29350959055506887
3 555 554 353 0.6846334263181841 0.032263035672219 0.29350959055506887
3 555 556 728 0.6846334263181841 0.032263035672219 0.29350959055506887
3 728 727 555 0.6846334263181841 0.032263035672219 0.29350959055506887
3 727 554 555 0.6846334263181841 0.032263035672219 0.29350959055506887
3 337 338 775 0.6846334263181841 0.032263035672219 0.29350959055506887
3 774 336 337 0.6846334263181841 0.032263035672219 0.29350959055506887
3 337 775 774 0.6846334263181841 0.032263035672219 0.29350959055506887
3 694 338 337 0.6846334263181841 0.032263035672219 0.29350959055506887
3 568 567 778 0.6846334263181841 0.032263035672219 0.29350959055506887
3 567 777 778 0.6846334263181841 0.032263035672219 0.29350959055506887
3 778 779 568 0.6846334263181841 0.032263035672219 0.29350959055506887
3 777 696 778 0.6846334263181841 0.032263035672219 0.29350959055506887
3 697 779 778 0.6846334263181841 0.032263035672219 0.29350959055506887
3 778 696 697 0.6846334263181841 0.032263035672219 0.29350959055506887
3 493 239 494 0.6846334263181841 0.032263035672219 0.29350959055506887
3 493 324 323 0.6846334263181841 0.032263035672219 0.29350959055506887
3 494 324 493 0.6846334263181841 0.032263035672219 0.29350959055506887
3 661 245 662 0.6846334263181841 0.032263035672219 0.29350959055506887
3 661 244 245 0.6846334263181841 0.032263035672219 0.29350959055506887
3 661 662 240 0.6846334263181841 0.032263035672219 0.29350959055506887
3 240 239 661 0.6846334263181841 0.032263035672219 0.29350959055506887
3 660 659 243 0.6846334263181841 0.032263035672219 0.29350959055506887
3 237 659 660 0.6846334263181841 0.032263035672219 0.29350959055506887
3 243 244 660 0.6846334263181841 0.032263035672219 0.29350959055506887
3 244 661 660 0.6846334263181841 0.032263035672219 0.29350959055506887
3 660 661 239 0.6846334263181841 0.032263035672219 0.29350959055506887
3 321 491 322 0.6846334263181841 0.032263035672219 0.29350959055506887
3 321 790 789 0.6846334263181841 0.032263035672219 0.29350959055506887
3 321 322 790 0.6846334263181841 0.032263035672219 0.29350959055506887
3 321 789 320 0.6846334263181841 0.032263035672219 0.29350959055506887
3 320 490 321 0.6846334263181841 0.032263035672219 0.29350959055506887
3 490 491 321 0.6846334263181841 0.032263035672219 0.29350959055506887
3 258 922 257 0.6846334263181841 0.032263035672219 0.29350959055506887
3 922 921 257 0.6846334263181841 0.032263035672219 0.29350959055506887
3 257 430 258 0.6846334263181841 0.032263035672219 0.29350959055506887
3 257 921 256 0.6846334263181841 0.032263035672219 0.29350959055506887
3 256 429 257 0.6846334263181841 0.032263035672219 0.29350959055506887
3 429 430 257 0.6846334263181841 0.032263035672219 0.29350959055506887
3 608 543 609 0.6846334263181841 0.032263035672219 0.29350959055506887
3 610 457 609 0.6846334263181841 0.032263035672219 0.29350959055506887
3 609 544 610 0.6846334263181841 0.032263035672219 0.29350959055506887
3 609 543 544 0.6846334263181841 0.032263035672219 0.29350959055506887
3 457 456 609 0.6846334263181841 0.032263035672219 0.29350959055506887
3 609 456 608 0.6846334263181841 0.032263035672219 0.29350959055506887
3 716 717 855 0.6846334263181841 0.032263035672219 0.29350959055506887
3 854 715 716 0.6846334263181841 0.032263035672219 0.29350959055506887
3 716 855 854 0.6846334263181841 0.032263035672219 0.29350959055506887
3 716 715 534 0.6846334263181841 0.032263035672219 0.29350959055506887
3 534 717 716 0.6846334263181841 0.032263035672219 0.29350959055506887
3 858 719 859 0.6846334263181841 0.032263035672219 0.29350959055506887
3 859 719 803 0.6846334263181841 0.032263035672219 0.29350959055506887
3 859 860 918 0.6846334263181841 0.032263035672219 0.29350959055506887
3 859 752 858 0.6846334263181841 0.032263035672219 0.29350959055506887
3 918 752 859 0.6846334263181841 0.032263035672219 0.29350959055506887
3 938 823 939 0.6846334263181841 0.032263035672219 0.29350959055506887
3 937 823 938 0.6846334263181841 0.032263035672219 0.29350959055506887
3 805 936 937 0.6846334263181841 0.032263035672219 0.29350959055506887
3 937 938 805 0.6846334263181841 0.032263035672219 0.29350959055506887
3 939 860 805 0.6846334263181841 0.032263035672219 0.29350959055506887
3 805 938 939 0.6846334263181841 0.032263035672219 0.29350959055506887
3 935 936 805 0.6846334263181841 0.032263035672219 0.29350959055506887
3 915 750 751 0.6846334263181841 0.032263035672219 0.29350959055506887
3 751 750 657 0.6846334263181841 0.032263035672219 0.29350959055506887
3 657 752 751 0.6846334263181841 0.032263035672219 0.29350959055506887
3 916 752 917 0.6846334263181841 0.032263035672219 0.29350959055506887
3 916 703 915 0.6846334263181841 0.032263035672219 0.29350959055506887
3 915 751 916 0.6846334263181841 0.032263035672219 0.29350959055506887
3 916 751 752 0.6846334263181841 0.032263035672219 0.29350959055506887
3 786 703 916 0.6846334263181841 0.032263035672219 0.29350959055506887
3 916 787 786 0.6846334263181841 0.032263035672219 0.29350959055506887
3 916 917 787 0.6846334263181841 0.032263035672219 0.29350959055506887
3 694 337 693 0.6846334263181841 0.032263035672219 0.29350959055506887
3 359 360 693 0.6846334263181841 0.032263035672219 0.29350959055506887
3 360 694 693 0.6846334263181841 0.032263035672219 0.29350959055506887
3 693 692 359 0.6846334263181841 0.032263035672219 0.29350959055506887
3 693 336 692 0.6846334263181841 0.032263035672219 0.29350959055506887
3 693 337 336 0.6846334263181841 0.032263035672219 0.29350959055506887
3 237 660 238 0.6846334263181841 0.032263035672219 0.29350959055506887
3 239 493 238 0.6846334263181841 0.032263035672219 0.29350959055506887
3 238 660 239 0.6846334263181841 0.032263035672219 0.29350959055506887
3 860 859 804 0.6846334263181841 0.032263035672219 0.29350959055506887
3 804 805 860 0.6846334263181841 0.032263035672219 0.29350959055506887
3 804 859 803 0.6846334263181841 0.032263035672219 0.29350959055506887
3 804 803 672 0.6846334263181841 0.032263035672219 0.29350959055506887
3 804 672 935 0.6846334263181841 0.032263035672219 0.29350959055506887
3 935 805 804 0.6846334263181841 0.032263035672219 0.29350959055506887
3 492 238 493 0.6846334263181841 0.032263035672219 0.29350959055506887
3 323 322 492 0.6846334263181841 0.032263035672219 0.29350959055506887
3 492 493 323 0.6846334263181841 0.032263035672219 0.29350959055506887
3 322 491 492 0.6846334263181841 0.032263035672219 0.29350959055506887
3 492 491 237 0.6846334263181841 0.032263035672219 0.29350959055506887
3 237 238 492 0.6846334263181841 0.032263035672219 0.29350959055506887
