OFF
1499 2834 0


30.09 35.2892 8.9989
30.09 35.2892 8.9989
30.0613 35.3089 8.8646
30.04 35.3236 8.7674
30.0202 35.3372 8.6795
29.9978 35.3528 8.5826
29.9661 35.375 8.4495
29.9399 35.4278 8.3206
29.9163 35.4733 8.2104
29.8946 35.5136 8.1131
29.874 35.5505 8.0248
29.854 35.5851 7.9427
29.8342 35.6182 7.8643
29.8141 35.6507 7.7879
29.7932 35.6834 7.7116
29.7711 35.7169 7.6339
29.7471 35.7522 7.5528
29.7205 35.79 7.4663
29.6901 35.8318 7.3717
29.6544 35.879 7.2656
29.6112 35.934 7.1433
29.6112 35.934 7.1433
29.6126 36.0503 7.1065
29.6143 36.1608 7.0761
29.6163 36.2664 7.051
29.6186 36.368 7.0307
29.6212 36.4663 7.0146
29.6241 36.5621 7.0022
29.6273 36.6559 6.9934
29.6307 36.7485 6.9878
29.6344 36.8405 6.9852
29.6384 36.9324 6.9856
29.6427 37.0249 6.9891
29.6474 37.1186 6.9956
29.6525 37.2142 7.0053
29.658 37.3125 7.0184
29.6641 37.4143 7.0353
29.6708 37.5205 7.0565
29.6782 37.6321 7.0824
29.6864 37.7504 7.114
29.6864 37.7504 7.114
29.6864 37.7504 7.114
29.7189 37.8678 7.2073
29.7448 37.9655 7.2865
29.7664 38.0499 7.3559
29.7849 38.1248 7.4183
29.8013 38.193 7.4758
29.8162 38.2564 7.5298
29.83 38.3166 7.5813
29.843 38.3747 7.6315
29.8555 38.4317 7.6812
29.8678 38.4887 7.7311
29.88 38.5466 7.7821
29.8925 38.6064 7.8351
29.9053 38.6693 7.8911
29.9187 38.7366 7.9514
29.9331 38.8101 8.0176
29.9489 38.892 8.0918
29.9665 38.9857 8.1772
29.9868 39.0958 8.2781
29.9868 39.0958 8.2781
30.0235 39.0464 8.3848
30.0577 39.0038 8.4884
30.0896 38.9671 8.5892
30.1196 38.9358 8.6874
30.1477 38.9093 8.7832
30.1743 38.887 8.877
30.1995 38.8683 8.9688
30.2234 38.8529 9.0592
30.2464 38.8403 9.1483
30.2685 38.8301 9.2367
30.29 38.8222 9.3247
30.3109 38.8162 9.413
30.3316 38.812 9.5019
30.3521 38.8095 9.5921
30.3726 38.8085 9.6844
30.3933 38.8091 9.7795
30.4144 38.8112 9.8782
30.4362 38.8148 9.9817
30.4588 38.8202 10.0913
30.4825 38.8275 10.2084
30.5078 38.8369 10.3349
30.5078 38.8369 10.3349
30.5073 38.6996 10.3029
30.5066 38.5864 10.2763
30.5057 38.4886 10.2531
30.5046 38.4005 10.2322
30.5034 38.3183 10.2126
30.502 38.2388 10.1934
30.5004 38.1593 10.1742
30.4985 38.077 10.1542
30.4962 37.989 10.1327
30.4932 37.8914 10.1086
30.4893 37.7786 10.0806
30.4837 37.6423 10.0463
30.473 37.516 9.9878
30.4626 37.4004 9.9344
30.4523 37.2935 9.8851
30.4422 37.1938 9.8393
30.4322 37.1 9.7963
30.4222 37.011 9.7557
30.4121 36.9261 9.717
30.4019 36.8443 9.6798
30.3916 36.765 9.6439
30.381 36.6877 9.609
30.3701 36.6118 9.5748
30.3588 36.5369 9.5411
30.3471 36.4623 9.5078
30.3349 36.3877 9.4745
30.322 36.3126 9.4412
30.3084 36.2366 9.4075
30.294 36.1592 9.3734
30.2785 36.0798 9.3385
30.2619 35.9979 9.3027
30.2439 35.9129 9.2657
30.2243 35.824 9.2272
30.2028 35.7306 9.1869
30.1791 35.6316 9.1444
30.1527 35.526 9.0993
30.1233 35.4124 9.051
30.09 35.2892 8.9989
30.4765 38.1605 10.0492
30.4534 38.0902 9.9197
30.4324 38.0266 9.8026
30.478 38.3034 10.0788
30.454 38.2168 9.9421
30.4324 38.1391 9.8194
30.4126 38.0687 9.7085
30.4742 38.0164 10.0187
30.4521 37.9615 9.8962
30.4318 37.9115 9.7847
30.4131 37.8658 9.6828
29.885 38.3671 7.7496
29.9122 38.3059 7.8137
29.9374 38.2477 7.8741
29.9608 38.1922 7.931
29.9826 38.1391 7.9851
29.9085 38.471 7.8461
29.9347 38.3998 7.9058
29.9589 38.3326 7.9618
29.9812 38.2687 8.0144
30.002 38.2078 8.0641
30.3041 38.6909 9.3472
30.2978 38.5771 9.2874
30.2918 38.4731 9.2328
30.2862 38.3776 9.1826
30.2808 38.2896 9.1364
30.3412 38.6804 9.5075
30.3312 38.5639 9.431
30.3219 38.4581 9.3615
30.3133 38.3615 9.2981
30.3052 38.2729 9.2399
30.378 38.675 9.6734
30.3641 38.5548 9.5784
30.3514 38.4464 9.4927
30.3397 38.3481 9.4149
30.3289 38.2585 9.344
30.4159 38.6742 9.8507
30.3978 38.5494 9.7343
30.3814 38.4377 9.6301
30.3664 38.3371 9.5364
30.3527 38.2459 9.4515
30.4784 38.3807 10.0946
30.4541 38.2849 9.9539
30.4321 38.1992 9.828
30.4121 38.1219 9.7147
30.3939 38.052 9.6122
29.8606 38.262 7.6539
29.8889 38.2102 7.7222
29.9152 38.1606 7.7866
29.9397 38.1132 7.8476
29.9627 38.0675 7.9057
29.9841 38.0233 7.9612
29.9328 38.581 7.9499
29.958 38.4984 8.0046
29.981 38.4208 8.0555
30.0023 38.3475 8.1031
30.0219 38.2781 8.1478
30.0401 38.2121 8.19
30.2248 38.7313 9.0271
30.2259 38.6197 8.9976
30.2266 38.5169 8.9704
30.2271 38.4219 8.9451
30.2274 38.3336 8.9216
30.2275 38.2513 8.8996
30.2658 38.7074 9.1883
30.263 38.5952 9.144
30.2604 38.4923 9.1033
30.2577 38.3974 9.0657
30.2551 38.3096 9.0309
30.2525 38.228 8.9985
30.4565 38.6784 10.0467
30.4334 38.5475 9.9047
30.4128 38.4315 9.7789
30.3942 38.3279 9.6666
30.3773 38.2348 9.5657
30.3618 38.1506 9.4745
30.4787 38.4661 10.1119
30.4539 38.3598 9.9666
30.4316 38.265 9.8373
30.4114 38.18 9.7213
30.393 38.1033 9.6167
30.3761 38.0335 9.5216
30.4704 37.8496 9.9827
30.4495 37.8114 9.8678
30.4301 37.7764 9.7627
30.4122 37.7441 9.6659
30.3954 37.7142 9.5765
30.3798 37.6864 9.4936
29.8475 38.2068 7.6045
29.8764 38.1596 7.6748
29.9034 38.1144 7.7412
29.9285 38.0709 7.8043
29.952 38.029 7.8644
29.9741 37.9884 7.9219
29.9948 37.9489 7.9771
29.9596 38.7059 8.0698
29.9836 38.6091 8.1179
30.0055 38.5189 8.1624
30.0255 38.4344 8.2037
30.0438 38.3548 8.2423
30.0607 38.2797 8.2784
30.0762 38.2084 8.3123
30.1801 38.7648 8.8608
30.1852 38.6524 8.8459
30.1897 38.5487 8.832
30.1936 38.4525 8.819
30.1971 38.363 8.8069
30.2 38.2795 8.7954
30.2026 38.2012 8.7846
30.4787 38.5643 10.1315
30.4534 38.4455 9.981
30.4307 38.3401 9.8476
30.4103 38.246 9.7285
30.3918 38.1613 9.6215
30.3749 38.0847 9.5246
30.3593 38.0149 9.4365
30.4008 36.9607 9.6456
30.39 36.9933 9.5781
30.3794 37.024 9.514
30.3692 37.0531 9.453
30.3592 37.0806 9.3948
30.3495 37.1067 9.3392
30.34 37.1315 9.286
30.3825 36.8097 9.58
30.3737 36.8518 9.5192
30.365 36.8916 9.4614
30.3564 36.9295 9.4061
30.348 36.9654 9.3532
30.3397 36.9997 9.3024
30.3316 37.0324 9.2536
30.3632 36.6657 9.5173
30.3564 36.7166 9.4625
30.3496 36.765 9.4102
30.3428 36.8109 9.36
30.336 36.8547 9.3119
30.3291 36.8966 9.2656
30.3223 36.9367 9.2209
30.3425 36.5252 9.4559
30.3378 36.5847 9.4065
30.333 36.6412 9.3592
30.3279 36.695 9.3138
30.3228 36.7463 9.2701
30.3175 36.7954 9.228
30.3121 36.8425 9.1872
30.3199 36.3849 9.3945
30.3174 36.4532 9.35
30.3147 36.518 9.3073
30.3116 36.5796 9.2664
30.3082 36.6384 9.227
30.3046 36.6947 9.1889
30.3007 36.7487 9.152
30.2946 36.2417 9.3315
30.2947 36.3194 9.2917
30.2942 36.393 9.2536
30.2933 36.4627 9.217
30.2919 36.5292 9.1817
30.2901 36.5928 9.1476
30.2878 36.6538 9.1145
30.2658 36.0922 9.2656
30.2688 36.1806 9.2304
30.271 36.2638 9.1968
30.2725 36.3425 9.1645
30.2733 36.4172 9.1334
30.2736 36.4885 9.1033
30.2733 36.5567 9.0741
30.0497 35.4907 8.6869
30.075 35.6282 8.6928
30.0966 35.753 8.6976
30.1154 35.8674 8.7013
30.1317 35.9736 8.7042
30.146 36.0729 8.7063
30.1584 36.1666 8.7078
30.1693 36.2559 8.7087
29.8334 38.1484 7.5528
29.8631 38.1059 7.6252
29.8907 38.0651 7.6938
29.9165 38.0257 7.7589
29.9406 37.9877 7.8211
29.9633 37.9508 7.8806
29.9847 37.9148 7.9379
30.005 37.8795 7.9931
30.0745 38.8728 8.5053
30.0896 38.7527 8.5206
30.1031 38.642 8.5346
30.1152 38.5394 8.5473
30.1262 38.4439 8.5589
30.1361 38.3548 8.5696
30.1451 38.2712 8.5795
30.1532 38.1925 8.5886
30.1304 38.8108 8.6873
30.1401 38.6958 8.6872
30.1488 38.5896 8.6869
30.1565 38.4911 8.6864
30.1635 38.3993 8.6859
30.1697 38.3135 8.6853
30.1753 38.2331 8.6846
30.1803 38.1574 8.6838
30.4274 37.2106 9.7539
30.4133 37.2262 9.6737
30.3999 37.2408 9.5983
30.387 37.2544 9.5271
30.3747 37.2672 9.4597
30.3629 37.2792 9.3959
30.3515 37.2904 9.3351
30.3404 37.301 9.2773
30.4098 37.0402 9.6801
30.3979 37.0676 9.6087
30.3864 37.0934 9.5412
30.3753 37.1176 9.477
30.3646 37.1406 9.416
30.3541 37.1622 9.3578
30.344 37.1828 9.3022
30.3341 37.2024 9.249
30.2322 35.9328 9.195
30.2388 36.0339 9.1645
30.2442 36.1283 9.1354
30.2486 36.217 9.1077
30.252 36.3009 9.0809
30.2547 36.3805 9.055
30.2565 36.4565 9.0298
30.2576 36.5294 9.0052
30.0682 35.4808 8.7685
30.0923 35.6217 8.7687
30.1129 35.7493 8.7682
30.1306 35.8663 8.7672
30.146 35.9746 8.7656
30.1593 36.0759 8.7635
30.1708 36.1713 8.761
30.1809 36.262 8.758
30.1895 36.3488 8.7547
29.8745 35.7341 7.9206
29.9091 35.8375 7.9704
29.9394 35.931 8.0153
29.9661 36.017 8.0562
29.9899 36.0969 8.0939
30.0113 36.1723 8.1293
30.0308 36.244 8.1627
30.0486 36.3131 8.1946
30.065 36.3803 8.2254
29.8368 35.7957 7.7771
29.8741 35.8951 7.8349
29.9066 35.9846 7.8866
29.9351 36.0664 7.9338
29.9606 36.1423 7.9773
29.9836 36.2136 8.018
30.0044 36.2815 8.0565
30.0235 36.3467 8.0934
30.0412 36.4101 8.129
29.9917 38.8595 8.2198
30.0142 38.7437 8.2586
30.0346 38.6367 8.2941
30.053 38.5374 8.3268
30.0697 38.4448 8.357
30.0849 38.3581 8.385
30.0988 38.2766 8.411
30.1115 38.1996 8.4354
30.1232 38.1267 8.4582
30.0438 38.911 8.4108
30.062 38.7871 8.4344
30.0783 38.6731 8.4558
30.0929 38.5677 8.4754
30.1061 38.4697 8.4934
30.1181 38.3784 8.51
30.129 38.2928 8.5253
30.1388 38.2123 8.5395
30.1478 38.1363 8.5527
30.4755 38.0898 10.0343
30.4529 38.0272 9.9083
30.4322 37.9703 9.794
30.4132 37.9185 9.6898
30.3957 37.8709 9.5944
30.3794 37.8271 9.5067
30.3642 37.7866 9.4257
30.35 37.749 9.3506
30.3367 37.7139 9.2807
30.454 37.5081 9.8824
30.4362 37.5008 9.7849
30.4195 37.4938 9.6942
30.4038 37.4872 9.6097
30.3889 37.481 9.5307
30.3749 37.475 9.4566
30.3615 37.4694 9.3868
30.3488 37.4639 9.3211
30.3366 37.4587 9.2589
30.4362 37.3031 9.7939
30.421 37.312 9.7086
30.4065 37.3201 9.6286
30.3927 37.3277 9.5534
30.3796 37.3347 9.4825
30.367 37.3413 9.4155
30.355 37.3474 9.352
30.3434 37.353 9.2917
30.3322 37.3583 9.2343
30.1922 35.7589 9.1175
30.2033 35.8757 9.0921
30.2128 35.9837 9.0681
30.2207 36.0844 9.0451
30.2273 36.1787 9.023
30.2327 36.2678 9.0016
30.2371 36.3524 8.9807
30.2406 36.4332 8.9603
30.2432 36.5107 8.9402
30.1436 35.5648 9.0304
30.1608 35.7022 9.011
30.1753 35.8274 8.9926
30.1877 35.9426 8.9751
30.1982 36.0496 8.9582
30.2071 36.1496 8.9418
30.2145 36.2438 8.9257
30.2207 36.3333 8.9099
30.2258 36.4187 8.8942
29.8929 35.7035 7.9945
29.9265 35.8094 8.0404
29.9557 35.9054 8.0818
29.9816 35.9938 8.1195
30.0046 36.0761 8.1543
30.0253 36.1537 8.1869
30.0441 36.2276 8.2176
30.0613 36.2987 8.2469
30.077 36.3679 8.2751
30.0916 36.4358 8.3025
29.7951 35.8625 7.629
29.8359 35.9591 7.6957
29.8711 36.0454 7.7552
29.9021 36.1238 7.8091
29.9295 36.1962 7.8587
29.9543 36.2639 7.905
29.9767 36.328 7.9487
29.9973 36.3896 7.9906
30.0164 36.4493 8.0312
30.0342 36.5079 8.0709
29.6806 36.88 7.0828
29.7216 36.9154 7.1714
29.7583 36.9475 7.2531
29.7917 36.9769 7.3293
29.8223 37.0042 7.4012
29.8507 37.0298 7.4698
29.8771 37.0539 7.5358
29.902 37.077 7.6
29.9257 37.0992 7.6631
29.9484 37.1207 7.7255
29.8179 38.0854 7.4977
29.8484 38.0477 7.5725
29.8769 38.0115 7.6433
29.9034 37.9765 7.7106
29.9283 37.9425 7.7749
29.9517 37.9094 7.8366
29.9738 37.8771 7.896
29.9947 37.8453 7.9534
30.0145 37.8141 8.009
30.0334 37.7831 8.0633
30.463 37.6236 9.9322
30.4438 37.6062 9.8272
30.4259 37.5901 9.7302
30.4092 37.5751 9.6402
30.3934 37.561 9.5565
30.3786 37.5478 9.4783
30.3645 37.5354 9.405
30.3512 37.5236 9.3363
30.3386 37.5124 9.2715
30.3265 37.5018 9.2104
29.9116 35.6721 8.0721
29.9441 35.781 8.114
29.9725 35.8799 8.1517
29.9975 35.971 8.1861
30.0198 36.0559 8.2177
30.0398 36.136 8.2473
30.0579 36.2122 8.2751
30.0744 36.2856 8.3016
30.0894 36.3569 8.327
30.1033 36.4267 8.3516
30.1161 36.4958 8.3756
29.6738 36.5311 7.1176
29.7191 36.5879 7.2087
29.7587 36.6387 7.2909
29.794 36.6847 7.3661
29.8258 36.7271 7.436
29.8548 36.7667 7.5019
29.8816 36.8041 7.5648
29.9065 36.8398 7.6255
29.9299 36.8743 7.6847
29.9522 36.9079 7.7432
29.9735 36.9412 7.8014
29.6763 36.7073 7.0933
29.7192 36.7528 7.183
29.7572 36.7939 7.2648
29.7915 36.8314 7.3405
29.8226 36.8661 7.4114
29.8512 36.8986 7.4787
29.8778 36.9293 7.5432
29.9027 36.9587 7.6057
29.9262 36.9871 7.667
29.9487 37.0147 7.7275
29.9703 37.042 7.788
29.6867 37.0535 7.085
29.7262 37.0792 7.1731
29.762 37.1026 7.2549
29.7947 37.124 7.3317
29.8249 37.1437 7.4046
29.853 37.1622 7.4744
29.8794 37.1795 7.5419
29.9044 37.196 7.6075
29.9282 37.2117 7.6721
29.951 37.2268 7.736
29.973 37.2414 7.7997
29.6948 37.2321 7.1002
29.7332 37.248 7.1881
29.7682 37.2624 7.2703
29.8005 37.2753 7.3479
29.8304 37.2872 7.4218
29.8584 37.298 7.4927
29.8847 37.308 7.5613
29.9097 37.3173 7.6282
29.9336 37.3259 7.6939
29.9564 37.334 7.7588
29.9785 37.3416 7.8235
29.8005 38.0159 7.438
29.8321 37.9833 7.5154
29.8614 37.9519 7.5886
29.8889 37.9215 7.6583
29.9146 37.8919 7.7248
29.9388 37.863 7.7888
29.9616 37.8346 7.8504
29.9833 37.8067 7.9101
30.0039 37.779 7.968
30.0235 37.7516 8.0246
30.0422 37.7242 8.0799
30.3228 38.685 9.4269
30.3146 38.5699 9.359
30.307 38.4651 9.2971
30.2998 38.3692 9.2404
30.2931 38.2809 9.1882
30.2868 38.1994 9.1401
30.2807 38.1239 9.0954
30.275 38.0537 9.0538
30.2695 37.9881 9.015
30.2642 37.9268 8.9787
30.2592 37.8692 8.9445
30.3967 38.674 9.7602
30.3808 38.5516 9.6549
30.3663 38.4417 9.5604
30.353 38.3423 9.4749
30.3408 38.252 9.3971
30.3294 38.1694 9.3261
30.3189 38.0936 9.2609
30.309 38.0238 9.2008
30.2998 37.9591 9.1452
30.291 37.899 9.0935
30.2828 37.843 9.0454
30.4783 38.6827 10.1549
30.4525 38.5481 9.9979
30.4295 38.4294 9.8596
30.4088 38.3241 9.7367
30.3902 38.2297 9.6268
30.3732 38.1447 9.5278
30.3576 38.0676 9.438
30.3433 37.9974 9.3563
30.33 37.933 9.2814
30.3176 37.8738 9.2125
30.3061 37.819 9.1489
30.0882 35.4707 8.8584
30.111 35.6154 8.8521
30.1304 35.7463 8.8457
30.147 35.8662 8.8391
30.1613 35.977 8.8324
30.1736 36.0804 8.8255
30.1842 36.1776 8.8185
30.1933 36.2698 8.8113
30.201 36.3579 8.8038
30.2075 36.4426 8.7961
30.213 36.5247 8.7881
30.2174 36.6048 8.7798
29.9311 35.6391 8.1555
29.9625 35.7516 8.1931
29.99 35.854 8.2268
30.0142 35.9482 8.2575
30.0357 36.0361 8.2857
30.055 36.1189 8.312
30.0724 36.1978 8.3366
30.0881 36.2736 8.3599
30.1025 36.3472 8.3822
30.1157 36.4192 8.4037
30.1278 36.4903 8.4246
30.1389 36.561 8.4451
29.7446 35.9419 7.4624
29.7903 36.0369 7.5407
29.8295 36.1209 7.6098
29.8637 36.1964 7.672
29.8938 36.2654 7.7289
29.9209 36.3296 7.7818
29.9454 36.3901 7.8317
29.9678 36.4479 7.8793
29.9886 36.5038 7.9253
30.0081 36.5584 7.9704
30.0265 36.6126 8.015
30.0439 36.6668 8.0597
29.6732 36.3472 7.1578
29.7214 36.4171 7.2507
29.7631 36.4788 7.3333
29.7997 36.5344 7.4082
29.8323 36.5852 7.4771
29.8618 36.6324 7.5415
29.8888 36.6768 7.6026
29.9137 36.7191 7.6612
29.9371 36.7599 7.7182
29.9591 36.7997 7.7742
29.9801 36.8391 7.83
30.0003 36.8784 7.886
29.7053 37.4208 7.13
29.7429 37.4262 7.2181
29.7774 37.4307 7.3008
29.8094 37.4344 7.3791
29.8391 37.4374 7.4539
29.867 37.4397 7.5257
29.8933 37.4415 7.5952
29.9183 37.4427 7.6629
29.9421 37.4434 7.7292
29.9649 37.4436 7.7947
29.987 37.4433 7.8597
30.0083 37.4426 7.9246
30.2457 38.7183 9.1082
30.2448 38.6066 9.0713
30.2438 38.5038 9.0374
30.2428 38.409 9.006
30.2416 38.321 8.9768
30.2403 38.2391 8.9497
30.2389 38.1627 8.9242
30.2375 38.0911 8.9004
30.236 38.0239 8.8779
30.2344 37.9606 8.8567
30.2328 37.9008 8.8366
30.2311 37.8442 8.8176
30.4674 37.7475 9.9601
30.4472 37.719 9.8498
30.4285 37.6927 9.7484
30.4111 37.6683 9.6547
30.3948 37.6457 9.5679
30.3794 37.6245 9.4871
30.365 37.6047 9.4117
30.3514 37.5861 9.3412
30.3385 37.5685 9.2749
30.3262 37.552 9.2126
30.3145 37.5363 9.1538
30.3034 37.5214 9.0982
29.9517 35.6037 8.2474
29.9822 35.7206 8.2801
30.0088 35.827 8.3094
30.0321 35.9251 8.3359
30.0528 36.0164 8.3602
30.0713 36.1024 8.3827
30.0879 36.1842 8.4037
30.1029 36.2628 8.4234
30.1165 36.3389 8.4422
30.1289 36.4132 8.4602
30.1402 36.4864 8.4776
30.1505 36.559 8.4945
30.16 36.6318 8.511
29.6748 36.1509 7.2175
29.7266 36.2366 7.3124
29.7706 36.3113 7.3955
29.8088 36.378 7.4699
29.8425 36.4384 7.5376
29.8727 36.4942 7.6004
29.8999 36.5464 7.6595
29.925 36.596 7.7158
29.9482 36.6437 7.7702
29.97 36.6902 7.8235
29.9906 36.736 7.8763
30.0104 36.7818 7.9293
30.0295 36.828 7.983
29.7188 37.6256 7.1773
29.7559 37.6189 7.2659
29.7902 37.6121 7.3492
29.8219 37.605 7.4282
29.8516 37.5977 7.5035
29.8794 37.5901 7.5758
29.9056 37.5822 7.6457
29.9304 37.5741 7.7136
29.9541 37.5656 7.78
29.9768 37.5568 7.8452
29.9986 37.5476 7.9096
30.0196 37.5379 7.9736
30.0401 37.5278 8.0374
29.7804 37.9374 7.3719
29.8133 37.9104 7.4522
29.8438 37.8843 7.5282
29.8723 37.8589 7.6005
29.8991 37.834 7.6696
29.9242 37.8097 7.736
29.9479 37.7857 7.8
29.9704 37.7619 7.8621
29.9918 37.7383 7.9225
30.0123 37.7147 7.9816
30.0318 37.6911 8.0395
30.0506 37.6674 8.0965
30.0688 37.6434 8.1529
29.8968 38.4187 7.7974
29.9235 38.3527 7.8593
29.9482 38.2901 7.9176
29.971 38.2305 7.9724
29.9923 38.1735 8.0244
30.0121 38.1189 8.0737
30.0307 38.0663 8.1206
30.0481 38.0156 8.1655
30.0644 37.9664 8.2086
30.0798 37.9187 8.25
30.0943 37.8721 8.2899
30.108 37.8266 8.3285
30.1209 37.7821 8.3659
29.9457 38.6409 8.0072
29.9703 38.5517 8.0588
29.9929 38.4681 8.1067
30.0135 38.3895 8.1514
30.0325 38.3153 8.1932
30.05 38.2449 8.2325
30.0663 38.178 8.2696
30.0813 38.114 8.3046
30.0953 38.0528 8.3379
30.1083 37.994 8.3695
30.1204 37.9373 8.3997
30.1317 37.8826 8.4286
30.1423 37.8295 8.4563
30.203 38.7466 8.9448
30.2061 38.6349 8.9225
30.2086 38.5318 8.902
30.2108 38.4363 8.8828
30.2126 38.3476 8.865
30.2141 38.2647 8.8482
30.2153 38.1872 8.8325
30.2163 38.1144 8.8176
30.217 38.0459 8.8036
30.2175 37.9811 8.7902
30.2178 37.9199 8.7776
30.218 37.8618 8.7655
30.2179 37.8065 8.7539
29.9993 35.52 8.4725
30.0278 35.6498 8.4925
30.0524 35.7676 8.5101
30.0739 35.8758 8.5257
30.0927 35.9763 8.5396
30.1094 36.0706 8.5523
30.1242 36.1598 8.5637
30.1373 36.2451 8.5742
30.149 36.3272 8.5839
30.1595 36.407 8.5928
30.1688 36.485 8.6011
30.1771 36.562 8.6089
30.1844 36.6384 8.6162
30.1909 36.7149 8.6231
30.156 38.786 8.7751
30.1633 38.6726 8.7675
30.1698 38.5679 8.7603
30.1756 38.4707 8.7536
30.1807 38.3802 8.7472
30.1852 38.2957 8.7411
30.1893 38.2164 8.7353
30.1929 38.1418 8.7297
30.1961 38.0715 8.7244
30.1988 38.005 8.7193
30.2013 37.9419 8.7143
30.2034 37.8819 8.7095
30.2053 37.8247 8.7049
30.2069 37.7701 8.7003
30.373 36.737 9.5484
30.3652 36.7836 9.4907
30.3574 36.8278 9.4357
30.3497 36.8697 9.383
30.3421 36.9097 9.3326
30.3346 36.9478 9.2841
30.327 36.9843 9.2373
30.3195 37.0192 9.1922
30.312 37.0528 9.1485
30.3045 37.085 9.1062
30.297 37.1161 9.0651
30.2895 37.1462 9.0251
30.282 37.1752 8.9861
30.2745 37.2034 8.9481
30.3315 36.4552 9.4253
30.3279 36.5191 9.3784
30.324 36.5797 9.3334
30.32 36.6374 9.2903
30.3157 36.6924 9.2488
30.3112 36.7451 9.2087
30.3065 36.7957 9.1698
30.3016 36.8443 9.1321
30.2966 36.8912 9.0954
30.2913 36.9366 9.0595
30.2859 36.9805 9.0245
30.2802 37.0232 8.9901
30.2744 37.0647 8.9564
30.2683 37.1052 8.9231
30.2807 36.168 9.299
30.2822 36.2508 9.2615
30.283 36.329 9.2256
30.2832 36.4032 9.1912
30.2829 36.4737 9.158
30.2821 36.541 9.1259
30.2808 36.6056 9.0947
30.279 36.6677 9.0643
30.2769 36.7277 9.0346
30.2743 36.7857 9.0054
30.2713 36.8421 8.9767
30.2679 36.897 8.9484
30.2641 36.9506 8.9203
30.2599 37.0032 8.8924
29.6765 36.0464 7.2564
29.7303 36.1414 7.3522
29.7758 36.2237 7.4355
29.8149 36.2967 7.5095
29.8492 36.3627 7.5765
29.8797 36.4233 7.6384
29.9072 36.4799 7.6963
29.9323 36.5335 7.7513
29.9555 36.585 7.8043
29.9771 36.6351 7.8561
29.9976 36.6844 7.9072
30.0171 36.7337 7.9584
30.0359 36.7834 8.0103
30.0542 36.8342 8.0635
30.0722 36.8869 8.1187
29.7565 37.8462 7.2968
29.7911 37.8254 7.3808
29.8232 37.8051 7.4601
29.8531 37.7853 7.5355
29.881 37.7658 7.6075
29.9073 37.7466 7.6766
29.9321 37.7275 7.7433
29.9556 37.7085 7.808
29.978 37.6894 7.8711
29.9993 37.6703 7.9328
30.0198 37.651 7.9935
30.0396 37.6315 8.0534
30.0586 37.6116 8.1128
30.0771 37.5914 8.172
30.095 37.5706 8.2311
30.0111 38.9547 8.3139
30.0327 38.826 8.3462
30.0521 38.708 8.3755
30.0695 38.5991 8.4023
30.0851 38.4981 8.4268
30.0993 38.4041 8.4495
30.1122 38.3161 8.4704
30.1239 38.2335 8.4898
30.1345 38.1556 8.5079
30.1442 38.0819 8.5248
30.1531 38.012 8.5406
30.1612 37.9454 8.5555
30.1686 37.8818 8.5695
30.1754 37.8209 8.5827
30.1816 37.7624 8.5952
30.4358 38.6757 9.9457
30.4153 38.548 9.8172
30.3968 38.4343 9.7027
30.3801 38.3323 9.6001
30.3648 38.2402 9.5075
30.3508 38.1566 9.4234
30.3379 38.0803 9.3467
30.3259 38.0103 9.2763
30.3147 37.9459 9.2116
30.3042 37.8862 9.1517
30.2943 37.8309 9.0961
30.285 37.7793 9.0443
30.2762 37.7312 8.996
30.2678 37.686 8.9506
30.2598 37.6435 8.908
30.4726 37.9375 10.0018
30.451 37.8907 9.8829
30.4311 37.8479 9.7745
30.4128 37.8085 9.675
30.3957 37.7723 9.5834
30.3798 37.7387 9.4988
30.3649 37.7074 9.4202
30.351 37.6783 9.3471
30.3378 37.651 9.2787
30.3253 37.6254 9.2147
30.3135 37.6013 9.1546
30.3022 37.5785 9.098
30.2915 37.557 9.0446
30.2813 37.5366 8.994
30.2715 37.5172 8.9461
30.2131 35.848 9.1572
30.2218 35.9564 9.1292
30.2291 36.0573 9.1026
30.2352 36.1517 9.0772
30.2401 36.2406 9.0527
30.2441 36.3248 9.029
30.2472 36.405 9.0059
30.2494 36.4817 8.9834
30.2509 36.5555 8.9613
30.2517 36.6268 8.9394
30.2518 36.696 8.9177
30.2513 36.7634 8.8962
30.2502 36.8294 8.8746
30.2484 36.8942 8.853
30.2461 36.9582 8.8313
30.3595 38.6771 9.5894
30.3476 38.5589 9.504
30.3367 38.4519 9.4266
30.3265 38.3545 9.3562
30.3171 38.2654 9.2917
30.3083 38.1836 9.2325
30.3 38.108 9.1779
30.2922 38.0381 9.1273
30.2848 37.973 9.0802
30.2778 37.9124 9.0363
30.2712 37.8557 8.9953
30.2648 37.8024 8.9567
30.2587 37.7523 8.9204
30.2528 37.7051 8.8862
30.2471 37.6605 8.8539
30.2417 37.6182 8.8232
30.4186 37.1233 9.7161
30.4056 37.1451 9.6405
30.3932 37.1654 9.5692
30.3812 37.1846 9.5017
30.3697 37.2026 9.4376
30.3586 37.2196 9.3767
30.3478 37.2357 9.3186
30.3373 37.2509 9.2631
30.3272 37.2653 9.21
30.3173 37.279 9.1591
30.3076 37.2921 9.1102
30.2982 37.3045 9.0631
30.2889 37.3164 9.0177
30.2799 37.3277 8.9739
30.271 37.3386 8.9316
30.2622 37.3489 8.8905
30.115 35.4578 8.9821
30.1361 35.6081 8.9662
30.1538 35.7439 8.9512
30.1689 35.8678 8.9367
30.1818 35.982 8.9227
30.1926 36.0882 8.909
30.2019 36.1879 8.8956
30.2096 36.282 8.8822
30.2161 36.3717 8.869
30.2214 36.4577 8.8557
30.2256 36.5406 8.8423
30.2288 36.6212 8.8288
30.2311 36.6999 8.8151
30.2325 36.7773 8.801
30.233 36.8539 8.7866
30.2327 36.93 8.7717
30.115 35.4578 8.9821
30.1361 35.6081 8.9662
30.1538 35.7439 8.9512
30.1689 35.8678 8.9367
30.1818 35.982 8.9227
30.1926 36.0882 8.909
30.2019 36.1879 8.8956
30.2096 36.282 8.8822
30.2161 36.3717 8.869
30.2214 36.4577 8.8557
30.2256 36.5406 8.8423
30.2288 36.6212 8.8288
30.2311 36.6999 8.8151
30.2325 36.7773 8.801
30.233 36.8539 8.7866
30.2327 36.93 8.7717
30.2316 37.0061 8.7563
29.8167 35.828 7.7045
29.8556 35.9259 7.7664
29.8894 36.0137 7.8219
29.919 36.0938 7.8723
29.9455 36.1678 7.9188
29.9692 36.2373 7.9622
29.9909 36.3033 8.0033
30.0107 36.3667 8.0426
30.029 36.4283 8.0807
30.0461 36.4887 8.118
30.0622 36.5487 8.1548
30.0775 36.6089 8.1916
30.092 36.6698 8.2287
30.106 36.7322 8.2666
30.1195 36.7967 8.3056
30.1327 36.8641 8.3463
30.1457 36.9354 8.3891
29.6834 36.9664 7.0823
29.7236 36.997 7.1706
29.7598 37.0247 7.2523
29.7929 37.0501 7.3289
29.8232 37.0737 7.4012
29.8515 37.0957 7.4704
29.8779 37.1165 7.5372
29.9029 37.1363 7.6022
29.9266 37.1553 7.666
29.9493 37.1737 7.7292
29.9713 37.1916 7.7923
29.9926 37.2092 7.8558
30.0135 37.2266 7.9203
30.0342 37.244 7.9863
30.0547 37.2616 8.0544
30.0753 37.2794 8.1253
30.0962 37.2976 8.1999
29.9205 38.5248 7.8966
29.9462 38.4481 7.9539
29.9698 38.3759 8.0075
29.9916 38.3075 8.0577
30.0118 38.2425 8.1051
30.0305 38.1804 8.1498
30.048 38.1211 8.1922
30.0642 38.0641 8.2325
30.0794 38.0092 8.271
30.0937 37.9561 8.3079
30.107 37.9046 8.3432
30.1196 37.8547 8.3772
30.1314 37.806 8.41
30.1425 37.7584 8.4417
30.153 37.7118 8.4724
30.1629 37.6661 8.5023
30.1723 37.6211 8.5313
30.3531 36.5952 9.4865
30.3473 36.6505 9.4345
30.3415 36.7029 9.3847
30.3355 36.7528 9.337
30.3295 36.8004 9.2911
30.3235 36.8459 9.2469
30.3173 36.8895 9.2042
30.3111 36.9314 9.1628
30.3047 36.9717 9.1226
30.2983 37.0107 9.0836
30.2918 37.0483 9.0455
30.2852 37.0847 9.0083
30.2785 37.1201 8.9719
30.2716 37.1545 8.9362
30.2647 37.188 8.9011
30.2576 37.2206 8.8666
30.2504 37.2525 8.8325
29.9742 35.5645 8.3513
30.0037 35.6871 8.3783
30.0293 35.7985 8.4024
30.0518 35.9011 8.424
30.0716 35.9965 8.4437
30.0893 36.0863 8.4617
30.105 36.1715 8.4784
30.1192 36.2532 8.494
30.1319 36.3321 8.5087
30.1434 36.409 8.5226
30.1538 36.4845 8.5358
30.1631 36.5592 8.5485
30.1716 36.6337 8.5608
30.1792 36.7087 8.5728
30.186 36.7845 8.5845
30.1921 36.862 8.5961
30.1974 36.9416 8.6076
30.2019 37.0242 8.6192
29.7135 35.9898 7.3661
29.7628 36.0847 7.4521
29.8047 36.1677 7.5275
29.841 36.2419 7.595
29.873 36.3094 7.6565
29.9016 36.3718 7.7134
29.9274 36.4304 7.7669
29.9511 36.4862 7.8179
29.9729 36.54 7.8672
29.9934 36.5925 7.9154
30.0127 36.6443 7.9631
30.0311 36.6962 8.0108
30.0489 36.7487 8.0592
30.0661 36.8024 8.1088
30.0831 36.8581 8.1603
30.0999 36.9166 8.2145
30.1168 36.9788 8.2722
30.134 37.046 8.3345
29.6732 36.4404 7.1355
29.7199 36.5034 7.2275
29.7605 36.5595 7.3099
29.7965 36.6102 7.3849
29.8287 36.6567 7.4544
29.8579 36.6999 7.5195
29.8847 36.7407 7.5815
29.9096 36.7797 7.6412
29.933 36.8173 7.6993
29.9551 36.854 7.7566
29.9763 36.8903 7.8137
29.9968 36.9265 7.8711
30.0167 36.9631 7.9296
30.0363 37.0003 7.9899
30.0558 37.0388 8.0526
30.0755 37.079 8.1186
30.0955 37.1215 8.189
30.116 37.1671 8.265
29.6782 36.7938 7.0864
29.7201 36.8342 7.1755
29.7575 36.8707 7.2573
29.7912 36.9042 7.3332
29.8221 36.9351 7.4046
29.8506 36.9642 7.4725
29.8771 36.9916 7.5378
29.902 37.0178 7.6012
29.9256 37.0432 7.6634
29.9482 37.0678 7.7249
29.9699 37.092 7.7863
29.9911 37.116 7.8483
30.0118 37.14 7.9113
30.0322 37.1642 7.976
30.0526 37.1889 8.0431
30.073 37.2143 8.1132
30.0938 37.2407 8.1874
30.1152 37.2685 8.2667
29.6998 37.3248 7.1131
29.7377 37.3356 7.2011
29.7724 37.3452 7.2836
29.8045 37.3537 7.3615
29.8343 37.3612 7.4358
29.8623 37.368 7.5072
29.8886 37.374 7.5763
29.9136 37.3794 7.6437
29.9374 37.3842 7.7098
29.9603 37.3884 7.7751
29.9824 37.3922 7.84
30.0038 37.3955 7.905
30.0247 37.3983 7.9705
30.0453 37.4008 8.0369
30.0656 37.4027 8.1046
30.0858 37.4043 8.1743
30.106 37.4054 8.2462
30.1263 37.4061 8.3212
29.7269 37.7365 7.2091
29.764 37.7228 7.298
29.7982 37.7094 7.3815
29.8299 37.696 7.4607
29.8595 37.6828 7.5362
29.8872 37.6695 7.6085
29.9133 37.6561 7.6783
29.9381 37.6426 7.746
29.9616 37.629 7.8119
29.9841 37.6151 7.8766
30.0057 37.6009 7.9403
30.0265 37.5863 8.0033
30.0466 37.5714 8.066
30.0662 37.5559 8.1286
30.0852 37.5399 8.1916
30.1039 37.5232 8.255
30.1222 37.5058 8.3194
30.1403 37.4875 8.385
30.1033 38.8396 8.5975
30.1156 38.7224 8.6049
30.1266 38.6142 8.6116
30.1364 38.5139 8.6177
30.1453 38.4205 8.6231
30.1533 38.3332 8.6281
30.1605 38.2513 8.6326
30.1671 38.1742 8.6367
30.173 38.1015 8.6405
30.1783 38.0326 8.6439
30.1831 37.9672 8.647
30.1875 37.9049 8.6499
30.1914 37.8455 8.6525
30.195 37.7887 8.6548
30.1981 37.7342 8.657
30.201 37.6819 8.659
30.2035 37.6315 8.6608
30.2057 37.5828 8.6624
30.2497 36.014 9.231
30.2544 36.1084 9.1981
30.2581 36.197 9.1668
30.261 36.2805 9.1367
30.2631 36.3597 9.1077
30.2645 36.435 9.0797
30.2652 36.5071 9.0525
30.2653 36.5763 9.0259
30.2648 36.643 8.9998
30.2638 36.7075 8.9742
30.2623 36.7702 8.9489
30.2602 36.8313 8.9238
30.2577 36.8911 8.8989
30.2547 36.9497 8.874
30.2511 37.0075 8.8491
30.2471 37.0646 8.8241
30.2426 37.1212 8.799
30.2376 37.1775 8.7735
29.9748 38.7779 8.1398
29.9981 38.6724 8.1837
30.0193 38.5745 8.2241
30.0385 38.4832 8.2616
30.0561 38.3976 8.2963
30.0722 38.3171 8.3287
30.087 38.241 8.359
30.1005 38.1689 8.3874
30.1131 38.1003 8.4142
30.1246 38.0349 8.4395
30.1353 37.9723 8.4635
30.1452 37.9121 8.4862
30.1544 37.8543 8.5079
30.1629 37.7984 8.5285
30.1707 37.7444 8.5483
30.1781 37.692 8.5673
30.1848 37.6411 8.5855
30.1911 37.5914 8.603
30.197 37.543 8.6199
30.4773 38.231 10.0639
30.4538 38.1527 9.9308
30.4325 38.0822 9.811
30.413 38.0182 9.7024
30.3951 37.9599 9.6035
30.3785 37.9065 9.513
30.3632 37.8574 9.4298
30.3488 37.8119 9.3529
30.3355 37.7698 9.2818
30.3229 37.7306 9.2155
30.311 37.6939 9.1538
30.2998 37.6596 9.096
30.2892 37.6273 9.0417
30.2791 37.5969 8.9907
30.2695 37.5682 8.9426
30.2603 37.541 8.897
30.2515 37.5153 8.8539
30.243 37.4907 8.813
30.2348 37.4674 8.774
30.3918 36.884 9.6123
30.3819 36.9215 9.5483
30.3723 36.9569 9.4874
30.3629 36.9905 9.4294
30.3537 37.0223 9.3739
30.3447 37.0526 9.3208
30.3359 37.0815 9.2698
30.3272 37.109 9.2208
30.3186 37.1354 9.1735
30.3101 37.1607 9.1278
30.3017 37.1849 9.0837
30.2934 37.2083 9.0409
30.2851 37.2308 8.9994
30.2769 37.2524 8.959
30.2687 37.2734 8.9196
30.2606 37.2936 8.8813
30.2525 37.3133 8.8438
30.2444 37.3323 8.8072
30.2363 37.3508 8.7713
29.7714 35.9 7.5491
29.8144 35.9957 7.6211
29.8514 36.0807 7.685
29.8838 36.1576 7.7428
29.9125 36.2283 7.7958
29.9383 36.2942 7.8452
29.9617 36.3566 7.8919
29.9831 36.4163 7.9365
30.003 36.4741 7.9797
30.0216 36.5308 8.022
30.0391 36.587 8.0639
30.0558 36.6433 8.1058
30.0718 36.7004 8.1482
30.0873 36.7589 8.1916
30.1024 36.8195 8.2366
30.1173 36.8831 8.2836
30.1321 36.9506 8.3336
30.1471 37.0232 8.3872
30.1623 37.1024 8.4457
30.178 37.1903 8.5105
29.6748 36.6199 7.1036
29.7188 36.6709 7.194
29.7577 36.7167 7.2759
29.7924 36.7584 7.3514
29.8238 36.7969 7.4218
29.8526 36.8328 7.4884
29.8793 36.8669 7.5521
29.9042 36.8994 7.6137
29.9277 36.9308 7.674
29.95 36.9615 7.7336
29.9715 36.9917 7.793
29.9923 37.0219 7.8529
30.0127 37.0522 7.9139
30.0328 37.083 7.9767
30.0528 37.1146 8.0419
30.073 37.1474 8.1104
30.0935 37.1819 8.1832
30.1146 37.2186 8.2615
30.1366 37.258 8.3468
30.1598 37.3012 8.441
29.7116 37.5207 7.1512
29.749 37.5204 7.2395
29.7833 37.5194 7.3225
29.8151 37.518 7.4012
29.8448 37.516 7.4763
29.8727 37.5136 7.5484
29.8989 37.5108 7.6182
29.9239 37.5075 7.6861
29.9476 37.5038 7.7525
29.9704 37.4997 7.818
29.9923 37.4951 7.8828
30.0136 37.49 7.9474
30.0342 37.4845 8.0121
30.0544 37.4784 8.0773
30.0743 37.4717 8.1433
30.0939 37.4645 8.2105
30.1133 37.4565 8.2795
30.1327 37.4478 8.3505
30.1521 37.4383 8.4242
30.1717 37.4277 8.5011
30.445 37.4018 9.8366
30.4286 37.4031 9.7455
30.413 37.4042 9.6605
30.3983 37.4051 9.5809
30.3843 37.4058 9.5061
30.371 37.4064 9.4357
30.3583 37.4068 9.3692
30.3461 37.4072 9.3062
30.3345 37.4074 9.2465
30.3232 37.4075 9.1898
30.3124 37.4076 9.1357
30.302 37.4075 9.0841
30.2918 37.4074 9.0348
30.282 37.4072 8.9875
30.2725 37.4069 8.9421
30.2632 37.4066 8.8986
30.2542 37.4062 8.8566
30.2454 37.4057 8.8162
30.2368 37.4052 8.7771
30.2284 37.4046 8.7394
30.1692 35.6648 9.0753
30.1831 35.7912 9.0528
30.1949 35.9072 9.0315
30.2049 36.0147 9.0111
30.2133 36.1151 8.9915
30.2204 36.2094 8.9726
30.2263 36.2987 8.954
30.231 36.3837 8.9359
30.2348 36.4651 8.9179
30.2377 36.5435 8.9002
30.2397 36.6194 8.8825
30.2409 36.6933 8.8647
30.2414 36.7656 8.8469
30.2411 36.8367 8.8289
30.2401 36.9069 8.8106
30.2384 36.9766 8.7919
30.2359 37.0462 8.7729
30.2328 37.1159 8.7533
30.2288 37.1861 8.733
30.2241 37.2571 8.7121
29.8559 35.7646 7.8487
29.8918 35.8658 7.9024
29.9231 35.9572 7.9507
29.9507 36.041 7.9947
29.9753 36.1189 8.0353
29.9975 36.1921 8.0733
30.0176 36.2619 8.1093
30.0361 36.329 8.1437
30.0531 36.3943 8.177
30.0689 36.4584 8.2095
30.0837 36.522 8.2414
30.0976 36.5856 8.2733
30.1108 36.65 8.3053
30.1234 36.7157 8.3377
30.1354 36.7835 8.3709
30.147 36.854 8.4053
30.1583 36.9283 8.4413
30.1693 37.0073 8.4794
30.18 37.0924 8.5202
30.1907 37.1852 8.5644
30.2013 37.2879 8.613
29.6737 36.2509 7.1849
29.7236 36.3283 7.2788
29.7664 36.3962 7.3617
29.8038 36.4571 7.4363
29.8369 36.5125 7.5047
29.8667 36.5638 7.5683
29.8938 36.612 7.6284
29.9188 36.6578 7.6859
29.9421 36.702 7.7417
29.964 36.7451 7.7964
29.9848 36.7876 7.8507
30.0048 36.8301 7.9053
30.0242 36.873 7.9608
30.0433 36.9169 8.0178
30.0621 36.9624 8.0772
30.081 37.01 8.1398
30.1002 37.0605 8.2067
30.1199 37.115 8.2791
30.1405 37.1746 8.3587
30.1623 37.2409 8.4478
30.1859 37.3161 8.5493
29.6905 37.1419 7.0909
29.7294 37.1628 7.1789
29.7647 37.1816 7.2609
29.7972 37.1989 7.3381
29.8273 37.2148 7.4114
29.8553 37.2295 7.4818
29.8817 37.2433 7.5498
29.9067 37.2563 7.6162
29.9305 37.2685 7.6813
29.9533 37.2802 7.7458
29.9754 37.2914 7.8101
29.9969 37.3021 7.8747
30.0179 37.3126 7.9401
30.0386 37.3228 8.0067
30.0591 37.3328 8.0751
30.0796 37.3426 8.1458
30.1003 37.3524 8.2197
30.1212 37.3623 8.2973
30.1426 37.3722 8.3797
30.1647 37.3823 8.4678
30.1878 37.3926 8.5632
29.873 38.3151 7.7021
29.9008 38.2586 7.7682
29.9265 38.2048 7.8306
29.9505 38.1533 7.8897
29.9728 38.1039 7.9457
29.9937 38.0563 7.9992
30.0134 38.0102 8.0503
30.0318 37.9655 8.0994
30.0493 37.922 8.1467
30.0657 37.8794 8.1923
30.0813 37.8378 8.2366
30.0961 37.7968 8.2795
30.1102 37.7565 8.3213
30.1236 37.7167 8.3622
30.1364 37.6773 8.4022
30.1486 37.6381 8.4414
30.1603 37.5991 8.48
30.1715 37.5602 8.5182
30.1822 37.5212 8.5559
30.1926 37.4822 8.5932
30.2025 37.4429 8.6304
30.2852 38.6983 9.2678
30.2807 38.5855 9.2159
30.2763 38.4821 9.1683
30.2722 38.387 9.1245
30.2682 38.2991 9.084
30.2643 38.2177 9.0464
30.2606 38.1419 9.0114
30.2569 38.0712 8.9787
30.2534 38.0049 8.948
30.2499 37.9427 8.9192
30.2465 37.8841 8.892
30.2431 37.8288 8.8663
30.2399 37.7765 8.842
30.2366 37.7269 8.8189
30.2335 37.6797 8.7969
30.2303 37.6348 8.7759
30.2272 37.592 8.7559
30.2241 37.551 8.7367
30.2211 37.5118 8.7184
30.218 37.4742 8.7007
30.215 37.4381 8.6838
30.3076 36.3139 9.3633
30.3064 36.3868 9.3211
30.3047 36.4558 9.2808
30.3027 36.5215 9.242
30.3003 36.5841 9.2047
30.2975 36.644 9.1686
30.2945 36.7014 9.1336
30.2911 36.7568 9.0995
30.2874 36.8101 9.0662
30.2834 36.8618 9.0337
30.2791 36.912 9.0017
30.2745 36.9608 8.9703
30.2696 37.0084 8.9393
30.2645 37.0549 8.9087
30.259 37.1005 8.8783
30.2533 37.1453 8.8481
30.2472 37.1894 8.8181
30.2408 37.2329 8.7881
30.2342 37.276 8.7581
30.2271 37.3187 8.728
30.2198 37.3611 8.6978
30.0289 35.5024 8.5967
30.0554 35.6365 8.6087
30.0783 35.7582 8.619
30.0982 35.8699 8.6278
30.1156 35.9737 8.6355
30.1308 36.0708 8.6421
30.1443 36.1627 8.6479
30.1561 36.2503 8.6529
30.1665 36.3345 8.6572
30.1757 36.4161 8.6609
30.1838 36.4957 8.6641
30.1908 36.5739 8.6668
30.1969 36.6512 8.6689
30.2021 36.7283 8.6706
30.2064 36.8056 8.6719
30.2099 36.8837 8.6727
30.2125 36.9631 8.6731
30.2143 37.0444 8.673
30.2152 37.1283 8.6724
30.2151 37.2155 8.6713
30.2141 37.3068 8.6697
30.212 37.4033 8.6674
30.212 37.4033 8.6674
3 86 162 87 0.142066123198767 0.7104820971847887 0.8222536674843427
3 119 2 0 0.142066123198767 0.7104820971847887 0.8222536674843427
3 119 948 581 0.142066123198767 0.7104820971847887 0.8222536674843427
3 581 2 119 0.142066123198767 0.7104820971847887 0.8222536674843427
3 81 80 83 0.142066123198767 0.7104820971847887 0.8222536674843427
3 85 84 230 0.142066123198767 0.7104820971847887 0.8222536674843427
3 605 19 18 0.142066123198767 0.7104820971847887 0.8222536674843427
3 704 537 43 0.142066123198767 0.7104820971847887 0.8222536674843427
3 167 48 47 0.142066123198767 0.7104820971847887 0.8222536674843427
3 92 91 886 0.142066123198767 0.7104820971847887 0.8222536674843427
3 3 2 581 0.142066123198767 0.7104820971847887 0.8222536674843427
3 581 948 423 0.142066123198767 0.7104820971847887 0.8222536674843427
3 147 74 73 0.142066123198767 0.7104820971847887 0.8222536674843427
3 871 78 77 0.142066123198767 0.7104820971847887 0.8222536674843427
3 570 83 80 0.142066123198767 0.7104820971847887 0.8222536674843427
3 230 84 570 0.142066123198767 0.7104820971847887 0.8222536674843427
3 84 83 570 0.142066123198767 0.7104820971847887 0.8222536674843427
3 107 106 258 0.142066123198767 0.7104820971847887 0.8222536674843427
3 20 826 22 0.142066123198767 0.7104820971847887 0.8222536674843427
3 286 5 4 0.142066123198767 0.7104820971847887 0.8222536674843427
3 19 605 1067 0.142066123198767 0.7104820971847887 0.8222536674843427
3 1067 826 20 0.142066123198767 0.7104820971847887 0.8222536674843427
3 20 19 1067 0.142066123198767 0.7104820971847887 0.8222536674843427
3 18 17 1250 0.142066123198767 0.7104820971847887 0.8222536674843427
3 1250 605 18 0.142066123198767 0.7104820971847887 0.8222536674843427
3 44 43 537 0.142066123198767 0.7104820971847887 0.8222536674843427
3 704 43 42 0.142066123198767 0.7104820971847887 0.8222536674843427
3 462 294 45 0.142066123198767 0.7104820971847887 0.8222536674843427
3 45 44 462 0.142066123198767 0.7104820971847887 0.8222536674843427
3 462 44 537 0.142066123198767 0.7104820971847887 0.8222536674843427
3 294 462 295 0.142066123198767 0.7104820971847887 0.8222536674843427
3 294 295 210 0.142066123198767 0.7104820971847887 0.8222536674843427
3 50 49 132 0.142066123198767 0.7104820971847887 0.8222536674843427
3 45 294 46 0.142066123198767 0.7104820971847887 0.8222536674843427
3 57 56 369 0.142066123198767 0.7104820971847887 0.8222536674843427
3 369 856 57 0.142066123198767 0.7104820971847887 0.8222536674843427
3 856 62 61 0.142066123198767 0.7104820971847887 0.8222536674843427
3 128 91 90 0.142066123198767 0.7104820971847887 0.8222536674843427
3 128 886 91 0.142066123198767 0.7104820971847887 0.8222536674843427
3 162 86 197 0.142066123198767 0.7104820971847887 0.8222536674843427
3 197 231 162 0.142066123198767 0.7104820971847887 0.8222536674843427
3 86 85 197 0.142066123198767 0.7104820971847887 0.8222536674843427
3 197 85 230 0.142066123198767 0.7104820971847887 0.8222536674843427
3 142 73 72 0.142066123198767 0.7104820971847887 0.8222536674843427
3 948 119 118 0.142066123198767 0.7104820971847887 0.8222536674843427
3 118 423 948 0.142066123198767 0.7104820971847887 0.8222536674843427
3 967 425 415 0.142066123198767 0.7104820971847887 0.8222536674843427
3 901 114 415 0.142066123198767 0.7104820971847887 0.8222536674843427
3 901 115 114 0.142066123198767 0.7104820971847887 0.8222536674843427
3 415 425 901 0.142066123198767 0.7104820971847887 0.8222536674843427
3 75 74 916 0.142066123198767 0.7104820971847887 0.8222536674843427
3 916 152 75 0.142066123198767 0.7104820971847887 0.8222536674843427
3 916 74 147 0.142066123198767 0.7104820971847887 0.8222536674843427
3 75 152 76 0.142066123198767 0.7104820971847887 0.8222536674843427
3 76 152 559 0.142066123198767 0.7104820971847887 0.8222536674843427
3 871 77 157 0.142066123198767 0.7104820971847887 0.8222536674843427
3 157 192 871 0.142066123198767 0.7104820971847887 0.8222536674843427
3 157 76 559 0.142066123198767 0.7104820971847887 0.8222536674843427
3 77 76 157 0.142066123198767 0.7104820971847887 0.8222536674843427
3 191 78 871 0.142066123198767 0.7104820971847887 0.8222536674843427
3 230 570 191 0.142066123198767 0.7104820971847887 0.8222536674843427
3 415 114 334 0.142066123198767 0.7104820971847887 0.8222536674843427
3 114 113 334 0.142066123198767 0.7104820971847887 0.8222536674843427
3 334 113 902 0.142066123198767 0.7104820971847887 0.8222536674843427
3 1034 261 1033 0.142066123198767 0.7104820971847887 0.8222536674843427
3 259 258 106 0.142066123198767 0.7104820971847887 0.8222536674843427
3 1033 105 251 0.142066123198767 0.7104820971847887 0.8222536674843427
3 251 105 104 0.142066123198767 0.7104820971847887 0.8222536674843427
3 251 104 252 0.142066123198767 0.7104820971847887 0.8222536674843427
3 251 1034 1033 0.142066123198767 0.7104820971847887 0.8222536674843427
3 252 1034 251 0.142066123198767 0.7104820971847887 0.8222536674843427
3 687 686 835 0.142066123198767 0.7104820971847887 0.8222536674843427
3 1088 1089 496 0.142066123198767 0.7104820971847887 0.8222536674843427
3 685 1378 1377 0.142066123198767 0.7104820971847887 0.8222536674843427
3 686 1378 685 0.142066123198767 0.7104820971847887 0.8222536674843427
3 1482 291 292 0.142066123198767 0.7104820971847887 0.8222536674843427
3 292 1483 1482 0.142066123198767 0.7104820971847887 0.8222536674843427
3 614 1075 613 0.142066123198767 0.7104820971847887 0.8222536674843427
3 1076 1075 614 0.142066123198767 0.7104820971847887 0.8222536674843427
3 1259 614 613 0.142066123198767 0.7104820971847887 0.8222536674843427
3 763 1482 1483 0.142066123198767 0.7104820971847887 0.8222536674843427
3 1076 614 615 0.142066123198767 0.7104820971847887 0.8222536674843427
3 1216 390 389 0.142066123198767 0.7104820971847887 0.8222536674843427
3 389 390 130 0.142066123198767 0.7104820971847887 0.8222536674843427
3 653 94 93 0.142066123198767 0.7104820971847887 0.8222536674843427
3 504 1103 29 0.142066123198767 0.7104820971847887 0.8222536674843427
3 29 28 504 0.142066123198767 0.7104820971847887 0.8222536674843427
3 453 998 452 0.142066123198767 0.7104820971847887 0.8222536674843427
3 1104 453 452 0.142066123198767 0.7104820971847887 0.8222536674843427
3 452 1103 1104 0.142066123198767 0.7104820971847887 0.8222536674843427
3 493 27 26 0.142066123198767 0.7104820971847887 0.8222536674843427
3 1270 494 1271 0.142066123198767 0.7104820971847887 0.8222536674843427
3 1271 504 1270 0.142066123198767 0.7104820971847887 0.8222536674843427
3 1270 504 28 0.142066123198767 0.7104820971847887 0.8222536674843427
3 1270 28 27 0.142066123198767 0.7104820971847887 0.8222536674843427
3 27 493 1270 0.142066123198767 0.7104820971847887 0.8222536674843427
3 1270 493 494 0.142066123198767 0.7104820971847887 0.8222536674843427
3 1054 1053 761 0.142066123198767 0.7104820971847887 0.8222536674843427
3 669 1053 1054 0.142066123198767 0.7104820971847887 0.8222536674843427
3 1352 362 361 0.142066123198767 0.7104820971847887 0.8222536674843427
3 1353 362 1352 0.142066123198767 0.7104820971847887 0.8222536674843427
3 342 286 4 0.142066123198767 0.7104820971847887 0.8222536674843427
3 342 3 581 0.142066123198767 0.7104820971847887 0.8222536674843427
3 4 3 342 0.142066123198767 0.7104820971847887 0.8222536674843427
3 983 984 444 0.142066123198767 0.7104820971847887 0.8222536674843427
3 983 444 443 0.142066123198767 0.7104820971847887 0.8222536674843427
3 442 443 1250 0.142066123198767 0.7104820971847887 0.8222536674843427
3 17 16 442 0.142066123198767 0.7104820971847887 0.8222536674843427
3 442 1250 17 0.142066123198767 0.7104820971847887 0.8222536674843427
3 1252 444 445 0.142066123198767 0.7104820971847887 0.8222536674843427
3 445 444 984 0.142066123198767 0.7104820971847887 0.8222536674843427
3 363 984 983 0.142066123198767 0.7104820971847887 0.8222536674843427
3 363 362 1353 0.142066123198767 0.7104820971847887 0.8222536674843427
3 983 362 363 0.142066123198767 0.7104820971847887 0.8222536674843427
3 1353 1354 363 0.142066123198767 0.7104820971847887 0.8222536674843427
3 984 363 364 0.142066123198767 0.7104820971847887 0.8222536674843427
3 364 363 1354 0.142066123198767 0.7104820971847887 0.8222536674843427
3 621 1089 1088 0.142066123198767 0.7104820971847887 0.8222536674843427
3 613 1075 1074 0.142066123198767 0.7104820971847887 0.8222536674843427
3 1251 444 1252 0.142066123198767 0.7104820971847887 0.8222536674843427
3 1251 443 444 0.142066123198767 0.7104820971847887 0.8222536674843427
3 605 1250 1251 0.142066123198767 0.7104820971847887 0.8222536674843427
3 1250 443 1251 0.142066123198767 0.7104820971847887 0.8222536674843427
3 826 827 678 0.142066123198767 0.7104820971847887 0.8222536674843427
3 23 22 678 0.142066123198767 0.7104820971847887 0.8222536674843427
3 678 22 826 0.142066123198767 0.7104820971847887 0.8222536674843427
3 826 1067 1068 0.142066123198767 0.7104820971847887 0.8222536674843427
3 1068 827 826 0.142066123198767 0.7104820971847887 0.8222536674843427
3 463 462 537 0.142066123198767 0.7104820971847887 0.8222536674843427
3 296 295 463 0.142066123198767 0.7104820971847887 0.8222536674843427
3 463 295 462 0.142066123198767 0.7104820971847887 0.8222536674843427
3 294 210 209 0.142066123198767 0.7104820971847887 0.8222536674843427
3 167 47 209 0.142066123198767 0.7104820971847887 0.8222536674843427
3 209 46 294 0.142066123198767 0.7104820971847887 0.8222536674843427
3 47 46 209 0.142066123198767 0.7104820971847887 0.8222536674843427
3 168 210 169 0.142066123198767 0.7104820971847887 0.8222536674843427
3 167 209 168 0.142066123198767 0.7104820971847887 0.8222536674843427
3 168 209 210 0.142066123198767 0.7104820971847887 0.8222536674843427
3 1413 49 48 0.142066123198767 0.7104820971847887 0.8222536674843427
3 1413 132 49 0.142066123198767 0.7104820971847887 0.8222536674843427
3 1413 48 167 0.142066123198767 0.7104820971847887 0.8222536674843427
3 1413 133 132 0.142066123198767 0.7104820971847887 0.8222536674843427
3 58 57 856 0.142066123198767 0.7104820971847887 0.8222536674843427
3 58 61 59 0.142066123198767 0.7104820971847887 0.8222536674843427
3 856 61 58 0.142066123198767 0.7104820971847887 0.8222536674843427
3 886 128 129 0.142066123198767 0.7104820971847887 0.8222536674843427
3 389 130 129 0.142066123198767 0.7104820971847887 0.8222536674843427
3 129 388 389 0.142066123198767 0.7104820971847887 0.8222536674843427
3 129 128 388 0.142066123198767 0.7104820971847887 0.8222536674843427
3 162 231 198 0.142066123198767 0.7104820971847887 0.8222536674843427
3 571 192 231 0.142066123198767 0.7104820971847887 0.8222536674843427
3 231 197 571 0.142066123198767 0.7104820971847887 0.8222536674843427
3 571 197 230 0.142066123198767 0.7104820971847887 0.8222536674843427
3 230 191 571 0.142066123198767 0.7104820971847887 0.8222536674843427
3 871 192 571 0.142066123198767 0.7104820971847887 0.8222536674843427
3 571 191 871 0.142066123198767 0.7104820971847887 0.8222536674843427
3 68 743 69 0.142066123198767 0.7104820971847887 0.8222536674843427
3 67 66 770 0.142066123198767 0.7104820971847887 0.8222536674843427
3 64 63 302 0.142066123198767 0.7104820971847887 0.8222536674843427
3 302 1157 64 0.142066123198767 0.7104820971847887 0.8222536674843427
3 770 66 310 0.142066123198767 0.7104820971847887 0.8222536674843427
3 71 70 185 0.142066123198767 0.7104820971847887 0.8222536674843427
3 223 67 770 0.142066123198767 0.7104820971847887 0.8222536674843427
3 743 68 223 0.142066123198767 0.7104820971847887 0.8222536674843427
3 68 67 223 0.142066123198767 0.7104820971847887 0.8222536674843427
3 69 743 179 0.142066123198767 0.7104820971847887 0.8222536674843427
3 147 73 548 0.142066123198767 0.7104820971847887 0.8222536674843427
3 73 142 548 0.142066123198767 0.7104820971847887 0.8222536674843427
3 548 142 143 0.142066123198767 0.7104820971847887 0.8222536674843427
3 744 225 180 0.142066123198767 0.7104820971847887 0.8222536674843427
3 185 642 186 0.142066123198767 0.7104820971847887 0.8222536674843427
3 423 118 117 0.142066123198767 0.7104820971847887 0.8222536674843427
3 902 416 426 0.142066123198767 0.7104820971847887 0.8222536674843427
3 1331 901 425 0.142066123198767 0.7104820971847887 0.8222536674843427
3 115 901 1331 0.142066123198767 0.7104820971847887 0.8222536674843427
3 1331 414 115 0.142066123198767 0.7104820971847887 0.8222536674843427
3 1481 761 1480 0.142066123198767 0.7104820971847887 0.8222536674843427
3 1480 290 1481 0.142066123198767 0.7104820971847887 0.8222536674843427
3 1481 290 291 0.142066123198767 0.7104820971847887 0.8222536674843427
3 291 1482 1481 0.142066123198767 0.7104820971847887 0.8222536674843427
3 917 916 147 0.142066123198767 0.7104820971847887 0.8222536674843427
3 78 191 79 0.142066123198767 0.7104820971847887 0.8222536674843427
3 79 191 570 0.142066123198767 0.7104820971847887 0.8222536674843427
3 79 570 80 0.142066123198767 0.7104820971847887 0.8222536674843427
3 1334 953 417 0.142066123198767 0.7104820971847887 0.8222536674843427
3 417 953 427 0.142066123198767 0.7104820971847887 0.8222536674843427
3 427 586 585 0.142066123198767 0.7104820971847887 0.8222536674843427
3 953 586 427 0.142066123198767 0.7104820971847887 0.8222536674843427
3 107 258 799 0.142066123198767 0.7104820971847887 0.8222536674843427
3 267 266 799 0.142066123198767 0.7104820971847887 0.8222536674843427
3 258 259 799 0.142066123198767 0.7104820971847887 0.8222536674843427
3 267 1458 275 0.142066123198767 0.7104820971847887 0.8222536674843427
3 1033 261 260 0.142066123198767 0.7104820971847887 0.8222536674843427
3 261 801 260 0.142066123198767 0.7104820971847887 0.8222536674843427
3 802 801 261 0.142066123198767 0.7104820971847887 0.8222536674843427
3 278 270 1461 0.142066123198767 0.7104820971847887 0.8222536674843427
3 1364 1062 1063 0.142066123198767 0.7104820971847887 0.8222536674843427
3 268 1458 267 0.142066123198767 0.7104820971847887 0.8222536674843427
3 106 105 1032 0.142066123198767 0.7104820971847887 0.8222536674843427
3 1032 259 106 0.142066123198767 0.7104820971847887 0.8222536674843427
3 1032 105 1033 0.142066123198767 0.7104820971847887 0.8222536674843427
3 1033 260 1032 0.142066123198767 0.7104820971847887 0.8222536674843427
3 1032 260 259 0.142066123198767 0.7104820971847887 0.8222536674843427
3 1377 1378 623 0.142066123198767 0.7104820971847887 0.8222536674843427
3 1091 623 624 0.142066123198767 0.7104820971847887 0.8222536674843427
3 624 623 1378 0.142066123198767 0.7104820971847887 0.8222536674843427
3 1088 496 495 0.142066123198767 0.7104820971847887 0.8222536674843427
3 1271 494 495 0.142066123198767 0.7104820971847887 0.8222536674843427
3 1271 495 1272 0.142066123198767 0.7104820971847887 0.8222536674843427
3 1272 495 496 0.142066123198767 0.7104820971847887 0.8222536674843427
3 834 835 686 0.142066123198767 0.7104820971847887 0.8222536674843427
3 686 685 834 0.142066123198767 0.7104820971847887 0.8222536674843427
3 1076 835 834 0.142066123198767 0.7104820971847887 0.8222536674843427
3 834 1075 1076 0.142066123198767 0.7104820971847887 0.8222536674843427
3 761 1481 762 0.142066123198767 0.7104820971847887 0.8222536674843427
3 762 1481 1482 0.142066123198767 0.7104820971847887 0.8222536674843427
3 762 1054 761 0.142066123198767 0.7104820971847887 0.8222536674843427
3 1055 1054 762 0.142066123198767 0.7104820971847887 0.8222536674843427
3 1482 763 762 0.142066123198767 0.7104820971847887 0.8222536674843427
3 762 763 1055 0.142066123198767 0.7104820971847887 0.8222536674843427
3 764 763 1483 0.142066123198767 0.7104820971847887 0.8222536674843427
3 906 282 1179 0.142066123198767 0.7104820971847887 0.8222536674843427
3 1179 282 815 0.142066123198767 0.7104820971847887 0.8222536674843427
3 598 671 599 0.142066123198767 0.7104820971847887 0.8222536674843427
3 1077 835 1076 0.142066123198767 0.7104820971847887 0.8222536674843427
3 1076 615 1077 0.142066123198767 0.7104820971847887 0.8222536674843427
3 1360 492 604 0.142066123198767 0.7104820971847887 0.8222536674843427
3 991 1360 1361 0.142066123198767 0.7104820971847887 0.8222536674843427
3 1360 604 1361 0.142066123198767 0.7104820971847887 0.8222536674843427
3 1361 604 1362 0.142066123198767 0.7104820971847887 0.8222536674843427
3 1363 1062 1364 0.142066123198767 0.7104820971847887 0.8222536674843427
3 784 253 252 0.142066123198767 0.7104820971847887 0.8222536674843427
3 784 104 103 0.142066123198767 0.7104820971847887 0.8222536674843427
3 252 104 784 0.142066123198767 0.7104820971847887 0.8222536674843427
3 1035 1034 252 0.142066123198767 0.7104820971847887 0.8222536674843427
3 252 253 1035 0.142066123198767 0.7104820971847887 0.8222536674843427
3 261 1034 1035 0.142066123198767 0.7104820971847887 0.8222536674843427
3 1035 253 1036 0.142066123198767 0.7104820971847887 0.8222536674843427
3 35 34 526 0.142066123198767 0.7104820971847887 0.8222536674843427
3 1122 528 1123 0.142066123198767 0.7104820971847887 0.8222536674843427
3 1122 1123 630 0.142066123198767 0.7104820971847887 0.8222536674843427
3 538 537 704 0.142066123198767 0.7104820971847887 0.8222536674843427
3 538 463 537 0.142066123198767 0.7104820971847887 0.8222536674843427
3 1105 453 1104 0.142066123198767 0.7104820971847887 0.8222536674843427
3 497 496 1089 0.142066123198767 0.7104820971847887 0.8222536674843427
3 92 886 887 0.142066123198767 0.7104820971847887 0.8222536674843427
3 886 129 887 0.142066123198767 0.7104820971847887 0.8222536674843427
3 887 129 130 0.142066123198767 0.7104820971847887 0.8222536674843427
3 893 658 208 0.142066123198767 0.7104820971847887 0.8222536674843427
3 103 102 244 0.142066123198767 0.7104820971847887 0.8222536674843427
3 31 998 32 0.142066123198767 0.7104820971847887 0.8222536674843427
3 31 452 998 0.142066123198767 0.7104820971847887 0.8222536674843427
3 494 493 1086 0.142066123198767 0.7104820971847887 0.8222536674843427
3 1372 618 617 0.142066123198767 0.7104820971847887 0.8222536674843427
3 353 435 354 0.142066123198767 0.7104820971847887 0.8222536674843427
3 354 1352 353 0.142066123198767 0.7104820971847887 0.8222536674843427
3 1353 1352 354 0.142066123198767 0.7104820971847887 0.8222536674843427
3 668 1053 669 0.142066123198767 0.7104820971847887 0.8222536674843427
3 981 16 15 0.142066123198767 0.7104820971847887 0.8222536674843427
3 981 442 16 0.142066123198767 0.7104820971847887 0.8222536674843427
3 443 442 982 0.142066123198767 0.7104820971847887 0.8222536674843427
3 361 362 982 0.142066123198767 0.7104820971847887 0.8222536674843427
3 982 981 361 0.142066123198767 0.7104820971847887 0.8222536674843427
3 442 981 982 0.142066123198767 0.7104820971847887 0.8222536674843427
3 982 362 983 0.142066123198767 0.7104820971847887 0.8222536674843427
3 983 443 982 0.142066123198767 0.7104820971847887 0.8222536674843427
3 1375 1376 621 0.142066123198767 0.7104820971847887 0.8222536674843427
3 1253 445 446 0.142066123198767 0.7104820971847887 0.8222536674843427
3 1253 608 607 0.142066123198767 0.7104820971847887 0.8222536674843427
3 1253 607 1252 0.142066123198767 0.7104820971847887 0.8222536674843427
3 1252 445 1253 0.142066123198767 0.7104820971847887 0.8222536674843427
3 679 678 827 0.142066123198767 0.7104820971847887 0.8222536674843427
3 827 828 679 0.142066123198767 0.7104820971847887 0.8222536674843427
3 607 1068 606 0.142066123198767 0.7104820971847887 0.8222536674843427
3 1252 607 606 0.142066123198767 0.7104820971847887 0.8222536674843427
3 606 1251 1252 0.142066123198767 0.7104820971847887 0.8222536674843427
3 605 1251 606 0.142066123198767 0.7104820971847887 0.8222536674843427
3 606 1067 605 0.142066123198767 0.7104820971847887 0.8222536674843427
3 606 1068 1067 0.142066123198767 0.7104820971847887 0.8222536674843427
3 725 1024 1023 0.142066123198767 0.7104820971847887 0.8222536674843427
3 1023 724 725 0.142066123198767 0.7104820971847887 0.8222536674843427
3 725 724 1420 0.142066123198767 0.7104820971847887 0.8222536674843427
3 1022 724 1023 0.142066123198767 0.7104820971847887 0.8222536674843427
3 1420 724 1419 0.142066123198767 0.7104820971847887 0.8222536674843427
3 137 138 1016 0.142066123198767 0.7104820971847887 0.8222536674843427
3 1415 168 169 0.142066123198767 0.7104820971847887 0.8222536674843427
3 1016 138 175 0.142066123198767 0.7104820971847887 0.8222536674843427
3 167 168 1414 0.142066123198767 0.7104820971847887 0.8222536674843427
3 1414 1413 167 0.142066123198767 0.7104820971847887 0.8222536674843427
3 133 1413 1414 0.142066123198767 0.7104820971847887 0.8222536674843427
3 134 133 1414 0.142066123198767 0.7104820971847887 0.8222536674843427
3 1414 1415 134 0.142066123198767 0.7104820971847887 0.8222536674843427
3 168 1415 1414 0.142066123198767 0.7104820971847887 0.8222536674843427
3 719 133 134 0.142066123198767 0.7104820971847887 0.8222536674843427
3 132 133 718 0.142066123198767 0.7104820971847887 0.8222536674843427
3 718 719 139 0.142066123198767 0.7104820971847887 0.8222536674843427
3 133 719 718 0.142066123198767 0.7104820971847887 0.8222536674843427
3 124 88 87 0.142066123198767 0.7104820971847887 0.8222536674843427
3 124 198 163 0.142066123198767 0.7104820971847887 0.8222536674843427
3 87 162 124 0.142066123198767 0.7104820971847887 0.8222536674843427
3 162 198 124 0.142066123198767 0.7104820971847887 0.8222536674843427
3 125 163 199 0.142066123198767 0.7104820971847887 0.8222536674843427
3 125 199 164 0.142066123198767 0.7104820971847887 0.8222536674843427
3 164 199 233 0.142066123198767 0.7104820971847887 0.8222536674843427
3 126 165 1214 0.142066123198767 0.7104820971847887 0.8222536674843427
3 1214 165 127 0.142066123198767 0.7104820971847887 0.8222536674843427
3 236 1216 202 0.142066123198767 0.7104820971847887 0.8222536674843427
3 389 388 123 0.142066123198767 0.7104820971847887 0.8222536674843427
3 388 1214 123 0.142066123198767 0.7104820971847887 0.8222536674843427
3 123 1214 127 0.142066123198767 0.7104820971847887 0.8222536674843427
3 89 88 1212 0.142066123198767 0.7104820971847887 0.8222536674843427
3 1212 121 89 0.142066123198767 0.7104820971847887 0.8222536674843427
3 125 121 1212 0.142066123198767 0.7104820971847887 0.8222536674843427
3 1212 163 125 0.142066123198767 0.7104820971847887 0.8222536674843427
3 1212 124 163 0.142066123198767 0.7104820971847887 0.8222536674843427
3 88 124 1212 0.142066123198767 0.7104820971847887 0.8222536674843427
3 231 192 572 0.142066123198767 0.7104820971847887 0.8222536674843427
3 572 198 231 0.142066123198767 0.7104820971847887 0.8222536674843427
3 378 302 63 0.142066123198767 0.7104820971847887 0.8222536674843427
3 378 62 856 0.142066123198767 0.7104820971847887 0.8222536674843427
3 378 63 62 0.142066123198767 0.7104820971847887 0.8222536674843427
3 378 856 369 0.142066123198767 0.7104820971847887 0.8222536674843427
3 65 310 66 0.142066123198767 0.7104820971847887 0.8222536674843427
3 1157 310 65 0.142066123198767 0.7104820971847887 0.8222536674843427
3 64 1157 65 0.142066123198767 0.7104820971847887 0.8222536674843427
3 1434 71 185 0.142066123198767 0.7104820971847887 0.8222536674843427
3 185 186 1434 0.142066123198767 0.7104820971847887 0.8222536674843427
3 1434 142 72 0.142066123198767 0.7104820971847887 0.8222536674843427
3 72 71 1434 0.142066123198767 0.7104820971847887 0.8222536674843427
3 185 70 641 0.142066123198767 0.7104820971847887 0.8222536674843427
3 641 642 185 0.142066123198767 0.7104820971847887 0.8222536674843427
3 641 180 642 0.142066123198767 0.7104820971847887 0.8222536674843427
3 641 179 744 0.142066123198767 0.7104820971847887 0.8222536674843427
3 744 180 641 0.142066123198767 0.7104820971847887 0.8222536674843427
3 641 70 69 0.142066123198767 0.7104820971847887 0.8222536674843427
3 69 179 641 0.142066123198767 0.7104820971847887 0.8222536674843427
3 642 180 745 0.142066123198767 0.7104820971847887 0.8222536674843427
3 745 180 225 0.142066123198767 0.7104820971847887 0.8222536674843427
3 143 142 1435 0.142066123198767 0.7104820971847887 0.8222536674843427
3 142 1434 1435 0.142066123198767 0.7104820971847887 0.8222536674843427
3 1435 1434 186 0.142066123198767 0.7104820971847887 0.8222536674843427
3 1330 117 116 0.142066123198767 0.7104820971847887 0.8222536674843427
3 115 414 116 0.142066123198767 0.7104820971847887 0.8222536674843427
3 1332 967 415 0.142066123198767 0.7104820971847887 0.8222536674843427
3 1332 426 967 0.142066123198767 0.7104820971847887 0.8222536674843427
3 902 426 1332 0.142066123198767 0.7104820971847887 0.8222536674843427
3 415 334 1332 0.142066123198767 0.7104820971847887 0.8222536674843427
3 1332 334 902 0.142066123198767 0.7104820971847887 0.8222536674843427
3 585 426 952 0.142066123198767 0.7104820971847887 0.8222536674843427
3 952 426 416 0.142066123198767 0.7104820971847887 0.8222536674843427
3 952 427 585 0.142066123198767 0.7104820971847887 0.8222536674843427
3 291 290 346 0.142066123198767 0.7104820971847887 0.8222536674843427
3 585 586 347 0.142066123198767 0.7104820971847887 0.8222536674843427
3 347 346 585 0.142066123198767 0.7104820971847887 0.8222536674843427
3 291 346 347 0.142066123198767 0.7104820971847887 0.8222536674843427
3 292 291 347 0.142066123198767 0.7104820971847887 0.8222536674843427
3 347 586 292 0.142066123198767 0.7104820971847887 0.8222536674843427
3 147 548 549 0.142066123198767 0.7104820971847887 0.8222536674843427
3 549 548 143 0.142066123198767 0.7104820971847887 0.8222536674843427
3 152 916 153 0.142066123198767 0.7104820971847887 0.8222536674843427
3 916 917 153 0.142066123198767 0.7104820971847887 0.8222536674843427
3 348 1483 292 0.142066123198767 0.7104820971847887 0.8222536674843427
3 292 586 348 0.142066123198767 0.7104820971847887 0.8222536674843427
3 348 586 953 0.142066123198767 0.7104820971847887 0.8222536674843427
3 954 587 428 0.142066123198767 0.7104820971847887 0.8222536674843427
3 953 1334 428 0.142066123198767 0.7104820971847887 0.8222536674843427
3 428 348 953 0.142066123198767 0.7104820971847887 0.8222536674843427
3 587 348 428 0.142066123198767 0.7104820971847887 0.8222536674843427
3 1175 113 112 0.142066123198767 0.7104820971847887 0.8222536674843427
3 902 113 1175 0.142066123198767 0.7104820971847887 0.8222536674843427
3 1175 416 902 0.142066123198767 0.7104820971847887 0.8222536674843427
3 1175 335 416 0.142066123198767 0.7104820971847887 0.8222536674843427
3 416 335 1333 0.142066123198767 0.7104820971847887 0.8222536674843427
3 1333 952 416 0.142066123198767 0.7104820971847887 0.8222536674843427
3 427 952 1333 0.142066123198767 0.7104820971847887 0.8222536674843427
3 798 108 107 0.142066123198767 0.7104820971847887 0.8222536674843427
3 107 799 798 0.142066123198767 0.7104820971847887 0.8222536674843427
3 798 799 266 0.142066123198767 0.7104820971847887 0.8222536674843427
3 265 798 266 0.142066123198767 0.7104820971847887 0.8222536674843427
3 108 798 265 0.142066123198767 0.7104820971847887 0.8222536674843427
3 1455 109 265 0.142066123198767 0.7104820971847887 0.8222536674843427
3 265 109 108 0.142066123198767 0.7104820971847887 0.8222536674843427
3 338 282 906 0.142066123198767 0.7104820971847887 0.8222536674843427
3 1457 275 815 0.142066123198767 0.7104820971847887 0.8222536674843427
3 1457 266 267 0.142066123198767 0.7104820971847887 0.8222536674843427
3 267 275 1457 0.142066123198767 0.7104820971847887 0.8222536674843427
3 801 802 269 0.142066123198767 0.7104820971847887 0.8222536674843427
3 1459 268 269 0.142066123198767 0.7104820971847887 0.8222536674843427
3 269 268 801 0.142066123198767 0.7104820971847887 0.8222536674843427
3 819 278 1461 0.142066123198767 0.7104820971847887 0.8222536674843427
3 1183 278 819 0.142066123198767 0.7104820971847887 0.8222536674843427
3 959 960 1488 0.142066123198767 0.7104820971847887 0.8222536674843427
3 1062 768 1488 0.142066123198767 0.7104820971847887 0.8222536674843427
3 1461 271 820 0.142066123198767 0.7104820971847887 0.8222536674843427
3 800 799 259 0.142066123198767 0.7104820971847887 0.8222536674843427
3 801 268 800 0.142066123198767 0.7104820971847887 0.8222536674843427
3 267 799 800 0.142066123198767 0.7104820971847887 0.8222536674843427
3 800 268 267 0.142066123198767 0.7104820971847887 0.8222536674843427
3 800 260 801 0.142066123198767 0.7104820971847887 0.8222536674843427
3 259 260 800 0.142066123198767 0.7104820971847887 0.8222536674843427
3 1377 623 622 0.142066123198767 0.7104820971847887 0.8222536674843427
3 1089 621 622 0.142066123198767 0.7104820971847887 0.8222536674843427
3 622 1376 1377 0.142066123198767 0.7104820971847887 0.8222536674843427
3 621 1376 622 0.142066123198767 0.7104820971847887 0.8222536674843427
3 1379 624 1378 0.142066123198767 0.7104820971847887 0.8222536674843427
3 1379 686 687 0.142066123198767 0.7104820971847887 0.8222536674843427
3 1379 1378 686 0.142066123198767 0.7104820971847887 0.8222536674843427
3 624 1379 625 0.142066123198767 0.7104820971847887 0.8222536674843427
3 1104 1103 505 0.142066123198767 0.7104820971847887 0.8222536674843427
3 1103 504 505 0.142066123198767 0.7104820971847887 0.8222536674843427
3 505 504 1271 0.142066123198767 0.7104820971847887 0.8222536674843427
3 1271 1272 505 0.142066123198767 0.7104820971847887 0.8222536674843427
3 831 1073 832 0.142066123198767 0.7104820971847887 0.8222536674843427
3 832 1073 1074 0.142066123198767 0.7104820971847887 0.8222536674843427
3 833 834 685 0.142066123198767 0.7104820971847887 0.8222536674843427
3 833 832 1074 0.142066123198767 0.7104820971847887 0.8222536674843427
3 833 1074 1075 0.142066123198767 0.7104820971847887 0.8222536674843427
3 1075 834 833 0.142066123198767 0.7104820971847887 0.8222536674843427
3 990 1360 991 0.142066123198767 0.7104820971847887 0.8222536674843427
3 1258 1259 613 0.142066123198767 0.7104820971847887 0.8222536674843427
3 1257 450 1258 0.142066123198767 0.7104820971847887 0.8222536674843427
3 1485 1486 766 0.142066123198767 0.7104820971847887 0.8222536674843427
3 766 1486 1060 0.142066123198767 0.7104820971847887 0.8222536674843427
3 590 1486 1485 0.142066123198767 0.7104820971847887 0.8222536674843427
3 1485 589 590 0.142066123198767 0.7104820971847887 0.8222536674843427
3 675 604 603 0.142066123198767 0.7104820971847887 0.8222536674843427
3 603 604 492 0.142066123198767 0.7104820971847887 0.8222536674843427
3 815 275 283 0.142066123198767 0.7104820971847887 0.8222536674843427
3 816 275 1458 0.142066123198767 0.7104820971847887 0.8222536674843427
3 816 283 275 0.142066123198767 0.7104820971847887 0.8222536674843427
3 1180 283 816 0.142066123198767 0.7104820971847887 0.8222536674843427
3 907 283 1180 0.142066123198767 0.7104820971847887 0.8222536674843427
3 1336 338 906 0.142066123198767 0.7104820971847887 0.8222536674843427
3 419 338 1336 0.142066123198767 0.7104820971847887 0.8222536674843427
3 577 1216 236 0.142066123198767 0.7104820971847887 0.8222536674843427
3 236 878 577 0.142066123198767 0.7104820971847887 0.8222536674843427
3 553 554 921 0.142066123198767 0.7104820971847887 0.8222536674843427
3 563 156 564 0.142066123198767 0.7104820971847887 0.8222536674843427
3 156 921 564 0.142066123198767 0.7104820971847887 0.8222536674843427
3 562 156 563 0.142066123198767 0.7104820971847887 0.8222536674843427
3 562 155 156 0.142066123198767 0.7104820971847887 0.8222536674843427
3 562 160 561 0.142066123198767 0.7104820971847887 0.8222536674843427
3 866 1202 1203 0.142066123198767 0.7104820971847887 0.8222536674843427
3 777 1165 778 0.142066123198767 0.7104820971847887 0.8222536674843427
3 865 386 377 0.142066123198767 0.7104820971847887 0.8222536674843427
3 1165 386 865 0.142066123198767 0.7104820971847887 0.8222536674843427
3 865 1202 866 0.142066123198767 0.7104820971847887 0.8222536674843427
3 687 835 836 0.142066123198767 0.7104820971847887 0.8222536674843427
3 835 1077 836 0.142066123198767 0.7104820971847887 0.8222536674843427
3 1362 604 677 0.142066123198767 0.7104820971847887 0.8222536674843427
3 1062 1363 677 0.142066123198767 0.7104820971847887 0.8222536674843427
3 677 1363 1362 0.142066123198767 0.7104820971847887 0.8222536674843427
3 676 604 675 0.142066123198767 0.7104820971847887 0.8222536674843427
3 1060 677 676 0.142066123198767 0.7104820971847887 0.8222536674843427
3 676 677 604 0.142066123198767 0.7104820971847887 0.8222536674843427
3 262 802 261 0.142066123198767 0.7104820971847887 0.8222536674843427
3 261 1035 262 0.142066123198767 0.7104820971847887 0.8222536674843427
3 262 1035 1036 0.142066123198767 0.7104820971847887 0.8222536674843427
3 1066 1492 980 0.142066123198767 0.7104820971847887 0.8222536674843427
3 1065 1064 1491 0.142066123198767 0.7104820971847887 0.8222536674843427
3 1366 1064 1065 0.142066123198767 0.7104820971847887 0.8222536674843427
3 1065 1492 1066 0.142066123198767 0.7104820971847887 0.8222536674843427
3 527 528 1122 0.142066123198767 0.7104820971847887 0.8222536674843427
3 1121 35 526 0.142066123198767 0.7104820971847887 0.8222536674843427
3 526 527 1121 0.142066123198767 0.7104820971847887 0.8222536674843427
3 1121 527 1122 0.142066123198767 0.7104820971847887 0.8222536674843427
3 36 35 1121 0.142066123198767 0.7104820971847887 0.8222536674843427
3 999 998 453 0.142066123198767 0.7104820971847887 0.8222536674843427
3 1393 527 526 0.142066123198767 0.7104820971847887 0.8222536674843427
3 631 632 1292 0.142066123198767 0.7104820971847887 0.8222536674843427
3 631 630 1123 0.142066123198767 0.7104820971847887 0.8222536674843427
3 631 1123 1124 0.142066123198767 0.7104820971847887 0.8222536674843427
3 1124 632 631 0.142066123198767 0.7104820971847887 0.8222536674843427
3 697 1145 696 0.142066123198767 0.7104820971847887 0.8222536674843427
3 1138 1306 1137 0.142066123198767 0.7104820971847887 0.8222536674843427
3 1136 1408 1137 0.142066123198767 0.7104820971847887 0.8222536674843427
3 697 696 1295 0.142066123198767 0.7104820971847887 0.8222536674843427
3 704 42 841 0.142066123198767 0.7104820971847887 0.8222536674843427
3 1142 1143 845 0.142066123198767 0.7104820971847887 0.8222536674843427
3 1030 1427 1428 0.142066123198767 0.7104820971847887 0.8222536674843427
3 1297 1298 699 0.142066123198767 0.7104820971847887 0.8222536674843427
3 1365 1064 1366 0.142066123198767 0.7104820971847887 0.8222536674843427
3 1364 1063 1365 0.142066123198767 0.7104820971847887 0.8222536674843427
3 1063 1064 1365 0.142066123198767 0.7104820971847887 0.8222536674843427
3 994 1363 1364 0.142066123198767 0.7104820971847887 0.8222536674843427
3 687 836 688 0.142066123198767 0.7104820971847887 0.8222536674843427
3 688 836 837 0.142066123198767 0.7104820971847887 0.8222536674843427
3 1273 1272 496 0.142066123198767 0.7104820971847887 0.8222536674843427
3 496 497 1273 0.142066123198767 0.7104820971847887 0.8222536674843427
3 1277 1276 500 0.142066123198767 0.7104820971847887 0.8222536674843427
3 1090 497 1089 0.142066123198767 0.7104820971847887 0.8222536674843427
3 1089 622 1090 0.142066123198767 0.7104820971847887 0.8222536674843427
3 1090 622 623 0.142066123198767 0.7104820971847887 0.8222536674843427
3 1090 623 1091 0.142066123198767 0.7104820971847887 0.8222536674843427
3 1091 498 1090 0.142066123198767 0.7104820971847887 0.8222536674843427
3 1090 498 497 0.142066123198767 0.7104820971847887 0.8222536674843427
3 203 93 92 0.142066123198767 0.7104820971847887 0.8222536674843427
3 92 887 203 0.142066123198767 0.7104820971847887 0.8222536674843427
3 659 658 893 0.142066123198767 0.7104820971847887 0.8222536674843427
3 660 661 478 0.142066123198767 0.7104820971847887 0.8222536674843427
3 390 1216 1217 0.142066123198767 0.7104820971847887 0.8222536674843427
3 1217 391 390 0.142066123198767 0.7104820971847887 0.8222536674843427
3 1216 577 1217 0.142066123198767 0.7104820971847887 0.8222536674843427
3 888 203 887 0.142066123198767 0.7104820971847887 0.8222536674843427
3 888 887 130 0.142066123198767 0.7104820971847887 0.8222536674843427
3 1220 394 393 0.142066123198767 0.7104820971847887 0.8222536674843427
3 894 659 893 0.142066123198767 0.7104820971847887 0.8222536674843427
3 660 659 894 0.142066123198767 0.7104820971847887 0.8222536674843427
3 1221 882 883 0.142066123198767 0.7104820971847887 0.8222536674843427
3 1220 882 1221 0.142066123198767 0.7104820971847887 0.8222536674843427
3 1221 394 1220 0.142066123198767 0.7104820971847887 0.8222536674843427
3 896 1223 1224 0.142066123198767 0.7104820971847887 0.8222536674843427
3 1211 1432 1452 0.142066123198767 0.7104820971847887 0.8222536674843427
3 1307 1306 1138 0.142066123198767 0.7104820971847887 0.8222536674843427
3 785 784 103 0.142066123198767 0.7104820971847887 0.8222536674843427
3 103 244 785 0.142066123198767 0.7104820971847887 0.8222536674843427
3 253 784 785 0.142066123198767 0.7104820971847887 0.8222536674843427
3 452 31 30 0.142066123198767 0.7104820971847887 0.8222536674843427
3 29 1103 30 0.142066123198767 0.7104820971847887 0.8222536674843427
3 1103 452 30 0.142066123198767 0.7104820971847887 0.8222536674843427
3 618 1086 1085 0.142066123198767 0.7104820971847887 0.8222536674843427
3 1085 617 618 0.142066123198767 0.7104820971847887 0.8222536674843427
3 1085 493 26 0.142066123198767 0.7104820971847887 0.8222536674843427
3 1085 1086 493 0.142066123198767 0.7104820971847887 0.8222536674843427
3 1373 618 1372 0.142066123198767 0.7104820971847887 0.8222536674843427
3 831 830 1072 0.142066123198767 0.7104820971847887 0.8222536674843427
3 1072 1073 831 0.142066123198767 0.7104820971847887 0.8222536674843427
3 24 617 25 0.142066123198767 0.7104820971847887 0.8222536674843427
3 25 1085 26 0.142066123198767 0.7104820971847887 0.8222536674843427
3 617 1085 25 0.142066123198767 0.7104820971847887 0.8222536674843427
3 669 1054 670 0.142066123198767 0.7104820971847887 0.8222536674843427
3 670 597 669 0.142066123198767 0.7104820971847887 0.8222536674843427
3 598 597 670 0.142066123198767 0.7104820971847887 0.8222536674843427
3 670 1054 1055 0.142066123198767 0.7104820971847887 0.8222536674843427
3 670 671 598 0.142066123198767 0.7104820971847887 0.8222536674843427
3 670 1055 671 0.142066123198767 0.7104820971847887 0.8222536674843427
3 436 354 435 0.142066123198767 0.7104820971847887 0.8222536674843427
3 345 346 290 0.142066123198767 0.7104820971847887 0.8222536674843427
3 950 1331 425 0.142066123198767 0.7104820971847887 0.8222536674843427
3 414 1331 950 0.142066123198767 0.7104820971847887 0.8222536674843427
3 581 423 582 0.142066123198767 0.7104820971847887 0.8222536674843427
3 582 342 581 0.142066123198767 0.7104820971847887 0.8222536674843427
3 434 435 353 0.142066123198767 0.7104820971847887 0.8222536674843427
3 353 352 434 0.142066123198767 0.7104820971847887 0.8222536674843427
3 667 668 595 0.142066123198767 0.7104820971847887 0.8222536674843427
3 435 434 485 0.142066123198767 0.7104820971847887 0.8222536674843427
3 494 1086 1087 0.142066123198767 0.7104820971847887 0.8222536674843427
3 1088 495 1087 0.142066123198767 0.7104820971847887 0.8222536674843427
3 1087 495 494 0.142066123198767 0.7104820971847887 0.8222536674843427
3 1074 1073 612 0.142066123198767 0.7104820971847887 0.8222536674843427
3 1257 1258 612 0.142066123198767 0.7104820971847887 0.8222536674843427
3 613 1074 612 0.142066123198767 0.7104820971847887 0.8222536674843427
3 612 1258 613 0.142066123198767 0.7104820971847887 0.8222536674843427
3 1255 448 1256 0.142066123198767 0.7104820971847887 0.8222536674843427
3 1254 609 608 0.142066123198767 0.7104820971847887 0.8222536674843427
3 1254 1253 446 0.142066123198767 0.7104820971847887 0.8222536674843427
3 608 1253 1254 0.142066123198767 0.7104820971847887 0.8222536674843427
3 1255 609 1254 0.142066123198767 0.7104820971847887 0.8222536674843427
3 607 608 1069 0.142066123198767 0.7104820971847887 0.8222536674843427
3 1069 1068 607 0.142066123198767 0.7104820971847887 0.8222536674843427
3 827 1068 1069 0.142066123198767 0.7104820971847887 0.8222536674843427
3 1069 828 827 0.142066123198767 0.7104820971847887 0.8222536674843427
3 608 609 1070 0.142066123198767 0.7104820971847887 0.8222536674843427
3 1070 1069 608 0.142066123198767 0.7104820971847887 0.8222536674843427
3 828 1069 1070 0.142066123198767 0.7104820971847887 0.8222536674843427
3 678 679 1371 0.142066123198767 0.7104820971847887 0.8222536674843427
3 1371 24 23 0.142066123198767 0.7104820971847887 0.8222536674843427
3 23 678 1371 0.142066123198767 0.7104820971847887 0.8222536674843427
3 1371 617 24 0.142066123198767 0.7104820971847887 0.8222536674843427
3 1372 617 1371 0.142066123198767 0.7104820971847887 0.8222536674843427
3 1371 679 1372 0.142066123198767 0.7104820971847887 0.8222536674843427
3 724 1022 723 0.142066123198767 0.7104820971847887 0.8222536674843427
3 723 1419 724 0.142066123198767 0.7104820971847887 0.8222536674843427
3 722 723 1021 0.142066123198767 0.7104820971847887 0.8222536674843427
3 1021 723 1022 0.142066123198767 0.7104820971847887 0.8222536674843427
3 1201 865 377 0.142066123198767 0.7104820971847887 0.8222536674843427
3 1202 865 1201 0.142066123198767 0.7104820971847887 0.8222536674843427
3 211 170 169 0.142066123198767 0.7104820971847887 0.8222536674843427
3 211 295 296 0.142066123198767 0.7104820971847887 0.8222536674843427
3 169 210 211 0.142066123198767 0.7104820971847887 0.8222536674843427
3 211 210 295 0.142066123198767 0.7104820971847887 0.8222536674843427
3 138 137 717 0.142066123198767 0.7104820971847887 0.8222536674843427
3 132 718 717 0.142066123198767 0.7104820971847887 0.8222536674843427
3 717 718 138 0.142066123198767 0.7104820971847887 0.8222536674843427
3 50 132 717 0.142066123198767 0.7104820971847887 0.8222536674843427
3 1017 175 138 0.142066123198767 0.7104820971847887 0.8222536674843427
3 1017 718 139 0.142066123198767 0.7104820971847887 0.8222536674843427
3 138 718 1017 0.142066123198767 0.7104820971847887 0.8222536674843427
3 163 198 232 0.142066123198767 0.7104820971847887 0.8222536674843427
3 232 199 163 0.142066123198767 0.7104820971847887 0.8222536674843427
3 198 572 232 0.142066123198767 0.7104820971847887 0.8222536674843427
3 232 572 193 0.142066123198767 0.7104820971847887 0.8222536674843427
3 1213 164 126 0.142066123198767 0.7104820971847887 0.8222536674843427
3 1213 121 125 0.142066123198767 0.7104820971847887 0.8222536674843427
3 125 164 1213 0.142066123198767 0.7104820971847887 0.8222536674843427
3 126 164 200 0.142066123198767 0.7104820971847887 0.8222536674843427
3 234 165 200 0.142066123198767 0.7104820971847887 0.8222536674843427
3 200 165 126 0.142066123198767 0.7104820971847887 0.8222536674843427
3 200 574 234 0.142066123198767 0.7104820971847887 0.8222536674843427
3 200 164 233 0.142066123198767 0.7104820971847887 0.8222536674843427
3 233 574 200 0.142066123198767 0.7104820971847887 0.8222536674843427
3 234 574 195 0.142066123198767 0.7104820971847887 0.8222536674843427
3 566 878 877 0.142066123198767 0.7104820971847887 0.8222536674843427
3 127 165 201 0.142066123198767 0.7104820971847887 0.8222536674843427
3 201 575 235 0.142066123198767 0.7104820971847887 0.8222536674843427
3 201 165 234 0.142066123198767 0.7104820971847887 0.8222536674843427
3 234 575 201 0.142066123198767 0.7104820971847887 0.8222536674843427
3 1215 1216 389 0.142066123198767 0.7104820971847887 0.8222536674843427
3 389 123 1215 0.142066123198767 0.7104820971847887 0.8222536674843427
3 1215 202 1216 0.142066123198767 0.7104820971847887 0.8222536674843427
3 1215 123 127 0.142066123198767 0.7104820971847887 0.8222536674843427
3 181 186 642 0.142066123198767 0.7104820971847887 0.8222536674843427
3 642 745 181 0.142066123198767 0.7104820971847887 0.8222536674843427
3 148 917 147 0.142066123198767 0.7104820971847887 0.8222536674843427
3 147 549 148 0.142066123198767 0.7104820971847887 0.8222536674843427
3 559 152 560 0.142066123198767 0.7104820971847887 0.8222536674843427
3 152 153 560 0.142066123198767 0.7104820971847887 0.8222536674843427
3 560 153 561 0.142066123198767 0.7104820971847887 0.8222536674843427
3 904 428 1334 0.142066123198767 0.7104820971847887 0.8222536674843427
3 903 1333 335 0.142066123198767 0.7104820971847887 0.8222536674843427
3 903 1176 417 0.142066123198767 0.7104820971847887 0.8222536674843427
3 417 427 903 0.142066123198767 0.7104820971847887 0.8222536674843427
3 427 1333 903 0.142066123198767 0.7104820971847887 0.8222536674843427
3 110 109 1455 0.142066123198767 0.7104820971847887 0.8222536674843427
3 279 1175 112 0.142066123198767 0.7104820971847887 0.8222536674843427
3 335 1175 279 0.142066123198767 0.7104820971847887 0.8222536674843427
3 279 903 335 0.142066123198767 0.7104820971847887 0.8222536674843427
3 1176 903 279 0.142066123198767 0.7104820971847887 0.8222536674843427
3 1456 265 266 0.142066123198767 0.7104820971847887 0.8222536674843427
3 266 1457 1456 0.142066123198767 0.7104820971847887 0.8222536674843427
3 1455 265 1456 0.142066123198767 0.7104820971847887 0.8222536674843427
3 1456 273 1455 0.142066123198767 0.7104820971847887 0.8222536674843427
3 270 278 1460 0.142066123198767 0.7104820971847887 0.8222536674843427
3 1460 802 270 0.142066123198767 0.7104820971847887 0.8222536674843427
3 1460 269 802 0.142066123198767 0.7104820971847887 0.8222536674843427
3 284 816 276 0.142066123198767 0.7104820971847887 0.8222536674843427
3 276 816 1458 0.142066123198767 0.7104820971847887 0.8222536674843427
3 1459 817 276 0.142066123198767 0.7104820971847887 0.8222536674843427
3 276 268 1459 0.142066123198767 0.7104820971847887 0.8222536674843427
3 1458 268 276 0.142066123198767 0.7104820971847887 0.8222536674843427
3 1182 910 1340 0.142066123198767 0.7104820971847887 0.8222536674843427
3 1062 1488 769 0.142066123198767 0.7104820971847887 0.8222536674843427
3 769 1063 1062 0.142066123198767 0.7104820971847887 0.8222536674843427
3 1462 820 271 0.142066123198767 0.7104820971847887 0.8222536674843427
3 1462 804 1463 0.142066123198767 0.7104820971847887 0.8222536674843427
3 271 804 1462 0.142066123198767 0.7104820971847887 0.8222536674843427
3 1183 819 911 0.142066123198767 0.7104820971847887 0.8222536674843427
3 911 910 1183 0.142066123198767 0.7104820971847887 0.8222536674843427
3 1376 1375 683 0.142066123198767 0.7104820971847887 0.8222536674843427
3 831 832 683 0.142066123198767 0.7104820971847887 0.8222536674843427
3 1360 990 1359 0.142066123198767 0.7104820971847887 0.8222536674843427
3 441 492 1359 0.142066123198767 0.7104820971847887 0.8222536674843427
3 1359 492 1360 0.142066123198767 0.7104820971847887 0.8222536674843427
3 449 450 1257 0.142066123198767 0.7104820971847887 0.8222536674843427
3 1257 1256 449 0.142066123198767 0.7104820971847887 0.8222536674843427
3 448 988 449 0.142066123198767 0.7104820971847887 0.8222536674843427
3 449 1256 448 0.142066123198767 0.7104820971847887 0.8222536674843427
3 991 1259 451 0.142066123198767 0.7104820971847887 0.8222536674843427
3 451 990 991 0.142066123198767 0.7104820971847887 0.8222536674843427
3 1259 1258 451 0.142066123198767 0.7104820971847887 0.8222536674843427
3 450 990 451 0.142066123198767 0.7104820971847887 0.8222536674843427
3 451 1258 450 0.142066123198767 0.7104820971847887 0.8222536674843427
3 588 1484 349 0.142066123198767 0.7104820971847887 0.8222536674843427
3 349 587 954 0.142066123198767 0.7104820971847887 0.8222536674843427
3 293 764 1483 0.142066123198767 0.7104820971847887 0.8222536674843427
3 293 1484 764 0.142066123198767 0.7104820971847887 0.8222536674843427
3 293 349 1484 0.142066123198767 0.7104820971847887 0.8222536674843427
3 1483 348 293 0.142066123198767 0.7104820971847887 0.8222536674843427
3 293 348 587 0.142066123198767 0.7104820971847887 0.8222536674843427
3 587 349 293 0.142066123198767 0.7104820971847887 0.8222536674843427
3 350 589 1485 0.142066123198767 0.7104820971847887 0.8222536674843427
3 1485 1484 350 0.142066123198767 0.7104820971847887 0.8222536674843427
3 350 1484 588 0.142066123198767 0.7104820971847887 0.8222536674843427
3 1059 766 1060 0.142066123198767 0.7104820971847887 0.8222536674843427
3 1060 676 1059 0.142066123198767 0.7104820971847887 0.8222536674843427
3 1059 676 675 0.142066123198767 0.7104820971847887 0.8222536674843427
3 431 590 972 0.142066123198767 0.7104820971847887 0.8222536674843427
3 972 590 589 0.142066123198767 0.7104820971847887 0.8222536674843427
3 1060 1486 767 0.142066123198767 0.7104820971847887 0.8222536674843427
3 441 440 491 0.142066123198767 0.7104820971847887 0.8222536674843427
3 491 492 441 0.142066123198767 0.7104820971847887 0.8222536674843427
3 491 603 492 0.142066123198767 0.7104820971847887 0.8222536674843427
3 602 674 675 0.142066123198767 0.7104820971847887 0.8222536674843427
3 675 603 602 0.142066123198767 0.7104820971847887 0.8222536674843427
3 603 491 602 0.142066123198767 0.7104820971847887 0.8222536674843427
3 1181 908 284 0.142066123198767 0.7104820971847887 0.8222536674843427
3 284 276 1181 0.142066123198767 0.7104820971847887 0.8222536674843427
3 1181 276 817 0.142066123198767 0.7104820971847887 0.8222536674843427
3 591 767 1486 0.142066123198767 0.7104820971847887 0.8222536674843427
3 1487 767 591 0.142066123198767 0.7104820971847887 0.8222536674843427
3 1337 907 431 0.142066123198767 0.7104820971847887 0.8222536674843427
3 431 972 1337 0.142066123198767 0.7104820971847887 0.8222536674843427
3 283 907 339 0.142066123198767 0.7104820971847887 0.8222536674843427
3 339 1179 815 0.142066123198767 0.7104820971847887 0.8222536674843427
3 815 283 339 0.142066123198767 0.7104820971847887 0.8222536674843427
3 907 1337 339 0.142066123198767 0.7104820971847887 0.8222536674843427
3 955 350 588 0.142066123198767 0.7104820971847887 0.8222536674843427
3 419 1336 955 0.142066123198767 0.7104820971847887 0.8222536674843427
3 598 599 487 0.142066123198767 0.7104820971847887 0.8222536674843427
3 447 448 1255 0.142066123198767 0.7104820971847887 0.8222536674843427
3 1255 1254 447 0.142066123198767 0.7104820971847887 0.8222536674843427
3 446 986 447 0.142066123198767 0.7104820971847887 0.8222536674843427
3 447 1254 446 0.142066123198767 0.7104820971847887 0.8222536674843427
3 985 986 446 0.142066123198767 0.7104820971847887 0.8222536674843427
3 446 445 985 0.142066123198767 0.7104820971847887 0.8222536674843427
3 985 445 984 0.142066123198767 0.7104820971847887 0.8222536674843427
3 984 364 985 0.142066123198767 0.7104820971847887 0.8222536674843427
3 1439 190 647 0.142066123198767 0.7104820971847887 0.8222536674843427
3 647 190 646 0.142066123198767 0.7104820971847887 0.8222536674843427
3 646 749 647 0.142066123198767 0.7104820971847887 0.8222536674843427
3 646 184 749 0.142066123198767 0.7104820971847887 0.8222536674843427
3 922 921 554 0.142066123198767 0.7104820971847887 0.8222536674843427
3 922 564 921 0.142066123198767 0.7104820971847887 0.8222536674843427
3 136 1417 722 0.142066123198767 0.7104820971847887 0.8222536674843427
3 720 719 134 0.142066123198767 0.7104820971847887 0.8222536674843427
3 140 719 720 0.142066123198767 0.7104820971847887 0.8222536674843427
3 1200 376 222 0.142066123198767 0.7104820971847887 0.8222536674843427
3 739 1203 1202 0.142066123198767 0.7104820971847887 0.8222536674843427
3 1023 1024 739 0.142066123198767 0.7104820971847887 0.8222536674843427
3 867 1203 1204 0.142066123198767 0.7104820971847887 0.8222536674843427
3 866 1203 867 0.142066123198767 0.7104820971847887 0.8222536674843427
3 777 778 750 0.142066123198767 0.7104820971847887 0.8222536674843427
3 750 749 777 0.142066123198767 0.7104820971847887 0.8222536674843427
3 647 749 750 0.142066123198767 0.7104820971847887 0.8222536674843427
3 1166 778 1165 0.142066123198767 0.7104820971847887 0.8222536674843427
3 1166 865 866 0.142066123198767 0.7104820971847887 0.8222536674843427
3 1165 865 1166 0.142066123198767 0.7104820971847887 0.8222536674843427
3 317 1165 777 0.142066123198767 0.7104820971847887 0.8222536674843427
3 317 386 1165 0.142066123198767 0.7104820971847887 0.8222536674843427
3 377 386 864 0.142066123198767 0.7104820971847887 0.8222536674843427
3 864 1200 377 0.142066123198767 0.7104820971847887 0.8222536674843427
3 376 1200 864 0.142066123198767 0.7104820971847887 0.8222536674843427
3 864 386 309 0.142066123198767 0.7104820971847887 0.8222536674843427
3 1078 836 1077 0.142066123198767 0.7104820971847887 0.8222536674843427
3 837 836 1078 0.142066123198767 0.7104820971847887 0.8222536674843427
3 1262 1079 1078 0.142066123198767 0.7104820971847887 0.8222536674843427
3 1078 1079 837 0.142066123198767 0.7104820971847887 0.8222536674843427
3 992 1361 1362 0.142066123198767 0.7104820971847887 0.8222536674843427
3 991 1361 992 0.142066123198767 0.7104820971847887 0.8222536674843427
3 1061 768 1062 0.142066123198767 0.7104820971847887 0.8222536674843427
3 1062 677 1061 0.142066123198767 0.7104820971847887 0.8222536674843427
3 1061 1487 768 0.142066123198767 0.7104820971847887 0.8222536674843427
3 1061 767 1487 0.142066123198767 0.7104820971847887 0.8222536674843427
3 1061 677 1060 0.142066123198767 0.7104820971847887 0.8222536674843427
3 1060 767 1061 0.142066123198767 0.7104820971847887 0.8222536674843427
3 270 802 803 0.142066123198767 0.7104820971847887 0.8222536674843427
3 802 262 803 0.142066123198767 0.7104820971847887 0.8222536674843427
3 1461 270 803 0.142066123198767 0.7104820971847887 0.8222536674843427
3 803 271 1461 0.142066123198767 0.7104820971847887 0.8222536674843427
3 803 804 271 0.142066123198767 0.7104820971847887 0.8222536674843427
3 1345 980 1492 0.142066123198767 0.7104820971847887 0.8222536674843427
3 914 1343 1187 0.142066123198767 0.7104820971847887 0.8222536674843427
3 915 1345 979 0.142066123198767 0.7104820971847887 0.8222536674843427
3 979 1345 1492 0.142066123198767 0.7104820971847887 0.8222536674843427
3 1491 1344 979 0.142066123198767 0.7104820971847887 0.8222536674843427
3 979 1065 1491 0.142066123198767 0.7104820971847887 0.8222536674843427
3 1492 1065 979 0.142066123198767 0.7104820971847887 0.8222536674843427
3 1490 1064 1063 0.142066123198767 0.7104820971847887 0.8222536674843427
3 821 1462 1463 0.142066123198767 0.7104820971847887 0.8222536674843427
3 1463 822 821 0.142066123198767 0.7104820971847887 0.8222536674843427
3 1036 253 254 0.142066123198767 0.7104820971847887 0.8222536674843427
3 253 785 254 0.142066123198767 0.7104820971847887 0.8222536674843427
3 1066 980 1493 0.142066123198767 0.7104820971847887 0.8222536674843427
3 1122 630 629 0.142066123198767 0.7104820971847887 0.8222536674843427
3 629 1121 1122 0.142066123198767 0.7104820971847887 0.8222536674843427
3 36 1121 629 0.142066123198767 0.7104820971847887 0.8222536674843427
3 630 1290 629 0.142066123198767 0.7104820971847887 0.8222536674843427
3 37 1290 38 0.142066123198767 0.7104820971847887 0.8222536674843427
3 36 629 37 0.142066123198767 0.7104820971847887 0.8222536674843427
3 37 629 1290 0.142066123198767 0.7104820971847887 0.8222536674843427
3 1291 1290 630 0.142066123198767 0.7104820971847887 0.8222536674843427
3 1291 631 1292 0.142066123198767 0.7104820971847887 0.8222536674843427
3 630 631 1291 0.142066123198767 0.7104820971847887 0.8222536674843427
3 1292 692 1291 0.142066123198767 0.7104820971847887 0.8222536674843427
3 38 1290 691 0.142066123198767 0.7104820971847887 0.8222536674843427
3 691 1291 692 0.142066123198767 0.7104820971847887 0.8222536674843427
3 1290 1291 691 0.142066123198767 0.7104820971847887 0.8222536674843427
3 32 998 515 0.142066123198767 0.7104820971847887 0.8222536674843427
3 998 999 515 0.142066123198767 0.7104820971847887 0.8222536674843427
3 515 33 32 0.142066123198767 0.7104820971847887 0.8222536674843427
3 528 527 1394 0.142066123198767 0.7104820971847887 0.8222536674843427
3 527 1393 1394 0.142066123198767 0.7104820971847887 0.8222536674843427
3 522 1005 1006 0.142066123198767 0.7104820971847887 0.8222536674843427
3 1005 460 1006 0.142066123198767 0.7104820971847887 0.8222536674843427
3 1124 1123 529 0.142066123198767 0.7104820971847887 0.8222536674843427
3 529 1123 528 0.142066123198767 0.7104820971847887 0.8222536674843427
3 885 1224 884 0.142066123198767 0.7104820971847887 0.8222536674843427
3 884 1224 1223 0.142066123198767 0.7104820971847887 0.8222536674843427
3 694 1143 1142 0.142066123198767 0.7104820971847887 0.8222536674843427
3 634 633 1126 0.142066123198767 0.7104820971847887 0.8222536674843427
3 635 1295 634 0.142066123198767 0.7104820971847887 0.8222536674843427
3 1294 633 634 0.142066123198767 0.7104820971847887 0.8222536674843427
3 634 1295 1294 0.142066123198767 0.7104820971847887 0.8222536674843427
3 1126 633 1125 0.142066123198767 0.7104820971847887 0.8222536674843427
3 1125 632 1124 0.142066123198767 0.7104820971847887 0.8222536674843427
3 1125 633 632 0.142066123198767 0.7104820971847887 0.8222536674843427
3 1138 1137 1409 0.142066123198767 0.7104820971847887 0.8222536674843427
3 1409 1137 1408 0.142066123198767 0.7104820971847887 0.8222536674843427
3 1407 1408 1136 0.142066123198767 0.7104820971847887 0.8222536674843427
3 1296 1295 635 0.142066123198767 0.7104820971847887 0.8222536674843427
3 697 1295 1296 0.142066123198767 0.7104820971847887 0.8222536674843427
3 704 841 705 0.142066123198767 0.7104820971847887 0.8222536674843427
3 705 841 842 0.142066123198767 0.7104820971847887 0.8222536674843427
3 705 538 704 0.142066123198767 0.7104820971847887 0.8222536674843427
3 705 539 538 0.142066123198767 0.7104820971847887 0.8222536674843427
3 463 538 464 0.142066123198767 0.7104820971847887 0.8222536674843427
3 538 539 464 0.142066123198767 0.7104820971847887 0.8222536674843427
3 296 463 464 0.142066123198767 0.7104820971847887 0.8222536674843427
3 212 211 296 0.142066123198767 0.7104820971847887 0.8222536674843427
3 170 211 212 0.142066123198767 0.7104820971847887 0.8222536674843427
3 1142 845 844 0.142066123198767 0.7104820971847887 0.8222536674843427
3 846 845 1143 0.142066123198767 0.7104820971847887 0.8222536674843427
3 709 845 846 0.142066123198767 0.7104820971847887 0.8222536674843427
3 852 716 715 0.142066123198767 0.7104820971847887 0.8222536674843427
3 855 1428 1427 0.142066123198767 0.7104820971847887 0.8222536674843427
3 855 716 854 0.142066123198767 0.7104820971847887 0.8222536674843427
3 1427 716 855 0.142066123198767 0.7104820971847887 0.8222536674843427
3 855 1153 1154 0.142066123198767 0.7104820971847887 0.8222536674843427
3 1428 855 1429 0.142066123198767 0.7104820971847887 0.8222536674843427
3 1207 1028 1029 0.142066123198767 0.7104820971847887 0.8222536674843427
3 1029 1208 1207 0.142066123198767 0.7104820971847887 0.8222536674843427
3 1029 1427 1030 0.142066123198767 0.7104820971847887 0.8222536674843427
3 1030 1208 1029 0.142066123198767 0.7104820971847887 0.8222536674843427
3 742 1026 1027 0.142066123198767 0.7104820971847887 0.8222536674843427
3 1027 729 1028 0.142066123198767 0.7104820971847887 0.8222536674843427
3 1297 699 698 0.142066123198767 0.7104820971847887 0.8222536674843427
3 697 1296 698 0.142066123198767 0.7104820971847887 0.8222536674843427
3 698 1296 1297 0.142066123198767 0.7104820971847887 0.8222536674843427
3 700 699 1298 0.142066123198767 0.7104820971847887 0.8222536674843427
3 1408 1407 1014 0.142066123198767 0.7104820971847887 0.8222536674843427
3 1014 1407 1013 0.142066123198767 0.7104820971847887 0.8222536674843427
3 1014 1409 1408 0.142066123198767 0.7104820971847887 0.8222536674843427
3 1367 1065 1066 0.142066123198767 0.7104820971847887 0.8222536674843427
3 1366 1065 1367 0.142066123198767 0.7104820971847887 0.8222536674843427
3 1286 1102 1287 0.142066123198767 0.7104820971847887 0.8222536674843427
3 1066 1493 1368 0.142066123198767 0.7104820971847887 0.8222536674843427
3 1368 1367 1066 0.142066123198767 0.7104820971847887 0.8222536674843427
3 1267 1367 1368 0.142066123198767 0.7104820971847887 0.8222536674843427
3 1102 1286 1101 0.142066123198767 0.7104820971847887 0.8222536674843427
3 996 1365 1366 0.142066123198767 0.7104820971847887 0.8222536674843427
3 1265 1264 996 0.142066123198767 0.7104820971847887 0.8222536674843427
3 1263 1264 1080 0.142066123198767 0.7104820971847887 0.8222536674843427
3 1080 1079 1263 0.142066123198767 0.7104820971847887 0.8222536674843427
3 1262 994 1263 0.142066123198767 0.7104820971847887 0.8222536674843427
3 1263 1079 1262 0.142066123198767 0.7104820971847887 0.8222536674843427
3 626 625 1380 0.142066123198767 0.7104820971847887 0.8222536674843427
3 1380 625 1379 0.142066123198767 0.7104820971847887 0.8222536674843427
3 1380 1379 687 0.142066123198767 0.7104820971847887 0.8222536674843427
3 687 688 1380 0.142066123198767 0.7104820971847887 0.8222536674843427
3 689 688 837 0.142066123198767 0.7104820971847887 0.8222536674843427
3 1104 505 506 0.142066123198767 0.7104820971847887 0.8222536674843427
3 506 1105 1104 0.142066123198767 0.7104820971847887 0.8222536674843427
3 506 505 1272 0.142066123198767 0.7104820971847887 0.8222536674843427
3 1272 1273 506 0.142066123198767 0.7104820971847887 0.8222536674843427
3 1091 624 1092 0.142066123198767 0.7104820971847887 0.8222536674843427
3 624 625 1092 0.142066123198767 0.7104820971847887 0.8222536674843427
3 1108 509 510 0.142066123198767 0.7104820971847887 0.8222536674843427
3 1277 511 510 0.142066123198767 0.7104820971847887 0.8222536674843427
3 510 1276 1277 0.142066123198767 0.7104820971847887 0.8222536674843427
3 510 509 1276 0.142066123198767 0.7104820971847887 0.8222536674843427
3 518 1001 1002 0.142066123198767 0.7104820971847887 0.8222536674843427
3 1107 509 1108 0.142066123198767 0.7104820971847887 0.8222536674843427
3 508 509 1107 0.142066123198767 0.7104820971847887 0.8222536674843427
3 1107 1106 508 0.142066123198767 0.7104820971847887 0.8222536674843427
3 1000 999 454 0.142066123198767 0.7104820971847887 0.8222536674843427
3 454 999 453 0.142066123198767 0.7104820971847887 0.8222536674843427
3 453 1105 454 0.142066123198767 0.7104820971847887 0.8222536674843427
3 1105 1106 454 0.142066123198767 0.7104820971847887 0.8222536674843427
3 1274 1273 497 0.142066123198767 0.7104820971847887 0.8222536674843427
3 497 498 1274 0.142066123198767 0.7104820971847887 0.8222536674843427
3 1275 1274 498 0.142066123198767 0.7104820971847887 0.8222536674843427
3 508 1274 1275 0.142066123198767 0.7104820971847887 0.8222536674843427
3 1275 509 508 0.142066123198767 0.7104820971847887 0.8222536674843427
3 1276 509 1275 0.142066123198767 0.7104820971847887 0.8222536674843427
3 94 472 95 0.142066123198767 0.7104820971847887 0.8222536674843427
3 95 472 473 0.142066123198767 0.7104820971847887 0.8222536674843427
3 477 659 660 0.142066123198767 0.7104820971847887 0.8222536674843427
3 660 478 477 0.142066123198767 0.7104820971847887 0.8222536674843427
3 578 1217 577 0.142066123198767 0.7104820971847887 0.8222536674843427
3 657 208 658 0.142066123198767 0.7104820971847887 0.8222536674843427
3 657 656 208 0.142066123198767 0.7104820971847887 0.8222536674843427
3 654 94 653 0.142066123198767 0.7104820971847887 0.8222536674843427
3 654 472 94 0.142066123198767 0.7104820971847887 0.8222536674843427
3 208 656 207 0.142066123198767 0.7104820971847887 0.8222536674843427
3 927 1446 928 0.142066123198767 0.7104820971847887 0.8222536674843427
3 883 882 928 0.142066123198767 0.7104820971847887 0.8222536674843427
3 928 882 927 0.142066123198767 0.7104820971847887 0.8222536674843427
3 895 1223 896 0.142066123198767 0.7104820971847887 0.8222536674843427
3 895 894 1223 0.142066123198767 0.7104820971847887 0.8222536674843427
3 660 894 895 0.142066123198767 0.7104820971847887 0.8222536674843427
3 896 661 895 0.142066123198767 0.7104820971847887 0.8222536674843427
3 895 661 660 0.142066123198767 0.7104820971847887 0.8222536674843427
3 1222 1221 883 0.142066123198767 0.7104820971847887 0.8222536674843427
3 883 884 1222 0.142066123198767 0.7104820971847887 0.8222536674843427
3 1222 884 1223 0.142066123198767 0.7104820971847887 0.8222536674843427
3 1223 894 1222 0.142066123198767 0.7104820971847887 0.8222536674843427
3 662 661 896 0.142066123198767 0.7104820971847887 0.8222536674843427
3 1451 1211 1452 0.142066123198767 0.7104820971847887 0.8222536674843427
3 1174 1211 1451 0.142066123198767 0.7104820971847887 0.8222536674843427
3 947 1247 946 0.142066123198767 0.7104820971847887 0.8222536674843427
3 1431 1211 1430 0.142066123198767 0.7104820971847887 0.8222536674843427
3 1432 1211 1431 0.142066123198767 0.7104820971847887 0.8222536674843427
3 1430 1429 1155 0.142066123198767 0.7104820971847887 0.8222536674843427
3 1155 855 1154 0.142066123198767 0.7104820971847887 0.8222536674843427
3 1155 1429 855 0.142066123198767 0.7104820971847887 0.8222536674843427
3 1325 1229 1230 0.142066123198767 0.7104820971847887 0.8222536674843427
3 1329 1497 1475 0.142066123198767 0.7104820971847887 0.8222536674843427
3 1475 1249 1329 0.142066123198767 0.7104820971847887 0.8222536674843427
3 1329 1249 1328 0.142066123198767 0.7104820971847887 0.8222536674843427
3 1433 1432 1309 0.142066123198767 0.7104820971847887 0.8222536674843427
3 680 1373 1372 0.142066123198767 0.7104820971847887 0.8222536674843427
3 1372 679 680 0.142066123198767 0.7104820971847887 0.8222536674843427
3 680 679 828 0.142066123198767 0.7104820971847887 0.8222536674843427
3 682 830 831 0.142066123198767 0.7104820971847887 0.8222536674843427
3 831 683 682 0.142066123198767 0.7104820971847887 0.8222536674843427
3 682 683 1375 0.142066123198767 0.7104820971847887 0.8222536674843427
3 610 609 1255 0.142066123198767 0.7104820971847887 0.8222536674843427
3 1255 1256 610 0.142066123198767 0.7104820971847887 0.8222536674843427
3 486 436 435 0.142066123198767 0.7104820971847887 0.8222536674843427
3 435 485 486 0.142066123198767 0.7104820971847887 0.8222536674843427
3 486 485 597 0.142066123198767 0.7104820971847887 0.8222536674843427
3 486 597 598 0.142066123198767 0.7104820971847887 0.8222536674843427
3 598 487 486 0.142066123198767 0.7104820971847887 0.8222536674843427
3 486 487 436 0.142066123198767 0.7104820971847887 0.8222536674843427
3 1353 354 355 0.142066123198767 0.7104820971847887 0.8222536674843427
3 354 436 355 0.142066123198767 0.7104820971847887 0.8222536674843427
3 355 1354 1353 0.142066123198767 0.7104820971847887 0.8222536674843427
3 355 356 1354 0.142066123198767 0.7104820971847887 0.8222536674843427
3 583 345 344 0.142066123198767 0.7104820971847887 0.8222536674843427
3 583 950 425 0.142066123198767 0.7104820971847887 0.8222536674843427
3 414 950 424 0.142066123198767 0.7104820971847887 0.8222536674843427
3 1330 116 424 0.142066123198767 0.7104820971847887 0.8222536674843427
3 424 116 414 0.142066123198767 0.7104820971847887 0.8222536674843427
3 950 583 424 0.142066123198767 0.7104820971847887 0.8222536674843427
3 424 583 582 0.142066123198767 0.7104820971847887 0.8222536674843427
3 949 582 423 0.142066123198767 0.7104820971847887 0.8222536674843427
3 949 117 1330 0.142066123198767 0.7104820971847887 0.8222536674843427
3 423 117 949 0.142066123198767 0.7104820971847887 0.8222536674843427
3 1330 424 949 0.142066123198767 0.7104820971847887 0.8222536674843427
3 949 424 582 0.142066123198767 0.7104820971847887 0.8222536674843427
3 1351 352 353 0.142066123198767 0.7104820971847887 0.8222536674843427
3 1351 1352 361 0.142066123198767 0.7104820971847887 0.8222536674843427
3 353 1352 1351 0.142066123198767 0.7104820971847887 0.8222536674843427
3 484 485 434 0.142066123198767 0.7104820971847887 0.8222536674843427
3 619 1087 1086 0.142066123198767 0.7104820971847887 0.8222536674843427
3 619 1086 618 0.142066123198767 0.7104820971847887 0.8222536674843427
3 618 1373 619 0.142066123198767 0.7104820971847887 0.8222536674843427
3 1073 1072 611 0.142066123198767 0.7104820971847887 0.8222536674843427
3 611 1256 1257 0.142066123198767 0.7104820971847887 0.8222536674843427
3 1072 610 611 0.142066123198767 0.7104820971847887 0.8222536674843427
3 611 610 1256 0.142066123198767 0.7104820971847887 0.8222536674843427
3 1257 612 611 0.142066123198767 0.7104820971847887 0.8222536674843427
3 611 612 1073 0.142066123198767 0.7104820971847887 0.8222536674843427
3 1071 1070 609 0.142066123198767 0.7104820971847887 0.8222536674843427
3 1071 1072 830 0.142066123198767 0.7104820971847887 0.8222536674843427
3 609 610 1071 0.142066123198767 0.7104820971847887 0.8222536674843427
3 1071 610 1072 0.142066123198767 0.7104820971847887 0.8222536674843427
3 741 1025 1026 0.142066123198767 0.7104820971847887 0.8222536674843427
3 741 1205 1204 0.142066123198767 0.7104820971847887 0.8222536674843427
3 741 1026 742 0.142066123198767 0.7104820971847887 0.8222536674843427
3 742 1205 741 0.142066123198767 0.7104820971847887 0.8222536674843427
3 1204 1203 740 0.142066123198767 0.7104820971847887 0.8222536674843427
3 740 741 1204 0.142066123198767 0.7104820971847887 0.8222536674843427
3 1025 741 740 0.142066123198767 0.7104820971847887 0.8222536674843427
3 1024 1025 740 0.142066123198767 0.7104820971847887 0.8222536674843427
3 740 739 1024 0.142066123198767 0.7104820971847887 0.8222536674843427
3 1203 739 740 0.142066123198767 0.7104820971847887 0.8222536674843427
3 722 1021 1020 0.142066123198767 0.7104820971847887 0.8222536674843427
3 1202 1201 738 0.142066123198767 0.7104820971847887 0.8222536674843427
3 738 1022 1023 0.142066123198767 0.7104820971847887 0.8222536674843427
3 1023 739 738 0.142066123198767 0.7104820971847887 0.8222536674843427
3 738 739 1202 0.142066123198767 0.7104820971847887 0.8222536674843427
3 737 1021 1022 0.142066123198767 0.7104820971847887 0.8222536674843427
3 1022 738 737 0.142066123198767 0.7104820971847887 0.8222536674843427
3 737 738 1201 0.142066123198767 0.7104820971847887 0.8222536674843427
3 737 1201 377 0.142066123198767 0.7104820971847887 0.8222536674843427
3 377 1200 737 0.142066123198767 0.7104820971847887 0.8222536674843427
3 1419 172 214 0.142066123198767 0.7104820971847887 0.8222536674843427
3 1419 723 1418 0.142066123198767 0.7104820971847887 0.8222536674843427
3 1418 172 1419 0.142066123198767 0.7104820971847887 0.8222536674843427
3 722 1417 1418 0.142066123198767 0.7104820971847887 0.8222536674843427
3 1418 723 722 0.142066123198767 0.7104820971847887 0.8222536674843427
3 137 52 51 0.142066123198767 0.7104820971847887 0.8222536674843427
3 50 717 51 0.142066123198767 0.7104820971847887 0.8222536674843427
3 51 717 137 0.142066123198767 0.7104820971847887 0.8222536674843427
3 53 52 173 0.142066123198767 0.7104820971847887 0.8222536674843427
3 55 54 216 0.142066123198767 0.7104820971847887 0.8222536674843427
3 222 376 1199 0.142066123198767 0.7104820971847887 0.8222536674843427
3 376 863 1199 0.142066123198767 0.7104820971847887 0.8222536674843427
3 221 735 1199 0.142066123198767 0.7104820971847887 0.8222536674843427
3 1199 735 222 0.142066123198767 0.7104820971847887 0.8222536674843427
3 385 308 863 0.142066123198767 0.7104820971847887 0.8222536674843427
3 385 863 376 0.142066123198767 0.7104820971847887 0.8222536674843427
3 385 864 309 0.142066123198767 0.7104820971847887 0.8222536674843427
3 376 864 385 0.142066123198767 0.7104820971847887 0.8222536674843427
3 384 308 1162 0.142066123198767 0.7104820971847887 0.8222536674843427
3 863 308 384 0.142066123198767 0.7104820971847887 0.8222536674843427
3 1198 734 221 0.142066123198767 0.7104820971847887 0.8222536674843427
3 862 374 1198 0.142066123198767 0.7104820971847887 0.8222536674843427
3 311 223 770 0.142066123198767 0.7104820971847887 0.8222536674843427
3 303 310 1157 0.142066123198767 0.7104820971847887 0.8222536674843427
3 857 378 369 0.142066123198767 0.7104820971847887 0.8222536674843427
3 302 378 857 0.142066123198767 0.7104820971847887 0.8222536674843427
3 732 175 219 0.142066123198767 0.7104820971847887 0.8222536674843427
3 1016 175 732 0.142066123198767 0.7104820971847887 0.8222536674843427
3 176 1017 139 0.142066123198767 0.7104820971847887 0.8222536674843427
3 160 875 874 0.142066123198767 0.7104820971847887 0.8222536674843427
3 875 195 874 0.142066123198767 0.7104820971847887 0.8222536674843427
3 233 199 573 0.142066123198767 0.7104820971847887 0.8222536674843427
3 199 232 573 0.142066123198767 0.7104820971847887 0.8222536674843427
3 573 232 193 0.142066123198767 0.7104820971847887 0.8222536674843427
3 126 1214 122 0.142066123198767 0.7104820971847887 0.8222536674843427
3 122 1213 126 0.142066123198767 0.7104820971847887 0.8222536674843427
3 122 1214 388 0.142066123198767 0.7104820971847887 0.8222536674843427
3 161 875 160 0.142066123198767 0.7104820971847887 0.8222536674843427
3 161 562 563 0.142066123198767 0.7104820971847887 0.8222536674843427
3 160 562 161 0.142066123198767 0.7104820971847887 0.8222536674843427
3 563 564 161 0.142066123198767 0.7104820971847887 0.8222536674843427
3 161 564 876 0.142066123198767 0.7104820971847887 0.8222536674843427
3 876 875 161 0.142066123198767 0.7104820971847887 0.8222536674843427
3 235 575 196 0.142066123198767 0.7104820971847887 0.8222536674843427
3 876 877 196 0.142066123198767 0.7104820971847887 0.8222536674843427
3 196 875 876 0.142066123198767 0.7104820971847887 0.8222536674843427
3 196 195 875 0.142066123198767 0.7104820971847887 0.8222536674843427
3 234 195 196 0.142066123198767 0.7104820971847887 0.8222536674843427
3 196 575 234 0.142066123198767 0.7104820971847887 0.8222536674843427
3 576 878 236 0.142066123198767 0.7104820971847887 0.8222536674843427
3 576 877 878 0.142066123198767 0.7104820971847887 0.8222536674843427
3 236 202 576 0.142066123198767 0.7104820971847887 0.8222536674843427
3 576 202 235 0.142066123198767 0.7104820971847887 0.8222536674843427
3 235 196 576 0.142066123198767 0.7104820971847887 0.8222536674843427
3 576 196 877 0.142066123198767 0.7104820971847887 0.8222536674843427
3 166 1215 127 0.142066123198767 0.7104820971847887 0.8222536674843427
3 202 1215 166 0.142066123198767 0.7104820971847887 0.8222536674843427
3 235 202 166 0.142066123198767 0.7104820971847887 0.8222536674843427
3 127 201 166 0.142066123198767 0.7104820971847887 0.8222536674843427
3 166 201 235 0.142066123198767 0.7104820971847887 0.8222536674843427
3 187 1435 186 0.142066123198767 0.7104820971847887 0.8222536674843427
3 158 157 559 0.142066123198767 0.7104820971847887 0.8222536674843427
3 559 560 158 0.142066123198767 0.7104820971847887 0.8222536674843427
3 159 560 561 0.142066123198767 0.7104820971847887 0.8222536674843427
3 561 160 159 0.142066123198767 0.7104820971847887 0.8222536674843427
3 873 158 159 0.142066123198767 0.7104820971847887 0.8222536674843427
3 159 158 560 0.142066123198767 0.7104820971847887 0.8222536674843427
3 160 874 159 0.142066123198767 0.7104820971847887 0.8222536674843427
3 159 874 873 0.142066123198767 0.7104820971847887 0.8222536674843427
3 428 904 418 0.142066123198767 0.7104820971847887 0.8222536674843427
3 954 428 418 0.142066123198767 0.7104820971847887 0.8222536674843427
3 418 1335 954 0.142066123198767 0.7104820971847887 0.8222536674843427
3 418 904 1177 0.142066123198767 0.7104820971847887 0.8222536674843427
3 336 1334 417 0.142066123198767 0.7104820971847887 0.8222536674843427
3 336 904 1334 0.142066123198767 0.7104820971847887 0.8222536674843427
3 417 1176 336 0.142066123198767 0.7104820971847887 0.8222536674843427
3 272 110 1455 0.142066123198767 0.7104820971847887 0.8222536674843427
3 1178 338 419 0.142066123198767 0.7104820971847887 0.8222536674843427
3 419 905 1178 0.142066123198767 0.7104820971847887 0.8222536674843427
3 111 279 112 0.142066123198767 0.7104820971847887 0.8222536674843427
3 274 1457 815 0.142066123198767 0.7104820971847887 0.8222536674843427
3 274 1456 1457 0.142066123198767 0.7104820971847887 0.8222536674843427
3 815 282 274 0.142066123198767 0.7104820971847887 0.8222536674843427
3 1459 269 277 0.142066123198767 0.7104820971847887 0.8222536674843427
3 269 1460 277 0.142066123198767 0.7104820971847887 0.8222536674843427
3 277 817 1459 0.142066123198767 0.7104820971847887 0.8222536674843427
3 1489 1488 960 0.142066123198767 0.7104820971847887 0.8222536674843427
3 1489 769 1488 0.142066123198767 0.7104820971847887 0.8222536674843427
3 1063 769 1489 0.142066123198767 0.7104820971847887 0.8222536674843427
3 1489 1490 1063 0.142066123198767 0.7104820971847887 0.8222536674843427
3 1184 911 819 0.142066123198767 0.7104820971847887 0.8222536674843427
3 1184 819 1461 0.142066123198767 0.7104820971847887 0.8222536674843427
3 1461 820 1184 0.142066123198767 0.7104820971847887 0.8222536674843427
3 1341 1340 910 0.142066123198767 0.7104820971847887 0.8222536674843427
3 910 911 1341 0.142066123198767 0.7104820971847887 0.8222536674843427
3 959 1340 1341 0.142066123198767 0.7104820971847887 0.8222536674843427
3 1341 960 959 0.142066123198767 0.7104820971847887 0.8222536674843427
3 832 833 684 0.142066123198767 0.7104820971847887 0.8222536674843427
3 684 683 832 0.142066123198767 0.7104820971847887 0.8222536674843427
3 1376 683 684 0.142066123198767 0.7104820971847887 0.8222536674843427
3 684 833 685 0.142066123198767 0.7104820971847887 0.8222536674843427
3 684 685 1377 0.142066123198767 0.7104820971847887 0.8222536674843427
3 1377 1376 684 0.142066123198767 0.7104820971847887 0.8222536674843427
3 988 367 368 0.142066123198767 0.7104820971847887 0.8222536674843427
3 763 764 1056 0.142066123198767 0.7104820971847887 0.8222536674843427
3 671 1055 1056 0.142066123198767 0.7104820971847887 0.8222536674843427
3 1055 763 1056 0.142066123198767 0.7104820971847887 0.8222536674843427
3 1485 766 765 0.142066123198767 0.7104820971847887 0.8222536674843427
3 766 1059 765 0.142066123198767 0.7104820971847887 0.8222536674843427
3 765 1484 1485 0.142066123198767 0.7104820971847887 0.8222536674843427
3 764 1484 765 0.142066123198767 0.7104820971847887 0.8222536674843427
3 675 674 1058 0.142066123198767 0.7104820971847887 0.8222536674843427
3 1058 1059 675 0.142066123198767 0.7104820971847887 0.8222536674843427
3 1058 765 1059 0.142066123198767 0.7104820971847887 0.8222536674843427
3 674 673 1058 0.142066123198767 0.7104820971847887 0.8222536674843427
3 764 765 1058 0.142066123198767 0.7104820971847887 0.8222536674843427
3 430 1336 906 0.142066123198767 0.7104820971847887 0.8222536674843427
3 430 972 589 0.142066123198767 0.7104820971847887 0.8222536674843427
3 430 955 1336 0.142066123198767 0.7104820971847887 0.8222536674843427
3 589 350 430 0.142066123198767 0.7104820971847887 0.8222536674843427
3 350 955 430 0.142066123198767 0.7104820971847887 0.8222536674843427
3 421 907 1180 0.142066123198767 0.7104820971847887 0.8222536674843427
3 431 907 421 0.142066123198767 0.7104820971847887 0.8222536674843427
3 285 277 1182 0.142066123198767 0.7104820971847887 0.8222536674843427
3 817 277 285 0.142066123198767 0.7104820971847887 0.8222536674843427
3 973 590 431 0.142066123198767 0.7104820971847887 0.8222536674843427
3 1486 590 973 0.142066123198767 0.7104820971847887 0.8222536674843427
3 973 591 1486 0.142066123198767 0.7104820971847887 0.8222536674843427
3 431 421 973 0.142066123198767 0.7104820971847887 0.8222536674843427
3 973 421 1338 0.142066123198767 0.7104820971847887 0.8222536674843427
3 419 955 429 0.142066123198767 0.7104820971847887 0.8222536674843427
3 429 905 419 0.142066123198767 0.7104820971847887 0.8222536674843427
3 1335 905 429 0.142066123198767 0.7104820971847887 0.8222536674843427
3 429 955 588 0.142066123198767 0.7104820971847887 0.8222536674843427
3 954 1335 429 0.142066123198767 0.7104820971847887 0.8222536674843427
3 429 349 954 0.142066123198767 0.7104820971847887 0.8222536674843427
3 588 349 429 0.142066123198767 0.7104820971847887 0.8222536674843427
3 488 487 599 0.142066123198767 0.7104820971847887 0.8222536674843427
3 599 600 488 0.142066123198767 0.7104820971847887 0.8222536674843427
3 600 489 488 0.142066123198767 0.7104820971847887 0.8222536674843427
3 365 985 364 0.142066123198767 0.7104820971847887 0.8222536674843427
3 986 985 365 0.142066123198767 0.7104820971847887 0.8222536674843427
3 448 447 987 0.142066123198767 0.7104820971847887 0.8222536674843427
3 987 447 986 0.142066123198767 0.7104820971847887 0.8222536674843427
3 987 988 448 0.142066123198767 0.7104820971847887 0.8222536674843427
3 987 367 988 0.142066123198767 0.7104820971847887 0.8222536674843427
3 1163 385 309 0.142066123198767 0.7104820971847887 0.8222536674843427
3 308 385 1163 0.142066123198767 0.7104820971847887 0.8222536674843427
3 749 184 229 0.142066123198767 0.7104820971847887 0.8222536674843427
3 776 317 229 0.142066123198767 0.7104820971847887 0.8222536674843427
3 748 776 229 0.142066123198767 0.7104820971847887 0.8222536674843427
3 229 184 748 0.142066123198767 0.7104820971847887 0.8222536674843427
3 777 749 229 0.142066123198767 0.7104820971847887 0.8222536674843427
3 229 317 777 0.142066123198767 0.7104820971847887 0.8222536674843427
3 564 922 565 0.142066123198767 0.7104820971847887 0.8222536674843427
3 876 564 565 0.142066123198767 0.7104820971847887 0.8222536674843427
3 565 877 876 0.142066123198767 0.7104820971847887 0.8222536674843427
3 566 877 565 0.142066123198767 0.7104820971847887 0.8222536674843427
3 755 782 1170 0.142066123198767 0.7104820971847887 0.8222536674843427
3 1171 870 1207 0.142066123198767 0.7104820971847887 0.8222536674843427
3 1207 1208 1171 0.142066123198767 0.7104820971847887 0.8222536674843427
3 1204 1205 868 0.142066123198767 0.7104820971847887 0.8222536674843427
3 1168 867 868 0.142066123198767 0.7104820971847887 0.8222536674843427
3 868 867 1204 0.142066123198767 0.7104820971847887 0.8222536674843427
3 868 781 1168 0.142066123198767 0.7104820971847887 0.8222536674843427
3 1169 781 868 0.142066123198767 0.7104820971847887 0.8222536674843427
3 754 1444 651 0.142066123198767 0.7104820971847887 0.8222536674843427
3 651 781 754 0.142066123198767 0.7104820971847887 0.8222536674843427
3 1169 782 754 0.142066123198767 0.7104820971847887 0.8222536674843427
3 754 781 1169 0.142066123198767 0.7104820971847887 0.8222536674843427
3 140 720 1019 0.142066123198767 0.7104820971847887 0.8222536674843427
3 1019 720 141 0.142066123198767 0.7104820971847887 0.8222536674843427
3 1416 1415 169 0.142066123198767 0.7104820971847887 0.8222536674843427
3 169 170 1416 0.142066123198767 0.7104820971847887 0.8222536674843427
3 1416 170 1417 0.142066123198767 0.7104820971847887 0.8222536674843427
3 1417 136 1416 0.142066123198767 0.7104820971847887 0.8222536674843427
3 135 1416 136 0.142066123198767 0.7104820971847887 0.8222536674843427
3 1415 1416 135 0.142066123198767 0.7104820971847887 0.8222536674843427
3 134 1415 135 0.142066123198767 0.7104820971847887 0.8222536674843427
3 135 720 134 0.142066123198767 0.7104820971847887 0.8222536674843427
3 1440 554 553 0.142066123198767 0.7104820971847887 0.8222536674843427
3 553 1439 1440 0.142066123198767 0.7104820971847887 0.8222536674843427
3 1440 1439 647 0.142066123198767 0.7104820971847887 0.8222536674843427
3 1167 867 1168 0.142066123198767 0.7104820971847887 0.8222536674843427
3 866 867 1167 0.142066123198767 0.7104820971847887 0.8222536674843427
3 1167 1166 866 0.142066123198767 0.7104820971847887 0.8222536674843427
3 651 1444 1443 0.142066123198767 0.7104820971847887 0.8222536674843427
3 554 1440 1441 0.142066123198767 0.7104820971847887 0.8222536674843427
3 1164 317 776 0.142066123198767 0.7104820971847887 0.8222536674843427
3 309 386 1164 0.142066123198767 0.7104820971847887 0.8222536674843427
3 386 317 1164 0.142066123198767 0.7104820971847887 0.8222536674843427
3 616 1078 1077 0.142066123198767 0.7104820971847887 0.8222536674843427
3 616 1077 615 0.142066123198767 0.7104820971847887 0.8222536674843427
3 615 1261 616 0.142066123198767 0.7104820971847887 0.8222536674843427
3 616 1261 1262 0.142066123198767 0.7104820971847887 0.8222536674843427
3 1262 1078 616 0.142066123198767 0.7104820971847887 0.8222536674843427
3 993 992 1362 0.142066123198767 0.7104820971847887 0.8222536674843427
3 1261 992 993 0.142066123198767 0.7104820971847887 0.8222536674843427
3 1262 1261 993 0.142066123198767 0.7104820971847887 0.8222536674843427
3 993 994 1262 0.142066123198767 0.7104820971847887 0.8222536674843427
3 1362 1363 993 0.142066123198767 0.7104820971847887 0.8222536674843427
3 1363 994 993 0.142066123198767 0.7104820971847887 0.8222536674843427
3 991 992 1260 0.142066123198767 0.7104820971847887 0.8222536674843427
3 1260 1259 991 0.142066123198767 0.7104820971847887 0.8222536674843427
3 1260 1261 615 0.142066123198767 0.7104820971847887 0.8222536674843427
3 1260 992 1261 0.142066123198767 0.7104820971847887 0.8222536674843427
3 614 1259 1260 0.142066123198767 0.7104820971847887 0.8222536674843427
3 1260 615 614 0.142066123198767 0.7104820971847887 0.8222536674843427
3 804 803 263 0.142066123198767 0.7104820971847887 0.8222536674843427
3 263 803 262 0.142066123198767 0.7104820971847887 0.8222536674843427
3 263 262 1036 0.142066123198767 0.7104820971847887 0.8222536674843427
3 263 264 804 0.142066123198767 0.7104820971847887 0.8222536674843427
3 962 1490 1343 0.142066123198767 0.7104820971847887 0.8222536674843427
3 1343 914 962 0.142066123198767 0.7104820971847887 0.8222536674843427
3 1491 1064 962 0.142066123198767 0.7104820971847887 0.8222536674843427
3 1064 1490 962 0.142066123198767 0.7104820971847887 0.8222536674843427
3 962 1344 1491 0.142066123198767 0.7104820971847887 0.8222536674843427
3 962 914 1344 0.142066123198767 0.7104820971847887 0.8222536674843427
3 1342 1489 960 0.142066123198767 0.7104820971847887 0.8222536674843427
3 1186 822 1187 0.142066123198767 0.7104820971847887 0.8222536674843427
3 1186 821 822 0.142066123198767 0.7104820971847887 0.8222536674843427
3 1464 822 1463 0.142066123198767 0.7104820971847887 0.8222536674843427
3 1346 1493 980 0.142066123198767 0.7104820971847887 0.8222536674843427
3 692 1141 1140 0.142066123198767 0.7104820971847887 0.8222536674843427
3 1140 691 692 0.142066123198767 0.7104820971847887 0.8222536674843427
3 842 841 1140 0.142066123198767 0.7104820971847887 0.8222536674843427
3 1140 1141 842 0.142066123198767 0.7104820971847887 0.8222536674843427
3 33 515 1392 0.142066123198767 0.7104820971847887 0.8222536674843427
3 1392 34 33 0.142066123198767 0.7104820971847887 0.8222536674843427
3 526 34 1392 0.142066123198767 0.7104820971847887 0.8222536674843427
3 1392 1393 526 0.142066123198767 0.7104820971847887 0.8222536674843427
3 1000 1001 517 0.142066123198767 0.7104820971847887 0.8222536674843427
3 1001 518 517 0.142066123198767 0.7104820971847887 0.8222536674843427
3 517 1394 1393 0.142066123198767 0.7104820971847887 0.8222536674843427
3 517 518 1394 0.142066123198767 0.7104820971847887 0.8222536674843427
3 528 1394 1395 0.142066123198767 0.7104820971847887 0.8222536674843427
3 1395 529 528 0.142066123198767 0.7104820971847887 0.8222536674843427
3 1396 529 1395 0.142066123198767 0.7104820971847887 0.8222536674843427
3 1394 518 1395 0.142066123198767 0.7104820971847887 0.8222536674843427
3 1081 840 839 0.142066123198767 0.7104820971847887 0.8222536674843427
3 1080 1264 1081 0.142066123198767 0.7104820971847887 0.8222536674843427
3 1081 839 1080 0.142066123198767 0.7104820971847887 0.8222536674843427
3 1081 1264 1265 0.142066123198767 0.7104820971847887 0.8222536674843427
3 1387 1101 1100 0.142066123198767 0.7104820971847887 0.8222536674843427
3 1100 1101 1284 0.142066123198767 0.7104820971847887 0.8222536674843427
3 1009 1116 1010 0.142066123198767 0.7104820971847887 0.8222536674843427
3 1010 1117 1011 0.142066123198767 0.7104820971847887 0.8222536674843427
3 1010 1116 1117 0.142066123198767 0.7104820971847887 0.8222536674843427
3 459 460 1005 0.142066123198767 0.7104820971847887 0.8222536674843427
3 1111 460 459 0.142066123198767 0.7104820971847887 0.8222536674843427
3 1114 1008 1007 0.142066123198767 0.7104820971847887 0.8222536674843427
3 1002 457 1003 0.142066123198767 0.7104820971847887 0.8222536674843427
3 1003 457 458 0.142066123198767 0.7104820971847887 0.8222536674843427
3 635 1128 636 0.142066123198767 0.7104820971847887 0.8222536674843427
3 636 1296 635 0.142066123198767 0.7104820971847887 0.8222536674843427
3 1297 1296 636 0.142066123198767 0.7104820971847887 0.8222536674843427
3 533 1128 1127 0.142066123198767 0.7104820971847887 0.8222536674843427
3 1127 1128 635 0.142066123198767 0.7104820971847887 0.8222536674843427
3 635 634 1127 0.142066123198767 0.7104820971847887 0.8222536674843427
3 1127 634 1126 0.142066123198767 0.7104820971847887 0.8222536674843427
3 1403 1010 1011 0.142066123198767 0.7104820971847887 0.8222536674843427
3 1008 1009 525 0.142066123198767 0.7104820971847887 0.8222536674843427
3 1009 1010 525 0.142066123198767 0.7104820971847887 0.8222536674843427
3 1010 1403 525 0.142066123198767 0.7104820971847887 0.8222536674843427
3 1396 520 1397 0.142066123198767 0.7104820971847887 0.8222536674843427
3 1399 1400 533 0.142066123198767 0.7104820971847887 0.8222536674843427
3 1399 1398 522 0.142066123198767 0.7104820971847887 0.8222536674843427
3 1126 1125 531 0.142066123198767 0.7104820971847887 0.8222536674843427
3 531 1397 1398 0.142066123198767 0.7104820971847887 0.8222536674843427
3 1209 1208 1030 0.142066123198767 0.7104820971847887 0.8222536674843427
3 885 884 930 0.142066123198767 0.7104820971847887 0.8222536674843427
3 931 885 930 0.142066123198767 0.7104820971847887 0.8222536674843427
3 695 694 1294 0.142066123198767 0.7104820971847887 0.8222536674843427
3 1294 1295 695 0.142066123198767 0.7104820971847887 0.8222536674843427
3 695 1295 696 0.142066123198767 0.7104820971847887 0.8222536674843427
3 1143 694 695 0.142066123198767 0.7104820971847887 0.8222536674843427
3 1294 694 1293 0.142066123198767 0.7104820971847887 0.8222536674843427
3 1292 632 1293 0.142066123198767 0.7104820971847887 0.8222536674843427
3 632 633 1293 0.142066123198767 0.7104820971847887 0.8222536674843427
3 1293 633 1294 0.142066123198767 0.7104820971847887 0.8222536674843427
3 693 692 1292 0.142066123198767 0.7104820971847887 0.8222536674843427
3 1292 1293 693 0.142066123198767 0.7104820971847887 0.8222536674843427
3 693 1293 694 0.142066123198767 0.7104820971847887 0.8222536674843427
3 693 1141 692 0.142066123198767 0.7104820971847887 0.8222536674843427
3 1142 1141 693 0.142066123198767 0.7104820971847887 0.8222536674843427
3 693 694 1142 0.142066123198767 0.7104820971847887 0.8222536674843427
3 1475 1497 1412 0.142066123198767 0.7104820971847887 0.8222536674843427
3 1412 1433 1309 0.142066123198767 0.7104820971847887 0.8222536674843427
3 1497 1433 1412 0.142066123198767 0.7104820971847887 0.8222536674843427
3 1302 640 1134 0.142066123198767 0.7104820971847887 0.8222536674843427
3 1154 1153 1304 0.142066123198767 0.7104820971847887 0.8222536674843427
3 1011 1117 1118 0.142066123198767 0.7104820971847887 0.8222536674843427
3 1118 1012 1011 0.142066123198767 0.7104820971847887 0.8222536674843427
3 1117 1286 1118 0.142066123198767 0.7104820971847887 0.8222536674843427
3 1013 1012 1118 0.142066123198767 0.7104820971847887 0.8222536674843427
3 1132 640 639 0.142066123198767 0.7104820971847887 0.8222536674843427
3 639 640 1300 0.142066123198767 0.7104820971847887 0.8222536674843427
3 1133 640 1132 0.142066123198767 0.7104820971847887 0.8222536674843427
3 1134 640 1133 0.142066123198767 0.7104820971847887 0.8222536674843427
3 296 464 297 0.142066123198767 0.7104820971847887 0.8222536674843427
3 297 212 296 0.142066123198767 0.7104820971847887 0.8222536674843427
3 540 541 466 0.142066123198767 0.7104820971847887 0.8222536674843427
3 466 541 467 0.142066123198767 0.7104820971847887 0.8222536674843427
3 1146 848 1145 0.142066123198767 0.7104820971847887 0.8222536674843427
3 1146 1145 697 0.142066123198767 0.7104820971847887 0.8222536674843427
3 697 698 1146 0.142066123198767 0.7104820971847887 0.8222536674843427
3 298 214 213 0.142066123198767 0.7104820971847887 0.8222536674843427
3 213 214 172 0.142066123198767 0.7104820971847887 0.8222536674843427
3 213 297 298 0.142066123198767 0.7104820971847887 0.8222536674843427
3 212 297 213 0.142066123198767 0.7104820971847887 0.8222536674843427
3 706 705 842 0.142066123198767 0.7104820971847887 0.8222536674843427
3 540 539 706 0.142066123198767 0.7104820971847887 0.8222536674843427
3 539 705 706 0.142066123198767 0.7104820971847887 0.8222536674843427
3 1144 846 1143 0.142066123198767 0.7104820971847887 0.8222536674843427
3 1144 696 1145 0.142066123198767 0.7104820971847887 0.8222536674843427
3 1144 695 696 0.142066123198767 0.7104820971847887 0.8222536674843427
3 1143 695 1144 0.142066123198767 0.7104820971847887 0.8222536674843427
3 1145 848 847 0.142066123198767 0.7104820971847887 0.8222536674843427
3 847 1144 1145 0.142066123198767 0.7104820971847887 0.8222536674843427
3 846 1144 847 0.142066123198767 0.7104820971847887 0.8222536674843427
3 851 852 715 0.142066123198767 0.7104820971847887 0.8222536674843427
3 854 716 853 0.142066123198767 0.7104820971847887 0.8222536674843427
3 716 852 853 0.142066123198767 0.7104820971847887 0.8222536674843427
3 853 1151 854 0.142066123198767 0.7104820971847887 0.8222536674843427
3 1150 1151 853 0.142066123198767 0.7104820971847887 0.8222536674843427
3 853 852 1150 0.142066123198767 0.7104820971847887 0.8222536674843427
3 1210 1429 1430 0.142066123198767 0.7104820971847887 0.8222536674843427
3 1430 1211 1210 0.142066123198767 0.7104820971847887 0.8222536674843427
3 1210 1211 1174 0.142066123198767 0.7104820971847887 0.8222536674843427
3 1427 1029 1426 0.142066123198767 0.7104820971847887 0.8222536674843427
3 1426 1029 1028 0.142066123198767 0.7104820971847887 0.8222536674843427
3 1426 716 1427 0.142066123198767 0.7104820971847887 0.8222536674843427
3 715 716 1426 0.142066123198767 0.7104820971847887 0.8222536674843427
3 728 1027 1026 0.142066123198767 0.7104820971847887 0.8222536674843427
3 729 1027 728 0.142066123198767 0.7104820971847887 0.8222536674843427
3 468 300 467 0.142066123198767 0.7104820971847887 0.8222536674843427
3 709 846 710 0.142066123198767 0.7104820971847887 0.8222536674843427
3 846 847 710 0.142066123198767 0.7104820971847887 0.8222536674843427
3 300 468 301 0.142066123198767 0.7104820971847887 0.8222536674843427
3 1299 700 1298 0.142066123198767 0.7104820971847887 0.8222536674843427
3 1299 1298 638 0.142066123198767 0.7104820971847887 0.8222536674843427
3 1299 639 1300 0.142066123198767 0.7104820971847887 0.8222536674843427
3 638 639 1299 0.142066123198767 0.7104820971847887 0.8222536674843427
3 701 1299 1300 0.142066123198767 0.7104820971847887 0.8222536674843427
3 700 1299 701 0.142066123198767 0.7104820971847887 0.8222536674843427
3 1409 1014 1120 0.142066123198767 0.7104820971847887 0.8222536674843427
3 1287 1288 1120 0.142066123198767 0.7104820971847887 0.8222536674843427
3 1267 1083 1266 0.142066123198767 0.7104820971847887 0.8222536674843427
3 1266 1367 1267 0.142066123198767 0.7104820971847887 0.8222536674843427
3 1082 1081 1265 0.142066123198767 0.7104820971847887 0.8222536674843427
3 840 1081 1082 0.142066123198767 0.7104820971847887 0.8222536674843427
3 1265 1266 1082 0.142066123198767 0.7104820971847887 0.8222536674843427
3 1082 1266 1083 0.142066123198767 0.7104820971847887 0.8222536674843427
3 1369 1269 1268 0.142066123198767 0.7104820971847887 0.8222536674843427
3 1268 1368 1369 0.142066123198767 0.7104820971847887 0.8222536674843427
3 1267 1368 1268 0.142066123198767 0.7104820971847887 0.8222536674843427
3 1115 1116 1009 0.142066123198767 0.7104820971847887 0.8222536674843427
3 1115 1008 1114 0.142066123198767 0.7104820971847887 0.8222536674843427
3 1115 1009 1008 0.142066123198767 0.7104820971847887 0.8222536674843427
3 1284 1116 1115 0.142066123198767 0.7104820971847887 0.8222536674843427
3 1284 1101 1285 0.142066123198767 0.7104820971847887 0.8222536674843427
3 1285 1101 1286 0.142066123198767 0.7104820971847887 0.8222536674843427
3 1285 1286 1117 0.142066123198767 0.7104820971847887 0.8222536674843427
3 1117 1116 1285 0.142066123198767 0.7104820971847887 0.8222536674843427
3 1285 1116 1284 0.142066123198767 0.7104820971847887 0.8222536674843427
3 1364 1365 995 0.142066123198767 0.7104820971847887 0.8222536674843427
3 1365 996 995 0.142066123198767 0.7104820971847887 0.8222536674843427
3 995 996 1264 0.142066123198767 0.7104820971847887 0.8222536674843427
3 1264 1263 995 0.142066123198767 0.7104820971847887 0.8222536674843427
3 995 994 1364 0.142066123198767 0.7104820971847887 0.8222536674843427
3 995 1263 994 0.142066123198767 0.7104820971847887 0.8222536674843427
3 837 1079 838 0.142066123198767 0.7104820971847887 0.8222536674843427
3 838 689 837 0.142066123198767 0.7104820971847887 0.8222536674843427
3 838 1079 1080 0.142066123198767 0.7104820971847887 0.8222536674843427
3 1080 839 838 0.142066123198767 0.7104820971847887 0.8222536674843427
3 1381 1380 688 0.142066123198767 0.7104820971847887 0.8222536674843427
3 688 689 1381 0.142066123198767 0.7104820971847887 0.8222536674843427
3 626 1380 1381 0.142066123198767 0.7104820971847887 0.8222536674843427
3 689 1382 1381 0.142066123198767 0.7104820971847887 0.8222536674843427
3 1105 506 507 0.142066123198767 0.7104820971847887 0.8222536674843427
3 508 1106 507 0.142066123198767 0.7104820971847887 0.8222536674843427
3 507 1106 1105 0.142066123198767 0.7104820971847887 0.8222536674843427
3 507 1274 508 0.142066123198767 0.7104820971847887 0.8222536674843427
3 507 506 1273 0.142066123198767 0.7104820971847887 0.8222536674843427
3 1273 1274 507 0.142066123198767 0.7104820971847887 0.8222536674843427
3 1277 500 501 0.142066123198767 0.7104820971847887 0.8222536674843427
3 626 1094 1093 0.142066123198767 0.7104820971847887 0.8222536674843427
3 500 1092 1093 0.142066123198767 0.7104820971847887 0.8222536674843427
3 1093 501 500 0.142066123198767 0.7104820971847887 0.8222536674843427
3 1094 501 1093 0.142066123198767 0.7104820971847887 0.8222536674843427
3 1093 625 626 0.142066123198767 0.7104820971847887 0.8222536674843427
3 1093 1092 625 0.142066123198767 0.7104820971847887 0.8222536674843427
3 458 457 1109 0.142066123198767 0.7104820971847887 0.8222536674843427
3 1109 457 1108 0.142066123198767 0.7104820971847887 0.8222536674843427
3 1108 510 1109 0.142066123198767 0.7104820971847887 0.8222536674843427
3 1109 510 511 0.142066123198767 0.7104820971847887 0.8222536674843427
3 456 1107 1108 0.142066123198767 0.7104820971847887 0.8222536674843427
3 1108 457 456 0.142066123198767 0.7104820971847887 0.8222536674843427
3 1002 1001 456 0.142066123198767 0.7104820971847887 0.8222536674843427
3 456 457 1002 0.142066123198767 0.7104820971847887 0.8222536674843427
3 1106 1107 455 0.142066123198767 0.7104820971847887 0.8222536674843427
3 455 454 1106 0.142066123198767 0.7104820971847887 0.8222536674843427
3 1107 456 455 0.142066123198767 0.7104820971847887 0.8222536674843427
3 1000 454 455 0.142066123198767 0.7104820971847887 0.8222536674843427
3 455 1001 1000 0.142066123198767 0.7104820971847887 0.8222536674843427
3 455 456 1001 0.142066123198767 0.7104820971847887 0.8222536674843427
3 499 1275 498 0.142066123198767 0.7104820971847887 0.8222536674843427
3 499 498 1091 0.142066123198767 0.7104820971847887 0.8222536674843427
3 1091 1092 499 0.142066123198767 0.7104820971847887 0.8222536674843427
3 499 1092 500 0.142066123198767 0.7104820971847887 0.8222536674843427
3 499 500 1276 0.142066123198767 0.7104820971847887 0.8222536674843427
3 1276 1275 499 0.142066123198767 0.7104820971847887 0.8222536674843427
3 945 1321 1322 0.142066123198767 0.7104820971847887 0.8222536674843427
3 1323 946 1322 0.142066123198767 0.7104820971847887 0.8222536674843427
3 1322 946 945 0.142066123198767 0.7104820971847887 0.8222536674843427
3 1322 1321 664 0.142066123198767 0.7104820971847887 0.8222536674843427
3 1322 900 1323 0.142066123198767 0.7104820971847887 0.8222536674843427
3 1322 664 900 0.142066123198767 0.7104820971847887 0.8222536674843427
3 944 1321 945 0.142066123198767 0.7104820971847887 0.8222536674843427
3 1245 943 944 0.142066123198767 0.7104820971847887 0.8222536674843427
3 943 413 944 0.142066123198767 0.7104820971847887 0.8222536674843427
3 944 413 1321 0.142066123198767 0.7104820971847887 0.8222536674843427
3 1319 413 1318 0.142066123198767 0.7104820971847887 0.8222536674843427
3 411 1316 412 0.142066123198767 0.7104820971847887 0.8222536674843427
3 401 478 402 0.142066123198767 0.7104820971847887 0.8222536674843427
3 402 403 1316 0.142066123198767 0.7104820971847887 0.8222536674843427
3 1316 403 1317 0.142066123198767 0.7104820971847887 0.8222536674843427
3 1317 412 1316 0.142066123198767 0.7104820971847887 0.8222536674843427
3 1318 413 1317 0.142066123198767 0.7104820971847887 0.8222536674843427
3 413 412 1317 0.142066123198767 0.7104820971847887 0.8222536674843427
3 475 398 397 0.142066123198767 0.7104820971847887 0.8222536674843427
3 475 657 658 0.142066123198767 0.7104820971847887 0.8222536674843427
3 96 95 396 0.142066123198767 0.7104820971847887 0.8222536674843427
3 396 95 473 0.142066123198767 0.7104820971847887 0.8222536674843427
3 400 478 401 0.142066123198767 0.7104820971847887 0.8222536674843427
3 400 477 478 0.142066123198767 0.7104820971847887 0.8222536674843427
3 399 477 400 0.142066123198767 0.7104820971847887 0.8222536674843427
3 401 1314 400 0.142066123198767 0.7104820971847887 0.8222536674843427
3 879 577 878 0.142066123198767 0.7104820971847887 0.8222536674843427
3 879 578 577 0.142066123198767 0.7104820971847887 0.8222536674843427
3 578 879 880 0.142066123198767 0.7104820971847887 0.8222536674843427
3 391 889 131 0.142066123198767 0.7104820971847887 0.8222536674843427
3 131 889 888 0.142066123198767 0.7104820971847887 0.8222536674843427
3 390 391 131 0.142066123198767 0.7104820971847887 0.8222536674843427
3 131 130 390 0.142066123198767 0.7104820971847887 0.8222536674843427
3 131 888 130 0.142066123198767 0.7104820971847887 0.8222536674843427
3 888 889 204 0.142066123198767 0.7104820971847887 0.8222536674843427
3 203 888 204 0.142066123198767 0.7104820971847887 0.8222536674843427
3 653 93 204 0.142066123198767 0.7104820971847887 0.8222536674843427
3 93 203 204 0.142066123198767 0.7104820971847887 0.8222536674843427
3 206 889 890 0.142066123198767 0.7104820971847887 0.8222536674843427
3 890 207 206 0.142066123198767 0.7104820971847887 0.8222536674843427
3 208 207 891 0.142066123198767 0.7104820971847887 0.8222536674843427
3 891 207 890 0.142066123198767 0.7104820971847887 0.8222536674843427
3 890 393 891 0.142066123198767 0.7104820971847887 0.8222536674843427
3 891 393 394 0.142066123198767 0.7104820971847887 0.8222536674843427
3 1448 930 929 0.142066123198767 0.7104820971847887 0.8222536674843427
3 929 930 884 0.142066123198767 0.7104820971847887 0.8222536674843427
3 929 884 883 0.142066123198767 0.7104820971847887 0.8222536674843427
3 883 928 929 0.142066123198767 0.7104820971847887 0.8222536674843427
3 395 894 893 0.142066123198767 0.7104820971847887 0.8222536674843427
3 395 1222 894 0.142066123198767 0.7104820971847887 0.8222536674843427
3 1221 1222 395 0.142066123198767 0.7104820971847887 0.8222536674843427
3 394 1221 395 0.142066123198767 0.7104820971847887 0.8222536674843427
3 1244 943 1245 0.142066123198767 0.7104820971847887 0.8222536674843427
3 1470 811 1045 0.142066123198767 0.7104820971847887 0.8222536674843427
3 1494 1368 1493 0.142066123198767 0.7104820971847887 0.8222536674843427
3 1369 1368 1494 0.142066123198767 0.7104820971847887 0.8222536674843427
3 663 898 664 0.142066123198767 0.7104820971847887 0.8222536674843427
3 1450 1451 1227 0.142066123198767 0.7104820971847887 0.8222536674843427
3 1174 1451 1450 0.142066123198767 0.7104820971847887 0.8222536674843427
3 899 1227 900 0.142066123198767 0.7104820971847887 0.8222536674843427
3 900 664 899 0.142066123198767 0.7104820971847887 0.8222536674843427
3 664 898 899 0.142066123198767 0.7104820971847887 0.8222536674843427
3 896 1224 897 0.142066123198767 0.7104820971847887 0.8222536674843427
3 898 663 897 0.142066123198767 0.7104820971847887 0.8222536674843427
3 897 662 896 0.142066123198767 0.7104820971847887 0.8222536674843427
3 897 663 662 0.142066123198767 0.7104820971847887 0.8222536674843427
3 1225 897 1224 0.142066123198767 0.7104820971847887 0.8222536674843427
3 898 897 1225 0.142066123198767 0.7104820971847887 0.8222536674843427
3 1225 885 931 0.142066123198767 0.7104820971847887 0.8222536674843427
3 1225 1224 885 0.142066123198767 0.7104820971847887 0.8222536674843427
3 1247 1473 1246 0.142066123198767 0.7104820971847887 0.8222536674843427
3 1245 944 1246 0.142066123198767 0.7104820971847887 0.8222536674843427
3 1246 944 945 0.142066123198767 0.7104820971847887 0.8222536674843427
3 945 946 1246 0.142066123198767 0.7104820971847887 0.8222536674843427
3 1246 946 1247 0.142066123198767 0.7104820971847887 0.8222536674843427
3 1474 1473 1247 0.142066123198767 0.7104820971847887 0.8222536674843427
3 1474 1249 1475 0.142066123198767 0.7104820971847887 0.8222536674843427
3 1309 1432 1308 0.142066123198767 0.7104820971847887 0.8222536674843427
3 1308 1307 1138 0.142066123198767 0.7104820971847887 0.8222536674843427
3 1306 1307 1156 0.142066123198767 0.7104820971847887 0.8222536674843427
3 1156 1155 1306 0.142066123198767 0.7104820971847887 0.8222536674843427
3 1307 1308 1156 0.142066123198767 0.7104820971847887 0.8222536674843427
3 1156 1431 1430 0.142066123198767 0.7104820971847887 0.8222536674843427
3 1430 1155 1156 0.142066123198767 0.7104820971847887 0.8222536674843427
3 1432 1431 1156 0.142066123198767 0.7104820971847887 0.8222536674843427
3 1156 1308 1432 0.142066123198767 0.7104820971847887 0.8222536674843427
3 900 1227 1228 0.142066123198767 0.7104820971847887 0.8222536674843427
3 1228 1229 900 0.142066123198767 0.7104820971847887 0.8222536674843427
3 1227 1451 1228 0.142066123198767 0.7104820971847887 0.8222536674843427
3 1228 1451 1452 0.142066123198767 0.7104820971847887 0.8222536674843427
3 1452 1229 1228 0.142066123198767 0.7104820971847887 0.8222536674843427
3 1326 1325 1230 0.142066123198767 0.7104820971847887 0.8222536674843427
3 947 1325 1326 0.142066123198767 0.7104820971847887 0.8222536674843427
3 1324 1325 947 0.142066123198767 0.7104820971847887 0.8222536674843427
3 1324 946 1323 0.142066123198767 0.7104820971847887 0.8222536674843427
3 947 946 1324 0.142066123198767 0.7104820971847887 0.8222536674843427
3 1323 900 1324 0.142066123198767 0.7104820971847887 0.8222536674843427
3 900 1229 1324 0.142066123198767 0.7104820971847887 0.8222536674843427
3 1229 1325 1324 0.142066123198767 0.7104820971847887 0.8222536674843427
3 1432 1433 1453 0.142066123198767 0.7104820971847887 0.8222536674843427
3 1452 1432 1453 0.142066123198767 0.7104820971847887 0.8222536674843427
3 1453 1229 1452 0.142066123198767 0.7104820971847887 0.8222536674843427
3 1230 1229 1453 0.142066123198767 0.7104820971847887 0.8222536674843427
3 1497 1329 1454 0.142066123198767 0.7104820971847887 0.8222536674843427
3 1454 1433 1497 0.142066123198767 0.7104820971847887 0.8222536674843427
3 1328 1230 1454 0.142066123198767 0.7104820971847887 0.8222536674843427
3 1454 1329 1328 0.142066123198767 0.7104820971847887 0.8222536674843427
3 1230 1453 1454 0.142066123198767 0.7104820971847887 0.8222536674843427
3 1454 1453 1433 0.142066123198767 0.7104820971847887 0.8222536674843427
3 1373 680 681 0.142066123198767 0.7104820971847887 0.8222536674843427
3 830 682 681 0.142066123198767 0.7104820971847887 0.8222536674843427
3 829 1071 830 0.142066123198767 0.7104820971847887 0.8222536674843427
3 1070 1071 829 0.142066123198767 0.7104820971847887 0.8222536674843427
3 830 681 829 0.142066123198767 0.7104820971847887 0.8222536674843427
3 829 681 680 0.142066123198767 0.7104820971847887 0.8222536674843427
3 828 1070 829 0.142066123198767 0.7104820971847887 0.8222536674843427
3 829 680 828 0.142066123198767 0.7104820971847887 0.8222536674843427
3 584 583 425 0.142066123198767 0.7104820971847887 0.8222536674843427
3 345 583 584 0.142066123198767 0.7104820971847887 0.8222536674843427
3 425 967 584 0.142066123198767 0.7104820971847887 0.8222536674843427
3 584 426 585 0.142066123198767 0.7104820971847887 0.8222536674843427
3 967 426 584 0.142066123198767 0.7104820971847887 0.8222536674843427
3 585 346 584 0.142066123198767 0.7104820971847887 0.8222536674843427
3 346 345 584 0.142066123198767 0.7104820971847887 0.8222536674843427
3 344 345 289 0.142066123198767 0.7104820971847887 0.8222536674843427
3 289 345 290 0.142066123198767 0.7104820971847887 0.8222536674843427
3 289 290 1480 0.142066123198767 0.7104820971847887 0.8222536674843427
3 1480 1479 289 0.142066123198767 0.7104820971847887 0.8222536674843427
3 758 1478 759 0.142066123198767 0.7104820971847887 0.8222536674843427
3 759 1478 1479 0.142066123198767 0.7104820971847887 0.8222536674843427
3 756 7 6 0.142066123198767 0.7104820971847887 0.8222536674843427
3 433 351 483 0.142066123198767 0.7104820971847887 0.8222536674843427
3 352 351 433 0.142066123198767 0.7104820971847887 0.8222536674843427
3 483 595 433 0.142066123198767 0.7104820971847887 0.8222536674843427
3 595 484 433 0.142066123198767 0.7104820971847887 0.8222536674843427
3 433 434 352 0.142066123198767 0.7104820971847887 0.8222536674843427
3 433 484 434 0.142066123198767 0.7104820971847887 0.8222536674843427
3 352 1351 1350 0.142066123198767 0.7104820971847887 0.8222536674843427
3 1350 351 352 0.142066123198767 0.7104820971847887 0.8222536674843427
3 594 666 667 0.142066123198767 0.7104820971847887 0.8222536674843427
3 594 595 483 0.142066123198767 0.7104820971847887 0.8222536674843427
3 594 667 595 0.142066123198767 0.7104820971847887 0.8222536674843427
3 757 756 1477 0.142066123198767 0.7104820971847887 0.8222536674843427
3 757 1478 758 0.142066123198767 0.7104820971847887 0.8222536674843427
3 1477 1478 757 0.142066123198767 0.7104820971847887 0.8222536674843427
3 485 484 596 0.142066123198767 0.7104820971847887 0.8222536674843427
3 596 668 669 0.142066123198767 0.7104820971847887 0.8222536674843427
3 595 668 596 0.142066123198767 0.7104820971847887 0.8222536674843427
3 596 484 595 0.142066123198767 0.7104820971847887 0.8222536674843427
3 669 597 596 0.142066123198767 0.7104820971847887 0.8222536674843427
3 597 485 596 0.142066123198767 0.7104820971847887 0.8222536674843427
3 1087 619 620 0.142066123198767 0.7104820971847887 0.8222536674843427
3 620 1375 621 0.142066123198767 0.7104820971847887 0.8222536674843427
3 620 621 1088 0.142066123198767 0.7104820971847887 0.8222536674843427
3 1088 1087 620 0.142066123198767 0.7104820971847887 0.8222536674843427
3 1374 619 1373 0.142066123198767 0.7104820971847887 0.8222536674843427
3 1373 681 1374 0.142066123198767 0.7104820971847887 0.8222536674843427
3 1374 681 682 0.142066123198767 0.7104820971847887 0.8222536674843427
3 1374 682 1375 0.142066123198767 0.7104820971847887 0.8222536674843427
3 1375 620 1374 0.142066123198767 0.7104820971847887 0.8222536674843427
3 1374 620 619 0.142066123198767 0.7104820971847887 0.8222536674843427
3 721 1020 141 0.142066123198767 0.7104820971847887 0.8222536674843427
3 721 135 136 0.142066123198767 0.7104820971847887 0.8222536674843427
3 721 136 722 0.142066123198767 0.7104820971847887 0.8222536674843427
3 722 1020 721 0.142066123198767 0.7104820971847887 0.8222536674843427
3 141 720 721 0.142066123198767 0.7104820971847887 0.8222536674843427
3 720 135 721 0.142066123198767 0.7104820971847887 0.8222536674843427
3 736 1020 1021 0.142066123198767 0.7104820971847887 0.8222536674843427
3 1021 737 736 0.142066123198767 0.7104820971847887 0.8222536674843427
3 736 1200 222 0.142066123198767 0.7104820971847887 0.8222536674843427
3 736 737 1200 0.142066123198767 0.7104820971847887 0.8222536674843427
3 299 214 298 0.142066123198767 0.7104820971847887 0.8222536674843427
3 299 466 467 0.142066123198767 0.7104820971847887 0.8222536674843427
3 298 466 299 0.142066123198767 0.7104820971847887 0.8222536674843427
3 467 300 299 0.142066123198767 0.7104820971847887 0.8222536674843427
3 1015 52 137 0.142066123198767 0.7104820971847887 0.8222536674843427
3 1015 173 52 0.142066123198767 0.7104820971847887 0.8222536674843427
3 217 173 731 0.142066123198767 0.7104820971847887 0.8222536674843427
3 173 1015 731 0.142066123198767 0.7104820971847887 0.8222536674843427
3 730 216 54 0.142066123198767 0.7104820971847887 0.8222536674843427
3 730 54 53 0.142066123198767 0.7104820971847887 0.8222536674843427
3 53 173 730 0.142066123198767 0.7104820971847887 0.8222536674843427
3 730 173 217 0.142066123198767 0.7104820971847887 0.8222536674843427
3 1193 216 370 0.142066123198767 0.7104820971847887 0.8222536674843427
3 369 56 1193 0.142066123198767 0.7104820971847887 0.8222536674843427
3 56 55 1193 0.142066123198767 0.7104820971847887 0.8222536674843427
3 55 216 1193 0.142066123198767 0.7104820971847887 0.8222536674843427
3 1193 857 369 0.142066123198767 0.7104820971847887 0.8222536674843427
3 370 857 1193 0.142066123198767 0.7104820971847887 0.8222536674843427
3 375 1199 863 0.142066123198767 0.7104820971847887 0.8222536674843427
3 863 384 375 0.142066123198767 0.7104820971847887 0.8222536674843427
3 375 384 862 0.142066123198767 0.7104820971847887 0.8222536674843427
3 862 1198 375 0.142066123198767 0.7104820971847887 0.8222536674843427
3 221 1199 375 0.142066123198767 0.7104820971847887 0.8222536674843427
3 375 1198 221 0.142066123198767 0.7104820971847887 0.8222536674843427
3 862 384 307 0.142066123198767 0.7104820971847887 0.8222536674843427
3 307 384 1162 0.142066123198767 0.7104820971847887 0.8222536674843427
3 861 1197 374 0.142066123198767 0.7104820971847887 0.8222536674843427
3 306 1161 313 0.142066123198767 0.7104820971847887 0.8222536674843427
3 313 1160 306 0.142066123198767 0.7104820971847887 0.8222536674843427
3 1196 732 219 0.142066123198767 0.7104820971847887 0.8222536674843427
3 218 732 1196 0.142066123198767 0.7104820971847887 0.8222536674843427
3 744 179 224 0.142066123198767 0.7104820971847887 0.8222536674843427
3 224 179 743 0.142066123198767 0.7104820971847887 0.8222536674843427
3 1159 311 304 0.142066123198767 0.7104820971847887 0.8222536674843427
3 770 310 1158 0.142066123198767 0.7104820971847887 0.8222536674843427
3 1158 311 770 0.142066123198767 0.7104820971847887 0.8222536674843427
3 310 303 1158 0.142066123198767 0.7104820971847887 0.8222536674843427
3 1158 303 380 0.142066123198767 0.7104820971847887 0.8222536674843427
3 380 304 1158 0.142066123198767 0.7104820971847887 0.8222536674843427
3 1158 304 311 0.142066123198767 0.7104820971847887 0.8222536674843427
3 858 371 380 0.142066123198767 0.7104820971847887 0.8222536674843427
3 380 303 858 0.142066123198767 0.7104820971847887 0.8222536674843427
3 370 216 1194 0.142066123198767 0.7104820971847887 0.8222536674843427
3 1194 858 370 0.142066123198767 0.7104820971847887 0.8222536674843427
3 371 858 1194 0.142066123198767 0.7104820971847887 0.8222536674843427
3 217 371 1194 0.142066123198767 0.7104820971847887 0.8222536674843427
3 1194 730 217 0.142066123198767 0.7104820971847887 0.8222536674843427
3 216 730 1194 0.142066123198767 0.7104820971847887 0.8222536674843427
3 379 303 1157 0.142066123198767 0.7104820971847887 0.8222536674843427
3 1157 302 379 0.142066123198767 0.7104820971847887 0.8222536674843427
3 302 857 379 0.142066123198767 0.7104820971847887 0.8222536674843427
3 379 858 303 0.142066123198767 0.7104820971847887 0.8222536674843427
3 379 857 370 0.142066123198767 0.7104820971847887 0.8222536674843427
3 370 858 379 0.142066123198767 0.7104820971847887 0.8222536674843427
3 1018 176 139 0.142066123198767 0.7104820971847887 0.8222536674843427
3 139 719 1018 0.142066123198767 0.7104820971847887 0.8222536674843427
3 1018 719 140 0.142066123198767 0.7104820971847887 0.8222536674843427
3 734 176 1018 0.142066123198767 0.7104820971847887 0.8222536674843427
3 220 176 734 0.142066123198767 0.7104820971847887 0.8222536674843427
3 734 1198 220 0.142066123198767 0.7104820971847887 0.8222536674843427
3 374 1197 220 0.142066123198767 0.7104820971847887 0.8222536674843427
3 220 1198 374 0.142066123198767 0.7104820971847887 0.8222536674843427
3 175 1017 733 0.142066123198767 0.7104820971847887 0.8222536674843427
3 1017 176 733 0.142066123198767 0.7104820971847887 0.8222536674843427
3 219 175 733 0.142066123198767 0.7104820971847887 0.8222536674843427
3 176 220 733 0.142066123198767 0.7104820971847887 0.8222536674843427
3 733 1197 219 0.142066123198767 0.7104820971847887 0.8222536674843427
3 733 220 1197 0.142066123198767 0.7104820971847887 0.8222536674843427
3 233 573 194 0.142066123198767 0.7104820971847887 0.8222536674843427
3 194 574 233 0.142066123198767 0.7104820971847887 0.8222536674843427
3 873 874 194 0.142066123198767 0.7104820971847887 0.8222536674843427
3 194 195 574 0.142066123198767 0.7104820971847887 0.8222536674843427
3 194 874 195 0.142066123198767 0.7104820971847887 0.8222536674843427
3 193 873 194 0.142066123198767 0.7104820971847887 0.8222536674843427
3 194 573 193 0.142066123198767 0.7104820971847887 0.8222536674843427
3 121 1213 387 0.142066123198767 0.7104820971847887 0.8222536674843427
3 1213 122 387 0.142066123198767 0.7104820971847887 0.8222536674843427
3 90 89 387 0.142066123198767 0.7104820971847887 0.8222536674843427
3 89 121 387 0.142066123198767 0.7104820971847887 0.8222536674843427
3 387 128 90 0.142066123198767 0.7104820971847887 0.8222536674843427
3 388 128 387 0.142066123198767 0.7104820971847887 0.8222536674843427
3 387 122 388 0.142066123198767 0.7104820971847887 0.8222536674843427
3 186 181 643 0.142066123198767 0.7104820971847887 0.8222536674843427
3 643 187 186 0.142066123198767 0.7104820971847887 0.8222536674843427
3 143 1435 1436 0.142066123198767 0.7104820971847887 0.8222536674843427
3 1435 187 1436 0.142066123198767 0.7104820971847887 0.8222536674843427
3 192 157 872 0.142066123198767 0.7104820971847887 0.8222536674843427
3 157 158 872 0.142066123198767 0.7104820971847887 0.8222536674843427
3 872 572 192 0.142066123198767 0.7104820971847887 0.8222536674843427
3 193 572 872 0.142066123198767 0.7104820971847887 0.8222536674843427
3 872 873 193 0.142066123198767 0.7104820971847887 0.8222536674843427
3 872 158 873 0.142066123198767 0.7104820971847887 0.8222536674843427
3 281 1178 905 0.142066123198767 0.7104820971847887 0.8222536674843427
3 110 272 812 0.142066123198767 0.7104820971847887 0.8222536674843427
3 812 111 110 0.142066123198767 0.7104820971847887 0.8222536674843427
3 1176 279 812 0.142066123198767 0.7104820971847887 0.8222536674843427
3 279 111 812 0.142066123198767 0.7104820971847887 0.8222536674843427
3 273 1456 814 0.142066123198767 0.7104820971847887 0.8222536674843427
3 1456 274 814 0.142066123198767 0.7104820971847887 0.8222536674843427
3 814 274 282 0.142066123198767 0.7104820971847887 0.8222536674843427
3 282 338 814 0.142066123198767 0.7104820971847887 0.8222536674843427
3 338 1178 814 0.142066123198767 0.7104820971847887 0.8222536674843427
3 814 281 273 0.142066123198767 0.7104820971847887 0.8222536674843427
3 1178 281 814 0.142066123198767 0.7104820971847887 0.8222536674843427
3 818 1460 278 0.142066123198767 0.7104820971847887 0.8222536674843427
3 818 277 1460 0.142066123198767 0.7104820971847887 0.8222536674843427
3 818 278 1183 0.142066123198767 0.7104820971847887 0.8222536674843427
3 1182 277 818 0.142066123198767 0.7104820971847887 0.8222536674843427
3 1183 910 818 0.142066123198767 0.7104820971847887 0.8222536674843427
3 818 910 1182 0.142066123198767 0.7104820971847887 0.8222536674843427
3 989 449 988 0.142066123198767 0.7104820971847887 0.8222536674843427
3 988 368 989 0.142066123198767 0.7104820971847887 0.8222536674843427
3 450 449 989 0.142066123198767 0.7104820971847887 0.8222536674843427
3 989 990 450 0.142066123198767 0.7104820971847887 0.8222536674843427
3 989 1359 990 0.142066123198767 0.7104820971847887 0.8222536674843427
3 989 368 1359 0.142066123198767 0.7104820971847887 0.8222536674843427
3 672 673 600 0.142066123198767 0.7104820971847887 0.8222536674843427
3 672 600 599 0.142066123198767 0.7104820971847887 0.8222536674843427
3 672 599 671 0.142066123198767 0.7104820971847887 0.8222536674843427
3 671 1056 672 0.142066123198767 0.7104820971847887 0.8222536674843427
3 439 440 358 0.142066123198767 0.7104820971847887 0.8222536674843427
3 358 357 439 0.142066123198767 0.7104820971847887 0.8222536674843427
3 440 439 490 0.142066123198767 0.7104820971847887 0.8222536674843427
3 490 439 489 0.142066123198767 0.7104820971847887 0.8222536674843427
3 490 491 440 0.142066123198767 0.7104820971847887 0.8222536674843427
3 490 602 491 0.142066123198767 0.7104820971847887 0.8222536674843427
3 600 673 601 0.142066123198767 0.7104820971847887 0.8222536674843427
3 601 489 600 0.142066123198767 0.7104820971847887 0.8222536674843427
3 601 490 489 0.142066123198767 0.7104820971847887 0.8222536674843427
3 602 490 601 0.142066123198767 0.7104820971847887 0.8222536674843427
3 674 602 601 0.142066123198767 0.7104820971847887 0.8222536674843427
3 601 673 674 0.142066123198767 0.7104820971847887 0.8222536674843427
3 1358 368 367 0.142066123198767 0.7104820971847887 0.8222536674843427
3 367 1357 1358 0.142066123198767 0.7104820971847887 0.8222536674843427
3 441 1359 1358 0.142066123198767 0.7104820971847887 0.8222536674843427
3 1359 368 1358 0.142066123198767 0.7104820971847887 0.8222536674843427
3 764 1058 1057 0.142066123198767 0.7104820971847887 0.8222536674843427
3 1057 1058 673 0.142066123198767 0.7104820971847887 0.8222536674843427
3 1057 1056 764 0.142066123198767 0.7104820971847887 0.8222536674843427
3 1057 672 1056 0.142066123198767 0.7104820971847887 0.8222536674843427
3 673 672 1057 0.142066123198767 0.7104820971847887 0.8222536674843427
3 420 1337 972 0.142066123198767 0.7104820971847887 0.8222536674843427
3 972 430 420 0.142066123198767 0.7104820971847887 0.8222536674843427
3 420 430 906 0.142066123198767 0.7104820971847887 0.8222536674843427
3 420 339 1337 0.142066123198767 0.7104820971847887 0.8222536674843427
3 906 1179 420 0.142066123198767 0.7104820971847887 0.8222536674843427
3 1179 339 420 0.142066123198767 0.7104820971847887 0.8222536674843427
3 340 421 1180 0.142066123198767 0.7104820971847887 0.8222536674843427
3 284 908 340 0.142066123198767 0.7104820971847887 0.8222536674843427
3 908 1338 340 0.142066123198767 0.7104820971847887 0.8222536674843427
3 1338 421 340 0.142066123198767 0.7104820971847887 0.8222536674843427
3 340 816 284 0.142066123198767 0.7104820971847887 0.8222536674843427
3 1180 816 340 0.142066123198767 0.7104820971847887 0.8222536674843427
3 592 1340 959 0.142066123198767 0.7104820971847887 0.8222536674843427
3 592 1339 1340 0.142066123198767 0.7104820971847887 0.8222536674843427
3 959 1488 592 0.142066123198767 0.7104820971847887 0.8222536674843427
3 592 1488 768 0.142066123198767 0.7104820971847887 0.8222536674843427
3 768 1487 592 0.142066123198767 0.7104820971847887 0.8222536674843427
3 909 285 1182 0.142066123198767 0.7104820971847887 0.8222536674843427
3 1182 1340 909 0.142066123198767 0.7104820971847887 0.8222536674843427
3 1340 1339 909 0.142066123198767 0.7104820971847887 0.8222536674843427
3 341 909 1339 0.142066123198767 0.7104820971847887 0.8222536674843427
3 285 909 341 0.142066123198767 0.7104820971847887 0.8222536674843427
3 341 1181 817 0.142066123198767 0.7104820971847887 0.8222536674843427
3 817 285 341 0.142066123198767 0.7104820971847887 0.8222536674843427
3 1339 592 974 0.142066123198767 0.7104820971847887 0.8222536674843427
3 1487 591 974 0.142066123198767 0.7104820971847887 0.8222536674843427
3 974 592 1487 0.142066123198767 0.7104820971847887 0.8222536674843427
3 487 488 437 0.142066123198767 0.7104820971847887 0.8222536674843427
3 356 355 437 0.142066123198767 0.7104820971847887 0.8222536674843427
3 436 487 437 0.142066123198767 0.7104820971847887 0.8222536674843427
3 437 355 436 0.142066123198767 0.7104820971847887 0.8222536674843427
3 438 357 356 0.142066123198767 0.7104820971847887 0.8222536674843427
3 356 437 438 0.142066123198767 0.7104820971847887 0.8222536674843427
3 438 437 488 0.142066123198767 0.7104820971847887 0.8222536674843427
3 438 488 489 0.142066123198767 0.7104820971847887 0.8222536674843427
3 438 439 357 0.142066123198767 0.7104820971847887 0.8222536674843427
3 489 439 438 0.142066123198767 0.7104820971847887 0.8222536674843427
3 356 357 1355 0.142066123198767 0.7104820971847887 0.8222536674843427
3 1355 365 364 0.142066123198767 0.7104820971847887 0.8222536674843427
3 1355 364 1354 0.142066123198767 0.7104820971847887 0.8222536674843427
3 1354 356 1355 0.142066123198767 0.7104820971847887 0.8222536674843427
3 366 1357 367 0.142066123198767 0.7104820971847887 0.8222536674843427
3 367 987 366 0.142066123198767 0.7104820971847887 0.8222536674843427
3 986 365 366 0.142066123198767 0.7104820971847887 0.8222536674843427
3 366 987 986 0.142066123198767 0.7104820971847887 0.8222536674843427
3 775 747 227 0.142066123198767 0.7104820971847887 0.8222536674843427
3 553 921 920 0.142066123198767 0.7104820971847887 0.8222536674843427
3 920 151 553 0.142066123198767 0.7104820971847887 0.8222536674843427
3 920 921 156 0.142066123198767 0.7104820971847887 0.8222536674843427
3 156 155 920 0.142066123198767 0.7104820971847887 0.8222536674843427
3 184 646 189 0.142066123198767 0.7104820971847887 0.8222536674843427
3 869 782 1169 0.142066123198767 0.7104820971847887 0.8222536674843427
3 869 1170 782 0.142066123198767 0.7104820971847887 0.8222536674843427
3 1169 868 869 0.142066123198767 0.7104820971847887 0.8222536674843427
3 869 868 1205 0.142066123198767 0.7104820971847887 0.8222536674843427
3 869 1205 742 0.142066123198767 0.7104820971847887 0.8222536674843427
3 1172 1171 1208 0.142066123198767 0.7104820971847887 0.8222536674843427
3 1208 1209 1172 0.142066123198767 0.7104820971847887 0.8222536674843427
3 783 1446 755 0.142066123198767 0.7104820971847887 0.8222536674843427
3 755 1170 783 0.142066123198767 0.7104820971847887 0.8222536674843427
3 783 1170 870 0.142066123198767 0.7104820971847887 0.8222536674843427
3 870 1171 783 0.142066123198767 0.7104820971847887 0.8222536674843427
3 755 1446 1445 0.142066123198767 0.7104820971847887 0.8222536674843427
3 1445 1446 927 0.142066123198767 0.7104820971847887 0.8222536674843427
3 556 1443 557 0.142066123198767 0.7104820971847887 0.8222536674843427
3 557 1443 1444 0.142066123198767 0.7104820971847887 0.8222536674843427
3 557 558 925 0.142066123198767 0.7104820971847887 0.8222536674843427
3 1444 558 557 0.142066123198767 0.7104820971847887 0.8222536674843427
3 1168 781 753 0.142066123198767 0.7104820971847887 0.8222536674843427
3 753 781 651 0.142066123198767 0.7104820971847887 0.8222536674843427
3 651 1443 650 0.142066123198767 0.7104820971847887 0.8222536674843427
3 650 753 651 0.142066123198767 0.7104820971847887 0.8222536674843427
3 648 1441 1440 0.142066123198767 0.7104820971847887 0.8222536674843427
3 647 750 648 0.142066123198767 0.7104820971847887 0.8222536674843427
3 648 1440 647 0.142066123198767 0.7104820971847887 0.8222536674843427
3 555 922 554 0.142066123198767 0.7104820971847887 0.8222536674843427
3 554 1441 555 0.142066123198767 0.7104820971847887 0.8222536674843427
3 980 1345 1189 0.142066123198767 0.7104820971847887 0.8222536674843427
3 1189 1346 980 0.142066123198767 0.7104820971847887 0.8222536674843427
3 1190 1346 1189 0.142066123198767 0.7104820971847887 0.8222536674843427
3 1343 1490 977 0.142066123198767 0.7104820971847887 0.8222536674843427
3 1490 1489 977 0.142066123198767 0.7104820971847887 0.8222536674843427
3 1489 1342 977 0.142066123198767 0.7104820971847887 0.8222536674843427
3 1187 1343 913 0.142066123198767 0.7104820971847887 0.8222536674843427
3 913 1186 1187 0.142066123198767 0.7104820971847887 0.8222536674843427
3 1343 977 913 0.142066123198767 0.7104820971847887 0.8222536674843427
3 913 977 1342 0.142066123198767 0.7104820971847887 0.8222536674843427
3 1188 914 1187 0.142066123198767 0.7104820971847887 0.8222536674843427
3 1344 914 1188 0.142066123198767 0.7104820971847887 0.8222536674843427
3 915 979 1188 0.142066123198767 0.7104820971847887 0.8222536674843427
3 1188 979 1344 0.142066123198767 0.7104820971847887 0.8222536674843427
3 808 807 1040 0.142066123198767 0.7104820971847887 0.8222536674843427
3 806 1465 1464 0.142066123198767 0.7104820971847887 0.8222536674843427
3 807 1465 806 0.142066123198767 0.7104820971847887 0.8222536674843427
3 691 1140 1139 0.142066123198767 0.7104820971847887 0.8222536674843427
3 40 38 1139 0.142066123198767 0.7104820971847887 0.8222536674843427
3 38 691 1139 0.142066123198767 0.7104820971847887 0.8222536674843427
3 1139 1140 841 0.142066123198767 0.7104820971847887 0.8222536674843427
3 1139 42 40 0.142066123198767 0.7104820971847887 0.8222536674843427
3 1139 841 42 0.142066123198767 0.7104820971847887 0.8222536674843427
3 516 1392 515 0.142066123198767 0.7104820971847887 0.8222536674843427
3 1000 517 516 0.142066123198767 0.7104820971847887 0.8222536674843427
3 1393 1392 516 0.142066123198767 0.7104820971847887 0.8222536674843427
3 516 517 1393 0.142066123198767 0.7104820971847887 0.8222536674843427
3 516 999 1000 0.142066123198767 0.7104820971847887 0.8222536674843427
3 516 515 999 0.142066123198767 0.7104820971847887 0.8222536674843427
3 519 1395 518 0.142066123198767 0.7104820971847887 0.8222536674843427
3 519 1003 520 0.142066123198767 0.7104820971847887 0.8222536674843427
3 519 520 1396 0.142066123198767 0.7104820971847887 0.8222536674843427
3 1396 1395 519 0.142066123198767 0.7104820971847887 0.8222536674843427
3 519 518 1002 0.142066123198767 0.7104820971847887 0.8222536674843427
3 1002 1003 519 0.142066123198767 0.7104820971847887 0.8222536674843427
3 1112 460 1111 0.142066123198767 0.7104820971847887 0.8222536674843427
3 502 501 1094 0.142066123198767 0.7104820971847887 0.8222536674843427
3 513 1112 1111 0.142066123198767 0.7104820971847887 0.8222536674843427
3 1098 1282 1281 0.142066123198767 0.7104820971847887 0.8222536674843427
3 1387 1100 1386 0.142066123198767 0.7104820971847887 0.8222536674843427
3 1386 1083 1387 0.142066123198767 0.7104820971847887 0.8222536674843427
3 1099 1282 1098 0.142066123198767 0.7104820971847887 0.8222536674843427
3 1098 1386 1099 0.142066123198767 0.7104820971847887 0.8222536674843427
3 1099 1386 1100 0.142066123198767 0.7104820971847887 0.8222536674843427
3 1098 1281 1097 0.142066123198767 0.7104820971847887 0.8222536674843427
3 1097 1281 1280 0.142066123198767 0.7104820971847887 0.8222536674843427
3 1114 1007 461 0.142066123198767 0.7104820971847887 0.8222536674843427
3 460 1112 461 0.142066123198767 0.7104820971847887 0.8222536674843427
3 461 1006 460 0.142066123198767 0.7104820971847887 0.8222536674843427
3 461 1007 1006 0.142066123198767 0.7104820971847887 0.8222536674843427
3 520 1003 1004 0.142066123198767 0.7104820971847887 0.8222536674843427
3 1004 459 1005 0.142066123198767 0.7104820971847887 0.8222536674843427
3 458 459 1004 0.142066123198767 0.7104820971847887 0.8222536674843427
3 1004 1003 458 0.142066123198767 0.7104820971847887 0.8222536674843427
3 534 1128 533 0.142066123198767 0.7104820971847887 0.8222536674843427
3 533 1400 534 0.142066123198767 0.7104820971847887 0.8222536674843427
3 1129 636 1128 0.142066123198767 0.7104820971847887 0.8222536674843427
3 1128 534 1129 0.142066123198767 0.7104820971847887 0.8222536674843427
3 524 1007 1008 0.142066123198767 0.7104820971847887 0.8222536674843427
3 1008 525 524 0.142066123198767 0.7104820971847887 0.8222536674843427
3 1401 534 1400 0.142066123198767 0.7104820971847887 0.8222536674843427
3 1400 524 1401 0.142066123198767 0.7104820971847887 0.8222536674843427
3 1401 524 525 0.142066123198767 0.7104820971847887 0.8222536674843427
3 530 529 1396 0.142066123198767 0.7104820971847887 0.8222536674843427
3 1396 1397 530 0.142066123198767 0.7104820971847887 0.8222536674843427
3 1397 531 530 0.142066123198767 0.7104820971847887 0.8222536674843427
3 1124 529 530 0.142066123198767 0.7104820971847887 0.8222536674843427
3 530 1125 1124 0.142066123198767 0.7104820971847887 0.8222536674843427
3 530 531 1125 0.142066123198767 0.7104820971847887 0.8222536674843427
3 521 1397 520 0.142066123198767 0.7104820971847887 0.8222536674843427
3 521 1005 522 0.142066123198767 0.7104820971847887 0.8222536674843427
3 522 1398 521 0.142066123198767 0.7104820971847887 0.8222536674843427
3 1398 1397 521 0.142066123198767 0.7104820971847887 0.8222536674843427
3 521 1004 1005 0.142066123198767 0.7104820971847887 0.8222536674843427
3 520 1004 521 0.142066123198767 0.7104820971847887 0.8222536674843427
3 1398 1399 532 0.142066123198767 0.7104820971847887 0.8222536674843427
3 532 531 1398 0.142066123198767 0.7104820971847887 0.8222536674843427
3 532 1399 533 0.142066123198767 0.7104820971847887 0.8222536674843427
3 533 1127 532 0.142066123198767 0.7104820971847887 0.8222536674843427
3 532 1127 1126 0.142066123198767 0.7104820971847887 0.8222536674843427
3 1126 531 532 0.142066123198767 0.7104820971847887 0.8222536674843427
3 854 1151 1152 0.142066123198767 0.7104820971847887 0.8222536674843427
3 1152 855 854 0.142066123198767 0.7104820971847887 0.8222536674843427
3 1153 855 1152 0.142066123198767 0.7104820971847887 0.8222536674843427
3 1300 640 1301 0.142066123198767 0.7104820971847887 0.8222536674843427
3 640 1302 1301 0.142066123198767 0.7104820971847887 0.8222536674843427
3 1154 1304 1305 0.142066123198767 0.7104820971847887 0.8222536674843427
3 1306 1155 1305 0.142066123198767 0.7104820971847887 0.8222536674843427
3 1305 1155 1154 0.142066123198767 0.7104820971847887 0.8222536674843427
3 1305 1304 1136 0.142066123198767 0.7104820971847887 0.8222536674843427
3 1136 1137 1305 0.142066123198767 0.7104820971847887 0.8222536674843427
3 1305 1137 1306 0.142066123198767 0.7104820971847887 0.8222536674843427
3 1136 1304 1135 0.142066123198767 0.7104820971847887 0.8222536674843427
3 1135 1407 1136 0.142066123198767 0.7104820971847887 0.8222536674843427
3 1132 639 1131 0.142066123198767 0.7104820971847887 0.8222536674843427
3 536 1132 1131 0.142066123198767 0.7104820971847887 0.8222536674843427
3 1131 1130 536 0.142066123198767 0.7104820971847887 0.8222536674843427
3 638 1130 1131 0.142066123198767 0.7104820971847887 0.8222536674843427
3 1131 639 638 0.142066123198767 0.7104820971847887 0.8222536674843427
3 1134 1133 1405 0.142066123198767 0.7104820971847887 0.8222536674843427
3 465 297 464 0.142066123198767 0.7104820971847887 0.8222536674843427
3 540 466 465 0.142066123198767 0.7104820971847887 0.8222536674843427
3 298 297 465 0.142066123198767 0.7104820971847887 0.8222536674843427
3 465 466 298 0.142066123198767 0.7104820971847887 0.8222536674843427
3 465 539 540 0.142066123198767 0.7104820971847887 0.8222536674843427
3 465 464 539 0.142066123198767 0.7104820971847887 0.8222536674843427
3 1148 851 850 0.142066123198767 0.7104820971847887 0.8222536674843427
3 699 700 1148 0.142066123198767 0.7104820971847887 0.8222536674843427
3 212 213 171 0.142066123198767 0.7104820971847887 0.8222536674843427
3 1417 170 171 0.142066123198767 0.7104820971847887 0.8222536674843427
3 170 212 171 0.142066123198767 0.7104820971847887 0.8222536674843427
3 171 1418 1417 0.142066123198767 0.7104820971847887 0.8222536674843427
3 172 1418 171 0.142066123198767 0.7104820971847887 0.8222536674843427
3 171 213 172 0.142066123198767 0.7104820971847887 0.8222536674843427
3 843 706 842 0.142066123198767 0.7104820971847887 0.8222536674843427
3 842 1141 843 0.142066123198767 0.7104820971847887 0.8222536674843427
3 843 1141 1142 0.142066123198767 0.7104820971847887 0.8222536674843427
3 1142 844 843 0.142066123198767 0.7104820971847887 0.8222536674843427
3 707 843 844 0.142066123198767 0.7104820971847887 0.8222536674843427
3 706 843 707 0.142066123198767 0.7104820971847887 0.8222536674843427
3 707 541 540 0.142066123198767 0.7104820971847887 0.8222536674843427
3 540 706 707 0.142066123198767 0.7104820971847887 0.8222536674843427
3 1429 1210 1031 0.142066123198767 0.7104820971847887 0.8222536674843427
3 1031 1210 1209 0.142066123198767 0.7104820971847887 0.8222536674843427
3 1428 1429 1031 0.142066123198767 0.7104820971847887 0.8222536674843427
3 1030 1428 1031 0.142066123198767 0.7104820971847887 0.8222536674843427
3 1031 1209 1030 0.142066123198767 0.7104820971847887 0.8222536674843427
3 714 851 715 0.142066123198767 0.7104820971847887 0.8222536674843427
3 715 547 714 0.142066123198767 0.7104820971847887 0.8222536674843427
3 850 851 714 0.142066123198767 0.7104820971847887 0.8222536674843427
3 1420 1419 215 0.142066123198767 0.7104820971847887 0.8222536674843427
3 1419 214 215 0.142066123198767 0.7104820971847887 0.8222536674843427
3 300 301 215 0.142066123198767 0.7104820971847887 0.8222536674843427
3 214 299 215 0.142066123198767 0.7104820971847887 0.8222536674843427
3 215 299 300 0.142066123198767 0.7104820971847887 0.8222536674843427
3 1026 1025 727 0.142066123198767 0.7104820971847887 0.8222536674843427
3 727 728 1026 0.142066123198767 0.7104820971847887 0.8222536674843427
3 1028 729 1425 0.142066123198767 0.7104820971847887 0.8222536674843427
3 1425 1426 1028 0.142066123198767 0.7104820971847887 0.8222536674843427
3 715 1426 1425 0.142066123198767 0.7104820971847887 0.8222536674843427
3 1425 547 715 0.142066123198767 0.7104820971847887 0.8222536674843427
3 467 541 542 0.142066123198767 0.7104820971847887 0.8222536674843427
3 542 468 467 0.142066123198767 0.7104820971847887 0.8222536674843427
3 468 542 543 0.142066123198767 0.7104820971847887 0.8222536674843427
3 709 710 543 0.142066123198767 0.7104820971847887 0.8222536674843427
3 543 542 709 0.142066123198767 0.7104820971847887 0.8222536674843427
3 1288 1390 1289 0.142066123198767 0.7104820971847887 0.8222536674843427
3 1390 1370 1289 0.142066123198767 0.7104820971847887 0.8222536674843427
3 1289 1120 1288 0.142066123198767 0.7104820971847887 0.8222536674843427
3 1409 1120 1289 0.142066123198767 0.7104820971847887 0.8222536674843427
3 1013 1118 1119 0.142066123198767 0.7104820971847887 0.8222536674843427
3 1119 1014 1013 0.142066123198767 0.7104820971847887 0.8222536674843427
3 1119 1120 1014 0.142066123198767 0.7104820971847887 0.8222536674843427
3 1287 1120 1119 0.142066123198767 0.7104820971847887 0.8222536674843427
3 1119 1286 1287 0.142066123198767 0.7104820971847887 0.8222536674843427
3 1119 1118 1286 0.142066123198767 0.7104820971847887 0.8222536674843427
3 1366 1367 997 0.142066123198767 0.7104820971847887 0.8222536674843427
3 1367 1266 997 0.142066123198767 0.7104820971847887 0.8222536674843427
3 997 1266 1265 0.142066123198767 0.7104820971847887 0.8222536674843427
3 1265 996 997 0.142066123198767 0.7104820971847887 0.8222536674843427
3 997 996 1366 0.142066123198767 0.7104820971847887 0.8222536674843427
3 1389 1268 1269 0.142066123198767 0.7104820971847887 0.8222536674843427
3 1269 1390 1389 0.142066123198767 0.7104820971847887 0.8222536674843427
3 1287 1102 1389 0.142066123198767 0.7104820971847887 0.8222536674843427
3 1389 1288 1287 0.142066123198767 0.7104820971847887 0.8222536674843427
3 1389 1390 1288 0.142066123198767 0.7104820971847887 0.8222536674843427
3 1102 1101 1388 0.142066123198767 0.7104820971847887 0.8222536674843427
3 1388 1389 1102 0.142066123198767 0.7104820971847887 0.8222536674843427
3 1268 1389 1388 0.142066123198767 0.7104820971847887 0.8222536674843427
3 1388 1101 1387 0.142066123198767 0.7104820971847887 0.8222536674843427
3 628 1382 1383 0.142066123198767 0.7104820971847887 0.8222536674843427
3 839 840 1383 0.142066123198767 0.7104820971847887 0.8222536674843427
3 840 1384 1383 0.142066123198767 0.7104820971847887 0.8222536674843427
3 627 1382 628 0.142066123198767 0.7104820971847887 0.8222536674843427
3 627 1094 626 0.142066123198767 0.7104820971847887 0.8222536674843427
3 626 1381 627 0.142066123198767 0.7104820971847887 0.8222536674843427
3 627 1381 1382 0.142066123198767 0.7104820971847887 0.8222536674843427
3 690 838 839 0.142066123198767 0.7104820971847887 0.8222536674843427
3 839 1383 690 0.142066123198767 0.7104820971847887 0.8222536674843427
3 690 1383 1382 0.142066123198767 0.7104820971847887 0.8222536674843427
3 690 1382 689 0.142066123198767 0.7104820971847887 0.8222536674843427
3 689 838 690 0.142066123198767 0.7104820971847887 0.8222536674843427
3 458 1109 1110 0.142066123198767 0.7104820971847887 0.8222536674843427
3 1111 459 1110 0.142066123198767 0.7104820971847887 0.8222536674843427
3 1110 459 458 0.142066123198767 0.7104820971847887 0.8222536674843427
3 1110 1109 511 0.142066123198767 0.7104820971847887 0.8222536674843427
3 1321 413 1320 0.142066123198767 0.7104820971847887 0.8222536674843427
3 413 1319 1320 0.142066123198767 0.7104820971847887 0.8222536674843427
3 397 398 1311 0.142066123198767 0.7104820971847887 0.8222536674843427
3 1315 1314 401 0.142066123198767 0.7104820971847887 0.8222536674843427
3 401 402 1315 0.142066123198767 0.7104820971847887 0.8222536674843427
3 1315 402 1316 0.142066123198767 0.7104820971847887 0.8222536674843427
3 1315 1316 411 0.142066123198767 0.7104820971847887 0.8222536674843427
3 480 403 479 0.142066123198767 0.7104820971847887 0.8222536674843427
3 403 402 479 0.142066123198767 0.7104820971847887 0.8222536674843427
3 479 402 478 0.142066123198767 0.7104820971847887 0.8222536674843427
3 479 478 661 0.142066123198767 0.7104820971847887 0.8222536674843427
3 479 662 480 0.142066123198767 0.7104820971847887 0.8222536674843427
3 661 662 479 0.142066123198767 0.7104820971847887 0.8222536674843427
3 474 475 397 0.142066123198767 0.7104820971847887 0.8222536674843427
3 397 396 474 0.142066123198767 0.7104820971847887 0.8222536674843427
3 474 396 473 0.142066123198767 0.7104820971847887 0.8222536674843427
3 473 656 474 0.142066123198767 0.7104820971847887 0.8222536674843427
3 656 657 474 0.142066123198767 0.7104820971847887 0.8222536674843427
3 657 475 474 0.142066123198767 0.7104820971847887 0.8222536674843427
3 399 398 476 0.142066123198767 0.7104820971847887 0.8222536674843427
3 398 475 476 0.142066123198767 0.7104820971847887 0.8222536674843427
3 476 477 399 0.142066123198767 0.7104820971847887 0.8222536674843427
3 476 475 658 0.142066123198767 0.7104820971847887 0.8222536674843427
3 658 659 476 0.142066123198767 0.7104820971847887 0.8222536674843427
3 659 477 476 0.142066123198767 0.7104820971847887 0.8222536674843427
3 319 935 934 0.142066123198767 0.7104820971847887 0.8222536674843427
3 941 1243 1242 0.142066123198767 0.7104820971847887 0.8222536674843427
3 567 878 566 0.142066123198767 0.7104820971847887 0.8222536674843427
3 567 879 878 0.142066123198767 0.7104820971847887 0.8222536674843427
3 568 567 925 0.142066123198767 0.7104820971847887 0.8222536674843427
3 568 880 879 0.142066123198767 0.7104820971847887 0.8222536674843427
3 879 567 568 0.142066123198767 0.7104820971847887 0.8222536674843427
3 580 882 1220 0.142066123198767 0.7104820971847887 0.8222536674843427
3 1217 578 1218 0.142066123198767 0.7104820971847887 0.8222536674843427
3 391 1217 1218 0.142066123198767 0.7104820971847887 0.8222536674843427
3 205 206 654 0.142066123198767 0.7104820971847887 0.8222536674843427
3 205 654 653 0.142066123198767 0.7104820971847887 0.8222536674843427
3 653 204 205 0.142066123198767 0.7104820971847887 0.8222536674843427
3 205 204 889 0.142066123198767 0.7104820971847887 0.8222536674843427
3 889 206 205 0.142066123198767 0.7104820971847887 0.8222536674843427
3 655 207 656 0.142066123198767 0.7104820971847887 0.8222536674843427
3 655 206 207 0.142066123198767 0.7104820971847887 0.8222536674843427
3 654 206 655 0.142066123198767 0.7104820971847887 0.8222536674843427
3 655 656 473 0.142066123198767 0.7104820971847887 0.8222536674843427
3 473 472 655 0.142066123198767 0.7104820971847887 0.8222536674843427
3 472 654 655 0.142066123198767 0.7104820971847887 0.8222536674843427
3 893 208 892 0.142066123198767 0.7104820971847887 0.8222536674843427
3 208 891 892 0.142066123198767 0.7104820971847887 0.8222536674843427
3 892 891 394 0.142066123198767 0.7104820971847887 0.8222536674843427
3 892 395 893 0.142066123198767 0.7104820971847887 0.8222536674843427
3 394 395 892 0.142066123198767 0.7104820971847887 0.8222536674843427
3 1446 783 1447 0.142066123198767 0.7104820971847887 0.8222536674843427
3 1447 783 1171 0.142066123198767 0.7104820971847887 0.8222536674843427
3 1447 928 1446 0.142066123198767 0.7104820971847887 0.8222536674843427
3 1447 929 928 0.142066123198767 0.7104820971847887 0.8222536674843427
3 1448 929 1447 0.142066123198767 0.7104820971847887 0.8222536674843427
3 1447 1172 1448 0.142066123198767 0.7104820971847887 0.8222536674843427
3 1171 1172 1447 0.142066123198767 0.7104820971847887 0.8222536674843427
3 1242 1243 797 0.142066123198767 0.7104820971847887 0.8222536674843427
3 794 1240 795 0.142066123198767 0.7104820971847887 0.8222536674843427
3 1226 899 898 0.142066123198767 0.7104820971847887 0.8222536674843427
3 898 1225 1226 0.142066123198767 0.7104820971847887 0.8222536674843427
3 1227 899 1226 0.142066123198767 0.7104820971847887 0.8222536674843427
3 1226 1225 931 0.142066123198767 0.7104820971847887 0.8222536674843427
3 931 1450 1226 0.142066123198767 0.7104820971847887 0.8222536674843427
3 1226 1450 1227 0.142066123198767 0.7104820971847887 0.8222536674843427
3 1248 1474 1247 0.142066123198767 0.7104820971847887 0.8222536674843427
3 1249 1474 1248 0.142066123198767 0.7104820971847887 0.8222536674843427
3 1248 1247 947 0.142066123198767 0.7104820971847887 0.8222536674843427
3 947 1249 1248 0.142066123198767 0.7104820971847887 0.8222536674843427
3 1473 1474 1496 0.142066123198767 0.7104820971847887 0.8222536674843427
3 1349 1473 1496 0.142066123198767 0.7104820971847887 0.8222536674843427
3 1496 1370 1349 0.142066123198767 0.7104820971847887 0.8222536674843427
3 1496 1474 1475 0.142066123198767 0.7104820971847887 0.8222536674843427
3 1327 1230 1328 0.142066123198767 0.7104820971847887 0.8222536674843427
3 1327 1326 1230 0.142066123198767 0.7104820971847887 0.8222536674843427
3 1328 1249 1327 0.142066123198767 0.7104820971847887 0.8222536674843427
3 1327 1249 947 0.142066123198767 0.7104820971847887 0.8222536674843427
3 947 1326 1327 0.142066123198767 0.7104820971847887 0.8222536674843427
3 344 289 288 0.142066123198767 0.7104820971847887 0.8222536674843427
3 288 287 344 0.142066123198767 0.7104820971847887 0.8222536674843427
3 1479 1478 288 0.142066123198767 0.7104820971847887 0.8222536674843427
3 288 289 1479 0.142066123198767 0.7104820971847887 0.8222536674843427
3 288 1478 1477 0.142066123198767 0.7104820971847887 0.8222536674843427
3 1477 287 288 0.142066123198767 0.7104820971847887 0.8222536674843427
3 758 759 1051 0.142066123198767 0.7104820971847887 0.8222536674843427
3 667 666 1051 0.142066123198767 0.7104820971847887 0.8222536674843427
3 668 667 1052 0.142066123198767 0.7104820971847887 0.8222536674843427
3 1053 668 1052 0.142066123198767 0.7104820971847887 0.8222536674843427
3 667 1051 1052 0.142066123198767 0.7104820971847887 0.8222536674843427
3 1052 1051 759 0.142066123198767 0.7104820971847887 0.8222536674843427
3 344 287 343 0.142066123198767 0.7104820971847887 0.8222536674843427
3 343 583 344 0.142066123198767 0.7104820971847887 0.8222536674843427
3 582 583 343 0.142066123198767 0.7104820971847887 0.8222536674843427
3 342 582 343 0.142066123198767 0.7104820971847887 0.8222536674843427
3 286 342 343 0.142066123198767 0.7104820971847887 0.8222536674843427
3 343 287 286 0.142066123198767 0.7104820971847887 0.8222536674843427
3 1477 756 1476 0.142066123198767 0.7104820971847887 0.8222536674843427
3 286 287 1476 0.142066123198767 0.7104820971847887 0.8222536674843427
3 1476 287 1477 0.142066123198767 0.7104820971847887 0.8222536674843427
3 1476 756 6 0.142066123198767 0.7104820971847887 0.8222536674843427
3 6 5 1476 0.142066123198767 0.7104820971847887 0.8222536674843427
3 5 286 1476 0.142066123198767 0.7104820971847887 0.8222536674843427
3 351 1350 13 0.142066123198767 0.7104820971847887 0.8222536674843427
3 13 1350 14 0.142066123198767 0.7104820971847887 0.8222536674843427
3 360 1350 1351 0.142066123198767 0.7104820971847887 0.8222536674843427
3 361 981 360 0.142066123198767 0.7104820971847887 0.8222536674843427
3 360 1351 361 0.142066123198767 0.7104820971847887 0.8222536674843427
3 360 981 15 0.142066123198767 0.7104820971847887 0.8222536674843427
3 15 14 360 0.142066123198767 0.7104820971847887 0.8222536674843427
3 14 1350 360 0.142066123198767 0.7104820971847887 0.8222536674843427
3 666 594 482 0.142066123198767 0.7104820971847887 0.8222536674843427
3 665 757 1050 0.142066123198767 0.7104820971847887 0.8222536674843427
3 1050 757 758 0.142066123198767 0.7104820971847887 0.8222536674843427
3 758 1051 1050 0.142066123198767 0.7104820971847887 0.8222536674843427
3 1050 1051 666 0.142066123198767 0.7104820971847887 0.8222536674843427
3 1049 757 665 0.142066123198767 0.7104820971847887 0.8222536674843427
3 756 757 1049 0.142066123198767 0.7104820971847887 0.8222536674843427
3 665 9 1049 0.142066123198767 0.7104820971847887 0.8222536674843427
3 10 9 665 0.142066123198767 0.7104820971847887 0.8222536674843427
3 1020 736 178 0.142066123198767 0.7104820971847887 0.8222536674843427
3 735 1019 178 0.142066123198767 0.7104820971847887 0.8222536674843427
3 222 735 178 0.142066123198767 0.7104820971847887 0.8222536674843427
3 178 736 222 0.142066123198767 0.7104820971847887 0.8222536674843427
3 141 1020 178 0.142066123198767 0.7104820971847887 0.8222536674843427
3 178 1019 141 0.142066123198767 0.7104820971847887 0.8222536674843427
3 174 137 1016 0.142066123198767 0.7104820971847887 0.8222536674843427
3 174 1015 137 0.142066123198767 0.7104820971847887 0.8222536674843427
3 174 731 1015 0.142066123198767 0.7104820971847887 0.8222536674843427
3 1016 732 174 0.142066123198767 0.7104820971847887 0.8222536674843427
3 174 732 218 0.142066123198767 0.7104820971847887 0.8222536674843427
3 218 731 174 0.142066123198767 0.7104820971847887 0.8222536674843427
3 383 307 1161 0.142066123198767 0.7104820971847887 0.8222536674843427
3 383 1161 306 0.142066123198767 0.7104820971847887 0.8222536674843427
3 306 861 383 0.142066123198767 0.7104820971847887 0.8222536674843427
3 383 861 374 0.142066123198767 0.7104820971847887 0.8222536674843427
3 383 374 862 0.142066123198767 0.7104820971847887 0.8222536674843427
3 862 307 383 0.142066123198767 0.7104820971847887 0.8222536674843427
3 218 1196 372 0.142066123198767 0.7104820971847887 0.8222536674843427
3 1197 861 373 0.142066123198767 0.7104820971847887 0.8222536674843427
3 219 1197 373 0.142066123198767 0.7104820971847887 0.8222536674843427
3 373 1196 219 0.142066123198767 0.7104820971847887 0.8222536674843427
3 772 224 312 0.142066123198767 0.7104820971847887 0.8222536674843427
3 772 312 1160 0.142066123198767 0.7104820971847887 0.8222536674843427
3 772 225 744 0.142066123198767 0.7104820971847887 0.8222536674843427
3 744 224 772 0.142066123198767 0.7104820971847887 0.8222536674843427
3 772 313 225 0.142066123198767 0.7104820971847887 0.8222536674843427
3 1160 313 772 0.142066123198767 0.7104820971847887 0.8222536674843427
3 1159 312 771 0.142066123198767 0.7104820971847887 0.8222536674843427
3 312 224 771 0.142066123198767 0.7104820971847887 0.8222536674843427
3 771 311 1159 0.142066123198767 0.7104820971847887 0.8222536674843427
3 223 311 771 0.142066123198767 0.7104820971847887 0.8222536674843427
3 743 223 771 0.142066123198767 0.7104820971847887 0.8222536674843427
3 771 224 743 0.142066123198767 0.7104820971847887 0.8222536674843427
3 734 1018 177 0.142066123198767 0.7104820971847887 0.8222536674843427
3 177 1019 735 0.142066123198767 0.7104820971847887 0.8222536674843427
3 140 1019 177 0.142066123198767 0.7104820971847887 0.8222536674843427
3 177 1018 140 0.142066123198767 0.7104820971847887 0.8222536674843427
3 221 734 177 0.142066123198767 0.7104820971847887 0.8222536674843427
3 177 735 221 0.142066123198767 0.7104820971847887 0.8222536674843427
3 1437 189 145 0.142066123198767 0.7104820971847887 0.8222536674843427
3 227 747 182 0.142066123198767 0.7104820971847887 0.8222536674843427
3 187 643 182 0.142066123198767 0.7104820971847887 0.8222536674843427
3 144 549 143 0.142066123198767 0.7104820971847887 0.8222536674843427
3 143 1436 144 0.142066123198767 0.7104820971847887 0.8222536674843427
3 144 1437 145 0.142066123198767 0.7104820971847887 0.8222536674843427
3 1436 1437 144 0.142066123198767 0.7104820971847887 0.8222536674843427
3 273 281 813 0.142066123198767 0.7104820971847887 0.8222536674843427
3 1455 273 813 0.142066123198767 0.7104820971847887 0.8222536674843427
3 813 272 1455 0.142066123198767 0.7104820971847887 0.8222536674843427
3 337 281 905 0.142066123198767 0.7104820971847887 0.8222536674843427
3 337 418 1177 0.142066123198767 0.7104820971847887 0.8222536674843427
3 1177 813 337 0.142066123198767 0.7104820971847887 0.8222536674843427
3 337 813 281 0.142066123198767 0.7104820971847887 0.8222536674843427
3 337 905 1335 0.142066123198767 0.7104820971847887 0.8222536674843427
3 1335 418 337 0.142066123198767 0.7104820971847887 0.8222536674843427
3 280 812 272 0.142066123198767 0.7104820971847887 0.8222536674843427
3 280 813 1177 0.142066123198767 0.7104820971847887 0.8222536674843427
3 272 813 280 0.142066123198767 0.7104820971847887 0.8222536674843427
3 1177 904 280 0.142066123198767 0.7104820971847887 0.8222536674843427
3 904 336 280 0.142066123198767 0.7104820971847887 0.8222536674843427
3 280 336 1176 0.142066123198767 0.7104820971847887 0.8222536674843427
3 1176 812 280 0.142066123198767 0.7104820971847887 0.8222536674843427
3 359 1358 1357 0.142066123198767 0.7104820971847887 0.8222536674843427
3 358 440 359 0.142066123198767 0.7104820971847887 0.8222536674843427
3 359 1357 358 0.142066123198767 0.7104820971847887 0.8222536674843427
3 359 440 441 0.142066123198767 0.7104820971847887 0.8222536674843427
3 441 1358 359 0.142066123198767 0.7104820971847887 0.8222536674843427
3 422 341 1339 0.142066123198767 0.7104820971847887 0.8222536674843427
3 422 1338 908 0.142066123198767 0.7104820971847887 0.8222536674843427
3 908 1181 422 0.142066123198767 0.7104820971847887 0.8222536674843427
3 1181 341 422 0.142066123198767 0.7104820971847887 0.8222536674843427
3 1339 974 422 0.142066123198767 0.7104820971847887 0.8222536674843427
3 422 974 591 0.142066123198767 0.7104820971847887 0.8222536674843427
3 422 973 1338 0.142066123198767 0.7104820971847887 0.8222536674843427
3 591 973 422 0.142066123198767 0.7104820971847887 0.8222536674843427
3 1356 357 358 0.142066123198767 0.7104820971847887 0.8222536674843427
3 358 1357 1356 0.142066123198767 0.7104820971847887 0.8222536674843427
3 1357 366 1356 0.142066123198767 0.7104820971847887 0.8222536674843427
3 1356 366 365 0.142066123198767 0.7104820971847887 0.8222536674843427
3 1356 1355 357 0.142066123198767 0.7104820971847887 0.8222536674843427
3 365 1355 1356 0.142066123198767 0.7104820971847887 0.8222536674843427
3 315 775 227 0.142066123198767 0.7104820971847887 0.8222536674843427
3 315 774 1162 0.142066123198767 0.7104820971847887 0.8222536674843427
3 227 774 315 0.142066123198767 0.7104820971847887 0.8222536674843427
3 1162 308 315 0.142066123198767 0.7104820971847887 0.8222536674843427
3 308 1163 315 0.142066123198767 0.7104820971847887 0.8222536674843427
3 1163 775 315 0.142066123198767 0.7104820971847887 0.8222536674843427
3 747 775 228 0.142066123198767 0.7104820971847887 0.8222536674843427
3 228 776 748 0.142066123198767 0.7104820971847887 0.8222536674843427
3 226 181 745 0.142066123198767 0.7104820971847887 0.8222536674843427
3 150 151 919 0.142066123198767 0.7104820971847887 0.8222536674843427
3 151 920 919 0.142066123198767 0.7104820971847887 0.8222536674843427
3 919 920 155 0.142066123198767 0.7104820971847887 0.8222536674843427
3 748 184 645 0.142066123198767 0.7104820971847887 0.8222536674843427
3 184 189 645 0.142066123198767 0.7104820971847887 0.8222536674843427
3 189 1437 645 0.142066123198767 0.7104820971847887 0.8222536674843427
3 1438 646 190 0.142066123198767 0.7104820971847887 0.8222536674843427
3 1438 189 646 0.142066123198767 0.7104820971847887 0.8222536674843427
3 145 189 1438 0.142066123198767 0.7104820971847887 0.8222536674843427
3 870 1170 1206 0.142066123198767 0.7104820971847887 0.8222536674843427
3 1170 869 1206 0.142066123198767 0.7104820971847887 0.8222536674843427
3 1206 1028 1207 0.142066123198767 0.7104820971847887 0.8222536674843427
3 1207 870 1206 0.142066123198767 0.7104820971847887 0.8222536674843427
3 1206 869 742 0.142066123198767 0.7104820971847887 0.8222536674843427
3 742 1027 1206 0.142066123198767 0.7104820971847887 0.8222536674843427
3 1206 1027 1028 0.142066123198767 0.7104820971847887 0.8222536674843427
3 1448 1172 1449 0.142066123198767 0.7104820971847887 0.8222536674843427
3 931 930 1449 0.142066123198767 0.7104820971847887 0.8222536674843427
3 1449 930 1448 0.142066123198767 0.7104820971847887 0.8222536674843427
3 1449 1450 931 0.142066123198767 0.7104820971847887 0.8222536674843427
3 1444 754 652 0.142066123198767 0.7104820971847887 0.8222536674843427
3 652 558 1444 0.142066123198767 0.7104820971847887 0.8222536674843427
3 652 1445 558 0.142066123198767 0.7104820971847887 0.8222536674843427
3 755 1445 652 0.142066123198767 0.7104820971847887 0.8222536674843427
3 652 782 755 0.142066123198767 0.7104820971847887 0.8222536674843427
3 652 754 782 0.142066123198767 0.7104820971847887 0.8222536674843427
3 1442 1443 556 0.142066123198767 0.7104820971847887 0.8222536674843427
3 1442 650 1443 0.142066123198767 0.7104820971847887 0.8222536674843427
3 556 555 1442 0.142066123198767 0.7104820971847887 0.8222536674843427
3 1442 555 1441 0.142066123198767 0.7104820971847887 0.8222536674843427
3 753 650 780 0.142066123198767 0.7104820971847887 0.8222536674843427
3 780 1167 1168 0.142066123198767 0.7104820971847887 0.8222536674843427
3 1168 753 780 0.142066123198767 0.7104820971847887 0.8222536674843427
3 923 555 556 0.142066123198767 0.7104820971847887 0.8222536674843427
3 922 555 923 0.142066123198767 0.7104820971847887 0.8222536674843427
3 566 565 923 0.142066123198767 0.7104820971847887 0.8222536674843427
3 923 565 922 0.142066123198767 0.7104820971847887 0.8222536674843427
3 825 1345 915 0.142066123198767 0.7104820971847887 0.8222536674843427
3 825 1189 1345 0.142066123198767 0.7104820971847887 0.8222536674843427
3 915 1188 825 0.142066123198767 0.7104820971847887 0.8222536674843427
3 821 1186 1185 0.142066123198767 0.7104820971847887 0.8222536674843427
3 1186 913 1185 0.142066123198767 0.7104820971847887 0.8222536674843427
3 820 1462 1185 0.142066123198767 0.7104820971847887 0.8222536674843427
3 1462 821 1185 0.142066123198767 0.7104820971847887 0.8222536674843427
3 1185 1184 820 0.142066123198767 0.7104820971847887 0.8222536674843427
3 823 1188 1187 0.142066123198767 0.7104820971847887 0.8222536674843427
3 1464 1465 823 0.142066123198767 0.7104820971847887 0.8222536674843427
3 1187 822 823 0.142066123198767 0.7104820971847887 0.8222536674843427
3 822 1464 823 0.142066123198767 0.7104820971847887 0.8222536674843427
3 791 250 792 0.142066123198767 0.7104820971847887 0.8222536674843427
3 1041 791 792 0.142066123198767 0.7104820971847887 0.8222536674843427
3 1041 808 1040 0.142066123198767 0.7104820971847887 0.8222536674843427
3 1040 791 1041 0.142066123198767 0.7104820971847887 0.8222536674843427
3 807 808 1466 0.142066123198767 0.7104820971847887 0.8222536674843427
3 1466 1465 807 0.142066123198767 0.7104820971847887 0.8222536674843427
3 1466 808 1467 0.142066123198767 0.7104820971847887 0.8222536674843427
3 1467 825 1466 0.142066123198767 0.7104820971847887 0.8222536674843427
3 805 806 1464 0.142066123198767 0.7104820971847887 0.8222536674843427
3 805 1464 1463 0.142066123198767 0.7104820971847887 0.8222536674843427
3 1463 804 805 0.142066123198767 0.7104820971847887 0.8222536674843427
3 804 264 805 0.142066123198767 0.7104820971847887 0.8222536674843427
3 102 101 1231 0.142066123198767 0.7104820971847887 0.8222536674843427
3 245 1231 246 0.142066123198767 0.7104820971847887 0.8222536674843427
3 245 244 102 0.142066123198767 0.7104820971847887 0.8222536674843427
3 102 1231 245 0.142066123198767 0.7104820971847887 0.8222536674843427
3 1280 513 1279 0.142066123198767 0.7104820971847887 0.8222536674843427
3 1112 513 514 0.142066123198767 0.7104820971847887 0.8222536674843427
3 514 513 1280 0.142066123198767 0.7104820971847887 0.8222536674843427
3 1280 1281 514 0.142066123198767 0.7104820971847887 0.8222536674843427
3 514 1281 1282 0.142066123198767 0.7104820971847887 0.8222536674843427
3 1385 1384 840 0.142066123198767 0.7104820971847887 0.8222536674843427
3 840 1082 1385 0.142066123198767 0.7104820971847887 0.8222536674843427
3 1385 1386 1098 0.142066123198767 0.7104820971847887 0.8222536674843427
3 1385 1082 1083 0.142066123198767 0.7104820971847887 0.8222536674843427
3 1083 1386 1385 0.142066123198767 0.7104820971847887 0.8222536674843427
3 1098 1097 1385 0.142066123198767 0.7104820971847887 0.8222536674843427
3 1385 1097 1384 0.142066123198767 0.7104820971847887 0.8222536674843427
3 1282 1099 1283 0.142066123198767 0.7104820971847887 0.8222536674843427
3 1284 1115 1283 0.142066123198767 0.7104820971847887 0.8222536674843427
3 1283 1100 1284 0.142066123198767 0.7104820971847887 0.8222536674843427
3 1283 1099 1100 0.142066123198767 0.7104820971847887 0.8222536674843427
3 1114 1282 1283 0.142066123198767 0.7104820971847887 0.8222536674843427
3 1283 1115 1114 0.142066123198767 0.7104820971847887 0.8222536674843427
3 536 1130 535 0.142066123198767 0.7104820971847887 0.8222536674843427
3 534 1401 535 0.142066123198767 0.7104820971847887 0.8222536674843427
3 1130 1129 535 0.142066123198767 0.7104820971847887 0.8222536674843427
3 535 1129 534 0.142066123198767 0.7104820971847887 0.8222536674843427
3 636 1129 637 0.142066123198767 0.7104820971847887 0.8222536674843427
3 638 1298 637 0.142066123198767 0.7104820971847887 0.8222536674843427
3 637 1130 638 0.142066123198767 0.7104820971847887 0.8222536674843427
3 637 1129 1130 0.142066123198767 0.7104820971847887 0.8222536674843427
3 637 1298 1297 0.142066123198767 0.7104820971847887 0.8222536674843427
3 1297 636 637 0.142066123198767 0.7104820971847887 0.8222536674843427
3 1400 1399 523 0.142066123198767 0.7104820971847887 0.8222536674843427
3 523 524 1400 0.142066123198767 0.7104820971847887 0.8222536674843427
3 523 1399 522 0.142066123198767 0.7104820971847887 0.8222536674843427
3 1007 524 523 0.142066123198767 0.7104820971847887 0.8222536674843427
3 522 1006 523 0.142066123198767 0.7104820971847887 0.8222536674843427
3 1006 1007 523 0.142066123198767 0.7104820971847887 0.8222536674843427
3 1402 525 1403 0.142066123198767 0.7104820971847887 0.8222536674843427
3 1402 1401 525 0.142066123198767 0.7104820971847887 0.8222536674843427
3 1402 535 1401 0.142066123198767 0.7104820971847887 0.8222536674843427
3 1402 1403 536 0.142066123198767 0.7104820971847887 0.8222536674843427
3 536 535 1402 0.142066123198767 0.7104820971847887 0.8222536674843427
3 1303 1302 1134 0.142066123198767 0.7104820971847887 0.8222536674843427
3 1303 1304 1153 0.142066123198767 0.7104820971847887 0.8222536674843427
3 1153 1152 1303 0.142066123198767 0.7104820971847887 0.8222536674843427
3 1134 1135 1303 0.142066123198767 0.7104820971847887 0.8222536674843427
3 1303 1135 1304 0.142066123198767 0.7104820971847887 0.8222536674843427
3 702 1151 1150 0.142066123198767 0.7104820971847887 0.8222536674843427
3 1150 701 702 0.142066123198767 0.7104820971847887 0.8222536674843427
3 702 701 1300 0.142066123198767 0.7104820971847887 0.8222536674843427
3 1300 1301 702 0.142066123198767 0.7104820971847887 0.8222536674843427
3 1134 1405 1406 0.142066123198767 0.7104820971847887 0.8222536674843427
3 1407 1135 1406 0.142066123198767 0.7104820971847887 0.8222536674843427
3 1406 1135 1134 0.142066123198767 0.7104820971847887 0.8222536674843427
3 1013 1407 1406 0.142066123198767 0.7104820971847887 0.8222536674843427
3 1406 1012 1013 0.142066123198767 0.7104820971847887 0.8222536674843427
3 1406 1405 1012 0.142066123198767 0.7104820971847887 0.8222536674843427
3 1011 1012 1404 0.142066123198767 0.7104820971847887 0.8222536674843427
3 1012 1405 1404 0.142066123198767 0.7104820971847887 0.8222536674843427
3 1404 1403 1011 0.142066123198767 0.7104820971847887 0.8222536674843427
3 536 1403 1404 0.142066123198767 0.7104820971847887 0.8222536674843427
3 1404 1132 536 0.142066123198767 0.7104820971847887 0.8222536674843427
3 1404 1133 1132 0.142066123198767 0.7104820971847887 0.8222536674843427
3 1404 1405 1133 0.142066123198767 0.7104820971847887 0.8222536674843427
3 1147 1148 850 0.142066123198767 0.7104820971847887 0.8222536674843427
3 699 1148 1147 0.142066123198767 0.7104820971847887 0.8222536674843427
3 1147 698 699 0.142066123198767 0.7104820971847887 0.8222536674843427
3 1147 1146 698 0.142066123198767 0.7104820971847887 0.8222536674843427
3 851 1148 1149 0.142066123198767 0.7104820971847887 0.8222536674843427
3 1150 852 1149 0.142066123198767 0.7104820971847887 0.8222536674843427
3 852 851 1149 0.142066123198767 0.7104820971847887 0.8222536674843427
3 1149 701 1150 0.142066123198767 0.7104820971847887 0.8222536674843427
3 700 701 1149 0.142066123198767 0.7104820971847887 0.8222536674843427
3 1149 1148 700 0.142066123198767 0.7104820971847887 0.8222536674843427
3 708 845 709 0.142066123198767 0.7104820971847887 0.8222536674843427
3 541 707 708 0.142066123198767 0.7104820971847887 0.8222536674843427
3 708 844 845 0.142066123198767 0.7104820971847887 0.8222536674843427
3 708 707 844 0.142066123198767 0.7104820971847887 0.8222536674843427
3 709 542 708 0.142066123198767 0.7104820971847887 0.8222536674843427
3 708 542 541 0.142066123198767 0.7104820971847887 0.8222536674843427
3 544 543 710 0.142066123198767 0.7104820971847887 0.8222536674843427
3 849 712 848 0.142066123198767 0.7104820971847887 0.8222536674843427
3 849 1147 850 0.142066123198767 0.7104820971847887 0.8222536674843427
3 848 1146 849 0.142066123198767 0.7104820971847887 0.8222536674843427
3 1146 1147 849 0.142066123198767 0.7104820971847887 0.8222536674843427
3 1024 725 726 0.142066123198767 0.7104820971847887 0.8222536674843427
3 726 1025 1024 0.142066123198767 0.7104820971847887 0.8222536674843427
3 726 727 1025 0.142066123198767 0.7104820971847887 0.8222536674843427
3 1420 215 1421 0.142066123198767 0.7104820971847887 0.8222536674843427
3 1421 215 301 0.142066123198767 0.7104820971847887 0.8222536674843427
3 1421 725 1420 0.142066123198767 0.7104820971847887 0.8222536674843427
3 1421 726 725 0.142066123198767 0.7104820971847887 0.8222536674843427
3 547 471 546 0.142066123198767 0.7104820971847887 0.8222536674843427
3 470 471 1423 0.142066123198767 0.7104820971847887 0.8222536674843427
3 728 727 1423 0.142066123198767 0.7104820971847887 0.8222536674843427
3 1411 1412 1309 0.142066123198767 0.7104820971847887 0.8222536674843427
3 1309 1308 1411 0.142066123198767 0.7104820971847887 0.8222536674843427
3 1391 1289 1370 0.142066123198767 0.7104820971847887 0.8222536674843427
3 1370 1496 1391 0.142066123198767 0.7104820971847887 0.8222536674843427
3 1412 1411 1391 0.142066123198767 0.7104820971847887 0.8222536674843427
3 1391 1411 1289 0.142066123198767 0.7104820971847887 0.8222536674843427
3 1475 1412 1391 0.142066123198767 0.7104820971847887 0.8222536674843427
3 1391 1496 1475 0.142066123198767 0.7104820971847887 0.8222536674843427
3 1084 1388 1387 0.142066123198767 0.7104820971847887 0.8222536674843427
3 1387 1083 1084 0.142066123198767 0.7104820971847887 0.8222536674843427
3 1084 1083 1267 0.142066123198767 0.7104820971847887 0.8222536674843427
3 1267 1268 1084 0.142066123198767 0.7104820971847887 0.8222536674843427
3 1268 1388 1084 0.142066123198767 0.7104820971847887 0.8222536674843427
3 404 1320 1319 0.142066123198767 0.7104820971847887 0.8222536674843427
3 404 1319 1318 0.142066123198767 0.7104820971847887 0.8222536674843427
3 1318 1317 404 0.142066123198767 0.7104820971847887 0.8222536674843427
3 404 1317 403 0.142066123198767 0.7104820971847887 0.8222536674843427
3 404 403 480 0.142066123198767 0.7104820971847887 0.8222536674843427
3 397 1311 1310 0.142066123198767 0.7104820971847887 0.8222536674843427
3 1310 396 397 0.142066123198767 0.7104820971847887 0.8222536674843427
3 96 396 1310 0.142066123198767 0.7104820971847887 0.8222536674843427
3 399 400 1313 0.142066123198767 0.7104820971847887 0.8222536674843427
3 1313 400 1314 0.142066123198767 0.7104820971847887 0.8222536674843427
3 318 319 934 0.142066123198767 0.7104820971847887 0.8222536674843427
3 98 97 318 0.142066123198767 0.7104820971847887 0.8222536674843427
3 935 319 320 0.142066123198767 0.7104820971847887 0.8222536674843427
3 320 407 321 0.142066123198767 0.7104820971847887 0.8222536674843427
3 942 1244 1243 0.142066123198767 0.7104820971847887 0.8222536674843427
3 1243 941 942 0.142066123198767 0.7104820971847887 0.8222536674843427
3 943 1244 942 0.142066123198767 0.7104820971847887 0.8222536674843427
3 942 413 943 0.142066123198767 0.7104820971847887 0.8222536674843427
3 924 567 566 0.142066123198767 0.7104820971847887 0.8222536674843427
3 566 923 924 0.142066123198767 0.7104820971847887 0.8222536674843427
3 924 923 556 0.142066123198767 0.7104820971847887 0.8222536674843427
3 556 557 924 0.142066123198767 0.7104820971847887 0.8222536674843427
3 924 557 925 0.142066123198767 0.7104820971847887 0.8222536674843427
3 925 567 924 0.142066123198767 0.7104820971847887 0.8222536674843427
3 927 882 881 0.142066123198767 0.7104820971847887 0.8222536674843427
3 882 580 881 0.142066123198767 0.7104820971847887 0.8222536674843427
3 578 880 579 0.142066123198767 0.7104820971847887 0.8222536674843427
3 579 1218 578 0.142066123198767 0.7104820971847887 0.8222536674843427
3 880 881 579 0.142066123198767 0.7104820971847887 0.8222536674843427
3 579 881 580 0.142066123198767 0.7104820971847887 0.8222536674843427
3 391 1218 392 0.142066123198767 0.7104820971847887 0.8222536674843427
3 392 889 391 0.142066123198767 0.7104820971847887 0.8222536674843427
3 392 393 890 0.142066123198767 0.7104820971847887 0.8222536674843427
3 890 889 392 0.142066123198767 0.7104820971847887 0.8222536674843427
3 1192 1191 1470 0.142066123198767 0.7104820971847887 0.8222536674843427
3 1472 1473 1349 0.142066123198767 0.7104820971847887 0.8222536674843427
3 1470 1045 1046 0.142066123198767 0.7104820971847887 0.8222536674843427
3 1237 250 1236 0.142066123198767 0.7104820971847887 0.8222536674843427
3 792 250 1237 0.142066123198767 0.7104820971847887 0.8222536674843427
3 1469 811 1470 0.142066123198767 0.7104820971847887 0.8222536674843427
3 1470 1191 1469 0.142066123198767 0.7104820971847887 0.8222536674843427
3 1469 1191 1190 0.142066123198767 0.7104820971847887 0.8222536674843427
3 1469 810 811 0.142066123198767 0.7104820971847887 0.8222536674843427
3 1468 825 1467 0.142066123198767 0.7104820971847887 0.8222536674843427
3 1189 825 1468 0.142066123198767 0.7104820971847887 0.8222536674843427
3 1190 1189 1468 0.142066123198767 0.7104820971847887 0.8222536674843427
3 1468 1469 1190 0.142066123198767 0.7104820971847887 0.8222536674843427
3 810 1469 1468 0.142066123198767 0.7104820971847887 0.8222536674843427
3 792 1237 793 0.142066123198767 0.7104820971847887 0.8222536674843427
3 1044 1045 811 0.142066123198767 0.7104820971847887 0.8222536674843427
3 1044 795 1045 0.142066123198767 0.7104820971847887 0.8222536674843427
3 794 795 1044 0.142066123198767 0.7104820971847887 0.8222536674843427
3 1045 795 796 0.142066123198767 0.7104820971847887 0.8222536674843427
3 796 1046 1045 0.142066123198767 0.7104820971847887 0.8222536674843427
3 797 1046 796 0.142066123198767 0.7104820971847887 0.8222536674843427
3 1242 797 796 0.142066123198767 0.7104820971847887 0.8222536674843427
3 1053 1052 760 0.142066123198767 0.7104820971847887 0.8222536674843427
3 1480 761 760 0.142066123198767 0.7104820971847887 0.8222536674843427
3 761 1053 760 0.142066123198767 0.7104820971847887 0.8222536674843427
3 760 1052 759 0.142066123198767 0.7104820971847887 0.8222536674843427
3 760 1479 1480 0.142066123198767 0.7104820971847887 0.8222536674843427
3 760 759 1479 0.142066123198767 0.7104820971847887 0.8222536674843427
3 11 482 12 0.142066123198767 0.7104820971847887 0.8222536674843427
3 666 482 593 0.142066123198767 0.7104820971847887 0.8222536674843427
3 665 1050 593 0.142066123198767 0.7104820971847887 0.8222536674843427
3 593 1050 666 0.142066123198767 0.7104820971847887 0.8222536674843427
3 593 10 665 0.142066123198767 0.7104820971847887 0.8222536674843427
3 593 482 11 0.142066123198767 0.7104820971847887 0.8222536674843427
3 11 10 593 0.142066123198767 0.7104820971847887 0.8222536674843427
3 432 594 483 0.142066123198767 0.7104820971847887 0.8222536674843427
3 432 482 594 0.142066123198767 0.7104820971847887 0.8222536674843427
3 483 351 432 0.142066123198767 0.7104820971847887 0.8222536674843427
3 432 12 482 0.142066123198767 0.7104820971847887 0.8222536674843427
3 351 13 432 0.142066123198767 0.7104820971847887 0.8222536674843427
3 13 12 432 0.142066123198767 0.7104820971847887 0.8222536674843427
3 8 1049 9 0.142066123198767 0.7104820971847887 0.8222536674843427
3 7 756 8 0.142066123198767 0.7104820971847887 0.8222536674843427
3 756 1049 8 0.142066123198767 0.7104820971847887 0.8222536674843427
3 218 372 1195 0.142066123198767 0.7104820971847887 0.8222536674843427
3 1195 371 217 0.142066123198767 0.7104820971847887 0.8222536674843427
3 217 731 1195 0.142066123198767 0.7104820971847887 0.8222536674843427
3 1195 731 218 0.142066123198767 0.7104820971847887 0.8222536674843427
3 380 371 859 0.142066123198767 0.7104820971847887 0.8222536674843427
3 859 304 380 0.142066123198767 0.7104820971847887 0.8222536674843427
3 371 1195 859 0.142066123198767 0.7104820971847887 0.8222536674843427
3 859 1195 372 0.142066123198767 0.7104820971847887 0.8222536674843427
3 306 1160 382 0.142066123198767 0.7104820971847887 0.8222536674843427
3 382 861 306 0.142066123198767 0.7104820971847887 0.8222536674843427
3 382 373 861 0.142066123198767 0.7104820971847887 0.8222536674843427
3 746 774 227 0.142066123198767 0.7104820971847887 0.8222536674843427
3 227 182 746 0.142066123198767 0.7104820971847887 0.8222536674843427
3 746 226 774 0.142066123198767 0.7104820971847887 0.8222536674843427
3 181 226 746 0.142066123198767 0.7104820971847887 0.8222536674843427
3 746 643 181 0.142066123198767 0.7104820971847887 0.8222536674843427
3 746 182 643 0.142066123198767 0.7104820971847887 0.8222536674843427
3 550 148 549 0.142066123198767 0.7104820971847887 0.8222536674843427
3 549 144 550 0.142066123198767 0.7104820971847887 0.8222536674843427
3 145 551 550 0.142066123198767 0.7104820971847887 0.8222536674843427
3 550 144 145 0.142066123198767 0.7104820971847887 0.8222536674843427
3 316 775 1163 0.142066123198767 0.7104820971847887 0.8222536674843427
3 316 228 775 0.142066123198767 0.7104820971847887 0.8222536674843427
3 776 228 316 0.142066123198767 0.7104820971847887 0.8222536674843427
3 316 1163 309 0.142066123198767 0.7104820971847887 0.8222536674843427
3 309 1164 316 0.142066123198767 0.7104820971847887 0.8222536674843427
3 316 1164 776 0.142066123198767 0.7104820971847887 0.8222536674843427
3 773 313 1161 0.142066123198767 0.7104820971847887 0.8222536674843427
3 225 313 773 0.142066123198767 0.7104820971847887 0.8222536674843427
3 773 745 225 0.142066123198767 0.7104820971847887 0.8222536674843427
3 773 226 745 0.142066123198767 0.7104820971847887 0.8222536674843427
3 774 226 314 0.142066123198767 0.7104820971847887 0.8222536674843427
3 1161 307 314 0.142066123198767 0.7104820971847887 0.8222536674843427
3 314 773 1161 0.142066123198767 0.7104820971847887 0.8222536674843427
3 226 773 314 0.142066123198767 0.7104820971847887 0.8222536674843427
3 314 307 1162 0.142066123198767 0.7104820971847887 0.8222536674843427
3 1162 774 314 0.142066123198767 0.7104820971847887 0.8222536674843427
3 183 228 748 0.142066123198767 0.7104820971847887 0.8222536674843427
3 748 645 183 0.142066123198767 0.7104820971847887 0.8222536674843427
3 747 228 183 0.142066123198767 0.7104820971847887 0.8222536674843427
3 190 1439 146 0.142066123198767 0.7104820971847887 0.8222536674843427
3 146 1438 190 0.142066123198767 0.7104820971847887 0.8222536674843427
3 146 551 145 0.142066123198767 0.7104820971847887 0.8222536674843427
3 145 1438 146 0.142066123198767 0.7104820971847887 0.8222536674843427
3 1173 1172 1209 0.142066123198767 0.7104820971847887 0.8222536674843427
3 1173 1449 1172 0.142066123198767 0.7104820971847887 0.8222536674843427
3 1173 1210 1174 0.142066123198767 0.7104820971847887 0.8222536674843427
3 1209 1210 1173 0.142066123198767 0.7104820971847887 0.8222536674843427
3 1174 1450 1173 0.142066123198767 0.7104820971847887 0.8222536674843427
3 1450 1449 1173 0.142066123198767 0.7104820971847887 0.8222536674843427
3 1441 648 649 0.142066123198767 0.7104820971847887 0.8222536674843427
3 649 1442 1441 0.142066123198767 0.7104820971847887 0.8222536674843427
3 650 1442 649 0.142066123198767 0.7104820971847887 0.8222536674843427
3 912 913 1342 0.142066123198767 0.7104820971847887 0.8222536674843427
3 912 1185 913 0.142066123198767 0.7104820971847887 0.8222536674843427
3 1184 1185 912 0.142066123198767 0.7104820971847887 0.8222536674843427
3 911 1184 912 0.142066123198767 0.7104820971847887 0.8222536674843427
3 912 1341 911 0.142066123198767 0.7104820971847887 0.8222536674843427
3 960 1341 912 0.142066123198767 0.7104820971847887 0.8222536674843427
3 912 1342 960 0.142066123198767 0.7104820971847887 0.8222536674843427
3 1042 1041 792 0.142066123198767 0.7104820971847887 0.8222536674843427
3 792 793 1042 0.142066123198767 0.7104820971847887 0.8222536674843427
3 1465 1466 824 0.142066123198767 0.7104820971847887 0.8222536674843427
3 824 823 1465 0.142066123198767 0.7104820971847887 0.8222536674843427
3 1188 823 824 0.142066123198767 0.7104820971847887 0.8222536674843427
3 824 825 1188 0.142066123198767 0.7104820971847887 0.8222536674843427
3 824 1466 825 0.142066123198767 0.7104820971847887 0.8222536674843427
3 1038 805 264 0.142066123198767 0.7104820971847887 0.8222536674843427
3 806 805 1038 0.142066123198767 0.7104820971847887 0.8222536674843427
3 787 245 246 0.142066123198767 0.7104820971847887 0.8222536674843427
3 502 1279 1278 0.142066123198767 0.7104820971847887 0.8222536674843427
3 1278 511 1277 0.142066123198767 0.7104820971847887 0.8222536674843427
3 1277 501 1278 0.142066123198767 0.7104820971847887 0.8222536674843427
3 501 502 1278 0.142066123198767 0.7104820971847887 0.8222536674843427
3 512 1279 513 0.142066123198767 0.7104820971847887 0.8222536674843427
3 512 1110 511 0.142066123198767 0.7104820971847887 0.8222536674843427
3 511 1278 512 0.142066123198767 0.7104820971847887 0.8222536674843427
3 512 1278 1279 0.142066123198767 0.7104820971847887 0.8222536674843427
3 512 513 1111 0.142066123198767 0.7104820971847887 0.8222536674843427
3 1111 1110 512 0.142066123198767 0.7104820971847887 0.8222536674843427
3 503 1279 502 0.142066123198767 0.7104820971847887 0.8222536674843427
3 503 1097 1280 0.142066123198767 0.7104820971847887 0.8222536674843427
3 1280 1279 503 0.142066123198767 0.7104820971847887 0.8222536674843427
3 1112 514 1113 0.142066123198767 0.7104820971847887 0.8222536674843427
3 1114 461 1113 0.142066123198767 0.7104820971847887 0.8222536674843427
3 1113 461 1112 0.142066123198767 0.7104820971847887 0.8222536674843427
3 1113 1282 1114 0.142066123198767 0.7104820971847887 0.8222536674843427
3 1113 514 1282 0.142066123198767 0.7104820971847887 0.8222536674843427
3 703 1152 1151 0.142066123198767 0.7104820971847887 0.8222536674843427
3 1151 702 703 0.142066123198767 0.7104820971847887 0.8222536674843427
3 1302 1303 703 0.142066123198767 0.7104820971847887 0.8222536674843427
3 703 1303 1152 0.142066123198767 0.7104820971847887 0.8222536674843427
3 703 1301 1302 0.142066123198767 0.7104820971847887 0.8222536674843427
3 703 702 1301 0.142066123198767 0.7104820971847887 0.8222536674843427
3 711 544 710 0.142066123198767 0.7104820971847887 0.8222536674843427
3 848 712 711 0.142066123198767 0.7104820971847887 0.8222536674843427
3 711 847 848 0.142066123198767 0.7104820971847887 0.8222536674843427
3 711 710 847 0.142066123198767 0.7104820971847887 0.8222536674843427
3 468 543 469 0.142066123198767 0.7104820971847887 0.8222536674843427
3 543 544 469 0.142066123198767 0.7104820971847887 0.8222536674843427
3 469 301 468 0.142066123198767 0.7104820971847887 0.8222536674843427
3 470 301 469 0.142066123198767 0.7104820971847887 0.8222536674843427
3 469 544 470 0.142066123198767 0.7104820971847887 0.8222536674843427
3 712 546 545 0.142066123198767 0.7104820971847887 0.8222536674843427
3 545 711 712 0.142066123198767 0.7104820971847887 0.8222536674843427
3 544 711 545 0.142066123198767 0.7104820971847887 0.8222536674843427
3 470 544 545 0.142066123198767 0.7104820971847887 0.8222536674843427
3 545 471 470 0.142066123198767 0.7104820971847887 0.8222536674843427
3 545 546 471 0.142066123198767 0.7104820971847887 0.8222536674843427
3 713 714 547 0.142066123198767 0.7104820971847887 0.8222536674843427
3 547 546 713 0.142066123198767 0.7104820971847887 0.8222536674843427
3 713 546 712 0.142066123198767 0.7104820971847887 0.8222536674843427
3 850 714 713 0.142066123198767 0.7104820971847887 0.8222536674843427
3 713 849 850 0.142066123198767 0.7104820971847887 0.8222536674843427
3 712 849 713 0.142066123198767 0.7104820971847887 0.8222536674843427
3 727 726 1422 0.142066123198767 0.7104820971847887 0.8222536674843427
3 1422 1423 727 0.142066123198767 0.7104820971847887 0.8222536674843427
3 726 1421 1422 0.142066123198767 0.7104820971847887 0.8222536674843427
3 1422 1421 301 0.142066123198767 0.7104820971847887 0.8222536674843427
3 1422 301 470 0.142066123198767 0.7104820971847887 0.8222536674843427
3 470 1423 1422 0.142066123198767 0.7104820971847887 0.8222536674843427
3 728 1423 1424 0.142066123198767 0.7104820971847887 0.8222536674843427
3 729 728 1424 0.142066123198767 0.7104820971847887 0.8222536674843427
3 1424 1425 729 0.142066123198767 0.7104820971847887 0.8222536674843427
3 1424 1423 471 0.142066123198767 0.7104820971847887 0.8222536674843427
3 547 1425 1424 0.142066123198767 0.7104820971847887 0.8222536674843427
3 1424 471 547 0.142066123198767 0.7104820971847887 0.8222536674843427
3 1409 1289 1410 0.142066123198767 0.7104820971847887 0.8222536674843427
3 1289 1411 1410 0.142066123198767 0.7104820971847887 0.8222536674843427
3 1138 1409 1410 0.142066123198767 0.7104820971847887 0.8222536674843427
3 1410 1308 1138 0.142066123198767 0.7104820971847887 0.8222536674843427
3 1410 1411 1308 0.142066123198767 0.7104820971847887 0.8222536674843427
3 1321 1320 481 0.142066123198767 0.7104820971847887 0.8222536674843427
3 1320 404 481 0.142066123198767 0.7104820971847887 0.8222536674843427
3 664 1321 481 0.142066123198767 0.7104820971847887 0.8222536674843427
3 481 404 480 0.142066123198767 0.7104820971847887 0.8222536674843427
3 481 663 664 0.142066123198767 0.7104820971847887 0.8222536674843427
3 480 662 481 0.142066123198767 0.7104820971847887 0.8222536674843427
3 662 663 481 0.142066123198767 0.7104820971847887 0.8222536674843427
3 406 1310 1311 0.142066123198767 0.7104820971847887 0.8222536674843427
3 1311 407 406 0.142066123198767 0.7104820971847887 0.8222536674843427
3 406 320 319 0.142066123198767 0.7104820971847887 0.8222536674843427
3 407 320 406 0.142066123198767 0.7104820971847887 0.8222536674843427
3 1312 407 1311 0.142066123198767 0.7104820971847887 0.8222536674843427
3 399 1313 1312 0.142066123198767 0.7104820971847887 0.8222536674843427
3 1312 398 399 0.142066123198767 0.7104820971847887 0.8222536674843427
3 1312 1311 398 0.142066123198767 0.7104820971847887 0.8222536674843427
3 409 1313 1314 0.142066123198767 0.7104820971847887 0.8222536674843427
3 331 935 936 0.142066123198767 0.7104820971847887 0.8222536674843427
3 936 320 321 0.142066123198767 0.7104820971847887 0.8222536674843427
3 935 320 936 0.142066123198767 0.7104820971847887 0.8222536674843427
3 411 412 325 0.142066123198767 0.7104820971847887 0.8222536674843427
3 325 412 413 0.142066123198767 0.7104820971847887 0.8222536674843427
3 413 942 325 0.142066123198767 0.7104820971847887 0.8222536674843427
3 325 942 941 0.142066123198767 0.7104820971847887 0.8222536674843427
3 926 1445 927 0.142066123198767 0.7104820971847887 0.8222536674843427
3 558 1445 926 0.142066123198767 0.7104820971847887 0.8222536674843427
3 925 558 926 0.142066123198767 0.7104820971847887 0.8222536674843427
3 926 568 925 0.142066123198767 0.7104820971847887 0.8222536674843427
3 1219 579 580 0.142066123198767 0.7104820971847887 0.8222536674843427
3 1218 579 1219 0.142066123198767 0.7104820971847887 0.8222536674843427
3 1219 580 1220 0.142066123198767 0.7104820971847887 0.8222536674843427
3 1220 393 1219 0.142066123198767 0.7104820971847887 0.8222536674843427
3 393 392 1219 0.142066123198767 0.7104820971847887 0.8222536674843427
3 1219 392 1218 0.142066123198767 0.7104820971847887 0.8222536674843427
3 1369 1494 1348 0.142066123198767 0.7104820971847887 0.8222536674843427
3 1494 1192 1348 0.142066123198767 0.7104820971847887 0.8222536674843427
3 1347 1192 1494 0.142066123198767 0.7104820971847887 0.8222536674843427
3 1191 1192 1347 0.142066123198767 0.7104820971847887 0.8222536674843427
3 1493 1346 1347 0.142066123198767 0.7104820971847887 0.8222536674843427
3 1347 1494 1493 0.142066123198767 0.7104820971847887 0.8222536674843427
3 1347 1346 1190 0.142066123198767 0.7104820971847887 0.8222536674843427
3 1190 1191 1347 0.142066123198767 0.7104820971847887 0.8222536674843427
3 1048 1244 1245 0.142066123198767 0.7104820971847887 0.8222536674843427
3 1473 1472 1048 0.142066123198767 0.7104820971847887 0.8222536674843427
3 1245 1246 1048 0.142066123198767 0.7104820971847887 0.8222536674843427
3 1048 1246 1473 0.142066123198767 0.7104820971847887 0.8222536674843427
3 1471 1192 1470 0.142066123198767 0.7104820971847887 0.8222536674843427
3 1470 1046 1471 0.142066123198767 0.7104820971847887 0.8222536674843427
3 1471 1348 1192 0.142066123198767 0.7104820971847887 0.8222536674843427
3 1472 1348 1471 0.142066123198767 0.7104820971847887 0.8222536674843427
3 1239 1240 794 0.142066123198767 0.7104820971847887 0.8222536674843427
3 794 793 1239 0.142066123198767 0.7104820971847887 0.8222536674843427
3 242 329 330 0.142066123198767 0.7104820971847887 0.8222536674843427
3 331 243 330 0.142066123198767 0.7104820971847887 0.8222536674843427
3 330 243 242 0.142066123198767 0.7104820971847887 0.8222536674843427
3 330 935 331 0.142066123198767 0.7104820971847887 0.8222536674843427
3 934 935 330 0.142066123198767 0.7104820971847887 0.8222536674843427
3 330 329 934 0.142066123198767 0.7104820971847887 0.8222536674843427
3 934 329 933 0.142066123198767 0.7104820971847887 0.8222536674843427
3 933 318 934 0.142066123198767 0.7104820971847887 0.8222536674843427
3 98 318 933 0.142066123198767 0.7104820971847887 0.8222536674843427
3 241 329 242 0.142066123198767 0.7104820971847887 0.8222536674843427
3 241 1237 1236 0.142066123198767 0.7104820971847887 0.8222536674843427
3 242 1237 241 0.142066123198767 0.7104820971847887 0.8222536674843427
3 240 241 1236 0.142066123198767 0.7104820971847887 0.8222536674843427
3 1236 250 1235 0.142066123198767 0.7104820971847887 0.8222536674843427
3 1235 240 1236 0.142066123198767 0.7104820971847887 0.8222536674843427
3 1232 1231 101 0.142066123198767 0.7104820971847887 0.8222536674843427
3 246 1231 1232 0.142066123198767 0.7104820971847887 0.8222536674843427
3 788 787 246 0.142066123198767 0.7104820971847887 0.8222536674843427
3 256 787 788 0.142066123198767 0.7104820971847887 0.8222536674843427
3 1159 304 381 0.142066123198767 0.7104820971847887 0.8222536674843427
3 304 859 381 0.142066123198767 0.7104820971847887 0.8222536674843427
3 381 859 372 0.142066123198767 0.7104820971847887 0.8222536674843427
3 561 153 154 0.142066123198767 0.7104820971847887 0.8222536674843427
3 154 153 917 0.142066123198767 0.7104820971847887 0.8222536674843427
3 154 919 155 0.142066123198767 0.7104820971847887 0.8222536674843427
3 154 562 561 0.142066123198767 0.7104820971847887 0.8222536674843427
3 155 562 154 0.142066123198767 0.7104820971847887 0.8222536674843427
3 917 148 149 0.142066123198767 0.7104820971847887 0.8222536674843427
3 148 550 149 0.142066123198767 0.7104820971847887 0.8222536674843427
3 149 551 150 0.142066123198767 0.7104820971847887 0.8222536674843427
3 149 550 551 0.142066123198767 0.7104820971847887 0.8222536674843427
3 188 645 1437 0.142066123198767 0.7104820971847887 0.8222536674843427
3 188 183 645 0.142066123198767 0.7104820971847887 0.8222536674843427
3 188 1437 1436 0.142066123198767 0.7104820971847887 0.8222536674843427
3 552 1439 553 0.142066123198767 0.7104820971847887 0.8222536674843427
3 552 146 1439 0.142066123198767 0.7104820971847887 0.8222536674843427
3 553 151 552 0.142066123198767 0.7104820971847887 0.8222536674843427
3 552 151 150 0.142066123198767 0.7104820971847887 0.8222536674843427
3 150 551 552 0.142066123198767 0.7104820971847887 0.8222536674843427
3 551 146 552 0.142066123198767 0.7104820971847887 0.8222536674843427
3 751 649 648 0.142066123198767 0.7104820971847887 0.8222536674843427
3 751 750 778 0.142066123198767 0.7104820971847887 0.8222536674843427
3 751 648 750 0.142066123198767 0.7104820971847887 0.8222536674843427
3 810 1042 1043 0.142066123198767 0.7104820971847887 0.8222536674843427
3 1043 1042 793 0.142066123198767 0.7104820971847887 0.8222536674843427
3 1043 793 794 0.142066123198767 0.7104820971847887 0.8222536674843427
3 794 1044 1043 0.142066123198767 0.7104820971847887 0.8222536674843427
3 811 810 1043 0.142066123198767 0.7104820971847887 0.8222536674843427
3 1043 1044 811 0.142066123198767 0.7104820971847887 0.8222536674843427
3 1041 1042 809 0.142066123198767 0.7104820971847887 0.8222536674843427
3 1467 808 809 0.142066123198767 0.7104820971847887 0.8222536674843427
3 808 1041 809 0.142066123198767 0.7104820971847887 0.8222536674843427
3 809 1042 810 0.142066123198767 0.7104820971847887 0.8222536674843427
3 809 1468 1467 0.142066123198767 0.7104820971847887 0.8222536674843427
3 810 1468 809 0.142066123198767 0.7104820971847887 0.8222536674843427
3 807 806 1039 0.142066123198767 0.7104820971847887 0.8222536674843427
3 806 1038 1039 0.142066123198767 0.7104820971847887 0.8222536674843427
3 1040 807 1039 0.142066123198767 0.7104820971847887 0.8222536674843427
3 255 787 256 0.142066123198767 0.7104820971847887 0.8222536674843427
3 245 787 786 0.142066123198767 0.7104820971847887 0.8222536674843427
3 786 254 785 0.142066123198767 0.7104820971847887 0.8222536674843427
3 786 255 254 0.142066123198767 0.7104820971847887 0.8222536674843427
3 787 255 786 0.142066123198767 0.7104820971847887 0.8222536674843427
3 786 785 244 0.142066123198767 0.7104820971847887 0.8222536674843427
3 244 245 786 0.142066123198767 0.7104820971847887 0.8222536674843427
3 1095 503 502 0.142066123198767 0.7104820971847887 0.8222536674843427
3 1095 502 1094 0.142066123198767 0.7104820971847887 0.8222536674843427
3 1095 627 628 0.142066123198767 0.7104820971847887 0.8222536674843427
3 1094 627 1095 0.142066123198767 0.7104820971847887 0.8222536674843427
3 1310 406 405 0.142066123198767 0.7104820971847887 0.8222536674843427
3 405 97 96 0.142066123198767 0.7104820971847887 0.8222536674843427
3 96 1310 405 0.142066123198767 0.7104820971847887 0.8222536674843427
3 405 406 319 0.142066123198767 0.7104820971847887 0.8222536674843427
3 405 318 97 0.142066123198767 0.7104820971847887 0.8222536674843427
3 319 318 405 0.142066123198767 0.7104820971847887 0.8222536674843427
3 321 407 408 0.142066123198767 0.7104820971847887 0.8222536674843427
3 1313 409 408 0.142066123198767 0.7104820971847887 0.8222536674843427
3 408 1312 1313 0.142066123198767 0.7104820971847887 0.8222536674843427
3 407 1312 408 0.142066123198767 0.7104820971847887 0.8222536674843427
3 938 333 937 0.142066123198767 0.7104820971847887 0.8222536674843427
3 937 936 321 0.142066123198767 0.7104820971847887 0.8222536674843427
3 1241 333 1242 0.142066123198767 0.7104820971847887 0.8222536674843427
3 1240 333 1241 0.142066123198767 0.7104820971847887 0.8222536674843427
3 1242 796 1241 0.142066123198767 0.7104820971847887 0.8222536674843427
3 1241 795 1240 0.142066123198767 0.7104820971847887 0.8222536674843427
3 1241 796 795 0.142066123198767 0.7104820971847887 0.8222536674843427
3 939 333 938 0.142066123198767 0.7104820971847887 0.8222536674843427
3 410 1315 411 0.142066123198767 0.7104820971847887 0.8222536674843427
3 1314 1315 410 0.142066123198767 0.7104820971847887 0.8222536674843427
3 410 409 1314 0.142066123198767 0.7104820971847887 0.8222536674843427
3 409 410 323 0.142066123198767 0.7104820971847887 0.8222536674843427
3 927 881 569 0.142066123198767 0.7104820971847887 0.8222536674843427
3 569 926 927 0.142066123198767 0.7104820971847887 0.8222536674843427
3 569 881 880 0.142066123198767 0.7104820971847887 0.8222536674843427
3 880 568 569 0.142066123198767 0.7104820971847887 0.8222536674843427
3 568 926 569 0.142066123198767 0.7104820971847887 0.8222536674843427
3 1495 1472 1349 0.142066123198767 0.7104820971847887 0.8222536674843427
3 1495 1348 1472 0.142066123198767 0.7104820971847887 0.8222536674843427
3 1369 1348 1495 0.142066123198767 0.7104820971847887 0.8222536674843427
3 1349 1370 1495 0.142066123198767 0.7104820971847887 0.8222536674843427
3 1495 1370 1390 0.142066123198767 0.7104820971847887 0.8222536674843427
3 1495 1269 1369 0.142066123198767 0.7104820971847887 0.8222536674843427
3 1495 1390 1269 0.142066123198767 0.7104820971847887 0.8222536674843427
3 1472 1471 1047 0.142066123198767 0.7104820971847887 0.8222536674843427
3 1047 1471 1046 0.142066123198767 0.7104820971847887 0.8222536674843427
3 1047 1046 797 0.142066123198767 0.7104820971847887 0.8222536674843427
3 1047 1048 1472 0.142066123198767 0.7104820971847887 0.8222536674843427
3 1244 1048 1047 0.142066123198767 0.7104820971847887 0.8222536674843427
3 1243 1244 1047 0.142066123198767 0.7104820971847887 0.8222536674843427
3 1047 797 1243 0.142066123198767 0.7104820971847887 0.8222536674843427
3 1238 793 1237 0.142066123198767 0.7104820971847887 0.8222536674843427
3 1238 1239 793 0.142066123198767 0.7104820971847887 0.8222536674843427
3 243 1239 1238 0.142066123198767 0.7104820971847887 0.8222536674843427
3 1238 1237 242 0.142066123198767 0.7104820971847887 0.8222536674843427
3 242 243 1238 0.142066123198767 0.7104820971847887 0.8222536674843427
3 329 241 328 0.142066123198767 0.7104820971847887 0.8222536674843427
3 241 240 328 0.142066123198767 0.7104820971847887 0.8222536674843427
3 240 327 328 0.142066123198767 0.7104820971847887 0.8222536674843427
3 328 933 329 0.142066123198767 0.7104820971847887 0.8222536674843427
3 250 791 249 0.142066123198767 0.7104820971847887 0.8222536674843427
3 249 1235 250 0.142066123198767 0.7104820971847887 0.8222536674843427
3 1234 1235 249 0.142066123198767 0.7104820971847887 0.8222536674843427
3 101 100 237 0.142066123198767 0.7104820971847887 0.8222536674843427
3 237 1232 101 0.142066123198767 0.7104820971847887 0.8222536674843427
3 237 1233 1232 0.142066123198767 0.7104820971847887 0.8222536674843427
3 305 312 1159 0.142066123198767 0.7104820971847887 0.8222536674843427
3 1159 381 305 0.142066123198767 0.7104820971847887 0.8222536674843427
3 1160 312 305 0.142066123198767 0.7104820971847887 0.8222536674843427
3 305 382 1160 0.142066123198767 0.7104820971847887 0.8222536674843427
3 860 381 372 0.142066123198767 0.7104820971847887 0.8222536674843427
3 373 382 860 0.142066123198767 0.7104820971847887 0.8222536674843427
3 382 305 860 0.142066123198767 0.7104820971847887 0.8222536674843427
3 860 305 381 0.142066123198767 0.7104820971847887 0.8222536674843427
3 860 372 1196 0.142066123198767 0.7104820971847887 0.8222536674843427
3 1196 373 860 0.142066123198767 0.7104820971847887 0.8222536674843427
3 918 154 917 0.142066123198767 0.7104820971847887 0.8222536674843427
3 917 149 918 0.142066123198767 0.7104820971847887 0.8222536674843427
3 919 154 918 0.142066123198767 0.7104820971847887 0.8222536674843427
3 150 919 918 0.142066123198767 0.7104820971847887 0.8222536674843427
3 918 149 150 0.142066123198767 0.7104820971847887 0.8222536674843427
3 183 188 644 0.142066123198767 0.7104820971847887 0.8222536674843427
3 644 182 747 0.142066123198767 0.7104820971847887 0.8222536674843427
3 747 183 644 0.142066123198767 0.7104820971847887 0.8222536674843427
3 187 182 644 0.142066123198767 0.7104820971847887 0.8222536674843427
3 644 1436 187 0.142066123198767 0.7104820971847887 0.8222536674843427
3 644 188 1436 0.142066123198767 0.7104820971847887 0.8222536674843427
3 778 1166 779 0.142066123198767 0.7104820971847887 0.8222536674843427
3 779 751 778 0.142066123198767 0.7104820971847887 0.8222536674843427
3 1166 1167 779 0.142066123198767 0.7104820971847887 0.8222536674843427
3 256 1038 1037 0.142066123198767 0.7104820971847887 0.8222536674843427
3 1037 255 256 0.142066123198767 0.7104820971847887 0.8222536674843427
3 1037 1038 264 0.142066123198767 0.7104820971847887 0.8222536674843427
3 1037 263 1036 0.142066123198767 0.7104820971847887 0.8222536674843427
3 264 263 1037 0.142066123198767 0.7104820971847887 0.8222536674843427
3 1036 254 1037 0.142066123198767 0.7104820971847887 0.8222536674843427
3 254 255 1037 0.142066123198767 0.7104820971847887 0.8222536674843427
3 1096 1095 628 0.142066123198767 0.7104820971847887 0.8222536674843427
3 503 1095 1096 0.142066123198767 0.7104820971847887 0.8222536674843427
3 1097 503 1096 0.142066123198767 0.7104820971847887 0.8222536674843427
3 1384 1097 1096 0.142066123198767 0.7104820971847887 0.8222536674843427
3 628 1383 1096 0.142066123198767 0.7104820971847887 0.8222536674843427
3 1096 1383 1384 0.142066123198767 0.7104820971847887 0.8222536674843427
3 332 937 333 0.142066123198767 0.7104820971847887 0.8222536674843427
3 332 243 331 0.142066123198767 0.7104820971847887 0.8222536674843427
3 331 936 332 0.142066123198767 0.7104820971847887 0.8222536674843427
3 936 937 332 0.142066123198767 0.7104820971847887 0.8222536674843427
3 332 1239 243 0.142066123198767 0.7104820971847887 0.8222536674843427
3 332 333 1240 0.142066123198767 0.7104820971847887 0.8222536674843427
3 1240 1239 332 0.142066123198767 0.7104820971847887 0.8222536674843427
3 1242 333 940 0.142066123198767 0.7104820971847887 0.8222536674843427
3 333 939 940 0.142066123198767 0.7104820971847887 0.8222536674843427
3 940 941 1242 0.142066123198767 0.7104820971847887 0.8222536674843427
3 940 325 941 0.142066123198767 0.7104820971847887 0.8222536674843427
3 940 939 325 0.142066123198767 0.7104820971847887 0.8222536674843427
3 321 408 322 0.142066123198767 0.7104820971847887 0.8222536674843427
3 322 937 321 0.142066123198767 0.7104820971847887 0.8222536674843427
3 322 408 409 0.142066123198767 0.7104820971847887 0.8222536674843427
3 409 323 322 0.142066123198767 0.7104820971847887 0.8222536674843427
3 938 937 322 0.142066123198767 0.7104820971847887 0.8222536674843427
3 322 323 938 0.142066123198767 0.7104820971847887 0.8222536674843427
3 324 939 938 0.142066123198767 0.7104820971847887 0.8222536674843427
3 938 323 324 0.142066123198767 0.7104820971847887 0.8222536674843427
3 325 939 324 0.142066123198767 0.7104820971847887 0.8222536674843427
3 324 323 410 0.142066123198767 0.7104820971847887 0.8222536674843427
3 411 325 324 0.142066123198767 0.7104820971847887 0.8222536674843427
3 324 410 411 0.142066123198767 0.7104820971847887 0.8222536674843427
3 932 327 99 0.142066123198767 0.7104820971847887 0.8222536674843427
3 932 99 98 0.142066123198767 0.7104820971847887 0.8222536674843427
3 98 933 932 0.142066123198767 0.7104820971847887 0.8222536674843427
3 933 328 932 0.142066123198767 0.7104820971847887 0.8222536674843427
3 932 328 327 0.142066123198767 0.7104820971847887 0.8222536674843427
3 239 327 240 0.142066123198767 0.7104820971847887 0.8222536674843427
3 239 1235 1234 0.142066123198767 0.7104820971847887 0.8222536674843427
3 240 1235 239 0.142066123198767 0.7104820971847887 0.8222536674843427
3 1234 249 248 0.142066123198767 0.7104820971847887 0.8222536674843427
3 248 1233 1234 0.142066123198767 0.7104820971847887 0.8222536674843427
3 649 751 752 0.142066123198767 0.7104820971847887 0.8222536674843427
3 751 779 752 0.142066123198767 0.7104820971847887 0.8222536674843427
3 650 649 752 0.142066123198767 0.7104820971847887 0.8222536674843427
3 752 780 650 0.142066123198767 0.7104820971847887 0.8222536674843427
3 1167 780 752 0.142066123198767 0.7104820971847887 0.8222536674843427
3 752 779 1167 0.142066123198767 0.7104820971847887 0.8222536674843427
3 1234 1233 238 0.142066123198767 0.7104820971847887 0.8222536674843427
3 238 239 1234 0.142066123198767 0.7104820971847887 0.8222536674843427
3 1233 237 238 0.142066123198767 0.7104820971847887 0.8222536674843427
3 238 237 100 0.142066123198767 0.7104820971847887 0.8222536674843427
3 1233 248 247 0.142066123198767 0.7104820971847887 0.8222536674843427
3 247 788 246 0.142066123198767 0.7104820971847887 0.8222536674843427
3 246 1232 247 0.142066123198767 0.7104820971847887 0.8222536674843427
3 1232 1233 247 0.142066123198767 0.7104820971847887 0.8222536674843427
3 256 788 257 0.142066123198767 0.7104820971847887 0.8222536674843427
3 1040 1039 257 0.142066123198767 0.7104820971847887 0.8222536674843427
3 257 1038 256 0.142066123198767 0.7104820971847887 0.8222536674843427
3 257 1039 1038 0.142066123198767 0.7104820971847887 0.8222536674843427
3 327 239 326 0.142066123198767 0.7104820971847887 0.8222536674843427
3 239 238 326 0.142066123198767 0.7104820971847887 0.8222536674843427
3 326 238 100 0.142066123198767 0.7104820971847887 0.8222536674843427
3 326 100 99 0.142066123198767 0.7104820971847887 0.8222536674843427
3 99 327 326 0.142066123198767 0.7104820971847887 0.8222536674843427
3 1040 257 790 0.142066123198767 0.7104820971847887 0.8222536674843427
3 790 791 1040 0.142066123198767 0.7104820971847887 0.8222536674843427
3 790 249 791 0.142066123198767 0.7104820971847887 0.8222536674843427
3 790 248 249 0.142066123198767 0.7104820971847887 0.8222536674843427
3 248 790 789 0.142066123198767 0.7104820971847887 0.8222536674843427
3 789 790 257 0.142066123198767 0.7104820971847887 0.8222536674843427
3 789 257 788 0.142066123198767 0.7104820971847887 0.8222536674843427
3 788 247 789 0.142066123198767 0.7104820971847887 0.8222536674843427
3 789 247 248 0.142066123198767 0.7104820971847887 0.8222536674843427
