OFF
1367 2585 0


27.7493 34.9326 5.1781
27.7493 34.9326 5.1781
27.6685 34.9093 5.3005
27.6092 34.8941 5.388
27.5589 34.8823 5.4609
27.5107 34.8722 5.5294
27.459 34.8625 5.6014
27.3962 34.8524 5.6869
27.3065 34.8412 5.8053
27.2899 34.8364 5.8511
27.2733 34.8319 5.8969
27.2733 34.8319 5.8969
27.2781 34.8138 6.0466
27.2817 34.801 6.1636
27.2847 34.7911 6.2616
27.2873 34.7832 6.3486
27.2896 34.7765 6.4296
27.2918 34.7708 6.5088
27.294 34.7657 6.5896
27.2962 34.7612 6.6762
27.2986 34.7575 6.774
27.3013 34.7551 6.8913
27.3046 34.7557 7.0443
27.3046 34.7557 7.0443
27.3515 34.7515 7.1601
27.3965 34.7496 7.2693
27.4398 34.7499 7.3728
27.482 34.7523 7.4715
27.5231 34.7567 7.5661
27.5635 34.7632 7.6574
27.6034 34.7718 7.7456
27.643 34.7824 7.8314
27.6824 34.7951 7.9151
27.7218 34.8098 7.9969
27.7613 34.8266 8.0774
27.801 34.8454 8.1566
27.8411 34.8663 8.2351
27.8818 34.8892 8.313
27.923 34.9143 8.3907
27.9651 34.9415 8.4686
28.0083 34.971 8.5471
28.0527 35.0029 8.6266
28.0986 35.0373 8.7076
28.1464 35.0745 8.7907
28.1963 35.1147 8.8765
28.249 35.1585 8.9658
28.3048 35.2061 9.0594
28.3646 35.2584 9.1585
28.3646 35.2584 9.1585
28.3646 35.2584 9.1585
28.4971 35.283 9.182
28.5869 35.3 9.1939
28.6628 35.3145 9.2015
28.7389 35.3291 9.2069
28.8293 35.3468 9.2104
28.9635 35.3734 9.2099
28.9635 35.3734 9.2099
29.0791 35.3664 9.1424
29.1781 35.3616 9.0813
29.2656 35.3583 9.0245
29.3453 35.3562 8.9704
29.4198 35.355 8.9176
29.4913 35.3547 8.8647
29.5619 35.3551 8.8103
29.6332 35.3564 8.753
29.707 35.3586 8.6909
29.7855 35.3621 8.6219
29.8709 35.3674 8.5428
29.9661 35.375 8.4495
29.9661 35.375 8.4495
29.9952 35.3464 8.3281
30.0198 35.3219 8.216
30.0408 35.3007 8.1113
30.0588 35.2822 8.0123
30.0742 35.266 7.9178
30.0874 35.2517 7.8267
30.0988 35.2392 7.738
30.1085 35.228 7.6507
30.1167 35.2182 7.5641
30.1235 35.2096 7.4772
30.1289 35.202 7.3892
30.133 35.1956 7.2993
30.1356 35.1902 7.2064
30.1368 35.1859 7.1095
30.1364 35.1828 7.0074
30.1341 35.1811 6.8985
30.1296 35.1809 6.7811
30.1225 35.1825 6.6531
30.1225 35.1825 6.6531
30.0188 35.1359 6.6446
29.917 35.0914 6.6337
29.8163 35.0492 6.6201
29.7165 35.0093 6.603
29.6173 34.9721 6.5817
29.5189 34.9381 6.5554
29.4214 34.9079 6.523
29.3254 34.8822 6.4841
29.2317 34.8614 6.4385
29.141 34.8457 6.3864
29.0537 34.8348 6.3287
28.9701 34.8283 6.2664
28.8899 34.8255 6.2007
28.8128 34.8256 6.1324
28.7383 34.8282 6.0621
28.6658 34.8327 5.9902
28.5948 34.8388 5.9166
28.5246 34.8463 5.8414
28.4546 34.8549 5.7643
28.3842 34.8647 5.6848
28.3127 34.8756 5.6024
28.2395 34.8875 5.5164
28.1636 34.9007 5.4261
28.0425 34.9084 5.3542
27.9561 34.9147 5.3025
27.8698 34.9218 5.2508
27.7493 34.9326 5.1781
27.5186 34.738 6.5918
27.5007 34.7327 6.7071
27.4861 34.7295 6.8233
28.6355 34.7777 6.2416
28.5329 34.78 6.1732
28.433 34.7843 6.106
28.1758 34.7842 6.0328
27.5303 34.7418 6.5278
27.7 34.705 6.771
28.7448 34.7782 6.3136
28.7965 34.7434 6.533
28.236 34.784 6.0459
28.3785 34.7206 6.4257
27.8889 34.7643 6.1454
28.066 34.7048 6.5099
28.1783 34.6702 6.7387
27.5659 34.7538 6.3658
27.7516 34.7082 6.6579
27.882 34.6793 6.8585
27.4723 34.7286 6.9641
27.6089 34.7082 7.1092
27.7204 34.6936 7.2236
28.8032 34.7799 6.3515
28.8467 34.7481 6.5542
28.8775 34.726 6.7056
27.7784 34.7587 6.2105
27.9595 34.7037 6.5522
28.0782 34.6709 6.7729
28.1633 34.6499 6.9286
28.6886 35.2598 9.0832
28.711 35.2125 8.9802
28.7304 35.171 8.8895
28.7475 35.1345 8.8092
28.8648 34.7829 6.3908
28.9004 34.754 6.5775
28.9259 34.7335 6.7201
28.9447 34.7185 6.8337
27.4912 34.7338 7.2773
27.6085 34.7206 7.3722
27.709 34.7106 7.4504
27.7966 34.7032 7.516
27.8743 34.6978 7.5717
28.9302 34.7878 6.4312
28.9582 34.7614 6.603
28.9782 34.7423 6.7372
28.993 34.7281 6.8457
29.0039 34.7174 6.9362
27.944 34.7685 6.1121
28.1189 34.7067 6.4883
28.2281 34.6711 6.7213
28.3038 34.6488 6.8815
28.3602 34.6342 6.9997
28.4044 34.6244 7.0914
27.5582 34.7371 7.4561
27.6607 34.7274 7.5256
27.7508 34.7198 7.5841
27.8311 34.7141 7.634
27.9033 34.7098 7.677
27.9691 34.7067 7.7143
27.626 34.7471 7.6242
27.7172 34.7395 7.6734
27.7989 34.7335 7.7156
27.8729 34.7289 7.7519
27.9404 34.7253 7.7834
28.0025 34.7226 7.8109
28.6203 35.2469 9.0772
28.6492 35.2009 8.9755
28.6744 35.1606 8.8859
28.6966 35.1251 8.8064
28.7163 35.0936 8.7353
28.7338 35.0653 8.6712
28.8384 35.2884 9.0892
28.8462 35.2379 8.984
28.8529 35.1938 8.8916
28.8587 35.155 8.8099
28.8638 35.1205 8.7369
28.8683 35.0897 8.6714
29.3042 35.3003 8.8779
29.2682 35.2513 8.7966
29.2362 35.2081 8.7245
29.2077 35.1697 8.6601
29.1821 35.1353 8.6022
29.1589 35.1043 8.5498
29.4373 35.2997 8.7838
29.3898 35.2515 8.7125
29.3475 35.2088 8.6491
29.3097 35.1708 8.5923
29.2756 35.1367 8.541
29.2448 35.1059 8.4946
29.5667 35.3017 8.6838
29.5081 35.2536 8.6226
29.4559 35.211 8.5681
29.4092 35.173 8.5191
29.367 35.1389 8.4749
29.3288 35.1081 8.4346
30.0063 35.198 7.7684
29.9231 35.1614 7.7947
29.8477 35.1287 7.8177
29.7791 35.0993 7.8378
29.7161 35.0728 7.8555
29.6581 35.0486 7.8711
30.0249 35.1783 7.6107
29.9423 35.1429 7.6513
29.8674 35.1114 7.687
29.7991 35.0831 7.7184
29.7364 35.0576 7.7463
29.6785 35.0344 7.7711
30.0375 35.1623 7.4529
29.9554 35.1274 7.5083
29.8811 35.0964 7.557
29.8133 35.0688 7.6
29.751 35.0439 7.6382
29.6935 35.0214 7.6722
30.0444 35.1497 7.2892
29.9628 35.1144 7.361
29.889 35.0834 7.4238
29.8219 35.0558 7.4791
29.7603 35.0313 7.5281
29.7034 35.0092 7.5718
30.0451 35.1404 7.1132
29.9639 35.1038 7.2042
29.8908 35.072 7.2831
29.8245 35.0441 7.3523
29.7638 35.0194 7.4133
29.7078 34.9974 7.4675
27.4932 34.7309 6.7638
27.6431 34.7041 6.9485
27.7604 34.6856 7.0889
27.8558 34.6726 7.1994
27.9357 34.6635 7.289
28.0044 34.6571 7.3633
28.0645 34.6529 7.4261
27.6951 34.7639 7.7839
27.7777 34.7575 7.8167
27.8528 34.7522 7.8448
27.9216 34.748 7.8692
27.9849 34.7446 7.8902
28.0437 34.742 7.9085
28.0984 34.74 7.9244
27.766 34.7877 7.9371
27.8422 34.7815 7.9558
27.9121 34.7762 7.9717
27.9765 34.7718 7.9851
28.0363 34.7681 7.9965
28.092 34.765 8.006
28.1442 34.7625 8.014
27.8392 34.8186 8.0852
27.9105 34.8117 8.0913
27.9763 34.8057 8.0959
28.0373 34.8004 8.0991
28.0939 34.7959 8.1012
28.1468 34.7919 8.1022
28.1965 34.7884 8.1024
28.1645 35.0148 8.6571
28.2238 34.9947 8.6108
28.2777 34.9766 8.5682
28.3267 34.9602 8.5289
28.3716 34.9453 8.4923
28.4128 34.9316 8.4582
28.4508 34.9192 8.4262
28.2591 35.0842 8.8058
28.315 35.0571 8.7423
28.3651 35.0329 8.6847
28.4103 35.0111 8.6322
28.4511 34.9915 8.5841
28.4884 34.9736 8.5398
28.5224 34.9574 8.4988
29.2318 35.3016 8.9257
29.2022 35.252 8.839
29.1759 35.2083 8.7624
29.1525 35.1695 8.694
29.1315 35.1349 8.6327
29.1125 35.1037 8.5773
29.0953 35.0756 8.527
29.9807 35.2225 7.9317
29.8968 35.1838 7.9434
29.821 35.1492 7.9532
29.7522 35.1181 7.9616
29.6892 35.09 7.9687
29.6313 35.0644 7.9746
29.5779 35.041 7.9796
30.038 35.1348 6.9167
29.9573 35.0957 7.0316
29.8852 35.0623 7.1301
29.82 35.0333 7.2157
29.7606 35.008 7.2905
29.7059 34.9857 7.3566
29.6553 34.9659 7.4154
29.9411 35.0928 6.7935
29.8723 35.0566 6.9194
29.8106 35.0258 7.0272
29.7545 34.9993 7.1206
29.7031 34.9763 7.2023
29.6555 34.9561 7.2745
29.6112 34.9383 7.3387
28.9997 34.795 6.4725
29.0203 34.7709 6.6307
29.0349 34.7531 6.7568
29.0453 34.7396 6.8606
29.0527 34.7292 6.9482
29.0578 34.7212 7.0236
29.0612 34.715 7.0898
28.3828 34.7872 6.072
28.5002 34.729 6.4214
28.5737 34.6945 6.643
28.6244 34.6724 6.7979
28.6616 34.6576 6.9138
28.6903 34.6473 7.0048
28.7132 34.6403 7.079
27.9149 34.8567 8.2296
27.9827 34.8482 8.2236
28.0452 34.8406 8.2172
28.1031 34.8338 8.2104
28.1569 34.8277 8.2034
28.2071 34.8222 8.196
28.2542 34.8173 8.1885
28.2984 34.8129 8.1807
27.9938 34.9019 8.3717
28.0587 34.8908 8.3534
28.1183 34.8807 8.3359
28.1734 34.8716 8.3189
28.2245 34.8634 8.3026
28.272 34.8559 8.2867
28.3164 34.849 8.2713
28.3579 34.8427 8.2562
28.0766 34.9544 8.5134
28.1388 34.9395 8.4819
28.1957 34.926 8.4525
28.2479 34.9138 8.4249
28.2961 34.9026 8.3987
28.3407 34.8924 8.374
28.3821 34.883 8.3505
28.4207 34.8744 8.328
28.3632 35.1644 8.9637
28.4144 35.1279 8.8792
28.4595 35.0957 8.8039
28.4997 35.0671 8.7364
28.5356 35.0416 8.6754
28.5679 35.0186 8.6199
28.5972 34.9978 8.5692
28.6238 34.9789 8.5226
29.1525 35.3037 8.9755
29.13 35.2532 8.8831
29.1101 35.2089 8.8016
29.0924 35.1697 8.729
29.0766 35.1347 8.6641
29.0622 35.1033 8.6055
29.0492 35.0749 8.5524
29.0373 35.0492 8.504
29.7055 35.3069 8.5659
29.6348 35.2583 8.5163
29.572 35.2152 8.472
29.5157 35.1768 8.4321
29.465 35.1423 8.396
29.4189 35.1112 8.363
29.377 35.0829 8.3329
29.3385 35.0572 8.3051
29.946 35.2533 8.107
29.8615 35.2114 8.1026
29.7854 35.174 8.0981
29.7166 35.1404 8.0936
29.654 35.11 8.0891
29.5966 35.0825 8.0846
29.5439 35.0574 8.08
29.4952 35.0345 8.0754
29.7631 35.0152 6.7609
29.7151 34.9867 6.8808
29.6711 34.9625 6.9844
29.6304 34.9416 7.0748
29.5924 34.9235 7.1545
29.5567 34.9077 7.2255
29.5229 34.8938 7.2891
29.4907 34.8815 7.3466
29.0735 34.805 6.5141
29.087 34.7829 6.6602
29.096 34.7661 6.7791
29.102 34.7531 6.8784
29.1056 34.743 6.9633
29.1075 34.735 7.0371
29.1079 34.7288 7.1023
29.1072 34.7239 7.1607
28.4828 34.7819 6.1396
28.5795 34.7308 6.4495
28.642 34.6994 6.6536
28.6859 34.6788 6.7999
28.7185 34.6647 6.9112
28.7437 34.6549 6.9998
28.7639 34.648 7.0728
28.7805 34.6433 7.1346
29.0629 35.3069 9.0288
29.0488 35.2553 8.9299
29.0363 35.2101 8.8429
29.0252 35.1702 8.7658
29.0152 35.1347 8.6969
29.0061 35.103 8.6349
28.9979 35.0743 8.5788
28.9904 35.0484 8.5277
28.9835 35.0249 8.4811
29.899 35.2931 8.3022
29.8138 35.2462 8.2789
29.7378 35.2046 8.2578
29.6695 35.1674 8.2384
29.6078 35.134 8.2206
29.5516 35.1038 8.2041
29.5002 35.0764 8.1886
29.453 35.0514 8.1742
29.4095 35.0285 8.1607
29.5848 34.9443 6.7188
29.5546 34.9212 6.8357
29.5262 34.9018 6.9369
29.4994 34.8852 7.0254
29.4737 34.8711 7.1038
29.4491 34.8588 7.1738
29.4253 34.8481 7.2369
29.4022 34.8388 7.2942
29.3797 34.8306 7.3466
29.1517 34.8185 6.555
29.1582 34.7978 6.691
29.1616 34.7817 6.8037
29.1629 34.7691 6.8992
29.1625 34.759 6.9816
29.1607 34.7509 7.054
29.1579 34.7445 7.1184
29.1542 34.7393 7.1763
29.1498 34.7352 7.2291
28.0919 34.7859 6.0118
28.2602 34.7175 6.421
28.3613 34.6791 6.6669
28.4297 34.6553 6.8331
28.4797 34.6398 6.9544
28.5182 34.6294 7.0478
28.5492 34.6224 7.1229
28.5749 34.6178 7.1853
28.5969 34.6149 7.2385
28.6161 34.6134 7.285
27.4578 34.7346 7.1828
27.584 34.719 7.293
27.6905 34.7076 7.3826
27.7824 34.6991 7.457
27.8629 34.6928 7.5196
27.9345 34.6884 7.5729
27.9991 34.6854 7.619
28.0579 34.6835 7.6591
28.112 34.6826 7.6943
28.1622 34.6825 7.7254
28.5394 35.2317 9.0675
28.576 35.1872 8.9675
28.608 35.1483 8.8795
28.6363 35.114 8.8012
28.6613 35.0834 8.7311
28.6837 35.0561 8.6679
28.7038 35.0315 8.6106
28.7219 35.0093 8.5583
28.7384 34.9891 8.5104
28.7534 34.9706 8.4662
29.8692 35.3176 8.4107
29.7839 35.2673 8.3762
29.7081 35.2228 8.3453
29.6404 35.1833 8.3173
29.5794 35.1479 8.2918
29.5241 35.116 8.2685
29.4738 35.0871 8.247
29.4276 35.0608 8.2271
29.3852 35.0368 8.2085
29.3461 35.0148 8.1912
29.4067 34.8831 6.6637
29.3921 34.863 6.7825
29.3775 34.8464 6.8845
29.3629 34.8327 6.9734
29.3484 34.8211 7.0517
29.3339 34.8114 7.1217
29.3193 34.8031 7.1847
29.3048 34.796 7.2419
29.2902 34.79 7.2943
29.2756 34.7849 7.3427
29.2338 34.8359 6.5942
29.2334 34.8161 6.7222
29.2311 34.8004 6.83
29.2274 34.7877 6.9224
29.2226 34.7774 7.0029
29.2169 34.7691 7.0741
29.2105 34.7622 7.1378
29.2036 34.7566 7.1954
29.196 34.7521 7.248
29.188 34.7484 7.2965
28.5836 34.7785 6.207
28.6613 34.7342 6.4795
28.7132 34.7059 6.6662
28.7504 34.6868 6.8037
28.7782 34.6736 6.9104
28.7999 34.6642 6.9965
28.8172 34.6575 7.0682
28.8313 34.6528 7.1296
28.8431 34.6497 7.1832
28.853 34.6478 7.231
28.8615 34.6469 7.2742
29.5017 35.3004 8.7352
29.4486 35.2523 8.6689
29.4014 35.2097 8.6098
29.3591 35.1718 8.5568
29.321 35.1377 8.509
29.2865 35.1069 8.4656
29.2551 35.079 8.4259
29.2263 35.0536 8.3895
29.1999 35.0303 8.356
29.1755 35.0089 8.325
29.1528 34.9892 8.2962
29.1318 34.971 8.2694
29.1122 34.9541 8.2444
27.6104 34.7558 6.3143
27.7974 34.7073 6.6224
27.9262 34.6771 6.8304
28.0218 34.6573 6.9813
28.0966 34.6439 7.0966
28.1576 34.6349 7.1882
28.209 34.6289 7.2633
28.2534 34.625 7.3264
28.2926 34.6229 7.3805
28.3279 34.6221 7.4278
28.3601 34.6223 7.4697
28.3901 34.6235 7.5074
28.4183 34.6255 7.5417
28.445 34.6281 7.5733
27.4651 34.73 7.0574
27.5968 34.7119 7.1867
27.706 34.6988 7.2901
27.7987 34.6892 7.3748
27.879 34.6823 7.4455
27.9499 34.6774 7.5053
28.0132 34.6742 7.5567
28.0707 34.6722 7.6014
28.1233 34.6713 7.6405
28.172 34.6712 7.6751
28.2175 34.6719 7.706
28.2604 34.6733 7.7337
28.301 34.6752 7.7586
28.3399 34.6776 7.7813
27.592 34.7413 7.5413
27.6884 34.7327 7.6001
27.7741 34.7261 7.6501
27.8511 34.721 7.693
27.9209 34.7171 7.7301
27.9848 34.7143 7.7624
28.0436 34.7123 7.7907
28.0983 34.7111 7.8155
28.1494 34.7105 7.8374
28.1974 34.7105 7.8568
28.2428 34.7109 7.874
28.286 34.7118 7.8893
28.3272 34.7131 7.9028
28.3666 34.7148 7.9149
30.0164 35.1876 7.6892
29.9335 35.1518 7.7227
29.8584 35.1197 7.752
29.7899 35.0909 7.7778
29.727 35.0649 7.8006
29.669 35.0413 7.8208
29.6153 35.0198 7.8388
29.5652 35.0001 7.8548
29.5184 34.9819 7.8691
29.4745 34.9652 7.8819
29.4331 34.9497 7.8934
29.394 34.9353 7.9036
29.3569 34.9219 7.9129
29.3216 34.9094 7.9211
30.0417 35.1556 7.3722
29.9599 35.1206 7.4355
29.8858 35.0897 7.4911
29.8183 35.0621 7.5401
29.7563 35.0375 7.5836
29.6991 35.0152 7.6223
29.6459 34.9951 7.6571
29.5963 34.9767 7.6884
29.5498 34.96 7.7166
29.5059 34.9446 7.7423
29.4644 34.9304 7.7655
29.425 34.9173 7.7867
29.3875 34.9052 7.8061
29.3517 34.8939 7.8238
30.0427 35.1371 7.0181
29.9617 35.0995 7.1203
29.889 35.067 7.2085
29.8233 35.0386 7.2855
29.7632 35.0136 7.3531
29.7078 34.9915 7.413
29.6564 34.9718 7.4665
29.6085 34.9541 7.5144
29.5634 34.9381 7.5576
29.521 34.9236 7.5967
29.4807 34.9104 7.6323
29.4423 34.8983 7.6649
29.4056 34.8872 7.6947
29.3703 34.877 7.7221
28.2108 35.0483 8.7306
28.2686 35.0249 8.676
28.3206 35.004 8.6262
28.3678 34.9851 8.5805
28.4108 34.9679 8.5384
28.4501 34.9523 8.4993
28.4862 34.938 8.4628
28.5195 34.9249 8.4288
28.5503 34.9128 8.3968
28.5789 34.9017 8.3667
28.6055 34.8914 8.3383
28.6304 34.8819 8.3114
28.6536 34.873 8.2858
28.6754 34.8647 8.2614
28.6959 34.8569 8.2381
28.4199 35.2095 9.0477
28.468 35.1672 8.9509
28.51 35.1301 8.8655
28.547 35.0974 8.7895
28.58 35.0683 8.7213
28.6095 35.0423 8.6598
28.636 35.0189 8.6039
28.66 34.9977 8.5528
28.6818 34.9785 8.506
28.7017 34.961 8.4627
28.7199 34.9449 8.4227
28.7366 34.9301 8.3854
28.7521 34.9165 8.3507
28.7664 34.9039 8.3181
28.7796 34.8922 8.2875
28.9589 35.3117 9.0871
28.9548 35.2585 8.9807
28.9511 35.2121 8.8876
28.9478 35.1713 8.8052
28.9447 35.1352 8.7319
28.942 35.1029 8.6661
28.9394 35.0739 8.6068
28.937 35.0477 8.5528
28.9347 35.0239 8.5037
28.9326 35.0023 8.4585
28.9306 34.9825 8.417
28.9287 34.9642 8.3786
28.9268 34.9475 8.343
28.9251 34.9319 8.3098
28.9234 34.9175 8.2788
29.9945 35.2096 7.8489
29.9109 35.1721 7.8681
29.8354 35.1385 7.8846
29.7666 35.1084 7.8989
29.7036 35.0811 7.9114
29.6456 35.0563 7.9222
29.5919 35.0336 7.9316
29.5421 35.0128 7.9399
29.4957 34.9937 7.947
29.4522 34.9761 7.9532
29.4113 34.9597 7.9585
29.3728 34.9445 7.9631
29.3364 34.9303 7.967
29.3019 34.9171 7.9703
29.269 34.9048 7.9731
29.8521 35.0533 6.7782
29.794 35.0212 6.9008
29.7414 34.9939 7.0063
29.6933 34.9704 7.0981
29.6487 34.9499 7.1788
29.6072 34.9321 7.2503
29.5681 34.9163 7.3143
29.5312 34.9023 7.3718
29.4961 34.8898 7.4239
29.4626 34.8786 7.4714
29.4303 34.8685 7.5149
29.3992 34.8593 7.5548
29.369 34.8511 7.5918
29.3397 34.8435 7.626
29.311 34.8367 7.6579
27.7303 34.7749 7.8612
27.8095 34.7687 7.8867
27.8818 34.7635 7.9086
27.9483 34.7593 7.9274
28.0098 34.7558 7.9435
28.067 34.753 7.9574
28.1204 34.7508 7.9692
28.1706 34.7491 7.9794
28.2179 34.7479 7.988
28.2626 34.7471 7.9953
28.3052 34.7466 8.0013
28.3457 34.7464 8.0062
28.3845 34.7466 8.0102
28.4217 34.747 8.0132
28.4575 34.7477 8.0154
28.4921 34.7486 8.0168
27.9539 34.8784 8.3008
28.0202 34.8687 8.2887
28.0812 34.86 8.2768
28.1377 34.8522 8.265
28.1901 34.8451 8.2534
28.239 34.8387 8.2418
28.2848 34.8328 8.2303
28.3277 34.8276 8.2189
28.3681 34.8227 8.2076
28.4062 34.8184 8.1963
28.4423 34.8144 8.1851
28.4764 34.8107 8.174
28.5089 34.8074 8.1629
28.5399 34.8044 8.1518
28.5695 34.8017 8.1407
28.5977 34.7992 8.1297
28.1198 34.9836 8.5848
28.1806 34.9663 8.5462
28.236 34.9506 8.5104
28.2867 34.9364 8.477
28.3333 34.9235 8.4458
28.3763 34.9117 8.4164
28.4161 34.9008 8.3887
28.453 34.8909 8.3625
28.4874 34.8816 8.3376
28.5196 34.8731 8.3138
28.5497 34.8652 8.2911
28.578 34.8579 8.2694
28.6047 34.8511 8.2485
28.6298 34.8447 8.2284
28.6536 34.8388 8.2091
28.6761 34.8332 8.1903
29.783 35.3113 8.4947
29.7055 35.262 8.452
29.6367 35.2184 8.4139
29.575 35.1796 8.3794
29.5194 35.1447 8.3482
29.469 35.1133 8.3196
29.423 35.0848 8.2934
29.381 35.0588 8.2692
29.3422 35.0351 8.2468
29.3065 35.0133 8.2259
29.2733 34.9932 8.2064
29.2425 34.9746 8.1881
29.2137 34.9574 8.1709
29.1867 34.9414 8.1546
29.1614 34.9265 8.1392
29.1376 34.9125 8.1246
29.9646 35.237 8.0174
29.8804 35.1968 8.0213
29.8045 35.161 8.0242
29.7356 35.1287 8.0263
29.6727 35.0996 8.0278
29.6151 35.0731 8.0286
29.5619 35.049 8.0289
29.5128 35.0268 8.0288
29.467 35.0065 8.0283
29.4244 34.9877 8.0274
29.3844 34.9703 8.0263
29.3469 34.9541 8.0248
29.3116 34.9391 8.0231
29.2782 34.9251 8.0212
29.2466 34.9119 8.0191
29.2165 34.8996 8.0169
27.509 34.7351 6.6506
27.6679 34.7039 6.8617
27.7889 34.6827 7.018
27.8853 34.6681 7.1389
27.9649 34.6579 7.2356
28.0324 34.6509 7.315
28.0911 34.6462 7.3817
28.143 34.6433 7.4386
28.1897 34.6418 7.488
28.2324 34.6415 7.5314
28.2719 34.6421 7.57
28.3088 34.6435 7.6048
28.3437 34.6456 7.6363
28.3769 34.6483 7.6652
28.4089 34.6516 7.6918
28.44 34.6555 7.7165
28.4703 34.6599 7.7397
27.8767 34.8368 8.1578
27.9461 34.8292 8.1578
28.0102 34.8225 8.1569
28.0696 34.8165 8.1551
28.1248 34.8113 8.1526
28.1764 34.8066 8.1495
28.2247 34.8025 8.1458
28.2702 34.7988 8.1416
28.3131 34.7956 8.137
28.3537 34.7927 8.1319
28.3922 34.7902 8.1265
28.4288 34.788 8.1207
28.4637 34.7861 8.1146
28.4971 34.7845 8.1082
28.5291 34.7831 8.1015
28.5599 34.7819 8.0945
28.5894 34.7809 8.0873
29.4956 34.9122 6.6931
29.4734 34.8909 6.8102
29.4521 34.8732 6.9112
29.4316 34.8582 6.9996
29.4116 34.8455 7.0777
29.3922 34.8347 7.1476
29.3732 34.8253 7.2105
29.3544 34.8172 7.2678
29.336 34.8102 7.3202
29.3177 34.8041 7.3685
29.2995 34.7989 7.4132
29.2814 34.7943 7.455
29.2633 34.7903 7.4942
29.2452 34.7868 7.5311
29.227 34.7839 7.566
29.2087 34.7814 7.5992
29.1902 34.7793 7.6309
29.1714 34.7776 7.6614
29.1524 34.7763 7.6906
27.7088 34.7567 6.2523
27.8924 34.7045 6.5799
28.0152 34.6728 6.7954
28.1045 34.6523 6.9492
28.1734 34.6386 7.0655
28.2289 34.6293 7.1572
28.2753 34.6232 7.232
28.3152 34.6193 7.2947
28.3502 34.6171 7.3485
28.3815 34.6162 7.3954
28.4102 34.6164 7.4371
28.4367 34.6175 7.4746
28.4615 34.6194 7.5089
28.4852 34.622 7.5406
28.5079 34.6252 7.5702
28.53 34.629 7.5982
28.5516 34.6335 7.6248
28.573 34.6386 7.6505
28.5945 34.6444 7.6754
28.6161 34.6508 7.6998
29.634 35.3038 8.628
29.5696 35.2556 8.5724
29.5123 35.2128 8.5227
29.4609 35.1747 8.4781
29.4146 35.1404 8.4376
29.3726 35.1095 8.4008
29.3343 35.0814 8.3672
29.2992 35.0558 8.3362
29.267 35.0324 8.3076
29.2372 35.0109 8.2811
29.2096 34.9911 8.2565
29.1839 34.9727 8.2334
29.1599 34.9557 8.2118
29.1375 34.9399 8.1915
29.1165 34.9251 8.1724
29.0967 34.9113 8.1543
29.078 34.8984 8.1371
29.0604 34.8862 8.1209
29.0437 34.8748 8.1054
29.0278 34.864 8.0906
28.0077 34.7748 6.0715
28.1799 34.7102 6.4615
28.2856 34.6735 6.6996
28.358 34.6506 6.862
28.4114 34.6356 6.9812
28.4531 34.6256 7.0734
28.4868 34.6189 7.1477
28.5152 34.6145 7.2095
28.5395 34.6119 7.2622
28.561 34.6106 7.3083
28.5803 34.6104 7.3493
28.5978 34.6111 7.3864
28.6142 34.6125 7.4206
28.6295 34.6147 7.4524
28.6441 34.6175 7.4824
28.6582 34.6209 7.5111
28.672 34.6249 7.5387
28.6855 34.6296 7.5658
28.699 34.635 7.5925
28.7127 34.6411 7.6192
28.7265 34.648 7.6461
30.0456 35.1446 7.2032
29.9642 35.1088 7.2842
29.8908 35.0775 7.3547
29.824 35.0498 7.4167
29.7628 35.0252 7.4715
29.7063 35.0032 7.5203
29.6539 34.9834 7.564
29.6049 34.9655 7.6033
29.5589 34.9492 7.6387
29.5156 34.9343 7.6709
29.4745 34.9206 7.7002
29.4355 34.9081 7.727
29.3982 34.8965 7.7515
29.3625 34.8858 7.774
29.3282 34.8758 7.7947
29.2951 34.8665 7.8138
29.2631 34.8579 7.8314
29.232 34.8498 7.8477
29.2019 34.8422 7.8628
29.1725 34.8351 7.8768
29.1437 34.8284 7.8898
27.6603 34.7546 7.705
27.7469 34.7477 7.7456
27.8252 34.7422 7.7805
27.8964 34.7379 7.8107
27.9618 34.7345 7.8368
28.0221 34.7319 7.8596
28.0782 34.73 7.8796
28.1307 34.7287 7.897
28.1799 34.7279 7.9122
28.2264 34.7276 7.9256
28.2705 34.7277 7.9373
28.3125 34.7282 7.9475
28.3527 34.729 7.9563
28.3912 34.7301 7.9639
28.4284 34.7316 7.9704
28.4643 34.7333 7.9759
28.4991 34.7352 7.9805
28.5329 34.7374 7.9842
28.5659 34.7399 7.987
28.5982 34.7425 7.9891
28.63 34.7454 7.9905
28.6612 34.7486 7.9911
28.7571 35.2728 9.0872
28.7728 35.2241 8.983
28.7864 35.1815 8.8915
28.7984 35.1439 8.8104
28.8089 35.1105 8.7379
28.8183 35.0807 8.6728
28.8267 35.0539 8.6138
28.8342 35.0296 8.5602
28.8409 35.0076 8.5111
28.8471 34.9875 8.466
28.8526 34.9691 8.4244
28.8577 34.9521 8.3859
28.8623 34.9365 8.35
28.8665 34.9221 8.3166
28.8704 34.9086 8.2853
28.874 34.8962 8.256
28.8773 34.8845 8.2283
28.8803 34.8736 8.2023
28.8831 34.8634 8.1776
28.8857 34.8539 8.1543
28.8881 34.8449 8.1321
28.8904 34.8364 8.111
28.8925 34.8284 8.0909
29.6741 34.9788 6.7413
29.6353 34.9533 6.8592
29.5993 34.9317 6.9612
29.5657 34.9132 7.0505
29.5341 34.8972 7.1295
29.504 34.8833 7.1999
29.4753 34.8711 7.2633
29.4477 34.8603 7.3206
29.421 34.8508 7.373
29.3952 34.8424 7.421
29.3699 34.8348 7.4652
29.3453 34.8281 7.5063
29.321 34.8221 7.5445
29.2972 34.8167 7.5802
29.2735 34.8118 7.6138
29.2501 34.8075 7.6455
29.2268 34.8036 7.6754
29.2036 34.8001 7.7039
29.1803 34.797 7.731
29.1569 34.7942 7.7568
29.1334 34.7918 7.7817
29.1097 34.7897 7.8055
29.0857 34.7879 7.8285
28.3098 35.1228 8.8833
28.3635 35.0913 8.8098
28.4113 35.0634 8.7438
28.4541 35.0384 8.6841
28.4927 35.016 8.6297
28.5276 34.9957 8.58
28.5594 34.9773 8.5343
28.5884 34.9605 8.492
28.615 34.9451 8.4527
28.6395 34.931 8.4162
28.6622 34.9179 8.382
28.6832 34.9059 8.3499
28.7027 34.8947 8.3197
28.7209 34.8844 8.2911
28.7379 34.8747 8.2641
28.7538 34.8657 8.2385
28.7688 34.8573 8.2141
28.7828 34.8493 8.1908
28.796 34.8419 8.1686
28.8085 34.8349 8.1473
28.8203 34.8283 8.1268
28.8315 34.8221 8.1072
28.8421 34.8162 8.0882
28.8522 34.8107 8.0699
28.0919 34.7859 6.0118
28.2602 34.7175 6.421
28.3613 34.6791 6.6669
28.4297 34.6553 6.8331
28.4797 34.6398 6.9544
28.5182 34.6294 7.0478
28.5492 34.6224 7.1229
28.5749 34.6178 7.1853
28.5969 34.6149 7.2385
28.6161 34.6134 7.285
28.6333 34.613 7.3264
28.6488 34.6135 7.3638
28.6631 34.6148 7.3983
28.6765 34.6168 7.4305
28.6891 34.6194 7.461
28.7012 34.6227 7.4901
28.713 34.6265 7.5183
28.7245 34.631 7.5459
28.7359 34.6362 7.5732
28.7473 34.6421 7.6006
28.7589 34.6488 7.6282
28.7708 34.6564 7.6566
28.7831 34.6651 7.6859
28.796 34.6751 7.7167
27.4792 34.7286 6.8885
27.6204 34.706 7.0476
27.734 34.6901 7.1714
27.8282 34.6787 7.2708
27.9083 34.6706 7.3524
27.978 34.6649 7.4207
28.0396 34.6611 7.4789
28.095 34.6589 7.5291
28.1454 34.6578 7.573
28.1919 34.6576 7.6118
28.2351 34.6584 7.6464
28.2756 34.6598 7.6774
28.3141 34.6619 7.7055
28.3508 34.6645 7.7312
28.3861 34.6677 7.7547
28.4203 34.6714 7.7763
28.4537 34.6755 7.7964
28.4865 34.6801 7.815
28.5188 34.6852 7.8325
28.5509 34.6908 7.8489
28.583 34.6969 7.8643
28.6152 34.7035 7.8788
28.6478 34.7107 7.8926
28.6809 34.7185 7.9056
28.7147 34.727 7.918
28.0347 34.9272 8.4424
28.0982 34.9144 8.4177
28.1564 34.9027 8.3944
28.2101 34.8922 8.3722
28.2598 34.8826 8.351
28.3059 34.8738 8.3308
28.3488 34.8657 8.3113
28.3889 34.8583 8.2926
28.4265 34.8515 8.2746
28.4618 34.8453 8.2571
28.4951 34.8395 8.2401
28.5265 34.8341 8.2237
28.5563 34.8292 8.2076
28.5844 34.8246 8.1919
28.6112 34.8203 8.1766
28.6368 34.8164 8.1617
28.6611 34.8127 8.1469
28.6844 34.8092 8.1325
28.7066 34.806 8.1183
28.728 34.8031 8.1043
28.7485 34.8003 8.0905
28.7682 34.7977 8.0768
28.7871 34.7953 8.0633
28.8054 34.7931 8.05
28.8231 34.7911 8.0367
29.9243 35.2719 8.2015
29.8394 35.2277 8.1881
29.7634 35.1884 8.1757
29.6947 35.1532 8.1641
29.6324 35.1214 8.1532
29.5756 35.0927 8.1429
29.5235 35.0665 8.1331
29.4754 35.0426 8.1238
29.431 35.0207 8.1148
29.3897 35.0005 8.1062
29.3512 34.9818 8.098
29.3152 34.9645 8.09
29.2814 34.9484 8.0822
29.2496 34.9334 8.0747
29.2196 34.9194 8.0673
29.1913 34.9062 8.0602
29.1644 34.8939 8.0532
29.1388 34.8823 8.0464
29.1145 34.8714 8.0396
29.0912 34.8611 8.0331
29.069 34.8514 8.0266
29.0478 34.8422 8.0202
29.0273 34.8334 8.0139
29.0077 34.8251 8.0077
28.9888 34.8172 8.0015
30.0307 35.1336 6.8074
29.9503 35.0928 6.9369
29.8788 35.0581 7.0472
29.8144 35.0283 7.1423
29.7559 35.0024 7.2252
29.7021 34.9798 7.2979
29.6523 34.9599 7.3624
29.6058 34.9422 7.42
29.5622 34.9263 7.4717
29.5211 34.9121 7.5183
29.482 34.8992 7.5607
29.4447 34.8876 7.5994
29.4089 34.877 7.6348
29.3745 34.8673 7.6673
29.3413 34.8584 7.6974
29.3091 34.8502 7.7252
29.2777 34.8427 7.751
29.2471 34.8358 7.7751
29.2171 34.8293 7.7976
29.1876 34.8234 7.8186
29.1585 34.8178 7.8383
29.1298 34.8127 7.8568
29.1014 34.8079 7.8742
29.0732 34.8035 7.8906
29.045 34.7994 7.9061
27.8023 34.8023 8.0117
27.8759 34.7958 8.024
27.9436 34.7903 8.0341
28.0062 34.7855 8.0424
28.0644 34.7815 8.0491
28.1187 34.778 8.0544
28.1696 34.7751 8.0584
28.2174 34.7726 8.0614
28.2626 34.7705 8.0634
28.3054 34.7689 8.0645
28.3461 34.7675 8.0648
28.3848 34.7665 8.0644
28.4218 34.7657 8.0633
28.4573 34.7652 8.0617
28.4914 34.765 8.0594
28.5243 34.7649 8.0567
28.556 34.7651 8.0534
28.5866 34.7655 8.0496
28.6164 34.766 8.0454
28.6453 34.7667 8.0408
28.6734 34.7676 8.0357
28.7009 34.7687 8.0303
28.7278 34.7699 8.0244
28.7541 34.7713 8.0181
28.7799 34.7728 8.0114
28.8053 34.7745 8.0043
27.5452 34.7468 6.4545
27.722 34.7062 6.7189
27.8495 34.6799 6.9052
27.9473 34.6622 7.0443
28.0256 34.6501 7.1527
28.0906 34.6419 7.2401
28.1462 34.6364 7.3125
28.1947 34.6329 7.3737
28.2379 34.631 7.4264
28.277 34.6304 7.4726
28.313 34.6308 7.5136
28.3465 34.6321 7.5504
28.378 34.6341 7.5839
28.408 34.6368 7.6146
28.4369 34.6401 7.6431
28.4649 34.6441 7.6696
28.4924 34.6486 7.6947
28.5194 34.6537 7.7185
28.5464 34.6594 7.7412
28.5733 34.6657 7.7631
28.6006 34.6726 7.7843
28.6284 34.6803 7.805
28.6569 34.6888 7.8254
28.6863 34.6982 7.8456
28.7171 34.7086 7.8657
28.7494 34.7202 7.886
28.7836 34.7331 7.9065
30.0319 35.1699 7.5321
29.9496 35.1348 7.5801
29.875 35.1036 7.6222
29.8069 35.0757 7.6593
29.7444 35.0506 7.6923
29.6867 35.0278 7.7217
29.6331 35.0071 7.748
29.5831 34.9882 7.7716
29.5363 34.9708 7.7929
29.4922 34.9548 7.8121
29.4506 34.94 7.8295
29.4112 34.9263 7.8452
29.3738 34.9136 7.8596
29.3381 34.9017 7.8726
29.304 34.8907 7.8844
29.2712 34.8803 7.8952
29.2398 34.8705 7.905
29.2094 34.8614 7.9139
29.1801 34.8528 7.922
29.1518 34.8446 7.9294
29.1243 34.8369 7.936
29.0975 34.8296 7.9421
29.0715 34.8227 7.9475
29.046 34.8161 7.9524
29.0212 34.8099 7.9567
28.9968 34.804 7.9606
28.9729 34.7983 7.964
28.2968 34.7847 6.0575
28.4287 34.7234 6.4248
28.5101 34.6878 6.6532
28.5658 34.6653 6.811
28.6067 34.6503 6.9279
28.6381 34.6401 7.019
28.6633 34.6331 7.093
28.6841 34.6284 7.1549
28.7017 34.6254 7.2081
28.717 34.6237 7.2548
28.7304 34.6231 7.2967
28.7424 34.6234 7.3348
28.7533 34.6244 7.37
28.7633 34.6261 7.4029
28.7726 34.6285 7.4342
28.7813 34.6314 7.4643
28.7897 34.635 7.4935
28.7977 34.6392 7.5221
28.8055 34.644 7.5506
28.8131 34.6495 7.5792
28.8207 34.6558 7.6082
28.8283 34.663 7.638
28.836 34.6713 7.6689
28.8439 34.6807 7.7013
28.8521 34.6915 7.7359
28.8607 34.7041 7.7732
28.8699 34.7188 7.8141
27.5247 34.7346 7.3683
27.6341 34.7233 7.4496
27.7291 34.7147 7.5176
27.8129 34.7082 7.575
27.8878 34.7034 7.6242
27.9554 34.7 7.6666
28.0171 34.6976 7.7036
28.074 34.6962 7.736
28.1267 34.6955 7.7646
28.176 34.6956 7.7899
28.2224 34.6962 7.8124
28.2663 34.6973 7.8326
28.3081 34.6989 7.8506
28.3482 34.7009 7.8668
28.3867 34.7033 7.8814
28.424 34.706 7.8945
28.4602 34.7091 7.9062
28.4955 34.7126 7.9168
28.5301 34.7163 7.9263
28.5641 34.7205 7.9347
28.5978 34.7249 7.9422
28.6311 34.7297 7.9488
28.6643 34.7348 7.9545
28.6975 34.7404 7.9594
28.7308 34.7463 7.9635
28.7643 34.7526 7.9667
28.7982 34.7594 7.9692
28.8325 34.7666 7.9708
29.3192 34.8575 6.6307
29.3118 34.8379 6.753
29.3034 34.822 6.8572
29.2945 34.809 6.9474
29.285 34.7982 7.0265
29.275 34.7893 7.0969
29.2647 34.7819 7.1601
29.2541 34.7757 7.2175
29.2432 34.7705 7.27
29.232 34.7662 7.3184
29.2205 34.7626 7.3635
29.2088 34.7597 7.4056
29.1967 34.7574 7.4452
29.1843 34.7557 7.4828
29.1716 34.7543 7.5186
29.1585 34.7535 7.5528
29.145 34.753 7.5858
29.1311 34.753 7.6177
29.1166 34.7533 7.6486
29.1016 34.7539 7.6789
29.0861 34.755 7.7085
29.0698 34.7564 7.7377
29.0528 34.7582 7.7666
29.035 34.7603 7.7953
29.0162 34.7629 7.824
28.9964 34.7659 7.8528
28.9754 34.7693 7.8818
28.953 34.7732 7.9111
29.3721 35.2997 8.831
29.3301 35.2512 8.7547
29.2929 35.2083 8.687
29.2596 35.1701 8.6264
29.2297 35.1359 8.5719
29.2025 35.1051 8.5225
29.1779 35.0771 8.4774
29.1553 35.0517 8.4362
29.1346 35.0284 8.3984
29.1155 35.0071 8.3634
29.0978 34.9875 8.331
29.0814 34.9693 8.3009
29.0661 34.9525 8.2728
29.0518 34.9369 8.2465
29.0383 34.9223 8.2219
29.0257 34.9087 8.1986
29.0139 34.896 8.1768
29.0027 34.8841 8.1561
28.9921 34.8728 8.1365
28.982 34.8623 8.1179
28.9724 34.8523 8.1002
28.9634 34.8429 8.0833
28.9547 34.834 8.0672
28.9464 34.8255 8.0518
28.9385 34.8175 8.0371
28.9309 34.8099 8.0229
28.9236 34.8026 8.0094
28.9166 34.7957 7.9963
28.9099 34.7891 7.9837
28.6891 34.7775 6.277
28.7491 34.7396 6.5136
28.7906 34.7145 6.6828
28.8207 34.697 6.811
28.8435 34.6846 6.9127
28.8613 34.6756 6.9962
28.8754 34.6691 7.0666
28.8868 34.6645 7.1274
28.8962 34.6614 7.181
28.9039 34.6594 7.2291
28.9104 34.6583 7.2728
28.9158 34.6581 7.313
28.9203 34.6586 7.3507
28.924 34.6597 7.3862
28.927 34.6614 7.4201
28.9295 34.6637 7.4528
28.9314 34.6665 7.4846
28.9328 34.6699 7.5159
28.9337 34.6738 7.5469
28.9341 34.6784 7.5779
28.9341 34.6836 7.6092
28.9335 34.6896 7.6411
28.9325 34.6964 7.6739
28.9309 34.7041 7.7081
28.9286 34.7129 7.7439
28.9257 34.723 7.7819
28.9219 34.7346 7.8228
28.9171 34.7481 7.8673
28.911 34.764 7.9164
27.8357 34.7612 6.1768
28.0148 34.7039 6.5302
28.1301 34.6701 6.7551
28.2118 34.6487 6.9123
28.2737 34.6345 7.0295
28.3228 34.625 7.1211
28.3633 34.6187 7.1954
28.3978 34.6146 7.2574
28.4279 34.6123 7.3105
28.4547 34.6113 7.3569
28.479 34.6113 7.3981
28.5014 34.6123 7.4354
28.5224 34.614 7.4695
28.5423 34.6165 7.5012
28.5613 34.6196 7.5309
28.5798 34.6233 7.5591
28.598 34.6276 7.5862
28.616 34.6326 7.6125
28.6339 34.6382 7.6382
28.6521 34.6446 7.6636
28.6707 34.6517 7.689
28.6899 34.6598 7.7146
28.7098 34.6688 7.7407
28.7308 34.679 7.7677
28.7532 34.6906 7.7957
28.7774 34.7039 7.8253
28.8037 34.7192 7.8569
28.8329 34.7369 7.8912
28.8658 34.7579 7.9291
28.9035 34.7828 7.9716
28.9035 34.7828 7.9716
3 116 18 17 0.14874254845165658 0.9418624733454816 0.6186924435447324
3 1090 89 87 0.14874254845165658 0.9418624733454816 0.6186924435447324
3 77 76 567 0.14874254845165658 0.9418624733454816 0.6186924435447324
3 70 414 71 0.14874254845165658 0.9418624733454816 0.6186924435447324
3 211 76 75 0.14874254845165658 0.9418624733454816 0.6186924435447324
3 75 654 211 0.14874254845165658 0.9418624733454816 0.6186924435447324
3 211 567 76 0.14874254845165658 0.9418624733454816 0.6186924435447324
3 568 567 211 0.14874254845165658 0.9418624733454816 0.6186924435447324
3 74 73 290 0.14874254845165658 0.9418624733454816 0.6186924435447324
3 74 654 75 0.14874254845165658 0.9418624733454816 0.6186924435447324
3 290 654 74 0.14874254845165658 0.9418624733454816 0.6186924435447324
3 85 84 297 0.14874254845165658 0.9418624733454816 0.6186924435447324
3 1091 1090 297 0.14874254845165658 0.9418624733454816 0.6186924435447324
3 297 1090 85 0.14874254845165658 0.9418624733454816 0.6186924435447324
3 1091 1092 305 0.14874254845165658 0.9418624733454816 0.6186924435447324
3 89 1090 304 0.14874254845165658 0.9418624733454816 0.6186924435447324
3 304 1090 1091 0.14874254845165658 0.9418624733454816 0.6186924435447324
3 1091 305 304 0.14874254845165658 0.9418624733454816 0.6186924435447324
3 86 1090 87 0.14874254845165658 0.9418624733454816 0.6186924435447324
3 85 1090 86 0.14874254845165658 0.9418624733454816 0.6186924435447324
3 299 1092 596 0.14874254845165658 0.9418624733454816 0.6186924435447324
3 298 1092 1091 0.14874254845165658 0.9418624733454816 0.6186924435447324
3 596 1092 298 0.14874254845165658 0.9418624733454816 0.6186924435447324
3 81 80 581 0.14874254845165658 0.9418624733454816 0.6186924435447324
3 229 81 581 0.14874254845165658 0.9418624733454816 0.6186924435447324
3 236 299 596 0.14874254845165658 0.9418624733454816 0.6186924435447324
3 490 1259 489 0.14874254845165658 0.9418624733454816 0.6186924435447324
3 77 567 217 0.14874254845165658 0.9418624733454816 0.6186924435447324
3 4 3 112 0.14874254845165658 0.9418624733454816 0.6186924435447324
3 92 91 381 0.14874254845165658 0.9418624733454816 0.6186924435447324
3 41 269 42 0.14874254845165658 0.9418624733454816 0.6186924435447324
3 774 1151 1152 0.14874254845165658 0.9418624733454816 0.6186924435447324
3 773 1151 774 0.14874254845165658 0.9418624733454816 0.6186924435447324
3 773 774 1024 0.14874254845165658 0.9418624733454816 0.6186924435447324
3 396 439 440 0.14874254845165658 0.9418624733454816 0.6186924435447324
3 541 453 154 0.14874254845165658 0.9418624733454816 0.6186924435447324
3 135 21 1015 0.14874254845165658 0.9418624733454816 0.6186924435447324
3 23 539 24 0.14874254845165658 0.9418624733454816 0.6186924435447324
3 21 135 23 0.14874254845165658 0.9418624733454816 0.6186924435447324
3 23 135 539 0.14874254845165658 0.9418624733454816 0.6186924435447324
3 25 153 26 0.14874254845165658 0.9418624733454816 0.6186924435447324
3 540 153 451 0.14874254845165658 0.9418624733454816 0.6186924435447324
3 24 539 451 0.14874254845165658 0.9418624733454816 0.6186924435447324
3 451 25 24 0.14874254845165658 0.9418624733454816 0.6186924435447324
3 153 25 451 0.14874254845165658 0.9418624733454816 0.6186924435447324
3 764 18 116 0.14874254845165658 0.9418624733454816 0.6186924435447324
3 764 19 18 0.14874254845165658 0.9418624733454816 0.6186924435447324
3 19 241 20 0.14874254845165658 0.9418624733454816 0.6186924435447324
3 541 540 137 0.14874254845165658 0.9418624733454816 0.6186924435447324
3 16 15 1141 0.14874254845165658 0.9418624733454816 0.6186924435447324
3 13 525 14 0.14874254845165658 0.9418624733454816 0.6186924435447324
3 12 525 13 0.14874254845165658 0.9418624733454816 0.6186924435447324
3 7 6 129 0.14874254845165658 0.9418624733454816 0.6186924435447324
3 290 73 748 0.14874254845165658 0.9418624733454816 0.6186924435447324
3 1065 373 71 0.14874254845165658 0.9418624733454816 0.6186924435447324
3 71 414 1065 0.14874254845165658 0.9418624733454816 0.6186924435447324
3 71 373 72 0.14874254845165658 0.9418624733454816 0.6186924435447324
3 72 748 73 0.14874254845165658 0.9418624733454816 0.6186924435447324
3 373 748 72 0.14874254845165658 0.9418624733454816 0.6186924435447324
3 89 304 90 0.14874254845165658 0.9418624733454816 0.6186924435447324
3 669 304 305 0.14874254845165658 0.9418624733454816 0.6186924435447324
3 669 90 304 0.14874254845165658 0.9418624733454816 0.6186924435447324
3 381 91 669 0.14874254845165658 0.9418624733454816 0.6186924435447324
3 91 90 669 0.14874254845165658 0.9418624733454816 0.6186924435447324
3 595 297 84 0.14874254845165658 0.9418624733454816 0.6186924435447324
3 595 84 83 0.14874254845165658 0.9418624733454816 0.6186924435447324
3 1091 297 595 0.14874254845165658 0.9418624733454816 0.6186924435447324
3 595 298 1091 0.14874254845165658 0.9418624733454816 0.6186924435447324
3 82 878 83 0.14874254845165658 0.9418624733454816 0.6186924435447324
3 82 229 878 0.14874254845165658 0.9418624733454816 0.6186924435447324
3 81 229 82 0.14874254845165658 0.9418624733454816 0.6186924435447324
3 598 300 597 0.14874254845165658 0.9418624733454816 0.6186924435447324
3 299 236 597 0.14874254845165658 0.9418624733454816 0.6186924435447324
3 878 229 879 0.14874254845165658 0.9418624733454816 0.6186924435447324
3 879 236 878 0.14874254845165658 0.9418624733454816 0.6186924435447324
3 487 1257 1256 0.14874254845165658 0.9418624733454816 0.6186924435447324
3 488 1257 487 0.14874254845165658 0.9418624733454816 0.6186924435447324
3 488 805 489 0.14874254845165658 0.9418624733454816 0.6186924435447324
3 500 1261 1320 0.14874254845165658 0.9418624733454816 0.6186924435447324
3 500 440 499 0.14874254845165658 0.9418624733454816 0.6186924435447324
3 489 1259 1258 0.14874254845165658 0.9418624733454816 0.6186924435447324
3 1258 488 489 0.14874254845165658 0.9418624733454816 0.6186924435447324
3 1257 488 1258 0.14874254845165658 0.9418624733454816 0.6186924435447324
3 1258 499 1257 0.14874254845165658 0.9418624733454816 0.6186924435447324
3 1258 1259 500 0.14874254845165658 0.9418624733454816 0.6186924435447324
3 500 499 1258 0.14874254845165658 0.9418624733454816 0.6186924435447324
3 806 490 489 0.14874254845165658 0.9418624733454816 0.6186924435447324
3 489 805 806 0.14874254845165658 0.9418624733454816 0.6186924435447324
3 430 431 806 0.14874254845165658 0.9418624733454816 0.6186924435447324
3 806 805 430 0.14874254845165658 0.9418624733454816 0.6186924435447324
3 1259 490 1260 0.14874254845165658 0.9418624733454816 0.6186924435447324
3 1260 1261 500 0.14874254845165658 0.9418624733454816 0.6186924435447324
3 500 1259 1260 0.14874254845165658 0.9418624733454816 0.6186924435447324
3 1168 79 78 0.14874254845165658 0.9418624733454816 0.6186924435447324
3 77 217 78 0.14874254845165658 0.9418624733454816 0.6186924435447324
3 78 217 1168 0.14874254845165658 0.9418624733454816 0.6186924435447324
3 1168 217 1169 0.14874254845165658 0.9418624733454816 0.6186924435447324
3 0 114 2 0.14874254845165658 0.9418624733454816 0.6186924435447324
3 62 1278 199 0.14874254845165658 0.9418624733454816 0.6186924435447324
3 199 63 62 0.14874254845165658 0.9418624733454816 0.6186924435447324
3 512 63 199 0.14874254845165658 0.9418624733454816 0.6186924435447324
3 59 58 357 0.14874254845165658 0.9418624733454816 0.6186924435447324
3 193 1278 61 0.14874254845165658 0.9418624733454816 0.6186924435447324
3 61 60 193 0.14874254845165658 0.9418624733454816 0.6186924435447324
3 61 1278 62 0.14874254845165658 0.9418624733454816 0.6186924435447324
3 189 641 188 0.14874254845165658 0.9418624733454816 0.6186924435447324
3 189 642 641 0.14874254845165658 0.9418624733454816 0.6186924435447324
3 283 284 193 0.14874254845165658 0.9418624733454816 0.6186924435447324
3 283 59 357 0.14874254845165658 0.9418624733454816 0.6186924435447324
3 193 60 283 0.14874254845165658 0.9418624733454816 0.6186924435447324
3 60 59 283 0.14874254845165658 0.9418624733454816 0.6186924435447324
3 626 625 350 0.14874254845165658 0.9418624733454816 0.6186924435447324
3 350 625 349 0.14874254845165658 0.9418624733454816 0.6186924435447324
3 51 50 461 0.14874254845165658 0.9418624733454816 0.6186924435447324
3 52 145 53 0.14874254845165658 0.9418624733454816 0.6186924435447324
3 773 1024 1023 0.14874254845165658 0.9418624733454816 0.6186924435447324
3 1025 1024 774 0.14874254845165658 0.9418624733454816 0.6186924435447324
3 1022 545 1021 0.14874254845165658 0.9418624733454816 0.6186924435447324
3 1021 247 1022 0.14874254845165658 0.9418624733454816 0.6186924435447324
3 1021 545 544 0.14874254845165658 0.9418624733454816 0.6186924435447324
3 1022 247 771 0.14874254845165658 0.9418624733454816 0.6186924435447324
3 508 404 507 0.14874254845165658 0.9418624733454816 0.6186924435447324
3 674 675 386 0.14874254845165658 0.9418624733454816 0.6186924435447324
3 951 431 430 0.14874254845165658 0.9418624733454816 0.6186924435447324
3 497 439 438 0.14874254845165658 0.9418624733454816 0.6186924435447324
3 438 439 396 0.14874254845165658 0.9418624733454816 0.6186924435447324
3 1255 1256 497 0.14874254845165658 0.9418624733454816 0.6186924435447324
3 544 545 456 0.14874254845165658 0.9418624733454816 0.6186924435447324
3 31 684 32 0.14874254845165658 0.9418624733454816 0.6186924435447324
3 26 153 1222 0.14874254845165658 0.9418624733454816 0.6186924435447324
3 154 169 1222 0.14874254845165658 0.9418624733454816 0.6186924435447324
3 1222 27 26 0.14874254845165658 0.9418624733454816 0.6186924435447324
3 1222 169 27 0.14874254845165658 0.9418624733454816 0.6186924435447324
3 452 153 540 0.14874254845165658 0.9418624733454816 0.6186924435447324
3 452 540 541 0.14874254845165658 0.9418624733454816 0.6186924435447324
3 541 154 452 0.14874254845165658 0.9418624733454816 0.6186924435447324
3 452 1222 153 0.14874254845165658 0.9418624733454816 0.6186924435447324
3 154 1222 452 0.14874254845165658 0.9418624733454816 0.6186924435447324
3 242 135 1015 0.14874254845165658 0.9418624733454816 0.6186924435447324
3 117 241 19 0.14874254845165658 0.9418624733454816 0.6186924435447324
3 19 764 117 0.14874254845165658 0.9418624733454816 0.6186924435447324
3 117 124 241 0.14874254845165658 0.9418624733454816 0.6186924435447324
3 526 1141 525 0.14874254845165658 0.9418624733454816 0.6186924435447324
3 1142 764 116 0.14874254845165658 0.9418624733454816 0.6186924435447324
3 1142 117 764 0.14874254845165658 0.9418624733454816 0.6186924435447324
3 124 117 1142 0.14874254845165658 0.9418624733454816 0.6186924435447324
3 132 1141 15 0.14874254845165658 0.9418624733454816 0.6186924435447324
3 525 1141 132 0.14874254845165658 0.9418624733454816 0.6186924435447324
3 132 15 14 0.14874254845165658 0.9418624733454816 0.6186924435447324
3 14 525 132 0.14874254845165658 0.9418624733454816 0.6186924435447324
3 8 7 141 0.14874254845165658 0.9418624733454816 0.6186924435447324
3 122 442 857 0.14874254845165658 0.9418624733454816 0.6186924435447324
3 68 67 471 0.14874254845165658 0.9418624733454816 0.6186924435447324
3 471 70 68 0.14874254845165658 0.9418624733454816 0.6186924435447324
3 414 70 471 0.14874254845165658 0.9418624733454816 0.6186924435447324
3 1066 1065 415 0.14874254845165658 0.9418624733454816 0.6186924435447324
3 415 1065 414 0.14874254845165658 0.9418624733454816 0.6186924435447324
3 568 211 212 0.14874254845165658 0.9418624733454816 0.6186924435447324
3 212 211 654 0.14874254845165658 0.9418624733454816 0.6186924435447324
3 568 212 569 0.14874254845165658 0.9418624733454816 0.6186924435447324
3 569 212 213 0.14874254845165658 0.9418624733454816 0.6186924435447324
3 749 748 373 0.14874254845165658 0.9418624733454816 0.6186924435447324
3 750 292 749 0.14874254845165658 0.9418624733454816 0.6186924435447324
3 306 305 1092 0.14874254845165658 0.9418624733454816 0.6186924435447324
3 307 671 306 0.14874254845165658 0.9418624733454816 0.6186924435447324
3 670 671 382 0.14874254845165658 0.9418624733454816 0.6186924435447324
3 670 669 305 0.14874254845165658 0.9418624733454816 0.6186924435447324
3 305 306 670 0.14874254845165658 0.9418624733454816 0.6186924435447324
3 670 306 671 0.14874254845165658 0.9418624733454816 0.6186924435447324
3 670 382 381 0.14874254845165658 0.9418624733454816 0.6186924435447324
3 381 669 670 0.14874254845165658 0.9418624733454816 0.6186924435447324
3 307 306 1093 0.14874254845165658 0.9418624733454816 0.6186924435447324
3 299 597 1093 0.14874254845165658 0.9418624733454816 0.6186924435447324
3 1093 597 300 0.14874254845165658 0.9418624733454816 0.6186924435447324
3 1092 299 1093 0.14874254845165658 0.9418624733454816 0.6186924435447324
3 1093 306 1092 0.14874254845165658 0.9418624733454816 0.6186924435447324
3 83 878 235 0.14874254845165658 0.9418624733454816 0.6186924435447324
3 235 595 83 0.14874254845165658 0.9418624733454816 0.6186924435447324
3 235 236 596 0.14874254845165658 0.9418624733454816 0.6186924435447324
3 878 236 235 0.14874254845165658 0.9418624733454816 0.6186924435447324
3 596 298 235 0.14874254845165658 0.9418624733454816 0.6186924435447324
3 298 595 235 0.14874254845165658 0.9418624733454816 0.6186924435447324
3 223 582 581 0.14874254845165658 0.9418624733454816 0.6186924435447324
3 223 79 1168 0.14874254845165658 0.9418624733454816 0.6186924435447324
3 581 80 223 0.14874254845165658 0.9418624733454816 0.6186924435447324
3 80 79 223 0.14874254845165658 0.9418624733454816 0.6186924435447324
3 231 582 583 0.14874254845165658 0.9418624733454816 0.6186924435447324
3 583 232 231 0.14874254845165658 0.9418624733454816 0.6186924435447324
3 584 583 225 0.14874254845165658 0.9418624733454816 0.6186924435447324
3 232 583 584 0.14874254845165658 0.9418624733454816 0.6186924435447324
3 230 582 231 0.14874254845165658 0.9418624733454816 0.6186924435447324
3 581 582 230 0.14874254845165658 0.9418624733454816 0.6186924435447324
3 230 229 581 0.14874254845165658 0.9418624733454816 0.6186924435447324
3 230 879 229 0.14874254845165658 0.9418624733454816 0.6186924435447324
3 672 671 307 0.14874254845165658 0.9418624733454816 0.6186924435447324
3 307 308 672 0.14874254845165658 0.9418624733454816 0.6186924435447324
3 301 300 598 0.14874254845165658 0.9418624733454816 0.6186924435447324
3 804 488 487 0.14874254845165658 0.9418624733454816 0.6186924435447324
3 805 488 804 0.14874254845165658 0.9418624733454816 0.6186924435447324
3 1209 1320 1321 0.14874254845165658 0.9418624733454816 0.6186924435447324
3 1327 1215 1326 0.14874254845165658 0.9418624733454816 0.6186924435447324
3 1261 1260 808 0.14874254845165658 0.9418624733454816 0.6186924435447324
3 808 1260 490 0.14874254845165658 0.9418624733454816 0.6186924435447324
3 498 439 497 0.14874254845165658 0.9418624733454816 0.6186924435447324
3 1257 499 498 0.14874254845165658 0.9418624733454816 0.6186924435447324
3 498 440 439 0.14874254845165658 0.9418624733454816 0.6186924435447324
3 498 499 440 0.14874254845165658 0.9418624733454816 0.6186924435447324
3 497 1256 498 0.14874254845165658 0.9418624733454816 0.6186924435447324
3 498 1256 1257 0.14874254845165658 0.9418624733454816 0.6186924435447324
3 1168 1169 224 0.14874254845165658 0.9418624733454816 0.6186924435447324
3 224 223 1168 0.14874254845165658 0.9418624733454816 0.6186924435447324
3 582 223 224 0.14874254845165658 0.9418624733454816 0.6186924435447324
3 224 583 582 0.14874254845165658 0.9418624733454816 0.6186924435447324
3 224 1169 225 0.14874254845165658 0.9418624733454816 0.6186924435447324
3 225 583 224 0.14874254845165658 0.9418624733454816 0.6186924435447324
3 225 1169 1170 0.14874254845165658 0.9418624733454816 0.6186924435447324
3 218 217 567 0.14874254845165658 0.9418624733454816 0.6186924435447324
3 218 1169 217 0.14874254845165658 0.9418624733454816 0.6186924435447324
3 218 567 568 0.14874254845165658 0.9418624733454816 0.6186924435447324
3 218 1170 1169 0.14874254845165658 0.9418624733454816 0.6186924435447324
3 112 3 113 0.14874254845165658 0.9418624733454816 0.6186924435447324
3 3 2 113 0.14874254845165658 0.9418624733454816 0.6186924435447324
3 113 2 114 0.14874254845165658 0.9418624733454816 0.6186924435447324
3 444 1197 1198 0.14874254845165658 0.9418624733454816 0.6186924435447324
3 1198 445 444 0.14874254845165658 0.9418624733454816 0.6186924435447324
3 993 1196 1197 0.14874254845165658 0.9418624733454816 0.6186924435447324
3 1197 444 993 0.14874254845165658 0.9418624733454816 0.6186924435447324
3 96 95 1250 0.14874254845165658 0.9418624733454816 0.6186924435447324
3 192 927 645 0.14874254845165658 0.9418624733454816 0.6186924435447324
3 645 927 928 0.14874254845165658 0.9418624733454816 0.6186924435447324
3 641 642 407 0.14874254845165658 0.9418624733454816 0.6186924435447324
3 407 406 641 0.14874254845165658 0.9418624733454816 0.6186924435447324
3 185 184 465 0.14874254845165658 0.9418624733454816 0.6186924435447324
3 849 523 524 0.14874254845165658 0.9418624733454816 0.6186924435447324
3 524 1290 1291 0.14874254845165658 0.9418624733454816 0.6186924435447324
3 1289 1290 524 0.14874254845165658 0.9418624733454816 0.6186924435447324
3 524 523 1289 0.14874254845165658 0.9418624733454816 0.6186924435447324
3 651 1290 1289 0.14874254845165658 0.9418624733454816 0.6186924435447324
3 1281 1282 202 0.14874254845165658 0.9418624733454816 0.6186924435447324
3 208 841 840 0.14874254845165658 0.9418624733454816 0.6186924435447324
3 190 189 924 0.14874254845165658 0.9418624733454816 0.6186924435447324
3 642 189 190 0.14874254845165658 0.9418624733454816 0.6186924435447324
3 359 284 358 0.14874254845165658 0.9418624733454816 0.6186924435447324
3 358 407 359 0.14874254845165658 0.9418624733454816 0.6186924435447324
3 406 407 358 0.14874254845165658 0.9418624733454816 0.6186924435447324
3 357 406 358 0.14874254845165658 0.9418624733454816 0.6186924435447324
3 358 283 357 0.14874254845165658 0.9418624733454816 0.6186924435447324
3 284 283 358 0.14874254845165658 0.9418624733454816 0.6186924435447324
3 405 406 357 0.14874254845165658 0.9418624733454816 0.6186924435447324
3 357 58 405 0.14874254845165658 0.9418624733454816 0.6186924435447324
3 58 57 405 0.14874254845165658 0.9418624733454816 0.6186924435447324
3 55 54 639 0.14874254845165658 0.9418624733454816 0.6186924435447324
3 54 187 639 0.14874254845165658 0.9418624733454816 0.6186924435447324
3 639 57 55 0.14874254845165658 0.9418624733454816 0.6186924435447324
3 639 405 57 0.14874254845165658 0.9418624733454816 0.6186924435447324
3 285 284 359 0.14874254845165658 0.9418624733454816 0.6186924435447324
3 359 360 285 0.14874254845165658 0.9418624733454816 0.6186924435447324
3 1280 196 1281 0.14874254845165658 0.9418624733454816 0.6186924435447324
3 195 196 1280 0.14874254845165658 0.9418624733454816 0.6186924435447324
3 193 284 194 0.14874254845165658 0.9418624733454816 0.6186924435447324
3 194 1278 193 0.14874254845165658 0.9418624733454816 0.6186924435447324
3 284 285 194 0.14874254845165658 0.9418624733454816 0.6186924435447324
3 194 285 195 0.14874254845165658 0.9418624733454816 0.6186924435447324
3 716 269 41 0.14874254845165658 0.9418624733454816 0.6186924435447324
3 40 716 41 0.14874254845165658 0.9418624733454816 0.6186924435447324
3 609 610 277 0.14874254845165658 0.9418624733454816 0.6186924435447324
3 269 610 609 0.14874254845165658 0.9418624733454816 0.6186924435447324
3 609 42 269 0.14874254845165658 0.9418624733454816 0.6186924435447324
3 609 43 42 0.14874254845165658 0.9418624733454816 0.6186924435447324
3 349 46 45 0.14874254845165658 0.9418624733454816 0.6186924435447324
3 624 46 349 0.14874254845165658 0.9418624733454816 0.6186924435447324
3 349 625 624 0.14874254845165658 0.9418624733454816 0.6186924435447324
3 624 625 461 0.14874254845165658 0.9418624733454816 0.6186924435447324
3 47 46 624 0.14874254845165658 0.9418624733454816 0.6186924435447324
3 624 50 47 0.14874254845165658 0.9418624733454816 0.6186924435447324
3 461 50 624 0.14874254845165658 0.9418624733454816 0.6186924435447324
3 973 281 282 0.14874254845165658 0.9418624733454816 0.6186924435447324
3 181 51 461 0.14874254845165658 0.9418624733454816 0.6186924435447324
3 181 145 52 0.14874254845165658 0.9418624733454816 0.6186924435447324
3 52 51 181 0.14874254845165658 0.9418624733454816 0.6186924435447324
3 921 53 145 0.14874254845165658 0.9418624733454816 0.6186924435447324
3 921 187 54 0.14874254845165658 0.9418624733454816 0.6186924435447324
3 54 53 921 0.14874254845165658 0.9418624733454816 0.6186924435447324
3 836 835 1355 0.14874254845165658 0.9418624733454816 0.6186924435447324
3 832 1352 833 0.14874254845165658 0.9418624733454816 0.6186924435447324
3 833 1156 832 0.14874254845165658 0.9418624733454816 0.6186924435447324
3 1355 835 1354 0.14874254845165658 0.9418624733454816 0.6186924435447324
3 1355 1354 876 0.14874254845165658 0.9418624733454816 0.6186924435447324
3 876 1354 875 0.14874254845165658 0.9418624733454816 0.6186924435447324
3 874 1352 873 0.14874254845165658 0.9418624733454816 0.6186924435447324
3 549 1025 1026 0.14874254845165658 0.9418624733454816 0.6186924435447324
3 770 771 247 0.14874254845165658 0.9418624733454816 0.6186924435447324
3 1148 770 1147 0.14874254845165658 0.9418624733454816 0.6186924435447324
3 771 770 1148 0.14874254845165658 0.9418624733454816 0.6186924435447324
3 541 137 1018 0.14874254845165658 0.9418624733454816 0.6186924435447324
3 1020 1021 544 0.14874254845165658 0.9418624733454816 0.6186924435447324
3 247 1021 1020 0.14874254845165658 0.9418624733454816 0.6186924435447324
3 1199 445 1198 0.14874254845165658 0.9418624733454816 0.6186924435447324
3 818 819 527 0.14874254845165658 0.9418624733454816 0.6186924435447324
3 527 526 818 0.14874254845165658 0.9418624733454816 0.6186924435447324
3 509 1204 404 0.14874254845165658 0.9418624733454816 0.6186924435447324
3 404 508 509 0.14874254845165658 0.9418624733454816 0.6186924435447324
3 1346 827 1345 0.14874254845165658 0.9418624733454816 0.6186924435447324
3 1345 827 826 0.14874254845165658 0.9418624733454816 0.6186924435447324
3 826 534 825 0.14874254845165658 0.9418624733454816 0.6186924435447324
3 826 827 535 0.14874254845165658 0.9418624733454816 0.6186924435447324
3 535 534 826 0.14874254845165658 0.9418624733454816 0.6186924435447324
3 1348 1349 829 0.14874254845165658 0.9418624733454816 0.6186924435447324
3 1348 869 870 0.14874254845165658 0.9418624733454816 0.6186924435447324
3 870 1349 1348 0.14874254845165658 0.9418624733454816 0.6186924435447324
3 870 869 1004 0.14874254845165658 0.9418624733454816 0.6186924435447324
3 825 1343 1344 0.14874254845165658 0.9418624733454816 0.6186924435447324
3 1345 826 1344 0.14874254845165658 0.9418624733454816 0.6186924435447324
3 1344 826 825 0.14874254845165658 0.9418624733454816 0.6186924435447324
3 1344 865 1345 0.14874254845165658 0.9418624733454816 0.6186924435447324
3 824 1343 825 0.14874254845165658 0.9418624733454816 0.6186924435447324
3 949 386 387 0.14874254845165658 0.9418624733454816 0.6186924435447324
3 388 951 387 0.14874254845165658 0.9418624733454816 0.6186924435447324
3 387 386 675 0.14874254845165658 0.9418624733454816 0.6186924435447324
3 432 98 97 0.14874254845165658 0.9418624733454816 0.6186924435447324
3 487 1256 486 0.14874254845165658 0.9418624733454816 0.6186924435447324
3 1256 1255 486 0.14874254845165658 0.9418624733454816 0.6186924435447324
3 507 506 1312 0.14874254845165658 0.9418624733454816 0.6186924435447324
3 1315 396 1316 0.14874254845165658 0.9418624733454816 0.6186924435447324
3 1315 317 396 0.14874254845165658 0.9418624733454816 0.6186924435447324
3 395 317 394 0.14874254845165658 0.9418624733454816 0.6186924435447324
3 394 437 395 0.14874254845165658 0.9418624733454816 0.6186924435447324
3 395 437 438 0.14874254845165658 0.9418624733454816 0.6186924435447324
3 395 438 396 0.14874254845165658 0.9418624733454816 0.6186924435447324
3 396 317 395 0.14874254845165658 0.9418624733454816 0.6186924435447324
3 455 156 454 0.14874254845165658 0.9418624733454816 0.6186924435447324
3 544 456 455 0.14874254845165658 0.9418624733454816 0.6186924435447324
3 455 456 157 0.14874254845165658 0.9418624733454816 0.6186924435447324
3 177 178 901 0.14874254845165658 0.9418624733454816 0.6186924435447324
3 901 250 249 0.14874254845165658 0.9418624733454816 0.6186924435447324
3 157 172 1225 0.14874254845165658 0.9418624733454816 0.6186924435447324
3 171 156 1225 0.14874254845165658 0.9418624733454816 0.6186924435447324
3 1225 455 157 0.14874254845165658 0.9418624733454816 0.6186924435447324
3 156 455 1225 0.14874254845165658 0.9418624733454816 0.6186924435447324
3 1226 172 157 0.14874254845165658 0.9418624733454816 0.6186924435447324
3 157 456 1226 0.14874254845165658 0.9418624733454816 0.6186924435447324
3 1226 456 1227 0.14874254845165658 0.9418624733454816 0.6186924435447324
3 1227 173 1226 0.14874254845165658 0.9418624733454816 0.6186924435447324
3 556 178 177 0.14874254845165658 0.9418624733454816 0.6186924435447324
3 556 1226 173 0.14874254845165658 0.9418624733454816 0.6186924435447324
3 172 1226 556 0.14874254845165658 0.9418624733454816 0.6186924435447324
3 177 176 555 0.14874254845165658 0.9418624733454816 0.6186924435447324
3 555 556 177 0.14874254845165658 0.9418624733454816 0.6186924435447324
3 172 556 555 0.14874254845165658 0.9418624733454816 0.6186924435447324
3 171 1225 555 0.14874254845165658 0.9418624733454816 0.6186924435447324
3 555 1225 172 0.14874254845165658 0.9418624733454816 0.6186924435447324
3 900 176 177 0.14874254845165658 0.9418624733454816 0.6186924435447324
3 900 901 249 0.14874254845165658 0.9418624733454816 0.6186924435447324
3 177 901 900 0.14874254845165658 0.9418624733454816 0.6186924435447324
3 263 1117 264 0.14874254845165658 0.9418624733454816 0.6186924435447324
3 33 32 255 0.14874254845165658 0.9418624733454816 0.6186924435447324
3 255 32 684 0.14874254845165658 0.9418624733454816 0.6186924435447324
3 256 257 1116 0.14874254845165658 0.9418624733454816 0.6186924435447324
3 1116 1117 263 0.14874254845165658 0.9418624733454816 0.6186924435447324
3 1116 257 1117 0.14874254845165658 0.9418624733454816 0.6186924435447324
3 1227 456 457 0.14874254845165658 0.9418624733454816 0.6186924435447324
3 457 456 545 0.14874254845165658 0.9418624733454816 0.6186924435447324
3 457 1228 1227 0.14874254845165658 0.9418624733454816 0.6186924435447324
3 457 458 1228 0.14874254845165658 0.9418624733454816 0.6186924435447324
3 546 545 1022 0.14874254845165658 0.9418624733454816 0.6186924435447324
3 1022 1023 546 0.14874254845165658 0.9418624733454816 0.6186924435447324
3 546 457 545 0.14874254845165658 0.9418624733454816 0.6186924435447324
3 458 457 546 0.14874254845165658 0.9418624733454816 0.6186924435447324
3 1228 458 1229 0.14874254845165658 0.9418624733454816 0.6186924435447324
3 1229 558 1228 0.14874254845165658 0.9418624733454816 0.6186924435447324
3 458 546 547 0.14874254845165658 0.9418624733454816 0.6186924435447324
3 547 1023 1024 0.14874254845165658 0.9418624733454816 0.6186924435447324
3 547 546 1023 0.14874254845165658 0.9418624733454816 0.6186924435447324
3 564 908 563 0.14874254845165658 0.9418624733454816 0.6186924435447324
3 27 169 28 0.14874254845165658 0.9418624733454816 0.6186924435447324
3 28 175 29 0.14874254845165658 0.9418624733454816 0.6186924435447324
3 1223 154 453 0.14874254845165658 0.9418624733454816 0.6186924435447324
3 1223 169 154 0.14874254845165658 0.9418624733454816 0.6186924435447324
3 765 124 1143 0.14874254845165658 0.9418624733454816 0.6186924435447324
3 241 124 765 0.14874254845165658 0.9418624733454816 0.6186924435447324
3 765 242 1015 0.14874254845165658 0.9418624733454816 0.6186924435447324
3 116 17 123 0.14874254845165658 0.9418624733454816 0.6186924435447324
3 123 17 16 0.14874254845165658 0.9418624733454816 0.6186924435447324
3 16 1141 123 0.14874254845165658 0.9418624733454816 0.6186924435447324
3 133 1142 116 0.14874254845165658 0.9418624733454816 0.6186924435447324
3 116 123 133 0.14874254845165658 0.9418624733454816 0.6186924435447324
3 526 527 133 0.14874254845165658 0.9418624733454816 0.6186924435447324
3 133 527 1142 0.14874254845165658 0.9418624733454816 0.6186924435447324
3 1141 526 133 0.14874254845165658 0.9418624733454816 0.6186924435447324
3 133 123 1141 0.14874254845165658 0.9418624733454816 0.6186924435447324
3 817 141 818 0.14874254845165658 0.9418624733454816 0.6186924435447324
3 818 526 817 0.14874254845165658 0.9418624733454816 0.6186924435447324
3 817 526 525 0.14874254845165658 0.9418624733454816 0.6186924435447324
3 817 525 12 0.14874254845165658 0.9418624733454816 0.6186924435447324
3 122 857 991 0.14874254845165658 0.9418624733454816 0.6186924435447324
3 991 111 110 0.14874254845165658 0.9418624733454816 0.6186924435447324
3 112 111 991 0.14874254845165658 0.9418624733454816 0.6186924435447324
3 991 4 112 0.14874254845165658 0.9418624733454816 0.6186924435447324
3 5 4 991 0.14874254845165658 0.9418624733454816 0.6186924435447324
3 991 857 5 0.14874254845165658 0.9418624733454816 0.6186924435447324
3 442 993 858 0.14874254845165658 0.9418624733454816 0.6186924435447324
3 858 857 442 0.14874254845165658 0.9418624733454816 0.6186924435447324
3 818 141 142 0.14874254845165658 0.9418624733454816 0.6186924435447324
3 142 819 818 0.14874254845165658 0.9418624733454816 0.6186924435447324
3 129 130 1336 0.14874254845165658 0.9418624733454816 0.6186924435447324
3 7 129 1336 0.14874254845165658 0.9418624733454816 0.6186924435447324
3 1336 141 7 0.14874254845165658 0.9418624733454816 0.6186924435447324
3 1336 142 141 0.14874254845165658 0.9418624733454816 0.6186924435447324
3 1069 417 418 0.14874254845165658 0.9418624733454816 0.6186924435447324
3 416 415 473 0.14874254845165658 0.9418624733454816 0.6186924435447324
3 473 415 472 0.14874254845165658 0.9418624733454816 0.6186924435447324
3 414 471 472 0.14874254845165658 0.9418624733454816 0.6186924435447324
3 472 415 414 0.14874254845165658 0.9418624733454816 0.6186924435447324
3 732 67 66 0.14874254845165658 0.9418624733454816 0.6186924435447324
3 732 471 67 0.14874254845165658 0.9418624733454816 0.6186924435447324
3 732 472 471 0.14874254845165658 0.9418624733454816 0.6186924435447324
3 655 654 290 0.14874254845165658 0.9418624733454816 0.6186924435447324
3 655 212 654 0.14874254845165658 0.9418624733454816 0.6186924435447324
3 213 212 655 0.14874254845165658 0.9418624733454816 0.6186924435447324
3 1069 418 1070 0.14874254845165658 0.9418624733454816 0.6186924435447324
3 739 478 738 0.14874254845165658 0.9418624733454816 0.6186924435447324
3 738 371 739 0.14874254845165658 0.9418624733454816 0.6186924435447324
3 737 738 477 0.14874254845165658 0.9418624733454816 0.6186924435447324
3 738 478 477 0.14874254845165658 0.9418624733454816 0.6186924435447324
3 1068 417 1069 0.14874254845165658 0.9418624733454816 0.6186924435447324
3 1068 416 417 0.14874254845165658 0.9418624733454816 0.6186924435447324
3 750 375 751 0.14874254845165658 0.9418624733454816 0.6186924435447324
3 374 749 373 0.14874254845165658 0.9418624733454816 0.6186924435447324
3 1066 375 374 0.14874254845165658 0.9418624733454816 0.6186924435447324
3 374 375 750 0.14874254845165658 0.9418624733454816 0.6186924435447324
3 750 749 374 0.14874254845165658 0.9418624733454816 0.6186924435447324
3 374 1065 1066 0.14874254845165658 0.9418624733454816 0.6186924435447324
3 373 1065 374 0.14874254845165658 0.9418624733454816 0.6186924435447324
3 231 232 881 0.14874254845165658 0.9418624733454816 0.6186924435447324
3 880 230 231 0.14874254845165658 0.9418624733454816 0.6186924435447324
3 231 881 880 0.14874254845165658 0.9418624733454816 0.6186924435447324
3 880 881 238 0.14874254845165658 0.9418624733454816 0.6186924435447324
3 879 230 880 0.14874254845165658 0.9418624733454816 0.6186924435447324
3 381 382 944 0.14874254845165658 0.9418624733454816 0.6186924435447324
3 382 945 944 0.14874254845165658 0.9418624733454816 0.6186924435447324
3 944 92 381 0.14874254845165658 0.9418624733454816 0.6186924435447324
3 93 92 944 0.14874254845165658 0.9418624733454816 0.6186924435447324
3 300 301 1094 0.14874254845165658 0.9418624733454816 0.6186924435447324
3 1094 308 307 0.14874254845165658 0.9418624733454816 0.6186924435447324
3 307 1093 1094 0.14874254845165658 0.9418624733454816 0.6186924435447324
3 1094 1093 300 0.14874254845165658 0.9418624733454816 0.6186924435447324
3 302 301 599 0.14874254845165658 0.9418624733454816 0.6186924435447324
3 598 238 599 0.14874254845165658 0.9418624733454816 0.6186924435447324
3 599 301 598 0.14874254845165658 0.9418624733454816 0.6186924435447324
3 1095 301 302 0.14874254845165658 0.9418624733454816 0.6186924435447324
3 1095 1094 301 0.14874254845165658 0.9418624733454816 0.6186924435447324
3 1095 309 308 0.14874254845165658 0.9418624733454816 0.6186924435447324
3 308 1094 1095 0.14874254845165658 0.9418624733454816 0.6186924435447324
3 1011 876 1010 0.14874254845165658 0.9418624733454816 0.6186924435447324
3 1010 876 875 0.14874254845165658 0.9418624733454816 0.6186924435447324
3 1319 1318 440 0.14874254845165658 0.9418624733454816 0.6186924435447324
3 1319 440 500 0.14874254845165658 0.9418624733454816 0.6186924435447324
3 500 1320 1319 0.14874254845165658 0.9418624733454816 0.6186924435447324
3 396 440 1317 0.14874254845165658 0.9418624733454816 0.6186924435447324
3 440 1318 1317 0.14874254845165658 0.9418624733454816 0.6186924435447324
3 1316 396 1317 0.14874254845165658 0.9418624733454816 0.6186924435447324
3 807 806 431 0.14874254845165658 0.9418624733454816 0.6186924435447324
3 490 806 807 0.14874254845165658 0.9418624733454816 0.6186924435447324
3 807 808 490 0.14874254845165658 0.9418624733454816 0.6186924435447324
3 431 951 952 0.14874254845165658 0.9418624733454816 0.6186924435447324
3 952 951 388 0.14874254845165658 0.9418624733454816 0.6186924435447324
3 1262 1322 1321 0.14874254845165658 0.9418624733454816 0.6186924435447324
3 1262 1320 1261 0.14874254845165658 0.9418624733454816 0.6186924435447324
3 1321 1320 1262 0.14874254845165658 0.9418624733454816 0.6186924435447324
3 1323 1264 1324 0.14874254845165658 0.9418624733454816 0.6186924435447324
3 1323 1211 1322 0.14874254845165658 0.9418624733454816 0.6186924435447324
3 388 387 676 0.14874254845165658 0.9418624733454816 0.6186924435447324
3 676 387 675 0.14874254845165658 0.9418624733454816 0.6186924435447324
3 388 676 677 0.14874254845165658 0.9418624733454816 0.6186924435447324
3 677 952 388 0.14874254845165658 0.9418624733454816 0.6186924435447324
3 226 1170 1171 0.14874254845165658 0.9418624733454816 0.6186924435447324
3 226 584 225 0.14874254845165658 0.9418624733454816 0.6186924435447324
3 225 1170 226 0.14874254845165658 0.9418624733454816 0.6186924435447324
3 1171 1170 219 0.14874254845165658 0.9418624733454816 0.6186924435447324
3 568 569 219 0.14874254845165658 0.9418624733454816 0.6186924435447324
3 219 218 568 0.14874254845165658 0.9418624733454816 0.6186924435447324
3 1170 218 219 0.14874254845165658 0.9418624733454816 0.6186924435447324
3 324 404 1202 0.14874254845165658 0.9418624733454816 0.6186924435447324
3 1202 1201 324 0.14874254845165658 0.9418624733454816 0.6186924435447324
3 158 100 99 0.14874254845165658 0.9418624733454816 0.6186924435447324
3 819 142 143 0.14874254845165658 0.9418624733454816 0.6186924435447324
3 131 1338 130 0.14874254845165658 0.9418624733454816 0.6186924435447324
3 1339 1338 131 0.14874254845165658 0.9418624733454816 0.6186924435447324
3 1198 1197 320 0.14874254845165658 0.9418624733454816 0.6186924435447324
3 1197 398 320 0.14874254845165658 0.9418624733454816 0.6186924435447324
3 502 399 320 0.14874254845165658 0.9418624733454816 0.6186924435447324
3 320 398 502 0.14874254845165658 0.9418624733454816 0.6186924435447324
3 166 1340 1339 0.14874254845165658 0.9418624733454816 0.6186924435447324
3 1339 131 166 0.14874254845165658 0.9418624733454816 0.6186924435447324
3 166 131 165 0.14874254845165658 0.9418624733454816 0.6186924435447324
3 128 993 442 0.14874254845165658 0.9418624733454816 0.6186924435447324
3 1196 993 128 0.14874254845165658 0.9418624733454816 0.6186924435447324
3 397 1196 128 0.14874254845165658 0.9418624733454816 0.6186924435447324
3 127 442 122 0.14874254845165658 0.9418624733454816 0.6186924435447324
3 127 1195 442 0.14874254845165658 0.9418624733454816 0.6186924435447324
3 122 108 127 0.14874254845165658 0.9418624733454816 0.6186924435447324
3 408 407 642 0.14874254845165658 0.9418624733454816 0.6186924435447324
3 409 360 408 0.14874254845165658 0.9418624733454816 0.6186924435447324
3 359 407 408 0.14874254845165658 0.9418624733454816 0.6186924435447324
3 408 360 359 0.14874254845165658 0.9418624733454816 0.6186924435447324
3 409 410 361 0.14874254845165658 0.9418624733454816 0.6186924435447324
3 361 360 409 0.14874254845165658 0.9418624733454816 0.6186924435447324
3 644 410 409 0.14874254845165658 0.9418624733454816 0.6186924435447324
3 644 192 645 0.14874254845165658 0.9418624733454816 0.6186924435447324
3 645 410 644 0.14874254845165658 0.9418624733454816 0.6186924435447324
3 611 279 278 0.14874254845165658 0.9418624733454816 0.6186924435447324
3 278 610 611 0.14874254845165658 0.9418624733454816 0.6186924435447324
3 277 610 278 0.14874254845165658 0.9418624733454816 0.6186924435447324
3 465 184 464 0.14874254845165658 0.9418624733454816 0.6186924435447324
3 468 928 927 0.14874254845165658 0.9418624733454816 0.6186924435447324
3 927 467 468 0.14874254845165658 0.9418624733454816 0.6186924435447324
3 191 190 925 0.14874254845165658 0.9418624733454816 0.6186924435447324
3 925 190 924 0.14874254845165658 0.9418624733454816 0.6186924435447324
3 184 185 148 0.14874254845165658 0.9418624733454816 0.6186924435447324
3 148 147 184 0.14874254845165658 0.9418624733454816 0.6186924435447324
3 148 925 924 0.14874254845165658 0.9418624733454816 0.6186924435447324
3 185 925 148 0.14874254845165658 0.9418624733454816 0.6186924435447324
3 466 185 465 0.14874254845165658 0.9418624733454816 0.6186924435447324
3 465 629 466 0.14874254845165658 0.9418624733454816 0.6186924435447324
3 849 524 850 0.14874254845165658 0.9418624733454816 0.6186924435447324
3 849 850 745 0.14874254845165658 0.9418624733454816 0.6186924435447324
3 210 518 843 0.14874254845165658 0.9418624733454816 0.6186924435447324
3 1284 518 204 0.14874254845165658 0.9418624733454816 0.6186924435447324
3 521 846 520 0.14874254845165658 0.9418624733454816 0.6186924435447324
3 520 846 845 0.14874254845165658 0.9418624733454816 0.6186924435447324
3 520 1286 521 0.14874254845165658 0.9418624733454816 0.6186924435447324
3 372 371 843 0.14874254845165658 0.9418624733454816 0.6186924435447324
3 372 845 740 0.14874254845165658 0.9418624733454816 0.6186924435447324
3 740 739 372 0.14874254845165658 0.9418624733454816 0.6186924435447324
3 372 739 371 0.14874254845165658 0.9418624733454816 0.6186924435447324
3 370 738 737 0.14874254845165658 0.9418624733454816 0.6186924435447324
3 370 371 738 0.14874254845165658 0.9418624733454816 0.6186924435447324
3 741 480 740 0.14874254845165658 0.9418624733454816 0.6186924435447324
3 740 845 741 0.14874254845165658 0.9418624733454816 0.6186924435447324
3 845 846 741 0.14874254845165658 0.9418624733454816 0.6186924435447324
3 740 480 479 0.14874254845165658 0.9418624733454816 0.6186924435447324
3 479 739 740 0.14874254845165658 0.9418624733454816 0.6186924435447324
3 478 739 479 0.14874254845165658 0.9418624733454816 0.6186924435447324
3 521 1286 1287 0.14874254845165658 0.9418624733454816 0.6186924435447324
3 1287 522 521 0.14874254845165658 0.9418624733454816 0.6186924435447324
3 362 363 288 0.14874254845165658 0.9418624733454816 0.6186924435447324
3 362 361 410 0.14874254845165658 0.9418624733454816 0.6186924435447324
3 288 287 362 0.14874254845165658 0.9418624733454816 0.6186924435447324
3 287 361 362 0.14874254845165658 0.9418624733454816 0.6186924435447324
3 1284 198 289 0.14874254845165658 0.9418624733454816 0.6186924435447324
3 288 363 289 0.14874254845165658 0.9418624733454816 0.6186924435447324
3 289 198 288 0.14874254845165658 0.9418624733454816 0.6186924435447324
3 646 928 929 0.14874254845165658 0.9418624733454816 0.6186924435447324
3 929 647 646 0.14874254845165658 0.9418624733454816 0.6186924435447324
3 645 928 646 0.14874254845165658 0.9418624733454816 0.6186924435447324
3 650 651 1289 0.14874254845165658 0.9418624733454816 0.6186924435447324
3 1291 1290 652 0.14874254845165658 0.9418624733454816 0.6186924435447324
3 1290 651 652 0.14874254845165658 0.9418624733454816 0.6186924435447324
3 932 650 649 0.14874254845165658 0.9418624733454816 0.6186924435447324
3 515 208 514 0.14874254845165658 0.9418624733454816 0.6186924435447324
3 515 202 516 0.14874254845165658 0.9418624733454816 0.6186924435447324
3 197 198 1282 0.14874254845165658 0.9418624733454816 0.6186924435447324
3 197 196 287 0.14874254845165658 0.9418624733454816 0.6186924435447324
3 197 287 288 0.14874254845165658 0.9418624733454816 0.6186924435447324
3 288 198 197 0.14874254845165658 0.9418624733454816 0.6186924435447324
3 197 1282 1281 0.14874254845165658 0.9418624733454816 0.6186924435447324
3 1281 196 197 0.14874254845165658 0.9418624733454816 0.6186924435447324
3 406 405 640 0.14874254845165658 0.9418624733454816 0.6186924435447324
3 405 639 640 0.14874254845165658 0.9418624733454816 0.6186924435447324
3 641 406 640 0.14874254845165658 0.9418624733454816 0.6186924435447324
3 188 641 640 0.14874254845165658 0.9418624733454816 0.6186924435447324
3 640 187 188 0.14874254845165658 0.9418624733454816 0.6186924435447324
3 640 639 187 0.14874254845165658 0.9418624733454816 0.6186924435447324
3 286 285 360 0.14874254845165658 0.9418624733454816 0.6186924435447324
3 287 196 286 0.14874254845165658 0.9418624733454816 0.6186924435447324
3 195 285 286 0.14874254845165658 0.9418624733454816 0.6186924435447324
3 286 196 195 0.14874254845165658 0.9418624733454816 0.6186924435447324
3 286 361 287 0.14874254845165658 0.9418624733454816 0.6186924435447324
3 360 361 286 0.14874254845165658 0.9418624733454816 0.6186924435447324
3 201 515 514 0.14874254845165658 0.9418624733454816 0.6186924435447324
3 202 515 201 0.14874254845165658 0.9418624733454816 0.6186924435447324
3 201 514 200 0.14874254845165658 0.9418624733454816 0.6186924435447324
3 200 1280 201 0.14874254845165658 0.9418624733454816 0.6186924435447324
3 1281 202 201 0.14874254845165658 0.9418624733454816 0.6186924435447324
3 201 1280 1281 0.14874254845165658 0.9418624733454816 0.6186924435447324
3 195 1280 1279 0.14874254845165658 0.9418624733454816 0.6186924435447324
3 1279 194 195 0.14874254845165658 0.9418624733454816 0.6186924435447324
3 1279 1280 200 0.14874254845165658 0.9418624733454816 0.6186924435447324
3 1278 194 1279 0.14874254845165658 0.9418624733454816 0.6186924435447324
3 200 199 1279 0.14874254845165658 0.9418624733454816 0.6186924435447324
3 1279 199 1278 0.14874254845165658 0.9418624733454816 0.6186924435447324
3 342 716 341 0.14874254845165658 0.9418624733454816 0.6186924435447324
3 716 40 341 0.14874254845165658 0.9418624733454816 0.6186924435447324
3 967 350 349 0.14874254845165658 0.9418624733454816 0.6186924435447324
3 349 45 967 0.14874254845165658 0.9418624733454816 0.6186924435447324
3 967 45 44 0.14874254845165658 0.9418624733454816 0.6186924435447324
3 280 613 281 0.14874254845165658 0.9418624733454816 0.6186924435447324
3 612 279 611 0.14874254845165658 0.9418624733454816 0.6186924435447324
3 272 613 612 0.14874254845165658 0.9418624733454816 0.6186924435447324
3 612 280 279 0.14874254845165658 0.9418624733454816 0.6186924435447324
3 613 280 612 0.14874254845165658 0.9418624733454816 0.6186924435447324
3 614 282 281 0.14874254845165658 0.9418624733454816 0.6186924435447324
3 281 613 614 0.14874254845165658 0.9418624733454816 0.6186924435447324
3 973 282 974 0.14874254845165658 0.9418624733454816 0.6186924435447324
3 834 1354 835 0.14874254845165658 0.9418624733454816 0.6186924435447324
3 1355 876 877 0.14874254845165658 0.9418624733454816 0.6186924435447324
3 877 876 1011 0.14874254845165658 0.9418624733454816 0.6186924435447324
3 875 1354 1353 0.14874254845165658 0.9418624733454816 0.6186924435447324
3 1353 874 875 0.14874254845165658 0.9418624733454816 0.6186924435447324
3 1352 874 1353 0.14874254845165658 0.9418624733454816 0.6186924435447324
3 1354 834 1353 0.14874254845165658 0.9418624733454816 0.6186924435447324
3 1353 833 1352 0.14874254845165658 0.9418624733454816 0.6186924435447324
3 1353 834 833 0.14874254845165658 0.9418624733454816 0.6186924435447324
3 990 1064 1305 0.14874254845165658 0.9418624733454816 0.6186924435447324
3 713 1052 712 0.14874254845165658 0.9418624733454816 0.6186924435447324
3 794 713 712 0.14874254845165658 0.9418624733454816 0.6186924435447324
3 1053 1052 713 0.14874254845165658 0.9418624733454816 0.6186924435447324
3 636 932 635 0.14874254845165658 0.9418624733454816 0.6186924435447324
3 978 635 977 0.14874254845165658 0.9418624733454816 0.6186924435447324
3 978 636 635 0.14874254845165658 0.9418624733454816 0.6186924435447324
3 979 636 978 0.14874254845165658 0.9418624733454816 0.6186924435447324
3 623 981 980 0.14874254845165658 0.9418624733454816 0.6186924435447324
3 979 621 980 0.14874254845165658 0.9418624733454816 0.6186924435447324
3 980 981 638 0.14874254845165658 0.9418624733454816 0.6186924435447324
3 1128 1127 698 0.14874254845165658 0.9418624733454816 0.6186924435447324
3 794 712 793 0.14874254845165658 0.9418624733454816 0.6186924435447324
3 793 712 711 0.14874254845165658 0.9418624733454816 0.6186924435447324
3 914 913 1238 0.14874254845165658 0.9418624733454816 0.6186924435447324
3 698 913 914 0.14874254845165658 0.9418624733454816 0.6186924435447324
3 714 1053 713 0.14874254845165658 0.9418624733454816 0.6186924435447324
3 794 793 1129 0.14874254845165658 0.9418624733454816 0.6186924435447324
3 1129 793 1128 0.14874254845165658 0.9418624733454816 0.6186924435447324
3 1358 1163 1162 0.14874254845165658 0.9418624733454816 0.6186924435447324
3 1037 1163 1164 0.14874254845165658 0.9418624733454816 0.6186924435447324
3 1359 1163 1358 0.14874254845165658 0.9418624733454816 0.6186924435447324
3 1164 1163 1359 0.14874254845165658 0.9418624733454816 0.6186924435447324
3 1359 1360 1164 0.14874254845165658 0.9418624733454816 0.6186924435447324
3 1361 1166 1165 0.14874254845165658 0.9418624733454816 0.6186924435447324
3 1165 1360 1361 0.14874254845165658 0.9418624733454816 0.6186924435447324
3 1164 1360 1165 0.14874254845165658 0.9418624733454816 0.6186924435447324
3 1361 1221 1362 0.14874254845165658 0.9418624733454816 0.6186924435447324
3 1362 1166 1361 0.14874254845165658 0.9418624733454816 0.6186924435447324
3 773 1023 772 0.14874254845165658 0.9418624733454816 0.6186924435447324
3 772 1023 1022 0.14874254845165658 0.9418624733454816 0.6186924435447324
3 1022 771 772 0.14874254845165658 0.9418624733454816 0.6186924435447324
3 542 1018 1019 0.14874254845165658 0.9418624733454816 0.6186924435447324
3 542 453 541 0.14874254845165658 0.9418624733454816 0.6186924435447324
3 541 1018 542 0.14874254845165658 0.9418624733454816 0.6186924435447324
3 446 1199 1200 0.14874254845165658 0.9418624733454816 0.6186924435447324
3 445 1199 446 0.14874254845165658 0.9418624733454816 0.6186924435447324
3 1340 166 167 0.14874254845165658 0.9418624733454816 0.6186924435447324
3 1200 1199 322 0.14874254845165658 0.9418624733454816 0.6186924435447324
3 322 400 401 0.14874254845165658 0.9418624733454816 0.6186924435447324
3 820 821 529 0.14874254845165658 0.9418624733454816 0.6186924435447324
3 819 143 820 0.14874254845165658 0.9418624733454816 0.6186924435447324
3 1147 770 769 0.14874254845165658 0.9418624733454816 0.6186924435447324
3 124 1142 134 0.14874254845165658 0.9418624733454816 0.6186924435447324
3 1142 527 134 0.14874254845165658 0.9418624733454816 0.6186924435447324
3 1143 124 134 0.14874254845165658 0.9418624733454816 0.6186924435447324
3 864 1343 863 0.14874254845165658 0.9418624733454816 0.6186924435447324
3 864 1344 1343 0.14874254845165658 0.9418624733454816 0.6186924435447324
3 865 1344 864 0.14874254845165658 0.9418624733454816 0.6186924435447324
3 1348 829 1347 0.14874254845165658 0.9418624733454816 0.6186924435447324
3 771 1148 1149 0.14874254845165658 0.9418624733454816 0.6186924435447324
3 1149 772 771 0.14874254845165658 0.9418624733454816 0.6186924435447324
3 535 827 536 0.14874254845165658 0.9418624733454816 0.6186924435447324
3 1152 1151 536 0.14874254845165658 0.9418624733454816 0.6186924435447324
3 536 1151 535 0.14874254845165658 0.9418624733454816 0.6186924435447324
3 873 1352 1351 0.14874254845165658 0.9418624733454816 0.6186924435447324
3 1351 1352 832 0.14874254845165658 0.9418624733454816 0.6186924435447324
3 830 829 1349 0.14874254845165658 0.9418624733454816 0.6186924435447324
3 1349 1350 830 0.14874254845165658 0.9418624733454816 0.6186924435447324
3 871 1350 1349 0.14874254845165658 0.9418624733454816 0.6186924435447324
3 1349 870 871 0.14874254845165658 0.9418624733454816 0.6186924435447324
3 529 821 530 0.14874254845165658 0.9418624733454816 0.6186924435447324
3 530 1145 529 0.14874254845165658 0.9418624733454816 0.6186924435447324
3 1340 167 1341 0.14874254845165658 0.9418624733454816 0.6186924435447324
3 1341 167 168 0.14874254845165658 0.9418624733454816 0.6186924435447324
3 948 386 949 0.14874254845165658 0.9418624733454816 0.6186924435447324
3 949 428 948 0.14874254845165658 0.9418624733454816 0.6186924435447324
3 948 428 427 0.14874254845165658 0.9418624733454816 0.6186924435447324
3 674 386 385 0.14874254845165658 0.9418624733454816 0.6186924435447324
3 386 948 385 0.14874254845165658 0.9418624733454816 0.6186924435447324
3 946 384 947 0.14874254845165658 0.9418624733454816 0.6186924435447324
3 947 427 426 0.14874254845165658 0.9418624733454816 0.6186924435447324
3 947 948 427 0.14874254845165658 0.9418624733454816 0.6186924435447324
3 384 385 947 0.14874254845165658 0.9418624733454816 0.6186924435447324
3 947 385 948 0.14874254845165658 0.9418624733454816 0.6186924435447324
3 671 672 383 0.14874254845165658 0.9418624733454816 0.6186924435447324
3 672 384 383 0.14874254845165658 0.9418624733454816 0.6186924435447324
3 383 384 946 0.14874254845165658 0.9418624733454816 0.6186924435447324
3 382 671 383 0.14874254845165658 0.9418624733454816 0.6186924435447324
3 383 945 382 0.14874254845165658 0.9418624733454816 0.6186924435447324
3 946 945 383 0.14874254845165658 0.9418624733454816 0.6186924435447324
3 949 387 950 0.14874254845165658 0.9418624733454816 0.6186924435447324
3 950 387 951 0.14874254845165658 0.9418624733454816 0.6186924435447324
3 950 951 430 0.14874254845165658 0.9418624733454816 0.6186924435447324
3 1250 95 481 0.14874254845165658 0.9418624733454816 0.6186924435447324
3 95 94 481 0.14874254845165658 0.9418624733454816 0.6186924435447324
3 1250 492 491 0.14874254845165658 0.9418624733454816 0.6186924435447324
3 491 96 1250 0.14874254845165658 0.9418624733454816 0.6186924435447324
3 97 96 491 0.14874254845165658 0.9418624733454816 0.6186924435447324
3 491 432 97 0.14874254845165658 0.9418624733454816 0.6186924435447324
3 426 427 802 0.14874254845165658 0.9418624733454816 0.6186924435447324
3 394 317 316 0.14874254845165658 0.9418624733454816 0.6186924435447324
3 316 393 394 0.14874254845165658 0.9418624733454816 0.6186924435447324
3 162 1312 1311 0.14874254845165658 0.9418624733454816 0.6186924435447324
3 1311 505 1310 0.14874254845165658 0.9418624733454816 0.6186924435447324
3 1311 1312 506 0.14874254845165658 0.9418624733454816 0.6186924435447324
3 506 505 1311 0.14874254845165658 0.9418624733454816 0.6186924435447324
3 1313 508 507 0.14874254845165658 0.9418624733454816 0.6186924435447324
3 507 1312 1313 0.14874254845165658 0.9418624733454816 0.6186924435447324
3 1313 316 317 0.14874254845165658 0.9418624733454816 0.6186924435447324
3 1313 1312 162 0.14874254845165658 0.9418624733454816 0.6186924435447324
3 162 316 1313 0.14874254845165658 0.9418624733454816 0.6186924435447324
3 178 556 557 0.14874254845165658 0.9418624733454816 0.6186924435447324
3 557 556 173 0.14874254845165658 0.9418624733454816 0.6186924435447324
3 557 173 1227 0.14874254845165658 0.9418624733454816 0.6186924435447324
3 902 901 178 0.14874254845165658 0.9418624733454816 0.6186924435447324
3 250 901 902 0.14874254845165658 0.9418624733454816 0.6186924435447324
3 176 175 554 0.14874254845165658 0.9418624733454816 0.6186924435447324
3 171 555 554 0.14874254845165658 0.9418624733454816 0.6186924435447324
3 554 555 176 0.14874254845165658 0.9418624733454816 0.6186924435447324
3 176 900 899 0.14874254845165658 0.9418624733454816 0.6186924435447324
3 899 175 176 0.14874254845165658 0.9418624733454816 0.6186924435447324
3 29 175 899 0.14874254845165658 0.9418624733454816 0.6186924435447324
3 899 30 29 0.14874254845165658 0.9418624733454816 0.6186924435447324
3 260 689 690 0.14874254845165658 0.9418624733454816 0.6186924435447324
3 259 689 260 0.14874254845165658 0.9418624733454816 0.6186924435447324
3 266 784 265 0.14874254845165658 0.9418624733454816 0.6186924435447324
3 1118 264 1117 0.14874254845165658 0.9418624733454816 0.6186924435447324
3 1118 265 264 0.14874254845165658 0.9418624733454816 0.6186924435447324
3 1117 257 258 0.14874254845165658 0.9418624733454816 0.6186924435447324
3 258 1118 1117 0.14874254845165658 0.9418624733454816 0.6186924435447324
3 259 1118 258 0.14874254845165658 0.9418624733454816 0.6186924435447324
3 686 257 256 0.14874254845165658 0.9418624733454816 0.6186924435447324
3 256 1116 1115 0.14874254845165658 0.9418624733454816 0.6186924435447324
3 33 255 1115 0.14874254845165658 0.9418624733454816 0.6186924435447324
3 1115 255 256 0.14874254845165658 0.9418624733454816 0.6186924435447324
3 33 1115 34 0.14874254845165658 0.9418624733454816 0.6186924435447324
3 551 1232 550 0.14874254845165658 0.9418624733454816 0.6186924435447324
3 549 1026 550 0.14874254845165658 0.9418624733454816 0.6186924435447324
3 550 1027 551 0.14874254845165658 0.9418624733454816 0.6186924435447324
3 1026 1027 550 0.14874254845165658 0.9418624733454816 0.6186924435447324
3 558 1229 559 0.14874254845165658 0.9418624733454816 0.6186924435447324
3 548 547 1024 0.14874254845165658 0.9418624733454816 0.6186924435447324
3 548 1025 549 0.14874254845165658 0.9418624733454816 0.6186924435447324
3 1024 1025 548 0.14874254845165658 0.9418624733454816 0.6186924435447324
3 549 460 548 0.14874254845165658 0.9418624733454816 0.6186924435447324
3 459 1229 458 0.14874254845165658 0.9418624733454816 0.6186924435447324
3 458 547 459 0.14874254845165658 0.9418624733454816 0.6186924435447324
3 459 548 460 0.14874254845165658 0.9418624733454816 0.6186924435447324
3 547 548 459 0.14874254845165658 0.9418624733454816 0.6186924435447324
3 1124 788 1123 0.14874254845165658 0.9418624733454816 0.6186924435447324
3 1123 694 1124 0.14874254845165658 0.9418624733454816 0.6186924435447324
3 693 694 1123 0.14874254845165658 0.9418624733454816 0.6186924435447324
3 268 267 1121 0.14874254845165658 0.9418624733454816 0.6186924435447324
3 155 1223 453 0.14874254845165658 0.9418624733454816 0.6186924435447324
3 453 542 155 0.14874254845165658 0.9418624733454816 0.6186924435447324
3 155 542 454 0.14874254845165658 0.9418624733454816 0.6186924435447324
3 170 554 175 0.14874254845165658 0.9418624733454816 0.6186924435447324
3 1223 155 170 0.14874254845165658 0.9418624733454816 0.6186924435447324
3 1017 137 540 0.14874254845165658 0.9418624733454816 0.6186924435447324
3 1017 1018 137 0.14874254845165658 0.9418624733454816 0.6186924435447324
3 539 135 1016 0.14874254845165658 0.9418624733454816 0.6186924435447324
3 135 242 1016 0.14874254845165658 0.9418624733454816 0.6186924435447324
3 766 765 1143 0.14874254845165658 0.9418624733454816 0.6186924435447324
3 242 765 766 0.14874254845165658 0.9418624733454816 0.6186924435447324
3 766 1016 242 0.14874254845165658 0.9418624733454816 0.6186924435447324
3 243 1016 766 0.14874254845165658 0.9418624733454816 0.6186924435447324
3 1144 766 1143 0.14874254845165658 0.9418624733454816 0.6186924435447324
3 529 1145 1144 0.14874254845165658 0.9418624733454816 0.6186924435447324
3 118 765 1015 0.14874254845165658 0.9418624733454816 0.6186924435447324
3 241 765 118 0.14874254845165658 0.9418624733454816 0.6186924435447324
3 118 20 241 0.14874254845165658 0.9418624733454816 0.6186924435447324
3 1015 21 118 0.14874254845165658 0.9418624733454816 0.6186924435447324
3 21 20 118 0.14874254845165658 0.9418624733454816 0.6186924435447324
3 9 12 10 0.14874254845165658 0.9418624733454816 0.6186924435447324
3 9 817 12 0.14874254845165658 0.9418624733454816 0.6186924435447324
3 8 141 9 0.14874254845165658 0.9418624733454816 0.6186924435447324
3 141 817 9 0.14874254845165658 0.9418624733454816 0.6186924435447324
3 164 858 165 0.14874254845165658 0.9418624733454816 0.6186924435447324
3 165 131 164 0.14874254845165658 0.9418624733454816 0.6186924435447324
3 164 131 130 0.14874254845165658 0.9418624733454816 0.6186924435447324
3 164 130 129 0.14874254845165658 0.9418624733454816 0.6186924435447324
3 165 858 859 0.14874254845165658 0.9418624733454816 0.6186924435447324
3 859 858 993 0.14874254845165658 0.9418624733454816 0.6186924435447324
3 859 166 165 0.14874254845165658 0.9418624733454816 0.6186924435447324
3 859 993 444 0.14874254845165658 0.9418624733454816 0.6186924435447324
3 1337 1336 130 0.14874254845165658 0.9418624733454816 0.6186924435447324
3 142 1336 1337 0.14874254845165658 0.9418624733454816 0.6186924435447324
3 130 1338 1337 0.14874254845165658 0.9418624733454816 0.6186924435447324
3 1338 143 1337 0.14874254845165658 0.9418624733454816 0.6186924435447324
3 1337 143 142 0.14874254845165658 0.9418624733454816 0.6186924435447324
3 474 416 473 0.14874254845165658 0.9418624733454816 0.6186924435447324
3 417 416 474 0.14874254845165658 0.9418624733454816 0.6186924435447324
3 66 65 365 0.14874254845165658 0.9418624733454816 0.6186924435447324
3 365 732 66 0.14874254845165658 0.9418624733454816 0.6186924435447324
3 213 655 656 0.14874254845165658 0.9418624733454816 0.6186924435447324
3 214 213 656 0.14874254845165658 0.9418624733454816 0.6186924435447324
3 291 749 292 0.14874254845165658 0.9418624733454816 0.6186924435447324
3 292 656 291 0.14874254845165658 0.9418624733454816 0.6186924435447324
3 291 656 655 0.14874254845165658 0.9418624733454816 0.6186924435447324
3 291 655 290 0.14874254845165658 0.9418624733454816 0.6186924435447324
3 290 748 291 0.14874254845165658 0.9418624733454816 0.6186924435447324
3 748 749 291 0.14874254845165658 0.9418624733454816 0.6186924435447324
3 570 213 214 0.14874254845165658 0.9418624733454816 0.6186924435447324
3 570 569 213 0.14874254845165658 0.9418624733454816 0.6186924435447324
3 227 226 1171 0.14874254845165658 0.9418624733454816 0.6186924435447324
3 421 1072 420 0.14874254845165658 0.9418624733454816 0.6186924435447324
3 420 477 421 0.14874254845165658 0.9418624733454816 0.6186924435447324
3 421 477 478 0.14874254845165658 0.9418624733454816 0.6186924435447324
3 1073 1072 421 0.14874254845165658 0.9418624733454816 0.6186924435447324
3 419 1070 418 0.14874254845165658 0.9418624733454816 0.6186924435447324
3 378 1070 379 0.14874254845165658 0.9418624733454816 0.6186924435447324
3 1069 1070 378 0.14874254845165658 0.9418624733454816 0.6186924435447324
3 379 1070 1071 0.14874254845165658 0.9418624733454816 0.6186924435447324
3 420 1072 1071 0.14874254845165658 0.9418624733454816 0.6186924435447324
3 1071 419 420 0.14874254845165658 0.9418624733454816 0.6186924435447324
3 1070 419 1071 0.14874254845165658 0.9418624733454816 0.6186924435447324
3 416 1068 1067 0.14874254845165658 0.9418624733454816 0.6186924435447324
3 1066 415 1067 0.14874254845165658 0.9418624733454816 0.6186924435447324
3 415 416 1067 0.14874254845165658 0.9418624733454816 0.6186924435447324
3 1067 375 1066 0.14874254845165658 0.9418624733454816 0.6186924435447324
3 293 292 750 0.14874254845165658 0.9418624733454816 0.6186924435447324
3 750 751 293 0.14874254845165658 0.9418624733454816 0.6186924435447324
3 376 751 375 0.14874254845165658 0.9418624733454816 0.6186924435447324
3 375 1067 376 0.14874254845165658 0.9418624733454816 0.6186924435447324
3 376 1067 1068 0.14874254845165658 0.9418624733454816 0.6186924435447324
3 752 751 376 0.14874254845165658 0.9418624733454816 0.6186924435447324
3 109 991 110 0.14874254845165658 0.9418624733454816 0.6186924435447324
3 122 991 109 0.14874254845165658 0.9418624733454816 0.6186924435447324
3 109 108 122 0.14874254845165658 0.9418624733454816 0.6186924435447324
3 1195 127 107 0.14874254845165658 0.9418624733454816 0.6186924435447324
3 107 127 108 0.14874254845165658 0.9418624733454816 0.6186924435447324
3 882 881 232 0.14874254845165658 0.9418624733454816 0.6186924435447324
3 882 883 240 0.14874254845165658 0.9418624733454816 0.6186924435447324
3 879 880 237 0.14874254845165658 0.9418624733454816 0.6186924435447324
3 237 597 236 0.14874254845165658 0.9418624733454816 0.6186924435447324
3 236 879 237 0.14874254845165658 0.9418624733454816 0.6186924435447324
3 598 597 237 0.14874254845165658 0.9418624733454816 0.6186924435447324
3 237 238 598 0.14874254845165658 0.9418624733454816 0.6186924435447324
3 237 880 238 0.14874254845165658 0.9418624733454816 0.6186924435447324
3 238 881 239 0.14874254845165658 0.9418624733454816 0.6186924435447324
3 239 599 238 0.14874254845165658 0.9418624733454816 0.6186924435447324
3 881 882 239 0.14874254845165658 0.9418624733454816 0.6186924435447324
3 239 882 240 0.14874254845165658 0.9418624733454816 0.6186924435447324
3 1214 1215 1011 0.14874254845165658 0.9418624733454816 0.6186924435447324
3 1011 1010 1214 0.14874254845165658 0.9418624733454816 0.6186924435447324
3 1214 1326 1215 0.14874254845165658 0.9418624733454816 0.6186924435447324
3 1214 1325 1326 0.14874254845165658 0.9418624733454816 0.6186924435447324
3 875 874 1009 0.14874254845165658 0.9418624733454816 0.6186924435447324
3 1009 1010 875 0.14874254845165658 0.9418624733454816 0.6186924435447324
3 1205 1204 510 0.14874254845165658 0.9418624733454816 0.6186924435447324
3 1204 509 510 0.14874254845165658 0.9418624733454816 0.6186924435447324
3 510 1315 1316 0.14874254845165658 0.9418624733454816 0.6186924435447324
3 509 1315 510 0.14874254845165658 0.9418624733454816 0.6186924435447324
3 1004 1207 1208 0.14874254845165658 0.9418624733454816 0.6186924435447324
3 1208 1207 1319 0.14874254845165658 0.9418624733454816 0.6186924435447324
3 1320 1209 1208 0.14874254845165658 0.9418624733454816 0.6186924435447324
3 1208 1319 1320 0.14874254845165658 0.9418624733454816 0.6186924435447324
3 1318 1319 511 0.14874254845165658 0.9418624733454816 0.6186924435447324
3 1319 1207 511 0.14874254845165658 0.9418624733454816 0.6186924435447324
3 511 1317 1318 0.14874254845165658 0.9418624733454816 0.6186924435447324
3 1205 510 511 0.14874254845165658 0.9418624733454816 0.6186924435447324
3 1316 1317 511 0.14874254845165658 0.9418624733454816 0.6186924435447324
3 511 510 1316 0.14874254845165658 0.9418624733454816 0.6186924435447324
3 1210 1211 1007 0.14874254845165658 0.9418624733454816 0.6186924435447324
3 1210 1209 1321 0.14874254845165658 0.9418624733454816 0.6186924435447324
3 1321 1322 1210 0.14874254845165658 0.9418624733454816 0.6186924435447324
3 1322 1211 1210 0.14874254845165658 0.9418624733454816 0.6186924435447324
3 808 807 953 0.14874254845165658 0.9418624733454816 0.6186924435447324
3 953 954 808 0.14874254845165658 0.9418624733454816 0.6186924435447324
3 953 807 431 0.14874254845165658 0.9418624733454816 0.6186924435447324
3 431 952 953 0.14874254845165658 0.9418624733454816 0.6186924435447324
3 678 954 953 0.14874254845165658 0.9418624733454816 0.6186924435447324
3 953 677 678 0.14874254845165658 0.9418624733454816 0.6186924435447324
3 952 677 953 0.14874254845165658 0.9418624733454816 0.6186924435447324
3 678 677 1099 0.14874254845165658 0.9418624733454816 0.6186924435447324
3 808 954 809 0.14874254845165658 0.9418624733454816 0.6186924435447324
3 810 1262 809 0.14874254845165658 0.9418624733454816 0.6186924435447324
3 1261 808 809 0.14874254845165658 0.9418624733454816 0.6186924435447324
3 809 1262 1261 0.14874254845165658 0.9418624733454816 0.6186924435447324
3 1322 1262 1263 0.14874254845165658 0.9418624733454816 0.6186924435447324
3 1263 1323 1322 0.14874254845165658 0.9418624733454816 0.6186924435447324
3 1264 1323 1263 0.14874254845165658 0.9418624733454816 0.6186924435447324
3 1263 1262 810 0.14874254845165658 0.9418624733454816 0.6186924435447324
3 302 303 1096 0.14874254845165658 0.9418624733454816 0.6186924435447324
3 1096 1095 302 0.14874254845165658 0.9418624733454816 0.6186924435447324
3 309 1095 1096 0.14874254845165658 0.9418624733454816 0.6186924435447324
3 1096 303 1097 0.14874254845165658 0.9418624733454816 0.6186924435447324
3 602 1097 601 0.14874254845165658 0.9418624733454816 0.6186924435447324
3 1097 303 601 0.14874254845165658 0.9418624733454816 0.6186924435447324
3 240 883 601 0.14874254845165658 0.9418624733454816 0.6186924435447324
3 601 884 602 0.14874254845165658 0.9418624733454816 0.6186924435447324
3 601 883 884 0.14874254845165658 0.9418624733454816 0.6186924435447324
3 507 404 403 0.14874254845165658 0.9418624733454816 0.6186924435447324
3 404 324 403 0.14874254845165658 0.9418624733454816 0.6186924435447324
3 403 506 507 0.14874254845165658 0.9418624733454816 0.6186924435447324
3 1200 322 323 0.14874254845165658 0.9418624733454816 0.6186924435447324
3 323 322 401 0.14874254845165658 0.9418624733454816 0.6186924435447324
3 323 1201 1200 0.14874254845165658 0.9418624733454816 0.6186924435447324
3 323 324 1201 0.14874254845165658 0.9418624733454816 0.6186924435447324
3 125 138 502 0.14874254845165658 0.9418624733454816 0.6186924435447324
3 397 105 104 0.14874254845165658 0.9418624733454816 0.6186924435447324
3 312 160 159 0.14874254845165658 0.9418624733454816 0.6186924435447324
3 98 432 389 0.14874254845165658 0.9418624733454816 0.6186924435447324
3 389 312 159 0.14874254845165658 0.9418624733454816 0.6186924435447324
3 1198 320 321 0.14874254845165658 0.9418624733454816 0.6186924435447324
3 321 320 399 0.14874254845165658 0.9418624733454816 0.6186924435447324
3 399 400 321 0.14874254845165658 0.9418624733454816 0.6186924435447324
3 400 322 321 0.14874254845165658 0.9418624733454816 0.6186924435447324
3 321 1199 1198 0.14874254845165658 0.9418624733454816 0.6186924435447324
3 321 322 1199 0.14874254845165658 0.9418624733454816 0.6186924435447324
3 504 505 401 0.14874254845165658 0.9418624733454816 0.6186924435447324
3 401 400 504 0.14874254845165658 0.9418624733454816 0.6186924435447324
3 1310 505 504 0.14874254845165658 0.9418624733454816 0.6186924435447324
3 504 1309 1310 0.14874254845165658 0.9418624733454816 0.6186924435447324
3 1310 1309 140 0.14874254845165658 0.9418624733454816 0.6186924435447324
3 503 400 399 0.14874254845165658 0.9418624733454816 0.6186924435447324
3 503 504 400 0.14874254845165658 0.9418624733454816 0.6186924435447324
3 1309 504 503 0.14874254845165658 0.9418624733454816 0.6186924435447324
3 139 140 1309 0.14874254845165658 0.9418624733454816 0.6186924435447324
3 397 128 121 0.14874254845165658 0.9418624733454816 0.6186924435447324
3 121 105 397 0.14874254845165658 0.9418624733454816 0.6186924435447324
3 442 1195 121 0.14874254845165658 0.9418624733454816 0.6186924435447324
3 121 128 442 0.14874254845165658 0.9418624733454816 0.6186924435447324
3 643 644 409 0.14874254845165658 0.9418624733454816 0.6186924435447324
3 643 408 642 0.14874254845165658 0.9418624733454816 0.6186924435447324
3 409 408 643 0.14874254845165658 0.9418624733454816 0.6186924435447324
3 643 190 191 0.14874254845165658 0.9418624733454816 0.6186924435447324
3 642 190 643 0.14874254845165658 0.9418624733454816 0.6186924435447324
3 191 192 643 0.14874254845165658 0.9418624733454816 0.6186924435447324
3 192 644 643 0.14874254845165658 0.9418624733454816 0.6186924435447324
3 277 278 969 0.14874254845165658 0.9418624733454816 0.6186924435447324
3 467 466 630 0.14874254845165658 0.9418624733454816 0.6186924435447324
3 630 466 629 0.14874254845165658 0.9418624733454816 0.6186924435447324
3 924 189 923 0.14874254845165658 0.9418624733454816 0.6186924435447324
3 923 148 924 0.14874254845165658 0.9418624733454816 0.6186924435447324
3 147 148 923 0.14874254845165658 0.9418624733454816 0.6186924435447324
3 923 189 188 0.14874254845165658 0.9418624733454816 0.6186924435447324
3 146 921 145 0.14874254845165658 0.9418624733454816 0.6186924435447324
3 183 464 184 0.14874254845165658 0.9418624733454816 0.6186924435447324
3 184 147 183 0.14874254845165658 0.9418624733454816 0.6186924435447324
3 147 146 183 0.14874254845165658 0.9418624733454816 0.6186924435447324
3 929 928 469 0.14874254845165658 0.9418624733454816 0.6186924435447324
3 928 468 469 0.14874254845165658 0.9418624733454816 0.6186924435447324
3 926 192 191 0.14874254845165658 0.9418624733454816 0.6186924435447324
3 191 925 926 0.14874254845165658 0.9418624733454816 0.6186924435447324
3 927 192 926 0.14874254845165658 0.9418624733454816 0.6186924435447324
3 956 680 681 0.14874254845165658 0.9418624733454816 0.6186924435447324
3 955 680 956 0.14874254845165658 0.9418624733454816 0.6186924435447324
3 955 809 954 0.14874254845165658 0.9418624733454816 0.6186924435447324
3 956 810 955 0.14874254845165658 0.9418624733454816 0.6186924435447324
3 810 809 955 0.14874254845165658 0.9418624733454816 0.6186924435447324
3 679 954 678 0.14874254845165658 0.9418624733454816 0.6186924435447324
3 679 955 954 0.14874254845165658 0.9418624733454816 0.6186924435447324
3 680 955 679 0.14874254845165658 0.9418624733454816 0.6186924435447324
3 956 681 957 0.14874254845165658 0.9418624733454816 0.6186924435447324
3 957 681 682 0.14874254845165658 0.9418624733454816 0.6186924435447324
3 811 812 1264 0.14874254845165658 0.9418624733454816 0.6186924435447324
3 1264 1263 811 0.14874254845165658 0.9418624733454816 0.6186924435447324
3 811 1263 810 0.14874254845165658 0.9418624733454816 0.6186924435447324
3 811 957 812 0.14874254845165658 0.9418624733454816 0.6186924435447324
3 811 810 956 0.14874254845165658 0.9418624733454816 0.6186924435447324
3 956 957 811 0.14874254845165658 0.9418624733454816 0.6186924435447324
3 1264 812 1265 0.14874254845165658 0.9418624733454816 0.6186924435447324
3 1324 1264 1265 0.14874254845165658 0.9418624733454816 0.6186924435447324
3 1265 1325 1324 0.14874254845165658 0.9418624733454816 0.6186924435447324
3 380 1072 1073 0.14874254845165658 0.9418624733454816 0.6186924435447324
3 1073 756 380 0.14874254845165658 0.9418624733454816 0.6186924435447324
3 379 1071 380 0.14874254845165658 0.9418624733454816 0.6186924435447324
3 380 1071 1072 0.14874254845165658 0.9418624733454816 0.6186924435447324
3 849 745 744 0.14874254845165658 0.9418624733454816 0.6186924435447324
3 521 522 847 0.14874254845165658 0.9418624733454816 0.6186924435447324
3 847 846 521 0.14874254845165658 0.9418624733454816 0.6186924435447324
3 516 210 209 0.14874254845165658 0.9418624733454816 0.6186924435447324
3 841 208 209 0.14874254845165658 0.9418624733454816 0.6186924435447324
3 209 515 516 0.14874254845165658 0.9418624733454816 0.6186924435447324
3 208 515 209 0.14874254845165658 0.9418624733454816 0.6186924435447324
3 516 202 203 0.14874254845165658 0.9418624733454816 0.6186924435447324
3 203 202 1282 0.14874254845165658 0.9418624733454816 0.6186924435447324
3 518 210 517 0.14874254845165658 0.9418624733454816 0.6186924435447324
3 517 204 518 0.14874254845165658 0.9418624733454816 0.6186924435447324
3 517 210 516 0.14874254845165658 0.9418624733454816 0.6186924435447324
3 516 203 517 0.14874254845165658 0.9418624733454816 0.6186924435447324
3 517 203 204 0.14874254845165658 0.9418624733454816 0.6186924435447324
3 1283 198 1284 0.14874254845165658 0.9418624733454816 0.6186924435447324
3 1284 204 1283 0.14874254845165658 0.9418624733454816 0.6186924435447324
3 1282 198 1283 0.14874254845165658 0.9418624733454816 0.6186924435447324
3 1283 203 1282 0.14874254845165658 0.9418624733454816 0.6186924435447324
3 204 203 1283 0.14874254845165658 0.9418624733454816 0.6186924435447324
3 519 518 1284 0.14874254845165658 0.9418624733454816 0.6186924435447324
3 519 520 845 0.14874254845165658 0.9418624733454816 0.6186924435447324
3 844 372 843 0.14874254845165658 0.9418624733454816 0.6186924435447324
3 845 372 844 0.14874254845165658 0.9418624733454816 0.6186924435447324
3 844 519 845 0.14874254845165658 0.9418624733454816 0.6186924435447324
3 843 518 844 0.14874254845165658 0.9418624733454816 0.6186924435447324
3 518 519 844 0.14874254845165658 0.9418624733454816 0.6186924435447324
3 842 370 841 0.14874254845165658 0.9418624733454816 0.6186924435447324
3 841 209 842 0.14874254845165658 0.9418624733454816 0.6186924435447324
3 842 209 210 0.14874254845165658 0.9418624733454816 0.6186924435447324
3 842 210 843 0.14874254845165658 0.9418624733454816 0.6186924435447324
3 843 371 842 0.14874254845165658 0.9418624733454816 0.6186924435447324
3 371 370 842 0.14874254845165658 0.9418624733454816 0.6186924435447324
3 841 370 369 0.14874254845165658 0.9418624733454816 0.6186924435447324
3 840 841 369 0.14874254845165658 0.9418624733454816 0.6186924435447324
3 737 736 369 0.14874254845165658 0.9418624733454816 0.6186924435447324
3 369 370 737 0.14874254845165658 0.9418624733454816 0.6186924435447324
3 480 741 742 0.14874254845165658 0.9418624733454816 0.6186924435447324
3 743 1076 742 0.14874254845165658 0.9418624733454816 0.6186924435447324
3 742 1076 480 0.14874254845165658 0.9418624733454816 0.6186924435447324
3 742 741 846 0.14874254845165658 0.9418624733454816 0.6186924435447324
3 742 847 743 0.14874254845165658 0.9418624733454816 0.6186924435447324
3 846 847 742 0.14874254845165658 0.9418624733454816 0.6186924435447324
3 522 1287 1288 0.14874254845165658 0.9418624733454816 0.6186924435447324
3 1289 523 1288 0.14874254845165658 0.9418624733454816 0.6186924435447324
3 523 522 1288 0.14874254845165658 0.9418624733454816 0.6186924435447324
3 1288 650 1289 0.14874254845165658 0.9418624733454816 0.6186924435447324
3 649 650 1288 0.14874254845165658 0.9418624733454816 0.6186924435447324
3 364 289 363 0.14874254845165658 0.9418624733454816 0.6186924435447324
3 364 1287 1286 0.14874254845165658 0.9418624733454816 0.6186924435447324
3 638 983 936 0.14874254845165658 0.9418624733454816 0.6186924435447324
3 934 652 651 0.14874254845165658 0.9418624733454816 0.6186924435447324
3 649 648 931 0.14874254845165658 0.9418624733454816 0.6186924435447324
3 931 932 649 0.14874254845165658 0.9418624733454816 0.6186924435447324
3 635 932 931 0.14874254845165658 0.9418624733454816 0.6186924435447324
3 717 716 342 0.14874254845165658 0.9418624733454816 0.6186924435447324
3 344 718 343 0.14874254845165658 0.9418624733454816 0.6186924435447324
3 342 1042 343 0.14874254845165658 0.9418624733454816 0.6186924435447324
3 343 717 342 0.14874254845165658 0.9418624733454816 0.6186924435447324
3 718 717 343 0.14874254845165658 0.9418624733454816 0.6186924435447324
3 1043 344 343 0.14874254845165658 0.9418624733454816 0.6186924435447324
3 343 1042 1043 0.14874254845165658 0.9418624733454816 0.6186924435447324
3 719 718 344 0.14874254845165658 0.9418624733454816 0.6186924435447324
3 272 718 719 0.14874254845165658 0.9418624733454816 0.6186924435447324
3 276 967 44 0.14874254845165658 0.9418624733454816 0.6186924435447324
3 276 609 277 0.14874254845165658 0.9418624733454816 0.6186924435447324
3 44 43 276 0.14874254845165658 0.9418624733454816 0.6186924435447324
3 43 609 276 0.14874254845165658 0.9418624733454816 0.6186924435447324
3 1047 340 1048 0.14874254845165658 0.9418624733454816 0.6186924435447324
3 279 280 971 0.14874254845165658 0.9418624733454816 0.6186924435447324
3 1050 726 725 0.14874254845165658 0.9418624733454816 0.6186924435447324
3 348 1047 1048 0.14874254845165658 0.9418624733454816 0.6186924435447324
3 273 614 613 0.14874254845165658 0.9418624733454816 0.6186924435447324
3 273 613 272 0.14874254845165658 0.9418624733454816 0.6186924435447324
3 720 721 273 0.14874254845165658 0.9418624733454816 0.6186924435447324
3 272 719 273 0.14874254845165658 0.9418624733454816 0.6186924435447324
3 273 719 720 0.14874254845165658 0.9418624733454816 0.6186924435447324
3 725 726 618 0.14874254845165658 0.9418624733454816 0.6186924435447324
3 1357 1013 1358 0.14874254845165658 0.9418624733454816 0.6186924435447324
3 1357 877 1013 0.14874254845165658 0.9418624733454816 0.6186924435447324
3 1161 836 1357 0.14874254845165658 0.9418624733454816 0.6186924435447324
3 1357 1162 1161 0.14874254845165658 0.9418624733454816 0.6186924435447324
3 1358 1162 1357 0.14874254845165658 0.9418624733454816 0.6186924435447324
3 1012 877 1011 0.14874254845165658 0.9418624733454816 0.6186924435447324
3 1013 877 1012 0.14874254845165658 0.9418624733454816 0.6186924435447324
3 1011 1215 1012 0.14874254845165658 0.9418624733454816 0.6186924435447324
3 1277 1335 1334 0.14874254845165658 0.9418624733454816 0.6186924435447324
3 1366 1335 1277 0.14874254845165658 0.9418624733454816 0.6186924435447324
3 1220 1331 1332 0.14874254845165658 0.9418624733454816 0.6186924435447324
3 1220 1219 1331 0.14874254845165658 0.9418624733454816 0.6186924435447324
3 1332 1221 1220 0.14874254845165658 0.9418624733454816 0.6186924435447324
3 1220 1221 1361 0.14874254845165658 0.9418624733454816 0.6186924435447324
3 1361 1360 1220 0.14874254845165658 0.9418624733454816 0.6186924435447324
3 1331 1219 1330 0.14874254845165658 0.9418624733454816 0.6186924435447324
3 1360 1359 1014 0.14874254845165658 0.9418624733454816 0.6186924435447324
3 1014 1220 1360 0.14874254845165658 0.9418624733454816 0.6186924435447324
3 1219 1220 1014 0.14874254845165658 0.9418624733454816 0.6186924435447324
3 1358 1013 1014 0.14874254845165658 0.9418624733454816 0.6186924435447324
3 1014 1359 1358 0.14874254845165658 0.9418624733454816 0.6186924435447324
3 1217 1328 1329 0.14874254845165658 0.9418624733454816 0.6186924435447324
3 1217 1014 1013 0.14874254845165658 0.9418624733454816 0.6186924435447324
3 727 1052 728 0.14874254845165658 0.9418624733454816 0.6186924435447324
3 1052 1053 728 0.14874254845165658 0.9418624733454816 0.6186924435447324
3 623 980 622 0.14874254845165658 0.9418624733454816 0.6186924435447324
3 622 980 621 0.14874254845165658 0.9418624733454816 0.6186924435447324
3 622 730 623 0.14874254845165658 0.9418624733454816 0.6186924435447324
3 637 636 979 0.14874254845165658 0.9418624733454816 0.6186924435447324
3 979 980 637 0.14874254845165658 0.9418624733454816 0.6186924435447324
3 637 980 638 0.14874254845165658 0.9418624733454816 0.6186924435447324
3 638 934 637 0.14874254845165658 0.9418624733454816 0.6186924435447324
3 1034 1240 1239 0.14874254845165658 0.9418624733454816 0.6186924435447324
3 1239 914 1238 0.14874254845165658 0.9418624733454816 0.6186924435447324
3 1239 1240 915 0.14874254845165658 0.9418624733454816 0.6186924435447324
3 915 914 1239 0.14874254845165658 0.9418624733454816 0.6186924435447324
3 1234 552 1235 0.14874254845165658 0.9418624733454816 0.6186924435447324
3 1235 565 1234 0.14874254845165658 0.9418624733454816 0.6186924435447324
3 1234 565 564 0.14874254845165658 0.9418624733454816 0.6186924435447324
3 913 696 912 0.14874254845165658 0.9418624733454816 0.6186924435447324
3 1031 1236 1030 0.14874254845165658 0.9418624733454816 0.6186924435447324
3 1030 552 1029 0.14874254845165658 0.9418624733454816 0.6186924435447324
3 1235 552 1030 0.14874254845165658 0.9418624733454816 0.6186924435447324
3 1030 1236 1235 0.14874254845165658 0.9418624733454816 0.6186924435447324
3 1029 779 1030 0.14874254845165658 0.9418624733454816 0.6186924435447324
3 266 267 785 0.14874254845165658 0.9418624733454816 0.6186924435447324
3 785 784 266 0.14874254845165658 0.9418624733454816 0.6186924435447324
3 1043 1042 336 0.14874254845165658 0.9418624733454816 0.6186924435447324
3 336 1042 335 0.14874254845165658 0.9418624733454816 0.6186924435447324
3 707 340 339 0.14874254845165658 0.9418624733454816 0.6186924435447324
3 797 715 796 0.14874254845165658 0.9418624733454816 0.6186924435447324
3 796 715 714 0.14874254845165658 0.9418624733454816 0.6186924435447324
3 1053 714 1054 0.14874254845165658 0.9418624733454816 0.6186924435447324
3 714 715 1054 0.14874254845165658 0.9418624733454816 0.6186924435447324
3 1054 715 1055 0.14874254845165658 0.9418624733454816 0.6186924435447324
3 1055 730 1054 0.14874254845165658 0.9418624733454816 0.6186924435447324
3 699 1128 698 0.14874254845165658 0.9418624733454816 0.6186924435447324
3 699 1129 1128 0.14874254845165658 0.9418624733454816 0.6186924435447324
3 698 914 699 0.14874254845165658 0.9418624733454816 0.6186924435447324
3 699 914 915 0.14874254845165658 0.9418624733454816 0.6186924435447324
3 1242 917 1241 0.14874254845165658 0.9418624733454816 0.6186924435447324
3 915 1240 916 0.14874254845165658 0.9418624733454816 0.6186924435447324
3 916 699 915 0.14874254845165658 0.9418624733454816 0.6186924435447324
3 1240 1241 916 0.14874254845165658 0.9418624733454816 0.6186924435447324
3 916 1241 917 0.14874254845165658 0.9418624733454816 0.6186924435447324
3 918 917 1242 0.14874254845165658 0.9418624733454816 0.6186924435447324
3 1158 834 835 0.14874254845165658 0.9418624733454816 0.6186924435447324
3 1036 1162 1163 0.14874254845165658 0.9418624733454816 0.6186924435447324
3 1163 1037 1036 0.14874254845165658 0.9418624733454816 0.6186924435447324
3 1036 1037 1242 0.14874254845165658 0.9418624733454816 0.6186924435447324
3 1242 1241 1036 0.14874254845165658 0.9418624733454816 0.6186924435447324
3 1166 1362 1167 0.14874254845165658 0.9418624733454816 0.6186924435447324
3 1242 1037 1243 0.14874254845165658 0.9418624733454816 0.6186924435447324
3 1243 918 1242 0.14874254845165658 0.9418624733454816 0.6186924435447324
3 1028 552 551 0.14874254845165658 0.9418624733454816 0.6186924435447324
3 551 1027 1028 0.14874254845165658 0.9418624733454816 0.6186924435447324
3 1029 552 1028 0.14874254845165658 0.9418624733454816 0.6186924435447324
3 775 774 1152 0.14874254845165658 0.9418624733454816 0.6186924435447324
3 1152 1153 775 0.14874254845165658 0.9418624733454816 0.6186924435447324
3 775 1025 774 0.14874254845165658 0.9418624733454816 0.6186924435447324
3 775 1026 1025 0.14874254845165658 0.9418624733454816 0.6186924435447324
3 543 455 454 0.14874254845165658 0.9418624733454816 0.6186924435447324
3 454 542 543 0.14874254845165658 0.9418624733454816 0.6186924435447324
3 543 542 1019 0.14874254845165658 0.9418624733454816 0.6186924435447324
3 1019 1020 543 0.14874254845165658 0.9418624733454816 0.6186924435447324
3 543 1020 544 0.14874254845165658 0.9418624733454816 0.6186924435447324
3 544 455 543 0.14874254845165658 0.9418624733454816 0.6186924435447324
3 445 446 862 0.14874254845165658 0.9418624733454816 0.6186924435447324
3 863 168 862 0.14874254845165658 0.9418624733454816 0.6186924435447324
3 862 446 863 0.14874254845165658 0.9418624733454816 0.6186924435447324
3 860 167 166 0.14874254845165658 0.9418624733454816 0.6186924435447324
3 860 859 444 0.14874254845165658 0.9418624733454816 0.6186924435447324
3 166 859 860 0.14874254845165658 0.9418624733454816 0.6186924435447324
3 821 820 144 0.14874254845165658 0.9418624733454816 0.6186924435447324
3 1339 1340 144 0.14874254845165658 0.9418624733454816 0.6186924435447324
3 1340 821 144 0.14874254845165658 0.9418624733454816 0.6186924435447324
3 144 820 143 0.14874254845165658 0.9418624733454816 0.6186924435447324
3 144 1338 1339 0.14874254845165658 0.9418624733454816 0.6186924435447324
3 144 143 1338 0.14874254845165658 0.9418624733454816 0.6186924435447324
3 246 770 247 0.14874254845165658 0.9418624733454816 0.6186924435447324
3 246 769 770 0.14874254845165658 0.9418624733454816 0.6186924435447324
3 247 1020 246 0.14874254845165658 0.9418624733454816 0.6186924435447324
3 246 1020 1019 0.14874254845165658 0.9418624733454816 0.6186924435447324
3 997 864 863 0.14874254845165658 0.9418624733454816 0.6186924435447324
3 863 446 997 0.14874254845165658 0.9418624733454816 0.6186924435447324
3 1200 1201 997 0.14874254845165658 0.9418624733454816 0.6186924435447324
3 997 446 1200 0.14874254845165658 0.9418624733454816 0.6186924435447324
3 1204 1000 1203 0.14874254845165658 0.9418624733454816 0.6186924435447324
3 1202 404 1203 0.14874254845165658 0.9418624733454816 0.6186924435447324
3 404 1204 1203 0.14874254845165658 0.9418624733454816 0.6186924435447324
3 865 864 998 0.14874254845165658 0.9418624733454816 0.6186924435447324
3 864 997 998 0.14874254845165658 0.9418624733454816 0.6186924435447324
3 998 1201 1202 0.14874254845165658 0.9418624733454816 0.6186924435447324
3 998 997 1201 0.14874254845165658 0.9418624733454816 0.6186924435447324
3 1001 1204 1205 0.14874254845165658 0.9418624733454816 0.6186924435447324
3 1001 1000 1204 0.14874254845165658 0.9418624733454816 0.6186924435447324
3 828 1347 829 0.14874254845165658 0.9418624733454816 0.6186924435447324
3 828 536 827 0.14874254845165658 0.9418624733454816 0.6186924435447324
3 827 1346 828 0.14874254845165658 0.9418624733454816 0.6186924435447324
3 1346 1347 828 0.14874254845165658 0.9418624733454816 0.6186924435447324
3 533 1149 1148 0.14874254845165658 0.9418624733454816 0.6186924435447324
3 533 824 825 0.14874254845165658 0.9418624733454816 0.6186924435447324
3 825 534 533 0.14874254845165658 0.9418624733454816 0.6186924435447324
3 534 1149 533 0.14874254845165658 0.9418624733454816 0.6186924435447324
3 1150 1149 534 0.14874254845165658 0.9418624733454816 0.6186924435447324
3 535 1151 1150 0.14874254845165658 0.9418624733454816 0.6186924435447324
3 1150 534 535 0.14874254845165658 0.9418624733454816 0.6186924435447324
3 1150 1151 773 0.14874254845165658 0.9418624733454816 0.6186924435447324
3 773 772 1150 0.14874254845165658 0.9418624733454816 0.6186924435447324
3 772 1149 1150 0.14874254845165658 0.9418624733454816 0.6186924435447324
3 831 830 1350 0.14874254845165658 0.9418624733454816 0.6186924435447324
3 831 1351 832 0.14874254845165658 0.9418624733454816 0.6186924435447324
3 1350 1351 831 0.14874254845165658 0.9418624733454816 0.6186924435447324
3 829 830 537 0.14874254845165658 0.9418624733454816 0.6186924435447324
3 537 828 829 0.14874254845165658 0.9418624733454816 0.6186924435447324
3 536 828 537 0.14874254845165658 0.9418624733454816 0.6186924435447324
3 537 1153 1152 0.14874254845165658 0.9418624733454816 0.6186924435447324
3 1152 536 537 0.14874254845165658 0.9418624733454816 0.6186924435447324
3 872 1351 1350 0.14874254845165658 0.9418624733454816 0.6186924435447324
3 1350 871 872 0.14874254845165658 0.9418624733454816 0.6186924435447324
3 873 1351 872 0.14874254845165658 0.9418624733454816 0.6186924435447324
3 872 1007 873 0.14874254845165658 0.9418624733454816 0.6186924435447324
3 1005 870 1004 0.14874254845165658 0.9418624733454816 0.6186924435447324
3 1005 871 870 0.14874254845165658 0.9418624733454816 0.6186924435447324
3 1004 1208 1005 0.14874254845165658 0.9418624733454816 0.6186924435447324
3 1005 1208 1209 0.14874254845165658 0.9418624733454816 0.6186924435447324
3 532 1148 1147 0.14874254845165658 0.9418624733454816 0.6186924435447324
3 532 533 1148 0.14874254845165658 0.9418624733454816 0.6186924435447324
3 824 533 532 0.14874254845165658 0.9418624733454816 0.6186924435447324
3 1145 530 1146 0.14874254845165658 0.9418624733454816 0.6186924435447324
3 1146 768 1145 0.14874254845165658 0.9418624733454816 0.6186924435447324
3 769 768 1146 0.14874254845165658 0.9418624733454816 0.6186924435447324
3 1147 769 1146 0.14874254845165658 0.9418624733454816 0.6186924435447324
3 1343 824 1342 0.14874254845165658 0.9418624733454816 0.6186924435447324
3 1342 1341 168 0.14874254845165658 0.9418624733454816 0.6186924435447324
3 863 1343 1342 0.14874254845165658 0.9418624733454816 0.6186924435447324
3 1342 168 863 0.14874254845165658 0.9418624733454816 0.6186924435447324
3 674 385 673 0.14874254845165658 0.9418624733454816 0.6186924435447324
3 673 309 674 0.14874254845165658 0.9418624733454816 0.6186924435447324
3 308 309 673 0.14874254845165658 0.9418624733454816 0.6186924435447324
3 673 672 308 0.14874254845165658 0.9418624733454816 0.6186924435447324
3 673 384 672 0.14874254845165658 0.9418624733454816 0.6186924435447324
3 673 385 384 0.14874254845165658 0.9418624733454816 0.6186924435447324
3 429 428 949 0.14874254845165658 0.9418624733454816 0.6186924435447324
3 949 950 429 0.14874254845165658 0.9418624733454816 0.6186924435447324
3 804 428 429 0.14874254845165658 0.9418624733454816 0.6186924435447324
3 429 950 430 0.14874254845165658 0.9418624733454816 0.6186924435447324
3 430 805 429 0.14874254845165658 0.9418624733454816 0.6186924435447324
3 805 804 429 0.14874254845165658 0.9418624733454816 0.6186924435447324
3 425 947 426 0.14874254845165658 0.9418624733454816 0.6186924435447324
3 946 947 425 0.14874254845165658 0.9418624733454816 0.6186924435447324
3 423 944 945 0.14874254845165658 0.9418624733454816 0.6186924435447324
3 93 944 423 0.14874254845165658 0.9418624733454816 0.6186924435447324
3 484 1254 1253 0.14874254845165658 0.9418624733454816 0.6186924435447324
3 494 1252 1253 0.14874254845165658 0.9418624733454816 0.6186924435447324
3 485 486 1255 0.14874254845165658 0.9418624733454816 0.6186924435447324
3 1255 1254 485 0.14874254845165658 0.9418624733454816 0.6186924435447324
3 485 802 486 0.14874254845165658 0.9418624733454816 0.6186924435447324
3 485 1254 484 0.14874254845165658 0.9418624733454816 0.6186924435447324
3 494 1253 495 0.14874254845165658 0.9418624733454816 0.6186924435447324
3 495 1253 1254 0.14874254845165658 0.9418624733454816 0.6186924435447324
3 483 1252 482 0.14874254845165658 0.9418624733454816 0.6186924435447324
3 482 799 483 0.14874254845165658 0.9418624733454816 0.6186924435447324
3 484 1253 483 0.14874254845165658 0.9418624733454816 0.6186924435447324
3 483 1253 1252 0.14874254845165658 0.9418624733454816 0.6186924435447324
3 482 1252 1251 0.14874254845165658 0.9418624733454816 0.6186924435447324
3 1251 492 1250 0.14874254845165658 0.9418624733454816 0.6186924435447324
3 1250 481 1251 0.14874254845165658 0.9418624733454816 0.6186924435447324
3 1251 481 482 0.14874254845165658 0.9418624733454816 0.6186924435447324
3 315 162 314 0.14874254845165658 0.9418624733454816 0.6186924435447324
3 315 316 162 0.14874254845165658 0.9418624733454816 0.6186924435447324
3 393 316 315 0.14874254845165658 0.9418624733454816 0.6186924435447324
3 392 315 314 0.14874254845165658 0.9418624733454816 0.6186924435447324
3 393 315 392 0.14874254845165658 0.9418624733454816 0.6186924435447324
3 314 391 392 0.14874254845165658 0.9418624733454816 0.6186924435447324
3 392 391 434 0.14874254845165658 0.9418624733454816 0.6186924435447324
3 493 1252 494 0.14874254845165658 0.9418624733454816 0.6186924435447324
3 493 434 492 0.14874254845165658 0.9418624733454816 0.6186924435447324
3 492 1251 493 0.14874254845165658 0.9418624733454816 0.6186924435447324
3 493 1251 1252 0.14874254845165658 0.9418624733454816 0.6186924435447324
3 427 428 803 0.14874254845165658 0.9418624733454816 0.6186924435447324
3 803 802 427 0.14874254845165658 0.9418624733454816 0.6186924435447324
3 486 802 803 0.14874254845165658 0.9418624733454816 0.6186924435447324
3 803 428 804 0.14874254845165658 0.9418624733454816 0.6186924435447324
3 803 804 487 0.14874254845165658 0.9418624733454816 0.6186924435447324
3 487 486 803 0.14874254845165658 0.9418624733454816 0.6186924435447324
3 162 1311 152 0.14874254845165658 0.9418624733454816 0.6186924435447324
3 152 1311 1310 0.14874254845165658 0.9418624733454816 0.6186924435447324
3 317 1315 1314 0.14874254845165658 0.9418624733454816 0.6186924435447324
3 1314 1313 317 0.14874254845165658 0.9418624733454816 0.6186924435447324
3 508 1313 1314 0.14874254845165658 0.9418624733454816 0.6186924435447324
3 1314 509 508 0.14874254845165658 0.9418624733454816 0.6186924435447324
3 1314 1315 509 0.14874254845165658 0.9418624733454816 0.6186924435447324
3 1228 558 174 0.14874254845165658 0.9418624733454816 0.6186924435447324
3 558 557 174 0.14874254845165658 0.9418624733454816 0.6186924435447324
3 1227 1228 174 0.14874254845165658 0.9418624733454816 0.6186924435447324
3 174 557 1227 0.14874254845165658 0.9418624733454816 0.6186924435447324
3 178 557 179 0.14874254845165658 0.9418624733454816 0.6186924435447324
3 179 902 178 0.14874254845165658 0.9418624733454816 0.6186924435447324
3 179 557 558 0.14874254845165658 0.9418624733454816 0.6186924435447324
3 248 899 900 0.14874254845165658 0.9418624733454816 0.6186924435447324
3 248 684 31 0.14874254845165658 0.9418624733454816 0.6186924435447324
3 31 30 248 0.14874254845165658 0.9418624733454816 0.6186924435447324
3 30 899 248 0.14874254845165658 0.9418624733454816 0.6186924435447324
3 249 684 248 0.14874254845165658 0.9418624733454816 0.6186924435447324
3 248 900 249 0.14874254845165658 0.9418624733454816 0.6186924435447324
3 265 1118 1119 0.14874254845165658 0.9418624733454816 0.6186924435447324
3 266 265 1119 0.14874254845165658 0.9418624733454816 0.6186924435447324
3 259 260 1119 0.14874254845165658 0.9418624733454816 0.6186924435447324
3 1119 1118 259 0.14874254845165658 0.9418624733454816 0.6186924435447324
3 688 689 259 0.14874254845165658 0.9418624733454816 0.6186924435447324
3 259 258 688 0.14874254845165658 0.9418624733454816 0.6186924435447324
3 250 686 685 0.14874254845165658 0.9418624733454816 0.6186924435447324
3 685 255 684 0.14874254845165658 0.9418624733454816 0.6186924435447324
3 256 255 685 0.14874254845165658 0.9418624733454816 0.6186924435447324
3 685 686 256 0.14874254845165658 0.9418624733454816 0.6186924435447324
3 685 684 249 0.14874254845165658 0.9418624733454816 0.6186924435447324
3 249 250 685 0.14874254845165658 0.9418624733454816 0.6186924435447324
3 257 686 687 0.14874254845165658 0.9418624733454816 0.6186924435447324
3 252 688 687 0.14874254845165658 0.9418624733454816 0.6186924435447324
3 687 258 257 0.14874254845165658 0.9418624733454816 0.6186924435447324
3 687 688 258 0.14874254845165658 0.9418624733454816 0.6186924435447324
3 262 1115 1116 0.14874254845165658 0.9418624733454816 0.6186924435447324
3 262 34 1115 0.14874254845165658 0.9418624733454816 0.6186924435447324
3 262 1116 263 0.14874254845165658 0.9418624733454816 0.6186924435447324
3 35 34 262 0.14874254845165658 0.9418624733454816 0.6186924435447324
3 1040 341 40 0.14874254845165658 0.9418624733454816 0.6186924435447324
3 562 1232 563 0.14874254845165658 0.9418624733454816 0.6186924435447324
3 560 559 1229 0.14874254845165658 0.9418624733454816 0.6186924435447324
3 1235 1236 566 0.14874254845165658 0.9418624733454816 0.6186924435447324
3 566 565 1235 0.14874254845165658 0.9418624733454816 0.6186924435447324
3 911 565 566 0.14874254845165658 0.9418624733454816 0.6186924435447324
3 566 912 911 0.14874254845165658 0.9418624733454816 0.6186924435447324
3 564 565 909 0.14874254845165658 0.9418624733454816 0.6186924435447324
3 908 564 909 0.14874254845165658 0.9418624733454816 0.6186924435447324
3 695 1125 1124 0.14874254845165658 0.9418624733454816 0.6186924435447324
3 1124 694 695 0.14874254845165658 0.9418624733454816 0.6186924435447324
3 695 696 1125 0.14874254845165658 0.9418624733454816 0.6186924435447324
3 695 694 911 0.14874254845165658 0.9418624733454816 0.6186924435447324
3 911 912 695 0.14874254845165658 0.9418624733454816 0.6186924435447324
3 695 912 696 0.14874254845165658 0.9418624733454816 0.6186924435447324
3 693 1123 1122 0.14874254845165658 0.9418624733454816 0.6186924435447324
3 1122 1123 268 0.14874254845165658 0.9418624733454816 0.6186924435447324
3 268 1121 1122 0.14874254845165658 0.9418624733454816 0.6186924435447324
3 692 691 908 0.14874254845165658 0.9418624733454816 0.6186924435447324
3 908 909 692 0.14874254845165658 0.9418624733454816 0.6186924435447324
3 692 909 693 0.14874254845165658 0.9418624733454816 0.6186924435447324
3 693 1122 692 0.14874254845165658 0.9418624733454816 0.6186924435447324
3 692 1122 1121 0.14874254845165658 0.9418624733454816 0.6186924435447324
3 261 260 690 0.14874254845165658 0.9418624733454816 0.6186924435447324
3 690 691 261 0.14874254845165658 0.9418624733454816 0.6186924435447324
3 261 692 1121 0.14874254845165658 0.9418624733454816 0.6186924435447324
3 691 692 261 0.14874254845165658 0.9418624733454816 0.6186924435447324
3 454 156 1224 0.14874254845165658 0.9418624733454816 0.6186924435447324
3 1224 155 454 0.14874254845165658 0.9418624733454816 0.6186924435447324
3 1224 170 155 0.14874254845165658 0.9418624733454816 0.6186924435447324
3 1224 156 171 0.14874254845165658 0.9418624733454816 0.6186924435447324
3 171 554 1224 0.14874254845165658 0.9418624733454816 0.6186924435447324
3 554 170 1224 0.14874254845165658 0.9418624733454816 0.6186924435447324
3 175 28 553 0.14874254845165658 0.9418624733454816 0.6186924435447324
3 553 170 175 0.14874254845165658 0.9418624733454816 0.6186924435447324
3 553 28 169 0.14874254845165658 0.9418624733454816 0.6186924435447324
3 169 1223 553 0.14874254845165658 0.9418624733454816 0.6186924435447324
3 1223 170 553 0.14874254845165658 0.9418624733454816 0.6186924435447324
3 243 1017 136 0.14874254845165658 0.9418624733454816 0.6186924435447324
3 136 1016 243 0.14874254845165658 0.9418624733454816 0.6186924435447324
3 136 1017 540 0.14874254845165658 0.9418624733454816 0.6186924435447324
3 539 1016 136 0.14874254845165658 0.9418624733454816 0.6186924435447324
3 540 451 136 0.14874254845165658 0.9418624733454816 0.6186924435447324
3 136 451 539 0.14874254845165658 0.9418624733454816 0.6186924435447324
3 528 820 529 0.14874254845165658 0.9418624733454816 0.6186924435447324
3 529 1144 528 0.14874254845165658 0.9418624733454816 0.6186924435447324
3 528 527 819 0.14874254845165658 0.9418624733454816 0.6186924435447324
3 819 820 528 0.14874254845165658 0.9418624733454816 0.6186924435447324
3 528 134 527 0.14874254845165658 0.9418624733454816 0.6186924435447324
3 1143 134 528 0.14874254845165658 0.9418624733454816 0.6186924435447324
3 528 1144 1143 0.14874254845165658 0.9418624733454816 0.6186924435447324
3 163 164 129 0.14874254845165658 0.9418624733454816 0.6186924435447324
3 163 129 6 0.14874254845165658 0.9418624733454816 0.6186924435447324
3 857 858 163 0.14874254845165658 0.9418624733454816 0.6186924435447324
3 858 164 163 0.14874254845165658 0.9418624733454816 0.6186924435447324
3 163 6 5 0.14874254845165658 0.9418624733454816 0.6186924435447324
3 5 857 163 0.14874254845165658 0.9418624733454816 0.6186924435447324
3 513 206 512 0.14874254845165658 0.9418624733454816 0.6186924435447324
3 513 199 200 0.14874254845165658 0.9418624733454816 0.6186924435447324
3 512 199 513 0.14874254845165658 0.9418624733454816 0.6186924435447324
3 200 514 513 0.14874254845165658 0.9418624733454816 0.6186924435447324
3 512 206 205 0.14874254845165658 0.9418624733454816 0.6186924435447324
3 64 63 205 0.14874254845165658 0.9418624733454816 0.6186924435447324
3 205 63 512 0.14874254845165658 0.9418624733454816 0.6186924435447324
3 205 206 838 0.14874254845165658 0.9418624733454816 0.6186924435447324
3 514 208 207 0.14874254845165658 0.9418624733454816 0.6186924435447324
3 207 513 514 0.14874254845165658 0.9418624733454816 0.6186924435447324
3 206 513 207 0.14874254845165658 0.9418624733454816 0.6186924435447324
3 207 208 840 0.14874254845165658 0.9418624733454816 0.6186924435447324
3 732 365 733 0.14874254845165658 0.9418624733454816 0.6186924435447324
3 473 472 733 0.14874254845165658 0.9418624733454816 0.6186924435447324
3 472 732 733 0.14874254845165658 0.9418624733454816 0.6186924435447324
3 838 367 366 0.14874254845165658 0.9418624733454816 0.6186924435447324
3 366 733 365 0.14874254845165658 0.9418624733454816 0.6186924435447324
3 220 570 221 0.14874254845165658 0.9418624733454816 0.6186924435447324
3 569 570 220 0.14874254845165658 0.9418624733454816 0.6186924435447324
3 1171 219 220 0.14874254845165658 0.9418624733454816 0.6186924435447324
3 220 219 569 0.14874254845165658 0.9418624733454816 0.6186924435447324
3 584 226 585 0.14874254845165658 0.9418624733454816 0.6186924435447324
3 226 227 585 0.14874254845165658 0.9418624733454816 0.6186924435447324
3 222 572 1174 0.14874254845165658 0.9418624733454816 0.6186924435447324
3 571 570 214 0.14874254845165658 0.9418624733454816 0.6186924435447324
3 221 570 571 0.14874254845165658 0.9418624733454816 0.6186924435447324
3 571 222 221 0.14874254845165658 0.9418624733454816 0.6186924435447324
3 572 222 571 0.14874254845165658 0.9418624733454816 0.6186924435447324
3 1073 421 422 0.14874254845165658 0.9418624733454816 0.6186924435447324
3 422 1074 1073 0.14874254845165658 0.9418624733454816 0.6186924435447324
3 478 479 422 0.14874254845165658 0.9418624733454816 0.6186924435447324
3 422 421 478 0.14874254845165658 0.9418624733454816 0.6186924435447324
3 422 479 480 0.14874254845165658 0.9418624733454816 0.6186924435447324
3 480 1074 422 0.14874254845165658 0.9418624733454816 0.6186924435447324
3 476 477 420 0.14874254845165658 0.9418624733454816 0.6186924435447324
3 420 419 476 0.14874254845165658 0.9418624733454816 0.6186924435447324
3 476 736 737 0.14874254845165658 0.9418624733454816 0.6186924435447324
3 737 477 476 0.14874254845165658 0.9418624733454816 0.6186924435447324
3 476 419 418 0.14874254845165658 0.9418624733454816 0.6186924435447324
3 296 295 753 0.14874254845165658 0.9418624733454816 0.6186924435447324
3 753 295 752 0.14874254845165658 0.9418624733454816 0.6186924435447324
3 294 751 752 0.14874254845165658 0.9418624733454816 0.6186924435447324
3 294 293 751 0.14874254845165658 0.9418624733454816 0.6186924435447324
3 658 293 294 0.14874254845165658 0.9418624733454816 0.6186924435447324
3 752 295 294 0.14874254845165658 0.9418624733454816 0.6186924435447324
3 657 293 658 0.14874254845165658 0.9418624733454816 0.6186924435447324
3 214 656 657 0.14874254845165658 0.9418624733454816 0.6186924435447324
3 657 656 292 0.14874254845165658 0.9418624733454816 0.6186924435447324
3 292 293 657 0.14874254845165658 0.9418624733454816 0.6186924435447324
3 752 376 377 0.14874254845165658 0.9418624733454816 0.6186924435447324
3 377 753 752 0.14874254845165658 0.9418624733454816 0.6186924435447324
3 378 753 377 0.14874254845165658 0.9418624733454816 0.6186924435447324
3 1069 378 377 0.14874254845165658 0.9418624733454816 0.6186924435447324
3 377 1068 1069 0.14874254845165658 0.9418624733454816 0.6186924435447324
3 377 376 1068 0.14874254845165658 0.9418624733454816 0.6186924435447324
3 600 239 240 0.14874254845165658 0.9418624733454816 0.6186924435447324
3 600 303 302 0.14874254845165658 0.9418624733454816 0.6186924435447324
3 302 599 600 0.14874254845165658 0.9418624733454816 0.6186924435447324
3 599 239 600 0.14874254845165658 0.9418624733454816 0.6186924435447324
3 240 601 600 0.14874254845165658 0.9418624733454816 0.6186924435447324
3 600 601 303 0.14874254845165658 0.9418624733454816 0.6186924435447324
3 1007 1211 1008 0.14874254845165658 0.9418624733454816 0.6186924435447324
3 1008 1009 874 0.14874254845165658 0.9418624733454816 0.6186924435447324
3 873 1007 1008 0.14874254845165658 0.9418624733454816 0.6186924435447324
3 1008 874 873 0.14874254845165658 0.9418624733454816 0.6186924435447324
3 1213 1214 1010 0.14874254845165658 0.9418624733454816 0.6186924435447324
3 1010 1009 1213 0.14874254845165658 0.9418624733454816 0.6186924435447324
3 1324 1325 1213 0.14874254845165658 0.9418624733454816 0.6186924435447324
3 1325 1214 1213 0.14874254845165658 0.9418624733454816 0.6186924435447324
3 1205 511 1206 0.14874254845165658 0.9418624733454816 0.6186924435447324
3 1206 511 1207 0.14874254845165658 0.9418624733454816 0.6186924435447324
3 604 1099 603 0.14874254845165658 0.9418624733454816 0.6186924435447324
3 1098 1097 602 0.14874254845165658 0.9418624733454816 0.6186924435447324
3 602 603 1098 0.14874254845165658 0.9418624733454816 0.6186924435447324
3 1098 603 1099 0.14874254845165658 0.9418624733454816 0.6186924435447324
3 1098 1099 677 0.14874254845165658 0.9418624733454816 0.6186924435447324
3 1098 676 1097 0.14874254845165658 0.9418624733454816 0.6186924435447324
3 1098 677 676 0.14874254845165658 0.9418624733454816 0.6186924435447324
3 309 1096 310 0.14874254845165658 0.9418624733454816 0.6186924435447324
3 310 675 674 0.14874254845165658 0.9418624733454816 0.6186924435447324
3 674 309 310 0.14874254845165658 0.9418624733454816 0.6186924435447324
3 310 1096 1097 0.14874254845165658 0.9418624733454816 0.6186924435447324
3 310 676 675 0.14874254845165658 0.9418624733454816 0.6186924435447324
3 1097 676 310 0.14874254845165658 0.9418624733454816 0.6186924435447324
3 402 403 324 0.14874254845165658 0.9418624733454816 0.6186924435447324
3 324 323 402 0.14874254845165658 0.9418624733454816 0.6186924435447324
3 506 403 402 0.14874254845165658 0.9418624733454816 0.6186924435447324
3 402 323 401 0.14874254845165658 0.9418624733454816 0.6186924435447324
3 402 505 506 0.14874254845165658 0.9418624733454816 0.6186924435447324
3 401 505 402 0.14874254845165658 0.9418624733454816 0.6186924435447324
3 502 398 1307 0.14874254845165658 0.9418624733454816 0.6186924435447324
3 1307 125 502 0.14874254845165658 0.9418624733454816 0.6186924435447324
3 1307 398 119 0.14874254845165658 0.9418624733454816 0.6186924435447324
3 120 1196 397 0.14874254845165658 0.9418624733454816 0.6186924435447324
3 397 104 120 0.14874254845165658 0.9418624733454816 0.6186924435447324
3 120 104 501 0.14874254845165658 0.9418624733454816 0.6186924435447324
3 125 1307 102 0.14874254845165658 0.9418624733454816 0.6186924435447324
3 102 1307 119 0.14874254845165658 0.9418624733454816 0.6186924435447324
3 99 98 311 0.14874254845165658 0.9418624733454816 0.6186924435447324
3 98 389 311 0.14874254845165658 0.9418624733454816 0.6186924435447324
3 311 158 99 0.14874254845165658 0.9418624733454816 0.6186924435447324
3 311 389 159 0.14874254845165658 0.9418624733454816 0.6186924435447324
3 159 160 151 0.14874254845165658 0.9418624733454816 0.6186924435447324
3 151 140 159 0.14874254845165658 0.9418624733454816 0.6186924435447324
3 160 152 151 0.14874254845165658 0.9418624733454816 0.6186924435447324
3 1310 140 151 0.14874254845165658 0.9418624733454816 0.6186924435447324
3 151 152 1310 0.14874254845165658 0.9418624733454816 0.6186924435447324
3 159 140 150 0.14874254845165658 0.9418624733454816 0.6186924435447324
3 140 139 150 0.14874254845165658 0.9418624733454816 0.6186924435447324
3 150 139 158 0.14874254845165658 0.9418624733454816 0.6186924435447324
3 150 311 159 0.14874254845165658 0.9418624733454816 0.6186924435447324
3 158 311 150 0.14874254845165658 0.9418624733454816 0.6186924435447324
3 158 139 149 0.14874254845165658 0.9418624733454816 0.6186924435447324
3 100 158 149 0.14874254845165658 0.9418624733454816 0.6186924435447324
3 1308 399 502 0.14874254845165658 0.9418624733454816 0.6186924435447324
3 1308 503 399 0.14874254845165658 0.9418624733454816 0.6186924435447324
3 502 138 1308 0.14874254845165658 0.9418624733454816 0.6186924435447324
3 138 149 1308 0.14874254845165658 0.9418624733454816 0.6186924435447324
3 938 985 939 0.14874254845165658 0.9418624733454816 0.6186924435447324
3 984 985 938 0.14874254845165658 0.9418624733454816 0.6186924435447324
3 638 981 982 0.14874254845165658 0.9418624733454816 0.6186924435447324
3 982 983 638 0.14874254845165658 0.9418624733454816 0.6186924435447324
3 982 981 623 0.14874254845165658 0.9418624733454816 0.6186924435447324
3 623 983 982 0.14874254845165658 0.9418624733454816 0.6186924435447324
3 1063 1064 990 0.14874254845165658 0.9418624733454816 0.6186924435447324
3 350 967 968 0.14874254845165658 0.9418624733454816 0.6186924435447324
3 277 969 968 0.14874254845165658 0.9418624733454816 0.6186924435447324
3 968 276 277 0.14874254845165658 0.9418624733454816 0.6186924435447324
3 967 276 968 0.14874254845165658 0.9418624733454816 0.6186924435447324
3 626 350 351 0.14874254845165658 0.9418624733454816 0.6186924435447324
3 351 627 626 0.14874254845165658 0.9418624733454816 0.6186924435447324
3 350 968 351 0.14874254845165658 0.9418624733454816 0.6186924435447324
3 351 968 969 0.14874254845165658 0.9418624733454816 0.6186924435447324
3 970 278 279 0.14874254845165658 0.9418624733454816 0.6186924435447324
3 970 969 278 0.14874254845165658 0.9418624733454816 0.6186924435447324
3 279 971 970 0.14874254845165658 0.9418624733454816 0.6186924435447324
3 147 923 922 0.14874254845165658 0.9418624733454816 0.6186924435447324
3 922 146 147 0.14874254845165658 0.9418624733454816 0.6186924435447324
3 922 923 188 0.14874254845165658 0.9418624733454816 0.6186924435447324
3 921 146 922 0.14874254845165658 0.9418624733454816 0.6186924435447324
3 188 187 922 0.14874254845165658 0.9418624733454816 0.6186924435447324
3 187 921 922 0.14874254845165658 0.9418624733454816 0.6186924435447324
3 464 183 463 0.14874254845165658 0.9418624733454816 0.6186924435447324
3 626 627 463 0.14874254845165658 0.9418624733454816 0.6186924435447324
3 463 627 464 0.14874254845165658 0.9418624733454816 0.6186924435447324
3 186 925 185 0.14874254845165658 0.9418624733454816 0.6186924435447324
3 186 926 925 0.14874254845165658 0.9418624733454816 0.6186924435447324
3 185 466 186 0.14874254845165658 0.9418624733454816 0.6186924435447324
3 186 466 467 0.14874254845165658 0.9418624733454816 0.6186924435447324
3 186 467 927 0.14874254845165658 0.9418624733454816 0.6186924435447324
3 927 926 186 0.14874254845165658 0.9418624733454816 0.6186924435447324
3 1293 852 1292 0.14874254845165658 0.9418624733454816 0.6186924435447324
3 1292 524 1291 0.14874254845165658 0.9418624733454816 0.6186924435447324
3 1101 681 680 0.14874254845165658 0.9418624733454816 0.6186924435447324
3 1101 605 606 0.14874254845165658 0.9418624733454816 0.6186924435447324
3 680 679 1101 0.14874254845165658 0.9418624733454816 0.6186924435447324
3 887 605 604 0.14874254845165658 0.9418624733454816 0.6186924435447324
3 296 753 754 0.14874254845165658 0.9418624733454816 0.6186924435447324
3 754 378 379 0.14874254845165658 0.9418624733454816 0.6186924435447324
3 754 753 378 0.14874254845165658 0.9418624733454816 0.6186924435447324
3 480 1076 1075 0.14874254845165658 0.9418624733454816 0.6186924435447324
3 1075 1074 480 0.14874254845165658 0.9418624733454816 0.6186924435447324
3 759 1075 1076 0.14874254845165658 0.9418624733454816 0.6186924435447324
3 746 745 850 0.14874254845165658 0.9418624733454816 0.6186924435447324
3 854 747 853 0.14874254845165658 0.9418624733454816 0.6186924435447324
3 853 747 852 0.14874254845165658 0.9418624733454816 0.6186924435447324
3 853 1294 854 0.14874254845165658 0.9418624733454816 0.6186924435447324
3 853 1293 1294 0.14874254845165658 0.9418624733454816 0.6186924435447324
3 853 852 1293 0.14874254845165658 0.9418624733454816 0.6186924435447324
3 852 747 851 0.14874254845165658 0.9418624733454816 0.6186924435447324
3 851 850 524 0.14874254845165658 0.9418624733454816 0.6186924435447324
3 851 746 850 0.14874254845165658 0.9418624733454816 0.6186924435447324
3 747 746 851 0.14874254845165658 0.9418624733454816 0.6186924435447324
3 524 1292 851 0.14874254845165658 0.9418624733454816 0.6186924435447324
3 851 1292 852 0.14874254845165658 0.9418624733454816 0.6186924435447324
3 1329 1328 1270 0.14874254845165658 0.9418624733454816 0.6186924435447324
3 848 744 743 0.14874254845165658 0.9418624733454816 0.6186924435447324
3 743 847 848 0.14874254845165658 0.9418624733454816 0.6186924435447324
3 849 744 848 0.14874254845165658 0.9418624733454816 0.6186924435447324
3 848 523 849 0.14874254845165658 0.9418624733454816 0.6186924435447324
3 848 522 523 0.14874254845165658 0.9418624733454816 0.6186924435447324
3 848 847 522 0.14874254845165658 0.9418624733454816 0.6186924435447324
3 1285 519 1284 0.14874254845165658 0.9418624733454816 0.6186924435447324
3 1284 289 1285 0.14874254845165658 0.9418624733454816 0.6186924435447324
3 1286 520 1285 0.14874254845165658 0.9418624733454816 0.6186924435447324
3 520 519 1285 0.14874254845165658 0.9418624733454816 0.6186924435447324
3 1285 364 1286 0.14874254845165658 0.9418624733454816 0.6186924435447324
3 289 364 1285 0.14874254845165658 0.9418624733454816 0.6186924435447324
3 735 367 368 0.14874254845165658 0.9418624733454816 0.6186924435447324
3 736 735 368 0.14874254845165658 0.9418624733454816 0.6186924435447324
3 368 369 736 0.14874254845165658 0.9418624733454816 0.6186924435447324
3 840 369 368 0.14874254845165658 0.9418624733454816 0.6186924435447324
3 645 646 411 0.14874254845165658 0.9418624733454816 0.6186924435447324
3 411 410 645 0.14874254845165658 0.9418624733454816 0.6186924435447324
3 411 362 410 0.14874254845165658 0.9418624733454816 0.6186924435447324
3 363 362 411 0.14874254845165658 0.9418624733454816 0.6186924435447324
3 412 646 647 0.14874254845165658 0.9418624733454816 0.6186924435447324
3 412 411 646 0.14874254845165658 0.9418624733454816 0.6186924435447324
3 412 364 363 0.14874254845165658 0.9418624733454816 0.6186924435447324
3 363 411 412 0.14874254845165658 0.9418624733454816 0.6186924435447324
3 1293 1292 653 0.14874254845165658 0.9418624733454816 0.6186924435447324
3 1291 652 653 0.14874254845165658 0.9418624733454816 0.6186924435447324
3 653 1292 1291 0.14874254845165658 0.9418624733454816 0.6186924435447324
3 938 1294 653 0.14874254845165658 0.9418624733454816 0.6186924435447324
3 1294 1293 653 0.14874254845165658 0.9418624733454816 0.6186924435447324
3 933 934 651 0.14874254845165658 0.9418624733454816 0.6186924435447324
3 651 650 933 0.14874254845165658 0.9418624733454816 0.6186924435447324
3 650 932 933 0.14874254845165658 0.9418624733454816 0.6186924435447324
3 933 637 934 0.14874254845165658 0.9418624733454816 0.6186924435447324
3 932 636 933 0.14874254845165658 0.9418624733454816 0.6186924435447324
3 636 637 933 0.14874254845165658 0.9418624733454816 0.6186924435447324
3 930 931 648 0.14874254845165658 0.9418624733454816 0.6186924435447324
3 930 647 929 0.14874254845165658 0.9418624733454816 0.6186924435447324
3 930 648 647 0.14874254845165658 0.9418624733454816 0.6186924435447324
3 269 716 270 0.14874254845165658 0.9418624733454816 0.6186924435447324
3 716 717 270 0.14874254845165658 0.9418624733454816 0.6186924435447324
3 270 610 269 0.14874254845165658 0.9418624733454816 0.6186924435447324
3 611 610 270 0.14874254845165658 0.9418624733454816 0.6186924435447324
3 354 630 629 0.14874254845165658 0.9418624733454816 0.6186924435447324
3 972 280 281 0.14874254845165658 0.9418624733454816 0.6186924435447324
3 972 971 280 0.14874254845165658 0.9418624733454816 0.6186924435447324
3 972 281 973 0.14874254845165658 0.9418624733454816 0.6186924435447324
3 972 354 971 0.14874254845165658 0.9418624733454816 0.6186924435447324
3 1049 1050 725 0.14874254845165658 0.9418624733454816 0.6186924435447324
3 711 712 1051 0.14874254845165658 0.9418624733454816 0.6186924435447324
3 1051 1050 711 0.14874254845165658 0.9418624733454816 0.6186924435447324
3 1051 712 1052 0.14874254845165658 0.9418624733454816 0.6186924435447324
3 1051 1052 727 0.14874254845165658 0.9418624733454816 0.6186924435447324
3 727 726 1051 0.14874254845165658 0.9418624733454816 0.6186924435447324
3 726 1050 1051 0.14874254845165658 0.9418624733454816 0.6186924435447324
3 722 348 723 0.14874254845165658 0.9418624733454816 0.6186924435447324
3 722 723 275 0.14874254845165658 0.9418624733454816 0.6186924435447324
3 346 721 720 0.14874254845165658 0.9418624733454816 0.6186924435447324
3 614 273 274 0.14874254845165658 0.9418624733454816 0.6186924435447324
3 274 273 721 0.14874254845165658 0.9418624733454816 0.6186924435447324
3 274 722 275 0.14874254845165658 0.9418624733454816 0.6186924435447324
3 721 722 274 0.14874254845165658 0.9418624733454816 0.6186924435447324
3 976 618 977 0.14874254845165658 0.9418624733454816 0.6186924435447324
3 723 348 724 0.14874254845165658 0.9418624733454816 0.6186924435447324
3 724 1049 725 0.14874254845165658 0.9418624733454816 0.6186924435447324
3 724 348 1048 0.14874254845165658 0.9418624733454816 0.6186924435447324
3 1048 1049 724 0.14874254845165658 0.9418624733454816 0.6186924435447324
3 616 974 282 0.14874254845165658 0.9418624733454816 0.6186924435447324
3 275 723 616 0.14874254845165658 0.9418624733454816 0.6186924435447324
3 723 724 616 0.14874254845165658 0.9418624733454816 0.6186924435447324
3 619 978 977 0.14874254845165658 0.9418624733454816 0.6186924435447324
3 977 618 619 0.14874254845165658 0.9418624733454816 0.6186924435447324
3 619 726 727 0.14874254845165658 0.9418624733454816 0.6186924435447324
3 619 618 726 0.14874254845165658 0.9418624733454816 0.6186924435447324
3 1355 877 1356 0.14874254845165658 0.9418624733454816 0.6186924435447324
3 877 1357 1356 0.14874254845165658 0.9418624733454816 0.6186924435447324
3 1356 836 1355 0.14874254845165658 0.9418624733454816 0.6186924435447324
3 1356 1357 836 0.14874254845165658 0.9418624733454816 0.6186924435447324
3 1363 1167 1362 0.14874254845165658 0.9418624733454816 0.6186924435447324
3 1363 1362 1221 0.14874254845165658 0.9418624733454816 0.6186924435447324
3 1221 1334 1363 0.14874254845165658 0.9418624733454816 0.6186924435447324
3 1192 1193 1114 0.14874254845165658 0.9418624733454816 0.6186924435447324
3 1306 1305 1064 0.14874254845165658 0.9418624733454816 0.6186924435447324
3 1306 1064 1249 0.14874254845165658 0.9418624733454816 0.6186924435447324
3 1249 1366 1306 0.14874254845165658 0.9418624733454816 0.6186924435447324
3 1329 1330 1218 0.14874254845165658 0.9418624733454816 0.6186924435447324
3 1218 1217 1329 0.14874254845165658 0.9418624733454816 0.6186924435447324
3 1218 1330 1219 0.14874254845165658 0.9418624733454816 0.6186924435447324
3 1219 1014 1218 0.14874254845165658 0.9418624733454816 0.6186924435447324
3 1014 1217 1218 0.14874254845165658 0.9418624733454816 0.6186924435447324
3 1327 1328 1216 0.14874254845165658 0.9418624733454816 0.6186924435447324
3 1328 1217 1216 0.14874254845165658 0.9418624733454816 0.6186924435447324
3 1216 1215 1327 0.14874254845165658 0.9418624733454816 0.6186924435447324
3 1216 1012 1215 0.14874254845165658 0.9418624733454816 0.6186924435447324
3 1013 1012 1216 0.14874254845165658 0.9418624733454816 0.6186924435447324
3 1216 1217 1013 0.14874254845165658 0.9418624733454816 0.6186924435447324
3 1125 696 1126 0.14874254845165658 0.9418624733454816 0.6186924435447324
3 1126 790 1125 0.14874254845165658 0.9418624733454816 0.6186924435447324
3 698 1127 697 0.14874254845165658 0.9418624733454816 0.6186924435447324
3 697 913 698 0.14874254845165658 0.9418624733454816 0.6186924435447324
3 697 696 913 0.14874254845165658 0.9418624733454816 0.6186924435447324
3 1127 1126 697 0.14874254845165658 0.9418624733454816 0.6186924435447324
3 697 1126 696 0.14874254845165658 0.9418624733454816 0.6186924435447324
3 332 331 788 0.14874254845165658 0.9418624733454816 0.6186924435447324
3 1048 340 709 0.14874254845165658 0.9418624733454816 0.6186924435447324
3 709 1049 1048 0.14874254845165658 0.9418624733454816 0.6186924435447324
3 1034 1239 1033 0.14874254845165658 0.9418624733454816 0.6186924435447324
3 1238 1032 1033 0.14874254845165658 0.9418624733454816 0.6186924435447324
3 1033 1239 1238 0.14874254845165658 0.9418624733454816 0.6186924435447324
3 551 552 1233 0.14874254845165658 0.9418624733454816 0.6186924435447324
3 552 1234 1233 0.14874254845165658 0.9418624733454816 0.6186924435447324
3 1233 1232 551 0.14874254845165658 0.9418624733454816 0.6186924435447324
3 563 1232 1233 0.14874254845165658 0.9418624733454816 0.6186924435447324
3 1233 564 563 0.14874254845165658 0.9418624733454816 0.6186924435447324
3 1233 1234 564 0.14874254845165658 0.9418624733454816 0.6186924435447324
3 264 265 783 0.14874254845165658 0.9418624733454816 0.6186924435447324
3 783 265 784 0.14874254845165658 0.9418624733454816 0.6186924435447324
3 700 38 37 0.14874254845165658 0.9418624733454816 0.6186924435447324
3 327 783 784 0.14874254845165658 0.9418624733454816 0.6186924435447324
3 326 783 327 0.14874254845165658 0.9418624733454816 0.6186924435447324
3 702 327 328 0.14874254845165658 0.9418624733454816 0.6186924435447324
3 784 785 328 0.14874254845165658 0.9418624733454816 0.6186924435447324
3 328 327 784 0.14874254845165658 0.9418624733454816 0.6186924435447324
3 704 330 705 0.14874254845165658 0.9418624733454816 0.6186924435447324
3 705 330 331 0.14874254845165658 0.9418624733454816 0.6186924435447324
3 794 1129 795 0.14874254845165658 0.9418624733454816 0.6186924435447324
3 795 713 794 0.14874254845165658 0.9418624733454816 0.6186924435447324
3 795 714 713 0.14874254845165658 0.9418624733454816 0.6186924435447324
3 795 796 714 0.14874254845165658 0.9418624733454816 0.6186924435447324
3 1129 699 1130 0.14874254845165658 0.9418624733454816 0.6186924435447324
3 1130 795 1129 0.14874254845165658 0.9418624733454816 0.6186924435447324
3 796 795 1130 0.14874254845165658 0.9418624733454816 0.6186924435447324
3 699 916 1130 0.14874254845165658 0.9418624733454816 0.6186924435447324
3 729 728 1053 0.14874254845165658 0.9418624733454816 0.6186924435447324
3 1053 1054 729 0.14874254845165658 0.9418624733454816 0.6186924435447324
3 729 1054 730 0.14874254845165658 0.9418624733454816 0.6186924435447324
3 730 622 729 0.14874254845165658 0.9418624733454816 0.6186924435447324
3 621 728 729 0.14874254845165658 0.9418624733454816 0.6186924435447324
3 729 622 621 0.14874254845165658 0.9418624733454816 0.6186924435447324
3 1134 797 1133 0.14874254845165658 0.9418624733454816 0.6186924435447324
3 780 1032 1031 0.14874254845165658 0.9418624733454816 0.6186924435447324
3 1031 1030 780 0.14874254845165658 0.9418624733454816 0.6186924435447324
3 780 1030 779 0.14874254845165658 0.9418624733454816 0.6186924435447324
3 1162 1036 1035 0.14874254845165658 0.9418624733454816 0.6186924435447324
3 1035 1034 1161 0.14874254845165658 0.9418624733454816 0.6186924435447324
3 1161 1162 1035 0.14874254845165658 0.9418624733454816 0.6186924435447324
3 1035 1036 1241 0.14874254845165658 0.9418624733454816 0.6186924435447324
3 1035 1240 1034 0.14874254845165658 0.9418624733454816 0.6186924435447324
3 1035 1241 1240 0.14874254845165658 0.9418624733454816 0.6186924435447324
3 1248 1363 1249 0.14874254845165658 0.9418624733454816 0.6186924435447324
3 1167 1363 1248 0.14874254845165658 0.9418624733454816 0.6186924435447324
3 1038 1037 1164 0.14874254845165658 0.9418624733454816 0.6186924435447324
3 1164 1165 1038 0.14874254845165658 0.9418624733454816 0.6186924435447324
3 1038 1243 1037 0.14874254845165658 0.9418624733454816 0.6186924435447324
3 777 1028 1027 0.14874254845165658 0.9418624733454816 0.6186924435447324
3 168 167 861 0.14874254845165658 0.9418624733454816 0.6186924435447324
3 861 862 168 0.14874254845165658 0.9418624733454816 0.6186924435447324
3 445 862 861 0.14874254845165658 0.9418624733454816 0.6186924435447324
3 167 860 861 0.14874254845165658 0.9418624733454816 0.6186924435447324
3 861 444 445 0.14874254845165658 0.9418624733454816 0.6186924435447324
3 861 860 444 0.14874254845165658 0.9418624733454816 0.6186924435447324
3 767 1144 1145 0.14874254845165658 0.9418624733454816 0.6186924435447324
3 1145 768 767 0.14874254845165658 0.9418624733454816 0.6186924435447324
3 243 766 767 0.14874254845165658 0.9418624733454816 0.6186924435447324
3 766 1144 767 0.14874254845165658 0.9418624733454816 0.6186924435447324
3 245 768 769 0.14874254845165658 0.9418624733454816 0.6186924435447324
3 245 246 1019 0.14874254845165658 0.9418624733454816 0.6186924435447324
3 769 246 245 0.14874254845165658 0.9418624733454816 0.6186924435447324
3 1019 1018 245 0.14874254845165658 0.9418624733454816 0.6186924435447324
3 865 998 999 0.14874254845165658 0.9418624733454816 0.6186924435447324
3 999 1203 1000 0.14874254845165658 0.9418624733454816 0.6186924435447324
3 1202 1203 999 0.14874254845165658 0.9418624733454816 0.6186924435447324
3 999 998 1202 0.14874254845165658 0.9418624733454816 0.6186924435447324
3 1004 869 1003 0.14874254845165658 0.9418624733454816 0.6186924435447324
3 1003 1207 1004 0.14874254845165658 0.9418624733454816 0.6186924435447324
3 1003 1206 1207 0.14874254845165658 0.9418624733454816 0.6186924435447324
3 865 999 866 0.14874254845165658 0.9418624733454816 0.6186924435447324
3 866 999 1000 0.14874254845165658 0.9418624733454816 0.6186924435447324
3 1345 865 866 0.14874254845165658 0.9418624733454816 0.6186924435447324
3 866 1346 1345 0.14874254845165658 0.9418624733454816 0.6186924435447324
3 830 831 538 0.14874254845165658 0.9418624733454816 0.6186924435447324
3 538 537 830 0.14874254845165658 0.9418624733454816 0.6186924435447324
3 1153 537 538 0.14874254845165658 0.9418624733454816 0.6186924435447324
3 1006 872 871 0.14874254845165658 0.9418624733454816 0.6186924435447324
3 871 1005 1006 0.14874254845165658 0.9418624733454816 0.6186924435447324
3 1007 872 1006 0.14874254845165658 0.9418624733454816 0.6186924435447324
3 1006 1210 1007 0.14874254845165658 0.9418624733454816 0.6186924435447324
3 1209 1210 1006 0.14874254845165658 0.9418624733454816 0.6186924435447324
3 1006 1005 1209 0.14874254845165658 0.9418624733454816 0.6186924435447324
3 1341 1342 823 0.14874254845165658 0.9418624733454816 0.6186924435447324
3 823 1342 824 0.14874254845165658 0.9418624733454816 0.6186924435447324
3 824 532 823 0.14874254845165658 0.9418624733454816 0.6186924435447324
3 424 423 945 0.14874254845165658 0.9418624733454816 0.6186924435447324
3 799 423 424 0.14874254845165658 0.9418624733454816 0.6186924435447324
3 424 945 946 0.14874254845165658 0.9418624733454816 0.6186924435447324
3 946 425 424 0.14874254845165658 0.9418624733454816 0.6186924435447324
3 798 94 93 0.14874254845165658 0.9418624733454816 0.6186924435447324
3 93 423 798 0.14874254845165658 0.9418624733454816 0.6186924435447324
3 798 481 94 0.14874254845165658 0.9418624733454816 0.6186924435447324
3 798 423 799 0.14874254845165658 0.9418624733454816 0.6186924435447324
3 482 481 798 0.14874254845165658 0.9418624733454816 0.6186924435447324
3 798 799 482 0.14874254845165658 0.9418624733454816 0.6186924435447324
3 494 495 436 0.14874254845165658 0.9418624733454816 0.6186924435447324
3 436 495 437 0.14874254845165658 0.9418624733454816 0.6186924435447324
3 436 437 394 0.14874254845165658 0.9418624733454816 0.6186924435447324
3 394 393 436 0.14874254845165658 0.9418624733454816 0.6186924435447324
3 437 495 496 0.14874254845165658 0.9418624733454816 0.6186924435447324
3 496 1255 497 0.14874254845165658 0.9418624733454816 0.6186924435447324
3 496 1254 1255 0.14874254845165658 0.9418624733454816 0.6186924435447324
3 496 495 1254 0.14874254845165658 0.9418624733454816 0.6186924435447324
3 497 438 496 0.14874254845165658 0.9418624733454816 0.6186924435447324
3 438 437 496 0.14874254845165658 0.9418624733454816 0.6186924435447324
3 801 425 426 0.14874254845165658 0.9418624733454816 0.6186924435447324
3 426 802 801 0.14874254845165658 0.9418624733454816 0.6186924435447324
3 801 485 484 0.14874254845165658 0.9418624733454816 0.6186924435447324
3 802 485 801 0.14874254845165658 0.9418624733454816 0.6186924435447324
3 800 483 799 0.14874254845165658 0.9418624733454816 0.6186924435447324
3 799 424 800 0.14874254845165658 0.9418624733454816 0.6186924435447324
3 800 424 425 0.14874254845165658 0.9418624733454816 0.6186924435447324
3 425 801 800 0.14874254845165658 0.9418624733454816 0.6186924435447324
3 484 483 800 0.14874254845165658 0.9418624733454816 0.6186924435447324
3 800 801 484 0.14874254845165658 0.9418624733454816 0.6186924435447324
3 313 391 314 0.14874254845165658 0.9418624733454816 0.6186924435447324
3 160 312 313 0.14874254845165658 0.9418624733454816 0.6186924435447324
3 433 491 492 0.14874254845165658 0.9418624733454816 0.6186924435447324
3 432 491 433 0.14874254845165658 0.9418624733454816 0.6186924435447324
3 492 434 433 0.14874254845165658 0.9418624733454816 0.6186924435447324
3 434 391 433 0.14874254845165658 0.9418624733454816 0.6186924435447324
3 314 162 161 0.14874254845165658 0.9418624733454816 0.6186924435447324
3 162 152 161 0.14874254845165658 0.9418624733454816 0.6186924435447324
3 161 313 314 0.14874254845165658 0.9418624733454816 0.6186924435447324
3 161 152 160 0.14874254845165658 0.9418624733454816 0.6186924435447324
3 160 313 161 0.14874254845165658 0.9418624733454816 0.6186924435447324
3 902 179 903 0.14874254845165658 0.9418624733454816 0.6186924435447324
3 335 1042 1041 0.14874254845165658 0.9418624733454816 0.6186924435447324
3 1041 1042 342 0.14874254845165658 0.9418624733454816 0.6186924435447324
3 342 341 1041 0.14874254845165658 0.9418624733454816 0.6186924435447324
3 341 1040 1041 0.14874254845165658 0.9418624733454816 0.6186924435447324
3 39 1040 40 0.14874254845165658 0.9418624733454816 0.6186924435447324
3 253 688 252 0.14874254845165658 0.9418624733454816 0.6186924435447324
3 689 688 253 0.14874254845165658 0.9418624733454816 0.6186924435447324
3 690 689 254 0.14874254845165658 0.9418624733454816 0.6186924435447324
3 689 253 254 0.14874254845165658 0.9418624733454816 0.6186924435447324
3 254 253 905 0.14874254845165658 0.9418624733454816 0.6186924435447324
3 905 560 561 0.14874254845165658 0.9418624733454816 0.6186924435447324
3 912 566 1237 0.14874254845165658 0.9418624733454816 0.6186924435447324
3 1238 913 1237 0.14874254845165658 0.9418624733454816 0.6186924435447324
3 913 912 1237 0.14874254845165658 0.9418624733454816 0.6186924435447324
3 1237 566 1236 0.14874254845165658 0.9418624733454816 0.6186924435447324
3 1237 1236 1031 0.14874254845165658 0.9418624733454816 0.6186924435447324
3 1237 1032 1238 0.14874254845165658 0.9418624733454816 0.6186924435447324
3 1031 1032 1237 0.14874254845165658 0.9418624733454816 0.6186924435447324
3 910 565 911 0.14874254845165658 0.9418624733454816 0.6186924435447324
3 910 909 565 0.14874254845165658 0.9418624733454816 0.6186924435447324
3 911 694 910 0.14874254845165658 0.9418624733454816 0.6186924435447324
3 910 694 693 0.14874254845165658 0.9418624733454816 0.6186924435447324
3 693 909 910 0.14874254845165658 0.9418624733454816 0.6186924435447324
3 1120 1119 260 0.14874254845165658 0.9418624733454816 0.6186924435447324
3 260 261 1120 0.14874254845165658 0.9418624733454816 0.6186924435447324
3 266 1119 1120 0.14874254845165658 0.9418624733454816 0.6186924435447324
3 1120 261 1121 0.14874254845165658 0.9418624733454816 0.6186924435447324
3 1120 267 266 0.14874254845165658 0.9418624733454816 0.6186924435447324
3 1120 1121 267 0.14874254845165658 0.9418624733454816 0.6186924435447324
3 837 205 838 0.14874254845165658 0.9418624733454816 0.6186924435447324
3 838 366 837 0.14874254845165658 0.9418624733454816 0.6186924435447324
3 837 366 365 0.14874254845165658 0.9418624733454816 0.6186924435447324
3 837 365 65 0.14874254845165658 0.9418624733454816 0.6186924435447324
3 837 65 64 0.14874254845165658 0.9418624733454816 0.6186924435447324
3 64 205 837 0.14874254845165658 0.9418624733454816 0.6186924435447324
3 839 207 840 0.14874254845165658 0.9418624733454816 0.6186924435447324
3 840 368 839 0.14874254845165658 0.9418624733454816 0.6186924435447324
3 839 368 367 0.14874254845165658 0.9418624733454816 0.6186924435447324
3 839 367 838 0.14874254845165658 0.9418624733454816 0.6186924435447324
3 838 206 839 0.14874254845165658 0.9418624733454816 0.6186924435447324
3 206 207 839 0.14874254845165658 0.9418624733454816 0.6186924435447324
3 734 367 735 0.14874254845165658 0.9418624733454816 0.6186924435447324
3 473 733 734 0.14874254845165658 0.9418624733454816 0.6186924435447324
3 734 366 367 0.14874254845165658 0.9418624733454816 0.6186924435447324
3 733 366 734 0.14874254845165658 0.9418624733454816 0.6186924435447324
3 734 474 473 0.14874254845165658 0.9418624733454816 0.6186924435447324
3 735 474 734 0.14874254845165658 0.9418624733454816 0.6186924435447324
3 1172 220 221 0.14874254845165658 0.9418624733454816 0.6186924435447324
3 1172 228 227 0.14874254845165658 0.9418624733454816 0.6186924435447324
3 1172 227 1171 0.14874254845165658 0.9418624733454816 0.6186924435447324
3 1171 220 1172 0.14874254845165658 0.9418624733454816 0.6186924435447324
3 1174 588 587 0.14874254845165658 0.9418624733454816 0.6186924435447324
3 227 228 586 0.14874254845165658 0.9418624733454816 0.6186924435447324
3 586 585 227 0.14874254845165658 0.9418624733454816 0.6186924435447324
3 586 587 884 0.14874254845165658 0.9418624733454816 0.6186924435447324
3 228 587 586 0.14874254845165658 0.9418624733454816 0.6186924435447324
3 883 882 233 0.14874254845165658 0.9418624733454816 0.6186924435447324
3 584 585 233 0.14874254845165658 0.9418624733454816 0.6186924435447324
3 232 584 233 0.14874254845165658 0.9418624733454816 0.6186924435447324
3 233 882 232 0.14874254845165658 0.9418624733454816 0.6186924435447324
3 221 222 1173 0.14874254845165658 0.9418624733454816 0.6186924435447324
3 1173 1172 221 0.14874254845165658 0.9418624733454816 0.6186924435447324
3 228 1172 1173 0.14874254845165658 0.9418624733454816 0.6186924435447324
3 1173 222 1174 0.14874254845165658 0.9418624733454816 0.6186924435447324
3 1174 587 1173 0.14874254845165658 0.9418624733454816 0.6186924435447324
3 1173 587 228 0.14874254845165658 0.9418624733454816 0.6186924435447324
3 216 572 215 0.14874254845165658 0.9418624733454816 0.6186924435447324
3 572 571 215 0.14874254845165658 0.9418624733454816 0.6186924435447324
3 215 658 216 0.14874254845165658 0.9418624733454816 0.6186924435447324
3 215 571 214 0.14874254845165658 0.9418624733454816 0.6186924435447324
3 214 657 215 0.14874254845165658 0.9418624733454816 0.6186924435447324
3 215 657 658 0.14874254845165658 0.9418624733454816 0.6186924435447324
3 660 295 296 0.14874254845165658 0.9418624733454816 0.6186924435447324
3 663 662 756 0.14874254845165658 0.9418624733454816 0.6186924435447324
3 475 476 418 0.14874254845165658 0.9418624733454816 0.6186924435447324
3 475 418 417 0.14874254845165658 0.9418624733454816 0.6186924435447324
3 417 474 475 0.14874254845165658 0.9418624733454816 0.6186924435447324
3 736 476 475 0.14874254845165658 0.9418624733454816 0.6186924435447324
3 475 735 736 0.14874254845165658 0.9418624733454816 0.6186924435447324
3 475 474 735 0.14874254845165658 0.9418624733454816 0.6186924435447324
3 105 121 318 0.14874254845165658 0.9418624733454816 0.6186924435447324
3 318 106 105 0.14874254845165658 0.9418624733454816 0.6186924435447324
3 318 121 1195 0.14874254845165658 0.9418624733454816 0.6186924435447324
3 1195 107 318 0.14874254845165658 0.9418624733454816 0.6186924435447324
3 107 106 318 0.14874254845165658 0.9418624733454816 0.6186924435447324
3 1009 1008 1212 0.14874254845165658 0.9418624733454816 0.6186924435447324
3 1212 1213 1009 0.14874254845165658 0.9418624733454816 0.6186924435447324
3 1212 1008 1211 0.14874254845165658 0.9418624733454816 0.6186924435447324
3 1211 1323 1212 0.14874254845165658 0.9418624733454816 0.6186924435447324
3 1212 1323 1324 0.14874254845165658 0.9418624733454816 0.6186924435447324
3 1324 1213 1212 0.14874254845165658 0.9418624733454816 0.6186924435447324
3 1002 1001 1205 0.14874254845165658 0.9418624733454816 0.6186924435447324
3 1205 1206 1002 0.14874254845165658 0.9418624733454816 0.6186924435447324
3 1206 1003 1002 0.14874254845165658 0.9418624733454816 0.6186924435447324
3 604 603 886 0.14874254845165658 0.9418624733454816 0.6186924435447324
3 886 887 604 0.14874254845165658 0.9418624733454816 0.6186924435447324
3 1196 120 319 0.14874254845165658 0.9418624733454816 0.6186924435447324
3 319 120 501 0.14874254845165658 0.9418624733454816 0.6186924435447324
3 1197 1196 319 0.14874254845165658 0.9418624733454816 0.6186924435447324
3 319 398 1197 0.14874254845165658 0.9418624733454816 0.6186924435447324
3 119 398 319 0.14874254845165658 0.9418624733454816 0.6186924435447324
3 319 501 119 0.14874254845165658 0.9418624733454816 0.6186924435447324
3 101 149 138 0.14874254845165658 0.9418624733454816 0.6186924435447324
3 100 149 101 0.14874254845165658 0.9418624733454816 0.6186924435447324
3 138 125 101 0.14874254845165658 0.9418624733454816 0.6186924435447324
3 125 102 101 0.14874254845165658 0.9418624733454816 0.6186924435447324
3 103 102 119 0.14874254845165658 0.9418624733454816 0.6186924435447324
3 119 501 103 0.14874254845165658 0.9418624733454816 0.6186924435447324
3 501 104 103 0.14874254845165658 0.9418624733454816 0.6186924435447324
3 126 149 139 0.14874254845165658 0.9418624733454816 0.6186924435447324
3 126 1308 149 0.14874254845165658 0.9418624733454816 0.6186924435447324
3 126 139 1309 0.14874254845165658 0.9418624733454816 0.6186924435447324
3 1309 503 126 0.14874254845165658 0.9418624733454816 0.6186924435447324
3 503 1308 126 0.14874254845165658 0.9418624733454816 0.6186924435447324
3 986 987 940 0.14874254845165658 0.9418624733454816 0.6186924435447324
3 986 939 985 0.14874254845165658 0.9418624733454816 0.6186924435447324
3 940 939 986 0.14874254845165658 0.9418624733454816 0.6186924435447324
3 1296 939 940 0.14874254845165658 0.9418624733454816 0.6186924435447324
3 937 936 983 0.14874254845165658 0.9418624733454816 0.6186924435447324
3 983 984 937 0.14874254845165658 0.9418624733454816 0.6186924435447324
3 937 984 938 0.14874254845165658 0.9418624733454816 0.6186924435447324
3 938 653 937 0.14874254845165658 0.9418624733454816 0.6186924435447324
3 937 653 936 0.14874254845165658 0.9418624733454816 0.6186924435447324
3 985 984 1058 0.14874254845165658 0.9418624733454816 0.6186924435447324
3 988 987 1061 0.14874254845165658 0.9418624733454816 0.6186924435447324
3 352 351 969 0.14874254845165658 0.9418624733454816 0.6186924435447324
3 969 970 352 0.14874254845165658 0.9418624733454816 0.6186924435447324
3 627 351 352 0.14874254845165658 0.9418624733454816 0.6186924435447324
3 462 625 626 0.14874254845165658 0.9418624733454816 0.6186924435447324
3 626 463 462 0.14874254845165658 0.9418624733454816 0.6186924435447324
3 461 625 462 0.14874254845165658 0.9418624733454816 0.6186924435447324
3 462 181 461 0.14874254845165658 0.9418624733454816 0.6186924435447324
3 469 633 470 0.14874254845165658 0.9418624733454816 0.6186924435447324
3 635 931 470 0.14874254845165658 0.9418624733454816 0.6186924435447324
3 931 930 470 0.14874254845165658 0.9418624733454816 0.6186924435447324
3 929 469 470 0.14874254845165658 0.9418624733454816 0.6186924435447324
3 470 930 929 0.14874254845165658 0.9418624733454816 0.6186924435447324
3 632 469 468 0.14874254845165658 0.9418624733454816 0.6186924435447324
3 632 633 469 0.14874254845165658 0.9418624733454816 0.6186924435447324
3 1102 1101 606 0.14874254845165658 0.9418624733454816 0.6186924435447324
3 681 1101 1102 0.14874254845165658 0.9418624733454816 0.6186924435447324
3 682 681 1102 0.14874254845165658 0.9418624733454816 0.6186924435447324
3 1100 1101 679 0.14874254845165658 0.9418624733454816 0.6186924435447324
3 678 1099 1100 0.14874254845165658 0.9418624733454816 0.6186924435447324
3 1100 679 678 0.14874254845165658 0.9418624733454816 0.6186924435447324
3 1100 1099 604 0.14874254845165658 0.9418624733454816 0.6186924435447324
3 604 605 1100 0.14874254845165658 0.9418624733454816 0.6186924435447324
3 605 1101 1100 0.14874254845165658 0.9418624733454816 0.6186924435447324
3 589 886 588 0.14874254845165658 0.9418624733454816 0.6186924435447324
3 887 886 589 0.14874254845165658 0.9418624733454816 0.6186924435447324
3 591 889 888 0.14874254845165658 0.9418624733454816 0.6186924435447324
3 888 889 606 0.14874254845165658 0.9418624733454816 0.6186924435447324
3 606 605 888 0.14874254845165658 0.9418624733454816 0.6186924435447324
3 605 887 888 0.14874254845165658 0.9418624733454816 0.6186924435447324
3 296 754 755 0.14874254845165658 0.9418624733454816 0.6186924435447324
3 756 662 755 0.14874254845165658 0.9418624733454816 0.6186924435447324
3 755 380 756 0.14874254845165658 0.9418624733454816 0.6186924435447324
3 379 380 755 0.14874254845165658 0.9418624733454816 0.6186924435447324
3 755 754 379 0.14874254845165658 0.9418624733454816 0.6186924435447324
3 1074 1075 758 0.14874254845165658 0.9418624733454816 0.6186924435447324
3 1075 759 758 0.14874254845165658 0.9418624733454816 0.6186924435447324
3 665 578 664 0.14874254845165658 0.9418624733454816 0.6186924435447324
3 664 758 665 0.14874254845165658 0.9418624733454816 0.6186924435447324
3 665 758 759 0.14874254845165658 0.9418624733454816 0.6186924435447324
3 662 663 576 0.14874254845165658 0.9418624733454816 0.6186924435447324
3 1080 746 747 0.14874254845165658 0.9418624733454816 0.6186924435447324
3 958 957 682 0.14874254845165658 0.9418624733454816 0.6186924435447324
3 812 957 958 0.14874254845165658 0.9418624733454816 0.6186924435447324
3 1114 1275 1113 0.14874254845165658 0.9418624733454816 0.6186924435447324
3 1333 1221 1332 0.14874254845165658 0.9418624733454816 0.6186924435447324
3 1333 1334 1221 0.14874254845165658 0.9418624733454816 0.6186924435447324
3 1277 1334 1276 0.14874254845165658 0.9418624733454816 0.6186924435447324
3 1276 1275 1114 0.14874254845165658 0.9418624733454816 0.6186924435447324
3 1334 1333 1276 0.14874254845165658 0.9418624733454816 0.6186924435447324
3 1276 1333 1275 0.14874254845165658 0.9418624733454816 0.6186924435447324
3 1276 1193 1277 0.14874254845165658 0.9418624733454816 0.6186924435447324
3 1114 1193 1276 0.14874254845165658 0.9418624733454816 0.6186924435447324
3 1271 1330 1329 0.14874254845165658 0.9418624733454816 0.6186924435447324
3 1329 1270 1271 0.14874254845165658 0.9418624733454816 0.6186924435447324
3 960 814 959 0.14874254845165658 0.9418624733454816 0.6186924435447324
3 647 648 413 0.14874254845165658 0.9418624733454816 0.6186924435447324
3 413 412 647 0.14874254845165658 0.9418624733454816 0.6186924435447324
3 364 412 413 0.14874254845165658 0.9418624733454816 0.6186924435447324
3 413 648 649 0.14874254845165658 0.9418624733454816 0.6186924435447324
3 1287 364 413 0.14874254845165658 0.9418624733454816 0.6186924435447324
3 649 1288 413 0.14874254845165658 0.9418624733454816 0.6186924435447324
3 413 1288 1287 0.14874254845165658 0.9418624733454816 0.6186924435447324
3 936 653 935 0.14874254845165658 0.9418624733454816 0.6186924435447324
3 638 936 935 0.14874254845165658 0.9418624733454816 0.6186924435447324
3 935 934 638 0.14874254845165658 0.9418624733454816 0.6186924435447324
3 652 934 935 0.14874254845165658 0.9418624733454816 0.6186924435447324
3 935 653 652 0.14874254845165658 0.9418624733454816 0.6186924435447324
3 271 717 718 0.14874254845165658 0.9418624733454816 0.6186924435447324
3 271 270 717 0.14874254845165658 0.9418624733454816 0.6186924435447324
3 271 718 272 0.14874254845165658 0.9418624733454816 0.6186924435447324
3 611 270 271 0.14874254845165658 0.9418624733454816 0.6186924435447324
3 271 612 611 0.14874254845165658 0.9418624733454816 0.6186924435447324
3 272 612 271 0.14874254845165658 0.9418624733454816 0.6186924435447324
3 630 354 355 0.14874254845165658 0.9418624733454816 0.6186924435447324
3 355 972 973 0.14874254845165658 0.9418624733454816 0.6186924435447324
3 354 972 355 0.14874254845165658 0.9418624733454816 0.6186924435447324
3 340 1047 1046 0.14874254845165658 0.9418624733454816 0.6186924435447324
3 1046 339 340 0.14874254845165658 0.9418624733454816 0.6186924435447324
3 347 722 721 0.14874254845165658 0.9418624733454816 0.6186924435447324
3 721 346 347 0.14874254845165658 0.9418624733454816 0.6186924435447324
3 348 722 347 0.14874254845165658 0.9418624733454816 0.6186924435447324
3 346 1046 347 0.14874254845165658 0.9418624733454816 0.6186924435447324
3 1047 348 347 0.14874254845165658 0.9418624733454816 0.6186924435447324
3 347 1046 1047 0.14874254845165658 0.9418624733454816 0.6186924435447324
3 974 616 975 0.14874254845165658 0.9418624733454816 0.6186924435447324
3 975 976 633 0.14874254845165658 0.9418624733454816 0.6186924435447324
3 633 632 975 0.14874254845165658 0.9418624733454816 0.6186924435447324
3 282 614 615 0.14874254845165658 0.9418624733454816 0.6186924435447324
3 615 616 282 0.14874254845165658 0.9418624733454816 0.6186924435447324
3 275 616 615 0.14874254845165658 0.9418624733454816 0.6186924435447324
3 615 274 275 0.14874254845165658 0.9418624733454816 0.6186924435447324
3 614 274 615 0.14874254845165658 0.9418624733454816 0.6186924435447324
3 620 619 727 0.14874254845165658 0.9418624733454816 0.6186924435447324
3 727 728 620 0.14874254845165658 0.9418624733454816 0.6186924435447324
3 620 728 621 0.14874254845165658 0.9418624733454816 0.6186924435447324
3 978 619 620 0.14874254845165658 0.9418624733454816 0.6186924435447324
3 979 978 620 0.14874254845165658 0.9418624733454816 0.6186924435447324
3 620 621 979 0.14874254845165658 0.9418624733454816 0.6186924435447324
3 1364 1334 1335 0.14874254845165658 0.9418624733454816 0.6186924435447324
3 1364 1363 1334 0.14874254845165658 0.9418624733454816 0.6186924435447324
3 1249 1363 1364 0.14874254845165658 0.9418624733454816 0.6186924435447324
3 1364 1366 1249 0.14874254845165658 0.9418624733454816 0.6186924435447324
3 1335 1366 1364 0.14874254845165658 0.9418624733454816 0.6186924435447324
3 1305 1306 1194 0.14874254845165658 0.9418624733454816 0.6186924435447324
3 1193 1089 1194 0.14874254845165658 0.9418624733454816 0.6186924435447324
3 1277 1193 1194 0.14874254845165658 0.9418624733454816 0.6186924435447324
3 1194 1366 1277 0.14874254845165658 0.9418624733454816 0.6186924435447324
3 1194 1306 1366 0.14874254845165658 0.9418624733454816 0.6186924435447324
3 789 332 788 0.14874254845165658 0.9418624733454816 0.6186924435447324
3 790 332 789 0.14874254845165658 0.9418624733454816 0.6186924435447324
3 789 788 1124 0.14874254845165658 0.9418624733454816 0.6186924435447324
3 1124 1125 789 0.14874254845165658 0.9418624733454816 0.6186924435447324
3 1125 790 789 0.14874254845165658 0.9418624733454816 0.6186924435447324
3 790 709 708 0.14874254845165658 0.9418624733454816 0.6186924435447324
3 707 332 708 0.14874254845165658 0.9418624733454816 0.6186924435447324
3 708 332 790 0.14874254845165658 0.9418624733454816 0.6186924435447324
3 708 340 707 0.14874254845165658 0.9418624733454816 0.6186924435447324
3 708 709 340 0.14874254845165658 0.9418624733454816 0.6186924435447324
3 791 709 790 0.14874254845165658 0.9418624733454816 0.6186924435447324
3 791 1126 1127 0.14874254845165658 0.9418624733454816 0.6186924435447324
3 790 1126 791 0.14874254845165658 0.9418624733454816 0.6186924435447324
3 1159 1033 1032 0.14874254845165658 0.9418624733454816 0.6186924435447324
3 1032 780 1159 0.14874254845165658 0.9418624733454816 0.6186924435447324
3 1159 780 1158 0.14874254845165658 0.9418624733454816 0.6186924435447324
3 835 836 1159 0.14874254845165658 0.9418624733454816 0.6186924435447324
3 1159 1158 835 0.14874254845165658 0.9418624733454816 0.6186924435447324
3 263 264 782 0.14874254845165658 0.9418624733454816 0.6186924435447324
3 264 783 782 0.14874254845165658 0.9418624733454816 0.6186924435447324
3 782 783 326 0.14874254845165658 0.9418624733454816 0.6186924435447324
3 701 700 326 0.14874254845165658 0.9418624733454816 0.6186924435447324
3 701 327 702 0.14874254845165658 0.9418624733454816 0.6186924435447324
3 326 327 701 0.14874254845165658 0.9418624733454816 0.6186924435447324
3 702 328 703 0.14874254845165658 0.9418624733454816 0.6186924435447324
3 704 336 703 0.14874254845165658 0.9418624733454816 0.6186924435447324
3 703 335 702 0.14874254845165658 0.9418624733454816 0.6186924435447324
3 703 336 335 0.14874254845165658 0.9418624733454816 0.6186924435447324
3 329 330 704 0.14874254845165658 0.9418624733454816 0.6186924435447324
3 704 703 329 0.14874254845165658 0.9418624733454816 0.6186924435447324
3 329 703 328 0.14874254845165658 0.9418624733454816 0.6186924435447324
3 329 328 785 0.14874254845165658 0.9418624733454816 0.6186924435447324
3 788 331 787 0.14874254845165658 0.9418624733454816 0.6186924435447324
3 331 330 787 0.14874254845165658 0.9418624733454816 0.6186924435447324
3 268 1123 787 0.14874254845165658 0.9418624733454816 0.6186924435447324
3 787 1123 788 0.14874254845165658 0.9418624733454816 0.6186924435447324
3 337 336 704 0.14874254845165658 0.9418624733454816 0.6186924435447324
3 704 705 337 0.14874254845165658 0.9418624733454816 0.6186924435447324
3 1043 336 337 0.14874254845165658 0.9418624733454816 0.6186924435447324
3 706 705 331 0.14874254845165658 0.9418624733454816 0.6186924435447324
3 706 332 707 0.14874254845165658 0.9418624733454816 0.6186924435447324
3 331 332 706 0.14874254845165658 0.9418624733454816 0.6186924435447324
3 707 339 706 0.14874254845165658 0.9418624733454816 0.6186924435447324
3 917 918 1132 0.14874254845165658 0.9418624733454816 0.6186924435447324
3 918 1133 1132 0.14874254845165658 0.9418624733454816 0.6186924435447324
3 1132 1133 797 0.14874254845165658 0.9418624733454816 0.6186924435447324
3 1158 780 1157 0.14874254845165658 0.9418624733454816 0.6186924435447324
3 1156 833 1157 0.14874254845165658 0.9418624733454816 0.6186924435447324
3 1157 779 1156 0.14874254845165658 0.9418624733454816 0.6186924435447324
3 1157 780 779 0.14874254845165658 0.9418624733454816 0.6186924435447324
3 833 834 1157 0.14874254845165658 0.9418624733454816 0.6186924435447324
3 834 1158 1157 0.14874254845165658 0.9418624733454816 0.6186924435447324
3 1246 1167 1247 0.14874254845165658 0.9418624733454816 0.6186924435447324
3 1167 1248 1247 0.14874254845165658 0.9418624733454816 0.6186924435447324
3 1247 1248 1139 0.14874254845165658 0.9418624733454816 0.6186924435447324
3 1140 1248 1249 0.14874254845165658 0.9418624733454816 0.6186924435447324
3 1139 1248 1140 0.14874254845165658 0.9418624733454816 0.6186924435447324
3 1249 1064 1140 0.14874254845165658 0.9418624733454816 0.6186924435447324
3 1064 1063 1140 0.14874254845165658 0.9418624733454816 0.6186924435447324
3 1140 1063 1139 0.14874254845165658 0.9418624733454816 0.6186924435447324
3 918 1243 919 0.14874254845165658 0.9418624733454816 0.6186924435447324
3 919 920 1134 0.14874254845165658 0.9418624733454816 0.6186924435447324
3 1134 1133 919 0.14874254845165658 0.9418624733454816 0.6186924435447324
3 919 1133 918 0.14874254845165658 0.9418624733454816 0.6186924435447324
3 1243 1038 1244 0.14874254845165658 0.9418624733454816 0.6186924435447324
3 1244 1038 1245 0.14874254845165658 0.9418624733454816 0.6186924435447324
3 1245 920 1244 0.14874254845165658 0.9418624733454816 0.6186924435447324
3 1244 919 1243 0.14874254845165658 0.9418624733454816 0.6186924435447324
3 920 919 1244 0.14874254845165658 0.9418624733454816 0.6186924435447324
3 1039 1165 1166 0.14874254845165658 0.9418624733454816 0.6186924435447324
3 1039 1038 1165 0.14874254845165658 0.9418624733454816 0.6186924435447324
3 1166 1167 1039 0.14874254845165658 0.9418624733454816 0.6186924435447324
3 1039 1167 1246 0.14874254845165658 0.9418624733454816 0.6186924435447324
3 1246 1245 1039 0.14874254845165658 0.9418624733454816 0.6186924435447324
3 1245 1038 1039 0.14874254845165658 0.9418624733454816 0.6186924435447324
3 1028 777 778 0.14874254845165658 0.9418624733454816 0.6186924435447324
3 778 779 1029 0.14874254845165658 0.9418624733454816 0.6186924435447324
3 1029 1028 778 0.14874254845165658 0.9418624733454816 0.6186924435447324
3 1156 779 778 0.14874254845165658 0.9418624733454816 0.6186924435447324
3 776 777 1027 0.14874254845165658 0.9418624733454816 0.6186924435447324
3 776 1027 1026 0.14874254845165658 0.9418624733454816 0.6186924435447324
3 1026 775 776 0.14874254845165658 0.9418624733454816 0.6186924435447324
3 776 775 1153 0.14874254845165658 0.9418624733454816 0.6186924435447324
3 244 767 768 0.14874254845165658 0.9418624733454816 0.6186924435447324
3 244 245 1018 0.14874254845165658 0.9418624733454816 0.6186924435447324
3 768 245 244 0.14874254845165658 0.9418624733454816 0.6186924435447324
3 1018 1017 244 0.14874254845165658 0.9418624733454816 0.6186924435447324
3 244 1017 243 0.14874254845165658 0.9418624733454816 0.6186924435447324
3 243 767 244 0.14874254845165658 0.9418624733454816 0.6186924435447324
3 1001 1002 867 0.14874254845165658 0.9418624733454816 0.6186924435447324
3 1000 1001 867 0.14874254845165658 0.9418624733454816 0.6186924435447324
3 867 866 1000 0.14874254845165658 0.9418624733454816 0.6186924435447324
3 867 1347 1346 0.14874254845165658 0.9418624733454816 0.6186924435447324
3 1346 866 867 0.14874254845165658 0.9418624733454816 0.6186924435447324
3 1153 538 1154 0.14874254845165658 0.9418624733454816 0.6186924435447324
3 1154 776 1153 0.14874254845165658 0.9418624733454816 0.6186924435447324
3 777 776 1154 0.14874254845165658 0.9418624733454816 0.6186924435447324
3 1341 823 822 0.14874254845165658 0.9418624733454816 0.6186924435447324
3 822 530 821 0.14874254845165658 0.9418624733454816 0.6186924435447324
3 822 821 1340 0.14874254845165658 0.9418624733454816 0.6186924435447324
3 1340 1341 822 0.14874254845165658 0.9418624733454816 0.6186924435447324
3 1147 1146 531 0.14874254845165658 0.9418624733454816 0.6186924435447324
3 531 1146 530 0.14874254845165658 0.9418624733454816 0.6186924435447324
3 531 532 1147 0.14874254845165658 0.9418624733454816 0.6186924435447324
3 531 823 532 0.14874254845165658 0.9418624733454816 0.6186924435447324
3 530 822 531 0.14874254845165658 0.9418624733454816 0.6186924435447324
3 531 822 823 0.14874254845165658 0.9418624733454816 0.6186924435447324
3 393 392 435 0.14874254845165658 0.9418624733454816 0.6186924435447324
3 435 436 393 0.14874254845165658 0.9418624733454816 0.6186924435447324
3 494 436 435 0.14874254845165658 0.9418624733454816 0.6186924435447324
3 435 392 434 0.14874254845165658 0.9418624733454816 0.6186924435447324
3 435 493 494 0.14874254845165658 0.9418624733454816 0.6186924435447324
3 434 493 435 0.14874254845165658 0.9418624733454816 0.6186924435447324
3 391 313 390 0.14874254845165658 0.9418624733454816 0.6186924435447324
3 390 433 391 0.14874254845165658 0.9418624733454816 0.6186924435447324
3 390 313 312 0.14874254845165658 0.9418624733454816 0.6186924435447324
3 432 433 390 0.14874254845165658 0.9418624733454816 0.6186924435447324
3 390 389 432 0.14874254845165658 0.9418624733454816 0.6186924435447324
3 312 389 390 0.14874254845165658 0.9418624733454816 0.6186924435447324
3 902 903 251 0.14874254845165658 0.9418624733454816 0.6186924435447324
3 250 902 251 0.14874254845165658 0.9418624733454816 0.6186924435447324
3 251 686 250 0.14874254845165658 0.9418624733454816 0.6186924435447324
3 251 687 686 0.14874254845165658 0.9418624733454816 0.6186924435447324
3 252 687 251 0.14874254845165658 0.9418624733454816 0.6186924435447324
3 251 903 252 0.14874254845165658 0.9418624733454816 0.6186924435447324
3 252 903 904 0.14874254845165658 0.9418624733454816 0.6186924435447324
3 904 253 252 0.14874254845165658 0.9418624733454816 0.6186924435447324
3 905 253 904 0.14874254845165658 0.9418624733454816 0.6186924435447324
3 559 560 904 0.14874254845165658 0.9418624733454816 0.6186924435447324
3 904 560 905 0.14874254845165658 0.9418624733454816 0.6186924435447324
3 180 179 558 0.14874254845165658 0.9418624733454816 0.6186924435447324
3 180 903 179 0.14874254845165658 0.9418624733454816 0.6186924435447324
3 558 559 180 0.14874254845165658 0.9418624733454816 0.6186924435447324
3 559 904 180 0.14874254845165658 0.9418624733454816 0.6186924435447324
3 180 904 903 0.14874254845165658 0.9418624733454816 0.6186924435447324
3 690 254 906 0.14874254845165658 0.9418624733454816 0.6186924435447324
3 906 561 562 0.14874254845165658 0.9418624733454816 0.6186924435447324
3 906 254 905 0.14874254845165658 0.9418624733454816 0.6186924435447324
3 905 561 906 0.14874254845165658 0.9418624733454816 0.6186924435447324
3 1230 561 560 0.14874254845165658 0.9418624733454816 0.6186924435447324
3 1230 560 1229 0.14874254845165658 0.9418624733454816 0.6186924435447324
3 1230 459 460 0.14874254845165658 0.9418624733454816 0.6186924435447324
3 1229 459 1230 0.14874254845165658 0.9418624733454816 0.6186924435447324
3 1232 562 1231 0.14874254845165658 0.9418624733454816 0.6186924435447324
3 562 561 1231 0.14874254845165658 0.9418624733454816 0.6186924435447324
3 561 1230 1231 0.14874254845165658 0.9418624733454816 0.6186924435447324
3 1231 1230 460 0.14874254845165658 0.9418624733454816 0.6186924435447324
3 1231 460 549 0.14874254845165658 0.9418624733454816 0.6186924435447324
3 549 550 1231 0.14874254845165658 0.9418624733454816 0.6186924435447324
3 1231 550 1232 0.14874254845165658 0.9418624733454816 0.6186924435447324
3 585 586 234 0.14874254845165658 0.9418624733454816 0.6186924435447324
3 883 233 234 0.14874254845165658 0.9418624733454816 0.6186924435447324
3 234 233 585 0.14874254845165658 0.9418624733454816 0.6186924435447324
3 884 883 234 0.14874254845165658 0.9418624733454816 0.6186924435447324
3 234 586 884 0.14874254845165658 0.9418624733454816 0.6186924435447324
3 659 660 216 0.14874254845165658 0.9418624733454816 0.6186924435447324
3 295 660 659 0.14874254845165658 0.9418624733454816 0.6186924435447324
3 216 658 659 0.14874254845165658 0.9418624733454816 0.6186924435447324
3 658 294 659 0.14874254845165658 0.9418624733454816 0.6186924435447324
3 659 294 295 0.14874254845165658 0.9418624733454816 0.6186924435447324
3 661 660 296 0.14874254845165658 0.9418624733454816 0.6186924435447324
3 296 755 661 0.14874254845165658 0.9418624733454816 0.6186924435447324
3 661 755 662 0.14874254845165658 0.9418624733454816 0.6186924435447324
3 868 1003 869 0.14874254845165658 0.9418624733454816 0.6186924435447324
3 868 1002 1003 0.14874254845165658 0.9418624733454816 0.6186924435447324
3 868 867 1002 0.14874254845165658 0.9418624733454816 0.6186924435447324
3 1347 867 868 0.14874254845165658 0.9418624733454816 0.6186924435447324
3 868 869 1348 0.14874254845165658 0.9418624733454816 0.6186924435447324
3 1348 1347 868 0.14874254845165658 0.9418624733454816 0.6186924435447324
3 885 886 603 0.14874254845165658 0.9418624733454816 0.6186924435447324
3 602 884 885 0.14874254845165658 0.9418624733454816 0.6186924435447324
3 885 603 602 0.14874254845165658 0.9418624733454816 0.6186924435447324
3 884 587 885 0.14874254845165658 0.9418624733454816 0.6186924435447324
3 885 587 588 0.14874254845165658 0.9418624733454816 0.6186924435447324
3 588 886 885 0.14874254845165658 0.9418624733454816 0.6186924435447324
3 855 1296 856 0.14874254845165658 0.9418624733454816 0.6186924435447324
3 1297 1296 940 0.14874254845165658 0.9418624733454816 0.6186924435447324
3 1298 856 1297 0.14874254845165658 0.9418624733454816 0.6186924435447324
3 1297 856 1296 0.14874254845165658 0.9418624733454816 0.6186924435447324
3 939 1296 1295 0.14874254845165658 0.9418624733454816 0.6186924435447324
3 1295 1294 938 0.14874254845165658 0.9418624733454816 0.6186924435447324
3 938 939 1295 0.14874254845165658 0.9418624733454816 0.6186924435447324
3 854 1294 1295 0.14874254845165658 0.9418624733454816 0.6186924435447324
3 1295 855 854 0.14874254845165658 0.9418624733454816 0.6186924435447324
3 1295 1296 855 0.14874254845165658 0.9418624733454816 0.6186924435447324
3 941 1297 940 0.14874254845165658 0.9418624733454816 0.6186924435447324
3 1298 1297 941 0.14874254845165658 0.9418624733454816 0.6186924435447324
3 940 987 941 0.14874254845165658 0.9418624733454816 0.6186924435447324
3 987 988 941 0.14874254845165658 0.9418624733454816 0.6186924435447324
3 1059 986 985 0.14874254845165658 0.9418624733454816 0.6186924435447324
3 985 1058 1059 0.14874254845165658 0.9418624733454816 0.6186924435447324
3 1055 715 1056 0.14874254845165658 0.9418624733454816 0.6186924435447324
3 1056 715 797 0.14874254845165658 0.9418624733454816 0.6186924435447324
3 731 984 983 0.14874254845165658 0.9418624733454816 0.6186924435447324
3 731 1058 984 0.14874254845165658 0.9418624733454816 0.6186924435447324
3 731 983 623 0.14874254845165658 0.9418624733454816 0.6186924435447324
3 623 730 731 0.14874254845165658 0.9418624733454816 0.6186924435447324
3 731 730 1055 0.14874254845165658 0.9418624733454816 0.6186924435447324
3 1055 1056 731 0.14874254845165658 0.9418624733454816 0.6186924435447324
3 1062 988 1061 0.14874254845165658 0.9418624733454816 0.6186924435447324
3 1139 1063 1062 0.14874254845165658 0.9418624733454816 0.6186924435447324
3 989 1063 990 0.14874254845165658 0.9418624733454816 0.6186924435447324
3 990 943 989 0.14874254845165658 0.9418624733454816 0.6186924435447324
3 989 1062 1063 0.14874254845165658 0.9418624733454816 0.6186924435447324
3 988 1062 989 0.14874254845165658 0.9418624733454816 0.6186924435447324
3 353 970 971 0.14874254845165658 0.9418624733454816 0.6186924435447324
3 353 352 970 0.14874254845165658 0.9418624733454816 0.6186924435447324
3 971 354 353 0.14874254845165658 0.9418624733454816 0.6186924435447324
3 353 354 629 0.14874254845165658 0.9418624733454816 0.6186924435447324
3 181 462 182 0.14874254845165658 0.9418624733454816 0.6186924435447324
3 145 181 182 0.14874254845165658 0.9418624733454816 0.6186924435447324
3 182 146 145 0.14874254845165658 0.9418624733454816 0.6186924435447324
3 182 183 146 0.14874254845165658 0.9418624733454816 0.6186924435447324
3 182 463 183 0.14874254845165658 0.9418624733454816 0.6186924435447324
3 182 462 463 0.14874254845165658 0.9418624733454816 0.6186924435447324
3 635 470 634 0.14874254845165658 0.9418624733454816 0.6186924435447324
3 634 470 633 0.14874254845165658 0.9418624733454816 0.6186924435447324
3 977 635 634 0.14874254845165658 0.9418624733454816 0.6186924435447324
3 634 976 977 0.14874254845165658 0.9418624733454816 0.6186924435447324
3 633 976 634 0.14874254845165658 0.9418624733454816 0.6186924435447324
3 631 632 468 0.14874254845165658 0.9418624733454816 0.6186924435447324
3 631 468 467 0.14874254845165658 0.9418624733454816 0.6186924435447324
3 467 630 631 0.14874254845165658 0.9418624733454816 0.6186924435447324
3 630 355 631 0.14874254845165658 0.9418624733454816 0.6186924435447324
3 887 589 590 0.14874254845165658 0.9418624733454816 0.6186924435447324
3 590 888 887 0.14874254845165658 0.9418624733454816 0.6186924435447324
3 591 888 590 0.14874254845165658 0.9418624733454816 0.6186924435447324
3 1074 758 757 0.14874254845165658 0.9418624733454816 0.6186924435447324
3 757 756 1073 0.14874254845165658 0.9418624733454816 0.6186924435447324
3 1073 1074 757 0.14874254845165658 0.9418624733454816 0.6186924435447324
3 757 758 664 0.14874254845165658 0.9418624733454816 0.6186924435447324
3 664 663 757 0.14874254845165658 0.9418624733454816 0.6186924435447324
3 757 663 756 0.14874254845165658 0.9418624733454816 0.6186924435447324
3 578 665 579 0.14874254845165658 0.9418624733454816 0.6186924435447324
3 579 1180 578 0.14874254845165658 0.9418624733454816 0.6186924435447324
3 577 576 663 0.14874254845165658 0.9418624733454816 0.6186924435447324
3 664 578 577 0.14874254845165658 0.9418624733454816 0.6186924435447324
3 577 663 664 0.14874254845165658 0.9418624733454816 0.6186924435447324
3 216 660 573 0.14874254845165658 0.9418624733454816 0.6186924435447324
3 1174 572 573 0.14874254845165658 0.9418624733454816 0.6186924435447324
3 573 572 216 0.14874254845165658 0.9418624733454816 0.6186924435447324
3 745 746 1079 0.14874254845165658 0.9418624733454816 0.6186924435447324
3 746 1080 1079 0.14874254845165658 0.9418624733454816 0.6186924435447324
3 1079 1080 763 0.14874254845165658 0.9418624733454816 0.6186924435447324
3 666 667 580 0.14874254845165658 0.9418624733454816 0.6186924435447324
3 580 579 666 0.14874254845165658 0.9418624733454816 0.6186924435447324
3 666 579 665 0.14874254845165658 0.9418624733454816 0.6186924435447324
3 666 665 759 0.14874254845165658 0.9418624733454816 0.6186924435447324
3 760 759 1076 0.14874254845165658 0.9418624733454816 0.6186924435447324
3 760 666 759 0.14874254845165658 0.9418624733454816 0.6186924435447324
3 667 666 760 0.14874254845165658 0.9418624733454816 0.6186924435447324
3 683 958 682 0.14874254845165658 0.9418624733454816 0.6186924435447324
3 959 958 683 0.14874254845165658 0.9418624733454816 0.6186924435447324
3 683 960 959 0.14874254845165658 0.9418624733454816 0.6186924435447324
3 959 814 813 0.14874254845165658 0.9418624733454816 0.6186924435447324
3 812 958 813 0.14874254845165658 0.9418624733454816 0.6186924435447324
3 813 958 959 0.14874254845165658 0.9418624733454816 0.6186924435447324
3 813 1265 812 0.14874254845165658 0.9418624733454816 0.6186924435447324
3 1265 813 1266 0.14874254845165658 0.9418624733454816 0.6186924435447324
3 1266 813 814 0.14874254845165658 0.9418624733454816 0.6186924435447324
3 1326 1325 1266 0.14874254845165658 0.9418624733454816 0.6186924435447324
3 1325 1265 1266 0.14874254845165658 0.9418624733454816 0.6186924435447324
3 1085 856 1086 0.14874254845165658 0.9418624733454816 0.6186924435447324
3 855 856 1085 0.14874254845165658 0.9418624733454816 0.6186924435447324
3 1190 1085 1086 0.14874254845165658 0.9418624733454816 0.6186924435447324
3 1114 1113 1190 0.14874254845165658 0.9418624733454816 0.6186924435447324
3 1331 1330 1272 0.14874254845165658 0.9418624733454816 0.6186924435447324
3 1330 1271 1272 0.14874254845165658 0.9418624733454816 0.6186924435447324
3 963 816 962 0.14874254845165658 0.9418624733454816 0.6186924435447324
3 1270 816 963 0.14874254845165658 0.9418624733454816 0.6186924435447324
3 617 975 616 0.14874254845165658 0.9418624733454816 0.6186924435447324
3 617 616 724 0.14874254845165658 0.9418624733454816 0.6186924435447324
3 618 976 617 0.14874254845165658 0.9418624733454816 0.6186924435447324
3 976 975 617 0.14874254845165658 0.9418624733454816 0.6186924435447324
3 725 618 617 0.14874254845165658 0.9418624733454816 0.6186924435447324
3 617 724 725 0.14874254845165658 0.9418624733454816 0.6186924435447324
3 792 791 1127 0.14874254845165658 0.9418624733454816 0.6186924435447324
3 1127 1128 792 0.14874254845165658 0.9418624733454816 0.6186924435447324
3 1128 793 792 0.14874254845165658 0.9418624733454816 0.6186924435447324
3 792 793 711 0.14874254845165658 0.9418624733454816 0.6186924435447324
3 1033 1159 1160 0.14874254845165658 0.9418624733454816 0.6186924435447324
3 1161 1034 1160 0.14874254845165658 0.9418624733454816 0.6186924435447324
3 1034 1033 1160 0.14874254845165658 0.9418624733454816 0.6186924435447324
3 1160 836 1161 0.14874254845165658 0.9418624733454816 0.6186924435447324
3 1160 1159 836 0.14874254845165658 0.9418624733454816 0.6186924435447324
3 325 782 326 0.14874254845165658 0.9418624733454816 0.6186924435447324
3 326 700 325 0.14874254845165658 0.9418624733454816 0.6186924435447324
3 37 36 325 0.14874254845165658 0.9418624733454816 0.6186924435447324
3 325 700 37 0.14874254845165658 0.9418624733454816 0.6186924435447324
3 781 36 35 0.14874254845165658 0.9418624733454816 0.6186924435447324
3 263 782 781 0.14874254845165658 0.9418624733454816 0.6186924435447324
3 781 325 36 0.14874254845165658 0.9418624733454816 0.6186924435447324
3 782 325 781 0.14874254845165658 0.9418624733454816 0.6186924435447324
3 781 262 263 0.14874254845165658 0.9418624733454816 0.6186924435447324
3 35 262 781 0.14874254845165658 0.9418624733454816 0.6186924435447324
3 334 1041 1040 0.14874254845165658 0.9418624733454816 0.6186924435447324
3 335 1041 334 0.14874254845165658 0.9418624733454816 0.6186924435447324
3 702 335 334 0.14874254845165658 0.9418624733454816 0.6186924435447324
3 334 701 702 0.14874254845165658 0.9418624733454816 0.6186924435447324
3 330 329 786 0.14874254845165658 0.9418624733454816 0.6186924435447324
3 786 787 330 0.14874254845165658 0.9418624733454816 0.6186924435447324
3 786 329 785 0.14874254845165658 0.9418624733454816 0.6186924435447324
3 268 787 786 0.14874254845165658 0.9418624733454816 0.6186924435447324
3 786 267 268 0.14874254845165658 0.9418624733454816 0.6186924435447324
3 786 785 267 0.14874254845165658 0.9418624733454816 0.6186924435447324
3 339 1046 1045 0.14874254845165658 0.9418624733454816 0.6186924435447324
3 1045 1046 346 0.14874254845165658 0.9418624733454816 0.6186924435447324
3 917 1132 1131 0.14874254845165658 0.9418624733454816 0.6186924435447324
3 1131 916 917 0.14874254845165658 0.9418624733454816 0.6186924435447324
3 1131 1130 916 0.14874254845165658 0.9418624733454816 0.6186924435447324
3 796 1130 1131 0.14874254845165658 0.9418624733454816 0.6186924435447324
3 797 796 1131 0.14874254845165658 0.9418624733454816 0.6186924435447324
3 1131 1132 797 0.14874254845165658 0.9418624733454816 0.6186924435447324
3 1138 1247 1139 0.14874254845165658 0.9418624733454816 0.6186924435447324
3 1139 1062 1138 0.14874254845165658 0.9418624733454816 0.6186924435447324
3 1138 1137 1246 0.14874254845165658 0.9418624733454816 0.6186924435447324
3 1246 1247 1138 0.14874254845165658 0.9418624733454816 0.6186924435447324
3 1061 1137 1138 0.14874254845165658 0.9418624733454816 0.6186924435447324
3 1138 1062 1061 0.14874254845165658 0.9418624733454816 0.6186924435447324
3 1155 778 777 0.14874254845165658 0.9418624733454816 0.6186924435447324
3 777 1154 1155 0.14874254845165658 0.9418624733454816 0.6186924435447324
3 1156 778 1155 0.14874254845165658 0.9418624733454816 0.6186924435447324
3 1155 1154 538 0.14874254845165658 0.9418624733454816 0.6186924435447324
3 832 1156 1155 0.14874254845165658 0.9418624733454816 0.6186924435447324
3 1155 831 832 0.14874254845165658 0.9418624733454816 0.6186924435447324
3 1155 538 831 0.14874254845165658 0.9418624733454816 0.6186924435447324
3 907 906 562 0.14874254845165658 0.9418624733454816 0.6186924435447324
3 563 908 907 0.14874254845165658 0.9418624733454816 0.6186924435447324
3 907 562 563 0.14874254845165658 0.9418624733454816 0.6186924435447324
3 908 691 907 0.14874254845165658 0.9418624733454816 0.6186924435447324
3 907 691 690 0.14874254845165658 0.9418624733454816 0.6186924435447324
3 690 906 907 0.14874254845165658 0.9418624733454816 0.6186924435447324
3 1303 943 990 0.14874254845165658 0.9418624733454816 0.6186924435447324
3 1088 1301 1089 0.14874254845165658 0.9418624733454816 0.6186924435447324
3 1193 1192 1088 0.14874254845165658 0.9418624733454816 0.6186924435447324
3 1088 1089 1193 0.14874254845165658 0.9418624733454816 0.6186924435447324
3 1298 941 942 0.14874254845165658 0.9418624733454816 0.6186924435447324
3 942 989 943 0.14874254845165658 0.9418624733454816 0.6186924435447324
3 942 941 988 0.14874254845165658 0.9418624733454816 0.6186924435447324
3 988 989 942 0.14874254845165658 0.9418624733454816 0.6186924435447324
3 986 1059 1060 0.14874254845165658 0.9418624733454816 0.6186924435447324
3 1061 987 1060 0.14874254845165658 0.9418624733454816 0.6186924435447324
3 987 986 1060 0.14874254845165658 0.9418624733454816 0.6186924435447324
3 1060 1137 1061 0.14874254845165658 0.9418624733454816 0.6186924435447324
3 1137 1060 1136 0.14874254845165658 0.9418624733454816 0.6186924435447324
3 1136 1060 1059 0.14874254845165658 0.9418624733454816 0.6186924435447324
3 1136 920 1245 0.14874254845165658 0.9418624733454816 0.6186924435447324
3 1136 1245 1246 0.14874254845165658 0.9418624733454816 0.6186924435447324
3 1246 1137 1136 0.14874254845165658 0.9418624733454816 0.6186924435447324
3 1058 731 1057 0.14874254845165658 0.9418624733454816 0.6186924435447324
3 1057 731 1056 0.14874254845165658 0.9418624733454816 0.6186924435447324
3 1057 797 1134 0.14874254845165658 0.9418624733454816 0.6186924435447324
3 1057 1056 797 0.14874254845165658 0.9418624733454816 0.6186924435447324
3 627 352 628 0.14874254845165658 0.9418624733454816 0.6186924435447324
3 352 353 628 0.14874254845165658 0.9418624733454816 0.6186924435447324
3 628 353 629 0.14874254845165658 0.9418624733454816 0.6186924435447324
3 628 629 465 0.14874254845165658 0.9418624733454816 0.6186924435447324
3 465 464 628 0.14874254845165658 0.9418624733454816 0.6186924435447324
3 464 627 628 0.14874254845165658 0.9418624733454816 0.6186924435447324
3 356 631 355 0.14874254845165658 0.9418624733454816 0.6186924435447324
3 973 974 356 0.14874254845165658 0.9418624733454816 0.6186924435447324
3 356 355 973 0.14874254845165658 0.9418624733454816 0.6186924435447324
3 632 631 356 0.14874254845165658 0.9418624733454816 0.6186924435447324
3 974 975 356 0.14874254845165658 0.9418624733454816 0.6186924435447324
3 356 975 632 0.14874254845165658 0.9418624733454816 0.6186924435447324
3 578 1180 1179 0.14874254845165658 0.9418624733454816 0.6186924435447324
3 1179 577 578 0.14874254845165658 0.9418624733454816 0.6186924435447324
3 660 661 574 0.14874254845165658 0.9418624733454816 0.6186924435447324
3 574 573 660 0.14874254845165658 0.9418624733454816 0.6186924435447324
3 1078 744 745 0.14874254845165658 0.9418624733454816 0.6186924435447324
3 745 1079 1078 0.14874254845165658 0.9418624733454816 0.6186924435447324
3 763 1185 668 0.14874254845165658 0.9418624733454816 0.6186924435447324
3 580 667 668 0.14874254845165658 0.9418624733454816 0.6186924435447324
3 1186 1185 763 0.14874254845165658 0.9418624733454816 0.6186924435447324
3 897 1185 1186 0.14874254845165658 0.9418624733454816 0.6186924435447324
3 1186 898 897 0.14874254845165658 0.9418624733454816 0.6186924435447324
3 962 816 961 0.14874254845165658 0.9418624733454816 0.6186924435447324
3 961 1107 962 0.14874254845165658 0.9418624733454816 0.6186924435447324
3 1268 1328 1327 0.14874254845165658 0.9418624733454816 0.6186924435447324
3 763 1080 1081 0.14874254845165658 0.9418624733454816 0.6186924435447324
3 1081 1082 763 0.14874254845165658 0.9418624733454816 0.6186924435447324
3 1081 1080 747 0.14874254845165658 0.9418624733454816 0.6186924435447324
3 747 1082 1081 0.14874254845165658 0.9418624733454816 0.6186924435447324
3 1188 1082 1083 0.14874254845165658 0.9418624733454816 0.6186924435447324
3 1083 747 854 0.14874254845165658 0.9418624733454816 0.6186924435447324
3 1083 1082 747 0.14874254845165658 0.9418624733454816 0.6186924435447324
3 1191 1190 1086 0.14874254845165658 0.9418624733454816 0.6186924435447324
3 1191 1192 1114 0.14874254845165658 0.9418624733454816 0.6186924435447324
3 1114 1190 1191 0.14874254845165658 0.9418624733454816 0.6186924435447324
3 1085 1190 1189 0.14874254845165658 0.9418624733454816 0.6186924435447324
3 1189 1190 1113 0.14874254845165658 0.9418624733454816 0.6186924435447324
3 1332 1331 1273 0.14874254845165658 0.9418624733454816 0.6186924435447324
3 1331 1272 1273 0.14874254845165658 0.9418624733454816 0.6186924435447324
3 964 1271 1270 0.14874254845165658 0.9418624733454816 0.6186924435447324
3 1270 963 964 0.14874254845165658 0.9418624733454816 0.6186924435447324
3 892 594 893 0.14874254845165658 0.9418624733454816 0.6186924435447324
3 894 1107 893 0.14874254845165658 0.9418624733454816 0.6186924435447324
3 893 1182 894 0.14874254845165658 0.9418624733454816 0.6186924435447324
3 1105 683 1104 0.14874254845165658 0.9418624733454816 0.6186924435447324
3 960 683 1105 0.14874254845165658 0.9418624733454816 0.6186924435447324
3 1104 608 1105 0.14874254845165658 0.9418624733454816 0.6186924435447324
3 606 889 607 0.14874254845165658 0.9418624733454816 0.6186924435447324
3 607 1102 606 0.14874254845165658 0.9418624733454816 0.6186924435447324
3 709 791 710 0.14874254845165658 0.9418624733454816 0.6186924435447324
3 791 792 710 0.14874254845165658 0.9418624733454816 0.6186924435447324
3 710 792 711 0.14874254845165658 0.9418624733454816 0.6186924435447324
3 1049 709 710 0.14874254845165658 0.9418624733454816 0.6186924435447324
3 711 1050 710 0.14874254845165658 0.9418624733454816 0.6186924435447324
3 1050 1049 710 0.14874254845165658 0.9418624733454816 0.6186924435447324
3 700 701 333 0.14874254845165658 0.9418624733454816 0.6186924435447324
3 701 334 333 0.14874254845165658 0.9418624733454816 0.6186924435447324
3 38 700 333 0.14874254845165658 0.9418624733454816 0.6186924435447324
3 333 334 1040 0.14874254845165658 0.9418624733454816 0.6186924435447324
3 333 39 38 0.14874254845165658 0.9418624733454816 0.6186924435447324
3 1040 39 333 0.14874254845165658 0.9418624733454816 0.6186924435447324
3 339 1045 338 0.14874254845165658 0.9418624733454816 0.6186924435447324
3 338 337 705 0.14874254845165658 0.9418624733454816 0.6186924435447324
3 338 706 339 0.14874254845165658 0.9418624733454816 0.6186924435447324
3 705 706 338 0.14874254845165658 0.9418624733454816 0.6186924435447324
3 345 1045 346 0.14874254845165658 0.9418624733454816 0.6186924435447324
3 345 346 720 0.14874254845165658 0.9418624733454816 0.6186924435447324
3 345 719 344 0.14874254845165658 0.9418624733454816 0.6186924435447324
3 720 719 345 0.14874254845165658 0.9418624733454816 0.6186924435447324
3 1089 1301 1302 0.14874254845165658 0.9418624733454816 0.6186924435447324
3 1302 1303 1089 0.14874254845165658 0.9418624733454816 0.6186924435447324
3 1302 1301 943 0.14874254845165658 0.9418624733454816 0.6186924435447324
3 943 1303 1302 0.14874254845165658 0.9418624733454816 0.6186924435447324
3 1304 1194 1089 0.14874254845165658 0.9418624733454816 0.6186924435447324
3 1089 1303 1304 0.14874254845165658 0.9418624733454816 0.6186924435447324
3 1305 1194 1304 0.14874254845165658 0.9418624733454816 0.6186924435447324
3 990 1305 1304 0.14874254845165658 0.9418624733454816 0.6186924435447324
3 1304 1303 990 0.14874254845165658 0.9418624733454816 0.6186924435447324
3 1299 856 1298 0.14874254845165658 0.9418624733454816 0.6186924435447324
3 1298 942 1299 0.14874254845165658 0.9418624733454816 0.6186924435447324
3 1299 942 943 0.14874254845165658 0.9418624733454816 0.6186924435447324
3 1135 1059 1058 0.14874254845165658 0.9418624733454816 0.6186924435447324
3 1135 1136 1059 0.14874254845165658 0.9418624733454816 0.6186924435447324
3 1135 1057 1134 0.14874254845165658 0.9418624733454816 0.6186924435447324
3 1058 1057 1135 0.14874254845165658 0.9418624733454816 0.6186924435447324
3 1134 920 1135 0.14874254845165658 0.9418624733454816 0.6186924435447324
3 920 1136 1135 0.14874254845165658 0.9418624733454816 0.6186924435447324
3 1180 594 593 0.14874254845165658 0.9418624733454816 0.6186924435447324
3 593 1179 1180 0.14874254845165658 0.9418624733454816 0.6186924435447324
3 576 577 1178 0.14874254845165658 0.9418624733454816 0.6186924435447324
3 577 1179 1178 0.14874254845165658 0.9418624733454816 0.6186924435447324
3 575 574 661 0.14874254845165658 0.9418624733454816 0.6186924435447324
3 662 576 575 0.14874254845165658 0.9418624733454816 0.6186924435447324
3 575 661 662 0.14874254845165658 0.9418624733454816 0.6186924435447324
3 1174 573 1175 0.14874254845165658 0.9418624733454816 0.6186924435447324
3 573 574 1175 0.14874254845165658 0.9418624733454816 0.6186924435447324
3 1175 588 1174 0.14874254845165658 0.9418624733454816 0.6186924435447324
3 1175 589 588 0.14874254845165658 0.9418624733454816 0.6186924435447324
3 743 744 1077 0.14874254845165658 0.9418624733454816 0.6186924435447324
3 744 1078 1077 0.14874254845165658 0.9418624733454816 0.6186924435447324
3 1077 1076 743 0.14874254845165658 0.9418624733454816 0.6186924435447324
3 1077 760 1076 0.14874254845165658 0.9418624733454816 0.6186924435447324
3 760 1077 761 0.14874254845165658 0.9418624733454816 0.6186924435447324
3 761 1077 1078 0.14874254845165658 0.9418624733454816 0.6186924435447324
3 667 760 761 0.14874254845165658 0.9418624733454816 0.6186924435447324
3 761 668 667 0.14874254845165658 0.9418624733454816 0.6186924435447324
3 763 1082 1187 0.14874254845165658 0.9418624733454816 0.6186924435447324
3 1187 1186 763 0.14874254845165658 0.9418624733454816 0.6186924435447324
3 1187 1082 1188 0.14874254845165658 0.9418624733454816 0.6186924435447324
3 1188 898 1187 0.14874254845165658 0.9418624733454816 0.6186924435447324
3 898 1186 1187 0.14874254845165658 0.9418624733454816 0.6186924435447324
3 896 1185 897 0.14874254845165658 0.9418624733454816 0.6186924435447324
3 1269 816 1270 0.14874254845165658 0.9418624733454816 0.6186924435447324
3 1269 1268 816 0.14874254845165658 0.9418624733454816 0.6186924435447324
3 1269 1270 1328 0.14874254845165658 0.9418624733454816 0.6186924435447324
3 1328 1268 1269 0.14874254845165658 0.9418624733454816 0.6186924435447324
3 1267 1266 814 0.14874254845165658 0.9418624733454816 0.6186924435447324
3 1326 1266 1267 0.14874254845165658 0.9418624733454816 0.6186924435447324
3 1327 1326 1267 0.14874254845165658 0.9418624733454816 0.6186924435447324
3 1267 1268 1327 0.14874254845165658 0.9418624733454816 0.6186924435447324
3 816 1268 815 0.14874254845165658 0.9418624733454816 0.6186924435447324
3 815 961 816 0.14874254845165658 0.9418624733454816 0.6186924435447324
3 815 1267 814 0.14874254845165658 0.9418624733454816 0.6186924435447324
3 1268 1267 815 0.14874254845165658 0.9418624733454816 0.6186924435447324
3 814 960 815 0.14874254845165658 0.9418624733454816 0.6186924435447324
3 960 961 815 0.14874254845165658 0.9418624733454816 0.6186924435447324
3 1087 1088 1192 0.14874254845165658 0.9418624733454816 0.6186924435447324
3 1192 1191 1087 0.14874254845165658 0.9418624733454816 0.6186924435447324
3 1087 1191 1086 0.14874254845165658 0.9418624733454816 0.6186924435447324
3 1086 856 1087 0.14874254845165658 0.9418624733454816 0.6186924435447324
3 856 1299 1087 0.14874254845165658 0.9418624733454816 0.6186924435447324
3 1087 1299 1088 0.14874254845165658 0.9418624733454816 0.6186924435447324
3 1085 1189 1084 0.14874254845165658 0.9418624733454816 0.6186924435447324
3 855 1085 1084 0.14874254845165658 0.9418624733454816 0.6186924435447324
3 1188 1083 1084 0.14874254845165658 0.9418624733454816 0.6186924435447324
3 1084 1189 1188 0.14874254845165658 0.9418624733454816 0.6186924435447324
3 854 855 1084 0.14874254845165658 0.9418624733454816 0.6186924435447324
3 1084 1083 854 0.14874254845165658 0.9418624733454816 0.6186924435447324
3 1332 1273 1274 0.14874254845165658 0.9418624733454816 0.6186924435447324
3 1274 1333 1332 0.14874254845165658 0.9418624733454816 0.6186924435447324
3 1275 1333 1274 0.14874254845165658 0.9418624733454816 0.6186924435447324
3 1274 1113 1275 0.14874254845165658 0.9418624733454816 0.6186924435447324
3 965 1272 1271 0.14874254845165658 0.9418624733454816 0.6186924435447324
3 1271 964 965 0.14874254845165658 0.9418624733454816 0.6186924435447324
3 1183 895 894 0.14874254845165658 0.9418624733454816 0.6186924435447324
3 894 1182 1183 0.14874254845165658 0.9418624733454816 0.6186924435447324
3 580 668 1183 0.14874254845165658 0.9418624733454816 0.6186924435447324
3 1183 1182 580 0.14874254845165658 0.9418624733454816 0.6186924435447324
3 1181 594 1180 0.14874254845165658 0.9418624733454816 0.6186924435447324
3 1180 579 1181 0.14874254845165658 0.9418624733454816 0.6186924435447324
3 1181 893 594 0.14874254845165658 0.9418624733454816 0.6186924435447324
3 1182 893 1181 0.14874254845165658 0.9418624733454816 0.6186924435447324
3 1181 579 580 0.14874254845165658 0.9418624733454816 0.6186924435447324
3 580 1182 1181 0.14874254845165658 0.9418624733454816 0.6186924435447324
3 960 1105 1106 0.14874254845165658 0.9418624733454816 0.6186924435447324
3 1106 961 960 0.14874254845165658 0.9418624733454816 0.6186924435447324
3 1107 961 1106 0.14874254845165658 0.9418624733454816 0.6186924435447324
3 1106 893 1107 0.14874254845165658 0.9418624733454816 0.6186924435447324
3 892 893 1106 0.14874254845165658 0.9418624733454816 0.6186924435447324
3 1106 1105 892 0.14874254845165658 0.9418624733454816 0.6186924435447324
3 1103 608 1104 0.14874254845165658 0.9418624733454816 0.6186924435447324
3 1103 607 608 0.14874254845165658 0.9418624733454816 0.6186924435447324
3 1102 607 1103 0.14874254845165658 0.9418624733454816 0.6186924435447324
3 682 1102 1103 0.14874254845165658 0.9418624733454816 0.6186924435447324
3 1103 683 682 0.14874254845165658 0.9418624733454816 0.6186924435447324
3 1104 683 1103 0.14874254845165658 0.9418624733454816 0.6186924435447324
3 1045 345 1044 0.14874254845165658 0.9418624733454816 0.6186924435447324
3 1043 337 1044 0.14874254845165658 0.9418624733454816 0.6186924435447324
3 1044 344 1043 0.14874254845165658 0.9418624733454816 0.6186924435447324
3 1044 345 344 0.14874254845165658 0.9418624733454816 0.6186924435447324
3 337 338 1044 0.14874254845165658 0.9418624733454816 0.6186924435447324
3 1044 338 1045 0.14874254845165658 0.9418624733454816 0.6186924435447324
3 1301 1088 1300 0.14874254845165658 0.9418624733454816 0.6186924435447324
3 1088 1299 1300 0.14874254845165658 0.9418624733454816 0.6186924435447324
3 943 1301 1300 0.14874254845165658 0.9418624733454816 0.6186924435447324
3 1300 1299 943 0.14874254845165658 0.9418624733454816 0.6186924435447324
3 891 594 892 0.14874254845165658 0.9418624733454816 0.6186924435447324
3 891 593 594 0.14874254845165658 0.9418624733454816 0.6186924435447324
3 892 1105 891 0.14874254845165658 0.9418624733454816 0.6186924435447324
3 891 1105 608 0.14874254845165658 0.9418624733454816 0.6186924435447324
3 1179 593 592 0.14874254845165658 0.9418624733454816 0.6186924435447324
3 592 1178 1179 0.14874254845165658 0.9418624733454816 0.6186924435447324
3 591 1178 592 0.14874254845165658 0.9418624733454816 0.6186924435447324
3 592 889 591 0.14874254845165658 0.9418624733454816 0.6186924435447324
3 576 1178 1177 0.14874254845165658 0.9418624733454816 0.6186924435447324
3 1177 575 576 0.14874254845165658 0.9418624733454816 0.6186924435447324
3 591 590 1177 0.14874254845165658 0.9418624733454816 0.6186924435447324
3 1177 1178 591 0.14874254845165658 0.9418624733454816 0.6186924435447324
3 763 668 762 0.14874254845165658 0.9418624733454816 0.6186924435447324
3 668 761 762 0.14874254845165658 0.9418624733454816 0.6186924435447324
3 762 1079 763 0.14874254845165658 0.9418624733454816 0.6186924435447324
3 762 1078 1079 0.14874254845165658 0.9418624733454816 0.6186924435447324
3 762 761 1078 0.14874254845165658 0.9418624733454816 0.6186924435447324
3 895 896 1109 0.14874254845165658 0.9418624733454816 0.6186924435447324
3 1109 964 963 0.14874254845165658 0.9418624733454816 0.6186924435447324
3 966 1273 1272 0.14874254845165658 0.9418624733454816 0.6186924435447324
3 1272 965 966 0.14874254845165658 0.9418624733454816 0.6186924435447324
3 966 1274 1273 0.14874254845165658 0.9418624733454816 0.6186924435447324
3 1113 1274 966 0.14874254845165658 0.9418624733454816 0.6186924435447324
3 895 1183 1184 0.14874254845165658 0.9418624733454816 0.6186924435447324
3 1185 896 1184 0.14874254845165658 0.9418624733454816 0.6186924435447324
3 1184 896 895 0.14874254845165658 0.9418624733454816 0.6186924435447324
3 1184 668 1185 0.14874254845165658 0.9418624733454816 0.6186924435447324
3 1184 1183 668 0.14874254845165658 0.9418624733454816 0.6186924435447324
3 890 891 608 0.14874254845165658 0.9418624733454816 0.6186924435447324
3 890 607 889 0.14874254845165658 0.9418624733454816 0.6186924435447324
3 608 607 890 0.14874254845165658 0.9418624733454816 0.6186924435447324
3 889 592 890 0.14874254845165658 0.9418624733454816 0.6186924435447324
3 593 891 890 0.14874254845165658 0.9418624733454816 0.6186924435447324
3 890 592 593 0.14874254845165658 0.9418624733454816 0.6186924435447324
3 574 575 1176 0.14874254845165658 0.9418624733454816 0.6186924435447324
3 575 1177 1176 0.14874254845165658 0.9418624733454816 0.6186924435447324
3 1176 1175 574 0.14874254845165658 0.9418624733454816 0.6186924435447324
3 1176 1177 590 0.14874254845165658 0.9418624733454816 0.6186924435447324
3 1176 590 589 0.14874254845165658 0.9418624733454816 0.6186924435447324
3 589 1175 1176 0.14874254845165658 0.9418624733454816 0.6186924435447324
3 895 1109 1108 0.14874254845165658 0.9418624733454816 0.6186924435447324
3 1108 1107 894 0.14874254845165658 0.9418624733454816 0.6186924435447324
3 894 895 1108 0.14874254845165658 0.9418624733454816 0.6186924435447324
3 962 1107 1108 0.14874254845165658 0.9418624733454816 0.6186924435447324
3 1108 963 962 0.14874254845165658 0.9418624733454816 0.6186924435447324
3 1108 1109 963 0.14874254845165658 0.9418624733454816 0.6186924435447324
3 1110 896 897 0.14874254845165658 0.9418624733454816 0.6186924435447324
3 1110 1109 896 0.14874254845165658 0.9418624733454816 0.6186924435447324
3 1110 965 964 0.14874254845165658 0.9418624733454816 0.6186924435447324
3 964 1109 1110 0.14874254845165658 0.9418624733454816 0.6186924435447324
3 1113 966 1112 0.14874254845165658 0.9418624733454816 0.6186924435447324
3 1112 898 1188 0.14874254845165658 0.9418624733454816 0.6186924435447324
3 1112 1189 1113 0.14874254845165658 0.9418624733454816 0.6186924435447324
3 1188 1189 1112 0.14874254845165658 0.9418624733454816 0.6186924435447324
3 965 1110 1111 0.14874254845165658 0.9418624733454816 0.6186924435447324
3 1111 966 965 0.14874254845165658 0.9418624733454816 0.6186924435447324
3 1111 1112 966 0.14874254845165658 0.9418624733454816 0.6186924435447324
3 898 1112 1111 0.14874254845165658 0.9418624733454816 0.6186924435447324
3 897 898 1111 0.14874254845165658 0.9418624733454816 0.6186924435447324
3 1111 1110 897 0.14874254845165658 0.9418624733454816 0.6186924435447324
