OFF
730 1346 0


29.2178 30.9974 10.1555
29.2178 30.9974 10.1555
29.1575 31.004 10.2798
29.112 31.0083 10.3745
29.0732 31.0115 10.4559
29.0365 31.0142 10.5335
28.9983 31.0165 10.6152
28.9539 31.0187 10.7105
28.8961 31.0207 10.8361
28.8069 30.9014 10.8333
28.7183 30.7817 10.8312
28.7183 30.7817 10.8312
28.6632 30.6794 10.7865
28.6122 30.5818 10.7423
28.5651 30.4883 10.6984
28.5213 30.3983 10.6545
28.4807 30.3115 10.6106
28.4429 30.2273 10.5665
28.4078 30.1454 10.5219
28.3751 30.0655 10.4769
28.3447 29.9873 10.4313
28.3165 29.9106 10.385
28.2904 29.8351 10.3379
28.2661 29.7607 10.29
28.2436 29.6871 10.241
28.2227 29.614 10.191
28.2034 29.5413 10.1399
28.1856 29.4687 10.0874
28.1691 29.396 10.0334
28.1539 29.3228 9.9779
28.1398 29.2491 9.9205
28.1269 29.1743 9.8611
28.115 29.0982 9.7994
28.1041 29.0204 9.7351
28.0942 28.9404 9.6678
28.0851 28.8578 9.597
28.0769 28.772 9.5223
28.0696 28.6823 9.443
28.0632 28.588 9.3584
28.0632 28.588 9.3584
28.0632 28.588 9.3584
28.0917 28.5252 9.243
28.1123 28.4805 9.161
28.1331 28.4357 9.0792
28.1629 28.3726 8.9643
28.1629 28.3726 8.9643
28.2483 28.4472 8.8877
28.3343 28.5208 8.8108
28.3343 28.5208 8.8108
28.3877 28.6515 8.8474
28.4321 28.7591 8.8776
28.4706 28.8514 8.9034
28.5053 28.9335 8.9265
28.5375 29.0088 8.9476
28.5682 29.08 8.9677
28.5983 29.1492 8.9871
28.6287 29.2182 9.0066
28.6603 29.2889 9.0265
28.6939 29.3634 9.0475
28.7309 29.4441 9.0703
28.7731 29.5346 9.0959
28.8231 29.6398 9.1258
28.8856 29.7677 9.1621
28.8856 29.7677 9.1621
28.9189 29.8863 9.2392
28.9477 29.987 9.3059
28.9735 30.0752 9.3654
28.9973 30.1547 9.4199
29.0196 30.2284 9.4711
29.0411 30.2982 9.5204
29.0624 30.3662 9.569
29.0839 30.4337 9.6179
29.1061 30.5025 9.6683
29.1296 30.5741 9.7216
29.1551 30.6507 9.7793
29.1834 30.7347 9.8434
29.216 30.8294 9.9168
29.2546 30.9398 10.0036
29.2359 30.9686 10.0795
29.2178 30.9974 10.1555
28.5662 29.1428 9.0347
28.5645 29.2015 9.0975
28.5631 29.2566 9.1568
28.1558 28.6161 9.2183
28.1954 28.738 9.2702
28.2317 28.8486 9.3175
28.2652 28.9498 9.3612
28.5088 29.0132 9.0005
28.5122 29.0869 9.0692
28.5156 29.1553 9.1333
28.519 29.2193 9.1935
28.6219 29.2665 9.0675
28.6156 29.312 9.1253
28.6098 29.3552 9.1803
28.6043 29.3962 9.2327
29.0234 30.9036 10.3884
28.9784 30.8047 10.3271
28.9374 30.7132 10.2709
28.8995 30.6276 10.2189
28.8643 30.5469 10.1704
28.954 30.906 10.5315
28.9144 30.8055 10.456
28.8785 30.7129 10.3871
28.8457 30.6267 10.3235
28.8153 30.5458 10.2644
28.4427 28.8613 8.9609
28.4526 28.9544 9.037
28.462 29.0397 9.1072
28.4709 29.1184 9.1723
28.4794 29.1915 9.233
28.6823 29.3978 9.1028
28.6713 29.4306 9.1557
28.6609 29.4619 9.2063
28.651 29.4918 9.255
28.6416 29.5206 9.3019
29.0445 30.3867 9.6257
29.0066 30.3411 9.6334
28.97 30.2969 9.6411
28.9345 30.2538 9.6486
28.9001 30.2117 9.656
29.1735 30.8665 10.0468
29.1165 30.7721 10.0171
29.0637 30.6842 9.9897
29.0147 30.6015 9.9644
28.9687 30.5232 9.9408
28.2103 29.4901 10.0634
28.2347 29.5112 10.0399
28.2587 29.5319 10.0168
28.2826 29.5522 9.994
28.3062 29.5723 9.9717
28.3297 29.5922 9.9496
28.1818 29.3555 9.9605
28.2092 29.3874 9.9436
28.236 29.4185 9.9271
28.2625 29.4489 9.911
28.2885 29.4788 9.8954
28.3142 29.5081 9.88
28.1582 29.2199 9.8513
28.1887 29.2639 9.8419
28.2183 29.3065 9.8329
28.2472 29.3479 9.8242
28.2754 29.3881 9.8158
28.3031 29.4273 9.8078
28.1391 29.0813 9.7344
28.1727 29.1394 9.7339
28.2051 29.1951 9.7335
28.2363 29.2485 9.7332
28.2666 29.2999 9.7331
28.296 29.3495 9.7331
28.1242 28.9374 9.6078
28.1611 29.0122 9.6181
28.1962 29.0828 9.628
28.2297 29.1497 9.6376
28.2617 29.2133 9.6468
28.2926 29.2741 9.6558
28.1132 28.7853 9.4687
28.1536 28.8802 9.4927
28.1914 28.9684 9.5151
28.227 29.0506 9.5363
28.2607 29.1278 9.5564
28.2927 29.2005 9.5756
28.2035 28.5292 9.0467
28.2399 28.6677 9.1201
28.2728 28.7916 9.1862
28.303 28.9035 9.2462
28.3308 29.0054 9.3013
28.3567 29.0991 9.3522
28.403 28.769 8.9369
28.4172 28.8748 9.018
28.4304 28.971 9.092
28.4428 29.0591 9.1601
28.4545 29.1404 9.2233
28.4656 29.2158 9.2823
28.9861 30.1969 9.4896
28.9536 30.1663 9.5076
28.922 30.1363 9.5253
28.8911 30.1069 9.5427
28.8611 30.0781 9.5599
28.8316 30.0498 9.5768
29.0252 30.3245 9.5804
28.9892 30.284 9.5916
28.9543 30.2445 9.6026
28.9205 30.206 9.6134
28.8875 30.1683 9.6241
28.8554 30.1314 9.6346
29.085 30.5151 9.7216
29.0425 30.4583 9.7217
29.0018 30.4037 9.722
28.9628 30.3508 9.7224
28.9251 30.2995 9.7231
28.8886 30.2495 9.7238
29.0592 30.9013 10.3148
29.0114 30.8031 10.2605
28.9675 30.712 10.2106
28.927 30.6267 10.1644
28.8893 30.5461 10.1213
28.8539 30.4694 10.0806
28.8204 30.3958 10.042
28.6513 30.6069 10.6969
28.6407 30.5394 10.6141
28.6312 30.4759 10.5369
28.6225 30.4158 10.4642
28.6147 30.3583 10.3953
28.6076 30.3029 10.3296
28.6011 30.2492 10.2663
28.5622 30.4359 10.6233
28.5598 30.3861 10.5524
28.5579 30.3384 10.485
28.5563 30.2925 10.4205
28.5551 30.2479 10.3585
28.5542 30.2046 10.2986
28.5536 30.1621 10.2403
28.4845 30.2748 10.5471
28.4885 30.2394 10.4862
28.4925 30.205 10.4274
28.4967 30.1714 10.3704
28.501 30.1385 10.3149
28.5054 30.1062 10.2607
28.51 30.0742 10.2075
28.4168 30.1215 10.4679
28.4257 30.0982 10.4154
28.4346 30.0753 10.3641
28.4436 30.0527 10.3139
28.4526 30.0304 10.2647
28.4616 30.0082 10.2161
28.4707 29.9862 10.1682
28.3579 29.9744 10.3852
28.371 29.9616 10.3399
28.384 29.949 10.2955
28.397 29.9364 10.2516
28.41 29.924 10.2083
28.423 29.9115 10.1654
28.4361 29.8991 10.1229
28.3071 29.8321 10.2986
28.3237 29.8291 10.2599
28.3403 29.826 10.2216
28.3568 29.8229 10.1838
28.3733 29.8198 10.1464
28.3897 29.8167 10.1092
28.4063 29.8135 10.0722
28.2636 29.6936 10.2079
28.2834 29.6999 10.1753
28.3031 29.7062 10.1431
28.3227 29.7124 10.1112
28.3423 29.7185 10.0796
28.3618 29.7245 10.0482
28.3814 29.7305 10.0171
28.2266 29.5576 10.1128
28.2494 29.5736 10.0862
28.2721 29.5893 10.06
28.2946 29.6049 10.0341
28.3169 29.6202 10.0086
28.3391 29.6354 9.9833
28.3613 29.6505 9.9583
28.1363 28.6528 9.2906
28.177 28.7682 9.3341
28.2146 28.8735 9.374
28.2494 28.9703 9.411
28.282 29.0599 9.4456
28.3126 29.1434 9.4781
28.3416 29.2216 9.5088
28.7559 29.5542 9.1454
28.7394 29.5731 9.193
28.7237 29.5912 9.239
28.7085 29.6087 9.2835
28.694 29.6255 9.3266
28.68 29.6418 9.3685
28.6664 29.6576 9.4093
28.9655 30.1285 9.4421
28.9346 30.1029 9.4637
28.9045 30.0779 9.485
28.8752 30.0534 9.5059
28.8466 30.0293 9.5264
28.8185 30.0056 9.5466
28.791 29.9823 9.5665
29.1316 30.6598 9.8332
29.083 30.589 9.8238
29.0369 30.5215 9.8151
28.9932 30.4568 9.807
28.9515 30.3946 9.7994
28.9115 30.3345 9.7923
28.8729 30.276 9.7857
28.8592 30.9053 10.7274
28.8267 30.8015 10.6304
28.7978 30.707 10.5429
28.7717 30.6198 10.4628
28.7479 30.5385 10.3887
28.7261 30.4617 10.3195
28.7059 30.3886 10.2541
28.6869 30.3182 10.1919
28.7007 30.697 10.733
28.685 30.619 10.6434
28.6709 30.5465 10.5607
28.6582 30.4783 10.4836
28.6466 30.4137 10.4111
28.636 30.3519 10.3424
28.6262 30.2924 10.2768
28.6171 30.2346 10.2136
28.3559 28.6581 8.9084
28.3755 28.7803 8.9956
28.3934 28.8902 9.0744
28.4101 28.9899 9.1463
28.4256 29.0811 9.2124
28.4402 29.1651 9.2737
28.4541 29.2431 9.331
28.4674 29.3159 9.3847
28.5939 29.2046 9.051
28.5899 29.2565 9.1113
28.5862 29.3056 9.1684
28.5829 29.352 9.2226
28.5799 29.3961 9.2743
28.5772 29.4381 9.3238
28.5747 29.4782 9.3713
28.5725 29.5167 9.4171
28.9434 30.0546 9.3916
28.9142 30.0344 9.4172
28.8857 30.0147 9.4423
28.8579 29.9954 9.4669
28.8307 29.9764 9.491
28.8041 29.9577 9.5148
28.7781 29.9394 9.5382
28.7525 29.9213 9.5613
29.1912 30.8409 9.9779
29.133 30.7493 9.9545
29.0792 30.6637 9.933
29.0289 30.5831 9.9131
28.9817 30.5066 9.8945
28.937 30.4336 9.8772
28.8945 30.3633 9.8608
28.8538 30.2952 9.8453
29.101 30.8978 10.2288
29.0497 30.8001 10.1824
29.0026 30.7094 10.1398
28.959 30.6243 10.1003
28.9182 30.5439 10.0634
28.8798 30.4673 10.0286
28.8435 30.3937 9.9957
28.8088 30.3226 9.9642
28.7755 30.2533 9.934
28.5381 29.0796 9.018
28.5389 29.1454 9.0836
28.5398 29.2069 9.1452
28.5408 29.2646 9.2033
28.5419 29.319 9.2582
28.5432 29.3705 9.3104
28.5446 29.4194 9.3603
28.5461 29.466 9.408
28.5476 29.5106 9.4539
28.8606 29.7691 9.205
28.8365 29.7705 9.2465
28.8132 29.7717 9.2868
28.7906 29.7729 9.326
28.7688 29.774 9.3642
28.7476 29.7751 9.4015
28.7269 29.776 9.438
28.7068 29.777 9.4737
28.6873 29.7778 9.5087
28.9193 29.9725 9.3367
28.8916 29.9584 9.3667
28.8647 29.9446 9.396
28.8385 29.931 9.4248
28.8129 29.9177 9.453
28.7879 29.9047 9.4806
28.7635 29.8918 9.5079
28.7395 29.8792 9.5347
28.716 29.8667 9.5612
28.1312 29.0102 9.6725
28.1664 29.0763 9.6771
28.2001 29.1391 9.6816
28.2325 29.199 9.686
28.2637 29.2564 9.6905
28.2938 29.3115 9.6948
28.3231 29.3646 9.6992
28.3515 29.4158 9.7035
28.3793 29.4655 9.7079
28.4064 29.5138 9.7122
28.1091 28.7049 9.3933
28.1514 28.8117 9.4255
28.1906 28.9097 9.4553
28.2272 29.0005 9.4831
28.2615 29.0851 9.5093
28.294 29.1642 9.5341
28.3249 29.2388 9.5577
28.3544 29.3094 9.5803
28.3828 29.3765 9.602
28.4102 29.4406 9.623
28.2793 28.5937 8.9776
28.3072 28.7238 9.0578
28.3326 28.8405 9.1302
28.356 28.9462 9.1962
28.3777 29.0427 9.2568
28.398 29.1315 9.3129
28.4172 29.2139 9.3652
28.4354 29.2907 9.4144
28.4528 29.3629 9.4609
28.4695 29.431 9.5051
28.7167 29.4714 9.1228
28.7031 29.4975 9.1731
28.6902 29.5225 9.2215
28.6778 29.5464 9.2682
28.666 29.5695 9.3133
28.6547 29.5918 9.3569
28.6438 29.6134 9.3993
28.6334 29.6342 9.4405
28.6233 29.6544 9.4806
28.6136 29.6741 9.5198
28.9129 30.9062 10.6164
28.8763 30.8044 10.5319
28.8435 30.7111 10.4551
28.8136 30.6245 10.3845
28.7861 30.5434 10.319
28.7607 30.4666 10.2575
28.7369 30.3932 10.1993
28.7145 30.3224 10.1438
28.6932 30.2537 10.0904
28.6729 30.1864 10.0386
28.6533 30.1199 9.988
28.5221 30.3543 10.5856
28.523 30.312 10.5199
28.5242 30.2712 10.4569
28.5257 30.2317 10.3962
28.5273 30.1931 10.3376
28.5292 30.1553 10.2805
28.5313 30.1182 10.2247
28.5336 30.0814 10.17
28.5362 30.0449 10.116
28.5389 30.0085 10.0625
28.5419 29.972 10.0093
28.3863 30.0473 10.427
28.3974 30.0294 10.3782
28.4084 30.0117 10.3305
28.4195 29.9942 10.2835
28.4305 29.9769 10.2372
28.4416 29.9597 10.1915
28.4528 29.9425 10.1462
28.4641 29.9253 10.1013
28.4755 29.9081 10.0565
28.487 29.8908 10.0119
28.4987 29.8733 9.9671
28.2845 29.7624 10.2538
28.3027 29.7641 10.2182
28.3209 29.7657 10.1829
28.339 29.7673 10.1481
28.3571 29.7688 10.1135
28.3751 29.7702 10.0792
28.3932 29.7717 10.0452
28.4113 29.773 10.0112
28.4295 29.7743 9.9774
28.4478 29.7756 9.9436
28.4662 29.7769 9.9098
28.1694 29.2879 9.9068
28.1983 29.3257 9.8935
28.2266 29.3624 9.8806
28.2542 29.3982 9.8681
28.2814 29.4331 9.856
28.3081 29.4673 9.8442
28.3344 29.5009 9.8327
28.3604 29.5338 9.8215
28.3861 29.5661 9.8105
28.4115 29.598 9.7998
28.4367 29.6295 9.7893
29.1072 30.5844 9.7746
29.0619 30.5211 9.7703
29.0188 30.4605 9.7664
28.9776 30.4021 9.7628
28.938 30.3456 9.7596
28.8998 30.2908 9.7566
28.8629 30.2373 9.7539
28.8271 30.1849 9.7515
28.7921 30.1334 9.7493
28.7579 30.0827 9.7472
28.7243 30.0324 9.7454
28.1954 29.4228 10.0127
28.2213 29.4491 9.9924
28.2467 29.4749 9.9725
28.2719 29.5003 9.953
28.2968 29.5252 9.9339
28.3214 29.5497 9.9151
28.3457 29.5739 9.8967
28.37 29.5978 9.8784
28.394 29.6215 9.8605
28.418 29.6449 9.8427
28.4419 29.6681 9.8251
28.4657 29.6912 9.8077
28.8921 29.879 9.2753
28.8661 29.8718 9.3105
28.8409 29.8648 9.3448
28.8165 29.858 9.3783
28.7926 29.8513 9.4111
28.7694 29.8446 9.4432
28.7467 29.8381 9.4747
28.7245 29.8317 9.5057
28.7028 29.8253 9.5362
28.6816 29.8191 9.5662
28.6607 29.8129 9.5958
28.6402 29.8067 9.625
29.0643 30.4497 9.6724
29.0242 30.3988 9.6765
28.9857 30.3496 9.6806
28.9485 30.3017 9.6847
28.9125 30.2552 9.6888
28.8775 30.2096 9.693
28.8435 30.165 9.6972
28.8103 30.1212 9.7015
28.7777 30.078 9.7058
28.7458 30.0352 9.7103
28.7143 29.9929 9.7148
28.6832 29.9507 9.7194
29.1562 30.8918 10.1157
29.1 30.7945 10.0794
29.0484 30.704 10.0462
29.0004 30.6192 10.0154
28.9556 30.5389 9.9867
28.9133 30.4625 9.9597
28.8732 30.3891 9.9342
28.8349 30.3182 9.9099
28.7981 30.2492 9.8866
28.7625 30.1816 9.8642
28.7278 30.115 9.8424
28.6939 30.0489 9.8212
28.9895 30.9051 10.4583
28.9471 30.8054 10.3902
28.9086 30.7135 10.3279
28.8732 30.6277 10.2703
28.8405 30.5468 10.2166
28.8098 30.47 10.166
28.781 30.3964 10.1181
28.7536 30.3253 10.0723
28.7274 30.2561 10.0282
28.7022 30.1883 9.9854
28.6778 30.1213 9.9436
28.6539 30.0547 9.9024
28.6305 29.9879 9.8617
28.6052 30.52 10.6604
28.599 30.4618 10.5838
28.5935 30.4066 10.5116
28.5886 30.3538 10.4432
28.5842 30.303 10.3778
28.5803 30.2538 10.3149
28.5769 30.2058 10.2541
28.5738 30.1587 10.195
28.5711 30.1123 10.1371
28.5688 30.0662 10.0801
28.5668 30.0202 10.0237
28.5651 29.9741 9.9675
28.5637 29.9275 9.9113
28.3315 29.9027 10.3424
28.3465 29.8949 10.3005
28.3613 29.8871 10.2592
28.3761 29.8793 10.2184
28.3909 29.8716 10.178
28.4057 29.8638 10.1379
28.4206 29.856 10.0982
28.4355 29.8482 10.0586
28.4505 29.8404 10.0191
28.4657 29.8324 9.9796
28.481 29.8244 9.9401
28.4965 29.8163 9.9004
28.5123 29.8081 9.8606
28.1182 28.8626 9.54
28.1568 28.947 9.5568
28.1933 29.026 9.5726
28.2278 29.1003 9.5877
28.2607 29.1705 9.6022
28.2922 29.2371 9.6161
28.3224 29.3006 9.6296
28.3516 29.3614 9.6426
28.3798 29.4197 9.6554
28.4073 29.476 9.6678
28.4341 29.5304 9.68
28.4603 29.5832 9.692
28.486 29.6346 9.7039
28.4774 28.9414 8.9817
28.4838 29.024 9.0539
28.49 29.1002 9.1208
28.496 29.1711 9.1832
28.5018 29.2372 9.2418
28.5075 29.2993 9.2971
28.513 29.3578 9.3494
28.5185 29.4133 9.3992
28.5239 29.466 9.4469
28.5292 29.5163 9.4926
28.5345 29.5646 9.5367
28.5399 29.611 9.5793
28.5452 29.6558 9.6207
28.8025 29.651 9.172
28.7827 29.6618 9.2168
28.7635 29.6722 9.2601
28.7451 29.6822 9.3022
28.7273 29.6919 9.343
28.7101 29.7013 9.3829
28.6934 29.7104 9.4217
28.6772 29.7192 9.4596
28.6614 29.7278 9.4967
28.6461 29.7361 9.5331
28.6311 29.7443 9.5687
28.6166 29.7523 9.6038
28.6023 29.7601 9.6383
28.7801 30.8021 10.7302
28.7564 30.7117 10.6371
28.7351 30.6285 10.5521
28.7158 30.5509 10.4735
28.6982 30.478 10.4003
28.682 30.4087 10.3313
28.6669 30.3423 10.2658
28.6529 30.2781 10.2031
28.6397 30.2155 10.1425
28.6272 30.1541 10.0836
28.6152 30.0933 10.0258
28.6038 30.0326 9.9687
28.5927 29.9717 9.912
28.582 29.91 9.855
28.2443 29.6253 10.161
28.2657 29.6365 10.1313
28.2869 29.6474 10.1021
28.308 29.6583 10.0731
28.3289 29.669 10.0445
28.3499 29.6796 10.0162
28.3707 29.6901 9.9881
28.3916 29.7005 9.9602
28.4125 29.7108 9.9324
28.4334 29.7211 9.9047
28.4544 29.7314 9.8771
28.4754 29.7416 9.8496
28.4966 29.7518 9.822
28.518 29.762 9.7945
28.1756 28.5798 9.1466
28.2139 28.7084 9.2072
28.2488 28.8244 9.2622
28.2809 28.93 9.3126
28.3108 29.0269 9.3591
28.3387 29.1164 9.4025
28.365 29.1996 9.4431
28.39 29.2776 9.4815
28.4138 29.351 9.5179
28.4366 29.4205 9.5527
28.4587 29.4867 9.586
28.4801 29.5501 9.6183
28.5009 29.611 9.6495
28.5213 29.6698 9.6799
29.1592 30.7441 9.8998
29.1063 30.664 9.8842
29.0568 30.5884 9.8698
29.0102 30.5165 9.8564
28.966 30.4478 9.8438
28.9238 30.3816 9.832
28.8834 30.3177 9.8209
28.8445 30.2554 9.8103
28.8068 30.1946 9.8002
28.7701 30.1349 9.7906
28.7343 30.0759 9.7813
28.6991 30.0174 9.7724
28.6643 29.9591 9.7638
28.6299 29.9007 9.7553
29.1562 30.8918 10.1157
29.1 30.7945 10.0794
29.0484 30.704 10.0462
29.0004 30.6192 10.0154
28.9556 30.5389 9.9867
28.9133 30.4625 9.9597
28.8732 30.3891 9.9342
28.8349 30.3182 9.9099
28.7981 30.2492 9.8866
28.7625 30.1816 9.8642
28.7278 30.115 9.8424
28.6939 30.0489 9.8212
28.6605 29.9831 9.8004
28.6273 29.917 9.7798
28.5943 29.8503 9.7594
28.4495 30.1973 10.508
28.456 30.1682 10.4514
28.4627 30.1397 10.3964
28.4693 30.1118 10.3429
28.4761 30.0843 10.2906
28.4829 30.0571 10.2392
28.4898 30.0302 10.1886
28.4969 30.0034 10.1386
28.5041 29.9766 10.089
28.5115 29.9498 10.0397
28.5191 29.9228 9.9904
28.527 29.8956 9.941
28.5351 29.8681 9.8914
28.5435 29.8401 9.8413
28.5522 29.8117 9.7906
28.1482 29.1511 9.7939
28.1802 29.2019 9.7887
28.2111 29.2508 9.7839
28.2412 29.298 9.7793
28.2705 29.3437 9.7749
28.2991 29.3881 9.7708
28.327 29.4312 9.7669
28.3544 29.4732 9.7631
28.3813 29.5142 9.7596
28.4077 29.5544 9.7562
28.4339 29.5938 9.753
28.4597 29.6326 9.75
28.4853 29.6707 9.7471
28.5107 29.7084 9.7443
28.536 29.7456 9.7416
28.6511 29.3303 9.0846
28.6425 29.3695 9.14
28.6344 29.4068 9.1928
28.6268 29.4424 9.2434
28.6196 29.4764 9.2919
28.6129 29.509 9.3386
28.6065 29.5404 9.3838
28.6004 29.5706 9.4274
28.5947 29.5998 9.4697
28.5892 29.6281 9.5109
28.584 29.6555 9.551
28.579 29.6821 9.5901
28.5743 29.7081 9.6284
28.5698 29.7334 9.6659
28.5654 29.7582 9.7028
29.0059 30.2617 9.5353
28.9716 30.2261 9.5499
28.9384 30.1914 9.5643
28.9061 30.1574 9.5783
28.8746 30.1241 9.5922
28.8438 30.0914 9.6059
28.8137 30.0593 9.6195
28.7841 30.0275 9.6329
28.7551 29.9962 9.6462
28.7265 29.9652 9.6595
28.6983 29.9344 9.6727
28.6704 29.9039 9.6859
28.6428 29.8734 9.6991
28.6155 29.8431 9.7124
28.5883 29.8128 9.7257
28.5613 29.7825 9.7391
3 9 282 8 0.7329812804579616 0.11041061223469617 0.04747014222302537
3 598 283 282 0.7329812804579616 0.11041061223469617 0.04747014222302537
3 598 9 10 0.7329812804579616 0.11041061223469617 0.04747014222302537
3 282 9 598 0.7329812804579616 0.11041061223469617 0.04747014222302537
3 42 43 161 0.7329812804579616 0.11041061223469617 0.04747014222302537
3 44 46 161 0.7329812804579616 0.11041061223469617 0.04747014222302537
3 161 43 44 0.7329812804579616 0.11041061223469617 0.04747014222302537
3 8 282 7 0.7329812804579616 0.11041061223469617 0.04747014222302537
3 322 77 120 0.7329812804579616 0.11041061223469617 0.04747014222302537
3 77 78 120 0.7329812804579616 0.11041061223469617 0.04747014222302537
3 283 284 407 0.7329812804579616 0.11041061223469617 0.04747014222302537
3 101 100 407 0.7329812804579616 0.11041061223469617 0.04747014222302537
3 283 598 599 0.7329812804579616 0.11041061223469617 0.04747014222302537
3 599 284 283 0.7329812804579616 0.11041061223469617 0.04747014222302537
3 386 46 48 0.7329812804579616 0.11041061223469617 0.04747014222302537
3 386 161 46 0.7329812804579616 0.11041061223469617 0.04747014222302537
3 6 100 5 0.7329812804579616 0.11041061223469617 0.04747014222302537
3 6 7 406 0.7329812804579616 0.11041061223469617 0.04747014222302537
3 406 100 6 0.7329812804579616 0.11041061223469617 0.04747014222302537
3 406 7 282 0.7329812804579616 0.11041061223469617 0.04747014222302537
3 282 283 406 0.7329812804579616 0.11041061223469617 0.04747014222302537
3 283 407 406 0.7329812804579616 0.11041061223469617 0.04747014222302537
3 406 407 100 0.7329812804579616 0.11041061223469617 0.04747014222302537
3 2 3 191 0.7329812804579616 0.11041061223469617 0.04747014222302537
3 525 411 412 0.7329812804579616 0.11041061223469617 0.04747014222302537
3 510 655 332 0.7329812804579616 0.11041061223469617 0.04747014222302537
3 332 333 510 0.7329812804579616 0.11041061223469617 0.04747014222302537
3 517 338 529 0.7329812804579616 0.11041061223469617 0.04747014222302537
3 286 285 601 0.7329812804579616 0.11041061223469617 0.04747014222302537
3 409 285 286 0.7329812804579616 0.11041061223469617 0.04747014222302537
3 101 407 408 0.7329812804579616 0.11041061223469617 0.04747014222302537
3 408 407 284 0.7329812804579616 0.11041061223469617 0.04747014222302537
3 284 285 408 0.7329812804579616 0.11041061223469617 0.04747014222302537
3 408 285 409 0.7329812804579616 0.11041061223469617 0.04747014222302537
3 290 599 598 0.7329812804579616 0.11041061223469617 0.04747014222302537
3 10 12 290 0.7329812804579616 0.11041061223469617 0.04747014222302537
3 290 598 10 0.7329812804579616 0.11041061223469617 0.04747014222302537
3 429 20 226 0.7329812804579616 0.11041061223469617 0.04747014222302537
3 226 227 429 0.7329812804579616 0.11041061223469617 0.04747014222302537
3 50 51 167 0.7329812804579616 0.11041061223469617 0.04747014222302537
3 48 49 298 0.7329812804579616 0.11041061223469617 0.04747014222302537
3 298 386 48 0.7329812804579616 0.11041061223469617 0.04747014222302537
3 298 49 50 0.7329812804579616 0.11041061223469617 0.04747014222302537
3 50 167 298 0.7329812804579616 0.11041061223469617 0.04747014222302537
3 298 167 299 0.7329812804579616 0.11041061223469617 0.04747014222302537
3 722 505 506 0.7329812804579616 0.11041061223469617 0.04747014222302537
3 484 65 357 0.7329812804579616 0.11041061223469617 0.04747014222302537
3 349 586 348 0.7329812804579616 0.11041061223469617 0.04747014222302537
3 348 484 349 0.7329812804579616 0.11041061223469617 0.04747014222302537
3 195 333 194 0.7329812804579616 0.11041061223469617 0.04747014222302537
3 98 99 194 0.7329812804579616 0.11041061223469617 0.04747014222302537
3 194 99 195 0.7329812804579616 0.11041061223469617 0.04747014222302537
3 194 333 332 0.7329812804579616 0.11041061223469617 0.04747014222302537
3 193 194 332 0.7329812804579616 0.11041061223469617 0.04747014222302537
3 193 97 98 0.7329812804579616 0.11041061223469617 0.04747014222302537
3 98 194 193 0.7329812804579616 0.11041061223469617 0.04747014222302537
3 95 3 4 0.7329812804579616 0.11041061223469617 0.04747014222302537
3 95 191 3 0.7329812804579616 0.11041061223469617 0.04747014222302537
3 96 191 95 0.7329812804579616 0.11041061223469617 0.04747014222302537
3 0 2 330 0.7329812804579616 0.11041061223469617 0.04747014222302537
3 2 191 330 0.7329812804579616 0.11041061223469617 0.04747014222302537
3 524 411 525 0.7329812804579616 0.11041061223469617 0.04747014222302537
3 525 99 524 0.7329812804579616 0.11041061223469617 0.04747014222302537
3 524 99 98 0.7329812804579616 0.11041061223469617 0.04747014222302537
3 511 510 333 0.7329812804579616 0.11041061223469617 0.04747014222302537
3 322 323 76 0.7329812804579616 0.11041061223469617 0.04747014222302537
3 76 77 322 0.7329812804579616 0.11041061223469617 0.04747014222302537
3 655 510 121 0.7329812804579616 0.11041061223469617 0.04747014222302537
3 121 323 322 0.7329812804579616 0.11041061223469617 0.04747014222302537
3 322 120 121 0.7329812804579616 0.11041061223469617 0.04747014222302537
3 121 120 655 0.7329812804579616 0.11041061223469617 0.04747014222302537
3 324 323 122 0.7329812804579616 0.11041061223469617 0.04747014222302537
3 510 511 122 0.7329812804579616 0.11041061223469617 0.04747014222302537
3 122 121 510 0.7329812804579616 0.11041061223469617 0.04747014222302537
3 323 121 122 0.7329812804579616 0.11041061223469617 0.04747014222302537
3 174 715 716 0.7329812804579616 0.11041061223469617 0.04747014222302537
3 66 67 268 0.7329812804579616 0.11041061223469617 0.04747014222302537
3 174 269 268 0.7329812804579616 0.11041061223469617 0.04747014222302537
3 196 99 525 0.7329812804579616 0.11041061223469617 0.04747014222302537
3 195 99 196 0.7329812804579616 0.11041061223469617 0.04747014222302537
3 528 529 338 0.7329812804579616 0.11041061223469617 0.04747014222302537
3 531 518 530 0.7329812804579616 0.11041061223469617 0.04747014222302537
3 517 529 530 0.7329812804579616 0.11041061223469617 0.04747014222302537
3 530 518 517 0.7329812804579616 0.11041061223469617 0.04747014222302537
3 429 227 430 0.7329812804579616 0.11041061223469617 0.04747014222302537
3 200 199 534 0.7329812804579616 0.11041061223469617 0.04747014222302537
3 16 17 212 0.7329812804579616 0.11041061223469617 0.04747014222302537
3 529 528 415 0.7329812804579616 0.11041061223469617 0.04747014222302537
3 18 669 17 0.7329812804579616 0.11041061223469617 0.04747014222302537
3 284 599 600 0.7329812804579616 0.11041061223469617 0.04747014222302537
3 600 285 284 0.7329812804579616 0.11041061223469617 0.04747014222302537
3 601 285 600 0.7329812804579616 0.11041061223469617 0.04747014222302537
3 101 408 102 0.7329812804579616 0.11041061223469617 0.04747014222302537
3 102 408 409 0.7329812804579616 0.11041061223469617 0.04747014222302537
3 198 12 13 0.7329812804579616 0.11041061223469617 0.04747014222302537
3 198 290 12 0.7329812804579616 0.11041061223469617 0.04747014222302537
3 443 244 444 0.7329812804579616 0.11041061223469617 0.04747014222302537
3 441 241 242 0.7329812804579616 0.11041061223469617 0.04747014222302537
3 439 23 24 0.7329812804579616 0.11041061223469617 0.04747014222302537
3 227 546 547 0.7329812804579616 0.11041061223469617 0.04747014222302537
3 22 546 21 0.7329812804579616 0.11041061223469617 0.04747014222302537
3 21 226 20 0.7329812804579616 0.11041061223469617 0.04747014222302537
3 227 226 21 0.7329812804579616 0.11041061223469617 0.04747014222302537
3 21 546 227 0.7329812804579616 0.11041061223469617 0.04747014222302537
3 105 167 51 0.7329812804579616 0.11041061223469617 0.04747014222302537
3 299 167 105 0.7329812804579616 0.11041061223469617 0.04747014222302537
3 51 52 105 0.7329812804579616 0.11041061223469617 0.04747014222302537
3 42 161 626 0.7329812804579616 0.11041061223469617 0.04747014222302537
3 626 41 42 0.7329812804579616 0.11041061223469617 0.04747014222302537
3 626 83 41 0.7329812804579616 0.11041061223469617 0.04747014222302537
3 54 87 53 0.7329812804579616 0.11041061223469617 0.04747014222302537
3 505 722 721 0.7329812804579616 0.11041061223469617 0.04747014222302537
3 274 721 722 0.7329812804579616 0.11041061223469617 0.04747014222302537
3 506 652 507 0.7329812804579616 0.11041061223469617 0.04747014222302537
3 723 722 506 0.7329812804579616 0.11041061223469617 0.04747014222302537
3 357 315 358 0.7329812804579616 0.11041061223469617 0.04747014222302537
3 350 351 588 0.7329812804579616 0.11041061223469617 0.04747014222302537
3 353 590 352 0.7329812804579616 0.11041061223469617 0.04747014222302537
3 352 351 487 0.7329812804579616 0.11041061223469617 0.04747014222302537
3 64 348 62 0.7329812804579616 0.11041061223469617 0.04747014222302537
3 484 348 64 0.7329812804579616 0.11041061223469617 0.04747014222302537
3 65 484 64 0.7329812804579616 0.11041061223469617 0.04747014222302537
3 96 95 521 0.7329812804579616 0.11041061223469617 0.04747014222302537
3 101 102 521 0.7329812804579616 0.11041061223469617 0.04747014222302537
3 0 330 654 0.7329812804579616 0.11041061223469617 0.04747014222302537
3 654 78 0 0.7329812804579616 0.11041061223469617 0.04747014222302537
3 654 120 78 0.7329812804579616 0.11041061223469617 0.04747014222302537
3 655 120 654 0.7329812804579616 0.11041061223469617 0.04747014222302537
3 332 655 331 0.7329812804579616 0.11041061223469617 0.04747014222302537
3 331 193 332 0.7329812804579616 0.11041061223469617 0.04747014222302537
3 655 654 331 0.7329812804579616 0.11041061223469617 0.04747014222302537
3 331 654 330 0.7329812804579616 0.11041061223469617 0.04747014222302537
3 409 286 410 0.7329812804579616 0.11041061223469617 0.04747014222302537
3 195 196 334 0.7329812804579616 0.11041061223469617 0.04747014222302537
3 334 333 195 0.7329812804579616 0.11041061223469617 0.04747014222302537
3 334 511 333 0.7329812804579616 0.11041061223469617 0.04747014222302537
3 640 76 323 0.7329812804579616 0.11041061223469617 0.04747014222302537
3 640 75 76 0.7329812804579616 0.11041061223469617 0.04747014222302537
3 640 275 75 0.7329812804579616 0.11041061223469617 0.04747014222302537
3 173 715 174 0.7329812804579616 0.11041061223469617 0.04747014222302537
3 67 68 173 0.7329812804579616 0.11041061223469617 0.04747014222302537
3 174 268 173 0.7329812804579616 0.11041061223469617 0.04747014222302537
3 173 268 67 0.7329812804579616 0.11041061223469617 0.04747014222302537
3 270 315 269 0.7329812804579616 0.11041061223469617 0.04747014222302537
3 269 315 314 0.7329812804579616 0.11041061223469617 0.04747014222302537
3 66 268 314 0.7329812804579616 0.11041061223469617 0.04747014222302537
3 314 268 269 0.7329812804579616 0.11041061223469617 0.04747014222302537
3 314 315 357 0.7329812804579616 0.11041061223469617 0.04747014222302537
3 314 65 66 0.7329812804579616 0.11041061223469617 0.04747014222302537
3 357 65 314 0.7329812804579616 0.11041061223469617 0.04747014222302537
3 317 359 316 0.7329812804579616 0.11041061223469617 0.04747014222302537
3 315 270 316 0.7329812804579616 0.11041061223469617 0.04747014222302537
3 359 358 316 0.7329812804579616 0.11041061223469617 0.04747014222302537
3 316 358 315 0.7329812804579616 0.11041061223469617 0.04747014222302537
3 174 716 175 0.7329812804579616 0.11041061223469617 0.04747014222302537
3 175 269 174 0.7329812804579616 0.11041061223469617 0.04747014222302537
3 175 270 269 0.7329812804579616 0.11041061223469617 0.04747014222302537
3 176 270 175 0.7329812804579616 0.11041061223469617 0.04747014222302537
3 526 196 525 0.7329812804579616 0.11041061223469617 0.04747014222302537
3 525 412 526 0.7329812804579616 0.11041061223469617 0.04747014222302537
3 662 515 338 0.7329812804579616 0.11041061223469617 0.04747014222302537
3 662 338 517 0.7329812804579616 0.11041061223469617 0.04747014222302537
3 517 648 662 0.7329812804579616 0.11041061223469617 0.04747014222302537
3 662 648 647 0.7329812804579616 0.11041061223469617 0.04747014222302537
3 329 662 647 0.7329812804579616 0.11041061223469617 0.04747014222302537
3 515 662 329 0.7329812804579616 0.11041061223469617 0.04747014222302537
3 197 526 527 0.7329812804579616 0.11041061223469617 0.04747014222302537
3 196 526 197 0.7329812804579616 0.11041061223469617 0.04747014222302537
3 414 528 527 0.7329812804579616 0.11041061223469617 0.04747014222302537
3 414 415 528 0.7329812804579616 0.11041061223469617 0.04747014222302537
3 531 530 416 0.7329812804579616 0.11041061223469617 0.04747014222302537
3 416 530 529 0.7329812804579616 0.11041061223469617 0.04747014222302537
3 529 415 416 0.7329812804579616 0.11041061223469617 0.04747014222302537
3 609 416 608 0.7329812804579616 0.11041061223469617 0.04747014222302537
3 531 416 609 0.7329812804579616 0.11041061223469617 0.04747014222302537
3 199 200 292 0.7329812804579616 0.11041061223469617 0.04747014222302537
3 601 600 292 0.7329812804579616 0.11041061223469617 0.04747014222302537
3 534 199 533 0.7329812804579616 0.11041061223469617 0.04747014222302537
3 13 14 533 0.7329812804579616 0.11041061223469617 0.04747014222302537
3 533 198 13 0.7329812804579616 0.11041061223469617 0.04747014222302537
3 199 198 533 0.7329812804579616 0.11041061223469617 0.04747014222302537
3 205 206 534 0.7329812804579616 0.11041061223469617 0.04747014222302537
3 205 14 15 0.7329812804579616 0.11041061223469617 0.04747014222302537
3 534 533 205 0.7329812804579616 0.11041061223469617 0.04747014222302537
3 205 533 14 0.7329812804579616 0.11041061223469617 0.04747014222302537
3 535 200 534 0.7329812804579616 0.11041061223469617 0.04747014222302537
3 534 206 535 0.7329812804579616 0.11041061223469617 0.04747014222302537
3 15 16 417 0.7329812804579616 0.11041061223469617 0.04747014222302537
3 417 205 15 0.7329812804579616 0.11041061223469617 0.04747014222302537
3 206 205 417 0.7329812804579616 0.11041061223469617 0.04747014222302537
3 417 16 212 0.7329812804579616 0.11041061223469617 0.04747014222302537
3 289 412 288 0.7329812804579616 0.11041061223469617 0.04747014222302537
3 288 412 411 0.7329812804579616 0.11041061223469617 0.04747014222302537
3 411 410 287 0.7329812804579616 0.11041061223469617 0.04747014222302537
3 287 410 286 0.7329812804579616 0.11041061223469617 0.04747014222302537
3 287 288 411 0.7329812804579616 0.11041061223469617 0.04747014222302537
3 603 288 287 0.7329812804579616 0.11041061223469617 0.04747014222302537
3 522 521 102 0.7329812804579616 0.11041061223469617 0.04747014222302537
3 522 97 96 0.7329812804579616 0.11041061223469617 0.04747014222302537
3 96 521 522 0.7329812804579616 0.11041061223469617 0.04747014222302537
3 291 198 199 0.7329812804579616 0.11041061223469617 0.04747014222302537
3 199 292 291 0.7329812804579616 0.11041061223469617 0.04747014222302537
3 291 292 600 0.7329812804579616 0.11041061223469617 0.04747014222302537
3 291 600 599 0.7329812804579616 0.11041061223469617 0.04747014222302537
3 599 290 291 0.7329812804579616 0.11041061223469617 0.04747014222302537
3 290 198 291 0.7329812804579616 0.11041061223469617 0.04747014222302537
3 619 253 620 0.7329812804579616 0.11041061223469617 0.04747014222302537
3 620 447 619 0.7329812804579616 0.11041061223469617 0.04747014222302537
3 134 453 454 0.7329812804579616 0.11041061223469617 0.04747014222302537
3 454 453 141 0.7329812804579616 0.11041061223469617 0.04747014222302537
3 27 125 26 0.7329812804579616 0.11041061223469617 0.04747014222302537
3 125 247 26 0.7329812804579616 0.11041061223469617 0.04747014222302537
3 25 26 247 0.7329812804579616 0.11041061223469617 0.04747014222302537
3 613 249 614 0.7329812804579616 0.11041061223469617 0.04747014222302537
3 614 242 613 0.7329812804579616 0.11041061223469617 0.04747014222302537
3 613 242 241 0.7329812804579616 0.11041061223469617 0.04747014222302537
3 238 443 444 0.7329812804579616 0.11041061223469617 0.04747014222302537
3 243 242 614 0.7329812804579616 0.11041061223469617 0.04747014222302537
3 244 443 243 0.7329812804579616 0.11041061223469617 0.04747014222302537
3 240 439 24 0.7329812804579616 0.11041061223469617 0.04747014222302537
3 24 25 240 0.7329812804579616 0.11041061223469617 0.04747014222302537
3 441 236 235 0.7329812804579616 0.11041061223469617 0.04747014222302537
3 22 23 233 0.7329812804579616 0.11041061223469617 0.04747014222302537
3 23 439 233 0.7329812804579616 0.11041061223469617 0.04747014222302537
3 233 546 22 0.7329812804579616 0.11041061223469617 0.04747014222302537
3 233 547 546 0.7329812804579616 0.11041061223469617 0.04747014222302537
3 227 547 228 0.7329812804579616 0.11041061223469617 0.04747014222302537
3 228 430 227 0.7329812804579616 0.11041061223469617 0.04747014222302537
3 548 229 228 0.7329812804579616 0.11041061223469617 0.04747014222302537
3 228 547 548 0.7329812804579616 0.11041061223469617 0.04747014222302537
3 387 298 299 0.7329812804579616 0.11041061223469617 0.04747014222302537
3 386 298 387 0.7329812804579616 0.11041061223469617 0.04747014222302537
3 80 54 55 0.7329812804579616 0.11041061223469617 0.04747014222302537
3 487 359 360 0.7329812804579616 0.11041061223469617 0.04747014222302537
3 360 359 317 0.7329812804579616 0.11041061223469617 0.04747014222302537
3 317 318 360 0.7329812804579616 0.11041061223469617 0.04747014222302537
3 360 318 361 0.7329812804579616 0.11041061223469617 0.04747014222302537
3 505 721 504 0.7329812804579616 0.11041061223469617 0.04747014222302537
3 504 470 505 0.7329812804579616 0.11041061223469617 0.04747014222302537
3 720 503 504 0.7329812804579616 0.11041061223469617 0.04747014222302537
3 504 721 720 0.7329812804579616 0.11041061223469617 0.04747014222302537
3 362 361 319 0.7329812804579616 0.11041061223469617 0.04747014222302537
3 361 318 319 0.7329812804579616 0.11041061223469617 0.04747014222302537
3 274 319 273 0.7329812804579616 0.11041061223469617 0.04747014222302537
3 273 319 318 0.7329812804579616 0.11041061223469617 0.04747014222302537
3 724 725 365 0.7329812804579616 0.11041061223469617 0.04747014222302537
3 724 507 725 0.7329812804579616 0.11041061223469617 0.04747014222302537
3 506 507 724 0.7329812804579616 0.11041061223469617 0.04747014222302537
3 724 723 506 0.7329812804579616 0.11041061223469617 0.04747014222302537
3 320 319 274 0.7329812804579616 0.11041061223469617 0.04747014222302537
3 362 319 320 0.7329812804579616 0.11041061223469617 0.04747014222302537
3 321 274 722 0.7329812804579616 0.11041061223469617 0.04747014222302537
3 722 723 321 0.7329812804579616 0.11041061223469617 0.04747014222302537
3 321 320 274 0.7329812804579616 0.11041061223469617 0.04747014222302537
3 321 724 365 0.7329812804579616 0.11041061223469617 0.04747014222302537
3 723 724 321 0.7329812804579616 0.11041061223469617 0.04747014222302537
3 486 359 487 0.7329812804579616 0.11041061223469617 0.04747014222302537
3 486 358 359 0.7329812804579616 0.11041061223469617 0.04747014222302537
3 487 351 486 0.7329812804579616 0.11041061223469617 0.04747014222302537
3 351 350 486 0.7329812804579616 0.11041061223469617 0.04747014222302537
3 591 590 353 0.7329812804579616 0.11041061223469617 0.04747014222302537
3 267 590 591 0.7329812804579616 0.11041061223469617 0.04747014222302537
3 591 592 267 0.7329812804579616 0.11041061223469617 0.04747014222302537
3 488 352 487 0.7329812804579616 0.11041061223469617 0.04747014222302537
3 353 352 488 0.7329812804579616 0.11041061223469617 0.04747014222302537
3 487 360 488 0.7329812804579616 0.11041061223469617 0.04747014222302537
3 488 360 361 0.7329812804579616 0.11041061223469617 0.04747014222302537
3 363 490 362 0.7329812804579616 0.11041061223469617 0.04747014222302537
3 362 320 363 0.7329812804579616 0.11041061223469617 0.04747014222302537
3 320 321 363 0.7329812804579616 0.11041061223469617 0.04747014222302537
3 356 355 491 0.7329812804579616 0.11041061223469617 0.04747014222302537
3 491 355 490 0.7329812804579616 0.11041061223469617 0.04747014222302537
3 349 484 485 0.7329812804579616 0.11041061223469617 0.04747014222302537
3 485 350 349 0.7329812804579616 0.11041061223469617 0.04747014222302537
3 485 486 350 0.7329812804579616 0.11041061223469617 0.04747014222302537
3 358 486 485 0.7329812804579616 0.11041061223469617 0.04747014222302537
3 485 484 357 0.7329812804579616 0.11041061223469617 0.04747014222302537
3 357 358 485 0.7329812804579616 0.11041061223469617 0.04747014222302537
3 589 352 590 0.7329812804579616 0.11041061223469617 0.04747014222302537
3 588 351 589 0.7329812804579616 0.11041061223469617 0.04747014222302537
3 351 352 589 0.7329812804579616 0.11041061223469617 0.04747014222302537
3 30 31 137 0.7329812804579616 0.11041061223469617 0.04747014222302537
3 33 34 366 0.7329812804579616 0.11041061223469617 0.04747014222302537
3 150 367 366 0.7329812804579616 0.11041061223469617 0.04747014222302537
3 101 521 520 0.7329812804579616 0.11041061223469617 0.04747014222302537
3 520 521 95 0.7329812804579616 0.11041061223469617 0.04747014222302537
3 520 100 101 0.7329812804579616 0.11041061223469617 0.04747014222302537
3 520 95 4 0.7329812804579616 0.11041061223469617 0.04747014222302537
3 4 5 520 0.7329812804579616 0.11041061223469617 0.04747014222302537
3 520 5 100 0.7329812804579616 0.11041061223469617 0.04747014222302537
3 193 331 192 0.7329812804579616 0.11041061223469617 0.04747014222302537
3 96 97 192 0.7329812804579616 0.11041061223469617 0.04747014222302537
3 97 193 192 0.7329812804579616 0.11041061223469617 0.04747014222302537
3 192 191 96 0.7329812804579616 0.11041061223469617 0.04747014222302537
3 192 330 191 0.7329812804579616 0.11041061223469617 0.04747014222302537
3 192 331 330 0.7329812804579616 0.11041061223469617 0.04747014222302537
3 409 410 103 0.7329812804579616 0.11041061223469617 0.04747014222302537
3 103 102 409 0.7329812804579616 0.11041061223469617 0.04747014222302537
3 103 522 102 0.7329812804579616 0.11041061223469617 0.04747014222302537
3 515 329 328 0.7329812804579616 0.11041061223469617 0.04747014222302537
3 462 186 185 0.7329812804579616 0.11041061223469617 0.04747014222302537
3 185 72 73 0.7329812804579616 0.11041061223469617 0.04747014222302537
3 185 461 462 0.7329812804579616 0.11041061223469617 0.04747014222302537
3 73 461 185 0.7329812804579616 0.11041061223469617 0.04747014222302537
3 187 186 463 0.7329812804579616 0.11041061223469617 0.04747014222302537
3 463 186 462 0.7329812804579616 0.11041061223469617 0.04747014222302537
3 462 277 463 0.7329812804579616 0.11041061223469617 0.04747014222302537
3 71 72 496 0.7329812804579616 0.11041061223469617 0.04747014222302537
3 72 185 496 0.7329812804579616 0.11041061223469617 0.04747014222302537
3 496 185 186 0.7329812804579616 0.11041061223469617 0.04747014222302537
3 335 334 196 0.7329812804579616 0.11041061223469617 0.04747014222302537
3 196 197 335 0.7329812804579616 0.11041061223469617 0.04747014222302537
3 74 461 73 0.7329812804579616 0.11041061223469617 0.04747014222302537
3 74 275 461 0.7329812804579616 0.11041061223469617 0.04747014222302537
3 75 275 74 0.7329812804579616 0.11041061223469617 0.04747014222302537
3 182 119 183 0.7329812804579616 0.11041061223469617 0.04747014222302537
3 281 329 647 0.7329812804579616 0.11041061223469617 0.04747014222302537
3 499 188 189 0.7329812804579616 0.11041061223469617 0.04747014222302537
3 499 189 500 0.7329812804579616 0.11041061223469617 0.04747014222302537
3 500 189 190 0.7329812804579616 0.11041061223469617 0.04747014222302537
3 69 179 714 0.7329812804579616 0.11041061223469617 0.04747014222302537
3 714 68 69 0.7329812804579616 0.11041061223469617 0.04747014222302537
3 715 173 714 0.7329812804579616 0.11041061223469617 0.04747014222302537
3 714 173 68 0.7329812804579616 0.11041061223469617 0.04747014222302537
3 70 179 69 0.7329812804579616 0.11041061223469617 0.04747014222302537
3 647 648 467 0.7329812804579616 0.11041061223469617 0.04747014222302537
3 467 281 647 0.7329812804579616 0.11041061223469617 0.04747014222302537
3 513 335 336 0.7329812804579616 0.11041061223469617 0.04747014222302537
3 336 335 197 0.7329812804579616 0.11041061223469617 0.04747014222302537
3 413 414 527 0.7329812804579616 0.11041061223469617 0.04747014222302537
3 413 412 289 0.7329812804579616 0.11041061223469617 0.04747014222302537
3 527 526 413 0.7329812804579616 0.11041061223469617 0.04747014222302537
3 413 526 412 0.7329812804579616 0.11041061223469617 0.04747014222302537
3 540 541 607 0.7329812804579616 0.11041061223469617 0.04747014222302537
3 608 416 607 0.7329812804579616 0.11041061223469617 0.04747014222302537
3 607 416 415 0.7329812804579616 0.11041061223469617 0.04747014222302537
3 651 652 506 0.7329812804579616 0.11041061223469617 0.04747014222302537
3 651 666 652 0.7329812804579616 0.11041061223469617 0.04747014222302537
3 503 502 469 0.7329812804579616 0.11041061223469617 0.04747014222302537
3 469 504 503 0.7329812804579616 0.11041061223469617 0.04747014222302537
3 470 504 469 0.7329812804579616 0.11041061223469617 0.04747014222302537
3 668 682 683 0.7329812804579616 0.11041061223469617 0.04747014222302537
3 625 683 558 0.7329812804579616 0.11041061223469617 0.04747014222302537
3 558 683 682 0.7329812804579616 0.11041061223469617 0.04747014222302537
3 543 609 608 0.7329812804579616 0.11041061223469617 0.04747014222302537
3 431 228 229 0.7329812804579616 0.11041061223469617 0.04747014222302537
3 430 228 431 0.7329812804579616 0.11041061223469617 0.04747014222302537
3 201 535 536 0.7329812804579616 0.11041061223469617 0.04747014222302537
3 200 535 201 0.7329812804579616 0.11041061223469617 0.04747014222302537
3 602 287 286 0.7329812804579616 0.11041061223469617 0.04747014222302537
3 603 287 602 0.7329812804579616 0.11041061223469617 0.04747014222302537
3 602 286 601 0.7329812804579616 0.11041061223469617 0.04747014222302537
3 425 541 424 0.7329812804579616 0.11041061223469617 0.04747014222302537
3 424 541 540 0.7329812804579616 0.11041061223469617 0.04747014222302537
3 540 607 606 0.7329812804579616 0.11041061223469617 0.04747014222302537
3 415 414 606 0.7329812804579616 0.11041061223469617 0.04747014222302537
3 606 607 415 0.7329812804579616 0.11041061223469617 0.04747014222302537
3 604 288 603 0.7329812804579616 0.11041061223469617 0.04747014222302537
3 603 295 604 0.7329812804579616 0.11041061223469617 0.04747014222302537
3 289 288 604 0.7329812804579616 0.11041061223469617 0.04747014222302537
3 216 217 422 0.7329812804579616 0.11041061223469617 0.04747014222302537
3 421 216 422 0.7329812804579616 0.11041061223469617 0.04747014222302537
3 433 225 224 0.7329812804579616 0.11041061223469617 0.04747014222302537
3 428 20 429 0.7329812804579616 0.11041061223469617 0.04747014222302537
3 447 620 448 0.7329812804579616 0.11041061223469617 0.04747014222302537
3 618 253 619 0.7329812804579616 0.11041061223469617 0.04747014222302537
3 615 243 614 0.7329812804579616 0.11041061223469617 0.04747014222302537
3 244 243 615 0.7329812804579616 0.11041061223469617 0.04747014222302537
3 130 253 252 0.7329812804579616 0.11041061223469617 0.04747014222302537
3 253 618 252 0.7329812804579616 0.11041061223469617 0.04747014222302537
3 252 618 617 0.7329812804579616 0.11041061223469617 0.04747014222302537
3 436 437 678 0.7329812804579616 0.11041061223469617 0.04747014222302537
3 553 554 436 0.7329812804579616 0.11041061223469617 0.04747014222302537
3 436 554 437 0.7329812804579616 0.11041061223469617 0.04747014222302537
3 447 554 446 0.7329812804579616 0.11041061223469617 0.04747014222302537
3 550 231 230 0.7329812804579616 0.11041061223469617 0.04747014222302537
3 230 231 433 0.7329812804579616 0.11041061223469617 0.04747014222302537
3 620 481 621 0.7329812804579616 0.11041061223469617 0.04747014222302537
3 621 448 620 0.7329812804579616 0.11041061223469617 0.04747014222302537
3 248 127 249 0.7329812804579616 0.11041061223469617 0.04747014222302537
3 249 613 248 0.7329812804579616 0.11041061223469617 0.04747014222302537
3 128 127 475 0.7329812804579616 0.11041061223469617 0.04747014222302537
3 249 127 128 0.7329812804579616 0.11041061223469617 0.04747014222302537
3 125 473 126 0.7329812804579616 0.11041061223469617 0.04747014222302537
3 127 248 126 0.7329812804579616 0.11041061223469617 0.04747014222302537
3 126 247 125 0.7329812804579616 0.11041061223469617 0.04747014222302537
3 126 248 247 0.7329812804579616 0.11041061223469617 0.04747014222302537
3 475 127 474 0.7329812804579616 0.11041061223469617 0.04747014222302537
3 134 475 474 0.7329812804579616 0.11041061223469617 0.04747014222302537
3 127 126 474 0.7329812804579616 0.11041061223469617 0.04747014222302537
3 474 126 473 0.7329812804579616 0.11041061223469617 0.04747014222302537
3 136 478 477 0.7329812804579616 0.11041061223469617 0.04747014222302537
3 130 129 477 0.7329812804579616 0.11041061223469617 0.04747014222302537
3 477 478 130 0.7329812804579616 0.11041061223469617 0.04747014222302537
3 136 477 476 0.7329812804579616 0.11041061223469617 0.04747014222302537
3 476 477 129 0.7329812804579616 0.11041061223469617 0.04747014222302537
3 476 128 475 0.7329812804579616 0.11041061223469617 0.04747014222302537
3 129 128 476 0.7329812804579616 0.11041061223469617 0.04747014222302537
3 456 136 455 0.7329812804579616 0.11041061223469617 0.04747014222302537
3 455 691 456 0.7329812804579616 0.11041061223469617 0.04747014222302537
3 612 25 247 0.7329812804579616 0.11041061223469617 0.04747014222302537
3 247 248 612 0.7329812804579616 0.11041061223469617 0.04747014222302537
3 612 248 613 0.7329812804579616 0.11041061223469617 0.04747014222302537
3 612 240 25 0.7329812804579616 0.11041061223469617 0.04747014222302537
3 612 613 241 0.7329812804579616 0.11041061223469617 0.04747014222302537
3 241 240 612 0.7329812804579616 0.11041061223469617 0.04747014222302537
3 551 231 550 0.7329812804579616 0.11041061223469617 0.04747014222302537
3 445 446 239 0.7329812804579616 0.11041061223469617 0.04747014222302537
3 444 445 239 0.7329812804579616 0.11041061223469617 0.04747014222302537
3 239 238 444 0.7329812804579616 0.11041061223469617 0.04747014222302537
3 239 554 553 0.7329812804579616 0.11041061223469617 0.04747014222302537
3 239 446 554 0.7329812804579616 0.11041061223469617 0.04747014222302537
3 441 242 442 0.7329812804579616 0.11041061223469617 0.04747014222302537
3 242 243 442 0.7329812804579616 0.11041061223469617 0.04747014222302537
3 442 243 443 0.7329812804579616 0.11041061223469617 0.04747014222302537
3 442 236 441 0.7329812804579616 0.11041061223469617 0.04747014222302537
3 440 240 241 0.7329812804579616 0.11041061223469617 0.04747014222302537
3 439 240 440 0.7329812804579616 0.11041061223469617 0.04747014222302537
3 440 241 441 0.7329812804579616 0.11041061223469617 0.04747014222302537
3 441 235 440 0.7329812804579616 0.11041061223469617 0.04747014222302537
3 234 233 439 0.7329812804579616 0.11041061223469617 0.04747014222302537
3 439 440 234 0.7329812804579616 0.11041061223469617 0.04747014222302537
3 234 440 235 0.7329812804579616 0.11041061223469617 0.04747014222302537
3 234 235 548 0.7329812804579616 0.11041061223469617 0.04747014222302537
3 548 547 234 0.7329812804579616 0.11041061223469617 0.04747014222302537
3 547 233 234 0.7329812804579616 0.11041061223469617 0.04747014222302537
3 299 105 168 0.7329812804579616 0.11041061223469617 0.04747014222302537
3 168 300 299 0.7329812804579616 0.11041061223469617 0.04747014222302537
3 389 300 301 0.7329812804579616 0.11041061223469617 0.04747014222302537
3 301 390 389 0.7329812804579616 0.11041061223469617 0.04747014222302537
3 386 387 162 0.7329812804579616 0.11041061223469617 0.04747014222302537
3 161 386 162 0.7329812804579616 0.11041061223469617 0.04747014222302537
3 162 626 161 0.7329812804579616 0.11041061223469617 0.04747014222302537
3 162 387 163 0.7329812804579616 0.11041061223469617 0.04747014222302537
3 83 626 162 0.7329812804579616 0.11041061223469617 0.04747014222302537
3 628 84 163 0.7329812804579616 0.11041061223469617 0.04747014222302537
3 255 84 628 0.7329812804579616 0.11041061223469617 0.04747014222302537
3 380 379 258 0.7329812804579616 0.11041061223469617 0.04747014222302537
3 302 391 390 0.7329812804579616 0.11041061223469617 0.04747014222302537
3 302 390 301 0.7329812804579616 0.11041061223469617 0.04747014222302537
3 631 258 630 0.7329812804579616 0.11041061223469617 0.04747014222302537
3 587 263 586 0.7329812804579616 0.11041061223469617 0.04747014222302537
3 587 350 588 0.7329812804579616 0.11041061223469617 0.04747014222302537
3 587 586 349 0.7329812804579616 0.11041061223469617 0.04747014222302537
3 349 350 587 0.7329812804579616 0.11041061223469617 0.04747014222302537
3 588 589 265 0.7329812804579616 0.11041061223469617 0.04747014222302537
3 586 263 262 0.7329812804579616 0.11041061223469617 0.04747014222302537
3 578 344 345 0.7329812804579616 0.11041061223469617 0.04747014222302537
3 345 344 311 0.7329812804579616 0.11041061223469617 0.04747014222302537
3 58 59 110 0.7329812804579616 0.11041061223469617 0.04747014222302537
3 720 721 178 0.7329812804579616 0.11041061223469617 0.04747014222302537
3 178 719 720 0.7329812804579616 0.11041061223469617 0.04747014222302537
3 721 274 178 0.7329812804579616 0.11041061223469617 0.04747014222302537
3 274 273 178 0.7329812804579616 0.11041061223469617 0.04747014222302537
3 592 591 354 0.7329812804579616 0.11041061223469617 0.04747014222302537
3 354 355 592 0.7329812804579616 0.11041061223469617 0.04747014222302537
3 354 591 353 0.7329812804579616 0.11041061223469617 0.04747014222302537
3 490 355 354 0.7329812804579616 0.11041061223469617 0.04747014222302537
3 353 488 489 0.7329812804579616 0.11041061223469617 0.04747014222302537
3 489 354 353 0.7329812804579616 0.11041061223469617 0.04747014222302537
3 490 354 489 0.7329812804579616 0.11041061223469617 0.04747014222302537
3 362 490 489 0.7329812804579616 0.11041061223469617 0.04747014222302537
3 489 361 362 0.7329812804579616 0.11041061223469617 0.04747014222302537
3 489 488 361 0.7329812804579616 0.11041061223469617 0.04747014222302537
3 492 491 365 0.7329812804579616 0.11041061223469617 0.04747014222302537
3 356 491 492 0.7329812804579616 0.11041061223469617 0.04747014222302537
3 490 363 364 0.7329812804579616 0.11041061223469617 0.04747014222302537
3 364 491 490 0.7329812804579616 0.11041061223469617 0.04747014222302537
3 365 491 364 0.7329812804579616 0.11041061223469617 0.04747014222302537
3 364 321 365 0.7329812804579616 0.11041061223469617 0.04747014222302537
3 364 363 321 0.7329812804579616 0.11041061223469617 0.04747014222302537
3 523 524 98 0.7329812804579616 0.11041061223469617 0.04747014222302537
3 522 103 523 0.7329812804579616 0.11041061223469617 0.04747014222302537
3 98 97 523 0.7329812804579616 0.11041061223469617 0.04747014222302537
3 97 522 523 0.7329812804579616 0.11041061223469617 0.04747014222302537
3 104 103 410 0.7329812804579616 0.11041061223469617 0.04747014222302537
3 411 524 104 0.7329812804579616 0.11041061223469617 0.04747014222302537
3 104 410 411 0.7329812804579616 0.11041061223469617 0.04747014222302537
3 524 523 104 0.7329812804579616 0.11041061223469617 0.04747014222302537
3 104 523 103 0.7329812804579616 0.11041061223469617 0.04747014222302537
3 280 328 646 0.7329812804579616 0.11041061223469617 0.04747014222302537
3 646 328 329 0.7329812804579616 0.11041061223469617 0.04747014222302537
3 329 281 646 0.7329812804579616 0.11041061223469617 0.04747014222302537
3 327 326 513 0.7329812804579616 0.11041061223469617 0.04747014222302537
3 644 326 327 0.7329812804579616 0.11041061223469617 0.04747014222302537
3 324 122 123 0.7329812804579616 0.11041061223469617 0.04747014222302537
3 123 122 511 0.7329812804579616 0.11041061223469617 0.04747014222302537
3 643 326 644 0.7329812804579616 0.11041061223469617 0.04747014222302537
3 275 640 641 0.7329812804579616 0.11041061223469617 0.04747014222302537
3 641 323 324 0.7329812804579616 0.11041061223469617 0.04747014222302537
3 641 640 323 0.7329812804579616 0.11041061223469617 0.04747014222302537
3 497 186 187 0.7329812804579616 0.11041061223469617 0.04747014222302537
3 497 496 186 0.7329812804579616 0.11041061223469617 0.04747014222302537
3 181 716 715 0.7329812804579616 0.11041061223469617 0.04747014222302537
3 181 182 716 0.7329812804579616 0.11041061223469617 0.04747014222302537
3 190 189 466 0.7329812804579616 0.11041061223469617 0.04747014222302537
3 466 467 190 0.7329812804579616 0.11041061223469617 0.04747014222302537
3 281 467 466 0.7329812804579616 0.11041061223469617 0.04747014222302537
3 280 646 466 0.7329812804579616 0.11041061223469617 0.04747014222302537
3 466 646 281 0.7329812804579616 0.11041061223469617 0.04747014222302537
3 119 500 501 0.7329812804579616 0.11041061223469617 0.04747014222302537
3 501 500 190 0.7329812804579616 0.11041061223469617 0.04747014222302537
3 183 119 501 0.7329812804579616 0.11041061223469617 0.04747014222302537
3 501 502 183 0.7329812804579616 0.11041061223469617 0.04747014222302537
3 190 467 501 0.7329812804579616 0.11041061223469617 0.04747014222302537
3 464 188 187 0.7329812804579616 0.11041061223469617 0.04747014222302537
3 187 463 464 0.7329812804579616 0.11041061223469617 0.04747014222302537
3 465 279 280 0.7329812804579616 0.11041061223469617 0.04747014222302537
3 465 189 188 0.7329812804579616 0.11041061223469617 0.04747014222302537
3 188 464 465 0.7329812804579616 0.11041061223469617 0.04747014222302537
3 465 464 279 0.7329812804579616 0.11041061223469617 0.04747014222302537
3 280 466 465 0.7329812804579616 0.11041061223469617 0.04747014222302537
3 465 466 189 0.7329812804579616 0.11041061223469617 0.04747014222302537
3 645 328 280 0.7329812804579616 0.11041061223469617 0.04747014222302537
3 280 279 645 0.7329812804579616 0.11041061223469617 0.04747014222302537
3 645 327 328 0.7329812804579616 0.11041061223469617 0.04747014222302537
3 645 279 644 0.7329812804579616 0.11041061223469617 0.04747014222302537
3 644 327 645 0.7329812804579616 0.11041061223469617 0.04747014222302537
3 498 188 499 0.7329812804579616 0.11041061223469617 0.04747014222302537
3 116 497 498 0.7329812804579616 0.11041061223469617 0.04747014222302537
3 187 188 498 0.7329812804579616 0.11041061223469617 0.04747014222302537
3 498 497 187 0.7329812804579616 0.11041061223469617 0.04747014222302537
3 115 116 179 0.7329812804579616 0.11041061223469617 0.04747014222302537
3 179 70 115 0.7329812804579616 0.11041061223469617 0.04747014222302537
3 115 497 116 0.7329812804579616 0.11041061223469617 0.04747014222302537
3 115 70 71 0.7329812804579616 0.11041061223469617 0.04747014222302537
3 71 496 115 0.7329812804579616 0.11041061223469617 0.04747014222302537
3 496 497 115 0.7329812804579616 0.11041061223469617 0.04747014222302537
3 184 718 183 0.7329812804579616 0.11041061223469617 0.04747014222302537
3 719 718 184 0.7329812804579616 0.11041061223469617 0.04747014222302537
3 183 502 184 0.7329812804579616 0.11041061223469617 0.04747014222302537
3 184 502 503 0.7329812804579616 0.11041061223469617 0.04747014222302537
3 184 503 720 0.7329812804579616 0.11041061223469617 0.04747014222302537
3 720 719 184 0.7329812804579616 0.11041061223469617 0.04747014222302537
3 717 175 716 0.7329812804579616 0.11041061223469617 0.04747014222302537
3 183 718 717 0.7329812804579616 0.11041061223469617 0.04747014222302537
3 176 175 717 0.7329812804579616 0.11041061223469617 0.04747014222302537
3 717 718 176 0.7329812804579616 0.11041061223469617 0.04747014222302537
3 717 182 183 0.7329812804579616 0.11041061223469617 0.04747014222302537
3 716 182 717 0.7329812804579616 0.11041061223469617 0.04747014222302537
3 468 467 648 0.7329812804579616 0.11041061223469617 0.04747014222302537
3 648 469 468 0.7329812804579616 0.11041061223469617 0.04747014222302537
3 468 469 502 0.7329812804579616 0.11041061223469617 0.04747014222302537
3 502 501 468 0.7329812804579616 0.11041061223469617 0.04747014222302537
3 468 501 467 0.7329812804579616 0.11041061223469617 0.04747014222302537
3 338 515 337 0.7329812804579616 0.11041061223469617 0.04747014222302537
3 337 197 527 0.7329812804579616 0.11041061223469617 0.04747014222302537
3 337 336 197 0.7329812804579616 0.11041061223469617 0.04747014222302537
3 337 528 338 0.7329812804579616 0.11041061223469617 0.04747014222302537
3 527 528 337 0.7329812804579616 0.11041061223469617 0.04747014222302537
3 505 470 471 0.7329812804579616 0.11041061223469617 0.04747014222302537
3 506 505 471 0.7329812804579616 0.11041061223469617 0.04747014222302537
3 471 651 506 0.7329812804579616 0.11041061223469617 0.04747014222302537
3 519 518 531 0.7329812804579616 0.11041061223469617 0.04747014222302537
3 666 651 519 0.7329812804579616 0.11041061223469617 0.04747014222302537
3 531 532 519 0.7329812804579616 0.11041061223469617 0.04747014222302537
3 519 532 666 0.7329812804579616 0.11041061223469617 0.04747014222302537
3 470 469 649 0.7329812804579616 0.11041061223469617 0.04747014222302537
3 649 469 648 0.7329812804579616 0.11041061223469617 0.04747014222302537
3 517 518 649 0.7329812804579616 0.11041061223469617 0.04747014222302537
3 649 648 517 0.7329812804579616 0.11041061223469617 0.04747014222302537
3 531 609 610 0.7329812804579616 0.11041061223469617 0.04747014222302537
3 610 532 531 0.7329812804579616 0.11041061223469617 0.04747014222302537
3 611 682 668 0.7329812804579616 0.11041061223469617 0.04747014222302537
3 611 610 545 0.7329812804579616 0.11041061223469617 0.04747014222302537
3 532 610 611 0.7329812804579616 0.11041061223469617 0.04747014222302537
3 625 558 624 0.7329812804579616 0.11041061223469617 0.04747014222302537
3 542 543 608 0.7329812804579616 0.11041061223469617 0.04747014222302537
3 542 541 425 0.7329812804579616 0.11041061223469617 0.04747014222302537
3 608 607 542 0.7329812804579616 0.11041061223469617 0.04747014222302537
3 542 607 541 0.7329812804579616 0.11041061223469617 0.04747014222302537
3 426 542 425 0.7329812804579616 0.11041061223469617 0.04747014222302537
3 543 542 426 0.7329812804579616 0.11041061223469617 0.04747014222302537
3 545 610 544 0.7329812804579616 0.11041061223469617 0.04747014222302537
3 609 543 544 0.7329812804579616 0.11041061223469617 0.04747014222302537
3 544 610 609 0.7329812804579616 0.11041061223469617 0.04747014222302537
3 430 431 222 0.7329812804579616 0.11041061223469617 0.04747014222302537
3 603 602 294 0.7329812804579616 0.11041061223469617 0.04747014222302537
3 294 295 603 0.7329812804579616 0.11041061223469617 0.04747014222302537
3 200 201 293 0.7329812804579616 0.11041061223469617 0.04747014222302537
3 293 602 601 0.7329812804579616 0.11041061223469617 0.04747014222302537
3 201 294 293 0.7329812804579616 0.11041061223469617 0.04747014222302537
3 293 294 602 0.7329812804579616 0.11041061223469617 0.04747014222302537
3 601 292 293 0.7329812804579616 0.11041061223469617 0.04747014222302537
3 293 292 200 0.7329812804579616 0.11041061223469617 0.04747014222302537
3 423 424 540 0.7329812804579616 0.11041061223469617 0.04747014222302537
3 422 217 423 0.7329812804579616 0.11041061223469617 0.04747014222302537
3 289 604 605 0.7329812804579616 0.11041061223469617 0.04747014222302537
3 605 606 414 0.7329812804579616 0.11041061223469617 0.04747014222302537
3 605 413 289 0.7329812804579616 0.11041061223469617 0.04747014222302537
3 414 413 605 0.7329812804579616 0.11041061223469617 0.04747014222302537
3 295 294 202 0.7329812804579616 0.11041061223469617 0.04747014222302537
3 202 201 536 0.7329812804579616 0.11041061223469617 0.04747014222302537
3 202 294 201 0.7329812804579616 0.11041061223469617 0.04747014222302537
3 295 203 296 0.7329812804579616 0.11041061223469617 0.04747014222302537
3 296 604 295 0.7329812804579616 0.11041061223469617 0.04747014222302537
3 538 204 296 0.7329812804579616 0.11041061223469617 0.04747014222302537
3 296 203 538 0.7329812804579616 0.11041061223469617 0.04747014222302537
3 204 605 296 0.7329812804579616 0.11041061223469617 0.04747014222302537
3 296 605 604 0.7329812804579616 0.11041061223469617 0.04747014222302537
3 540 539 211 0.7329812804579616 0.11041061223469617 0.04747014222302537
3 211 423 540 0.7329812804579616 0.11041061223469617 0.04747014222302537
3 422 423 211 0.7329812804579616 0.11041061223469617 0.04747014222302537
3 671 214 670 0.7329812804579616 0.11041061223469617 0.04747014222302537
3 670 220 671 0.7329812804579616 0.11041061223469617 0.04747014222302537
3 670 219 220 0.7329812804579616 0.11041061223469617 0.04747014222302537
3 669 18 670 0.7329812804579616 0.11041061223469617 0.04747014222302537
3 18 219 670 0.7329812804579616 0.11041061223469617 0.04747014222302537
3 420 421 209 0.7329812804579616 0.11041061223469617 0.04747014222302537
3 209 208 420 0.7329812804579616 0.11041061223469617 0.04747014222302537
3 210 204 538 0.7329812804579616 0.11041061223469617 0.04747014222302537
3 210 539 204 0.7329812804579616 0.11041061223469617 0.04747014222302537
3 538 209 210 0.7329812804579616 0.11041061223469617 0.04747014222302537
3 210 209 421 0.7329812804579616 0.11041061223469617 0.04747014222302537
3 210 421 422 0.7329812804579616 0.11041061223469617 0.04747014222302537
3 422 211 210 0.7329812804579616 0.11041061223469617 0.04747014222302537
3 210 211 539 0.7329812804579616 0.11041061223469617 0.04747014222302537
3 420 214 215 0.7329812804579616 0.11041061223469617 0.04747014222302537
3 215 421 420 0.7329812804579616 0.11041061223469617 0.04747014222302537
3 215 214 671 0.7329812804579616 0.11041061223469617 0.04747014222302537
3 216 421 215 0.7329812804579616 0.11041061223469617 0.04747014222302537
3 671 672 215 0.7329812804579616 0.11041061223469617 0.04747014222302537
3 672 216 215 0.7329812804579616 0.11041061223469617 0.04747014222302537
3 418 417 212 0.7329812804579616 0.11041061223469617 0.04747014222302537
3 206 417 418 0.7329812804579616 0.11041061223469617 0.04747014222302537
3 419 214 420 0.7329812804579616 0.11041061223469617 0.04747014222302537
3 420 208 419 0.7329812804579616 0.11041061223469617 0.04747014222302537
3 433 224 432 0.7329812804579616 0.11041061223469617 0.04747014222302537
3 432 431 229 0.7329812804579616 0.11041061223469617 0.04747014222302537
3 432 230 433 0.7329812804579616 0.11041061223469617 0.04747014222302537
3 229 230 432 0.7329812804579616 0.11041061223469617 0.04747014222302537
3 223 224 674 0.7329812804579616 0.11041061223469617 0.04747014222302537
3 223 222 431 0.7329812804579616 0.11041061223469617 0.04747014222302537
3 431 432 223 0.7329812804579616 0.11041061223469617 0.04747014222302537
3 223 432 224 0.7329812804579616 0.11041061223469617 0.04747014222302537
3 425 424 675 0.7329812804579616 0.11041061223469617 0.04747014222302537
3 675 676 425 0.7329812804579616 0.11041061223469617 0.04747014222302537
3 674 224 675 0.7329812804579616 0.11041061223469617 0.04747014222302537
3 675 224 225 0.7329812804579616 0.11041061223469617 0.04747014222302537
3 225 676 675 0.7329812804579616 0.11041061223469617 0.04747014222302537
3 220 219 19 0.7329812804579616 0.11041061223469617 0.04747014222302537
3 19 428 220 0.7329812804579616 0.11041061223469617 0.04747014222302537
3 19 219 18 0.7329812804579616 0.11041061223469617 0.04747014222302537
3 20 428 19 0.7329812804579616 0.11041061223469617 0.04747014222302537
3 449 621 622 0.7329812804579616 0.11041061223469617 0.04747014222302537
3 448 621 449 0.7329812804579616 0.11041061223469617 0.04747014222302537
3 617 618 246 0.7329812804579616 0.11041061223469617 0.04747014222302537
3 246 446 445 0.7329812804579616 0.11041061223469617 0.04747014222302537
3 246 618 619 0.7329812804579616 0.11041061223469617 0.04747014222302537
3 619 447 246 0.7329812804579616 0.11041061223469617 0.04747014222302537
3 447 446 246 0.7329812804579616 0.11041061223469617 0.04747014222302537
3 614 249 250 0.7329812804579616 0.11041061223469617 0.04747014222302537
3 250 615 614 0.7329812804579616 0.11041061223469617 0.04747014222302537
3 249 128 250 0.7329812804579616 0.11041061223469617 0.04747014222302537
3 250 128 129 0.7329812804579616 0.11041061223469617 0.04747014222302537
3 435 436 678 0.7329812804579616 0.11041061223469617 0.04747014222302537
3 550 230 549 0.7329812804579616 0.11041061223469617 0.04747014222302537
3 548 235 549 0.7329812804579616 0.11041061223469617 0.04747014222302537
3 549 229 548 0.7329812804579616 0.11041061223469617 0.04747014222302537
3 549 230 229 0.7329812804579616 0.11041061223469617 0.04747014222302537
3 549 236 550 0.7329812804579616 0.11041061223469617 0.04747014222302537
3 549 235 236 0.7329812804579616 0.11041061223469617 0.04747014222302537
3 481 460 482 0.7329812804579616 0.11041061223469617 0.04747014222302537
3 482 460 483 0.7329812804579616 0.11041061223469617 0.04747014222302537
3 482 483 622 0.7329812804579616 0.11041061223469617 0.04747014222302537
3 622 621 482 0.7329812804579616 0.11041061223469617 0.04747014222302537
3 482 621 481 0.7329812804579616 0.11041061223469617 0.04747014222302537
3 480 620 253 0.7329812804579616 0.11041061223469617 0.04747014222302537
3 480 481 620 0.7329812804579616 0.11041061223469617 0.04747014222302537
3 729 683 625 0.7329812804579616 0.11041061223469617 0.04747014222302537
3 625 698 729 0.7329812804579616 0.11041061223469617 0.04747014222302537
3 725 726 495 0.7329812804579616 0.11041061223469617 0.04747014222302537
3 631 632 259 0.7329812804579616 0.11041061223469617 0.04747014222302537
3 381 380 259 0.7329812804579616 0.11041061223469617 0.04747014222302537
3 259 258 631 0.7329812804579616 0.11041061223469617 0.04747014222302537
3 259 380 258 0.7329812804579616 0.11041061223469617 0.04747014222302537
3 260 632 633 0.7329812804579616 0.11041061223469617 0.04747014222302537
3 381 259 260 0.7329812804579616 0.11041061223469617 0.04747014222302537
3 260 259 632 0.7329812804579616 0.11041061223469617 0.04747014222302537
3 570 694 693 0.7329812804579616 0.11041061223469617 0.04747014222302537
3 456 691 457 0.7329812804579616 0.11041061223469617 0.04747014222302537
3 457 136 456 0.7329812804579616 0.11041061223469617 0.04747014222302537
3 457 478 136 0.7329812804579616 0.11041061223469617 0.04747014222302537
3 142 455 454 0.7329812804579616 0.11041061223469617 0.04747014222302537
3 142 454 141 0.7329812804579616 0.11041061223469617 0.04747014222302537
3 690 691 142 0.7329812804579616 0.11041061223469617 0.04747014222302537
3 691 455 142 0.7329812804579616 0.11041061223469617 0.04747014222302537
3 135 455 136 0.7329812804579616 0.11041061223469617 0.04747014222302537
3 136 476 135 0.7329812804579616 0.11041061223469617 0.04747014222302537
3 134 454 135 0.7329812804579616 0.11041061223469617 0.04747014222302537
3 454 455 135 0.7329812804579616 0.11041061223469617 0.04747014222302537
3 135 475 134 0.7329812804579616 0.11041061223469617 0.04747014222302537
3 135 476 475 0.7329812804579616 0.11041061223469617 0.04747014222302537
3 238 551 237 0.7329812804579616 0.11041061223469617 0.04747014222302537
3 236 442 237 0.7329812804579616 0.11041061223469617 0.04747014222302537
3 550 236 237 0.7329812804579616 0.11041061223469617 0.04747014222302537
3 237 551 550 0.7329812804579616 0.11041061223469617 0.04747014222302537
3 443 238 237 0.7329812804579616 0.11041061223469617 0.04747014222302537
3 237 442 443 0.7329812804579616 0.11041061223469617 0.04747014222302537
3 552 551 238 0.7329812804579616 0.11041061223469617 0.04747014222302537
3 552 239 553 0.7329812804579616 0.11041061223469617 0.04747014222302537
3 238 239 552 0.7329812804579616 0.11041061223469617 0.04747014222302537
3 553 436 552 0.7329812804579616 0.11041061223469617 0.04747014222302537
3 300 389 388 0.7329812804579616 0.11041061223469617 0.04747014222302537
3 163 387 388 0.7329812804579616 0.11041061223469617 0.04747014222302537
3 299 300 388 0.7329812804579616 0.11041061223469617 0.04747014222302537
3 388 387 299 0.7329812804579616 0.11041061223469617 0.04747014222302537
3 165 389 390 0.7329812804579616 0.11041061223469617 0.04747014222302537
3 300 168 106 0.7329812804579616 0.11041061223469617 0.04747014222302537
3 87 573 106 0.7329812804579616 0.11041061223469617 0.04747014222302537
3 574 107 88 0.7329812804579616 0.11041061223469617 0.04747014222302537
3 88 107 573 0.7329812804579616 0.11041061223469617 0.04747014222302537
3 38 376 37 0.7329812804579616 0.11041061223469617 0.04747014222302537
3 377 376 255 0.7329812804579616 0.11041061223469617 0.04747014222302537
3 627 162 163 0.7329812804579616 0.11041061223469617 0.04747014222302537
3 163 84 627 0.7329812804579616 0.11041061223469617 0.04747014222302537
3 83 162 627 0.7329812804579616 0.11041061223469617 0.04747014222302537
3 254 376 38 0.7329812804579616 0.11041061223469617 0.04747014222302537
3 83 627 254 0.7329812804579616 0.11041061223469617 0.04747014222302537
3 254 627 84 0.7329812804579616 0.11041061223469617 0.04747014222302537
3 255 376 254 0.7329812804579616 0.11041061223469617 0.04747014222302537
3 254 84 255 0.7329812804579616 0.11041061223469617 0.04747014222302537
3 38 41 254 0.7329812804579616 0.11041061223469617 0.04747014222302537
3 41 83 254 0.7329812804579616 0.11041061223469617 0.04747014222302537
3 256 377 255 0.7329812804579616 0.11041061223469617 0.04747014222302537
3 164 165 629 0.7329812804579616 0.11041061223469617 0.04747014222302537
3 389 165 164 0.7329812804579616 0.11041061223469617 0.04747014222302537
3 164 388 389 0.7329812804579616 0.11041061223469617 0.04747014222302537
3 164 628 163 0.7329812804579616 0.11041061223469617 0.04747014222302537
3 163 388 164 0.7329812804579616 0.11041061223469617 0.04747014222302537
3 150 560 561 0.7329812804579616 0.11041061223469617 0.04747014222302537
3 90 576 109 0.7329812804579616 0.11041061223469617 0.04747014222302537
3 56 57 91 0.7329812804579616 0.11041061223469617 0.04747014222302537
3 577 344 578 0.7329812804579616 0.11041061223469617 0.04747014222302537
3 392 632 631 0.7329812804579616 0.11041061223469617 0.04747014222302537
3 631 391 392 0.7329812804579616 0.11041061223469617 0.04747014222302537
3 391 302 303 0.7329812804579616 0.11041061223469617 0.04747014222302537
3 303 392 391 0.7329812804579616 0.11041061223469617 0.04747014222302537
3 258 379 257 0.7329812804579616 0.11041061223469617 0.04747014222302537
3 257 630 258 0.7329812804579616 0.11041061223469617 0.04747014222302537
3 390 391 166 0.7329812804579616 0.11041061223469617 0.04747014222302537
3 166 165 390 0.7329812804579616 0.11041061223469617 0.04747014222302537
3 630 165 166 0.7329812804579616 0.11041061223469617 0.04747014222302537
3 166 391 631 0.7329812804579616 0.11041061223469617 0.04747014222302537
3 631 630 166 0.7329812804579616 0.11041061223469617 0.04747014222302537
3 399 263 264 0.7329812804579616 0.11041061223469617 0.04747014222302537
3 263 587 264 0.7329812804579616 0.11041061223469617 0.04747014222302537
3 264 587 588 0.7329812804579616 0.11041061223469617 0.04747014222302537
3 588 265 264 0.7329812804579616 0.11041061223469617 0.04747014222302537
3 586 262 585 0.7329812804579616 0.11041061223469617 0.04747014222302537
3 585 348 586 0.7329812804579616 0.11041061223469617 0.04747014222302537
3 585 61 62 0.7329812804579616 0.11041061223469617 0.04747014222302537
3 62 348 585 0.7329812804579616 0.11041061223469617 0.04747014222302537
3 396 110 59 0.7329812804579616 0.11041061223469617 0.04747014222302537
3 111 110 396 0.7329812804579616 0.11041061223469617 0.04747014222302537
3 399 264 400 0.7329812804579616 0.11041061223469617 0.04747014222302537
3 400 264 265 0.7329812804579616 0.11041061223469617 0.04747014222302537
3 705 402 706 0.7329812804579616 0.11041061223469617 0.04747014222302537
3 584 639 638 0.7329812804579616 0.11041061223469617 0.04747014222302537
3 712 698 697 0.7329812804579616 0.11041061223469617 0.04747014222302537
3 697 639 712 0.7329812804579616 0.11041061223469617 0.04747014222302537
3 696 639 697 0.7329812804579616 0.11041061223469617 0.04747014222302537
3 697 698 625 0.7329812804579616 0.11041061223469617 0.04747014222302537
3 697 483 696 0.7329812804579616 0.11041061223469617 0.04747014222302537
3 625 624 697 0.7329812804579616 0.11041061223469617 0.04747014222302537
3 697 624 483 0.7329812804579616 0.11041061223469617 0.04747014222302537
3 384 383 634 0.7329812804579616 0.11041061223469617 0.04747014222302537
3 634 383 633 0.7329812804579616 0.11041061223469617 0.04747014222302537
3 633 394 634 0.7329812804579616 0.11041061223469617 0.04747014222302537
3 579 345 346 0.7329812804579616 0.11041061223469617 0.04747014222302537
3 578 345 579 0.7329812804579616 0.11041061223469617 0.04747014222302537
3 719 178 177 0.7329812804579616 0.11041061223469617 0.04747014222302537
3 176 718 177 0.7329812804579616 0.11041061223469617 0.04747014222302537
3 177 718 719 0.7329812804579616 0.11041061223469617 0.04747014222302537
3 152 563 153 0.7329812804579616 0.11041061223469617 0.04747014222302537
3 367 144 143 0.7329812804579616 0.11041061223469617 0.04747014222302537
3 143 32 33 0.7329812804579616 0.11041061223469617 0.04747014222302537
3 33 366 143 0.7329812804579616 0.11041061223469617 0.04747014222302537
3 143 366 367 0.7329812804579616 0.11041061223469617 0.04747014222302537
3 686 138 685 0.7329812804579616 0.11041061223469617 0.04747014222302537
3 685 138 137 0.7329812804579616 0.11041061223469617 0.04747014222302537
3 153 563 564 0.7329812804579616 0.11041061223469617 0.04747014222302537
3 141 688 689 0.7329812804579616 0.11041061223469617 0.04747014222302537
3 689 142 141 0.7329812804579616 0.11041061223469617 0.04747014222302537
3 690 142 689 0.7329812804579616 0.11041061223469617 0.04747014222302537
3 566 383 384 0.7329812804579616 0.11041061223469617 0.04747014222302537
3 373 691 690 0.7329812804579616 0.11041061223469617 0.04747014222302537
3 690 689 373 0.7329812804579616 0.11041061223469617 0.04747014222302537
3 373 689 372 0.7329812804579616 0.11041061223469617 0.04747014222302537
3 372 566 373 0.7329812804579616 0.11041061223469617 0.04747014222302537
3 139 138 686 0.7329812804579616 0.11041061223469617 0.04747014222302537
3 451 138 139 0.7329812804579616 0.11041061223469617 0.04747014222302537
3 450 138 451 0.7329812804579616 0.11041061223469617 0.04747014222302537
3 450 29 30 0.7329812804579616 0.11041061223469617 0.04747014222302537
3 30 137 450 0.7329812804579616 0.11041061223469617 0.04747014222302537
3 137 138 450 0.7329812804579616 0.11041061223469617 0.04747014222302537
3 451 132 131 0.7329812804579616 0.11041061223469617 0.04747014222302537
3 29 450 131 0.7329812804579616 0.11041061223469617 0.04747014222302537
3 131 450 451 0.7329812804579616 0.11041061223469617 0.04747014222302537
3 28 29 131 0.7329812804579616 0.11041061223469617 0.04747014222302537
3 472 132 473 0.7329812804579616 0.11041061223469617 0.04747014222302537
3 27 28 472 0.7329812804579616 0.11041061223469617 0.04747014222302537
3 28 131 472 0.7329812804579616 0.11041061223469617 0.04747014222302537
3 472 131 132 0.7329812804579616 0.11041061223469617 0.04747014222302537
3 472 125 27 0.7329812804579616 0.11041061223469617 0.04747014222302537
3 472 473 125 0.7329812804579616 0.11041061223469617 0.04747014222302537
3 452 132 451 0.7329812804579616 0.11041061223469617 0.04747014222302537
3 451 139 452 0.7329812804579616 0.11041061223469617 0.04747014222302537
3 133 453 134 0.7329812804579616 0.11041061223469617 0.04747014222302537
3 473 132 133 0.7329812804579616 0.11041061223469617 0.04747014222302537
3 133 452 453 0.7329812804579616 0.11041061223469617 0.04747014222302537
3 132 452 133 0.7329812804579616 0.11041061223469617 0.04747014222302537
3 134 474 133 0.7329812804579616 0.11041061223469617 0.04747014222302537
3 133 474 473 0.7329812804579616 0.11041061223469617 0.04747014222302537
3 514 327 513 0.7329812804579616 0.11041061223469617 0.04747014222302537
3 328 327 514 0.7329812804579616 0.11041061223469617 0.04747014222302537
3 513 336 514 0.7329812804579616 0.11041061223469617 0.04747014222302537
3 515 328 514 0.7329812804579616 0.11041061223469617 0.04747014222302537
3 514 337 515 0.7329812804579616 0.11041061223469617 0.04747014222302537
3 336 337 514 0.7329812804579616 0.11041061223469617 0.04747014222302537
3 513 326 124 0.7329812804579616 0.11041061223469617 0.04747014222302537
3 326 643 325 0.7329812804579616 0.11041061223469617 0.04747014222302537
3 325 124 326 0.7329812804579616 0.11041061223469617 0.04747014222302537
3 123 124 325 0.7329812804579616 0.11041061223469617 0.04747014222302537
3 324 123 325 0.7329812804579616 0.11041061223469617 0.04747014222302537
3 117 498 499 0.7329812804579616 0.11041061223469617 0.04747014222302537
3 116 498 117 0.7329812804579616 0.11041061223469617 0.04747014222302537
3 118 500 119 0.7329812804579616 0.11041061223469617 0.04747014222302537
3 119 182 118 0.7329812804579616 0.11041061223469617 0.04747014222302537
3 182 181 118 0.7329812804579616 0.11041061223469617 0.04747014222302537
3 181 117 118 0.7329812804579616 0.11041061223469617 0.04747014222302537
3 499 500 118 0.7329812804579616 0.11041061223469617 0.04747014222302537
3 118 117 499 0.7329812804579616 0.11041061223469617 0.04747014222302537
3 715 714 180 0.7329812804579616 0.11041061223469617 0.04747014222302537
3 180 181 715 0.7329812804579616 0.11041061223469617 0.04747014222302537
3 180 714 179 0.7329812804579616 0.11041061223469617 0.04747014222302537
3 180 117 181 0.7329812804579616 0.11041061223469617 0.04747014222302537
3 179 116 180 0.7329812804579616 0.11041061223469617 0.04747014222302537
3 116 117 180 0.7329812804579616 0.11041061223469617 0.04747014222302537
3 278 464 463 0.7329812804579616 0.11041061223469617 0.04747014222302537
3 278 643 644 0.7329812804579616 0.11041061223469617 0.04747014222302537
3 644 279 278 0.7329812804579616 0.11041061223469617 0.04747014222302537
3 279 464 278 0.7329812804579616 0.11041061223469617 0.04747014222302537
3 278 463 277 0.7329812804579616 0.11041061223469617 0.04747014222302537
3 277 643 278 0.7329812804579616 0.11041061223469617 0.04747014222302537
3 651 471 650 0.7329812804579616 0.11041061223469617 0.04747014222302537
3 650 519 651 0.7329812804579616 0.11041061223469617 0.04747014222302537
3 650 471 470 0.7329812804579616 0.11041061223469617 0.04747014222302537
3 518 519 650 0.7329812804579616 0.11041061223469617 0.04747014222302537
3 650 649 518 0.7329812804579616 0.11041061223469617 0.04747014222302537
3 470 649 650 0.7329812804579616 0.11041061223469617 0.04747014222302537
3 666 532 667 0.7329812804579616 0.11041061223469617 0.04747014222302537
3 532 611 667 0.7329812804579616 0.11041061223469617 0.04747014222302537
3 652 666 667 0.7329812804579616 0.11041061223469617 0.04747014222302537
3 667 611 668 0.7329812804579616 0.11041061223469617 0.04747014222302537
3 622 483 623 0.7329812804579616 0.11041061223469617 0.04747014222302537
3 483 624 623 0.7329812804579616 0.11041061223469617 0.04747014222302537
3 623 449 622 0.7329812804579616 0.11041061223469617 0.04747014222302537
3 623 624 558 0.7329812804579616 0.11041061223469617 0.04747014222302537
3 558 449 623 0.7329812804579616 0.11041061223469617 0.04747014222302537
3 427 544 543 0.7329812804579616 0.11041061223469617 0.04747014222302537
3 427 426 678 0.7329812804579616 0.11041061223469617 0.04747014222302537
3 543 426 427 0.7329812804579616 0.11041061223469617 0.04747014222302537
3 429 430 221 0.7329812804579616 0.11041061223469617 0.04747014222302537
3 430 222 221 0.7329812804579616 0.11041061223469617 0.04747014222302537
3 221 428 429 0.7329812804579616 0.11041061223469617 0.04747014222302537
3 220 428 221 0.7329812804579616 0.11041061223469617 0.04747014222302537
3 221 222 672 0.7329812804579616 0.11041061223469617 0.04747014222302537
3 671 220 221 0.7329812804579616 0.11041061223469617 0.04747014222302537
3 221 672 671 0.7329812804579616 0.11041061223469617 0.04747014222302537
3 674 217 673 0.7329812804579616 0.11041061223469617 0.04747014222302537
3 673 223 674 0.7329812804579616 0.11041061223469617 0.04747014222302537
3 222 223 673 0.7329812804579616 0.11041061223469617 0.04747014222302537
3 672 222 673 0.7329812804579616 0.11041061223469617 0.04747014222302537
3 673 216 672 0.7329812804579616 0.11041061223469617 0.04747014222302537
3 217 216 673 0.7329812804579616 0.11041061223469617 0.04747014222302537
3 606 605 297 0.7329812804579616 0.11041061223469617 0.04747014222302537
3 540 606 297 0.7329812804579616 0.11041061223469617 0.04747014222302537
3 297 539 540 0.7329812804579616 0.11041061223469617 0.04747014222302537
3 204 539 297 0.7329812804579616 0.11041061223469617 0.04747014222302537
3 297 605 204 0.7329812804579616 0.11041061223469617 0.04747014222302537
3 208 209 537 0.7329812804579616 0.11041061223469617 0.04747014222302537
3 538 203 537 0.7329812804579616 0.11041061223469617 0.04747014222302537
3 537 209 538 0.7329812804579616 0.11041061223469617 0.04747014222302537
3 537 203 295 0.7329812804579616 0.11041061223469617 0.04747014222302537
3 295 202 537 0.7329812804579616 0.11041061223469617 0.04747014222302537
3 536 208 537 0.7329812804579616 0.11041061223469617 0.04747014222302537
3 537 202 536 0.7329812804579616 0.11041061223469617 0.04747014222302537
3 207 208 536 0.7329812804579616 0.11041061223469617 0.04747014222302537
3 206 418 207 0.7329812804579616 0.11041061223469617 0.04747014222302537
3 207 419 208 0.7329812804579616 0.11041061223469617 0.04747014222302537
3 418 419 207 0.7329812804579616 0.11041061223469617 0.04747014222302537
3 536 535 207 0.7329812804579616 0.11041061223469617 0.04747014222302537
3 207 535 206 0.7329812804579616 0.11041061223469617 0.04747014222302537
3 214 419 213 0.7329812804579616 0.11041061223469617 0.04747014222302537
3 669 670 213 0.7329812804579616 0.11041061223469617 0.04747014222302537
3 213 670 214 0.7329812804579616 0.11041061223469617 0.04747014222302537
3 212 17 213 0.7329812804579616 0.11041061223469617 0.04747014222302537
3 17 669 213 0.7329812804579616 0.11041061223469617 0.04747014222302537
3 213 418 212 0.7329812804579616 0.11041061223469617 0.04747014222302537
3 213 419 418 0.7329812804579616 0.11041061223469617 0.04747014222302537
3 674 675 218 0.7329812804579616 0.11041061223469617 0.04747014222302537
3 218 675 424 0.7329812804579616 0.11041061223469617 0.04747014222302537
3 424 423 218 0.7329812804579616 0.11041061223469617 0.04747014222302537
3 218 217 674 0.7329812804579616 0.11041061223469617 0.04747014222302537
3 218 423 217 0.7329812804579616 0.11041061223469617 0.04747014222302537
3 557 449 558 0.7329812804579616 0.11041061223469617 0.04747014222302537
3 617 246 245 0.7329812804579616 0.11041061223469617 0.04747014222302537
3 444 244 245 0.7329812804579616 0.11041061223469617 0.04747014222302537
3 245 445 444 0.7329812804579616 0.11041061223469617 0.04747014222302537
3 245 246 445 0.7329812804579616 0.11041061223469617 0.04747014222302537
3 251 252 617 0.7329812804579616 0.11041061223469617 0.04747014222302537
3 251 250 129 0.7329812804579616 0.11041061223469617 0.04747014222302537
3 251 129 130 0.7329812804579616 0.11041061223469617 0.04747014222302537
3 130 252 251 0.7329812804579616 0.11041061223469617 0.04747014222302537
3 434 225 433 0.7329812804579616 0.11041061223469617 0.04747014222302537
3 433 231 434 0.7329812804579616 0.11041061223469617 0.04747014222302537
3 434 676 225 0.7329812804579616 0.11041061223469617 0.04747014222302537
3 231 551 232 0.7329812804579616 0.11041061223469617 0.04747014222302537
3 232 434 231 0.7329812804579616 0.11041061223469617 0.04747014222302537
3 435 434 232 0.7329812804579616 0.11041061223469617 0.04747014222302537
3 551 552 232 0.7329812804579616 0.11041061223469617 0.04747014222302537
3 436 435 232 0.7329812804579616 0.11041061223469617 0.04747014222302537
3 232 552 436 0.7329812804579616 0.11041061223469617 0.04747014222302537
3 677 435 678 0.7329812804579616 0.11041061223469617 0.04747014222302537
3 678 426 677 0.7329812804579616 0.11041061223469617 0.04747014222302537
3 676 434 677 0.7329812804579616 0.11041061223469617 0.04747014222302537
3 677 434 435 0.7329812804579616 0.11041061223469617 0.04747014222302537
3 425 676 677 0.7329812804579616 0.11041061223469617 0.04747014222302537
3 677 426 425 0.7329812804579616 0.11041061223469617 0.04747014222302537
3 459 694 460 0.7329812804579616 0.11041061223469617 0.04747014222302537
3 459 480 458 0.7329812804579616 0.11041061223469617 0.04747014222302537
3 459 458 693 0.7329812804579616 0.11041061223469617 0.04747014222302537
3 693 694 459 0.7329812804579616 0.11041061223469617 0.04747014222302537
3 459 460 481 0.7329812804579616 0.11041061223469617 0.04747014222302537
3 481 480 459 0.7329812804579616 0.11041061223469617 0.04747014222302537
3 458 480 479 0.7329812804579616 0.11041061223469617 0.04747014222302537
3 479 457 458 0.7329812804579616 0.11041061223469617 0.04747014222302537
3 478 457 479 0.7329812804579616 0.11041061223469617 0.04747014222302537
3 479 480 253 0.7329812804579616 0.11041061223469617 0.04747014222302537
3 479 253 130 0.7329812804579616 0.11041061223469617 0.04747014222302537
3 130 478 479 0.7329812804579616 0.11041061223469617 0.04747014222302537
3 713 698 712 0.7329812804579616 0.11041061223469617 0.04747014222302537
3 713 729 698 0.7329812804579616 0.11041061223469617 0.04747014222302537
3 712 597 713 0.7329812804579616 0.11041061223469617 0.04747014222302537
3 668 683 728 0.7329812804579616 0.11041061223469617 0.04747014222302537
3 683 729 728 0.7329812804579616 0.11041061223469617 0.04747014222302537
3 729 713 728 0.7329812804579616 0.11041061223469617 0.04747014222302537
3 728 713 597 0.7329812804579616 0.11041061223469617 0.04747014222302537
3 365 725 494 0.7329812804579616 0.11041061223469617 0.04747014222302537
3 725 495 494 0.7329812804579616 0.11041061223469617 0.04747014222302537
3 356 594 593 0.7329812804579616 0.11041061223469617 0.04747014222302537
3 593 355 356 0.7329812804579616 0.11041061223469617 0.04747014222302537
3 592 355 593 0.7329812804579616 0.11041061223469617 0.04747014222302537
3 633 383 382 0.7329812804579616 0.11041061223469617 0.04747014222302537
3 382 260 633 0.7329812804579616 0.11041061223469617 0.04747014222302537
3 694 570 695 0.7329812804579616 0.11041061223469617 0.04747014222302537
3 460 694 695 0.7329812804579616 0.11041061223469617 0.04747014222302537
3 696 483 695 0.7329812804579616 0.11041061223469617 0.04747014222302537
3 483 460 695 0.7329812804579616 0.11041061223469617 0.04747014222302537
3 580 579 346 0.7329812804579616 0.11041061223469617 0.04747014222302537
3 568 636 569 0.7329812804579616 0.11041061223469617 0.04747014222302537
3 569 375 568 0.7329812804579616 0.11041061223469617 0.04747014222302537
3 569 570 693 0.7329812804579616 0.11041061223469617 0.04747014222302537
3 693 375 569 0.7329812804579616 0.11041061223469617 0.04747014222302537
3 692 457 691 0.7329812804579616 0.11041061223469617 0.04747014222302537
3 692 375 693 0.7329812804579616 0.11041061223469617 0.04747014222302537
3 693 458 692 0.7329812804579616 0.11041061223469617 0.04747014222302537
3 458 457 692 0.7329812804579616 0.11041061223469617 0.04747014222302537
3 568 375 374 0.7329812804579616 0.11041061223469617 0.04747014222302537
3 691 373 374 0.7329812804579616 0.11041061223469617 0.04747014222302537
3 374 692 691 0.7329812804579616 0.11041061223469617 0.04747014222302537
3 375 692 374 0.7329812804579616 0.11041061223469617 0.04747014222302537
3 301 300 169 0.7329812804579616 0.11041061223469617 0.04747014222302537
3 300 106 169 0.7329812804579616 0.11041061223469617 0.04747014222302537
3 169 107 301 0.7329812804579616 0.11041061223469617 0.04747014222302537
3 573 107 169 0.7329812804579616 0.11041061223469617 0.04747014222302537
3 169 106 573 0.7329812804579616 0.11041061223469617 0.04747014222302537
3 572 168 105 0.7329812804579616 0.11041061223469617 0.04747014222302537
3 572 106 168 0.7329812804579616 0.11041061223469617 0.04747014222302537
3 572 105 52 0.7329812804579616 0.11041061223469617 0.04747014222302537
3 87 106 572 0.7329812804579616 0.11041061223469617 0.04747014222302537
3 572 52 53 0.7329812804579616 0.11041061223469617 0.04747014222302537
3 53 87 572 0.7329812804579616 0.11041061223469617 0.04747014222302537
3 80 81 340 0.7329812804579616 0.11041061223469617 0.04747014222302537
3 340 88 80 0.7329812804579616 0.11041061223469617 0.04747014222302537
3 574 88 340 0.7329812804579616 0.11041061223469617 0.04747014222302537
3 339 54 80 0.7329812804579616 0.11041061223469617 0.04747014222302537
3 80 88 339 0.7329812804579616 0.11041061223469617 0.04747014222302537
3 87 54 339 0.7329812804579616 0.11041061223469617 0.04747014222302537
3 339 573 87 0.7329812804579616 0.11041061223469617 0.04747014222302537
3 339 88 573 0.7329812804579616 0.11041061223469617 0.04747014222302537
3 155 37 376 0.7329812804579616 0.11041061223469617 0.04747014222302537
3 376 377 155 0.7329812804579616 0.11041061223469617 0.04747014222302537
3 629 256 85 0.7329812804579616 0.11041061223469617 0.04747014222302537
3 85 164 629 0.7329812804579616 0.11041061223469617 0.04747014222302537
3 628 164 85 0.7329812804579616 0.11041061223469617 0.04747014222302537
3 255 628 85 0.7329812804579616 0.11041061223469617 0.04747014222302537
3 85 256 255 0.7329812804579616 0.11041061223469617 0.04747014222302537
3 149 560 150 0.7329812804579616 0.11041061223469617 0.04747014222302537
3 150 366 149 0.7329812804579616 0.11041061223469617 0.04747014222302537
3 149 366 34 0.7329812804579616 0.11041061223469617 0.04747014222302537
3 149 34 35 0.7329812804579616 0.11041061223469617 0.04747014222302537
3 377 256 378 0.7329812804579616 0.11041061223469617 0.04747014222302537
3 378 257 379 0.7329812804579616 0.11041061223469617 0.04747014222302537
3 256 257 378 0.7329812804579616 0.11041061223469617 0.04747014222302537
3 379 380 158 0.7329812804579616 0.11041061223469617 0.04747014222302537
3 151 367 150 0.7329812804579616 0.11041061223469617 0.04747014222302537
3 150 561 151 0.7329812804579616 0.11041061223469617 0.04747014222302537
3 82 90 341 0.7329812804579616 0.11041061223469617 0.04747014222302537
3 342 90 82 0.7329812804579616 0.11041061223469617 0.04747014222302537
3 576 90 342 0.7329812804579616 0.11041061223469617 0.04747014222302537
3 82 341 307 0.7329812804579616 0.11041061223469617 0.04747014222302537
3 307 341 81 0.7329812804579616 0.11041061223469617 0.04747014222302537
3 56 91 306 0.7329812804579616 0.11041061223469617 0.04747014222302537
3 306 81 80 0.7329812804579616 0.11041061223469617 0.04747014222302537
3 306 307 81 0.7329812804579616 0.11041061223469617 0.04747014222302537
3 91 307 306 0.7329812804579616 0.11041061223469617 0.04747014222302537
3 80 55 306 0.7329812804579616 0.11041061223469617 0.04747014222302537
3 306 55 56 0.7329812804579616 0.11041061223469617 0.04747014222302537
3 700 110 111 0.7329812804579616 0.11041061223469617 0.04747014222302537
3 344 577 343 0.7329812804579616 0.11041061223469617 0.04747014222302537
3 343 342 309 0.7329812804579616 0.11041061223469617 0.04747014222302537
3 343 577 576 0.7329812804579616 0.11041061223469617 0.04747014222302537
3 576 342 343 0.7329812804579616 0.11041061223469617 0.04747014222302537
3 575 90 109 0.7329812804579616 0.11041061223469617 0.04747014222302537
3 575 341 90 0.7329812804579616 0.11041061223469617 0.04747014222302537
3 170 108 302 0.7329812804579616 0.11041061223469617 0.04747014222302537
3 170 302 301 0.7329812804579616 0.11041061223469617 0.04747014222302537
3 301 107 170 0.7329812804579616 0.11041061223469617 0.04747014222302537
3 170 107 574 0.7329812804579616 0.11041061223469617 0.04747014222302537
3 574 108 170 0.7329812804579616 0.11041061223469617 0.04747014222302537
3 302 108 171 0.7329812804579616 0.11041061223469617 0.04747014222302537
3 171 303 302 0.7329812804579616 0.11041061223469617 0.04747014222302537
3 109 303 171 0.7329812804579616 0.11041061223469617 0.04747014222302537
3 171 575 109 0.7329812804579616 0.11041061223469617 0.04747014222302537
3 108 575 171 0.7329812804579616 0.11041061223469617 0.04747014222302537
3 630 257 86 0.7329812804579616 0.11041061223469617 0.04747014222302537
3 629 165 86 0.7329812804579616 0.11041061223469617 0.04747014222302537
3 86 165 630 0.7329812804579616 0.11041061223469617 0.04747014222302537
3 86 256 629 0.7329812804579616 0.11041061223469617 0.04747014222302537
3 86 257 256 0.7329812804579616 0.11041061223469617 0.04747014222302537
3 60 396 59 0.7329812804579616 0.11041061223469617 0.04747014222302537
3 111 396 397 0.7329812804579616 0.11041061223469617 0.04747014222302537
3 267 402 266 0.7329812804579616 0.11041061223469617 0.04747014222302537
3 266 590 267 0.7329812804579616 0.11041061223469617 0.04747014222302537
3 266 589 590 0.7329812804579616 0.11041061223469617 0.04747014222302537
3 266 265 589 0.7329812804579616 0.11041061223469617 0.04747014222302537
3 312 345 311 0.7329812804579616 0.11041061223469617 0.04747014222302537
3 346 345 312 0.7329812804579616 0.11041061223469617 0.04747014222302537
3 705 312 704 0.7329812804579616 0.11041061223469617 0.04747014222302537
3 704 312 311 0.7329812804579616 0.11041061223469617 0.04747014222302537
3 402 705 401 0.7329812804579616 0.11041061223469617 0.04747014222302537
3 401 266 402 0.7329812804579616 0.11041061223469617 0.04747014222302537
3 401 704 400 0.7329812804579616 0.11041061223469617 0.04747014222302537
3 705 704 401 0.7329812804579616 0.11041061223469617 0.04747014222302537
3 401 400 265 0.7329812804579616 0.11041061223469617 0.04747014222302537
3 265 266 401 0.7329812804579616 0.11041061223469617 0.04747014222302537
3 271 270 176 0.7329812804579616 0.11041061223469617 0.04747014222302537
3 176 177 271 0.7329812804579616 0.11041061223469617 0.04747014222302537
3 317 316 271 0.7329812804579616 0.11041061223469617 0.04747014222302537
3 271 316 270 0.7329812804579616 0.11041061223469617 0.04747014222302537
3 686 685 145 0.7329812804579616 0.11041061223469617 0.04747014222302537
3 145 685 144 0.7329812804579616 0.11041061223469617 0.04747014222302537
3 144 685 684 0.7329812804579616 0.11041061223469617 0.04747014222302537
3 32 143 684 0.7329812804579616 0.11041061223469617 0.04747014222302537
3 684 143 144 0.7329812804579616 0.11041061223469617 0.04747014222302537
3 31 32 684 0.7329812804579616 0.11041061223469617 0.04747014222302537
3 684 137 31 0.7329812804579616 0.11041061223469617 0.04747014222302537
3 684 685 137 0.7329812804579616 0.11041061223469617 0.04747014222302537
3 688 147 148 0.7329812804579616 0.11041061223469617 0.04747014222302537
3 148 689 688 0.7329812804579616 0.11041061223469617 0.04747014222302537
3 372 689 148 0.7329812804579616 0.11041061223469617 0.04747014222302537
3 371 147 370 0.7329812804579616 0.11041061223469617 0.04747014222302537
3 371 566 372 0.7329812804579616 0.11041061223469617 0.04747014222302537
3 372 148 371 0.7329812804579616 0.11041061223469617 0.04747014222302537
3 371 148 147 0.7329812804579616 0.11041061223469617 0.04747014222302537
3 567 566 384 0.7329812804579616 0.11041061223469617 0.04747014222302537
3 567 373 566 0.7329812804579616 0.11041061223469617 0.04747014222302537
3 568 374 567 0.7329812804579616 0.11041061223469617 0.04747014222302537
3 567 374 373 0.7329812804579616 0.11041061223469617 0.04747014222302537
3 687 147 688 0.7329812804579616 0.11041061223469617 0.04747014222302537
3 687 139 686 0.7329812804579616 0.11041061223469617 0.04747014222302537
3 140 452 139 0.7329812804579616 0.11041061223469617 0.04747014222302537
3 140 688 141 0.7329812804579616 0.11041061223469617 0.04747014222302537
3 141 453 140 0.7329812804579616 0.11041061223469617 0.04747014222302537
3 453 452 140 0.7329812804579616 0.11041061223469617 0.04747014222302537
3 140 687 688 0.7329812804579616 0.11041061223469617 0.04747014222302537
3 139 687 140 0.7329812804579616 0.11041061223469617 0.04747014222302537
3 512 123 511 0.7329812804579616 0.11041061223469617 0.04747014222302537
3 512 124 123 0.7329812804579616 0.11041061223469617 0.04747014222302537
3 511 334 512 0.7329812804579616 0.11041061223469617 0.04747014222302537
3 513 124 512 0.7329812804579616 0.11041061223469617 0.04747014222302537
3 512 335 513 0.7329812804579616 0.11041061223469617 0.04747014222302537
3 334 335 512 0.7329812804579616 0.11041061223469617 0.04747014222302537
3 642 643 277 0.7329812804579616 0.11041061223469617 0.04747014222302537
3 642 325 643 0.7329812804579616 0.11041061223469617 0.04747014222302537
3 642 641 324 0.7329812804579616 0.11041061223469617 0.04747014222302537
3 324 325 642 0.7329812804579616 0.11041061223469617 0.04747014222302537
3 653 507 652 0.7329812804579616 0.11041061223469617 0.04747014222302537
3 652 667 653 0.7329812804579616 0.11041061223469617 0.04747014222302537
3 725 507 653 0.7329812804579616 0.11041061223469617 0.04747014222302537
3 653 726 725 0.7329812804579616 0.11041061223469617 0.04747014222302537
3 653 667 668 0.7329812804579616 0.11041061223469617 0.04747014222302537
3 544 427 679 0.7329812804579616 0.11041061223469617 0.04747014222302537
3 678 437 679 0.7329812804579616 0.11041061223469617 0.04747014222302537
3 679 427 678 0.7329812804579616 0.11041061223469617 0.04747014222302537
3 448 449 556 0.7329812804579616 0.11041061223469617 0.04747014222302537
3 449 557 556 0.7329812804579616 0.11041061223469617 0.04747014222302537
3 615 250 616 0.7329812804579616 0.11041061223469617 0.04747014222302537
3 250 251 616 0.7329812804579616 0.11041061223469617 0.04747014222302537
3 616 251 617 0.7329812804579616 0.11041061223469617 0.04747014222302537
3 244 615 616 0.7329812804579616 0.11041061223469617 0.04747014222302537
3 616 245 244 0.7329812804579616 0.11041061223469617 0.04747014222302537
3 617 245 616 0.7329812804579616 0.11041061223469617 0.04747014222302537
3 597 495 727 0.7329812804579616 0.11041061223469617 0.04747014222302537
3 727 728 597 0.7329812804579616 0.11041061223469617 0.04747014222302537
3 727 495 726 0.7329812804579616 0.11041061223469617 0.04747014222302537
3 668 728 727 0.7329812804579616 0.11041061223469617 0.04747014222302537
3 727 653 668 0.7329812804579616 0.11041061223469617 0.04747014222302537
3 726 653 727 0.7329812804579616 0.11041061223469617 0.04747014222302537
3 493 492 365 0.7329812804579616 0.11041061223469617 0.04747014222302537
3 365 494 493 0.7329812804579616 0.11041061223469617 0.04747014222302537
3 356 492 493 0.7329812804579616 0.11041061223469617 0.04747014222302537
3 493 594 356 0.7329812804579616 0.11041061223469617 0.04747014222302537
3 596 495 597 0.7329812804579616 0.11041061223469617 0.04747014222302537
3 596 494 495 0.7329812804579616 0.11041061223469617 0.04747014222302537
3 267 592 404 0.7329812804579616 0.11041061223469617 0.04747014222302537
3 592 593 404 0.7329812804579616 0.11041061223469617 0.04747014222302537
3 160 564 563 0.7329812804579616 0.11041061223469617 0.04747014222302537
3 160 382 564 0.7329812804579616 0.11041061223469617 0.04747014222302537
3 160 563 381 0.7329812804579616 0.11041061223469617 0.04747014222302537
3 381 260 160 0.7329812804579616 0.11041061223469617 0.04747014222302537
3 260 382 160 0.7329812804579616 0.11041061223469617 0.04747014222302537
3 571 570 638 0.7329812804579616 0.11041061223469617 0.04747014222302537
3 571 695 570 0.7329812804579616 0.11041061223469617 0.04747014222302537
3 638 639 571 0.7329812804579616 0.11041061223469617 0.04747014222302537
3 571 639 696 0.7329812804579616 0.11041061223469617 0.04747014222302537
3 696 695 571 0.7329812804579616 0.11041061223469617 0.04747014222302537
3 313 705 706 0.7329812804579616 0.11041061223469617 0.04747014222302537
3 346 312 313 0.7329812804579616 0.11041061223469617 0.04747014222302537
3 313 312 705 0.7329812804579616 0.11041061223469617 0.04747014222302537
3 395 634 394 0.7329812804579616 0.11041061223469617 0.04747014222302537
3 394 579 395 0.7329812804579616 0.11041061223469617 0.04747014222302537
3 579 580 395 0.7329812804579616 0.11041061223469617 0.04747014222302537
3 37 155 36 0.7329812804579616 0.11041061223469617 0.04747014222302537
3 156 155 377 0.7329812804579616 0.11041061223469617 0.04747014222302537
3 377 378 156 0.7329812804579616 0.11041061223469617 0.04747014222302537
3 157 378 379 0.7329812804579616 0.11041061223469617 0.04747014222302537
3 157 561 560 0.7329812804579616 0.11041061223469617 0.04747014222302537
3 560 156 157 0.7329812804579616 0.11041061223469617 0.04747014222302537
3 157 156 378 0.7329812804579616 0.11041061223469617 0.04747014222302537
3 379 158 157 0.7329812804579616 0.11041061223469617 0.04747014222302537
3 157 158 561 0.7329812804579616 0.11041061223469617 0.04747014222302537
3 561 158 562 0.7329812804579616 0.11041061223469617 0.04747014222302537
3 562 151 561 0.7329812804579616 0.11041061223469617 0.04747014222302537
3 562 158 380 0.7329812804579616 0.11041061223469617 0.04747014222302537
3 563 152 562 0.7329812804579616 0.11041061223469617 0.04747014222302537
3 152 151 562 0.7329812804579616 0.11041061223469617 0.04747014222302537
3 308 342 82 0.7329812804579616 0.11041061223469617 0.04747014222302537
3 309 342 308 0.7329812804579616 0.11041061223469617 0.04747014222302537
3 82 307 308 0.7329812804579616 0.11041061223469617 0.04747014222302537
3 58 110 699 0.7329812804579616 0.11041061223469617 0.04747014222302537
3 110 700 699 0.7329812804579616 0.11041061223469617 0.04747014222302537
3 699 57 58 0.7329812804579616 0.11041061223469617 0.04747014222302537
3 699 91 57 0.7329812804579616 0.11041061223469617 0.04747014222302537
3 576 577 172 0.7329812804579616 0.11041061223469617 0.04747014222302537
3 577 304 172 0.7329812804579616 0.11041061223469617 0.04747014222302537
3 109 576 172 0.7329812804579616 0.11041061223469617 0.04747014222302537
3 172 303 109 0.7329812804579616 0.11041061223469617 0.04747014222302537
3 392 303 172 0.7329812804579616 0.11041061223469617 0.04747014222302537
3 172 304 392 0.7329812804579616 0.11041061223469617 0.04747014222302537
3 392 304 393 0.7329812804579616 0.11041061223469617 0.04747014222302537
3 633 632 393 0.7329812804579616 0.11041061223469617 0.04747014222302537
3 632 392 393 0.7329812804579616 0.11041061223469617 0.04747014222302537
3 393 394 633 0.7329812804579616 0.11041061223469617 0.04747014222302537
3 341 575 89 0.7329812804579616 0.11041061223469617 0.04747014222302537
3 89 340 81 0.7329812804579616 0.11041061223469617 0.04747014222302537
3 81 341 89 0.7329812804579616 0.11041061223469617 0.04747014222302537
3 574 340 89 0.7329812804579616 0.11041061223469617 0.04747014222302537
3 89 108 574 0.7329812804579616 0.11041061223469617 0.04747014222302537
3 89 575 108 0.7329812804579616 0.11041061223469617 0.04747014222302537
3 398 399 113 0.7329812804579616 0.11041061223469617 0.04747014222302537
3 398 397 262 0.7329812804579616 0.11041061223469617 0.04747014222302537
3 398 263 399 0.7329812804579616 0.11041061223469617 0.04747014222302537
3 398 262 263 0.7329812804579616 0.11041061223469617 0.04747014222302537
3 396 60 261 0.7329812804579616 0.11041061223469617 0.04747014222302537
3 261 397 396 0.7329812804579616 0.11041061223469617 0.04747014222302537
3 262 397 261 0.7329812804579616 0.11041061223469617 0.04747014222302537
3 261 60 61 0.7329812804579616 0.11041061223469617 0.04747014222302537
3 61 585 261 0.7329812804579616 0.11041061223469617 0.04747014222302537
3 261 585 262 0.7329812804579616 0.11041061223469617 0.04747014222302537
3 113 702 112 0.7329812804579616 0.11041061223469617 0.04747014222302537
3 112 398 113 0.7329812804579616 0.11041061223469617 0.04747014222302537
3 397 398 112 0.7329812804579616 0.11041061223469617 0.04747014222302537
3 111 397 112 0.7329812804579616 0.11041061223469617 0.04747014222302537
3 399 400 114 0.7329812804579616 0.11041061223469617 0.04747014222302537
3 400 704 114 0.7329812804579616 0.11041061223469617 0.04747014222302537
3 113 399 114 0.7329812804579616 0.11041061223469617 0.04747014222302537
3 711 597 712 0.7329812804579616 0.11041061223469617 0.04747014222302537
3 584 710 711 0.7329812804579616 0.11041061223469617 0.04747014222302537
3 711 596 597 0.7329812804579616 0.11041061223469617 0.04747014222302537
3 710 596 711 0.7329812804579616 0.11041061223469617 0.04747014222302537
3 712 639 711 0.7329812804579616 0.11041061223469617 0.04747014222302537
3 639 584 711 0.7329812804579616 0.11041061223469617 0.04747014222302537
3 583 584 638 0.7329812804579616 0.11041061223469617 0.04747014222302537
3 636 582 637 0.7329812804579616 0.11041061223469617 0.04747014222302537
3 637 569 636 0.7329812804579616 0.11041061223469617 0.04747014222302537
3 637 583 638 0.7329812804579616 0.11041061223469617 0.04747014222302537
3 582 583 637 0.7329812804579616 0.11041061223469617 0.04747014222302537
3 638 570 637 0.7329812804579616 0.11041061223469617 0.04747014222302537
3 570 569 637 0.7329812804579616 0.11041061223469617 0.04747014222302537
3 272 177 178 0.7329812804579616 0.11041061223469617 0.04747014222302537
3 272 271 177 0.7329812804579616 0.11041061223469617 0.04747014222302537
3 272 178 273 0.7329812804579616 0.11041061223469617 0.04747014222302537
3 272 273 318 0.7329812804579616 0.11041061223469617 0.04747014222302537
3 272 318 317 0.7329812804579616 0.11041061223469617 0.04747014222302537
3 317 271 272 0.7329812804579616 0.11041061223469617 0.04747014222302537
3 686 145 146 0.7329812804579616 0.11041061223469617 0.04747014222302537
3 370 147 146 0.7329812804579616 0.11041061223469617 0.04747014222302537
3 146 687 686 0.7329812804579616 0.11041061223469617 0.04747014222302537
3 147 687 146 0.7329812804579616 0.11041061223469617 0.04747014222302537
3 368 145 144 0.7329812804579616 0.11041061223469617 0.04747014222302537
3 368 144 367 0.7329812804579616 0.11041061223469617 0.04747014222302537
3 367 151 368 0.7329812804579616 0.11041061223469617 0.04747014222302537
3 368 151 152 0.7329812804579616 0.11041061223469617 0.04747014222302537
3 154 371 370 0.7329812804579616 0.11041061223469617 0.04747014222302537
3 154 370 153 0.7329812804579616 0.11041061223469617 0.04747014222302537
3 153 564 154 0.7329812804579616 0.11041061223469617 0.04747014222302537
3 385 567 384 0.7329812804579616 0.11041061223469617 0.04747014222302537
3 385 636 568 0.7329812804579616 0.11041061223469617 0.04747014222302537
3 568 567 385 0.7329812804579616 0.11041061223469617 0.04747014222302537
3 276 642 277 0.7329812804579616 0.11041061223469617 0.04747014222302537
3 462 461 276 0.7329812804579616 0.11041061223469617 0.04747014222302537
3 276 277 462 0.7329812804579616 0.11041061223469617 0.04747014222302537
3 461 275 276 0.7329812804579616 0.11041061223469617 0.04747014222302537
3 275 641 276 0.7329812804579616 0.11041061223469617 0.04747014222302537
3 641 642 276 0.7329812804579616 0.11041061223469617 0.04747014222302537
3 447 448 555 0.7329812804579616 0.11041061223469617 0.04747014222302537
3 448 556 555 0.7329812804579616 0.11041061223469617 0.04747014222302537
3 555 554 447 0.7329812804579616 0.11041061223469617 0.04747014222302537
3 437 554 555 0.7329812804579616 0.11041061223469617 0.04747014222302537
3 545 544 680 0.7329812804579616 0.11041061223469617 0.04747014222302537
3 544 679 680 0.7329812804579616 0.11041061223469617 0.04747014222302537
3 594 493 595 0.7329812804579616 0.11041061223469617 0.04747014222302537
3 595 493 494 0.7329812804579616 0.11041061223469617 0.04747014222302537
3 494 596 595 0.7329812804579616 0.11041061223469617 0.04747014222302537
3 595 596 710 0.7329812804579616 0.11041061223469617 0.04747014222302537
3 403 402 267 0.7329812804579616 0.11041061223469617 0.04747014222302537
3 267 404 403 0.7329812804579616 0.11041061223469617 0.04747014222302537
3 706 402 403 0.7329812804579616 0.11041061223469617 0.04747014222302537
3 405 593 594 0.7329812804579616 0.11041061223469617 0.04747014222302537
3 405 404 593 0.7329812804579616 0.11041061223469617 0.04747014222302537
3 594 595 405 0.7329812804579616 0.11041061223469617 0.04747014222302537
3 405 595 710 0.7329812804579616 0.11041061223469617 0.04747014222302537
3 581 395 580 0.7329812804579616 0.11041061223469617 0.04747014222302537
3 581 582 636 0.7329812804579616 0.11041061223469617 0.04747014222302537
3 636 395 581 0.7329812804579616 0.11041061223469617 0.04747014222302537
3 384 634 635 0.7329812804579616 0.11041061223469617 0.04747014222302537
3 634 395 635 0.7329812804579616 0.11041061223469617 0.04747014222302537
3 635 385 384 0.7329812804579616 0.11041061223469617 0.04747014222302537
3 635 395 636 0.7329812804579616 0.11041061223469617 0.04747014222302537
3 636 385 635 0.7329812804579616 0.11041061223469617 0.04747014222302537
3 559 36 155 0.7329812804579616 0.11041061223469617 0.04747014222302537
3 155 156 559 0.7329812804579616 0.11041061223469617 0.04747014222302537
3 35 36 559 0.7329812804579616 0.11041061223469617 0.04747014222302537
3 559 156 560 0.7329812804579616 0.11041061223469617 0.04747014222302537
3 559 149 35 0.7329812804579616 0.11041061223469617 0.04747014222302537
3 560 149 559 0.7329812804579616 0.11041061223469617 0.04747014222302537
3 159 380 381 0.7329812804579616 0.11041061223469617 0.04747014222302537
3 159 562 380 0.7329812804579616 0.11041061223469617 0.04747014222302537
3 381 563 159 0.7329812804579616 0.11041061223469617 0.04747014222302537
3 563 562 159 0.7329812804579616 0.11041061223469617 0.04747014222302537
3 92 699 700 0.7329812804579616 0.11041061223469617 0.04747014222302537
3 92 308 307 0.7329812804579616 0.11041061223469617 0.04747014222302537
3 92 307 91 0.7329812804579616 0.11041061223469617 0.04747014222302537
3 91 699 92 0.7329812804579616 0.11041061223469617 0.04747014222302537
3 93 94 309 0.7329812804579616 0.11041061223469617 0.04747014222302537
3 309 308 93 0.7329812804579616 0.11041061223469617 0.04747014222302537
3 93 92 700 0.7329812804579616 0.11041061223469617 0.04747014222302537
3 308 92 93 0.7329812804579616 0.11041061223469617 0.04747014222302537
3 310 94 702 0.7329812804579616 0.11041061223469617 0.04747014222302537
3 311 344 310 0.7329812804579616 0.11041061223469617 0.04747014222302537
3 309 94 310 0.7329812804579616 0.11041061223469617 0.04747014222302537
3 344 343 310 0.7329812804579616 0.11041061223469617 0.04747014222302537
3 310 343 309 0.7329812804579616 0.11041061223469617 0.04747014222302537
3 305 304 577 0.7329812804579616 0.11041061223469617 0.04747014222302537
3 305 393 304 0.7329812804579616 0.11041061223469617 0.04747014222302537
3 305 577 578 0.7329812804579616 0.11041061223469617 0.04747014222302537
3 394 393 305 0.7329812804579616 0.11041061223469617 0.04747014222302537
3 578 579 305 0.7329812804579616 0.11041061223469617 0.04747014222302537
3 305 579 394 0.7329812804579616 0.11041061223469617 0.04747014222302537
3 703 704 311 0.7329812804579616 0.11041061223469617 0.04747014222302537
3 703 114 704 0.7329812804579616 0.11041061223469617 0.04747014222302537
3 113 114 703 0.7329812804579616 0.11041061223469617 0.04747014222302537
3 703 702 113 0.7329812804579616 0.11041061223469617 0.04747014222302537
3 311 310 703 0.7329812804579616 0.11041061223469617 0.04747014222302537
3 703 310 702 0.7329812804579616 0.11041061223469617 0.04747014222302537
3 145 368 369 0.7329812804579616 0.11041061223469617 0.04747014222302537
3 153 370 369 0.7329812804579616 0.11041061223469617 0.04747014222302537
3 369 152 153 0.7329812804579616 0.11041061223469617 0.04747014222302537
3 369 368 152 0.7329812804579616 0.11041061223469617 0.04747014222302537
3 370 146 369 0.7329812804579616 0.11041061223469617 0.04747014222302537
3 369 146 145 0.7329812804579616 0.11041061223469617 0.04747014222302537
3 566 371 565 0.7329812804579616 0.11041061223469617 0.04747014222302537
3 371 154 565 0.7329812804579616 0.11041061223469617 0.04747014222302537
3 383 566 565 0.7329812804579616 0.11041061223469617 0.04747014222302537
3 565 154 564 0.7329812804579616 0.11041061223469617 0.04747014222302537
3 565 382 383 0.7329812804579616 0.11041061223469617 0.04747014222302537
3 564 382 565 0.7329812804579616 0.11041061223469617 0.04747014222302537
3 438 555 556 0.7329812804579616 0.11041061223469617 0.04747014222302537
3 437 555 438 0.7329812804579616 0.11041061223469617 0.04747014222302537
3 438 679 437 0.7329812804579616 0.11041061223469617 0.04747014222302537
3 438 680 679 0.7329812804579616 0.11041061223469617 0.04747014222302537
3 681 556 557 0.7329812804579616 0.11041061223469617 0.04747014222302537
3 681 438 556 0.7329812804579616 0.11041061223469617 0.04747014222302537
3 680 438 681 0.7329812804579616 0.11041061223469617 0.04747014222302537
3 681 558 682 0.7329812804579616 0.11041061223469617 0.04747014222302537
3 681 557 558 0.7329812804579616 0.11041061223469617 0.04747014222302537
3 682 611 681 0.7329812804579616 0.11041061223469617 0.04747014222302537
3 681 611 545 0.7329812804579616 0.11041061223469617 0.04747014222302537
3 545 680 681 0.7329812804579616 0.11041061223469617 0.04747014222302537
3 709 405 710 0.7329812804579616 0.11041061223469617 0.04747014222302537
3 709 710 584 0.7329812804579616 0.11041061223469617 0.04747014222302537
3 584 583 709 0.7329812804579616 0.11041061223469617 0.04747014222302537
3 347 581 580 0.7329812804579616 0.11041061223469617 0.04747014222302537
3 347 580 346 0.7329812804579616 0.11041061223469617 0.04747014222302537
3 346 313 347 0.7329812804579616 0.11041061223469617 0.04747014222302537
3 347 313 706 0.7329812804579616 0.11041061223469617 0.04747014222302537
3 94 93 701 0.7329812804579616 0.11041061223469617 0.04747014222302537
3 111 112 701 0.7329812804579616 0.11041061223469617 0.04747014222302537
3 701 700 111 0.7329812804579616 0.11041061223469617 0.04747014222302537
3 701 93 700 0.7329812804579616 0.11041061223469617 0.04747014222302537
3 702 94 701 0.7329812804579616 0.11041061223469617 0.04747014222302537
3 701 112 702 0.7329812804579616 0.11041061223469617 0.04747014222302537
3 708 583 582 0.7329812804579616 0.11041061223469617 0.04747014222302537
3 708 709 583 0.7329812804579616 0.11041061223469617 0.04747014222302537
3 404 405 708 0.7329812804579616 0.11041061223469617 0.04747014222302537
3 405 709 708 0.7329812804579616 0.11041061223469617 0.04747014222302537
3 707 708 582 0.7329812804579616 0.11041061223469617 0.04747014222302537
3 582 581 707 0.7329812804579616 0.11041061223469617 0.04747014222302537
3 706 403 707 0.7329812804579616 0.11041061223469617 0.04747014222302537
3 707 347 706 0.7329812804579616 0.11041061223469617 0.04747014222302537
3 581 347 707 0.7329812804579616 0.11041061223469617 0.04747014222302537
3 707 403 404 0.7329812804579616 0.11041061223469617 0.04747014222302537
3 404 708 707 0.7329812804579616 0.11041061223469617 0.04747014222302537
