OFF
1163 2193 0


34.3911 32.0488 8.7636
34.3911 32.0488 8.7636
34.5293 31.9646 8.7763
34.6447 31.8976 8.7864
34.7447 31.8417 8.795
34.8341 31.7933 8.8026
34.9159 31.7502 8.8093
34.9924 31.7107 8.8156
35.0654 31.6739 8.8214
35.1363 31.6388 8.827
35.2063 31.6047 8.8325
35.2767 31.571 8.838
35.3485 31.5372 8.8435
35.4233 31.5025 8.8492
35.5024 31.4664 8.8551
35.5877 31.4281 8.8615
35.6816 31.3866 8.8684
35.7873 31.3406 8.8761
35.9094 31.2884 8.8849
36.0549 31.2273 8.8953
35.9299 31.1842 8.8791
35.8114 31.1427 8.8636
35.6986 31.1025 8.8487
35.5908 31.0636 8.8342
35.4873 31.0256 8.8202
35.3877 30.9884 8.8065
35.2915 30.9518 8.7931
35.1982 30.9157 8.7799
35.1075 30.8799 8.7669
35.0191 30.8443 8.754
34.9326 30.8087 8.7412
34.8478 30.7731 8.7284
34.7644 30.7374 8.7157
34.6823 30.7013 8.7028
34.6012 30.6647 8.6899
34.5208 30.6276 8.6769
34.4412 30.5898 8.6636
34.362 30.5512 8.6502
34.2832 30.5116 8.6365
34.2046 30.4709 8.6225
34.1262 30.429 8.6081
34.0477 30.3856 8.5934
33.9692 30.3407 8.5781
33.8905 30.2941 8.5624
33.8116 30.2456 8.5462
33.7323 30.195 8.5294
33.6528 30.1422 8.5119
33.5728 30.087 8.4937
33.4923 30.0292 8.4748
33.4114 29.9686 8.4551
33.3298 29.905 8.4345
33.2476 29.8383 8.413
33.1646 29.7682 8.3905
33.0807 29.6945 8.367
32.9957 29.617 8.3424
32.9095 29.5354 8.3165
32.8218 29.4493 8.2894
32.8218 29.4493 8.2894
32.8025 29.5895 8.3051
32.7851 29.7136 8.3185
32.7693 29.8254 8.3303
32.7546 29.9278 8.3408
32.7408 30.0229 8.3502
32.7276 30.1125 8.3588
32.7149 30.198 8.3668
32.7024 30.2806 8.3742
32.6901 30.3613 8.3812
32.6777 30.4412 8.3879
32.6652 30.5212 8.3943
32.6523 30.6021 8.4004
32.639 30.6849 8.4064
32.6249 30.7707 8.4123
32.61 30.8606 8.418
32.5939 30.956 8.4236
32.5762 31.0585 8.4291
32.5566 31.1703 8.4345
32.5345 31.2938 8.4397
32.509 31.4326 8.4445
32.509 31.4326 8.4445
32.5915 31.558 8.4679
32.6549 31.6494 8.485
32.7086 31.724 8.4988
32.758 31.7903 8.5111
32.8067 31.8537 8.5229
32.858 31.9187 8.5349
32.9162 31.9903 8.5481
32.9879 32.0758 8.5639
33.0864 32.1888 8.5846
33.0864 32.1888 8.5846
33.2294 32.1727 8.6071
33.3464 32.1597 8.6249
33.4468 32.1486 8.6397
33.5364 32.1388 8.6527
33.6193 32.1298 8.6644
33.6986 32.1213 8.6754
33.7767 32.113 8.686
33.8561 32.1045 8.6966
33.9392 32.0957 8.7076
34.0292 32.0863 8.7191
34.13 32.0758 8.7319
34.2475 32.0636 8.7464
34.3911 32.0488 8.7636
35.0476 31.5931 8.8142
34.9633 31.5497 8.8019
34.8829 31.5084 8.7901
34.8061 31.469 8.7787
35.1744 31.5291 8.824
35.0776 31.4894 8.8106
34.9858 31.4518 8.7978
34.8985 31.4161 8.7855
35.3059 31.4645 8.8339
35.1954 31.4288 8.8194
35.0912 31.3952 8.8055
34.9927 31.3634 8.7923
34.9834 31.6264 8.8092
34.9051 31.5811 8.7975
34.8303 31.5379 8.7861
34.7587 31.4966 8.7752
34.6899 31.457 8.7645
35.4521 31.3947 8.8447
35.3255 31.3636 8.8288
35.2069 31.3344 8.8139
35.0954 31.3071 8.7996
34.9902 31.2813 8.7861
34.9169 31.6614 8.8039
34.8447 31.6142 8.7927
34.7756 31.569 8.7819
34.7092 31.5258 8.7714
34.6453 31.4842 8.7612
34.5839 31.4442 8.7513
35.6281 31.3131 8.8574
35.4808 31.2878 8.8399
35.3438 31.2643 8.8235
35.216 31.2423 8.808
35.0964 31.2219 8.7934
34.984 31.2027 8.7794
35.5507 31.0959 8.8326
35.413 31.0897 8.8174
35.2845 31.0839 8.8031
35.1641 31.0785 8.7896
35.0509 31.0735 8.7767
34.9442 31.0688 8.7645
35.3638 31.0254 8.807
35.2476 31.0253 8.7944
35.1382 31.0252 8.7824
35.0348 31.0251 8.771
34.9369 31.0251 8.7601
34.8439 31.025 8.7496
35.1887 30.9573 8.7824
35.0913 30.9625 8.7721
34.9987 30.9675 8.7622
34.9105 30.9722 8.7528
34.8264 30.9768 8.7436
34.746 30.9811 8.7348
35.0227 30.8904 8.7584
34.9417 30.9004 8.7502
34.8641 30.91 8.7423
34.7897 30.9192 8.7346
34.7183 30.9281 8.7272
34.6496 30.9367 8.7199
34.8636 30.8237 8.7347
34.7972 30.8382 8.7284
34.7331 30.8521 8.7223
34.6713 30.8655 8.7163
34.6116 30.8785 8.7105
34.5538 30.8911 8.7048
34.7094 30.7565 8.711
34.6561 30.7751 8.7065
34.6044 30.7931 8.7021
34.5542 30.8105 8.6977
34.5054 30.8275 8.6935
34.4579 30.844 8.6893
34.5587 30.6878 8.6871
34.5173 30.7103 8.6842
34.4769 30.7322 8.6814
34.4374 30.7536 8.6786
34.3989 30.7745 8.6759
34.3613 30.795 8.6732
34.8471 31.6988 8.7983
34.7811 31.6496 8.7877
34.7177 31.6025 8.7774
34.6567 31.5571 8.7674
34.5979 31.5135 8.7576
34.5411 31.4714 8.7481
34.4863 31.4308 8.7388
35.753 31.1698 8.8596
35.5901 31.1566 8.8415
35.4396 31.1444 8.8246
35.2999 31.1332 8.8087
35.1698 31.1227 8.7937
35.0481 31.113 8.7796
34.9338 31.1038 8.7661
34.4101 30.6167 8.6625
34.3796 30.6431 8.6613
34.3497 30.6689 8.6601
34.3204 30.6942 8.6589
34.2916 30.719 8.6576
34.2634 30.7433 8.6564
34.2357 30.7673 8.6552
34.2625 30.5423 8.637
34.2422 30.5725 8.6374
34.2222 30.6023 8.6378
34.2024 30.6315 8.6382
34.183 30.6603 8.6385
34.1638 30.6887 8.6388
34.1449 30.7167 8.639
32.7941 30.1615 8.3766
32.8592 30.2096 8.3938
32.9231 30.2569 8.4104
32.9859 30.3036 8.4265
33.048 30.3498 8.4422
33.1094 30.3957 8.4574
33.1704 30.4415 8.4723
32.7674 30.3189 8.3903
32.8314 30.3567 8.4059
32.8946 30.3941 8.4211
32.9571 30.4313 8.436
33.0192 30.4682 8.4504
33.0809 30.5051 8.4646
33.1425 30.542 8.4786
32.7417 30.4702 8.4026
32.8049 30.4989 8.417
32.8677 30.5275 8.431
32.93 30.556 8.4448
32.9921 30.5844 8.4583
33.0542 30.6129 8.4715
33.1164 30.6416 8.4847
32.7156 30.6224 8.414
32.7785 30.6426 8.4274
32.8411 30.6628 8.4404
32.9035 30.6831 8.4533
32.9659 30.7033 8.4659
33.0284 30.7237 8.4784
33.0913 30.7443 8.4907
32.8637 31.8122 8.5308
32.9202 31.7712 8.5384
32.9762 31.7304 8.5457
33.032 31.6898 8.5528
33.0875 31.6493 8.5597
33.1431 31.6087 8.5663
33.1988 31.568 8.5728
33.6376 32.0681 8.6644
33.6555 32.0073 8.6643
33.6731 31.9473 8.664
33.6904 31.8881 8.6635
33.7075 31.8295 8.6629
33.7244 31.7714 8.6622
33.7411 31.7137 8.6613
33.7863 32.0508 8.6846
33.7957 31.9897 8.6831
33.8049 31.9296 8.6815
33.8139 31.8702 8.6798
33.8227 31.8117 8.6779
33.8314 31.7538 8.6759
33.8399 31.6964 8.6739
33.9395 32.0329 8.7047
33.9397 31.9713 8.7018
33.9399 31.9108 8.6989
33.94 31.8513 8.6958
33.9401 31.7927 8.6927
33.9401 31.7349 8.6895
33.94 31.6779 8.6862
34.7721 31.7399 8.7922
34.7125 31.6885 8.7822
34.6552 31.6391 8.7724
34.5998 31.5916 8.7629
34.5464 31.5457 8.7537
34.4947 31.5014 8.7446
34.4446 31.4585 8.7357
34.396 31.417 8.727
35.8612 31.2085 8.8739
35.6841 31.1914 8.8541
35.5213 31.1757 8.8357
35.371 31.1612 8.8185
35.2316 31.1478 8.8024
35.1017 31.1353 8.7873
34.9803 31.1237 8.7729
34.8664 31.1129 8.7592
34.1152 30.4637 8.6103
34.1044 30.4979 8.6124
34.0937 30.5316 8.6144
34.0831 30.565 8.6164
34.0727 30.5979 8.6183
34.0623 30.6305 8.6202
34.052 30.6627 8.622
34.0419 30.6945 8.6237
33.9675 30.3797 8.5821
33.9657 30.4182 8.5859
33.964 30.4563 8.5897
33.9623 30.494 8.5934
33.9605 30.5313 8.597
33.9588 30.5682 8.6005
33.957 30.6049 8.6039
33.9552 30.6412 8.6072
33.8188 30.2893 8.5521
33.8259 30.3326 8.5578
33.833 30.3754 8.5634
33.8399 30.4178 8.5689
33.8467 30.4598 8.5743
33.8534 30.5015 8.5795
33.8601 30.5429 8.5847
33.8666 30.584 8.5897
32.8232 29.9898 8.3608
32.8897 30.0501 8.3799
32.9545 30.1091 8.3983
33.0179 30.167 8.4159
33.08 30.2239 8.433
33.1412 30.2801 8.4495
33.2016 30.3357 8.4656
33.2613 30.391 8.4812
32.6881 30.7825 8.425
32.751 30.7944 8.4374
32.8138 30.8062 8.4497
32.8766 30.8182 8.4618
32.9395 30.8302 8.4737
33.0027 30.8423 8.4854
33.0664 30.8545 8.4971
33.1307 30.8669 8.5087
32.8169 31.7524 8.5196
32.8752 31.7148 8.5277
32.9331 31.6775 8.5356
32.9908 31.6403 8.5432
33.0483 31.6031 8.5506
33.1059 31.5658 8.5578
33.1637 31.5284 8.5648
33.2219 31.4907 8.5716
33.5591 32.0772 8.6534
33.5814 32.0164 8.654
33.6034 31.9565 8.6544
33.625 31.8972 8.6547
33.6464 31.8385 8.6548
33.6675 31.7803 8.6547
33.6884 31.7225 8.6545
33.7091 31.665 8.6541
34.69 31.7859 8.7854
34.6372 31.7322 8.776
34.5862 31.6804 8.7669
34.537 31.6304 8.758
34.4892 31.582 8.7492
34.443 31.5352 8.7406
34.3981 31.4898 8.7322
34.3544 31.4457 8.724
34.3119 31.4028 8.7158
33.669 30.1915 8.5199
33.6849 30.2401 8.5278
33.7007 30.2883 8.5354
33.7162 30.336 8.5429
33.7316 30.3832 8.5502
33.7467 30.4301 8.5573
33.7617 30.4766 8.5643
33.7766 30.5229 8.5712
33.7914 30.5689 8.5779
33.5179 30.085 8.4853
33.5429 30.1401 8.4956
33.5675 30.1944 8.5055
33.5918 30.2481 8.5152
33.6158 30.3012 8.5247
33.6394 30.3538 8.5339
33.6628 30.406 8.5429
33.686 30.4579 8.5518
33.709 30.5095 8.5604
33.3653 29.969 8.448
33.4 30.0317 8.4611
33.434 30.0933 8.4737
33.4674 30.1539 8.4859
33.5002 30.2137 8.4978
33.5325 30.2727 8.5093
33.5643 30.3312 8.5205
33.5958 30.3892 8.5315
33.627 30.4468 8.5422
33.2113 29.8422 8.4077
33.2566 29.9142 8.4241
33.3006 29.9845 8.4398
33.3436 30.0533 8.4549
33.3856 30.1208 8.4695
33.4268 30.1871 8.4837
33.4673 30.2526 8.4973
33.5072 30.3174 8.5106
33.5466 30.3815 8.5235
33.0553 29.7036 8.364
33.1126 29.7871 8.3844
33.1677 29.8679 8.4039
33.2211 29.9463 8.4224
33.273 30.0227 8.4401
33.3235 30.0974 8.4571
33.3728 30.1707 8.4735
33.4213 30.2429 8.4893
33.4689 30.3141 8.5045
32.8968 29.552 8.3166
32.9678 29.6497 8.342
33.0356 29.7432 8.3658
33.1005 29.833 8.3883
33.1629 29.9198 8.4096
33.2232 30.004 8.4299
33.2817 30.086 8.4492
33.3388 30.1663 8.4677
33.3946 30.2452 8.4855
32.8564 29.7925 8.3415
32.9249 29.8686 8.3632
32.991 29.9422 8.3838
33.055 30.0139 8.4036
33.1173 30.0838 8.4224
33.1781 30.1523 8.4406
33.2377 30.2196 8.4581
33.2963 30.2861 8.4749
33.3542 30.3519 8.4913
32.7694 31.6897 8.5078
32.8296 31.6556 8.5165
32.8895 31.6218 8.525
32.9491 31.588 8.5331
33.0087 31.5542 8.5411
33.0684 31.5204 8.5489
33.1283 31.4864 8.5564
33.1887 31.4521 8.5639
33.2496 31.4174 8.5711
32.9692 31.9407 8.5549
33.0216 31.8917 8.5614
33.0735 31.8431 8.5676
33.1248 31.7949 8.5736
33.1759 31.7469 8.5793
33.2269 31.699 8.5848
33.2778 31.651 8.59
33.3287 31.6029 8.595
33.3799 31.5546 8.5999
34.1187 32.0118 8.7274
34.1076 31.9494 8.7228
34.0966 31.8883 8.7183
34.0859 31.8285 8.7137
34.0753 31.7698 8.7091
34.0648 31.7122 8.7045
34.0544 31.6556 8.6998
34.0442 31.5999 8.6951
34.034 31.545 8.6904
34.5977 31.8391 8.7776
34.5522 31.7827 8.769
34.5082 31.7281 8.7605
34.4656 31.6753 8.7522
34.4242 31.6241 8.7441
34.384 31.5744 8.736
34.3448 31.5261 8.7282
34.3066 31.4791 8.7204
34.2693 31.4333 8.7127
34.2329 31.3886 8.7051
35.239 31.4971 8.8289
35.1356 31.4594 8.8149
35.0378 31.4237 8.8016
34.945 31.39 8.7889
34.8568 31.3579 8.7767
34.7728 31.3274 8.7649
34.6927 31.2983 8.7536
34.6159 31.2705 8.7426
34.5424 31.2439 8.732
34.4718 31.2184 8.7217
35.6496 31.1323 8.8459
35.4999 31.1227 8.8293
35.3608 31.1139 8.8137
35.2311 31.1057 8.7991
35.1096 31.098 8.7852
34.9956 31.0908 8.772
34.8882 31.0841 8.7594
34.7868 31.0778 8.7474
34.6907 31.0718 8.7359
34.5995 31.0661 8.7248
32.6577 30.959 8.4356
32.7212 30.962 8.4475
32.7847 30.965 8.4591
32.8483 30.9681 8.4705
32.9121 30.9713 8.4818
32.9763 30.9745 8.4929
33.0411 30.9777 8.504
33.1066 30.9811 8.515
33.173 30.9845 8.5259
33.2405 30.988 8.5369
33.4743 32.087 8.6413
33.5013 32.0262 8.6427
33.5278 31.9662 8.6439
33.5541 31.9069 8.6449
33.58 31.8481 8.6458
33.6056 31.7898 8.6464
33.6311 31.7318 8.6469
33.6563 31.674 8.6472
33.6814 31.6164 8.6474
33.7065 31.5588 8.6474
35.5351 31.3559 8.8507
35.3989 31.3275 8.8341
35.2718 31.301 8.8185
35.1527 31.2762 8.8036
35.0407 31.2529 8.7896
34.9352 31.231 8.7761
34.8355 31.2103 8.7633
34.7409 31.1908 8.7511
34.6511 31.1722 8.7393
34.5655 31.1546 8.7279
34.4839 31.1378 8.7169
35.2749 30.9911 8.7946
35.1685 30.9938 8.7832
35.0677 30.9963 8.7723
34.9721 30.9987 8.7619
34.8813 31.0009 8.7519
34.7947 31.0031 8.7422
34.7121 31.0052 8.7329
34.6331 31.0073 8.7239
34.5573 31.0092 8.7152
34.4847 31.0111 8.7068
34.4148 31.0129 8.6986
34.9424 30.8571 8.7465
34.8689 30.8694 8.7393
34.7983 30.8812 8.7323
34.7303 30.8925 8.7255
34.6648 30.9035 8.7189
34.6016 30.914 8.7124
34.5406 30.9243 8.7061
34.4816 30.9341 8.6999
34.4246 30.9437 8.6939
34.3692 30.953 8.688
34.3156 30.962 8.6822
32.8754 29.6792 8.3299
32.9451 29.7651 8.3533
33.012 29.8478 8.3754
33.0764 29.9278 8.3964
33.1388 30.0055 8.4164
33.1994 30.0813 8.4355
33.2585 30.1556 8.4538
33.3164 30.2285 8.4715
33.3733 30.3005 8.4885
33.4295 30.3718 8.505
33.4851 30.4427 8.521
32.6221 31.1632 8.4461
32.6874 31.1562 8.4575
32.7525 31.1492 8.4687
32.8177 31.1423 8.4797
32.883 31.1353 8.4905
32.9488 31.1283 8.5011
33.0151 31.1213 8.5117
33.0822 31.1142 8.5221
33.1502 31.1071 8.5325
33.2193 31.0998 8.5429
33.2898 31.0925 8.5533
32.7178 31.619 8.4946
32.7801 31.5888 8.504
32.8422 31.5587 8.513
32.904 31.5287 8.5219
32.9658 31.4987 8.5305
33.0277 31.4686 8.5389
33.09 31.4384 8.5471
33.1527 31.4079 8.5552
33.2162 31.377 8.5632
33.2804 31.3457 8.571
33.3458 31.3139 8.5787
33.3792 32.0979 8.6274
33.4114 32.0369 8.6298
33.4432 31.9768 8.6319
33.4745 31.9174 8.6338
33.5055 31.8584 8.6354
33.5362 31.7999 8.6369
33.5666 31.7417 8.6382
33.5969 31.6837 8.6393
33.627 31.6257 8.6403
33.6571 31.5678 8.641
33.6872 31.5097 8.6416
34.3623 31.983 8.7568
34.3344 31.9192 8.75
34.3072 31.8571 8.7433
34.2806 31.7968 8.7367
34.2547 31.738 8.7301
34.2294 31.6806 8.7236
34.2046 31.6246 8.7171
34.1803 31.5699 8.7106
34.1564 31.5163 8.7041
34.1329 31.4637 8.6977
34.1098 31.4121 8.6913
34.4908 31.9029 8.7683
34.4535 31.8432 8.7605
34.4173 31.7853 8.7529
34.3821 31.7292 8.7453
34.3479 31.6746 8.7379
34.3145 31.6215 8.7305
34.2819 31.5698 8.7232
34.25 31.5193 8.716
34.2188 31.47 8.7089
34.1883 31.4218 8.7018
34.1584 31.3746 8.6948
34.129 31.3284 8.6878
34.6337 30.7224 8.6991
34.5865 30.7429 8.6954
34.5405 30.7629 8.6918
34.4958 30.7824 8.6883
34.4522 30.8013 8.6848
34.4097 30.8198 8.6813
34.3683 30.8378 8.6779
34.3278 30.8554 8.6745
34.2882 30.8726 8.6712
34.2496 30.8894 8.6679
34.2118 30.9058 8.6646
34.1747 30.9219 8.6613
34.3362 30.58 8.6498
34.3109 30.6083 8.6495
34.286 30.636 8.6491
34.2616 30.6633 8.6486
34.2375 30.6901 8.6482
34.2139 30.7164 8.6477
34.1906 30.7424 8.6472
34.1676 30.7679 8.6467
34.145 30.793 8.6461
34.1228 30.8178 8.6456
34.1008 30.8421 8.645
34.0792 30.8662 8.6443
34.0414 30.4224 8.5964
34.0352 30.4587 8.5994
34.029 30.4946 8.6023
34.0229 30.5301 8.6051
34.0168 30.5652 8.6078
34.0108 30.5999 8.6105
34.0048 30.6343 8.6131
33.9988 30.6683 8.6156
33.9929 30.702 8.618
33.987 30.7355 8.6204
33.9812 30.7686 8.6228
33.9753 30.8015 8.625
33.9695 30.8342 8.6273
33.7441 30.2414 8.5363
33.7556 30.2873 8.543
33.767 30.3327 8.5496
33.7782 30.3776 8.5561
33.7893 30.4222 8.5624
33.8002 30.4664 8.5686
33.811 30.5103 8.5747
33.8218 30.554 8.5806
33.8324 30.5974 8.5864
33.8429 30.6406 8.5921
33.8534 30.6836 8.5977
33.8638 30.7265 8.6032
33.8741 30.7693 8.6086
32.8082 30.078 8.369
32.874 30.1319 8.3871
32.9383 30.1848 8.4045
33.0014 30.2368 8.4214
33.0635 30.2882 8.4377
33.1248 30.339 8.4536
33.1855 30.3895 8.469
33.2458 30.4398 8.4841
33.3058 30.4901 8.4989
33.3658 30.5405 8.5135
33.426 30.5912 8.5278
33.4864 30.6422 8.5419
33.5474 30.6939 8.5559
32.7545 30.3949 8.3966
32.8181 30.428 8.4116
32.881 30.4609 8.4262
32.9434 30.4936 8.4404
33.0055 30.5263 8.4544
33.0674 30.5589 8.4681
33.1293 30.5917 8.4816
33.1913 30.6246 8.495
33.2536 30.6577 8.5081
33.3164 30.6912 8.5212
33.3799 30.7252 8.5342
33.4442 30.7597 8.5472
33.5095 30.7948 8.5601
32.7022 30.701 8.4195
32.765 30.7171 8.4324
32.8276 30.7331 8.4451
32.8901 30.7492 8.4575
32.9528 30.7654 8.4698
33.0156 30.7817 8.4819
33.0789 30.7981 8.4939
33.1426 30.8148 8.5058
33.2072 30.8317 8.5176
33.2725 30.8489 8.5295
33.339 30.8664 8.5413
33.4067 30.8843 8.5531
33.4758 30.9026 8.565
32.5785 31.4127 8.4562
32.6472 31.3931 8.4676
32.7155 31.3736 8.4787
32.7837 31.3542 8.4895
32.8517 31.3347 8.5
32.92 31.3152 8.5104
32.9887 31.2956 8.5206
33.058 31.2759 8.5306
33.1281 31.2559 8.5405
33.1992 31.2356 8.5503
33.2717 31.2149 8.5601
33.3457 31.1938 8.5698
33.4216 31.1722 8.5795
33.1332 32.1258 8.5899
33.1791 32.0639 8.5947
33.2242 32.003 8.5993
33.2687 31.9428 8.6036
33.3126 31.8832 8.6076
33.3561 31.824 8.6114
33.3994 31.7651 8.6149
33.4424 31.7064 8.6181
33.4854 31.6477 8.6211
33.5283 31.5888 8.6239
33.5715 31.5296 8.6265
33.6148 31.47 8.6288
33.6585 31.4097 8.631
33.8612 32.0421 8.6945
33.8662 31.9808 8.6924
33.871 31.9204 8.6901
33.8757 31.861 8.6877
33.8803 31.8025 8.6852
33.8847 31.7446 8.6826
33.8891 31.6875 8.68
33.8934 31.6309 8.6772
33.8975 31.5748 8.6743
33.9016 31.5191 8.6713
33.9056 31.4638 8.6683
33.9095 31.4087 8.6651
33.9133 31.3539 8.6618
35.3764 31.4306 8.8391
35.2583 31.3971 8.824
35.1472 31.3656 8.8096
35.0425 31.3359 8.7959
34.9434 31.3079 8.7828
34.8495 31.2814 8.7703
34.7603 31.2563 8.7582
34.6753 31.2324 8.7467
34.5942 31.2095 8.7355
34.5165 31.1878 8.7247
34.4421 31.1669 8.7142
34.3707 31.1469 8.7041
34.3019 31.1277 8.6942
34.2356 31.1093 8.6845
35.4555 31.0603 8.8196
35.329 31.0572 8.8058
35.2104 31.0544 8.7927
35.0987 31.0517 8.7803
34.9934 31.0492 8.7684
34.8937 31.0469 8.757
34.7992 31.0447 8.7461
34.7093 31.0427 8.7357
34.6237 31.0407 8.7256
34.5419 31.0389 8.7159
34.4637 31.0371 8.7064
34.3888 31.0355 8.6973
34.3167 31.0339 8.6884
34.2475 31.0324 8.6798
33.4418 30.0283 8.467
33.4716 30.087 8.4786
33.5008 30.1448 8.4899
33.5296 30.2018 8.5008
33.5579 30.2581 8.5114
33.5858 30.3139 8.5218
33.6135 30.3691 8.5319
33.6408 30.424 8.5417
33.6679 30.4785 8.5514
33.6948 30.5329 8.5608
33.7216 30.5871 8.5701
33.7482 30.6412 8.5792
33.7748 30.6954 8.5882
33.8013 30.7497 8.597
33.1336 29.7745 8.3863
33.1846 29.8519 8.4046
33.2341 29.9272 8.4221
33.2822 30.0006 8.4389
33.329 30.0724 8.455
33.3748 30.1428 8.4705
33.4197 30.212 8.4855
33.4639 30.2804 8.5
33.5074 30.348 8.514
33.5504 30.4151 8.5277
33.5931 30.4819 8.541
33.6355 30.5485 8.554
33.6778 30.6151 8.5668
33.72 30.682 8.5793
33.0384 32.0207 8.57
33.088 31.9663 8.5758
33.1371 31.9126 8.5813
33.1856 31.8594 8.5866
33.2337 31.8065 8.5915
33.2816 31.7538 8.5963
33.3293 31.7012 8.6008
33.3769 31.6486 8.605
33.4247 31.5957 8.6091
33.4726 31.5426 8.6129
33.5209 31.489 8.6166
33.5696 31.4349 8.6201
33.6189 31.38 8.6234
33.6689 31.3242 8.6265
34.2286 31.9989 8.7408
34.2101 31.9358 8.7353
34.192 31.8743 8.7298
34.1743 31.8143 8.7243
34.1569 31.7556 8.7188
34.1398 31.6981 8.7133
34.123 31.6417 8.7078
34.1064 31.5864 8.7023
34.0901 31.5321 8.6967
34.074 31.4786 8.6912
34.058 31.4259 8.6856
34.0423 31.374 8.68
34.0267 31.3228 8.6743
34.0112 31.2721 8.6687
34.786 30.7903 8.7229
34.7263 30.8068 8.7175
34.6685 30.8228 8.7122
34.6126 30.8382 8.7071
34.5584 30.8532 8.702
34.5059 30.8678 8.6971
34.4549 30.8819 8.6922
34.4053 30.8957 8.6875
34.3571 30.909 8.6828
34.3101 30.922 8.6782
34.2644 30.9347 8.6736
34.2198 30.947 8.6692
34.1763 30.9591 8.6647
34.1339 30.9708 8.6604
34.0924 30.9823 8.6561
34.1889 30.5036 8.6238
34.1734 30.5358 8.6251
34.1581 30.5675 8.6263
34.143 30.5988 8.6274
34.1281 30.6296 8.6285
34.1133 30.6601 8.6296
34.0988 30.6901 8.6306
34.0844 30.7198 8.6316
34.0701 30.7491 8.6325
34.0561 30.7781 8.6334
34.0421 30.8068 8.6342
34.0283 30.8351 8.635
34.0147 30.8631 8.6357
34.0011 30.8909 8.6365
33.9877 30.9184 8.6371
32.8391 29.8952 8.3516
32.9065 29.9629 8.372
32.972 30.0288 8.3914
33.0356 30.0931 8.41
33.0979 30.1561 8.4279
33.1589 30.2181 8.4452
33.2189 30.2793 8.462
33.2781 30.3399 8.4782
33.3367 30.4002 8.494
33.395 30.4602 8.5094
33.4531 30.5203 8.5245
33.5112 30.5805 8.5394
33.5696 30.6412 8.554
33.6283 30.7025 8.5684
33.6876 30.7646 8.5827
32.6407 31.0567 8.4409
32.7049 31.0549 8.4525
32.7691 31.0532 8.4638
32.8333 31.0515 8.475
32.8978 31.0498 8.486
32.9627 31.0481 8.4969
33.0282 31.0464 8.5077
33.0944 31.0448 8.5184
33.1616 31.0431 8.5291
33.2298 31.0414 8.5397
33.2994 31.0398 8.5504
33.3706 31.0381 8.5611
33.4435 31.0365 8.5718
33.5185 31.0348 8.5827
33.5958 31.0331 8.5936
35.7349 31.2648 8.865
35.5743 31.2431 8.8465
35.4257 31.2231 8.8292
35.2877 31.2045 8.8129
35.1591 31.1873 8.7976
35.0387 31.1712 8.7831
34.9257 31.1561 8.7693
34.8192 31.1419 8.7562
34.7187 31.1286 8.7436
34.6234 31.1159 8.7316
34.5329 31.104 8.72
34.4467 31.0926 8.7089
34.3644 31.0818 8.6981
34.2857 31.0715 8.6877
34.2101 31.0616 8.6775
34.1376 31.0521 8.6677
33.5936 30.1394 8.503
33.614 30.1911 8.512
33.6342 30.2422 8.5207
33.6541 30.2928 8.5293
33.6737 30.3429 8.5376
33.6931 30.3926 8.5458
33.7123 30.4419 8.5538
33.7313 30.4909 8.5616
33.7502 30.5396 8.5693
33.7689 30.5882 8.5768
33.7876 30.6367 8.5842
33.8061 30.685 8.5914
33.8246 30.7334 8.5986
33.843 30.7817 8.6056
33.8614 30.8302 8.6126
33.8798 30.8788 8.6194
32.9764 29.6295 8.3408
33.0403 29.7198 8.3636
33.1016 29.8066 8.3851
33.1606 29.8905 8.4056
33.2176 29.9719 8.425
33.2729 30.0512 8.4436
33.3268 30.1287 8.4614
33.3795 30.2048 8.4785
33.4313 30.2798 8.495
33.4822 30.3539 8.5109
33.5326 30.4275 8.5264
33.5825 30.5007 8.5415
33.6322 30.5739 8.5562
33.6818 30.6472 8.5706
33.7316 30.721 8.5847
33.7816 30.7955 8.5986
32.7288 30.5458 8.4084
32.7918 30.5702 8.4222
32.8544 30.5946 8.4358
32.9167 30.6189 8.449
32.979 30.6432 8.4621
33.0413 30.6677 8.475
33.1038 30.6923 8.4877
33.1667 30.7171 8.5003
33.2301 30.7422 8.5128
33.2942 30.7677 8.5252
33.3591 30.7935 8.5376
33.4251 30.8199 8.55
33.4924 30.8468 8.5624
33.5611 30.8744 8.5749
33.6315 30.9028 8.5875
33.7038 30.932 8.6002
32.6571 31.5322 8.4784
32.7221 31.5065 8.4886
32.7868 31.481 8.4985
32.8513 31.4555 8.5081
32.9157 31.43 8.5176
32.9804 31.4044 8.5268
33.0454 31.3787 8.5358
33.111 31.3528 8.5447
33.1773 31.3265 8.5535
33.2446 31.2998 8.5622
33.3131 31.2727 8.5708
33.3829 31.245 8.5793
33.4544 31.2167 8.5878
33.5278 31.1876 8.5963
33.6035 31.1576 8.6048
33.6816 31.1266 8.6133
34.0241 32.023 8.7155
34.0191 31.961 8.7119
34.0141 31.9002 8.7081
34.0091 31.8406 8.7044
34.0042 31.782 8.7005
33.9993 31.7243 8.6967
33.9944 31.6675 8.6927
33.9896 31.6114 8.6887
33.9847 31.556 8.6846
33.9798 31.5013 8.6805
33.9749 31.4471 8.6763
33.9701 31.3934 8.672
33.9651 31.3401 8.6676
33.9602 31.2872 8.6631
33.9553 31.2346 8.6586
33.9503 31.1822 8.6539
35.111 31.5609 8.8191
35.0205 31.5193 8.8063
34.9345 31.4799 8.794
34.8525 31.4423 8.7822
34.7742 31.4065 8.7707
34.6993 31.3722 8.7597
34.6275 31.3394 8.749
34.5585 31.308 8.7387
34.4921 31.2778 8.7286
34.4281 31.2487 8.7188
34.3664 31.2206 8.7092
34.3067 31.1936 8.6999
34.249 31.1674 8.6908
34.1929 31.1421 8.6818
34.1386 31.1175 8.6731
34.0857 31.0936 8.6644
34.0342 31.0705 8.656
34.4842 30.6526 8.6748
34.4483 30.677 8.6728
34.4133 30.7009 8.6708
34.379 30.7243 8.6688
34.3454 30.7471 8.6669
34.3125 30.7695 8.6649
34.2803 30.7914 8.6629
34.2487 30.8129 8.6609
34.2177 30.834 8.659
34.1872 30.8547 8.657
34.1573 30.8751 8.6551
34.1279 30.895 8.6531
34.0991 30.9146 8.6511
34.0706 30.9339 8.6492
34.0427 30.9529 8.6472
34.0152 30.9716 8.6453
33.9881 30.99 8.6433
33.2885 29.907 8.4282
33.3284 29.9741 8.4429
33.3673 30.0398 8.457
33.4054 30.1044 8.4706
33.4427 30.1679 8.4838
33.4794 30.2305 8.4966
33.5156 30.2924 8.509
33.5513 30.3536 8.5211
33.5866 30.4145 8.5329
33.6216 30.475 8.5444
33.6564 30.5353 8.5557
33.691 30.5955 8.5667
33.7255 30.6558 8.5775
33.7601 30.7163 8.5882
33.7947 30.7771 8.5986
33.8294 30.8383 8.609
33.8643 30.9001 8.6192
32.6734 30.8681 8.4303
32.7365 30.8756 8.4424
32.7996 30.8832 8.4543
32.8627 30.8908 8.4661
32.926 30.8985 8.4776
32.9896 30.9062 8.4891
33.0538 30.9141 8.5005
33.1187 30.9221 8.5118
33.1844 30.9302 8.523
33.2511 30.9385 8.5342
33.3191 30.947 8.5455
33.3885 30.9558 8.5567
33.4595 30.9647 8.5681
33.5324 30.974 8.5795
33.6074 30.9836 8.5911
33.6849 30.9935 8.6028
33.7651 31.0038 8.6148
32.9132 31.8735 8.5423
32.9677 31.8287 8.5494
33.0218 31.7843 8.5562
33.0755 31.7401 8.5627
33.129 31.6961 8.569
33.1824 31.6521 8.5751
33.2358 31.6079 8.581
33.2894 31.5636 8.5866
33.3434 31.519 8.5921
33.3978 31.4739 8.5975
33.4528 31.4282 8.6027
33.5086 31.3819 8.6077
33.5653 31.3348 8.6126
33.623 31.2867 8.6173
33.6821 31.2375 8.622
33.7426 31.187 8.6265
33.8047 31.135 8.6309
33.7125 32.0594 8.6747
33.7262 31.9985 8.6739
33.7396 31.9384 8.6729
33.7528 31.8792 8.6718
33.7657 31.8206 8.6706
33.7785 31.7626 8.6692
33.7911 31.7051 8.6677
33.8035 31.648 8.6661
33.8158 31.5913 8.6644
33.828 31.5349 8.6625
33.8401 31.4786 8.6605
33.8521 31.4224 8.6584
33.864 31.3663 8.6561
33.8759 31.3101 8.6537
33.8877 31.2538 8.6511
33.8995 31.1974 8.6484
33.9114 31.1406 8.6456
35.1047 30.9237 8.7703
35.0158 30.9314 8.7611
34.9309 30.9388 8.7522
34.8498 30.9458 8.7437
34.7721 30.9525 8.7354
34.6976 30.959 8.7274
34.6261 30.9652 8.7196
34.5574 30.9712 8.7121
34.4912 30.977 8.7047
34.4273 30.9826 8.6975
34.3656 30.988 8.6905
34.3059 30.9932 8.6837
34.2482 30.9983 8.677
34.1922 31.0032 8.6705
34.1379 31.008 8.664
34.0851 31.0126 8.6577
34.0338 31.0172 8.6515
33.9838 31.0216 8.6454
33.8933 30.3354 8.5673
33.896 30.3762 8.5721
33.8986 30.4166 8.5768
33.9012 30.4566 8.5813
33.9038 30.4962 8.5858
33.9063 30.5355 8.5901
33.9088 30.5744 8.5944
33.9112 30.6131 8.5986
33.9135 30.6515 8.6027
33.9158 30.6897 8.6067
33.9181 30.7276 8.6106
33.9204 30.7654 8.6145
33.9226 30.8029 8.6182
33.9247 30.8404 8.6219
33.9269 30.8776 8.6255
33.929 30.9148 8.6291
33.931 30.9519 8.6326
33.9331 30.9889 8.636
32.7806 30.2414 8.3837
32.8451 30.2842 8.4
32.9086 30.3264 8.4159
32.9712 30.3681 8.4313
33.0333 30.4096 8.4464
33.0948 30.4509 8.4611
33.1561 30.4921 8.4755
33.2173 30.5334 8.4897
33.2786 30.5748 8.5036
33.34 30.6165 8.5174
33.4019 30.6586 8.531
33.4644 30.7012 8.5445
33.5276 30.7444 8.558
33.5918 30.7885 8.5714
33.6572 30.8334 8.5848
33.724 30.8795 8.5983
33.7923 30.9268 8.6119
33.8626 30.9755 8.6255
32.6016 31.2808 8.4513
32.6683 31.268 8.4626
32.7347 31.2552 8.4736
32.8012 31.2424 8.4845
32.8677 31.2296 8.4951
32.9345 31.2167 8.5056
33.0019 31.2038 8.516
33.07 31.1908 8.5262
33.1389 31.1776 8.5363
33.209 31.1641 8.5464
33.2805 31.1505 8.5565
33.3535 31.1365 8.5665
33.4284 31.1223 8.5766
33.5054 31.1076 8.5867
33.5849 31.0924 8.597
33.6671 31.0768 8.6073
33.7526 31.0605 8.6178
33.8418 31.0436 8.6285
33.2685 32.1105 8.6108
33.3068 32.0493 8.6143
33.3445 31.9889 8.6175
33.3818 31.9291 8.6204
33.4186 31.8699 8.6231
33.4551 31.8112 8.6256
33.4913 31.7527 8.6279
33.5274 31.6943 8.6299
33.5633 31.636 8.6318
33.5993 31.5776 8.6334
33.6353 31.519 8.6349
33.6714 31.46 8.6361
33.7077 31.4006 8.6372
33.7444 31.3405 8.6381
33.7814 31.2797 8.6388
33.8189 31.218 8.6392
33.8569 31.1553 8.6395
33.8956 31.0913 8.6396
34.3623 31.983 8.7568
34.3344 31.9192 8.75
34.3072 31.8571 8.7433
34.2806 31.7968 8.7367
34.2547 31.738 8.7301
34.2294 31.6806 8.7236
34.2046 31.6246 8.7171
34.1803 31.5699 8.7106
34.1564 31.5163 8.7041
34.1329 31.4637 8.6977
34.1098 31.4121 8.6913
34.0871 31.3614 8.6848
34.0647 31.3115 8.6784
34.0425 31.2624 8.672
34.0206 31.2139 8.6655
33.999 31.1661 8.659
33.9775 31.1189 8.6525
33.9562 31.0722 8.646
33.9351 31.0259 8.6394
33.9351 31.0259 8.6394
3 83 82 318 0.518516388495274 0.8699646933793309 0.0009963700046097257
3 1 100 1143 0.518516388495274 0.8699646933793309 0.0009963700046097257
3 2 1 1143 0.518516388495274 0.8699646933793309 0.0009963700046097257
3 47 46 871 0.518516388495274 0.8699646933793309 0.0009963700046097257
3 871 353 47 0.518516388495274 0.8699646933793309 0.0009963700046097257
3 1002 72 71 0.518516388495274 0.8699646933793309 0.0009963700046097257
3 527 75 74 0.518516388495274 0.8699646933793309 0.0009963700046097257
3 672 79 77 0.518516388495274 0.8699646933793309 0.0009963700046097257
3 538 81 80 0.518516388495274 0.8699646933793309 0.0009963700046097257
3 19 18 20 0.518516388495274 0.8699646933793309 0.0009963700046097257
3 172 35 34 0.518516388495274 0.8699646933793309 0.0009963700046097257
3 34 33 583 0.518516388495274 0.8699646933793309 0.0009963700046097257
3 2 1143 571 0.518516388495274 0.8699646933793309 0.0009963700046097257
3 436 435 573 0.518516388495274 0.8699646933793309 0.0009963700046097257
3 64 63 206 0.518516388495274 0.8699646933793309 0.0009963700046097257
3 62 61 302 0.518516388495274 0.8699646933793309 0.0009963700046097257
3 47 353 352 0.518516388495274 0.8699646933793309 0.0009963700046097257
3 542 543 410 0.518516388495274 0.8699646933793309 0.0009963700046097257
3 924 677 678 0.518516388495274 0.8699646933793309 0.0009963700046097257
3 543 542 924 0.518516388495274 0.8699646933793309 0.0009963700046097257
3 678 677 1112 0.518516388495274 0.8699646933793309 0.0009963700046097257
3 317 667 1010 0.518516388495274 0.8699646933793309 0.0009963700046097257
3 1010 1009 317 0.518516388495274 0.8699646933793309 0.0009963700046097257
3 922 675 676 0.518516388495274 0.8699646933793309 0.0009963700046097257
3 1111 677 676 0.518516388495274 0.8699646933793309 0.0009963700046097257
3 1111 1112 677 0.518516388495274 0.8699646933793309 0.0009963700046097257
3 1109 675 674 0.518516388495274 0.8699646933793309 0.0009963700046097257
3 673 674 920 0.518516388495274 0.8699646933793309 0.0009963700046097257
3 409 542 410 0.518516388495274 0.8699646933793309 0.0009963700046097257
3 539 538 920 0.518516388495274 0.8699646933793309 0.0009963700046097257
3 80 79 919 0.518516388495274 0.8699646933793309 0.0009963700046097257
3 919 538 80 0.518516388495274 0.8699646933793309 0.0009963700046097257
3 920 538 919 0.518516388495274 0.8699646933793309 0.0009963700046097257
3 919 673 920 0.518516388495274 0.8699646933793309 0.0009963700046097257
3 79 672 919 0.518516388495274 0.8699646933793309 0.0009963700046097257
3 672 673 919 0.518516388495274 0.8699646933793309 0.0009963700046097257
3 1035 1123 1124 0.518516388495274 0.8699646933793309 0.0009963700046097257
3 1122 1017 1123 0.518516388495274 0.8699646933793309 0.0009963700046097257
3 685 89 87 0.518516388495274 0.8699646933793309 0.0009963700046097257
3 584 172 34 0.518516388495274 0.8699646933793309 0.0009963700046097257
3 34 583 584 0.518516388495274 0.8699646933793309 0.0009963700046097257
3 437 436 574 0.518516388495274 0.8699646933793309 0.0009963700046097257
3 574 436 573 0.518516388495274 0.8699646933793309 0.0009963700046097257
3 1051 1052 950 0.518516388495274 0.8699646933793309 0.0009963700046097257
3 3 334 4 0.518516388495274 0.8699646933793309 0.0009963700046097257
3 433 334 3 0.518516388495274 0.8699646933793309 0.0009963700046097257
3 433 571 434 0.518516388495274 0.8699646933793309 0.0009963700046097257
3 433 3 2 0.518516388495274 0.8699646933793309 0.0009963700046097257
3 2 571 433 0.518516388495274 0.8699646933793309 0.0009963700046097257
3 60 59 397 0.518516388495274 0.8699646933793309 0.0009963700046097257
3 636 305 306 0.518516388495274 0.8699646933793309 0.0009963700046097257
3 753 53 52 0.518516388495274 0.8699646933793309 0.0009963700046097257
3 753 380 53 0.518516388495274 0.8699646933793309 0.0009963700046097257
3 380 753 889 0.518516388495274 0.8699646933793309 0.0009963700046097257
3 391 519 518 0.518516388495274 0.8699646933793309 0.0009963700046097257
3 518 889 391 0.518516388495274 0.8699646933793309 0.0009963700046097257
3 399 518 519 0.518516388495274 0.8699646933793309 0.0009963700046097257
3 826 398 399 0.518516388495274 0.8699646933793309 0.0009963700046097257
3 398 518 399 0.518516388495274 0.8699646933793309 0.0009963700046097257
3 826 399 827 0.518516388495274 0.8699646933793309 0.0009963700046097257
3 520 519 392 0.518516388495274 0.8699646933793309 0.0009963700046097257
3 633 63 62 0.518516388495274 0.8699646933793309 0.0009963700046097257
3 633 206 63 0.518516388495274 0.8699646933793309 0.0009963700046097257
3 62 302 633 0.518516388495274 0.8699646933793309 0.0009963700046097257
3 633 634 206 0.518516388495274 0.8699646933793309 0.0009963700046097257
3 825 302 61 0.518516388495274 0.8699646933793309 0.0009963700046097257
3 825 61 60 0.518516388495274 0.8699646933793309 0.0009963700046097257
3 825 398 826 0.518516388495274 0.8699646933793309 0.0009963700046097257
3 826 302 825 0.518516388495274 0.8699646933793309 0.0009963700046097257
3 60 397 825 0.518516388495274 0.8699646933793309 0.0009963700046097257
3 825 397 398 0.518516388495274 0.8699646933793309 0.0009963700046097257
3 47 352 48 0.518516388495274 0.8699646933793309 0.0009963700046097257
3 739 49 48 0.518516388495274 0.8699646933793309 0.0009963700046097257
3 986 373 372 0.518516388495274 0.8699646933793309 0.0009963700046097257
3 50 49 361 0.518516388495274 0.8699646933793309 0.0009963700046097257
3 361 986 50 0.518516388495274 0.8699646933793309 0.0009963700046097257
3 310 1002 71 0.518516388495274 0.8699646933793309 0.0009963700046097257
3 1003 1002 310 0.518516388495274 0.8699646933793309 0.0009963700046097257
3 649 223 222 0.518516388495274 0.8699646933793309 0.0009963700046097257
3 206 634 207 0.518516388495274 0.8699646933793309 0.0009963700046097257
3 925 924 678 0.518516388495274 0.8699646933793309 0.0009963700046097257
3 544 543 925 0.518516388495274 0.8699646933793309 0.0009963700046097257
3 543 924 925 0.518516388495274 0.8699646933793309 0.0009963700046097257
3 682 928 681 0.518516388495274 0.8699646933793309 0.0009963700046097257
3 681 1116 682 0.518516388495274 0.8699646933793309 0.0009963700046097257
3 678 1112 1113 0.518516388495274 0.8699646933793309 0.0009963700046097257
3 1115 1116 681 0.518516388495274 0.8699646933793309 0.0009963700046097257
3 1115 1114 534 0.518516388495274 0.8699646933793309 0.0009963700046097257
3 1117 682 1116 0.518516388495274 0.8699646933793309 0.0009963700046097257
3 655 911 654 0.518516388495274 0.8699646933793309 0.0009963700046097257
3 666 667 317 0.518516388495274 0.8699646933793309 0.0009963700046097257
3 666 911 667 0.518516388495274 0.8699646933793309 0.0009963700046097257
3 1118 1117 537 0.518516388495274 0.8699646933793309 0.0009963700046097257
3 1118 537 851 0.518516388495274 0.8699646933793309 0.0009963700046097257
3 1011 1010 667 0.518516388495274 0.8699646933793309 0.0009963700046097257
3 1011 472 1010 0.518516388495274 0.8699646933793309 0.0009963700046097257
3 1012 472 1011 0.518516388495274 0.8699646933793309 0.0009963700046097257
3 39 38 199 0.518516388495274 0.8699646933793309 0.0009963700046097257
3 527 74 840 0.518516388495274 0.8699646933793309 0.0009963700046097257
3 840 528 527 0.518516388495274 0.8699646933793309 0.0009963700046097257
3 841 528 840 0.518516388495274 0.8699646933793309 0.0009963700046097257
3 840 74 73 0.518516388495274 0.8699646933793309 0.0009963700046097257
3 464 1002 1003 0.518516388495274 0.8699646933793309 0.0009963700046097257
3 464 842 841 0.518516388495274 0.8699646933793309 0.0009963700046097257
3 675 922 921 0.518516388495274 0.8699646933793309 0.0009963700046097257
3 920 674 921 0.518516388495274 0.8699646933793309 0.0009963700046097257
3 674 675 921 0.518516388495274 0.8699646933793309 0.0009963700046097257
3 921 922 540 0.518516388495274 0.8699646933793309 0.0009963700046097257
3 921 539 920 0.518516388495274 0.8699646933793309 0.0009963700046097257
3 540 539 921 0.518516388495274 0.8699646933793309 0.0009963700046097257
3 923 924 542 0.518516388495274 0.8699646933793309 0.0009963700046097257
3 923 922 676 0.518516388495274 0.8699646933793309 0.0009963700046097257
3 676 677 923 0.518516388495274 0.8699646933793309 0.0009963700046097257
3 677 924 923 0.518516388495274 0.8699646933793309 0.0009963700046097257
3 530 1111 1110 0.518516388495274 0.8699646933793309 0.0009963700046097257
3 1110 1111 676 0.518516388495274 0.8699646933793309 0.0009963700046097257
3 676 675 1110 0.518516388495274 0.8699646933793309 0.0009963700046097257
3 675 1109 1110 0.518516388495274 0.8699646933793309 0.0009963700046097257
3 1107 75 527 0.518516388495274 0.8699646933793309 0.0009963700046097257
3 1107 673 672 0.518516388495274 0.8699646933793309 0.0009963700046097257
3 408 409 320 0.518516388495274 0.8699646933793309 0.0009963700046097257
3 320 319 408 0.518516388495274 0.8699646933793309 0.0009963700046097257
3 542 409 541 0.518516388495274 0.8699646933793309 0.0009963700046097257
3 540 922 541 0.518516388495274 0.8699646933793309 0.0009963700046097257
3 541 408 540 0.518516388495274 0.8699646933793309 0.0009963700046097257
3 409 408 541 0.518516388495274 0.8699646933793309 0.0009963700046097257
3 541 923 542 0.518516388495274 0.8699646933793309 0.0009963700046097257
3 922 923 541 0.518516388495274 0.8699646933793309 0.0009963700046097257
3 538 539 406 0.518516388495274 0.8699646933793309 0.0009963700046097257
3 81 538 406 0.518516388495274 0.8699646933793309 0.0009963700046097257
3 318 82 406 0.518516388495274 0.8699646933793309 0.0009963700046097257
3 82 81 406 0.518516388495274 0.8699646933793309 0.0009963700046097257
3 1015 853 1014 0.518516388495274 0.8699646933793309 0.0009963700046097257
3 1015 916 1016 0.518516388495274 0.8699646933793309 0.0009963700046097257
3 1118 851 1119 0.518516388495274 0.8699646933793309 0.0009963700046097257
3 1123 1035 934 0.518516388495274 0.8699646933793309 0.0009963700046097257
3 934 1122 1123 0.518516388495274 0.8699646933793309 0.0009963700046097257
3 776 777 694 0.518516388495274 0.8699646933793309 0.0009963700046097257
3 776 694 775 0.518516388495274 0.8699646933793309 0.0009963700046097257
3 770 688 769 0.518516388495274 0.8699646933793309 0.0009963700046097257
3 89 685 686 0.518516388495274 0.8699646933793309 0.0009963700046097257
3 98 424 99 0.518516388495274 0.8699646933793309 0.0009963700046097257
3 248 96 95 0.518516388495274 0.8699646933793309 0.0009963700046097257
3 855 17 16 0.518516388495274 0.8699646933793309 0.0009963700046097257
3 174 969 173 0.518516388495274 0.8699646933793309 0.0009963700046097257
3 585 174 173 0.518516388495274 0.8699646933793309 0.0009963700046097257
3 35 172 173 0.518516388495274 0.8699646933793309 0.0009963700046097257
3 173 584 585 0.518516388495274 0.8699646933793309 0.0009963700046097257
3 172 584 173 0.518516388495274 0.8699646933793309 0.0009963700046097257
3 970 969 174 0.518516388495274 0.8699646933793309 0.0009963700046097257
3 970 193 969 0.518516388495274 0.8699646933793309 0.0009963700046097257
3 586 174 585 0.518516388495274 0.8699646933793309 0.0009963700046097257
3 572 562 573 0.518516388495274 0.8699646933793309 0.0009963700046097257
3 434 571 572 0.518516388495274 0.8699646933793309 0.0009963700046097257
3 572 435 434 0.518516388495274 0.8699646933793309 0.0009963700046097257
3 573 435 572 0.518516388495274 0.8699646933793309 0.0009963700046097257
3 1146 574 573 0.518516388495274 0.8699646933793309 0.0009963700046097257
3 573 562 1146 0.518516388495274 0.8699646933793309 0.0009963700046097257
3 562 572 1144 0.518516388495274 0.8699646933793309 0.0009963700046097257
3 1144 571 1143 0.518516388495274 0.8699646933793309 0.0009963700046097257
3 1144 572 571 0.518516388495274 0.8699646933793309 0.0009963700046097257
3 167 583 33 0.518516388495274 0.8699646933793309 0.0009963700046097257
3 134 487 860 0.518516388495274 0.8699646933793309 0.0009963700046097257
3 5 4 262 0.518516388495274 0.8699646933793309 0.0009963700046097257
3 262 4 334 0.518516388495274 0.8699646933793309 0.0009963700046097257
3 10 951 106 0.518516388495274 0.8699646933793309 0.0009963700046097257
3 443 11 106 0.518516388495274 0.8699646933793309 0.0009963700046097257
3 11 10 106 0.518516388495274 0.8699646933793309 0.0009963700046097257
3 208 636 209 0.518516388495274 0.8699646933793309 0.0009963700046097257
3 1094 1093 211 0.518516388495274 0.8699646933793309 0.0009963700046097257
3 1094 211 212 0.518516388495274 0.8699646933793309 0.0009963700046097257
3 516 397 59 0.518516388495274 0.8699646933793309 0.0009963700046097257
3 516 59 58 0.518516388495274 0.8699646933793309 0.0009963700046097257
3 307 306 830 0.518516388495274 0.8699646933793309 0.0009963700046097257
3 402 403 830 0.518516388495274 0.8699646933793309 0.0009963700046097257
3 400 399 519 0.518516388495274 0.8699646933793309 0.0009963700046097257
3 400 827 399 0.518516388495274 0.8699646933793309 0.0009963700046097257
3 400 519 520 0.518516388495274 0.8699646933793309 0.0009963700046097257
3 828 827 400 0.518516388495274 0.8699646933793309 0.0009963700046097257
3 400 401 828 0.518516388495274 0.8699646933793309 0.0009963700046097257
3 520 401 400 0.518516388495274 0.8699646933793309 0.0009963700046097257
3 829 305 828 0.518516388495274 0.8699646933793309 0.0009963700046097257
3 828 401 829 0.518516388495274 0.8699646933793309 0.0009963700046097257
3 829 306 305 0.518516388495274 0.8699646933793309 0.0009963700046097257
3 829 401 402 0.518516388495274 0.8699646933793309 0.0009963700046097257
3 402 830 829 0.518516388495274 0.8699646933793309 0.0009963700046097257
3 829 830 306 0.518516388495274 0.8699646933793309 0.0009963700046097257
3 404 403 523 0.518516388495274 0.8699646933793309 0.0009963700046097257
3 402 401 521 0.518516388495274 0.8699646933793309 0.0009963700046097257
3 521 401 520 0.518516388495274 0.8699646933793309 0.0009963700046097257
3 522 403 402 0.518516388495274 0.8699646933793309 0.0009963700046097257
3 402 521 522 0.518516388495274 0.8699646933793309 0.0009963700046097257
3 522 521 394 0.518516388495274 0.8699646933793309 0.0009963700046097257
3 395 523 522 0.518516388495274 0.8699646933793309 0.0009963700046097257
3 522 523 403 0.518516388495274 0.8699646933793309 0.0009963700046097257
3 754 753 52 0.518516388495274 0.8699646933793309 0.0009963700046097257
3 391 889 754 0.518516388495274 0.8699646933793309 0.0009963700046097257
3 754 889 753 0.518516388495274 0.8699646933793309 0.0009963700046097257
3 985 51 50 0.518516388495274 0.8699646933793309 0.0009963700046097257
3 985 371 51 0.518516388495274 0.8699646933793309 0.0009963700046097257
3 372 371 985 0.518516388495274 0.8699646933793309 0.0009963700046097257
3 985 986 372 0.518516388495274 0.8699646933793309 0.0009963700046097257
3 50 986 985 0.518516388495274 0.8699646933793309 0.0009963700046097257
3 635 636 208 0.518516388495274 0.8699646933793309 0.0009963700046097257
3 635 305 636 0.518516388495274 0.8699646933793309 0.0009963700046097257
3 208 207 635 0.518516388495274 0.8699646933793309 0.0009963700046097257
3 635 207 634 0.518516388495274 0.8699646933793309 0.0009963700046097257
3 634 633 303 0.518516388495274 0.8699646933793309 0.0009963700046097257
3 826 827 303 0.518516388495274 0.8699646933793309 0.0009963700046097257
3 303 302 826 0.518516388495274 0.8699646933793309 0.0009963700046097257
3 303 633 302 0.518516388495274 0.8699646933793309 0.0009963700046097257
3 872 871 46 0.518516388495274 0.8699646933793309 0.0009963700046097257
3 362 49 739 0.518516388495274 0.8699646933793309 0.0009963700046097257
3 362 361 49 0.518516388495274 0.8699646933793309 0.0009963700046097257
3 660 310 659 0.518516388495274 0.8699646933793309 0.0009963700046097257
3 659 310 71 0.518516388495274 0.8699646933793309 0.0009963700046097257
3 71 70 659 0.518516388495274 0.8699646933793309 0.0009963700046097257
3 221 222 904 0.518516388495274 0.8699646933793309 0.0009963700046097257
3 311 310 660 0.518516388495274 0.8699646933793309 0.0009963700046097257
3 1003 310 311 0.518516388495274 0.8699646933793309 0.0009963700046097257
3 311 1004 1003 0.518516388495274 0.8699646933793309 0.0009963700046097257
3 312 1004 311 0.518516388495274 0.8699646933793309 0.0009963700046097257
3 661 660 229 0.518516388495274 0.8699646933793309 0.0009963700046097257
3 661 311 660 0.518516388495274 0.8699646933793309 0.0009963700046097257
3 312 311 661 0.518516388495274 0.8699646933793309 0.0009963700046097257
3 66 65 213 0.518516388495274 0.8699646933793309 0.0009963700046097257
3 1093 216 1092 0.518516388495274 0.8699646933793309 0.0009963700046097257
3 220 647 221 0.518516388495274 0.8699646933793309 0.0009963700046097257
3 68 67 220 0.518516388495274 0.8699646933793309 0.0009963700046097257
3 648 216 649 0.518516388495274 0.8699646933793309 0.0009963700046097257
3 649 222 648 0.518516388495274 0.8699646933793309 0.0009963700046097257
3 221 647 648 0.518516388495274 0.8699646933793309 0.0009963700046097257
3 648 222 221 0.518516388495274 0.8699646933793309 0.0009963700046097257
3 470 848 847 0.518516388495274 0.8699646933793309 0.0009963700046097257
3 536 848 849 0.518516388495274 0.8699646933793309 0.0009963700046097257
3 849 537 536 0.518516388495274 0.8699646933793309 0.0009963700046097257
3 536 1117 1116 0.518516388495274 0.8699646933793309 0.0009963700046097257
3 536 537 1117 0.518516388495274 0.8699646933793309 0.0009963700046097257
3 471 848 470 0.518516388495274 0.8699646933793309 0.0009963700046097257
3 470 1009 471 0.518516388495274 0.8699646933793309 0.0009963700046097257
3 1009 1010 471 0.518516388495274 0.8699646933793309 0.0009963700046097257
3 1010 472 471 0.518516388495274 0.8699646933793309 0.0009963700046097257
3 849 848 471 0.518516388495274 0.8699646933793309 0.0009963700046097257
3 471 472 849 0.518516388495274 0.8699646933793309 0.0009963700046097257
3 679 925 678 0.518516388495274 0.8699646933793309 0.0009963700046097257
3 678 1113 679 0.518516388495274 0.8699646933793309 0.0009963700046097257
3 679 1113 1114 0.518516388495274 0.8699646933793309 0.0009963700046097257
3 530 842 843 0.518516388495274 0.8699646933793309 0.0009963700046097257
3 531 1111 530 0.518516388495274 0.8699646933793309 0.0009963700046097257
3 1112 1111 531 0.518516388495274 0.8699646933793309 0.0009963700046097257
3 530 843 531 0.518516388495274 0.8699646933793309 0.0009963700046097257
3 1026 240 325 0.518516388495274 0.8699646933793309 0.0009963700046097257
3 681 928 927 0.518516388495274 0.8699646933793309 0.0009963700046097257
3 928 546 927 0.518516388495274 0.8699646933793309 0.0009963700046097257
3 1137 697 780 0.518516388495274 0.8699646933793309 0.0009963700046097257
3 1096 640 641 0.518516388495274 0.8699646933793309 0.0009963700046097257
3 641 640 833 0.518516388495274 0.8699646933793309 0.0009963700046097257
3 655 654 1098 0.518516388495274 0.8699646933793309 0.0009963700046097257
3 1098 1099 655 0.518516388495274 0.8699646933793309 0.0009963700046097257
3 643 1099 1098 0.518516388495274 0.8699646933793309 0.0009963700046097257
3 912 911 655 0.518516388495274 0.8699646933793309 0.0009963700046097257
3 667 911 912 0.518516388495274 0.8699646933793309 0.0009963700046097257
3 1013 670 1014 0.518516388495274 0.8699646933793309 0.0009963700046097257
3 1013 851 1012 0.518516388495274 0.8699646933793309 0.0009963700046097257
3 1013 1012 669 0.518516388495274 0.8699646933793309 0.0009963700046097257
3 669 670 1013 0.518516388495274 0.8699646933793309 0.0009963700046097257
3 914 913 657 0.518516388495274 0.8699646933793309 0.0009963700046097257
3 669 913 914 0.518516388495274 0.8699646933793309 0.0009963700046097257
3 914 670 669 0.518516388495274 0.8699646933793309 0.0009963700046097257
3 1014 670 671 0.518516388495274 0.8699646933793309 0.0009963700046097257
3 671 1015 1014 0.518516388495274 0.8699646933793309 0.0009963700046097257
3 916 1015 671 0.518516388495274 0.8699646933793309 0.0009963700046097257
3 644 1099 643 0.518516388495274 0.8699646933793309 0.0009963700046097257
3 657 913 656 0.518516388495274 0.8699646933793309 0.0009963700046097257
3 655 1099 656 0.518516388495274 0.8699646933793309 0.0009963700046097257
3 656 912 655 0.518516388495274 0.8699646933793309 0.0009963700046097257
3 913 912 656 0.518516388495274 0.8699646933793309 0.0009963700046097257
3 1014 853 852 0.518516388495274 0.8699646933793309 0.0009963700046097257
3 852 1013 1014 0.518516388495274 0.8699646933793309 0.0009963700046097257
3 851 1013 852 0.518516388495274 0.8699646933793309 0.0009963700046097257
3 852 1119 851 0.518516388495274 0.8699646933793309 0.0009963700046097257
3 850 472 1012 0.518516388495274 0.8699646933793309 0.0009963700046097257
3 1012 851 850 0.518516388495274 0.8699646933793309 0.0009963700046097257
3 850 851 537 0.518516388495274 0.8699646933793309 0.0009963700046097257
3 849 472 850 0.518516388495274 0.8699646933793309 0.0009963700046097257
3 850 537 849 0.518516388495274 0.8699646933793309 0.0009963700046097257
3 668 1011 667 0.518516388495274 0.8699646933793309 0.0009963700046097257
3 667 912 668 0.518516388495274 0.8699646933793309 0.0009963700046097257
3 669 1012 668 0.518516388495274 0.8699646933793309 0.0009963700046097257
3 1012 1011 668 0.518516388495274 0.8699646933793309 0.0009963700046097257
3 668 913 669 0.518516388495274 0.8699646933793309 0.0009963700046097257
3 668 912 913 0.518516388495274 0.8699646933793309 0.0009963700046097257
3 1124 1162 1142 0.518516388495274 0.8699646933793309 0.0009963700046097257
3 1142 1035 1124 0.518516388495274 0.8699646933793309 0.0009963700046097257
3 1158 950 1159 0.518516388495274 0.8699646933793309 0.0009963700046097257
3 1159 950 1052 0.518516388495274 0.8699646933793309 0.0009963700046097257
3 1124 1123 1018 0.518516388495274 0.8699646933793309 0.0009963700046097257
3 1123 1017 1018 0.518516388495274 0.8699646933793309 0.0009963700046097257
3 1106 1162 1124 0.518516388495274 0.8699646933793309 0.0009963700046097257
3 1124 1018 1106 0.518516388495274 0.8699646933793309 0.0009963700046097257
3 1106 1018 1105 0.518516388495274 0.8699646933793309 0.0009963700046097257
3 529 528 841 0.518516388495274 0.8699646933793309 0.0009963700046097257
3 841 842 529 0.518516388495274 0.8699646933793309 0.0009963700046097257
3 529 842 530 0.518516388495274 0.8699646933793309 0.0009963700046097257
3 1109 528 529 0.518516388495274 0.8699646933793309 0.0009963700046097257
3 530 1110 529 0.518516388495274 0.8699646933793309 0.0009963700046097257
3 529 1110 1109 0.518516388495274 0.8699646933793309 0.0009963700046097257
3 841 840 463 0.518516388495274 0.8699646933793309 0.0009963700046097257
3 463 464 841 0.518516388495274 0.8699646933793309 0.0009963700046097257
3 463 840 73 0.518516388495274 0.8699646933793309 0.0009963700046097257
3 1002 464 463 0.518516388495274 0.8699646933793309 0.0009963700046097257
3 73 72 463 0.518516388495274 0.8699646933793309 0.0009963700046097257
3 72 1002 463 0.518516388495274 0.8699646933793309 0.0009963700046097257
3 842 464 465 0.518516388495274 0.8699646933793309 0.0009963700046097257
3 466 843 465 0.518516388495274 0.8699646933793309 0.0009963700046097257
3 465 843 842 0.518516388495274 0.8699646933793309 0.0009963700046097257
3 465 1004 466 0.518516388495274 0.8699646933793309 0.0009963700046097257
3 465 464 1003 0.518516388495274 0.8699646933793309 0.0009963700046097257
3 1003 1004 465 0.518516388495274 0.8699646933793309 0.0009963700046097257
3 1108 1107 527 0.518516388495274 0.8699646933793309 0.0009963700046097257
3 527 528 1108 0.518516388495274 0.8699646933793309 0.0009963700046097257
3 1108 528 1109 0.518516388495274 0.8699646933793309 0.0009963700046097257
3 1108 1109 674 0.518516388495274 0.8699646933793309 0.0009963700046097257
3 674 673 1108 0.518516388495274 0.8699646933793309 0.0009963700046097257
3 673 1107 1108 0.518516388495274 0.8699646933793309 0.0009963700046097257
3 75 1107 76 0.518516388495274 0.8699646933793309 0.0009963700046097257
3 76 672 77 0.518516388495274 0.8699646933793309 0.0009963700046097257
3 76 1107 672 0.518516388495274 0.8699646933793309 0.0009963700046097257
3 235 319 320 0.518516388495274 0.8699646933793309 0.0009963700046097257
3 407 406 539 0.518516388495274 0.8699646933793309 0.0009963700046097257
3 407 539 540 0.518516388495274 0.8699646933793309 0.0009963700046097257
3 540 408 407 0.518516388495274 0.8699646933793309 0.0009963700046097257
3 407 408 319 0.518516388495274 0.8699646933793309 0.0009963700046097257
3 407 319 318 0.518516388495274 0.8699646933793309 0.0009963700046097257
3 318 406 407 0.518516388495274 0.8699646933793309 0.0009963700046097257
3 1051 1140 1141 0.518516388495274 0.8699646933793309 0.0009963700046097257
3 1141 1140 1035 0.518516388495274 0.8699646933793309 0.0009963700046097257
3 1141 1052 1051 0.518516388495274 0.8699646933793309 0.0009963700046097257
3 1141 1142 1052 0.518516388495274 0.8699646933793309 0.0009963700046097257
3 1035 1142 1141 0.518516388495274 0.8699646933793309 0.0009963700046097257
3 1050 1140 1051 0.518516388495274 0.8699646933793309 0.0009963700046097257
3 1139 1140 1050 0.518516388495274 0.8699646933793309 0.0009963700046097257
3 1050 1049 1139 0.518516388495274 0.8699646933793309 0.0009963700046097257
3 1120 1121 932 0.518516388495274 0.8699646933793309 0.0009963700046097257
3 853 1121 1120 0.518516388495274 0.8699646933793309 0.0009963700046097257
3 1120 852 853 0.518516388495274 0.8699646933793309 0.0009963700046097257
3 1119 852 1120 0.518516388495274 0.8699646933793309 0.0009963700046097257
3 854 1121 853 0.518516388495274 0.8699646933793309 0.0009963700046097257
3 854 1015 1016 0.518516388495274 0.8699646933793309 0.0009963700046097257
3 853 1015 854 0.518516388495274 0.8699646933793309 0.0009963700046097257
3 1122 1121 854 0.518516388495274 0.8699646933793309 0.0009963700046097257
3 1016 1017 854 0.518516388495274 0.8699646933793309 0.0009963700046097257
3 1017 1122 854 0.518516388495274 0.8699646933793309 0.0009963700046097257
3 933 1121 1122 0.518516388495274 0.8699646933793309 0.0009963700046097257
3 1122 934 933 0.518516388495274 0.8699646933793309 0.0009963700046097257
3 932 1121 933 0.518516388495274 0.8699646933793309 0.0009963700046097257
3 693 775 694 0.518516388495274 0.8699646933793309 0.0009963700046097257
3 693 1133 1132 0.518516388495274 0.8699646933793309 0.0009963700046097257
3 694 1133 693 0.518516388495274 0.8699646933793309 0.0009963700046097257
3 767 686 685 0.518516388495274 0.8699646933793309 0.0009963700046097257
3 769 688 687 0.518516388495274 0.8699646933793309 0.0009963700046097257
3 688 770 689 0.518516388495274 0.8699646933793309 0.0009963700046097257
3 1126 687 688 0.518516388495274 0.8699646933793309 0.0009963700046097257
3 95 94 1036 0.518516388495274 0.8699646933793309 0.0009963700046097257
3 1036 248 95 0.518516388495274 0.8699646933793309 0.0009963700046097257
3 242 1036 241 0.518516388495274 0.8699646933793309 0.0009963700046097257
3 241 94 93 0.518516388495274 0.8699646933793309 0.0009963700046097257
3 241 1036 94 0.518516388495274 0.8699646933793309 0.0009963700046097257
3 22 21 185 0.518516388495274 0.8699646933793309 0.0009963700046097257
3 270 20 18 0.518516388495274 0.8699646933793309 0.0009963700046097257
3 270 21 20 0.518516388495274 0.8699646933793309 0.0009963700046097257
3 18 17 270 0.518516388495274 0.8699646933793309 0.0009963700046097257
3 17 855 270 0.518516388495274 0.8699646933793309 0.0009963700046097257
3 270 185 21 0.518516388495274 0.8699646933793309 0.0009963700046097257
3 855 185 270 0.518516388495274 0.8699646933793309 0.0009963700046097257
3 14 13 119 0.518516388495274 0.8699646933793309 0.0009963700046097257
3 110 11 443 0.518516388495274 0.8699646933793309 0.0009963700046097257
3 110 12 11 0.518516388495274 0.8699646933793309 0.0009963700046097257
3 142 26 25 0.518516388495274 0.8699646933793309 0.0009963700046097257
3 437 574 575 0.518516388495274 0.8699646933793309 0.0009963700046097257
3 446 447 715 0.518516388495274 0.8699646933793309 0.0009963700046097257
3 35 173 968 0.518516388495274 0.8699646933793309 0.0009963700046097257
3 968 173 969 0.518516388495274 0.8699646933793309 0.0009963700046097257
3 968 36 35 0.518516388495274 0.8699646933793309 0.0009963700046097257
3 969 193 192 0.518516388495274 0.8699646933793309 0.0009963700046097257
3 36 968 192 0.518516388495274 0.8699646933793309 0.0009963700046097257
3 192 968 969 0.518516388495274 0.8699646933793309 0.0009963700046097257
3 37 36 192 0.518516388495274 0.8699646933793309 0.0009963700046097257
3 175 970 174 0.518516388495274 0.8699646933793309 0.0009963700046097257
3 174 586 175 0.518516388495274 0.8699646933793309 0.0009963700046097257
3 28 154 29 0.518516388495274 0.8699646933793309 0.0009963700046097257
3 585 584 168 0.518516388495274 0.8699646933793309 0.0009963700046097257
3 168 584 583 0.518516388495274 0.8699646933793309 0.0009963700046097257
3 583 167 168 0.518516388495274 0.8699646933793309 0.0009963700046097257
3 1054 155 154 0.518516388495274 0.8699646933793309 0.0009963700046097257
3 495 149 1053 0.518516388495274 0.8699646933793309 0.0009963700046097257
3 28 27 1053 0.518516388495274 0.8699646933793309 0.0009963700046097257
3 1053 154 28 0.518516388495274 0.8699646933793309 0.0009963700046097257
3 1053 1054 154 0.518516388495274 0.8699646933793309 0.0009963700046097257
3 149 1054 1053 0.518516388495274 0.8699646933793309 0.0009963700046097257
3 275 134 860 0.518516388495274 0.8699646933793309 0.0009963700046097257
3 275 859 134 0.518516388495274 0.8699646933793309 0.0009963700046097257
3 122 714 487 0.518516388495274 0.8699646933793309 0.0009963700046097257
3 487 134 122 0.518516388495274 0.8699646933793309 0.0009963700046097257
3 125 179 126 0.518516388495274 0.8699646933793309 0.0009963700046097257
3 114 115 103 0.518516388495274 0.8699646933793309 0.0009963700046097257
3 103 102 114 0.518516388495274 0.8699646933793309 0.0009963700046097257
3 434 435 336 0.518516388495274 0.8699646933793309 0.0009963700046097257
3 263 262 334 0.518516388495274 0.8699646933793309 0.0009963700046097257
3 179 262 263 0.518516388495274 0.8699646933793309 0.0009963700046097257
3 9 951 10 0.518516388495274 0.8699646933793309 0.0009963700046097257
3 9 102 951 0.518516388495274 0.8699646933793309 0.0009963700046097257
3 8 7 114 0.518516388495274 0.8699646933793309 0.0009963700046097257
3 114 102 8 0.518516388495274 0.8699646933793309 0.0009963700046097257
3 102 9 8 0.518516388495274 0.8699646933793309 0.0009963700046097257
3 210 211 1093 0.518516388495274 0.8699646933793309 0.0009963700046097257
3 1093 1092 210 0.518516388495274 0.8699646933793309 0.0009963700046097257
3 210 1092 209 0.518516388495274 0.8699646933793309 0.0009963700046097257
3 889 518 390 0.518516388495274 0.8699646933793309 0.0009963700046097257
3 380 889 390 0.518516388495274 0.8699646933793309 0.0009963700046097257
3 888 379 390 0.518516388495274 0.8699646933793309 0.0009963700046097257
3 53 380 390 0.518516388495274 0.8699646933793309 0.0009963700046097257
3 390 379 53 0.518516388495274 0.8699646933793309 0.0009963700046097257
3 388 516 58 0.518516388495274 0.8699646933793309 0.0009963700046097257
3 388 58 56 0.518516388495274 0.8699646933793309 0.0009963700046097257
3 56 55 388 0.518516388495274 0.8699646933793309 0.0009963700046097257
3 520 392 891 0.518516388495274 0.8699646933793309 0.0009963700046097257
3 395 522 893 0.518516388495274 0.8699646933793309 0.0009963700046097257
3 893 522 394 0.518516388495274 0.8699646933793309 0.0009963700046097257
3 373 988 374 0.518516388495274 0.8699646933793309 0.0009963700046097257
3 374 757 373 0.518516388495274 0.8699646933793309 0.0009963700046097257
3 892 757 394 0.518516388495274 0.8699646933793309 0.0009963700046097257
3 394 521 892 0.518516388495274 0.8699646933793309 0.0009963700046097257
3 892 383 373 0.518516388495274 0.8699646933793309 0.0009963700046097257
3 373 757 892 0.518516388495274 0.8699646933793309 0.0009963700046097257
3 890 519 391 0.518516388495274 0.8699646933793309 0.0009963700046097257
3 890 392 519 0.518516388495274 0.8699646933793309 0.0009963700046097257
3 52 51 370 0.518516388495274 0.8699646933793309 0.0009963700046097257
3 370 754 52 0.518516388495274 0.8699646933793309 0.0009963700046097257
3 51 371 370 0.518516388495274 0.8699646933793309 0.0009963700046097257
3 304 635 634 0.518516388495274 0.8699646933793309 0.0009963700046097257
3 304 303 827 0.518516388495274 0.8699646933793309 0.0009963700046097257
3 634 303 304 0.518516388495274 0.8699646933793309 0.0009963700046097257
3 304 827 828 0.518516388495274 0.8699646933793309 0.0009963700046097257
3 828 305 304 0.518516388495274 0.8699646933793309 0.0009963700046097257
3 305 635 304 0.518516388495274 0.8699646933793309 0.0009963700046097257
3 404 523 524 0.518516388495274 0.8699646933793309 0.0009963700046097257
3 524 523 396 0.518516388495274 0.8699646933793309 0.0009963700046097257
3 987 988 373 0.518516388495274 0.8699646933793309 0.0009963700046097257
3 987 362 988 0.518516388495274 0.8699646933793309 0.0009963700046097257
3 361 362 987 0.518516388495274 0.8699646933793309 0.0009963700046097257
3 373 986 987 0.518516388495274 0.8699646933793309 0.0009963700046097257
3 986 361 987 0.518516388495274 0.8699646933793309 0.0009963700046097257
3 894 523 395 0.518516388495274 0.8699646933793309 0.0009963700046097257
3 395 385 894 0.518516388495274 0.8699646933793309 0.0009963700046097257
3 396 523 894 0.518516388495274 0.8699646933793309 0.0009963700046097257
3 741 352 353 0.518516388495274 0.8699646933793309 0.0009963700046097257
3 353 742 741 0.518516388495274 0.8699646933793309 0.0009963700046097257
3 352 741 740 0.518516388495274 0.8699646933793309 0.0009963700046097257
3 740 741 364 0.518516388495274 0.8699646933793309 0.0009963700046097257
3 739 48 740 0.518516388495274 0.8699646933793309 0.0009963700046097257
3 740 48 352 0.518516388495274 0.8699646933793309 0.0009963700046097257
3 660 659 228 0.518516388495274 0.8699646933793309 0.0009963700046097257
3 229 660 228 0.518516388495274 0.8699646933793309 0.0009963700046097257
3 904 228 227 0.518516388495274 0.8699646933793309 0.0009963700046097257
3 227 228 659 0.518516388495274 0.8699646933793309 0.0009963700046097257
3 70 69 227 0.518516388495274 0.8699646933793309 0.0009963700046097257
3 227 659 70 0.518516388495274 0.8699646933793309 0.0009963700046097257
3 905 904 222 0.518516388495274 0.8699646933793309 0.0009963700046097257
3 905 223 906 0.518516388495274 0.8699646933793309 0.0009963700046097257
3 905 222 223 0.518516388495274 0.8699646933793309 0.0009963700046097257
3 905 906 229 0.518516388495274 0.8699646933793309 0.0009963700046097257
3 229 228 905 0.518516388495274 0.8699646933793309 0.0009963700046097257
3 905 228 904 0.518516388495274 0.8699646933793309 0.0009963700046097257
3 230 661 229 0.518516388495274 0.8699646933793309 0.0009963700046097257
3 229 906 230 0.518516388495274 0.8699646933793309 0.0009963700046097257
3 66 213 646 0.518516388495274 0.8699646933793309 0.0009963700046097257
3 647 220 646 0.518516388495274 0.8699646933793309 0.0009963700046097257
3 646 67 66 0.518516388495274 0.8699646933793309 0.0009963700046097257
3 646 220 67 0.518516388495274 0.8699646933793309 0.0009963700046097257
3 1089 65 64 0.518516388495274 0.8699646933793309 0.0009963700046097257
3 1089 213 65 0.518516388495274 0.8699646933793309 0.0009963700046097257
3 64 206 1089 0.518516388495274 0.8699646933793309 0.0009963700046097257
3 206 207 1089 0.518516388495274 0.8699646933793309 0.0009963700046097257
3 647 646 214 0.518516388495274 0.8699646933793309 0.0009963700046097257
3 214 646 213 0.518516388495274 0.8699646933793309 0.0009963700046097257
3 221 904 903 0.518516388495274 0.8699646933793309 0.0009963700046097257
3 903 220 221 0.518516388495274 0.8699646933793309 0.0009963700046097257
3 68 220 903 0.518516388495274 0.8699646933793309 0.0009963700046097257
3 904 227 903 0.518516388495274 0.8699646933793309 0.0009963700046097257
3 903 69 68 0.518516388495274 0.8699646933793309 0.0009963700046097257
3 903 227 69 0.518516388495274 0.8699646933793309 0.0009963700046097257
3 906 223 224 0.518516388495274 0.8699646933793309 0.0009963700046097257
3 470 847 469 0.518516388495274 0.8699646933793309 0.0009963700046097257
3 848 536 535 0.518516388495274 0.8699646933793309 0.0009963700046097257
3 535 1115 534 0.518516388495274 0.8699646933793309 0.0009963700046097257
3 1116 1115 535 0.518516388495274 0.8699646933793309 0.0009963700046097257
3 535 536 1116 0.518516388495274 0.8699646933793309 0.0009963700046097257
3 534 847 535 0.518516388495274 0.8699646933793309 0.0009963700046097257
3 535 847 848 0.518516388495274 0.8699646933793309 0.0009963700046097257
3 317 1009 316 0.518516388495274 0.8699646933793309 0.0009963700046097257
3 316 666 317 0.518516388495274 0.8699646933793309 0.0009963700046097257
3 844 531 843 0.518516388495274 0.8699646933793309 0.0009963700046097257
3 844 467 845 0.518516388495274 0.8699646933793309 0.0009963700046097257
3 844 843 466 0.518516388495274 0.8699646933793309 0.0009963700046097257
3 466 467 844 0.518516388495274 0.8699646933793309 0.0009963700046097257
3 532 844 845 0.518516388495274 0.8699646933793309 0.0009963700046097257
3 531 844 532 0.518516388495274 0.8699646933793309 0.0009963700046097257
3 532 1113 1112 0.518516388495274 0.8699646933793309 0.0009963700046097257
3 1112 531 532 0.518516388495274 0.8699646933793309 0.0009963700046097257
3 545 927 546 0.518516388495274 0.8699646933793309 0.0009963700046097257
3 545 546 413 0.518516388495274 0.8699646933793309 0.0009963700046097257
3 413 412 545 0.518516388495274 0.8699646933793309 0.0009963700046097257
3 545 412 544 0.518516388495274 0.8699646933793309 0.0009963700046097257
3 925 679 926 0.518516388495274 0.8699646933793309 0.0009963700046097257
3 927 545 926 0.518516388495274 0.8699646933793309 0.0009963700046097257
3 544 925 926 0.518516388495274 0.8699646933793309 0.0009963700046097257
3 926 545 544 0.518516388495274 0.8699646933793309 0.0009963700046097257
3 681 927 680 0.518516388495274 0.8699646933793309 0.0009963700046097257
3 680 1115 681 0.518516388495274 0.8699646933793309 0.0009963700046097257
3 680 926 679 0.518516388495274 0.8699646933793309 0.0009963700046097257
3 927 926 680 0.518516388495274 0.8699646933793309 0.0009963700046097257
3 1114 1115 680 0.518516388495274 0.8699646933793309 0.0009963700046097257
3 680 679 1114 0.518516388495274 0.8699646933793309 0.0009963700046097257
3 928 682 929 0.518516388495274 0.8699646933793309 0.0009963700046097257
3 547 546 928 0.518516388495274 0.8699646933793309 0.0009963700046097257
3 928 929 547 0.518516388495274 0.8699646933793309 0.0009963700046097257
3 547 929 548 0.518516388495274 0.8699646933793309 0.0009963700046097257
3 1028 547 548 0.518516388495274 0.8699646933793309 0.0009963700046097257
3 1137 780 1138 0.518516388495274 0.8699646933793309 0.0009963700046097257
3 1138 1047 1137 0.518516388495274 0.8699646933793309 0.0009963700046097257
3 1139 1138 1033 0.518516388495274 0.8699646933793309 0.0009963700046097257
3 1033 1138 780 0.518516388495274 0.8699646933793309 0.0009963700046097257
3 1033 933 934 0.518516388495274 0.8699646933793309 0.0009963700046097257
3 779 780 697 0.518516388495274 0.8699646933793309 0.0009963700046097257
3 778 1031 779 0.518516388495274 0.8699646933793309 0.0009963700046097257
3 779 696 778 0.518516388495274 0.8699646933793309 0.0009963700046097257
3 697 696 779 0.518516388495274 0.8699646933793309 0.0009963700046097257
3 833 525 834 0.518516388495274 0.8699646933793309 0.0009963700046097257
3 834 641 833 0.518516388495274 0.8699646933793309 0.0009963700046097257
3 643 1098 642 0.518516388495274 0.8699646933793309 0.0009963700046097257
3 641 834 642 0.518516388495274 0.8699646933793309 0.0009963700046097257
3 1097 1098 654 0.518516388495274 0.8699646933793309 0.0009963700046097257
3 1096 641 1097 0.518516388495274 0.8699646933793309 0.0009963700046097257
3 641 642 1097 0.518516388495274 0.8699646933793309 0.0009963700046097257
3 1097 642 1098 0.518516388495274 0.8699646933793309 0.0009963700046097257
3 658 657 1101 0.518516388495274 0.8699646933793309 0.0009963700046097257
3 658 914 657 0.518516388495274 0.8699646933793309 0.0009963700046097257
3 670 914 915 0.518516388495274 0.8699646933793309 0.0009963700046097257
3 915 671 670 0.518516388495274 0.8699646933793309 0.0009963700046097257
3 914 658 915 0.518516388495274 0.8699646933793309 0.0009963700046097257
3 916 671 915 0.518516388495274 0.8699646933793309 0.0009963700046097257
3 915 658 916 0.518516388495274 0.8699646933793309 0.0009963700046097257
3 1099 644 1100 0.518516388495274 0.8699646933793309 0.0009963700046097257
3 657 656 1100 0.518516388495274 0.8699646933793309 0.0009963700046097257
3 1100 656 1099 0.518516388495274 0.8699646933793309 0.0009963700046097257
3 1101 657 1100 0.518516388495274 0.8699646933793309 0.0009963700046097257
3 1100 645 1101 0.518516388495274 0.8699646933793309 0.0009963700046097257
3 644 645 1100 0.518516388495274 0.8699646933793309 0.0009963700046097257
3 838 766 839 0.518516388495274 0.8699646933793309 0.0009963700046097257
3 839 1104 1103 0.518516388495274 0.8699646933793309 0.0009963700046097257
3 1101 645 1102 0.518516388495274 0.8699646933793309 0.0009963700046097257
3 1102 645 838 0.518516388495274 0.8699646933793309 0.0009963700046097257
3 1102 658 1101 0.518516388495274 0.8699646933793309 0.0009963700046097257
3 838 839 1102 0.518516388495274 0.8699646933793309 0.0009963700046097257
3 1102 839 1103 0.518516388495274 0.8699646933793309 0.0009963700046097257
3 1102 1103 916 0.518516388495274 0.8699646933793309 0.0009963700046097257
3 916 658 1102 0.518516388495274 0.8699646933793309 0.0009963700046097257
3 1160 1142 1162 0.518516388495274 0.8699646933793309 0.0009963700046097257
3 1052 1142 1160 0.518516388495274 0.8699646933793309 0.0009963700046097257
3 1160 1159 1052 0.518516388495274 0.8699646933793309 0.0009963700046097257
3 1159 1160 967 0.518516388495274 0.8699646933793309 0.0009963700046097257
3 1158 1159 967 0.518516388495274 0.8699646933793309 0.0009963700046097257
3 811 200 201 0.518516388495274 0.8699646933793309 0.0009963700046097257
3 596 200 199 0.518516388495274 0.8699646933793309 0.0009963700046097257
3 814 282 813 0.518516388495274 0.8699646933793309 0.0009963700046097257
3 287 1073 286 0.518516388495274 0.8699646933793309 0.0009963700046097257
3 43 42 1071 0.518516388495274 0.8699646933793309 0.0009963700046097257
3 290 1075 289 0.518516388495274 0.8699646933793309 0.0009963700046097257
3 318 319 234 0.518516388495274 0.8699646933793309 0.0009963700046097257
3 319 235 234 0.518516388495274 0.8699646933793309 0.0009963700046097257
3 234 83 318 0.518516388495274 0.8699646933793309 0.0009963700046097257
3 83 234 84 0.518516388495274 0.8699646933793309 0.0009963700046097257
3 1051 950 949 0.518516388495274 0.8699646933793309 0.0009963700046097257
3 949 1050 1051 0.518516388495274 0.8699646933793309 0.0009963700046097257
3 1136 697 1137 0.518516388495274 0.8699646933793309 0.0009963700046097257
3 1136 696 697 0.518516388495274 0.8699646933793309 0.0009963700046097257
3 324 323 412 0.518516388495274 0.8699646933793309 0.0009963700046097257
3 324 325 240 0.518516388495274 0.8699646933793309 0.0009963700046097257
3 324 412 413 0.518516388495274 0.8699646933793309 0.0009963700046097257
3 413 325 324 0.518516388495274 0.8699646933793309 0.0009963700046097257
3 412 323 411 0.518516388495274 0.8699646933793309 0.0009963700046097257
3 544 412 411 0.518516388495274 0.8699646933793309 0.0009963700046097257
3 411 543 544 0.518516388495274 0.8699646933793309 0.0009963700046097257
3 410 543 411 0.518516388495274 0.8699646933793309 0.0009963700046097257
3 411 322 410 0.518516388495274 0.8699646933793309 0.0009963700046097257
3 411 323 322 0.518516388495274 0.8699646933793309 0.0009963700046097257
3 240 1024 239 0.518516388495274 0.8699646933793309 0.0009963700046097257
3 239 324 240 0.518516388495274 0.8699646933793309 0.0009963700046097257
3 323 324 239 0.518516388495274 0.8699646933793309 0.0009963700046097257
3 236 237 1021 0.518516388495274 0.8699646933793309 0.0009963700046097257
3 236 235 320 0.518516388495274 0.8699646933793309 0.0009963700046097257
3 320 409 321 0.518516388495274 0.8699646933793309 0.0009963700046097257
3 321 236 320 0.518516388495274 0.8699646933793309 0.0009963700046097257
3 237 236 321 0.518516388495274 0.8699646933793309 0.0009963700046097257
3 322 237 321 0.518516388495274 0.8699646933793309 0.0009963700046097257
3 321 409 410 0.518516388495274 0.8699646933793309 0.0009963700046097257
3 410 322 321 0.518516388495274 0.8699646933793309 0.0009963700046097257
3 481 333 480 0.518516388495274 0.8699646933793309 0.0009963700046097257
3 695 694 777 0.518516388495274 0.8699646933793309 0.0009963700046097257
3 695 777 778 0.518516388495274 0.8699646933793309 0.0009963700046097257
3 778 696 695 0.518516388495274 0.8699646933793309 0.0009963700046097257
3 775 693 774 0.518516388495274 0.8699646933793309 0.0009963700046097257
3 773 422 774 0.518516388495274 0.8699646933793309 0.0009963700046097257
3 421 422 773 0.518516388495274 0.8699646933793309 0.0009963700046097257
3 1026 422 421 0.518516388495274 0.8699646933793309 0.0009963700046097257
3 686 767 768 0.518516388495274 0.8699646933793309 0.0009963700046097257
3 769 687 768 0.518516388495274 0.8699646933793309 0.0009963700046097257
3 768 687 686 0.518516388495274 0.8699646933793309 0.0009963700046097257
3 86 685 87 0.518516388495274 0.8699646933793309 0.0009963700046097257
3 86 767 685 0.518516388495274 0.8699646933793309 0.0009963700046097257
3 85 767 86 0.518516388495274 0.8699646933793309 0.0009963700046097257
3 940 941 429 0.518516388495274 0.8699646933793309 0.0009963700046097257
3 261 941 940 0.518516388495274 0.8699646933793309 0.0009963700046097257
3 429 941 430 0.518516388495274 0.8699646933793309 0.0009963700046097257
3 430 787 429 0.518516388495274 0.8699646933793309 0.0009963700046097257
3 430 788 787 0.518516388495274 0.8699646933793309 0.0009963700046097257
3 702 703 259 0.518516388495274 0.8699646933793309 0.0009963700046097257
3 259 258 702 0.518516388495274 0.8699646933793309 0.0009963700046097257
3 702 252 253 0.518516388495274 0.8699646933793309 0.0009963700046097257
3 253 703 702 0.518516388495274 0.8699646933793309 0.0009963700046097257
3 1128 552 551 0.518516388495274 0.8699646933793309 0.0009963700046097257
3 686 687 1125 0.518516388495274 0.8699646933793309 0.0009963700046097257
3 687 1126 1125 0.518516388495274 0.8699646933793309 0.0009963700046097257
3 89 686 1125 0.518516388495274 0.8699646933793309 0.0009963700046097257
3 1125 90 89 0.518516388495274 0.8699646933793309 0.0009963700046097257
3 91 473 92 0.518516388495274 0.8699646933793309 0.0009963700046097257
3 92 473 326 0.518516388495274 0.8699646933793309 0.0009963700046097257
3 93 92 326 0.518516388495274 0.8699646933793309 0.0009963700046097257
3 326 241 93 0.518516388495274 0.8699646933793309 0.0009963700046097257
3 1038 1039 250 0.518516388495274 0.8699646933793309 0.0009963700046097257
3 453 23 22 0.518516388495274 0.8699646933793309 0.0009963700046097257
3 130 855 16 0.518516388495274 0.8699646933793309 0.0009963700046097257
3 16 15 130 0.518516388495274 0.8699646933793309 0.0009963700046097257
3 131 119 484 0.518516388495274 0.8699646933793309 0.0009963700046097257
3 484 119 711 0.518516388495274 0.8699646933793309 0.0009963700046097257
3 711 119 13 0.518516388495274 0.8699646933793309 0.0009963700046097257
3 13 12 711 0.518516388495274 0.8699646933793309 0.0009963700046097257
3 12 110 711 0.518516388495274 0.8699646933793309 0.0009963700046097257
3 712 110 443 0.518516388495274 0.8699646933793309 0.0009963700046097257
3 726 143 494 0.518516388495274 0.8699646933793309 0.0009963700046097257
3 26 142 494 0.518516388495274 0.8699646933793309 0.0009963700046097257
3 494 142 726 0.518516388495274 0.8699646933793309 0.0009963700046097257
3 138 143 726 0.518516388495274 0.8699646933793309 0.0009963700046097257
3 457 728 139 0.518516388495274 0.8699646933793309 0.0009963700046097257
3 437 575 438 0.518516388495274 0.8699646933793309 0.0009963700046097257
3 574 1146 1147 0.518516388495274 0.8699646933793309 0.0009963700046097257
3 1147 575 574 0.518516388495274 0.8699646933793309 0.0009963700046097257
3 565 575 1147 0.518516388495274 0.8699646933793309 0.0009963700046097257
3 1147 785 565 0.518516388495274 0.8699646933793309 0.0009963700046097257
3 435 436 337 0.518516388495274 0.8699646933793309 0.0009963700046097257
3 337 336 435 0.518516388495274 0.8699646933793309 0.0009963700046097257
3 183 266 267 0.518516388495274 0.8699646933793309 0.0009963700046097257
3 265 337 266 0.518516388495274 0.8699646933793309 0.0009963700046097257
3 264 336 265 0.518516388495274 0.8699646933793309 0.0009963700046097257
3 336 337 265 0.518516388495274 0.8699646933793309 0.0009963700046097257
3 183 267 184 0.518516388495274 0.8699646933793309 0.0009963700046097257
3 721 866 493 0.518516388495274 0.8699646933793309 0.0009963700046097257
3 493 866 865 0.518516388495274 0.8699646933793309 0.0009963700046097257
3 492 493 865 0.518516388495274 0.8699646933793309 0.0009963700046097257
3 1049 710 1048 0.518516388495274 0.8699646933793309 0.0009963700046097257
3 1047 1138 1048 0.518516388495274 0.8699646933793309 0.0009963700046097257
3 1139 1049 1048 0.518516388495274 0.8699646933793309 0.0009963700046097257
3 1048 1138 1139 0.518516388495274 0.8699646933793309 0.0009963700046097257
3 104 954 953 0.518516388495274 0.8699646933793309 0.0009963700046097257
3 953 103 104 0.518516388495274 0.8699646933793309 0.0009963700046097257
3 104 103 115 0.518516388495274 0.8699646933793309 0.0009963700046097257
3 447 446 109 0.518516388495274 0.8699646933793309 0.0009963700046097257
3 109 954 447 0.518516388495274 0.8699646933793309 0.0009963700046097257
3 109 446 953 0.518516388495274 0.8699646933793309 0.0009963700046097257
3 953 954 109 0.518516388495274 0.8699646933793309 0.0009963700046097257
3 954 104 105 0.518516388495274 0.8699646933793309 0.0009963700046097257
3 715 488 123 0.518516388495274 0.8699646933793309 0.0009963700046097257
3 487 714 123 0.518516388495274 0.8699646933793309 0.0009963700046097257
3 135 488 861 0.518516388495274 0.8699646933793309 0.0009963700046097257
3 860 487 135 0.518516388495274 0.8699646933793309 0.0009963700046097257
3 487 123 135 0.518516388495274 0.8699646933793309 0.0009963700046097257
3 135 123 488 0.518516388495274 0.8699646933793309 0.0009963700046097257
3 861 488 489 0.518516388495274 0.8699646933793309 0.0009963700046097257
3 860 135 276 0.518516388495274 0.8699646933793309 0.0009963700046097257
3 276 135 861 0.518516388495274 0.8699646933793309 0.0009963700046097257
3 587 175 586 0.518516388495274 0.8699646933793309 0.0009963700046097257
3 587 176 175 0.518516388495274 0.8699646933793309 0.0009963700046097257
3 193 970 194 0.518516388495274 0.8699646933793309 0.0009963700046097257
3 194 596 193 0.518516388495274 0.8699646933793309 0.0009963700046097257
3 565 785 786 0.518516388495274 0.8699646933793309 0.0009963700046097257
3 786 566 565 0.518516388495274 0.8699646933793309 0.0009963700046097257
3 787 566 786 0.518516388495274 0.8699646933793309 0.0009963700046097257
3 429 787 786 0.518516388495274 0.8699646933793309 0.0009963700046097257
3 937 258 938 0.518516388495274 0.8699646933793309 0.0009963700046097257
3 938 259 939 0.518516388495274 0.8699646933793309 0.0009963700046097257
3 258 259 938 0.518516388495274 0.8699646933793309 0.0009963700046097257
3 428 940 429 0.518516388495274 0.8699646933793309 0.0009963700046097257
3 939 940 428 0.518516388495274 0.8699646933793309 0.0009963700046097257
3 429 786 428 0.518516388495274 0.8699646933793309 0.0009963700046097257
3 428 786 785 0.518516388495274 0.8699646933793309 0.0009963700046097257
3 100 99 781 0.518516388495274 0.8699646933793309 0.0009963700046097257
3 781 99 424 0.518516388495274 0.8699646933793309 0.0009963700046097257
3 781 1143 100 0.518516388495274 0.8699646933793309 0.0009963700046097257
3 781 1144 1143 0.518516388495274 0.8699646933793309 0.0009963700046097257
3 783 1146 562 0.518516388495274 0.8699646933793309 0.0009963700046097257
3 154 155 505 0.518516388495274 0.8699646933793309 0.0009963700046097257
3 505 29 154 0.518516388495274 0.8699646933793309 0.0009963700046097257
3 30 29 505 0.518516388495274 0.8699646933793309 0.0009963700046097257
3 714 445 113 0.518516388495274 0.8699646933793309 0.0009963700046097257
3 113 446 715 0.518516388495274 0.8699646933793309 0.0009963700046097257
3 715 123 113 0.518516388495274 0.8699646933793309 0.0009963700046097257
3 113 123 714 0.518516388495274 0.8699646933793309 0.0009963700046097257
3 443 106 111 0.518516388495274 0.8699646933793309 0.0009963700046097257
3 111 712 443 0.518516388495274 0.8699646933793309 0.0009963700046097257
3 444 106 951 0.518516388495274 0.8699646933793309 0.0009963700046097257
3 444 111 106 0.518516388495274 0.8699646933793309 0.0009963700046097257
3 713 111 444 0.518516388495274 0.8699646933793309 0.0009963700046097257
3 134 859 486 0.518516388495274 0.8699646933793309 0.0009963700046097257
3 486 122 134 0.518516388495274 0.8699646933793309 0.0009963700046097257
3 713 122 486 0.518516388495274 0.8699646933793309 0.0009963700046097257
3 124 115 114 0.518516388495274 0.8699646933793309 0.0009963700046097257
3 124 125 115 0.518516388495274 0.8699646933793309 0.0009963700046097257
3 114 7 124 0.518516388495274 0.8699646933793309 0.0009963700046097257
3 102 103 952 0.518516388495274 0.8699646933793309 0.0009963700046097257
3 951 102 952 0.518516388495274 0.8699646933793309 0.0009963700046097257
3 952 103 953 0.518516388495274 0.8699646933793309 0.0009963700046097257
3 434 336 335 0.518516388495274 0.8699646933793309 0.0009963700046097257
3 335 433 434 0.518516388495274 0.8699646933793309 0.0009963700046097257
3 334 433 335 0.518516388495274 0.8699646933793309 0.0009963700046097257
3 335 263 334 0.518516388495274 0.8699646933793309 0.0009963700046097257
3 335 336 264 0.518516388495274 0.8699646933793309 0.0009963700046097257
3 264 263 335 0.518516388495274 0.8699646933793309 0.0009963700046097257
3 211 210 638 0.518516388495274 0.8699646933793309 0.0009963700046097257
3 307 308 638 0.518516388495274 0.8699646933793309 0.0009963700046097257
3 637 210 209 0.518516388495274 0.8699646933793309 0.0009963700046097257
3 636 306 637 0.518516388495274 0.8699646933793309 0.0009963700046097257
3 637 209 636 0.518516388495274 0.8699646933793309 0.0009963700046097257
3 637 306 307 0.518516388495274 0.8699646933793309 0.0009963700046097257
3 307 638 637 0.518516388495274 0.8699646933793309 0.0009963700046097257
3 637 638 210 0.518516388495274 0.8699646933793309 0.0009963700046097257
3 639 212 211 0.518516388495274 0.8699646933793309 0.0009963700046097257
3 211 638 639 0.518516388495274 0.8699646933793309 0.0009963700046097257
3 639 638 308 0.518516388495274 0.8699646933793309 0.0009963700046097257
3 640 212 639 0.518516388495274 0.8699646933793309 0.0009963700046097257
3 404 832 831 0.518516388495274 0.8699646933793309 0.0009963700046097257
3 832 308 831 0.518516388495274 0.8699646933793309 0.0009963700046097257
3 831 403 404 0.518516388495274 0.8699646933793309 0.0009963700046097257
3 831 308 307 0.518516388495274 0.8699646933793309 0.0009963700046097257
3 307 830 831 0.518516388495274 0.8699646933793309 0.0009963700046097257
3 831 830 403 0.518516388495274 0.8699646933793309 0.0009963700046097257
3 389 379 888 0.518516388495274 0.8699646933793309 0.0009963700046097257
3 516 388 389 0.518516388495274 0.8699646933793309 0.0009963700046097257
3 755 371 372 0.518516388495274 0.8699646933793309 0.0009963700046097257
3 392 890 755 0.518516388495274 0.8699646933793309 0.0009963700046097257
3 755 370 371 0.518516388495274 0.8699646933793309 0.0009963700046097257
3 754 370 755 0.518516388495274 0.8699646933793309 0.0009963700046097257
3 393 521 520 0.518516388495274 0.8699646933793309 0.0009963700046097257
3 520 891 393 0.518516388495274 0.8699646933793309 0.0009963700046097257
3 383 892 393 0.518516388495274 0.8699646933793309 0.0009963700046097257
3 393 892 521 0.518516388495274 0.8699646933793309 0.0009963700046097257
3 757 374 384 0.518516388495274 0.8699646933793309 0.0009963700046097257
3 384 374 893 0.518516388495274 0.8699646933793309 0.0009963700046097257
3 394 757 384 0.518516388495274 0.8699646933793309 0.0009963700046097257
3 384 893 394 0.518516388495274 0.8699646933793309 0.0009963700046097257
3 989 374 988 0.518516388495274 0.8699646933793309 0.0009963700046097257
3 395 893 758 0.518516388495274 0.8699646933793309 0.0009963700046097257
3 893 374 758 0.518516388495274 0.8699646933793309 0.0009963700046097257
3 758 385 395 0.518516388495274 0.8699646933793309 0.0009963700046097257
3 374 989 758 0.518516388495274 0.8699646933793309 0.0009963700046097257
3 391 754 381 0.518516388495274 0.8699646933793309 0.0009963700046097257
3 381 890 391 0.518516388495274 0.8699646933793309 0.0009963700046097257
3 754 755 381 0.518516388495274 0.8699646933793309 0.0009963700046097257
3 381 755 890 0.518516388495274 0.8699646933793309 0.0009963700046097257
3 343 872 46 0.518516388495274 0.8699646933793309 0.0009963700046097257
3 872 343 873 0.518516388495274 0.8699646933793309 0.0009963700046097257
3 353 871 354 0.518516388495274 0.8699646933793309 0.0009963700046097257
3 354 742 353 0.518516388495274 0.8699646933793309 0.0009963700046097257
3 871 872 354 0.518516388495274 0.8699646933793309 0.0009963700046097257
3 990 989 365 0.518516388495274 0.8699646933793309 0.0009963700046097257
3 365 989 364 0.518516388495274 0.8699646933793309 0.0009963700046097257
3 364 741 365 0.518516388495274 0.8699646933793309 0.0009963700046097257
3 365 741 742 0.518516388495274 0.8699646933793309 0.0009963700046097257
3 405 525 833 0.518516388495274 0.8699646933793309 0.0009963700046097257
3 405 524 525 0.518516388495274 0.8699646933793309 0.0009963700046097257
3 833 832 405 0.518516388495274 0.8699646933793309 0.0009963700046097257
3 405 832 404 0.518516388495274 0.8699646933793309 0.0009963700046097257
3 404 524 405 0.518516388495274 0.8699646933793309 0.0009963700046097257
3 990 365 366 0.518516388495274 0.8699646933793309 0.0009963700046097257
3 366 365 742 0.518516388495274 0.8699646933793309 0.0009963700046097257
3 895 524 396 0.518516388495274 0.8699646933793309 0.0009963700046097257
3 525 524 895 0.518516388495274 0.8699646933793309 0.0009963700046097257
3 895 387 525 0.518516388495274 0.8699646933793309 0.0009963700046097257
3 363 740 364 0.518516388495274 0.8699646933793309 0.0009963700046097257
3 363 989 988 0.518516388495274 0.8699646933793309 0.0009963700046097257
3 364 989 363 0.518516388495274 0.8699646933793309 0.0009963700046097257
3 739 740 363 0.518516388495274 0.8699646933793309 0.0009963700046097257
3 363 362 739 0.518516388495274 0.8699646933793309 0.0009963700046097257
3 988 362 363 0.518516388495274 0.8699646933793309 0.0009963700046097257
3 661 230 662 0.518516388495274 0.8699646933793309 0.0009963700046097257
3 663 313 662 0.518516388495274 0.8699646933793309 0.0009963700046097257
3 312 661 662 0.518516388495274 0.8699646933793309 0.0009963700046097257
3 662 313 312 0.518516388495274 0.8699646933793309 0.0009963700046097257
3 663 662 231 0.518516388495274 0.8699646933793309 0.0009963700046097257
3 231 662 230 0.518516388495274 0.8699646933793309 0.0009963700046097257
3 314 313 663 0.518516388495274 0.8699646933793309 0.0009963700046097257
3 314 663 664 0.518516388495274 0.8699646933793309 0.0009963700046097257
3 208 209 1091 0.518516388495274 0.8699646933793309 0.0009963700046097257
3 209 1092 1091 0.518516388495274 0.8699646933793309 0.0009963700046097257
3 650 223 649 0.518516388495274 0.8699646933793309 0.0009963700046097257
3 650 224 223 0.518516388495274 0.8699646933793309 0.0009963700046097257
3 1094 212 1095 0.518516388495274 0.8699646933793309 0.0009963700046097257
3 1096 219 1095 0.518516388495274 0.8699646933793309 0.0009963700046097257
3 1095 640 1096 0.518516388495274 0.8699646933793309 0.0009963700046097257
3 1095 212 640 0.518516388495274 0.8699646933793309 0.0009963700046097257
3 653 219 1096 0.518516388495274 0.8699646933793309 0.0009963700046097257
3 1096 1097 653 0.518516388495274 0.8699646933793309 0.0009963700046097257
3 653 1097 654 0.518516388495274 0.8699646933793309 0.0009963700046097257
3 846 469 847 0.518516388495274 0.8699646933793309 0.0009963700046097257
3 846 847 534 0.518516388495274 0.8699646933793309 0.0009963700046097257
3 1008 469 1007 0.518516388495274 0.8699646933793309 0.0009963700046097257
3 1008 316 1009 0.518516388495274 0.8699646933793309 0.0009963700046097257
3 1008 1009 470 0.518516388495274 0.8699646933793309 0.0009963700046097257
3 470 469 1008 0.518516388495274 0.8699646933793309 0.0009963700046097257
3 1007 469 468 0.518516388495274 0.8699646933793309 0.0009963700046097257
3 845 467 468 0.518516388495274 0.8699646933793309 0.0009963700046097257
3 468 846 845 0.518516388495274 0.8699646933793309 0.0009963700046097257
3 469 846 468 0.518516388495274 0.8699646933793309 0.0009963700046097257
3 683 929 682 0.518516388495274 0.8699646933793309 0.0009963700046097257
3 683 1117 1118 0.518516388495274 0.8699646933793309 0.0009963700046097257
3 682 1117 683 0.518516388495274 0.8699646933793309 0.0009963700046097257
3 1029 777 776 0.518516388495274 0.8699646933793309 0.0009963700046097257
3 776 1028 1029 0.518516388495274 0.8699646933793309 0.0009963700046097257
3 1029 1028 548 0.518516388495274 0.8699646933793309 0.0009963700046097257
3 547 1028 414 0.518516388495274 0.8699646933793309 0.0009963700046097257
3 546 547 414 0.518516388495274 0.8699646933793309 0.0009963700046097257
3 413 546 414 0.518516388495274 0.8699646933793309 0.0009963700046097257
3 414 325 413 0.518516388495274 0.8699646933793309 0.0009963700046097257
3 775 774 423 0.518516388495274 0.8699646933793309 0.0009963700046097257
3 423 774 422 0.518516388495274 0.8699646933793309 0.0009963700046097257
3 776 775 423 0.518516388495274 0.8699646933793309 0.0009963700046097257
3 423 1028 776 0.518516388495274 0.8699646933793309 0.0009963700046097257
3 1034 1140 1139 0.518516388495274 0.8699646933793309 0.0009963700046097257
3 1139 1033 1034 0.518516388495274 0.8699646933793309 0.0009963700046097257
3 1035 1140 1034 0.518516388495274 0.8699646933793309 0.0009963700046097257
3 1034 934 1035 0.518516388495274 0.8699646933793309 0.0009963700046097257
3 1034 1033 934 0.518516388495274 0.8699646933793309 0.0009963700046097257
3 1032 1033 780 0.518516388495274 0.8699646933793309 0.0009963700046097257
3 1032 779 1031 0.518516388495274 0.8699646933793309 0.0009963700046097257
3 780 779 1032 0.518516388495274 0.8699646933793309 0.0009963700046097257
3 1032 1031 932 0.518516388495274 0.8699646933793309 0.0009963700046097257
3 932 933 1032 0.518516388495274 0.8699646933793309 0.0009963700046097257
3 933 1033 1032 0.518516388495274 0.8699646933793309 0.0009963700046097257
3 837 645 644 0.518516388495274 0.8699646933793309 0.0009963700046097257
3 838 645 837 0.518516388495274 0.8699646933793309 0.0009963700046097257
3 918 1104 1105 0.518516388495274 0.8699646933793309 0.0009963700046097257
3 918 1018 1017 0.518516388495274 0.8699646933793309 0.0009963700046097257
3 1105 1018 918 0.518516388495274 0.8699646933793309 0.0009963700046097257
3 999 998 752 0.518516388495274 0.8699646933793309 0.0009963700046097257
3 766 998 901 0.518516388495274 0.8699646933793309 0.0009963700046097257
3 901 839 766 0.518516388495274 0.8699646933793309 0.0009963700046097257
3 1104 839 902 0.518516388495274 0.8699646933793309 0.0009963700046097257
3 839 901 902 0.518516388495274 0.8699646933793309 0.0009963700046097257
3 902 998 999 0.518516388495274 0.8699646933793309 0.0009963700046097257
3 902 901 998 0.518516388495274 0.8699646933793309 0.0009963700046097257
3 606 820 605 0.518516388495274 0.8699646933793309 0.0009963700046097257
3 821 820 606 0.518516388495274 0.8699646933793309 0.0009963700046097257
3 1070 967 1160 0.518516388495274 0.8699646933793309 0.0009963700046097257
3 1070 1160 1162 0.518516388495274 0.8699646933793309 0.0009963700046097257
3 812 811 201 0.518516388495274 0.8699646933793309 0.0009963700046097257
3 201 202 812 0.518516388495274 0.8699646933793309 0.0009963700046097257
3 812 202 813 0.518516388495274 0.8699646933793309 0.0009963700046097257
3 39 199 810 0.518516388495274 0.8699646933793309 0.0009963700046097257
3 199 200 810 0.518516388495274 0.8699646933793309 0.0009963700046097257
3 200 811 810 0.518516388495274 0.8699646933793309 0.0009963700046097257
3 193 596 595 0.518516388495274 0.8699646933793309 0.0009963700046097257
3 37 192 595 0.518516388495274 0.8699646933793309 0.0009963700046097257
3 595 192 193 0.518516388495274 0.8699646933793309 0.0009963700046097257
3 595 596 199 0.518516388495274 0.8699646933793309 0.0009963700046097257
3 595 38 37 0.518516388495274 0.8699646933793309 0.0009963700046097257
3 595 199 38 0.518516388495274 0.8699646933793309 0.0009963700046097257
3 815 814 204 0.518516388495274 0.8699646933793309 0.0009963700046097257
3 627 626 300 0.518516388495274 0.8699646933793309 0.0009963700046097257
3 627 628 351 0.518516388495274 0.8699646933793309 0.0009963700046097257
3 300 301 627 0.518516388495274 0.8699646933793309 0.0009963700046097257
3 301 628 627 0.518516388495274 0.8699646933793309 0.0009963700046097257
3 300 626 299 0.518516388495274 0.8699646933793309 0.0009963700046097257
3 288 609 289 0.518516388495274 0.8699646933793309 0.0009963700046097257
3 287 286 607 0.518516388495274 0.8699646933793309 0.0009963700046097257
3 278 607 40 0.518516388495274 0.8699646933793309 0.0009963700046097257
3 278 40 39 0.518516388495274 0.8699646933793309 0.0009963700046097257
3 39 810 278 0.518516388495274 0.8699646933793309 0.0009963700046097257
3 42 286 1072 0.518516388495274 0.8699646933793309 0.0009963700046097257
3 1072 1071 42 0.518516388495274 0.8699646933793309 0.0009963700046097257
3 1072 286 1073 0.518516388495274 0.8699646933793309 0.0009963700046097257
3 1162 1106 1088 0.518516388495274 0.8699646933793309 0.0009963700046097257
3 1106 1087 1088 0.518516388495274 0.8699646933793309 0.0009963700046097257
3 1088 1087 984 0.518516388495274 0.8699646933793309 0.0009963700046097257
3 984 1070 1088 0.518516388495274 0.8699646933793309 0.0009963700046097257
3 1088 1070 1162 0.518516388495274 0.8699646933793309 0.0009963700046097257
3 984 1087 824 0.518516388495274 0.8699646933793309 0.0009963700046097257
3 291 290 611 0.518516388495274 0.8699646933793309 0.0009963700046097257
3 289 609 610 0.518516388495274 0.8699646933793309 0.0009963700046097257
3 610 290 289 0.518516388495274 0.8699646933793309 0.0009963700046097257
3 611 290 610 0.518516388495274 0.8699646933793309 0.0009963700046097257
3 1075 290 1076 0.518516388495274 0.8699646933793309 0.0009963700046097257
3 300 299 1076 0.518516388495274 0.8699646933793309 0.0009963700046097257
3 1076 299 1075 0.518516388495274 0.8699646933793309 0.0009963700046097257
3 290 291 1076 0.518516388495274 0.8699646933793309 0.0009963700046097257
3 282 814 283 0.518516388495274 0.8699646933793309 0.0009963700046097257
3 814 815 283 0.518516388495274 0.8699646933793309 0.0009963700046097257
3 612 613 292 0.518516388495274 0.8699646933793309 0.0009963700046097257
3 612 291 611 0.518516388495274 0.8699646933793309 0.0009963700046097257
3 292 291 612 0.518516388495274 0.8699646933793309 0.0009963700046097257
3 612 283 613 0.518516388495274 0.8699646933793309 0.0009963700046097257
3 611 282 612 0.518516388495274 0.8699646933793309 0.0009963700046097257
3 282 283 612 0.518516388495274 0.8699646933793309 0.0009963700046097257
3 292 613 293 0.518516388495274 0.8699646933793309 0.0009963700046097257
3 293 1078 292 0.518516388495274 0.8699646933793309 0.0009963700046097257
3 618 820 821 0.518516388495274 0.8699646933793309 0.0009963700046097257
3 794 1156 793 0.518516388495274 0.8699646933793309 0.0009963700046097257
3 946 791 945 0.518516388495274 0.8699646933793309 0.0009963700046097257
3 709 708 1047 0.518516388495274 0.8699646933793309 0.0009963700046097257
3 1047 1048 709 0.518516388495274 0.8699646933793309 0.0009963700046097257
3 709 1048 710 0.518516388495274 0.8699646933793309 0.0009963700046097257
3 709 710 946 0.518516388495274 0.8699646933793309 0.0009963700046097257
3 946 945 709 0.518516388495274 0.8699646933793309 0.0009963700046097257
3 709 945 708 0.518516388495274 0.8699646933793309 0.0009963700046097257
3 708 945 944 0.518516388495274 0.8699646933793309 0.0009963700046097257
3 943 944 432 0.518516388495274 0.8699646933793309 0.0009963700046097257
3 1023 239 1024 0.518516388495274 0.8699646933793309 0.0009963700046097257
3 770 418 771 0.518516388495274 0.8699646933793309 0.0009963700046097257
3 690 689 771 0.518516388495274 0.8699646933793309 0.0009963700046097257
3 771 689 770 0.518516388495274 0.8699646933793309 0.0009963700046097257
3 557 481 480 0.518516388495274 0.8699646933793309 0.0009963700046097257
3 558 481 557 0.518516388495274 0.8699646933793309 0.0009963700046097257
3 1047 708 1046 0.518516388495274 0.8699646933793309 0.0009963700046097257
3 1137 1047 1046 0.518516388495274 0.8699646933793309 0.0009963700046097257
3 480 479 556 0.518516388495274 0.8699646933793309 0.0009963700046097257
3 556 557 480 0.518516388495274 0.8699646933793309 0.0009963700046097257
3 1133 557 556 0.518516388495274 0.8699646933793309 0.0009963700046097257
3 1132 1133 556 0.518516388495274 0.8699646933793309 0.0009963700046097257
3 1041 253 252 0.518516388495274 0.8699646933793309 0.0009963700046097257
3 247 1042 1041 0.518516388495274 0.8699646933793309 0.0009963700046097257
3 1042 253 1041 0.518516388495274 0.8699646933793309 0.0009963700046097257
3 1039 245 1040 0.518516388495274 0.8699646933793309 0.0009963700046097257
3 1040 1041 252 0.518516388495274 0.8699646933793309 0.0009963700046097257
3 332 479 480 0.518516388495274 0.8699646933793309 0.0009963700046097257
3 332 333 247 0.518516388495274 0.8699646933793309 0.0009963700046097257
3 480 333 332 0.518516388495274 0.8699646933793309 0.0009963700046097257
3 478 479 331 0.518516388495274 0.8699646933793309 0.0009963700046097257
3 479 332 331 0.518516388495274 0.8699646933793309 0.0009963700046097257
3 244 245 1039 0.518516388495274 0.8699646933793309 0.0009963700046097257
3 1039 1038 244 0.518516388495274 0.8699646933793309 0.0009963700046097257
3 244 1038 243 0.518516388495274 0.8699646933793309 0.0009963700046097257
3 1135 695 696 0.518516388495274 0.8699646933793309 0.0009963700046097257
3 696 1136 1135 0.518516388495274 0.8699646933793309 0.0009963700046097257
3 690 691 1130 0.518516388495274 0.8699646933793309 0.0009963700046097257
3 478 554 555 0.518516388495274 0.8699646933793309 0.0009963700046097257
3 1132 556 555 0.518516388495274 0.8699646933793309 0.0009963700046097257
3 555 479 478 0.518516388495274 0.8699646933793309 0.0009963700046097257
3 555 556 479 0.518516388495274 0.8699646933793309 0.0009963700046097257
3 477 554 478 0.518516388495274 0.8699646933793309 0.0009963700046097257
3 692 774 693 0.518516388495274 0.8699646933793309 0.0009963700046097257
3 692 693 1132 0.518516388495274 0.8699646933793309 0.0009963700046097257
3 692 691 773 0.518516388495274 0.8699646933793309 0.0009963700046097257
3 773 774 692 0.518516388495274 0.8699646933793309 0.0009963700046097257
3 1025 240 1026 0.518516388495274 0.8699646933793309 0.0009963700046097257
3 1026 421 1025 0.518516388495274 0.8699646933793309 0.0009963700046097257
3 1025 1024 240 0.518516388495274 0.8699646933793309 0.0009963700046097257
3 769 768 416 0.518516388495274 0.8699646933793309 0.0009963700046097257
3 251 700 250 0.518516388495274 0.8699646933793309 0.0009963700046097257
3 250 1039 251 0.518516388495274 0.8699646933793309 0.0009963700046097257
3 1039 1040 251 0.518516388495274 0.8699646933793309 0.0009963700046097257
3 251 1040 252 0.518516388495274 0.8699646933793309 0.0009963700046097257
3 250 700 699 0.518516388495274 0.8699646933793309 0.0009963700046097257
3 699 700 256 0.518516388495274 0.8699646933793309 0.0009963700046097257
3 256 255 699 0.518516388495274 0.8699646933793309 0.0009963700046097257
3 97 255 98 0.518516388495274 0.8699646933793309 0.0009963700046097257
3 935 424 98 0.518516388495274 0.8699646933793309 0.0009963700046097257
3 98 255 935 0.518516388495274 0.8699646933793309 0.0009963700046097257
3 935 255 256 0.518516388495274 0.8699646933793309 0.0009963700046097257
3 256 936 935 0.518516388495274 0.8699646933793309 0.0009963700046097257
3 256 700 257 0.518516388495274 0.8699646933793309 0.0009963700046097257
3 257 258 937 0.518516388495274 0.8699646933793309 0.0009963700046097257
3 937 936 257 0.518516388495274 0.8699646933793309 0.0009963700046097257
3 257 936 256 0.518516388495274 0.8699646933793309 0.0009963700046097257
3 577 566 567 0.518516388495274 0.8699646933793309 0.0009963700046097257
3 567 566 787 0.518516388495274 0.8699646933793309 0.0009963700046097257
3 787 788 567 0.518516388495274 0.8699646933793309 0.0009963700046097257
3 788 430 431 0.518516388495274 0.8699646933793309 0.0009963700046097257
3 431 432 789 0.518516388495274 0.8699646933793309 0.0009963700046097257
3 789 788 431 0.518516388495274 0.8699646933793309 0.0009963700046097257
3 431 943 432 0.518516388495274 0.8699646933793309 0.0009963700046097257
3 260 259 703 0.518516388495274 0.8699646933793309 0.0009963700046097257
3 260 704 261 0.518516388495274 0.8699646933793309 0.0009963700046097257
3 260 703 704 0.518516388495274 0.8699646933793309 0.0009963700046097257
3 261 940 260 0.518516388495274 0.8699646933793309 0.0009963700046097257
3 260 940 939 0.518516388495274 0.8699646933793309 0.0009963700046097257
3 939 259 260 0.518516388495274 0.8699646933793309 0.0009963700046097257
3 1127 550 1126 0.518516388495274 0.8699646933793309 0.0009963700046097257
3 1127 1126 688 0.518516388495274 0.8699646933793309 0.0009963700046097257
3 1127 1128 551 0.518516388495274 0.8699646933793309 0.0009963700046097257
3 551 550 1127 0.518516388495274 0.8699646933793309 0.0009963700046097257
3 688 689 1127 0.518516388495274 0.8699646933793309 0.0009963700046097257
3 689 1128 1127 0.518516388495274 0.8699646933793309 0.0009963700046097257
3 473 91 549 0.518516388495274 0.8699646933793309 0.0009963700046097257
3 549 550 473 0.518516388495274 0.8699646933793309 0.0009963700046097257
3 549 91 90 0.518516388495274 0.8699646933793309 0.0009963700046097257
3 1126 550 549 0.518516388495274 0.8699646933793309 0.0009963700046097257
3 90 1125 549 0.518516388495274 0.8699646933793309 0.0009963700046097257
3 549 1125 1126 0.518516388495274 0.8699646933793309 0.0009963700046097257
3 474 326 473 0.518516388495274 0.8699646933793309 0.0009963700046097257
3 474 550 551 0.518516388495274 0.8699646933793309 0.0009963700046097257
3 473 550 474 0.518516388495274 0.8699646933793309 0.0009963700046097257
3 242 241 327 0.518516388495274 0.8699646933793309 0.0009963700046097257
3 241 326 327 0.518516388495274 0.8699646933793309 0.0009963700046097257
3 326 474 327 0.518516388495274 0.8699646933793309 0.0009963700046097257
3 249 1038 250 0.518516388495274 0.8699646933793309 0.0009963700046097257
3 250 699 249 0.518516388495274 0.8699646933793309 0.0009963700046097257
3 858 132 485 0.518516388495274 0.8699646933793309 0.0009963700046097257
3 22 185 271 0.518516388495274 0.8699646933793309 0.0009963700046097257
3 271 453 22 0.518516388495274 0.8699646933793309 0.0009963700046097257
3 271 185 855 0.518516388495274 0.8699646933793309 0.0009963700046097257
3 855 130 271 0.518516388495274 0.8699646933793309 0.0009963700046097257
3 271 130 856 0.518516388495274 0.8699646933793309 0.0009963700046097257
3 186 271 856 0.518516388495274 0.8699646933793309 0.0009963700046097257
3 453 271 186 0.518516388495274 0.8699646933793309 0.0009963700046097257
3 23 453 186 0.518516388495274 0.8699646933793309 0.0009963700046097257
3 856 131 272 0.518516388495274 0.8699646933793309 0.0009963700046097257
3 272 186 856 0.518516388495274 0.8699646933793309 0.0009963700046097257
3 272 187 454 0.518516388495274 0.8699646933793309 0.0009963700046097257
3 119 131 483 0.518516388495274 0.8699646933793309 0.0009963700046097257
3 483 15 14 0.518516388495274 0.8699646933793309 0.0009963700046097257
3 14 119 483 0.518516388495274 0.8699646933793309 0.0009963700046097257
3 483 130 15 0.518516388495274 0.8699646933793309 0.0009963700046097257
3 856 130 483 0.518516388495274 0.8699646933793309 0.0009963700046097257
3 483 131 856 0.518516388495274 0.8699646933793309 0.0009963700046097257
3 120 711 110 0.518516388495274 0.8699646933793309 0.0009963700046097257
3 110 712 120 0.518516388495274 0.8699646933793309 0.0009963700046097257
3 484 711 120 0.518516388495274 0.8699646933793309 0.0009963700046097257
3 120 712 485 0.518516388495274 0.8699646933793309 0.0009963700046097257
3 120 132 484 0.518516388495274 0.8699646933793309 0.0009963700046097257
3 485 132 120 0.518516388495274 0.8699646933793309 0.0009963700046097257
3 25 24 725 0.518516388495274 0.8699646933793309 0.0009963700046097257
3 725 142 25 0.518516388495274 0.8699646933793309 0.0009963700046097257
3 24 454 725 0.518516388495274 0.8699646933793309 0.0009963700046097257
3 454 187 725 0.518516388495274 0.8699646933793309 0.0009963700046097257
3 132 858 273 0.518516388495274 0.8699646933793309 0.0009963700046097257
3 148 143 495 0.518516388495274 0.8699646933793309 0.0009963700046097257
3 148 494 143 0.518516388495274 0.8699646933793309 0.0009963700046097257
3 495 1053 148 0.518516388495274 0.8699646933793309 0.0009963700046097257
3 148 1053 27 0.518516388495274 0.8699646933793309 0.0009963700046097257
3 148 27 26 0.518516388495274 0.8699646933793309 0.0009963700046097257
3 26 494 148 0.518516388495274 0.8699646933793309 0.0009963700046097257
3 495 143 727 0.518516388495274 0.8699646933793309 0.0009963700046097257
3 143 138 727 0.518516388495274 0.8699646933793309 0.0009963700046097257
3 144 139 728 0.518516388495274 0.8699646933793309 0.0009963700046097257
3 144 149 495 0.518516388495274 0.8699646933793309 0.0009963700046097257
3 495 727 144 0.518516388495274 0.8699646933793309 0.0009963700046097257
3 144 727 139 0.518516388495274 0.8699646933793309 0.0009963700046097257
3 274 859 189 0.518516388495274 0.8699646933793309 0.0009963700046097257
3 859 275 189 0.518516388495274 0.8699646933793309 0.0009963700046097257
3 189 275 457 0.518516388495274 0.8699646933793309 0.0009963700046097257
3 457 139 189 0.518516388495274 0.8699646933793309 0.0009963700046097257
3 576 438 575 0.518516388495274 0.8699646933793309 0.0009963700046097257
3 576 575 565 0.518516388495274 0.8699646933793309 0.0009963700046097257
3 565 566 576 0.518516388495274 0.8699646933793309 0.0009963700046097257
3 576 566 577 0.518516388495274 0.8699646933793309 0.0009963700046097257
3 341 440 342 0.518516388495274 0.8699646933793309 0.0009963700046097257
3 342 440 441 0.518516388495274 0.8699646933793309 0.0009963700046097257
3 578 440 577 0.518516388495274 0.8699646933793309 0.0009963700046097257
3 577 567 578 0.518516388495274 0.8699646933793309 0.0009963700046097257
3 579 441 578 0.518516388495274 0.8699646933793309 0.0009963700046097257
3 578 441 440 0.518516388495274 0.8699646933793309 0.0009963700046097257
3 340 438 439 0.518516388495274 0.8699646933793309 0.0009963700046097257
3 439 341 340 0.518516388495274 0.8699646933793309 0.0009963700046097257
3 440 341 439 0.518516388495274 0.8699646933793309 0.0009963700046097257
3 577 440 439 0.518516388495274 0.8699646933793309 0.0009963700046097257
3 439 576 577 0.518516388495274 0.8699646933793309 0.0009963700046097257
3 438 576 439 0.518516388495274 0.8699646933793309 0.0009963700046097257
3 789 432 790 0.518516388495274 0.8699646933793309 0.0009963700046097257
3 432 944 790 0.518516388495274 0.8699646933793309 0.0009963700046097257
3 790 945 791 0.518516388495274 0.8699646933793309 0.0009963700046097257
3 790 944 945 0.518516388495274 0.8699646933793309 0.0009963700046097257
3 338 267 266 0.518516388495274 0.8699646933793309 0.0009963700046097257
3 266 337 338 0.518516388495274 0.8699646933793309 0.0009963700046097257
3 338 436 437 0.518516388495274 0.8699646933793309 0.0009963700046097257
3 338 337 436 0.518516388495274 0.8699646933793309 0.0009963700046097257
3 126 179 180 0.518516388495274 0.8699646933793309 0.0009963700046097257
3 179 263 180 0.518516388495274 0.8699646933793309 0.0009963700046097257
3 180 263 264 0.518516388495274 0.8699646933793309 0.0009963700046097257
3 452 960 721 0.518516388495274 0.8699646933793309 0.0009963700046097257
3 959 960 452 0.518516388495274 0.8699646933793309 0.0009963700046097257
3 342 962 961 0.518516388495274 0.8699646933793309 0.0009963700046097257
3 961 960 342 0.518516388495274 0.8699646933793309 0.0009963700046097257
3 721 960 961 0.518516388495274 0.8699646933793309 0.0009963700046097257
3 268 184 267 0.518516388495274 0.8699646933793309 0.0009963700046097257
3 864 492 865 0.518516388495274 0.8699646933793309 0.0009963700046097257
3 864 491 492 0.518516388495274 0.8699646933793309 0.0009963700046097257
3 115 125 116 0.518516388495274 0.8699646933793309 0.0009963700046097257
3 116 104 115 0.518516388495274 0.8699646933793309 0.0009963700046097257
3 116 125 126 0.518516388495274 0.8699646933793309 0.0009963700046097257
3 116 105 104 0.518516388495274 0.8699646933793309 0.0009963700046097257
3 183 184 129 0.518516388495274 0.8699646933793309 0.0009963700046097257
3 955 448 447 0.518516388495274 0.8699646933793309 0.0009963700046097257
3 447 954 955 0.518516388495274 0.8699646933793309 0.0009963700046097257
3 954 105 955 0.518516388495274 0.8699646933793309 0.0009963700046097257
3 447 448 716 0.518516388495274 0.8699646933793309 0.0009963700046097257
3 715 447 716 0.518516388495274 0.8699646933793309 0.0009963700046097257
3 716 488 715 0.518516388495274 0.8699646933793309 0.0009963700046097257
3 716 489 488 0.518516388495274 0.8699646933793309 0.0009963700046097257
3 191 276 861 0.518516388495274 0.8699646933793309 0.0009963700046097257
3 862 489 490 0.518516388495274 0.8699646933793309 0.0009963700046097257
3 722 866 721 0.518516388495274 0.8699646933793309 0.0009963700046097257
3 721 961 722 0.518516388495274 0.8699646933793309 0.0009963700046097257
3 962 723 722 0.518516388495274 0.8699646933793309 0.0009963700046097257
3 722 961 962 0.518516388495274 0.8699646933793309 0.0009963700046097257
3 589 803 590 0.518516388495274 0.8699646933793309 0.0009963700046097257
3 605 978 979 0.518516388495274 0.8699646933793309 0.0009963700046097257
3 979 606 605 0.518516388495274 0.8699646933793309 0.0009963700046097257
3 976 975 592 0.518516388495274 0.8699646933793309 0.0009963700046097257
3 198 975 976 0.518516388495274 0.8699646933793309 0.0009963700046097257
3 976 602 198 0.518516388495274 0.8699646933793309 0.0009963700046097257
3 176 587 588 0.518516388495274 0.8699646933793309 0.0009963700046097257
3 971 194 970 0.518516388495274 0.8699646933793309 0.0009963700046097257
3 195 194 971 0.518516388495274 0.8699646933793309 0.0009963700046097257
3 970 175 971 0.518516388495274 0.8699646933793309 0.0009963700046097257
3 175 176 971 0.518516388495274 0.8699646933793309 0.0009963700046097257
3 202 599 203 0.518516388495274 0.8699646933793309 0.0009963700046097257
3 204 814 203 0.518516388495274 0.8699646933793309 0.0009963700046097257
3 813 202 203 0.518516388495274 0.8699646933793309 0.0009963700046097257
3 203 814 813 0.518516388495274 0.8699646933793309 0.0009963700046097257
3 597 194 195 0.518516388495274 0.8699646933793309 0.0009963700046097257
3 596 194 597 0.518516388495274 0.8699646933793309 0.0009963700046097257
3 201 200 597 0.518516388495274 0.8699646933793309 0.0009963700046097257
3 200 596 597 0.518516388495274 0.8699646933793309 0.0009963700046097257
3 1146 783 784 0.518516388495274 0.8699646933793309 0.0009963700046097257
3 784 1147 1146 0.518516388495274 0.8699646933793309 0.0009963700046097257
3 785 1147 784 0.518516388495274 0.8699646933793309 0.0009963700046097257
3 562 1144 782 0.518516388495274 0.8699646933793309 0.0009963700046097257
3 782 783 562 0.518516388495274 0.8699646933793309 0.0009963700046097257
3 1144 781 782 0.518516388495274 0.8699646933793309 0.0009963700046097257
3 782 781 424 0.518516388495274 0.8699646933793309 0.0009963700046097257
3 150 145 497 0.518516388495274 0.8699646933793309 0.0009963700046097257
3 170 587 586 0.518516388495274 0.8699646933793309 0.0009963700046097257
3 585 168 169 0.518516388495274 0.8699646933793309 0.0009963700046097257
3 799 170 169 0.518516388495274 0.8699646933793309 0.0009963700046097257
3 169 586 585 0.518516388495274 0.8699646933793309 0.0009963700046097257
3 169 170 586 0.518516388495274 0.8699646933793309 0.0009963700046097257
3 865 866 735 0.518516388495274 0.8699646933793309 0.0009963700046097257
3 32 31 795 0.518516388495274 0.8699646933793309 0.0009963700046097257
3 795 31 161 0.518516388495274 0.8699646933793309 0.0009963700046097257
3 795 796 32 0.518516388495274 0.8699646933793309 0.0009963700046097257
3 161 796 795 0.518516388495274 0.8699646933793309 0.0009963700046097257
3 32 796 166 0.518516388495274 0.8699646933793309 0.0009963700046097257
3 166 796 167 0.518516388495274 0.8699646933793309 0.0009963700046097257
3 166 33 32 0.518516388495274 0.8699646933793309 0.0009963700046097257
3 166 167 33 0.518516388495274 0.8699646933793309 0.0009963700046097257
3 728 145 496 0.518516388495274 0.8699646933793309 0.0009963700046097257
3 149 144 496 0.518516388495274 0.8699646933793309 0.0009963700046097257
3 496 144 728 0.518516388495274 0.8699646933793309 0.0009963700046097257
3 496 145 150 0.518516388495274 0.8699646933793309 0.0009963700046097257
3 150 1054 496 0.518516388495274 0.8699646933793309 0.0009963700046097257
3 496 1054 149 0.518516388495274 0.8699646933793309 0.0009963700046097257
3 458 191 141 0.518516388495274 0.8699646933793309 0.0009963700046097257
3 276 191 458 0.518516388495274 0.8699646933793309 0.0009963700046097257
3 713 444 112 0.518516388495274 0.8699646933793309 0.0009963700046097257
3 112 445 714 0.518516388495274 0.8699646933793309 0.0009963700046097257
3 112 122 713 0.518516388495274 0.8699646933793309 0.0009963700046097257
3 714 122 112 0.518516388495274 0.8699646933793309 0.0009963700046097257
3 713 486 121 0.518516388495274 0.8699646933793309 0.0009963700046097257
3 485 712 121 0.518516388495274 0.8699646933793309 0.0009963700046097257
3 121 111 713 0.518516388495274 0.8699646933793309 0.0009963700046097257
3 712 111 121 0.518516388495274 0.8699646933793309 0.0009963700046097257
3 6 124 7 0.518516388495274 0.8699646933793309 0.0009963700046097257
3 179 125 178 0.518516388495274 0.8699646933793309 0.0009963700046097257
3 125 124 178 0.518516388495274 0.8699646933793309 0.0009963700046097257
3 178 262 179 0.518516388495274 0.8699646933793309 0.0009963700046097257
3 124 6 178 0.518516388495274 0.8699646933793309 0.0009963700046097257
3 5 262 178 0.518516388495274 0.8699646933793309 0.0009963700046097257
3 178 6 5 0.518516388495274 0.8699646933793309 0.0009963700046097257
3 108 952 953 0.518516388495274 0.8699646933793309 0.0009963700046097257
3 445 952 108 0.518516388495274 0.8699646933793309 0.0009963700046097257
3 953 446 108 0.518516388495274 0.8699646933793309 0.0009963700046097257
3 446 113 108 0.518516388495274 0.8699646933793309 0.0009963700046097257
3 108 113 445 0.518516388495274 0.8699646933793309 0.0009963700046097257
3 107 444 951 0.518516388495274 0.8699646933793309 0.0009963700046097257
3 951 952 107 0.518516388495274 0.8699646933793309 0.0009963700046097257
3 107 952 445 0.518516388495274 0.8699646933793309 0.0009963700046097257
3 445 112 107 0.518516388495274 0.8699646933793309 0.0009963700046097257
3 107 112 444 0.518516388495274 0.8699646933793309 0.0009963700046097257
3 640 639 309 0.518516388495274 0.8699646933793309 0.0009963700046097257
3 833 640 309 0.518516388495274 0.8699646933793309 0.0009963700046097257
3 309 832 833 0.518516388495274 0.8699646933793309 0.0009963700046097257
3 309 308 832 0.518516388495274 0.8699646933793309 0.0009963700046097257
3 309 639 308 0.518516388495274 0.8699646933793309 0.0009963700046097257
3 516 389 517 0.518516388495274 0.8699646933793309 0.0009963700046097257
3 397 516 517 0.518516388495274 0.8699646933793309 0.0009963700046097257
3 888 390 517 0.518516388495274 0.8699646933793309 0.0009963700046097257
3 517 389 888 0.518516388495274 0.8699646933793309 0.0009963700046097257
3 398 397 517 0.518516388495274 0.8699646933793309 0.0009963700046097257
3 517 518 398 0.518516388495274 0.8699646933793309 0.0009963700046097257
3 517 390 518 0.518516388495274 0.8699646933793309 0.0009963700046097257
3 53 379 54 0.518516388495274 0.8699646933793309 0.0009963700046097257
3 379 389 54 0.518516388495274 0.8699646933793309 0.0009963700046097257
3 756 755 372 0.518516388495274 0.8699646933793309 0.0009963700046097257
3 756 393 891 0.518516388495274 0.8699646933793309 0.0009963700046097257
3 383 393 756 0.518516388495274 0.8699646933793309 0.0009963700046097257
3 372 373 756 0.518516388495274 0.8699646933793309 0.0009963700046097257
3 373 383 756 0.518516388495274 0.8699646933793309 0.0009963700046097257
3 375 894 385 0.518516388495274 0.8699646933793309 0.0009963700046097257
3 385 758 375 0.518516388495274 0.8699646933793309 0.0009963700046097257
3 375 758 989 0.518516388495274 0.8699646933793309 0.0009963700046097257
3 375 989 990 0.518516388495274 0.8699646933793309 0.0009963700046097257
3 643 642 835 0.518516388495274 0.8699646933793309 0.0009963700046097257
3 835 642 834 0.518516388495274 0.8699646933793309 0.0009963700046097257
3 387 895 760 0.518516388495274 0.8699646933793309 0.0009963700046097257
3 742 354 743 0.518516388495274 0.8699646933793309 0.0009963700046097257
3 743 366 742 0.518516388495274 0.8699646933793309 0.0009963700046097257
3 386 895 396 0.518516388495274 0.8699646933793309 0.0009963700046097257
3 664 663 232 0.518516388495274 0.8699646933793309 0.0009963700046097257
3 663 231 232 0.518516388495274 0.8699646933793309 0.0009963700046097257
3 232 233 664 0.518516388495274 0.8699646933793309 0.0009963700046097257
3 909 233 232 0.518516388495274 0.8699646933793309 0.0009963700046097257
3 906 224 907 0.518516388495274 0.8699646933793309 0.0009963700046097257
3 907 230 906 0.518516388495274 0.8699646933793309 0.0009963700046097257
3 907 231 230 0.518516388495274 0.8699646933793309 0.0009963700046097257
3 907 224 225 0.518516388495274 0.8699646933793309 0.0009963700046097257
3 315 314 664 0.518516388495274 0.8699646933793309 0.0009963700046097257
3 1007 314 315 0.518516388495274 0.8699646933793309 0.0009963700046097257
3 315 1008 1007 0.518516388495274 0.8699646933793309 0.0009963700046097257
3 316 1008 315 0.518516388495274 0.8699646933793309 0.0009963700046097257
3 1005 467 466 0.518516388495274 0.8699646933793309 0.0009963700046097257
3 466 1004 1005 0.518516388495274 0.8699646933793309 0.0009963700046097257
3 1005 1004 312 0.518516388495274 0.8699646933793309 0.0009963700046097257
3 312 313 1005 0.518516388495274 0.8699646933793309 0.0009963700046097257
3 1090 207 208 0.518516388495274 0.8699646933793309 0.0009963700046097257
3 208 1091 1090 0.518516388495274 0.8699646933793309 0.0009963700046097257
3 1090 1091 214 0.518516388495274 0.8699646933793309 0.0009963700046097257
3 1090 1089 207 0.518516388495274 0.8699646933793309 0.0009963700046097257
3 213 1089 1090 0.518516388495274 0.8699646933793309 0.0009963700046097257
3 1090 214 213 0.518516388495274 0.8699646933793309 0.0009963700046097257
3 214 1091 215 0.518516388495274 0.8699646933793309 0.0009963700046097257
3 215 648 647 0.518516388495274 0.8699646933793309 0.0009963700046097257
3 647 214 215 0.518516388495274 0.8699646933793309 0.0009963700046097257
3 216 648 215 0.518516388495274 0.8699646933793309 0.0009963700046097257
3 215 1092 216 0.518516388495274 0.8699646933793309 0.0009963700046097257
3 215 1091 1092 0.518516388495274 0.8699646933793309 0.0009963700046097257
3 1094 1095 218 0.518516388495274 0.8699646933793309 0.0009963700046097257
3 218 1095 219 0.518516388495274 0.8699646933793309 0.0009963700046097257
3 649 216 217 0.518516388495274 0.8699646933793309 0.0009963700046097257
3 217 650 649 0.518516388495274 0.8699646933793309 0.0009963700046097257
3 217 216 1093 0.518516388495274 0.8699646933793309 0.0009963700046097257
3 217 218 650 0.518516388495274 0.8699646933793309 0.0009963700046097257
3 217 1093 1094 0.518516388495274 0.8699646933793309 0.0009963700046097257
3 1094 218 217 0.518516388495274 0.8699646933793309 0.0009963700046097257
3 664 233 665 0.518516388495274 0.8699646933793309 0.0009963700046097257
3 665 315 664 0.518516388495274 0.8699646933793309 0.0009963700046097257
3 316 315 665 0.518516388495274 0.8699646933793309 0.0009963700046097257
3 666 316 665 0.518516388495274 0.8699646933793309 0.0009963700046097257
3 665 233 666 0.518516388495274 0.8699646933793309 0.0009963700046097257
3 910 233 909 0.518516388495274 0.8699646933793309 0.0009963700046097257
3 911 666 910 0.518516388495274 0.8699646933793309 0.0009963700046097257
3 666 233 910 0.518516388495274 0.8699646933793309 0.0009963700046097257
3 910 654 911 0.518516388495274 0.8699646933793309 0.0009963700046097257
3 910 653 654 0.518516388495274 0.8699646933793309 0.0009963700046097257
3 226 910 909 0.518516388495274 0.8699646933793309 0.0009963700046097257
3 653 910 226 0.518516388495274 0.8699646933793309 0.0009963700046097257
3 533 532 845 0.518516388495274 0.8699646933793309 0.0009963700046097257
3 845 846 533 0.518516388495274 0.8699646933793309 0.0009963700046097257
3 533 846 534 0.518516388495274 0.8699646933793309 0.0009963700046097257
3 1113 532 533 0.518516388495274 0.8699646933793309 0.0009963700046097257
3 534 1114 533 0.518516388495274 0.8699646933793309 0.0009963700046097257
3 1114 1113 533 0.518516388495274 0.8699646933793309 0.0009963700046097257
3 1118 1119 684 0.518516388495274 0.8699646933793309 0.0009963700046097257
3 684 683 1118 0.518516388495274 0.8699646933793309 0.0009963700046097257
3 684 1120 932 0.518516388495274 0.8699646933793309 0.0009963700046097257
3 1119 1120 684 0.518516388495274 0.8699646933793309 0.0009963700046097257
3 548 929 930 0.518516388495274 0.8699646933793309 0.0009963700046097257
3 929 683 930 0.518516388495274 0.8699646933793309 0.0009963700046097257
3 683 684 930 0.518516388495274 0.8699646933793309 0.0009963700046097257
3 778 777 1030 0.518516388495274 0.8699646933793309 0.0009963700046097257
3 777 1029 1030 0.518516388495274 0.8699646933793309 0.0009963700046097257
3 1030 1031 778 0.518516388495274 0.8699646933793309 0.0009963700046097257
3 1030 1029 548 0.518516388495274 0.8699646933793309 0.0009963700046097257
3 548 930 1030 0.518516388495274 0.8699646933793309 0.0009963700046097257
3 1028 423 1027 0.518516388495274 0.8699646933793309 0.0009963700046097257
3 1027 414 1028 0.518516388495274 0.8699646933793309 0.0009963700046097257
3 1027 422 1026 0.518516388495274 0.8699646933793309 0.0009963700046097257
3 1027 423 422 0.518516388495274 0.8699646933793309 0.0009963700046097257
3 1026 325 1027 0.518516388495274 0.8699646933793309 0.0009963700046097257
3 325 414 1027 0.518516388495274 0.8699646933793309 0.0009963700046097257
3 838 837 900 0.518516388495274 0.8699646933793309 0.0009963700046097257
3 900 766 838 0.518516388495274 0.8699646933793309 0.0009963700046097257
3 999 752 884 0.518516388495274 0.8699646933793309 0.0009963700046097257
3 1081 631 1080 0.518516388495274 0.8699646933793309 0.0009963700046097257
3 1081 616 1082 0.518516388495274 0.8699646933793309 0.0009963700046097257
3 1080 631 630 0.518516388495274 0.8699646933793309 0.0009963700046097257
3 751 881 882 0.518516388495274 0.8699646933793309 0.0009963700046097257
3 751 752 998 0.518516388495274 0.8699646933793309 0.0009963700046097257
3 751 998 766 0.518516388495274 0.8699646933793309 0.0009963700046097257
3 766 900 997 0.518516388495274 0.8699646933793309 0.0009963700046097257
3 997 751 766 0.518516388495274 0.8699646933793309 0.0009963700046097257
3 749 997 996 0.518516388495274 0.8699646933793309 0.0009963700046097257
3 917 1017 1016 0.518516388495274 0.8699646933793309 0.0009963700046097257
3 917 918 1017 0.518516388495274 0.8699646933793309 0.0009963700046097257
3 1016 916 917 0.518516388495274 0.8699646933793309 0.0009963700046097257
3 916 1103 917 0.518516388495274 0.8699646933793309 0.0009963700046097257
3 1103 1104 917 0.518516388495274 0.8699646933793309 0.0009963700046097257
3 1104 918 917 0.518516388495274 0.8699646933793309 0.0009963700046097257
3 882 630 883 0.518516388495274 0.8699646933793309 0.0009963700046097257
3 883 630 631 0.518516388495274 0.8699646933793309 0.0009963700046097257
3 883 751 882 0.518516388495274 0.8699646933793309 0.0009963700046097257
3 752 751 883 0.518516388495274 0.8699646933793309 0.0009963700046097257
3 631 884 883 0.518516388495274 0.8699646933793309 0.0009963700046097257
3 883 884 752 0.518516388495274 0.8699646933793309 0.0009963700046097257
3 984 824 983 0.518516388495274 0.8699646933793309 0.0009963700046097257
3 967 1070 1069 0.518516388495274 0.8699646933793309 0.0009963700046097257
3 1069 1068 967 0.518516388495274 0.8699646933793309 0.0009963700046097257
3 1069 1070 984 0.518516388495274 0.8699646933793309 0.0009963700046097257
3 984 983 1069 0.518516388495274 0.8699646933793309 0.0009963700046097257
3 1068 1069 809 0.518516388495274 0.8699646933793309 0.0009963700046097257
3 808 807 1067 0.518516388495274 0.8699646933793309 0.0009963700046097257
3 1067 807 1066 0.518516388495274 0.8699646933793309 0.0009963700046097257
3 1067 809 808 0.518516388495274 0.8699646933793309 0.0009963700046097257
3 1068 809 1067 0.518516388495274 0.8699646933793309 0.0009963700046097257
3 793 1156 1155 0.518516388495274 0.8699646933793309 0.0009963700046097257
3 1156 582 1155 0.518516388495274 0.8699646933793309 0.0009963700046097257
3 580 441 579 0.518516388495274 0.8699646933793309 0.0009963700046097257
3 205 817 816 0.518516388495274 0.8699646933793309 0.0009963700046097257
3 205 818 817 0.518516388495274 0.8699646933793309 0.0009963700046097257
3 816 815 205 0.518516388495274 0.8699646933793309 0.0009963700046097257
3 205 815 204 0.518516388495274 0.8699646933793309 0.0009963700046097257
3 204 203 600 0.518516388495274 0.8699646933793309 0.0009963700046097257
3 600 203 599 0.518516388495274 0.8699646933793309 0.0009963700046097257
3 1075 299 1074 0.518516388495274 0.8699646933793309 0.0009963700046097257
3 1074 1073 287 0.518516388495274 0.8699646933793309 0.0009963700046097257
3 287 288 1074 0.518516388495274 0.8699646933793309 0.0009963700046097257
3 289 1075 1074 0.518516388495274 0.8699646933793309 0.0009963700046097257
3 1074 288 289 0.518516388495274 0.8699646933793309 0.0009963700046097257
3 609 288 608 0.518516388495274 0.8699646933793309 0.0009963700046097257
3 607 278 608 0.518516388495274 0.8699646933793309 0.0009963700046097257
3 608 288 287 0.518516388495274 0.8699646933793309 0.0009963700046097257
3 287 607 608 0.518516388495274 0.8699646933793309 0.0009963700046097257
3 40 607 41 0.518516388495274 0.8699646933793309 0.0009963700046097257
3 41 286 42 0.518516388495274 0.8699646933793309 0.0009963700046097257
3 41 607 286 0.518516388495274 0.8699646933793309 0.0009963700046097257
3 811 812 280 0.518516388495274 0.8699646933793309 0.0009963700046097257
3 280 610 609 0.518516388495274 0.8699646933793309 0.0009963700046097257
3 823 606 981 0.518516388495274 0.8699646933793309 0.0009963700046097257
3 1105 1104 1000 0.518516388495274 0.8699646933793309 0.0009963700046097257
3 1104 902 1000 0.518516388495274 0.8699646933793309 0.0009963700046097257
3 1000 902 999 0.518516388495274 0.8699646933793309 0.0009963700046097257
3 999 884 1000 0.518516388495274 0.8699646933793309 0.0009963700046097257
3 1085 823 824 0.518516388495274 0.8699646933793309 0.0009963700046097257
3 292 1078 1077 0.518516388495274 0.8699646933793309 0.0009963700046097257
3 1077 291 292 0.518516388495274 0.8699646933793309 0.0009963700046097257
3 1077 1076 291 0.518516388495274 0.8699646933793309 0.0009963700046097257
3 1077 1078 301 0.518516388495274 0.8699646933793309 0.0009963700046097257
3 1077 301 300 0.518516388495274 0.8699646933793309 0.0009963700046097257
3 300 1076 1077 0.518516388495274 0.8699646933793309 0.0009963700046097257
3 816 817 285 0.518516388495274 0.8699646933793309 0.0009963700046097257
3 817 818 285 0.518516388495274 0.8699646933793309 0.0009963700046097257
3 285 818 616 0.518516388495274 0.8699646933793309 0.0009963700046097257
3 615 285 616 0.518516388495274 0.8699646933793309 0.0009963700046097257
3 1080 293 615 0.518516388495274 0.8699646933793309 0.0009963700046097257
3 615 1081 1080 0.518516388495274 0.8699646933793309 0.0009963700046097257
3 616 1081 615 0.518516388495274 0.8699646933793309 0.0009963700046097257
3 616 818 819 0.518516388495274 0.8699646933793309 0.0009963700046097257
3 605 820 819 0.518516388495274 0.8699646933793309 0.0009963700046097257
3 604 978 605 0.518516388495274 0.8699646933793309 0.0009963700046097257
3 605 819 604 0.518516388495274 0.8699646933793309 0.0009963700046097257
3 604 819 818 0.518516388495274 0.8699646933793309 0.0009963700046097257
3 1082 616 617 0.518516388495274 0.8699646933793309 0.0009963700046097257
3 617 618 1082 0.518516388495274 0.8699646933793309 0.0009963700046097257
3 616 819 617 0.518516388495274 0.8699646933793309 0.0009963700046097257
3 820 618 617 0.518516388495274 0.8699646933793309 0.0009963700046097257
3 617 819 820 0.518516388495274 0.8699646933793309 0.0009963700046097257
3 948 794 793 0.518516388495274 0.8699646933793309 0.0009963700046097257
3 949 794 948 0.518516388495274 0.8699646933793309 0.0009963700046097257
3 948 710 1049 0.518516388495274 0.8699646933793309 0.0009963700046097257
3 1049 1050 948 0.518516388495274 0.8699646933793309 0.0009963700046097257
3 1050 949 948 0.518516388495274 0.8699646933793309 0.0009963700046097257
3 942 941 261 0.518516388495274 0.8699646933793309 0.0009963700046097257
3 943 431 942 0.518516388495274 0.8699646933793309 0.0009963700046097257
3 942 430 941 0.518516388495274 0.8699646933793309 0.0009963700046097257
3 942 431 430 0.518516388495274 0.8699646933793309 0.0009963700046097257
3 1022 1023 418 0.518516388495274 0.8699646933793309 0.0009963700046097257
3 1021 237 1022 0.518516388495274 0.8699646933793309 0.0009963700046097257
3 239 1023 238 0.518516388495274 0.8699646933793309 0.0009963700046097257
3 322 323 238 0.518516388495274 0.8699646933793309 0.0009963700046097257
3 323 239 238 0.518516388495274 0.8699646933793309 0.0009963700046097257
3 238 237 322 0.518516388495274 0.8699646933793309 0.0009963700046097257
3 238 1022 237 0.518516388495274 0.8699646933793309 0.0009963700046097257
3 1023 1022 238 0.518516388495274 0.8699646933793309 0.0009963700046097257
3 690 771 772 0.518516388495274 0.8699646933793309 0.0009963700046097257
3 772 691 690 0.518516388495274 0.8699646933793309 0.0009963700046097257
3 773 691 772 0.518516388495274 0.8699646933793309 0.0009963700046097257
3 772 421 773 0.518516388495274 0.8699646933793309 0.0009963700046097257
3 418 1023 419 0.518516388495274 0.8699646933793309 0.0009963700046097257
3 419 771 418 0.518516388495274 0.8699646933793309 0.0009963700046097257
3 419 1023 1024 0.518516388495274 0.8699646933793309 0.0009963700046097257
3 419 772 771 0.518516388495274 0.8699646933793309 0.0009963700046097257
3 558 557 1134 0.518516388495274 0.8699646933793309 0.0009963700046097257
3 1134 1135 558 0.518516388495274 0.8699646933793309 0.0009963700046097257
3 695 1135 1134 0.518516388495274 0.8699646933793309 0.0009963700046097257
3 1134 557 1133 0.518516388495274 0.8699646933793309 0.0009963700046097257
3 1134 1133 694 0.518516388495274 0.8699646933793309 0.0009963700046097257
3 694 695 1134 0.518516388495274 0.8699646933793309 0.0009963700046097257
3 482 481 558 0.518516388495274 0.8699646933793309 0.0009963700046097257
3 333 481 482 0.518516388495274 0.8699646933793309 0.0009963700046097257
3 254 253 1042 0.518516388495274 0.8699646933793309 0.0009963700046097257
3 704 703 254 0.518516388495274 0.8699646933793309 0.0009963700046097257
3 703 253 254 0.518516388495274 0.8699646933793309 0.0009963700046097257
3 559 1136 1137 0.518516388495274 0.8699646933793309 0.0009963700046097257
3 1137 1046 559 0.518516388495274 0.8699646933793309 0.0009963700046097257
3 559 1135 1136 0.518516388495274 0.8699646933793309 0.0009963700046097257
3 558 1135 559 0.518516388495274 0.8699646933793309 0.0009963700046097257
3 559 482 558 0.518516388495274 0.8699646933793309 0.0009963700046097257
3 1043 254 1042 0.518516388495274 0.8699646933793309 0.0009963700046097257
3 333 482 1043 0.518516388495274 0.8699646933793309 0.0009963700046097257
3 247 333 1043 0.518516388495274 0.8699646933793309 0.0009963700046097257
3 1043 1042 247 0.518516388495274 0.8699646933793309 0.0009963700046097257
3 943 942 706 0.518516388495274 0.8699646933793309 0.0009963700046097257
3 245 331 246 0.518516388495274 0.8699646933793309 0.0009963700046097257
3 246 1040 245 0.518516388495274 0.8699646933793309 0.0009963700046097257
3 1041 1040 246 0.518516388495274 0.8699646933793309 0.0009963700046097257
3 246 331 332 0.518516388495274 0.8699646933793309 0.0009963700046097257
3 247 1041 246 0.518516388495274 0.8699646933793309 0.0009963700046097257
3 246 332 247 0.518516388495274 0.8699646933793309 0.0009963700046097257
3 553 1130 554 0.518516388495274 0.8699646933793309 0.0009963700046097257
3 476 552 553 0.518516388495274 0.8699646933793309 0.0009963700046097257
3 553 477 476 0.518516388495274 0.8699646933793309 0.0009963700046097257
3 554 477 553 0.518516388495274 0.8699646933793309 0.0009963700046097257
3 552 1128 1129 0.518516388495274 0.8699646933793309 0.0009963700046097257
3 1129 553 552 0.518516388495274 0.8699646933793309 0.0009963700046097257
3 1130 553 1129 0.518516388495274 0.8699646933793309 0.0009963700046097257
3 690 1130 1129 0.518516388495274 0.8699646933793309 0.0009963700046097257
3 1129 689 690 0.518516388495274 0.8699646933793309 0.0009963700046097257
3 1129 1128 689 0.518516388495274 0.8699646933793309 0.0009963700046097257
3 329 244 243 0.518516388495274 0.8699646933793309 0.0009963700046097257
3 476 477 329 0.518516388495274 0.8699646933793309 0.0009963700046097257
3 554 1130 1131 0.518516388495274 0.8699646933793309 0.0009963700046097257
3 1131 692 1132 0.518516388495274 0.8699646933793309 0.0009963700046097257
3 1131 1130 691 0.518516388495274 0.8699646933793309 0.0009963700046097257
3 691 692 1131 0.518516388495274 0.8699646933793309 0.0009963700046097257
3 1132 555 1131 0.518516388495274 0.8699646933793309 0.0009963700046097257
3 1131 555 554 0.518516388495274 0.8699646933793309 0.0009963700046097257
3 769 416 417 0.518516388495274 0.8699646933793309 0.0009963700046097257
3 417 770 769 0.518516388495274 0.8699646933793309 0.0009963700046097257
3 417 418 770 0.518516388495274 0.8699646933793309 0.0009963700046097257
3 417 416 1021 0.518516388495274 0.8699646933793309 0.0009963700046097257
3 1021 1022 417 0.518516388495274 0.8699646933793309 0.0009963700046097257
3 417 1022 418 0.518516388495274 0.8699646933793309 0.0009963700046097257
3 1019 84 234 0.518516388495274 0.8699646933793309 0.0009963700046097257
3 1019 234 235 0.518516388495274 0.8699646933793309 0.0009963700046097257
3 415 768 767 0.518516388495274 0.8699646933793309 0.0009963700046097257
3 415 416 768 0.518516388495274 0.8699646933793309 0.0009963700046097257
3 415 767 85 0.518516388495274 0.8699646933793309 0.0009963700046097257
3 415 1019 416 0.518516388495274 0.8699646933793309 0.0009963700046097257
3 85 84 415 0.518516388495274 0.8699646933793309 0.0009963700046097257
3 84 1019 415 0.518516388495274 0.8699646933793309 0.0009963700046097257
3 700 251 701 0.518516388495274 0.8699646933793309 0.0009963700046097257
3 702 258 701 0.518516388495274 0.8699646933793309 0.0009963700046097257
3 701 252 702 0.518516388495274 0.8699646933793309 0.0009963700046097257
3 701 251 252 0.518516388495274 0.8699646933793309 0.0009963700046097257
3 701 257 700 0.518516388495274 0.8699646933793309 0.0009963700046097257
3 258 257 701 0.518516388495274 0.8699646933793309 0.0009963700046097257
3 698 699 255 0.518516388495274 0.8699646933793309 0.0009963700046097257
3 698 97 96 0.518516388495274 0.8699646933793309 0.0009963700046097257
3 255 97 698 0.518516388495274 0.8699646933793309 0.0009963700046097257
3 96 248 698 0.518516388495274 0.8699646933793309 0.0009963700046097257
3 248 249 698 0.518516388495274 0.8699646933793309 0.0009963700046097257
3 698 249 699 0.518516388495274 0.8699646933793309 0.0009963700046097257
3 568 788 789 0.518516388495274 0.8699646933793309 0.0009963700046097257
3 568 567 788 0.518516388495274 0.8699646933793309 0.0009963700046097257
3 579 578 568 0.518516388495274 0.8699646933793309 0.0009963700046097257
3 568 578 567 0.518516388495274 0.8699646933793309 0.0009963700046097257
3 475 327 474 0.518516388495274 0.8699646933793309 0.0009963700046097257
3 475 552 476 0.518516388495274 0.8699646933793309 0.0009963700046097257
3 551 552 475 0.518516388495274 0.8699646933793309 0.0009963700046097257
3 475 474 551 0.518516388495274 0.8699646933793309 0.0009963700046097257
3 328 243 242 0.518516388495274 0.8699646933793309 0.0009963700046097257
3 242 327 328 0.518516388495274 0.8699646933793309 0.0009963700046097257
3 328 329 243 0.518516388495274 0.8699646933793309 0.0009963700046097257
3 476 329 328 0.518516388495274 0.8699646933793309 0.0009963700046097257
3 328 475 476 0.518516388495274 0.8699646933793309 0.0009963700046097257
3 327 475 328 0.518516388495274 0.8699646933793309 0.0009963700046097257
3 1038 249 1037 0.518516388495274 0.8699646933793309 0.0009963700046097257
3 1037 1036 242 0.518516388495274 0.8699646933793309 0.0009963700046097257
3 248 1036 1037 0.518516388495274 0.8699646933793309 0.0009963700046097257
3 1037 249 248 0.518516388495274 0.8699646933793309 0.0009963700046097257
3 242 243 1037 0.518516388495274 0.8699646933793309 0.0009963700046097257
3 243 1038 1037 0.518516388495274 0.8699646933793309 0.0009963700046097257
3 133 486 859 0.518516388495274 0.8699646933793309 0.0009963700046097257
3 133 859 274 0.518516388495274 0.8699646933793309 0.0009963700046097257
3 274 858 133 0.518516388495274 0.8699646933793309 0.0009963700046097257
3 133 858 485 0.518516388495274 0.8699646933793309 0.0009963700046097257
3 485 121 133 0.518516388495274 0.8699646933793309 0.0009963700046097257
3 133 121 486 0.518516388495274 0.8699646933793309 0.0009963700046097257
3 23 186 136 0.518516388495274 0.8699646933793309 0.0009963700046097257
3 136 24 23 0.518516388495274 0.8699646933793309 0.0009963700046097257
3 136 454 24 0.518516388495274 0.8699646933793309 0.0009963700046097257
3 136 272 454 0.518516388495274 0.8699646933793309 0.0009963700046097257
3 186 272 136 0.518516388495274 0.8699646933793309 0.0009963700046097257
3 857 272 131 0.518516388495274 0.8699646933793309 0.0009963700046097257
3 187 272 857 0.518516388495274 0.8699646933793309 0.0009963700046097257
3 857 273 187 0.518516388495274 0.8699646933793309 0.0009963700046097257
3 132 273 857 0.518516388495274 0.8699646933793309 0.0009963700046097257
3 484 132 857 0.518516388495274 0.8699646933793309 0.0009963700046097257
3 857 131 484 0.518516388495274 0.8699646933793309 0.0009963700046097257
3 187 273 137 0.518516388495274 0.8699646933793309 0.0009963700046097257
3 137 725 187 0.518516388495274 0.8699646933793309 0.0009963700046097257
3 726 142 137 0.518516388495274 0.8699646933793309 0.0009963700046097257
3 142 725 137 0.518516388495274 0.8699646933793309 0.0009963700046097257
3 188 273 858 0.518516388495274 0.8699646933793309 0.0009963700046097257
3 188 858 274 0.518516388495274 0.8699646933793309 0.0009963700046097257
3 456 727 138 0.518516388495274 0.8699646933793309 0.0009963700046097257
3 456 188 274 0.518516388495274 0.8699646933793309 0.0009963700046097257
3 138 188 456 0.518516388495274 0.8699646933793309 0.0009963700046097257
3 274 189 456 0.518516388495274 0.8699646933793309 0.0009963700046097257
3 139 727 456 0.518516388495274 0.8699646933793309 0.0009963700046097257
3 456 189 139 0.518516388495274 0.8699646933793309 0.0009963700046097257
3 267 338 339 0.518516388495274 0.8699646933793309 0.0009963700046097257
3 340 268 339 0.518516388495274 0.8699646933793309 0.0009963700046097257
3 339 268 267 0.518516388495274 0.8699646933793309 0.0009963700046097257
3 339 438 340 0.518516388495274 0.8699646933793309 0.0009963700046097257
3 437 438 339 0.518516388495274 0.8699646933793309 0.0009963700046097257
3 339 338 437 0.518516388495274 0.8699646933793309 0.0009963700046097257
3 493 492 720 0.518516388495274 0.8699646933793309 0.0009963700046097257
3 721 493 720 0.518516388495274 0.8699646933793309 0.0009963700046097257
3 720 452 721 0.518516388495274 0.8699646933793309 0.0009963700046097257
3 184 268 269 0.518516388495274 0.8699646933793309 0.0009963700046097257
3 340 341 269 0.518516388495274 0.8699646933793309 0.0009963700046097257
3 269 268 340 0.518516388495274 0.8699646933793309 0.0009963700046097257
3 269 960 959 0.518516388495274 0.8699646933793309 0.0009963700046097257
3 959 184 269 0.518516388495274 0.8699646933793309 0.0009963700046097257
3 342 960 269 0.518516388495274 0.8699646933793309 0.0009963700046097257
3 269 341 342 0.518516388495274 0.8699646933793309 0.0009963700046097257
3 462 864 865 0.518516388495274 0.8699646933793309 0.0009963700046097257
3 733 864 462 0.518516388495274 0.8699646933793309 0.0009963700046097257
3 491 864 863 0.518516388495274 0.8699646933793309 0.0009963700046097257
3 490 491 863 0.518516388495274 0.8699646933793309 0.0009963700046097257
3 863 862 490 0.518516388495274 0.8699646933793309 0.0009963700046097257
3 460 862 863 0.518516388495274 0.8699646933793309 0.0009963700046097257
3 958 129 184 0.518516388495274 0.8699646933793309 0.0009963700046097257
3 957 129 958 0.518516388495274 0.8699646933793309 0.0009963700046097257
3 958 184 959 0.518516388495274 0.8699646933793309 0.0009963700046097257
3 958 450 957 0.518516388495274 0.8699646933793309 0.0009963700046097257
3 718 491 490 0.518516388495274 0.8699646933793309 0.0009963700046097257
3 967 1068 966 0.518516388495274 0.8699646933793309 0.0009963700046097257
3 1158 967 966 0.518516388495274 0.8699646933793309 0.0009963700046097257
3 1157 965 1156 0.518516388495274 0.8699646933793309 0.0009963700046097257
3 1156 794 1157 0.518516388495274 0.8699646933793309 0.0009963700046097257
3 1158 966 1157 0.518516388495274 0.8699646933793309 0.0009963700046097257
3 1157 966 965 0.518516388495274 0.8699646933793309 0.0009963700046097257
3 1157 794 949 0.518516388495274 0.8699646933793309 0.0009963700046097257
3 1157 950 1158 0.518516388495274 0.8699646933793309 0.0009963700046097257
3 1157 949 950 0.518516388495274 0.8699646933793309 0.0009963700046097257
3 867 722 723 0.518516388495274 0.8699646933793309 0.0009963700046097257
3 866 722 867 0.518516388495274 0.8699646933793309 0.0009963700046097257
3 1063 515 514 0.518516388495274 0.8699646933793309 0.0009963700046097257
3 592 975 591 0.518516388495274 0.8699646933793309 0.0009963700046097257
3 591 805 592 0.518516388495274 0.8699646933793309 0.0009963700046097257
3 177 588 589 0.518516388495274 0.8699646933793309 0.0009963700046097257
3 176 588 177 0.518516388495274 0.8699646933793309 0.0009963700046097257
3 589 590 177 0.518516388495274 0.8699646933793309 0.0009963700046097257
3 590 973 177 0.518516388495274 0.8699646933793309 0.0009963700046097257
3 974 973 590 0.518516388495274 0.8699646933793309 0.0009963700046097257
3 974 591 975 0.518516388495274 0.8699646933793309 0.0009963700046097257
3 590 591 974 0.518516388495274 0.8699646933793309 0.0009963700046097257
3 974 975 198 0.518516388495274 0.8699646933793309 0.0009963700046097257
3 980 979 808 0.518516388495274 0.8699646933793309 0.0009963700046097257
3 808 809 980 0.518516388495274 0.8699646933793309 0.0009963700046097257
3 980 809 981 0.518516388495274 0.8699646933793309 0.0009963700046097257
3 981 606 980 0.518516388495274 0.8699646933793309 0.0009963700046097257
3 606 979 980 0.518516388495274 0.8699646933793309 0.0009963700046097257
3 592 805 593 0.518516388495274 0.8699646933793309 0.0009963700046097257
3 594 979 978 0.518516388495274 0.8699646933793309 0.0009963700046097257
3 978 593 594 0.518516388495274 0.8699646933793309 0.0009963700046097257
3 808 979 594 0.518516388495274 0.8699646933793309 0.0009963700046097257
3 594 807 808 0.518516388495274 0.8699646933793309 0.0009963700046097257
3 802 803 589 0.518516388495274 0.8699646933793309 0.0009963700046097257
3 589 588 802 0.518516388495274 0.8699646933793309 0.0009963700046097257
3 802 514 803 0.518516388495274 0.8699646933793309 0.0009963700046097257
3 195 971 972 0.518516388495274 0.8699646933793309 0.0009963700046097257
3 972 196 195 0.518516388495274 0.8699646933793309 0.0009963700046097257
3 973 196 972 0.518516388495274 0.8699646933793309 0.0009963700046097257
3 972 177 973 0.518516388495274 0.8699646933793309 0.0009963700046097257
3 972 971 176 0.518516388495274 0.8699646933793309 0.0009963700046097257
3 176 177 972 0.518516388495274 0.8699646933793309 0.0009963700046097257
3 427 428 785 0.518516388495274 0.8699646933793309 0.0009963700046097257
3 785 784 427 0.518516388495274 0.8699646933793309 0.0009963700046097257
3 427 938 939 0.518516388495274 0.8699646933793309 0.0009963700046097257
3 939 428 427 0.518516388495274 0.8699646933793309 0.0009963700046097257
3 425 782 424 0.518516388495274 0.8699646933793309 0.0009963700046097257
3 783 782 425 0.518516388495274 0.8699646933793309 0.0009963700046097257
3 425 936 937 0.518516388495274 0.8699646933793309 0.0009963700046097257
3 424 935 425 0.518516388495274 0.8699646933793309 0.0009963700046097257
3 425 935 936 0.518516388495274 0.8699646933793309 0.0009963700046097257
3 151 1056 156 0.518516388495274 0.8699646933793309 0.0009963700046097257
3 1056 157 156 0.518516388495274 0.8699646933793309 0.0009963700046097257
3 1057 157 152 0.518516388495274 0.8699646933793309 0.0009963700046097257
3 152 157 1056 0.518516388495274 0.8699646933793309 0.0009963700046097257
3 733 462 502 0.518516388495274 0.8699646933793309 0.0009963700046097257
3 162 796 161 0.518516388495274 0.8699646933793309 0.0009963700046097257
3 729 497 145 0.518516388495274 0.8699646933793309 0.0009963700046097257
3 729 458 141 0.518516388495274 0.8699646933793309 0.0009963700046097257
3 140 145 728 0.518516388495274 0.8699646933793309 0.0009963700046097257
3 140 728 457 0.518516388495274 0.8699646933793309 0.0009963700046097257
3 140 729 145 0.518516388495274 0.8699646933793309 0.0009963700046097257
3 458 729 140 0.518516388495274 0.8699646933793309 0.0009963700046097257
3 887 389 388 0.518516388495274 0.8699646933793309 0.0009963700046097257
3 887 54 389 0.518516388495274 0.8699646933793309 0.0009963700046097257
3 887 388 55 0.518516388495274 0.8699646933793309 0.0009963700046097257
3 55 54 887 0.518516388495274 0.8699646933793309 0.0009963700046097257
3 382 756 891 0.518516388495274 0.8699646933793309 0.0009963700046097257
3 755 756 382 0.518516388495274 0.8699646933793309 0.0009963700046097257
3 382 891 392 0.518516388495274 0.8699646933793309 0.0009963700046097257
3 392 755 382 0.518516388495274 0.8699646933793309 0.0009963700046097257
3 344 620 345 0.518516388495274 0.8699646933793309 0.0009963700046097257
3 344 873 343 0.518516388495274 0.8699646933793309 0.0009963700046097257
3 345 874 344 0.518516388495274 0.8699646933793309 0.0009963700046097257
3 344 874 873 0.518516388495274 0.8699646933793309 0.0009963700046097257
3 45 343 46 0.518516388495274 0.8699646933793309 0.0009963700046097257
3 44 620 45 0.518516388495274 0.8699646933793309 0.0009963700046097257
3 45 344 343 0.518516388495274 0.8699646933793309 0.0009963700046097257
3 620 344 45 0.518516388495274 0.8699646933793309 0.0009963700046097257
3 875 874 345 0.518516388495274 0.8699646933793309 0.0009963700046097257
3 357 874 875 0.518516388495274 0.8699646933793309 0.0009963700046097257
3 875 358 357 0.518516388495274 0.8699646933793309 0.0009963700046097257
3 1071 1072 296 0.518516388495274 0.8699646933793309 0.0009963700046097257
3 356 874 357 0.518516388495274 0.8699646933793309 0.0009963700046097257
3 873 874 356 0.518516388495274 0.8699646933793309 0.0009963700046097257
3 367 992 377 0.518516388495274 0.8699646933793309 0.0009963700046097257
3 896 378 897 0.518516388495274 0.8699646933793309 0.0009963700046097257
3 525 387 896 0.518516388495274 0.8699646933793309 0.0009963700046097257
3 387 377 896 0.518516388495274 0.8699646933793309 0.0009963700046097257
3 357 358 745 0.518516388495274 0.8699646933793309 0.0009963700046097257
3 745 992 367 0.518516388495274 0.8699646933793309 0.0009963700046097257
3 378 992 368 0.518516388495274 0.8699646933793309 0.0009963700046097257
3 992 745 368 0.518516388495274 0.8699646933793309 0.0009963700046097257
3 526 835 834 0.518516388495274 0.8699646933793309 0.0009963700046097257
3 526 834 525 0.518516388495274 0.8699646933793309 0.0009963700046097257
3 526 897 898 0.518516388495274 0.8699646933793309 0.0009963700046097257
3 898 835 526 0.518516388495274 0.8699646933793309 0.0009963700046097257
3 525 896 526 0.518516388495274 0.8699646933793309 0.0009963700046097257
3 526 896 897 0.518516388495274 0.8699646933793309 0.0009963700046097257
3 836 835 898 0.518516388495274 0.8699646933793309 0.0009963700046097257
3 836 837 644 0.518516388495274 0.8699646933793309 0.0009963700046097257
3 836 644 643 0.518516388495274 0.8699646933793309 0.0009963700046097257
3 643 835 836 0.518516388495274 0.8699646933793309 0.0009963700046097257
3 747 369 359 0.518516388495274 0.8699646933793309 0.0009963700046097257
3 990 366 376 0.518516388495274 0.8699646933793309 0.0009963700046097257
3 376 386 990 0.518516388495274 0.8699646933793309 0.0009963700046097257
3 376 760 895 0.518516388495274 0.8699646933793309 0.0009963700046097257
3 895 386 376 0.518516388495274 0.8699646933793309 0.0009963700046097257
3 355 743 354 0.518516388495274 0.8699646933793309 0.0009963700046097257
3 872 873 355 0.518516388495274 0.8699646933793309 0.0009963700046097257
3 355 354 872 0.518516388495274 0.8699646933793309 0.0009963700046097257
3 873 356 355 0.518516388495274 0.8699646933793309 0.0009963700046097257
3 367 366 744 0.518516388495274 0.8699646933793309 0.0009963700046097257
3 366 743 744 0.518516388495274 0.8699646933793309 0.0009963700046097257
3 744 745 367 0.518516388495274 0.8699646933793309 0.0009963700046097257
3 743 355 744 0.518516388495274 0.8699646933793309 0.0009963700046097257
3 744 355 356 0.518516388495274 0.8699646933793309 0.0009963700046097257
3 744 356 357 0.518516388495274 0.8699646933793309 0.0009963700046097257
3 357 745 744 0.518516388495274 0.8699646933793309 0.0009963700046097257
3 894 375 759 0.518516388495274 0.8699646933793309 0.0009963700046097257
3 396 894 759 0.518516388495274 0.8699646933793309 0.0009963700046097257
3 759 386 396 0.518516388495274 0.8699646933793309 0.0009963700046097257
3 759 375 990 0.518516388495274 0.8699646933793309 0.0009963700046097257
3 990 386 759 0.518516388495274 0.8699646933793309 0.0009963700046097257
3 909 232 908 0.518516388495274 0.8699646933793309 0.0009963700046097257
3 225 226 908 0.518516388495274 0.8699646933793309 0.0009963700046097257
3 908 226 909 0.518516388495274 0.8699646933793309 0.0009963700046097257
3 908 907 225 0.518516388495274 0.8699646933793309 0.0009963700046097257
3 908 232 231 0.518516388495274 0.8699646933793309 0.0009963700046097257
3 231 907 908 0.518516388495274 0.8699646933793309 0.0009963700046097257
3 313 314 1006 0.518516388495274 0.8699646933793309 0.0009963700046097257
3 1006 1005 313 0.518516388495274 0.8699646933793309 0.0009963700046097257
3 1006 314 1007 0.518516388495274 0.8699646933793309 0.0009963700046097257
3 467 1005 1006 0.518516388495274 0.8699646933793309 0.0009963700046097257
3 1007 468 1006 0.518516388495274 0.8699646933793309 0.0009963700046097257
3 1006 468 467 0.518516388495274 0.8699646933793309 0.0009963700046097257
3 650 218 651 0.518516388495274 0.8699646933793309 0.0009963700046097257
3 225 224 651 0.518516388495274 0.8699646933793309 0.0009963700046097257
3 224 650 651 0.518516388495274 0.8699646933793309 0.0009963700046097257
3 651 218 219 0.518516388495274 0.8699646933793309 0.0009963700046097257
3 931 684 932 0.518516388495274 0.8699646933793309 0.0009963700046097257
3 931 930 684 0.518516388495274 0.8699646933793309 0.0009963700046097257
3 932 1031 931 0.518516388495274 0.8699646933793309 0.0009963700046097257
3 1031 1030 931 0.518516388495274 0.8699646933793309 0.0009963700046097257
3 931 1030 930 0.518516388495274 0.8699646933793309 0.0009963700046097257
3 632 884 631 0.518516388495274 0.8699646933793309 0.0009963700046097257
3 632 1081 1082 0.518516388495274 0.8699646933793309 0.0009963700046097257
3 631 1081 632 0.518516388495274 0.8699646933793309 0.0009963700046097257
3 1080 630 1079 0.518516388495274 0.8699646933793309 0.0009963700046097257
3 1079 293 1080 0.518516388495274 0.8699646933793309 0.0009963700046097257
3 1078 293 1079 0.518516388495274 0.8699646933793309 0.0009963700046097257
3 301 1078 629 0.518516388495274 0.8699646933793309 0.0009963700046097257
3 629 628 301 0.518516388495274 0.8699646933793309 0.0009963700046097257
3 1078 1079 629 0.518516388495274 0.8699646933793309 0.0009963700046097257
3 629 1079 630 0.518516388495274 0.8699646933793309 0.0009963700046097257
3 629 881 628 0.518516388495274 0.8699646933793309 0.0009963700046097257
3 882 881 629 0.518516388495274 0.8699646933793309 0.0009963700046097257
3 629 630 882 0.518516388495274 0.8699646933793309 0.0009963700046097257
3 997 749 750 0.518516388495274 0.8699646933793309 0.0009963700046097257
3 881 751 750 0.518516388495274 0.8699646933793309 0.0009963700046097257
3 751 997 750 0.518516388495274 0.8699646933793309 0.0009963700046097257
3 982 983 824 0.518516388495274 0.8699646933793309 0.0009963700046097257
3 982 823 981 0.518516388495274 0.8699646933793309 0.0009963700046097257
3 824 823 982 0.518516388495274 0.8699646933793309 0.0009963700046097257
3 981 809 982 0.518516388495274 0.8699646933793309 0.0009963700046097257
3 982 1069 983 0.518516388495274 0.8699646933793309 0.0009963700046097257
3 982 809 1069 0.518516388495274 0.8699646933793309 0.0009963700046097257
3 1154 1155 582 0.518516388495274 0.8699646933793309 0.0009963700046097257
3 342 441 442 0.518516388495274 0.8699646933793309 0.0009963700046097257
3 441 580 442 0.518516388495274 0.8699646933793309 0.0009963700046097257
3 442 962 342 0.518516388495274 0.8699646933793309 0.0009963700046097257
3 603 205 602 0.518516388495274 0.8699646933793309 0.0009963700046097257
3 818 205 603 0.518516388495274 0.8699646933793309 0.0009963700046097257
3 603 604 818 0.518516388495274 0.8699646933793309 0.0009963700046097257
3 602 976 603 0.518516388495274 0.8699646933793309 0.0009963700046097257
3 601 205 204 0.518516388495274 0.8699646933793309 0.0009963700046097257
3 204 600 601 0.518516388495274 0.8699646933793309 0.0009963700046097257
3 602 205 601 0.518516388495274 0.8699646933793309 0.0009963700046097257
3 198 602 601 0.518516388495274 0.8699646933793309 0.0009963700046097257
3 601 600 198 0.518516388495274 0.8699646933793309 0.0009963700046097257
3 811 280 279 0.518516388495274 0.8699646933793309 0.0009963700046097257
3 279 810 811 0.518516388495274 0.8699646933793309 0.0009963700046097257
3 279 278 810 0.518516388495274 0.8699646933793309 0.0009963700046097257
3 279 280 609 0.518516388495274 0.8699646933793309 0.0009963700046097257
3 609 608 279 0.518516388495274 0.8699646933793309 0.0009963700046097257
3 279 608 278 0.518516388495274 0.8699646933793309 0.0009963700046097257
3 281 812 813 0.518516388495274 0.8699646933793309 0.0009963700046097257
3 281 280 812 0.518516388495274 0.8699646933793309 0.0009963700046097257
3 813 282 281 0.518516388495274 0.8699646933793309 0.0009963700046097257
3 281 282 611 0.518516388495274 0.8699646933793309 0.0009963700046097257
3 611 610 281 0.518516388495274 0.8699646933793309 0.0009963700046097257
3 610 280 281 0.518516388495274 0.8699646933793309 0.0009963700046097257
3 821 606 822 0.518516388495274 0.8699646933793309 0.0009963700046097257
3 606 823 822 0.518516388495274 0.8699646933793309 0.0009963700046097257
3 1105 1000 1001 0.518516388495274 0.8699646933793309 0.0009963700046097257
3 1001 1000 886 0.518516388495274 0.8699646933793309 0.0009963700046097257
3 1001 1106 1105 0.518516388495274 0.8699646933793309 0.0009963700046097257
3 1001 1087 1106 0.518516388495274 0.8699646933793309 0.0009963700046097257
3 1082 618 1083 0.518516388495274 0.8699646933793309 0.0009963700046097257
3 1083 632 1082 0.518516388495274 0.8699646933793309 0.0009963700046097257
3 613 283 284 0.518516388495274 0.8699646933793309 0.0009963700046097257
3 816 285 284 0.518516388495274 0.8699646933793309 0.0009963700046097257
3 284 815 816 0.518516388495274 0.8699646933793309 0.0009963700046097257
3 284 283 815 0.518516388495274 0.8699646933793309 0.0009963700046097257
3 947 948 793 0.518516388495274 0.8699646933793309 0.0009963700046097257
3 946 710 947 0.518516388495274 0.8699646933793309 0.0009963700046097257
3 710 948 947 0.518516388495274 0.8699646933793309 0.0009963700046097257
3 421 772 420 0.518516388495274 0.8699646933793309 0.0009963700046097257
3 772 419 420 0.518516388495274 0.8699646933793309 0.0009963700046097257
3 420 419 1024 0.518516388495274 0.8699646933793309 0.0009963700046097257
3 1024 1025 420 0.518516388495274 0.8699646933793309 0.0009963700046097257
3 420 1025 421 0.518516388495274 0.8699646933793309 0.0009963700046097257
3 707 1046 708 0.518516388495274 0.8699646933793309 0.0009963700046097257
3 708 944 707 0.518516388495274 0.8699646933793309 0.0009963700046097257
3 944 943 707 0.518516388495274 0.8699646933793309 0.0009963700046097257
3 943 706 707 0.518516388495274 0.8699646933793309 0.0009963700046097257
3 1044 1043 482 0.518516388495274 0.8699646933793309 0.0009963700046097257
3 705 942 261 0.518516388495274 0.8699646933793309 0.0009963700046097257
3 705 706 942 0.518516388495274 0.8699646933793309 0.0009963700046097257
3 261 704 705 0.518516388495274 0.8699646933793309 0.0009963700046097257
3 705 1044 706 0.518516388495274 0.8699646933793309 0.0009963700046097257
3 1043 1044 705 0.518516388495274 0.8699646933793309 0.0009963700046097257
3 704 254 705 0.518516388495274 0.8699646933793309 0.0009963700046097257
3 254 1043 705 0.518516388495274 0.8699646933793309 0.0009963700046097257
3 245 244 330 0.518516388495274 0.8699646933793309 0.0009963700046097257
3 244 329 330 0.518516388495274 0.8699646933793309 0.0009963700046097257
3 330 331 245 0.518516388495274 0.8699646933793309 0.0009963700046097257
3 478 331 330 0.518516388495274 0.8699646933793309 0.0009963700046097257
3 330 477 478 0.518516388495274 0.8699646933793309 0.0009963700046097257
3 330 329 477 0.518516388495274 0.8699646933793309 0.0009963700046097257
3 1021 416 1020 0.518516388495274 0.8699646933793309 0.0009963700046097257
3 416 1019 1020 0.518516388495274 0.8699646933793309 0.0009963700046097257
3 1020 1019 235 0.518516388495274 0.8699646933793309 0.0009963700046097257
3 1020 236 1021 0.518516388495274 0.8699646933793309 0.0009963700046097257
3 235 236 1020 0.518516388495274 0.8699646933793309 0.0009963700046097257
3 273 188 455 0.518516388495274 0.8699646933793309 0.0009963700046097257
3 726 137 455 0.518516388495274 0.8699646933793309 0.0009963700046097257
3 455 137 273 0.518516388495274 0.8699646933793309 0.0009963700046097257
3 455 138 726 0.518516388495274 0.8699646933793309 0.0009963700046097257
3 455 188 138 0.518516388495274 0.8699646933793309 0.0009963700046097257
3 719 720 492 0.518516388495274 0.8699646933793309 0.0009963700046097257
3 492 491 719 0.518516388495274 0.8699646933793309 0.0009963700046097257
3 491 718 719 0.518516388495274 0.8699646933793309 0.0009963700046097257
3 719 718 450 0.518516388495274 0.8699646933793309 0.0009963700046097257
3 500 153 732 0.518516388495274 0.8699646933793309 0.0009963700046097257
3 717 718 490 0.518516388495274 0.8699646933793309 0.0009963700046097257
3 490 489 717 0.518516388495274 0.8699646933793309 0.0009963700046097257
3 717 716 448 0.518516388495274 0.8699646933793309 0.0009963700046097257
3 489 716 717 0.518516388495274 0.8699646933793309 0.0009963700046097257
3 957 450 449 0.518516388495274 0.8699646933793309 0.0009963700046097257
3 450 718 449 0.518516388495274 0.8699646933793309 0.0009963700046097257
3 449 717 448 0.518516388495274 0.8699646933793309 0.0009963700046097257
3 718 717 449 0.518516388495274 0.8699646933793309 0.0009963700046097257
3 182 265 266 0.518516388495274 0.8699646933793309 0.0009963700046097257
3 182 266 183 0.518516388495274 0.8699646933793309 0.0009963700046097257
3 183 129 182 0.518516388495274 0.8699646933793309 0.0009963700046097257
3 117 955 105 0.518516388495274 0.8699646933793309 0.0009963700046097257
3 117 118 955 0.518516388495274 0.8699646933793309 0.0009963700046097257
3 117 116 126 0.518516388495274 0.8699646933793309 0.0009963700046097257
3 105 116 117 0.518516388495274 0.8699646933793309 0.0009963700046097257
3 460 732 731 0.518516388495274 0.8699646933793309 0.0009963700046097257
3 1058 153 500 0.518516388495274 0.8699646933793309 0.0009963700046097257
3 869 1066 738 0.518516388495274 0.8699646933793309 0.0009963700046097257
3 963 723 962 0.518516388495274 0.8699646933793309 0.0009963700046097257
3 963 724 723 0.518516388495274 0.8699646933793309 0.0009963700046097257
3 962 442 963 0.518516388495274 0.8699646933793309 0.0009963700046097257
3 963 442 582 0.518516388495274 0.8699646933793309 0.0009963700046097257
3 965 966 870 0.518516388495274 0.8699646933793309 0.0009963700046097257
3 870 869 965 0.518516388495274 0.8699646933793309 0.0009963700046097257
3 1068 1067 870 0.518516388495274 0.8699646933793309 0.0009963700046097257
3 870 966 1068 0.518516388495274 0.8699646933793309 0.0009963700046097257
3 870 1067 1066 0.518516388495274 0.8699646933793309 0.0009963700046097257
3 1066 869 870 0.518516388495274 0.8699646933793309 0.0009963700046097257
3 736 737 1063 0.518516388495274 0.8699646933793309 0.0009963700046097257
3 867 737 736 0.518516388495274 0.8699646933793309 0.0009963700046097257
3 736 735 866 0.518516388495274 0.8699646933793309 0.0009963700046097257
3 866 867 736 0.518516388495274 0.8699646933793309 0.0009963700046097257
3 1064 515 1063 0.518516388495274 0.8699646933793309 0.0009963700046097257
3 1063 737 1064 0.518516388495274 0.8699646933793309 0.0009963700046097257
3 1064 737 738 0.518516388495274 0.8699646933793309 0.0009963700046097257
3 1064 805 515 0.518516388495274 0.8699646933793309 0.0009963700046097257
3 868 867 723 0.518516388495274 0.8699646933793309 0.0009963700046097257
3 868 737 867 0.518516388495274 0.8699646933793309 0.0009963700046097257
3 738 737 868 0.518516388495274 0.8699646933793309 0.0009963700046097257
3 723 724 868 0.518516388495274 0.8699646933793309 0.0009963700046097257
3 868 869 738 0.518516388495274 0.8699646933793309 0.0009963700046097257
3 724 869 868 0.518516388495274 0.8699646933793309 0.0009963700046097257
3 738 1066 1065 0.518516388495274 0.8699646933793309 0.0009963700046097257
3 1065 1064 738 0.518516388495274 0.8699646933793309 0.0009963700046097257
3 805 1064 1065 0.518516388495274 0.8699646933793309 0.0009963700046097257
3 515 805 804 0.518516388495274 0.8699646933793309 0.0009963700046097257
3 805 591 804 0.518516388495274 0.8699646933793309 0.0009963700046097257
3 803 514 804 0.518516388495274 0.8699646933793309 0.0009963700046097257
3 804 514 515 0.518516388495274 0.8699646933793309 0.0009963700046097257
3 804 590 803 0.518516388495274 0.8699646933793309 0.0009963700046097257
3 804 591 590 0.518516388495274 0.8699646933793309 0.0009963700046097257
3 598 196 599 0.518516388495274 0.8699646933793309 0.0009963700046097257
3 598 599 202 0.518516388495274 0.8699646933793309 0.0009963700046097257
3 598 597 195 0.518516388495274 0.8699646933793309 0.0009963700046097257
3 195 196 598 0.518516388495274 0.8699646933793309 0.0009963700046097257
3 598 202 201 0.518516388495274 0.8699646933793309 0.0009963700046097257
3 201 597 598 0.518516388495274 0.8699646933793309 0.0009963700046097257
3 197 196 973 0.518516388495274 0.8699646933793309 0.0009963700046097257
3 973 974 197 0.518516388495274 0.8699646933793309 0.0009963700046097257
3 197 974 198 0.518516388495274 0.8699646933793309 0.0009963700046097257
3 198 600 197 0.518516388495274 0.8699646933793309 0.0009963700046097257
3 197 600 599 0.518516388495274 0.8699646933793309 0.0009963700046097257
3 599 196 197 0.518516388495274 0.8699646933793309 0.0009963700046097257
3 977 593 978 0.518516388495274 0.8699646933793309 0.0009963700046097257
3 977 603 976 0.518516388495274 0.8699646933793309 0.0009963700046097257
3 977 976 592 0.518516388495274 0.8699646933793309 0.0009963700046097257
3 592 593 977 0.518516388495274 0.8699646933793309 0.0009963700046097257
3 978 604 977 0.518516388495274 0.8699646933793309 0.0009963700046097257
3 604 603 977 0.518516388495274 0.8699646933793309 0.0009963700046097257
3 171 588 587 0.518516388495274 0.8699646933793309 0.0009963700046097257
3 171 802 588 0.518516388495274 0.8699646933793309 0.0009963700046097257
3 587 170 171 0.518516388495274 0.8699646933793309 0.0009963700046097257
3 514 802 513 0.518516388495274 0.8699646933793309 0.0009963700046097257
3 426 784 783 0.518516388495274 0.8699646933793309 0.0009963700046097257
3 426 427 784 0.518516388495274 0.8699646933793309 0.0009963700046097257
3 783 425 426 0.518516388495274 0.8699646933793309 0.0009963700046097257
3 426 425 937 0.518516388495274 0.8699646933793309 0.0009963700046097257
3 937 938 426 0.518516388495274 0.8699646933793309 0.0009963700046097257
3 938 427 426 0.518516388495274 0.8699646933793309 0.0009963700046097257
3 1055 156 155 0.518516388495274 0.8699646933793309 0.0009963700046097257
3 151 156 1055 0.518516388495274 0.8699646933793309 0.0009963700046097257
3 1055 1054 150 0.518516388495274 0.8699646933793309 0.0009963700046097257
3 155 1054 1055 0.518516388495274 0.8699646933793309 0.0009963700046097257
3 150 497 1055 0.518516388495274 0.8699646933793309 0.0009963700046097257
3 1055 497 151 0.518516388495274 0.8699646933793309 0.0009963700046097257
3 506 505 155 0.518516388495274 0.8699646933793309 0.0009963700046097257
3 155 156 506 0.518516388495274 0.8699646933793309 0.0009963700046097257
3 498 730 147 0.518516388495274 0.8699646933793309 0.0009963700046097257
3 147 152 498 0.518516388495274 0.8699646933793309 0.0009963700046097257
3 498 1056 151 0.518516388495274 0.8699646933793309 0.0009963700046097257
3 498 152 1056 0.518516388495274 0.8699646933793309 0.0009963700046097257
3 151 497 146 0.518516388495274 0.8699646933793309 0.0009963700046097257
3 146 498 151 0.518516388495274 0.8699646933793309 0.0009963700046097257
3 730 498 146 0.518516388495274 0.8699646933793309 0.0009963700046097257
3 141 730 146 0.518516388495274 0.8699646933793309 0.0009963700046097257
3 146 729 141 0.518516388495274 0.8699646933793309 0.0009963700046097257
3 497 729 146 0.518516388495274 0.8699646933793309 0.0009963700046097257
3 141 191 459 0.518516388495274 0.8699646933793309 0.0009963700046097257
3 459 730 141 0.518516388495274 0.8699646933793309 0.0009963700046097257
3 147 730 459 0.518516388495274 0.8699646933793309 0.0009963700046097257
3 734 462 865 0.518516388495274 0.8699646933793309 0.0009963700046097257
3 734 502 462 0.518516388495274 0.8699646933793309 0.0009963700046097257
3 865 735 734 0.518516388495274 0.8699646933793309 0.0009963700046097257
3 163 162 508 0.518516388495274 0.8699646933793309 0.0009963700046097257
3 798 164 799 0.518516388495274 0.8699646933793309 0.0009963700046097257
3 798 169 168 0.518516388495274 0.8699646933793309 0.0009963700046097257
3 799 169 798 0.518516388495274 0.8699646933793309 0.0009963700046097257
3 798 163 164 0.518516388495274 0.8699646933793309 0.0009963700046097257
3 457 275 190 0.518516388495274 0.8699646933793309 0.0009963700046097257
3 190 140 457 0.518516388495274 0.8699646933793309 0.0009963700046097257
3 190 275 860 0.518516388495274 0.8699646933793309 0.0009963700046097257
3 458 140 190 0.518516388495274 0.8699646933793309 0.0009963700046097257
3 860 276 190 0.518516388495274 0.8699646933793309 0.0009963700046097257
3 276 458 190 0.518516388495274 0.8699646933793309 0.0009963700046097257
3 346 875 345 0.518516388495274 0.8699646933793309 0.0009963700046097257
3 358 875 876 0.518516388495274 0.8699646933793309 0.0009963700046097257
3 876 346 347 0.518516388495274 0.8699646933793309 0.0009963700046097257
3 875 346 876 0.518516388495274 0.8699646933793309 0.0009963700046097257
3 877 876 347 0.518516388495274 0.8699646933793309 0.0009963700046097257
3 877 878 359 0.518516388495274 0.8699646933793309 0.0009963700046097257
3 877 349 878 0.518516388495274 0.8699646933793309 0.0009963700046097257
3 359 358 877 0.518516388495274 0.8699646933793309 0.0009963700046097257
3 358 876 877 0.518516388495274 0.8699646933793309 0.0009963700046097257
3 298 299 626 0.518516388495274 0.8699646933793309 0.0009963700046097257
3 1073 1074 298 0.518516388495274 0.8699646933793309 0.0009963700046097257
3 298 1074 299 0.518516388495274 0.8699646933793309 0.0009963700046097257
3 297 1072 1073 0.518516388495274 0.8699646933793309 0.0009963700046097257
3 297 296 1072 0.518516388495274 0.8699646933793309 0.0009963700046097257
3 1073 298 297 0.518516388495274 0.8699646933793309 0.0009963700046097257
3 43 1071 295 0.518516388495274 0.8699646933793309 0.0009963700046097257
3 1071 296 295 0.518516388495274 0.8699646933793309 0.0009963700046097257
3 991 376 366 0.518516388495274 0.8699646933793309 0.0009963700046097257
3 760 376 991 0.518516388495274 0.8699646933793309 0.0009963700046097257
3 991 366 367 0.518516388495274 0.8699646933793309 0.0009963700046097257
3 367 377 991 0.518516388495274 0.8699646933793309 0.0009963700046097257
3 387 760 991 0.518516388495274 0.8699646933793309 0.0009963700046097257
3 991 377 387 0.518516388495274 0.8699646933793309 0.0009963700046097257
3 761 992 378 0.518516388495274 0.8699646933793309 0.0009963700046097257
3 378 896 761 0.518516388495274 0.8699646933793309 0.0009963700046097257
3 761 377 992 0.518516388495274 0.8699646933793309 0.0009963700046097257
3 761 896 377 0.518516388495274 0.8699646933793309 0.0009963700046097257
3 378 368 993 0.518516388495274 0.8699646933793309 0.0009963700046097257
3 746 745 358 0.518516388495274 0.8699646933793309 0.0009963700046097257
3 746 368 745 0.518516388495274 0.8699646933793309 0.0009963700046097257
3 359 369 746 0.518516388495274 0.8699646933793309 0.0009963700046097257
3 746 358 359 0.518516388495274 0.8699646933793309 0.0009963700046097257
3 369 993 746 0.518516388495274 0.8699646933793309 0.0009963700046097257
3 746 993 368 0.518516388495274 0.8699646933793309 0.0009963700046097257
3 878 879 360 0.518516388495274 0.8699646933793309 0.0009963700046097257
3 359 878 360 0.518516388495274 0.8699646933793309 0.0009963700046097257
3 360 747 359 0.518516388495274 0.8699646933793309 0.0009963700046097257
3 369 747 994 0.518516388495274 0.8699646933793309 0.0009963700046097257
3 994 747 995 0.518516388495274 0.8699646933793309 0.0009963700046097257
3 994 764 898 0.518516388495274 0.8699646933793309 0.0009963700046097257
3 995 764 994 0.518516388495274 0.8699646933793309 0.0009963700046097257
3 899 995 996 0.518516388495274 0.8699646933793309 0.0009963700046097257
3 899 764 995 0.518516388495274 0.8699646933793309 0.0009963700046097257
3 837 836 899 0.518516388495274 0.8699646933793309 0.0009963700046097257
3 899 836 898 0.518516388495274 0.8699646933793309 0.0009963700046097257
3 898 764 899 0.518516388495274 0.8699646933793309 0.0009963700046097257
3 652 651 219 0.518516388495274 0.8699646933793309 0.0009963700046097257
3 219 653 652 0.518516388495274 0.8699646933793309 0.0009963700046097257
3 653 226 652 0.518516388495274 0.8699646933793309 0.0009963700046097257
3 652 226 225 0.518516388495274 0.8699646933793309 0.0009963700046097257
3 225 651 652 0.518516388495274 0.8699646933793309 0.0009963700046097257
3 880 879 351 0.518516388495274 0.8699646933793309 0.0009963700046097257
3 749 879 880 0.518516388495274 0.8699646933793309 0.0009963700046097257
3 880 750 749 0.518516388495274 0.8699646933793309 0.0009963700046097257
3 881 750 880 0.518516388495274 0.8699646933793309 0.0009963700046097257
3 351 628 880 0.518516388495274 0.8699646933793309 0.0009963700046097257
3 628 881 880 0.518516388495274 0.8699646933793309 0.0009963700046097257
3 351 879 350 0.518516388495274 0.8699646933793309 0.0009963700046097257
3 350 627 351 0.518516388495274 0.8699646933793309 0.0009963700046097257
3 626 627 350 0.518516388495274 0.8699646933793309 0.0009963700046097257
3 350 349 626 0.518516388495274 0.8699646933793309 0.0009963700046097257
3 878 349 350 0.518516388495274 0.8699646933793309 0.0009963700046097257
3 350 879 878 0.518516388495274 0.8699646933793309 0.0009963700046097257
3 789 790 1152 0.518516388495274 0.8699646933793309 0.0009963700046097257
3 1152 568 789 0.518516388495274 0.8699646933793309 0.0009963700046097257
3 1152 580 579 0.518516388495274 0.8699646933793309 0.0009963700046097257
3 579 568 1152 0.518516388495274 0.8699646933793309 0.0009963700046097257
3 581 1154 582 0.518516388495274 0.8699646933793309 0.0009963700046097257
3 582 442 581 0.518516388495274 0.8699646933793309 0.0009963700046097257
3 581 442 580 0.518516388495274 0.8699646933793309 0.0009963700046097257
3 793 1155 792 0.518516388495274 0.8699646933793309 0.0009963700046097257
3 1155 1154 792 0.518516388495274 0.8699646933793309 0.0009963700046097257
3 792 1154 791 0.518516388495274 0.8699646933793309 0.0009963700046097257
3 792 791 946 0.518516388495274 0.8699646933793309 0.0009963700046097257
3 946 947 792 0.518516388495274 0.8699646933793309 0.0009963700046097257
3 792 947 793 0.518516388495274 0.8699646933793309 0.0009963700046097257
3 1084 1085 886 0.518516388495274 0.8699646933793309 0.0009963700046097257
3 823 1085 619 0.518516388495274 0.8699646933793309 0.0009963700046097257
3 619 822 823 0.518516388495274 0.8699646933793309 0.0009963700046097257
3 1085 1084 619 0.518516388495274 0.8699646933793309 0.0009963700046097257
3 619 618 821 0.518516388495274 0.8699646933793309 0.0009963700046097257
3 821 822 619 0.518516388495274 0.8699646933793309 0.0009963700046097257
3 619 1083 618 0.518516388495274 0.8699646933793309 0.0009963700046097257
3 619 1084 1083 0.518516388495274 0.8699646933793309 0.0009963700046097257
3 886 1085 1086 0.518516388495274 0.8699646933793309 0.0009963700046097257
3 1086 1001 886 0.518516388495274 0.8699646933793309 0.0009963700046097257
3 1087 1001 1086 0.518516388495274 0.8699646933793309 0.0009963700046097257
3 1086 824 1087 0.518516388495274 0.8699646933793309 0.0009963700046097257
3 1086 1085 824 0.518516388495274 0.8699646933793309 0.0009963700046097257
3 884 632 885 0.518516388495274 0.8699646933793309 0.0009963700046097257
3 632 1083 885 0.518516388495274 0.8699646933793309 0.0009963700046097257
3 885 1000 884 0.518516388495274 0.8699646933793309 0.0009963700046097257
3 1083 1084 885 0.518516388495274 0.8699646933793309 0.0009963700046097257
3 886 1000 885 0.518516388495274 0.8699646933793309 0.0009963700046097257
3 885 1084 886 0.518516388495274 0.8699646933793309 0.0009963700046097257
3 613 284 614 0.518516388495274 0.8699646933793309 0.0009963700046097257
3 614 284 285 0.518516388495274 0.8699646933793309 0.0009963700046097257
3 285 615 614 0.518516388495274 0.8699646933793309 0.0009963700046097257
3 614 293 613 0.518516388495274 0.8699646933793309 0.0009963700046097257
3 614 615 293 0.518516388495274 0.8699646933793309 0.0009963700046097257
3 1045 707 706 0.518516388495274 0.8699646933793309 0.0009963700046097257
3 706 1044 1045 0.518516388495274 0.8699646933793309 0.0009963700046097257
3 1046 707 1045 0.518516388495274 0.8699646933793309 0.0009963700046097257
3 1045 1044 482 0.518516388495274 0.8699646933793309 0.0009963700046097257
3 1045 559 1046 0.518516388495274 0.8699646933793309 0.0009963700046097257
3 482 559 1045 0.518516388495274 0.8699646933793309 0.0009963700046097257
3 450 958 451 0.518516388495274 0.8699646933793309 0.0009963700046097257
3 451 719 450 0.518516388495274 0.8699646933793309 0.0009963700046097257
3 451 958 959 0.518516388495274 0.8699646933793309 0.0009963700046097257
3 720 719 451 0.518516388495274 0.8699646933793309 0.0009963700046097257
3 959 452 451 0.518516388495274 0.8699646933793309 0.0009963700046097257
3 452 720 451 0.518516388495274 0.8699646933793309 0.0009963700046097257
3 460 863 461 0.518516388495274 0.8699646933793309 0.0009963700046097257
3 461 732 460 0.518516388495274 0.8699646933793309 0.0009963700046097257
3 461 863 864 0.518516388495274 0.8699646933793309 0.0009963700046097257
3 461 864 733 0.518516388495274 0.8699646933793309 0.0009963700046097257
3 733 732 461 0.518516388495274 0.8699646933793309 0.0009963700046097257
3 955 118 956 0.518516388495274 0.8699646933793309 0.0009963700046097257
3 448 955 956 0.518516388495274 0.8699646933793309 0.0009963700046097257
3 956 449 448 0.518516388495274 0.8699646933793309 0.0009963700046097257
3 957 449 956 0.518516388495274 0.8699646933793309 0.0009963700046097257
3 956 129 957 0.518516388495274 0.8699646933793309 0.0009963700046097257
3 956 118 129 0.518516388495274 0.8699646933793309 0.0009963700046097257
3 129 118 128 0.518516388495274 0.8699646933793309 0.0009963700046097257
3 128 182 129 0.518516388495274 0.8699646933793309 0.0009963700046097257
3 499 153 1057 0.518516388495274 0.8699646933793309 0.0009963700046097257
3 1057 152 499 0.518516388495274 0.8699646933793309 0.0009963700046097257
3 499 732 153 0.518516388495274 0.8699646933793309 0.0009963700046097257
3 499 731 732 0.518516388495274 0.8699646933793309 0.0009963700046097257
3 499 152 147 0.518516388495274 0.8699646933793309 0.0009963700046097257
3 147 731 499 0.518516388495274 0.8699646933793309 0.0009963700046097257
3 1057 153 158 0.518516388495274 0.8699646933793309 0.0009963700046097257
3 153 1058 158 0.518516388495274 0.8699646933793309 0.0009963700046097257
3 158 157 1057 0.518516388495274 0.8699646933793309 0.0009963700046097257
3 508 157 158 0.518516388495274 0.8699646933793309 0.0009963700046097257
3 724 963 964 0.518516388495274 0.8699646933793309 0.0009963700046097257
3 965 869 964 0.518516388495274 0.8699646933793309 0.0009963700046097257
3 964 869 724 0.518516388495274 0.8699646933793309 0.0009963700046097257
3 964 963 582 0.518516388495274 0.8699646933793309 0.0009963700046097257
3 964 582 1156 0.518516388495274 0.8699646933793309 0.0009963700046097257
3 1156 965 964 0.518516388495274 0.8699646933793309 0.0009963700046097257
3 805 1065 806 0.518516388495274 0.8699646933793309 0.0009963700046097257
3 806 593 805 0.518516388495274 0.8699646933793309 0.0009963700046097257
3 1066 807 806 0.518516388495274 0.8699646933793309 0.0009963700046097257
3 806 1065 1066 0.518516388495274 0.8699646933793309 0.0009963700046097257
3 807 594 806 0.518516388495274 0.8699646933793309 0.0009963700046097257
3 806 594 593 0.518516388495274 0.8699646933793309 0.0009963700046097257
3 800 170 799 0.518516388495274 0.8699646933793309 0.0009963700046097257
3 800 171 170 0.518516388495274 0.8699646933793309 0.0009963700046097257
3 1063 514 1062 0.518516388495274 0.8699646933793309 0.0009963700046097257
3 514 513 1062 0.518516388495274 0.8699646933793309 0.0009963700046097257
3 30 505 160 0.518516388495274 0.8699646933793309 0.0009963700046097257
3 505 506 160 0.518516388495274 0.8699646933793309 0.0009963700046097257
3 160 31 30 0.518516388495274 0.8699646933793309 0.0009963700046097257
3 161 31 160 0.518516388495274 0.8699646933793309 0.0009963700046097257
3 160 506 161 0.518516388495274 0.8699646933793309 0.0009963700046097257
3 507 156 157 0.518516388495274 0.8699646933793309 0.0009963700046097257
3 507 506 156 0.518516388495274 0.8699646933793309 0.0009963700046097257
3 161 506 507 0.518516388495274 0.8699646933793309 0.0009963700046097257
3 507 157 508 0.518516388495274 0.8699646933793309 0.0009963700046097257
3 507 162 161 0.518516388495274 0.8699646933793309 0.0009963700046097257
3 508 162 507 0.518516388495274 0.8699646933793309 0.0009963700046097257
3 277 191 861 0.518516388495274 0.8699646933793309 0.0009963700046097257
3 277 459 191 0.518516388495274 0.8699646933793309 0.0009963700046097257
3 861 489 277 0.518516388495274 0.8699646933793309 0.0009963700046097257
3 489 862 277 0.518516388495274 0.8699646933793309 0.0009963700046097257
3 277 862 460 0.518516388495274 0.8699646933793309 0.0009963700046097257
3 460 731 277 0.518516388495274 0.8699646933793309 0.0009963700046097257
3 277 731 147 0.518516388495274 0.8699646933793309 0.0009963700046097257
3 147 459 277 0.518516388495274 0.8699646933793309 0.0009963700046097257
3 163 798 797 0.518516388495274 0.8699646933793309 0.0009963700046097257
3 167 796 797 0.518516388495274 0.8699646933793309 0.0009963700046097257
3 797 168 167 0.518516388495274 0.8699646933793309 0.0009963700046097257
3 797 798 168 0.518516388495274 0.8699646933793309 0.0009963700046097257
3 796 162 797 0.518516388495274 0.8699646933793309 0.0009963700046097257
3 162 163 797 0.518516388495274 0.8699646933793309 0.0009963700046097257
3 625 297 298 0.518516388495274 0.8699646933793309 0.0009963700046097257
3 626 349 625 0.518516388495274 0.8699646933793309 0.0009963700046097257
3 625 298 626 0.518516388495274 0.8699646933793309 0.0009963700046097257
3 348 877 347 0.518516388495274 0.8699646933793309 0.0009963700046097257
3 349 877 348 0.518516388495274 0.8699646933793309 0.0009963700046097257
3 294 44 43 0.518516388495274 0.8699646933793309 0.0009963700046097257
3 43 295 294 0.518516388495274 0.8699646933793309 0.0009963700046097257
3 623 295 296 0.518516388495274 0.8699646933793309 0.0009963700046097257
3 623 348 347 0.518516388495274 0.8699646933793309 0.0009963700046097257
3 897 378 762 0.518516388495274 0.8699646933793309 0.0009963700046097257
3 378 993 762 0.518516388495274 0.8699646933793309 0.0009963700046097257
3 995 747 748 0.518516388495274 0.8699646933793309 0.0009963700046097257
3 747 360 748 0.518516388495274 0.8699646933793309 0.0009963700046097257
3 996 995 748 0.518516388495274 0.8699646933793309 0.0009963700046097257
3 748 749 996 0.518516388495274 0.8699646933793309 0.0009963700046097257
3 748 879 749 0.518516388495274 0.8699646933793309 0.0009963700046097257
3 748 360 879 0.518516388495274 0.8699646933793309 0.0009963700046097257
3 763 994 898 0.518516388495274 0.8699646933793309 0.0009963700046097257
3 763 762 993 0.518516388495274 0.8699646933793309 0.0009963700046097257
3 763 993 369 0.518516388495274 0.8699646933793309 0.0009963700046097257
3 369 994 763 0.518516388495274 0.8699646933793309 0.0009963700046097257
3 898 897 763 0.518516388495274 0.8699646933793309 0.0009963700046097257
3 897 762 763 0.518516388495274 0.8699646933793309 0.0009963700046097257
3 765 899 996 0.518516388495274 0.8699646933793309 0.0009963700046097257
3 996 997 765 0.518516388495274 0.8699646933793309 0.0009963700046097257
3 765 997 900 0.518516388495274 0.8699646933793309 0.0009963700046097257
3 765 900 837 0.518516388495274 0.8699646933793309 0.0009963700046097257
3 837 899 765 0.518516388495274 0.8699646933793309 0.0009963700046097257
3 1154 581 570 0.518516388495274 0.8699646933793309 0.0009963700046097257
3 791 1154 570 0.518516388495274 0.8699646933793309 0.0009963700046097257
3 580 1152 570 0.518516388495274 0.8699646933793309 0.0009963700046097257
3 570 581 580 0.518516388495274 0.8699646933793309 0.0009963700046097257
3 570 790 791 0.518516388495274 0.8699646933793309 0.0009963700046097257
3 570 1152 790 0.518516388495274 0.8699646933793309 0.0009963700046097257
3 118 117 127 0.518516388495274 0.8699646933793309 0.0009963700046097257
3 127 128 118 0.518516388495274 0.8699646933793309 0.0009963700046097257
3 126 180 127 0.518516388495274 0.8699646933793309 0.0009963700046097257
3 127 117 126 0.518516388495274 0.8699646933793309 0.0009963700046097257
3 509 158 1058 0.518516388495274 0.8699646933793309 0.0009963700046097257
3 509 163 508 0.518516388495274 0.8699646933793309 0.0009963700046097257
3 508 158 509 0.518516388495274 0.8699646933793309 0.0009963700046097257
3 164 163 509 0.518516388495274 0.8699646933793309 0.0009963700046097257
3 509 510 164 0.518516388495274 0.8699646933793309 0.0009963700046097257
3 165 800 799 0.518516388495274 0.8699646933793309 0.0009963700046097257
3 799 164 165 0.518516388495274 0.8699646933793309 0.0009963700046097257
3 164 510 165 0.518516388495274 0.8699646933793309 0.0009963700046097257
3 512 1062 513 0.518516388495274 0.8699646933793309 0.0009963700046097257
3 504 736 1063 0.518516388495274 0.8699646933793309 0.0009963700046097257
3 1063 1062 504 0.518516388495274 0.8699646933793309 0.0009963700046097257
3 735 736 504 0.518516388495274 0.8699646933793309 0.0009963700046097257
3 504 1062 735 0.518516388495274 0.8699646933793309 0.0009963700046097257
3 733 502 501 0.518516388495274 0.8699646933793309 0.0009963700046097257
3 502 1059 501 0.518516388495274 0.8699646933793309 0.0009963700046097257
3 501 732 733 0.518516388495274 0.8699646933793309 0.0009963700046097257
3 500 732 501 0.518516388495274 0.8699646933793309 0.0009963700046097257
3 501 1058 500 0.518516388495274 0.8699646933793309 0.0009963700046097257
3 501 1059 1058 0.518516388495274 0.8699646933793309 0.0009963700046097257
3 622 294 295 0.518516388495274 0.8699646933793309 0.0009963700046097257
3 295 623 622 0.518516388495274 0.8699646933793309 0.0009963700046097257
3 347 346 622 0.518516388495274 0.8699646933793309 0.0009963700046097257
3 622 623 347 0.518516388495274 0.8699646933793309 0.0009963700046097257
3 348 623 624 0.518516388495274 0.8699646933793309 0.0009963700046097257
3 624 625 349 0.518516388495274 0.8699646933793309 0.0009963700046097257
3 349 348 624 0.518516388495274 0.8699646933793309 0.0009963700046097257
3 297 625 624 0.518516388495274 0.8699646933793309 0.0009963700046097257
3 296 297 624 0.518516388495274 0.8699646933793309 0.0009963700046097257
3 624 623 296 0.518516388495274 0.8699646933793309 0.0009963700046097257
3 182 128 181 0.518516388495274 0.8699646933793309 0.0009963700046097257
3 128 127 181 0.518516388495274 0.8699646933793309 0.0009963700046097257
3 265 182 181 0.518516388495274 0.8699646933793309 0.0009963700046097257
3 181 127 180 0.518516388495274 0.8699646933793309 0.0009963700046097257
3 264 265 181 0.518516388495274 0.8699646933793309 0.0009963700046097257
3 181 180 264 0.518516388495274 0.8699646933793309 0.0009963700046097257
3 159 1059 510 0.518516388495274 0.8699646933793309 0.0009963700046097257
3 510 509 159 0.518516388495274 0.8699646933793309 0.0009963700046097257
3 1058 1059 159 0.518516388495274 0.8699646933793309 0.0009963700046097257
3 159 509 1058 0.518516388495274 0.8699646933793309 0.0009963700046097257
3 1060 1059 502 0.518516388495274 0.8699646933793309 0.0009963700046097257
3 510 1059 1060 0.518516388495274 0.8699646933793309 0.0009963700046097257
3 801 513 802 0.518516388495274 0.8699646933793309 0.0009963700046097257
3 801 512 513 0.518516388495274 0.8699646933793309 0.0009963700046097257
3 802 171 801 0.518516388495274 0.8699646933793309 0.0009963700046097257
3 171 800 801 0.518516388495274 0.8699646933793309 0.0009963700046097257
3 800 512 801 0.518516388495274 0.8699646933793309 0.0009963700046097257
3 800 165 511 0.518516388495274 0.8699646933793309 0.0009963700046097257
3 511 512 800 0.518516388495274 0.8699646933793309 0.0009963700046097257
3 511 165 510 0.518516388495274 0.8699646933793309 0.0009963700046097257
3 510 1060 511 0.518516388495274 0.8699646933793309 0.0009963700046097257
3 735 1062 503 0.518516388495274 0.8699646933793309 0.0009963700046097257
3 503 734 735 0.518516388495274 0.8699646933793309 0.0009963700046097257
3 502 734 503 0.518516388495274 0.8699646933793309 0.0009963700046097257
3 294 622 621 0.518516388495274 0.8699646933793309 0.0009963700046097257
3 621 620 44 0.518516388495274 0.8699646933793309 0.0009963700046097257
3 44 294 621 0.518516388495274 0.8699646933793309 0.0009963700046097257
3 345 620 621 0.518516388495274 0.8699646933793309 0.0009963700046097257
3 621 346 345 0.518516388495274 0.8699646933793309 0.0009963700046097257
3 621 622 346 0.518516388495274 0.8699646933793309 0.0009963700046097257
3 512 511 1061 0.518516388495274 0.8699646933793309 0.0009963700046097257
3 1061 511 1060 0.518516388495274 0.8699646933793309 0.0009963700046097257
3 1062 512 1061 0.518516388495274 0.8699646933793309 0.0009963700046097257
3 1061 503 1062 0.518516388495274 0.8699646933793309 0.0009963700046097257
3 1061 1060 502 0.518516388495274 0.8699646933793309 0.0009963700046097257
3 502 503 1061 0.518516388495274 0.8699646933793309 0.0009963700046097257
