OFF
1600 3068 0


29.2192 34.2643 9.734
29.2192 34.2643 9.734
29.2574 34.2729 9.6982
29.2192 34.2643 9.734
29.2192 34.2643 9.734
29.2012 34.2444 9.8752
29.1877 34.2299 9.9835
29.1766 34.2182 10.0745
29.1668 34.2081 10.157
29.1574 34.1987 10.2369
29.148 34.1894 10.3194
29.1378 34.1797 10.4107
29.1261 34.1689 10.5195
29.1112 34.1561 10.6622
29.1112 34.1561 10.6622
29.1862 34.1555 10.7584
29.2616 34.1561 10.8506
29.3375 34.1579 10.9389
29.4139 34.161 11.0235
29.4909 34.1653 11.1044
29.5684 34.1707 11.1818
29.6464 34.1772 11.2557
29.7247 34.1847 11.3263
29.8033 34.1932 11.3938
29.8821 34.2026 11.4582
29.961 34.2128 11.5198
30.04 34.2238 11.5788
30.1189 34.2354 11.6353
30.1977 34.2476 11.6895
30.2764 34.2603 11.7417
30.3551 34.2736 11.7919
30.4337 34.2872 11.8405
30.5122 34.3013 11.8875
30.5909 34.3158 11.9332
30.6697 34.3307 11.9777
30.7488 34.3459 12.0212
30.8283 34.3615 12.0639
30.9084 34.3775 12.1058
30.9891 34.3939 12.1472
31.0706 34.4106 12.1882
31.1533 34.4278 12.2288
31.2372 34.4455 12.2694
31.3226 34.4637 12.3099
31.4097 34.4825 12.3506
31.4988 34.5019 12.3915
31.5903 34.522 12.4329
31.6844 34.5428 12.4749
31.7816 34.5644 12.5176
31.8823 34.587 12.5613
31.9869 34.6106 12.606
32.0959 34.6354 12.6522
32.2101 34.6616 12.6999
32.3301 34.6892 12.7494
32.4544 34.7179 12.7702
32.5456 34.7391 12.7855
32.6246 34.7576 12.7987
32.7035 34.7761 12.8119
32.7946 34.7976 12.8272
32.9188 34.8269 12.8481
32.9188 34.8269 12.8481
32.9188 34.8269 12.8481
32.9127 34.8265 12.691
32.9084 34.8267 12.5602
32.9052 34.8273 12.4473
32.9028 34.8283 12.3468
32.901 34.8295 12.2549
32.8997 34.8309 12.1688
32.8988 34.8326 12.0863
32.8982 34.8344 12.0056
32.8979 34.8366 11.925
32.898 34.8391 11.8427
32.8985 34.842 11.7569
32.8995 34.8455 11.6653
32.9011 34.8498 11.5651
32.9036 34.8552 11.4525
32.9074 34.8623 11.3217
32.9134 34.872 11.1639
32.9134 34.872 11.1639
32.8041 34.8496 11.0687
32.7035 34.8293 10.9812
32.6102 34.8107 10.9002
32.5229 34.7937 10.8247
32.4407 34.7779 10.7536
32.3628 34.7631 10.6864
32.2884 34.7493 10.6224
32.2169 34.7363 10.561
32.1479 34.724 10.5019
32.0809 34.7122 10.4446
32.0155 34.701 10.3888
31.9512 34.6902 10.3341
31.8878 34.6797 10.2803
31.8248 34.6696 10.227
31.7621 34.6598 10.174
31.6992 34.6503 10.121
31.6358 34.641 10.0678
31.5717 34.6318 10.0141
31.5064 34.6228 9.9597
31.4397 34.6139 9.9042
31.3711 34.6052 9.8474
31.3002 34.5966 9.7889
31.2266 34.588 9.7284
31.1497 34.5796 9.6655
31.069 34.5713 9.5997
30.9837 34.5632 9.5305
30.8931 34.5552 9.4574
30.7963 34.5474 9.3797
30.6921 34.5399 9.2965
30.5792 34.5327 9.207
30.4439 34.5018 9.2531
30.3302 34.4766 9.2921
30.2309 34.4551 9.3265
30.1412 34.4361 9.3577
30.0576 34.4188 9.3869
29.9774 34.4026 9.4151
29.8982 34.387 9.4432
29.8179 34.3716 9.4718
29.7342 34.3559 9.5018
29.6442 34.3397 9.5342
29.5447 34.3223 9.5704
29.4308 34.3032 9.6121
29.2955 34.2817 9.6622
32.5043 34.7298 12.6483
32.3949 34.7047 12.5118
32.2949 34.6821 12.3872
32.2029 34.6614 12.273
32.4341 34.7134 12.6389
32.3325 34.6901 12.5054
32.2392 34.669 12.3832
32.1532 34.6498 12.2708
32.0735 34.6322 12.1671
32.6544 34.7651 12.6684
32.5279 34.736 12.5253
32.4129 34.7098 12.3956
32.3078 34.6861 12.2773
32.2113 34.6646 12.1688
32.7586 34.7983 12.0753
32.6295 34.7686 11.9898
32.5108 34.7415 11.9113
32.4012 34.7166 11.8389
32.2996 34.6937 11.7719
32.7596 34.8022 11.9272
32.6323 34.7728 11.8553
32.5149 34.7459 11.7891
32.4062 34.721 11.7278
32.3052 34.6981 11.6709
32.7614 34.8071 11.7787
32.6356 34.7778 11.7199
32.5193 34.7508 11.6655
32.4113 34.7259 11.6152
32.3108 34.7029 11.5683
32.7586 34.795 12.2359
32.6271 34.7649 12.1351
32.5068 34.7375 12.0428
32.396 34.7125 11.958
32.2937 34.6895 11.8798
32.1987 34.6684 11.8073
32.7646 34.8136 11.6164
32.64 34.7842 11.5714
32.5245 34.7571 11.5296
32.4172 34.732 11.4909
32.317 34.7087 11.4547
32.2232 34.687 11.4209
32.759 34.7936 12.3262
32.6261 34.7632 12.2164
32.5047 34.7356 12.1162
32.3932 34.7104 12.0243
32.2904 34.6874 11.9396
32.1951 34.6662 11.8613
32.1065 34.6466 11.7887
32.0896 34.7068 10.5365
32.0337 34.6904 10.5696
31.9799 34.6748 10.6014
31.9282 34.6599 10.6319
31.8784 34.6455 10.6612
31.8303 34.6318 10.6894
31.7839 34.6186 10.7166
31.9673 34.6857 10.429
31.9208 34.6712 10.4677
31.8759 34.6572 10.5049
31.8326 34.6438 10.5408
31.7906 34.6309 10.5754
31.75 34.6185 10.6089
31.7106 34.6065 10.6413
31.8486 34.6661 10.3256
31.8108 34.6531 10.3693
31.774 34.6406 10.4115
31.7384 34.6285 10.4524
31.7038 34.6169 10.4919
31.6702 34.6057 10.5303
31.6375 34.5948 10.5675
31.7313 34.6476 10.2241
31.7014 34.6359 10.2726
31.6724 34.6246 10.3195
31.6441 34.6137 10.3651
31.6165 34.6032 10.4093
31.5895 34.5931 10.4523
31.5632 34.5833 10.4942
29.2673 34.2044 10.278
29.3691 34.2104 10.3164
29.4643 34.2166 10.3525
29.5541 34.223 10.3867
29.6396 34.2296 10.4195
29.7216 34.2366 10.4511
29.8009 34.2438 10.4818
29.8781 34.2514 10.512
31.1575 34.4284 12.164
31.1614 34.4291 12.1012
31.1651 34.4298 12.0402
31.1685 34.4306 11.981
31.1717 34.4315 11.9233
31.1747 34.4325 11.8672
31.1774 34.4336 11.8124
31.1799 34.4347 11.7588
31.3171 34.4622 12.2363
31.3116 34.4609 12.1655
31.3062 34.4597 12.0972
31.3009 34.4587 12.0313
31.2955 34.4579 11.9676
31.2902 34.4571 11.9059
31.2849 34.4565 11.8461
31.2796 34.456 11.788
31.482 34.4979 12.3082
31.4658 34.4942 12.2287
31.4501 34.4908 12.1526
31.4349 34.4877 12.0796
31.4201 34.4848 12.0096
31.4057 34.4821 11.9422
31.3918 34.4796 11.8773
31.3781 34.4774 11.8146
31.6542 34.5358 12.3807
31.6255 34.5293 12.2916
31.598 34.5233 12.207
31.5717 34.5177 12.1265
31.5464 34.5125 12.0498
31.5221 34.5077 11.9765
31.4987 34.5031 11.9063
31.4761 34.4989 11.839
31.8362 34.5764 12.4549
31.7927 34.5666 12.3551
31.7516 34.5576 12.2612
31.7127 34.5491 12.1726
31.6757 34.5413 12.0888
31.6404 34.534 12.0093
31.6067 34.5272 11.9337
31.5745 34.5208 11.8617
32.0307 34.6204 12.5318
31.9699 34.6067 12.42
31.913 34.594 12.3159
31.8596 34.5822 12.2184
31.8093 34.5714 12.127
31.7618 34.5613 12.0409
31.7168 34.5519 11.9597
31.674 34.5432 11.8829
32.2415 34.6687 12.6129
32.1599 34.6501 12.4874
32.0844 34.6331 12.3717
32.0143 34.6175 12.2646
31.9488 34.6032 12.1649
31.8876 34.5899 12.0718
31.83 34.5777 11.9847
31.7758 34.5663 11.9028
32.7598 34.7924 12.4273
32.6251 34.7616 12.3071
32.5025 34.7337 12.1977
32.3901 34.7083 12.0977
32.2867 34.6851 12.0058
32.1911 34.6639 11.921
32.1023 34.6444 11.8424
32.0196 34.6263 11.7692
32.3573 34.7556 10.7742
32.2781 34.7345 10.7936
32.203 34.7146 10.8121
32.1314 34.6957 10.8296
32.0633 34.6778 10.8462
31.9982 34.6608 10.8621
31.9359 34.6446 10.8773
31.8762 34.6291 10.8918
32.2185 34.7299 10.6505
32.1518 34.7114 10.6774
32.0881 34.6938 10.703
32.0271 34.677 10.7274
31.9686 34.6611 10.7509
31.9125 34.6458 10.7733
31.8586 34.6312 10.7948
31.8066 34.6172 10.8155
31.613 34.6299 10.1226
31.5908 34.6193 10.1758
31.569 34.6091 10.2274
31.5478 34.5993 10.2775
31.527 34.5898 10.3263
31.5066 34.5806 10.3738
31.4866 34.5718 10.4202
31.4669 34.5632 10.4655
31.4914 34.6128 10.0194
31.4766 34.6031 10.0772
31.4621 34.5939 10.1335
31.4479 34.5849 10.1883
31.4338 34.5764 10.2416
31.42 34.5681 10.2937
31.4063 34.5601 10.3445
31.3928 34.5524 10.3943
29.278 34.2134 10.2028
29.3809 34.219 10.2454
29.4769 34.2248 10.2854
29.5673 34.2309 10.3234
29.6532 34.2372 10.3596
29.7355 34.2438 10.3945
29.815 34.2507 10.4284
29.8922 34.258 10.4616
29.9678 34.2656 10.4944
30.8482 34.3652 12.0144
30.8675 34.3689 11.9658
30.8864 34.3726 11.9181
30.9048 34.3764 11.8712
30.9227 34.3802 11.8251
30.9402 34.3841 11.7796
30.9574 34.388 11.7346
30.9742 34.392 11.6902
30.9907 34.3961 11.6463
31.0017 34.3961 12.0904
31.0138 34.3984 12.0349
31.0255 34.4008 11.9808
31.0368 34.4032 11.9279
31.0477 34.4057 11.8761
31.0582 34.4082 11.8253
31.0684 34.4108 11.7754
31.0783 34.4134 11.7264
31.0879 34.4161 11.6782
32.7699 34.8229 11.4211
32.6463 34.7932 11.3921
32.5314 34.7657 11.3651
32.4244 34.7402 11.34
32.3244 34.7164 11.3166
32.2307 34.6942 11.2947
32.1426 34.6735 11.274
32.0596 34.6541 11.2546
31.9812 34.6358 11.2363
32.5939 34.8013 10.9867
32.4912 34.7751 10.9919
32.3947 34.7507 10.9967
32.3039 34.7278 11.0012
32.2183 34.7062 11.0054
32.1372 34.686 11.0094
32.0604 34.6668 11.0132
31.9875 34.6488 11.0168
31.9181 34.6316 11.0202
32.4317 34.7697 10.8408
32.3454 34.7471 10.856
32.2638 34.7259 10.8703
32.1864 34.7058 10.8839
32.1129 34.6868 10.8968
32.0428 34.6688 10.9091
31.976 34.6517 10.9207
31.9122 34.6354 10.9318
31.8512 34.6199 10.9424
31.3639 34.596 9.9123
31.3567 34.5871 9.9752
31.3495 34.5787 10.0364
31.3424 34.5706 10.0959
31.3352 34.5628 10.154
31.3281 34.5553 10.2108
31.3209 34.5481 10.2662
31.3137 34.5412 10.3206
31.3065 34.5345 10.3739
30.0493 34.4003 9.5025
30.1166 34.3986 9.5851
30.1802 34.3974 9.6636
30.2404 34.3967 9.7387
30.2978 34.3965 9.811
30.3529 34.3966 9.881
30.406 34.3971 9.949
30.4574 34.398 10.0156
30.5075 34.3992 10.0809
29.8986 34.3705 9.5559
29.9739 34.3699 9.6351
30.0447 34.3699 9.7102
30.1118 34.3703 9.7819
30.1757 34.3711 9.8507
30.2369 34.3723 9.9173
30.2959 34.3739 9.982
30.353 34.3758 10.0453
30.4087 34.3782 10.1075
29.2895 34.2231 10.1254
29.3936 34.2283 10.1726
29.4906 34.2337 10.2168
29.5818 34.2394 10.2587
29.6682 34.2453 10.2986
29.7508 34.2516 10.337
29.8305 34.2581 10.3743
29.9077 34.2651 10.4107
29.9833 34.2724 10.4466
30.0578 34.2801 10.4821
30.696 34.3355 11.935
30.7217 34.3403 11.8929
30.747 34.3452 11.8513
30.7718 34.3502 11.8102
30.7961 34.3552 11.7695
30.8201 34.3602 11.7291
30.8438 34.3654 11.6891
30.8671 34.3705 11.6494
30.8902 34.3758 11.6099
30.913 34.3811 11.5706
32.7611 34.7914 12.5439
32.6243 34.76 12.4113
32.5001 34.7317 12.2911
32.3866 34.7061 12.1815
32.2825 34.6828 12.0811
32.1864 34.6615 11.9886
32.0974 34.6419 11.9031
32.0146 34.6239 11.8238
31.9373 34.6072 11.7499
31.8649 34.5918 11.6808
32.6835 34.8191 11.0677
32.571 34.7908 11.0668
32.4659 34.7645 11.066
32.3674 34.7399 11.0651
32.2748 34.7169 11.0644
32.1876 34.6953 11.0636
32.1052 34.675 11.0629
32.0272 34.6559 11.0622
31.9533 34.6379 11.0616
31.883 34.6208 11.061
31.2276 34.5795 9.7992
31.2284 34.5713 9.8677
31.2289 34.5635 9.9343
31.2292 34.5561 9.9991
31.2292 34.549 10.0623
31.2291 34.5423 10.1239
31.2288 34.5358 10.1843
31.2282 34.5296 10.2434
31.2275 34.5236 10.3014
31.2266 34.5179 10.3584
30.1253 34.4159 9.4762
30.1888 34.4135 9.5607
30.2488 34.4117 9.6411
30.3056 34.4104 9.7181
30.3598 34.4095 9.7923
30.4118 34.4091 9.864
30.4619 34.409 9.9338
30.5104 34.4093 10.0021
30.5575 34.41 10.0691
30.6036 34.411 10.1352
29.2454 34.1863 10.4424
29.3455 34.1931 10.472
29.4394 34.2 10.5
29.5284 34.2071 10.5266
29.6133 34.2144 10.5521
29.695 34.222 10.5768
29.7741 34.2298 10.6008
29.8514 34.2381 10.6244
29.9275 34.2466 10.6478
30.0027 34.2557 10.671
30.0777 34.2652 10.6943
30.4683 34.2933 11.807
30.5024 34.2995 11.7738
30.5362 34.3057 11.7407
30.5696 34.3121 11.7079
30.6026 34.3185 11.6752
30.6355 34.325 11.6426
30.6681 34.3316 11.61
30.7005 34.3383 11.5773
30.7329 34.3452 11.5447
30.7651 34.3522 11.5119
30.7973 34.3593 11.479
30.6201 34.3211 11.8937
30.6488 34.3264 11.8546
30.677 34.3318 11.8159
30.7048 34.3373 11.7776
30.7322 34.3428 11.7396
30.7592 34.3484 11.7019
30.7859 34.354 11.6643
30.8124 34.3598 11.627
30.8386 34.3656 11.5897
30.8646 34.3715 11.5525
30.8905 34.3775 11.5153
32.759 34.8002 12.0005
32.6308 34.7707 11.922
32.5128 34.7436 11.8497
32.4037 34.7188 11.783
32.3024 34.6959 11.7211
32.2081 34.6746 11.6635
32.12 34.6549 11.6098
32.0373 34.6366 11.5595
31.9596 34.6195 11.5123
31.8864 34.6034 11.4679
31.8172 34.5884 11.4259
31.079 34.5632 9.6775
31.0885 34.5555 9.7527
31.0973 34.5482 9.8255
31.1057 34.5413 9.8962
31.1135 34.5349 9.965
31.1209 34.5287 10.0321
31.1279 34.5229 10.0977
31.1345 34.5174 10.1619
31.1407 34.5121 10.2249
31.1466 34.5071 10.2869
31.1522 34.5024 10.348
30.2047 34.4324 9.4492
30.2643 34.4294 9.5359
30.3205 34.4269 9.6184
30.3738 34.4249 9.6975
30.4246 34.4233 9.7736
30.4734 34.4222 9.8473
30.5203 34.4215 9.919
30.5656 34.4212 9.989
30.6097 34.4212 10.0577
30.6527 34.4215 10.1255
30.6948 34.4223 10.1926
29.7354 34.3397 9.6157
29.8201 34.3402 9.6919
29.8994 34.3412 9.7639
29.9742 34.3427 9.8323
30.0452 34.3445 9.8978
30.1131 34.3468 9.9609
30.1785 34.3495 10.0222
30.2417 34.3525 10.082
30.3034 34.3559 10.1408
30.3637 34.3597 10.1988
30.4232 34.3639 10.2565
29.3027 34.2342 10.0403
29.4084 34.2389 10.0928
29.5066 34.2438 10.1419
29.5986 34.2491 10.1882
29.6857 34.2546 10.2323
29.7688 34.2604 10.2747
29.8486 34.2666 10.3157
29.926 34.2732 10.3558
30.0016 34.2801 10.3951
30.0758 34.2874 10.4341
30.1493 34.2953 10.4729
30.2227 34.3036 10.5119
30.2398 34.2545 11.6644
30.2816 34.2616 11.6393
30.323 34.2688 11.6144
30.3641 34.2761 11.5894
30.405 34.2835 11.5644
30.4459 34.2911 11.5394
30.4867 34.2989 11.5142
30.5275 34.3068 11.4889
30.5684 34.3149 11.4634
30.6095 34.3232 11.4376
30.6508 34.3318 11.4116
30.6925 34.3406 11.3852
30.3922 34.28 11.7613
30.429 34.2865 11.7309
30.4653 34.2931 11.7006
30.5014 34.2998 11.6704
30.5372 34.3066 11.6403
30.5727 34.3135 11.6102
30.6081 34.3205 11.5801
30.6435 34.3277 11.5499
30.6787 34.335 11.5196
30.714 34.3425 11.4891
30.7493 34.3501 11.4584
30.7847 34.3579 11.4274
32.7633 34.7908 12.683
32.6237 34.7587 12.535
32.4975 34.7298 12.4015
32.3826 34.7038 12.2802
32.2775 34.6803 12.1694
32.1809 34.6588 12.0678
32.0916 34.6392 11.9741
32.0087 34.6212 11.8873
31.9315 34.6046 11.8067
31.8593 34.5892 11.7314
31.7915 34.575 11.661
31.7277 34.5618 11.5948
32.7628 34.8101 11.7003
32.6376 34.7808 11.6482
32.5218 34.7537 11.6
32.4141 34.7288 11.5552
32.3138 34.7056 11.5135
32.22 34.684 11.4746
32.132 34.6639 11.4381
32.0492 34.6451 11.4039
31.9712 34.6275 11.3716
31.8975 34.611 11.3411
31.8277 34.5954 11.3123
31.7615 34.5807 11.285
32.7802 34.8387 11.1554
32.6567 34.8079 11.1476
32.5419 34.7794 11.1403
32.4348 34.753 11.1335
32.3346 34.7283 11.1271
32.2405 34.7053 11.1211
32.1521 34.6837 11.1155
32.0686 34.6635 11.1101
31.9898 34.6445 11.1051
31.915 34.6265 11.1003
31.8441 34.6096 11.0958
31.7766 34.5935 11.0915
30.9137 34.5472 9.5442
30.9331 34.5397 9.6277
30.9514 34.5328 9.708
30.9688 34.5263 9.7857
30.9854 34.5203 9.8611
31.0012 34.5146 9.9343
31.0163 34.5093 10.0057
31.0307 34.5044 10.0755
31.0445 34.4998 10.144
31.0578 34.4955 10.2112
31.0707 34.4914 10.2775
31.083 34.4876 10.3429
30.2899 34.4505 9.4206
30.3453 34.4467 9.5098
30.3975 34.4434 9.5948
30.4471 34.4406 9.6762
30.4943 34.4383 9.7546
30.5395 34.4365 9.8305
30.5829 34.435 9.9042
30.6249 34.434 9.9761
30.6656 34.4332 10.0467
30.7053 34.4329 10.1162
30.744 34.4329 10.1849
30.7821 34.4332 10.2531
29.2838 34.1632 10.7725
29.3758 34.1711 10.7857
29.4631 34.1791 10.7984
29.5466 34.1872 10.8105
29.6271 34.1955 10.8222
29.7052 34.2041 10.8335
29.7814 34.2129 10.8446
29.8563 34.2221 10.8555
29.9304 34.2317 10.8664
30.0042 34.2416 10.8772
30.0781 34.2521 10.888
30.1526 34.2632 10.8989
30.2282 34.2749 10.9101
29.4205 34.1658 10.9444
29.5 34.1738 10.9496
29.5765 34.1819 10.9546
29.6508 34.1902 10.9594
29.7231 34.1986 10.9641
29.794 34.2074 10.9686
29.8639 34.2164 10.9731
29.9331 34.2257 10.9775
30.0021 34.2355 10.9819
30.0711 34.2456 10.9862
30.1407 34.2562 10.9905
30.2111 34.2674 10.9949
30.2828 34.2792 10.9994
30.0109 34.2203 11.5024
30.0602 34.2279 11.4851
30.1091 34.2357 11.4677
30.1577 34.2436 11.4504
30.2061 34.2517 11.433
30.2545 34.26 11.4156
30.303 34.2685 11.3979
30.3516 34.2773 11.3802
30.4005 34.2863 11.3622
30.4498 34.2957 11.3439
30.4997 34.3053 11.3253
30.5502 34.3153 11.3064
30.6015 34.3256 11.287
30.1635 34.2426 11.6128
30.2077 34.2498 11.5903
30.2516 34.2572 11.5679
30.2952 34.2648 11.5456
30.3387 34.2725 11.5231
30.382 34.2803 11.5006
30.4254 34.2884 11.4779
30.4689 34.2966 11.4551
30.5125 34.3051 11.4321
30.5564 34.3138 11.4087
30.6007 34.3227 11.3851
30.6454 34.332 11.3611
30.6906 34.3415 11.3367
32.5742 34.7462 12.6577
32.4569 34.7193 12.5181
32.35 34.695 12.3912
32.252 34.673 12.275
32.1617 34.6529 12.1682
32.0781 34.6345 12.0697
32.0004 34.6176 11.9783
31.9279 34.602 11.8932
31.86 34.5876 11.8137
31.7962 34.5742 11.7392
31.7361 34.5618 11.6692
31.6792 34.5502 11.6032
31.6253 34.5394 11.5407
30.7257 34.5317 9.3954
30.7572 34.5242 9.4896
30.787 34.5173 9.5796
30.8151 34.511 9.6659
30.8418 34.5052 9.7492
30.8672 34.4999 9.8297
30.8915 34.4951 9.9079
30.9147 34.4907 9.984
30.9371 34.4866 10.0584
30.9587 34.4829 10.1314
30.9795 34.4795 10.2032
30.9998 34.4765 10.2741
31.0194 34.4737 10.3442
30.3843 34.471 9.3895
30.435 34.4662 9.4818
30.4828 34.462 9.5696
30.5281 34.4583 9.6538
30.5713 34.4551 9.7348
30.6125 34.4524 9.8131
30.6521 34.45 9.8891
30.6902 34.4481 9.9632
30.7271 34.4466 10.0358
30.763 34.4454 10.1072
30.798 34.4446 10.1777
30.8323 34.444 10.2476
30.8659 34.4438 10.3171
29.5625 34.1731 11.103
29.632 34.1811 11.1016
29.6997 34.1893 11.1002
29.7661 34.1976 11.0988
29.8313 34.2062 11.0973
29.8958 34.215 11.0957
29.9598 34.224 11.0942
30.0237 34.2334 11.0926
30.0876 34.2432 11.0909
30.1519 34.2534 11.0892
30.2169 34.264 11.0873
30.2829 34.2752 11.0854
30.3501 34.2869 11.0834
30.4191 34.2993 11.0813
29.7091 34.185 11.2485
29.7706 34.193 11.2414
29.831 34.2011 11.2344
29.8906 34.2094 11.2273
29.9497 34.2179 11.2203
30.0085 34.2266 11.2132
30.067 34.2357 11.206
30.1257 34.245 11.1988
30.1847 34.2547 11.1914
30.2442 34.2647 11.1839
30.3044 34.2752 11.1762
30.3656 34.2861 11.1683
30.428 34.2976 11.1602
30.4919 34.3097 11.1518
29.859 34.2009 11.3814
29.9139 34.2088 11.3691
29.9682 34.2167 11.3568
30.022 34.2249 11.3445
30.0756 34.2333 11.3323
30.129 34.2419 11.3199
30.1825 34.2507 11.3074
30.2362 34.2598 11.2948
30.2902 34.2693 11.282
30.3446 34.279 11.269
30.3998 34.2892 11.2557
30.4559 34.2997 11.2422
30.5129 34.3108 11.2282
30.5712 34.3223 11.2139
31.5671 34.5165 12.3443
31.5448 34.5115 12.2601
31.5234 34.5069 12.1799
31.5028 34.5026 12.1032
31.483 34.4985 12.0299
31.4638 34.4948 11.9596
31.4452 34.4913 11.892
31.4271 34.4881 11.827
31.4096 34.4851 11.7644
31.3925 34.4823 11.7039
31.3759 34.4797 11.6454
31.3596 34.4773 11.5888
31.3437 34.4751 11.5338
31.3281 34.473 11.4805
31.9316 34.598 12.4929
31.8799 34.5863 12.3873
31.8312 34.5755 12.2884
31.7853 34.5654 12.1955
31.7419 34.5562 12.108
31.7007 34.5475 12.0252
31.6615 34.5394 11.9469
31.6241 34.5319 11.8724
31.5883 34.5249 11.8016
31.554 34.5183 11.734
31.5211 34.5121 11.6694
31.4894 34.5063 11.6075
31.4589 34.5008 11.5481
31.4294 34.4956 11.491
32.3529 34.6945 12.6279
32.2598 34.6732 12.4979
32.1742 34.6539 12.3784
32.095 34.6362 12.2683
32.0214 34.62 12.1662
31.9527 34.6051 12.0713
31.8885 34.5913 11.9827
31.8281 34.5785 11.8997
31.7713 34.5667 11.8218
31.7175 34.5557 11.7483
31.6665 34.5454 11.6789
31.6181 34.5357 11.6131
31.5719 34.5267 11.5506
31.5278 34.5182 11.4911
32.1531 34.718 10.5925
32.0919 34.7007 10.6226
32.0333 34.6841 10.6514
31.9771 34.6683 10.679
31.9231 34.6532 10.7054
31.8711 34.6387 10.7308
31.821 34.6248 10.7553
31.7727 34.6115 10.7788
31.726 34.5987 10.8015
31.6808 34.5864 10.8234
31.6371 34.5746 10.8445
31.5948 34.5632 10.865
31.5537 34.5523 10.8848
31.5138 34.5417 10.904
31.9076 34.6758 10.3769
31.8655 34.662 10.4181
31.8248 34.6488 10.4579
31.7854 34.636 10.4963
31.7472 34.6238 10.5335
31.7101 34.612 10.5694
31.6741 34.6007 10.6043
31.6391 34.5897 10.6381
31.6049 34.5791 10.6709
31.5717 34.5689 10.7028
31.5392 34.559 10.7338
31.5076 34.5494 10.764
31.4766 34.5401 10.7935
31.4463 34.5311 10.8222
31.6724 34.6387 10.1735
31.6464 34.6275 10.2243
31.621 34.6168 10.2736
31.5963 34.6065 10.3214
31.5721 34.5965 10.3679
31.5484 34.5869 10.4132
31.5252 34.5775 10.4573
31.5025 34.5685 10.5004
31.4802 34.5598 10.5424
31.4583 34.5514 10.5834
31.4368 34.5432 10.6236
31.4156 34.5352 10.6629
31.3947 34.5275 10.7015
31.3741 34.52 10.7393
29.5368 34.3044 9.6915
29.6344 34.3061 9.765
29.725 34.3083 9.8338
29.81 34.3109 9.8988
29.8902 34.3139 9.9606
29.9665 34.3173 10.0199
30.0397 34.3211 10.0773
30.1104 34.3252 10.1331
30.1791 34.3298 10.1878
30.2463 34.3348 10.2418
30.3126 34.3402 10.2954
30.3782 34.3461 10.349
30.4437 34.3525 10.4029
30.5094 34.3594 10.4575
29.3189 34.2481 9.9394
29.4267 34.2521 9.9986
29.5265 34.2564 10.0538
29.6198 34.2611 10.1057
29.7077 34.2661 10.155
29.7914 34.2714 10.2022
29.8716 34.2771 10.2479
29.9491 34.2831 10.2923
30.0246 34.2896 10.3358
30.0986 34.2964 10.3789
30.1717 34.3038 10.4217
30.2444 34.3116 10.4646
30.3173 34.32 10.508
30.3909 34.3291 10.552
30.4657 34.3389 10.5972
31.0792 34.4121 12.1274
31.0874 34.4136 12.0684
31.0952 34.4152 12.0109
31.1026 34.4168 11.9548
31.1098 34.4186 11.9001
31.1166 34.4203 11.8467
31.1231 34.4222 11.7943
31.1294 34.4241 11.7431
31.1354 34.4261 11.6928
31.1411 34.4281 11.6433
31.1467 34.4302 11.5948
31.152 34.4323 11.5469
31.1571 34.4346 11.4998
31.1619 34.4368 11.4533
31.1666 34.4392 11.4073
31.3988 34.4798 12.2723
31.3881 34.4774 12.1972
31.3777 34.4751 12.1251
31.3676 34.4731 12.0557
31.3577 34.4712 11.9889
31.3479 34.4696 11.9244
31.3384 34.468 11.862
31.329 34.4667 11.8016
31.3197 34.4655 11.743
31.3106 34.4644 11.6861
31.3016 34.4634 11.6308
31.2927 34.4626 11.577
31.2838 34.4619 11.5244
31.2751 34.4613 11.4732
31.2664 34.4608 11.423
32.7742 34.8296 11.3008
32.6507 34.7995 11.2814
32.536 34.7716 11.2634
32.4291 34.7457 11.2467
32.329 34.7216 11.231
32.2352 34.6991 11.2163
32.147 34.678 11.2024
32.0638 34.6582 11.1894
31.9852 34.6397 11.1771
31.9108 34.6221 11.1655
31.8401 34.6056 11.1544
31.773 34.59 11.1439
31.709 34.5751 11.1339
31.6479 34.5611 11.1243
31.5896 34.5477 11.1152
31.4285 34.6043 9.9664
31.4175 34.5951 10.0268
31.4067 34.5863 10.0854
31.396 34.5778 10.1426
31.3853 34.5696 10.1983
31.3748 34.5618 10.2526
31.3644 34.5542 10.3058
31.354 34.5469 10.3578
31.3436 34.5398 10.4088
31.3333 34.533 10.4589
31.3231 34.5264 10.5081
31.3128 34.52 10.5564
31.3026 34.5138 10.6041
31.2923 34.5077 10.6511
31.2821 34.5019 10.6975
30.4923 34.495 9.3545
30.5377 34.4889 9.4505
30.5804 34.4835 9.5419
30.6208 34.4787 9.6294
30.6592 34.4744 9.7135
30.6957 34.4706 9.7946
30.7308 34.4673 9.8734
30.7644 34.4643 9.95
30.7969 34.4618 10.025
30.8284 34.4596 10.0985
30.859 34.4578 10.171
30.8888 34.4563 10.2426
30.918 34.4551 10.3138
30.9467 34.4542 10.3846
30.9749 34.4536 10.4555
29.2176 34.1638 10.6815
29.3169 34.1715 10.6995
29.4104 34.1794 10.7166
29.4991 34.1874 10.7328
29.5841 34.1956 10.7484
29.666 34.204 10.7635
29.7456 34.2128 10.7782
29.8235 34.2218 10.7926
29.9002 34.2312 10.8069
29.9763 34.2411 10.8211
30.0523 34.2514 10.8353
30.1288 34.2624 10.8496
30.2061 34.2739 10.8642
30.285 34.2863 10.8791
30.366 34.2995 10.8944
30.4497 34.3137 10.9103
30.9247 34.3805 12.0527
30.9406 34.3835 12.0008
30.9559 34.3866 11.9499
30.9708 34.3897 11.9001
30.9854 34.3929 11.8511
30.9995 34.3961 11.8029
31.0132 34.3994 11.7556
31.0266 34.4027 11.7089
31.0397 34.4061 11.6628
31.0524 34.4095 11.6173
31.0649 34.413 11.5723
31.0771 34.4166 11.5278
31.0891 34.4202 11.4837
31.1008 34.4239 11.4399
31.1123 34.4276 11.3965
31.1236 34.4315 11.3532
32.7604 34.8045 11.8538
32.6338 34.7752 11.7884
32.517 34.7482 11.7281
32.4087 34.7234 11.6722
32.308 34.7004 11.6203
32.2139 34.679 11.5719
32.1259 34.6592 11.5267
32.0432 34.6406 11.4842
31.9654 34.6233 11.4443
31.892 34.607 11.4066
31.8225 34.5917 11.3711
31.7566 34.5773 11.3374
31.6939 34.5637 11.3054
31.6343 34.5509 11.275
31.5774 34.5388 11.2461
31.5231 34.5272 11.2184
31.1551 34.5713 9.7396
31.1601 34.5634 9.8113
31.1647 34.5559 9.8809
31.1689 34.5488 9.9485
31.1728 34.542 10.0144
31.1763 34.5355 10.0787
31.1795 34.5294 10.1416
31.1825 34.5235 10.2032
31.1852 34.518 10.2637
31.1876 34.5126 10.3232
31.1897 34.5075 10.3818
31.1917 34.5026 10.4396
31.1933 34.4979 10.4968
31.1948 34.4935 10.5534
31.196 34.4892 10.6096
31.197 34.485 10.6654
32.2864 34.7423 10.7109
32.2138 34.7226 10.7342
32.1445 34.7039 10.7564
32.0785 34.6862 10.7775
32.0153 34.6693 10.7977
31.9548 34.6531 10.817
31.8968 34.6378 10.8354
31.8411 34.6231 10.8531
31.7875 34.609 10.8701
31.736 34.5956 10.8864
31.6863 34.5827 10.9021
31.6383 34.5703 10.9172
31.5919 34.5584 10.9317
31.5471 34.547 10.9458
31.5037 34.536 10.9594
31.4616 34.5253 10.9726
31.4208 34.5151 10.9853
30.823 34.5393 9.4721
30.8481 34.5319 9.5604
30.8718 34.525 9.6453
30.8943 34.5187 9.7271
30.9157 34.5128 9.8062
30.9361 34.5074 9.8829
30.9556 34.5023 9.9575
30.9744 34.4976 10.0304
30.9923 34.4933 10.1018
31.0097 34.4893 10.1718
31.0264 34.4856 10.2408
31.0426 34.4822 10.3089
31.0583 34.479 10.3764
31.0735 34.4761 10.4433
31.0884 34.4735 10.51
31.103 34.4711 10.5766
31.1172 34.4689 10.6432
29.8197 34.3554 9.5845
29.8995 34.3554 9.6622
29.9743 34.3559 9.7357
30.045 34.3568 9.8057
30.1124 34.3581 9.8729
30.1768 34.3599 9.9378
30.2389 34.362 10.0009
30.299 34.3645 10.0624
30.3575 34.3673 10.123
30.4149 34.3706 10.1828
30.4714 34.3742 10.2422
30.5273 34.3783 10.3015
30.5829 34.3827 10.3611
30.6386 34.3876 10.4213
30.6947 34.393 10.4824
30.7513 34.3989 10.5447
30.809 34.4054 10.6087
29.2328 34.176 10.5457
29.3323 34.1832 10.5702
29.4258 34.1905 10.5934
29.5145 34.198 10.6154
29.5993 34.2057 10.6366
29.681 34.2137 10.6571
29.7602 34.222 10.677
29.8377 34.2305 10.6966
29.914 34.2395 10.716
29.9896 34.2489 10.7353
30.065 34.2588 10.7546
30.1408 34.2693 10.7742
30.2175 34.2804 10.794
30.2956 34.2922 10.8143
30.3758 34.3049 10.8352
30.4587 34.3186 10.857
30.545 34.3334 10.8797
30.6356 34.3495 10.9036
32.1338 34.644 12.5717
32.0631 34.6279 12.4534
31.9973 34.6132 12.3436
31.9358 34.5996 12.2414
31.8782 34.587 12.146
31.824 34.5754 12.0565
31.7729 34.5647 11.9723
31.7246 34.5547 11.893
31.6787 34.5453 11.818
31.635 34.5366 11.7469
31.5933 34.5284 11.6793
31.5534 34.5208 11.6149
31.5153 34.5136 11.5534
31.4786 34.5068 11.4946
31.4433 34.5004 11.4383
31.4092 34.4944 11.3841
31.3763 34.4887 11.3321
31.3444 34.4834 11.2819
31.79 34.6568 10.2747
31.7561 34.6444 10.3208
31.7233 34.6325 10.3654
31.6914 34.6211 10.4087
31.6603 34.61 10.4506
31.63 34.5994 10.4913
31.6005 34.5891 10.5309
31.5717 34.5791 10.5693
31.5435 34.5695 10.6068
31.516 34.5602 10.6434
31.489 34.5511 10.679
31.4625 34.5424 10.7138
31.4366 34.5339 10.7479
31.4111 34.5256 10.7812
31.386 34.5176 10.8138
31.3614 34.5098 10.8457
31.3371 34.5022 10.8771
31.3132 34.4948 10.9078
29.4909 34.1689 11.0254
29.5651 34.1769 11.0271
29.637 34.185 11.0288
29.7071 34.1933 11.0304
29.7758 34.2019 11.0319
29.8434 34.2106 11.0333
29.9103 34.2197 11.0347
29.9768 34.2291 11.036
30.0432 34.2388 11.0373
30.1099 34.249 11.0386
30.1772 34.2597 11.0398
30.2454 34.2709 11.041
30.315 34.2826 11.0422
30.3862 34.2951 11.0434
30.4595 34.3084 11.0445
30.5354 34.3225 11.0457
30.6145 34.3377 11.0468
30.6973 34.354 11.048
30.7845 34.3716 11.0492
29.7837 34.1925 11.3165
29.8418 34.2004 11.3068
29.899 34.2085 11.2971
29.9557 34.2167 11.2874
30.0119 34.2252 11.2777
30.068 34.2338 11.2679
30.124 34.2428 11.2581
30.1801 34.252 11.2481
30.2366 34.2616 11.238
30.2936 34.2715 11.2277
30.3513 34.2819 11.2172
30.41 34.2927 11.2064
30.4698 34.3039 11.1954
30.5309 34.3157 11.184
30.5938 34.3282 11.1721
30.6585 34.3413 11.1598
30.7255 34.3551 11.147
30.795 34.3698 11.1336
30.8676 34.3855 11.1195
30.0871 34.2311 11.5589
30.1339 34.2386 11.539
30.1802 34.2462 11.5191
30.2263 34.2539 11.4993
30.2723 34.2618 11.4794
30.3182 34.2699 11.4594
30.3641 34.2783 11.4392
30.4102 34.2868 11.4189
30.4565 34.2955 11.3983
30.5031 34.3046 11.3775
30.5502 34.3139 11.3564
30.5979 34.3235 11.3349
30.6462 34.3335 11.3129
30.6953 34.3438 11.2905
30.7453 34.3546 11.2675
30.7964 34.3658 11.2439
30.8487 34.3774 11.2196
30.9023 34.3896 11.1946
30.9575 34.4024 11.1686
30.5442 34.3071 11.851
30.5757 34.3128 11.8149
30.6067 34.3187 11.7791
30.6374 34.3246 11.7436
30.6677 34.3306 11.7083
30.6976 34.3366 11.6731
30.7274 34.3428 11.638
30.7569 34.349 11.603
30.7862 34.3554 11.568
30.8153 34.3619 11.533
30.8444 34.3684 11.4979
30.8734 34.3752 11.4627
30.9023 34.382 11.4274
30.9312 34.389 11.3918
30.9602 34.3962 11.356
30.9893 34.4035 11.3199
31.0184 34.411 11.2834
31.0478 34.4187 11.2465
31.0773 34.4266 11.2092
32.7669 34.8178 11.5246
32.6428 34.7882 11.4871
32.5277 34.761 11.4524
32.4206 34.7357 11.4201
32.3205 34.7122 11.3899
32.2268 34.6903 11.3617
32.1387 34.6698 11.3352
32.0559 34.6507 11.3103
31.9776 34.6327 11.2868
31.9036 34.6157 11.2646
31.8334 34.5997 11.2436
31.7668 34.5847 11.2236
31.7033 34.5704 11.2046
31.6428 34.5569 11.1865
31.585 34.544 11.1693
31.5297 34.5318 11.1527
31.4766 34.5202 11.1369
31.4257 34.5091 11.1218
31.3768 34.4985 11.1072
31.297 34.5877 9.8566
31.2938 34.5792 9.9223
31.2904 34.5711 9.9861
31.2869 34.5634 10.0482
31.2833 34.556 10.1088
31.2796 34.5488 10.1679
31.2758 34.542 10.2258
31.2719 34.5355 10.2825
31.2679 34.5292 10.3381
31.2637 34.5231 10.3928
31.2595 34.5172 10.4466
31.2551 34.5116 10.4996
31.2506 34.5062 10.5519
31.246 34.5009 10.6037
31.2412 34.4958 10.6549
31.2364 34.4909 10.7057
31.2314 34.4862 10.756
31.2262 34.4815 10.8061
31.2209 34.4771 10.8559
29.4124 34.2835 9.7408
29.5192 34.2859 9.8131
29.6177 34.2888 9.8803
29.7095 34.292 9.9433
29.7958 34.2957 10.0031
29.8777 34.2997 10.0602
29.9559 34.3042 10.1151
30.0312 34.309 10.1685
30.1043 34.3142 10.2208
30.1758 34.3199 10.2722
30.2461 34.326 10.3232
30.3157 34.3326 10.3743
30.3852 34.3397 10.4256
30.455 34.3474 10.4775
30.5257 34.3558 10.5306
30.5977 34.3649 10.585
30.6716 34.3749 10.6414
30.748 34.3857 10.7001
30.8277 34.3977 10.7618
31.2367 34.4451 12.2003
31.2361 34.4448 12.1335
31.2354 34.4446 12.069
31.2346 34.4446 12.0065
31.2336 34.4446 11.9458
31.2325 34.4448 11.8869
31.2313 34.445 11.8296
31.23 34.4454 11.7738
31.2285 34.4458 11.7193
31.227 34.4463 11.6661
31.2254 34.447 11.6141
31.2236 34.4477 11.5632
31.2218 34.4484 11.5132
31.2199 34.4493 11.4642
31.2178 34.4502 11.4161
31.2157 34.4513 11.3687
31.2135 34.4524 11.3221
31.2112 34.4535 11.2761
31.2087 34.4548 11.2307
31.2062 34.4561 11.1859
32.0278 34.6961 10.4821
31.9767 34.6806 10.5181
31.9275 34.6659 10.5526
31.8801 34.6517 10.5859
31.8343 34.6381 10.6179
31.79 34.6251 10.6488
31.7472 34.6125 10.6787
31.7057 34.6004 10.7075
31.6654 34.5888 10.7355
31.6264 34.5776 10.7625
31.5884 34.5668 10.7887
31.5514 34.5563 10.8142
31.5155 34.5462 10.8389
31.4804 34.5364 10.8629
31.4462 34.5269 10.8863
31.4128 34.5177 10.9091
31.3802 34.5088 10.9313
31.3483 34.5002 10.953
31.317 34.4918 10.9741
31.2864 34.4837 10.9948
30.6208 34.5242 9.3137
30.6597 34.5165 9.4146
30.6962 34.5096 9.5105
30.7306 34.5033 9.6021
30.7631 34.4976 9.69
30.794 34.4924 9.7748
30.8234 34.4877 9.8567
30.8516 34.4835 9.9364
30.8787 34.4797 10.0141
30.9048 34.4763 10.0902
30.93 34.4732 10.1649
30.9545 34.4705 10.2386
30.9783 34.4681 10.3115
31.0015 34.466 10.3839
31.0243 34.4642 10.4561
31.0466 34.4628 10.5282
31.0687 34.4616 10.6006
31.0905 34.4607 10.6734
31.1121 34.46 10.747
31.1336 34.4597 10.8216
29.6425 34.3229 9.6507
29.733 34.324 9.7256
29.8174 34.3255 9.796
29.8968 34.3275 9.8627
29.9721 34.33 9.9264
30.0439 34.3328 9.9877
30.1129 34.336 10.0471
30.1796 34.3396 10.1051
30.2446 34.3435 10.1619
30.3082 34.3479 10.2181
30.3708 34.3527 10.2738
30.4329 34.3579 10.3296
30.4948 34.3636 10.3857
30.5569 34.3698 10.4424
30.6196 34.3766 10.5001
30.6832 34.384 10.5593
30.7483 34.392 10.6202
30.8151 34.4008 10.6833
30.8843 34.4105 10.7492
30.9565 34.4211 10.8185
29.2567 34.1956 10.356
29.3575 34.2019 10.3901
29.452 34.2085 10.4223
29.5414 34.2152 10.4528
29.6265 34.2222 10.4821
29.7083 34.2294 10.5104
29.7875 34.237 10.5379
29.8648 34.2449 10.5649
29.9406 34.2531 10.5916
30.0156 34.2618 10.6181
30.0903 34.271 10.6447
30.1652 34.2807 10.6715
30.2409 34.2911 10.6987
30.3178 34.3022 10.7265
30.3966 34.314 10.7552
30.4779 34.3269 10.7849
30.5625 34.3408 10.816
30.6511 34.3559 10.8488
30.7447 34.3726 10.8836
30.8446 34.391 10.9209
30.9522 34.4115 10.9613
29.6353 34.1785 11.1774
29.7006 34.1865 11.1731
29.7645 34.1947 11.1688
29.8273 34.203 11.1644
29.8894 34.2115 11.1601
29.9509 34.2203 11.1558
30.0122 34.2294 11.1514
30.0734 34.2388 11.1469
30.1349 34.2485 11.1423
30.1968 34.2586 11.1377
30.2594 34.2692 11.1329
30.323 34.2803 11.1279
30.3879 34.2919 11.1228
30.4544 34.3042 11.1175
30.5228 34.3171 11.112
30.5935 34.3309 11.1062
30.667 34.3455 11.1002
30.7436 34.3611 11.0937
30.824 34.3779 11.0869
30.9089 34.3961 11.0796
30.9989 34.4157 11.0718
30.3161 34.267 11.7138
30.3553 34.2738 11.6861
30.3942 34.2808 11.6585
30.4329 34.2878 11.631
30.4713 34.2949 11.6034
30.5095 34.3022 11.5759
30.5476 34.3096 11.5482
30.5857 34.3171 11.5205
30.6239 34.3249 11.4925
30.6621 34.3328 11.4644
30.7004 34.3409 11.436
30.739 34.3492 11.4072
30.7779 34.3578 11.3782
30.8171 34.3666 11.3487
30.8567 34.3756 11.3187
30.8967 34.385 11.2882
30.9374 34.3946 11.2571
30.9787 34.4046 11.2254
31.0207 34.415 11.1929
31.0636 34.4257 11.1597
31.1074 34.4368 11.1255
31.7438 34.5557 12.4175
31.708 34.5477 12.3232
31.674 34.5402 12.2341
31.6416 34.5332 12.1496
31.6106 34.5268 12.0694
31.581 34.5207 11.9931
31.5526 34.5151 11.9202
31.5252 34.5098 11.8506
31.4989 34.5049 11.7838
31.4734 34.5002 11.7198
31.4488 34.4959 11.6582
31.425 34.4918 11.5989
31.4019 34.488 11.5417
31.3794 34.4844 11.4863
31.3575 34.481 11.4328
31.3361 34.4779 11.3809
31.3152 34.4749 11.3305
31.2948 34.4721 11.2815
31.2747 34.4695 11.2338
31.2551 34.467 11.1873
31.2358 34.4647 11.1419
32.5103 34.7849 10.9114
32.4162 34.7606 10.9218
32.3276 34.7379 10.9317
32.2438 34.7164 10.941
32.1644 34.6962 10.9497
32.0891 34.6771 10.958
32.0175 34.6591 10.9659
31.9493 34.6419 10.9734
31.8842 34.6257 10.9805
31.8219 34.6102 10.9873
31.7624 34.5955 10.9938
31.7053 34.5814 11.0
31.6505 34.568 11.0059
31.5978 34.5552 11.0116
31.5471 34.5429 11.0171
31.4982 34.5311 11.0223
31.451 34.5198 11.0274
31.4054 34.509 11.0322
31.3613 34.4985 11.0369
31.3186 34.4885 11.0415
31.2773 34.4788 11.0458
30.9988 34.5551 9.6126
31.013 34.5476 9.6916
31.0264 34.5405 9.768
31.0391 34.5339 9.842
31.0512 34.5276 9.914
31.0627 34.5217 9.984
31.0736 34.5162 10.0524
31.084 34.511 10.1194
31.0939 34.506 10.185
31.1034 34.5014 10.2496
31.1125 34.497 10.3132
31.1212 34.4929 10.3761
31.1296 34.4889 10.4383
31.1377 34.4852 10.5
31.1454 34.4818 10.5613
31.1528 34.4785 10.6224
31.16 34.4754 10.6834
31.1669 34.4725 10.7444
31.1736 34.4697 10.8055
31.18 34.4672 10.8669
31.1863 34.4648 10.9288
29.3514 34.1639 10.8601
29.4368 34.1718 10.8691
29.5185 34.1799 10.8778
29.5972 34.1881 10.8861
29.6735 34.1965 10.8941
29.7479 34.2052 10.902
29.8208 34.2141 10.9097
29.8929 34.2234 10.9172
29.9644 34.2331 10.9248
30.0359 34.2431 10.9323
30.1076 34.2537 10.9398
30.1801 34.2648 10.9475
30.2538 34.2766 10.9552
30.3291 34.2891 10.9631
30.4066 34.3024 10.9713
30.4869 34.3167 10.9797
30.5706 34.3321 10.9885
30.6584 34.3488 10.9977
30.7513 34.3669 11.0074
30.8502 34.3868 11.0178
30.9566 34.4087 11.0289
31.0719 34.4331 11.041
29.9348 34.2102 11.4433
29.9868 34.218 11.4285
30.0383 34.2258 11.4137
30.0895 34.2339 11.3989
30.1405 34.2422 11.384
30.1914 34.2506 11.3691
30.2423 34.2593 11.354
30.2935 34.2683 11.3388
30.3449 34.2775 11.3234
30.3969 34.2871 11.3077
30.4494 34.297 11.2918
30.5027 34.3073 11.2755
30.557 34.318 11.2588
30.6123 34.3292 11.2416
30.669 34.3409 11.224
30.7271 34.3531 11.2057
30.7869 34.366 11.1868
30.8487 34.3795 11.1672
30.9128 34.3938 11.1467
30.9794 34.409 11.1253
31.0488 34.425 11.1029
31.1216 34.4422 11.0792
30.772 34.3502 11.9752
30.7946 34.3545 11.9299
30.8168 34.3588 11.8853
30.8384 34.3632 11.8413
30.8596 34.3677 11.7979
30.8805 34.3721 11.755
30.9009 34.3767 11.7125
30.921 34.3813 11.6705
30.9409 34.386 11.6287
30.9604 34.3907 11.5873
30.9796 34.3955 11.5461
30.9986 34.4004 11.5051
31.0174 34.4053 11.4643
31.036 34.4104 11.4236
31.0545 34.4155 11.3829
31.0728 34.4207 11.3422
31.0909 34.4261 11.3015
31.1089 34.4315 11.2607
31.1269 34.437 11.2199
31.1447 34.4427 11.1788
31.1626 34.4485 11.1375
31.1803 34.4544 11.096
32.7585 34.7966 12.1531
32.6283 34.7667 12.0602
32.5088 34.7395 11.9751
32.3987 34.7146 11.8968
32.2967 34.6916 11.8244
32.202 34.6705 11.7572
32.1137 34.6509 11.6946
32.0311 34.6327 11.6362
31.9535 34.6157 11.5814
31.8805 34.5999 11.53
31.8117 34.5851 11.4815
31.7465 34.5712 11.4357
31.6847 34.5582 11.3923
31.6259 34.5459 11.3512
31.57 34.5343 11.312
31.5166 34.5233 11.2748
31.4655 34.5129 11.2392
31.4165 34.5031 11.2051
31.3695 34.4937 11.1725
31.3243 34.4848 11.1412
31.2807 34.4763 11.1111
31.2387 34.4682 11.0821
31.5528 34.6213 10.0713
31.5343 34.6112 10.1268
31.5161 34.6015 10.1807
31.4984 34.5921 10.2332
31.481 34.5831 10.2842
31.4638 34.5744 10.334
31.447 34.566 10.3826
31.4304 34.5578 10.4301
31.414 34.55 10.4766
31.3978 34.5423 10.5222
31.3818 34.535 10.5668
31.366 34.5278 10.6107
31.3503 34.5208 10.6538
31.3348 34.5141 10.6962
31.3193 34.5075 10.7379
31.304 34.5011 10.7791
31.2887 34.4949 10.8196
31.2735 34.4888 10.8597
31.2584 34.4829 10.8994
31.2433 34.4771 10.9386
31.2282 34.4714 10.9774
31.2132 34.4659 11.016
29.9744 34.3853 9.5288
30.0456 34.3842 9.6096
30.1127 34.3836 9.6864
30.1763 34.3835 9.7598
30.237 34.3837 9.8303
30.2951 34.3844 9.8986
30.3511 34.3855 9.9649
30.4054 34.3869 10.0298
30.4583 34.3887 10.0936
30.51 34.3909 10.1566
30.5609 34.3934 10.2192
30.6111 34.3963 10.2815
30.6611 34.3996 10.3441
30.7109 34.4033 10.4071
30.7608 34.4074 10.4708
30.8111 34.412 10.5357
30.862 34.417 10.602
30.9139 34.4226 10.6701
30.9669 34.4287 10.7404
31.0215 34.4355 10.8134
31.0779 34.443 10.8896
31.1366 34.4513 10.9696
29.3409 34.2669 9.8088
29.4518 34.27 9.8774
29.5539 34.2734 9.9409
29.6489 34.2773 10.0005
29.7381 34.2815 10.0569
29.8225 34.2861 10.1107
29.9032 34.2911 10.1625
29.9809 34.2965 10.2127
30.0563 34.3023 10.2618
30.13 34.3085 10.3102
30.2025 34.3151 10.3583
30.2745 34.3223 10.4063
30.3463 34.33 10.4547
30.4186 34.3384 10.5037
30.4919 34.3474 10.5538
30.5667 34.3572 10.6053
30.6436 34.3679 10.6587
30.7234 34.3797 10.7145
30.8068 34.3925 10.7733
30.8947 34.4068 10.8357
30.9883 34.4227 10.9026
31.0889 34.4404 10.975
31.1981 34.4605 11.0542
31.1981 34.4605 11.0542
3 35 392 34 0.33999762375046727 0.3834841439607771 0.047939354576365
3 169 87 1258 0.33999762375046727 0.3834841439607771 0.047939354576365
3 615 15 16 0.33999762375046727 0.3834841439607771 0.047939354576365
3 1052 937 1053 0.33999762375046727 0.3834841439607771 0.047939354576365
3 61 57 58 0.33999762375046727 0.3834841439607771 0.047939354576365
3 1200 99 422 0.33999762375046727 0.3834841439607771 0.047939354576365
3 984 985 422 0.33999762375046727 0.3834841439607771 0.047939354576365
3 486 984 101 0.33999762375046727 0.3834841439607771 0.047939354576365
3 1423 103 591 0.33999762375046727 0.3834841439607771 0.047939354576365
3 614 1567 705 0.33999762375046727 0.3834841439607771 0.047939354576365
3 87 169 86 0.33999762375046727 0.3834841439607771 0.047939354576365
3 86 169 790 0.33999762375046727 0.3834841439607771 0.047939354576365
3 13 15 936 0.33999762375046727 0.3834841439607771 0.047939354576365
3 937 1052 936 0.33999762375046727 0.3834841439607771 0.047939354576365
3 936 615 937 0.33999762375046727 0.3834841439607771 0.047939354576365
3 15 615 936 0.33999762375046727 0.3834841439607771 0.047939354576365
3 197 9 10 0.33999762375046727 0.3834841439607771 0.047939354576365
3 1219 119 120 0.33999762375046727 0.3834841439607771 0.047939354576365
3 442 11 12 0.33999762375046727 0.3834841439607771 0.047939354576365
3 848 521 849 0.33999762375046727 0.3834841439607771 0.047939354576365
3 1301 836 1302 0.33999762375046727 0.3834841439607771 0.047939354576365
3 1303 1302 837 0.33999762375046727 0.3834841439607771 0.047939354576365
3 837 1302 836 0.33999762375046727 0.3834841439607771 0.047939354576365
3 1580 850 1581 0.33999762375046727 0.3834841439607771 0.047939354576365
3 849 850 1580 0.33999762375046727 0.3834841439607771 0.047939354576365
3 130 55 56 0.33999762375046727 0.3834841439607771 0.047939354576365
3 57 61 555 0.33999762375046727 0.3834841439607771 0.047939354576365
3 130 56 555 0.33999762375046727 0.3834841439607771 0.047939354576365
3 555 56 57 0.33999762375046727 0.3834841439607771 0.047939354576365
3 555 61 62 0.33999762375046727 0.3834841439607771 0.047939354576365
3 790 169 791 0.33999762375046727 0.3834841439607771 0.047939354576365
3 985 984 487 0.33999762375046727 0.3834841439607771 0.047939354576365
3 487 984 486 0.33999762375046727 0.3834841439607771 0.047939354576365
3 591 103 104 0.33999762375046727 0.3834841439607771 0.047939354576365
3 100 984 422 0.33999762375046727 0.3834841439607771 0.047939354576365
3 100 101 984 0.33999762375046727 0.3834841439607771 0.047939354576365
3 422 99 100 0.33999762375046727 0.3834841439607771 0.047939354576365
3 592 1423 591 0.33999762375046727 0.3834841439607771 0.047939354576365
3 103 1423 102 0.33999762375046727 0.3834841439607771 0.047939354576365
3 486 101 102 0.33999762375046727 0.3834841439607771 0.047939354576365
3 102 1423 486 0.33999762375046727 0.3834841439607771 0.047939354576365
3 108 921 107 0.33999762375046727 0.3834841439607771 0.047939354576365
3 693 108 109 0.33999762375046727 0.3834841439607771 0.047939354576365
3 921 108 693 0.33999762375046727 0.3834841439607771 0.047939354576365
3 114 1554 113 0.33999762375046727 0.3834841439607771 0.047939354576365
3 497 111 432 0.33999762375046727 0.3834841439607771 0.047939354576365
3 1303 1304 513 0.33999762375046727 0.3834841439607771 0.047939354576365
3 704 614 705 0.33999762375046727 0.3834841439607771 0.047939354576365
3 1567 614 1566 0.33999762375046727 0.3834841439607771 0.047939354576365
3 1566 1047 1567 0.33999762375046727 0.3834841439607771 0.047939354576365
3 1046 1047 1566 0.33999762375046727 0.3834841439607771 0.047939354576365
3 70 71 145 0.33999762375046727 0.3834841439607771 0.047939354576365
3 1488 392 35 0.33999762375046727 0.3834841439607771 0.047939354576365
3 1485 1358 1484 0.33999762375046727 0.3834841439607771 0.047939354576365
3 1359 1358 1485 0.33999762375046727 0.3834841439607771 0.047939354576365
3 85 86 790 0.33999762375046727 0.3834841439607771 0.047939354576365
3 790 277 85 0.33999762375046727 0.3834841439607771 0.047939354576365
3 85 277 84 0.33999762375046727 0.3834841439607771 0.047939354576365
3 347 1404 1403 0.33999762375046727 0.3834841439607771 0.047939354576365
3 270 348 347 0.33999762375046727 0.3834841439607771 0.047939354576365
3 348 1404 347 0.33999762375046727 0.3834841439607771 0.047939354576365
3 1405 1404 348 0.33999762375046727 0.3834841439607771 0.047939354576365
3 341 340 1405 0.33999762375046727 0.3834841439607771 0.047939354576365
3 1405 340 1404 0.33999762375046727 0.3834841439607771 0.047939354576365
3 301 382 8 0.33999762375046727 0.3834841439607771 0.047939354576365
3 8 9 301 0.33999762375046727 0.3834841439607771 0.047939354576365
3 301 9 197 0.33999762375046727 0.3834841439607771 0.047939354576365
3 8 382 7 0.33999762375046727 0.3834841439607771 0.047939354576365
3 1321 200 1320 0.33999762375046727 0.3834841439607771 0.047939354576365
3 1320 200 199 0.33999762375046727 0.3834841439607771 0.047939354576365
3 1318 198 197 0.33999762375046727 0.3834841439607771 0.047939354576365
3 197 10 1318 0.33999762375046727 0.3834841439607771 0.047939354576365
3 1318 11 442 0.33999762375046727 0.3834841439607771 0.047939354576365
3 1318 10 11 0.33999762375046727 0.3834841439607771 0.047939354576365
3 1319 443 1320 0.33999762375046727 0.3834841439607771 0.047939354576365
3 1320 199 1319 0.33999762375046727 0.3834841439607771 0.047939354576365
3 1319 199 198 0.33999762375046727 0.3834841439607771 0.047939354576365
3 198 1318 1319 0.33999762375046727 0.3834841439607771 0.047939354576365
3 442 443 1319 0.33999762375046727 0.3834841439607771 0.047939354576365
3 1319 1318 442 0.33999762375046727 0.3834841439607771 0.047939354576365
3 374 1554 373 0.33999762375046727 0.3834841439607771 0.047939354576365
3 373 1554 114 0.33999762375046727 0.3834841439607771 0.047939354576365
3 114 115 373 0.33999762375046727 0.3834841439607771 0.047939354576365
3 1577 846 847 0.33999762375046727 0.3834841439607771 0.047939354576365
3 1298 117 118 0.33999762375046727 0.3834841439607771 0.047939354576365
3 1051 936 1052 0.33999762375046727 0.3834841439607771 0.047939354576365
3 442 12 1051 0.33999762375046727 0.3834841439607771 0.047939354576365
3 13 936 1051 0.33999762375046727 0.3834841439607771 0.047939354576365
3 1051 12 13 0.33999762375046727 0.3834841439607771 0.047939354576365
3 1051 443 442 0.33999762375046727 0.3834841439607771 0.047939354576365
3 1052 443 1051 0.33999762375046727 0.3834841439607771 0.047939354576365
3 849 521 522 0.33999762375046727 0.3834841439607771 0.047939354576365
3 522 850 849 0.33999762375046727 0.3834841439607771 0.047939354576365
3 520 848 847 0.33999762375046727 0.3834841439607771 0.047939354576365
3 521 848 520 0.33999762375046727 0.3834841439607771 0.047939354576365
3 1301 1302 511 0.33999762375046727 0.3834841439607771 0.047939354576365
3 1037 1036 511 0.33999762375046727 0.3834841439607771 0.047939354576365
3 1224 837 836 0.33999762375046727 0.3834841439607771 0.047939354576365
3 1223 1222 1580 0.33999762375046727 0.3834841439607771 0.047939354576365
3 1223 1224 836 0.33999762375046727 0.3834841439607771 0.047939354576365
3 1223 1580 1581 0.33999762375046727 0.3834841439607771 0.047939354576365
3 1581 1224 1223 0.33999762375046727 0.3834841439607771 0.047939354576365
3 834 833 1221 0.33999762375046727 0.3834841439607771 0.047939354576365
3 1221 1222 834 0.33999762375046727 0.3834841439607771 0.047939354576365
3 1579 848 849 0.33999762375046727 0.3834841439607771 0.047939354576365
3 849 1580 1579 0.33999762375046727 0.3834841439607771 0.047939354576365
3 1580 1222 1579 0.33999762375046727 0.3834841439607771 0.047939354576365
3 1579 1222 1221 0.33999762375046727 0.3834841439607771 0.047939354576365
3 53 54 121 0.33999762375046727 0.3834841439607771 0.047939354576365
3 420 344 345 0.33999762375046727 0.3834841439607771 0.047939354576365
3 424 425 1202 0.33999762375046727 0.3834841439607771 0.047939354576365
3 1202 1201 424 0.33999762375046727 0.3834841439607771 0.047939354576365
3 278 277 790 0.33999762375046727 0.3834841439607771 0.047939354576365
3 790 791 278 0.33999762375046727 0.3834841439607771 0.047939354576365
3 1002 1001 278 0.33999762375046727 0.3834841439607771 0.047939354576365
3 278 1001 277 0.33999762375046727 0.3834841439607771 0.047939354576365
3 1003 280 1004 0.33999762375046727 0.3834841439607771 0.047939354576365
3 1003 272 1002 0.33999762375046727 0.3834841439607771 0.047939354576365
3 793 280 792 0.33999762375046727 0.3834841439607771 0.047939354576365
3 792 171 793 0.33999762375046727 0.3834841439607771 0.047939354576365
3 1218 1549 1217 0.33999762375046727 0.3834841439607771 0.047939354576365
3 1574 1442 1297 0.33999762375046727 0.3834841439607771 0.047939354576365
3 1443 1442 1574 0.33999762375046727 0.3834841439607771 0.047939354576365
3 1443 1218 1442 0.33999762375046727 0.3834841439607771 0.047939354576365
3 932 704 705 0.33999762375046727 0.3834841439607771 0.047939354576365
3 692 1290 1291 0.33999762375046727 0.3834841439607771 0.047939354576365
3 705 1567 1568 0.33999762375046727 0.3834841439607771 0.047939354576365
3 493 991 990 0.33999762375046727 0.3834841439607771 0.047939354576365
3 1424 487 486 0.33999762375046727 0.3834841439607771 0.047939354576365
3 486 1423 1424 0.33999762375046727 0.3834841439607771 0.047939354576365
3 1423 592 1424 0.33999762375046727 0.3834841439607771 0.047939354576365
3 1017 104 105 0.33999762375046727 0.3834841439607771 0.047939354576365
3 680 1279 1280 0.33999762375046727 0.3834841439607771 0.047939354576365
3 107 921 1278 0.33999762375046727 0.3834841439607771 0.047939354576365
3 921 922 1278 0.33999762375046727 0.3834841439607771 0.047939354576365
3 1278 922 1279 0.33999762375046727 0.3834841439607771 0.047939354576365
3 364 113 1554 0.33999762375046727 0.3834841439607771 0.047939354576365
3 432 111 112 0.33999762375046727 0.3834841439607771 0.047939354576365
3 112 364 432 0.33999762375046727 0.3834841439607771 0.047939354576365
3 113 364 112 0.33999762375046727 0.3834841439607771 0.047939354576365
3 111 497 110 0.33999762375046727 0.3834841439607771 0.047939354576365
3 506 612 611 0.33999762375046727 0.3834841439607771 0.047939354576365
3 514 513 1304 0.33999762375046727 0.3834841439607771 0.047939354576365
3 1037 511 512 0.33999762375046727 0.3834841439607771 0.047939354576365
3 512 511 1302 0.33999762375046727 0.3834841439607771 0.047939354576365
3 512 1302 1303 0.33999762375046727 0.3834841439607771 0.047939354576365
3 1303 513 512 0.33999762375046727 0.3834841439607771 0.047939354576365
3 1464 1358 1359 0.33999762375046727 0.3834841439607771 0.047939354576365
3 1459 1119 1120 0.33999762375046727 0.3834841439607771 0.047939354576365
3 1458 1459 951 0.33999762375046727 0.3834841439607771 0.047939354576365
3 1119 1459 1458 0.33999762375046727 0.3834841439607771 0.047939354576365
3 1120 1119 1353 0.33999762375046727 0.3834841439607771 0.047939354576365
3 746 1478 747 0.33999762375046727 0.3834841439607771 0.047939354576365
3 1328 452 1329 0.33999762375046727 0.3834841439607771 0.047939354576365
3 1046 1566 1565 0.33999762375046727 0.3834841439607771 0.047939354576365
3 23 24 734 0.33999762375046727 0.3834841439607771 0.047939354576365
3 734 24 735 0.33999762375046727 0.3834841439607771 0.047939354576365
3 735 24 1466 0.33999762375046727 0.3834841439607771 0.047939354576365
3 1466 736 735 0.33999762375046727 0.3834841439607771 0.047939354576365
3 1467 736 1466 0.33999762375046727 0.3834841439607771 0.047939354576365
3 1466 24 25 0.33999762375046727 0.3834841439607771 0.047939354576365
3 25 1467 1466 0.33999762375046727 0.3834841439607771 0.047939354576365
3 861 38 39 0.33999762375046727 0.3834841439607771 0.047939354576365
3 902 901 589 0.33999762375046727 0.3834841439607771 0.047939354576365
3 578 577 1191 0.33999762375046727 0.3834841439607771 0.047939354576365
3 1191 577 1190 0.33999762375046727 0.3834841439607771 0.047939354576365
3 1075 251 767 0.33999762375046727 0.3834841439607771 0.047939354576365
3 980 1193 981 0.33999762375046727 0.3834841439607771 0.047939354576365
3 578 1193 980 0.33999762375046727 0.3834841439607771 0.047939354576365
3 311 954 312 0.33999762375046727 0.3834841439607771 0.047939354576365
3 312 954 955 0.33999762375046727 0.3834841439607771 0.047939354576365
3 952 36 37 0.33999762375046727 0.3834841439607771 0.047939354576365
3 1465 1464 1359 0.33999762375046727 0.3834841439607771 0.047939354576365
3 1597 1338 1465 0.33999762375046727 0.3834841439607771 0.047939354576365
3 1338 1464 1465 0.33999762375046727 0.3834841439607771 0.047939354576365
3 339 338 1403 0.33999762375046727 0.3834841439607771 0.047939354576365
3 1403 1404 339 0.33999762375046727 0.3834841439607771 0.047939354576365
3 339 340 415 0.33999762375046727 0.3834841439607771 0.047939354576365
3 1404 340 339 0.33999762375046727 0.3834841439607771 0.047939354576365
3 413 338 414 0.33999762375046727 0.3834841439607771 0.047939354576365
3 414 339 415 0.33999762375046727 0.3834841439607771 0.047939354576365
3 338 339 414 0.33999762375046727 0.3834841439607771 0.047939354576365
3 337 338 413 0.33999762375046727 0.3834841439607771 0.047939354576365
3 79 80 337 0.33999762375046727 0.3834841439607771 0.047939354576365
3 76 78 579 0.33999762375046727 0.3834841439607771 0.047939354576365
3 346 347 1403 0.33999762375046727 0.3834841439607771 0.047939354576365
3 346 81 82 0.33999762375046727 0.3834841439607771 0.047939354576365
3 82 83 269 0.33999762375046727 0.3834841439607771 0.047939354576365
3 269 346 82 0.33999762375046727 0.3834841439607771 0.047939354576365
3 347 346 269 0.33999762375046727 0.3834841439607771 0.047939354576365
3 270 347 269 0.33999762375046727 0.3834841439607771 0.047939354576365
3 1403 338 1402 0.33999762375046727 0.3834841439607771 0.047939354576365
3 1402 346 1403 0.33999762375046727 0.3834841439607771 0.047939354576365
3 81 346 1402 0.33999762375046727 0.3834841439607771 0.047939354576365
3 80 81 1402 0.33999762375046727 0.3834841439607771 0.047939354576365
3 1402 337 80 0.33999762375046727 0.3834841439607771 0.047939354576365
3 338 337 1402 0.33999762375046727 0.3834841439607771 0.047939354576365
3 341 417 416 0.33999762375046727 0.3834841439607771 0.047939354576365
3 416 340 341 0.33999762375046727 0.3834841439607771 0.047939354576365
3 415 340 416 0.33999762375046727 0.3834841439607771 0.047939354576365
3 341 1405 1406 0.33999762375046727 0.3834841439607771 0.047939354576365
3 197 198 302 0.33999762375046727 0.3834841439607771 0.047939354576365
3 302 301 197 0.33999762375046727 0.3834841439607771 0.047939354576365
3 519 7 382 0.33999762375046727 0.3834841439607771 0.047939354576365
3 382 520 519 0.33999762375046727 0.3834841439607771 0.047939354576365
3 847 846 519 0.33999762375046727 0.3834841439607771 0.047939354576365
3 519 520 847 0.33999762375046727 0.3834841439607771 0.047939354576365
3 1576 1577 1219 0.33999762375046727 0.3834841439607771 0.047939354576365
3 846 1577 1576 0.33999762375046727 0.3834841439607771 0.047939354576365
3 1576 2 0 0.33999762375046727 0.3834841439607771 0.047939354576365
3 5 846 1576 0.33999762375046727 0.3834841439607771 0.047939354576365
3 1576 0 5 0.33999762375046727 0.3834841439607771 0.047939354576365
3 1576 1219 120 0.33999762375046727 0.3834841439607771 0.047939354576365
3 120 2 1576 0.33999762375046727 0.3834841439607771 0.047939354576365
3 444 1321 1320 0.33999762375046727 0.3834841439607771 0.047939354576365
3 1320 443 444 0.33999762375046727 0.3834841439607771 0.047939354576365
3 444 1052 1053 0.33999762375046727 0.3834841439607771 0.047939354576365
3 444 443 1052 0.33999762375046727 0.3834841439607771 0.047939354576365
3 304 199 200 0.33999762375046727 0.3834841439607771 0.047939354576365
3 304 200 305 0.33999762375046727 0.3834841439607771 0.047939354576365
3 1578 1579 1221 0.33999762375046727 0.3834841439607771 0.047939354576365
3 848 1579 1578 0.33999762375046727 0.3834841439607771 0.047939354576365
3 847 848 1578 0.33999762375046727 0.3834841439607771 0.047939354576365
3 1578 1577 847 0.33999762375046727 0.3834841439607771 0.047939354576365
3 1221 833 1220 0.33999762375046727 0.3834841439607771 0.047939354576365
3 1220 1578 1221 0.33999762375046727 0.3834841439607771 0.047939354576365
3 1577 1578 1220 0.33999762375046727 0.3834841439607771 0.047939354576365
3 1219 1577 1220 0.33999762375046727 0.3834841439607771 0.047939354576365
3 385 304 386 0.33999762375046727 0.3834841439607771 0.047939354576365
3 386 304 305 0.33999762375046727 0.3834841439607771 0.047939354576365
3 1581 850 851 0.33999762375046727 0.3834841439607771 0.047939354576365
3 851 524 852 0.33999762375046727 0.3834841439607771 0.047939354576365
3 433 497 432 0.33999762375046727 0.3834841439607771 0.047939354576365
3 1555 1554 374 0.33999762375046727 0.3834841439607771 0.047939354576365
3 1555 364 1554 0.33999762375046727 0.3834841439607771 0.047939354576365
3 375 1036 1037 0.33999762375046727 0.3834841439607771 0.047939354576365
3 1556 1555 375 0.33999762375046727 0.3834841439607771 0.047939354576365
3 374 1036 375 0.33999762375046727 0.3834841439607771 0.047939354576365
3 375 1555 374 0.33999762375046727 0.3834841439607771 0.047939354576365
3 367 434 366 0.33999762375046727 0.3834841439607771 0.047939354576365
3 434 433 366 0.33999762375046727 0.3834841439607771 0.047939354576365
3 837 1224 1225 0.33999762375046727 0.3834841439607771 0.047939354576365
3 1227 1585 1228 0.33999762375046727 0.3834841439607771 0.047939354576365
3 1584 1585 1227 0.33999762375046727 0.3834841439607771 0.047939354576365
3 1299 1298 833 0.33999762375046727 0.3834841439607771 0.047939354576365
3 833 834 1299 0.33999762375046727 0.3834841439607771 0.047939354576365
3 1222 1223 835 0.33999762375046727 0.3834841439607771 0.047939354576365
3 835 834 1222 0.33999762375046727 0.3834841439607771 0.047939354576365
3 835 836 1301 0.33999762375046727 0.3834841439607771 0.047939354576365
3 835 1223 836 0.33999762375046727 0.3834841439607771 0.047939354576365
3 52 53 125 0.33999762375046727 0.3834841439607771 0.047939354576365
3 53 121 125 0.33999762375046727 0.3834841439607771 0.047939354576365
3 125 121 668 0.33999762375046727 0.3834841439607771 0.047939354576365
3 130 555 402 0.33999762375046727 0.3834841439607771 0.047939354576365
3 402 555 62 0.33999762375046727 0.3834841439607771 0.047939354576365
3 62 63 402 0.33999762375046727 0.3834841439607771 0.047939354576365
3 668 121 131 0.33999762375046727 0.3834841439607771 0.047939354576365
3 777 126 123 0.33999762375046727 0.3834841439607771 0.047939354576365
3 1007 276 1006 0.33999762375046727 0.3834841439607771 0.047939354576365
3 353 276 354 0.33999762375046727 0.3834841439607771 0.047939354576365
3 1008 1411 354 0.33999762375046727 0.3834841439607771 0.047939354576365
3 354 1007 1008 0.33999762375046727 0.3834841439607771 0.047939354576365
3 276 1007 354 0.33999762375046727 0.3834841439607771 0.047939354576365
3 275 276 353 0.33999762375046727 0.3834841439607771 0.047939354576365
3 1006 276 275 0.33999762375046727 0.3834841439607771 0.047939354576365
3 1004 280 281 0.33999762375046727 0.3834841439607771 0.047939354576365
3 281 280 793 0.33999762375046727 0.3834841439607771 0.047939354576365
3 1005 282 1006 0.33999762375046727 0.3834841439607771 0.047939354576365
3 1006 275 1005 0.33999762375046727 0.3834841439607771 0.047939354576365
3 1005 275 274 0.33999762375046727 0.3834841439607771 0.047939354576365
3 1005 274 1004 0.33999762375046727 0.3834841439607771 0.047939354576365
3 1004 281 1005 0.33999762375046727 0.3834841439607771 0.047939354576365
3 1005 281 282 0.33999762375046727 0.3834841439607771 0.047939354576365
3 1409 345 344 0.33999762375046727 0.3834841439607771 0.047939354576365
3 1000 83 84 0.33999762375046727 0.3834841439607771 0.047939354576365
3 84 277 1000 0.33999762375046727 0.3834841439607771 0.047939354576365
3 277 1001 1000 0.33999762375046727 0.3834841439607771 0.047939354576365
3 1000 1001 270 0.33999762375046727 0.3834841439607771 0.047939354576365
3 270 269 1000 0.33999762375046727 0.3834841439607771 0.047939354576365
3 1000 269 83 0.33999762375046727 0.3834841439607771 0.047939354576365
3 350 272 273 0.33999762375046727 0.3834841439607771 0.047939354576365
3 1004 274 273 0.33999762375046727 0.3834841439607771 0.047939354576365
3 273 1003 1004 0.33999762375046727 0.3834841439607771 0.047939354576365
3 272 1003 273 0.33999762375046727 0.3834841439607771 0.047939354576365
3 422 985 423 0.33999762375046727 0.3834841439607771 0.047939354576365
3 423 1200 422 0.33999762375046727 0.3834841439607771 0.047939354576365
3 423 1201 1200 0.33999762375046727 0.3834841439607771 0.047939354576365
3 423 424 1201 0.33999762375046727 0.3834841439607771 0.047939354576365
3 356 1201 1202 0.33999762375046727 0.3834841439607771 0.047939354576365
3 1202 425 1203 0.33999762375046727 0.3834841439607771 0.047939354576365
3 425 426 1203 0.33999762375046727 0.3834841439607771 0.047939354576365
3 1206 1205 428 0.33999762375046727 0.3834841439607771 0.047939354576365
3 990 991 428 0.33999762375046727 0.3834841439607771 0.047939354576365
3 909 358 359 0.33999762375046727 0.3834841439607771 0.047939354576365
3 909 359 910 0.33999762375046727 0.3834841439607771 0.047939354576365
3 195 1092 1091 0.33999762375046727 0.3834841439607771 0.047939354576365
3 1091 1092 187 0.33999762375046727 0.3834841439607771 0.047939354576365
3 1092 188 187 0.33999762375046727 0.3834841439607771 0.047939354576365
3 170 1259 171 0.33999762375046727 0.3834841439607771 0.047939354576365
3 170 791 169 0.33999762375046727 0.3834841439607771 0.047939354576365
3 170 169 1258 0.33999762375046727 0.3834841439607771 0.047939354576365
3 1258 1259 170 0.33999762375046727 0.3834841439607771 0.047939354576365
3 170 792 791 0.33999762375046727 0.3834841439607771 0.047939354576365
3 171 792 170 0.33999762375046727 0.3834841439607771 0.047939354576365
3 807 808 180 0.33999762375046727 0.3834841439607771 0.047939354576365
3 171 1259 1260 0.33999762375046727 0.3834841439607771 0.047939354576365
3 178 1261 1260 0.33999762375046727 0.3834841439607771 0.047939354576365
3 279 792 280 0.33999762375046727 0.3834841439607771 0.047939354576365
3 280 1003 279 0.33999762375046727 0.3834841439607771 0.047939354576365
3 279 278 791 0.33999762375046727 0.3834841439607771 0.047939354576365
3 791 792 279 0.33999762375046727 0.3834841439607771 0.047939354576365
3 1002 278 279 0.33999762375046727 0.3834841439607771 0.047939354576365
3 279 1003 1002 0.33999762375046727 0.3834841439607771 0.047939354576365
3 799 1010 1009 0.33999762375046727 0.3834841439607771 0.047939354576365
3 799 1266 1267 0.33999762375046727 0.3834841439607771 0.047939354576365
3 798 1266 799 0.33999762375046727 0.3834841439607771 0.047939354576365
3 799 1009 798 0.33999762375046727 0.3834841439607771 0.047939354576365
3 797 1265 798 0.33999762375046727 0.3834841439607771 0.047939354576365
3 798 1265 1266 0.33999762375046727 0.3834841439607771 0.047939354576365
3 798 1009 1008 0.33999762375046727 0.3834841439607771 0.047939354576365
3 1537 298 299 0.33999762375046727 0.3834841439607771 0.047939354576365
3 823 291 824 0.33999762375046727 0.3834841439607771 0.047939354576365
3 824 195 823 0.33999762375046727 0.3834841439607771 0.047939354576365
3 1549 1104 1103 0.33999762375046727 0.3834841439607771 0.047939354576365
3 1217 1549 1548 0.33999762375046727 0.3834841439607771 0.047939354576365
3 1548 1547 1217 0.33999762375046727 0.3834841439607771 0.047939354576365
3 1549 1103 1548 0.33999762375046727 0.3834841439607771 0.047939354576365
3 1217 1547 1216 0.33999762375046727 0.3834841439607771 0.047939354576365
3 1441 1297 1442 0.33999762375046727 0.3834841439607771 0.047939354576365
3 1441 1218 1217 0.33999762375046727 0.3834841439607771 0.047939354576365
3 1442 1218 1441 0.33999762375046727 0.3834841439607771 0.047939354576365
3 1217 1216 1441 0.33999762375046727 0.3834841439607771 0.047939354576365
3 1441 1216 1440 0.33999762375046727 0.3834841439607771 0.047939354576365
3 1550 1443 1551 0.33999762375046727 0.3834841439607771 0.047939354576365
3 1218 1443 1550 0.33999762375046727 0.3834841439607771 0.047939354576365
3 1549 1218 1550 0.33999762375046727 0.3834841439607771 0.047939354576365
3 1551 1104 1550 0.33999762375046727 0.3834841439607771 0.047939354576365
3 1550 1104 1549 0.33999762375046727 0.3834841439607771 0.047939354576365
3 824 291 292 0.33999762375046727 0.3834841439607771 0.047939354576365
3 292 825 824 0.33999762375046727 0.3834841439607771 0.047939354576365
3 1210 916 915 0.33999762375046727 0.3834841439607771 0.047939354576365
3 915 1541 1540 0.33999762375046727 0.3834841439607771 0.047939354576365
3 916 1541 915 0.33999762375046727 0.3834841439607771 0.047939354576365
3 1210 996 1211 0.33999762375046727 0.3834841439607771 0.047939354576365
3 1211 916 1210 0.33999762375046727 0.3834841439607771 0.047939354576365
3 933 932 705 0.33999762375046727 0.3834841439607771 0.047939354576365
3 1289 1027 690 0.33999762375046727 0.3834841439607771 0.047939354576365
3 1289 933 1290 0.33999762375046727 0.3834841439607771 0.047939354576365
3 932 933 1289 0.33999762375046727 0.3834841439607771 0.047939354576365
3 1292 1291 935 0.33999762375046727 0.3834841439607771 0.047939354576365
3 1432 1431 600 0.33999762375046727 0.3834841439607771 0.047939354576365
3 1567 1047 1048 0.33999762375046727 0.3834841439607771 0.047939354576365
3 1048 1568 1567 0.33999762375046727 0.3834841439607771 0.047939354576365
3 1432 600 601 0.33999762375046727 0.3834841439607771 0.047939354576365
3 601 600 1027 0.33999762375046727 0.3834841439607771 0.047939354576365
3 692 1291 1029 0.33999762375046727 0.3834841439607771 0.047939354576365
3 1029 602 692 0.33999762375046727 0.3834841439607771 0.047939354576365
3 1029 1291 1292 0.33999762375046727 0.3834841439607771 0.047939354576365
3 1434 602 1029 0.33999762375046727 0.3834841439607771 0.047939354576365
3 1432 495 494 0.33999762375046727 0.3834841439607771 0.047939354576365
3 494 1431 1432 0.33999762375046727 0.3834841439607771 0.047939354576365
3 494 493 1431 0.33999762375046727 0.3834841439607771 0.047939354576365
3 991 493 494 0.33999762375046727 0.3834841439607771 0.047939354576365
3 1206 428 429 0.33999762375046727 0.3834841439607771 0.047939354576365
3 429 428 991 0.33999762375046727 0.3834841439607771 0.047939354576365
3 487 1424 1425 0.33999762375046727 0.3834841439607771 0.047939354576365
3 989 491 492 0.33999762375046727 0.3834841439607771 0.047939354576365
3 990 989 492 0.33999762375046727 0.3834841439607771 0.047939354576365
3 492 493 990 0.33999762375046727 0.3834841439607771 0.047939354576365
3 1280 682 681 0.33999762375046727 0.3834841439607771 0.047939354576365
3 682 1017 681 0.33999762375046727 0.3834841439607771 0.047939354576365
3 681 680 1280 0.33999762375046727 0.3834841439607771 0.047939354576365
3 681 1017 105 0.33999762375046727 0.3834841439607771 0.047939354576365
3 105 680 681 0.33999762375046727 0.3834841439607771 0.047939354576365
3 1283 1282 926 0.33999762375046727 0.3834841439607771 0.047939354576365
3 926 1282 925 0.33999762375046727 0.3834841439607771 0.047939354576365
3 1281 682 1280 0.33999762375046727 0.3834841439607771 0.047939354576365
3 1281 925 1282 0.33999762375046727 0.3834841439607771 0.047939354576365
3 1020 1019 683 0.33999762375046727 0.3834841439607771 0.047939354576365
3 683 1019 682 0.33999762375046727 0.3834841439607771 0.047939354576365
3 682 1281 683 0.33999762375046727 0.3834841439607771 0.047939354576365
3 683 1281 1282 0.33999762375046727 0.3834841439607771 0.047939354576365
3 682 1019 1018 0.33999762375046727 0.3834841439607771 0.047939354576365
3 1018 1017 682 0.33999762375046727 0.3834841439607771 0.047939354576365
3 1018 592 591 0.33999762375046727 0.3834841439607771 0.047939354576365
3 1018 1019 592 0.33999762375046727 0.3834841439607771 0.047939354576365
3 591 104 1018 0.33999762375046727 0.3834841439607771 0.047939354576365
3 104 1017 1018 0.33999762375046727 0.3834841439607771 0.047939354576365
3 921 693 694 0.33999762375046727 0.3834841439607771 0.047939354576365
3 694 922 921 0.33999762375046727 0.3834841439607771 0.047939354576365
3 694 693 604 0.33999762375046727 0.3834841439607771 0.047939354576365
3 604 605 694 0.33999762375046727 0.3834841439607771 0.047939354576365
3 1279 680 106 0.33999762375046727 0.3834841439607771 0.047939354576365
3 106 1278 1279 0.33999762375046727 0.3834841439607771 0.047939354576365
3 106 680 105 0.33999762375046727 0.3834841439607771 0.047939354576365
3 107 1278 106 0.33999762375046727 0.3834841439607771 0.047939354576365
3 603 110 497 0.33999762375046727 0.3834841439607771 0.047939354576365
3 604 693 603 0.33999762375046727 0.3834841439607771 0.047939354576365
3 603 693 109 0.33999762375046727 0.3834841439607771 0.047939354576365
3 109 110 603 0.33999762375046727 0.3834841439607771 0.047939354576365
3 700 699 610 0.33999762375046727 0.3834841439607771 0.047939354576365
3 610 611 700 0.33999762375046727 0.3834841439607771 0.047939354576365
3 698 699 926 0.33999762375046727 0.3834841439607771 0.047939354576365
3 926 925 698 0.33999762375046727 0.3834841439607771 0.047939354576365
3 686 1285 687 0.33999762375046727 0.3834841439607771 0.047939354576365
3 926 699 927 0.33999762375046727 0.3834841439607771 0.047939354576365
3 927 699 700 0.33999762375046727 0.3834841439607771 0.047939354576365
3 927 1283 926 0.33999762375046727 0.3834841439607771 0.047939354576365
3 504 440 505 0.33999762375046727 0.3834841439607771 0.047939354576365
3 505 610 504 0.33999762375046727 0.3834841439607771 0.047939354576365
3 611 610 505 0.33999762375046727 0.3834841439607771 0.047939354576365
3 440 441 505 0.33999762375046727 0.3834841439607771 0.047939354576365
3 506 611 505 0.33999762375046727 0.3834841439607771 0.047939354576365
3 505 441 506 0.33999762375046727 0.3834841439607771 0.047939354576365
3 439 440 504 0.33999762375046727 0.3834841439607771 0.047939354576365
3 438 371 439 0.33999762375046727 0.3834841439607771 0.047939354576365
3 369 1559 1560 0.33999762375046727 0.3834841439607771 0.047939354576365
3 1588 1230 1587 0.33999762375046727 0.3834841439607771 0.047939354576365
3 839 1227 840 0.33999762375046727 0.3834841439607771 0.047939354576365
3 840 1227 1228 0.33999762375046727 0.3834841439607771 0.047939354576365
3 1228 841 840 0.33999762375046727 0.3834841439607771 0.047939354576365
3 840 841 1306 0.33999762375046727 0.3834841439607771 0.047939354576365
3 376 375 1037 0.33999762375046727 0.3834841439607771 0.047939354576365
3 1556 375 376 0.33999762375046727 0.3834841439607771 0.047939354576365
3 515 514 1305 0.33999762375046727 0.3834841439607771 0.047939354576365
3 839 840 1305 0.33999762375046727 0.3834841439607771 0.047939354576365
3 1304 839 1305 0.33999762375046727 0.3834841439607771 0.047939354576365
3 1305 514 1304 0.33999762375046727 0.3834841439607771 0.047939354576365
3 1305 1306 515 0.33999762375046727 0.3834841439607771 0.047939354576365
3 1305 840 1306 0.33999762375046727 0.3834841439607771 0.047939354576365
3 513 514 1039 0.33999762375046727 0.3834841439607771 0.047939354576365
3 1038 512 513 0.33999762375046727 0.3834841439607771 0.047939354576365
3 513 1039 1038 0.33999762375046727 0.3834841439607771 0.047939354576365
3 1038 1039 377 0.33999762375046727 0.3834841439607771 0.047939354576365
3 377 376 1038 0.33999762375046727 0.3834841439607771 0.047939354576365
3 1037 512 1038 0.33999762375046727 0.3834841439607771 0.047939354576365
3 1038 376 1037 0.33999762375046727 0.3834841439607771 0.047939354576365
3 730 731 1350 0.33999762375046727 0.3834841439607771 0.047939354576365
3 718 717 1350 0.33999762375046727 0.3834841439607771 0.047939354576365
3 1352 1353 1119 0.33999762375046727 0.3834841439607771 0.047939354576365
3 730 1350 1349 0.33999762375046727 0.3834841439607771 0.047939354576365
3 1349 1350 717 0.33999762375046727 0.3834841439607771 0.047939354576365
3 1117 717 718 0.33999762375046727 0.3834841439607771 0.047939354576365
3 1119 1458 1118 0.33999762375046727 0.3834841439607771 0.047939354576365
3 1118 1117 718 0.33999762375046727 0.3834841439607771 0.047939354576365
3 1120 1353 1354 0.33999762375046727 0.3834841439607771 0.047939354576365
3 1354 1353 1138 0.33999762375046727 0.3834841439607771 0.047939354576365
3 1138 1353 1137 0.33999762375046727 0.3834841439607771 0.047939354576365
3 1137 747 1138 0.33999762375046727 0.3834841439607771 0.047939354576365
3 746 747 1137 0.33999762375046727 0.3834841439607771 0.047939354576365
3 1479 747 1478 0.33999762375046727 0.3834841439607771 0.047939354576365
3 1138 747 1479 0.33999762375046727 0.3834841439607771 0.047939354576365
3 1460 1459 1120 0.33999762375046727 0.3834841439607771 0.047939354576365
3 464 465 1163 0.33999762375046727 0.3834841439607771 0.047939354576365
3 392 465 464 0.33999762375046727 0.3834841439607771 0.047939354576365
3 464 34 392 0.33999762375046727 0.3834841439607771 0.047939354576365
3 464 33 34 0.33999762375046727 0.3834841439607771 0.047939354576365
3 543 30 31 0.33999762375046727 0.3834841439607771 0.047939354576365
3 649 650 1475 0.33999762375046727 0.3834841439607771 0.047939354576365
3 1475 650 1476 0.33999762375046727 0.3834841439607771 0.047939354576365
3 1477 1478 746 0.33999762375046727 0.3834841439607771 0.047939354576365
3 746 745 1477 0.33999762375046727 0.3834841439607771 0.047939354576365
3 1477 745 1476 0.33999762375046727 0.3834841439607771 0.047939354576365
3 1358 1464 1463 0.33999762375046727 0.3834841439607771 0.047939354576365
3 1463 1464 1338 0.33999762375046727 0.3834841439607771 0.047939354576365
3 1338 1337 1463 0.33999762375046727 0.3834841439607771 0.047939354576365
3 1372 666 1371 0.33999762375046727 0.3834841439607771 0.047939354576365
3 1157 666 1372 0.33999762375046727 0.3834841439607771 0.047939354576365
3 1372 1373 1157 0.33999762375046727 0.3834841439607771 0.047939354576365
3 1375 1159 1374 0.33999762375046727 0.3834841439607771 0.047939354576365
3 1374 1175 1375 0.33999762375046727 0.3834841439607771 0.047939354576365
3 1061 452 1060 0.33999762375046727 0.3834841439607771 0.047939354576365
3 1333 1065 1066 0.33999762375046727 0.3834841439607771 0.047939354576365
3 950 1458 951 0.33999762375046727 0.3834841439607771 0.047939354576365
3 951 1066 950 0.33999762375046727 0.3834841439607771 0.047939354576365
3 950 1066 1065 0.33999762375046727 0.3834841439607771 0.047939354576365
3 1331 1063 1064 0.33999762375046727 0.3834841439607771 0.047939354576365
3 1330 1331 859 0.33999762375046727 0.3834841439607771 0.047939354576365
3 1063 1331 1330 0.33999762375046727 0.3834841439607771 0.047939354576365
3 858 1589 1588 0.33999762375046727 0.3834841439607771 0.047939354576365
3 859 1589 858 0.33999762375046727 0.3834841439607771 0.047939354576365
3 858 1330 859 0.33999762375046727 0.3834841439607771 0.047939354576365
3 1311 1047 1046 0.33999762375046727 0.3834841439607771 0.047939354576365
3 1046 1310 1311 0.33999762375046727 0.3834841439607771 0.047939354576365
3 1045 1310 1046 0.33999762375046727 0.3834841439607771 0.047939354576365
3 1046 1565 1045 0.33999762375046727 0.3834841439607771 0.047939354576365
3 1045 1565 1564 0.33999762375046727 0.3834841439607771 0.047939354576365
3 1597 1574 1596 0.33999762375046727 0.3834841439607771 0.047939354576365
3 1596 1338 1597 0.33999762375046727 0.3834841439607771 0.047939354576365
3 1068 1460 1461 0.33999762375046727 0.3834841439607771 0.047939354576365
3 626 627 948 0.33999762375046727 0.3834841439607771 0.047939354576365
3 1064 1063 948 0.33999762375046727 0.3834841439607771 0.047939354576365
3 614 613 507 0.33999762375046727 0.3834841439607771 0.047939354576365
3 507 1566 614 0.33999762375046727 0.3834841439607771 0.047939354576365
3 507 1565 1566 0.33999762375046727 0.3834841439607771 0.047939354576365
3 507 612 506 0.33999762375046727 0.3834841439607771 0.047939354576365
3 507 613 612 0.33999762375046727 0.3834841439607771 0.047939354576365
3 506 441 507 0.33999762375046727 0.3834841439607771 0.047939354576365
3 507 441 1564 0.33999762375046727 0.3834841439607771 0.047939354576365
3 1564 1565 507 0.33999762375046727 0.3834841439607771 0.047939354576365
3 1411 589 421 0.33999762375046727 0.3834841439607771 0.047939354576365
3 420 345 421 0.33999762375046727 0.3834841439607771 0.047939354576365
3 900 1191 1190 0.33999762375046727 0.3834841439607771 0.047939354576365
3 901 1191 900 0.33999762375046727 0.3834841439607771 0.047939354576365
3 350 273 351 0.33999762375046727 0.3834841439607771 0.047939354576365
3 351 273 274 0.33999762375046727 0.3834841439607771 0.047939354576365
3 1190 577 576 0.33999762375046727 0.3834841439607771 0.047939354576365
3 977 575 576 0.33999762375046727 0.3834841439607771 0.047939354576365
3 979 577 578 0.33999762375046727 0.3834841439607771 0.047939354576365
3 578 980 979 0.33999762375046727 0.3834841439607771 0.047939354576365
3 903 1193 902 0.33999762375046727 0.3834841439607771 0.047939354576365
3 981 1193 1194 0.33999762375046727 0.3834841439607771 0.047939354576365
3 1193 903 1194 0.33999762375046727 0.3834841439607771 0.047939354576365
3 1192 1193 578 0.33999762375046727 0.3834841439607771 0.047939354576365
3 578 1191 1192 0.33999762375046727 0.3834841439607771 0.047939354576365
3 902 1193 1192 0.33999762375046727 0.3834841439607771 0.047939354576365
3 1192 901 902 0.33999762375046727 0.3834841439607771 0.047939354576365
3 1192 1191 901 0.33999762375046727 0.3834841439607771 0.047939354576365
3 1272 1014 803 0.33999762375046727 0.3834841439607771 0.047939354576365
3 1013 803 1014 0.33999762375046727 0.3834841439607771 0.047939354576365
3 1416 1013 1014 0.33999762375046727 0.3834841439607771 0.047939354576365
3 1015 1016 1418 0.33999762375046727 0.3834841439607771 0.047939354576365
3 1015 1014 1272 0.33999762375046727 0.3834841439607771 0.047939354576365
3 1069 245 50 0.33999762375046727 0.3834841439607771 0.047939354576365
3 50 51 1069 0.33999762375046727 0.3834841439607771 0.047939354576365
3 404 558 132 0.33999762375046727 0.3834841439607771 0.047939354576365
3 263 558 404 0.33999762375046727 0.3834841439607771 0.047939354576365
3 140 141 476 0.33999762375046727 0.3834841439607771 0.047939354576365
3 1512 165 152 0.33999762375046727 0.3834841439607771 0.047939354576365
3 153 165 1512 0.33999762375046727 0.3834841439607771 0.047939354576365
3 674 562 563 0.33999762375046727 0.3834841439607771 0.047939354576365
3 674 783 782 0.33999762375046727 0.3834841439607771 0.047939354576365
3 563 675 674 0.33999762375046727 0.3834841439607771 0.047939354576365
3 675 783 674 0.33999762375046727 0.3834841439607771 0.047939354576365
3 410 675 563 0.33999762375046727 0.3834841439607771 0.047939354576365
3 310 311 1488 0.33999762375046727 0.3834841439607771 0.047939354576365
3 35 36 310 0.33999762375046727 0.3834841439607771 0.047939354576365
3 310 1488 35 0.33999762375046727 0.3834841439607771 0.047939354576365
3 36 952 310 0.33999762375046727 0.3834841439607771 0.047939354576365
3 954 311 953 0.33999762375046727 0.3834841439607771 0.047939354576365
3 311 310 953 0.33999762375046727 0.3834841439607771 0.047939354576365
3 953 310 952 0.33999762375046727 0.3834841439607771 0.047939354576365
3 1489 311 312 0.33999762375046727 0.3834841439607771 0.047939354576365
3 1488 311 1489 0.33999762375046727 0.3834841439607771 0.047939354576365
3 393 465 392 0.33999762375046727 0.3834841439607771 0.047939354576365
3 392 1488 393 0.33999762375046727 0.3834841439607771 0.047939354576365
3 1488 1489 393 0.33999762375046727 0.3834841439607771 0.047939354576365
3 1492 314 1493 0.33999762375046727 0.3834841439607771 0.047939354576365
3 1496 1495 317 0.33999762375046727 0.3834841439607771 0.047939354576365
3 400 1495 1496 0.33999762375046727 0.3834841439607771 0.047939354576365
3 960 327 961 0.33999762375046727 0.3834841439607771 0.047939354576365
3 1493 314 315 0.33999762375046727 0.3834841439607771 0.047939354576365
3 867 868 325 0.33999762375046727 0.3834841439607771 0.047939354576365
3 1160 1159 1375 0.33999762375046727 0.3834841439607771 0.047939354576365
3 1418 1016 1419 0.33999762375046727 0.3834841439607771 0.047939354576365
3 582 414 415 0.33999762375046727 0.3834841439607771 0.047939354576365
3 145 71 567 0.33999762375046727 0.3834841439607771 0.047939354576365
3 71 72 567 0.33999762375046727 0.3834841439607771 0.047939354576365
3 892 579 580 0.33999762375046727 0.3834841439607771 0.047939354576365
3 271 348 270 0.33999762375046727 0.3834841439607771 0.047939354576365
3 270 1001 271 0.33999762375046727 0.3834841439607771 0.047939354576365
3 271 1001 1002 0.33999762375046727 0.3834841439607771 0.047939354576365
3 1002 272 271 0.33999762375046727 0.3834841439607771 0.047939354576365
3 349 272 350 0.33999762375046727 0.3834841439607771 0.047939354576365
3 350 1406 349 0.33999762375046727 0.3834841439607771 0.047939354576365
3 349 271 272 0.33999762375046727 0.3834841439607771 0.047939354576365
3 348 271 349 0.33999762375046727 0.3834841439607771 0.047939354576365
3 349 1405 348 0.33999762375046727 0.3834841439607771 0.047939354576365
3 349 1406 1405 0.33999762375046727 0.3834841439607771 0.047939354576365
3 382 301 383 0.33999762375046727 0.3834841439607771 0.047939354576365
3 301 302 383 0.33999762375046727 0.3834841439607771 0.047939354576365
3 383 520 382 0.33999762375046727 0.3834841439607771 0.047939354576365
3 521 520 383 0.33999762375046727 0.3834841439607771 0.047939354576365
3 198 199 303 0.33999762375046727 0.3834841439607771 0.047939354576365
3 303 302 198 0.33999762375046727 0.3834841439607771 0.047939354576365
3 303 304 385 0.33999762375046727 0.3834841439607771 0.047939354576365
3 199 304 303 0.33999762375046727 0.3834841439607771 0.047939354576365
3 7 519 6 0.33999762375046727 0.3834841439607771 0.047939354576365
3 6 846 5 0.33999762375046727 0.3834841439607771 0.047939354576365
3 6 519 846 0.33999762375046727 0.3834841439607771 0.047939354576365
3 1053 937 938 0.33999762375046727 0.3834841439607771 0.047939354576365
3 938 1054 1053 0.33999762375046727 0.3834841439607771 0.047939354576365
3 305 200 201 0.33999762375046727 0.3834841439607771 0.047939354576365
3 200 1321 201 0.33999762375046727 0.3834841439607771 0.047939354576365
3 305 201 306 0.33999762375046727 0.3834841439607771 0.047939354576365
3 119 1219 832 0.33999762375046727 0.3834841439607771 0.047939354576365
3 1219 1220 832 0.33999762375046727 0.3834841439607771 0.047939354576365
3 118 119 832 0.33999762375046727 0.3834841439607771 0.047939354576365
3 832 1298 118 0.33999762375046727 0.3834841439607771 0.047939354576365
3 833 1298 832 0.33999762375046727 0.3834841439607771 0.047939354576365
3 832 1220 833 0.33999762375046727 0.3834841439607771 0.047939354576365
3 523 386 524 0.33999762375046727 0.3834841439607771 0.047939354576365
3 523 851 850 0.33999762375046727 0.3834841439607771 0.047939354576365
3 524 851 523 0.33999762375046727 0.3834841439607771 0.047939354576365
3 850 522 523 0.33999762375046727 0.3834841439607771 0.047939354576365
3 523 522 385 0.33999762375046727 0.3834841439607771 0.047939354576365
3 385 386 523 0.33999762375046727 0.3834841439607771 0.047939354576365
3 497 433 498 0.33999762375046727 0.3834841439607771 0.047939354576365
3 604 603 498 0.33999762375046727 0.3834841439607771 0.047939354576365
3 498 603 497 0.33999762375046727 0.3834841439607771 0.047939354576365
3 498 433 434 0.33999762375046727 0.3834841439607771 0.047939354576365
3 435 436 500 0.33999762375046727 0.3834841439607771 0.047939354576365
3 435 434 367 0.33999762375046727 0.3834841439607771 0.047939354576365
3 437 436 369 0.33999762375046727 0.3834841439607771 0.047939354576365
3 500 605 499 0.33999762375046727 0.3834841439607771 0.047939354576365
3 434 435 499 0.33999762375046727 0.3834841439607771 0.047939354576365
3 499 435 500 0.33999762375046727 0.3834841439607771 0.047939354576365
3 499 498 434 0.33999762375046727 0.3834841439607771 0.047939354576365
3 499 605 604 0.33999762375046727 0.3834841439607771 0.047939354576365
3 604 498 499 0.33999762375046727 0.3834841439607771 0.047939354576365
3 364 1555 365 0.33999762375046727 0.3834841439607771 0.047939354576365
3 432 364 365 0.33999762375046727 0.3834841439607771 0.047939354576365
3 365 433 432 0.33999762375046727 0.3834841439607771 0.047939354576365
3 365 366 433 0.33999762375046727 0.3834841439607771 0.047939354576365
3 365 1555 1556 0.33999762375046727 0.3834841439607771 0.047939354576365
3 1556 366 365 0.33999762375046727 0.3834841439607771 0.047939354576365
3 837 1225 838 0.33999762375046727 0.3834841439607771 0.047939354576365
3 838 1304 1303 0.33999762375046727 0.3834841439607771 0.047939354576365
3 1303 837 838 0.33999762375046727 0.3834841439607771 0.047939354576365
3 838 839 1304 0.33999762375046727 0.3834841439607771 0.047939354576365
3 1582 1224 1581 0.33999762375046727 0.3834841439607771 0.047939354576365
3 1582 1225 1224 0.33999762375046727 0.3834841439607771 0.047939354576365
3 1581 851 1582 0.33999762375046727 0.3834841439607771 0.047939354576365
3 1582 851 852 0.33999762375046727 0.3834841439607771 0.047939354576365
3 1225 1582 1583 0.33999762375046727 0.3834841439607771 0.047939354576365
3 1583 853 1584 0.33999762375046727 0.3834841439607771 0.047939354576365
3 852 853 1583 0.33999762375046727 0.3834841439607771 0.047939354576365
3 1583 1582 852 0.33999762375046727 0.3834841439607771 0.047939354576365
3 1298 1299 508 0.33999762375046727 0.3834841439607771 0.047939354576365
3 116 117 508 0.33999762375046727 0.3834841439607771 0.047939354576365
3 117 1298 508 0.33999762375046727 0.3834841439607771 0.047939354576365
3 1035 1036 374 0.33999762375046727 0.3834841439607771 0.047939354576365
3 374 373 1035 0.33999762375046727 0.3834841439607771 0.047939354576365
3 1300 1299 834 0.33999762375046727 0.3834841439607771 0.047939354576365
3 1300 835 1301 0.33999762375046727 0.3834841439607771 0.047939354576365
3 834 835 1300 0.33999762375046727 0.3834841439607771 0.047939354576365
3 261 63 64 0.33999762375046727 0.3834841439607771 0.047939354576365
3 261 402 63 0.33999762375046727 0.3834841439607771 0.047939354576365
3 557 131 403 0.33999762375046727 0.3834841439607771 0.047939354576365
3 557 404 132 0.33999762375046727 0.3834841439607771 0.047939354576365
3 132 668 557 0.33999762375046727 0.3834841439607771 0.047939354576365
3 668 131 557 0.33999762375046727 0.3834841439607771 0.047939354576365
3 667 131 121 0.33999762375046727 0.3834841439607771 0.047939354576365
3 667 121 54 0.33999762375046727 0.3834841439607771 0.047939354576365
3 667 55 130 0.33999762375046727 0.3834841439607771 0.047939354576365
3 667 54 55 0.33999762375046727 0.3834841439607771 0.047939354576365
3 403 131 556 0.33999762375046727 0.3834841439607771 0.047939354576365
3 556 261 403 0.33999762375046727 0.3834841439607771 0.047939354576365
3 402 261 556 0.33999762375046727 0.3834841439607771 0.047939354576365
3 130 402 556 0.33999762375046727 0.3834841439607771 0.047939354576365
3 556 667 130 0.33999762375046727 0.3834841439607771 0.047939354576365
3 131 667 556 0.33999762375046727 0.3834841439607771 0.047939354576365
3 66 150 65 0.33999762375046727 0.3834841439607771 0.047939354576365
3 122 125 668 0.33999762375046727 0.3834841439607771 0.047939354576365
3 122 668 132 0.33999762375046727 0.3834841439607771 0.047939354576365
3 253 51 52 0.33999762375046727 0.3834841439607771 0.047939354576365
3 253 126 777 0.33999762375046727 0.3834841439607771 0.047939354576365
3 253 1069 51 0.33999762375046727 0.3834841439607771 0.047939354576365
3 669 123 126 0.33999762375046727 0.3834841439607771 0.047939354576365
3 669 122 132 0.33999762375046727 0.3834841439607771 0.047939354576365
3 126 122 669 0.33999762375046727 0.3834841439607771 0.047939354576365
3 132 558 669 0.33999762375046727 0.3834841439607771 0.047939354576365
3 133 123 669 0.33999762375046727 0.3834841439607771 0.047939354576365
3 669 558 133 0.33999762375046727 0.3834841439607771 0.047939354576365
3 777 123 127 0.33999762375046727 0.3834841439607771 0.047939354576365
3 127 124 778 0.33999762375046727 0.3834841439607771 0.047939354576365
3 1008 1007 284 0.33999762375046727 0.3834841439607771 0.047939354576365
3 284 798 1008 0.33999762375046727 0.3834841439607771 0.047939354576365
3 797 798 284 0.33999762375046727 0.3834841439607771 0.047939354576365
3 1410 354 1411 0.33999762375046727 0.3834841439607771 0.047939354576365
3 1411 421 1410 0.33999762375046727 0.3834841439607771 0.047939354576365
3 1410 421 345 0.33999762375046727 0.3834841439607771 0.047939354576365
3 353 354 1410 0.33999762375046727 0.3834841439607771 0.047939354576365
3 1410 1409 353 0.33999762375046727 0.3834841439607771 0.047939354576365
3 345 1409 1410 0.33999762375046727 0.3834841439607771 0.047939354576365
3 1200 1201 355 0.33999762375046727 0.3834841439607771 0.047939354576365
3 1201 356 355 0.33999762375046727 0.3834841439607771 0.047939354576365
3 908 358 909 0.33999762375046727 0.3834841439607771 0.047939354576365
3 909 295 908 0.33999762375046727 0.3834841439607771 0.047939354576365
3 908 295 294 0.33999762375046727 0.3834841439607771 0.047939354576365
3 176 1259 1258 0.33999762375046727 0.3834841439607771 0.047939354576365
3 357 1203 358 0.33999762375046727 0.3834841439607771 0.047939354576365
3 358 908 357 0.33999762375046727 0.3834841439607771 0.047939354576365
3 357 356 1202 0.33999762375046727 0.3834841439607771 0.047939354576365
3 1202 1203 357 0.33999762375046727 0.3834841439607771 0.047939354576365
3 1204 1203 426 0.33999762375046727 0.3834841439607771 0.047939354576365
3 358 1203 1204 0.33999762375046727 0.3834841439607771 0.047939354576365
3 1204 359 358 0.33999762375046727 0.3834841439607771 0.047939354576365
3 1205 359 1204 0.33999762375046727 0.3834841439607771 0.047939354576365
3 360 1205 1206 0.33999762375046727 0.3834841439607771 0.047939354576365
3 360 359 1205 0.33999762375046727 0.3834841439607771 0.047939354576365
3 360 910 359 0.33999762375046727 0.3834841439607771 0.047939354576365
3 911 910 360 0.33999762375046727 0.3834841439607771 0.047939354576365
3 297 911 298 0.33999762375046727 0.3834841439607771 0.047939354576365
3 297 910 911 0.33999762375046727 0.3834841439607771 0.047939354576365
3 1537 289 1536 0.33999762375046727 0.3834841439607771 0.047939354576365
3 1535 297 1536 0.33999762375046727 0.3834841439607771 0.047939354576365
3 1536 298 1537 0.33999762375046727 0.3834841439607771 0.047939354576365
3 1536 297 298 0.33999762375046727 0.3834841439607771 0.047939354576365
3 824 825 196 0.33999762375046727 0.3834841439607771 0.047939354576365
3 196 195 824 0.33999762375046727 0.3834841439607771 0.047939354576365
3 1092 195 196 0.33999762375046727 0.3834841439607771 0.047939354576365
3 194 195 1091 0.33999762375046727 0.3834841439607771 0.047939354576365
3 1091 1090 194 0.33999762375046727 0.3834841439607771 0.047939354576365
3 822 823 194 0.33999762375046727 0.3834841439607771 0.047939354576365
3 194 823 195 0.33999762375046727 0.3834841439607771 0.047939354576365
3 797 284 796 0.33999762375046727 0.3834841439607771 0.047939354576365
3 282 281 794 0.33999762375046727 0.3834841439607771 0.047939354576365
3 794 281 793 0.33999762375046727 0.3834841439607771 0.047939354576365
3 1261 173 172 0.33999762375046727 0.3834841439607771 0.047939354576365
3 171 1260 172 0.33999762375046727 0.3834841439607771 0.047939354576365
3 172 1260 1261 0.33999762375046727 0.3834841439607771 0.047939354576365
3 793 171 172 0.33999762375046727 0.3834841439607771 0.047939354576365
3 172 794 793 0.33999762375046727 0.3834841439607771 0.047939354576365
3 173 794 172 0.33999762375046727 0.3834841439607771 0.047939354576365
3 181 180 808 0.33999762375046727 0.3834841439607771 0.047939354576365
3 1262 173 1261 0.33999762375046727 0.3834841439607771 0.047939354576365
3 179 1261 178 0.33999762375046727 0.3834841439607771 0.047939354576365
3 807 180 179 0.33999762375046727 0.3834841439607771 0.047939354576365
3 179 1262 1261 0.33999762375046727 0.3834841439607771 0.047939354576365
3 180 1262 179 0.33999762375046727 0.3834841439607771 0.047939354576365
3 799 1267 800 0.33999762375046727 0.3834841439607771 0.047939354576365
3 800 1010 799 0.33999762375046727 0.3834841439607771 0.047939354576365
3 800 1011 1010 0.33999762375046727 0.3834841439607771 0.047939354576365
3 363 362 1208 0.33999762375046727 0.3834841439607771 0.047939354576365
3 431 1209 1208 0.33999762375046727 0.3834841439607771 0.047939354576365
3 1208 1209 363 0.33999762375046727 0.3834841439607771 0.047939354576365
3 298 911 912 0.33999762375046727 0.3834841439607771 0.047939354576365
3 912 299 298 0.33999762375046727 0.3834841439607771 0.047939354576365
3 291 823 290 0.33999762375046727 0.3834841439607771 0.047939354576365
3 290 289 1537 0.33999762375046727 0.3834841439607771 0.047939354576365
3 822 289 290 0.33999762375046727 0.3834841439607771 0.047939354576365
3 290 823 822 0.33999762375046727 0.3834841439607771 0.047939354576365
3 1273 1015 1272 0.33999762375046727 0.3834841439607771 0.047939354576365
3 1016 1015 1273 0.33999762375046727 0.3834841439607771 0.047939354576365
3 831 1101 1100 0.33999762375046727 0.3834841439607771 0.047939354576365
3 1547 1101 831 0.33999762375046727 0.3834841439607771 0.047939354576365
3 1551 1443 1552 0.33999762375046727 0.3834841439607771 0.047939354576365
3 1575 1574 1597 0.33999762375046727 0.3834841439607771 0.047939354576365
3 1575 1443 1574 0.33999762375046727 0.3834841439607771 0.047939354576365
3 1575 1552 1443 0.33999762375046727 0.3834841439607771 0.047939354576365
3 1553 1552 1575 0.33999762375046727 0.3834841439607771 0.047939354576365
3 1597 1465 1575 0.33999762375046727 0.3834841439607771 0.047939354576365
3 1575 1465 1487 0.33999762375046727 0.3834841439607771 0.047939354576365
3 1420 1016 1275 0.33999762375046727 0.3834841439607771 0.047939354576365
3 1420 1419 1016 0.33999762375046727 0.3834841439607771 0.047939354576365
3 1097 1096 828 0.33999762375046727 0.3834841439607771 0.047939354576365
3 828 829 1097 0.33999762375046727 0.3834841439607771 0.047939354576365
3 1097 829 1098 0.33999762375046727 0.3834841439607771 0.047939354576365
3 1098 814 1097 0.33999762375046727 0.3834841439607771 0.047939354576365
3 813 1096 1097 0.33999762375046727 0.3834841439607771 0.047939354576365
3 1097 814 813 0.33999762375046727 0.3834841439607771 0.047939354576365
3 825 292 826 0.33999762375046727 0.3834841439607771 0.047939354576365
3 1540 1541 826 0.33999762375046727 0.3834841439607771 0.047939354576365
3 826 292 1540 0.33999762375046727 0.3834841439607771 0.047939354576365
3 1542 1541 916 0.33999762375046727 0.3834841439607771 0.047939354576365
3 995 996 1210 0.33999762375046727 0.3834841439607771 0.047939354576365
3 1210 1209 995 0.33999762375046727 0.3834841439607771 0.047939354576365
3 1540 292 1539 0.33999762375046727 0.3834841439607771 0.047939354576365
3 1539 300 1540 0.33999762375046727 0.3834841439607771 0.047939354576365
3 1539 292 291 0.33999762375046727 0.3834841439607771 0.047939354576365
3 914 1209 1210 0.33999762375046727 0.3834841439607771 0.047939354576365
3 1210 915 914 0.33999762375046727 0.3834841439607771 0.047939354576365
3 363 1209 914 0.33999762375046727 0.3834841439607771 0.047939354576365
3 1540 300 914 0.33999762375046727 0.3834841439607771 0.047939354576365
3 914 915 1540 0.33999762375046727 0.3834841439607771 0.047939354576365
3 691 1289 1290 0.33999762375046727 0.3834841439607771 0.047939354576365
3 1027 1289 691 0.33999762375046727 0.3834841439607771 0.047939354576365
3 1024 1025 598 0.33999762375046727 0.3834841439607771 0.047939354576365
3 598 1025 599 0.33999762375046727 0.3834841439607771 0.047939354576365
3 599 600 1431 0.33999762375046727 0.3834841439607771 0.047939354576365
3 1570 935 1569 0.33999762375046727 0.3834841439607771 0.047939354576365
3 934 935 1291 0.33999762375046727 0.3834841439607771 0.047939354576365
3 934 1291 1290 0.33999762375046727 0.3834841439607771 0.047939354576365
3 1290 933 934 0.33999762375046727 0.3834841439607771 0.047939354576365
3 934 933 705 0.33999762375046727 0.3834841439607771 0.047939354576365
3 705 1568 934 0.33999762375046727 0.3834841439607771 0.047939354576365
3 934 1568 1569 0.33999762375046727 0.3834841439607771 0.047939354576365
3 1569 935 934 0.33999762375046727 0.3834841439607771 0.047939354576365
3 1569 1568 1049 0.33999762375046727 0.3834841439607771 0.047939354576365
3 1568 1048 1049 0.33999762375046727 0.3834841439607771 0.047939354576365
3 1293 1031 1292 0.33999762375046727 0.3834841439607771 0.047939354576365
3 1292 935 1293 0.33999762375046727 0.3834841439607771 0.047939354576365
3 935 1570 1293 0.33999762375046727 0.3834841439607771 0.047939354576365
3 1435 1031 1436 0.33999762375046727 0.3834841439607771 0.047939354576365
3 996 995 1436 0.33999762375046727 0.3834841439607771 0.047939354576365
3 1436 995 1435 0.33999762375046727 0.3834841439607771 0.047939354576365
3 1436 1031 1437 0.33999762375046727 0.3834841439607771 0.047939354576365
3 1594 1315 1236 0.33999762375046727 0.3834841439607771 0.047939354576365
3 1032 1438 1437 0.33999762375046727 0.3834841439607771 0.047939354576365
3 1437 1031 1032 0.33999762375046727 0.3834841439607771 0.047939354576365
3 1032 1293 1294 0.33999762375046727 0.3834841439607771 0.047939354576365
3 1031 1293 1032 0.33999762375046727 0.3834841439607771 0.047939354576365
3 692 602 1028 0.33999762375046727 0.3834841439607771 0.047939354576365
3 602 601 1028 0.33999762375046727 0.3834841439607771 0.047939354576365
3 1028 1290 692 0.33999762375046727 0.3834841439607771 0.047939354576365
3 1028 691 1290 0.33999762375046727 0.3834841439607771 0.047939354576365
3 1028 601 1027 0.33999762375046727 0.3834841439607771 0.047939354576365
3 1027 691 1028 0.33999762375046727 0.3834841439607771 0.047939354576365
3 1030 1029 1292 0.33999762375046727 0.3834841439607771 0.047939354576365
3 1292 1031 1030 0.33999762375046727 0.3834841439607771 0.047939354576365
3 1030 1031 1435 0.33999762375046727 0.3834841439607771 0.047939354576365
3 1030 1435 1434 0.33999762375046727 0.3834841439607771 0.047939354576365
3 1434 1029 1030 0.33999762375046727 0.3834841439607771 0.047939354576365
3 495 496 993 0.33999762375046727 0.3834841439607771 0.047939354576365
3 1433 496 495 0.33999762375046727 0.3834841439607771 0.047939354576365
3 1433 601 602 0.33999762375046727 0.3834841439607771 0.047939354576365
3 1433 602 1434 0.33999762375046727 0.3834841439607771 0.047939354576365
3 1434 496 1433 0.33999762375046727 0.3834841439607771 0.047939354576365
3 1433 495 1432 0.33999762375046727 0.3834841439607771 0.047939354576365
3 1432 601 1433 0.33999762375046727 0.3834841439607771 0.047939354576365
3 992 494 495 0.33999762375046727 0.3834841439607771 0.047939354576365
3 495 993 992 0.33999762375046727 0.3834841439607771 0.047939354576365
3 991 494 992 0.33999762375046727 0.3834841439607771 0.047939354576365
3 992 429 991 0.33999762375046727 0.3834841439607771 0.047939354576365
3 593 1425 1424 0.33999762375046727 0.3834841439607771 0.047939354576365
3 593 1424 592 0.33999762375046727 0.3834841439607771 0.047939354576365
3 593 1019 1020 0.33999762375046727 0.3834841439607771 0.047939354576365
3 592 1019 593 0.33999762375046727 0.3834841439607771 0.047939354576365
3 988 491 989 0.33999762375046727 0.3834841439607771 0.047939354576365
3 988 426 425 0.33999762375046727 0.3834841439607771 0.047939354576365
3 988 989 426 0.33999762375046727 0.3834841439607771 0.047939354576365
3 1429 492 491 0.33999762375046727 0.3834841439607771 0.047939354576365
3 924 1281 1280 0.33999762375046727 0.3834841439607771 0.047939354576365
3 925 1281 924 0.33999762375046727 0.3834841439607771 0.047939354576365
3 1282 1283 684 0.33999762375046727 0.3834841439607771 0.047939354576365
3 684 683 1282 0.33999762375046727 0.3834841439607771 0.047939354576365
3 1020 683 684 0.33999762375046727 0.3834841439607771 0.047939354576365
3 684 1283 685 0.33999762375046727 0.3834841439607771 0.047939354576365
3 684 1021 1020 0.33999762375046727 0.3834841439607771 0.047939354576365
3 685 1021 684 0.33999762375046727 0.3834841439607771 0.047939354576365
3 695 694 605 0.33999762375046727 0.3834841439607771 0.047939354576365
3 922 694 695 0.33999762375046727 0.3834841439607771 0.047939354576365
3 699 698 609 0.33999762375046727 0.3834841439607771 0.047939354576365
3 504 610 609 0.33999762375046727 0.3834841439607771 0.047939354576365
3 609 610 699 0.33999762375046727 0.3834841439607771 0.047939354576365
3 700 611 701 0.33999762375046727 0.3834841439607771 0.047939354576365
3 701 611 612 0.33999762375046727 0.3834841439607771 0.047939354576365
3 687 1285 1286 0.33999762375046727 0.3834841439607771 0.047939354576365
3 1285 929 1286 0.33999762375046727 0.3834841439607771 0.047939354576365
3 1025 1024 688 0.33999762375046727 0.3834841439607771 0.047939354576365
3 688 1024 687 0.33999762375046727 0.3834841439607771 0.047939354576365
3 687 1286 688 0.33999762375046727 0.3834841439607771 0.047939354576365
3 930 1286 929 0.33999762375046727 0.3834841439607771 0.047939354576365
3 928 929 1285 0.33999762375046727 0.3834841439607771 0.047939354576365
3 928 927 700 0.33999762375046727 0.3834841439607771 0.047939354576365
3 700 701 928 0.33999762375046727 0.3834841439607771 0.047939354576365
3 928 701 929 0.33999762375046727 0.3834841439607771 0.047939354576365
3 685 1283 1284 0.33999762375046727 0.3834841439607771 0.047939354576365
3 1283 927 1284 0.33999762375046727 0.3834841439607771 0.047939354576365
3 1284 686 685 0.33999762375046727 0.3834841439607771 0.047939354576365
3 1285 686 1284 0.33999762375046727 0.3834841439607771 0.047939354576365
3 1284 928 1285 0.33999762375046727 0.3834841439607771 0.047939354576365
3 927 928 1284 0.33999762375046727 0.3834841439607771 0.047939354576365
3 370 371 438 0.33999762375046727 0.3834841439607771 0.047939354576365
3 438 437 370 0.33999762375046727 0.3834841439607771 0.047939354576365
3 369 1560 370 0.33999762375046727 0.3834841439607771 0.047939354576365
3 370 437 369 0.33999762375046727 0.3834841439607771 0.047939354576365
3 379 1560 1559 0.33999762375046727 0.3834841439607771 0.047939354576365
3 1564 441 1563 0.33999762375046727 0.3834841439607771 0.047939354576365
3 1563 441 440 0.33999762375046727 0.3834841439607771 0.047939354576365
3 372 439 371 0.33999762375046727 0.3834841439607771 0.047939354576365
3 371 1562 372 0.33999762375046727 0.3834841439607771 0.047939354576365
3 440 439 372 0.33999762375046727 0.3834841439607771 0.047939354576365
3 372 1563 440 0.33999762375046727 0.3834841439607771 0.047939354576365
3 1562 1563 372 0.33999762375046727 0.3834841439607771 0.047939354576365
3 1556 376 1557 0.33999762375046727 0.3834841439607771 0.047939354576365
3 367 366 1557 0.33999762375046727 0.3834841439607771 0.047939354576365
3 1557 366 1556 0.33999762375046727 0.3834841439607771 0.047939354576365
3 1557 376 377 0.33999762375046727 0.3834841439607771 0.047939354576365
3 1557 1558 367 0.33999762375046727 0.3834841439607771 0.047939354576365
3 377 1558 1557 0.33999762375046727 0.3834841439607771 0.047939354576365
3 368 1558 1559 0.33999762375046727 0.3834841439607771 0.047939354576365
3 368 1559 369 0.33999762375046727 0.3834841439607771 0.047939354576365
3 369 436 368 0.33999762375046727 0.3834841439607771 0.047939354576365
3 367 1558 368 0.33999762375046727 0.3834841439607771 0.047939354576365
3 368 435 367 0.33999762375046727 0.3834841439607771 0.047939354576365
3 436 435 368 0.33999762375046727 0.3834841439607771 0.047939354576365
3 732 731 1135 0.33999762375046727 0.3834841439607771 0.047939354576365
3 1156 666 1157 0.33999762375046727 0.3834841439607771 0.047939354576365
3 1139 1354 1138 0.33999762375046727 0.3834841439607771 0.047939354576365
3 1461 1460 1121 0.33999762375046727 0.3834841439607771 0.047939354576365
3 1120 1354 1121 0.33999762375046727 0.3834841439607771 0.047939354576365
3 1121 1460 1120 0.33999762375046727 0.3834841439607771 0.047939354576365
3 1594 1337 1595 0.33999762375046727 0.3834841439607771 0.047939354576365
3 1595 1596 1317 0.33999762375046727 0.3834841439607771 0.047939354576365
3 1595 1337 1338 0.33999762375046727 0.3834841439607771 0.047939354576365
3 1338 1596 1595 0.33999762375046727 0.3834841439607771 0.047939354576365
3 29 30 1360 0.33999762375046727 0.3834841439607771 0.047939354576365
3 30 543 1360 0.33999762375046727 0.3834841439607771 0.047939354576365
3 31 32 453 0.33999762375046727 0.3834841439607771 0.047939354576365
3 453 543 31 0.33999762375046727 0.3834841439607771 0.047939354576365
3 455 454 1163 0.33999762375046727 0.3834841439607771 0.047939354576365
3 545 455 546 0.33999762375046727 0.3834841439607771 0.047939354576365
3 454 455 545 0.33999762375046727 0.3834841439607771 0.047939354576365
3 1134 1133 743 0.33999762375046727 0.3834841439607771 0.047939354576365
3 1135 731 1134 0.33999762375046727 0.3834841439607771 0.047939354576365
3 1134 731 730 0.33999762375046727 0.3834841439607771 0.047939354576365
3 730 1133 1134 0.33999762375046727 0.3834841439607771 0.047939354576365
3 730 1349 729 0.33999762375046727 0.3834841439607771 0.047939354576365
3 729 1133 730 0.33999762375046727 0.3834841439607771 0.047939354576365
3 653 1479 1478 0.33999762375046727 0.3834841439607771 0.047939354576365
3 1362 545 1363 0.33999762375046727 0.3834841439607771 0.047939354576365
3 1363 545 546 0.33999762375046727 0.3834841439607771 0.047939354576365
3 1476 745 744 0.33999762375046727 0.3834841439607771 0.047939354576365
3 744 1475 1476 0.33999762375046727 0.3834841439607771 0.047939354576365
3 744 745 1135 0.33999762375046727 0.3834841439607771 0.047939354576365
3 743 1475 744 0.33999762375046727 0.3834841439607771 0.047939354576365
3 1135 1134 744 0.33999762375046727 0.3834841439607771 0.047939354576365
3 744 1134 743 0.33999762375046727 0.3834841439607771 0.047939354576365
3 1478 1477 652 0.33999762375046727 0.3834841439607771 0.047939354576365
3 652 653 1478 0.33999762375046727 0.3834841439607771 0.047939354576365
3 1154 653 652 0.33999762375046727 0.3834841439607771 0.047939354576365
3 1174 1374 1373 0.33999762375046727 0.3834841439607771 0.047939354576365
3 1175 1374 1174 0.33999762375046727 0.3834841439607771 0.047939354576365
3 1371 553 554 0.33999762375046727 0.3834841439607771 0.047939354576365
3 554 1372 1371 0.33999762375046727 0.3834841439607771 0.047939354576365
3 1373 1372 554 0.33999762375046727 0.3834841439607771 0.047939354576365
3 554 1174 1373 0.33999762375046727 0.3834841439607771 0.047939354576365
3 1062 1330 1329 0.33999762375046727 0.3834841439607771 0.047939354576365
3 1063 1330 1062 0.33999762375046727 0.3834841439607771 0.047939354576365
3 1329 452 1062 0.33999762375046727 0.3834841439607771 0.047939354576365
3 452 1061 1062 0.33999762375046727 0.3834841439607771 0.047939354576365
3 1584 853 854 0.33999762375046727 0.3834841439607771 0.047939354576365
3 527 855 854 0.33999762375046727 0.3834841439607771 0.047939354576365
3 854 1585 1584 0.33999762375046727 0.3834841439607771 0.047939354576365
3 854 855 1585 0.33999762375046727 0.3834841439607771 0.047939354576365
3 528 855 527 0.33999762375046727 0.3834841439607771 0.047939354576365
3 1585 855 1586 0.33999762375046727 0.3834841439607771 0.047939354576365
3 1228 1585 1586 0.33999762375046727 0.3834841439607771 0.047939354576365
3 1458 950 1457 0.33999762375046727 0.3834841439607771 0.047939354576365
3 640 1117 1457 0.33999762375046727 0.3834841439607771 0.047939354576365
3 1457 1118 1458 0.33999762375046727 0.3834841439607771 0.047939354576365
3 1117 1118 1457 0.33999762375046727 0.3834841439607771 0.047939354576365
3 1590 1589 859 0.33999762375046727 0.3834841439607771 0.047939354576365
3 1590 1591 1233 0.33999762375046727 0.3834841439607771 0.047939354576365
3 1233 1232 1590 0.33999762375046727 0.3834841439607771 0.047939354576365
3 1232 1589 1590 0.33999762375046727 0.3834841439607771 0.047939354576365
3 1064 1065 1332 0.33999762375046727 0.3834841439607771 0.047939354576365
3 1332 1331 1064 0.33999762375046727 0.3834841439607771 0.047939354576365
3 1332 1065 1333 0.33999762375046727 0.3834841439607771 0.047939354576365
3 1588 1587 857 0.33999762375046727 0.3834841439607771 0.047939354576365
3 857 858 1588 0.33999762375046727 0.3834841439607771 0.047939354576365
3 1312 1048 1047 0.33999762375046727 0.3834841439607771 0.047939354576365
3 1047 1311 1312 0.33999762375046727 0.3834841439607771 0.047939354576365
3 1312 1311 1233 0.33999762375046727 0.3834841439607771 0.047939354576365
3 845 1311 1310 0.33999762375046727 0.3834841439607771 0.047939354576365
3 845 844 1232 0.33999762375046727 0.3834841439607771 0.047939354576365
3 1310 844 845 0.33999762375046727 0.3834841439607771 0.047939354576365
3 845 1232 1233 0.33999762375046727 0.3834841439607771 0.047939354576365
3 1233 1311 845 0.33999762375046727 0.3834841439607771 0.047939354576365
3 1044 1045 1564 0.33999762375046727 0.3834841439607771 0.047939354576365
3 1564 1563 1044 0.33999762375046727 0.3834841439607771 0.047939354576365
3 1231 1589 1232 0.33999762375046727 0.3834841439607771 0.047939354576365
3 1232 844 1231 0.33999762375046727 0.3834841439607771 0.047939354576365
3 1588 1589 1231 0.33999762375046727 0.3834841439607771 0.047939354576365
3 1231 1230 1588 0.33999762375046727 0.3834841439607771 0.047939354576365
3 1573 1596 1574 0.33999762375046727 0.3834841439607771 0.047939354576365
3 1317 1596 1573 0.33999762375046727 0.3834841439607771 0.047939354576365
3 1574 1297 1573 0.33999762375046727 0.3834841439607771 0.047939354576365
3 1573 1572 1317 0.33999762375046727 0.3834841439607771 0.047939354576365
3 1237 1315 1594 0.33999762375046727 0.3834841439607771 0.047939354576365
3 1594 1595 1237 0.33999762375046727 0.3834841439607771 0.047939354576365
3 1336 1068 1461 0.33999762375046727 0.3834841439607771 0.047939354576365
3 1336 1337 1594 0.33999762375046727 0.3834841439607771 0.047939354576365
3 1460 1068 1067 0.33999762375046727 0.3834841439607771 0.047939354576365
3 1067 1066 951 0.33999762375046727 0.3834841439607771 0.047939354576365
3 951 1459 1067 0.33999762375046727 0.3834841439607771 0.047939354576365
3 1459 1460 1067 0.33999762375046727 0.3834841439607771 0.047939354576365
3 1131 728 727 0.33999762375046727 0.3834841439607771 0.047939354576365
3 727 1130 1131 0.33999762375046727 0.3834841439607771 0.047939354576365
3 1455 627 626 0.33999762375046727 0.3834841439607771 0.047939354576365
3 1116 1117 640 0.33999762375046727 0.3834841439607771 0.047939354576365
3 717 1117 1116 0.33999762375046727 0.3834841439607771 0.047939354576365
3 728 729 1348 0.33999762375046727 0.3834841439607771 0.047939354576365
3 1348 729 1349 0.33999762375046727 0.3834841439607771 0.047939354576365
3 1362 1363 534 0.33999762375046727 0.3834841439607771 0.047939354576365
3 649 1475 1474 0.33999762375046727 0.3834841439607771 0.047939354576365
3 1474 1475 743 0.33999762375046727 0.3834841439607771 0.047939354576365
3 645 644 1146 0.33999762375046727 0.3834841439607771 0.047939354576365
3 1133 729 1132 0.33999762375046727 0.3834841439607771 0.047939354576365
3 1132 728 1131 0.33999762375046727 0.3834841439607771 0.047939354576365
3 1132 729 728 0.33999762375046727 0.3834841439607771 0.047939354576365
3 1130 1129 739 0.33999762375046727 0.3834841439607771 0.047939354576365
3 42 43 876 0.33999762375046727 0.3834841439607771 0.047939354576365
3 954 953 321 0.33999762375046727 0.3834841439607771 0.047939354576365
3 866 211 867 0.33999762375046727 0.3834841439607771 0.047939354576365
3 866 210 211 0.33999762375046727 0.3834841439607771 0.047939354576365
3 210 866 865 0.33999762375046727 0.3834841439607771 0.047939354576365
3 420 421 588 0.33999762375046727 0.3834841439607771 0.047939354576365
3 588 587 420 0.33999762375046727 0.3834841439607771 0.047939354576365
3 588 900 587 0.33999762375046727 0.3834841439607771 0.047939354576365
3 588 421 589 0.33999762375046727 0.3834841439607771 0.047939354576365
3 588 589 901 0.33999762375046727 0.3834841439607771 0.047939354576365
3 901 900 588 0.33999762375046727 0.3834841439607771 0.047939354576365
3 350 351 1407 0.33999762375046727 0.3834841439607771 0.047939354576365
3 1407 1406 350 0.33999762375046727 0.3834841439607771 0.047939354576365
3 344 343 1408 0.33999762375046727 0.3834841439607771 0.047939354576365
3 1408 1409 344 0.33999762375046727 0.3834841439607771 0.047939354576365
3 343 1407 1408 0.33999762375046727 0.3834841439607771 0.047939354576365
3 1408 1407 351 0.33999762375046727 0.3834841439607771 0.047939354576365
3 419 418 343 0.33999762375046727 0.3834841439607771 0.047939354576365
3 419 343 344 0.33999762375046727 0.3834841439607771 0.047939354576365
3 419 344 420 0.33999762375046727 0.3834841439607771 0.047939354576365
3 420 587 419 0.33999762375046727 0.3834841439607771 0.047939354576365
3 336 900 1190 0.33999762375046727 0.3834841439607771 0.047939354576365
3 577 979 978 0.33999762375046727 0.3834841439607771 0.047939354576365
3 977 576 978 0.33999762375046727 0.3834841439607771 0.047939354576365
3 978 576 577 0.33999762375046727 0.3834841439607771 0.047939354576365
3 978 979 1521 0.33999762375046727 0.3834841439607771 0.047939354576365
3 1412 1411 1008 0.33999762375046727 0.3834841439607771 0.047939354576365
3 1008 1009 1412 0.33999762375046727 0.3834841439607771 0.047939354576365
3 905 1196 1195 0.33999762375046727 0.3834841439607771 0.047939354576365
3 904 1194 903 0.33999762375046727 0.3834841439607771 0.047939354576365
3 905 1195 904 0.33999762375046727 0.3834841439607771 0.047939354576365
3 904 1195 1194 0.33999762375046727 0.3834841439607771 0.047939354576365
3 817 1101 1272 0.33999762375046727 0.3834841439607771 0.047939354576365
3 817 816 1100 0.33999762375046727 0.3834841439607771 0.047939354576365
3 1100 1101 817 0.33999762375046727 0.3834841439607771 0.047939354576365
3 1417 1416 1014 0.33999762375046727 0.3834841439607771 0.047939354576365
3 1417 1015 1418 0.33999762375046727 0.3834841439607771 0.047939354576365
3 1014 1015 1417 0.33999762375046727 0.3834841439607771 0.047939354576365
3 1417 1196 905 0.33999762375046727 0.3834841439607771 0.047939354576365
3 905 1416 1417 0.33999762375046727 0.3834841439607771 0.047939354576365
3 1521 979 1522 0.33999762375046727 0.3834841439607771 0.047939354576365
3 1522 979 980 0.33999762375046727 0.3834841439607771 0.047939354576365
3 254 127 778 0.33999762375046727 0.3834841439607771 0.047939354576365
3 777 127 254 0.33999762375046727 0.3834841439607771 0.047939354576365
3 254 253 777 0.33999762375046727 0.3834841439607771 0.047939354576365
3 1069 253 254 0.33999762375046727 0.3834841439607771 0.047939354576365
3 237 47 48 0.33999762375046727 0.3834841439607771 0.047939354576365
3 48 762 237 0.33999762375046727 0.3834841439607771 0.047939354576365
3 671 124 134 0.33999762375046727 0.3834841439607771 0.047939354576365
3 405 558 263 0.33999762375046727 0.3834841439607771 0.047939354576365
3 133 558 405 0.33999762375046727 0.3834841439607771 0.047939354576365
3 262 557 403 0.33999762375046727 0.3834841439607771 0.047939354576365
3 404 557 262 0.33999762375046727 0.3834841439607771 0.047939354576365
3 145 567 146 0.33999762375046727 0.3834841439607771 0.047939354576365
3 968 70 145 0.33999762375046727 0.3834841439607771 0.047939354576365
3 141 140 968 0.33999762375046727 0.3834841439607771 0.047939354576365
3 136 140 476 0.33999762375046727 0.3834841439607771 0.047939354576365
3 136 1512 152 0.33999762375046727 0.3834841439607771 0.047939354576365
3 476 1512 136 0.33999762375046727 0.3834841439607771 0.047939354576365
3 137 1512 476 0.33999762375046727 0.3834841439607771 0.047939354576365
3 137 141 477 0.33999762375046727 0.3834841439607771 0.047939354576365
3 476 141 137 0.33999762375046727 0.3834841439607771 0.047939354576365
3 477 1513 137 0.33999762375046727 0.3834841439607771 0.047939354576365
3 153 1512 137 0.33999762375046727 0.3834841439607771 0.047939354576365
3 137 1513 153 0.33999762375046727 0.3834841439607771 0.047939354576365
3 560 672 671 0.33999762375046727 0.3834841439607771 0.047939354576365
3 671 134 560 0.33999762375046727 0.3834841439607771 0.047939354576365
3 407 561 560 0.33999762375046727 0.3834841439607771 0.047939354576365
3 560 561 672 0.33999762375046727 0.3834841439607771 0.047939354576365
3 560 134 406 0.33999762375046727 0.3834841439607771 0.047939354576365
3 143 479 139 0.33999762375046727 0.3834841439607771 0.047939354576365
3 143 144 479 0.33999762375046727 0.3834841439607771 0.047939354576365
3 1246 220 884 0.33999762375046727 0.3834841439607771 0.047939354576365
3 884 220 883 0.33999762375046727 0.3834841439607771 0.047939354576365
3 883 220 219 0.33999762375046727 0.3834841439607771 0.047939354576365
3 767 251 768 0.33999762375046727 0.3834841439607771 0.047939354576365
3 251 1076 768 0.33999762375046727 0.3834841439607771 0.047939354576365
3 242 1386 1385 0.33999762375046727 0.3834841439607771 0.047939354576365
3 242 241 767 0.33999762375046727 0.3834841439607771 0.047939354576365
3 1385 241 242 0.33999762375046727 0.3834841439607771 0.047939354576365
3 767 768 242 0.33999762375046727 0.3834841439607771 0.047939354576365
3 260 1075 783 0.33999762375046727 0.3834841439607771 0.047939354576365
3 251 1075 260 0.33999762375046727 0.3834841439607771 0.047939354576365
3 260 1076 251 0.33999762375046727 0.3834841439607771 0.047939354576365
3 782 1074 258 0.33999762375046727 0.3834841439607771 0.047939354576365
3 259 1074 782 0.33999762375046727 0.3834841439607771 0.047939354576365
3 782 783 259 0.33999762375046727 0.3834841439607771 0.047939354576365
3 783 1075 259 0.33999762375046727 0.3834841439607771 0.047939354576365
3 675 410 564 0.33999762375046727 0.3834841439607771 0.047939354576365
3 976 575 977 0.33999762375046727 0.3834841439607771 0.047939354576365
3 977 484 976 0.33999762375046727 0.3834841439607771 0.047939354576365
3 1498 474 401 0.33999762375046727 0.3834841439607771 0.047939354576365
3 400 1496 401 0.33999762375046727 0.3834841439607771 0.047939354576365
3 962 1498 961 0.33999762375046727 0.3834841439607771 0.047939354576365
3 473 474 1172 0.33999762375046727 0.3834841439607771 0.047939354576365
3 473 401 474 0.33999762375046727 0.3834841439607771 0.047939354576365
3 473 472 400 0.33999762375046727 0.3834841439607771 0.047939354576365
3 400 401 473 0.33999762375046727 0.3834841439607771 0.047939354576365
3 465 393 466 0.33999762375046727 0.3834841439607771 0.047939354576365
3 314 1492 313 0.33999762375046727 0.3834841439607771 0.047939354576365
3 312 955 313 0.33999762375046727 0.3834841439607771 0.047939354576365
3 313 955 956 0.33999762375046727 0.3834841439607771 0.047939354576365
3 956 314 313 0.33999762375046727 0.3834841439607771 0.047939354576365
3 1490 1489 312 0.33999762375046727 0.3834841439607771 0.047939354576365
3 1395 1394 1083 0.33999762375046727 0.3834841439607771 0.047939354576365
3 1250 1251 873 0.33999762375046727 0.3834841439607771 0.047939354576365
3 889 1251 1250 0.33999762375046727 0.3834841439607771 0.047939354576365
3 1250 888 889 0.33999762375046727 0.3834841439607771 0.047939354576365
3 867 211 212 0.33999762375046727 0.3834841439607771 0.047939354576365
3 212 868 867 0.33999762375046727 0.3834841439607771 0.047939354576365
3 318 1496 317 0.33999762375046727 0.3834841439607771 0.047939354576365
3 318 960 961 0.33999762375046727 0.3834841439607771 0.047939354576365
3 1493 315 1494 0.33999762375046727 0.3834841439607771 0.047939354576365
3 326 325 868 0.33999762375046727 0.3834841439607771 0.047939354576365
3 325 326 958 0.33999762375046727 0.3834841439607771 0.047939354576365
3 1161 1378 1485 0.33999762375046727 0.3834841439607771 0.047939354576365
3 1377 1378 1161 0.33999762375046727 0.3834841439607771 0.047939354576365
3 1161 1485 1484 0.33999762375046727 0.3834841439607771 0.047939354576365
3 1484 1160 1161 0.33999762375046727 0.3834841439607771 0.047939354576365
3 1161 1160 1377 0.33999762375046727 0.3834841439607771 0.047939354576365
3 1359 1485 1486 0.33999762375046727 0.3834841439607771 0.047939354576365
3 1486 1465 1359 0.33999762375046727 0.3834841439607771 0.047939354576365
3 1487 1465 1486 0.33999762375046727 0.3834841439607771 0.047939354576365
3 1486 1380 1487 0.33999762375046727 0.3834841439607771 0.047939354576365
3 1504 1178 1503 0.33999762375046727 0.3834841439607771 0.047939354576365
3 1376 1178 1377 0.33999762375046727 0.3834841439607771 0.047939354576365
3 1376 1160 1375 0.33999762375046727 0.3834841439607771 0.047939354576365
3 1377 1160 1376 0.33999762375046727 0.3834841439607771 0.047939354576365
3 1418 1419 1198 0.33999762375046727 0.3834841439607771 0.047939354576365
3 581 580 413 0.33999762375046727 0.3834841439607771 0.047939354576365
3 413 414 581 0.33999762375046727 0.3834841439607771 0.047939354576365
3 414 582 581 0.33999762375046727 0.3834841439607771 0.047939354576365
3 156 72 73 0.33999762375046727 0.3834841439607771 0.047939354576365
3 156 567 72 0.33999762375046727 0.3834841439607771 0.047939354576365
3 412 579 78 0.33999762375046727 0.3834841439607771 0.047939354576365
3 412 580 579 0.33999762375046727 0.3834841439607771 0.047939354576365
3 412 78 79 0.33999762375046727 0.3834841439607771 0.047939354576365
3 413 580 412 0.33999762375046727 0.3834841439607771 0.047939354576365
3 79 337 412 0.33999762375046727 0.3834841439607771 0.047939354576365
3 412 337 413 0.33999762375046727 0.3834841439607771 0.047939354576365
3 384 383 302 0.33999762375046727 0.3834841439607771 0.047939354576365
3 302 303 384 0.33999762375046727 0.3834841439607771 0.047939354576365
3 521 383 384 0.33999762375046727 0.3834841439607771 0.047939354576365
3 384 303 385 0.33999762375046727 0.3834841439607771 0.047939354576365
3 385 522 384 0.33999762375046727 0.3834841439607771 0.047939354576365
3 384 522 521 0.33999762375046727 0.3834841439607771 0.047939354576365
3 619 940 618 0.33999762375046727 0.3834841439607771 0.047939354576365
3 1054 938 939 0.33999762375046727 0.3834841439607771 0.047939354576365
3 938 617 939 0.33999762375046727 0.3834841439607771 0.047939354576365
3 618 940 939 0.33999762375046727 0.3834841439607771 0.047939354576365
3 939 617 618 0.33999762375046727 0.3834841439607771 0.047939354576365
3 1054 446 445 0.33999762375046727 0.3834841439607771 0.047939354576365
3 1321 444 445 0.33999762375046727 0.3834841439607771 0.047939354576365
3 445 444 1053 0.33999762375046727 0.3834841439607771 0.047939354576365
3 1053 1054 445 0.33999762375046727 0.3834841439607771 0.047939354576365
3 1322 201 1321 0.33999762375046727 0.3834841439607771 0.047939354576365
3 1321 445 1322 0.33999762375046727 0.3834841439607771 0.047939354576365
3 1322 445 446 0.33999762375046727 0.3834841439607771 0.047939354576365
3 1322 446 1323 0.33999762375046727 0.3834841439607771 0.047939354576365
3 1055 446 1054 0.33999762375046727 0.3834841439607771 0.047939354576365
3 1055 940 1056 0.33999762375046727 0.3834841439607771 0.047939354576365
3 1054 939 1055 0.33999762375046727 0.3834841439607771 0.047939354576365
3 1055 939 940 0.33999762375046727 0.3834841439607771 0.047939354576365
3 1323 446 447 0.33999762375046727 0.3834841439607771 0.047939354576365
3 447 1055 1056 0.33999762375046727 0.3834841439607771 0.047939354576365
3 446 1055 447 0.33999762375046727 0.3834841439607771 0.047939354576365
3 202 306 201 0.33999762375046727 0.3834841439607771 0.047939354576365
3 202 1322 1323 0.33999762375046727 0.3834841439607771 0.047939354576365
3 201 1322 202 0.33999762375046727 0.3834841439607771 0.047939354576365
3 1060 452 451 0.33999762375046727 0.3834841439607771 0.047939354576365
3 452 1328 451 0.33999762375046727 0.3834841439607771 0.047939354576365
3 500 436 501 0.33999762375046727 0.3834841439607771 0.047939354576365
3 436 437 501 0.33999762375046727 0.3834841439607771 0.047939354576365
3 1226 838 1225 0.33999762375046727 0.3834841439607771 0.047939354576365
3 1225 1583 1226 0.33999762375046727 0.3834841439607771 0.047939354576365
3 839 838 1226 0.33999762375046727 0.3834841439607771 0.047939354576365
3 1226 1227 839 0.33999762375046727 0.3834841439607771 0.047939354576365
3 1584 1227 1226 0.33999762375046727 0.3834841439607771 0.047939354576365
3 1226 1583 1584 0.33999762375046727 0.3834841439607771 0.047939354576365
3 1034 115 116 0.33999762375046727 0.3834841439607771 0.047939354576365
3 116 508 1034 0.33999762375046727 0.3834841439607771 0.047939354576365
3 1034 373 115 0.33999762375046727 0.3834841439607771 0.047939354576365
3 1034 1035 373 0.33999762375046727 0.3834841439607771 0.047939354576365
3 1299 1300 509 0.33999762375046727 0.3834841439607771 0.047939354576365
3 1035 1034 509 0.33999762375046727 0.3834841439607771 0.047939354576365
3 509 508 1299 0.33999762375046727 0.3834841439607771 0.047939354576365
3 509 1034 508 0.33999762375046727 0.3834841439607771 0.047939354576365
3 1036 1035 510 0.33999762375046727 0.3834841439607771 0.047939354576365
3 510 1300 1301 0.33999762375046727 0.3834841439607771 0.047939354576365
3 1035 509 510 0.33999762375046727 0.3834841439607771 0.047939354576365
3 510 509 1300 0.33999762375046727 0.3834841439607771 0.047939354576365
3 1301 511 510 0.33999762375046727 0.3834841439607771 0.047939354576365
3 510 511 1036 0.33999762375046727 0.3834841439607771 0.047939354576365
3 125 122 776 0.33999762375046727 0.3834841439607771 0.047939354576365
3 776 122 126 0.33999762375046727 0.3834841439607771 0.047939354576365
3 126 253 776 0.33999762375046727 0.3834841439607771 0.047939354576365
3 52 125 776 0.33999762375046727 0.3834841439607771 0.047939354576365
3 776 253 52 0.33999762375046727 0.3834841439607771 0.047939354576365
3 99 1200 98 0.33999762375046727 0.3834841439607771 0.047939354576365
3 1200 355 98 0.33999762375046727 0.3834841439607771 0.047939354576365
3 906 355 356 0.33999762375046727 0.3834841439607771 0.047939354576365
3 1535 1536 288 0.33999762375046727 0.3834841439607771 0.047939354576365
3 288 1536 289 0.33999762375046727 0.3834841439607771 0.047939354576365
3 1258 87 88 0.33999762375046727 0.3834841439607771 0.047939354576365
3 88 176 1258 0.33999762375046727 0.3834841439607771 0.047939354576365
3 176 804 177 0.33999762375046727 0.3834841439607771 0.047939354576365
3 804 805 177 0.33999762375046727 0.3834841439607771 0.047939354576365
3 177 805 178 0.33999762375046727 0.3834841439607771 0.047939354576365
3 1259 176 177 0.33999762375046727 0.3834841439607771 0.047939354576365
3 178 1260 177 0.33999762375046727 0.3834841439607771 0.047939354576365
3 177 1260 1259 0.33999762375046727 0.3834841439607771 0.047939354576365
3 178 805 806 0.33999762375046727 0.3834841439607771 0.047939354576365
3 806 179 178 0.33999762375046727 0.3834841439607771 0.047939354576365
3 807 179 806 0.33999762375046727 0.3834841439607771 0.047939354576365
3 1091 187 186 0.33999762375046727 0.3834841439607771 0.047939354576365
3 186 1090 1091 0.33999762375046727 0.3834841439607771 0.047939354576365
3 186 808 807 0.33999762375046727 0.3834841439607771 0.047939354576365
3 186 187 808 0.33999762375046727 0.3834841439607771 0.047939354576365
3 427 428 1205 0.33999762375046727 0.3834841439607771 0.047939354576365
3 1205 1204 427 0.33999762375046727 0.3834841439607771 0.047939354576365
3 990 428 427 0.33999762375046727 0.3834841439607771 0.047939354576365
3 427 1204 426 0.33999762375046727 0.3834841439607771 0.047939354576365
3 427 989 990 0.33999762375046727 0.3834841439607771 0.047939354576365
3 426 989 427 0.33999762375046727 0.3834841439607771 0.047939354576365
3 911 360 361 0.33999762375046727 0.3834841439607771 0.047939354576365
3 361 912 911 0.33999762375046727 0.3834841439607771 0.047939354576365
3 362 912 361 0.33999762375046727 0.3834841439607771 0.047939354576365
3 361 360 1206 0.33999762375046727 0.3834841439607771 0.047939354576365
3 910 297 296 0.33999762375046727 0.3834841439607771 0.047939354576365
3 296 295 909 0.33999762375046727 0.3834841439607771 0.047939354576365
3 909 910 296 0.33999762375046727 0.3834841439607771 0.047939354576365
3 296 297 1535 0.33999762375046727 0.3834841439607771 0.047939354576365
3 1535 1534 296 0.33999762375046727 0.3834841439607771 0.047939354576365
3 296 1534 295 0.33999762375046727 0.3834841439607771 0.047939354576365
3 1093 188 1092 0.33999762375046727 0.3834841439607771 0.047939354576365
3 1092 196 1093 0.33999762375046727 0.3834841439607771 0.047939354576365
3 797 796 175 0.33999762375046727 0.3834841439607771 0.047939354576365
3 1264 1265 175 0.33999762375046727 0.3834841439607771 0.047939354576365
3 175 1265 797 0.33999762375046727 0.3834841439607771 0.047939354576365
3 1006 282 283 0.33999762375046727 0.3834841439607771 0.047939354576365
3 283 796 284 0.33999762375046727 0.3834841439607771 0.047939354576365
3 283 1007 1006 0.33999762375046727 0.3834841439607771 0.047939354576365
3 283 284 1007 0.33999762375046727 0.3834841439607771 0.047939354576365
3 795 794 173 0.33999762375046727 0.3834841439607771 0.047939354576365
3 282 794 795 0.33999762375046727 0.3834841439607771 0.047939354576365
3 795 283 282 0.33999762375046727 0.3834841439607771 0.047939354576365
3 796 283 795 0.33999762375046727 0.3834841439607771 0.047939354576365
3 1266 1265 811 0.33999762375046727 0.3834841439607771 0.047939354576365
3 1268 800 1267 0.33999762375046727 0.3834841439607771 0.047939354576365
3 1268 814 1269 0.33999762375046727 0.3834841439607771 0.047939354576365
3 1268 1267 813 0.33999762375046727 0.3834841439607771 0.047939354576365
3 813 814 1268 0.33999762375046727 0.3834841439607771 0.047939354576365
3 1012 1011 801 0.33999762375046727 0.3834841439607771 0.047939354576365
3 1011 800 801 0.33999762375046727 0.3834841439607771 0.047939354576365
3 801 1268 1269 0.33999762375046727 0.3834841439607771 0.047939354576365
3 800 1268 801 0.33999762375046727 0.3834841439607771 0.047939354576365
3 815 814 1098 0.33999762375046727 0.3834841439607771 0.047939354576365
3 1269 814 815 0.33999762375046727 0.3834841439607771 0.047939354576365
3 815 1270 1269 0.33999762375046727 0.3834841439607771 0.047939354576365
3 816 1270 815 0.33999762375046727 0.3834841439607771 0.047939354576365
3 913 300 299 0.33999762375046727 0.3834841439607771 0.047939354576365
3 299 912 913 0.33999762375046727 0.3834841439607771 0.047939354576365
3 363 914 913 0.33999762375046727 0.3834841439607771 0.047939354576365
3 913 914 300 0.33999762375046727 0.3834841439607771 0.047939354576365
3 913 362 363 0.33999762375046727 0.3834841439607771 0.047939354576365
3 913 912 362 0.33999762375046727 0.3834841439607771 0.047939354576365
3 1274 1273 1103 0.33999762375046727 0.3834841439607771 0.047939354576365
3 1274 1104 1275 0.33999762375046727 0.3834841439607771 0.047939354576365
3 1274 1103 1104 0.33999762375046727 0.3834841439607771 0.047939354576365
3 1275 1016 1274 0.33999762375046727 0.3834841439607771 0.047939354576365
3 1016 1273 1274 0.33999762375046727 0.3834841439607771 0.047939354576365
3 1102 1548 1103 0.33999762375046727 0.3834841439607771 0.047939354576365
3 1103 1273 1102 0.33999762375046727 0.3834841439607771 0.047939354576365
3 1547 1548 1102 0.33999762375046727 0.3834841439607771 0.047939354576365
3 1102 1101 1547 0.33999762375046727 0.3834841439607771 0.047939354576365
3 1102 1273 1272 0.33999762375046727 0.3834841439607771 0.047939354576365
3 1272 1101 1102 0.33999762375046727 0.3834841439607771 0.047939354576365
3 1099 831 1100 0.33999762375046727 0.3834841439607771 0.047939354576365
3 1100 816 1099 0.33999762375046727 0.3834841439607771 0.047939354576365
3 1099 815 1098 0.33999762375046727 0.3834841439607771 0.047939354576365
3 816 815 1099 0.33999762375046727 0.3834841439607771 0.047939354576365
3 830 829 1544 0.33999762375046727 0.3834841439607771 0.047939354576365
3 831 1099 830 0.33999762375046727 0.3834841439607771 0.047939354576365
3 1098 829 830 0.33999762375046727 0.3834841439607771 0.047939354576365
3 830 1099 1098 0.33999762375046727 0.3834841439607771 0.047939354576365
3 1546 1216 1547 0.33999762375046727 0.3834841439607771 0.047939354576365
3 1546 920 1216 0.33999762375046727 0.3834841439607771 0.047939354576365
3 1547 831 1546 0.33999762375046727 0.3834841439607771 0.047939354576365
3 828 1096 827 0.33999762375046727 0.3834841439607771 0.047939354576365
3 827 1542 828 0.33999762375046727 0.3834841439607771 0.047939354576365
3 827 826 1541 0.33999762375046727 0.3834841439607771 0.047939354576365
3 1541 1542 827 0.33999762375046727 0.3834841439607771 0.047939354576365
3 431 993 994 0.33999762375046727 0.3834841439607771 0.047939354576365
3 994 993 496 0.33999762375046727 0.3834841439607771 0.047939354576365
3 994 1209 431 0.33999762375046727 0.3834841439607771 0.047939354576365
3 994 995 1209 0.33999762375046727 0.3834841439607771 0.047939354576365
3 994 496 1434 0.33999762375046727 0.3834841439607771 0.047939354576365
3 1434 1435 994 0.33999762375046727 0.3834841439607771 0.047939354576365
3 1435 995 994 0.33999762375046727 0.3834841439607771 0.047939354576365
3 299 300 1538 0.33999762375046727 0.3834841439607771 0.047939354576365
3 300 1539 1538 0.33999762375046727 0.3834841439607771 0.047939354576365
3 1537 299 1538 0.33999762375046727 0.3834841439607771 0.047939354576365
3 1538 1539 291 0.33999762375046727 0.3834841439607771 0.047939354576365
3 1538 290 1537 0.33999762375046727 0.3834841439607771 0.047939354576365
3 291 290 1538 0.33999762375046727 0.3834841439607771 0.047939354576365
3 1212 1211 996 0.33999762375046727 0.3834841439607771 0.047939354576365
3 917 1542 916 0.33999762375046727 0.3834841439607771 0.047939354576365
3 916 1211 917 0.33999762375046727 0.3834841439607771 0.047939354576365
3 1211 1212 917 0.33999762375046727 0.3834841439607771 0.047939354576365
3 985 487 488 0.33999762375046727 0.3834841439607771 0.047939354576365
3 487 1425 488 0.33999762375046727 0.3834841439607771 0.047939354576365
3 600 599 1026 0.33999762375046727 0.3834841439607771 0.047939354576365
3 690 1027 1026 0.33999762375046727 0.3834841439607771 0.047939354576365
3 1027 600 1026 0.33999762375046727 0.3834841439607771 0.047939354576365
3 1026 599 1025 0.33999762375046727 0.3834841439607771 0.047939354576365
3 1571 1572 1294 0.33999762375046727 0.3834841439607771 0.047939354576365
3 1294 1293 1571 0.33999762375046727 0.3834841439607771 0.047939354576365
3 1571 1293 1570 0.33999762375046727 0.3834841439607771 0.047939354576365
3 1571 1570 1315 0.33999762375046727 0.3834841439607771 0.047939354576365
3 1315 1570 1050 0.33999762375046727 0.3834841439607771 0.047939354576365
3 1050 1570 1569 0.33999762375046727 0.3834841439607771 0.047939354576365
3 1569 1049 1050 0.33999762375046727 0.3834841439607771 0.047939354576365
3 1594 1236 1593 0.33999762375046727 0.3834841439607771 0.047939354576365
3 1593 1336 1594 0.33999762375046727 0.3834841439607771 0.047939354576365
3 1294 1572 1295 0.33999762375046727 0.3834841439607771 0.047939354576365
3 1216 920 1215 0.33999762375046727 0.3834841439607771 0.047939354576365
3 1440 1216 1215 0.33999762375046727 0.3834841439607771 0.047939354576365
3 1215 1439 1440 0.33999762375046727 0.3834841439607771 0.047939354576365
3 1438 1439 999 0.33999762375046727 0.3834841439607771 0.047939354576365
3 1439 1215 999 0.33999762375046727 0.3834841439607771 0.047939354576365
3 425 424 987 0.33999762375046727 0.3834841439607771 0.047939354576365
3 987 988 425 0.33999762375046727 0.3834841439607771 0.047939354576365
3 492 1429 1430 0.33999762375046727 0.3834841439607771 0.047939354576365
3 493 492 1430 0.33999762375046727 0.3834841439607771 0.047939354576365
3 598 599 1430 0.33999762375046727 0.3834841439607771 0.047939354576365
3 1430 1429 598 0.33999762375046727 0.3834841439607771 0.047939354576365
3 1431 493 1430 0.33999762375046727 0.3834841439607771 0.047939354576365
3 1430 599 1431 0.33999762375046727 0.3834841439607771 0.047939354576365
3 922 695 923 0.33999762375046727 0.3834841439607771 0.047939354576365
3 923 924 1280 0.33999762375046727 0.3834841439607771 0.047939354576365
3 696 924 923 0.33999762375046727 0.3834841439607771 0.047939354576365
3 923 695 696 0.33999762375046727 0.3834841439607771 0.047939354576365
3 1280 1279 923 0.33999762375046727 0.3834841439607771 0.047939354576365
3 1279 922 923 0.33999762375046727 0.3834841439607771 0.047939354576365
3 614 704 703 0.33999762375046727 0.3834841439607771 0.047939354576365
3 703 613 614 0.33999762375046727 0.3834841439607771 0.047939354576365
3 1288 1289 690 0.33999762375046727 0.3834841439607771 0.047939354576365
3 932 1289 1288 0.33999762375046727 0.3834841439607771 0.047939354576365
3 378 379 1559 0.33999762375046727 0.3834841439607771 0.047939354576365
3 1559 1558 378 0.33999762375046727 0.3834841439607771 0.047939354576365
3 378 1558 377 0.33999762375046727 0.3834841439607771 0.047939354576365
3 377 1039 378 0.33999762375046727 0.3834841439607771 0.047939354576365
3 1306 841 1307 0.33999762375046727 0.3834841439607771 0.047939354576365
3 842 1308 1307 0.33999762375046727 0.3834841439607771 0.047939354576365
3 1307 841 842 0.33999762375046727 0.3834841439607771 0.047939354576365
3 515 1306 516 0.33999762375046727 0.3834841439607771 0.047939354576365
3 1306 1307 516 0.33999762375046727 0.3834841439607771 0.047939354576365
3 1560 379 380 0.33999762375046727 0.3834841439607771 0.047939354576365
3 731 732 1351 0.33999762375046727 0.3834841439607771 0.047939354576365
3 718 1350 1351 0.33999762375046727 0.3834841439607771 0.047939354576365
3 1351 1350 731 0.33999762375046727 0.3834841439607771 0.047939354576365
3 1351 732 1352 0.33999762375046727 0.3834841439607771 0.047939354576365
3 1352 732 733 0.33999762375046727 0.3834841439607771 0.047939354576365
3 1353 1352 733 0.33999762375046727 0.3834841439607771 0.047939354576365
3 733 1137 1353 0.33999762375046727 0.3834841439607771 0.047939354576365
3 1158 1374 1159 0.33999762375046727 0.3834841439607771 0.047939354576365
3 1157 1373 1158 0.33999762375046727 0.3834841439607771 0.047939354576365
3 1373 1374 1158 0.33999762375046727 0.3834841439607771 0.047939354576365
3 1462 1336 1461 0.33999762375046727 0.3834841439607771 0.047939354576365
3 1462 1463 1337 0.33999762375046727 0.3834841439607771 0.047939354576365
3 1337 1336 1462 0.33999762375046727 0.3834841439607771 0.047939354576365
3 1358 1463 1357 0.33999762375046727 0.3834841439607771 0.047939354576365
3 1138 1479 1480 0.33999762375046727 0.3834841439607771 0.047939354576365
3 1480 1139 1138 0.33999762375046727 0.3834841439607771 0.047939354576365
3 1480 1156 1157 0.33999762375046727 0.3834841439607771 0.047939354576365
3 1461 1121 1122 0.33999762375046727 0.3834841439607771 0.047939354576365
3 1122 1462 1461 0.33999762375046727 0.3834841439607771 0.047939354576365
3 1356 1462 1122 0.33999762375046727 0.3834841439607771 0.047939354576365
3 1317 1572 1316 0.33999762375046727 0.3834841439607771 0.047939354576365
3 1316 1595 1317 0.33999762375046727 0.3834841439607771 0.047939354576365
3 1316 1237 1595 0.33999762375046727 0.3834841439607771 0.047939354576365
3 1572 1571 1316 0.33999762375046727 0.3834841439607771 0.047939354576365
3 1315 1237 1316 0.33999762375046727 0.3834841439607771 0.047939354576365
3 1316 1571 1315 0.33999762375046727 0.3834841439607771 0.047939354576365
3 548 547 457 0.33999762375046727 0.3834841439607771 0.047939354576365
3 549 548 458 0.33999762375046727 0.3834841439607771 0.047939354576365
3 458 548 457 0.33999762375046727 0.3834841439607771 0.047939354576365
3 1361 1360 543 0.33999762375046727 0.3834841439607771 0.047939354576365
3 532 1360 1361 0.33999762375046727 0.3834841439607771 0.047939354576365
3 1162 453 32 0.33999762375046727 0.3834841439607771 0.047939354576365
3 1162 464 1163 0.33999762375046727 0.3834841439607771 0.047939354576365
3 1163 454 1162 0.33999762375046727 0.3834841439607771 0.047939354576365
3 454 453 1162 0.33999762375046727 0.3834841439607771 0.047939354576365
3 33 464 1162 0.33999762375046727 0.3834841439607771 0.047939354576365
3 1162 32 33 0.33999762375046727 0.3834841439607771 0.047939354576365
3 456 547 546 0.33999762375046727 0.3834841439607771 0.047939354576365
3 546 455 456 0.33999762375046727 0.3834841439607771 0.047939354576365
3 457 547 456 0.33999762375046727 0.3834841439607771 0.047939354576365
3 456 1165 457 0.33999762375046727 0.3834841439607771 0.047939354576365
3 544 453 454 0.33999762375046727 0.3834841439607771 0.047939354576365
3 454 545 544 0.33999762375046727 0.3834841439607771 0.047939354576365
3 543 453 544 0.33999762375046727 0.3834841439607771 0.047939354576365
3 544 545 1362 0.33999762375046727 0.3834841439607771 0.047939354576365
3 1362 1361 544 0.33999762375046727 0.3834841439607771 0.047939354576365
3 544 1361 543 0.33999762375046727 0.3834841439607771 0.047939354576365
3 1479 653 1155 0.33999762375046727 0.3834841439607771 0.047939354576365
3 1155 1480 1479 0.33999762375046727 0.3834841439607771 0.047939354576365
3 1156 1480 1155 0.33999762375046727 0.3834841439607771 0.047939354576365
3 666 1156 1155 0.33999762375046727 0.3834841439607771 0.047939354576365
3 1155 653 1154 0.33999762375046727 0.3834841439607771 0.047939354576365
3 1371 666 542 0.33999762375046727 0.3834841439607771 0.047939354576365
3 1151 650 649 0.33999762375046727 0.3834841439607771 0.047939354576365
3 1152 650 1151 0.33999762375046727 0.3834841439607771 0.047939354576365
3 1366 548 549 0.33999762375046727 0.3834841439607771 0.047939354576365
3 546 547 1364 0.33999762375046727 0.3834841439607771 0.047939354576365
3 1364 1363 546 0.33999762375046727 0.3834841439607771 0.047939354576365
3 651 652 1477 0.33999762375046727 0.3834841439607771 0.047939354576365
3 651 650 1152 0.33999762375046727 0.3834841439607771 0.047939354576365
3 1476 650 651 0.33999762375046727 0.3834841439607771 0.047939354576365
3 651 1477 1476 0.33999762375046727 0.3834841439607771 0.047939354576365
3 1499 474 1498 0.33999762375046727 0.3834841439607771 0.047939354576365
3 1499 1174 474 0.33999762375046727 0.3834841439607771 0.047939354576365
3 1498 962 1499 0.33999762375046727 0.3834841439607771 0.047939354576365
3 1499 962 963 0.33999762375046727 0.3834841439607771 0.047939354576365
3 1174 554 1173 0.33999762375046727 0.3834841439607771 0.047939354576365
3 1172 474 1173 0.33999762375046727 0.3834841439607771 0.047939354576365
3 474 1174 1173 0.33999762375046727 0.3834841439607771 0.047939354576365
3 946 1062 1061 0.33999762375046727 0.3834841439607771 0.047939354576365
3 391 1328 529 0.33999762375046727 0.3834841439607771 0.047939354576365
3 529 528 391 0.33999762375046727 0.3834841439607771 0.047939354576365
3 856 1586 855 0.33999762375046727 0.3834841439607771 0.047939354576365
3 856 528 529 0.33999762375046727 0.3834841439607771 0.047939354576365
3 855 528 856 0.33999762375046727 0.3834841439607771 0.047939354576365
3 529 857 856 0.33999762375046727 0.3834841439607771 0.047939354576365
3 1587 1586 856 0.33999762375046727 0.3834841439607771 0.047939354576365
3 856 857 1587 0.33999762375046727 0.3834841439607771 0.047939354576365
3 1229 841 1228 0.33999762375046727 0.3834841439607771 0.047939354576365
3 1228 1586 1229 0.33999762375046727 0.3834841439607771 0.047939354576365
3 842 841 1229 0.33999762375046727 0.3834841439607771 0.047939354576365
3 1229 1230 842 0.33999762375046727 0.3834841439607771 0.047939354576365
3 1229 1587 1230 0.33999762375046727 0.3834841439607771 0.047939354576365
3 1229 1586 1587 0.33999762375046727 0.3834841439607771 0.047939354576365
3 640 1457 1456 0.33999762375046727 0.3834841439607771 0.047939354576365
3 627 1455 1456 0.33999762375046727 0.3834841439607771 0.047939354576365
3 949 1457 950 0.33999762375046727 0.3834841439607771 0.047939354576365
3 627 1456 949 0.33999762375046727 0.3834841439607771 0.047939354576365
3 949 1456 1457 0.33999762375046727 0.3834841439607771 0.047939354576365
3 1064 948 949 0.33999762375046727 0.3834841439607771 0.047939354576365
3 949 948 627 0.33999762375046727 0.3834841439607771 0.047939354576365
3 949 1065 1064 0.33999762375046727 0.3834841439607771 0.047939354576365
3 949 950 1065 0.33999762375046727 0.3834841439607771 0.047939354576365
3 860 1590 859 0.33999762375046727 0.3834841439607771 0.047939354576365
3 859 1331 860 0.33999762375046727 0.3834841439607771 0.047939354576365
3 1331 1332 860 0.33999762375046727 0.3834841439607771 0.047939354576365
3 1591 1590 860 0.33999762375046727 0.3834841439607771 0.047939354576365
3 1333 1591 860 0.33999762375046727 0.3834841439607771 0.047939354576365
3 860 1332 1333 0.33999762375046727 0.3834841439607771 0.047939354576365
3 530 857 529 0.33999762375046727 0.3834841439607771 0.047939354576365
3 530 1328 1329 0.33999762375046727 0.3834841439607771 0.047939354576365
3 529 1328 530 0.33999762375046727 0.3834841439607771 0.047939354576365
3 858 857 530 0.33999762375046727 0.3834841439607771 0.047939354576365
3 1329 1330 530 0.33999762375046727 0.3834841439607771 0.047939354576365
3 1330 858 530 0.33999762375046727 0.3834841439607771 0.047939354576365
3 1234 1591 1592 0.33999762375046727 0.3834841439607771 0.047939354576365
3 1233 1591 1234 0.33999762375046727 0.3834841439607771 0.047939354576365
3 1234 1312 1233 0.33999762375046727 0.3834841439607771 0.047939354576365
3 1043 1563 1562 0.33999762375046727 0.3834841439607771 0.047939354576365
3 1043 1044 1563 0.33999762375046727 0.3834841439607771 0.047939354576365
3 518 1044 1043 0.33999762375046727 0.3834841439607771 0.047939354576365
3 1230 1231 843 0.33999762375046727 0.3834841439607771 0.047939354576365
3 842 1230 843 0.33999762375046727 0.3834841439607771 0.047939354576365
3 843 1308 842 0.33999762375046727 0.3834841439607771 0.047939354576365
3 843 1231 844 0.33999762375046727 0.3834841439607771 0.047939354576365
3 1335 1067 1068 0.33999762375046727 0.3834841439607771 0.047939354576365
3 1335 1593 1592 0.33999762375046727 0.3834841439607771 0.047939354576365
3 1068 1336 1335 0.33999762375046727 0.3834841439607771 0.047939354576365
3 1336 1593 1335 0.33999762375046727 0.3834841439607771 0.047939354576365
3 1060 451 1059 0.33999762375046727 0.3834841439607771 0.047939354576365
3 23 734 1125 0.33999762375046727 0.3834841439607771 0.047939354576365
3 1125 1124 23 0.33999762375046727 0.3834841439607771 0.047939354576365
3 716 1349 717 0.33999762375046727 0.3834841439607771 0.047939354576365
3 717 1116 716 0.33999762375046727 0.3834841439607771 0.047939354576365
3 716 1348 1349 0.33999762375046727 0.3834841439607771 0.047939354576365
3 716 1116 1115 0.33999762375046727 0.3834841439607771 0.047939354576365
3 1347 727 728 0.33999762375046727 0.3834841439607771 0.047939354576365
3 728 1348 1347 0.33999762375046727 0.3834841439607771 0.047939354576365
3 531 28 29 0.33999762375046727 0.3834841439607771 0.047939354576365
3 29 1360 531 0.33999762375046727 0.3834841439607771 0.047939354576365
3 531 1360 532 0.33999762375046727 0.3834841439607771 0.047939354576365
3 1468 1469 737 0.33999762375046727 0.3834841439607771 0.047939354576365
3 737 736 1468 0.33999762375046727 0.3834841439607771 0.047939354576365
3 1468 736 1467 0.33999762375046727 0.3834841439607771 0.047939354576365
3 1148 1149 647 0.33999762375046727 0.3834841439607771 0.047939354576365
3 743 1133 742 0.33999762375046727 0.3834841439607771 0.047939354576365
3 742 1474 743 0.33999762375046727 0.3834841439607771 0.047939354576365
3 1133 1132 742 0.33999762375046727 0.3834841439607771 0.047939354576365
3 1131 1130 740 0.33999762375046727 0.3834841439607771 0.047939354576365
3 1130 739 740 0.33999762375046727 0.3834841439607771 0.047939354576365
3 737 1469 738 0.33999762375046727 0.3834841439607771 0.047939354576365
3 738 739 1129 0.33999762375046727 0.3834841439607771 0.047939354576365
3 1385 1386 233 0.33999762375046727 0.3834841439607771 0.047939354576365
3 1381 47 237 0.33999762375046727 0.3834841439607771 0.047939354576365
3 1381 46 47 0.33999762375046727 0.3834841439607771 0.047939354576365
3 237 762 763 0.33999762375046727 0.3834841439607771 0.047939354576365
3 250 1075 767 0.33999762375046727 0.3834841439607771 0.047939354576365
3 250 259 1075 0.33999762375046727 0.3834841439607771 0.047939354576365
3 1074 259 250 0.33999762375046727 0.3834841439607771 0.047939354576365
3 39 40 205 0.33999762375046727 0.3834841439607771 0.047939354576365
3 205 861 39 0.33999762375046727 0.3834841439607771 0.047939354576365
3 1240 1241 207 0.33999762375046727 0.3834841439607771 0.047939354576365
3 320 953 952 0.33999762375046727 0.3834841439607771 0.047939354576365
3 320 321 953 0.33999762375046727 0.3834841439607771 0.047939354576365
3 867 325 324 0.33999762375046727 0.3834841439607771 0.047939354576365
3 324 866 867 0.33999762375046727 0.3834841439607771 0.047939354576365
3 956 955 323 0.33999762375046727 0.3834841439607771 0.047939354576365
3 323 324 956 0.33999762375046727 0.3834841439607771 0.047939354576365
3 323 865 866 0.33999762375046727 0.3834841439607771 0.047939354576365
3 866 324 323 0.33999762375046727 0.3834841439607771 0.047939354576365
3 1406 1407 342 0.33999762375046727 0.3834841439607771 0.047939354576365
3 342 418 417 0.33999762375046727 0.3834841439607771 0.047939354576365
3 343 418 342 0.33999762375046727 0.3834841439607771 0.047939354576365
3 342 1407 343 0.33999762375046727 0.3834841439607771 0.047939354576365
3 342 417 341 0.33999762375046727 0.3834841439607771 0.047939354576365
3 341 1406 342 0.33999762375046727 0.3834841439607771 0.047939354576365
3 1409 1408 352 0.33999762375046727 0.3834841439607771 0.047939354576365
3 352 275 353 0.33999762375046727 0.3834841439607771 0.047939354576365
3 353 1409 352 0.33999762375046727 0.3834841439607771 0.047939354576365
3 274 275 352 0.33999762375046727 0.3834841439607771 0.047939354576365
3 352 351 274 0.33999762375046727 0.3834841439607771 0.047939354576365
3 352 1408 351 0.33999762375046727 0.3834841439607771 0.047939354576365
3 1189 336 1190 0.33999762375046727 0.3834841439607771 0.047939354576365
3 1190 576 1189 0.33999762375046727 0.3834841439607771 0.047939354576365
3 1189 576 575 0.33999762375046727 0.3834841439607771 0.047939354576365
3 587 900 899 0.33999762375046727 0.3834841439607771 0.047939354576365
3 900 336 899 0.33999762375046727 0.3834841439607771 0.047939354576365
3 485 978 1521 0.33999762375046727 0.3834841439607771 0.047939354576365
3 485 484 977 0.33999762375046727 0.3834841439607771 0.047939354576365
3 977 978 485 0.33999762375046727 0.3834841439607771 0.047939354576365
3 590 903 902 0.33999762375046727 0.3834841439607771 0.047939354576365
3 902 589 590 0.33999762375046727 0.3834841439607771 0.047939354576365
3 590 589 1411 0.33999762375046727 0.3834841439607771 0.047939354576365
3 1411 1412 590 0.33999762375046727 0.3834841439607771 0.047939354576365
3 1414 1011 1012 0.33999762375046727 0.3834841439607771 0.047939354576365
3 1272 803 1271 0.33999762375046727 0.3834841439607771 0.047939354576365
3 803 1270 1271 0.33999762375046727 0.3834841439607771 0.047939354576365
3 1271 817 1272 0.33999762375046727 0.3834841439607771 0.047939354576365
3 816 817 1271 0.33999762375046727 0.3834841439607771 0.047939354576365
3 1271 1270 816 0.33999762375046727 0.3834841439607771 0.047939354576365
3 983 1195 1196 0.33999762375046727 0.3834841439607771 0.047939354576365
3 1521 1522 679 0.33999762375046727 0.3834841439607771 0.047939354576365
3 679 566 1521 0.33999762375046727 0.3834841439607771 0.047939354576365
3 679 678 566 0.33999762375046727 0.3834841439607771 0.047939354576365
3 981 1524 1523 0.33999762375046727 0.3834841439607771 0.047939354576365
3 1523 980 981 0.33999762375046727 0.3834841439607771 0.047939354576365
3 1523 1522 980 0.33999762375046727 0.3834841439607771 0.047939354576365
3 245 762 49 0.33999762375046727 0.3834841439607771 0.047939354576365
3 762 48 49 0.33999762375046727 0.3834841439607771 0.047939354576365
3 50 245 49 0.33999762375046727 0.3834841439607771 0.047939354576365
3 670 134 124 0.33999762375046727 0.3834841439607771 0.047939354576365
3 124 127 670 0.33999762375046727 0.3834841439607771 0.047939354576365
3 670 123 133 0.33999762375046727 0.3834841439607771 0.047939354576365
3 670 127 123 0.33999762375046727 0.3834841439607771 0.047939354576365
3 152 165 264 0.33999762375046727 0.3834841439607771 0.047939354576365
3 264 165 406 0.33999762375046727 0.3834841439607771 0.047939354576365
3 133 405 559 0.33999762375046727 0.3834841439607771 0.047939354576365
3 559 670 133 0.33999762375046727 0.3834841439607771 0.047939354576365
3 134 670 559 0.33999762375046727 0.3834841439607771 0.047939354576365
3 406 134 559 0.33999762375046727 0.3834841439607771 0.047939354576365
3 559 264 406 0.33999762375046727 0.3834841439607771 0.047939354576365
3 405 264 559 0.33999762375046727 0.3834841439607771 0.047939354576365
3 150 262 162 0.33999762375046727 0.3834841439607771 0.047939354576365
3 162 261 64 0.33999762375046727 0.3834841439607771 0.047939354576365
3 403 261 162 0.33999762375046727 0.3834841439607771 0.047939354576365
3 162 262 403 0.33999762375046727 0.3834841439607771 0.047939354576365
3 64 65 162 0.33999762375046727 0.3834841439607771 0.047939354576365
3 162 65 150 0.33999762375046727 0.3834841439607771 0.047939354576365
3 163 262 150 0.33999762375046727 0.3834841439607771 0.047939354576365
3 151 263 163 0.33999762375046727 0.3834841439607771 0.047939354576365
3 263 404 163 0.33999762375046727 0.3834841439607771 0.047939354576365
3 404 262 163 0.33999762375046727 0.3834841439607771 0.047939354576365
3 145 146 969 0.33999762375046727 0.3834841439607771 0.047939354576365
3 969 968 145 0.33999762375046727 0.3834841439607771 0.047939354576365
3 141 968 969 0.33999762375046727 0.3834841439607771 0.047939354576365
3 569 147 568 0.33999762375046727 0.3834841439607771 0.047939354576365
3 568 147 146 0.33999762375046727 0.3834841439607771 0.047939354576365
3 568 146 567 0.33999762375046727 0.3834841439607771 0.047939354576365
3 567 156 568 0.33999762375046727 0.3834841439607771 0.047939354576365
3 140 68 69 0.33999762375046727 0.3834841439607771 0.047939354576365
3 70 968 69 0.33999762375046727 0.3834841439607771 0.047939354576365
3 69 968 140 0.33999762375046727 0.3834841439607771 0.047939354576365
3 266 561 407 0.33999762375046727 0.3834841439607771 0.047939354576365
3 266 154 167 0.33999762375046727 0.3834841439607771 0.047939354576365
3 672 561 673 0.33999762375046727 0.3834841439607771 0.047939354576365
3 673 561 562 0.33999762375046727 0.3834841439607771 0.047939354576365
3 673 674 782 0.33999762375046727 0.3834841439607771 0.047939354576365
3 562 674 673 0.33999762375046727 0.3834841439607771 0.047939354576365
3 138 1513 477 0.33999762375046727 0.3834841439607771 0.047939354576365
3 138 154 1513 0.33999762375046727 0.3834841439607771 0.047939354576365
3 146 147 970 0.33999762375046727 0.3834841439607771 0.047939354576365
3 970 969 146 0.33999762375046727 0.3834841439607771 0.047939354576365
3 972 144 971 0.33999762375046727 0.3834841439607771 0.047939354576365
3 144 143 971 0.33999762375046727 0.3834841439607771 0.047939354576365
3 971 970 147 0.33999762375046727 0.3834841439607771 0.047939354576365
3 143 970 971 0.33999762375046727 0.3834841439607771 0.047939354576365
3 265 560 406 0.33999762375046727 0.3834841439607771 0.047939354576365
3 407 560 265 0.33999762375046727 0.3834841439607771 0.047939354576365
3 406 165 265 0.33999762375046727 0.3834841439607771 0.047939354576365
3 265 165 153 0.33999762375046727 0.3834841439607771 0.047939354576365
3 153 1513 166 0.33999762375046727 0.3834841439607771 0.047939354576365
3 1513 154 166 0.33999762375046727 0.3834841439607771 0.047939354576365
3 166 265 153 0.33999762375046727 0.3834841439607771 0.047939354576365
3 154 266 166 0.33999762375046727 0.3834841439607771 0.047939354576365
3 166 266 407 0.33999762375046727 0.3834841439607771 0.047939354576365
3 407 265 166 0.33999762375046727 0.3834841439607771 0.047939354576365
3 167 154 1514 0.33999762375046727 0.3834841439607771 0.047939354576365
3 154 138 1514 0.33999762375046727 0.3834841439607771 0.047939354576365
3 563 562 409 0.33999762375046727 0.3834841439607771 0.047939354576365
3 408 266 167 0.33999762375046727 0.3834841439607771 0.047939354576365
3 561 266 408 0.33999762375046727 0.3834841439607771 0.047939354576365
3 562 561 408 0.33999762375046727 0.3834841439607771 0.047939354576365
3 1515 1516 168 0.33999762375046727 0.3834841439607771 0.047939354576365
3 139 479 1515 0.33999762375046727 0.3834841439607771 0.047939354576365
3 756 884 883 0.33999762375046727 0.3834841439607771 0.047939354576365
3 1244 219 220 0.33999762375046727 0.3834841439607771 0.047939354576365
3 1243 219 1244 0.33999762375046727 0.3834841439607771 0.047939354576365
3 1244 210 1243 0.33999762375046727 0.3834841439607771 0.047939354576365
3 211 210 1244 0.33999762375046727 0.3834841439607771 0.047939354576365
3 257 248 1072 0.33999762375046727 0.3834841439607771 0.047939354576365
3 1072 248 247 0.33999762375046727 0.3834841439607771 0.047939354576365
3 1072 780 257 0.33999762375046727 0.3834841439607771 0.047939354576365
3 249 258 1074 0.33999762375046727 0.3834841439607771 0.047939354576365
3 1074 250 249 0.33999762375046727 0.3834841439607771 0.047939354576365
3 411 410 1518 0.33999762375046727 0.3834841439607771 0.047939354576365
3 411 564 410 0.33999762375046727 0.3834841439607771 0.047939354576365
3 1518 1519 411 0.33999762375046727 0.3834841439607771 0.047939354576365
3 483 976 484 0.33999762375046727 0.3834841439607771 0.047939354576365
3 484 1519 483 0.33999762375046727 0.3834841439607771 0.047939354576365
3 483 1519 1518 0.33999762375046727 0.3834841439607771 0.047939354576365
3 483 975 976 0.33999762375046727 0.3834841439607771 0.047939354576365
3 483 1518 482 0.33999762375046727 0.3834841439607771 0.047939354576365
3 482 975 483 0.33999762375046727 0.3834841439607771 0.047939354576365
3 1521 566 1520 0.33999762375046727 0.3834841439607771 0.047939354576365
3 566 1519 1520 0.33999762375046727 0.3834841439607771 0.047939354576365
3 1520 485 1521 0.33999762375046727 0.3834841439607771 0.047939354576365
3 1520 1519 484 0.33999762375046727 0.3834841439607771 0.047939354576365
3 484 485 1520 0.33999762375046727 0.3834841439607771 0.047939354576365
3 1498 401 1497 0.33999762375046727 0.3834841439607771 0.047939354576365
3 1497 401 1496 0.33999762375046727 0.3834841439607771 0.047939354576365
3 1496 318 1497 0.33999762375046727 0.3834841439607771 0.047939354576365
3 961 1498 1497 0.33999762375046727 0.3834841439607771 0.047939354576365
3 1497 318 961 0.33999762375046727 0.3834841439607771 0.047939354576365
3 463 554 553 0.33999762375046727 0.3834841439607771 0.047939354576365
3 553 462 463 0.33999762375046727 0.3834841439607771 0.047939354576365
3 1172 1173 463 0.33999762375046727 0.3834841439607771 0.047939354576365
3 463 1173 554 0.33999762375046727 0.3834841439607771 0.047939354576365
3 394 466 393 0.33999762375046727 0.3834841439607771 0.047939354576365
3 394 1490 395 0.33999762375046727 0.3834841439607771 0.047939354576365
3 394 393 1489 0.33999762375046727 0.3834841439607771 0.047939354576365
3 1489 1490 394 0.33999762375046727 0.3834841439607771 0.047939354576365
3 1164 466 1165 0.33999762375046727 0.3834841439607771 0.047939354576365
3 1164 455 1163 0.33999762375046727 0.3834841439607771 0.047939354576365
3 1163 465 1164 0.33999762375046727 0.3834841439607771 0.047939354576365
3 465 466 1164 0.33999762375046727 0.3834841439607771 0.047939354576365
3 1165 456 1164 0.33999762375046727 0.3834841439607771 0.047939354576365
3 1164 456 455 0.33999762375046727 0.3834841439607771 0.047939354576365
3 395 1490 1491 0.33999762375046727 0.3834841439607771 0.047939354576365
3 1491 313 1492 0.33999762375046727 0.3834841439607771 0.047939354576365
3 312 313 1491 0.33999762375046727 0.3834841439607771 0.047939354576365
3 1491 1490 312 0.33999762375046727 0.3834841439607771 0.047939354576365
3 1084 1083 1524 0.33999762375046727 0.3834841439607771 0.047939354576365
3 1395 1083 1084 0.33999762375046727 0.3834841439607771 0.047939354576365
3 1084 1396 1395 0.33999762375046727 0.3834841439607771 0.047939354576365
3 1390 772 1391 0.33999762375046727 0.3834841439607771 0.047939354576365
3 1390 756 1389 0.33999762375046727 0.3834841439607771 0.047939354576365
3 787 679 788 0.33999762375046727 0.3834841439607771 0.047939354576365
3 678 679 787 0.33999762375046727 0.3834841439607771 0.047939354576365
3 774 1081 1082 0.33999762375046727 0.3834841439607771 0.047939354576365
3 871 962 961 0.33999762375046727 0.3834841439607771 0.047939354576365
3 887 886 759 0.33999762375046727 0.3834841439607771 0.047939354576365
3 759 760 887 0.33999762375046727 0.3834841439607771 0.047939354576365
3 887 760 888 0.33999762375046727 0.3834841439607771 0.047939354576365
3 759 886 758 0.33999762375046727 0.3834841439607771 0.047939354576365
3 758 1392 759 0.33999762375046727 0.3834841439607771 0.047939354576365
3 1391 1392 758 0.33999762375046727 0.3834841439607771 0.047939354576365
3 1493 1494 398 0.33999762375046727 0.3834841439607771 0.047939354576365
3 315 958 316 0.33999762375046727 0.3834841439607771 0.047939354576365
3 316 1494 315 0.33999762375046727 0.3834841439607771 0.047939354576365
3 317 1495 316 0.33999762375046727 0.3834841439607771 0.047939354576365
3 1495 1494 316 0.33999762375046727 0.3834841439607771 0.047939354576365
3 959 958 326 0.33999762375046727 0.3834841439607771 0.047939354576365
3 327 960 959 0.33999762375046727 0.3834841439607771 0.047939354576365
3 959 326 327 0.33999762375046727 0.3834841439607771 0.047939354576365
3 959 318 317 0.33999762375046727 0.3834841439607771 0.047939354576365
3 960 318 959 0.33999762375046727 0.3834841439607771 0.047939354576365
3 317 316 959 0.33999762375046727 0.3834841439607771 0.047939354576365
3 959 316 958 0.33999762375046727 0.3834841439607771 0.047939354576365
3 1485 1378 1379 0.33999762375046727 0.3834841439607771 0.047939354576365
3 1379 1486 1485 0.33999762375046727 0.3834841439607771 0.047939354576365
3 1379 1378 1180 0.33999762375046727 0.3834841439607771 0.047939354576365
3 1380 1486 1379 0.33999762375046727 0.3834841439607771 0.047939354576365
3 1178 1504 1179 0.33999762375046727 0.3834841439607771 0.047939354576365
3 1180 1378 1179 0.33999762375046727 0.3834841439607771 0.047939354576365
3 1179 1378 1377 0.33999762375046727 0.3834841439607771 0.047939354576365
3 1377 1178 1179 0.33999762375046727 0.3834841439607771 0.047939354576365
3 963 873 964 0.33999762375046727 0.3834841439607771 0.047939354576365
3 874 873 1251 0.33999762375046727 0.3834841439607771 0.047939354576365
3 874 964 873 0.33999762375046727 0.3834841439607771 0.047939354576365
3 1178 1376 1177 0.33999762375046727 0.3834841439607771 0.047939354576365
3 1177 1376 1375 0.33999762375046727 0.3834841439607771 0.047939354576365
3 1503 1178 1177 0.33999762375046727 0.3834841439607771 0.047939354576365
3 1177 1502 1503 0.33999762375046727 0.3834841439607771 0.047939354576365
3 1197 1417 1418 0.33999762375046727 0.3834841439607771 0.047939354576365
3 1418 1198 1197 0.33999762375046727 0.3834841439607771 0.047939354576365
3 1196 1417 1197 0.33999762375046727 0.3834841439607771 0.047939354576365
3 1197 983 1196 0.33999762375046727 0.3834841439607771 0.047939354576365
3 1526 983 1197 0.33999762375046727 0.3834841439607771 0.047939354576365
3 1419 1420 1199 0.33999762375046727 0.3834841439607771 0.047939354576365
3 1199 1198 1419 0.33999762375046727 0.3834841439607771 0.047939354576365
3 1529 1528 1199 0.33999762375046727 0.3834841439607771 0.047939354576365
3 1199 1528 1198 0.33999762375046727 0.3834841439607771 0.047939354576365
3 1400 1401 1257 0.33999762375046727 0.3834841439607771 0.047939354576365
3 1503 1502 966 0.33999762375046727 0.3834841439607771 0.047939354576365
3 894 581 582 0.33999762375046727 0.3834841439607771 0.047939354576365
3 894 895 332 0.33999762375046727 0.3834841439607771 0.047939354576365
3 582 895 894 0.33999762375046727 0.3834841439607771 0.047939354576365
3 75 328 74 0.33999762375046727 0.3834841439607771 0.047939354576365
3 1181 156 73 0.33999762375046727 0.3834841439607771 0.047939354576365
3 73 74 1181 0.33999762375046727 0.3834841439607771 0.047939354576365
3 1181 74 328 0.33999762375046727 0.3834841439607771 0.047939354576365
3 1181 328 1182 0.33999762375046727 0.3834841439607771 0.047939354576365
3 1182 328 329 0.33999762375046727 0.3834841439607771 0.047939354576365
3 892 330 329 0.33999762375046727 0.3834841439607771 0.047939354576365
3 891 328 75 0.33999762375046727 0.3834841439607771 0.047939354576365
3 76 579 891 0.33999762375046727 0.3834841439607771 0.047939354576365
3 891 75 76 0.33999762375046727 0.3834841439607771 0.047939354576365
3 891 579 892 0.33999762375046727 0.3834841439607771 0.047939354576365
3 892 329 891 0.33999762375046727 0.3834841439607771 0.047939354576365
3 891 329 328 0.33999762375046727 0.3834841439607771 0.047939354576365
3 417 418 585 0.33999762375046727 0.3834841439607771 0.047939354576365
3 583 582 415 0.33999762375046727 0.3834841439607771 0.047939354576365
3 583 895 582 0.33999762375046727 0.3834841439607771 0.047939354576365
3 415 416 583 0.33999762375046727 0.3834841439607771 0.047939354576365
3 896 895 583 0.33999762375046727 0.3834841439607771 0.047939354576365
3 1447 619 618 0.33999762375046727 0.3834841439607771 0.047939354576365
3 1056 940 941 0.33999762375046727 0.3834841439607771 0.047939354576365
3 940 619 941 0.33999762375046727 0.3834841439607771 0.047939354576365
3 616 617 938 0.33999762375046727 0.3834841439607771 0.047939354576365
3 937 615 616 0.33999762375046727 0.3834841439607771 0.047939354576365
3 616 938 937 0.33999762375046727 0.3834841439607771 0.047939354576365
3 1445 617 616 0.33999762375046727 0.3834841439607771 0.047939354576365
3 526 389 527 0.33999762375046727 0.3834841439607771 0.047939354576365
3 527 854 526 0.33999762375046727 0.3834841439607771 0.047939354576365
3 526 854 853 0.33999762375046727 0.3834841439607771 0.047939354576365
3 203 202 1323 0.33999762375046727 0.3834841439607771 0.047939354576365
3 1327 451 1328 0.33999762375046727 0.3834841439607771 0.047939354576365
3 1328 391 1327 0.33999762375046727 0.3834841439607771 0.047939354576365
3 500 501 606 0.33999762375046727 0.3834841439607771 0.047939354576365
3 606 605 500 0.33999762375046727 0.3834841439607771 0.047939354576365
3 696 695 606 0.33999762375046727 0.3834841439607771 0.047939354576365
3 606 695 605 0.33999762375046727 0.3834841439607771 0.047939354576365
3 697 698 925 0.33999762375046727 0.3834841439607771 0.047939354576365
3 697 924 696 0.33999762375046727 0.3834841439607771 0.047939354576365
3 925 924 697 0.33999762375046727 0.3834841439607771 0.047939354576365
3 608 609 698 0.33999762375046727 0.3834841439607771 0.047939354576365
3 698 697 608 0.33999762375046727 0.3834841439607771 0.047939354576365
3 294 295 1533 0.33999762375046727 0.3834841439607771 0.047939354576365
3 295 1534 1533 0.33999762375046727 0.3834841439607771 0.047939354576365
3 96 906 293 0.33999762375046727 0.3834841439607771 0.047939354576365
3 356 357 907 0.33999762375046727 0.3834841439607771 0.047939354576365
3 907 906 356 0.33999762375046727 0.3834841439607771 0.047939354576365
3 907 357 908 0.33999762375046727 0.3834841439607771 0.047939354576365
3 907 293 906 0.33999762375046727 0.3834841439607771 0.047939354576365
3 907 908 294 0.33999762375046727 0.3834841439607771 0.047939354576365
3 294 293 907 0.33999762375046727 0.3834841439607771 0.047939354576365
3 97 98 355 0.33999762375046727 0.3834841439607771 0.047939354576365
3 355 906 97 0.33999762375046727 0.3834841439607771 0.047939354576365
3 97 906 96 0.33999762375046727 0.3834841439607771 0.047939354576365
3 89 804 176 0.33999762375046727 0.3834841439607771 0.047939354576365
3 176 88 89 0.33999762375046727 0.3834841439607771 0.047939354576365
3 90 804 89 0.33999762375046727 0.3834841439607771 0.047939354576365
3 1206 429 1207 0.33999762375046727 0.3834841439607771 0.047939354576365
3 1207 361 1206 0.33999762375046727 0.3834841439607771 0.047939354576365
3 1207 1208 362 0.33999762375046727 0.3834841439607771 0.047939354576365
3 362 361 1207 0.33999762375046727 0.3834841439607771 0.047939354576365
3 1094 1093 196 0.33999762375046727 0.3834841439607771 0.047939354576365
3 1094 196 825 0.33999762375046727 0.3834841439607771 0.047939354576365
3 825 826 1094 0.33999762375046727 0.3834841439607771 0.047939354576365
3 1264 175 1263 0.33999762375046727 0.3834841439607771 0.047939354576365
3 1263 181 1264 0.33999762375046727 0.3834841439607771 0.047939354576365
3 180 181 1263 0.33999762375046727 0.3834841439607771 0.047939354576365
3 1263 1262 180 0.33999762375046727 0.3834841439607771 0.047939354576365
3 174 795 173 0.33999762375046727 0.3834841439607771 0.047939354576365
3 174 1263 175 0.33999762375046727 0.3834841439607771 0.047939354576365
3 174 175 796 0.33999762375046727 0.3834841439607771 0.047939354576365
3 796 795 174 0.33999762375046727 0.3834841439607771 0.047939354576365
3 173 1262 174 0.33999762375046727 0.3834841439607771 0.047939354576365
3 1262 1263 174 0.33999762375046727 0.3834841439607771 0.047939354576365
3 812 1096 813 0.33999762375046727 0.3834841439607771 0.047939354576365
3 1266 811 812 0.33999762375046727 0.3834841439607771 0.047939354576365
3 813 1267 812 0.33999762375046727 0.3834841439607771 0.047939354576365
3 812 1267 1266 0.33999762375046727 0.3834841439607771 0.047939354576365
3 1012 801 802 0.33999762375046727 0.3834841439607771 0.047939354576365
3 802 1013 1012 0.33999762375046727 0.3834841439607771 0.047939354576365
3 803 1013 802 0.33999762375046727 0.3834841439607771 0.047939354576365
3 802 1270 803 0.33999762375046727 0.3834841439607771 0.047939354576365
3 1269 1270 802 0.33999762375046727 0.3834841439607771 0.047939354576365
3 802 801 1269 0.33999762375046727 0.3834841439607771 0.047939354576365
3 920 1546 1545 0.33999762375046727 0.3834841439607771 0.047939354576365
3 1544 919 1545 0.33999762375046727 0.3834841439607771 0.047939354576365
3 1545 919 920 0.33999762375046727 0.3834841439607771 0.047939354576365
3 1545 1546 831 0.33999762375046727 0.3834841439607771 0.047939354576365
3 1545 830 1544 0.33999762375046727 0.3834841439607771 0.047939354576365
3 831 830 1545 0.33999762375046727 0.3834841439607771 0.047939354576365
3 1529 1199 1421 0.33999762375046727 0.3834841439607771 0.047939354576365
3 1421 1199 1420 0.33999762375046727 0.3834841439607771 0.047939354576365
3 1531 1509 1401 0.33999762375046727 0.3834841439607771 0.047939354576365
3 1531 1422 1553 0.33999762375046727 0.3834841439607771 0.047939354576365
3 997 1212 996 0.33999762375046727 0.3834841439607771 0.047939354576365
3 997 1436 1437 0.33999762375046727 0.3834841439607771 0.047939354576365
3 996 1436 997 0.33999762375046727 0.3834841439607771 0.047939354576365
3 1213 1212 997 0.33999762375046727 0.3834841439607771 0.047939354576365
3 1542 917 1543 0.33999762375046727 0.3834841439607771 0.047939354576365
3 828 1542 1543 0.33999762375046727 0.3834841439607771 0.047939354576365
3 1543 829 828 0.33999762375046727 0.3834841439607771 0.047939354576365
3 1544 829 1543 0.33999762375046727 0.3834841439607771 0.047939354576365
3 1213 919 918 0.33999762375046727 0.3834841439607771 0.047939354576365
3 918 1212 1213 0.33999762375046727 0.3834841439607771 0.047939354576365
3 918 917 1212 0.33999762375046727 0.3834841439607771 0.047939354576365
3 918 1543 917 0.33999762375046727 0.3834841439607771 0.047939354576365
3 918 919 1544 0.33999762375046727 0.3834841439607771 0.047939354576365
3 1544 1543 918 0.33999762375046727 0.3834841439607771 0.047939354576365
3 687 1024 1023 0.33999762375046727 0.3834841439607771 0.047939354576365
3 1023 686 687 0.33999762375046727 0.3834841439607771 0.047939354576365
3 1314 1050 1049 0.33999762375046727 0.3834841439607771 0.047939354576365
3 1314 1236 1315 0.33999762375046727 0.3834841439607771 0.047939354576365
3 1315 1050 1314 0.33999762375046727 0.3834841439607771 0.047939354576365
3 1294 1295 1033 0.33999762375046727 0.3834841439607771 0.047939354576365
3 1033 1032 1294 0.33999762375046727 0.3834841439607771 0.047939354576365
3 1438 1032 1033 0.33999762375046727 0.3834841439607771 0.047939354576365
3 1033 1439 1438 0.33999762375046727 0.3834841439607771 0.047939354576365
3 1033 1295 1439 0.33999762375046727 0.3834841439607771 0.047939354576365
3 1572 1573 1296 0.33999762375046727 0.3834841439607771 0.047939354576365
3 1296 1295 1572 0.33999762375046727 0.3834841439607771 0.047939354576365
3 1296 1573 1297 0.33999762375046727 0.3834841439607771 0.047939354576365
3 1296 1441 1440 0.33999762375046727 0.3834841439607771 0.047939354576365
3 1297 1441 1296 0.33999762375046727 0.3834841439607771 0.047939354576365
3 1440 1439 1296 0.33999762375046727 0.3834841439607771 0.047939354576365
3 1439 1295 1296 0.33999762375046727 0.3834841439607771 0.047939354576365
3 1214 999 1215 0.33999762375046727 0.3834841439607771 0.047939354576365
3 920 919 1214 0.33999762375046727 0.3834841439607771 0.047939354576365
3 1214 1215 920 0.33999762375046727 0.3834841439607771 0.047939354576365
3 1214 919 1213 0.33999762375046727 0.3834841439607771 0.047939354576365
3 491 988 490 0.33999762375046727 0.3834841439607771 0.047939354576365
3 988 987 490 0.33999762375046727 0.3834841439607771 0.047939354576365
3 985 488 986 0.33999762375046727 0.3834841439607771 0.047939354576365
3 986 423 985 0.33999762375046727 0.3834841439607771 0.047939354576365
3 424 423 986 0.33999762375046727 0.3834841439607771 0.047939354576365
3 986 987 424 0.33999762375046727 0.3834841439607771 0.047939354576365
3 704 932 931 0.33999762375046727 0.3834841439607771 0.047939354576365
3 931 703 704 0.33999762375046727 0.3834841439607771 0.047939354576365
3 932 1288 931 0.33999762375046727 0.3834841439607771 0.047939354576365
3 930 703 931 0.33999762375046727 0.3834841439607771 0.047939354576365
3 702 703 930 0.33999762375046727 0.3834841439607771 0.047939354576365
3 702 701 612 0.33999762375046727 0.3834841439607771 0.047939354576365
3 612 613 702 0.33999762375046727 0.3834841439607771 0.047939354576365
3 613 703 702 0.33999762375046727 0.3834841439607771 0.047939354576365
3 929 701 702 0.33999762375046727 0.3834841439607771 0.047939354576365
3 702 930 929 0.33999762375046727 0.3834841439607771 0.047939354576365
3 1287 688 1286 0.33999762375046727 0.3834841439607771 0.047939354576365
3 1286 930 1287 0.33999762375046727 0.3834841439607771 0.047939354576365
3 930 931 1287 0.33999762375046727 0.3834841439607771 0.047939354576365
3 1287 931 1288 0.33999762375046727 0.3834841439607771 0.047939354576365
3 690 1026 689 0.33999762375046727 0.3834841439607771 0.047939354576365
3 689 1288 690 0.33999762375046727 0.3834841439607771 0.047939354576365
3 689 1026 1025 0.33999762375046727 0.3834841439607771 0.047939354576365
3 689 1287 1288 0.33999762375046727 0.3834841439607771 0.047939354576365
3 1025 688 689 0.33999762375046727 0.3834841439607771 0.047939354576365
3 688 1287 689 0.33999762375046727 0.3834841439607771 0.047939354576365
3 379 378 1040 0.33999762375046727 0.3834841439607771 0.047939354576365
3 1040 514 515 0.33999762375046727 0.3834841439607771 0.047939354576365
3 1040 1039 514 0.33999762375046727 0.3834841439607771 0.047939354576365
3 1040 378 1039 0.33999762375046727 0.3834841439607771 0.047939354576365
3 1041 516 1042 0.33999762375046727 0.3834841439607771 0.047939354576365
3 1042 380 1041 0.33999762375046727 0.3834841439607771 0.047939354576365
3 515 516 1041 0.33999762375046727 0.3834841439607771 0.047939354576365
3 1041 380 379 0.33999762375046727 0.3834841439607771 0.047939354576365
3 1041 1040 515 0.33999762375046727 0.3834841439607771 0.047939354576365
3 379 1040 1041 0.33999762375046727 0.3834841439607771 0.047939354576365
3 1561 370 1560 0.33999762375046727 0.3834841439607771 0.047939354576365
3 1560 380 1561 0.33999762375046727 0.3834841439607771 0.047939354576365
3 371 370 1561 0.33999762375046727 0.3834841439607771 0.047939354576365
3 1561 1562 371 0.33999762375046727 0.3834841439607771 0.047939354576365
3 719 1351 1352 0.33999762375046727 0.3834841439607771 0.047939354576365
3 719 1352 1119 0.33999762375046727 0.3834841439607771 0.047939354576365
3 1119 1118 719 0.33999762375046727 0.3834841439607771 0.047939354576365
3 719 1118 718 0.33999762375046727 0.3834841439607771 0.047939354576365
3 718 1351 719 0.33999762375046727 0.3834841439607771 0.047939354576365
3 1136 733 732 0.33999762375046727 0.3834841439607771 0.047939354576365
3 1135 745 1136 0.33999762375046727 0.3834841439607771 0.047939354576365
3 1136 732 1135 0.33999762375046727 0.3834841439607771 0.047939354576365
3 1136 745 746 0.33999762375046727 0.3834841439607771 0.047939354576365
3 746 1137 1136 0.33999762375046727 0.3834841439607771 0.047939354576365
3 1137 733 1136 0.33999762375046727 0.3834841439607771 0.047939354576365
3 1484 1358 1142 0.33999762375046727 0.3834841439607771 0.047939354576365
3 1358 1357 1142 0.33999762375046727 0.3834841439607771 0.047939354576365
3 1123 1462 1356 0.33999762375046727 0.3834841439607771 0.047939354576365
3 1356 1357 1123 0.33999762375046727 0.3834841439607771 0.047939354576365
3 1463 1462 1123 0.33999762375046727 0.3834841439607771 0.047939354576365
3 1123 1357 1463 0.33999762375046727 0.3834841439607771 0.047939354576365
3 1355 1122 1121 0.33999762375046727 0.3834841439607771 0.047939354576365
3 1354 1139 1355 0.33999762375046727 0.3834841439607771 0.047939354576365
3 1355 1121 1354 0.33999762375046727 0.3834841439607771 0.047939354576365
3 1139 1140 1355 0.33999762375046727 0.3834841439607771 0.047939354576365
3 1356 1122 1355 0.33999762375046727 0.3834841439607771 0.047939354576365
3 1355 1140 1356 0.33999762375046727 0.3834841439607771 0.047939354576365
3 549 458 459 0.33999762375046727 0.3834841439607771 0.047939354576365
3 532 1361 533 0.33999762375046727 0.3834841439607771 0.047939354576365
3 1362 534 533 0.33999762375046727 0.3834841439607771 0.047939354576365
3 533 1361 1362 0.33999762375046727 0.3834841439607771 0.047939354576365
3 665 1155 1154 0.33999762375046727 0.3834841439607771 0.047939354576365
3 666 1155 665 0.33999762375046727 0.3834841439607771 0.047939354576365
3 665 542 666 0.33999762375046727 0.3834841439607771 0.047939354576365
3 541 542 665 0.33999762375046727 0.3834841439607771 0.047939354576365
3 1370 542 541 0.33999762375046727 0.3834841439607771 0.047939354576365
3 541 1369 1370 0.33999762375046727 0.3834841439607771 0.047939354576365
3 1371 542 1370 0.33999762375046727 0.3834841439607771 0.047939354576365
3 1370 553 1371 0.33999762375046727 0.3834841439607771 0.047939354576365
3 552 462 553 0.33999762375046727 0.3834841439607771 0.047939354576365
3 553 1370 552 0.33999762375046727 0.3834841439607771 0.047939354576365
3 552 1370 1369 0.33999762375046727 0.3834841439607771 0.047939354576365
3 549 459 550 0.33999762375046727 0.3834841439607771 0.047939354576365
3 550 459 460 0.33999762375046727 0.3834841439607771 0.047939354576365
3 1154 652 1153 0.33999762375046727 0.3834841439607771 0.047939354576365
3 1152 663 1153 0.33999762375046727 0.3834841439607771 0.047939354576365
3 1153 651 1152 0.33999762375046727 0.3834841439607771 0.047939354576365
3 652 651 1153 0.33999762375046727 0.3834841439607771 0.047939354576365
3 662 663 1152 0.33999762375046727 0.3834841439607771 0.047939354576365
3 1152 1151 662 0.33999762375046727 0.3834841439607771 0.047939354576365
3 662 1151 661 0.33999762375046727 0.3834841439607771 0.047939354576365
3 1365 1364 547 0.33999762375046727 0.3834841439607771 0.047939354576365
3 547 548 1365 0.33999762375046727 0.3834841439607771 0.047939354576365
3 548 1366 1365 0.33999762375046727 0.3834841439607771 0.047939354576365
3 1366 537 1365 0.33999762375046727 0.3834841439607771 0.047939354576365
3 536 1364 1365 0.33999762375046727 0.3834841439607771 0.047939354576365
3 1365 537 536 0.33999762375046727 0.3834841439607771 0.047939354576365
3 1175 1174 1500 0.33999762375046727 0.3834841439607771 0.047939354576365
3 1174 1499 1500 0.33999762375046727 0.3834841439607771 0.047939354576365
3 1501 1175 1500 0.33999762375046727 0.3834841439607771 0.047939354576365
3 1500 964 1501 0.33999762375046727 0.3834841439607771 0.047939354576365
3 1500 1499 963 0.33999762375046727 0.3834841439607771 0.047939354576365
3 963 964 1500 0.33999762375046727 0.3834841439607771 0.047939354576365
3 947 946 625 0.33999762375046727 0.3834841439607771 0.047939354576365
3 1062 946 947 0.33999762375046727 0.3834841439607771 0.047939354576365
3 947 625 626 0.33999762375046727 0.3834841439607771 0.047939354576365
3 626 948 947 0.33999762375046727 0.3834841439607771 0.047939354576365
3 947 948 1063 0.33999762375046727 0.3834841439607771 0.047939354576365
3 1063 1062 947 0.33999762375046727 0.3834841439607771 0.047939354576365
3 1326 1327 309 0.33999762375046727 0.3834841439607771 0.047939354576365
3 309 1327 391 0.33999762375046727 0.3834841439607771 0.047939354576365
3 639 1456 1455 0.33999762375046727 0.3834841439607771 0.047939354576365
3 1115 1116 639 0.33999762375046727 0.3834841439607771 0.047939354576365
3 639 1116 640 0.33999762375046727 0.3834841439607771 0.047939354576365
3 640 1456 639 0.33999762375046727 0.3834841439607771 0.047939354576365
3 639 638 1115 0.33999762375046727 0.3834841439607771 0.047939354576365
3 1455 638 639 0.33999762375046727 0.3834841439607771 0.047939354576365
3 381 1043 1562 0.33999762375046727 0.3834841439607771 0.047939354576365
3 1042 1043 381 0.33999762375046727 0.3834841439607771 0.047939354576365
3 1562 1561 381 0.33999762375046727 0.3834841439607771 0.047939354576365
3 381 380 1042 0.33999762375046727 0.3834841439607771 0.047939354576365
3 381 1561 380 0.33999762375046727 0.3834841439607771 0.047939354576365
3 517 1043 1042 0.33999762375046727 0.3834841439607771 0.047939354576365
3 1042 516 517 0.33999762375046727 0.3834841439607771 0.047939354576365
3 517 516 1307 0.33999762375046727 0.3834841439607771 0.047939354576365
3 517 1307 1308 0.33999762375046727 0.3834841439607771 0.047939354576365
3 517 1308 518 0.33999762375046727 0.3834841439607771 0.047939354576365
3 518 1043 517 0.33999762375046727 0.3834841439607771 0.047939354576365
3 1309 844 1310 0.33999762375046727 0.3834841439607771 0.047939354576365
3 1309 843 844 0.33999762375046727 0.3834841439607771 0.047939354576365
3 1310 1045 1309 0.33999762375046727 0.3834841439607771 0.047939354576365
3 518 1308 1309 0.33999762375046727 0.3834841439607771 0.047939354576365
3 1308 843 1309 0.33999762375046727 0.3834841439607771 0.047939354576365
3 1309 1044 518 0.33999762375046727 0.3834841439607771 0.047939354576365
3 1045 1044 1309 0.33999762375046727 0.3834841439607771 0.047939354576365
3 1334 1335 1592 0.33999762375046727 0.3834841439607771 0.047939354576365
3 1334 1591 1333 0.33999762375046727 0.3834841439607771 0.047939354576365
3 1592 1591 1334 0.33999762375046727 0.3834841439607771 0.047939354576365
3 1067 1335 1334 0.33999762375046727 0.3834841439607771 0.047939354576365
3 1333 1066 1334 0.33999762375046727 0.3834841439607771 0.047939354576365
3 1066 1067 1334 0.33999762375046727 0.3834841439607771 0.047939354576365
3 1060 1059 944 0.33999762375046727 0.3834841439607771 0.047939354576365
3 944 1059 943 0.33999762375046727 0.3834841439607771 0.047939354576365
3 1056 941 1057 0.33999762375046727 0.3834841439607771 0.047939354576365
3 1449 621 620 0.33999762375046727 0.3834841439607771 0.047939354576365
3 620 941 619 0.33999762375046727 0.3834841439607771 0.047939354576365
3 1124 1125 722 0.33999762375046727 0.3834841439607771 0.047939354576365
3 1115 638 1114 0.33999762375046727 0.3834841439607771 0.047939354576365
3 1454 1455 626 0.33999762375046727 0.3834841439607771 0.047939354576365
3 1454 638 1455 0.33999762375046727 0.3834841439607771 0.047939354576365
3 626 625 1454 0.33999762375046727 0.3834841439607771 0.047939354576365
3 625 1453 1454 0.33999762375046727 0.3834841439607771 0.047939354576365
3 727 1347 1346 0.33999762375046727 0.3834841439607771 0.047939354576365
3 1346 1347 714 0.33999762375046727 0.3834841439607771 0.047939354576365
3 1348 716 715 0.33999762375046727 0.3834841439607771 0.047939354576365
3 715 1347 1348 0.33999762375046727 0.3834841439607771 0.047939354576365
3 715 716 1115 0.33999762375046727 0.3834841439607771 0.047939354576365
3 714 1347 715 0.33999762375046727 0.3834841439607771 0.047939354576365
3 715 1114 714 0.33999762375046727 0.3834841439607771 0.047939354576365
3 1115 1114 715 0.33999762375046727 0.3834841439607771 0.047939354576365
3 535 658 534 0.33999762375046727 0.3834841439607771 0.047939354576365
3 535 534 1363 0.33999762375046727 0.3834841439607771 0.047939354576365
3 535 1364 536 0.33999762375046727 0.3834841439607771 0.047939354576365
3 1363 1364 535 0.33999762375046727 0.3834841439607771 0.047939354576365
3 644 1469 643 0.33999762375046727 0.3834841439607771 0.047939354576365
3 1469 1468 643 0.33999762375046727 0.3834841439607771 0.047939354576365
3 28 531 654 0.33999762375046727 0.3834841439607771 0.047939354576365
3 661 1151 1150 0.33999762375046727 0.3834841439607771 0.047939354576365
3 1150 1151 649 0.33999762375046727 0.3834841439607771 0.047939354576365
3 1472 647 1473 0.33999762375046727 0.3834841439607771 0.047939354576365
3 1474 742 1473 0.33999762375046727 0.3834841439607771 0.047939354576365
3 1148 647 646 0.33999762375046727 0.3834841439607771 0.047939354576365
3 646 647 1472 0.33999762375046727 0.3834841439607771 0.047939354576365
3 649 1474 648 0.33999762375046727 0.3834841439607771 0.047939354576365
3 648 647 1149 0.33999762375046727 0.3834841439607771 0.047939354576365
3 1474 1473 648 0.33999762375046727 0.3834841439607771 0.047939354576365
3 648 1473 647 0.33999762375046727 0.3834841439607771 0.047939354576365
3 648 1150 649 0.33999762375046727 0.3834841439607771 0.047939354576365
3 1149 1150 648 0.33999762375046727 0.3834841439607771 0.047939354576365
3 741 742 1132 0.33999762375046727 0.3834841439607771 0.047939354576365
3 741 1132 1131 0.33999762375046727 0.3834841439607771 0.047939354576365
3 1131 740 741 0.33999762375046727 0.3834841439607771 0.047939354576365
3 741 740 1472 0.33999762375046727 0.3834841439607771 0.047939354576365
3 1472 1473 741 0.33999762375046727 0.3834841439607771 0.047939354576365
3 741 1473 742 0.33999762375046727 0.3834841439607771 0.047939354576365
3 1471 740 739 0.33999762375046727 0.3834841439607771 0.047939354576365
3 1472 740 1471 0.33999762375046727 0.3834841439607771 0.047939354576365
3 1471 646 1472 0.33999762375046727 0.3834841439607771 0.047939354576365
3 645 646 1471 0.33999762375046727 0.3834841439607771 0.047939354576365
3 229 1381 1382 0.33999762375046727 0.3834841439607771 0.047939354576365
3 46 1381 229 0.33999762375046727 0.3834841439607771 0.047939354576365
3 749 750 222 0.33999762375046727 0.3834841439607771 0.047939354576365
3 750 223 222 0.33999762375046727 0.3834841439607771 0.047939354576365
3 877 876 222 0.33999762375046727 0.3834841439607771 0.047939354576365
3 222 223 877 0.33999762375046727 0.3834841439607771 0.047939354576365
3 247 248 764 0.33999762375046727 0.3834841439607771 0.047939354576365
3 764 763 247 0.33999762375046727 0.3834841439607771 0.047939354576365
3 778 124 128 0.33999762375046727 0.3834841439607771 0.047939354576365
3 128 124 671 0.33999762375046727 0.3834841439607771 0.047939354576365
3 671 779 128 0.33999762375046727 0.3834841439607771 0.047939354576365
3 129 779 671 0.33999762375046727 0.3834841439607771 0.047939354576365
3 671 672 129 0.33999762375046727 0.3834841439607771 0.047939354576365
3 672 780 129 0.33999762375046727 0.3834841439607771 0.047939354576365
3 245 1069 1070 0.33999762375046727 0.3834841439607771 0.047939354576365
3 1069 254 1070 0.33999762375046727 0.3834841439607771 0.047939354576365
3 247 763 246 0.33999762375046727 0.3834841439607771 0.047939354576365
3 246 1071 247 0.33999762375046727 0.3834841439607771 0.047939354576365
3 246 763 762 0.33999762375046727 0.3834841439607771 0.047939354576365
3 246 762 245 0.33999762375046727 0.3834841439607771 0.047939354576365
3 245 1070 246 0.33999762375046727 0.3834841439607771 0.047939354576365
3 779 1071 255 0.33999762375046727 0.3834841439607771 0.047939354576365
3 778 128 255 0.33999762375046727 0.3834841439607771 0.047939354576365
3 255 128 779 0.33999762375046727 0.3834841439607771 0.047939354576365
3 255 254 778 0.33999762375046727 0.3834841439607771 0.047939354576365
3 255 1070 254 0.33999762375046727 0.3834841439607771 0.047939354576365
3 1071 246 255 0.33999762375046727 0.3834841439607771 0.047939354576365
3 255 246 1070 0.33999762375046727 0.3834841439607771 0.047939354576365
3 1382 1383 230 0.33999762375046727 0.3834841439607771 0.047939354576365
3 230 229 1382 0.33999762375046727 0.3834841439607771 0.047939354576365
3 748 229 230 0.33999762375046727 0.3834841439607771 0.047939354576365
3 749 748 230 0.33999762375046727 0.3834841439607771 0.047939354576365
3 231 750 749 0.33999762375046727 0.3834841439607771 0.047939354576365
3 749 230 231 0.33999762375046727 0.3834841439607771 0.047939354576365
3 231 230 1383 0.33999762375046727 0.3834841439607771 0.047939354576365
3 1238 40 41 0.33999762375046727 0.3834841439607771 0.047939354576365
3 1238 205 40 0.33999762375046727 0.3834841439607771 0.047939354576365
3 878 223 224 0.33999762375046727 0.3834841439607771 0.047939354576365
3 877 223 878 0.33999762375046727 0.3834841439607771 0.047939354576365
3 1243 210 209 0.33999762375046727 0.3834841439607771 0.047939354576365
3 209 865 864 0.33999762375046727 0.3834841439607771 0.047939354576365
3 210 865 209 0.33999762375046727 0.3834841439607771 0.047939354576365
3 218 219 1243 0.33999762375046727 0.3834841439607771 0.047939354576365
3 1240 207 206 0.33999762375046727 0.3834841439607771 0.047939354576365
3 861 205 206 0.33999762375046727 0.3834841439607771 0.047939354576365
3 38 861 319 0.33999762375046727 0.3834841439607771 0.047939354576365
3 319 320 952 0.33999762375046727 0.3834841439607771 0.047939354576365
3 37 38 319 0.33999762375046727 0.3834841439607771 0.047939354576365
3 319 952 37 0.33999762375046727 0.3834841439607771 0.047939354576365
3 861 206 862 0.33999762375046727 0.3834841439607771 0.047939354576365
3 862 206 207 0.33999762375046727 0.3834841439607771 0.047939354576365
3 862 319 861 0.33999762375046727 0.3834841439607771 0.047939354576365
3 320 319 862 0.33999762375046727 0.3834841439607771 0.047939354576365
3 325 958 957 0.33999762375046727 0.3834841439607771 0.047939354576365
3 957 324 325 0.33999762375046727 0.3834841439607771 0.047939354576365
3 956 324 957 0.33999762375046727 0.3834841439607771 0.047939354576365
3 957 958 315 0.33999762375046727 0.3834841439607771 0.047939354576365
3 957 314 956 0.33999762375046727 0.3834841439607771 0.047939354576365
3 957 315 314 0.33999762375046727 0.3834841439607771 0.047939354576365
3 322 323 955 0.33999762375046727 0.3834841439607771 0.047939354576365
3 322 955 954 0.33999762375046727 0.3834841439607771 0.047939354576365
3 954 321 322 0.33999762375046727 0.3834841439607771 0.047939354576365
3 322 321 864 0.33999762375046727 0.3834841439607771 0.047939354576365
3 864 865 322 0.33999762375046727 0.3834841439607771 0.047939354576365
3 865 323 322 0.33999762375046727 0.3834841439607771 0.047939354576365
3 973 572 974 0.33999762375046727 0.3834841439607771 0.047939354576365
3 974 975 482 0.33999762375046727 0.3834841439607771 0.047939354576365
3 1415 1414 1012 0.33999762375046727 0.3834841439607771 0.047939354576365
3 1012 1013 1415 0.33999762375046727 0.3834841439607771 0.047939354576365
3 1013 1416 1415 0.33999762375046727 0.3834841439607771 0.047939354576365
3 1415 1416 905 0.33999762375046727 0.3834841439607771 0.047939354576365
3 905 904 1415 0.33999762375046727 0.3834841439607771 0.047939354576365
3 904 1414 1415 0.33999762375046727 0.3834841439607771 0.047939354576365
3 1010 1011 1413 0.33999762375046727 0.3834841439607771 0.047939354576365
3 1011 1414 1413 0.33999762375046727 0.3834841439607771 0.047939354576365
3 1413 1009 1010 0.33999762375046727 0.3834841439607771 0.047939354576365
3 1413 1412 1009 0.33999762375046727 0.3834841439607771 0.047939354576365
3 1413 590 1412 0.33999762375046727 0.3834841439607771 0.047939354576365
3 903 590 1413 0.33999762375046727 0.3834841439607771 0.047939354576365
3 1413 904 903 0.33999762375046727 0.3834841439607771 0.047939354576365
3 1413 1414 904 0.33999762375046727 0.3834841439607771 0.047939354576365
3 1525 983 1526 0.33999762375046727 0.3834841439607771 0.047939354576365
3 1525 1084 1524 0.33999762375046727 0.3834841439607771 0.047939354576365
3 982 1524 981 0.33999762375046727 0.3834841439607771 0.047939354576365
3 1195 983 982 0.33999762375046727 0.3834841439607771 0.047939354576365
3 982 1525 1524 0.33999762375046727 0.3834841439607771 0.047939354576365
3 983 1525 982 0.33999762375046727 0.3834841439607771 0.047939354576365
3 981 1194 982 0.33999762375046727 0.3834841439607771 0.047939354576365
3 1194 1195 982 0.33999762375046727 0.3834841439607771 0.047939354576365
3 789 1523 1524 0.33999762375046727 0.3834841439607771 0.047939354576365
3 1524 1083 789 0.33999762375046727 0.3834841439607771 0.047939354576365
3 789 1083 1082 0.33999762375046727 0.3834841439607771 0.047939354576365
3 789 1081 788 0.33999762375046727 0.3834841439607771 0.047939354576365
3 1082 1081 789 0.33999762375046727 0.3834841439607771 0.047939354576365
3 788 679 789 0.33999762375046727 0.3834841439607771 0.047939354576365
3 789 679 1522 0.33999762375046727 0.3834841439607771 0.047939354576365
3 1522 1523 789 0.33999762375046727 0.3834841439607771 0.047939354576365
3 152 264 164 0.33999762375046727 0.3834841439607771 0.047939354576365
3 164 263 151 0.33999762375046727 0.3834841439607771 0.047939354576365
3 164 405 263 0.33999762375046727 0.3834841439607771 0.047939354576365
3 164 264 405 0.33999762375046727 0.3834841439607771 0.047939354576365
3 157 568 156 0.33999762375046727 0.3834841439607771 0.047939354576365
3 157 1181 1182 0.33999762375046727 0.3834841439607771 0.047939354576365
3 156 1181 157 0.33999762375046727 0.3834841439607771 0.047939354576365
3 569 568 157 0.33999762375046727 0.3834841439607771 0.047939354576365
3 1510 150 66 0.33999762375046727 0.3834841439607771 0.047939354576365
3 66 67 1510 0.33999762375046727 0.3834841439607771 0.047939354576365
3 151 163 1510 0.33999762375046727 0.3834841439607771 0.047939354576365
3 1510 163 150 0.33999762375046727 0.3834841439607771 0.047939354576365
3 672 673 781 0.33999762375046727 0.3834841439607771 0.047939354576365
3 782 258 781 0.33999762375046727 0.3834841439607771 0.047939354576365
3 781 673 782 0.33999762375046727 0.3834841439607771 0.047939354576365
3 257 780 781 0.33999762375046727 0.3834841439607771 0.047939354576365
3 781 780 672 0.33999762375046727 0.3834841439607771 0.047939354576365
3 142 138 477 0.33999762375046727 0.3834841439607771 0.047939354576365
3 142 970 143 0.33999762375046727 0.3834841439607771 0.047939354576365
3 969 970 142 0.33999762375046727 0.3834841439607771 0.047939354576365
3 477 141 142 0.33999762375046727 0.3834841439607771 0.047939354576365
3 141 969 142 0.33999762375046727 0.3834841439607771 0.047939354576365
3 478 143 139 0.33999762375046727 0.3834841439607771 0.047939354576365
3 139 1514 478 0.33999762375046727 0.3834841439607771 0.047939354576365
3 478 1514 138 0.33999762375046727 0.3834841439607771 0.047939354576365
3 478 142 143 0.33999762375046727 0.3834841439607771 0.047939354576365
3 138 142 478 0.33999762375046727 0.3834841439607771 0.047939354576365
3 972 971 148 0.33999762375046727 0.3834841439607771 0.047939354576365
3 569 570 148 0.33999762375046727 0.3834841439607771 0.047939354576365
3 148 147 569 0.33999762375046727 0.3834841439607771 0.047939354576365
3 148 971 147 0.33999762375046727 0.3834841439607771 0.047939354576365
3 267 408 167 0.33999762375046727 0.3834841439607771 0.047939354576365
3 168 409 267 0.33999762375046727 0.3834841439607771 0.047939354576365
3 267 409 562 0.33999762375046727 0.3834841439607771 0.047939354576365
3 562 408 267 0.33999762375046727 0.3834841439607771 0.047939354576365
3 482 1518 1517 0.33999762375046727 0.3834841439607771 0.047939354576365
3 1518 410 1517 0.33999762375046727 0.3834841439607771 0.047939354576365
3 268 409 168 0.33999762375046727 0.3834841439607771 0.047939354576365
3 168 1516 268 0.33999762375046727 0.3834841439607771 0.047939354576365
3 1516 1517 268 0.33999762375046727 0.3834841439607771 0.047939354576365
3 268 1517 410 0.33999762375046727 0.3834841439607771 0.047939354576365
3 268 410 563 0.33999762375046727 0.3834841439607771 0.047939354576365
3 563 409 268 0.33999762375046727 0.3834841439607771 0.047939354576365
3 155 1515 168 0.33999762375046727 0.3834841439607771 0.047939354576365
3 155 267 167 0.33999762375046727 0.3834841439607771 0.047939354576365
3 168 267 155 0.33999762375046727 0.3834841439607771 0.047939354576365
3 167 1514 155 0.33999762375046727 0.3834841439607771 0.047939354576365
3 155 1514 139 0.33999762375046727 0.3834841439607771 0.047939354576365
3 139 1515 155 0.33999762375046727 0.3834841439607771 0.047939354576365
3 1516 1515 480 0.33999762375046727 0.3834841439607771 0.047939354576365
3 972 973 480 0.33999762375046727 0.3834841439607771 0.047939354576365
3 480 144 972 0.33999762375046727 0.3834841439607771 0.047939354576365
3 479 144 480 0.33999762375046727 0.3834841439607771 0.047939354576365
3 480 1515 479 0.33999762375046727 0.3834841439607771 0.047939354576365
3 1245 1244 220 0.33999762375046727 0.3834841439607771 0.047939354576365
3 1245 220 1246 0.33999762375046727 0.3834841439607771 0.047939354576365
3 1246 212 1245 0.33999762375046727 0.3834841439607771 0.047939354576365
3 1245 212 211 0.33999762375046727 0.3834841439607771 0.047939354576365
3 211 1244 1245 0.33999762375046727 0.3834841439607771 0.047939354576365
3 234 233 1386 0.33999762375046727 0.3834841439607771 0.047939354576365
3 768 769 243 0.33999762375046727 0.3834841439607771 0.047939354576365
3 1386 242 243 0.33999762375046727 0.3834841439607771 0.047939354576365
3 243 242 768 0.33999762375046727 0.3834841439607771 0.047939354576365
3 256 1071 779 0.33999762375046727 0.3834841439607771 0.047939354576365
3 780 1072 256 0.33999762375046727 0.3834841439607771 0.047939354576365
3 247 1071 256 0.33999762375046727 0.3834841439607771 0.047939354576365
3 256 1072 247 0.33999762375046727 0.3834841439607771 0.047939354576365
3 256 129 780 0.33999762375046727 0.3834841439607771 0.047939354576365
3 779 129 256 0.33999762375046727 0.3834841439607771 0.047939354576365
3 258 249 1073 0.33999762375046727 0.3834841439607771 0.047939354576365
3 257 781 1073 0.33999762375046727 0.3834841439607771 0.047939354576365
3 1073 781 258 0.33999762375046727 0.3834841439607771 0.047939354576365
3 1073 248 257 0.33999762375046727 0.3834841439607771 0.047939354576365
3 1073 249 248 0.33999762375046727 0.3834841439607771 0.047939354576365
3 766 249 250 0.33999762375046727 0.3834841439607771 0.047939354576365
3 767 241 766 0.33999762375046727 0.3834841439607771 0.047939354576365
3 766 250 767 0.33999762375046727 0.3834841439607771 0.047939354576365
3 248 249 765 0.33999762375046727 0.3834841439607771 0.047939354576365
3 765 764 248 0.33999762375046727 0.3834841439607771 0.047939354576365
3 249 766 765 0.33999762375046727 0.3834841439607771 0.047939354576365
3 678 787 786 0.33999762375046727 0.3834841439607771 0.047939354576365
3 252 768 1076 0.33999762375046727 0.3834841439607771 0.047939354576365
3 252 769 768 0.33999762375046727 0.3834841439607771 0.047939354576365
3 784 783 675 0.33999762375046727 0.3834841439607771 0.047939354576365
3 784 260 783 0.33999762375046727 0.3834841439607771 0.047939354576365
3 1076 260 784 0.33999762375046727 0.3834841439607771 0.047939354576365
3 565 1519 566 0.33999762375046727 0.3834841439607771 0.047939354576365
3 565 411 1519 0.33999762375046727 0.3834841439607771 0.047939354576365
3 461 1170 462 0.33999762375046727 0.3834841439607771 0.047939354576365
3 462 552 461 0.33999762375046727 0.3834841439607771 0.047939354576365
3 460 459 1168 0.33999762375046727 0.3834841439607771 0.047939354576365
3 1168 469 470 0.33999762375046727 0.3834841439607771 0.047939354576365
3 472 1170 471 0.33999762375046727 0.3834841439607771 0.047939354576365
3 470 398 471 0.33999762375046727 0.3834841439607771 0.047939354576365
3 462 1170 1171 0.33999762375046727 0.3834841439607771 0.047939354576365
3 1172 463 1171 0.33999762375046727 0.3834841439607771 0.047939354576365
3 1171 463 462 0.33999762375046727 0.3834841439607771 0.047939354576365
3 1171 473 1172 0.33999762375046727 0.3834841439607771 0.047939354576365
3 472 473 1171 0.33999762375046727 0.3834841439607771 0.047939354576365
3 1171 1170 472 0.33999762375046727 0.3834841439607771 0.047939354576365
3 1165 466 467 0.33999762375046727 0.3834841439607771 0.047939354576365
3 467 394 395 0.33999762375046727 0.3834841439607771 0.047939354576365
3 466 394 467 0.33999762375046727 0.3834841439607771 0.047939354576365
3 395 1491 396 0.33999762375046727 0.3834841439607771 0.047939354576365
3 396 1491 1492 0.33999762375046727 0.3834841439607771 0.047939354576365
3 761 889 888 0.33999762375046727 0.3834841439607771 0.047939354576365
3 888 760 761 0.33999762375046727 0.3834841439607771 0.047939354576365
3 761 760 1394 0.33999762375046727 0.3834841439607771 0.047939354576365
3 761 1394 1395 0.33999762375046727 0.3834841439607771 0.047939354576365
3 1396 1084 1085 0.33999762375046727 0.3834841439607771 0.047939354576365
3 1085 1525 1526 0.33999762375046727 0.3834841439607771 0.047939354576365
3 1084 1525 1085 0.33999762375046727 0.3834841439607771 0.047939354576365
3 788 1081 1080 0.33999762375046727 0.3834841439607771 0.047939354576365
3 1080 787 788 0.33999762375046727 0.3834841439607771 0.047939354576365
3 773 1392 1391 0.33999762375046727 0.3834841439607771 0.047939354576365
3 773 1080 1081 0.33999762375046727 0.3834841439607771 0.047939354576365
3 773 774 1392 0.33999762375046727 0.3834841439607771 0.047939354576365
3 1081 774 773 0.33999762375046727 0.3834841439607771 0.047939354576365
3 1391 772 773 0.33999762375046727 0.3834841439607771 0.047939354576365
3 772 1080 773 0.33999762375046727 0.3834841439607771 0.047939354576365
3 775 774 1082 0.33999762375046727 0.3834841439607771 0.047939354576365
3 1082 1083 775 0.33999762375046727 0.3834841439607771 0.047939354576365
3 775 1083 1394 0.33999762375046727 0.3834841439607771 0.047939354576365
3 1392 774 1393 0.33999762375046727 0.3834841439607771 0.047939354576365
3 759 1392 1393 0.33999762375046727 0.3834841439607771 0.047939354576365
3 1393 760 759 0.33999762375046727 0.3834841439607771 0.047939354576365
3 774 775 1393 0.33999762375046727 0.3834841439607771 0.047939354576365
3 1394 760 1393 0.33999762375046727 0.3834841439607771 0.047939354576365
3 1393 775 1394 0.33999762375046727 0.3834841439607771 0.047939354576365
3 961 327 870 0.33999762375046727 0.3834841439607771 0.047939354576365
3 870 871 961 0.33999762375046727 0.3834841439607771 0.047939354576365
3 1250 873 872 0.33999762375046727 0.3834841439607771 0.047939354576365
3 872 873 963 0.33999762375046727 0.3834841439607771 0.047939354576365
3 963 962 872 0.33999762375046727 0.3834841439607771 0.047939354576365
3 962 871 872 0.33999762375046727 0.3834841439607771 0.047939354576365
3 886 887 1248 0.33999762375046727 0.3834841439607771 0.047939354576365
3 871 870 1248 0.33999762375046727 0.3834841439607771 0.047939354576365
3 885 758 886 0.33999762375046727 0.3834841439607771 0.047939354576365
3 1246 884 885 0.33999762375046727 0.3834841439607771 0.047939354576365
3 884 756 757 0.33999762375046727 0.3834841439607771 0.047939354576365
3 757 885 884 0.33999762375046727 0.3834841439607771 0.047939354576365
3 758 885 757 0.33999762375046727 0.3834841439607771 0.047939354576365
3 1391 758 757 0.33999762375046727 0.3834841439607771 0.047939354576365
3 757 1390 1391 0.33999762375046727 0.3834841439607771 0.047939354576365
3 756 1390 757 0.33999762375046727 0.3834841439607771 0.047939354576365
3 470 469 397 0.33999762375046727 0.3834841439607771 0.047939354576365
3 397 398 470 0.33999762375046727 0.3834841439607771 0.047939354576365
3 469 396 397 0.33999762375046727 0.3834841439607771 0.047939354576365
3 1493 398 397 0.33999762375046727 0.3834841439607771 0.047939354576365
3 397 1492 1493 0.33999762375046727 0.3834841439607771 0.047939354576365
3 397 396 1492 0.33999762375046727 0.3834841439607771 0.047939354576365
3 399 1494 1495 0.33999762375046727 0.3834841439607771 0.047939354576365
3 399 398 1494 0.33999762375046727 0.3834841439607771 0.047939354576365
3 399 1495 400 0.33999762375046727 0.3834841439607771 0.047939354576365
3 399 471 398 0.33999762375046727 0.3834841439607771 0.047939354576365
3 400 472 399 0.33999762375046727 0.3834841439607771 0.047939354576365
3 472 471 399 0.33999762375046727 0.3834841439607771 0.047939354576365
3 1180 1506 1507 0.33999762375046727 0.3834841439607771 0.047939354576365
3 1507 1379 1180 0.33999762375046727 0.3834841439607771 0.047939354576365
3 1380 1379 1507 0.33999762375046727 0.3834841439607771 0.047939354576365
3 1375 1175 1176 0.33999762375046727 0.3834841439607771 0.047939354576365
3 1176 1177 1375 0.33999762375046727 0.3834841439607771 0.047939354576365
3 1176 1175 1501 0.33999762375046727 0.3834841439607771 0.047939354576365
3 1501 1502 1176 0.33999762375046727 0.3834841439607771 0.047939354576365
3 1502 1177 1176 0.33999762375046727 0.3834841439607771 0.047939354576365
3 1526 1197 1527 0.33999762375046727 0.3834841439607771 0.047939354576365
3 1527 1197 1198 0.33999762375046727 0.3834841439607771 0.047939354576365
3 1198 1528 1527 0.33999762375046727 0.3834841439607771 0.047939354576365
3 1487 1380 1508 0.33999762375046727 0.3834841439607771 0.047939354576365
3 1508 1509 1487 0.33999762375046727 0.3834841439607771 0.047939354576365
3 1380 1507 1508 0.33999762375046727 0.3834841439607771 0.047939354576365
3 1508 1507 1257 0.33999762375046727 0.3834841439607771 0.047939354576365
3 1257 1401 1508 0.33999762375046727 0.3834841439607771 0.047939354576365
3 1401 1509 1508 0.33999762375046727 0.3834841439607771 0.047939354576365
3 965 1502 1501 0.33999762375046727 0.3834841439607771 0.047939354576365
3 965 966 1502 0.33999762375046727 0.3834841439607771 0.047939354576365
3 1501 964 965 0.33999762375046727 0.3834841439607771 0.047939354576365
3 964 874 965 0.33999762375046727 0.3834841439607771 0.047939354576365
3 967 1504 1503 0.33999762375046727 0.3834841439607771 0.047939354576365
3 1503 966 967 0.33999762375046727 0.3834841439607771 0.047939354576365
3 1254 1255 967 0.33999762375046727 0.3834841439607771 0.047939354576365
3 1251 889 890 0.33999762375046727 0.3834841439607771 0.047939354576365
3 1395 1396 890 0.33999762375046727 0.3834841439607771 0.047939354576365
3 890 761 1395 0.33999762375046727 0.3834841439607771 0.047939354576365
3 889 761 890 0.33999762375046727 0.3834841439607771 0.047939354576365
3 570 159 571 0.33999762375046727 0.3834841439607771 0.047939354576365
3 159 160 571 0.33999762375046727 0.3834841439607771 0.047939354576365
3 571 572 973 0.33999762375046727 0.3834841439607771 0.047939354576365
3 571 160 572 0.33999762375046727 0.3834841439607771 0.047939354576365
3 1182 329 1183 0.33999762375046727 0.3834841439607771 0.047939354576365
3 1183 329 330 0.33999762375046727 0.3834841439607771 0.047939354576365
3 893 330 892 0.33999762375046727 0.3834841439607771 0.047939354576365
3 892 580 893 0.33999762375046727 0.3834841439607771 0.047939354576365
3 580 581 893 0.33999762375046727 0.3834841439607771 0.047939354576365
3 581 894 893 0.33999762375046727 0.3834841439607771 0.047939354576365
3 587 899 586 0.33999762375046727 0.3834841439607771 0.047939354576365
3 586 585 418 0.33999762375046727 0.3834841439607771 0.047939354576365
3 586 419 587 0.33999762375046727 0.3834841439607771 0.047939354576365
3 418 419 586 0.33999762375046727 0.3834841439607771 0.047939354576365
3 896 897 334 0.33999762375046727 0.3834841439607771 0.047939354576365
3 1186 1185 332 0.33999762375046727 0.3834841439607771 0.047939354576365
3 336 1189 335 0.33999762375046727 0.3834841439607771 0.047939354576365
3 335 334 897 0.33999762375046727 0.3834841439607771 0.047939354576365
3 584 583 416 0.33999762375046727 0.3834841439607771 0.047939354576365
3 896 583 584 0.33999762375046727 0.3834841439607771 0.047939354576365
3 584 416 417 0.33999762375046727 0.3834841439607771 0.047939354576365
3 417 585 584 0.33999762375046727 0.3834841439607771 0.047939354576365
3 584 897 896 0.33999762375046727 0.3834841439607771 0.047939354576365
3 584 585 897 0.33999762375046727 0.3834841439607771 0.047939354576365
3 1445 616 1444 0.33999762375046727 0.3834841439607771 0.047939354576365
3 16 17 1444 0.33999762375046727 0.3834841439607771 0.047939354576365
3 1444 615 16 0.33999762375046727 0.3834841439607771 0.047939354576365
3 1444 616 615 0.33999762375046727 0.3834841439607771 0.047939354576365
3 525 853 852 0.33999762375046727 0.3834841439607771 0.047939354576365
3 525 526 853 0.33999762375046727 0.3834841439607771 0.047939354576365
3 852 524 525 0.33999762375046727 0.3834841439607771 0.047939354576365
3 306 202 307 0.33999762375046727 0.3834841439607771 0.047939354576365
3 202 203 307 0.33999762375046727 0.3834841439607771 0.047939354576365
3 1323 447 1324 0.33999762375046727 0.3834841439607771 0.047939354576365
3 1324 203 1323 0.33999762375046727 0.3834841439607771 0.047939354576365
3 502 501 437 0.33999762375046727 0.3834841439607771 0.047939354576365
3 502 437 438 0.33999762375046727 0.3834841439607771 0.047939354576365
3 607 608 697 0.33999762375046727 0.3834841439607771 0.047939354576365
3 607 606 501 0.33999762375046727 0.3834841439607771 0.047939354576365
3 501 502 607 0.33999762375046727 0.3834841439607771 0.047939354576365
3 607 502 608 0.33999762375046727 0.3834841439607771 0.047939354576365
3 696 606 607 0.33999762375046727 0.3834841439607771 0.047939354576365
3 607 697 696 0.33999762375046727 0.3834841439607771 0.047939354576365
3 822 194 193 0.33999762375046727 0.3834841439607771 0.047939354576365
3 193 194 1090 0.33999762375046727 0.3834841439607771 0.047939354576365
3 183 804 90 0.33999762375046727 0.3834841439607771 0.047939354576365
3 183 805 804 0.33999762375046727 0.3834841439607771 0.047939354576365
3 1090 186 185 0.33999762375046727 0.3834841439607771 0.047939354576365
3 807 806 185 0.33999762375046727 0.3834841439607771 0.047939354576365
3 185 186 807 0.33999762375046727 0.3834841439607771 0.047939354576365
3 1208 1207 430 0.33999762375046727 0.3834841439607771 0.047939354576365
3 431 1208 430 0.33999762375046727 0.3834841439607771 0.047939354576365
3 430 993 431 0.33999762375046727 0.3834841439607771 0.047939354576365
3 430 992 993 0.33999762375046727 0.3834841439607771 0.047939354576365
3 429 992 430 0.33999762375046727 0.3834841439607771 0.047939354576365
3 430 1207 429 0.33999762375046727 0.3834841439607771 0.047939354576365
3 1095 1094 826 0.33999762375046727 0.3834841439607771 0.047939354576365
3 1095 827 1096 0.33999762375046727 0.3834841439607771 0.047939354576365
3 826 827 1095 0.33999762375046727 0.3834841439607771 0.047939354576365
3 1096 812 1095 0.33999762375046727 0.3834841439607771 0.047939354576365
3 811 1094 1095 0.33999762375046727 0.3834841439607771 0.047939354576365
3 1095 812 811 0.33999762375046727 0.3834841439607771 0.047939354576365
3 188 810 809 0.33999762375046727 0.3834841439607771 0.047939354576365
3 809 187 188 0.33999762375046727 0.3834841439607771 0.047939354576365
3 808 187 809 0.33999762375046727 0.3834841439607771 0.047939354576365
3 809 181 808 0.33999762375046727 0.3834841439607771 0.047939354576365
3 188 1093 189 0.33999762375046727 0.3834841439607771 0.047939354576365
3 189 810 188 0.33999762375046727 0.3834841439607771 0.047939354576365
3 1093 1094 189 0.33999762375046727 0.3834841439607771 0.047939354576365
3 189 1094 811 0.33999762375046727 0.3834841439607771 0.047939354576365
3 811 810 189 0.33999762375046727 0.3834841439607771 0.047939354576365
3 1264 181 182 0.33999762375046727 0.3834841439607771 0.047939354576365
3 182 1265 1264 0.33999762375046727 0.3834841439607771 0.047939354576365
3 181 809 182 0.33999762375046727 0.3834841439607771 0.047939354576365
3 182 809 810 0.33999762375046727 0.3834841439607771 0.047939354576365
3 182 811 1265 0.33999762375046727 0.3834841439607771 0.047939354576365
3 182 810 811 0.33999762375046727 0.3834841439607771 0.047939354576365
3 1529 1421 1530 0.33999762375046727 0.3834841439607771 0.047939354576365
3 1530 1421 1422 0.33999762375046727 0.3834841439607771 0.047939354576365
3 1422 1531 1530 0.33999762375046727 0.3834841439607771 0.047939354576365
3 1530 1531 1401 0.33999762375046727 0.3834841439607771 0.047939354576365
3 1530 1400 1529 0.33999762375046727 0.3834841439607771 0.047939354576365
3 1401 1400 1530 0.33999762375046727 0.3834841439607771 0.047939354576365
3 1551 1552 1277 0.33999762375046727 0.3834841439607771 0.047939354576365
3 1422 1421 1277 0.33999762375046727 0.3834841439607771 0.047939354576365
3 1277 1552 1553 0.33999762375046727 0.3834841439607771 0.047939354576365
3 1553 1422 1277 0.33999762375046727 0.3834841439607771 0.047939354576365
3 1599 1531 1553 0.33999762375046727 0.3834841439607771 0.047939354576365
3 1509 1531 1599 0.33999762375046727 0.3834841439607771 0.047939354576365
3 1487 1509 1599 0.33999762375046727 0.3834841439607771 0.047939354576365
3 1599 1575 1487 0.33999762375046727 0.3834841439607771 0.047939354576365
3 1553 1575 1599 0.33999762375046727 0.3834841439607771 0.047939354576365
3 1213 997 998 0.33999762375046727 0.3834841439607771 0.047939354576365
3 1438 999 998 0.33999762375046727 0.3834841439607771 0.047939354576365
3 1437 1438 998 0.33999762375046727 0.3834841439607771 0.047939354576365
3 998 997 1437 0.33999762375046727 0.3834841439607771 0.047939354576365
3 998 1214 1213 0.33999762375046727 0.3834841439607771 0.047939354576365
3 999 1214 998 0.33999762375046727 0.3834841439607771 0.047939354576365
3 1313 1314 1049 0.33999762375046727 0.3834841439607771 0.047939354576365
3 1312 1234 1313 0.33999762375046727 0.3834841439607771 0.047939354576365
3 1313 1049 1048 0.33999762375046727 0.3834841439607771 0.047939354576365
3 1048 1312 1313 0.33999762375046727 0.3834841439607771 0.047939354576365
3 1428 1429 491 0.33999762375046727 0.3834841439607771 0.047939354576365
3 491 490 1428 0.33999762375046727 0.3834841439607771 0.047939354576365
3 1482 1158 1159 0.33999762375046727 0.3834841439607771 0.047939354576365
3 1139 1480 1481 0.33999762375046727 0.3834841439607771 0.047939354576365
3 1481 1140 1139 0.33999762375046727 0.3834841439607771 0.047939354576365
3 1481 1480 1157 0.33999762375046727 0.3834841439607771 0.047939354576365
3 1481 1482 1140 0.33999762375046727 0.3834841439607771 0.047939354576365
3 1157 1158 1481 0.33999762375046727 0.3834841439607771 0.047939354576365
3 1158 1482 1481 0.33999762375046727 0.3834841439607771 0.047939354576365
3 534 658 657 0.33999762375046727 0.3834841439607771 0.047939354576365
3 657 533 534 0.33999762375046727 0.3834841439607771 0.047939354576365
3 541 665 664 0.33999762375046727 0.3834841439607771 0.047939354576365
3 664 665 1154 0.33999762375046727 0.3834841439607771 0.047939354576365
3 1154 1153 664 0.33999762375046727 0.3834841439607771 0.047939354576365
3 664 1153 663 0.33999762375046727 0.3834841439607771 0.047939354576365
3 551 552 1369 0.33999762375046727 0.3834841439607771 0.047939354576365
3 1369 1368 551 0.33999762375046727 0.3834841439607771 0.047939354576365
3 551 1368 550 0.33999762375046727 0.3834841439607771 0.047939354576365
3 551 461 552 0.33999762375046727 0.3834841439607771 0.047939354576365
3 551 550 460 0.33999762375046727 0.3834841439607771 0.047939354576365
3 460 461 551 0.33999762375046727 0.3834841439607771 0.047939354576365
3 663 662 539 0.33999762375046727 0.3834841439607771 0.047939354576365
3 538 662 661 0.33999762375046727 0.3834841439607771 0.047939354576365
3 661 537 538 0.33999762375046727 0.3834841439607771 0.047939354576365
3 538 539 662 0.33999762375046727 0.3834841439607771 0.047939354576365
3 538 537 1366 0.33999762375046727 0.3834841439607771 0.047939354576365
3 389 307 308 0.33999762375046727 0.3834841439607771 0.047939354576365
3 308 307 203 0.33999762375046727 0.3834841439607771 0.047939354576365
3 390 309 391 0.33999762375046727 0.3834841439607771 0.047939354576365
3 390 528 527 0.33999762375046727 0.3834841439607771 0.047939354576365
3 390 391 528 0.33999762375046727 0.3834841439607771 0.047939354576365
3 527 389 390 0.33999762375046727 0.3834841439607771 0.047939354576365
3 389 308 390 0.33999762375046727 0.3834841439607771 0.047939354576365
3 390 308 309 0.33999762375046727 0.3834841439607771 0.047939354576365
3 943 1059 1058 0.33999762375046727 0.3834841439607771 0.047939354576365
3 619 1447 1448 0.33999762375046727 0.3834841439607771 0.047939354576365
3 1448 620 619 0.33999762375046727 0.3834841439607771 0.047939354576365
3 1449 620 1448 0.33999762375046727 0.3834841439607771 0.047939354576365
3 941 620 942 0.33999762375046727 0.3834841439607771 0.047939354576365
3 942 1057 941 0.33999762375046727 0.3834841439607771 0.047939354576365
3 942 621 943 0.33999762375046727 0.3834841439607771 0.047939354576365
3 942 620 621 0.33999762375046727 0.3834841439607771 0.047939354576365
3 943 1058 942 0.33999762375046727 0.3834841439607771 0.047939354576365
3 942 1058 1057 0.33999762375046727 0.3834841439607771 0.047939354576365
3 1129 725 1128 0.33999762375046727 0.3834841439607771 0.047939354576365
3 737 738 1128 0.33999762375046727 0.3834841439607771 0.047939354576365
3 1128 738 1129 0.33999762375046727 0.3834841439607771 0.047939354576365
3 725 724 1128 0.33999762375046727 0.3834841439607771 0.047939354576365
3 1450 621 1449 0.33999762375046727 0.3834841439607771 0.047939354576365
3 625 946 624 0.33999762375046727 0.3834841439607771 0.047939354576365
3 624 1453 625 0.33999762375046727 0.3834841439607771 0.047939354576365
3 1345 712 1344 0.33999762375046727 0.3834841439607771 0.047939354576365
3 1343 724 1344 0.33999762375046727 0.3834841439607771 0.047939354576365
3 1344 725 1345 0.33999762375046727 0.3834841439607771 0.047939354576365
3 1344 724 725 0.33999762375046727 0.3834841439607771 0.047939354576365
3 713 712 1345 0.33999762375046727 0.3834841439607771 0.047939354576365
3 713 1346 714 0.33999762375046727 0.3834841439607771 0.047939354576365
3 1345 1346 713 0.33999762375046727 0.3834841439607771 0.047939354576365
3 628 629 1445 0.33999762375046727 0.3834841439607771 0.047939354576365
3 17 18 628 0.33999762375046727 0.3834841439607771 0.047939354576365
3 1445 1444 628 0.33999762375046727 0.3834841439607771 0.047939354576365
3 628 1444 17 0.33999762375046727 0.3834841439607771 0.047939354576365
3 1106 629 1105 0.33999762375046727 0.3834841439607771 0.047939354576365
3 1105 628 18 0.33999762375046727 0.3834841439607771 0.047939354576365
3 629 628 1105 0.33999762375046727 0.3834841439607771 0.047939354576365
3 1446 1447 618 0.33999762375046727 0.3834841439607771 0.047939354576365
3 1445 629 1446 0.33999762375046727 0.3834841439607771 0.047939354576365
3 618 617 1446 0.33999762375046727 0.3834841439607771 0.047939354576365
3 1446 617 1445 0.33999762375046727 0.3834841439607771 0.047939354576365
3 637 1454 1453 0.33999762375046727 0.3834841439607771 0.047939354576365
3 637 1114 638 0.33999762375046727 0.3834841439607771 0.047939354576365
3 638 1454 637 0.33999762375046727 0.3834841439607771 0.047939354576365
3 727 1346 726 0.33999762375046727 0.3834841439607771 0.047939354576365
3 726 725 1129 0.33999762375046727 0.3834841439607771 0.047939354576365
3 1345 725 726 0.33999762375046727 0.3834841439607771 0.047939354576365
3 726 1346 1345 0.33999762375046727 0.3834841439607771 0.047939354576365
3 726 1129 1130 0.33999762375046727 0.3834841439607771 0.047939354576365
3 1130 727 726 0.33999762375046727 0.3834841439607771 0.047939354576365
3 25 26 641 0.33999762375046727 0.3834841439607771 0.047939354576365
3 641 26 1143 0.33999762375046727 0.3834841439607771 0.047939354576365
3 641 1467 25 0.33999762375046727 0.3834841439607771 0.047939354576365
3 641 1468 1467 0.33999762375046727 0.3834841439607771 0.047939354576365
3 1143 654 1144 0.33999762375046727 0.3834841439607771 0.047939354576365
3 655 531 532 0.33999762375046727 0.3834841439607771 0.047939354576365
3 655 654 531 0.33999762375046727 0.3834841439607771 0.047939354576365
3 655 1144 654 0.33999762375046727 0.3834841439607771 0.047939354576365
3 27 654 1143 0.33999762375046727 0.3834841439607771 0.047939354576365
3 1143 26 27 0.33999762375046727 0.3834841439607771 0.047939354576365
3 28 654 27 0.33999762375046727 0.3834841439607771 0.047939354576365
3 661 1150 660 0.33999762375046727 0.3834841439607771 0.047939354576365
3 536 537 660 0.33999762375046727 0.3834841439607771 0.047939354576365
3 660 537 661 0.33999762375046727 0.3834841439607771 0.047939354576365
3 660 1150 1149 0.33999762375046727 0.3834841439607771 0.047939354576365
3 1148 646 1147 0.33999762375046727 0.3834841439607771 0.047939354576365
3 1146 657 1147 0.33999762375046727 0.3834841439607771 0.047939354576365
3 1147 645 1146 0.33999762375046727 0.3834841439607771 0.047939354576365
3 1147 646 645 0.33999762375046727 0.3834841439607771 0.047939354576365
3 1147 658 1148 0.33999762375046727 0.3834841439607771 0.047939354576365
3 1147 657 658 0.33999762375046727 0.3834841439607771 0.047939354576365
3 1470 1471 739 0.33999762375046727 0.3834841439607771 0.047939354576365
3 1470 738 1469 0.33999762375046727 0.3834841439607771 0.047939354576365
3 739 738 1470 0.33999762375046727 0.3834841439607771 0.047939354576365
3 1470 1469 644 0.33999762375046727 0.3834841439607771 0.047939354576365
3 644 645 1470 0.33999762375046727 0.3834841439607771 0.047939354576365
3 645 1471 1470 0.33999762375046727 0.3834841439607771 0.047939354576365
3 45 748 44 0.33999762375046727 0.3834841439607771 0.047939354576365
3 45 229 748 0.33999762375046727 0.3834841439607771 0.047939354576365
3 46 229 45 0.33999762375046727 0.3834841439607771 0.047939354576365
3 224 223 751 0.33999762375046727 0.3834841439607771 0.047939354576365
3 751 223 750 0.33999762375046727 0.3834841439607771 0.047939354576365
3 749 222 221 0.33999762375046727 0.3834841439607771 0.047939354576365
3 221 43 44 0.33999762375046727 0.3834841439607771 0.047939354576365
3 221 876 43 0.33999762375046727 0.3834841439607771 0.047939354576365
3 221 222 876 0.33999762375046727 0.3834841439607771 0.047939354576365
3 44 748 221 0.33999762375046727 0.3834841439607771 0.047939354576365
3 221 748 749 0.33999762375046727 0.3834841439607771 0.047939354576365
3 763 764 238 0.33999762375046727 0.3834841439607771 0.047939354576365
3 238 1381 237 0.33999762375046727 0.3834841439607771 0.047939354576365
3 237 763 238 0.33999762375046727 0.3834841439607771 0.047939354576365
3 1382 1381 238 0.33999762375046727 0.3834841439607771 0.047939354576365
3 1384 231 1383 0.33999762375046727 0.3834841439607771 0.047939354576365
3 1384 241 1385 0.33999762375046727 0.3834841439607771 0.047939354576365
3 877 878 214 0.33999762375046727 0.3834841439607771 0.047939354576365
3 214 878 215 0.33999762375046727 0.3834841439607771 0.047939354576365
3 1239 215 1240 0.33999762375046727 0.3834841439607771 0.047939354576365
3 1240 206 1239 0.33999762375046727 0.3834841439607771 0.047939354576365
3 1239 214 215 0.33999762375046727 0.3834841439607771 0.047939354576365
3 1238 214 1239 0.33999762375046727 0.3834841439607771 0.047939354576365
3 205 1238 1239 0.33999762375046727 0.3834841439607771 0.047939354576365
3 1239 206 205 0.33999762375046727 0.3834841439607771 0.047939354576365
3 215 878 879 0.33999762375046727 0.3834841439607771 0.047939354576365
3 879 878 224 0.33999762375046727 0.3834841439607771 0.047939354576365
3 224 225 879 0.33999762375046727 0.3834841439607771 0.047939354576365
3 1243 209 1242 0.33999762375046727 0.3834841439607771 0.047939354576365
3 1242 218 1243 0.33999762375046727 0.3834841439607771 0.047939354576365
3 208 207 1241 0.33999762375046727 0.3834841439607771 0.047939354576365
3 1241 1242 208 0.33999762375046727 0.3834841439607771 0.047939354576365
3 208 1242 209 0.33999762375046727 0.3834841439607771 0.047939354576365
3 208 209 864 0.33999762375046727 0.3834841439607771 0.047939354576365
3 321 320 863 0.33999762375046727 0.3834841439607771 0.047939354576365
3 320 862 863 0.33999762375046727 0.3834841439607771 0.047939354576365
3 864 321 863 0.33999762375046727 0.3834841439607771 0.047939354576365
3 863 862 207 0.33999762375046727 0.3834841439607771 0.047939354576365
3 863 208 864 0.33999762375046727 0.3834841439607771 0.047939354576365
3 207 208 863 0.33999762375046727 0.3834841439607771 0.047939354576365
3 975 974 573 0.33999762375046727 0.3834841439607771 0.047939354576365
3 573 974 572 0.33999762375046727 0.3834841439607771 0.047939354576365
3 1511 136 152 0.33999762375046727 0.3834841439607771 0.047939354576365
3 1511 164 151 0.33999762375046727 0.3834841439607771 0.047939354576365
3 152 164 1511 0.33999762375046727 0.3834841439607771 0.047939354576365
3 135 67 68 0.33999762375046727 0.3834841439607771 0.047939354576365
3 135 1510 67 0.33999762375046727 0.3834841439607771 0.047939354576365
3 151 1510 135 0.33999762375046727 0.3834841439607771 0.047939354576365
3 135 1511 151 0.33999762375046727 0.3834841439607771 0.047939354576365
3 1516 480 481 0.33999762375046727 0.3834841439607771 0.047939354576365
3 481 1517 1516 0.33999762375046727 0.3834841439607771 0.047939354576365
3 973 974 481 0.33999762375046727 0.3834841439607771 0.047939354576365
3 481 480 973 0.33999762375046727 0.3834841439607771 0.047939354576365
3 481 974 482 0.33999762375046727 0.3834841439607771 0.047939354576365
3 482 1517 481 0.33999762375046727 0.3834841439607771 0.047939354576365
3 228 756 883 0.33999762375046727 0.3834841439607771 0.047939354576365
3 883 219 882 0.33999762375046727 0.3834841439607771 0.047939354576365
3 882 228 883 0.33999762375046727 0.3834841439607771 0.047939354576365
3 227 228 882 0.33999762375046727 0.3834841439607771 0.047939354576365
3 219 218 882 0.33999762375046727 0.3834841439607771 0.047939354576365
3 233 234 752 0.33999762375046727 0.3834841439607771 0.047939354576365
3 752 225 224 0.33999762375046727 0.3834841439607771 0.047939354576365
3 224 751 752 0.33999762375046727 0.3834841439607771 0.047939354576365
3 752 751 233 0.33999762375046727 0.3834841439607771 0.047939354576365
3 226 225 753 0.33999762375046727 0.3834841439607771 0.047939354576365
3 753 234 235 0.33999762375046727 0.3834841439607771 0.047939354576365
3 225 752 753 0.33999762375046727 0.3834841439607771 0.047939354576365
3 753 752 234 0.33999762375046727 0.3834841439607771 0.047939354576365
3 235 1388 236 0.33999762375046727 0.3834841439607771 0.047939354576365
3 236 1388 1389 0.33999762375046727 0.3834841439607771 0.047939354576365
3 244 243 769 0.33999762375046727 0.3834841439607771 0.047939354576365
3 764 765 239 0.33999762375046727 0.3834841439607771 0.047939354576365
3 1382 238 239 0.33999762375046727 0.3834841439607771 0.047939354576365
3 239 238 764 0.33999762375046727 0.3834841439607771 0.047939354576365
3 239 1383 1382 0.33999762375046727 0.3834841439607771 0.047939354576365
3 771 1390 1389 0.33999762375046727 0.3834841439607771 0.047939354576365
3 772 1390 771 0.33999762375046727 0.3834841439607771 0.047939354576365
3 564 411 676 0.33999762375046727 0.3834841439607771 0.047939354576365
3 411 565 676 0.33999762375046727 0.3834841439607771 0.047939354576365
3 785 784 676 0.33999762375046727 0.3834841439607771 0.047939354576365
3 675 564 676 0.33999762375046727 0.3834841439607771 0.047939354576365
3 676 784 675 0.33999762375046727 0.3834841439607771 0.047939354576365
3 677 786 785 0.33999762375046727 0.3834841439607771 0.047939354576365
3 785 676 677 0.33999762375046727 0.3834841439607771 0.047939354576365
3 677 676 565 0.33999762375046727 0.3834841439607771 0.047939354576365
3 677 565 566 0.33999762375046727 0.3834841439607771 0.047939354576365
3 566 678 677 0.33999762375046727 0.3834841439607771 0.047939354576365
3 678 786 677 0.33999762375046727 0.3834841439607771 0.047939354576365
3 1165 467 1166 0.33999762375046727 0.3834841439607771 0.047939354576365
3 457 1165 1166 0.33999762375046727 0.3834841439607771 0.047939354576365
3 1166 458 457 0.33999762375046727 0.3834841439607771 0.047939354576365
3 1169 471 1170 0.33999762375046727 0.3834841439607771 0.047939354576365
3 460 1168 1169 0.33999762375046727 0.3834841439607771 0.047939354576365
3 1169 1168 470 0.33999762375046727 0.3834841439607771 0.047939354576365
3 470 471 1169 0.33999762375046727 0.3834841439607771 0.047939354576365
3 1169 461 460 0.33999762375046727 0.3834841439607771 0.047939354576365
3 1170 461 1169 0.33999762375046727 0.3834841439607771 0.047939354576365
3 869 870 327 0.33999762375046727 0.3834841439607771 0.047939354576365
3 327 326 869 0.33999762375046727 0.3834841439607771 0.047939354576365
3 869 326 868 0.33999762375046727 0.3834841439607771 0.047939354576365
3 868 212 869 0.33999762375046727 0.3834841439607771 0.047939354576365
3 869 212 1246 0.33999762375046727 0.3834841439607771 0.047939354576365
3 886 1248 1247 0.33999762375046727 0.3834841439607771 0.047939354576365
3 1246 885 1247 0.33999762375046727 0.3834841439607771 0.047939354576365
3 1247 885 886 0.33999762375046727 0.3834841439607771 0.047939354576365
3 1247 1248 870 0.33999762375046727 0.3834841439607771 0.047939354576365
3 1247 869 1246 0.33999762375046727 0.3834841439607771 0.047939354576365
3 870 869 1247 0.33999762375046727 0.3834841439607771 0.047939354576365
3 1249 872 871 0.33999762375046727 0.3834841439607771 0.047939354576365
3 871 1248 1249 0.33999762375046727 0.3834841439607771 0.047939354576365
3 1250 872 1249 0.33999762375046727 0.3834841439607771 0.047939354576365
3 1249 1248 887 0.33999762375046727 0.3834841439607771 0.047939354576365
3 1249 888 1250 0.33999762375046727 0.3834841439607771 0.047939354576365
3 1249 887 888 0.33999762375046727 0.3834841439607771 0.047939354576365
3 1086 1527 1528 0.33999762375046727 0.3834841439607771 0.047939354576365
3 1086 1085 1526 0.33999762375046727 0.3834841439607771 0.047939354576365
3 1526 1527 1086 0.33999762375046727 0.3834841439607771 0.047939354576365
3 1506 1255 1256 0.33999762375046727 0.3834841439607771 0.047939354576365
3 1257 1507 1256 0.33999762375046727 0.3834841439607771 0.047939354576365
3 1256 1507 1506 0.33999762375046727 0.3834841439607771 0.047939354576365
3 1256 1400 1257 0.33999762375046727 0.3834841439607771 0.047939354576365
3 1504 967 1505 0.33999762375046727 0.3834841439607771 0.047939354576365
3 1505 967 1255 0.33999762375046727 0.3834841439607771 0.047939354576365
3 1505 1255 1506 0.33999762375046727 0.3834841439607771 0.047939354576365
3 1505 1506 1180 0.33999762375046727 0.3834841439607771 0.047939354576365
3 1180 1179 1505 0.33999762375046727 0.3834841439607771 0.047939354576365
3 1505 1179 1504 0.33999762375046727 0.3834841439607771 0.047939354576365
3 875 967 966 0.33999762375046727 0.3834841439607771 0.047939354576365
3 875 965 874 0.33999762375046727 0.3834841439607771 0.047939354576365
3 966 965 875 0.33999762375046727 0.3834841439607771 0.047939354576365
3 159 1183 1184 0.33999762375046727 0.3834841439607771 0.047939354576365
3 1184 1183 330 0.33999762375046727 0.3834841439607771 0.047939354576365
3 1184 160 159 0.33999762375046727 0.3834841439607771 0.047939354576365
3 1184 1185 160 0.33999762375046727 0.3834841439607771 0.047939354576365
3 570 571 149 0.33999762375046727 0.3834841439607771 0.047939354576365
3 972 148 149 0.33999762375046727 0.3834841439607771 0.047939354576365
3 149 148 570 0.33999762375046727 0.3834841439607771 0.047939354576365
3 149 973 972 0.33999762375046727 0.3834841439607771 0.047939354576365
3 149 571 973 0.33999762375046727 0.3834841439607771 0.047939354576365
3 158 1183 159 0.33999762375046727 0.3834841439607771 0.047939354576365
3 158 570 569 0.33999762375046727 0.3834841439607771 0.047939354576365
3 158 159 570 0.33999762375046727 0.3834841439607771 0.047939354576365
3 569 157 158 0.33999762375046727 0.3834841439607771 0.047939354576365
3 158 157 1182 0.33999762375046727 0.3834841439607771 0.047939354576365
3 1182 1183 158 0.33999762375046727 0.3834841439607771 0.047939354576365
3 333 1186 332 0.33999762375046727 0.3834841439607771 0.047939354576365
3 332 895 333 0.33999762375046727 0.3834841439607771 0.047939354576365
3 333 895 896 0.33999762375046727 0.3834841439607771 0.047939354576365
3 896 334 333 0.33999762375046727 0.3834841439607771 0.047939354576365
3 333 334 1187 0.33999762375046727 0.3834841439607771 0.047939354576365
3 1187 1186 333 0.33999762375046727 0.3834841439607771 0.047939354576365
3 1187 334 1188 0.33999762375046727 0.3834841439607771 0.047939354576365
3 334 335 1188 0.33999762375046727 0.3834841439607771 0.047939354576365
3 1188 1189 575 0.33999762375046727 0.3834841439607771 0.047939354576365
3 1188 335 1189 0.33999762375046727 0.3834841439607771 0.047939354576365
3 898 899 336 0.33999762375046727 0.3834841439607771 0.047939354576365
3 336 335 898 0.33999762375046727 0.3834841439607771 0.047939354576365
3 898 586 899 0.33999762375046727 0.3834841439607771 0.047939354576365
3 898 335 897 0.33999762375046727 0.3834841439607771 0.047939354576365
3 897 585 898 0.33999762375046727 0.3834841439607771 0.047939354576365
3 585 586 898 0.33999762375046727 0.3834841439607771 0.047939354576365
3 389 526 388 0.33999762375046727 0.3834841439607771 0.047939354576365
3 526 525 388 0.33999762375046727 0.3834841439607771 0.047939354576365
3 388 307 389 0.33999762375046727 0.3834841439607771 0.047939354576365
3 306 307 388 0.33999762375046727 0.3834841439607771 0.047939354576365
3 503 502 438 0.33999762375046727 0.3834841439607771 0.047939354576365
3 504 609 503 0.33999762375046727 0.3834841439607771 0.047939354576365
3 609 608 503 0.33999762375046727 0.3834841439607771 0.047939354576365
3 608 502 503 0.33999762375046727 0.3834841439607771 0.047939354576365
3 503 439 504 0.33999762375046727 0.3834841439607771 0.047939354576365
3 438 439 503 0.33999762375046727 0.3834841439607771 0.047939354576365
3 96 293 95 0.33999762375046727 0.3834841439607771 0.047939354576365
3 1090 185 1089 0.33999762375046727 0.3834841439607771 0.047939354576365
3 1089 193 1090 0.33999762375046727 0.3834841439607771 0.047939354576365
3 184 183 1088 0.33999762375046727 0.3834841439607771 0.047939354576365
3 1088 1089 184 0.33999762375046727 0.3834841439607771 0.047939354576365
3 184 1089 185 0.33999762375046727 0.3834841439607771 0.047939354576365
3 805 183 184 0.33999762375046727 0.3834841439607771 0.047939354576365
3 184 806 805 0.33999762375046727 0.3834841439607771 0.047939354576365
3 184 185 806 0.33999762375046727 0.3834841439607771 0.047939354576365
3 1276 1277 1421 0.33999762375046727 0.3834841439607771 0.047939354576365
3 1276 1420 1275 0.33999762375046727 0.3834841439607771 0.047939354576365
3 1276 1421 1420 0.33999762375046727 0.3834841439607771 0.047939354576365
3 1275 1104 1276 0.33999762375046727 0.3834841439607771 0.047939354576365
3 1276 1104 1551 0.33999762375046727 0.3834841439607771 0.047939354576365
3 1551 1277 1276 0.33999762375046727 0.3834841439607771 0.047939354576365
3 686 1023 1022 0.33999762375046727 0.3834841439607771 0.047939354576365
3 1022 595 1021 0.33999762375046727 0.3834841439607771 0.047939354576365
3 685 686 1022 0.33999762375046727 0.3834841439607771 0.047939354576365
3 1022 1021 685 0.33999762375046727 0.3834841439607771 0.047939354576365
3 1021 595 594 0.33999762375046727 0.3834841439607771 0.047939354576365
3 1425 593 594 0.33999762375046727 0.3834841439607771 0.047939354576365
3 594 593 1020 0.33999762375046727 0.3834841439607771 0.047939354576365
3 1020 1021 594 0.33999762375046727 0.3834841439607771 0.047939354576365
3 1426 488 1425 0.33999762375046727 0.3834841439607771 0.047939354576365
3 1425 594 1426 0.33999762375046727 0.3834841439607771 0.047939354576365
3 1426 594 595 0.33999762375046727 0.3834841439607771 0.047939354576365
3 1314 1313 1235 0.33999762375046727 0.3834841439607771 0.047939354576365
3 1592 1593 1235 0.33999762375046727 0.3834841439607771 0.047939354576365
3 1235 1234 1592 0.33999762375046727 0.3834841439607771 0.047939354576365
3 1235 1313 1234 0.33999762375046727 0.3834841439607771 0.047939354576365
3 1235 1593 1236 0.33999762375046727 0.3834841439607771 0.047939354576365
3 1236 1314 1235 0.33999762375046727 0.3834841439607771 0.047939354576365
3 597 1023 1024 0.33999762375046727 0.3834841439607771 0.047939354576365
3 597 1024 598 0.33999762375046727 0.3834841439607771 0.047939354576365
3 598 1429 597 0.33999762375046727 0.3834841439607771 0.047939354576365
3 1429 1428 597 0.33999762375046727 0.3834841439607771 0.047939354576365
3 1427 1426 595 0.33999762375046727 0.3834841439607771 0.047939354576365
3 1427 1428 490 0.33999762375046727 0.3834841439607771 0.047939354576365
3 1141 1142 1357 0.33999762375046727 0.3834841439607771 0.047939354576365
3 1141 1357 1356 0.33999762375046727 0.3834841439607771 0.047939354576365
3 1356 1140 1141 0.33999762375046727 0.3834841439607771 0.047939354576365
3 1140 1482 1141 0.33999762375046727 0.3834841439607771 0.047939354576365
3 532 533 656 0.33999762375046727 0.3834841439607771 0.047939354576365
3 533 657 656 0.33999762375046727 0.3834841439607771 0.047939354576365
3 656 655 532 0.33999762375046727 0.3834841439607771 0.047939354576365
3 656 657 1146 0.33999762375046727 0.3834841439607771 0.047939354576365
3 1368 539 1367 0.33999762375046727 0.3834841439607771 0.047939354576365
3 1367 1366 549 0.33999762375046727 0.3834841439607771 0.047939354576365
3 1367 538 1366 0.33999762375046727 0.3834841439607771 0.047939354576365
3 539 538 1367 0.33999762375046727 0.3834841439607771 0.047939354576365
3 549 550 1367 0.33999762375046727 0.3834841439607771 0.047939354576365
3 550 1368 1367 0.33999762375046727 0.3834841439607771 0.047939354576365
3 541 664 540 0.33999762375046727 0.3834841439607771 0.047939354576365
3 540 539 1368 0.33999762375046727 0.3834841439607771 0.047939354576365
3 540 664 663 0.33999762375046727 0.3834841439607771 0.047939354576365
3 663 539 540 0.33999762375046727 0.3834841439607771 0.047939354576365
3 540 1369 541 0.33999762375046727 0.3834841439607771 0.047939354576365
3 540 1368 1369 0.33999762375046727 0.3834841439607771 0.047939354576365
3 203 1324 204 0.33999762375046727 0.3834841439607771 0.047939354576365
3 204 308 203 0.33999762375046727 0.3834841439607771 0.047939354576365
3 1326 309 204 0.33999762375046727 0.3834841439607771 0.047939354576365
3 309 308 204 0.33999762375046727 0.3834841439607771 0.047939354576365
3 450 1058 1059 0.33999762375046727 0.3834841439607771 0.047939354576365
3 450 1059 451 0.33999762375046727 0.3834841439607771 0.047939354576365
3 450 1327 1326 0.33999762375046727 0.3834841439607771 0.047939354576365
3 451 1327 450 0.33999762375046727 0.3834841439607771 0.047939354576365
3 1326 204 1325 0.33999762375046727 0.3834841439607771 0.047939354576365
3 1325 204 1324 0.33999762375046727 0.3834841439607771 0.047939354576365
3 631 1448 1447 0.33999762375046727 0.3834841439607771 0.047939354576365
3 723 724 1343 0.33999762375046727 0.3834841439607771 0.047939354576365
3 1343 1342 723 0.33999762375046727 0.3834841439607771 0.047939354576365
3 723 1342 722 0.33999762375046727 0.3834841439607771 0.047939354576365
3 943 621 622 0.33999762375046727 0.3834841439607771 0.047939354576365
3 621 1450 622 0.33999762375046727 0.3834841439607771 0.047939354576365
3 622 944 943 0.33999762375046727 0.3834841439607771 0.047939354576365
3 622 1450 1451 0.33999762375046727 0.3834841439607771 0.047939354576365
3 944 622 623 0.33999762375046727 0.3834841439607771 0.047939354576365
3 623 622 1451 0.33999762375046727 0.3834841439607771 0.047939354576365
3 635 1451 634 0.33999762375046727 0.3834841439607771 0.047939354576365
3 634 1111 635 0.33999762375046727 0.3834841439607771 0.047939354576365
3 1110 1111 634 0.33999762375046727 0.3834841439607771 0.047939354576365
3 1451 1450 634 0.33999762375046727 0.3834841439607771 0.047939354576365
3 1109 1108 709 0.33999762375046727 0.3834841439607771 0.047939354576365
3 19 1105 18 0.33999762375046727 0.3834841439607771 0.047939354576365
3 709 1108 708 0.33999762375046727 0.3834841439607771 0.047939354576365
3 1124 722 721 0.33999762375046727 0.3834841439607771 0.047939354576365
3 712 713 1112 0.33999762375046727 0.3834841439607771 0.047939354576365
3 635 1111 1112 0.33999762375046727 0.3834841439607771 0.047939354576365
3 1112 1111 712 0.33999762375046727 0.3834841439607771 0.047939354576365
3 642 641 1143 0.33999762375046727 0.3834841439607771 0.047939354576365
3 1143 1144 642 0.33999762375046727 0.3834841439607771 0.047939354576365
3 642 1144 643 0.33999762375046727 0.3834841439607771 0.047939354576365
3 642 643 1468 0.33999762375046727 0.3834841439607771 0.047939354576365
3 1468 641 642 0.33999762375046727 0.3834841439607771 0.047939354576365
3 644 643 1145 0.33999762375046727 0.3834841439607771 0.047939354576365
3 643 1144 1145 0.33999762375046727 0.3834841439607771 0.047939354576365
3 1146 644 1145 0.33999762375046727 0.3834841439607771 0.047939354576365
3 1144 655 1145 0.33999762375046727 0.3834841439607771 0.047939354576365
3 1145 656 1146 0.33999762375046727 0.3834841439607771 0.047939354576365
3 655 656 1145 0.33999762375046727 0.3834841439607771 0.047939354576365
3 659 660 1149 0.33999762375046727 0.3834841439607771 0.047939354576365
3 1148 658 659 0.33999762375046727 0.3834841439607771 0.047939354576365
3 659 1149 1148 0.33999762375046727 0.3834841439607771 0.047939354576365
3 658 535 659 0.33999762375046727 0.3834841439607771 0.047939354576365
3 659 535 536 0.33999762375046727 0.3834841439607771 0.047939354576365
3 536 660 659 0.33999762375046727 0.3834841439607771 0.047939354576365
3 232 751 750 0.33999762375046727 0.3834841439607771 0.047939354576365
3 232 1384 1385 0.33999762375046727 0.3834841439607771 0.047939354576365
3 1385 233 232 0.33999762375046727 0.3834841439607771 0.047939354576365
3 233 751 232 0.33999762375046727 0.3834841439607771 0.047939354576365
3 750 231 232 0.33999762375046727 0.3834841439607771 0.047939354576365
3 231 1384 232 0.33999762375046727 0.3834841439607771 0.047939354576365
3 240 1384 1383 0.33999762375046727 0.3834841439607771 0.047939354576365
3 240 765 766 0.33999762375046727 0.3834841439607771 0.047939354576365
3 240 766 241 0.33999762375046727 0.3834841439607771 0.047939354576365
3 241 1384 240 0.33999762375046727 0.3834841439607771 0.047939354576365
3 1383 239 240 0.33999762375046727 0.3834841439607771 0.047939354576365
3 240 239 765 0.33999762375046727 0.3834841439607771 0.047939354576365
3 213 1238 41 0.33999762375046727 0.3834841439607771 0.047939354576365
3 213 214 1238 0.33999762375046727 0.3834841439607771 0.047939354576365
3 41 42 213 0.33999762375046727 0.3834841439607771 0.047939354576365
3 877 214 213 0.33999762375046727 0.3834841439607771 0.047939354576365
3 42 876 213 0.33999762375046727 0.3834841439607771 0.047939354576365
3 213 876 877 0.33999762375046727 0.3834841439607771 0.047939354576365
3 215 879 216 0.33999762375046727 0.3834841439607771 0.047939354576365
3 1240 215 216 0.33999762375046727 0.3834841439607771 0.047939354576365
3 216 1241 1240 0.33999762375046727 0.3834841439607771 0.047939354576365
3 161 1186 1187 0.33999762375046727 0.3834841439607771 0.047939354576365
3 1187 573 161 0.33999762375046727 0.3834841439607771 0.047939354576365
3 161 573 572 0.33999762375046727 0.3834841439607771 0.047939354576365
3 572 160 161 0.33999762375046727 0.3834841439607771 0.047939354576365
3 160 1185 161 0.33999762375046727 0.3834841439607771 0.047939354576365
3 1185 1186 161 0.33999762375046727 0.3834841439607771 0.047939354576365
3 475 68 140 0.33999762375046727 0.3834841439607771 0.047939354576365
3 475 135 68 0.33999762375046727 0.3834841439607771 0.047939354576365
3 140 136 475 0.33999762375046727 0.3834841439607771 0.047939354576365
3 136 1511 475 0.33999762375046727 0.3834841439607771 0.047939354576365
3 1511 135 475 0.33999762375046727 0.3834841439607771 0.047939354576365
3 235 236 754 0.33999762375046727 0.3834841439607771 0.047939354576365
3 754 227 226 0.33999762375046727 0.3834841439607771 0.047939354576365
3 226 753 754 0.33999762375046727 0.3834841439607771 0.047939354576365
3 754 753 235 0.33999762375046727 0.3834841439607771 0.047939354576365
3 755 228 227 0.33999762375046727 0.3834841439607771 0.047939354576365
3 227 754 755 0.33999762375046727 0.3834841439607771 0.047939354576365
3 755 754 236 0.33999762375046727 0.3834841439607771 0.047939354576365
3 756 228 755 0.33999762375046727 0.3834841439607771 0.047939354576365
3 1389 756 755 0.33999762375046727 0.3834841439607771 0.047939354576365
3 755 236 1389 0.33999762375046727 0.3834841439607771 0.047939354576365
3 243 244 1387 0.33999762375046727 0.3834841439607771 0.047939354576365
3 235 234 1387 0.33999762375046727 0.3834841439607771 0.047939354576365
3 1387 1388 235 0.33999762375046727 0.3834841439607771 0.047939354576365
3 1387 244 1388 0.33999762375046727 0.3834841439607771 0.047939354576365
3 1387 234 1386 0.33999762375046727 0.3834841439607771 0.047939354576365
3 1386 243 1387 0.33999762375046727 0.3834841439607771 0.047939354576365
3 1079 786 787 0.33999762375046727 0.3834841439607771 0.047939354576365
3 772 771 1079 0.33999762375046727 0.3834841439607771 0.047939354576365
3 1079 1080 772 0.33999762375046727 0.3834841439607771 0.047939354576365
3 787 1080 1079 0.33999762375046727 0.3834841439607771 0.047939354576365
3 769 252 1077 0.33999762375046727 0.3834841439607771 0.047939354576365
3 1077 784 785 0.33999762375046727 0.3834841439607771 0.047939354576365
3 1077 252 1076 0.33999762375046727 0.3834841439607771 0.047939354576365
3 1076 784 1077 0.33999762375046727 0.3834841439607771 0.047939354576365
3 469 1168 1167 0.33999762375046727 0.3834841439607771 0.047939354576365
3 458 1166 1167 0.33999762375046727 0.3834841439607771 0.047939354576365
3 1167 459 458 0.33999762375046727 0.3834841439607771 0.047939354576365
3 1167 1168 459 0.33999762375046727 0.3834841439607771 0.047939354576365
3 468 1166 467 0.33999762375046727 0.3834841439607771 0.047939354576365
3 468 396 469 0.33999762375046727 0.3834841439607771 0.047939354576365
3 469 1167 468 0.33999762375046727 0.3834841439607771 0.047939354576365
3 468 1167 1166 0.33999762375046727 0.3834841439607771 0.047939354576365
3 468 467 395 0.33999762375046727 0.3834841439607771 0.047939354576365
3 395 396 468 0.33999762375046727 0.3834841439607771 0.047939354576365
3 1398 1255 1254 0.33999762375046727 0.3834841439607771 0.047939354576365
3 1254 967 1253 0.33999762375046727 0.3834841439607771 0.047939354576365
3 967 875 1253 0.33999762375046727 0.3834841439607771 0.047939354576365
3 331 1184 330 0.33999762375046727 0.3834841439607771 0.047939354576365
3 331 893 894 0.33999762375046727 0.3834841439607771 0.047939354576365
3 330 893 331 0.33999762375046727 0.3834841439607771 0.047939354576365
3 331 894 332 0.33999762375046727 0.3834841439607771 0.047939354576365
3 332 1185 331 0.33999762375046727 0.3834841439607771 0.047939354576365
3 1185 1184 331 0.33999762375046727 0.3834841439607771 0.047939354576365
3 975 573 574 0.33999762375046727 0.3834841439607771 0.047939354576365
3 574 1188 575 0.33999762375046727 0.3834841439607771 0.047939354576365
3 574 573 1187 0.33999762375046727 0.3834841439607771 0.047939354576365
3 1187 1188 574 0.33999762375046727 0.3834841439607771 0.047939354576365
3 575 976 574 0.33999762375046727 0.3834841439607771 0.047939354576365
3 976 975 574 0.33999762375046727 0.3834841439607771 0.047939354576365
3 387 525 524 0.33999762375046727 0.3834841439607771 0.047939354576365
3 387 388 525 0.33999762375046727 0.3834841439607771 0.047939354576365
3 306 388 387 0.33999762375046727 0.3834841439607771 0.047939354576365
3 524 386 387 0.33999762375046727 0.3834841439607771 0.047939354576365
3 387 386 305 0.33999762375046727 0.3834841439607771 0.047939354576365
3 305 306 387 0.33999762375046727 0.3834841439607771 0.047939354576365
3 94 285 93 0.33999762375046727 0.3834841439607771 0.047939354576365
3 1532 293 294 0.33999762375046727 0.3834841439607771 0.047939354576365
3 1532 95 293 0.33999762375046727 0.3834841439607771 0.047939354576365
3 294 1533 1532 0.33999762375046727 0.3834841439607771 0.047939354576365
3 1533 285 1532 0.33999762375046727 0.3834841439607771 0.047939354576365
3 1532 94 95 0.33999762375046727 0.3834841439607771 0.047939354576365
3 285 94 1532 0.33999762375046727 0.3834841439607771 0.047939354576365
3 596 597 1428 0.33999762375046727 0.3834841439607771 0.047939354576365
3 1428 1427 596 0.33999762375046727 0.3834841439607771 0.047939354576365
3 1023 597 596 0.33999762375046727 0.3834841439607771 0.047939354576365
3 596 1427 595 0.33999762375046727 0.3834841439607771 0.047939354576365
3 596 1022 1023 0.33999762375046727 0.3834841439607771 0.047939354576365
3 595 1022 596 0.33999762375046727 0.3834841439607771 0.047939354576365
3 489 1427 490 0.33999762375046727 0.3834841439607771 0.047939354576365
3 489 490 987 0.33999762375046727 0.3834841439607771 0.047939354576365
3 987 986 489 0.33999762375046727 0.3834841439607771 0.047939354576365
3 489 986 488 0.33999762375046727 0.3834841439607771 0.047939354576365
3 488 1426 489 0.33999762375046727 0.3834841439607771 0.047939354576365
3 1426 1427 489 0.33999762375046727 0.3834841439607771 0.047939354576365
3 1142 1141 1483 0.33999762375046727 0.3834841439607771 0.047939354576365
3 1159 1160 1483 0.33999762375046727 0.3834841439607771 0.047939354576365
3 1483 1482 1159 0.33999762375046727 0.3834841439607771 0.047939354576365
3 1483 1141 1482 0.33999762375046727 0.3834841439607771 0.047939354576365
3 1483 1160 1484 0.33999762375046727 0.3834841439607771 0.047939354576365
3 1484 1142 1483 0.33999762375046727 0.3834841439607771 0.047939354576365
3 448 1325 1324 0.33999762375046727 0.3834841439607771 0.047939354576365
3 448 1324 447 0.33999762375046727 0.3834841439607771 0.047939354576365
3 448 447 1056 0.33999762375046727 0.3834841439607771 0.047939354576365
3 1056 1057 448 0.33999762375046727 0.3834841439607771 0.047939354576365
3 1058 450 449 0.33999762375046727 0.3834841439607771 0.047939354576365
3 1325 448 449 0.33999762375046727 0.3834841439607771 0.047939354576365
3 449 450 1326 0.33999762375046727 0.3834841439607771 0.047939354576365
3 1326 1325 449 0.33999762375046727 0.3834841439607771 0.047939354576365
3 1057 1058 449 0.33999762375046727 0.3834841439607771 0.047939354576365
3 449 448 1057 0.33999762375046727 0.3834841439607771 0.047939354576365
3 1108 631 1107 0.33999762375046727 0.3834841439607771 0.047939354576365
3 1106 707 1107 0.33999762375046727 0.3834841439607771 0.047939354576365
3 1107 708 1108 0.33999762375046727 0.3834841439607771 0.047939354576365
3 707 708 1107 0.33999762375046727 0.3834841439607771 0.047939354576365
3 630 631 1447 0.33999762375046727 0.3834841439607771 0.047939354576365
3 630 629 1106 0.33999762375046727 0.3834841439607771 0.047939354576365
3 1106 1107 630 0.33999762375046727 0.3834841439607771 0.047939354576365
3 630 1107 631 0.33999762375046727 0.3834841439607771 0.047939354576365
3 1447 1446 630 0.33999762375046727 0.3834841439607771 0.047939354576365
3 630 1446 629 0.33999762375046727 0.3834841439607771 0.047939354576365
3 632 631 1108 0.33999762375046727 0.3834841439607771 0.047939354576365
3 1108 1109 632 0.33999762375046727 0.3834841439607771 0.047939354576365
3 1449 1448 632 0.33999762375046727 0.3834841439607771 0.047939354576365
3 1448 631 632 0.33999762375046727 0.3834841439607771 0.047939354576365
3 1126 722 1125 0.33999762375046727 0.3834841439607771 0.047939354576365
3 1126 723 722 0.33999762375046727 0.3834841439607771 0.047939354576365
3 1126 734 735 0.33999762375046727 0.3834841439607771 0.047939354576365
3 1126 1125 734 0.33999762375046727 0.3834841439607771 0.047939354576365
3 735 736 1126 0.33999762375046727 0.3834841439607771 0.047939354576365
3 1060 944 945 0.33999762375046727 0.3834841439607771 0.047939354576365
3 944 623 945 0.33999762375046727 0.3834841439607771 0.047939354576365
3 945 623 624 0.33999762375046727 0.3834841439607771 0.047939354576365
3 945 624 946 0.33999762375046727 0.3834841439607771 0.047939354576365
3 945 1061 1060 0.33999762375046727 0.3834841439607771 0.047939354576365
3 945 946 1061 0.33999762375046727 0.3834841439607771 0.047939354576365
3 624 623 1452 0.33999762375046727 0.3834841439607771 0.047939354576365
3 1453 624 1452 0.33999762375046727 0.3834841439607771 0.047939354576365
3 1452 1451 635 0.33999762375046727 0.3834841439607771 0.047939354576365
3 1452 623 1451 0.33999762375046727 0.3834841439607771 0.047939354576365
3 712 1111 711 0.33999762375046727 0.3834841439607771 0.047939354576365
3 1343 1344 711 0.33999762375046727 0.3834841439607771 0.047939354576365
3 711 1344 712 0.33999762375046727 0.3834841439607771 0.047939354576365
3 711 1111 1110 0.33999762375046727 0.3834841439607771 0.047939354576365
3 1110 634 633 0.33999762375046727 0.3834841439607771 0.047939354576365
3 633 1109 1110 0.33999762375046727 0.3834841439607771 0.047939354576365
3 633 634 1450 0.33999762375046727 0.3834841439607771 0.047939354576365
3 633 632 1109 0.33999762375046727 0.3834841439607771 0.047939354576365
3 633 1450 1449 0.33999762375046727 0.3834841439607771 0.047939354576365
3 1449 632 633 0.33999762375046727 0.3834841439607771 0.047939354576365
3 1106 1105 706 0.33999762375046727 0.3834841439607771 0.047939354576365
3 1105 19 706 0.33999762375046727 0.3834841439607771 0.047939354576365
3 706 707 1106 0.33999762375046727 0.3834841439607771 0.047939354576365
3 20 707 706 0.33999762375046727 0.3834841439607771 0.047939354576365
3 706 19 20 0.33999762375046727 0.3834841439607771 0.047939354576365
3 23 1124 22 0.33999762375046727 0.3834841439607771 0.047939354576365
3 720 21 22 0.33999762375046727 0.3834841439607771 0.047939354576365
3 1124 721 22 0.33999762375046727 0.3834841439607771 0.047939354576365
3 22 721 720 0.33999762375046727 0.3834841439607771 0.047939354576365
3 1339 707 20 0.33999762375046727 0.3834841439607771 0.047939354576365
3 20 21 1339 0.33999762375046727 0.3834841439607771 0.047939354576365
3 720 721 1341 0.33999762375046727 0.3834841439607771 0.047939354576365
3 709 708 1341 0.33999762375046727 0.3834841439607771 0.047939354576365
3 1341 1342 709 0.33999762375046727 0.3834841439607771 0.047939354576365
3 722 1342 1341 0.33999762375046727 0.3834841439607771 0.047939354576365
3 1341 721 722 0.33999762375046727 0.3834841439607771 0.047939354576365
3 1113 1112 713 0.33999762375046727 0.3834841439607771 0.047939354576365
3 1114 637 1113 0.33999762375046727 0.3834841439607771 0.047939354576365
3 714 1114 1113 0.33999762375046727 0.3834841439607771 0.047939354576365
3 1113 713 714 0.33999762375046727 0.3834841439607771 0.047939354576365
3 217 1242 1241 0.33999762375046727 0.3834841439607771 0.047939354576365
3 1241 216 217 0.33999762375046727 0.3834841439607771 0.047939354576365
3 218 1242 217 0.33999762375046727 0.3834841439607771 0.047939354576365
3 786 1079 1078 0.33999762375046727 0.3834841439607771 0.047939354576365
3 1078 1079 771 0.33999762375046727 0.3834841439607771 0.047939354576365
3 785 786 1078 0.33999762375046727 0.3834841439607771 0.047939354576365
3 1078 1077 785 0.33999762375046727 0.3834841439607771 0.047939354576365
3 1399 1256 1255 0.33999762375046727 0.3834841439607771 0.047939354576365
3 1255 1398 1399 0.33999762375046727 0.3834841439607771 0.047939354576365
3 1400 1256 1399 0.33999762375046727 0.3834841439607771 0.047939354576365
3 1399 1528 1529 0.33999762375046727 0.3834841439607771 0.047939354576365
3 1529 1400 1399 0.33999762375046727 0.3834841439607771 0.047939354576365
3 1399 1086 1528 0.33999762375046727 0.3834841439607771 0.047939354576365
3 1399 1398 1086 0.33999762375046727 0.3834841439607771 0.047939354576365
3 1252 1253 875 0.33999762375046727 0.3834841439607771 0.047939354576365
3 1252 874 1251 0.33999762375046727 0.3834841439607771 0.047939354576365
3 1252 875 874 0.33999762375046727 0.3834841439607771 0.047939354576365
3 1251 890 1252 0.33999762375046727 0.3834841439607771 0.047939354576365
3 890 1253 1252 0.33999762375046727 0.3834841439607771 0.047939354576365
3 1397 1398 1254 0.33999762375046727 0.3834841439607771 0.047939354576365
3 1254 1253 1397 0.33999762375046727 0.3834841439607771 0.047939354576365
3 1086 1398 1397 0.33999762375046727 0.3834841439607771 0.047939354576365
3 1397 890 1396 0.33999762375046727 0.3834841439607771 0.047939354576365
3 1397 1253 890 0.33999762375046727 0.3834841439607771 0.047939354576365
3 1396 1085 1397 0.33999762375046727 0.3834841439607771 0.047939354576365
3 1085 1086 1397 0.33999762375046727 0.3834841439607771 0.047939354576365
3 1087 183 90 0.33999762375046727 0.3834841439607771 0.047939354576365
3 90 91 1087 0.33999762375046727 0.3834841439607771 0.047939354576365
3 1088 183 1087 0.33999762375046727 0.3834841439607771 0.047939354576365
3 1087 191 1088 0.33999762375046727 0.3834841439607771 0.047939354576365
3 822 193 821 0.33999762375046727 0.3834841439607771 0.047939354576365
3 821 289 822 0.33999762375046727 0.3834841439607771 0.047939354576365
3 821 288 289 0.33999762375046727 0.3834841439607771 0.047939354576365
3 287 1534 1535 0.33999762375046727 0.3834841439607771 0.047939354576365
3 1535 288 287 0.33999762375046727 0.3834841439607771 0.047939354576365
3 93 285 818 0.33999762375046727 0.3834841439607771 0.047939354576365
3 818 92 93 0.33999762375046727 0.3834841439607771 0.047939354576365
3 724 723 1127 0.33999762375046727 0.3834841439607771 0.047939354576365
3 723 1126 1127 0.33999762375046727 0.3834841439607771 0.047939354576365
3 1127 1128 724 0.33999762375046727 0.3834841439607771 0.047939354576365
3 1127 1126 736 0.33999762375046727 0.3834841439607771 0.047939354576365
3 1127 736 737 0.33999762375046727 0.3834841439607771 0.047939354576365
3 737 1128 1127 0.33999762375046727 0.3834841439607771 0.047939354576365
3 710 711 1110 0.33999762375046727 0.3834841439607771 0.047939354576365
3 710 1109 709 0.33999762375046727 0.3834841439607771 0.047939354576365
3 1110 1109 710 0.33999762375046727 0.3834841439607771 0.047939354576365
3 709 1342 710 0.33999762375046727 0.3834841439607771 0.047939354576365
3 710 1342 1343 0.33999762375046727 0.3834841439607771 0.047939354576365
3 1343 711 710 0.33999762375046727 0.3834841439607771 0.047939354576365
3 1340 708 707 0.33999762375046727 0.3834841439607771 0.047939354576365
3 707 1339 1340 0.33999762375046727 0.3834841439607771 0.047939354576365
3 1340 1341 708 0.33999762375046727 0.3834841439607771 0.047939354576365
3 720 1341 1340 0.33999762375046727 0.3834841439607771 0.047939354576365
3 1340 21 720 0.33999762375046727 0.3834841439607771 0.047939354576365
3 1340 1339 21 0.33999762375046727 0.3834841439607771 0.047939354576365
3 1112 1113 636 0.33999762375046727 0.3834841439607771 0.047939354576365
3 1453 1452 636 0.33999762375046727 0.3834841439607771 0.047939354576365
3 636 637 1453 0.33999762375046727 0.3834841439607771 0.047939354576365
3 636 1113 637 0.33999762375046727 0.3834841439607771 0.047939354576365
3 635 1112 636 0.33999762375046727 0.3834841439607771 0.047939354576365
3 636 1452 635 0.33999762375046727 0.3834841439607771 0.047939354576365
3 880 216 879 0.33999762375046727 0.3834841439607771 0.047939354576365
3 880 217 216 0.33999762375046727 0.3834841439607771 0.047939354576365
3 880 879 225 0.33999762375046727 0.3834841439607771 0.047939354576365
3 880 225 226 0.33999762375046727 0.3834841439607771 0.047939354576365
3 770 1078 771 0.33999762375046727 0.3834841439607771 0.047939354576365
3 1388 244 770 0.33999762375046727 0.3834841439607771 0.047939354576365
3 770 244 769 0.33999762375046727 0.3834841439607771 0.047939354576365
3 1389 1388 770 0.33999762375046727 0.3834841439607771 0.047939354576365
3 770 771 1389 0.33999762375046727 0.3834841439607771 0.047939354576365
3 769 1077 770 0.33999762375046727 0.3834841439607771 0.047939354576365
3 1077 1078 770 0.33999762375046727 0.3834841439607771 0.047939354576365
3 191 1087 190 0.33999762375046727 0.3834841439607771 0.047939354576365
3 92 818 190 0.33999762375046727 0.3834841439607771 0.047939354576365
3 190 91 92 0.33999762375046727 0.3834841439607771 0.047939354576365
3 190 1087 91 0.33999762375046727 0.3834841439607771 0.047939354576365
3 192 821 193 0.33999762375046727 0.3834841439607771 0.047939354576365
3 193 1089 192 0.33999762375046727 0.3834841439607771 0.047939354576365
3 192 1089 1088 0.33999762375046727 0.3834841439607771 0.047939354576365
3 1088 191 192 0.33999762375046727 0.3834841439607771 0.047939354576365
3 286 818 285 0.33999762375046727 0.3834841439607771 0.047939354576365
3 286 285 1533 0.33999762375046727 0.3834841439607771 0.047939354576365
3 286 1533 1534 0.33999762375046727 0.3834841439607771 0.047939354576365
3 1534 287 286 0.33999762375046727 0.3834841439607771 0.047939354576365
3 191 190 819 0.33999762375046727 0.3834841439607771 0.047939354576365
3 819 190 818 0.33999762375046727 0.3834841439607771 0.047939354576365
3 819 286 287 0.33999762375046727 0.3834841439607771 0.047939354576365
3 818 286 819 0.33999762375046727 0.3834841439607771 0.047939354576365
3 881 880 226 0.33999762375046727 0.3834841439607771 0.047939354576365
3 881 882 218 0.33999762375046727 0.3834841439607771 0.047939354576365
3 218 217 881 0.33999762375046727 0.3834841439607771 0.047939354576365
3 217 880 881 0.33999762375046727 0.3834841439607771 0.047939354576365
3 226 227 881 0.33999762375046727 0.3834841439607771 0.047939354576365
3 227 882 881 0.33999762375046727 0.3834841439607771 0.047939354576365
3 820 192 191 0.33999762375046727 0.3834841439607771 0.047939354576365
3 191 819 820 0.33999762375046727 0.3834841439607771 0.047939354576365
3 821 192 820 0.33999762375046727 0.3834841439607771 0.047939354576365
3 820 819 287 0.33999762375046727 0.3834841439607771 0.047939354576365
3 288 821 820 0.33999762375046727 0.3834841439607771 0.047939354576365
3 820 287 288 0.33999762375046727 0.3834841439607771 0.047939354576365
