OFF
848 1589 0


28.1236 32.0816 10.9723
28.1236 32.0816 10.9723
28.0458 32.1211 10.8559
27.9751 32.1575 10.7488
27.9101 32.1912 10.6494
27.85 32.2228 10.5563
27.7939 32.2527 10.4684
27.7413 32.2811 10.3848
27.6915 32.3083 10.3047
27.6441 32.3345 10.2275
27.5987 32.3599 10.1525
27.5549 32.3848 10.0794
27.5124 32.4092 10.0075
27.471 32.4334 9.9364
27.4303 32.4573 9.8658
27.3902 32.4813 9.7951
27.3504 32.5055 9.7241
27.3107 32.5299 9.6523
27.2707 32.5547 9.5792
27.2304 32.5802 9.5043
27.1894 32.6064 9.4272
27.1474 32.6335 9.3474
27.1042 32.6618 9.264
27.0594 32.6916 9.1765
27.0126 32.723 9.084
26.9633 32.7566 8.9853
26.911 32.7926 8.8794
26.855 32.8316 8.7645
26.7945 32.8743 8.639
26.8289 32.9369 8.6081
26.8636 32.9994 8.5773
26.8636 32.9994 8.5773
26.9561 33.0842 8.5918
27.0231 33.1464 8.6008
27.0898 33.2091 8.6084
27.181 33.2962 8.6164
27.181 33.2962 8.6164
27.181 33.2962 8.6164
27.291 33.3609 8.6738
27.3915 33.4193 8.7264
27.4843 33.4725 8.7749
27.5708 33.5215 8.8201
27.6522 33.5669 8.8627
27.7295 33.6094 8.9031
27.8034 33.6495 8.9418
27.8747 33.6875 8.9792
27.944 33.724 9.0154
28.0118 33.7591 9.0509
28.0786 33.7932 9.0859
28.1448 33.8265 9.1206
28.211 33.8593 9.1553
28.2776 33.8918 9.1902
28.345 33.9241 9.2256
28.4138 33.9566 9.2616
28.4844 33.9895 9.2987
28.5574 34.0229 9.337
28.6335 34.0572 9.377
28.7135 34.0927 9.4189
28.7981 34.1296 9.4634
28.8885 34.1684 9.5109
28.9859 34.2095 9.562
29.0919 34.2536 9.6177
29.2085 34.3013 9.679
29.2138 34.2828 9.7065
29.2192 34.2643 9.734
29.2192 34.2643 9.734
29.1646 34.1566 9.8069
29.1143 34.0574 9.8731
29.0676 33.9653 9.934
29.024 33.879 9.9903
28.9828 33.7975 10.0428
28.9436 33.7199 10.0921
28.9061 33.6456 10.1387
28.87 33.5739 10.183
28.8349 33.5043 10.2255
28.8007 33.4363 10.2663
28.7671 33.3694 10.306
28.734 33.3033 10.3446
28.701 33.2376 10.3824
28.6681 33.1719 10.4197
28.635 33.1057 10.4567
28.6016 33.0388 10.4936
28.5676 32.9708 10.5306
28.5329 32.9011 10.5679
28.4971 32.8293 10.6058
28.4601 32.755 10.6445
28.4215 32.6774 10.6843
28.381 32.596 10.7255
28.3383 32.5099 10.7684
28.2928 32.4181 10.8136
28.244 32.3196 10.8615
28.1911 32.213 10.9127
28.1334 32.0964 10.9679
28.1334 32.0964 10.9679
28.1285 32.089 10.9701
28.1236 32.0816 10.9723
29.0867 34.1462 9.7408
28.9709 34.0426 9.7464
26.9621 32.9627 8.7438
27.0781 32.9849 8.8616
27.1808 33.0043 8.9653
27.1276 33.148 8.7292
27.2203 33.1491 8.8425
27.3034 33.15 8.9437
27.379 33.1506 9.0352
27.6328 32.4272 10.1214
27.665 32.4903 10.092
27.6955 32.5498 10.0641
27.7246 32.6062 10.0376
27.7525 32.6599 10.0122
27.5532 32.4712 9.9888
27.5919 32.5296 9.9712
27.6287 32.5849 9.9543
27.6637 32.6375 9.9382
27.6974 32.6877 9.9228
27.4779 32.5151 9.859
27.5229 32.5696 9.8524
27.5657 32.6212 9.8462
27.6066 32.6703 9.8401
27.6458 32.7172 9.8343
27.405 32.5597 9.7291
27.4566 32.6107 9.7338
27.5056 32.659 9.7381
27.5524 32.7049 9.7421
27.5971 32.7486 9.7459
27.3332 32.6059 9.5967
27.392 32.6539 9.6131
27.4476 32.699 9.6285
27.5003 32.7417 9.6429
27.5507 32.7823 9.6566
27.261 32.6547 9.4589
27.3278 32.6997 9.4882
27.3906 32.7418 9.5156
27.4499 32.7813 9.5413
27.5061 32.8186 9.5656
27.1868 32.7074 9.3123
27.2631 32.7493 9.3566
27.334 32.7881 9.3977
27.4005 32.8242 9.4359
27.463 32.858 9.4717
27.885 33.6439 9.0452
27.8949 33.6026 9.1075
27.9043 33.5633 9.1665
27.9134 33.5258 9.2226
27.9223 33.4898 9.2763
28.0109 33.7105 9.1101
28.0101 33.6643 9.166
28.0095 33.6202 9.2191
28.0091 33.5781 9.2698
28.0088 33.5375 9.3183
28.1332 33.7727 9.1739
28.1224 33.7216 9.2243
28.1121 33.6729 9.2722
28.1025 33.6262 9.3179
28.0933 33.5813 9.3617
28.2551 33.8323 9.2384
28.234 33.776 9.2838
28.2141 33.7225 9.3268
28.1952 33.6712 9.3678
28.1772 33.6219 9.407
28.3795 33.8907 9.305
28.3474 33.8286 9.3456
28.3173 33.7698 9.3839
28.2887 33.7137 9.4202
28.2616 33.6601 9.4548
28.5096 33.9492 9.3755
28.4652 33.8804 9.4113
28.4237 33.8157 9.4447
28.3847 33.7544 9.4761
28.3477 33.6961 9.5059
28.6492 34.0093 9.4521
28.5902 33.9324 9.4826
28.5356 33.8608 9.5107
28.4847 33.7937 9.5368
28.4369 33.7303 9.5613
28.7987 33.5398 10.1507
28.7318 33.5076 10.1202
28.6686 33.4771 10.0912
28.6086 33.4478 10.0635
28.5513 33.4198 10.0369
28.737 33.414 10.2282
28.6768 33.3927 10.192
28.6196 33.3724 10.1574
28.565 33.3529 10.1242
28.5126 33.334 10.0922
28.6765 33.2917 10.3008
28.6219 33.2805 10.2591
28.5699 33.2698 10.2191
28.5201 33.2593 10.1806
28.4722 33.2492 10.1435
28.6158 33.1705 10.37
28.5662 33.1691 10.3227
28.5188 33.1677 10.2773
28.4735 33.1662 10.2336
28.4299 33.1648 10.1914
28.5539 33.048 10.4374
28.5087 33.0567 10.3839
28.4657 33.0648 10.3329
28.4247 33.0725 10.2838
28.3853 33.0798 10.2366
28.4894 32.9218 10.5042
28.4485 32.9412 10.4439
28.4099 32.9596 10.3866
28.3731 32.977 10.3319
28.338 32.9936 10.2793
28.421 32.789 10.5718
28.3845 32.8207 10.5036
28.3503 32.8504 10.4393
28.318 32.8785 10.3783
28.2875 32.9051 10.3201
27.9184 32.285 10.5661
27.9262 32.37 10.4901
27.9334 32.4478 10.4204
27.9404 32.5195 10.3558
27.947 32.5862 10.2954
27.9534 32.6487 10.2387
27.8126 32.3351 10.4063
27.83 32.4111 10.3488
27.8463 32.4815 10.2952
27.8616 32.5473 10.245
27.8763 32.6092 10.1977
27.8903 32.6676 10.1527
27.7184 32.3821 10.2594
27.7437 32.451 10.217
27.7676 32.5155 10.1772
27.7902 32.5762 10.1394
27.8118 32.6338 10.1036
27.8325 32.6885 10.0693
27.1089 32.7656 9.1529
27.1966 32.804 9.2154
27.277 32.8391 9.2724
27.3516 32.8714 9.325
27.421 32.9013 9.3738
27.4863 32.9292 9.4194
27.025 32.8312 8.9753
27.1269 32.8655 9.0605
27.2188 32.8961 9.1372
27.3027 32.9239 9.2068
27.3799 32.9492 9.2705
27.4517 32.9725 9.3294
26.9323 32.9075 8.7719
27.0523 32.936 8.8871
27.1584 32.961 8.9884
27.2534 32.9831 9.0788
27.3395 33.0028 9.1602
27.4185 33.0207 9.2345
27.0704 33.0927 8.7242
27.171 33.1 8.8403
27.2609 33.1063 8.9434
27.3421 33.1117 9.0362
27.4164 33.1165 9.1206
27.4849 33.1207 9.1981
27.6087 33.4891 8.9058
27.644 33.459 8.9852
27.6771 33.4307 9.0593
27.7084 33.404 9.1288
27.7381 33.3787 9.1943
27.7665 33.3545 9.2566
27.7523 33.571 8.9778
27.7739 33.5349 9.0477
27.7943 33.5008 9.1135
27.8138 33.4683 9.1758
27.8325 33.4373 9.2351
27.8506 33.4074 9.2917
28.8031 34.0726 9.5377
28.726 33.9857 9.5618
28.6556 33.9059 9.5837
28.5908 33.8319 9.6038
28.5306 33.7628 9.6223
28.4741 33.6976 9.6396
28.9778 34.1411 9.6361
28.8771 34.0412 9.6521
28.787 33.9513 9.6663
28.7052 33.8693 9.679
28.6303 33.7937 9.6904
28.561 33.7232 9.7009
29.0045 33.9701 9.8654
28.906 33.8914 9.8582
28.8167 33.8195 9.8515
28.7348 33.7532 9.8452
28.6589 33.6915 9.8391
28.5881 33.6335 9.8332
28.9307 33.814 9.9723
28.8454 33.7542 9.9556
28.7666 33.6987 9.94
28.6932 33.6467 9.9253
28.6244 33.5977 9.9113
28.5594 33.5511 9.8979
28.8628 33.6721 10.0662
28.7877 33.6273 10.0421
28.7174 33.5853 10.0193
28.6513 33.5454 9.9976
28.5886 33.5074 9.9769
28.5288 33.471 9.957
28.3467 32.6462 10.6417
28.3151 32.6925 10.564
28.2859 32.7354 10.4916
28.2586 32.7756 10.4235
28.233 32.8134 10.3591
28.2089 32.8492 10.2978
28.2643 32.4891 10.7156
28.2386 32.5534 10.6263
28.2151 32.6124 10.5441
28.1936 32.6668 10.4679
28.1737 32.7174 10.3966
28.1552 32.7649 10.3295
28.1705 32.3117 10.7959
28.1523 32.3994 10.6918
28.1361 32.4783 10.5978
28.1217 32.5499 10.5119
28.1086 32.6157 10.4328
28.0966 32.6765 10.3592
28.0402 32.2302 10.7443
28.0355 32.327 10.6448
28.0315 32.4139 10.5551
28.0281 32.4928 10.4733
28.0252 32.5652 10.398
28.0227 32.632 10.328
28.0206 32.6944 10.2624
27.2646 33.2821 8.7372
27.3397 33.2694 8.8452
27.4078 33.2577 8.9427
27.4703 33.2469 9.0315
27.528 33.2367 9.1133
27.5819 33.2271 9.1892
27.6326 33.218 9.2601
27.4486 33.3946 8.8268
27.5011 33.3719 8.9184
27.5496 33.3508 9.0027
27.5948 33.3311 9.0808
27.6372 33.3125 9.1538
27.6774 33.2949 9.2224
27.7156 33.2781 9.2873
29.0443 34.0552 9.8057
28.9379 33.9649 9.8044
28.8422 33.8834 9.803
28.7554 33.8089 9.8016
28.6756 33.74 9.8
28.6016 33.6758 9.7984
28.5323 33.6152 9.7967
28.4669 33.5576 9.7948
28.4046 33.5024 9.7929
27.8638 32.3105 10.4842
27.8766 32.3907 10.4181
27.8886 32.4646 10.3568
27.9 32.5333 10.2997
27.9108 32.5975 10.246
27.9211 32.6579 10.1953
27.931 32.715 10.1472
27.9407 32.7694 10.1011
27.95 32.8214 10.0568
27.9592 32.8714 10.014
27.6747 32.4048 10.1895
27.7035 32.4707 10.1538
27.7308 32.5326 10.1201
27.7568 32.5911 10.0881
27.7816 32.6467 10.0576
27.8053 32.6997 10.0284
27.8283 32.7504 10.0002
27.8505 32.7992 9.973
27.872 32.8463 9.9467
27.8931 32.8919 9.921
27.5151 32.4931 9.9237
27.557 32.5495 9.9117
27.5968 32.6029 9.9002
27.6348 32.6537 9.8891
27.6712 32.7022 9.8785
27.7063 32.7487 9.8682
27.7402 32.7935 9.8582
27.773 32.8366 9.8484
27.805 32.8784 9.8389
27.8361 32.919 9.8296
27.3691 32.5825 9.6634
27.4242 32.632 9.6738
27.4764 32.6787 9.6836
27.5261 32.723 9.6927
27.5736 32.7652 9.7014
27.6192 32.8055 9.7097
27.6632 32.8441 9.7175
27.7056 32.8813 9.725
27.7468 32.9173 9.7321
27.7869 32.9521 9.739
27.2243 32.6805 9.3869
27.2956 32.724 9.4234
27.3623 32.7644 9.4574
27.4251 32.8023 9.4892
27.4844 32.8379 9.5191
27.5408 32.8716 9.5473
27.5947 32.9035 9.5742
27.6464 32.9341 9.5998
27.6962 32.9633 9.6243
27.7444 32.9915 9.6478
27.0679 32.7973 9.0668
27.1622 32.8338 9.1399
27.2481 32.8668 9.2063
27.3271 32.8969 9.2669
27.4004 32.9246 9.3229
27.4688 32.9503 9.375
27.5332 32.9742 9.4237
27.5942 32.9967 9.4695
27.6524 33.018 9.513
27.7082 33.0382 9.5545
27.8198 33.6084 9.012
27.8353 33.5696 9.0779
27.85 33.5329 9.1401
27.8642 33.4978 9.1992
27.8779 33.4642 9.2556
27.8911 33.4318 9.3096
27.904 33.4006 9.3615
27.9166 33.3702 9.4117
27.9289 33.3406 9.4604
27.9411 33.3117 9.5078
28.0723 33.742 9.142
28.0665 33.6934 9.1951
28.061 33.647 9.2455
28.056 33.6026 9.2937
28.0512 33.5598 9.3398
28.0467 33.5184 9.3843
28.0425 33.4783 9.4272
28.0385 33.4392 9.4688
28.0347 33.4009 9.5094
28.0311 33.3633 9.5491
28.3168 33.8616 9.2713
28.2903 33.8025 9.3143
28.2654 33.7463 9.3549
28.2418 33.6927 9.3936
28.2193 33.6413 9.4305
28.1977 33.5917 9.4659
28.177 33.5436 9.5
28.1571 33.4968 9.5331
28.1377 33.4511 9.5652
28.1189 33.4063 9.5966
28.5779 33.979 9.4129
28.5266 33.9063 9.4461
28.4788 33.8383 9.4769
28.4341 33.7742 9.5058
28.3919 33.7134 9.533
28.3518 33.6553 9.5588
28.3135 33.5994 9.5834
28.2768 33.5455 9.607
28.2414 33.493 9.6297
28.207 33.4418 9.6518
28.8873 34.106 9.585
28.7993 34.0131 9.6054
28.7196 33.9285 9.6236
28.6468 33.8507 9.6402
28.5796 33.7785 9.6554
28.5169 33.7107 9.6694
28.458 33.6466 9.6824
28.4022 33.5855 9.6946
28.349 33.5267 9.7062
28.2978 33.4699 9.7172
28.8961 33.7416 10.0206
28.8162 33.6897 10.0
28.7419 33.6412 9.9807
28.6723 33.5955 9.9623
28.6067 33.5522 9.9449
28.5444 33.5108 9.9281
28.4848 33.471 9.9119
28.4276 33.4325 9.8962
28.3723 33.395 9.8808
28.3186 33.3584 9.8657
28.7677 33.4763 10.1902
28.7043 33.4497 10.1568
28.6442 33.4244 10.1249
28.587 33.4001 10.0944
28.5322 33.3767 10.0651
28.4795 33.354 10.0366
28.4286 33.3319 10.009
28.3792 33.3104 9.982
28.3311 33.2892 9.9556
28.2841 33.2684 9.9296
28.6462 33.2311 10.3357
28.5942 33.2248 10.2912
28.5446 33.2187 10.2486
28.497 33.2128 10.2075
28.4513 33.207 10.1678
28.4072 33.2013 10.1294
28.3644 33.1956 10.0919
28.3227 33.1901 10.0552
28.2821 33.1845 10.0193
28.2423 33.179 9.9839
28.5221 32.9855 10.4708
28.479 32.9994 10.414
28.4382 33.0126 10.3599
28.3993 33.025 10.3081
28.362 33.0369 10.2582
28.3262 33.0483 10.2101
28.2916 33.0592 10.1633
28.2581 33.0697 10.1178
28.2255 33.0799 10.0733
28.1937 33.0897 10.0296
28.3847 32.7191 10.6063
28.3506 32.7577 10.5337
28.3188 32.7938 10.4654
28.2889 32.8277 10.401
28.2608 32.8597 10.3398
28.2341 32.8902 10.2813
28.2086 32.9192 10.2252
28.1842 32.9471 10.171
28.1608 32.974 10.1185
28.1381 33.0 10.0673
28.2191 32.4034 10.7548
28.1968 32.4786 10.6586
28.1768 32.5469 10.5708
28.1586 32.6095 10.4899
28.142 32.6674 10.4149
28.1266 32.7213 10.3446
28.1123 32.7718 10.2783
28.099 32.8196 10.2153
28.0864 32.8651 10.1551
28.0745 32.9086 10.0971
27.977 32.2583 10.6525
27.979 32.3487 10.5656
27.981 32.4308 10.4864
27.983 32.506 10.4136
27.9851 32.5755 10.346
27.9872 32.6401 10.2829
27.9894 32.7006 10.2234
27.9916 32.7578 10.167
27.9939 32.8122 10.1131
27.9963 32.8641 10.0613
27.9987 32.9141 10.0112
26.9922 33.018 8.7159
27.1044 33.0339 8.8363
27.2038 33.0477 8.9425
27.293 33.0599 9.0373
27.3741 33.0708 9.1231
27.4485 33.0805 9.2014
27.5176 33.0893 9.2735
27.5821 33.0974 9.3407
27.6431 33.1048 9.4036
27.701 33.1116 9.4631
27.7565 33.118 9.5198
27.3602 33.3411 8.7836
27.4231 33.3229 8.8827
27.4808 33.3062 8.9732
27.5341 33.2906 9.0564
27.5838 33.276 9.1336
27.6306 33.2621 9.2057
27.6748 33.249 9.2735
27.7169 33.2363 9.3377
27.7572 33.2241 9.3989
27.7962 33.2123 9.4575
27.8339 33.2007 9.5139
27.6822 33.5314 8.9425
27.7102 33.4982 9.0169
27.7368 33.4668 9.0866
27.7619 33.4371 9.1524
27.786 33.4088 9.2147
27.8091 33.3817 9.274
27.8313 33.3556 9.3308
27.8529 33.3304 9.3854
27.8739 33.3058 9.4382
27.8944 33.2819 9.4894
27.9145 33.2584 9.5392
27.5924 32.4493 10.0546
27.6278 32.5099 10.0312
27.6615 32.5673 10.0089
27.6937 32.6217 9.9877
27.7244 32.6736 9.9673
27.7541 32.7233 9.9477
27.7826 32.771 9.9288
27.8103 32.817 9.9104
27.8373 32.8615 9.8926
27.8635 32.9047 9.8751
27.8892 32.9467 9.8581
27.9145 32.9878 9.8413
27.9394 33.028 9.8247
27.2973 32.6299 9.5286
27.3599 32.6764 9.5513
27.419 32.72 9.5725
27.475 32.7611 9.5925
27.5282 32.8001 9.6114
27.5791 32.8372 9.6293
27.628 32.8726 9.6464
27.6751 32.9066 9.6628
27.7206 32.9393 9.6785
27.7649 32.971 9.6936
27.808 33.0016 9.7082
27.8502 33.0315 9.7224
27.8916 33.0607 9.7363
26.98 32.8678 8.8774
27.0903 32.8994 8.9765
27.1889 32.9274 9.0647
27.2781 32.9525 9.1441
27.3596 32.9752 9.2164
27.4349 32.9959 9.2827
27.505 33.015 9.3441
27.5708 33.0327 9.4014
27.6331 33.0493 9.4554
27.6925 33.0648 9.5064
27.7494 33.0796 9.5552
27.8045 33.0936 9.6019
27.8579 33.1071 9.6471
27.5311 33.4438 8.8674
27.5744 33.4171 8.9525
27.6148 33.3922 9.0313
27.6527 33.3688 9.1049
27.6886 33.3467 9.1741
27.7226 33.3256 9.2394
27.7552 33.3054 9.3014
27.7865 33.286 9.3607
27.8168 33.2672 9.4176
27.8462 33.2489 9.4725
27.8748 33.2311 9.5257
27.903 33.2135 9.5776
27.9307 33.1962 9.6283
28.194 33.8028 9.206
28.1781 33.7491 9.2538
28.1631 33.698 9.2993
28.1488 33.6491 9.3426
28.1353 33.6019 9.3841
28.1223 33.5564 9.424
28.1099 33.5123 9.4626
28.0979 33.4692 9.5
28.0864 33.4271 9.5364
28.0751 33.3858 9.572
28.0642 33.3451 9.6069
28.0535 33.3047 9.6413
28.043 33.2647 9.6753
28.724 34.0404 9.4936
28.6565 33.9588 9.521
28.5944 33.8833 9.5462
28.5369 33.8129 9.5694
28.4831 33.7467 9.591
28.4324 33.684 9.6113
28.3844 33.6241 9.6305
28.3386 33.5666 9.6488
28.2945 33.511 9.6662
28.2519 33.4568 9.683
28.2105 33.4039 9.6993
28.1701 33.3517 9.7151
28.1302 33.3 9.7306
28.9667 33.89 9.9207
28.8753 33.8213 9.9085
28.7915 33.7581 9.8971
28.714 33.6993 9.8863
28.6419 33.6441 9.8761
28.574 33.592 9.8663
28.5098 33.5423 9.8568
28.4485 33.4946 9.8476
28.3897 33.4485 9.8386
28.3329 33.4037 9.8297
28.2776 33.3598 9.8209
28.2236 33.3166 9.8121
28.1703 33.2737 9.8033
28.7067 33.3525 10.265
28.6494 33.3364 10.226
28.5949 33.3209 10.1887
28.5427 33.306 10.1529
28.4926 33.2915 10.1183
28.4443 33.2774 10.0847
28.3975 33.2636 10.052
28.352 33.2501 10.0201
28.3075 33.2368 9.9887
28.264 33.2236 9.9579
28.2212 33.2105 9.9273
28.179 33.1975 9.897
28.1371 33.1845 9.8669
28.4558 32.8564 10.5378
28.4171 32.8817 10.4737
28.3806 32.9056 10.4131
28.3461 32.9282 10.3553
28.3132 32.9497 10.2999
28.2817 32.9702 10.2467
28.2515 32.9899 10.1954
28.2224 33.0088 10.1455
28.1942 33.0272 10.097
28.1668 33.045 10.0495
28.1401 33.0624 10.0028
28.1139 33.0794 9.9568
28.0881 33.096 9.9113
28.1179 32.2129 10.8394
28.1045 32.3151 10.7263
28.0928 32.406 10.6253
28.0825 32.4878 10.5339
28.0733 32.5622 10.4504
28.0651 32.6305 10.3733
28.0577 32.6939 10.3015
28.051 32.7531 10.2339
28.0448 32.809 10.1699
28.0392 32.862 10.1088
28.0339 32.9127 10.05
28.0291 32.9615 9.9931
28.0245 33.0088 9.9376
27.7643 32.3589 10.3315
27.7858 32.4311 10.2819
27.806 32.4985 10.2355
27.8251 32.5617 10.1917
27.8433 32.6213 10.1502
27.8608 32.6778 10.1107
27.8776 32.7317 10.0729
27.8938 32.7833 10.0365
27.9095 32.8329 10.0014
27.9249 32.8808 9.9673
27.9399 32.9272 9.934
27.9547 32.9725 9.9015
27.9693 33.0167 9.8696
27.9837 33.06 9.8381
27.1484 32.7357 9.2345
27.2301 32.7759 9.2874
27.3057 32.813 9.3361
27.376 32.8472 9.3813
27.4419 32.8791 9.4234
27.5041 32.9091 9.4629
27.5631 32.9373 9.5001
27.6194 32.964 9.5355
27.6734 32.9895 9.5692
27.7255 33.0139 9.6015
27.7759 33.0373 9.6327
27.825 33.06 9.6628
27.873 33.082 9.692
27.9201 33.1034 9.7205
27.9486 33.6778 9.0779
27.953 33.6341 9.1368
27.9574 33.5924 9.1928
27.9616 33.5525 9.2461
27.9658 33.5142 9.2972
27.97 33.4771 9.3462
27.9741 33.4412 9.3936
27.9783 33.4063 9.4395
27.9824 33.3722 9.4841
27.9865 33.3387 9.5277
27.9907 33.3058 9.5704
27.9949 33.2733 9.6123
27.9992 33.241 9.6537
28.0035 33.209 9.6947
29.0759 34.1782 9.6918
28.9604 34.0703 9.7027
28.8582 33.9744 9.7122
28.7664 33.8877 9.7204
28.6831 33.8085 9.7278
28.6064 33.7351 9.7343
28.5352 33.6666 9.7402
28.4684 33.6018 9.7455
28.4052 33.54 9.7504
28.3448 33.4806 9.7548
28.2867 33.423 9.759
28.2303 33.3666 9.7628
28.1751 33.3111 9.7664
28.1206 33.2559 9.7698
28.5851 33.1096 10.4039
28.5377 33.1131 10.3535
28.4926 33.1164 10.3053
28.4494 33.1195 10.259
28.4079 33.1224 10.2143
28.3679 33.1251 10.171
28.3291 33.1276 10.1289
28.2915 33.13 10.0878
28.2548 33.1322 10.0474
28.2188 33.1344 10.0078
28.1836 33.1364 9.9686
28.1488 33.1383 9.9299
28.1144 33.1401 9.8914
28.0803 33.1418 9.853
27.4412 32.5372 9.7942
27.4895 32.59 9.7932
27.5354 32.6399 9.7922
27.5792 32.6874 9.7912
27.6211 32.7327 9.7901
27.6615 32.7761 9.789
27.7005 32.8178 9.7879
27.7382 32.858 9.7867
27.7749 32.897 9.7855
27.8106 32.9348 9.7843
27.8456 32.9716 9.783
27.8799 33.0075 9.7817
27.9136 33.0427 9.7804
27.9469 33.0773 9.779
27.9798 33.1113 9.7775
27.1852 33.204 8.7333
27.2702 33.1992 8.8441
27.3469 33.1947 8.9436
27.4168 33.1905 9.0338
27.4812 33.1864 9.1165
27.5411 33.1825 9.1929
27.5972 33.1787 9.2641
27.6501 33.175 9.3309
27.7005 33.1713 9.3941
27.7487 33.1676 9.4543
27.7952 33.1639 9.5119
27.8403 33.1602 9.5674
27.8843 33.1565 9.6213
27.9275 33.1527 9.6738
27.9702 33.1489 9.7252
28.4436 33.9199 9.3396
28.4056 33.8546 9.3778
28.37 33.7929 9.4137
28.3363 33.7343 9.4476
28.3044 33.6783 9.4798
28.2739 33.6245 9.5106
28.2447 33.5726 9.5401
28.2165 33.5222 9.5686
28.1893 33.4731 9.5962
28.1628 33.425 9.6231
28.1369 33.3776 9.6494
28.1115 33.3308 9.6752
28.0864 33.2843 9.7006
28.0617 33.238 9.7258
28.0371 33.1916 9.7509
28.8303 33.605 10.1095
28.7596 33.5668 10.082
28.693 33.5306 10.056
28.6301 33.4962 10.0313
28.5701 33.4633 10.0075
28.5128 33.4316 9.9846
28.4577 33.4009 9.9625
28.4045 33.3711 9.9408
28.3528 33.342 9.9197
28.3023 33.3133 9.8989
28.2528 33.2851 9.8783
28.2041 33.257 9.8579
28.156 33.2291 9.8376
28.1081 33.2013 9.8172
28.0604 33.1732 9.7967
28.3067 32.5697 10.678
28.2779 32.6245 10.5949
28.2514 32.6751 10.5178
28.2269 32.7221 10.4458
28.204 32.7661 10.378
28.1826 32.8075 10.3139
28.1624 32.8468 10.2528
28.1432 32.8842 10.1943
28.1249 32.92 10.1379
28.1074 32.9546 10.0832
28.0905 32.988 10.03
28.0742 33.0205 9.978
28.0583 33.0523 9.9268
28.0427 33.0836 9.8763
28.0275 33.1144 9.8261
28.109 32.2004 10.8427
28.0965 32.3045 10.7287
28.0856 32.3969 10.627
28.0761 32.4799 10.5352
28.0676 32.5554 10.4513
28.06 32.6247 10.374
28.0532 32.6889 10.3019
28.0471 32.7489 10.2342
28.0415 32.8054 10.1701
28.0363 32.8591 10.1089
28.0316 32.9103 10.0501
28.0272 32.9597 9.9931
28.0231 33.0075 9.9376
28.0194 33.0541 9.8831
28.0158 33.0998 9.8294
28.0125 33.145 9.776
28.0125 33.145 9.776
3 62 61 63 0.16543215837290537 0.8320019358261034 0.21017307502220717
3 2 94 92 0.16543215837290537 0.8320019358261034 0.21017307502220717
3 0 94 2 0.16543215837290537 0.8320019358261034 0.21017307502220717
3 808 809 469 0.16543215837290537 0.8320019358261034 0.21017307502220717
3 4 3 512 0.16543215837290537 0.8320019358261034 0.21017307502220717
3 513 512 313 0.16543215837290537 0.8320019358261034 0.21017307502220717
3 364 116 363 0.16543215837290537 0.8320019358261034 0.21017307502220717
3 85 492 86 0.16543215837290537 0.8320019358261034 0.21017307502220717
3 171 170 432 0.16543215837290537 0.8320019358261034 0.21017307502220717
3 621 58 57 0.16543215837290537 0.8320019358261034 0.21017307502220717
3 57 170 621 0.16543215837290537 0.8320019358261034 0.21017307502220717
3 728 61 60 0.16543215837290537 0.8320019358261034 0.21017307502220717
3 728 63 61 0.16543215837290537 0.8320019358261034 0.21017307502220717
3 65 63 728 0.16543215837290537 0.8320019358261034 0.21017307502220717
3 728 96 65 0.16543215837290537 0.8320019358261034 0.21017307502220717
3 621 170 622 0.16543215837290537 0.8320019358261034 0.21017307502220717
3 622 170 171 0.16543215837290537 0.8320019358261034 0.21017307502220717
3 43 42 545 0.16543215837290537 0.8320019358261034 0.21017307502220717
3 39 326 40 0.16543215837290537 0.8320019358261034 0.21017307502220717
3 34 33 101 0.16543215837290537 0.8320019358261034 0.21017307502220717
3 34 771 36 0.16543215837290537 0.8320019358261034 0.21017307502220717
3 101 771 34 0.16543215837290537 0.8320019358261034 0.21017307502220717
3 29 98 30 0.16543215837290537 0.8320019358261034 0.21017307502220717
3 240 29 28 0.16543215837290537 0.8320019358261034 0.21017307502220717
3 98 29 240 0.16543215837290537 0.8320019358261034 0.21017307502220717
3 101 33 246 0.16543215837290537 0.8320019358261034 0.21017307502220717
3 33 32 246 0.16543215837290537 0.8320019358261034 0.21017307502220717
3 721 410 722 0.16543215837290537 0.8320019358261034 0.21017307502220717
3 722 410 411 0.16543215837290537 0.8320019358261034 0.21017307502220717
3 554 410 553 0.16543215837290537 0.8320019358261034 0.21017307502220717
3 411 410 554 0.16543215837290537 0.8320019358261034 0.21017307502220717
3 724 411 555 0.16543215837290537 0.8320019358261034 0.21017307502220717
3 411 554 555 0.16543215837290537 0.8320019358261034 0.21017307502220717
3 719 144 407 0.16543215837290537 0.8320019358261034 0.21017307502220717
3 47 412 48 0.16543215837290537 0.8320019358261034 0.21017307502220717
3 140 46 45 0.16543215837290537 0.8320019358261034 0.21017307502220717
3 614 428 613 0.16543215837290537 0.8320019358261034 0.21017307502220717
3 430 431 795 0.16543215837290537 0.8320019358261034 0.21017307502220717
3 616 431 430 0.16543215837290537 0.8320019358261034 0.21017307502220717
3 427 159 613 0.16543215837290537 0.8320019358261034 0.21017307502220717
3 613 428 427 0.16543215837290537 0.8320019358261034 0.21017307502220717
3 809 808 460 0.16543215837290537 0.8320019358261034 0.21017307502220717
3 633 741 740 0.16543215837290537 0.8320019358261034 0.21017307502220717
3 831 2 92 0.16543215837290537 0.8320019358261034 0.21017307502220717
3 92 91 831 0.16543215837290537 0.8320019358261034 0.21017307502220717
3 342 6 5 0.16543215837290537 0.8320019358261034 0.21017307502220717
3 713 785 784 0.16543215837290537 0.8320019358261034 0.21017307502220717
3 358 562 561 0.16543215837290537 0.8320019358261034 0.21017307502220717
3 559 109 560 0.16543215837290537 0.8320019358261034 0.21017307502220717
3 109 561 560 0.16543215837290537 0.8320019358261034 0.21017307502220717
3 560 561 114 0.16543215837290537 0.8320019358261034 0.21017307502220717
3 110 13 12 0.16543215837290537 0.8320019358261034 0.21017307502220717
3 116 364 117 0.16543215837290537 0.8320019358261034 0.21017307502220717
3 559 560 113 0.16543215837290537 0.8320019358261034 0.21017307502220717
3 113 560 114 0.16543215837290537 0.8320019358261034 0.21017307502220717
3 250 249 527 0.16543215837290537 0.8320019358261034 0.21017307502220717
3 10 105 11 0.16543215837290537 0.8320019358261034 0.21017307502220717
3 10 9 352 0.16543215837290537 0.8320019358261034 0.21017307502220717
3 352 105 10 0.16543215837290537 0.8320019358261034 0.21017307502220717
3 211 343 342 0.16543215837290537 0.8320019358261034 0.21017307502220717
3 211 513 514 0.16543215837290537 0.8320019358261034 0.21017307502220717
3 342 343 216 0.16543215837290537 0.8320019358261034 0.21017307502220717
3 7 6 216 0.16543215837290537 0.8320019358261034 0.21017307502220717
3 216 6 342 0.16543215837290537 0.8320019358261034 0.21017307502220717
3 216 686 7 0.16543215837290537 0.8320019358261034 0.21017307502220717
3 89 88 300 0.16543215837290537 0.8320019358261034 0.21017307502220717
3 171 432 433 0.16543215837290537 0.8320019358261034 0.21017307502220717
3 433 172 171 0.16543215837290537 0.8320019358261034 0.21017307502220717
3 170 57 56 0.16543215837290537 0.8320019358261034 0.21017307502220717
3 55 432 56 0.16543215837290537 0.8320019358261034 0.21017307502220717
3 56 432 170 0.16543215837290537 0.8320019358261034 0.21017307502220717
3 52 160 53 0.16543215837290537 0.8320019358261034 0.21017307502220717
3 786 787 166 0.16543215837290537 0.8320019358261034 0.21017307502220717
3 160 787 786 0.16543215837290537 0.8320019358261034 0.21017307502220717
3 54 53 786 0.16543215837290537 0.8320019358261034 0.21017307502220717
3 786 53 160 0.16543215837290537 0.8320019358261034 0.21017307502220717
3 171 172 623 0.16543215837290537 0.8320019358261034 0.21017307502220717
3 623 622 171 0.16543215837290537 0.8320019358261034 0.21017307502220717
3 266 622 623 0.16543215837290537 0.8320019358261034 0.21017307502220717
3 623 267 266 0.16543215837290537 0.8320019358261034 0.21017307502220717
3 623 172 624 0.16543215837290537 0.8320019358261034 0.21017307502220717
3 624 267 623 0.16543215837290537 0.8320019358261034 0.21017307502220717
3 270 728 60 0.16543215837290537 0.8320019358261034 0.21017307502220717
3 284 285 454 0.16543215837290537 0.8320019358261034 0.21017307502220717
3 290 289 454 0.16543215837290537 0.8320019358261034 0.21017307502220717
3 635 634 277 0.16543215837290537 0.8320019358261034 0.21017307502220717
3 634 69 68 0.16543215837290537 0.8320019358261034 0.21017307502220717
3 65 96 66 0.16543215837290537 0.8320019358261034 0.21017307502220717
3 96 333 66 0.16543215837290537 0.8320019358261034 0.21017307502220717
3 66 333 67 0.16543215837290537 0.8320019358261034 0.21017307502220717
3 45 44 402 0.16543215837290537 0.8320019358261034 0.21017307502220717
3 402 140 45 0.16543215837290537 0.8320019358261034 0.21017307502220717
3 327 328 596 0.16543215837290537 0.8320019358261034 0.21017307502220717
3 42 41 252 0.16543215837290537 0.8320019358261034 0.21017307502220717
3 252 545 42 0.16543215837290537 0.8320019358261034 0.21017307502220717
3 321 773 774 0.16543215837290537 0.8320019358261034 0.21017307502220717
3 774 322 321 0.16543215837290537 0.8320019358261034 0.21017307502220717
3 773 321 320 0.16543215837290537 0.8320019358261034 0.21017307502220717
3 27 240 28 0.16543215837290537 0.8320019358261034 0.21017307502220717
3 26 25 234 0.16543215837290537 0.8320019358261034 0.21017307502220717
3 240 27 26 0.16543215837290537 0.8320019358261034 0.21017307502220717
3 101 246 247 0.16543215837290537 0.8320019358261034 0.21017307502220717
3 523 246 32 0.16543215837290537 0.8320019358261034 0.21017307502220717
3 30 98 523 0.16543215837290537 0.8320019358261034 0.21017307502220717
3 523 32 30 0.16543215837290537 0.8320019358261034 0.21017307502220717
3 408 719 407 0.16543215837290537 0.8320019358261034 0.21017307502220717
3 723 411 724 0.16543215837290537 0.8320019358261034 0.21017307502220717
3 723 722 411 0.16543215837290537 0.8320019358261034 0.21017307502220717
3 721 722 419 0.16543215837290537 0.8320019358261034 0.21017307502220717
3 419 418 721 0.16543215837290537 0.8320019358261034 0.21017307502220717
3 715 142 716 0.16543215837290537 0.8320019358261034 0.21017307502220717
3 716 142 143 0.16543215837290537 0.8320019358261034 0.21017307502220717
3 143 144 717 0.16543215837290537 0.8320019358261034 0.21017307502220717
3 717 716 143 0.16543215837290537 0.8320019358261034 0.21017307502220717
3 149 719 417 0.16543215837290537 0.8320019358261034 0.21017307502220717
3 613 154 417 0.16543215837290537 0.8320019358261034 0.21017307502220717
3 417 614 613 0.16543215837290537 0.8320019358261034 0.21017307502220717
3 418 614 417 0.16543215837290537 0.8320019358261034 0.21017307502220717
3 718 719 149 0.16543215837290537 0.8320019358261034 0.21017307502220717
3 144 719 718 0.16543215837290537 0.8320019358261034 0.21017307502220717
3 718 717 144 0.16543215837290537 0.8320019358261034 0.21017307502220717
3 149 148 718 0.16543215837290537 0.8320019358261034 0.21017307502220717
3 148 717 718 0.16543215837290537 0.8320019358261034 0.21017307502220717
3 795 431 796 0.16543215837290537 0.8320019358261034 0.21017307502220717
3 431 618 796 0.16543215837290537 0.8320019358261034 0.21017307502220717
3 422 160 52 0.16543215837290537 0.8320019358261034 0.21017307502220717
3 52 51 422 0.16543215837290537 0.8320019358261034 0.21017307502220717
3 422 51 155 0.16543215837290537 0.8320019358261034 0.21017307502220717
3 156 608 609 0.16543215837290537 0.8320019358261034 0.21017307502220717
3 155 608 156 0.16543215837290537 0.8320019358261034 0.21017307502220717
3 152 413 414 0.16543215837290537 0.8320019358261034 0.21017307502220717
3 159 611 612 0.16543215837290537 0.8320019358261034 0.21017307502220717
3 613 159 612 0.16543215837290537 0.8320019358261034 0.21017307502220717
3 612 154 613 0.16543215837290537 0.8320019358261034 0.21017307502220717
3 609 608 150 0.16543215837290537 0.8320019358261034 0.21017307502220717
3 150 608 49 0.16543215837290537 0.8320019358261034 0.21017307502220717
3 49 48 150 0.16543215837290537 0.8320019358261034 0.21017307502220717
3 150 48 412 0.16543215837290537 0.8320019358261034 0.21017307502220717
3 145 413 412 0.16543215837290537 0.8320019358261034 0.21017307502220717
3 145 412 47 0.16543215837290537 0.8320019358261034 0.21017307502220717
3 46 140 714 0.16543215837290537 0.8320019358261034 0.21017307502220717
3 715 145 714 0.16543215837290537 0.8320019358261034 0.21017307502220717
3 47 46 714 0.16543215837290537 0.8320019358261034 0.21017307502220717
3 714 145 47 0.16543215837290537 0.8320019358261034 0.21017307502220717
3 141 142 715 0.16543215837290537 0.8320019358261034 0.21017307502220717
3 715 714 141 0.16543215837290537 0.8320019358261034 0.21017307502220717
3 141 714 140 0.16543215837290537 0.8320019358261034 0.21017307502220717
3 404 142 141 0.16543215837290537 0.8320019358261034 0.21017307502220717
3 589 590 531 0.16543215837290537 0.8320019358261034 0.21017307502220717
3 399 590 589 0.16543215837290537 0.8320019358261034 0.21017307502220717
3 592 533 591 0.16543215837290537 0.8320019358261034 0.21017307502220717
3 531 779 778 0.16543215837290537 0.8320019358261034 0.21017307502220717
3 778 779 541 0.16543215837290537 0.8320019358261034 0.21017307502220717
3 637 285 284 0.16543215837290537 0.8320019358261034 0.21017307502220717
3 637 638 285 0.16543215837290537 0.8320019358261034 0.21017307502220717
3 626 625 174 0.16543215837290537 0.8320019358261034 0.21017307502220717
3 269 625 626 0.16543215837290537 0.8320019358261034 0.21017307502220717
3 627 626 437 0.16543215837290537 0.8320019358261034 0.21017307502220717
3 446 275 733 0.16543215837290537 0.8320019358261034 0.21017307502220717
3 733 338 337 0.16543215837290537 0.8320019358261034 0.21017307502220717
3 624 625 268 0.16543215837290537 0.8320019358261034 0.21017307502220717
3 268 267 624 0.16543215837290537 0.8320019358261034 0.21017307502220717
3 446 267 268 0.16543215837290537 0.8320019358261034 0.21017307502220717
3 268 625 269 0.16543215837290537 0.8320019358261034 0.21017307502220717
3 268 275 446 0.16543215837290537 0.8320019358261034 0.21017307502220717
3 616 430 615 0.16543215837290537 0.8320019358261034 0.21017307502220717
3 615 419 616 0.16543215837290537 0.8320019358261034 0.21017307502220717
3 615 614 418 0.16543215837290537 0.8320019358261034 0.21017307502220717
3 418 419 615 0.16543215837290537 0.8320019358261034 0.21017307502220717
3 164 427 791 0.16543215837290537 0.8320019358261034 0.21017307502220717
3 791 427 792 0.16543215837290537 0.8320019358261034 0.21017307502220717
3 792 427 428 0.16543215837290537 0.8320019358261034 0.21017307502220717
3 169 168 789 0.16543215837290537 0.8320019358261034 0.21017307502220717
3 162 163 789 0.16543215837290537 0.8320019358261034 0.21017307502220717
3 436 168 169 0.16543215837290537 0.8320019358261034 0.21017307502220717
3 169 437 436 0.16543215837290537 0.8320019358261034 0.21017307502220717
3 436 626 174 0.16543215837290537 0.8320019358261034 0.21017307502220717
3 436 437 626 0.16543215837290537 0.8320019358261034 0.21017307502220717
3 435 436 174 0.16543215837290537 0.8320019358261034 0.21017307502220717
3 168 436 435 0.16543215837290537 0.8320019358261034 0.21017307502220717
3 581 769 713 0.16543215837290537 0.8320019358261034 0.21017307502220717
3 581 768 769 0.16543215837290537 0.8320019358261034 0.21017307502220717
3 468 808 469 0.16543215837290537 0.8320019358261034 0.21017307502220717
3 468 467 807 0.16543215837290537 0.8320019358261034 0.21017307502220717
3 807 808 468 0.16543215837290537 0.8320019358261034 0.21017307502220717
3 467 468 652 0.16543215837290537 0.8320019358261034 0.21017307502220717
3 358 561 357 0.16543215837290537 0.8320019358261034 0.21017307502220717
3 357 561 109 0.16543215837290537 0.8320019358261034 0.21017307502220717
3 461 810 809 0.16543215837290537 0.8320019358261034 0.21017307502220717
3 809 460 461 0.16543215837290537 0.8320019358261034 0.21017307502220717
3 459 808 807 0.16543215837290537 0.8320019358261034 0.21017307502220717
3 459 460 808 0.16543215837290537 0.8320019358261034 0.21017307502220717
3 812 657 811 0.16543215837290537 0.8320019358261034 0.21017307502220717
3 658 657 812 0.16543215837290537 0.8320019358261034 0.21017307502220717
3 812 813 658 0.16543215837290537 0.8320019358261034 0.21017307502220717
3 658 813 659 0.16543215837290537 0.8320019358261034 0.21017307502220717
3 752 657 658 0.16543215837290537 0.8320019358261034 0.21017307502220717
3 469 809 470 0.16543215837290537 0.8320019358261034 0.21017307502220717
3 809 810 470 0.16543215837290537 0.8320019358261034 0.21017307502220717
3 639 638 281 0.16543215837290537 0.8320019358261034 0.21017307502220717
3 455 456 291 0.16543215837290537 0.8320019358261034 0.21017307502220717
3 291 290 455 0.16543215837290537 0.8320019358261034 0.21017307502220717
3 290 454 455 0.16543215837290537 0.8320019358261034 0.21017307502220717
3 455 454 285 0.16543215837290537 0.8320019358261034 0.21017307502220717
3 287 639 640 0.16543215837290537 0.8320019358261034 0.21017307502220717
3 269 626 448 0.16543215837290537 0.8320019358261034 0.21017307502220717
3 448 626 627 0.16543215837290537 0.8320019358261034 0.21017307502220717
3 340 641 640 0.16543215837290537 0.8320019358261034 0.21017307502220717
3 341 641 340 0.16543215837290537 0.8320019358261034 0.21017307502220717
3 736 737 341 0.16543215837290537 0.8320019358261034 0.21017307502220717
3 341 340 736 0.16543215837290537 0.8320019358261034 0.21017307502220717
3 736 340 735 0.16543215837290537 0.8320019358261034 0.21017307502220717
3 628 439 629 0.16543215837290537 0.8320019358261034 0.21017307502220717
3 341 737 642 0.16543215837290537 0.8320019358261034 0.21017307502220717
3 460 459 642 0.16543215837290537 0.8320019358261034 0.21017307502220717
3 642 641 341 0.16543215837290537 0.8320019358261034 0.21017307502220717
3 642 459 641 0.16543215837290537 0.8320019358261034 0.21017307502220717
3 184 466 467 0.16543215837290537 0.8320019358261034 0.21017307502220717
3 467 652 184 0.16543215837290537 0.8320019358261034 0.21017307502220717
3 807 467 806 0.16543215837290537 0.8320019358261034 0.21017307502220717
3 78 472 79 0.16543215837290537 0.8320019358261034 0.21017307502220717
3 78 77 185 0.16543215837290537 0.8320019358261034 0.21017307502220717
3 185 472 78 0.16543215837290537 0.8320019358261034 0.21017307502220717
3 502 90 89 0.16543215837290537 0.8320019358261034 0.21017307502220717
3 89 300 502 0.16543215837290537 0.8320019358261034 0.21017307502220717
3 502 300 503 0.16543215837290537 0.8320019358261034 0.21017307502220717
3 312 3 2 0.16543215837290537 0.8320019358261034 0.21017307502220717
3 2 831 312 0.16543215837290537 0.8320019358261034 0.21017307502220717
3 312 512 3 0.16543215837290537 0.8320019358261034 0.21017307502220717
3 313 512 312 0.16543215837290537 0.8320019358261034 0.21017307502220717
3 673 831 91 0.16543215837290537 0.8320019358261034 0.21017307502220717
3 673 312 831 0.16543215837290537 0.8320019358261034 0.21017307502220717
3 512 513 210 0.16543215837290537 0.8320019358261034 0.21017307502220717
3 4 512 210 0.16543215837290537 0.8320019358261034 0.21017307502220717
3 210 5 4 0.16543215837290537 0.8320019358261034 0.21017307502220717
3 342 5 210 0.16543215837290537 0.8320019358261034 0.21017307502220717
3 210 211 342 0.16543215837290537 0.8320019358261034 0.21017307502220717
3 513 211 210 0.16543215837290537 0.8320019358261034 0.21017307502220717
3 380 764 381 0.16543215837290537 0.8320019358261034 0.21017307502220717
3 379 763 380 0.16543215837290537 0.8320019358261034 0.21017307502220717
3 763 764 380 0.16543215837290537 0.8320019358261034 0.21017307502220717
3 564 369 563 0.16543215837290537 0.8320019358261034 0.21017307502220717
3 360 564 563 0.16543215837290537 0.8320019358261034 0.21017307502220717
3 368 562 563 0.16543215837290537 0.8320019358261034 0.21017307502220717
3 563 369 368 0.16543215837290537 0.8320019358261034 0.21017307502220717
3 370 369 564 0.16543215837290537 0.8320019358261034 0.21017307502220717
3 370 565 371 0.16543215837290537 0.8320019358261034 0.21017307502220717
3 564 565 370 0.16543215837290537 0.8320019358261034 0.21017307502220717
3 371 764 370 0.16543215837290537 0.8320019358261034 0.21017307502220717
3 370 764 763 0.16543215837290537 0.8320019358261034 0.21017307502220717
3 763 369 370 0.16543215837290537 0.8320019358261034 0.21017307502220717
3 401 708 709 0.16543215837290537 0.8320019358261034 0.21017307502220717
3 401 592 591 0.16543215837290537 0.8320019358261034 0.21017307502220717
3 709 592 401 0.16543215837290537 0.8320019358261034 0.21017307502220717
3 591 590 400 0.16543215837290537 0.8320019358261034 0.21017307502220717
3 400 401 591 0.16543215837290537 0.8320019358261034 0.21017307502220717
3 708 401 400 0.16543215837290537 0.8320019358261034 0.21017307502220717
3 400 590 399 0.16543215837290537 0.8320019358261034 0.21017307502220717
3 223 224 353 0.16543215837290537 0.8320019358261034 0.21017307502220717
3 353 352 223 0.16543215837290537 0.8320019358261034 0.21017307502220717
3 106 105 353 0.16543215837290537 0.8320019358261034 0.21017307502220717
3 105 352 353 0.16543215837290537 0.8320019358261034 0.21017307502220717
3 108 109 559 0.16543215837290537 0.8320019358261034 0.21017307502220717
3 13 110 362 0.16543215837290537 0.8320019358261034 0.21017307502220717
3 14 13 362 0.16543215837290537 0.8320019358261034 0.21017307502220717
3 559 113 112 0.16543215837290537 0.8320019358261034 0.21017307502220717
3 112 113 364 0.16543215837290537 0.8320019358261034 0.21017307502220717
3 112 364 363 0.16543215837290537 0.8320019358261034 0.21017307502220717
3 364 113 365 0.16543215837290537 0.8320019358261034 0.21017307502220717
3 118 117 365 0.16543215837290537 0.8320019358261034 0.21017307502220717
3 365 117 364 0.16543215837290537 0.8320019358261034 0.21017307502220717
3 365 366 118 0.16543215837290537 0.8320019358261034 0.21017307502220717
3 114 366 365 0.16543215837290537 0.8320019358261034 0.21017307502220717
3 365 113 114 0.16543215837290537 0.8320019358261034 0.21017307502220717
3 248 249 103 0.16543215837290537 0.8320019358261034 0.21017307502220717
3 527 249 526 0.16543215837290537 0.8320019358261034 0.21017307502220717
3 526 249 248 0.16543215837290537 0.8320019358261034 0.21017307502220717
3 230 231 395 0.16543215837290537 0.8320019358261034 0.21017307502220717
3 239 397 588 0.16543215837290537 0.8320019358261034 0.21017307502220717
3 396 231 232 0.16543215837290537 0.8320019358261034 0.21017307502220717
3 396 395 231 0.16543215837290537 0.8320019358261034 0.21017307502220717
3 238 395 396 0.16543215837290537 0.8320019358261034 0.21017307502220717
3 232 397 396 0.16543215837290537 0.8320019358261034 0.21017307502220717
3 397 239 396 0.16543215837290537 0.8320019358261034 0.21017307502220717
3 104 250 774 0.16543215837290537 0.8320019358261034 0.21017307502220717
3 249 250 104 0.16543215837290537 0.8320019358261034 0.21017307502220717
3 774 773 104 0.16543215837290537 0.8320019358261034 0.21017307502220717
3 773 103 104 0.16543215837290537 0.8320019358261034 0.21017307502220717
3 104 103 249 0.16543215837290537 0.8320019358261034 0.21017307502220717
3 529 777 776 0.16543215837290537 0.8320019358261034 0.21017307502220717
3 22 700 23 0.16543215837290537 0.8320019358261034 0.21017307502220717
3 233 397 232 0.16543215837290537 0.8320019358261034 0.21017307502220717
3 122 374 121 0.16543215837290537 0.8320019358261034 0.21017307502220717
3 14 362 115 0.16543215837290537 0.8320019358261034 0.21017307502220717
3 363 116 115 0.16543215837290537 0.8320019358261034 0.21017307502220717
3 115 362 363 0.16543215837290537 0.8320019358261034 0.21017307502220717
3 557 110 556 0.16543215837290537 0.8320019358261034 0.21017307502220717
3 556 11 105 0.16543215837290537 0.8320019358261034 0.21017307502220717
3 556 110 12 0.16543215837290537 0.8320019358261034 0.21017307502220717
3 12 11 556 0.16543215837290537 0.8320019358261034 0.21017307502220717
3 106 557 556 0.16543215837290537 0.8320019358261034 0.21017307502220717
3 556 105 106 0.16543215837290537 0.8320019358261034 0.21017307502220717
3 7 686 8 0.16543215837290537 0.8320019358261034 0.21017307502220717
3 223 352 222 0.16543215837290537 0.8320019358261034 0.21017307502220717
3 222 687 223 0.16543215837290537 0.8320019358261034 0.21017307502220717
3 686 687 222 0.16543215837290537 0.8320019358261034 0.21017307502220717
3 222 8 686 0.16543215837290537 0.8320019358261034 0.21017307502220717
3 222 352 9 0.16543215837290537 0.8320019358261034 0.21017307502220717
3 9 8 222 0.16543215837290537 0.8320019358261034 0.21017307502220717
3 212 515 213 0.16543215837290537 0.8320019358261034 0.21017307502220717
3 514 515 212 0.16543215837290537 0.8320019358261034 0.21017307502220717
3 212 211 514 0.16543215837290537 0.8320019358261034 0.21017307502220717
3 343 211 212 0.16543215837290537 0.8320019358261034 0.21017307502220717
3 688 224 223 0.16543215837290537 0.8320019358261034 0.21017307502220717
3 223 687 688 0.16543215837290537 0.8320019358261034 0.21017307502220717
3 217 687 686 0.16543215837290537 0.8320019358261034 0.21017307502220717
3 686 216 217 0.16543215837290537 0.8320019358261034 0.21017307502220717
3 217 216 343 0.16543215837290537 0.8320019358261034 0.21017307502220717
3 294 87 86 0.16543215837290537 0.8320019358261034 0.21017307502220717
3 86 492 294 0.16543215837290537 0.8320019358261034 0.21017307502220717
3 294 492 295 0.16543215837290537 0.8320019358261034 0.21017307502220717
3 295 817 294 0.16543215837290537 0.8320019358261034 0.21017307502220717
3 315 515 514 0.16543215837290537 0.8320019358261034 0.21017307502220717
3 316 515 315 0.16543215837290537 0.8320019358261034 0.21017307502220717
3 816 294 817 0.16543215837290537 0.8320019358261034 0.21017307502220717
3 87 294 816 0.16543215837290537 0.8320019358261034 0.21017307502220717
3 88 87 816 0.16543215837290537 0.8320019358261034 0.21017307502220717
3 816 300 88 0.16543215837290537 0.8320019358261034 0.21017307502220717
3 165 433 432 0.16543215837290537 0.8320019358261034 0.21017307502220717
3 54 786 165 0.16543215837290537 0.8320019358261034 0.21017307502220717
3 166 433 165 0.16543215837290537 0.8320019358261034 0.21017307502220717
3 165 786 166 0.16543215837290537 0.8320019358261034 0.21017307502220717
3 165 432 55 0.16543215837290537 0.8320019358261034 0.21017307502220717
3 55 54 165 0.16543215837290537 0.8320019358261034 0.21017307502220717
3 621 622 265 0.16543215837290537 0.8320019358261034 0.21017307502220717
3 265 622 266 0.16543215837290537 0.8320019358261034 0.21017307502220717
3 264 58 621 0.16543215837290537 0.8320019358261034 0.21017307502220717
3 621 265 264 0.16543215837290537 0.8320019358261034 0.21017307502220717
3 264 265 443 0.16543215837290537 0.8320019358261034 0.21017307502220717
3 264 59 58 0.16543215837290537 0.8320019358261034 0.21017307502220717
3 96 728 729 0.16543215837290537 0.8320019358261034 0.21017307502220717
3 728 270 729 0.16543215837290537 0.8320019358261034 0.21017307502220717
3 801 73 72 0.16543215837290537 0.8320019358261034 0.21017307502220717
3 288 72 71 0.16543215837290537 0.8320019358261034 0.21017307502220717
3 288 289 801 0.16543215837290537 0.8320019358261034 0.21017307502220717
3 801 72 288 0.16543215837290537 0.8320019358261034 0.21017307502220717
3 276 68 67 0.16543215837290537 0.8320019358261034 0.21017307502220717
3 67 333 276 0.16543215837290537 0.8320019358261034 0.21017307502220717
3 634 68 276 0.16543215837290537 0.8320019358261034 0.21017307502220717
3 277 634 276 0.16543215837290537 0.8320019358261034 0.21017307502220717
3 43 545 258 0.16543215837290537 0.8320019358261034 0.21017307502220717
3 258 44 43 0.16543215837290537 0.8320019358261034 0.21017307502220717
3 258 402 44 0.16543215837290537 0.8320019358261034 0.21017307502220717
3 327 596 595 0.16543215837290537 0.8320019358261034 0.21017307502220717
3 596 252 595 0.16543215837290537 0.8320019358261034 0.21017307502220717
3 595 252 41 0.16543215837290537 0.8320019358261034 0.21017307502220717
3 595 41 40 0.16543215837290537 0.8320019358261034 0.21017307502220717
3 595 326 327 0.16543215837290537 0.8320019358261034 0.21017307502220717
3 40 326 595 0.16543215837290537 0.8320019358261034 0.21017307502220717
3 536 321 322 0.16543215837290537 0.8320019358261034 0.21017307502220717
3 536 328 327 0.16543215837290537 0.8320019358261034 0.21017307502220717
3 536 322 537 0.16543215837290537 0.8320019358261034 0.21017307502220717
3 537 328 536 0.16543215837290537 0.8320019358261034 0.21017307502220717
3 319 38 36 0.16543215837290537 0.8320019358261034 0.21017307502220717
3 36 771 319 0.16543215837290537 0.8320019358261034 0.21017307502220717
3 535 320 321 0.16543215837290537 0.8320019358261034 0.21017307502220717
3 327 326 535 0.16543215837290537 0.8320019358261034 0.21017307502220717
3 535 536 327 0.16543215837290537 0.8320019358261034 0.21017307502220717
3 321 536 535 0.16543215837290537 0.8320019358261034 0.21017307502220717
3 582 26 234 0.16543215837290537 0.8320019358261034 0.21017307502220717
3 240 26 582 0.16543215837290537 0.8320019358261034 0.21017307502220717
3 772 319 771 0.16543215837290537 0.8320019358261034 0.21017307502220717
3 320 319 772 0.16543215837290537 0.8320019358261034 0.21017307502220717
3 773 320 772 0.16543215837290537 0.8320019358261034 0.21017307502220717
3 772 103 773 0.16543215837290537 0.8320019358261034 0.21017307502220717
3 99 523 98 0.16543215837290537 0.8320019358261034 0.21017307502220717
3 409 410 721 0.16543215837290537 0.8320019358261034 0.21017307502220717
3 553 410 409 0.16543215837290537 0.8320019358261034 0.21017307502220717
3 719 408 720 0.16543215837290537 0.8320019358261034 0.21017307502220717
3 721 418 720 0.16543215837290537 0.8320019358261034 0.21017307502220717
3 720 409 721 0.16543215837290537 0.8320019358261034 0.21017307502220717
3 408 409 720 0.16543215837290537 0.8320019358261034 0.21017307502220717
3 418 417 720 0.16543215837290537 0.8320019358261034 0.21017307502220717
3 720 417 719 0.16543215837290537 0.8320019358261034 0.21017307502220717
3 722 723 421 0.16543215837290537 0.8320019358261034 0.21017307502220717
3 421 723 724 0.16543215837290537 0.8320019358261034 0.21017307502220717
3 724 618 421 0.16543215837290537 0.8320019358261034 0.21017307502220717
3 605 555 554 0.16543215837290537 0.8320019358261034 0.21017307502220717
3 606 555 605 0.16543215837290537 0.8320019358261034 0.21017307502220717
3 414 413 146 0.16543215837290537 0.8320019358261034 0.21017307502220717
3 715 716 146 0.16543215837290537 0.8320019358261034 0.21017307502220717
3 146 145 715 0.16543215837290537 0.8320019358261034 0.21017307502220717
3 413 145 146 0.16543215837290537 0.8320019358261034 0.21017307502220717
3 416 148 149 0.16543215837290537 0.8320019358261034 0.21017307502220717
3 416 415 148 0.16543215837290537 0.8320019358261034 0.21017307502220717
3 154 415 416 0.16543215837290537 0.8320019358261034 0.21017307502220717
3 149 417 416 0.16543215837290537 0.8320019358261034 0.21017307502220717
3 416 417 154 0.16543215837290537 0.8320019358261034 0.21017307502220717
3 551 602 552 0.16543215837290537 0.8320019358261034 0.21017307502220717
3 553 409 552 0.16543215837290537 0.8320019358261034 0.21017307502220717
3 552 408 551 0.16543215837290537 0.8320019358261034 0.21017307502220717
3 552 409 408 0.16543215837290537 0.8320019358261034 0.21017307502220717
3 542 602 541 0.16543215837290537 0.8320019358261034 0.21017307502220717
3 541 779 542 0.16543215837290537 0.8320019358261034 0.21017307502220717
3 542 780 543 0.16543215837290537 0.8320019358261034 0.21017307502220717
3 779 780 542 0.16543215837290537 0.8320019358261034 0.21017307502220717
3 263 408 407 0.16543215837290537 0.8320019358261034 0.21017307502220717
3 551 408 263 0.16543215837290537 0.8320019358261034 0.21017307502220717
3 540 778 541 0.16543215837290537 0.8320019358261034 0.21017307502220717
3 797 796 618 0.16543215837290537 0.8320019358261034 0.21017307502220717
3 49 608 50 0.16543215837290537 0.8320019358261034 0.21017307502220717
3 155 51 50 0.16543215837290537 0.8320019358261034 0.21017307502220717
3 50 608 155 0.16543215837290537 0.8320019358261034 0.21017307502220717
3 424 163 162 0.16543215837290537 0.8320019358261034 0.21017307502220717
3 610 152 611 0.16543215837290537 0.8320019358261034 0.21017307502220717
3 413 152 151 0.16543215837290537 0.8320019358261034 0.21017307502220717
3 609 150 151 0.16543215837290537 0.8320019358261034 0.21017307502220717
3 151 610 609 0.16543215837290537 0.8320019358261034 0.21017307502220717
3 152 610 151 0.16543215837290537 0.8320019358261034 0.21017307502220717
3 412 413 151 0.16543215837290537 0.8320019358261034 0.21017307502220717
3 151 150 412 0.16543215837290537 0.8320019358261034 0.21017307502220717
3 611 152 153 0.16543215837290537 0.8320019358261034 0.21017307502220717
3 153 415 154 0.16543215837290537 0.8320019358261034 0.21017307502220717
3 414 415 153 0.16543215837290537 0.8320019358261034 0.21017307502220717
3 153 152 414 0.16543215837290537 0.8320019358261034 0.21017307502220717
3 154 612 153 0.16543215837290537 0.8320019358261034 0.21017307502220717
3 153 612 611 0.16543215837290537 0.8320019358261034 0.21017307502220717
3 530 589 531 0.16543215837290537 0.8320019358261034 0.21017307502220717
3 531 778 530 0.16543215837290537 0.8320019358261034 0.21017307502220717
3 529 588 530 0.16543215837290537 0.8320019358261034 0.21017307502220717
3 588 589 530 0.16543215837290537 0.8320019358261034 0.21017307502220717
3 530 777 529 0.16543215837290537 0.8320019358261034 0.21017307502220717
3 530 778 777 0.16543215837290537 0.8320019358261034 0.21017307502220717
3 713 784 712 0.16543215837290537 0.8320019358261034 0.21017307502220717
3 712 581 713 0.16543215837290537 0.8320019358261034 0.21017307502220717
3 580 581 712 0.16543215837290537 0.8320019358261034 0.21017307502220717
3 781 780 533 0.16543215837290537 0.8320019358261034 0.21017307502220717
3 781 544 543 0.16543215837290537 0.8320019358261034 0.21017307502220717
3 543 780 781 0.16543215837290537 0.8320019358261034 0.21017307502220717
3 591 533 532 0.16543215837290537 0.8320019358261034 0.21017307502220717
3 533 780 532 0.16543215837290537 0.8320019358261034 0.21017307502220717
3 532 590 591 0.16543215837290537 0.8320019358261034 0.21017307502220717
3 531 590 532 0.16543215837290537 0.8320019358261034 0.21017307502220717
3 532 779 531 0.16543215837290537 0.8320019358261034 0.21017307502220717
3 532 780 779 0.16543215837290537 0.8320019358261034 0.21017307502220717
3 636 637 284 0.16543215837290537 0.8320019358261034 0.21017307502220717
3 284 283 636 0.16543215837290537 0.8320019358261034 0.21017307502220717
3 283 635 636 0.16543215837290537 0.8320019358261034 0.21017307502220717
3 638 637 280 0.16543215837290537 0.8320019358261034 0.21017307502220717
3 337 338 280 0.16543215837290537 0.8320019358261034 0.21017307502220717
3 281 638 280 0.16543215837290537 0.8320019358261034 0.21017307502220717
3 280 338 281 0.16543215837290537 0.8320019358261034 0.21017307502220717
3 271 443 730 0.16543215837290537 0.8320019358261034 0.21017307502220717
3 730 729 271 0.16543215837290537 0.8320019358261034 0.21017307502220717
3 438 437 791 0.16543215837290537 0.8320019358261034 0.21017307502220717
3 791 792 438 0.16543215837290537 0.8320019358261034 0.21017307502220717
3 438 792 439 0.16543215837290537 0.8320019358261034 0.21017307502220717
3 438 439 628 0.16543215837290537 0.8320019358261034 0.21017307502220717
3 628 627 438 0.16543215837290537 0.8320019358261034 0.21017307502220717
3 627 437 438 0.16543215837290537 0.8320019358261034 0.21017307502220717
3 281 338 339 0.16543215837290537 0.8320019358261034 0.21017307502220717
3 735 340 339 0.16543215837290537 0.8320019358261034 0.21017307502220717
3 339 639 281 0.16543215837290537 0.8320019358261034 0.21017307502220717
3 640 639 339 0.16543215837290537 0.8320019358261034 0.21017307502220717
3 339 340 640 0.16543215837290537 0.8320019358261034 0.21017307502220717
3 445 267 446 0.16543215837290537 0.8320019358261034 0.21017307502220717
3 266 267 445 0.16543215837290537 0.8320019358261034 0.21017307502220717
3 732 733 337 0.16543215837290537 0.8320019358261034 0.21017307502220717
3 273 445 732 0.16543215837290537 0.8320019358261034 0.21017307502220717
3 159 427 426 0.16543215837290537 0.8320019358261034 0.21017307502220717
3 427 164 426 0.16543215837290537 0.8320019358261034 0.21017307502220717
3 163 164 790 0.16543215837290537 0.8320019358261034 0.21017307502220717
3 169 789 790 0.16543215837290537 0.8320019358261034 0.21017307502220717
3 790 789 163 0.16543215837290537 0.8320019358261034 0.21017307502220717
3 790 164 791 0.16543215837290537 0.8320019358261034 0.21017307502220717
3 791 437 790 0.16543215837290537 0.8320019358261034 0.21017307502220717
3 790 437 169 0.16543215837290537 0.8320019358261034 0.21017307502220717
3 439 792 793 0.16543215837290537 0.8320019358261034 0.21017307502220717
3 793 792 428 0.16543215837290537 0.8320019358261034 0.21017307502220717
3 633 740 632 0.16543215837290537 0.8320019358261034 0.21017307502220717
3 632 797 633 0.16543215837290537 0.8320019358261034 0.21017307502220717
3 796 797 632 0.16543215837290537 0.8320019358261034 0.21017307502220717
3 624 172 173 0.16543215837290537 0.8320019358261034 0.21017307502220717
3 173 625 624 0.16543215837290537 0.8320019358261034 0.21017307502220717
3 174 625 173 0.16543215837290537 0.8320019358261034 0.21017307502220717
3 173 435 174 0.16543215837290537 0.8320019358261034 0.21017307502220717
3 162 789 788 0.16543215837290537 0.8320019358261034 0.21017307502220717
3 788 789 168 0.16543215837290537 0.8320019358261034 0.21017307502220717
3 798 741 633 0.16543215837290537 0.8320019358261034 0.21017307502220717
3 633 797 798 0.16543215837290537 0.8320019358261034 0.21017307502220717
3 846 815 800 0.16543215837290537 0.8320019358261034 0.21017307502220717
3 800 785 846 0.16543215837290537 0.8320019358261034 0.21017307502220717
3 725 726 620 0.16543215837290537 0.8320019358261034 0.21017307502220717
3 607 726 725 0.16543215837290537 0.8320019358261034 0.21017307502220717
3 606 607 725 0.16543215837290537 0.8320019358261034 0.21017307502220717
3 724 555 725 0.16543215837290537 0.8320019358261034 0.21017307502220717
3 725 555 606 0.16543215837290537 0.8320019358261034 0.21017307502220717
3 579 381 766 0.16543215837290537 0.8320019358261034 0.21017307502220717
3 766 580 579 0.16543215837290537 0.8320019358261034 0.21017307502220717
3 846 785 770 0.16543215837290537 0.8320019358261034 0.21017307502220717
3 770 785 713 0.16543215837290537 0.8320019358261034 0.21017307502220717
3 713 769 770 0.16543215837290537 0.8320019358261034 0.21017307502220717
3 769 768 568 0.16543215837290537 0.8320019358261034 0.21017307502220717
3 371 565 566 0.16543215837290537 0.8320019358261034 0.21017307502220717
3 566 766 371 0.16543215837290537 0.8320019358261034 0.21017307502220717
3 359 694 360 0.16543215837290537 0.8320019358261034 0.21017307502220717
3 360 563 359 0.16543215837290537 0.8320019358261034 0.21017307502220717
3 359 562 358 0.16543215837290537 0.8320019358261034 0.21017307502220717
3 359 563 562 0.16543215837290537 0.8320019358261034 0.21017307502220717
3 360 694 695 0.16543215837290537 0.8320019358261034 0.21017307502220717
3 646 740 741 0.16543215837290537 0.8320019358261034 0.21017307502220717
3 741 813 646 0.16543215837290537 0.8320019358261034 0.21017307502220717
3 646 813 812 0.16543215837290537 0.8320019358261034 0.21017307502220717
3 659 813 814 0.16543215837290537 0.8320019358261034 0.21017307502220717
3 814 813 741 0.16543215837290537 0.8320019358261034 0.21017307502220717
3 477 652 653 0.16543215837290537 0.8320019358261034 0.21017307502220717
3 653 468 469 0.16543215837290537 0.8320019358261034 0.21017307502220717
3 653 652 468 0.16543215837290537 0.8320019358261034 0.21017307502220717
3 188 187 650 0.16543215837290537 0.8320019358261034 0.21017307502220717
3 194 477 747 0.16543215837290537 0.8320019358261034 0.21017307502220717
3 491 669 490 0.16543215837290537 0.8320019358261034 0.21017307502220717
3 668 489 490 0.16543215837290537 0.8320019358261034 0.21017307502220717
3 490 669 668 0.16543215837290537 0.8320019358261034 0.21017307502220717
3 490 489 749 0.16543215837290537 0.8320019358261034 0.21017307502220717
3 818 819 303 0.16543215837290537 0.8320019358261034 0.21017307502220717
3 303 302 818 0.16543215837290537 0.8320019358261034 0.21017307502220717
3 818 817 295 0.16543215837290537 0.8320019358261034 0.21017307502220717
3 818 302 817 0.16543215837290537 0.8320019358261034 0.21017307502220717
3 506 303 304 0.16543215837290537 0.8320019358261034 0.21017307502220717
3 303 819 304 0.16543215837290537 0.8320019358261034 0.21017307502220717
3 506 304 507 0.16543215837290537 0.8320019358261034 0.21017307502220717
3 518 517 318 0.16543215837290537 0.8320019358261034 0.21017307502220717
3 516 214 213 0.16543215837290537 0.8320019358261034 0.21017307502220717
3 213 515 516 0.16543215837290537 0.8320019358261034 0.21017307502220717
3 516 515 316 0.16543215837290537 0.8320019358261034 0.21017307502220717
3 516 316 836 0.16543215837290537 0.8320019358261034 0.21017307502220717
3 836 317 516 0.16543215837290537 0.8320019358261034 0.21017307502220717
3 517 214 516 0.16543215837290537 0.8320019358261034 0.21017307502220717
3 516 317 517 0.16543215837290537 0.8320019358261034 0.21017307502220717
3 215 214 517 0.16543215837290537 0.8320019358261034 0.21017307502220717
3 215 517 518 0.16543215837290537 0.8320019358261034 0.21017307502220717
3 518 347 215 0.16543215837290537 0.8320019358261034 0.21017307502220717
3 348 347 518 0.16543215837290537 0.8320019358261034 0.21017307502220717
3 350 520 521 0.16543215837290537 0.8320019358261034 0.21017307502220717
3 349 520 350 0.16543215837290537 0.8320019358261034 0.21017307502220717
3 739 632 740 0.16543215837290537 0.8320019358261034 0.21017307502220717
3 752 658 753 0.16543215837290537 0.8320019358261034 0.21017307502220717
3 753 658 659 0.16543215837290537 0.8320019358261034 0.21017307502220717
3 471 811 657 0.16543215837290537 0.8320019358261034 0.21017307502220717
3 810 811 471 0.16543215837290537 0.8320019358261034 0.21017307502220717
3 471 470 810 0.16543215837290537 0.8320019358261034 0.21017307502220717
3 456 455 286 0.16543215837290537 0.8320019358261034 0.21017307502220717
3 638 639 286 0.16543215837290537 0.8320019358261034 0.21017307502220717
3 285 638 286 0.16543215837290537 0.8320019358261034 0.21017307502220717
3 286 455 285 0.16543215837290537 0.8320019358261034 0.21017307502220717
3 286 287 456 0.16543215837290537 0.8320019358261034 0.21017307502220717
3 639 287 286 0.16543215837290537 0.8320019358261034 0.21017307502220717
3 734 448 735 0.16543215837290537 0.8320019358261034 0.21017307502220717
3 735 339 734 0.16543215837290537 0.8320019358261034 0.21017307502220717
3 734 339 338 0.16543215837290537 0.8320019358261034 0.21017307502220717
3 734 733 275 0.16543215837290537 0.8320019358261034 0.21017307502220717
3 338 733 734 0.16543215837290537 0.8320019358261034 0.21017307502220717
3 735 448 449 0.16543215837290537 0.8320019358261034 0.21017307502220717
3 449 736 735 0.16543215837290537 0.8320019358261034 0.21017307502220717
3 449 448 627 0.16543215837290537 0.8320019358261034 0.21017307502220717
3 449 627 628 0.16543215837290537 0.8320019358261034 0.21017307502220717
3 737 736 450 0.16543215837290537 0.8320019358261034 0.21017307502220717
3 628 629 450 0.16543215837290537 0.8320019358261034 0.21017307502220717
3 450 449 628 0.16543215837290537 0.8320019358261034 0.21017307502220717
3 736 449 450 0.16543215837290537 0.8320019358261034 0.21017307502220717
3 643 642 737 0.16543215837290537 0.8320019358261034 0.21017307502220717
3 643 461 460 0.16543215837290537 0.8320019358261034 0.21017307502220717
3 460 642 643 0.16543215837290537 0.8320019358261034 0.21017307502220717
3 467 466 179 0.16543215837290537 0.8320019358261034 0.21017307502220717
3 179 806 467 0.16543215837290537 0.8320019358261034 0.21017307502220717
3 291 456 292 0.16543215837290537 0.8320019358261034 0.21017307502220717
3 292 804 291 0.16543215837290537 0.8320019358261034 0.21017307502220717
3 640 641 458 0.16543215837290537 0.8320019358261034 0.21017307502220717
3 641 459 458 0.16543215837290537 0.8320019358261034 0.21017307502220717
3 458 459 807 0.16543215837290537 0.8320019358261034 0.21017307502220717
3 807 806 458 0.16543215837290537 0.8320019358261034 0.21017307502220717
3 80 79 742 0.16543215837290537 0.8320019358261034 0.21017307502220717
3 647 185 77 0.16543215837290537 0.8320019358261034 0.21017307502220717
3 803 290 291 0.16543215837290537 0.8320019358261034 0.21017307502220717
3 291 804 803 0.16543215837290537 0.8320019358261034 0.21017307502220717
3 462 75 74 0.16543215837290537 0.8320019358261034 0.21017307502220717
3 176 462 175 0.16543215837290537 0.8320019358261034 0.21017307502220717
3 175 73 801 0.16543215837290537 0.8320019358261034 0.21017307502220717
3 175 74 73 0.16543215837290537 0.8320019358261034 0.21017307502220717
3 175 462 74 0.16543215837290537 0.8320019358261034 0.21017307502220717
3 802 289 290 0.16543215837290537 0.8320019358261034 0.21017307502220717
3 290 803 802 0.16543215837290537 0.8320019358261034 0.21017307502220717
3 802 803 176 0.16543215837290537 0.8320019358261034 0.21017307502220717
3 176 175 802 0.16543215837290537 0.8320019358261034 0.21017307502220717
3 801 289 802 0.16543215837290537 0.8320019358261034 0.21017307502220717
3 802 175 801 0.16543215837290537 0.8320019358261034 0.21017307502220717
3 465 464 178 0.16543215837290537 0.8320019358261034 0.21017307502220717
3 178 179 465 0.16543215837290537 0.8320019358261034 0.21017307502220717
3 465 179 466 0.16543215837290537 0.8320019358261034 0.21017307502220717
3 463 464 181 0.16543215837290537 0.8320019358261034 0.21017307502220717
3 463 462 176 0.16543215837290537 0.8320019358261034 0.21017307502220717
3 503 504 308 0.16543215837290537 0.8320019358261034 0.21017307502220717
3 514 513 314 0.16543215837290537 0.8320019358261034 0.21017307502220717
3 314 513 313 0.16543215837290537 0.8320019358261034 0.21017307502220717
3 313 833 314 0.16543215837290537 0.8320019358261034 0.21017307502220717
3 314 315 514 0.16543215837290537 0.8320019358261034 0.21017307502220717
3 834 315 314 0.16543215837290537 0.8320019358261034 0.21017307502220717
3 307 502 503 0.16543215837290537 0.8320019358261034 0.21017307502220717
3 503 308 307 0.16543215837290537 0.8320019358261034 0.21017307502220717
3 90 502 306 0.16543215837290537 0.8320019358261034 0.21017307502220717
3 91 90 306 0.16543215837290537 0.8320019358261034 0.21017307502220717
3 306 673 91 0.16543215837290537 0.8320019358261034 0.21017307502220717
3 502 307 306 0.16543215837290537 0.8320019358261034 0.21017307502220717
3 578 381 579 0.16543215837290537 0.8320019358261034 0.21017307502220717
3 579 391 578 0.16543215837290537 0.8320019358261034 0.21017307502220717
3 578 380 381 0.16543215837290537 0.8320019358261034 0.21017307502220717
3 710 592 709 0.16543215837290537 0.8320019358261034 0.21017307502220717
3 709 391 710 0.16543215837290537 0.8320019358261034 0.21017307502220717
3 710 391 579 0.16543215837290537 0.8320019358261034 0.21017307502220717
3 709 708 390 0.16543215837290537 0.8320019358261034 0.21017307502220717
3 390 391 709 0.16543215837290537 0.8320019358261034 0.21017307502220717
3 355 108 107 0.16543215837290537 0.8320019358261034 0.21017307502220717
3 107 557 106 0.16543215837290537 0.8320019358261034 0.21017307502220717
3 111 112 363 0.16543215837290537 0.8320019358261034 0.21017307502220717
3 363 362 111 0.16543215837290537 0.8320019358261034 0.21017307502220717
3 111 362 110 0.16543215837290537 0.8320019358261034 0.21017307502220717
3 111 110 557 0.16543215837290537 0.8320019358261034 0.21017307502220717
3 229 701 230 0.16543215837290537 0.8320019358261034 0.21017307502220717
3 700 701 229 0.16543215837290537 0.8320019358261034 0.21017307502220717
3 525 526 248 0.16543215837290537 0.8320019358261034 0.21017307502220717
3 100 526 525 0.16543215837290537 0.8320019358261034 0.21017307502220717
3 248 247 525 0.16543215837290537 0.8320019358261034 0.21017307502220717
3 230 395 394 0.16543215837290537 0.8320019358261034 0.21017307502220717
3 394 229 230 0.16543215837290537 0.8320019358261034 0.21017307502220717
3 393 229 394 0.16543215837290537 0.8320019358261034 0.21017307502220717
3 244 245 527 0.16543215837290537 0.8320019358261034 0.21017307502220717
3 527 526 244 0.16543215837290537 0.8320019358261034 0.21017307502220717
3 528 250 527 0.16543215837290537 0.8320019358261034 0.21017307502220717
3 527 245 528 0.16543215837290537 0.8320019358261034 0.21017307502220717
3 528 245 529 0.16543215837290537 0.8320019358261034 0.21017307502220717
3 587 245 238 0.16543215837290537 0.8320019358261034 0.21017307502220717
3 238 396 587 0.16543215837290537 0.8320019358261034 0.21017307502220717
3 587 396 239 0.16543215837290537 0.8320019358261034 0.21017307502220717
3 587 239 588 0.16543215837290537 0.8320019358261034 0.21017307502220717
3 587 588 529 0.16543215837290537 0.8320019358261034 0.21017307502220717
3 529 245 587 0.16543215837290537 0.8320019358261034 0.21017307502220717
3 775 322 774 0.16543215837290537 0.8320019358261034 0.21017307502220717
3 774 250 775 0.16543215837290537 0.8320019358261034 0.21017307502220717
3 24 23 228 0.16543215837290537 0.8320019358261034 0.21017307502220717
3 228 23 700 0.16543215837290537 0.8320019358261034 0.21017307502220717
3 700 229 228 0.16543215837290537 0.8320019358261034 0.21017307502220717
3 228 229 393 0.16543215837290537 0.8320019358261034 0.21017307502220717
3 399 589 398 0.16543215837290537 0.8320019358261034 0.21017307502220717
3 398 589 588 0.16543215837290537 0.8320019358261034 0.21017307502220717
3 588 397 398 0.16543215837290537 0.8320019358261034 0.21017307502220717
3 397 233 398 0.16543215837290537 0.8320019358261034 0.21017307502220717
3 704 233 232 0.16543215837290537 0.8320019358261034 0.21017307502220717
3 704 138 139 0.16543215837290537 0.8320019358261034 0.21017307502220717
3 232 231 703 0.16543215837290537 0.8320019358261034 0.21017307502220717
3 703 704 232 0.16543215837290537 0.8320019358261034 0.21017307502220717
3 138 704 703 0.16543215837290537 0.8320019358261034 0.21017307502220717
3 139 138 385 0.16543215837290537 0.8320019358261034 0.21017307502220717
3 378 575 377 0.16543215837290537 0.8320019358261034 0.21017307502220717
3 377 761 378 0.16543215837290537 0.8320019358261034 0.21017307502220717
3 139 385 386 0.16543215837290537 0.8320019358261034 0.21017307502220717
3 377 575 574 0.16543215837290537 0.8320019358261034 0.21017307502220717
3 388 574 575 0.16543215837290537 0.8320019358261034 0.21017307502220717
3 762 761 368 0.16543215837290537 0.8320019358261034 0.21017307502220717
3 368 369 762 0.16543215837290537 0.8320019358261034 0.21017307502220717
3 762 369 763 0.16543215837290537 0.8320019358261034 0.21017307502220717
3 762 378 761 0.16543215837290537 0.8320019358261034 0.21017307502220717
3 762 763 379 0.16543215837290537 0.8320019358261034 0.21017307502220717
3 379 378 762 0.16543215837290537 0.8320019358261034 0.21017307502220717
3 368 761 367 0.16543215837290537 0.8320019358261034 0.21017307502220717
3 367 562 368 0.16543215837290537 0.8320019358261034 0.21017307502220717
3 367 561 562 0.16543215837290537 0.8320019358261034 0.21017307502220717
3 367 366 114 0.16543215837290537 0.8320019358261034 0.21017307502220717
3 114 561 367 0.16543215837290537 0.8320019358261034 0.21017307502220717
3 127 128 572 0.16543215837290537 0.8320019358261034 0.21017307502220717
3 374 128 127 0.16543215837290537 0.8320019358261034 0.21017307502220717
3 757 122 121 0.16543215837290537 0.8320019358261034 0.21017307502220717
3 757 115 116 0.16543215837290537 0.8320019358261034 0.21017307502220717
3 213 214 345 0.16543215837290537 0.8320019358261034 0.21017307502220717
3 836 316 677 0.16543215837290537 0.8320019358261034 0.21017307502220717
3 444 265 266 0.16543215837290537 0.8320019358261034 0.21017307502220717
3 266 445 444 0.16543215837290537 0.8320019358261034 0.21017307502220717
3 444 445 273 0.16543215837290537 0.8320019358261034 0.21017307502220717
3 443 265 444 0.16543215837290537 0.8320019358261034 0.21017307502220717
3 59 264 442 0.16543215837290537 0.8320019358261034 0.21017307502220717
3 442 443 271 0.16543215837290537 0.8320019358261034 0.21017307502220717
3 442 264 443 0.16543215837290537 0.8320019358261034 0.21017307502220717
3 60 59 442 0.16543215837290537 0.8320019358261034 0.21017307502220717
3 442 270 60 0.16543215837290537 0.8320019358261034 0.21017307502220717
3 271 729 442 0.16543215837290537 0.8320019358261034 0.21017307502220717
3 442 729 270 0.16543215837290537 0.8320019358261034 0.21017307502220717
3 282 635 283 0.16543215837290537 0.8320019358261034 0.21017307502220717
3 634 635 282 0.16543215837290537 0.8320019358261034 0.21017307502220717
3 282 69 634 0.16543215837290537 0.8320019358261034 0.21017307502220717
3 282 70 69 0.16543215837290537 0.8320019358261034 0.21017307502220717
3 453 283 284 0.16543215837290537 0.8320019358261034 0.21017307502220717
3 289 288 453 0.16543215837290537 0.8320019358261034 0.21017307502220717
3 284 454 453 0.16543215837290537 0.8320019358261034 0.21017307502220717
3 453 454 289 0.16543215837290537 0.8320019358261034 0.21017307502220717
3 334 276 333 0.16543215837290537 0.8320019358261034 0.21017307502220717
3 277 276 334 0.16543215837290537 0.8320019358261034 0.21017307502220717
3 404 141 403 0.16543215837290537 0.8320019358261034 0.21017307502220717
3 140 402 403 0.16543215837290537 0.8320019358261034 0.21017307502220717
3 403 141 140 0.16543215837290537 0.8320019358261034 0.21017307502220717
3 534 319 320 0.16543215837290537 0.8320019358261034 0.21017307502220717
3 326 39 534 0.16543215837290537 0.8320019358261034 0.21017307502220717
3 534 39 38 0.16543215837290537 0.8320019358261034 0.21017307502220717
3 38 319 534 0.16543215837290537 0.8320019358261034 0.21017307502220717
3 534 535 326 0.16543215837290537 0.8320019358261034 0.21017307502220717
3 320 535 534 0.16543215837290537 0.8320019358261034 0.21017307502220717
3 102 772 771 0.16543215837290537 0.8320019358261034 0.21017307502220717
3 102 771 101 0.16543215837290537 0.8320019358261034 0.21017307502220717
3 101 247 102 0.16543215837290537 0.8320019358261034 0.21017307502220717
3 102 247 248 0.16543215837290537 0.8320019358261034 0.21017307502220717
3 248 103 102 0.16543215837290537 0.8320019358261034 0.21017307502220717
3 103 772 102 0.16543215837290537 0.8320019358261034 0.21017307502220717
3 246 523 524 0.16543215837290537 0.8320019358261034 0.21017307502220717
3 523 99 524 0.16543215837290537 0.8320019358261034 0.21017307502220717
3 524 247 246 0.16543215837290537 0.8320019358261034 0.21017307502220717
3 524 525 247 0.16543215837290537 0.8320019358261034 0.21017307502220717
3 524 99 100 0.16543215837290537 0.8320019358261034 0.21017307502220717
3 100 525 524 0.16543215837290537 0.8320019358261034 0.21017307502220717
3 241 99 98 0.16543215837290537 0.8320019358261034 0.21017307502220717
3 98 240 241 0.16543215837290537 0.8320019358261034 0.21017307502220717
3 240 582 241 0.16543215837290537 0.8320019358261034 0.21017307502220717
3 241 582 234 0.16543215837290537 0.8320019358261034 0.21017307502220717
3 420 419 722 0.16543215837290537 0.8320019358261034 0.21017307502220717
3 722 421 420 0.16543215837290537 0.8320019358261034 0.21017307502220717
3 616 419 420 0.16543215837290537 0.8320019358261034 0.21017307502220717
3 617 618 431 0.16543215837290537 0.8320019358261034 0.21017307502220717
3 617 421 618 0.16543215837290537 0.8320019358261034 0.21017307502220717
3 617 431 616 0.16543215837290537 0.8320019358261034 0.21017307502220717
3 616 420 617 0.16543215837290537 0.8320019358261034 0.21017307502220717
3 617 420 421 0.16543215837290537 0.8320019358261034 0.21017307502220717
3 604 605 554 0.16543215837290537 0.8320019358261034 0.21017307502220717
3 604 554 553 0.16543215837290537 0.8320019358261034 0.21017307502220717
3 543 544 604 0.16543215837290537 0.8320019358261034 0.21017307502220717
3 544 605 604 0.16543215837290537 0.8320019358261034 0.21017307502220717
3 414 146 147 0.16543215837290537 0.8320019358261034 0.21017307502220717
3 147 146 716 0.16543215837290537 0.8320019358261034 0.21017307502220717
3 147 415 414 0.16543215837290537 0.8320019358261034 0.21017307502220717
3 148 415 147 0.16543215837290537 0.8320019358261034 0.21017307502220717
3 147 717 148 0.16543215837290537 0.8320019358261034 0.21017307502220717
3 716 717 147 0.16543215837290537 0.8320019358261034 0.21017307502220717
3 553 552 603 0.16543215837290537 0.8320019358261034 0.21017307502220717
3 603 552 602 0.16543215837290537 0.8320019358261034 0.21017307502220717
3 603 604 553 0.16543215837290537 0.8320019358261034 0.21017307502220717
3 543 604 603 0.16543215837290537 0.8320019358261034 0.21017307502220717
3 603 542 543 0.16543215837290537 0.8320019358261034 0.21017307502220717
3 602 542 603 0.16543215837290537 0.8320019358261034 0.21017307502220717
3 407 144 406 0.16543215837290537 0.8320019358261034 0.21017307502220717
3 406 263 407 0.16543215837290537 0.8320019358261034 0.21017307502220717
3 406 144 143 0.16543215837290537 0.8320019358261034 0.21017307502220717
3 323 775 776 0.16543215837290537 0.8320019358261034 0.21017307502220717
3 537 322 323 0.16543215837290537 0.8320019358261034 0.21017307502220717
3 322 775 323 0.16543215837290537 0.8320019358261034 0.21017307502220717
3 537 323 538 0.16543215837290537 0.8320019358261034 0.21017307502220717
3 329 328 537 0.16543215837290537 0.8320019358261034 0.21017307502220717
3 537 538 329 0.16543215837290537 0.8320019358261034 0.21017307502220717
3 329 538 330 0.16543215837290537 0.8320019358261034 0.21017307502220717
3 601 602 551 0.16543215837290537 0.8320019358261034 0.21017307502220717
3 541 602 601 0.16543215837290537 0.8320019358261034 0.21017307502220717
3 549 257 550 0.16543215837290537 0.8320019358261034 0.21017307502220717
3 551 263 550 0.16543215837290537 0.8320019358261034 0.21017307502220717
3 550 601 551 0.16543215837290537 0.8320019358261034 0.21017307502220717
3 257 601 550 0.16543215837290537 0.8320019358261034 0.21017307502220717
3 256 257 549 0.16543215837290537 0.8320019358261034 0.21017307502220717
3 619 797 618 0.16543215837290537 0.8320019358261034 0.21017307502220717
3 619 725 620 0.16543215837290537 0.8320019358261034 0.21017307502220717
3 620 798 619 0.16543215837290537 0.8320019358261034 0.21017307502220717
3 619 798 797 0.16543215837290537 0.8320019358261034 0.21017307502220717
3 619 618 724 0.16543215837290537 0.8320019358261034 0.21017307502220717
3 724 725 619 0.16543215837290537 0.8320019358261034 0.21017307502220717
3 156 424 423 0.16543215837290537 0.8320019358261034 0.21017307502220717
3 423 422 155 0.16543215837290537 0.8320019358261034 0.21017307502220717
3 155 156 423 0.16543215837290537 0.8320019358261034 0.21017307502220717
3 423 424 162 0.16543215837290537 0.8320019358261034 0.21017307502220717
3 157 424 156 0.16543215837290537 0.8320019358261034 0.21017307502220717
3 157 156 609 0.16543215837290537 0.8320019358261034 0.21017307502220717
3 609 610 157 0.16543215837290537 0.8320019358261034 0.21017307502220717
3 783 607 606 0.16543215837290537 0.8320019358261034 0.21017307502220717
3 783 784 607 0.16543215837290537 0.8320019358261034 0.21017307502220717
3 277 334 335 0.16543215837290537 0.8320019358261034 0.21017307502220717
3 335 334 730 0.16543215837290537 0.8320019358261034 0.21017307502220717
3 336 732 337 0.16543215837290537 0.8320019358261034 0.21017307502220717
3 446 733 274 0.16543215837290537 0.8320019358261034 0.21017307502220717
3 733 732 274 0.16543215837290537 0.8320019358261034 0.21017307502220717
3 274 445 446 0.16543215837290537 0.8320019358261034 0.21017307502220717
3 274 732 445 0.16543215837290537 0.8320019358261034 0.21017307502220717
3 439 793 440 0.16543215837290537 0.8320019358261034 0.21017307502220717
3 440 441 630 0.16543215837290537 0.8320019358261034 0.21017307502220717
3 630 629 440 0.16543215837290537 0.8320019358261034 0.21017307502220717
3 440 629 439 0.16543215837290537 0.8320019358261034 0.21017307502220717
3 429 793 428 0.16543215837290537 0.8320019358261034 0.21017307502220717
3 429 615 430 0.16543215837290537 0.8320019358261034 0.21017307502220717
3 428 614 429 0.16543215837290537 0.8320019358261034 0.21017307502220717
3 614 615 429 0.16543215837290537 0.8320019358261034 0.21017307502220717
3 434 173 172 0.16543215837290537 0.8320019358261034 0.21017307502220717
3 434 433 166 0.16543215837290537 0.8320019358261034 0.21017307502220717
3 172 433 434 0.16543215837290537 0.8320019358261034 0.21017307502220717
3 435 173 434 0.16543215837290537 0.8320019358261034 0.21017307502220717
3 799 798 620 0.16543215837290537 0.8320019358261034 0.21017307502220717
3 741 798 799 0.16543215837290537 0.8320019358261034 0.21017307502220717
3 799 814 741 0.16543215837290537 0.8320019358261034 0.21017307502220717
3 799 800 815 0.16543215837290537 0.8320019358261034 0.21017307502220717
3 815 814 799 0.16543215837290537 0.8320019358261034 0.21017307502220717
3 785 800 727 0.16543215837290537 0.8320019358261034 0.21017307502220717
3 727 784 785 0.16543215837290537 0.8320019358261034 0.21017307502220717
3 800 799 727 0.16543215837290537 0.8320019358261034 0.21017307502220717
3 607 784 727 0.16543215837290537 0.8320019358261034 0.21017307502220717
3 727 726 607 0.16543215837290537 0.8320019358261034 0.21017307502220717
3 620 726 727 0.16543215837290537 0.8320019358261034 0.21017307502220717
3 727 799 620 0.16543215837290537 0.8320019358261034 0.21017307502220717
3 381 764 765 0.16543215837290537 0.8320019358261034 0.21017307502220717
3 765 766 381 0.16543215837290537 0.8320019358261034 0.21017307502220717
3 765 764 371 0.16543215837290537 0.8320019358261034 0.21017307502220717
3 371 766 765 0.16543215837290537 0.8320019358261034 0.21017307502220717
3 580 766 767 0.16543215837290537 0.8320019358261034 0.21017307502220717
3 768 581 767 0.16543215837290537 0.8320019358261034 0.21017307502220717
3 767 581 580 0.16543215837290537 0.8320019358261034 0.21017307502220717
3 767 568 768 0.16543215837290537 0.8320019358261034 0.21017307502220717
3 755 814 815 0.16543215837290537 0.8320019358261034 0.21017307502220717
3 659 814 755 0.16543215837290537 0.8320019358261034 0.21017307502220717
3 351 695 694 0.16543215837290537 0.8320019358261034 0.21017307502220717
3 351 350 521 0.16543215837290537 0.8320019358261034 0.21017307502220717
3 694 350 351 0.16543215837290537 0.8320019358261034 0.21017307502220717
3 361 566 565 0.16543215837290537 0.8320019358261034 0.21017307502220717
3 360 695 361 0.16543215837290537 0.8320019358261034 0.21017307502220717
3 361 564 360 0.16543215837290537 0.8320019358261034 0.21017307502220717
3 361 565 564 0.16543215837290537 0.8320019358261034 0.21017307502220717
3 301 504 503 0.16543215837290537 0.8320019358261034 0.21017307502220717
3 503 300 301 0.16543215837290537 0.8320019358261034 0.21017307502220717
3 300 816 301 0.16543215837290537 0.8320019358261034 0.21017307502220717
3 301 816 817 0.16543215837290537 0.8320019358261034 0.21017307502220717
3 817 302 301 0.16543215837290537 0.8320019358261034 0.21017307502220717
3 302 504 301 0.16543215837290537 0.8320019358261034 0.21017307502220717
3 469 470 654 0.16543215837290537 0.8320019358261034 0.21017307502220717
3 654 653 469 0.16543215837290537 0.8320019358261034 0.21017307502220717
3 651 188 650 0.16543215837290537 0.8320019358261034 0.21017307502220717
3 650 184 651 0.16543215837290537 0.8320019358261034 0.21017307502220717
3 651 184 652 0.16543215837290537 0.8320019358261034 0.21017307502220717
3 475 188 189 0.16543215837290537 0.8320019358261034 0.21017307502220717
3 188 651 189 0.16543215837290537 0.8320019358261034 0.21017307502220717
3 189 652 477 0.16543215837290537 0.8320019358261034 0.21017307502220717
3 189 651 652 0.16543215837290537 0.8320019358261034 0.21017307502220717
3 472 473 190 0.16543215837290537 0.8320019358261034 0.21017307502220717
3 742 79 190 0.16543215837290537 0.8320019358261034 0.21017307502220717
3 190 79 472 0.16543215837290537 0.8320019358261034 0.21017307502220717
3 669 491 670 0.16543215837290537 0.8320019358261034 0.21017307502220717
3 670 491 752 0.16543215837290537 0.8320019358261034 0.21017307502220717
3 510 823 824 0.16543215837290537 0.8320019358261034 0.21017307502220717
3 748 749 489 0.16543215837290537 0.8320019358261034 0.21017307502220717
3 470 471 655 0.16543215837290537 0.8320019358261034 0.21017307502220717
3 655 654 470 0.16543215837290537 0.8320019358261034 0.21017307502220717
3 750 491 490 0.16543215837290537 0.8320019358261034 0.21017307502220717
3 490 749 750 0.16543215837290537 0.8320019358261034 0.21017307502220717
3 500 824 499 0.16543215837290537 0.8320019358261034 0.21017307502220717
3 499 824 823 0.16543215837290537 0.8320019358261034 0.21017307502220717
3 81 482 82 0.16543215837290537 0.8320019358261034 0.21017307502220717
3 820 304 819 0.16543215837290537 0.8320019358261034 0.21017307502220717
3 498 823 822 0.16543215837290537 0.8320019358261034 0.21017307502220717
3 498 499 823 0.16543215837290537 0.8320019358261034 0.21017307502220717
3 205 85 84 0.16543215837290537 0.8320019358261034 0.21017307502220717
3 492 85 205 0.16543215837290537 0.8320019358261034 0.21017307502220717
3 296 818 295 0.16543215837290537 0.8320019358261034 0.21017307502220717
3 819 818 296 0.16543215837290537 0.8320019358261034 0.21017307502220717
3 506 507 311 0.16543215837290537 0.8320019358261034 0.21017307502220717
3 311 507 679 0.16543215837290537 0.8320019358261034 0.21017307502220717
3 305 507 304 0.16543215837290537 0.8320019358261034 0.21017307502220717
3 304 820 305 0.16543215837290537 0.8320019358261034 0.21017307502220717
3 679 318 837 0.16543215837290537 0.8320019358261034 0.21017307502220717
3 837 311 679 0.16543215837290537 0.8320019358261034 0.21017307502220717
3 517 317 837 0.16543215837290537 0.8320019358261034 0.21017307502220717
3 837 318 517 0.16543215837290537 0.8320019358261034 0.21017307502220717
3 519 348 518 0.16543215837290537 0.8320019358261034 0.21017307502220717
3 519 520 349 0.16543215837290537 0.8320019358261034 0.21017307502220717
3 349 348 519 0.16543215837290537 0.8320019358261034 0.21017307502220717
3 214 215 346 0.16543215837290537 0.8320019358261034 0.21017307502220717
3 346 345 214 0.16543215837290537 0.8320019358261034 0.21017307502220717
3 346 347 220 0.16543215837290537 0.8320019358261034 0.21017307502220717
3 346 215 347 0.16543215837290537 0.8320019358261034 0.21017307502220717
3 692 227 691 0.16543215837290537 0.8320019358261034 0.21017307502220717
3 691 348 692 0.16543215837290537 0.8320019358261034 0.21017307502220717
3 692 348 349 0.16543215837290537 0.8320019358261034 0.21017307502220717
3 358 357 692 0.16543215837290537 0.8320019358261034 0.21017307502220717
3 357 227 692 0.16543215837290537 0.8320019358261034 0.21017307502220717
3 356 357 109 0.16543215837290537 0.8320019358261034 0.21017307502220717
3 356 227 357 0.16543215837290537 0.8320019358261034 0.21017307502220717
3 109 108 356 0.16543215837290537 0.8320019358261034 0.21017307502220717
3 356 108 355 0.16543215837290537 0.8320019358261034 0.21017307502220717
3 521 520 840 0.16543215837290537 0.8320019358261034 0.21017307502220717
3 221 348 691 0.16543215837290537 0.8320019358261034 0.21017307502220717
3 347 348 221 0.16543215837290537 0.8320019358261034 0.21017307502220717
3 691 690 221 0.16543215837290537 0.8320019358261034 0.21017307502220717
3 220 347 221 0.16543215837290537 0.8320019358261034 0.21017307502220717
3 221 690 220 0.16543215837290537 0.8320019358261034 0.21017307502220717
3 451 629 630 0.16543215837290537 0.8320019358261034 0.21017307502220717
3 737 450 451 0.16543215837290537 0.8320019358261034 0.21017307502220717
3 451 450 629 0.16543215837290537 0.8320019358261034 0.21017307502220717
3 630 441 631 0.16543215837290537 0.8320019358261034 0.21017307502220717
3 632 739 631 0.16543215837290537 0.8320019358261034 0.21017307502220717
3 796 632 631 0.16543215837290537 0.8320019358261034 0.21017307502220717
3 795 796 631 0.16543215837290537 0.8320019358261034 0.21017307502220717
3 631 441 795 0.16543215837290537 0.8320019358261034 0.21017307502220717
3 645 739 740 0.16543215837290537 0.8320019358261034 0.21017307502220717
3 740 646 645 0.16543215837290537 0.8320019358261034 0.21017307502220717
3 812 811 645 0.16543215837290537 0.8320019358261034 0.21017307502220717
3 645 646 812 0.16543215837290537 0.8320019358261034 0.21017307502220717
3 269 448 447 0.16543215837290537 0.8320019358261034 0.21017307502220717
3 448 734 447 0.16543215837290537 0.8320019358261034 0.21017307502220717
3 447 734 275 0.16543215837290537 0.8320019358261034 0.21017307502220717
3 447 268 269 0.16543215837290537 0.8320019358261034 0.21017307502220717
3 275 268 447 0.16543215837290537 0.8320019358261034 0.21017307502220717
3 461 643 644 0.16543215837290537 0.8320019358261034 0.21017307502220717
3 739 645 644 0.16543215837290537 0.8320019358261034 0.21017307502220717
3 644 645 811 0.16543215837290537 0.8320019358261034 0.21017307502220717
3 810 461 644 0.16543215837290537 0.8320019358261034 0.21017307502220717
3 644 811 810 0.16543215837290537 0.8320019358261034 0.21017307502220717
3 456 287 457 0.16543215837290537 0.8320019358261034 0.21017307502220717
3 457 292 456 0.16543215837290537 0.8320019358261034 0.21017307502220717
3 457 287 640 0.16543215837290537 0.8320019358261034 0.21017307502220717
3 640 458 457 0.16543215837290537 0.8320019358261034 0.21017307502220717
3 292 457 293 0.16543215837290537 0.8320019358261034 0.21017307502220717
3 293 458 806 0.16543215837290537 0.8320019358261034 0.21017307502220717
3 293 457 458 0.16543215837290537 0.8320019358261034 0.21017307502220717
3 805 179 178 0.16543215837290537 0.8320019358261034 0.21017307502220717
3 178 804 805 0.16543215837290537 0.8320019358261034 0.21017307502220717
3 804 292 805 0.16543215837290537 0.8320019358261034 0.21017307502220717
3 292 293 805 0.16543215837290537 0.8320019358261034 0.21017307502220717
3 806 179 805 0.16543215837290537 0.8320019358261034 0.21017307502220717
3 805 293 806 0.16543215837290537 0.8320019358261034 0.21017307502220717
3 76 647 77 0.16543215837290537 0.8320019358261034 0.21017307502220717
3 185 647 648 0.16543215837290537 0.8320019358261034 0.21017307502220717
3 648 647 181 0.16543215837290537 0.8320019358261034 0.21017307502220717
3 176 803 177 0.16543215837290537 0.8320019358261034 0.21017307502220717
3 177 463 176 0.16543215837290537 0.8320019358261034 0.21017307502220717
3 464 463 177 0.16543215837290537 0.8320019358261034 0.21017307502220717
3 178 464 177 0.16543215837290537 0.8320019358261034 0.21017307502220717
3 177 804 178 0.16543215837290537 0.8320019358261034 0.21017307502220717
3 177 803 804 0.16543215837290537 0.8320019358261034 0.21017307502220717
3 75 462 180 0.16543215837290537 0.8320019358261034 0.21017307502220717
3 181 647 180 0.16543215837290537 0.8320019358261034 0.21017307502220717
3 180 463 181 0.16543215837290537 0.8320019358261034 0.21017307502220717
3 462 463 180 0.16543215837290537 0.8320019358261034 0.21017307502220717
3 180 76 75 0.16543215837290537 0.8320019358261034 0.21017307502220717
3 647 76 180 0.16543215837290537 0.8320019358261034 0.21017307502220717
3 834 308 676 0.16543215837290537 0.8320019358261034 0.21017307502220717
3 676 315 834 0.16543215837290537 0.8320019358261034 0.21017307502220717
3 833 307 675 0.16543215837290537 0.8320019358261034 0.21017307502220717
3 675 307 308 0.16543215837290537 0.8320019358261034 0.21017307502220717
3 675 308 834 0.16543215837290537 0.8320019358261034 0.21017307502220717
3 834 314 675 0.16543215837290537 0.8320019358261034 0.21017307502220717
3 675 314 833 0.16543215837290537 0.8320019358261034 0.21017307502220717
3 674 306 307 0.16543215837290537 0.8320019358261034 0.21017307502220717
3 674 833 313 0.16543215837290537 0.8320019358261034 0.21017307502220717
3 674 307 833 0.16543215837290537 0.8320019358261034 0.21017307502220717
3 579 580 711 0.16543215837290537 0.8320019358261034 0.21017307502220717
3 711 710 579 0.16543215837290537 0.8320019358261034 0.21017307502220717
3 580 712 711 0.16543215837290537 0.8320019358261034 0.21017307502220717
3 576 378 379 0.16543215837290537 0.8320019358261034 0.21017307502220717
3 575 378 576 0.16543215837290537 0.8320019358261034 0.21017307502220717
3 355 107 354 0.16543215837290537 0.8320019358261034 0.21017307502220717
3 224 225 354 0.16543215837290537 0.8320019358261034 0.21017307502220717
3 354 225 355 0.16543215837290537 0.8320019358261034 0.21017307502220717
3 354 353 224 0.16543215837290537 0.8320019358261034 0.21017307502220717
3 106 353 354 0.16543215837290537 0.8320019358261034 0.21017307502220717
3 354 107 106 0.16543215837290537 0.8320019358261034 0.21017307502220717
3 557 107 558 0.16543215837290537 0.8320019358261034 0.21017307502220717
3 558 111 557 0.16543215837290537 0.8320019358261034 0.21017307502220717
3 112 111 558 0.16543215837290537 0.8320019358261034 0.21017307502220717
3 559 112 558 0.16543215837290537 0.8320019358261034 0.21017307502220717
3 558 108 559 0.16543215837290537 0.8320019358261034 0.21017307502220717
3 558 107 108 0.16543215837290537 0.8320019358261034 0.21017307502220717
3 224 688 689 0.16543215837290537 0.8320019358261034 0.21017307502220717
3 689 225 224 0.16543215837290537 0.8320019358261034 0.21017307502220717
3 220 690 689 0.16543215837290537 0.8320019358261034 0.21017307502220717
3 690 225 689 0.16543215837290537 0.8320019358261034 0.21017307502220717
3 242 235 584 0.16543215837290537 0.8320019358261034 0.21017307502220717
3 100 99 242 0.16543215837290537 0.8320019358261034 0.21017307502220717
3 99 241 242 0.16543215837290537 0.8320019358261034 0.21017307502220717
3 237 394 395 0.16543215837290537 0.8320019358261034 0.21017307502220717
3 776 775 251 0.16543215837290537 0.8320019358261034 0.21017307502220717
3 529 776 251 0.16543215837290537 0.8320019358261034 0.21017307502220717
3 251 528 529 0.16543215837290537 0.8320019358261034 0.21017307502220717
3 250 528 251 0.16543215837290537 0.8320019358261034 0.21017307502220717
3 251 775 250 0.16543215837290537 0.8320019358261034 0.21017307502220717
3 24 228 392 0.16543215837290537 0.8320019358261034 0.21017307502220717
3 392 235 234 0.16543215837290537 0.8320019358261034 0.21017307502220717
3 393 235 392 0.16543215837290537 0.8320019358261034 0.21017307502220717
3 392 228 393 0.16543215837290537 0.8320019358261034 0.21017307502220717
3 234 25 392 0.16543215837290537 0.8320019358261034 0.21017307502220717
3 25 24 392 0.16543215837290537 0.8320019358261034 0.21017307502220717
3 382 21 20 0.16543215837290537 0.8320019358261034 0.21017307502220717
3 384 385 138 0.16543215837290537 0.8320019358261034 0.21017307502220717
3 230 701 702 0.16543215837290537 0.8320019358261034 0.21017307502220717
3 702 231 230 0.16543215837290537 0.8320019358261034 0.21017307502220717
3 702 703 231 0.16543215837290537 0.8320019358261034 0.21017307502220717
3 133 386 385 0.16543215837290537 0.8320019358261034 0.21017307502220717
3 572 134 133 0.16543215837290537 0.8320019358261034 0.21017307502220717
3 133 134 386 0.16543215837290537 0.8320019358261034 0.21017307502220717
3 376 377 129 0.16543215837290537 0.8320019358261034 0.21017307502220717
3 377 574 129 0.16543215837290537 0.8320019358261034 0.21017307502220717
3 707 400 399 0.16543215837290537 0.8320019358261034 0.21017307502220717
3 708 400 707 0.16543215837290537 0.8320019358261034 0.21017307502220717
3 139 386 705 0.16543215837290537 0.8320019358261034 0.21017307502220717
3 705 398 233 0.16543215837290537 0.8320019358261034 0.21017307502220717
3 705 704 139 0.16543215837290537 0.8320019358261034 0.21017307502220717
3 233 704 705 0.16543215837290537 0.8320019358261034 0.21017307502220717
3 366 367 119 0.16543215837290537 0.8320019358261034 0.21017307502220717
3 119 367 761 0.16543215837290537 0.8320019358261034 0.21017307502220717
3 761 760 119 0.16543215837290537 0.8320019358261034 0.21017307502220717
3 118 366 119 0.16543215837290537 0.8320019358261034 0.21017307502220717
3 119 760 118 0.16543215837290537 0.8320019358261034 0.21017307502220717
3 758 123 122 0.16543215837290537 0.8320019358261034 0.21017307502220717
3 122 757 758 0.16543215837290537 0.8320019358261034 0.21017307502220717
3 116 117 758 0.16543215837290537 0.8320019358261034 0.21017307502220717
3 758 757 116 0.16543215837290537 0.8320019358261034 0.21017307502220717
3 118 760 759 0.16543215837290537 0.8320019358261034 0.21017307502220717
3 123 758 759 0.16543215837290537 0.8320019358261034 0.21017307502220717
3 759 117 118 0.16543215837290537 0.8320019358261034 0.21017307502220717
3 759 758 117 0.16543215837290537 0.8320019358261034 0.21017307502220717
3 376 123 124 0.16543215837290537 0.8320019358261034 0.21017307502220717
3 124 377 376 0.16543215837290537 0.8320019358261034 0.21017307502220717
3 124 759 760 0.16543215837290537 0.8320019358261034 0.21017307502220717
3 123 759 124 0.16543215837290537 0.8320019358261034 0.21017307502220717
3 124 761 377 0.16543215837290537 0.8320019358261034 0.21017307502220717
3 124 760 761 0.16543215837290537 0.8320019358261034 0.21017307502220717
3 375 128 374 0.16543215837290537 0.8320019358261034 0.21017307502220717
3 374 122 375 0.16543215837290537 0.8320019358261034 0.21017307502220717
3 122 123 375 0.16543215837290537 0.8320019358261034 0.21017307502220717
3 375 123 376 0.16543215837290537 0.8320019358261034 0.21017307502220717
3 376 129 375 0.16543215837290537 0.8320019358261034 0.21017307502220717
3 375 129 128 0.16543215837290537 0.8320019358261034 0.21017307502220717
3 115 757 756 0.16543215837290537 0.8320019358261034 0.21017307502220717
3 14 115 756 0.16543215837290537 0.8320019358261034 0.21017307502220717
3 756 757 121 0.16543215837290537 0.8320019358261034 0.21017307502220717
3 121 120 756 0.16543215837290537 0.8320019358261034 0.21017307502220717
3 687 217 218 0.16543215837290537 0.8320019358261034 0.21017307502220717
3 218 688 687 0.16543215837290537 0.8320019358261034 0.21017307502220717
3 316 315 835 0.16543215837290537 0.8320019358261034 0.21017307502220717
3 835 677 316 0.16543215837290537 0.8320019358261034 0.21017307502220717
3 315 676 835 0.16543215837290537 0.8320019358261034 0.21017307502220717
3 836 677 310 0.16543215837290537 0.8320019358261034 0.21017307502220717
3 272 730 443 0.16543215837290537 0.8320019358261034 0.21017307502220717
3 443 444 272 0.16543215837290537 0.8320019358261034 0.21017307502220717
3 452 282 283 0.16543215837290537 0.8320019358261034 0.21017307502220717
3 452 288 71 0.16543215837290537 0.8320019358261034 0.21017307502220717
3 71 70 452 0.16543215837290537 0.8320019358261034 0.21017307502220717
3 70 282 452 0.16543215837290537 0.8320019358261034 0.21017307502220717
3 283 453 452 0.16543215837290537 0.8320019358261034 0.21017307502220717
3 452 453 288 0.16543215837290537 0.8320019358261034 0.21017307502220717
3 729 730 97 0.16543215837290537 0.8320019358261034 0.21017307502220717
3 730 334 97 0.16543215837290537 0.8320019358261034 0.21017307502220717
3 97 334 333 0.16543215837290537 0.8320019358261034 0.21017307502220717
3 97 333 96 0.16543215837290537 0.8320019358261034 0.21017307502220717
3 96 729 97 0.16543215837290537 0.8320019358261034 0.21017307502220717
3 546 258 545 0.16543215837290537 0.8320019358261034 0.21017307502220717
3 263 406 262 0.16543215837290537 0.8320019358261034 0.21017307502220717
3 549 550 262 0.16543215837290537 0.8320019358261034 0.21017307502220717
3 262 550 263 0.16543215837290537 0.8320019358261034 0.21017307502220717
3 405 406 143 0.16543215837290537 0.8320019358261034 0.21017307502220717
3 143 142 405 0.16543215837290537 0.8320019358261034 0.21017307502220717
3 405 142 404 0.16543215837290537 0.8320019358261034 0.21017307502220717
3 405 262 406 0.16543215837290537 0.8320019358261034 0.21017307502220717
3 330 538 539 0.16543215837290537 0.8320019358261034 0.21017307502220717
3 332 540 541 0.16543215837290537 0.8320019358261034 0.21017307502220717
3 541 601 332 0.16543215837290537 0.8320019358261034 0.21017307502220717
3 548 256 549 0.16543215837290537 0.8320019358261034 0.21017307502220717
3 598 329 330 0.16543215837290537 0.8320019358261034 0.21017307502220717
3 160 422 161 0.16543215837290537 0.8320019358261034 0.21017307502220717
3 422 423 161 0.16543215837290537 0.8320019358261034 0.21017307502220717
3 161 787 160 0.16543215837290537 0.8320019358261034 0.21017307502220717
3 161 423 162 0.16543215837290537 0.8320019358261034 0.21017307502220717
3 162 788 161 0.16543215837290537 0.8320019358261034 0.21017307502220717
3 161 788 787 0.16543215837290537 0.8320019358261034 0.21017307502220717
3 425 164 163 0.16543215837290537 0.8320019358261034 0.21017307502220717
3 425 426 164 0.16543215837290537 0.8320019358261034 0.21017307502220717
3 163 424 425 0.16543215837290537 0.8320019358261034 0.21017307502220717
3 424 157 425 0.16543215837290537 0.8320019358261034 0.21017307502220717
3 279 336 337 0.16543215837290537 0.8320019358261034 0.21017307502220717
3 337 280 279 0.16543215837290537 0.8320019358261034 0.21017307502220717
3 279 280 637 0.16543215837290537 0.8320019358261034 0.21017307502220717
3 637 636 279 0.16543215837290537 0.8320019358261034 0.21017307502220717
3 278 636 635 0.16543215837290537 0.8320019358261034 0.21017307502220717
3 335 336 278 0.16543215837290537 0.8320019358261034 0.21017307502220717
3 278 279 636 0.16543215837290537 0.8320019358261034 0.21017307502220717
3 336 279 278 0.16543215837290537 0.8320019358261034 0.21017307502220717
3 278 635 277 0.16543215837290537 0.8320019358261034 0.21017307502220717
3 277 335 278 0.16543215837290537 0.8320019358261034 0.21017307502220717
3 731 336 335 0.16543215837290537 0.8320019358261034 0.21017307502220717
3 273 732 731 0.16543215837290537 0.8320019358261034 0.21017307502220717
3 732 336 731 0.16543215837290537 0.8320019358261034 0.21017307502220717
3 731 444 273 0.16543215837290537 0.8320019358261034 0.21017307502220717
3 731 272 444 0.16543215837290537 0.8320019358261034 0.21017307502220717
3 731 335 730 0.16543215837290537 0.8320019358261034 0.21017307502220717
3 730 272 731 0.16543215837290537 0.8320019358261034 0.21017307502220717
3 794 440 793 0.16543215837290537 0.8320019358261034 0.21017307502220717
3 794 430 795 0.16543215837290537 0.8320019358261034 0.21017307502220717
3 795 441 794 0.16543215837290537 0.8320019358261034 0.21017307502220717
3 441 440 794 0.16543215837290537 0.8320019358261034 0.21017307502220717
3 794 429 430 0.16543215837290537 0.8320019358261034 0.21017307502220717
3 793 429 794 0.16543215837290537 0.8320019358261034 0.21017307502220717
3 435 434 167 0.16543215837290537 0.8320019358261034 0.21017307502220717
3 168 435 167 0.16543215837290537 0.8320019358261034 0.21017307502220717
3 167 788 168 0.16543215837290537 0.8320019358261034 0.21017307502220717
3 787 788 167 0.16543215837290537 0.8320019358261034 0.21017307502220717
3 166 787 167 0.16543215837290537 0.8320019358261034 0.21017307502220717
3 167 434 166 0.16543215837290537 0.8320019358261034 0.21017307502220717
3 568 767 567 0.16543215837290537 0.8320019358261034 0.21017307502220717
3 698 568 567 0.16543215837290537 0.8320019358261034 0.21017307502220717
3 766 566 567 0.16543215837290537 0.8320019358261034 0.21017307502220717
3 567 767 766 0.16543215837290537 0.8320019358261034 0.21017307502220717
3 830 815 846 0.16543215837290537 0.8320019358261034 0.21017307502220717
3 830 755 815 0.16543215837290537 0.8320019358261034 0.21017307502220717
3 846 770 830 0.16543215837290537 0.8320019358261034 0.21017307502220717
3 672 753 754 0.16543215837290537 0.8320019358261034 0.21017307502220717
3 754 755 672 0.16543215837290537 0.8320019358261034 0.21017307502220717
3 754 753 659 0.16543215837290537 0.8320019358261034 0.21017307502220717
3 659 755 754 0.16543215837290537 0.8320019358261034 0.21017307502220717
3 825 824 500 0.16543215837290537 0.8320019358261034 0.21017307502220717
3 696 361 695 0.16543215837290537 0.8320019358261034 0.21017307502220717
3 566 361 696 0.16543215837290537 0.8320019358261034 0.21017307502220717
3 477 653 478 0.16543215837290537 0.8320019358261034 0.21017307502220717
3 653 654 478 0.16543215837290537 0.8320019358261034 0.21017307502220717
3 747 477 478 0.16543215837290537 0.8320019358261034 0.21017307502220717
3 478 748 747 0.16543215837290537 0.8320019358261034 0.21017307502220717
3 475 189 476 0.16543215837290537 0.8320019358261034 0.21017307502220717
3 477 194 476 0.16543215837290537 0.8320019358261034 0.21017307502220717
3 476 189 477 0.16543215837290537 0.8320019358261034 0.21017307502220717
3 475 476 193 0.16543215837290537 0.8320019358261034 0.21017307502220717
3 193 476 194 0.16543215837290537 0.8320019358261034 0.21017307502220717
3 742 190 743 0.16543215837290537 0.8320019358261034 0.21017307502220717
3 743 196 742 0.16543215837290537 0.8320019358261034 0.21017307502220717
3 744 197 743 0.16543215837290537 0.8320019358261034 0.21017307502220717
3 743 197 196 0.16543215837290537 0.8320019358261034 0.21017307502220717
3 656 471 657 0.16543215837290537 0.8320019358261034 0.21017307502220717
3 656 655 471 0.16543215837290537 0.8320019358261034 0.21017307502220717
3 752 491 751 0.16543215837290537 0.8320019358261034 0.21017307502220717
3 491 750 751 0.16543215837290537 0.8320019358261034 0.21017307502220717
3 749 748 479 0.16543215837290537 0.8320019358261034 0.21017307502220717
3 748 478 479 0.16543215837290537 0.8320019358261034 0.21017307502220717
3 654 655 479 0.16543215837290537 0.8320019358261034 0.21017307502220717
3 479 478 654 0.16543215837290537 0.8320019358261034 0.21017307502220717
3 488 748 489 0.16543215837290537 0.8320019358261034 0.21017307502220717
3 747 748 488 0.16543215837290537 0.8320019358261034 0.21017307502220717
3 488 487 747 0.16543215837290537 0.8320019358261034 0.21017307502220717
3 200 82 482 0.16543215837290537 0.8320019358261034 0.21017307502220717
3 493 296 295 0.16543215837290537 0.8320019358261034 0.21017307502220717
3 493 205 206 0.16543215837290537 0.8320019358261034 0.21017307502220717
3 295 492 493 0.16543215837290537 0.8320019358261034 0.21017307502220717
3 492 205 493 0.16543215837290537 0.8320019358261034 0.21017307502220717
3 207 661 662 0.16543215837290537 0.8320019358261034 0.21017307502220717
3 206 661 207 0.16543215837290537 0.8320019358261034 0.21017307502220717
3 298 495 496 0.16543215837290537 0.8320019358261034 0.21017307502220717
3 496 299 298 0.16543215837290537 0.8320019358261034 0.21017307502220717
3 819 296 297 0.16543215837290537 0.8320019358261034 0.21017307502220717
3 297 820 819 0.16543215837290537 0.8320019358261034 0.21017307502220717
3 298 820 297 0.16543215837290537 0.8320019358261034 0.21017307502220717
3 297 495 298 0.16543215837290537 0.8320019358261034 0.21017307502220717
3 678 317 836 0.16543215837290537 0.8320019358261034 0.21017307502220717
3 836 310 678 0.16543215837290537 0.8320019358261034 0.21017307502220717
3 678 837 317 0.16543215837290537 0.8320019358261034 0.21017307502220717
3 311 837 678 0.16543215837290537 0.8320019358261034 0.21017307502220717
3 506 311 678 0.16543215837290537 0.8320019358261034 0.21017307502220717
3 678 310 506 0.16543215837290537 0.8320019358261034 0.21017307502220717
3 838 318 679 0.16543215837290537 0.8320019358261034 0.21017307502220717
3 679 680 838 0.16543215837290537 0.8320019358261034 0.21017307502220717
3 518 318 838 0.16543215837290537 0.8320019358261034 0.21017307502220717
3 838 519 518 0.16543215837290537 0.8320019358261034 0.21017307502220717
3 838 680 519 0.16543215837290537 0.8320019358261034 0.21017307502220717
3 822 823 509 0.16543215837290537 0.8320019358261034 0.21017307502220717
3 509 823 510 0.16543215837290537 0.8320019358261034 0.21017307502220717
3 679 507 508 0.16543215837290537 0.8320019358261034 0.21017307502220717
3 508 680 679 0.16543215837290537 0.8320019358261034 0.21017307502220717
3 507 305 508 0.16543215837290537 0.8320019358261034 0.21017307502220717
3 508 509 680 0.16543215837290537 0.8320019358261034 0.21017307502220717
3 822 509 508 0.16543215837290537 0.8320019358261034 0.21017307502220717
3 349 350 693 0.16543215837290537 0.8320019358261034 0.21017307502220717
3 693 692 349 0.16543215837290537 0.8320019358261034 0.21017307502220717
3 693 350 694 0.16543215837290537 0.8320019358261034 0.21017307502220717
3 694 359 693 0.16543215837290537 0.8320019358261034 0.21017307502220717
3 693 359 358 0.16543215837290537 0.8320019358261034 0.21017307502220717
3 358 692 693 0.16543215837290537 0.8320019358261034 0.21017307502220717
3 691 227 226 0.16543215837290537 0.8320019358261034 0.21017307502220717
3 227 356 226 0.16543215837290537 0.8320019358261034 0.21017307502220717
3 226 690 691 0.16543215837290537 0.8320019358261034 0.21017307502220717
3 226 225 690 0.16543215837290537 0.8320019358261034 0.21017307502220717
3 355 225 226 0.16543215837290537 0.8320019358261034 0.21017307502220717
3 226 356 355 0.16543215837290537 0.8320019358261034 0.21017307502220717
3 682 840 510 0.16543215837290537 0.8320019358261034 0.21017307502220717
3 521 840 682 0.16543215837290537 0.8320019358261034 0.21017307502220717
3 739 644 738 0.16543215837290537 0.8320019358261034 0.21017307502220717
3 738 644 643 0.16543215837290537 0.8320019358261034 0.21017307502220717
3 738 631 739 0.16543215837290537 0.8320019358261034 0.21017307502220717
3 738 643 737 0.16543215837290537 0.8320019358261034 0.21017307502220717
3 737 451 738 0.16543215837290537 0.8320019358261034 0.21017307502220717
3 738 451 630 0.16543215837290537 0.8320019358261034 0.21017307502220717
3 630 631 738 0.16543215837290537 0.8320019358261034 0.21017307502220717
3 185 648 186 0.16543215837290537 0.8320019358261034 0.21017307502220717
3 187 473 186 0.16543215837290537 0.8320019358261034 0.21017307502220717
3 472 185 186 0.16543215837290537 0.8320019358261034 0.21017307502220717
3 186 473 472 0.16543215837290537 0.8320019358261034 0.21017307502220717
3 650 187 649 0.16543215837290537 0.8320019358261034 0.21017307502220717
3 187 186 649 0.16543215837290537 0.8320019358261034 0.21017307502220717
3 649 186 648 0.16543215837290537 0.8320019358261034 0.21017307502220717
3 309 310 677 0.16543215837290537 0.8320019358261034 0.21017307502220717
3 309 308 504 0.16543215837290537 0.8320019358261034 0.21017307502220717
3 309 676 308 0.16543215837290537 0.8320019358261034 0.21017307502220717
3 677 835 309 0.16543215837290537 0.8320019358261034 0.21017307502220717
3 309 835 676 0.16543215837290537 0.8320019358261034 0.21017307502220717
3 313 312 832 0.16543215837290537 0.8320019358261034 0.21017307502220717
3 832 674 313 0.16543215837290537 0.8320019358261034 0.21017307502220717
3 312 673 832 0.16543215837290537 0.8320019358261034 0.21017307502220717
3 673 306 832 0.16543215837290537 0.8320019358261034 0.21017307502220717
3 306 674 832 0.16543215837290537 0.8320019358261034 0.21017307502220717
3 594 711 712 0.16543215837290537 0.8320019358261034 0.21017307502220717
3 594 712 784 0.16543215837290537 0.8320019358261034 0.21017307502220717
3 784 783 594 0.16543215837290537 0.8320019358261034 0.21017307502220717
3 389 576 390 0.16543215837290537 0.8320019358261034 0.21017307502220717
3 389 390 708 0.16543215837290537 0.8320019358261034 0.21017307502220717
3 389 388 575 0.16543215837290537 0.8320019358261034 0.21017307502220717
3 575 576 389 0.16543215837290537 0.8320019358261034 0.21017307502220717
3 708 707 389 0.16543215837290537 0.8320019358261034 0.21017307502220717
3 389 707 388 0.16543215837290537 0.8320019358261034 0.21017307502220717
3 390 576 577 0.16543215837290537 0.8320019358261034 0.21017307502220717
3 577 578 391 0.16543215837290537 0.8320019358261034 0.21017307502220717
3 391 390 577 0.16543215837290537 0.8320019358261034 0.21017307502220717
3 380 578 577 0.16543215837290537 0.8320019358261034 0.21017307502220717
3 379 380 577 0.16543215837290537 0.8320019358261034 0.21017307502220717
3 577 576 379 0.16543215837290537 0.8320019358261034 0.21017307502220717
3 219 689 688 0.16543215837290537 0.8320019358261034 0.21017307502220717
3 688 218 219 0.16543215837290537 0.8320019358261034 0.21017307502220717
3 219 218 345 0.16543215837290537 0.8320019358261034 0.21017307502220717
3 345 346 219 0.16543215837290537 0.8320019358261034 0.21017307502220717
3 219 346 220 0.16543215837290537 0.8320019358261034 0.21017307502220717
3 220 689 219 0.16543215837290537 0.8320019358261034 0.21017307502220717
3 234 235 583 0.16543215837290537 0.8320019358261034 0.21017307502220717
3 235 242 583 0.16543215837290537 0.8320019358261034 0.21017307502220717
3 583 241 234 0.16543215837290537 0.8320019358261034 0.21017307502220717
3 583 242 241 0.16543215837290537 0.8320019358261034 0.21017307502220717
3 244 237 586 0.16543215837290537 0.8320019358261034 0.21017307502220717
3 238 245 586 0.16543215837290537 0.8320019358261034 0.21017307502220717
3 245 244 586 0.16543215837290537 0.8320019358261034 0.21017307502220717
3 586 395 238 0.16543215837290537 0.8320019358261034 0.21017307502220717
3 586 237 395 0.16543215837290537 0.8320019358261034 0.21017307502220717
3 394 237 585 0.16543215837290537 0.8320019358261034 0.21017307502220717
3 585 237 244 0.16543215837290537 0.8320019358261034 0.21017307502220717
3 20 19 130 0.16543215837290537 0.8320019358261034 0.21017307502220717
3 130 382 20 0.16543215837290537 0.8320019358261034 0.21017307502220717
3 383 382 130 0.16543215837290537 0.8320019358261034 0.21017307502220717
3 21 382 135 0.16543215837290537 0.8320019358261034 0.21017307502220717
3 135 701 700 0.16543215837290537 0.8320019358261034 0.21017307502220717
3 135 700 22 0.16543215837290537 0.8320019358261034 0.21017307502220717
3 22 21 135 0.16543215837290537 0.8320019358261034 0.21017307502220717
3 136 382 383 0.16543215837290537 0.8320019358261034 0.21017307502220717
3 136 702 701 0.16543215837290537 0.8320019358261034 0.21017307502220717
3 701 135 136 0.16543215837290537 0.8320019358261034 0.21017307502220717
3 136 135 382 0.16543215837290537 0.8320019358261034 0.21017307502220717
3 383 384 137 0.16543215837290537 0.8320019358261034 0.21017307502220717
3 137 136 383 0.16543215837290537 0.8320019358261034 0.21017307502220717
3 702 136 137 0.16543215837290537 0.8320019358261034 0.21017307502220717
3 703 702 137 0.16543215837290537 0.8320019358261034 0.21017307502220717
3 138 703 137 0.16543215837290537 0.8320019358261034 0.21017307502220717
3 137 384 138 0.16543215837290537 0.8320019358261034 0.21017307502220717
3 385 384 132 0.16543215837290537 0.8320019358261034 0.21017307502220717
3 132 133 385 0.16543215837290537 0.8320019358261034 0.21017307502220717
3 572 128 573 0.16543215837290537 0.8320019358261034 0.21017307502220717
3 128 129 573 0.16543215837290537 0.8320019358261034 0.21017307502220717
3 573 134 572 0.16543215837290537 0.8320019358261034 0.21017307502220717
3 573 129 574 0.16543215837290537 0.8320019358261034 0.21017307502220717
3 387 705 386 0.16543215837290537 0.8320019358261034 0.21017307502220717
3 386 134 387 0.16543215837290537 0.8320019358261034 0.21017307502220717
3 574 388 387 0.16543215837290537 0.8320019358261034 0.21017307502220717
3 134 573 387 0.16543215837290537 0.8320019358261034 0.21017307502220717
3 387 573 574 0.16543215837290537 0.8320019358261034 0.21017307502220717
3 706 707 399 0.16543215837290537 0.8320019358261034 0.21017307502220717
3 399 398 706 0.16543215837290537 0.8320019358261034 0.21017307502220717
3 398 705 706 0.16543215837290537 0.8320019358261034 0.21017307502220717
3 705 387 706 0.16543215837290537 0.8320019358261034 0.21017307502220717
3 388 707 706 0.16543215837290537 0.8320019358261034 0.21017307502220717
3 706 387 388 0.16543215837290537 0.8320019358261034 0.21017307502220717
3 373 120 121 0.16543215837290537 0.8320019358261034 0.21017307502220717
3 121 374 373 0.16543215837290537 0.8320019358261034 0.21017307502220717
3 374 127 373 0.16543215837290537 0.8320019358261034 0.21017307502220717
3 127 126 373 0.16543215837290537 0.8320019358261034 0.21017307502220717
3 14 756 15 0.16543215837290537 0.8320019358261034 0.21017307502220717
3 15 120 16 0.16543215837290537 0.8320019358261034 0.21017307502220717
3 15 756 120 0.16543215837290537 0.8320019358261034 0.21017307502220717
3 344 218 217 0.16543215837290537 0.8320019358261034 0.21017307502220717
3 343 212 344 0.16543215837290537 0.8320019358261034 0.21017307502220717
3 344 217 343 0.16543215837290537 0.8320019358261034 0.21017307502220717
3 344 212 213 0.16543215837290537 0.8320019358261034 0.21017307502220717
3 213 345 344 0.16543215837290537 0.8320019358261034 0.21017307502220717
3 345 218 344 0.16543215837290537 0.8320019358261034 0.21017307502220717
3 258 546 259 0.16543215837290537 0.8320019358261034 0.21017307502220717
3 402 258 259 0.16543215837290537 0.8320019358261034 0.21017307502220717
3 259 403 402 0.16543215837290537 0.8320019358261034 0.21017307502220717
3 259 546 547 0.16543215837290537 0.8320019358261034 0.21017307502220717
3 545 252 253 0.16543215837290537 0.8320019358261034 0.21017307502220717
3 253 546 545 0.16543215837290537 0.8320019358261034 0.21017307502220717
3 253 252 596 0.16543215837290537 0.8320019358261034 0.21017307502220717
3 540 539 325 0.16543215837290537 0.8320019358261034 0.21017307502220717
3 777 778 325 0.16543215837290537 0.8320019358261034 0.21017307502220717
3 778 540 325 0.16543215837290537 0.8320019358261034 0.21017307502220717
3 324 539 538 0.16543215837290537 0.8320019358261034 0.21017307502220717
3 324 323 776 0.16543215837290537 0.8320019358261034 0.21017307502220717
3 324 538 323 0.16543215837290537 0.8320019358261034 0.21017307502220717
3 324 776 777 0.16543215837290537 0.8320019358261034 0.21017307502220717
3 777 325 324 0.16543215837290537 0.8320019358261034 0.21017307502220717
3 324 325 539 0.16543215837290537 0.8320019358261034 0.21017307502220717
3 600 601 257 0.16543215837290537 0.8320019358261034 0.21017307502220717
3 600 332 601 0.16543215837290537 0.8320019358261034 0.21017307502220717
3 257 256 600 0.16543215837290537 0.8320019358261034 0.21017307502220717
3 261 405 404 0.16543215837290537 0.8320019358261034 0.21017307502220717
3 262 405 261 0.16543215837290537 0.8320019358261034 0.21017307502220717
3 549 262 261 0.16543215837290537 0.8320019358261034 0.21017307502220717
3 261 548 549 0.16543215837290537 0.8320019358261034 0.21017307502220717
3 255 548 547 0.16543215837290537 0.8320019358261034 0.21017307502220717
3 256 548 255 0.16543215837290537 0.8320019358261034 0.21017307502220717
3 158 425 157 0.16543215837290537 0.8320019358261034 0.21017307502220717
3 158 610 611 0.16543215837290537 0.8320019358261034 0.21017307502220717
3 158 157 610 0.16543215837290537 0.8320019358261034 0.21017307502220717
3 158 611 159 0.16543215837290537 0.8320019358261034 0.21017307502220717
3 159 426 158 0.16543215837290537 0.8320019358261034 0.21017307502220717
3 426 425 158 0.16543215837290537 0.8320019358261034 0.21017307502220717
3 672 755 829 0.16543215837290537 0.8320019358261034 0.21017307502220717
3 755 830 829 0.16543215837290537 0.8320019358261034 0.21017307502220717
3 829 828 672 0.16543215837290537 0.8320019358261034 0.21017307502220717
3 844 828 829 0.16543215837290537 0.8320019358261034 0.21017307502220717
3 699 770 769 0.16543215837290537 0.8320019358261034 0.21017307502220717
3 769 568 699 0.16543215837290537 0.8320019358261034 0.21017307502220717
3 699 568 698 0.16543215837290537 0.8320019358261034 0.21017307502220717
3 698 844 699 0.16543215837290537 0.8320019358261034 0.21017307502220717
3 501 825 500 0.16543215837290537 0.8320019358261034 0.21017307502220717
3 500 668 501 0.16543215837290537 0.8320019358261034 0.21017307502220717
3 501 668 669 0.16543215837290537 0.8320019358261034 0.21017307502220717
3 669 670 501 0.16543215837290537 0.8320019358261034 0.21017307502220717
3 698 567 697 0.16543215837290537 0.8320019358261034 0.21017307502220717
3 697 567 566 0.16543215837290537 0.8320019358261034 0.21017307502220717
3 566 696 697 0.16543215837290537 0.8320019358261034 0.21017307502220717
3 842 697 696 0.16543215837290537 0.8320019358261034 0.21017307502220717
3 475 193 192 0.16543215837290537 0.8320019358261034 0.21017307502220717
3 742 196 195 0.16543215837290537 0.8320019358261034 0.21017307502220717
3 195 80 742 0.16543215837290537 0.8320019358261034 0.21017307502220717
3 81 80 195 0.16543215837290537 0.8320019358261034 0.21017307502220717
3 195 482 81 0.16543215837290537 0.8320019358261034 0.21017307502220717
3 482 195 483 0.16543215837290537 0.8320019358261034 0.21017307502220717
3 483 195 196 0.16543215837290537 0.8320019358261034 0.21017307502220717
3 747 487 199 0.16543215837290537 0.8320019358261034 0.21017307502220717
3 672 828 671 0.16543215837290537 0.8320019358261034 0.21017307502220717
3 671 753 672 0.16543215837290537 0.8320019358261034 0.21017307502220717
3 752 753 671 0.16543215837290537 0.8320019358261034 0.21017307502220717
3 671 670 752 0.16543215837290537 0.8320019358261034 0.21017307502220717
3 826 501 670 0.16543215837290537 0.8320019358261034 0.21017307502220717
3 825 501 826 0.16543215837290537 0.8320019358261034 0.21017307502220717
3 480 750 749 0.16543215837290537 0.8320019358261034 0.21017307502220717
3 749 479 480 0.16543215837290537 0.8320019358261034 0.21017307502220717
3 655 656 480 0.16543215837290537 0.8320019358261034 0.21017307502220717
3 480 479 655 0.16543215837290537 0.8320019358261034 0.21017307502220717
3 666 498 665 0.16543215837290537 0.8320019358261034 0.21017307502220717
3 499 498 666 0.16543215837290537 0.8320019358261034 0.21017307502220717
3 665 487 666 0.16543215837290537 0.8320019358261034 0.21017307502220717
3 487 488 666 0.16543215837290537 0.8320019358261034 0.21017307502220717
3 298 299 821 0.16543215837290537 0.8320019358261034 0.21017307502220717
3 821 820 298 0.16543215837290537 0.8320019358261034 0.21017307502220717
3 821 305 820 0.16543215837290537 0.8320019358261034 0.21017307502220717
3 821 299 822 0.16543215837290537 0.8320019358261034 0.21017307502220717
3 822 508 821 0.16543215837290537 0.8320019358261034 0.21017307502220717
3 821 508 305 0.16543215837290537 0.8320019358261034 0.21017307502220717
3 665 498 497 0.16543215837290537 0.8320019358261034 0.21017307502220717
3 497 209 665 0.16543215837290537 0.8320019358261034 0.21017307502220717
3 497 498 822 0.16543215837290537 0.8320019358261034 0.21017307502220717
3 822 299 497 0.16543215837290537 0.8320019358261034 0.21017307502220717
3 497 496 209 0.16543215837290537 0.8320019358261034 0.21017307502220717
3 299 496 497 0.16543215837290537 0.8320019358261034 0.21017307502220717
3 82 200 83 0.16543215837290537 0.8320019358261034 0.21017307502220717
3 660 200 661 0.16543215837290537 0.8320019358261034 0.21017307502220717
3 660 205 84 0.16543215837290537 0.8320019358261034 0.21017307502220717
3 84 83 660 0.16543215837290537 0.8320019358261034 0.21017307502220717
3 660 83 200 0.16543215837290537 0.8320019358261034 0.21017307502220717
3 206 205 660 0.16543215837290537 0.8320019358261034 0.21017307502220717
3 660 661 206 0.16543215837290537 0.8320019358261034 0.21017307502220717
3 206 207 494 0.16543215837290537 0.8320019358261034 0.21017307502220717
3 494 493 206 0.16543215837290537 0.8320019358261034 0.21017307502220717
3 296 493 494 0.16543215837290537 0.8320019358261034 0.21017307502220717
3 494 297 296 0.16543215837290537 0.8320019358261034 0.21017307502220717
3 494 207 495 0.16543215837290537 0.8320019358261034 0.21017307502220717
3 495 297 494 0.16543215837290537 0.8320019358261034 0.21017307502220717
3 209 496 208 0.16543215837290537 0.8320019358261034 0.21017307502220717
3 208 496 495 0.16543215837290537 0.8320019358261034 0.21017307502220717
3 208 663 209 0.16543215837290537 0.8320019358261034 0.21017307502220717
3 495 207 208 0.16543215837290537 0.8320019358261034 0.21017307502220717
3 208 207 662 0.16543215837290537 0.8320019358261034 0.21017307502220717
3 662 663 208 0.16543215837290537 0.8320019358261034 0.21017307502220717
3 681 509 510 0.16543215837290537 0.8320019358261034 0.21017307502220717
3 680 509 681 0.16543215837290537 0.8320019358261034 0.21017307502220717
3 510 840 681 0.16543215837290537 0.8320019358261034 0.21017307502220717
3 681 840 520 0.16543215837290537 0.8320019358261034 0.21017307502220717
3 824 825 511 0.16543215837290537 0.8320019358261034 0.21017307502220717
3 510 824 511 0.16543215837290537 0.8320019358261034 0.21017307502220717
3 511 682 510 0.16543215837290537 0.8320019358261034 0.21017307502220717
3 464 465 182 0.16543215837290537 0.8320019358261034 0.21017307502220717
3 181 464 182 0.16543215837290537 0.8320019358261034 0.21017307502220717
3 182 648 181 0.16543215837290537 0.8320019358261034 0.21017307502220717
3 182 649 648 0.16543215837290537 0.8320019358261034 0.21017307502220717
3 310 309 505 0.16543215837290537 0.8320019358261034 0.21017307502220717
3 505 303 506 0.16543215837290537 0.8320019358261034 0.21017307502220717
3 506 310 505 0.16543215837290537 0.8320019358261034 0.21017307502220717
3 505 302 303 0.16543215837290537 0.8320019358261034 0.21017307502220717
3 505 504 302 0.16543215837290537 0.8320019358261034 0.21017307502220717
3 505 309 504 0.16543215837290537 0.8320019358261034 0.21017307502220717
3 782 594 783 0.16543215837290537 0.8320019358261034 0.21017307502220717
3 544 781 782 0.16543215837290537 0.8320019358261034 0.21017307502220717
3 782 783 606 0.16543215837290537 0.8320019358261034 0.21017307502220717
3 782 781 533 0.16543215837290537 0.8320019358261034 0.21017307502220717
3 606 605 782 0.16543215837290537 0.8320019358261034 0.21017307502220717
3 782 605 544 0.16543215837290537 0.8320019358261034 0.21017307502220717
3 710 711 593 0.16543215837290537 0.8320019358261034 0.21017307502220717
3 711 594 593 0.16543215837290537 0.8320019358261034 0.21017307502220717
3 592 710 593 0.16543215837290537 0.8320019358261034 0.21017307502220717
3 594 782 593 0.16543215837290537 0.8320019358261034 0.21017307502220717
3 533 592 593 0.16543215837290537 0.8320019358261034 0.21017307502220717
3 593 782 533 0.16543215837290537 0.8320019358261034 0.21017307502220717
3 394 585 236 0.16543215837290537 0.8320019358261034 0.21017307502220717
3 393 394 236 0.16543215837290537 0.8320019358261034 0.21017307502220717
3 584 235 236 0.16543215837290537 0.8320019358261034 0.21017307502220717
3 236 235 393 0.16543215837290537 0.8320019358261034 0.21017307502220717
3 243 244 526 0.16543215837290537 0.8320019358261034 0.21017307502220717
3 243 585 244 0.16543215837290537 0.8320019358261034 0.21017307502220717
3 243 526 100 0.16543215837290537 0.8320019358261034 0.21017307502220717
3 584 236 243 0.16543215837290537 0.8320019358261034 0.21017307502220717
3 243 236 585 0.16543215837290537 0.8320019358261034 0.21017307502220717
3 243 242 584 0.16543215837290537 0.8320019358261034 0.21017307502220717
3 100 242 243 0.16543215837290537 0.8320019358261034 0.21017307502220717
3 372 373 126 0.16543215837290537 0.8320019358261034 0.21017307502220717
3 120 373 372 0.16543215837290537 0.8320019358261034 0.21017307502220717
3 16 120 372 0.16543215837290537 0.8320019358261034 0.21017307502220717
3 372 17 16 0.16543215837290537 0.8320019358261034 0.21017307502220717
3 260 259 547 0.16543215837290537 0.8320019358261034 0.21017307502220717
3 260 261 404 0.16543215837290537 0.8320019358261034 0.21017307502220717
3 404 403 260 0.16543215837290537 0.8320019358261034 0.21017307502220717
3 403 259 260 0.16543215837290537 0.8320019358261034 0.21017307502220717
3 547 548 260 0.16543215837290537 0.8320019358261034 0.21017307502220717
3 548 261 260 0.16543215837290537 0.8320019358261034 0.21017307502220717
3 547 546 254 0.16543215837290537 0.8320019358261034 0.21017307502220717
3 546 253 254 0.16543215837290537 0.8320019358261034 0.21017307502220717
3 254 255 547 0.16543215837290537 0.8320019358261034 0.21017307502220717
3 598 255 254 0.16543215837290537 0.8320019358261034 0.21017307502220717
3 599 600 256 0.16543215837290537 0.8320019358261034 0.21017307502220717
3 256 255 599 0.16543215837290537 0.8320019358261034 0.21017307502220717
3 599 598 330 0.16543215837290537 0.8320019358261034 0.21017307502220717
3 599 255 598 0.16543215837290537 0.8320019358261034 0.21017307502220717
3 845 830 770 0.16543215837290537 0.8320019358261034 0.21017307502220717
3 770 699 845 0.16543215837290537 0.8320019358261034 0.21017307502220717
3 845 829 830 0.16543215837290537 0.8320019358261034 0.21017307502220717
3 844 829 845 0.16543215837290537 0.8320019358261034 0.21017307502220717
3 845 699 844 0.16543215837290537 0.8320019358261034 0.21017307502220717
3 843 842 684 0.16543215837290537 0.8320019358261034 0.21017307502220717
3 697 842 843 0.16543215837290537 0.8320019358261034 0.21017307502220717
3 843 844 698 0.16543215837290537 0.8320019358261034 0.21017307502220717
3 698 697 843 0.16543215837290537 0.8320019358261034 0.21017307502220717
3 744 743 191 0.16543215837290537 0.8320019358261034 0.21017307502220717
3 191 192 744 0.16543215837290537 0.8320019358261034 0.21017307502220717
3 191 743 190 0.16543215837290537 0.8320019358261034 0.21017307502220717
3 191 190 473 0.16543215837290537 0.8320019358261034 0.21017307502220717
3 474 473 187 0.16543215837290537 0.8320019358261034 0.21017307502220717
3 475 192 474 0.16543215837290537 0.8320019358261034 0.21017307502220717
3 474 191 473 0.16543215837290537 0.8320019358261034 0.21017307502220717
3 192 191 474 0.16543215837290537 0.8320019358261034 0.21017307502220717
3 187 188 474 0.16543215837290537 0.8320019358261034 0.21017307502220717
3 474 188 475 0.16543215837290537 0.8320019358261034 0.21017307502220717
3 201 200 482 0.16543215837290537 0.8320019358261034 0.21017307502220717
3 482 483 201 0.16543215837290537 0.8320019358261034 0.21017307502220717
3 661 200 201 0.16543215837290537 0.8320019358261034 0.21017307502220717
3 662 661 201 0.16543215837290537 0.8320019358261034 0.21017307502220717
3 196 197 484 0.16543215837290537 0.8320019358261034 0.21017307502220717
3 484 483 196 0.16543215837290537 0.8320019358261034 0.21017307502220717
3 198 197 744 0.16543215837290537 0.8320019358261034 0.21017307502220717
3 746 194 747 0.16543215837290537 0.8320019358261034 0.21017307502220717
3 747 199 746 0.16543215837290537 0.8320019358261034 0.21017307502220717
3 746 193 194 0.16543215837290537 0.8320019358261034 0.21017307502220717
3 665 209 664 0.16543215837290537 0.8320019358261034 0.21017307502220717
3 209 663 664 0.16543215837290537 0.8320019358261034 0.21017307502220717
3 481 480 656 0.16543215837290537 0.8320019358261034 0.21017307502220717
3 481 656 657 0.16543215837290537 0.8320019358261034 0.21017307502220717
3 481 751 750 0.16543215837290537 0.8320019358261034 0.21017307502220717
3 750 480 481 0.16543215837290537 0.8320019358261034 0.21017307502220717
3 481 657 752 0.16543215837290537 0.8320019358261034 0.21017307502220717
3 752 751 481 0.16543215837290537 0.8320019358261034 0.21017307502220717
3 499 666 667 0.16543215837290537 0.8320019358261034 0.21017307502220717
3 667 668 500 0.16543215837290537 0.8320019358261034 0.21017307502220717
3 500 499 667 0.16543215837290537 0.8320019358261034 0.21017307502220717
3 489 668 667 0.16543215837290537 0.8320019358261034 0.21017307502220717
3 667 488 489 0.16543215837290537 0.8320019358261034 0.21017307502220717
3 667 666 488 0.16543215837290537 0.8320019358261034 0.21017307502220717
3 519 680 839 0.16543215837290537 0.8320019358261034 0.21017307502220717
3 680 681 839 0.16543215837290537 0.8320019358261034 0.21017307502220717
3 520 519 839 0.16543215837290537 0.8320019358261034 0.21017307502220717
3 839 681 520 0.16543215837290537 0.8320019358261034 0.21017307502220717
3 521 682 841 0.16543215837290537 0.8320019358261034 0.21017307502220717
3 682 511 841 0.16543215837290537 0.8320019358261034 0.21017307502220717
3 183 182 465 0.16543215837290537 0.8320019358261034 0.21017307502220717
3 183 184 650 0.16543215837290537 0.8320019358261034 0.21017307502220717
3 650 649 183 0.16543215837290537 0.8320019358261034 0.21017307502220717
3 649 182 183 0.16543215837290537 0.8320019358261034 0.21017307502220717
3 466 184 183 0.16543215837290537 0.8320019358261034 0.21017307502220717
3 183 465 466 0.16543215837290537 0.8320019358261034 0.21017307502220717
3 569 130 19 0.16543215837290537 0.8320019358261034 0.21017307502220717
3 569 19 18 0.16543215837290537 0.8320019358261034 0.21017307502220717
3 132 570 571 0.16543215837290537 0.8320019358261034 0.21017307502220717
3 571 127 572 0.16543215837290537 0.8320019358261034 0.21017307502220717
3 571 126 127 0.16543215837290537 0.8320019358261034 0.21017307502220717
3 571 570 126 0.16543215837290537 0.8320019358261034 0.21017307502220717
3 572 133 571 0.16543215837290537 0.8320019358261034 0.21017307502220717
3 133 132 571 0.16543215837290537 0.8320019358261034 0.21017307502220717
3 383 130 131 0.16543215837290537 0.8320019358261034 0.21017307502220717
3 131 384 383 0.16543215837290537 0.8320019358261034 0.21017307502220717
3 130 569 131 0.16543215837290537 0.8320019358261034 0.21017307502220717
3 131 569 570 0.16543215837290537 0.8320019358261034 0.21017307502220717
3 131 132 384 0.16543215837290537 0.8320019358261034 0.21017307502220717
3 131 570 132 0.16543215837290537 0.8320019358261034 0.21017307502220717
3 597 254 253 0.16543215837290537 0.8320019358261034 0.21017307502220717
3 597 596 328 0.16543215837290537 0.8320019358261034 0.21017307502220717
3 597 253 596 0.16543215837290537 0.8320019358261034 0.21017307502220717
3 328 329 597 0.16543215837290537 0.8320019358261034 0.21017307502220717
3 329 598 597 0.16543215837290537 0.8320019358261034 0.21017307502220717
3 598 254 597 0.16543215837290537 0.8320019358261034 0.21017307502220717
3 600 599 331 0.16543215837290537 0.8320019358261034 0.21017307502220717
3 331 539 540 0.16543215837290537 0.8320019358261034 0.21017307502220717
3 330 539 331 0.16543215837290537 0.8320019358261034 0.21017307502220717
3 331 599 330 0.16543215837290537 0.8320019358261034 0.21017307502220717
3 540 332 331 0.16543215837290537 0.8320019358261034 0.21017307502220717
3 332 600 331 0.16543215837290537 0.8320019358261034 0.21017307502220717
3 685 843 684 0.16543215837290537 0.8320019358261034 0.21017307502220717
3 685 828 844 0.16543215837290537 0.8320019358261034 0.21017307502220717
3 844 843 685 0.16543215837290537 0.8320019358261034 0.21017307502220717
3 202 201 483 0.16543215837290537 0.8320019358261034 0.21017307502220717
3 483 484 202 0.16543215837290537 0.8320019358261034 0.21017307502220717
3 662 201 202 0.16543215837290537 0.8320019358261034 0.21017307502220717
3 202 663 662 0.16543215837290537 0.8320019358261034 0.21017307502220717
3 745 198 744 0.16543215837290537 0.8320019358261034 0.21017307502220717
3 744 192 745 0.16543215837290537 0.8320019358261034 0.21017307502220717
3 745 192 193 0.16543215837290537 0.8320019358261034 0.21017307502220717
3 193 746 745 0.16543215837290537 0.8320019358261034 0.21017307502220717
3 199 198 745 0.16543215837290537 0.8320019358261034 0.21017307502220717
3 745 746 199 0.16543215837290537 0.8320019358261034 0.21017307502220717
3 485 484 197 0.16543215837290537 0.8320019358261034 0.21017307502220717
3 197 198 485 0.16543215837290537 0.8320019358261034 0.21017307502220717
3 522 351 521 0.16543215837290537 0.8320019358261034 0.21017307502220717
3 521 841 522 0.16543215837290537 0.8320019358261034 0.21017307502220717
3 522 842 696 0.16543215837290537 0.8320019358261034 0.21017307502220717
3 695 351 522 0.16543215837290537 0.8320019358261034 0.21017307502220717
3 522 696 695 0.16543215837290537 0.8320019358261034 0.21017307502220717
3 683 511 825 0.16543215837290537 0.8320019358261034 0.21017307502220717
3 683 841 511 0.16543215837290537 0.8320019358261034 0.21017307502220717
3 825 826 683 0.16543215837290537 0.8320019358261034 0.21017307502220717
3 683 826 684 0.16543215837290537 0.8320019358261034 0.21017307502220717
3 684 842 683 0.16543215837290537 0.8320019358261034 0.21017307502220717
3 842 522 683 0.16543215837290537 0.8320019358261034 0.21017307502220717
3 683 522 841 0.16543215837290537 0.8320019358261034 0.21017307502220717
3 125 372 126 0.16543215837290537 0.8320019358261034 0.21017307502220717
3 126 570 125 0.16543215837290537 0.8320019358261034 0.21017307502220717
3 570 569 125 0.16543215837290537 0.8320019358261034 0.21017307502220717
3 125 569 18 0.16543215837290537 0.8320019358261034 0.21017307502220717
3 18 17 125 0.16543215837290537 0.8320019358261034 0.21017307502220717
3 17 372 125 0.16543215837290537 0.8320019358261034 0.21017307502220717
3 828 685 827 0.16543215837290537 0.8320019358261034 0.21017307502220717
3 827 671 828 0.16543215837290537 0.8320019358261034 0.21017307502220717
3 684 826 827 0.16543215837290537 0.8320019358261034 0.21017307502220717
3 827 685 684 0.16543215837290537 0.8320019358261034 0.21017307502220717
3 670 671 827 0.16543215837290537 0.8320019358261034 0.21017307502220717
3 827 826 670 0.16543215837290537 0.8320019358261034 0.21017307502220717
3 486 198 199 0.16543215837290537 0.8320019358261034 0.21017307502220717
3 486 485 198 0.16543215837290537 0.8320019358261034 0.21017307502220717
3 486 199 487 0.16543215837290537 0.8320019358261034 0.21017307502220717
3 203 202 484 0.16543215837290537 0.8320019358261034 0.21017307502220717
3 484 485 203 0.16543215837290537 0.8320019358261034 0.21017307502220717
3 663 202 203 0.16543215837290537 0.8320019358261034 0.21017307502220717
3 203 664 663 0.16543215837290537 0.8320019358261034 0.21017307502220717
3 204 487 665 0.16543215837290537 0.8320019358261034 0.21017307502220717
3 204 486 487 0.16543215837290537 0.8320019358261034 0.21017307502220717
3 665 664 204 0.16543215837290537 0.8320019358261034 0.21017307502220717
3 664 203 204 0.16543215837290537 0.8320019358261034 0.21017307502220717
3 485 486 204 0.16543215837290537 0.8320019358261034 0.21017307502220717
3 204 203 485 0.16543215837290537 0.8320019358261034 0.21017307502220717
