0.02423 10.0 2.0 1000 0.025 gamma
0.02596 10.0 2.5 1000 0.025 gamma
0.02468 10.0 3.0 1000 0.025 gamma
0.02387 10.0 3.5 1000 0.025 gamma
0.02535 10.0 4.0 1000 0.025 gamma
0.02504 10.0 4.5 1000 0.025 gamma
0.02419 10.0 5.0 1000 0.025 gamma
0.02454 10.0 5.5 1000 0.025 gamma
0.02398 10.0 6.0 1000 0.025 gamma
0.02483 10.0 6.5 1000 0.025 gamma
0.02465 10.0 7.0 1000 0.025 gamma
0.02403 10.0 7.5 1000 0.025 gamma
0.02459 10.0 8.0 1000 0.025 gamma
0.02478 10.0 8.5 1000 0.025 gamma
0.02462 10.0 9.0 1000 0.025 gamma
0.02497 10.0 9.5 1000 0.025 gamma
0.02457 10.0 10.0 1000 0.025 gamma
0.04829 10.0 2.0 1000 0.05 gamma
0.049 10.0 2.5 1000 0.05 gamma
0.04971 10.0 3.0 1000 0.05 gamma
0.04991 10.0 3.5 1000 0.05 gamma
0.04768 10.0 4.0 1000 0.05 gamma
0.04926 10.0 4.5 1000 0.05 gamma
0.04881 10.0 5.0 1000 0.05 gamma
0.04678 10.0 5.5 1000 0.05 gamma
0.04813 10.0 6.0 1000 0.05 gamma
0.04758 10.0 6.5 1000 0.05 gamma
0.04818 10.0 7.0 1000 0.05 gamma
0.0477 10.0 7.5 1000 0.05 gamma
0.04812 10.0 8.0 1000 0.05 gamma
0.04836 10.0 8.5 1000 0.05 gamma
0.04796 10.0 9.0 1000 0.05 gamma
0.04908 10.0 9.5 1000 0.05 gamma
0.04978 10.0 10.0 1000 0.05 gamma
0.07121 10.0 2.0 1000 0.075 gamma
0.07207 10.0 2.5 1000 0.075 gamma
0.07115 10.0 3.0 1000 0.075 gamma
0.07285 10.0 3.5 1000 0.075 gamma
0.07218 10.0 4.0 1000 0.075 gamma
0.07194 10.0 4.5 1000 0.075 gamma
0.07157 10.0 5.0 1000 0.075 gamma
0.07374 10.0 5.5 1000 0.075 gamma
0.07266 10.0 6.0 1000 0.075 gamma
0.07226 10.0 6.5 1000 0.075 gamma
0.0713 10.0 7.0 1000 0.075 gamma
0.07306 10.0 7.5 1000 0.075 gamma
0.0722 10.0 8.0 1000 0.075 gamma
0.07119 10.0 8.5 1000 0.075 gamma
0.0726 10.0 9.0 1000 0.075 gamma
0.0726 10.0 9.5 1000 0.075 gamma
0.07244 10.0 10.0 1000 0.075 gamma
0.09439 10.0 2.0 1000 0.1 gamma
0.09438 10.0 2.5 1000 0.1 gamma
0.09531 10.0 3.0 1000 0.1 gamma
0.09216 10.0 3.5 1000 0.1 gamma
0.09481 10.0 4.0 1000 0.1 gamma
0.09462 10.0 4.5 1000 0.1 gamma
0.09313 10.0 5.0 1000 0.1 gamma
0.09507 10.0 5.5 1000 0.1 gamma
0.09412 10.0 6.0 1000 0.1 gamma
0.09371 10.0 6.5 1000 0.1 gamma
0.0924 10.0 7.0 1000 0.1 gamma
0.09594 10.0 7.5 1000 0.1 gamma
0.09554 10.0 8.0 1000 0.1 gamma
0.09648 10.0 8.5 1000 0.1 gamma
0.09355 10.0 9.0 1000 0.1 gamma
0.09399 10.0 9.5 1000 0.1 gamma
0.09564 10.0 10.0 1000 0.1 gamma
0.11834 10.0 2.0 1000 0.125 gamma
0.11556 10.0 2.5 1000 0.125 gamma
0.1159 10.0 3.0 1000 0.125 gamma
0.11644 10.0 3.5 1000 0.125 gamma
0.11566 10.0 4.0 1000 0.125 gamma
0.11789 10.0 4.5 1000 0.125 gamma
0.11636 10.0 5.0 1000 0.125 gamma
0.11759 10.0 5.5 1000 0.125 gamma
0.11681 10.0 6.0 1000 0.125 gamma
0.11603 10.0 6.5 1000 0.125 gamma
0.11756 10.0 7.0 1000 0.125 gamma
0.1152 10.0 7.5 1000 0.125 gamma
0.11803 10.0 8.0 1000 0.125 gamma
0.11465 10.0 8.5 1000 0.125 gamma
0.11788 10.0 9.0 1000 0.125 gamma
0.11592 10.0 9.5 1000 0.125 gamma
0.11734 10.0 10.0 1000 0.125 gamma
0.13517 10.0 2.0 1000 0.15 gamma
0.1373 10.0 2.5 1000 0.15 gamma
0.13623 10.0 3.0 1000 0.15 gamma
0.13669 10.0 3.5 1000 0.15 gamma
0.13653 10.0 4.0 1000 0.15 gamma
0.13936 10.0 4.5 1000 0.15 gamma
0.13752 10.0 5.0 1000 0.15 gamma
0.13623 10.0 5.5 1000 0.15 gamma
0.13605 10.0 6.0 1000 0.15 gamma
0.13608 10.0 6.5 1000 0.15 gamma
0.13653 10.0 7.0 1000 0.15 gamma
0.13826 10.0 7.5 1000 0.15 gamma
0.13717 10.0 8.0 1000 0.15 gamma
0.13846 10.0 8.5 1000 0.15 gamma
0.13801 10.0 9.0 1000 0.15 gamma
0.13863 10.0 9.5 1000 0.15 gamma
0.13686 10.0 10.0 1000 0.15 gamma
0.15551 10.0 2.0 1000 0.175 gamma
0.15759 10.0 2.5 1000 0.175 gamma
0.16022 10.0 3.0 1000 0.175 gamma
0.15938 10.0 3.5 1000 0.175 gamma
0.15861 10.0 4.0 1000 0.175 gamma
0.15403 10.0 4.5 1000 0.175 gamma
0.16014 10.0 5.0 1000 0.175 gamma
0.15686 10.0 5.5 1000 0.175 gamma
0.15789 10.0 6.0 1000 0.175 gamma
0.15866 10.0 6.5 1000 0.175 gamma
0.15805 10.0 7.0 1000 0.175 gamma
0.1618 10.0 7.5 1000 0.175 gamma
0.15624 10.0 8.0 1000 0.175 gamma
0.15681 10.0 8.5 1000 0.175 gamma
0.15915 10.0 9.0 1000 0.175 gamma
0.15811 10.0 9.5 1000 0.175 gamma
0.15833 10.0 10.0 1000 0.175 gamma
0.17848 10.0 2.0 1000 0.2 gamma
0.17795 10.0 2.5 1000 0.2 gamma
0.17692 10.0 3.0 1000 0.2 gamma
0.18093 10.0 3.5 1000 0.2 gamma
0.17857 10.0 4.0 1000 0.2 gamma
0.17806 10.0 4.5 1000 0.2 gamma
0.1779 10.0 5.0 1000 0.2 gamma
0.17832 10.0 5.5 1000 0.2 gamma
0.17779 10.0 6.0 1000 0.2 gamma
0.17768 10.0 6.5 1000 0.2 gamma
0.17609 10.0 7.0 1000 0.2 gamma
0.17906 10.0 7.5 1000 0.2 gamma
0.18174 10.0 8.0 1000 0.2 gamma
0.17872 10.0 8.5 1000 0.2 gamma
0.18073 10.0 9.0 1000 0.2 gamma
0.1789 10.0 9.5 1000 0.2 gamma
0.18143 10.0 10.0 1000 0.2 gamma
0.19562 10.0 2.0 1000 0.225 gamma
0.19527 10.0 2.5 1000 0.225 gamma
0.19964 10.0 3.0 1000 0.225 gamma
0.19761 10.0 3.5 1000 0.225 gamma
0.19695 10.0 4.0 1000 0.225 gamma
0.19729 10.0 4.5 1000 0.225 gamma
0.19816 10.0 5.0 1000 0.225 gamma
0.19592 10.0 5.5 1000 0.225 gamma
0.1945 10.0 6.0 1000 0.225 gamma
0.19819 10.0 6.5 1000 0.225 gamma
0.19838 10.0 7.0 1000 0.225 gamma
0.19859 10.0 7.5 1000 0.225 gamma
0.20046 10.0 8.0 1000 0.225 gamma
0.20134 10.0 8.5 1000 0.225 gamma
0.19525 10.0 9.0 1000 0.225 gamma
0.19467 10.0 9.5 1000 0.225 gamma
0.19784 10.0 10.0 1000 0.225 gamma
0.21427 10.0 2.0 1000 0.25 gamma
0.21807 10.0 2.5 1000 0.25 gamma
0.21534 10.0 3.0 1000 0.25 gamma
0.21617 10.0 3.5 1000 0.25 gamma
0.21783 10.0 4.0 1000 0.25 gamma
0.21869 10.0 4.5 1000 0.25 gamma
0.21726 10.0 5.0 1000 0.25 gamma
0.21301 10.0 5.5 1000 0.25 gamma
0.21406 10.0 6.0 1000 0.25 gamma
0.21741 10.0 6.5 1000 0.25 gamma
0.21166 10.0 7.0 1000 0.25 gamma
0.21569 10.0 7.5 1000 0.25 gamma
0.21661 10.0 8.0 1000 0.25 gamma
0.21962 10.0 8.5 1000 0.25 gamma
0.21056 10.0 9.0 1000 0.25 gamma
0.21244 10.0 9.5 1000 0.25 gamma
0.21592 10.0 10.0 1000 0.25 gamma
0.23558 10.0 2.0 1000 0.275 gamma
0.23301 10.0 2.5 1000 0.275 gamma
0.23087 10.0 3.0 1000 0.275 gamma
0.23238 10.0 3.5 1000 0.275 gamma
0.23438 10.0 4.0 1000 0.275 gamma
0.23098 10.0 4.5 1000 0.275 gamma
0.23326 10.0 5.0 1000 0.275 gamma
0.23338 10.0 5.5 1000 0.275 gamma
0.23535 10.0 6.0 1000 0.275 gamma
0.23306 10.0 6.5 1000 0.275 gamma
0.23117 10.0 7.0 1000 0.275 gamma
0.23139 10.0 7.5 1000 0.275 gamma
0.23137 10.0 8.0 1000 0.275 gamma
0.23598 10.0 8.5 1000 0.275 gamma
0.23343 10.0 9.0 1000 0.275 gamma
0.23592 10.0 9.5 1000 0.275 gamma
0.2339 10.0 10.0 1000 0.275 gamma
0.25343 10.0 2.0 1000 0.3 gamma
0.25085 10.0 2.5 1000 0.3 gamma
0.2488 10.0 3.0 1000 0.3 gamma
0.24926 10.0 3.5 1000 0.3 gamma
0.25065 10.0 4.0 1000 0.3 gamma
0.02465 1.0 0.1 1000 0.025 lognormal
0.25119 10.0 4.5 1000 0.3 gamma
0.04749 1.0 0.1 1000 0.05 lognormal
0.24886 10.0 5.0 1000 0.3 gamma
0.07273 1.0 0.1 1000 0.075 lognormal
0.09552 1.0 0.1 1000 0.1 lognormal
0.24985 10.0 5.5 1000 0.3 gamma
0.11584 1.0 0.1 1000 0.125 lognormal
0.25128 10.0 6.0 1000 0.3 gamma
0.13793 1.0 0.1 1000 0.15 lognormal
0.15924 1.0 0.1 1000 0.175 lognormal
0.25177 10.0 6.5 1000 0.3 gamma
0.17524 1.0 0.1 1000 0.2 lognormal
0.24898 10.0 7.0 1000 0.3 gamma
0.19545 1.0 0.1 1000 0.225 lognormal
0.21463 1.0 0.1 1000 0.25 lognormal
0.25073 10.0 7.5 1000 0.3 gamma
0.23543 1.0 0.1 1000 0.275 lognormal
0.25451 10.0 8.0 1000 0.3 gamma
0.25429 1.0 0.1 1000 0.3 lognormal
0.26496 1.0 0.1 1000 0.325 lognormal
0.24839 10.0 8.5 1000 0.3 gamma
0.28634 1.0 0.1 1000 0.35 lognormal
0.29826 1.0 0.1 1000 0.375 lognormal
0.24861 10.0 9.0 1000 0.3 gamma
0.31818 1.0 0.1 1000 0.4 lognormal
0.25054 10.0 9.5 1000 0.3 gamma
0.32755 1.0 0.1 1000 0.425 lognormal
0.25106 10.0 10.0 1000 0.3 gamma
0.34311 1.0 0.1 1000 0.45 lognormal
0.26845 10.0 2.0 1000 0.325 gamma
0.36228 1.0 0.1 1000 0.475 lognormal
0.26733 10.0 2.5 1000 0.325 gamma
0.37009 1.0 0.1 1000 0.5 lognormal
0.26905 10.0 3.0 1000 0.325 gamma
0.02427 1.0 0.125 1000 0.025 lognormal
0.26611 10.0 3.5 1000 0.325 gamma
0.04689 1.0 0.125 1000 0.05 lognormal
0.07195 1.0 0.125 1000 0.075 lognormal
0.26637 10.0 4.0 1000 0.325 gamma
0.09495 1.0 0.125 1000 0.1 lognormal
0.26864 10.0 4.5 1000 0.325 gamma
0.11555 1.0 0.125 1000 0.125 lognormal
0.13636 1.0 0.125 1000 0.15 lognormal
0.27201 10.0 5.0 1000 0.325 gamma
0.1579 1.0 0.125 1000 0.175 lognormal
0.26818 10.0 5.5 1000 0.325 gamma
0.17552 1.0 0.125 1000 0.2 lognormal
0.19642 1.0 0.125 1000 0.225 lognormal
0.26549 10.0 6.0 1000 0.325 gamma
0.21465 1.0 0.125 1000 0.25 lognormal
0.26963 10.0 6.5 1000 0.325 gamma
0.23333 1.0 0.125 1000 0.275 lognormal
0.25061 1.0 0.125 1000 0.3 lognormal
0.26708 10.0 7.0 1000 0.325 gamma
0.26729 1.0 0.125 1000 0.325 lognormal
0.26613 10.0 7.5 1000 0.325 gamma
0.2833 1.0 0.125 1000 0.35 lognormal
0.2998 1.0 0.125 1000 0.375 lognormal
0.26669 10.0 8.0 1000 0.325 gamma
0.31398 1.0 0.125 1000 0.4 lognormal
0.32884 1.0 0.125 1000 0.425 lognormal
0.26795 10.0 8.5 1000 0.325 gamma
0.34627 1.0 0.125 1000 0.45 lognormal
0.27073 10.0 9.0 1000 0.325 gamma
0.35928 1.0 0.125 1000 0.475 lognormal
0.27065 10.0 9.5 1000 0.325 gamma
0.37131 1.0 0.125 1000 0.5 lognormal
0.27214 10.0 10.0 1000 0.325 gamma
0.02537 1.0 0.15 1000 0.025 lognormal
0.28028 10.0 2.0 1000 0.35 gamma
0.04939 1.0 0.15 1000 0.05 lognormal
0.28472 10.0 2.5 1000 0.35 gamma
0.07209 1.0 0.15 1000 0.075 lognormal
0.28582 10.0 3.0 1000 0.35 gamma
0.09531 1.0 0.15 1000 0.1 lognormal
0.11773 1.0 0.15 1000 0.125 lognormal
0.2839 10.0 3.5 1000 0.35 gamma
0.13703 1.0 0.15 1000 0.15 lognormal
0.28368 10.0 4.0 1000 0.35 gamma
0.16087 1.0 0.15 1000 0.175 lognormal
0.18341 1.0 0.15 1000 0.2 lognormal
0.28414 10.0 4.5 1000 0.35 gamma
0.19695 1.0 0.15 1000 0.225 lognormal
0.28352 10.0 5.0 1000 0.35 gamma
0.21754 1.0 0.15 1000 0.25 lognormal
0.23221 1.0 0.15 1000 0.275 lognormal
0.28556 10.0 5.5 1000 0.35 gamma
0.25087 1.0 0.15 1000 0.3 lognormal
0.28467 10.0 6.0 1000 0.35 gamma
0.26846 1.0 0.15 1000 0.325 lognormal
0.28993 1.0 0.15 1000 0.35 lognormal
0.28296 10.0 6.5 1000 0.35 gamma
0.30446 1.0 0.15 1000 0.375 lognormal
0.28348 10.0 7.0 1000 0.35 gamma
0.31635 1.0 0.15 1000 0.4 lognormal
0.28014 10.0 7.5 1000 0.35 gamma
0.3274 1.0 0.15 1000 0.425 lognormal
0.28237 10.0 8.0 1000 0.35 gamma
0.34632 1.0 0.15 1000 0.45 lognormal
0.28546 10.0 8.5 1000 0.35 gamma
0.35351 1.0 0.15 1000 0.475 lognormal
0.28147 10.0 9.0 1000 0.35 gamma
0.36987 1.0 0.15 1000 0.5 lognormal
0.28106 10.0 9.5 1000 0.35 gamma
0.02581 1.0 0.175 1000 0.025 lognormal
0.04956 1.0 0.175 1000 0.05 lognormal
0.27893 10.0 10.0 1000 0.35 gamma
0.07313 1.0 0.175 1000 0.075 lognormal
0.30031 10.0 2.0 1000 0.375 gamma
0.09427 1.0 0.175 1000 0.1 lognormal
0.30508 10.0 2.5 1000 0.375 gamma
0.11384 1.0 0.175 1000 0.125 lognormal
0.30224 10.0 3.0 1000 0.375 gamma
0.13714 1.0 0.175 1000 0.15 lognormal
0.29511 10.0 3.5 1000 0.375 gamma
0.15624 1.0 0.175 1000 0.175 lognormal
0.18145 1.0 0.175 1000 0.2 lognormal
0.3023 10.0 4.0 1000 0.375 gamma
0.19709 1.0 0.175 1000 0.225 lognormal
0.29746 10.0 4.5 1000 0.375 gamma
0.21574 1.0 0.175 1000 0.25 lognormal
0.30007 10.0 5.0 1000 0.375 gamma
0.23573 1.0 0.175 1000 0.275 lognormal
0.25039 1.0 0.175 1000 0.3 lognormal
0.30077 10.0 5.5 1000 0.375 gamma
0.2692 1.0 0.175 1000 0.325 lognormal
0.29974 10.0 6.0 1000 0.375 gamma
0.28208 1.0 0.175 1000 0.35 lognormal
0.29988 10.0 6.5 1000 0.375 gamma
0.29968 1.0 0.175 1000 0.375 lognormal
0.29799 10.0 7.0 1000 0.375 gamma
0.32025 1.0 0.175 1000 0.4 lognormal
0.2974 10.0 7.5 1000 0.375 gamma
0.33295 1.0 0.175 1000 0.425 lognormal
0.30076 10.0 8.0 1000 0.375 gamma
0.34357 1.0 0.175 1000 0.45 lognormal
0.29972 10.0 8.5 1000 0.375 gamma
0.35691 1.0 0.175 1000 0.475 lognormal
0.29821 10.0 9.0 1000 0.375 gamma
0.37038 1.0 0.175 1000 0.5 lognormal
0.3009 10.0 9.5 1000 0.375 gamma
0.02444 1.0 0.2 1000 0.025 lognormal
0.04824 1.0 0.2 1000 0.05 lognormal
0.30557 10.0 10.0 1000 0.375 gamma
0.07164 1.0 0.2 1000 0.075 lognormal
0.31415 10.0 2.0 1000 0.4 gamma
0.09427 1.0 0.2 1000 0.1 lognormal
0.30943 10.0 2.5 1000 0.4 gamma
0.11571 1.0 0.2 1000 0.125 lognormal
0.31937 10.0 3.0 1000 0.4 gamma
0.13693 1.0 0.2 1000 0.15 lognormal
0.3162 10.0 3.5 1000 0.4 gamma
0.15681 1.0 0.2 1000 0.175 lognormal
0.17765 1.0 0.2 1000 0.2 lognormal
0.31391 10.0 4.0 1000 0.4 gamma
0.19599 1.0 0.2 1000 0.225 lognormal
0.31458 10.0 4.5 1000 0.4 gamma
0.2163 1.0 0.2 1000 0.25 lognormal
0.31457 10.0 5.0 1000 0.4 gamma
0.2342 1.0 0.2 1000 0.275 lognormal
0.31688 10.0 5.5 1000 0.4 gamma
0.25385 1.0 0.2 1000 0.3 lognormal
0.31186 10.0 6.0 1000 0.4 gamma
0.2701 1.0 0.2 1000 0.325 lognormal
0.31349 10.0 6.5 1000 0.4 gamma
0.28298 1.0 0.2 1000 0.35 lognormal
0.31074 10.0 7.0 1000 0.4 gamma
0.30055 1.0 0.2 1000 0.375 lognormal
0.31112 10.0 7.5 1000 0.4 gamma
0.31542 1.0 0.2 1000 0.4 lognormal
0.31661 10.0 8.0 1000 0.4 gamma
0.33052 1.0 0.2 1000 0.425 lognormal
0.31693 10.0 8.5 1000 0.4 gamma
0.34911 1.0 0.2 1000 0.45 lognormal
0.31511 10.0 9.0 1000 0.4 gamma
0.35899 1.0 0.2 1000 0.475 lognormal
0.31209 10.0 9.5 1000 0.4 gamma
0.3764 1.0 0.2 1000 0.5 lognormal
0.31808 10.0 10.0 1000 0.4 gamma
0.02447 1.0 0.225 1000 0.025 lognormal
0.32755 10.0 2.0 1000 0.425 gamma
0.04966 1.0 0.225 1000 0.05 lognormal
0.07019 1.0 0.225 1000 0.075 lognormal
0.32748 10.0 2.5 1000 0.425 gamma
0.09529 1.0 0.225 1000 0.1 lognormal
0.32849 10.0 3.0 1000 0.425 gamma
0.11534 1.0 0.225 1000 0.125 lognormal
0.1378 1.0 0.225 1000 0.15 lognormal
0.3307 10.0 3.5 1000 0.425 gamma
0.15988 1.0 0.225 1000 0.175 lognormal
0.3258 10.0 4.0 1000 0.425 gamma
0.17886 1.0 0.225 1000 0.2 lognormal
0.19659 1.0 0.225 1000 0.225 lognormal
0.3354 10.0 4.5 1000 0.425 gamma
0.32732 10.0 5.0 1000 0.425 gamma
0.21431 1.0 0.225 1000 0.25 lognormal
0.32767 10.0 5.5 1000 0.425 gamma
0.22913 1.0 0.225 1000 0.275 lognormal
0.32974 10.0 6.0 1000 0.425 gamma
0.2493 1.0 0.225 1000 0.3 lognormal
0.32622 10.0 6.5 1000 0.425 gamma
0.27061 1.0 0.225 1000 0.325 lognormal
0.33693 10.0 7.0 1000 0.425 gamma
0.29052 1.0 0.225 1000 0.35 lognormal
0.33344 10.0 7.5 1000 0.425 gamma
0.29896 1.0 0.225 1000 0.375 lognormal
0.33085 10.0 8.0 1000 0.425 gamma
0.3165 1.0 0.225 1000 0.4 lognormal
0.32823 10.0 8.5 1000 0.425 gamma
0.33059 1.0 0.225 1000 0.425 lognormal
0.32857 10.0 9.0 1000 0.425 gamma
0.34482 1.0 0.225 1000 0.45 lognormal
0.33009 10.0 9.5 1000 0.425 gamma
0.35908 1.0 0.225 1000 0.475 lognormal
0.37122 1.0 0.225 1000 0.5 lognormal
0.33159 10.0 10.0 1000 0.425 gamma
0.3447 10.0 2.0 1000 0.45 gamma
0.02411 1.0 0.25 1000 0.025 lognormal
0.04902 1.0 0.25 1000 0.05 lognormal
0.34824 10.0 2.5 1000 0.45 gamma
0.07172 1.0 0.25 1000 0.075 lognormal
0.34345 10.0 3.0 1000 0.45 gamma
0.0944 1.0 0.25 1000 0.1 lognormal
0.11812 1.0 0.25 1000 0.125 lognormal
0.33632 10.0 3.5 1000 0.45 gamma
0.13917 1.0 0.25 1000 0.15 lognormal
0.34171 10.0 4.0 1000 0.45 gamma
0.15784 1.0 0.25 1000 0.175 lognormal
0.34089 10.0 4.5 1000 0.45 gamma
0.17959 1.0 0.25 1000 0.2 lognormal
0.19682 1.0 0.25 1000 0.225 lognormal
0.34352 10.0 5.0 1000 0.45 gamma
0.2169 1.0 0.25 1000 0.25 lognormal
0.34233 10.0 5.5 1000 0.45 gamma
0.23035 1.0 0.25 1000 0.275 lognormal
0.34025 10.0 6.0 1000 0.45 gamma
0.25167 1.0 0.25 1000 0.3 lognormal
0.34328 10.0 6.5 1000 0.45 gamma
0.26721 1.0 0.25 1000 0.325 lognormal
0.34254 10.0 7.0 1000 0.45 gamma
0.28255 1.0 0.25 1000 0.35 lognormal
0.34202 10.0 7.5 1000 0.45 gamma
0.30032 1.0 0.25 1000 0.375 lognormal
0.34071 10.0 8.0 1000 0.45 gamma
0.31714 1.0 0.25 1000 0.4 lognormal
0.34299 10.0 8.5 1000 0.45 gamma
0.33595 1.0 0.25 1000 0.425 lognormal
0.34726 10.0 9.0 1000 0.45 gamma
0.34098 1.0 0.25 1000 0.45 lognormal
0.33939 10.0 9.5 1000 0.45 gamma
0.35254 1.0 0.25 1000 0.475 lognormal
0.34203 10.0 10.0 1000 0.45 gamma
0.37102 1.0 0.25 1000 0.5 lognormal
0.35937 10.0 2.0 1000 0.475 gamma
0.02432 1.0 0.275 1000 0.025 lognormal
0.35551 10.0 2.5 1000 0.475 gamma
0.04936 1.0 0.275 1000 0.05 lognormal
0.07258 1.0 0.275 1000 0.075 lognormal
0.35905 10.0 3.0 1000 0.475 gamma
0.09221 1.0 0.275 1000 0.1 lognormal
0.35343 10.0 3.5 1000 0.475 gamma
0.11358 1.0 0.275 1000 0.125 lognormal
0.35346 10.0 4.0 1000 0.475 gamma
0.13799 1.0 0.275 1000 0.15 lognormal
0.15769 1.0 0.275 1000 0.175 lognormal
0.35485 10.0 4.5 1000 0.475 gamma
0.17573 1.0 0.275 1000 0.2 lognormal
0.35034 10.0 5.0 1000 0.475 gamma
0.3594 10.0 5.5 1000 0.475 gamma
0.19799 1.0 0.275 1000 0.225 lognormal
0.36124 10.0 6.0 1000 0.475 gamma
0.21707 1.0 0.275 1000 0.25 lognormal
0.35182 10.0 6.5 1000 0.475 gamma
0.23228 1.0 0.275 1000 0.275 lognormal
0.35436 10.0 7.0 1000 0.475 gamma
0.25082 1.0 0.275 1000 0.3 lognormal
0.35948 10.0 7.5 1000 0.475 gamma
0.27278 1.0 0.275 1000 0.325 lognormal
0.35628 10.0 8.0 1000 0.475 gamma
0.28653 1.0 0.275 1000 0.35 lognormal
0.35485 10.0 8.5 1000 0.475 gamma
0.29535 1.0 0.275 1000 0.375 lognormal
0.36374 10.0 9.0 1000 0.475 gamma
0.31602 1.0 0.275 1000 0.4 lognormal
0.35848 10.0 9.5 1000 0.475 gamma
0.33353 1.0 0.275 1000 0.425 lognormal
0.3573 10.0 10.0 1000 0.475 gamma
0.34387 1.0 0.275 1000 0.45 lognormal
0.36514 10.0 2.0 1000 0.5 gamma
0.355 1.0 0.275 1000 0.475 lognormal
0.37531 10.0 2.5 1000 0.5 gamma
0.37041 1.0 0.275 1000 0.5 lognormal
0.37 10.0 3.0 1000 0.5 gamma
0.02509 1.0 0.3 1000 0.025 lognormal
0.04763 1.0 0.3 1000 0.05 lognormal
0.36988 10.0 3.5 1000 0.5 gamma
0.07199 1.0 0.3 1000 0.075 lognormal
0.36866 10.0 4.0 1000 0.5 gamma
0.09464 1.0 0.3 1000 0.1 lognormal
0.371 10.0 4.5 1000 0.5 gamma
0.11629 1.0 0.3 1000 0.125 lognormal
0.13538 1.0 0.3 1000 0.15 lognormal
0.37772 10.0 5.0 1000 0.5 gamma
0.15793 1.0 0.3 1000 0.175 lognormal
0.36823 10.0 5.5 1000 0.5 gamma
0.17939 1.0 0.3 1000 0.2 lognormal
0.37216 10.0 6.0 1000 0.5 gamma
0.1954 1.0 0.3 1000 0.225 lognormal
0.37974 10.0 6.5 1000 0.5 gamma
0.21835 1.0 0.3 1000 0.25 lognormal
0.3662 10.0 7.0 1000 0.5 gamma
0.23553 1.0 0.3 1000 0.275 lognormal
0.36208 10.0 7.5 1000 0.5 gamma
0.25529 1.0 0.3 1000 0.3 lognormal
0.36871 10.0 8.0 1000 0.5 gamma
0.27255 1.0 0.3 1000 0.325 lognormal
0.36558 10.0 8.5 1000 0.5 gamma
0.28424 1.0 0.3 1000 0.35 lognormal
0.37197 10.0 9.0 1000 0.5 gamma
0.30221 1.0 0.3 1000 0.375 lognormal
0.3702 10.0 9.5 1000 0.5 gamma
0.3081 1.0 0.3 1000 0.4 lognormal
0.37839 10.0 10.0 1000 0.5 gamma
0.33041 1.0 0.3 1000 0.425 lognormal
0.34113 1.0 0.3 1000 0.45 lognormal
0.35898 1.0 0.3 1000 0.475 lognormal
0.3619 1.0 0.3 1000 0.5 lognormal
0.02356 1.0 0.325 1000 0.025 lognormal
0.04976 1.0 0.325 1000 0.05 lognormal
0.02534 10.0 2.0 1000 0.025 gamma
0.07274 1.0 0.325 1000 0.075 lognormal
0.09279 1.0 0.325 1000 0.1 lognormal
0.0256 10.0 2.5 1000 0.025 gamma
0.11543 1.0 0.325 1000 0.125 lognormal
0.02456 10.0 3.0 1000 0.025 gamma
0.13712 1.0 0.325 1000 0.15 lognormal
0.02493 10.0 3.5 1000 0.025 gamma
0.02407 10.0 4.0 1000 0.025 gamma
0.15751 1.0 0.325 1000 0.175 lognormal
0.02486 10.0 4.5 1000 0.025 gamma
0.18105 1.0 0.325 1000 0.2 lognormal
0.02432 10.0 5.0 1000 0.025 gamma
0.02432 10.0 5.5 1000 0.025 gamma
0.19593 1.0 0.325 1000 0.225 lognormal
0.0244 10.0 6.0 1000 0.025 gamma
0.21439 1.0 0.325 1000 0.25 lognormal
0.0245 10.0 6.5 1000 0.025 gamma
0.23203 1.0 0.325 1000 0.275 lognormal
0.0245 10.0 7.0 1000 0.025 gamma
0.25175 1.0 0.325 1000 0.3 lognormal
0.02417 10.0 2.0 100 0.025 gamma
0.02467 10.0 2.5 100 0.025 gamma
0.27054 1.0 0.325 1000 0.325 lognormal
0.0249 10.0 3.0 100 0.025 gamma
0.02441 10.0 3.5 100 0.025 gamma
0.28264 1.0 0.325 1000 0.35 lognormal
0.02427 10.0 4.0 100 0.025 gamma
0.02386 10.0 4.5 100 0.025 gamma
0.02436 10.0 5.0 100 0.025 gamma
0.02443 1.0 0.1 100 0.025 lognormal
0.02584 10.0 5.5 100 0.025 gamma
0.04875 1.0 0.1 100 0.05 lognormal
0.02454 10.0 6.0 100 0.025 gamma
0.07298 1.0 0.1 100 0.075 lognormal
0.02459 10.0 6.5 100 0.025 gamma
0.09408 1.0 0.1 100 0.1 lognormal
0.11538 1.0 0.1 100 0.125 lognormal
0.02499 10.0 7.0 100 0.025 gamma
0.02493 10.0 7.5 100 0.025 gamma
0.13484 1.0 0.1 100 0.15 lognormal
0.02492 10.0 8.0 100 0.025 gamma
0.1713 1.0 0.1 100 0.2 lognormal
0.02532 10.0 8.5 100 0.025 gamma
0.1929 1.0 0.1 100 0.225 lognormal
0.02388 10.0 9.0 100 0.025 gamma
0.21374 1.0 0.1 100 0.25 lognormal
0.0236 10.0 9.5 100 0.025 gamma
0.22953 1.0 0.1 100 0.275 lognormal
0.02442 10.0 10.0 100 0.025 gamma
0.24131 1.0 0.1 100 0.3 lognormal
0.04907 10.0 2.0 100 0.05 gamma
0.23593 1.0 0.1 100 0.325 lognormal
0.04818 10.0 2.5 100 0.05 gamma
0.27501 1.0 0.1 100 0.35 lognormal
0.04965 10.0 3.0 100 0.05 gamma
0.28464 1.0 0.1 100 0.375 lognormal
0.04851 10.0 3.5 100 0.05 gamma
0.31386 1.0 0.1 100 0.4 lognormal
0.04842 10.0 4.0 100 0.05 gamma
0.31559 1.0 0.1 100 0.425 lognormal0.04947 10.0 4.5 100 0.05 gamma
0.31576 1.0 0.1 100 0.45 lognormal
0.04896 10.0 5.0 100 0.05 gamma
0.33069 1.0 0.1 100 0.475 lognormal
0.34157 1.0 0.1 100 0.5 lognormal
0.04836 10.0 5.5 100 0.05 gamma
0.0242 1.0 0.125 100 0.025 lognormal
0.04704 10.0 6.0 100 0.05 gamma
0.04856 1.0 0.125 100 0.05 lognormal
0.04906 10.0 6.5 100 0.05 gamma
0.07021 1.0 0.125 100 0.075 lognormal
0.0482 10.0 7.0 100 0.05 gamma
0.09588 1.0 0.125 100 0.1 lognormal
0.0496 10.0 7.5 100 0.05 gamma
0.11641 1.0 0.125 100 0.125 lognormal
0.04666 10.0 8.0 100 0.05 gamma
0.13108 1.0 0.125 100 0.15 lognormal
0.04997 10.0 8.5 100 0.05 gamma
0.15612 1.0 0.125 100 0.175 lognormal
0.04889 10.0 9.0 100 0.05 gamma
0.17326 1.0 0.125 100 0.2 lognormal
0.04921 10.0 9.5 100 0.05 gamma
0.18787 1.0 0.125 100 0.225 lognormal
0.04909 10.0 10.0 100 0.05 gamma
0.21547 1.0 0.125 100 0.25 lognormal
0.07411 10.0 2.0 100 0.075 gamma
0.23024 1.0 0.125 100 0.275 lognormal
0.07391 10.0 2.5 100 0.075 gamma
0.24843 1.0 0.125 100 0.3 lognormal
0.0684 10.0 3.0 100 0.075 gamma
0.25221 1.0 0.125 100 0.325 lognormal
0.07144 10.0 3.5 100 0.075 gamma
0.07237 10.0 4.0 100 0.075 gamma
0.28299 1.0 0.125 100 0.375 lognormal
0.07119 10.0 4.5 100 0.075 gamma
0.29258 1.0 0.125 100 0.4 lognormal
0.07177 10.0 5.0 100 0.075 gamma
0.3166 1.0 0.125 100 0.425 lognormal
0.07162 10.0 5.5 100 0.075 gamma
0.31148 1.0 0.125 100 0.45 lognormal
0.3407 1.0 0.125 100 0.475 lognormal
0.07114 10.0 6.0 100 0.075 gamma
0.36001 1.0 0.125 100 0.5 lognormal
0.07438 10.0 6.5 100 0.075 gamma
0.0238 1.0 0.15 100 0.025 lognormal
0.07016 10.0 7.0 100 0.075 gamma
0.04816 1.0 0.15 100 0.05 lognormal
0.06851 10.0 7.5 100 0.075 gamma
0.07216 1.0 0.15 100 0.075 lognormal
0.07269 10.0 8.0 100 0.075 gamma
0.09485 1.0 0.15 100 0.1 lognormal
0.07091 10.0 8.5 100 0.075 gamma
0.11427 1.0 0.15 100 0.125 lognormal
0.07415 10.0 9.0 100 0.075 gamma
0.135 1.0 0.15 100 0.15 lognormal
0.0718 10.0 9.5 100 0.075 gamma
0.1551 1.0 0.15 100 0.175 lognormal
0.07087 10.0 10.0 100 0.075 gamma
0.17596 1.0 0.15 100 0.2 lognormal
0.09477 10.0 2.0 100 0.1 gamma
0.18913 1.0 0.15 100 0.225 lognormal
0.09247 10.0 2.5 100 0.1 gamma
0.20334 1.0 0.15 100 0.25 lognormal
0.09304 10.0 3.0 100 0.1 gamma
0.22693 1.0 0.15 100 0.275 lognormal
0.0911 10.0 3.5 100 0.1 gamma
0.2382 1.0 0.15 100 0.3 lognormal
0.09181 10.0 4.0 100 0.1 gamma
0.25184 1.0 0.15 100 0.325 lognormal
0.09387 10.0 4.5 100 0.1 gamma
0.26544 1.0 0.15 100 0.35 lognormal
0.0947 10.0 5.0 100 0.1 gamma
0.27873 1.0 0.15 100 0.375 lognormal
0.09225 10.0 5.5 100 0.1 gamma
0.2846 1.0 0.15 100 0.4 lognormal
0.09327 10.0 6.0 100 0.1 gamma
0.29091 1.0 0.15 100 0.425 lognormal
0.33361 1.0 0.15 100 0.45 lognormal
0.09348 10.0 6.5 100 0.1 gamma
0.31319 1.0 0.15 100 0.475 lognormal
0.09331 10.0 7.0 100 0.1 gamma
0.33472 1.0 0.15 100 0.5 lognormal
0.09248 10.0 7.5 100 0.1 gamma
0.02457 1.0 0.175 100 0.025 lognormal
0.09573 10.0 8.0 100 0.1 gamma
0.04979 1.0 0.175 100 0.05 lognormal
0.09549 10.0 8.5 100 0.1 gamma
0.0721 1.0 0.175 100 0.075 lognormal
0.0912 10.0 9.0 100 0.1 gamma
0.0951 1.0 0.175 100 0.1 lognormal
0.09568 10.0 9.5 100 0.1 gamma
0.11423 1.0 0.175 100 0.125 lognormal
0.09234 10.0 10.0 100 0.1 gamma
0.13669 1.0 0.175 100 0.15 lognormal
0.11373 10.0 2.0 100 0.125 gamma
0.15804 1.0 0.175 100 0.175 lognormal
0.10926 10.0 2.5 100 0.125 gamma
0.17618 1.0 0.175 100 0.2 lognormal
0.1127 10.0 3.0 100 0.125 gamma
0.18946 1.0 0.175 100 0.225 lognormal
0.11334 10.0 3.5 100 0.125 gamma
0.20881 1.0 0.175 100 0.25 lognormal
0.11355 10.0 4.0 100 0.125 gamma
0.23223 1.0 0.175 100 0.275 lognormal
0.11418 10.0 4.5 100 0.125 gamma
0.23558 1.0 0.175 100 0.3 lognormal
0.11471 10.0 5.0 100 0.125 gamma
0.2496 1.0 0.175 100 0.325 lognormal
0.11632 10.0 5.5 100 0.125 gamma
0.27823 1.0 0.175 100 0.35 lognormal
0.11607 10.0 6.0 100 0.125 gamma
0.28446 1.0 0.175 100 0.375 lognormal
0.11468 10.0 6.5 100 0.125 gamma
0.31968 1.0 0.175 100 0.4 lognormal
0.11816 10.0 7.0 100 0.125 gamma
0.30784 1.0 0.175 100 0.425 lognormal
0.1154 10.0 7.5 100 0.125 gamma
0.33679 1.0 0.175 100 0.45 lognormal
0.34949 1.0 0.175 100 0.475 lognormal
0.11672 10.0 8.0 100 0.125 gamma
0.34963 1.0 0.175 100 0.5 lognormal
0.11366 10.0 8.5 100 0.125 gamma
0.02463 1.0 0.2 100 0.025 lognormal
0.119 10.0 9.0 100 0.125 gamma
0.04716 1.0 0.2 100 0.05 lognormal
0.11127 10.0 9.5 100 0.125 gamma
0.07002 1.0 0.2 100 0.075 lognormal
0.11696 10.0 10.0 100 0.125 gamma
0.09458 1.0 0.2 100 0.1 lognormal
0.12838 10.0 2.0 100 0.15 gamma
0.11592 1.0 0.2 100 0.125 lognormal
0.1286 10.0 2.5 100 0.15 gamma
0.1327 1.0 0.2 100 0.15 lognormal
0.12963 10.0 3.0 100 0.15 gamma
0.15505 1.0 0.2 100 0.175 lognormal
0.13658 10.0 3.5 100 0.15 gamma
0.17697 1.0 0.2 100 0.2 lognormal
0.13925 10.0 4.0 100 0.15 gamma
0.19104 1.0 0.2 100 0.225 lognormal
0.13535 10.0 4.5 100 0.15 gamma
0.21004 1.0 0.2 100 0.25 lognormal
0.13543 10.0 5.0 100 0.15 gamma
0.23479 1.0 0.2 100 0.275 lognormal
0.1378 10.0 5.5 100 0.15 gamma
0.23411 1.0 0.2 100 0.3 lognormal
0.13572 10.0 6.0 100 0.15 gamma
0.25422 1.0 0.2 100 0.325 lognormal
0.14073 10.0 6.5 100 0.15 gamma
0.27276 1.0 0.2 100 0.35 lognormal
0.13486 10.0 7.0 100 0.15 gamma
0.28968 1.0 0.2 100 0.375 lognormal
0.13238 10.0 7.5 100 0.15 gamma
0.29994 1.0 0.2 100 0.4 lognormal
0.13328 10.0 8.0 100 0.15 gamma
0.30556 1.0 0.2 100 0.425 lognormal
0.13578 10.0 8.5 100 0.15 gamma
0.31984 1.0 0.2 100 0.45 lognormal
0.13604 10.0 9.0 100 0.15 gamma
0.31722 1.0 0.2 100 0.475 lognormal
0.36118 1.0 0.2 100 0.5 lognormal
0.13298 10.0 9.5 100 0.15 gamma
0.02481 1.0 0.225 100 0.025 lognormal
0.13472 10.0 10.0 100 0.15 gamma
0.15665 10.0 2.0 100 0.175 gamma
0.04918 1.0 0.225 100 0.05 lognormal
0.15632 10.0 2.5 100 0.175 gamma
0.06963 1.0 0.225 100 0.075 lognormal
0.15538 10.0 3.0 100 0.175 gamma
0.09397 1.0 0.225 100 0.1 lognormal
0.15247 10.0 3.5 100 0.175 gamma
0.11466 1.0 0.225 100 0.125 lognormal
0.14692 10.0 4.0 100 0.175 gamma
0.13334 1.0 0.225 100 0.15 lognormal
0.15808 10.0 4.5 100 0.175 gamma
0.15337 1.0 0.225 100 0.175 lognormal
0.16079 10.0 5.0 100 0.175 gamma
0.16094 1.0 0.225 100 0.2 lognormal
0.15555 10.0 5.5 100 0.175 gamma
0.19734 1.0 0.225 100 0.225 lognormal
0.15663 10.0 6.0 100 0.175 gamma
0.20882 1.0 0.225 100 0.25 lognormal
0.15432 10.0 6.5 100 0.175 gamma
0.21389 1.0 0.225 100 0.275 lognormal
0.15103 10.0 7.0 100 0.175 gamma
0.24293 1.0 0.225 100 0.3 lognormal
0.26354 1.0 0.225 100 0.325 lognormal
0.15896 10.0 7.5 100 0.175 gamma
0.2642 1.0 0.225 100 0.35 lognormal
0.15749 10.0 8.0 100 0.175 gamma
0.28658 1.0 0.225 100 0.375 lognormal
0.14716 10.0 8.5 100 0.175 gamma
0.28901 1.0 0.225 100 0.4 lognormal
0.15668 10.0 9.0 100 0.175 gamma
0.3141 1.0 0.225 100 0.425 lognormal
0.14787 10.0 9.5 100 0.175 gamma
0.30129 1.0 0.225 100 0.45 lognormal
0.1517 10.0 10.0 100 0.175 gamma
0.34317 1.0 0.225 100 0.475 lognormal
0.1716 10.0 2.0 100 0.2 gamma
0.34314 1.0 0.225 100 0.5 lognormal
0.1718 10.0 2.5 100 0.2 gamma
0.02467 1.0 0.25 100 0.025 lognormal
0.17502 10.0 3.0 100 0.2 gamma
0.04762 1.0 0.25 100 0.05 lognormal
0.17356 10.0 3.5 100 0.2 gamma
0.07243 1.0 0.25 100 0.075 lognormal
0.17209 10.0 4.0 100 0.2 gamma
0.0978 1.0 0.25 100 0.1 lognormal
0.17952 10.0 4.5 100 0.2 gamma
0.11795 1.0 0.25 100 0.125 lognormal
0.17629 10.0 5.0 100 0.2 gamma
0.13643 1.0 0.25 100 0.15 lognormal
0.17253 10.0 5.5 100 0.2 gamma
0.15284 1.0 0.25 100 0.175 lognormal
0.17353 10.0 6.0 100 0.2 gamma
0.17241 1.0 0.25 100 0.2 lognormal
0.16741 10.0 6.5 100 0.2 gamma
0.19844 1.0 0.25 100 0.225 lognormal
0.17724 10.0 7.0 100 0.2 gamma
0.17366 10.0 7.5 100 0.2 gamma
0.17341 10.0 8.0 100 0.2 gamma
0.17343 10.0 8.5 100 0.2 gamma
0.36846 1.0 0.1 1000 0.5 lognormal
0.16475 10.0 9.0 100 0.2 gamma
0.17785 10.0 9.5 100 0.2 gamma
0.38485 1.0 0.1 1000 0.525 lognormal
0.17539 10.0 10.0 100 0.2 gamma
0.39051 1.0 0.1 100000 0.5 lognormal
0.19287 10.0 2.0 100 0.225 gamma
0.39751 1.0 0.1 1000 0.55 lognormal
0.19097 10.0 2.5 100 0.225 gamma
0.18961 10.0 3.0 100 0.225 gamma
0.4047 1.0 0.1 1000 0.575 lognormal
0.4035 1.0 0.1 100000 0.525 lognormal
0.19064 10.0 3.5 100 0.225 gamma
0.18287 10.0 4.0 100 0.225 gamma
0.42255 1.0 0.1 1000 0.6 lognormal
0.19396 10.0 4.5 100 0.225 gamma
0.18873 10.0 5.0 100 0.225 gamma
0.41627 1.0 0.1 100000 0.55 lognormal
0.43877 1.0 0.1 1000 0.625 lognormal
0.19307 10.0 5.5 100 0.225 gamma
0.189 10.0 6.0 100 0.225 gamma
0.44911 1.0 0.1 1000 0.65 lognormal
0.19592 10.0 6.5 100 0.225 gamma
0.4324 1.0 0.1 100000 0.575 lognormal
0.1877 10.0 7.0 100 0.225 gamma
0.45556 1.0 0.1 1000 0.675 lognormal
0.1871 10.0 7.5 100 0.225 gamma
0.19487 10.0 8.0 100 0.225 gamma
0.446 1.0 0.1 100000 0.6 lognormal
0.46889 1.0 0.1 1000 0.7 lognormal
0.19511 10.0 8.5 100 0.225 gamma
0.19269 10.0 9.0 100 0.225 gamma
0.47511 1.0 0.1 1000 0.725 lognormal
0.19328 10.0 9.5 100 0.225 gamma
0.45633 1.0 0.1 100000 0.625 lognormal
0.18831 10.0 10.0 100 0.225 gamma
0.48004 1.0 0.1 1000 0.75 lognormal
0.20529 10.0 2.0 100 0.25 gamma
0.2141 10.0 2.5 100 0.25 gamma
0.02489 1.0 0.125 1000 0.025 lognormal
0.2112 10.0 3.0 100 0.25 gamma
0.47273 1.0 0.1 100000 0.65 lognormal
0.04701 1.0 0.125 1000 0.05 lognormal
0.20296 10.0 3.5 100 0.25 gamma
0.19976 10.0 4.0 100 0.25 gamma
0.07273 1.0 0.125 1000 0.075 lognormal
0.20404 10.0 4.5 100 0.25 gamma
0.48318 1.0 0.1 100000 0.675 lognormal
0.09529 1.0 0.125 1000 0.1 lognormal
0.19652 10.0 5.0 100 0.25 gamma
0.11822 1.0 0.125 1000 0.125 lognormal
0.20913 10.0 5.5 100 0.25 gamma
0.21089 10.0 6.0 100 0.25 gamma
0.49357 1.0 0.1 100000 0.7 lognormal
0.13791 1.0 0.125 1000 0.15 lognormal
0.21071 10.0 6.5 100 0.25 gamma
0.15634 1.0 0.125 1000 0.175 lognormal
0.20725 10.0 7.0 100 0.25 gamma
0.20939 10.0 7.5 100 0.25 gamma
0.17915 1.0 0.125 1000 0.2 lognormal
0.50901 1.0 0.1 100000 0.725 lognormal
0.21873 10.0 8.0 100 0.25 gamma
0.19669 1.0 0.125 1000 0.225 lognormal
0.20584 10.0 8.5 100 0.25 gamma
0.2084 10.0 9.0 100 0.25 gamma
0.21537 1.0 0.125 1000 0.25 lognormal
0.5224 1.0 0.1 100000 0.75 lognormal
0.19826 10.0 9.5 100 0.25 gamma
0.23411 1.0 0.125 1000 0.275 lognormal
0.2037 10.0 10.0 100 0.25 gamma
0.02446 1.0 0.125 100000 0.025 lognormal
0.23277 10.0 2.0 100 0.275 gamma
0.25335 1.0 0.125 1000 0.3 lognormal
0.04878 1.0 0.125 100000 0.05 lognormal
0.22534 10.0 2.5 100 0.275 gamma
0.27229 1.0 0.125 1000 0.325 lognormal
0.22689 10.0 3.0 100 0.275 gamma
0.07171 1.0 0.125 100000 0.075 lognormal
0.28975 1.0 0.125 1000 0.35 lognormal
0.21864 10.0 3.5 100 0.275 gamma
0.22454 10.0 4.0 100 0.275 gamma
0.30436 1.0 0.125 1000 0.375 lognormal
0.09628 1.0 0.125 100000 0.1 lognormal
0.24143 10.0 4.5 100 0.275 gamma
0.23243 10.0 5.0 100 0.275 gamma
0.31569 1.0 0.125 1000 0.4 lognormal
0.11787 1.0 0.125 100000 0.125 lognormal
0.23364 10.0 5.5 100 0.275 gamma
0.23206 10.0 6.0 100 0.275 gamma
0.32735 1.0 0.125 1000 0.425 lognormal
0.14071 1.0 0.125 100000 0.15 lognormal
0.22605 10.0 6.5 100 0.275 gamma
0.22024 10.0 7.0 100 0.275 gamma
0.15887 1.0 0.125 100000 0.175 lognormal
0.34732 1.0 0.125 1000 0.45 lognormal
0.21956 10.0 7.5 100 0.275 gamma
0.2342 10.0 8.0 100 0.275 gamma
0.18133 1.0 0.125 100000 0.2 lognormal
0.21928 10.0 8.5 100 0.275 gamma
0.35824 1.0 0.125 1000 0.475 lognormal
0.21971 10.0 9.0 100 0.275 gamma
0.21304 10.0 9.5 100 0.275 gamma
0.3691 1.0 0.125 1000 0.5 lognormal
0.19992 1.0 0.125 100000 0.225 lognormal
0.2368 10.0 10.0 100 0.275 gamma
0.24582 10.0 2.0 100 0.3 gamma
0.37451 1.0 0.125 1000 0.525 lognormal
0.22038 1.0 0.125 100000 0.25 lognormal
0.24383 10.0 2.5 100 0.3 gamma
0.24018 10.0 3.0 100 0.3 gamma
0.39652 1.0 0.125 1000 0.55 lognormal
0.23751 10.0 3.5 100 0.3 gamma
0.24071 1.0 0.125 100000 0.275 lognormal
0.24949 10.0 4.0 100 0.3 gamma
0.40804 1.0 0.125 1000 0.575 lognormal
0.23783 10.0 4.5 100 0.3 gamma
0.23548 10.0 5.0 100 0.3 gamma
0.25844 1.0 0.125 100000 0.3 lognormal
0.4208 1.0 0.125 1000 0.6 lognormal
0.23457 10.0 5.5 100 0.3 gamma
0.23839 10.0 6.0 100 0.3 gamma
0.44228 1.0 0.125 1000 0.625 lognormal
0.27568 1.0 0.125 100000 0.325 lognormal
0.24414 10.0 6.5 100 0.3 gamma
0.22541 10.0 7.0 100 0.3 gamma
0.44471 1.0 0.125 1000 0.65 lognormal
0.23412 10.0 7.5 100 0.3 gamma
0.29383 1.0 0.125 100000 0.35 lognormal
0.44777 1.0 0.125 1000 0.675 lognormal
0.24048 10.0 8.0 100 0.3 gamma
0.23308 10.0 8.5 100 0.3 gamma
0.45798 1.0 0.125 1000 0.7 lognormal
0.31279 1.0 0.125 100000 0.375 lognormal
0.24722 10.0 9.0 100 0.3 gamma
0.23627 10.0 9.5 100 0.3 gamma
0.46197 1.0 0.125 1000 0.725 lognormal
0.23929 10.0 10.0 100 0.3 gamma
0.32524 1.0 0.125 100000 0.4 lognormal
0.25172 10.0 2.0 100 0.325 gamma
0.49508 1.0 0.125 1000 0.75 lognormal
0.2576 10.0 2.5 100 0.325 gamma
0.2663 10.0 3.0 100 0.325 gamma
0.02442 1.0 0.15 1000 0.025 lognormal
0.34464 1.0 0.125 100000 0.425 lognormal
0.25715 10.0 3.5 100 0.325 gamma
0.0484 1.0 0.15 1000 0.05 lognormal
0.25958 10.0 4.0 100 0.325 gamma
0.24609 10.0 4.5 100 0.325 gamma
0.07244 1.0 0.15 1000 0.075 lognormal
0.36038 1.0 0.125 100000 0.45 lognormal
0.25149 10.0 5.0 100 0.325 gamma
0.09447 1.0 0.15 1000 0.1 lognormal
0.25908 10.0 5.5 100 0.325 gamma
0.25294 10.0 6.0 100 0.325 gamma
0.11447 1.0 0.15 1000 0.125 lognormal
0.37483 1.0 0.125 100000 0.475 lognormal
0.2484 10.0 6.5 100 0.325 gamma
0.13834 1.0 0.15 1000 0.15 lognormal
0.25168 10.0 7.0 100 0.325 gamma
0.25934 10.0 7.5 100 0.325 gamma
0.15877 1.0 0.15 1000 0.175 lognormal
0.39041 1.0 0.125 100000 0.5 lognormal
0.24761 10.0 8.0 100 0.325 gamma
0.18095 1.0 0.15 1000 0.2 lognormal
0.26541 10.0 8.5 100 0.325 gamma
0.24379 10.0 9.0 100 0.325 gamma
0.19838 1.0 0.15 1000 0.225 lognormal
0.40462 1.0 0.125 100000 0.525 lognormal
0.24371 10.0 9.5 100 0.325 gamma
0.21748 1.0 0.15 1000 0.25 lognormal
0.26382 10.0 10.0 100 0.325 gamma
0.23133 1.0 0.15 1000 0.275 lognormal
0.27003 10.0 2.0 100 0.35 gamma
0.27762 10.0 2.5 100 0.35 gamma
0.41653 1.0 0.125 100000 0.55 lognormal
0.25373 1.0 0.15 1000 0.3 lognormal
0.27921 10.0 3.0 100 0.35 gamma
0.27803 1.0 0.15 1000 0.325 lognormal
0.26455 10.0 3.5 100 0.35 gamma
0.25208 10.0 4.0 100 0.35 gamma
0.43195 1.0 0.125 100000 0.575 lognormal
0.28358 1.0 0.15 1000 0.35 lognormal
0.26518 10.0 4.5 100 0.35 gamma
0.26025 10.0 5.0 100 0.35 gamma
0.2828 10.0 5.5 100 0.35 gamma
0.29831 1.0 0.15 1000 0.375 lognormal
0.44585 1.0 0.125 100000 0.6 lognormal
0.27306 10.0 6.0 100 0.35 gamma
0.27234 10.0 6.5 100 0.35 gamma
0.31028 1.0 0.15 1000 0.4 lognormal
0.26608 10.0 7.0 100 0.35 gamma
0.46212 1.0 0.125 100000 0.625 lognormal
0.27907 10.0 7.5 100 0.35 gamma
0.32917 1.0 0.15 1000 0.425 lognormal
0.27765 10.0 8.0 100 0.35 gamma
0.27389 10.0 8.5 100 0.35 gamma
0.34493 1.0 0.15 1000 0.45 lognormal
0.26797 10.0 9.0 100 0.35 gamma
0.47053 1.0 0.125 100000 0.65 lognormal
0.2672 10.0 9.5 100 0.35 gamma
0.36192 1.0 0.15 1000 0.475 lognormal
0.29171 10.0 10.0 100 0.35 gamma
0.28081 10.0 2.0 100 0.375 gamma
0.48353 1.0 0.125 100000 0.675 lognormal
0.36727 1.0 0.15 1000 0.5 lognormal
0.29327 10.0 2.5 100 0.375 gamma
0.28881 10.0 3.0 100 0.375 gamma
0.38577 1.0 0.15 1000 0.525 lognormal
0.28253 10.0 3.5 100 0.375 gamma
0.28389 10.0 4.0 100 0.375 gamma
0.4958 1.0 0.125 100000 0.7 lognormal
0.29266 10.0 4.5 100 0.375 gamma
0.39777 1.0 0.15 1000 0.55 lognormal
0.29364 10.0 5.0 100 0.375 gamma
0.2791 10.0 5.5 100 0.375 gamma
0.40755 1.0 0.15 1000 0.575 lognormal
0.50834 1.0 0.125 100000 0.725 lognormal
0.26105 10.0 6.0 100 0.375 gamma
0.29251 10.0 6.5 100 0.375 gamma
0.42334 1.0 0.15 1000 0.6 lognormal
0.28551 10.0 7.0 100 0.375 gamma
0.51585 1.0 0.125 100000 0.75 lognormal
0.29565 10.0 7.5 100 0.375 gamma
0.42488 1.0 0.15 1000 0.625 lognormal
0.02426 1.0 0.15 100000 0.025 lognormal
0.28281 10.0 8.0 100 0.375 gamma
0.2853 10.0 8.5 100 0.375 gamma
0.45433 1.0 0.15 1000 0.65 lognormal
0.25976 10.0 9.0 100 0.375 gamma
0.44077 1.0 0.15 1000 0.675 lognormal
0.27805 10.0 9.5 100 0.375 gamma
0.07274 1.0 0.15 100000 0.075 lognormal
0.27804 10.0 10.0 100 0.375 gamma
0.47057 1.0 0.15 1000 0.7 lognormal
0.29411 10.0 2.0 100 0.4 gamma
0.09442 1.0 0.15 100000 0.1 lognormal
0.29925 10.0 2.5 100 0.4 gamma
0.47488 1.0 0.15 1000 0.725 lognormal
0.2975 10.0 3.0 100 0.4 gamma
0.11575 1.0 0.15 100000 0.125 lognormal
0.31671 10.0 3.5 100 0.4 gamma
0.47455 1.0 0.15 1000 0.75 lognormal
0.28592 10.0 4.0 100 0.4 gamma
0.13776 1.0 0.15 100000 0.15 lognormal
0.28831 10.0 4.5 100 0.4 gamma
0.02509 1.0 0.175 1000 0.025 lognormal
0.29662 10.0 5.0 100 0.4 gamma
0.04885 1.0 0.175 1000 0.05 lognormal
0.15981 1.0 0.15 100000 0.175 lognormal
0.29961 10.0 5.5 100 0.4 gamma
0.30823 10.0 6.0 100 0.4 gamma
0.07026 1.0 0.175 1000 0.075 lognormal
0.30575 10.0 6.5 100 0.4 gamma
0.18158 1.0 0.15 100000 0.2 lognormal
0.09514 1.0 0.175 1000 0.1 lognormal
0.2871 10.0 7.0 100 0.4 gamma
0.30011 10.0 7.5 100 0.4 gamma
0.11666 1.0 0.175 1000 0.125 lognormal
0.2976 10.0 8.0 100 0.4 gamma
0.19871 1.0 0.15 100000 0.225 lognormal
0.13716 1.0 0.175 1000 0.15 lognormal
0.29676 10.0 8.5 100 0.4 gamma
0.29793 10.0 9.0 100 0.4 gamma
0.15621 1.0 0.175 1000 0.175 lognormal
0.30558 10.0 9.5 100 0.4 gamma
0.21806 1.0 0.15 100000 0.25 lognormal
0.17612 1.0 0.175 1000 0.2 lognormal
0.28769 10.0 10.0 100 0.4 gamma
0.29894 10.0 2.0 100 0.425 gamma
0.1962 1.0 0.175 1000 0.225 lognormal
0.23979 1.0 0.15 100000 0.275 lognormal
0.31132 10.0 2.5 100 0.425 gamma
0.21782 1.0 0.175 1000 0.25 lognormal
0.30844 10.0 3.0 100 0.425 gamma
0.31611 10.0 3.5 100 0.425 gamma
0.23195 1.0 0.175 1000 0.275 lognormal
0.25865 1.0 0.15 100000 0.3 lognormal
0.31557 10.0 4.0 100 0.425 gamma
0.30952 10.0 4.5 100 0.425 gamma
0.25283 1.0 0.175 1000 0.3 lognormal
0.31528 10.0 5.0 100 0.425 gamma
0.27837 1.0 0.15 100000 0.325 lognormal
0.30215 10.0 5.5 100 0.425 gamma
0.2637 1.0 0.175 1000 0.325 lognormal
0.31062 10.0 6.0 100 0.425 gamma
0.30185 10.0 6.5 100 0.425 gamma
0.2921 1.0 0.15 100000 0.35 lognormal
0.28527 1.0 0.175 1000 0.35 lognormal
0.32574 10.0 7.0 100 0.425 gamma
0.31252 10.0 7.5 100 0.425 gamma
0.29638 10.0 8.0 100 0.425 gamma
0.29911 1.0 0.175 1000 0.375 lognormal
0.31115 1.0 0.15 100000 0.375 lognormal
0.28832 10.0 8.5 100 0.425 gamma
0.31763 10.0 9.0 100 0.425 gamma
0.31265 1.0 0.175 1000 0.4 lognormal
0.30165 10.0 9.5 100 0.425 gamma
0.32478 1.0 0.15 100000 0.4 lognormal
0.30247 10.0 10.0 100 0.425 gamma
0.32922 1.0 0.175 1000 0.425 lognormal
0.3098 10.0 2.0 100 0.45 gamma
0.31943 10.0 2.5 100 0.45 gamma
0.34761 1.0 0.175 1000 0.45 lognormal
0.34248 1.0 0.15 100000 0.425 lognormal
0.32471 10.0 3.0 100 0.45 gamma
0.32826 10.0 3.5 100 0.45 gamma
0.35536 1.0 0.175 1000 0.475 lognormal
0.31226 10.0 4.0 100 0.45 gamma
0.32967 10.0 4.5 100 0.45 gamma
0.35628 1.0 0.15 100000 0.45 lognormal
0.36729 1.0 0.175 1000 0.5 lognormal
0.31394 10.0 5.0 100 0.45 gamma
0.30817 10.0 5.5 100 0.45 gamma
0.378 1.0 0.175 1000 0.525 lognormal
0.30859 10.0 6.0 100 0.45 gamma
0.37542 1.0 0.15 100000 0.475 lognormal
0.31633 10.0 6.5 100 0.45 gamma
0.39574 1.0 0.175 1000 0.55 lognormal
0.31574 10.0 7.0 100 0.45 gamma
0.31042 10.0 7.5 100 0.45 gamma
0.39087 1.0 0.15 100000 0.5 lognormal
0.40801 1.0 0.175 1000 0.575 lognormal
0.30937 10.0 8.0 100 0.45 gamma
0.31438 10.0 8.5 100 0.45 gamma
0.42118 1.0 0.175 1000 0.6 lognormal
0.31296 10.0 9.0 100 0.45 gamma
0.40396 1.0 0.15 100000 0.525 lognormal
0.30726 10.0 9.5 100 0.45 gamma
0.42811 1.0 0.175 1000 0.625 lognormal
0.31261 10.0 10.0 100 0.45 gamma
0.31814 10.0 2.0 100 0.475 gamma
0.41414 1.0 0.15 100000 0.55 lognormal
0.44185 1.0 0.175 1000 0.65 lognormal
0.3247 10.0 2.5 100 0.475 gamma
0.33915 10.0 3.0 100 0.475 gamma
0.45222 1.0 0.175 1000 0.675 lognormal
0.35945 10.0 3.5 100 0.475 gamma
0.42892 1.0 0.15 100000 0.575 lognormal
0.32377 10.0 4.0 100 0.475 gamma
0.46739 1.0 0.175 1000 0.7 lognormal
0.33774 10.0 4.5 100 0.475 gamma
0.32264 10.0 5.0 100 0.475 gamma
0.47141 1.0 0.175 1000 0.725 lognormal
0.44698 1.0 0.15 100000 0.6 lognormal
0.33028 10.0 5.5 100 0.475 gamma
0.33081 10.0 6.0 100 0.475 gamma
0.4794 1.0 0.175 1000 0.75 lognormal
0.32823 10.0 6.5 100 0.475 gamma
0.02395 1.0 0.2 1000 0.025 lognormal
0.45895 1.0 0.15 100000 0.625 lognormal
0.29917 10.0 7.0 100 0.475 gamma
0.33432 10.0 7.5 100 0.475 gamma
0.04855 1.0 0.2 1000 0.05 lognormal
0.35771 10.0 8.0 100 0.475 gamma
0.07151 1.0 0.2 1000 0.075 lognormal
0.329 10.0 8.5 100 0.475 gamma
0.47162 1.0 0.15 100000 0.65 lognormal
0.33134 10.0 9.0 100 0.475 gamma
0.09407 1.0 0.2 1000 0.1 lognormal
0.35263 10.0 9.5 100 0.475 gamma
0.11705 1.0 0.2 1000 0.125 lognormal
0.31857 10.0 10.0 100 0.475 gamma
0.31327 10.0 2.0 100 0.5 gamma
0.48249 1.0 0.15 100000 0.675 lognormal
0.13807 1.0 0.2 1000 0.15 lognormal
0.34807 10.0 2.5 100 0.5 gamma
0.15775 1.0 0.2 1000 0.175 lognormal
0.35014 10.0 3.0 100 0.5 gamma
0.34829 10.0 3.5 100 0.5 gamma
0.17736 1.0 0.2 1000 0.2 lognormal
0.34275 10.0 4.0 100 0.5 gamma
0.49357 1.0 0.15 100000 0.7 lognormal
0.33662 10.0 4.5 100 0.5 gamma
0.19773 1.0 0.2 1000 0.225 lognormal
0.34877 10.0 5.0 100 0.5 gamma
0.21745 1.0 0.2 1000 0.25 lognormal
0.3437 10.0 5.5 100 0.5 gamma
0.34649 10.0 6.0 100 0.5 gamma
0.50569 1.0 0.15 100000 0.725 lognormal
0.34283 10.0 6.5 100 0.5 gamma
0.23568 1.0 0.2 1000 0.275 lognormal
0.33658 10.0 7.0 100 0.5 gamma
0.33943 10.0 7.5 100 0.5 gamma
0.24728 1.0 0.2 1000 0.3 lognormal
0.33816 10.0 8.0 100 0.5 gamma
0.51736 1.0 0.15 100000 0.75 lognormal
0.32353 10.0 8.5 100 0.5 gamma
0.27263 1.0 0.2 1000 0.325 lognormal
0.02473 1.0 0.175 100000 0.025 lognormal
0.33827 10.0 9.0 100 0.5 gamma
0.3475 10.0 9.5 100 0.5 gamma
0.28561 1.0 0.2 1000 0.35 lognormal
0.0488 1.0 0.175 100000 0.05 lognormal
0.35759 10.0 10.0 100 0.5 gamma
0.0725 1.0 0.175 100000 0.075 lognormal
0.3052 1.0 0.2 1000 0.375 lognormal
0.09544 1.0 0.175 100000 0.1 lognormal
0.31629 1.0 0.2 1000 0.4 lognormal
0.1182 1.0 0.175 100000 0.125 lognormal
0.33116 1.0 0.2 1000 0.425 lognormal
0.13873 1.0 0.175 100000 0.15 lognormal
0.3376 1.0 0.2 1000 0.45 lognormal
0.35602 1.0 0.2 1000 0.475 lognormal
0.16001 1.0 0.175 100000 0.175 lognormal
0.3732 1.0 0.2 1000 0.5 lognormal
0.18072 1.0 0.175 100000 0.2 lognormal
0.38981 1.0 0.2 1000 0.525 lognormal
0.1974 1.0 0.175 100000 0.225 lognormal
0.38805 1.0 0.2 1000 0.55 lognormal
0.4062 1.0 0.2 1000 0.575 lognormal
0.218 1.0 0.175 100000 0.25 lognormal
0.42349 1.0 0.2 1000 0.6 lognormal
0.24048 1.0 0.175 100000 0.275 lognormal
0.42383 1.0 0.2 1000 0.625 lognormal
0.44995 1.0 0.2 1000 0.65 lognormal
0.25615 1.0 0.175 100000 0.3 lognormal
0.44673 1.0 0.2 1000 0.675 lognormal
0.27259 1.0 0.175 100000 0.325 lognormal
0.45924 1.0 0.2 1000 0.7 lognormal
0.47514 1.0 0.2 1000 0.725 lognormal
0.29343 1.0 0.175 100000 0.35 lognormal
0.47259 1.0 0.2 1000 0.75 lognormal
0.02475 1.0 0.225 1000 0.025 lognormal
0.30852 1.0 0.175 100000 0.375 lognormal
0.04845 1.0 0.225 1000 0.05 lognormal
0.32714 1.0 0.175 100000 0.4 lognormal
0.07161 1.0 0.225 1000 0.075 lognormal
0.09645 1.0 0.225 1000 0.1 lognormal
0.11677 1.0 0.225 1000 0.125 lognormal
0.34354 1.0 0.175 100000 0.425 lognormal
0.13438 1.0 0.225 1000 0.15 lognormal
0.1589 1.0 0.225 1000 0.175 lognormal
0.35946 1.0 0.175 100000 0.45 lognormal
0.1787 1.0 0.225 1000 0.2 lognormal
0.19254 1.0 0.225 1000 0.225 lognormal
0.37219 1.0 0.175 100000 0.475 lognormal
0.21634 1.0 0.225 1000 0.25 lognormal
0.3879 1.0 0.175 100000 0.5 lognormal
0.23412 1.0 0.225 1000 0.275 lognormal
0.2544 1.0 0.225 1000 0.3 lognormal
0.40353 1.0 0.175 100000 0.525 lognormal
0.26831 1.0 0.225 1000 0.325 lognormal
0.41557 1.0 0.175 100000 0.55 lognormal
0.28747 1.0 0.225 1000 0.35 lognormal
0.3009 1.0 0.225 1000 0.375 lognormal
0.43305 1.0 0.175 100000 0.575 lognormal
0.32075 1.0 0.225 1000 0.4 lognormal
0.33182 1.0 0.225 1000 0.425 lognormal
0.44698 1.0 0.175 100000 0.6 lognormal
0.34406 1.0 0.225 1000 0.45 lognormal
0.3603 1.0 0.225 1000 0.475 lognormal
0.45811 1.0 0.175 100000 0.625 lognormal
0.3672 1.0 0.225 1000 0.5 lognormal
0.38582 1.0 0.225 1000 0.525 lognormal
0.47243 1.0 0.175 100000 0.65 lognormal
0.39648 1.0 0.225 1000 0.55 lognormal
0.41229 1.0 0.225 1000 0.575 lognormal
0.4844 1.0 0.175 100000 0.675 lognormal
0.41452 1.0 0.225 1000 0.6 lognormal
0.432 1.0 0.225 1000 0.625 lognormal
0.49511 1.0 0.175 100000 0.7 lognormal
0.44617 1.0 0.225 1000 0.65 lognormal
0.4555 1.0 0.225 1000 0.675 lognormal
0.50917 1.0 0.175 100000 0.725 lognormal
0.46634 1.0 0.225 1000 0.7 lognormal
0.46775 1.0 0.225 1000 0.725 lognormal
0.51695 1.0 0.175 100000 0.75 lognormal
0.47338 1.0 0.225 1000 0.75 lognormal
0.02499 1.0 0.2 100000 0.025 lognormal
0.02513 1.0 0.25 1000 0.025 lognormal
0.04862 1.0 0.25 1000 0.05 lognormal
0.04872 1.0 0.2 100000 0.05 lognormal
0.07221 1.0 0.25 1000 0.075 lognormal
0.07136 1.0 0.2 100000 0.075 lognormal
0.09508 1.0 0.25 1000 0.1 lognormal
0.09651 1.0 0.2 100000 0.1 lognormal
0.11559 1.0 0.25 1000 0.125 lognormal
0.13763 1.0 0.25 1000 0.15 lognormal
0.11831 1.0 0.2 100000 0.125 lognormal
0.1601 1.0 0.25 1000 0.175 lognormal
0.17704 1.0 0.25 1000 0.2 lognormal
0.13864 1.0 0.2 100000 0.15 lognormal
0.19638 1.0 0.25 1000 0.225 lognormal
0.16093 1.0 0.2 100000 0.175 lognormal
0.2172 1.0 0.25 1000 0.25 lognormal
0.18098 1.0 0.2 100000 0.2 lognormal
0.23498 1.0 0.25 1000 0.275 lognormal
0.20267 1.0 0.2 100000 0.225 lognormal
0.25239 1.0 0.25 1000 0.3 lognormal
0.2667 1.0 0.25 1000 0.325 lognormal
0.2181 1.0 0.2 100000 0.25 lognormal
0.28388 1.0 0.25 1000 0.35 lognormal
0.23896 1.0 0.2 100000 0.275 lognormal
0.29835 1.0 0.25 1000 0.375 lognormal
0.25714 1.0 0.2 100000 0.3 lognormal
0.3185 1.0 0.25 1000 0.4 lognormal
0.27666 1.0 0.2 100000 0.325 lognormal
0.3287 1.0 0.25 1000 0.425 lognormal
0.34677 1.0 0.25 1000 0.45 lognormal
0.29468 1.0 0.2 100000 0.35 lognormal
0.35083 1.0 0.25 1000 0.475 lognormal
0.36679 1.0 0.25 1000 0.5 lognormal
0.3112 1.0 0.2 100000 0.375 lognormal
0.38198 1.0 0.25 1000 0.525 lognormal
0.3269 1.0 0.2 100000 0.4 lognormal
0.39273 1.0 0.25 1000 0.55 lognormal
0.4084 1.0 0.25 1000 0.575 lognormal
0.34215 1.0 0.2 100000 0.425 lognormal
0.423 1.0 0.25 1000 0.6 lognormal
0.35789 1.0 0.2 100000 0.45 lognormal
0.42655 1.0 0.25 1000 0.625 lognormal
0.36973 1.0 0.1 100 0.5 lognormal
0.44472 1.0 0.25 1000 0.65 lognormal
0.3707 1.0 0.1 100 0.525 lognormal
0.3714 1.0 0.1 100 0.55 lognormal
0.45573 1.0 0.25 1000 0.675 lognormal
0.37163 1.0 0.1 100 0.575 lognormal
0.36711 1.0 0.1 100 0.6 lognormal
0.46249 1.0 0.25 1000 0.7 lognormal
0.4178 1.0 0.1 100 0.625 lognormal
0.39458 1.0 0.1 100 0.65 lognormal
0.47475 1.0 0.25 1000 0.725 lognormal
0.40355 1.0 0.1 100 0.675 lognormal
0.39924 1.0 0.1 100 0.7 lognormal
0.4896 1.0 0.25 1000 0.75 lognormal
0.42444 1.0 0.1 100 0.725 lognormal
0.40355 1.0 0.1 100 0.75 lognormal
0.02387 1.0 0.275 1000 0.025 lognormal
0.02488 1.0 0.125 100 0.025 lognormal
0.04744 1.0 0.275 1000 0.05 lognormal
0.04842 1.0 0.125 100 0.05 lognormal
0.07305 1.0 0.125 100 0.075 lognormal
0.07242 1.0 0.275 1000 0.075 lognormal
0.0925 1.0 0.125 100 0.1 lognormal
0.09374 1.0 0.275 1000 0.1 lognormal
0.11391 1.0 0.125 100 0.125 lognormal
0.13824 1.0 0.125 100 0.15 lognormal
0.11542 1.0 0.275 1000 0.125 lognormal
0.15389 1.0 0.125 100 0.175 lognormal
0.17888 1.0 0.125 100 0.2 lognormal
0.13728 1.0 0.275 1000 0.15 lognormal
0.19019 1.0 0.125 100 0.225 lognormal
0.15838 1.0 0.275 1000 0.175 lognormal
0.2087 1.0 0.125 100 0.25 lognormal
0.22274 1.0 0.125 100 0.275 lognormal
0.24803 1.0 0.125 100 0.3 lognormal
0.1785 1.0 0.275 1000 0.2 lognormal
0.25779 1.0 0.125 100 0.325 lognormal
0.27712 1.0 0.125 100 0.35 lognormal
0.19856 1.0 0.275 1000 0.225 lognormal
0.29335 1.0 0.125 100 0.375 lognormal
0.30296 1.0 0.125 100 0.4 lognormal
0.21522 1.0 0.275 1000 0.25 lognormal
0.31165 1.0 0.125 100 0.425 lognormal
0.31894 1.0 0.125 100 0.45 lognormal
0.34839 1.0 0.125 100 0.475 lognormal
0.23511 1.0 0.275 1000 0.275 lognormal
0.35329 1.0 0.125 100 0.5 lognormal
0.3273 1.0 0.125 100 0.525 lognormal
0.25337 1.0 0.275 1000 0.3 lognormal
0.35614 1.0 0.125 100 0.55 lognormal
0.35798 1.0 0.125 100 0.575 lognormal
0.26671 1.0 0.275 1000 0.325 lognormal
0.37313 1.0 0.125 100 0.6 lognormal
0.38514 1.0 0.125 100 0.625 lognormal
0.28184 1.0 0.275 1000 0.35 lognormal
0.38803 1.0 0.125 100 0.65 lognormal
0.41307 1.0 0.125 100 0.675 lognormal
0.41602 1.0 0.125 100 0.7 lognormal
0.30274 1.0 0.275 1000 0.375 lognormal
0.43536 1.0 0.125 100 0.725 lognormal
0.43796 1.0 0.125 100 0.75 lognormal
0.31544 1.0 0.275 1000 0.4 lognormal
0.02421 1.0 0.15 100 0.025 lognormal
0.0497 1.0 0.15 100 0.05 lognormal
0.33107 1.0 0.275 1000 0.425 lognormal
0.07269 1.0 0.15 100 0.075 lognormal
0.0951 1.0 0.15 100 0.1 lognormal
0.34103 1.0 0.275 1000 0.45 lognormal
0.11733 1.0 0.15 100 0.125 lognormal
0.13426 1.0 0.15 100 0.15 lognormal
0.3614 1.0 0.275 1000 0.475 lognormal
0.157 1.0 0.15 100 0.175 lognormal
0.16956 1.0 0.15 100 0.2 lognormal
0.36779 1.0 0.275 1000 0.5 lognormal
0.19313 1.0 0.15 100 0.225 lognormal
0.21654 1.0 0.15 100 0.25 lognormal
0.38635 1.0 0.275 1000 0.525 lognormal
0.22722 1.0 0.15 100 0.275 lognormal
0.24175 1.0 0.15 100 0.3 lognormal
0.39042 1.0 0.275 1000 0.55 lognormal
0.25626 1.0 0.15 100 0.325 lognormal
0.28203 1.0 0.15 100 0.35 lognormal
0.41744 1.0 0.275 1000 0.575 lognormal
0.28694 1.0 0.15 100 0.375 lognormal
0.31413 1.0 0.15 100 0.4 lognormal
0.42386 1.0 0.275 1000 0.6 lognormal
0.31626 1.0 0.15 100 0.425 lognormal
0.32428 1.0 0.15 100 0.45 lognormal
0.43814 1.0 0.275 1000 0.625 lognormal
0.33304 1.0 0.15 100 0.475 lognormal
0.34744 1.0 0.15 100 0.5 lognormal
0.44078 1.0 0.275 1000 0.65 lognormal
0.36257 1.0 0.15 100 0.525 lognormal
0.35252 1.0 0.15 100 0.55 lognormal
0.44185 1.0 0.275 1000 0.675 lognormal
0.36905 1.0 0.15 100 0.575 lognormal
0.3568 1.0 0.15 100 0.6 lognormal
0.46182 1.0 0.275 1000 0.7 lognormal
0.39319 1.0 0.15 100 0.625 lognormal
0.40294 1.0 0.15 100 0.65 lognormal
0.46831 1.0 0.275 1000 0.725 lognormal
0.41987 1.0 0.15 100 0.675 lognormal
0.39813 1.0 0.15 100 0.7 lognormal
0.48172 1.0 0.275 1000 0.75 lognormal
0.40523 1.0 0.15 100 0.725 lognormal
0.43126 1.0 0.15 100 0.75 lognormal
0.02404 1.0 0.3 1000 0.025 lognormal
0.0237 1.0 0.175 100 0.025 lognormal
0.04914 1.0 0.3 1000 0.05 lognormal
0.04809 1.0 0.175 100 0.05 lognormal
0.07247 1.0 0.3 1000 0.075 lognormal
0.07215 1.0 0.175 100 0.075 lognormal
0.09392 1.0 0.175 100 0.1 lognormal
0.0965 1.0 0.3 1000 0.1 lognormal
0.11348 1.0 0.175 100 0.125 lognormal
0.11389 1.0 0.3 1000 0.125 lognormal
0.1385 1.0 0.175 100 0.15 lognormal
0.14991 1.0 0.175 100 0.175 lognormal
0.17722 1.0 0.175 100 0.2 lognormal
0.13585 1.0 0.3 1000 0.15 lognormal
0.19846 1.0 0.175 100 0.225 lognormal
0.15772 1.0 0.3 1000 0.175 lognormal
0.20348 1.0 0.175 100 0.25 lognormal
0.21936 1.0 0.175 100 0.275 lognormal
0.1754 1.0 0.3 1000 0.2 lognormal
0.24067 1.0 0.175 100 0.3 lognormal
0.25107 1.0 0.175 100 0.325 lognormal
0.25096 1.0 0.175 100 0.35 lognormal
0.19769 1.0 0.3 1000 0.225 lognormal
0.29581 1.0 0.175 100 0.375 lognormal
0.30457 1.0 0.175 100 0.4 lognormal
0.21672 1.0 0.3 1000 0.25 lognormal
0.31223 1.0 0.175 100 0.425 lognormal
0.32939 1.0 0.175 100 0.45 lognormal
0.23438 1.0 0.3 1000 0.275 lognormal
0.33603 1.0 0.175 100 0.475 lognormal
0.33776 1.0 0.175 100 0.5 lognormal
0.35209 1.0 0.175 100 0.525 lognormal
0.25004 1.0 0.3 1000 0.3 lognormal
0.36426 1.0 0.175 100 0.55 lognormal
0.37146 1.0 0.175 100 0.575 lognormal
0.26772 1.0 0.3 1000 0.325 lognormal
0.38613 1.0 0.175 100 0.6 lognormal
0.39872 1.0 0.175 100 0.625 lognormal
0.28308 1.0 0.3 1000 0.35 lognormal
0.39312 1.0 0.175 100 0.65 lognormal
0.40045 1.0 0.175 100 0.675 lognormal
0.40605 1.0 0.175 100 0.7 lognormal
0.3014 1.0 0.3 1000 0.375 lognormal
0.42412 1.0 0.175 100 0.725 lognormal
0.42874 1.0 0.175 100 0.75 lognormal
0.31651 1.0 0.3 1000 0.4 lognormal
0.02426 1.0 0.2 100 0.025 lognormal
0.04691 1.0 0.2 100 0.05 lognormal
0.33377 1.0 0.3 1000 0.425 lognormal
0.07248 1.0 0.2 100 0.075 lognormal
0.09228 1.0 0.2 100 0.1 lognormal
0.34936 1.0 0.3 1000 0.45 lognormal
0.11696 1.0 0.2 100 0.125 lognormal
0.13708 1.0 0.2 100 0.15 lognormal
0.35517 1.0 0.3 1000 0.475 lognormal
0.14572 1.0 0.2 100 0.175 lognormal
0.37018 1.0 0.3 1000 0.5 lognormal
0.17417 1.0 0.2 100 0.2 lognormal
0.19099 1.0 0.2 100 0.225 lognormal
0.38156 1.0 0.3 1000 0.525 lognormal
0.20713 1.0 0.2 100 0.25 lognormal
0.2287 1.0 0.2 100 0.275 lognormal
0.39909 1.0 0.3 1000 0.55 lognormal
0.24608 1.0 0.2 100 0.3 lognormal
0.25747 1.0 0.2 100 0.325 lognormal
0.40827 1.0 0.3 1000 0.575 lognormal
0.27268 1.0 0.2 100 0.35 lognormal
0.26962 1.0 0.2 100 0.375 lognormal
0.41362 1.0 0.3 1000 0.6 lognormal
0.29586 1.0 0.2 100 0.4 lognormal
0.29578 1.0 0.2 100 0.425 lognormal
0.43381 1.0 0.3 1000 0.625 lognormal
0.33002 1.0 0.2 100 0.45 lognormal
0.35117 1.0 0.2 100 0.475 lognormal
0.44049 1.0 0.3 1000 0.65 lognormal
0.35102 1.0 0.2 100 0.5 lognormal
0.35135 1.0 0.2 100 0.525 lognormal
0.45057 1.0 0.3 1000 0.675 lognormal
0.34055 1.0 0.2 100 0.55 lognormal
0.36737 1.0 0.2 100 0.575 lognormal
0.46867 1.0 0.3 1000 0.7 lognormal
0.37669 1.0 0.2 100 0.6 lognormal
0.37648 1.0 0.2 100 0.625 lognormal
0.46353 1.0 0.3 1000 0.725 lognormal
0.38591 1.0 0.2 100 0.65 lognormal
0.40606 1.0 0.2 100 0.675 lognormal
0.47607 1.0 0.3 1000 0.75 lognormal
0.44671 1.0 0.2 100 0.7 lognormal
0.41942 1.0 0.2 100 0.725 lognormal
0.0245 1.0 0.325 1000 0.025 lognormal
0.42584 1.0 0.2 100 0.75 lognormal
0.04843 1.0 0.325 1000 0.05 lognormal
0.02521 1.0 0.225 100 0.025 lognormal
0.04874 1.0 0.225 100 0.05 lognormal
0.07074 1.0 0.325 1000 0.075 lognormal
0.07203 1.0 0.225 100 0.075 lognormal
0.09486 1.0 0.325 1000 0.1 lognormal
0.09459 1.0 0.225 100 0.1 lognormal
0.11502 1.0 0.325 1000 0.125 lognormal
0.11414 1.0 0.225 100 0.125 lognormal
0.13249 1.0 0.225 100 0.15 lognormal
0.13913 1.0 0.325 1000 0.15 lognormal
0.15611 1.0 0.225 100 0.175 lognormal
0.17674 1.0 0.225 100 0.2 lognormal
0.15898 1.0 0.325 1000 0.175 lognormal
0.18833 1.0 0.225 100 0.225 lognormal
0.20704 1.0 0.225 100 0.25 lognormal
0.1771 1.0 0.325 1000 0.2 lognormal
0.21678 1.0 0.225 100 0.275 lognormal
0.2328 1.0 0.225 100 0.3 lognormal
0.25649 1.0 0.225 100 0.325 lognormal
0.20041 1.0 0.325 1000 0.225 lognormal
0.26865 1.0 0.225 100 0.35 lognormal
0.28367 1.0 0.225 100 0.375 lognormal
0.21784 1.0 0.325 1000 0.25 lognormal
0.2908 1.0 0.225 100 0.4 lognormal
0.32506 1.0 0.225 100 0.425 lognormal
0.23437 1.0 0.325 1000 0.275 lognormal
0.32971 1.0 0.225 100 0.45 lognormal
0.34041 1.0 0.225 100 0.475 lognormal
0.36727 1.0 0.225 100 0.5 lognormal
0.25103 1.0 0.325 1000 0.3 lognormal
0.33129 1.0 0.225 100 0.525 lognormal
0.37769 1.0 0.225 100 0.55 lognormal
0.26902 1.0 0.325 1000 0.325 lognormal
0.35647 1.0 0.225 100 0.575 lognormal
0.37328 1.0 0.225 100 0.6 lognormal
0.28284 1.0 0.325 1000 0.35 lognormal
0.36742 1.0 0.225 100 0.625 lognormal
0.39702 1.0 0.225 100 0.65 lognormal
0.29616 1.0 0.325 1000 0.375 lognormal
0.3602 1.0 0.225 100 0.675 lognormal
0.40393 1.0 0.225 100 0.7 lognormal
0.31398 1.0 0.325 1000 0.4 lognormal
0.42077 1.0 0.225 100 0.725 lognormal
0.42546 1.0 0.225 100 0.75 lognormal
0.3291 1.0 0.325 1000 0.425 lognormal
0.02582 1.0 0.25 100 0.025 lognormal
0.04915 1.0 0.25 100 0.05 lognormal
0.34146 1.0 0.325 1000 0.45 lognormal
0.07308 1.0 0.25 100 0.075 lognormal
0.09038 1.0 0.25 100 0.1 lognormal
0.35889 1.0 0.325 1000 0.475 lognormal
0.11442 1.0 0.25 100 0.125 lognormal
0.13442 1.0 0.25 100 0.15 lognormal
0.37214 1.0 0.325 1000 0.5 lognormal
0.15831 1.0 0.25 100 0.175 lognormal
0.17467 1.0 0.25 100 0.2 lognormal
0.38308 1.0 0.325 1000 0.525 lognormal
0.189 1.0 0.25 100 0.225 lognormal
0.2032 1.0 0.25 100 0.25 lognormal
0.38623 1.0 0.325 1000 0.55 lognormal
0.226 1.0 0.25 100 0.275 lognormal
0.23067 1.0 0.25 100 0.3 lognormal
0.41433 1.0 0.325 1000 0.575 lognormal
0.25077 1.0 0.25 100 0.325 lognormal
0.27292 1.0 0.25 100 0.35 lognormal
0.41489 1.0 0.325 1000 0.6 lognormal
0.29051 1.0 0.25 100 0.375 lognormal
0.29878 1.0 0.25 100 0.4 lognormal
0.42424 1.0 0.325 1000 0.625 lognormal
0.31904 1.0 0.25 100 0.425 lognormal
0.31864 1.0 0.25 100 0.45 lognormal
0.43595 1.0 0.325 1000 0.65 lognormal
0.3385 1.0 0.25 100 0.475 lognormal
0.32218 1.0 0.25 100 0.5 lognormal
0.44859 1.0 0.325 1000 0.675 lognormal
0.35262 1.0 0.25 100 0.525 lognormal
0.36316 1.0 0.25 100 0.55 lognormal
0.45519 1.0 0.325 1000 0.7 lognormal
0.36053 1.0 0.25 100 0.575 lognormal
0.37471 1.0 0.25 100 0.6 lognormal
0.46778 1.0 0.325 1000 0.725 lognormal
0.38321 1.0 0.25 100 0.625 lognormal
0.41817 1.0 0.25 100 0.65 lognormal
0.49133 1.0 0.325 1000 0.75 lognormal
0.40378 1.0 0.25 100 0.675 lognormal
0.02494 1.0 0.35 1000 0.025 lognormal
0.41386 1.0 0.25 100 0.7 lognormal
0.38753 1.0 0.25 100 0.725 lognormal
0.04764 1.0 0.35 1000 0.05 lognormal
0.43603 1.0 0.25 100 0.75 lognormal
0.07261 1.0 0.35 1000 0.075 lognormal
0.02531 1.0 0.275 100 0.025 lognormal
0.0473 1.0 0.275 100 0.05 lognormal
0.09562 1.0 0.35 1000 0.1 lognormal
0.06928 1.0 0.275 100 0.075 lognormal
0.11679 1.0 0.35 1000 0.125 lognormal
0.09484 1.0 0.275 100 0.1 lognormal
0.11368 1.0 0.275 100 0.125 lognormal
0.13809 1.0 0.35 1000 0.15 lognormal
0.13979 1.0 0.275 100 0.15 lognormal
0.15523 1.0 0.275 100 0.175 lognormal
0.17251 1.0 0.275 100 0.2 lognormal
0.15704 1.0 0.35 1000 0.175 lognormal
0.19289 1.0 0.275 100 0.225 lognormal
0.21603 1.0 0.275 100 0.25 lognormal
0.17992 1.0 0.35 1000 0.2 lognormal
0.22615 1.0 0.275 100 0.275 lognormal
0.22753 1.0 0.275 100 0.3 lognormal
0.19964 1.0 0.35 1000 0.225 lognormal
0.25885 1.0 0.275 100 0.325 lognormal
0.26538 1.0 0.275 100 0.35 lognormal
0.28531 1.0 0.275 100 0.375 lognormal
0.21389 1.0 0.35 1000 0.25 lognormal
0.28888 1.0 0.275 100 0.4 lognormal
0.3134 1.0 0.275 100 0.425 lognormal
0.23238 1.0 0.35 1000 0.275 lognormal
0.31931 1.0 0.275 100 0.45 lognormal
0.32111 1.0 0.275 100 0.475 lognormal
0.25445 1.0 0.35 1000 0.3 lognormal
0.33105 1.0 0.275 100 0.5 lognormal
0.36549 1.0 0.275 100 0.525 lognormal
0.26532 1.0 0.35 1000 0.325 lognormal
0.35758 1.0 0.275 100 0.55 lognormal
0.39011 1.0 0.275 100 0.575 lognormal
0.28502 1.0 0.35 1000 0.35 lognormal
0.37094 1.0 0.275 100 0.6 lognormal
0.40496 1.0 0.275 100 0.625 lognormal
0.39693 1.0 0.275 100 0.65 lognormal
0.29813 1.0 0.35 1000 0.375 lognormal
0.42818 1.0 0.275 100 0.675 lognormal
0.43117 1.0 0.275 100 0.7 lognormal
0.31416 1.0 0.35 1000 0.4 lognormal
0.40276 1.0 0.275 100 0.725 lognormal
0.44602 1.0 0.275 100 0.75 lognormal
0.33058 1.0 0.35 1000 0.425 lognormal
0.02385 1.0 0.3 100 0.025 lognormal
0.04903 1.0 0.3 100 0.05 lognormal
0.34005 1.0 0.35 1000 0.45 lognormal
0.07029 1.0 0.3 100 0.075 lognormal
0.09619 1.0 0.3 100 0.1 lognormal
0.36171 1.0 0.35 1000 0.475 lognormal
0.38538 1.0 0.1 10000 0.5 lognormal
0.32346 1.0 0.1 10 0.5 lognormal
0.30806 1.0 0.1 10 0.525 lognormal
0.29456 1.0 0.1 10 0.55 lognormal
0.26764 1.0 0.1 10 0.575 lognormal
0.30542 1.0 0.1 10 0.6 lognormal
0.2886 1.0 0.1 10 0.625 lognormal
0.31972 1.0 0.1 10 0.65 lognormal
0.28757 1.0 0.1 10 0.675 lognormal
0.39947 1.0 0.1 10000 0.525 lognormal
0.30296 1.0 0.1 10 0.7 lognormal
0.32701 1.0 0.1 10 0.725 lognormal
0.30505 1.0 0.1 10 0.75 lognormal
0.02527 1.0 0.125 10 0.025 lognormal
0.04694 1.0 0.125 10 0.05 lognormal
0.06668 1.0 0.125 10 0.075 lognormal
0.08909 1.0 0.125 10 0.1 lognormal
0.11885 1.0 0.125 10 0.125 lognormal
0.41329 1.0 0.1 10000 0.55 lognormal
0.11956 1.0 0.125 10 0.15 lognormal
0.15425 1.0 0.125 10 0.175 lognormal
0.15418 1.0 0.125 10 0.2 lognormal
0.19913 1.0 0.125 10 0.225 lognormal
0.1819 1.0 0.125 10 0.25 lognormal
0.21147 1.0 0.125 10 0.275 lognormal
0.20021 1.0 0.125 10 0.3 lognormal
0.29046 10.0 2.0 100 0.4 gamma
0.42529 1.0 0.1 10000 0.575 lognormal
0.21295 1.0 0.125 10 0.325 lognormal
0.20972 1.0 0.125 10 0.35 lognormal
0.2694 1.0 0.125 10 0.375 lognormal
0.28093 1.0 0.125 10 0.4 lognormal
0.22034 1.0 0.125 10 0.425 lognormal
0.30676 10.0 2.5 100 0.4 gamma
0.29995 1.0 0.125 10 0.45 lognormal
0.23059 1.0 0.125 10 0.475 lognormal
0.43571 1.0 0.1 10000 0.6 lognormal
0.3048 1.0 0.125 10 0.5 lognormal
0.34376 1.0 0.125 10 0.525 lognormal
0.28586 1.0 0.125 10 0.55 lognormal
0.29384 10.0 3.0 100 0.4 gamma
0.24401 1.0 0.125 10 0.575 lognormal
0.39419 1.0 0.125 10 0.6 lognormal
0.34233 1.0 0.125 10 0.625 lognormal
0.38451 1.0 0.125 10 0.65 lognormal
0.36457 1.0 0.125 10 0.675 lognormal
0.45124 1.0 0.1 10000 0.625 lognormal
0.30758 10.0 3.5 100 0.4 gamma
0.28125 1.0 0.125 10 0.7 lognormal
0.31313 1.0 0.125 10 0.725 lognormal
0.33717 1.0 0.125 10 0.75 lognormal
0.02519 1.0 0.15 10 0.025 lognormal
0.04892 1.0 0.15 10 0.05 lognormal
0.07609 1.0 0.15 10 0.075 lognormal
0.30693 10.0 4.0 100 0.4 gamma
0.09538 1.0 0.15 10 0.1 lognormal
0.11993 1.0 0.15 10 0.125 lognormal
0.46039 1.0 0.1 10000 0.65 lognormal
0.12584 1.0 0.15 10 0.15 lognormal
0.14858 1.0 0.15 10 0.175 lognormal
0.176 1.0 0.15 10 0.2 lognormal
0.31377 10.0 4.5 100 0.4 gamma
0.15625 1.0 0.15 10 0.225 lognormal
0.19956 1.0 0.15 10 0.25 lognormal
0.2293 1.0 0.15 10 0.275 lognormal
0.22955 1.0 0.15 10 0.3 lognormal
0.47627 1.0 0.1 10000 0.675 lognormal
0.26617 1.0 0.15 10 0.325 lognormal
0.29457 10.0 5.0 100 0.4 gamma
0.26662 1.0 0.15 10 0.35 lognormal
0.22658 1.0 0.15 10 0.375 lognormal
0.278 1.0 0.15 10 0.4 lognormal
0.22965 1.0 0.15 10 0.425 lognormal
0.26122 1.0 0.15 10 0.45 lognormal
0.28904 1.0 0.15 10 0.475 lognormal
0.29678 10.0 5.5 100 0.4 gamma
0.28402 1.0 0.15 10 0.5 lognormal
0.48705 1.0 0.1 10000 0.7 lognormal
0.22148 1.0 0.15 10 0.525 lognormal
0.2897 1.0 0.15 10 0.55 lognormal
0.28112 1.0 0.15 10 0.575 lognormal
0.3641 1.0 0.15 10 0.6 lognormal
0.31407 10.0 6.0 100 0.4 gamma
0.38325 1.0 0.15 10 0.625 lognormal
0.37342 1.0 0.15 10 0.65 lognormal
0.29632 1.0 0.15 10 0.675 lognormal
0.37219 1.0 0.15 10 0.7 lognormal
0.49916 1.0 0.1 10000 0.725 lognormal
0.32142 1.0 0.15 10 0.725 lognormal
0.42589 1.0 0.15 10 0.75 lognormal
0.02435 1.0 0.175 10 0.025 lognormal
0.29082 10.0 6.5 100 0.4 gamma
0.04823 1.0 0.175 10 0.05 lognormal
0.07445 1.0 0.175 10 0.075 lognormal
0.08933 1.0 0.175 10 0.1 lognormal
0.10682 1.0 0.175 10 0.125 lognormal
0.13629 1.0 0.175 10 0.15 lognormal
0.51142 1.0 0.1 10000 0.75 lognormal
0.28459 10.0 7.0 100 0.4 gamma
0.15809 1.0 0.175 10 0.175 lognormal
0.16911 1.0 0.175 10 0.2 lognormal
0.17672 1.0 0.175 10 0.225 lognormal
0.18211 1.0 0.175 10 0.25 lognormal
0.19535 1.0 0.175 10 0.275 lognormal
0.02461 1.0 0.125 10000 0.025 lognormal
0.20346 1.0 0.175 10 0.3 lognormal
0.27886 10.0 7.5 100 0.4 gamma
0.26993 1.0 0.175 10 0.325 lognormal
0.22705 1.0 0.175 10 0.35 lognormal
0.23974 1.0 0.175 10 0.375 lognormal
0.24917 1.0 0.175 10 0.4 lognormal
0.04786 1.0 0.125 10000 0.05 lognormal
0.29326 1.0 0.175 10 0.425 lognormal
0.25249 1.0 0.175 10 0.45 lognormal
0.29225 10.0 8.0 100 0.4 gamma
0.24238 1.0 0.175 10 0.475 lognormal
0.259 1.0 0.175 10 0.5 lognormal
0.27768 1.0 0.175 10 0.525 lognormal
0.07213 1.0 0.125 10000 0.075 lognormal
0.31083 1.0 0.175 10 0.55 lognormal
0.33338 1.0 0.175 10 0.575 lognormal
0.31574 1.0 0.175 10 0.6 lognormal
0.2924 10.0 8.5 100 0.4 gamma
0.30918 1.0 0.175 10 0.625 lognormal
0.31304 1.0 0.175 10 0.65 lognormal
0.33522 1.0 0.175 10 0.675 lognormal
0.09528 1.0 0.125 10000 0.1 lognormal
0.33973 1.0 0.175 10 0.7 lognormal
0.32867 1.0 0.175 10 0.725 lognormal
0.27025 1.0 0.175 10 0.75 lognormal
0.27986 10.0 9.0 100 0.4 gamma
0.02461 1.0 0.2 10 0.025 lognormal
0.04815 1.0 0.2 10 0.05 lognormal
0.06961 1.0 0.2 10 0.075 lognormal
0.09306 1.0 0.2 10 0.1 lognormal
0.12463 1.0 0.2 10 0.125 lognormal
0.29689 10.0 9.5 100 0.4 gamma
0.11875 1.0 0.125 10000 0.125 lognormal
0.13537 1.0 0.2 10 0.15 lognormal
0.16192 1.0 0.2 10 0.175 lognormal
0.15985 1.0 0.2 10 0.2 lognormal
0.20302 1.0 0.2 10 0.225 lognormal
0.18876 1.0 0.2 10 0.25 lognormal
0.15778 1.0 0.2 10 0.275 lognormal
0.28763 10.0 10.0 100 0.4 gamma
0.22975 1.0 0.2 10 0.3 lognormal
0.22956 1.0 0.2 10 0.325 lognormal
0.23211 1.0 0.2 10 0.35 lognormal
0.13931 1.0 0.125 10000 0.15 lognormal
0.25318 1.0 0.2 10 0.375 lognormal
0.26149 1.0 0.2 10 0.4 lognormal
0.26292 1.0 0.2 10 0.425 lognormal
0.30727 10.0 2.0 100 0.425 gamma
0.26216 1.0 0.2 10 0.45 lognormal
0.28828 1.0 0.2 10 0.475 lognormal
0.3112 1.0 0.2 10 0.5 lognormal
0.24917 1.0 0.2 10 0.525 lognormal
0.2842 1.0 0.2 10 0.55 lognormal
0.30741 10.0 2.5 100 0.425 gamma
0.15825 1.0 0.125 10000 0.175 lognormal
0.3039 1.0 0.2 10 0.575 lognormal
0.27326 1.0 0.2 10 0.6 lognormal
0.33924 1.0 0.2 10 0.625 lognormal
0.30286 1.0 0.2 10 0.65 lognormal
0.35966 1.0 0.2 10 0.675 lognormal
0.34475 1.0 0.2 10 0.7 lognormal
0.31107 10.0 3.0 100 0.425 gamma
0.33801 1.0 0.2 10 0.725 lognormal
0.30538 1.0 0.2 10 0.75 lognormal
0.02438 1.0 0.225 10 0.025 lognormal
0.1776 1.0 0.125 10000 0.2 lognormal
0.05028 1.0 0.225 10 0.05 lognormal
0.07157 1.0 0.225 10 0.075 lognormal
0.3035 10.0 3.5 100 0.425 gamma
0.09637 1.0 0.225 10 0.1 lognormal
0.10643 1.0 0.225 10 0.125 lognormal
0.13292 1.0 0.225 10 0.15 lognormal
0.13747 1.0 0.225 10 0.175 lognormal
0.16184 1.0 0.225 10 0.2 lognormal
0.31311 10.0 4.0 100 0.425 gamma
0.17554 1.0 0.225 10 0.225 lognormal
0.1972 1.0 0.125 10000 0.225 lognormal
0.19637 1.0 0.225 10 0.25 lognormal
0.19814 1.0 0.225 10 0.275 lognormal
0.19943 1.0 0.225 10 0.3 lognormal
0.23841 1.0 0.225 10 0.325 lognormal
0.22588 1.0 0.225 10 0.35 lognormal
0.28123 10.0 4.5 100 0.425 gamma
0.27429 1.0 0.225 10 0.375 lognormal
0.25311 1.0 0.225 10 0.4 lognormal
0.26395 1.0 0.225 10 0.425 lognormal
0.31067 1.0 0.225 10 0.45 lognormal
0.21909 1.0 0.125 10000 0.25 lognormal
0.22833 1.0 0.225 10 0.475 lognormal
0.30315 1.0 0.225 10 0.5 lognormal
0.29802 10.0 5.0 100 0.425 gamma
0.33225 1.0 0.225 10 0.525 lognormal
0.30565 1.0 0.225 10 0.55 lognormal
0.28458 1.0 0.225 10 0.575 lognormal
0.35377 1.0 0.225 10 0.6 lognormal
0.32139 1.0 0.225 10 0.625 lognormal
0.29823 1.0 0.225 10 0.65 lognormal
0.29975 10.0 5.5 100 0.425 gamma
0.23783 1.0 0.125 10000 0.275 lognormal
0.33831 1.0 0.225 10 0.675 lognormal
0.36952 1.0 0.225 10 0.7 lognormal
0.33602 1.0 0.225 10 0.725 lognormal
0.41818 1.0 0.225 10 0.75 lognormal
0.02402 1.0 0.25 10 0.025 lognormal
0.04803 1.0 0.25 10 0.05 lognormal
0.30604 10.0 6.0 100 0.425 gamma
0.07283 1.0 0.25 10 0.075 lognormal
0.09775 1.0 0.25 10 0.1 lognormal
0.25395 1.0 0.125 10000 0.3 lognormal
0.09919 1.0 0.25 10 0.125 lognormal
0.12966 1.0 0.25 10 0.15 lognormal
0.13422 1.0 0.25 10 0.175 lognormal
0.30067 10.0 6.5 100 0.425 gamma
0.17951 1.0 0.25 10 0.2 lognormal
0.18135 1.0 0.25 10 0.225 lognormal
0.19866 1.0 0.25 10 0.25 lognormal
0.23533 1.0 0.25 10 0.275 lognormal
0.18787 1.0 0.25 10 0.3 lognormal
0.27331 1.0 0.125 10000 0.325 lognormal
0.31397 10.0 7.0 100 0.425 gamma
0.22996 1.0 0.25 10 0.325 lognormal
0.22213 1.0 0.25 10 0.35 lognormal
0.29466 1.0 0.25 10 0.375 lognormal
0.26375 1.0 0.25 10 0.4 lognormal
0.25383 1.0 0.25 10 0.425 lognormal
0.27855 1.0 0.25 10 0.45 lognormal
0.2913 10.0 7.5 100 0.425 gamma
0.30718 1.0 0.25 10 0.475 lognormal
0.24899 1.0 0.25 10 0.5 lognormal
0.28233 1.0 0.25 10 0.525 lognormal
0.29154 1.0 0.125 10000 0.35 lognormal
0.23646 1.0 0.25 10 0.55 lognormal
0.3213 1.0 0.25 10 0.575 lognormal
0.36037 1.0 0.25 10 0.6 lognormal
0.30386 10.0 8.0 100 0.425 gamma
0.35222 1.0 0.25 10 0.625 lognormal
0.35248 1.0 0.25 10 0.65 lognormal
0.30119 1.0 0.25 10 0.675 lognormal
0.29737 1.0 0.25 10 0.7 lognormal
0.36272 1.0 0.25 10 0.725 lognormal
0.30861 1.0 0.125 10000 0.375 lognormal
0.31989 1.0 0.25 10 0.75 lognormal
0.29853 10.0 8.5 100 0.425 gamma
0.02386 1.0 0.275 10 0.025 lognormal
0.04793 1.0 0.275 10 0.05 lognormal
0.0735 1.0 0.275 10 0.075 lognormal
0.09706 1.0 0.275 10 0.1 lognormal
0.10828 1.0 0.275 10 0.125 lognormal
0.29322 10.0 9.0 100 0.425 gamma
0.13427 1.0 0.275 10 0.15 lognormal
0.14513 1.0 0.275 10 0.175 lognormal
0.32237 1.0 0.125 10000 0.4 lognormal
0.19004 1.0 0.275 10 0.2 lognormal
0.20103 1.0 0.275 10 0.225 lognormal
0.19988 1.0 0.275 10 0.25 lognormal
0.20447 1.0 0.275 10 0.275 lognormal
0.29089 10.0 9.5 100 0.425 gamma
0.21841 1.0 0.275 10 0.3 lognormal
0.22478 1.0 0.275 10 0.325 lognormal
0.2454 1.0 0.275 10 0.35 lognormal
0.26592 1.0 0.275 10 0.375 lognormal
0.33834 1.0 0.125 10000 0.425 lognormal
0.28581 1.0 0.275 10 0.4 lognormal
0.22184 1.0 0.275 10 0.425 lognormal
0.31433 10.0 10.0 100 0.425 gamma
0.30708 1.0 0.275 10 0.45 lognormal
0.28324 1.0 0.275 10 0.475 lognormal
0.27139 1.0 0.275 10 0.5 lognormal
0.29647 1.0 0.275 10 0.525 lognormal
0.31578 1.0 0.275 10 0.55 lognormal
0.299 10.0 2.0 100 0.45 gamma
0.34299 1.0 0.275 10 0.575 lognormal
0.35453 1.0 0.125 10000 0.45 lognormal
0.31915 1.0 0.275 10 0.6 lognormal
0.29386 1.0 0.275 10 0.625 lognormal
0.31643 1.0 0.275 10 0.65 lognormal
0.35724 1.0 0.275 10 0.675 lognormal
0.33936 1.0 0.275 10 0.7 lognormal
0.33564 10.0 2.5 100 0.45 gamma
0.35473 1.0 0.275 10 0.725 lognormal
0.32333 1.0 0.275 10 0.75 lognormal
0.023 1.0 0.3 10 0.025 lognormal
0.37062 1.0 0.125 10000 0.475 lognormal
0.04828 1.0 0.3 10 0.05 lognormal
0.07246 1.0 0.3 10 0.075 lognormal
0.3131 10.0 3.0 100 0.45 gamma
0.09059 1.0 0.3 10 0.1 lognormal
0.11099 1.0 0.3 10 0.125 lognormal
0.13238 1.0 0.3 10 0.15 lognormal
0.13708 1.0 0.3 10 0.175 lognormal
0.14868 1.0 0.3 10 0.2 lognormal
0.31302 10.0 3.5 100 0.45 gamma
0.38413 1.0 0.125 10000 0.5 lognormal
0.16925 1.0 0.3 10 0.225 lognormal
0.2117 1.0 0.3 10 0.25 lognormal
0.21513 1.0 0.3 10 0.275 lognormal
0.22704 1.0 0.3 10 0.3 lognormal
0.20025 1.0 0.3 10 0.325 lognormal
0.31902 10.0 4.0 100 0.45 gamma
0.25505 1.0 0.3 10 0.35 lognormal
0.30371 1.0 0.3 10 0.375 lognormal
0.27462 1.0 0.3 10 0.4 lognormal
0.39422 1.0 0.125 10000 0.525 lognormal
0.25558 1.0 0.3 10 0.425 lognormal
0.2403 1.0 0.3 10 0.45 lognormal
0.2712 1.0 0.3 10 0.475 lognormal
0.30764 10.0 4.5 100 0.45 gamma
0.33342 1.0 0.3 10 0.5 lognormal
0.3116 1.0 0.3 10 0.525 lognormal
0.29062 1.0 0.3 10 0.55 lognormal
0.31091 1.0 0.3 10 0.575 lognormal
0.35005 1.0 0.3 10 0.6 lognormal
0.40824 1.0 0.125 10000 0.55 lognormal
0.2825 1.0 0.3 10 0.625 lognormal
0.31788 10.0 5.0 100 0.45 gamma
0.3227 1.0 0.3 10 0.65 lognormal
0.35668 1.0 0.3 10 0.675 lognormal
0.33891 1.0 0.3 10 0.7 lognormal
0.33518 1.0 0.3 10 0.725 lognormal
0.31757 1.0 0.3 10 0.75 lognormal
0.34922 10.0 5.5 100 0.45 gamma
0.02444 1.0 0.325 10 0.025 lognormal
0.42782 1.0 0.125 10000 0.575 lognormal
0.04998 1.0 0.325 10 0.05 lognormal
0.072 1.0 0.325 10 0.075 lognormal
0.08553 1.0 0.325 10 0.1 lognormal
0.10726 1.0 0.325 10 0.125 lognormal
0.31356 10.0 6.0 100 0.45 gamma
0.13904 1.0 0.325 10 0.15 lognormal
0.14278 1.0 0.325 10 0.175 lognormal
0.15824 1.0 0.325 10 0.2 lognormal
0.18682 1.0 0.325 10 0.225 lognormal
0.43667 1.0 0.125 10000 0.6 lognormal
0.20413 1.0 0.325 10 0.25 lognormal
0.32345 10.0 6.5 100 0.45 gamma
0.18197 1.0 0.325 10 0.275 lognormal
0.22563 1.0 0.325 10 0.3 lognormal
0.17817 1.0 0.325 10 0.325 lognormal
0.23046 1.0 0.325 10 0.35 lognormal
0.26326 1.0 0.325 10 0.375 lognormal
0.23235 1.0 0.325 10 0.4 lognormal
0.31541 10.0 7.0 100 0.45 gamma
0.44996 1.0 0.125 10000 0.625 lognormal
0.24101 1.0 0.325 10 0.425 lognormal
0.27549 1.0 0.325 10 0.45 lognormal
0.29672 1.0 0.325 10 0.475 lognormal
0.32783 1.0 0.325 10 0.5 lognormal
0.26554 1.0 0.325 10 0.525 lognormal
0.27882 1.0 0.325 10 0.55 lognormal
0.31297 10.0 7.5 100 0.45 gamma
0.35299 1.0 0.325 10 0.575 lognormal
0.30151 1.0 0.325 10 0.6 lognormal
0.46697 1.0 0.125 10000 0.65 lognormal
0.37679 1.0 0.325 10 0.625 lognormal
0.30536 1.0 0.325 10 0.65 lognormal
0.35005 1.0 0.325 10 0.675 lognormal
0.34974 1.0 0.325 10 0.7 lognormal
0.32129 10.0 8.0 100 0.45 gamma
0.37302 1.0 0.325 10 0.725 lognormal
0.43526 1.0 0.325 10 0.75 lognormal
0.02421 1.0 0.35 10 0.025 lognormal
0.05031 1.0 0.35 10 0.05 lognormal
0.47555 1.0 0.125 10000 0.675 lognormal
0.06364 1.0 0.35 10 0.075 lognormal
0.30706 10.0 8.5 100 0.45 gamma
0.09257 1.0 0.35 10 0.1 lognormal
0.12006 1.0 0.35 10 0.125 lognormal
0.1315 1.0 0.35 10 0.15 lognormal
0.15448 1.0 0.35 10 0.175 lognormal
0.16309 1.0 0.35 10 0.2 lognormal
0.21127 1.0 0.35 10 0.225 lognormal
0.33508 10.0 9.0 100 0.45 gamma
0.48569 1.0 0.125 10000 0.7 lognormal
0.22096 1.0 0.35 10 0.25 lognormal
0.23283 1.0 0.35 10 0.275 lognormal
0.26015 1.0 0.35 10 0.3 lognormal
0.27 1.0 0.35 10 0.325 lognormal
0.17892 1.0 0.35 10 0.35 lognormal
0.18676 1.0 0.35 10 0.375 lognormal
0.32174 10.0 9.5 100 0.45 gamma
0.30353 1.0 0.35 10 0.4 lognormal
0.2322 1.0 0.35 10 0.425 lognormal
0.49814 1.0 0.125 10000 0.725 lognormal
0.2488 1.0 0.35 10 0.45 lognormal
0.27388 1.0 0.35 10 0.475 lognormal
0.27757 1.0 0.35 10 0.5 lognormal
0.29265 1.0 0.35 10 0.525 lognormal
0.31511 10.0 10.0 100 0.45 gamma
0.35302 1.0 0.35 10 0.55 lognormal
0.36627 1.0 0.35 10 0.575 lognormal
0.36753 1.0 0.35 10 0.6 lognormal
0.50665 1.0 0.125 10000 0.75 lognormal
0.34233 1.0 0.35 10 0.625 lognormal
0.36039 1.0 0.35 10 0.65 lognormal
0.33427 10.0 2.0 100 0.475 gamma
0.29636 1.0 0.35 10 0.675 lognormal
0.32041 1.0 0.35 10 0.7 lognormal
0.33087 1.0 0.35 10 0.725 lognormal
0.38413 1.0 0.35 10 0.75 lognormal
0.02479 1.0 0.15 10000 0.025 lognormal
0.02518 1.0 0.375 10 0.025 lognormal
0.32592 10.0 2.5 100 0.475 gamma
0.04638 1.0 0.375 10 0.05 lognormal
0.075 1.0 0.375 10 0.075 lognormal
0.09561 1.0 0.375 10 0.1 lognormal
0.12288 1.0 0.375 10 0.125 lognormal
0.04894 1.0 0.15 10000 0.05 lognormal
0.14297 1.0 0.375 10 0.15 lognormal
0.33412 10.0 3.0 100 0.475 gamma
0.14415 1.0 0.375 10 0.175 lognormal
0.11998 1.0 0.375 10 0.2 lognormal
0.18897 1.0 0.375 10 0.225 lognormal
0.21403 1.0 0.375 10 0.25 lognormal
0.07229 1.0 0.15 10000 0.075 lognormal
0.19945 1.0 0.375 10 0.275 lognormal
0.18476 1.0 0.375 10 0.3 lognormal
0.29395 10.0 3.5 100 0.475 gamma
0.23944 1.0 0.375 10 0.325 lognormal
0.26789 1.0 0.375 10 0.35 lognormal
0.25129 1.0 0.375 10 0.375 lognormal
0.29062 1.0 0.375 10 0.4 lognormal
0.30937 1.0 0.375 10 0.425 lognormal
0.32319 1.0 0.375 10 0.45 lognormal
0.33983 10.0 4.0 100 0.475 gamma
0.27154 1.0 0.375 10 0.475 lognormal
0.09537 1.0 0.15 10000 0.1 lognormal
0.27925 1.0 0.375 10 0.5 lognormal
0.28142 1.0 0.375 10 0.525 lognormal
0.34351 1.0 0.375 10 0.55 lognormal
0.32579 1.0 0.375 10 0.575 lognormal
0.3269 1.0 0.375 10 0.6 lognormal
0.3221 10.0 4.5 100 0.475 gamma
0.34757 1.0 0.375 10 0.625 lognormal
0.33693 1.0 0.375 10 0.65 lognormal
0.32303 1.0 0.375 10 0.675 lognormal
0.31122 1.0 0.375 10 0.7 lognormal
0.11692 1.0 0.15 10000 0.125 lognormal
0.36077 1.0 0.375 10 0.725 lognormal
0.3107 1.0 0.375 10 0.75 lognormal
0.3284 10.0 5.0 100 0.475 gamma
0.02442 1.0 0.4 10 0.025 lognormal
0.04868 1.0 0.4 10 0.05 lognormal
0.07351 1.0 0.4 10 0.075 lognormal
0.09365 1.0 0.4 10 0.1 lognormal
0.11798 1.0 0.4 10 0.125 lognormal
0.33125 10.0 5.5 100 0.475 gamma
0.12839 1.0 0.4 10 0.15 lognormal
0.13743 1.0 0.15 10000 0.15 lognormal
0.12412 1.0 0.4 10 0.175 lognormal
0.14797 1.0 0.4 10 0.2 lognormal
0.19185 1.0 0.4 10 0.225 lognormal
0.18343 1.0 0.4 10 0.25 lognormal
0.33847 10.0 6.0 100 0.475 gamma
0.23466 1.0 0.4 10 0.275 lognormal
0.19089 1.0 0.4 10 0.3 lognormal
0.26647 1.0 0.4 10 0.325 lognormal
0.22338 1.0 0.4 10 0.35 lognormal
0.15784 1.0 0.15 10000 0.175 lognormal
0.25516 1.0 0.4 10 0.375 lognormal
0.23216 1.0 0.4 10 0.4 lognormal
0.33028 10.0 6.5 100 0.475 gamma
0.24602 1.0 0.4 10 0.425 lognormal
0.28086 1.0 0.4 10 0.45 lognormal
0.26361 1.0 0.4 10 0.475 lognormal
0.29812 1.0 0.4 10 0.5 lognormal
0.3085 1.0 0.4 10 0.525 lognormal
0.21956 1.0 0.4 10 0.55 lognormal
0.34964 10.0 7.0 100 0.475 gamma
0.32369 1.0 0.4 10 0.575 lognormal
0.18174 1.0 0.15 10000 0.2 lognormal
0.30911 1.0 0.4 10 0.6 lognormal
0.29475 1.0 0.4 10 0.625 lognormal
0.29577 1.0 0.4 10 0.65 lognormal
0.37478 1.0 0.4 10 0.675 lognormal
0.29314 1.0 0.4 10 0.7 lognormal
0.33771 10.0 7.5 100 0.475 gamma
0.35567 1.0 0.4 10 0.725 lognormal
0.3534 1.0 0.4 10 0.75 lognormal
0.02271 1.0 0.425 10 0.025 lognormal
0.19889 1.0 0.15 10000 0.225 lognormal
0.04486 1.0 0.425 10 0.05 lognormal
0.06992 1.0 0.425 10 0.075 lognormal
0.31727 10.0 8.0 100 0.475 gamma
0.08906 1.0 0.425 10 0.1 lognormal
0.10186 1.0 0.425 10 0.125 lognormal
0.13351 1.0 0.425 10 0.15 lognormal
0.15518 1.0 0.425 10 0.175 lognormal
0.13523 1.0 0.425 10 0.2 lognormal
0.18265 1.0 0.425 10 0.225 lognormal
0.33759 10.0 8.5 100 0.475 gamma
0.22054 1.0 0.15 10000 0.25 lognormal
0.19248 1.0 0.425 10 0.25 lognormal
0.21419 1.0 0.425 10 0.275 lognormal
0.20761 1.0 0.425 10 0.3 lognormal
0.27055 1.0 0.425 10 0.325 lognormal
0.22331 1.0 0.425 10 0.35 lognormal
0.32575 10.0 9.0 100 0.475 gamma
0.26777 1.0 0.425 10 0.375 lognormal
0.30924 1.0 0.425 10 0.4 lognormal
0.26457 1.0 0.425 10 0.425 lognormal
0.27484 1.0 0.425 10 0.45 lognormal
0.23893 1.0 0.15 10000 0.275 lognormal
0.28937 1.0 0.425 10 0.475 lognormal
0.27037 1.0 0.425 10 0.5 lognormal
0.34659 10.0 9.5 100 0.475 gamma
0.29993 1.0 0.425 10 0.525 lognormal
0.25299 1.0 0.425 10 0.55 lognormal
0.35528 1.0 0.425 10 0.575 lognormal
0.26715 1.0 0.425 10 0.6 lognormal
0.38432 1.0 0.425 10 0.625 lognormal
0.29376 1.0 0.425 10 0.65 lognormal
0.25545 1.0 0.15 10000 0.3 lognormal
0.32977 10.0 10.0 100 0.475 gamma
0.33536 1.0 0.425 10 0.675 lognormal
0.31172 1.0 0.425 10 0.7 lognormal
0.34667 1.0 0.425 10 0.725 lognormal
0.32093 1.0 0.425 10 0.75 lognormal
0.02513 1.0 0.45 10 0.025 lognormal
0.38512 10.0 2.0 100 0.6 gamma
0.04831 1.0 0.45 10 0.05 lognormal
0.07157 1.0 0.45 10 0.075 lognormal
0.09853 1.0 0.45 10 0.1 lognormal
0.27517 1.0 0.15 10000 0.325 lognormal
0.12165 1.0 0.45 10 0.125 lognormal
0.13323 1.0 0.45 10 0.15 lognormal
0.36969 10.0 2.5 100 0.6 gamma
0.16326 1.0 0.45 10 0.175 lognormal
0.16419 1.0 0.45 10 0.2 lognormal
0.18421 1.0 0.45 10 0.225 lognormal
0.19615 1.0 0.45 10 0.25 lognormal
0.20084 1.0 0.45 10 0.275 lognormal
0.3626 10.0 3.0 100 0.6 gamma
0.23529 1.0 0.45 10 0.3 lognormal
0.29068 1.0 0.15 10000 0.35 lognormal
0.27475 1.0 0.45 10 0.325 lognormal
0.26192 1.0 0.45 10 0.35 lognormal
0.25712 1.0 0.45 10 0.375 lognormal
0.25256 1.0 0.45 10 0.4 lognormal
0.2847 1.0 0.45 10 0.425 lognormal
0.36811 10.0 3.5 100 0.6 gamma
0.28384 1.0 0.45 10 0.45 lognormal
0.28426 1.0 0.45 10 0.475 lognormal
0.24377 1.0 0.45 10 0.5 lognormal
0.30917 1.0 0.15 10000 0.375 lognormal
0.34479 1.0 0.45 10 0.525 lognormal
0.29547 1.0 0.45 10 0.55 lognormal
0.34979 1.0 0.45 10 0.575 lognormal
0.37909 10.0 4.0 100 0.6 gamma
0.33706 1.0 0.45 10 0.6 lognormal
0.35399 1.0 0.45 10 0.625 lognormal
0.33612 1.0 0.45 10 0.65 lognormal
0.38736 1.0 0.45 10 0.675 lognormal
0.35314 1.0 0.45 10 0.7 lognormal
0.38239 10.0 4.5 100 0.6 gamma
0.36832 1.0 0.45 10 0.725 lognormal
0.32726 1.0 0.15 10000 0.4 lognormal
0.3162 1.0 0.45 10 0.75 lognormal
0.02203 1.0 0.475 10 0.025 lognormal
0.04894 1.0 0.475 10 0.05 lognormal
0.06868 1.0 0.475 10 0.075 lognormal
0.39014 10.0 5.0 100 0.6 gamma
0.10608 1.0 0.475 10 0.125 lognormal
0.13217 1.0 0.475 10 0.15 lognormal
0.13193 1.0 0.475 10 0.175 lognormal
0.33767 1.0 0.15 10000 0.425 lognormal
0.15032 1.0 0.475 10 0.2 lognormal
0.15421 1.0 0.475 10 0.225 lognormal
0.3807 10.0 5.5 100 0.6 gamma
0.19194 1.0 0.475 10 0.25 lognormal
0.21947 1.0 0.475 10 0.275 lognormal
0.22703 1.0 0.475 10 0.3 lognormal
0.22639 1.0 0.475 10 0.325 lognormal
0.18108 1.0 0.475 10 0.35 lognormal
0.38623 10.0 6.0 100 0.6 gamma
0.35785 1.0 0.15 10000 0.45 lognormal
0.22237 1.0 0.475 10 0.375 lognormal
0.22489 1.0 0.475 10 0.4 lognormal
0.27051 1.0 0.475 10 0.425 lognormal
0.28693 1.0 0.475 10 0.45 lognormal
0.32604 1.0 0.475 10 0.475 lognormal
0.32221 1.0 0.475 10 0.5 lognormal
0.35887 10.0 6.5 100 0.6 gamma
0.35049 1.0 0.475 10 0.525 lognormal
0.3273 1.0 0.475 10 0.55 lognormal
0.36743 1.0 0.15 10000 0.475 lognormal
0.28781 1.0 0.475 10 0.575 lognormal
0.2802 1.0 0.475 10 0.6 lognormal
0.36288 1.0 0.475 10 0.625 lognormal
0.32345 1.0 0.475 10 0.65 lognormal
0.37841 10.0 7.0 100 0.6 gamma
0.29602 1.0 0.475 10 0.675 lognormal
0.39892 1.0 0.475 10 0.7 lognormal
0.35323 1.0 0.475 10 0.725 lognormal
0.43484 1.0 0.475 10 0.75 lognormal
0.38179 1.0 0.15 10000 0.5 lognormal
0.38269 10.0 7.5 100 0.6 gamma
0.38495 10.0 8.0 100 0.6 gamma
0.39666 1.0 0.15 10000 0.525 lognormal
0.40161 10.0 8.5 100 0.6 gamma
0.4135 1.0 0.15 10000 0.55 lognormal
0.38731 10.0 9.0 100 0.6 gamma
0.36885 10.0 9.5 100 0.6 gamma
0.42439 1.0 0.15 10000 0.575 lognormal
0.38479 10.0 10.0 100 0.6 gamma
0.44069 1.0 0.15 10000 0.6 lognormal
0.35423 10.0 2.0 100 0.55 gamma
0.36802 10.0 2.5 100 0.55 gamma
0.44858 1.0 0.15 10000 0.625 lognormal
0.37055 10.0 3.0 100 0.55 gamma
0.45985 1.0 0.15 10000 0.65 lognormal
0.33073 10.0 3.5 100 0.55 gamma
0.33069 10.0 4.0 100 0.55 gamma
0.47108 1.0 0.15 10000 0.675 lognormal
0.38666 10.0 4.5 100 0.55 gamma
0.35838 10.0 5.0 100 0.55 gamma
0.4845 1.0 0.15 10000 0.7 lognormal
0.38068 10.0 5.5 100 0.55 gamma
0.49566 1.0 0.15 10000 0.725 lognormal
0.37034 10.0 6.0 100 0.55 gamma
0.3568 10.0 6.5 100 0.55 gamma
0.50742 1.0 0.15 10000 0.75 lognormal
0.33843 10.0 7.0 100 0.55 gamma
0.02476 1.0 0.175 10000 0.025 lognormal
0.37777 10.0 7.5 100 0.55 gamma
0.04841 1.0 0.175 10000 0.05 lognormal
0.3699 10.0 8.0 100 0.55 gamma
0.07156 1.0 0.175 10000 0.075 lognormal
0.35948 10.0 8.5 100 0.55 gamma
0.09405 1.0 0.175 10000 0.1 lognormal
0.3604 10.0 9.0 100 0.55 gamma
0.36336 10.0 9.5 100 0.55 gamma
0.1176 1.0 0.175 10000 0.125 lognormal
0.35585 10.0 10.0 100 0.55 gamma
0.13839 1.0 0.175 10000 0.15 lognormal
0.33998 10.0 2.0 100 0.5 gamma
0.35336 10.0 2.5 100 0.5 gamma
0.1563 1.0 0.175 10000 0.175 lognormal
0.34948 10.0 3.0 100 0.5 gamma
0.35094 10.0 3.5 100 0.5 gamma
0.18154 1.0 0.175 10000 0.2 lognormal
0.33226 10.0 4.0 100 0.5 gamma
0.19922 1.0 0.175 10000 0.225 lognormal
0.33391 10.0 4.5 100 0.5 gamma
0.21822 1.0 0.175 10000 0.25 lognormal
0.3587 10.0 5.0 100 0.5 gamma
0.3483 10.0 5.5 100 0.5 gamma
0.23931 1.0 0.175 10000 0.275 lognormal
0.33391 10.0 6.0 100 0.5 gamma
0.34617 10.0 6.5 100 0.5 gamma
0.25478 1.0 0.175 10000 0.3 lognormal
0.33376 10.0 7.0 100 0.5 gamma
0.27299 1.0 0.175 10000 0.325 lognormal
0.33296 10.0 7.5 100 0.5 gamma
0.34459 10.0 8.0 100 0.5 gamma
0.29292 1.0 0.175 10000 0.35 lognormal
0.3376 10.0 8.5 100 0.5 gamma
0.30676 1.0 0.175 10000 0.375 lognormal
0.34169 10.0 9.0 100 0.5 gamma
0.33121 10.0 9.5 100 0.5 gamma
0.32713 1.0 0.175 10000 0.4 lognormal
0.33841 10.0 10.0 100 0.5 gamma
0.33993 1.0 0.175 10000 0.425 lognormal
0.40068 10.0 2.0 100 0.65 gamma
0.40758 10.0 2.5 100 0.65 gamma
0.35371 1.0 0.175 10000 0.45 lognormal
0.40347 10.0 3.0 100 0.65 gamma
0.36731 1.0 0.175 10000 0.475 lognormal
0.38596 10.0 3.5 100 0.65 gamma
0.37365 10.0 4.0 100 0.65 gamma
0.38785 1.0 0.175 10000 0.5 lognormal
0.394 10.0 4.5 100 0.65 gamma
0.40072 1.0 0.175 10000 0.525 lognormal
0.40013 10.0 5.0 100 0.65 gamma
0.39969 10.0 5.5 100 0.65 gamma
0.41099 1.0 0.175 10000 0.55 lognormal
0.40836 10.0 6.0 100 0.65 gamma
0.42542 1.0 0.175 10000 0.575 lognormal
0.4051 10.0 6.5 100 0.65 gamma
0.43681 1.0 0.175 10000 0.6 lognormal
0.38105 10.0 7.0 100 0.65 gamma
0.38617 10.0 7.5 100 0.65 gamma
0.35883 10.0 8.0 100 0.65 gamma
0.45012 1.0 0.175 10000 0.625 lognormal
0.39065 10.0 8.5 100 0.65 gamma
0.38369 10.0 9.0 100 0.65 gamma
0.46457 1.0 0.175 10000 0.65 lognormal
0.38881 10.0 9.5 100 0.65 gamma
0.39178 10.0 10.0 100 0.65 gamma
0.43169 10.0 2.0 100 0.7 gamma
0.42596 10.0 2.5 100 0.7 gamma
0.40232 10.0 3.5 100 0.7 gamma
0.49813 1.0 0.175 10000 0.725 lognormal
0.43335 10.0 4.0 100 0.7 gamma
0.42172 10.0 4.5 100 0.7 gamma
0.42506 10.0 5.0 100 0.7 gamma
0.51098 1.0 0.175 10000 0.75 lognormal
0.40026 10.0 5.5 100 0.7 gamma
0.02426 1.0 0.2 10000 0.025 lognormal
0.41232 10.0 6.0 100 0.7 gamma
0.28875 1.0 0.1 10 0.5 lognormal
0.26086 1.0 0.1 10 0.525 lognormal
0.04838 1.0 0.2 10000 0.05 lognormal
0.31405 1.0 0.1 10 0.55 lognormal
0.39494 10.0 6.5 100 0.7 gamma
0.29598 1.0 0.1 10 0.575 lognormal
0.29589 1.0 0.1 10 0.6 lognormal
0.32874 1.0 0.1 10 0.625 lognormal
0.25925 1.0 0.1 10 0.65 lognormal
0.38938 1.0 0.1 10 0.675 lognormal
0.38659 10.0 7.0 100 0.7 gamma
0.31936 1.0 0.1 10 0.7 lognormal
0.32394 1.0 0.1 10 0.725 lognormal
0.366 1.0 0.1 10 0.75 lognormal
0.07187 1.0 0.2 10000 0.075 lognormal
0.02324 1.0 0.125 10 0.025 lognormal
0.04909 1.0 0.125 10 0.05 lognormal
0.41024 10.0 7.5 100 0.7 gamma
0.06984 1.0 0.125 10 0.075 lognormal
0.07827 1.0 0.125 10 0.1 lognormal
0.103 1.0 0.125 10 0.125 lognormal
0.14251 1.0 0.125 10 0.15 lognormal
0.15582 1.0 0.125 10 0.175 lognormal
0.38044 10.0 8.0 100 0.7 gamma
0.14543 1.0 0.125 10 0.2 lognormal
0.09776 1.0 0.2 10000 0.1 lognormal
0.19357 1.0 0.125 10 0.225 lognormal
0.1997 1.0 0.125 10 0.25 lognormal
0.21981 1.0 0.125 10 0.275 lognormal
0.22145 1.0 0.125 10 0.3 lognormal
0.39302 10.0 8.5 100 0.7 gamma
0.21508 1.0 0.125 10 0.325 lognormal
0.2298 1.0 0.125 10 0.35 lognormal
0.21688 1.0 0.125 10 0.375 lognormal
0.26599 1.0 0.125 10 0.4 lognormal
0.11774 1.0 0.2 10000 0.125 lognormal
0.27096 1.0 0.125 10 0.425 lognormal
0.21219 1.0 0.125 10 0.45 lognormal
0.39635 10.0 9.0 100 0.7 gamma
0.26785 1.0 0.125 10 0.475 lognormal
0.31242 1.0 0.125 10 0.5 lognormal
0.35926 1.0 0.125 10 0.525 lognormal
0.29604 1.0 0.125 10 0.55 lognormal
0.28454 1.0 0.125 10 0.575 lognormal
0.43021 10.0 9.5 100 0.7 gamma
0.3284 1.0 0.125 10 0.6 lognormal
0.13986 1.0 0.2 10000 0.15 lognormal
0.36715 1.0 0.125 10 0.625 lognormal
0.23449 1.0 0.125 10 0.65 lognormal
0.36774 1.0 0.125 10 0.675 lognormal
0.36621 1.0 0.125 10 0.7 lognormal
0.40991 10.0 10.0 100 0.7 gamma
0.38359 1.0 0.125 10 0.725 lognormal
0.37703 1.0 0.125 10 0.75 lognormal
0.02493 1.0 0.15 10 0.025 lognormal
0.05106 1.0 0.15 10 0.05 lognormal
0.07611 1.0 0.15 10 0.075 lognormal
0.15878 1.0 0.2 10000 0.175 lognormal
0.43339 10.0 2.0 100 0.75 gamma
0.09352 1.0 0.15 10 0.1 lognormal
0.12241 1.0 0.15 10 0.125 lognormal
0.13275 1.0 0.15 10 0.15 lognormal
0.14891 1.0 0.15 10 0.175 lognormal
0.1813 1.0 0.15 10 0.2 lognormal
0.3659 10.0 2.5 100 0.75 gamma
0.16603 1.0 0.15 10 0.225 lognormal
0.18367 1.0 0.15 10 0.25 lognormal
0.2059 1.0 0.15 10 0.275 lognormal
0.18251 1.0 0.2 10000 0.2 lognormal
0.23803 1.0 0.15 10 0.3 lognormal
0.23874 1.0 0.15 10 0.325 lognormal
0.41163 10.0 3.0 100 0.75 gamma
0.242 1.0 0.15 10 0.35 lognormal
0.25275 1.0 0.15 10 0.375 lognormal
0.25454 1.0 0.15 10 0.4 lognormal
0.32225 1.0 0.15 10 0.425 lognormal
0.23363 1.0 0.15 10 0.45 lognormal
0.41625 10.0 3.5 100 0.75 gamma
0.31063 1.0 0.15 10 0.475 lognormal
0.25052 1.0 0.15 10 0.5 lognormal
0.28605 1.0 0.15 10 0.525 lognormal
0.34571 1.0 0.15 10 0.55 lognormal
0.27619 1.0 0.15 10 0.575 lognormal
0.2414 1.0 0.15 10 0.6 lognormal
0.40114 10.0 4.0 100 0.75 gamma
0.20048 1.0 0.2 10000 0.225 lognormal
0.32738 1.0 0.15 10 0.625 lognormal
0.38489 1.0 0.15 10 0.65 lognormal
0.26775 1.0 0.15 10 0.675 lognormal
0.39661 1.0 0.15 10 0.7 lognormal
0.32499 1.0 0.15 10 0.725 lognormal
0.4261 10.0 4.5 100 0.75 gamma
0.35981 1.0 0.15 10 0.75 lognormal
0.02425 1.0 0.175 10 0.025 lognormal
0.04478 1.0 0.175 10 0.05 lognormal
0.22089 1.0 0.2 10000 0.25 lognormal
0.07162 1.0 0.175 10 0.075 lognormal
0.09026 1.0 0.175 10 0.1 lognormal
0.11747 1.0 0.175 10 0.125 lognormal
0.38447 10.0 5.0 100 0.75 gamma
0.13567 1.0 0.175 10 0.15 lognormal
0.14941 1.0 0.175 10 0.175 lognormal
0.16075 1.0 0.175 10 0.2 lognormal
0.1652 1.0 0.175 10 0.225 lognormal
0.21183 1.0 0.175 10 0.25 lognormal
0.43857 10.0 5.5 100 0.75 gamma
0.23437 1.0 0.2 10000 0.275 lognormal
0.19323 1.0 0.175 10 0.275 lognormal
0.23732 1.0 0.175 10 0.3 lognormal
0.23345 1.0 0.175 10 0.325 lognormal
0.26718 1.0 0.175 10 0.35 lognormal
0.21851 1.0 0.175 10 0.375 lognormal
0.41654 10.0 6.0 100 0.75 gamma
0.28782 1.0 0.175 10 0.4 lognormal
0.25452 1.0 0.175 10 0.425 lognormal
0.29975 1.0 0.175 10 0.45 lognormal
0.32804 1.0 0.175 10 0.475 lognormal
0.25783 1.0 0.2 10000 0.3 lognormal
0.23657 1.0 0.175 10 0.5 lognormal
0.38908 10.0 6.5 100 0.75 gamma
0.30407 1.0 0.175 10 0.525 lognormal
0.29856 1.0 0.175 10 0.55 lognormal
0.33062 1.0 0.175 10 0.575 lognormal
0.33237 1.0 0.175 10 0.6 lognormal
0.33155 1.0 0.175 10 0.625 lognormal
0.29741 1.0 0.175 10 0.65 lognormal
0.41045 10.0 7.0 100 0.75 gamma
0.39929 1.0 0.175 10 0.675 lognormal
0.27338 1.0 0.2 10000 0.325 lognormal
0.32199 1.0 0.175 10 0.7 lognormal
0.40734 1.0 0.175 10 0.725 lognormal
0.31371 1.0 0.175 10 0.75 lognormal
0.02545 1.0 0.2 10 0.025 lognormal
0.42064 10.0 7.5 100 0.75 gamma
0.04767 1.0 0.2 10 0.05 lognormal
0.06553 1.0 0.2 10 0.075 lognormal
0.08889 1.0 0.2 10 0.1 lognormal
0.29338 1.0 0.2 10000 0.35 lognormal
0.11765 1.0 0.2 10 0.125 lognormal
0.13943 1.0 0.2 10 0.15 lognormal
0.4225 10.0 8.0 100 0.75 gamma
0.15708 1.0 0.2 10 0.175 lognormal
0.16395 1.0 0.2 10 0.2 lognormal
0.16321 1.0 0.2 10 0.225 lognormal
0.20199 1.0 0.2 10 0.25 lognormal
0.20619 1.0 0.2 10 0.275 lognormal
0.40744 10.0 8.5 100 0.75 gamma
0.20336 1.0 0.2 10 0.3 lognormal
0.30993 1.0 0.2 10000 0.375 lognormal
0.25193 1.0 0.2 10 0.325 lognormal
0.23583 1.0 0.2 10 0.35 lognormal
0.30021 1.0 0.2 10 0.375 lognormal
0.25613 1.0 0.2 10 0.4 lognormal
0.43455 10.0 9.0 100 0.75 gamma
0.2084 1.0 0.2 10 0.425 lognormal
0.29514 1.0 0.2 10 0.45 lognormal
0.24164 1.0 0.2 10 0.475 lognormal
0.26273 1.0 0.2 10 0.5 lognormal
0.32438 1.0 0.2 10000 0.4 lognormal
0.34535 1.0 0.2 10 0.525 lognormal
0.42682 10.0 9.5 100 0.75 gamma
0.30307 1.0 0.2 10 0.55 lognormal
0.35037 1.0 0.2 10 0.575 lognormal
0.25979 1.0 0.2 10 0.6 lognormal
0.32329 1.0 0.2 10 0.625 lognormal
0.28259 1.0 0.2 10 0.65 lognormal
0.42311 10.0 10.0 100 0.75 gamma
0.31361 1.0 0.2 10 0.675 lognormal
0.31635 1.0 0.2 10 0.7 lognormal
0.33878 1.0 0.2 10000 0.425 lognormal
0.38206 1.0 0.2 10 0.725 lognormal
0.30772 1.0 0.2 10 0.75 lognormal
0.02362 1.0 0.225 10 0.025 lognormal
0.04563 1.0 0.225 10 0.05 lognormal
0.07052 1.0 0.225 10 0.075 lognormal
0.09675 1.0 0.225 10 0.1 lognormal
0.11952 1.0 0.225 10 0.125 lognormal
0.3541 1.0 0.2 10000 0.45 lognormal
0.11794 1.0 0.225 10 0.15 lognormal
0.16262 1.0 0.225 10 0.175 lognormal
0.13883 1.0 0.225 10 0.2 lognormal
0.19953 1.0 0.225 10 0.225 lognormal
0.2072 1.0 0.225 10 0.25 lognormal
0.1833 1.0 0.225 10 0.275 lognormal
0.22872 1.0 0.225 10 0.3 lognormal
0.2171 1.0 0.225 10 0.325 lognormal
0.36766 1.0 0.2 10000 0.475 lognormal
0.18625 1.0 0.225 10 0.35 lognormal
0.24754 1.0 0.225 10 0.375 lognormal
0.24896 1.0 0.225 10 0.4 lognormal
0.26262 1.0 0.225 10 0.425 lognormal
0.23994 1.0 0.225 10 0.45 lognormal
0.26565 1.0 0.225 10 0.475 lognormal
0.348 1.0 0.225 10 0.5 lognormal
0.23168 1.0 0.225 10 0.525 lognormal
0.24205 10.0 2.0 10 0.4 gamma
0.38562 1.0 0.2 10000 0.5 lognormal
0.31227 1.0 0.225 10 0.55 lognormal
0.26474 10.0 2.5 10 0.4 gamma
0.3402 1.0 0.225 10 0.575 lognormal
0.29771 10.0 3.0 10 0.4 gamma
0.32709 1.0 0.225 10 0.6 lognormal
0.2847 10.0 3.5 10 0.4 gamma
0.32004 10.0 2.0 1000 0.4 gamma
0.3145 1.0 0.225 10 0.625 lognormal
0.25843 10.0 4.0 10 0.4 gamma
0.37858 1.0 0.225 10 0.65 lognormal
0.21806 10.0 4.5 10 0.4 gamma
0.35366 1.0 0.225 10 0.675 lognormal
0.30507 10.0 5.0 10 0.4 gamma
0.34784 1.0 0.225 10 0.7 lognormal
0.23576 10.0 5.5 10 0.4 gamma
0.35722 1.0 0.225 10 0.725 lognormal
0.28305 10.0 6.0 10 0.4 gamma
0.39532 1.0 0.2 10000 0.525 lognormal
0.32343 1.0 0.225 10 0.75 lognormal
0.2858 10.0 6.5 10 0.4 gamma
0.02519 1.0 0.25 10 0.025 lognormal
0.25095 10.0 7.0 10 0.4 gamma
0.32135 10.0 2.0 10000 0.4 gamma
0.0479 1.0 0.25 10 0.05 lognormal
0.27221 10.0 7.5 10 0.4 gamma
0.31334 10.0 2.5 1000 0.4 gamma
0.23863 10.0 8.0 10 0.4 gamma
0.07146 1.0 0.25 10 0.075 lognormal
0.28553 10.0 8.5 10 0.4 gamma
0.09756 1.0 0.25 10 0.1 lognormal
0.24215 10.0 9.0 10 0.4 gamma
0.12255 1.0 0.25 10 0.125 lognormal
0.2651 10.0 9.5 10 0.4 gamma
0.12418 1.0 0.25 10 0.15 lognormal
0.23935 10.0 10.0 10 0.4 gamma
0.16151 1.0 0.25 10 0.175 lognormal
0.29201 10.0 2.0 10 0.425 gamma
0.18044 1.0 0.25 10 0.2 lognormal
0.24262 10.0 2.5 10 0.425 gamma
0.17672 1.0 0.25 10 0.225 lognormal
0.27937 10.0 3.0 10 0.425 gamma
0.20207 1.0 0.25 10 0.25 lognormal
0.40816 1.0 0.2 10000 0.55 lognormal
0.27021 10.0 3.5 10 0.425 gamma
0.19726 1.0 0.25 10 0.275 lognormal
0.32071 10.0 2.5 10000 0.4 gamma
0.2462 10.0 4.0 10 0.425 gamma
0.20449 1.0 0.25 10 0.3 lognormal
0.31792 10.0 4.5 10 0.425 gamma
0.24962 1.0 0.25 10 0.325 lognormal
0.26632 10.0 5.0 10 0.425 gamma
0.31425 10.0 3.0 1000 0.4 gamma
0.24215 1.0 0.25 10 0.35 lognormal
0.22808 10.0 5.5 10 0.425 gamma
0.21172 1.0 0.25 10 0.375 lognormal
0.25337 10.0 6.0 10 0.425 gamma
0.27018 1.0 0.25 10 0.4 lognormal
0.25326 10.0 6.5 10 0.425 gamma
0.26858 1.0 0.25 10 0.425 lognormal
0.27605 10.0 7.0 10 0.425 gamma
0.27737 1.0 0.25 10 0.45 lognormal
0.28408 10.0 7.5 10 0.425 gamma
0.24065 1.0 0.25 10 0.475 lognormal
0.27268 10.0 8.0 10 0.425 gamma
0.30905 1.0 0.25 10 0.5 lognormal
0.33179 10.0 8.5 10 0.425 gamma
0.31458 1.0 0.25 10 0.525 lognormal
0.26249 10.0 9.0 10 0.425 gamma
0.32175 10.0 3.0 10000 0.4 gamma
0.3109 1.0 0.25 10 0.55 lognormal
0.42662 1.0 0.2 10000 0.575 lognormal
0.26993 10.0 9.5 10 0.425 gamma
0.37215 1.0 0.25 10 0.575 lognormal
0.30532 10.0 10.0 10 0.425 gamma
0.31538 1.0 0.25 10 0.6 lognormal
0.23564 10.0 2.0 10 0.45 gamma
0.32732 1.0 0.25 10 0.625 lognormal
0.32464 10.0 2.0 100000 0.4 gamma
0.27853 10.0 2.5 10 0.45 gamma
0.35843 1.0 0.25 10 0.65 lognormal
0.31322 10.0 3.5 1000 0.4 gamma
0.28605 10.0 3.0 10 0.45 gamma
0.28363 1.0 0.25 10 0.675 lognormal
0.26552 10.0 3.5 10 0.45 gamma
0.31815 1.0 0.25 10 0.7 lognormal
0.2515 10.0 4.0 10 0.45 gamma
0.29607 1.0 0.25 10 0.725 lognormal
0.28548 10.0 4.5 10 0.45 gamma
0.36586 1.0 0.25 10 0.75 lognormal
0.25726 10.0 5.0 10 0.45 gamma
0.02511 1.0 0.275 10 0.025 lognormal
0.21787 10.0 5.5 10 0.45 gamma
0.04983 1.0 0.275 10 0.05 lognormal
0.32027 10.0 3.5 10000 0.4 gamma
0.25398 10.0 6.0 10 0.45 gamma
0.06529 1.0 0.275 10 0.075 lognormal
0.24211 10.0 6.5 10 0.45 gamma
0.43327 1.0 0.2 10000 0.6 lognormal
0.08643 1.0 0.275 10 0.1 lognormal
0.24935 10.0 7.0 10 0.45 gamma
0.10564 1.0 0.275 10 0.125 lognormal
0.2132 10.0 7.5 10 0.45 gamma
0.14212 1.0 0.275 10 0.15 lognormal
0.30137 10.0 8.0 10 0.45 gamma
0.15036 1.0 0.275 10 0.175 lognormal
0.25833 10.0 8.5 10 0.45 gamma
0.31164 10.0 4.0 1000 0.4 gamma
0.14389 1.0 0.275 10 0.2 lognormal
0.28178 10.0 9.0 10 0.45 gamma
0.20925 1.0 0.275 10 0.225 lognormal
0.27714 10.0 9.5 10 0.45 gamma
0.17989 1.0 0.275 10 0.25 lognormal
0.30347 10.0 10.0 10 0.45 gamma
0.22661 1.0 0.275 10 0.275 lognormal
0.29782 10.0 2.0 10 0.475 gamma
0.20999 1.0 0.275 10 0.3 lognormal
0.28637 10.0 2.5 10 0.475 gamma
0.26996 1.0 0.275 10 0.325 lognormal
0.32506 10.0 4.0 10000 0.4 gamma
0.2884 10.0 3.0 10 0.475 gamma
0.24376 1.0 0.275 10 0.35 lognormal
0.32144 10.0 3.5 10 0.475 gamma
0.45034 1.0 0.2 10000 0.625 lognormal
0.24986 1.0 0.275 10 0.375 lognormal
0.29153 10.0 4.0 10 0.475 gamma
0.2899 1.0 0.275 10 0.4 lognormal
0.29556 10.0 4.5 10 0.475 gamma
0.23434 1.0 0.275 10 0.425 lognormal
0.27745 10.0 5.0 10 0.475 gamma
0.25528 1.0 0.275 10 0.45 lognormal
0.328 10.0 5.5 10 0.475 gamma
0.31671 10.0 4.5 1000 0.4 gamma
0.32092 1.0 0.275 10 0.475 lognormal
0.27305 10.0 6.0 10 0.475 gamma
0.31919 1.0 0.275 10 0.5 lognormal
0.31065 10.0 6.5 10 0.475 gamma
0.29998 1.0 0.275 10 0.525 lognormal
0.26159 10.0 7.0 10 0.475 gamma
0.27656 1.0 0.275 10 0.55 lognormal
0.28886 10.0 7.5 10 0.475 gamma
0.30503 1.0 0.275 10 0.575 lognormal
0.31434 10.0 8.0 10 0.475 gamma
0.33551 1.0 0.275 10 0.6 lognormal
0.31345 10.0 8.5 10 0.475 gamma
0.3677 1.0 0.275 10 0.625 lognormal
0.32034 10.0 9.0 10 0.475 gamma
0.34899 1.0 0.275 10 0.65 lognormal
0.29427 10.0 9.5 10 0.475 gamma
0.46226 1.0 0.2 10000 0.65 lognormal
0.38738 1.0 0.275 10 0.675 lognormal
0.26532 10.0 10.0 10 0.475 gamma
0.27859 1.0 0.275 10 0.7 lognormal
0.31143 10.0 2.0 10 0.6 gamma
0.32204 10.0 4.5 10000 0.4 gamma
0.34378 1.0 0.275 10 0.725 lognormal
0.33305 10.0 2.5 10 0.6 gamma
0.35405 1.0 0.275 10 0.75 lognormal
0.31248 10.0 3.0 10 0.6 gamma
0.32673 10.0 2.5 100000 0.4 gamma
0.02497 1.0 0.3 10 0.025 lognormal
0.29978 10.0 3.5 10 0.6 gamma
0.31245 10.0 5.0 1000 0.4 gamma
0.31102 10.0 4.0 10 0.6 gamma
0.04958 1.0 0.3 10 0.05 lognormal
0.2979 10.0 4.5 10 0.6 gamma
0.07607 1.0 0.3 10 0.075 lognormal
0.34499 10.0 5.0 10 0.6 gamma
0.09412 1.0 0.3 10 0.1 lognormal
0.3296 10.0 5.5 10 0.6 gamma
0.11305 1.0 0.3 10 0.125 lognormal
0.30235 10.0 6.0 10 0.6 gamma
0.14773 1.0 0.3 10 0.15 lognormal
0.307 10.0 6.5 10 0.6 gamma
0.15072 1.0 0.3 10 0.175 lognormal
0.47283 1.0 0.2 10000 0.675 lognormal
0.24563 10.0 7.0 10 0.6 gamma
0.16496 1.0 0.3 10 0.2 lognormal
0.30847 10.0 7.5 10 0.6 gamma
0.16422 1.0 0.3 10 0.225 lognormal
0.32366 10.0 8.0 10 0.6 gamma
0.23493 1.0 0.3 10 0.25 lognormal
0.32758 10.0 8.5 10 0.6 gamma
0.21907 1.0 0.3 10 0.275 lognormal
0.31567 10.0 9.0 10 0.6 gamma
0.23229 1.0 0.3 10 0.3 lognormal
0.31505 10.0 9.5 10 0.6 gamma
0.31294 10.0 5.5 1000 0.4 gamma
0.19836 1.0 0.3 10 0.325 lognormal
0.29174 10.0 10.0 10 0.6 gamma
0.32505 10.0 5.0 10000 0.4 gamma
0.23292 1.0 0.3 10 0.35 lognormal
0.24549 10.0 2.0 10 0.55 gamma
0.27457 1.0 0.3 10 0.375 lognormal
0.29604 10.0 2.5 10 0.55 gamma
0.27288 1.0 0.3 10 0.4 lognormal
0.32398 10.0 3.0 10 0.55 gamma
0.24584 1.0 0.3 10 0.425 lognormal
0.28649 10.0 3.5 10 0.55 gamma
0.48853 1.0 0.2 10000 0.7 lognormal
0.26519 1.0 0.3 10 0.45 lognormal
0.27844 10.0 4.0 10 0.55 gamma
0.27148 1.0 0.3 10 0.475 lognormal
0.29891 10.0 4.5 10 0.55 gamma
0.28933 1.0 0.3 10 0.5 lognormal
0.27183 10.0 5.0 10 0.55 gamma
0.28606 1.0 0.3 10 0.525 lognormal
0.25398 10.0 5.5 10 0.55 gamma
0.26501 1.0 0.3 10 0.55 lognormal
0.28356 10.0 6.0 10 0.55 gamma
0.37509 1.0 0.3 10 0.575 lognormal
0.27613 10.0 6.5 10 0.55 gamma
0.33559 1.0 0.3 10 0.6 lognormal
0.27156 10.0 7.0 10 0.55 gamma
0.30724 10.0 6.0 1000 0.4 gamma
0.29866 1.0 0.3 10 0.625 lognormal
0.29981 10.0 7.5 10 0.55 gamma
0.32222 1.0 0.3 10 0.65 lognormal
0.28807 10.0 8.0 10 0.55 gamma
0.29635 1.0 0.3 10 0.675 lognormal
0.31206 10.0 8.5 10 0.55 gamma
0.35234 1.0 0.3 10 0.7 lognormal
0.27799 10.0 9.0 10 0.55 gamma
0.36823 1.0 0.3 10 0.725 lognormal
0.4919 1.0 0.2 10000 0.725 lognormal
0.25132 10.0 9.5 10 0.55 gamma
0.31918 1.0 0.3 10 0.75 lognormal
0.32378 10.0 5.5 10000 0.4 gamma
0.34018 10.0 10.0 10 0.55 gamma
0.02455 1.0 0.325 10 0.025 lognormal
0.3145 10.0 2.0 10 0.5 gamma
0.0483 1.0 0.325 10 0.05 lognormal
0.33575 10.0 2.5 10 0.5 gamma
0.07217 1.0 0.325 10 0.075 lognormal
0.2836 10.0 3.0 10 0.5 gamma
0.09626 1.0 0.325 10 0.1 lognormal
0.32868 10.0 3.5 10 0.5 gamma
0.32231 10.0 4.0 10 0.5 gamma
0.1002 1.0 0.325 10 0.125 lognormal
0.25813 10.0 4.5 10 0.5 gamma
0.12544 1.0 0.325 10 0.15 lognormal
0.31712 10.0 6.5 1000 0.4 gamma
0.28546 10.0 5.0 10 0.5 gamma
0.1669 1.0 0.325 10 0.175 lognormal
0.24179 10.0 5.5 10 0.5 gamma
0.1823 1.0 0.325 10 0.2 lognormal
0.28315 10.0 6.0 10 0.5 gamma
0.19278 1.0 0.325 10 0.225 lognormal
0.33158 10.0 6.5 10 0.5 gamma
0.20883 1.0 0.325 10 0.25 lognormal
0.50513 1.0 0.2 10000 0.75 lognormal
0.29525 10.0 7.0 10 0.5 gamma
0.20359 1.0 0.325 10 0.275 lognormal
0.33116 10.0 3.0 100000 0.4 gamma
0.33786 10.0 7.5 10 0.5 gamma
0.2009 1.0 0.325 10 0.3 lognormal
0.24995 10.0 8.0 10 0.5 gamma
0.21939 1.0 0.325 10 0.325 lognormal
0.30215 10.0 8.5 10 0.5 gamma
0.20778 1.0 0.325 10 0.35 lognormal
0.33054 10.0 9.0 10 0.5 gamma
0.26867 1.0 0.325 10 0.375 lognormal
0.02453 1.0 0.225 10000 0.025 lognormal
0.266 10.0 9.5 10 0.5 gamma
0.2911 1.0 0.325 10 0.4 lognormal
0.32222 10.0 6.0 10000 0.4 gamma
0.24834 10.0 10.0 10 0.5 gamma
0.26688 1.0 0.325 10 0.425 lognormal
0.3619 10.0 2.0 10 0.65 gamma
0.32334 10.0 7.0 1000 0.4 gamma
0.2817 1.0 0.325 10 0.45 lognormal
0.36051 10.0 2.5 10 0.65 gamma
0.23078 1.0 0.325 10 0.475 lognormal
0.357 10.0 3.0 10 0.65 gamma
0.29378 1.0 0.325 10 0.5 lognormal
0.3337 10.0 3.5 10 0.65 gamma
0.25035 1.0 0.325 10 0.525 lognormal
0.38489 10.0 4.0 10 0.65 gamma
0.37356 1.0 0.325 10 0.55 lognormal
0.3132 10.0 4.5 10 0.65 gamma
0.33075 1.0 0.325 10 0.575 lognormal
0.38995 10.0 5.0 10 0.65 gamma
0.04811 1.0 0.225 10000 0.05 lognormal
0.34868 1.0 0.325 10 0.6 lognormal
0.32587 10.0 5.5 10 0.65 gamma
0.34032 1.0 0.325 10 0.625 lognormal
0.42051 10.0 6.0 10 0.65 gamma
0.30806 1.0 0.325 10 0.65 lognormal
0.37409 10.0 6.5 10 0.65 gamma
0.35009 1.0 0.325 10 0.675 lognormal
0.2981 10.0 7.0 10 0.65 gamma
0.32907 1.0 0.325 10 0.7 lognormal
0.29596 10.0 7.5 10 0.65 gamma
0.30691 1.0 0.325 10 0.725 lognormal
0.30212 10.0 8.0 10 0.65 gamma
0.32124 1.0 0.325 10 0.75 lognormal
0.31624 10.0 7.5 1000 0.4 gamma
0.29998 10.0 8.5 10 0.65 gamma
0.02503 1.0 0.35 10 0.025 lognormal
0.30748 10.0 9.0 10 0.65 gamma
0.04842 1.0 0.35 10 0.05 lognormal
0.07226 1.0 0.225 10000 0.075 lognormal
0.31227 10.0 9.5 10 0.65 gamma
0.0736 1.0 0.35 10 0.075 lognormal
0.33765 10.0 10.0 10 0.65 gamma
0.32461 10.0 6.5 10000 0.4 gamma
0.09823 1.0 0.35 10 0.1 lognormal
0.3668 10.0 2.0 10 0.7 gamma
0.39485 10.0 2.5 10 0.7 gamma
0.10997 1.0 0.35 10 0.125 lognormal
0.3174 10.0 3.0 10 0.7 gamma
0.12368 1.0 0.35 10 0.15 lognormal
0.34732 10.0 3.5 10 0.7 gamma
0.14013 1.0 0.35 10 0.175 lognormal
0.39402 10.0 4.0 10 0.7 gamma
0.17892 1.0 0.35 10 0.2 lognormal
0.34827 10.0 4.5 10 0.7 gamma
0.17657 1.0 0.35 10 0.225 lognormal
0.2715 10.0 5.0 10 0.7 gamma
0.19254 1.0 0.35 10 0.25 lognormal
0.09478 1.0 0.225 10000 0.1 lognormal
0.33501 10.0 5.5 10 0.7 gamma
0.20633 1.0 0.35 10 0.275 lognormal
0.34206 10.0 6.0 10 0.7 gamma
0.30888 10.0 8.0 1000 0.4 gamma
0.22711 1.0 0.35 10 0.3 lognormal
0.31093 10.0 6.5 10 0.7 gamma
0.25634 1.0 0.35 10 0.325 lognormal
0.33824 10.0 7.0 10 0.7 gamma
0.24065 1.0 0.35 10 0.35 lognormal
0.41054 10.0 7.5 10 0.7 gamma
0.27936 1.0 0.35 10 0.375 lognormal
0.34442 10.0 8.0 10 0.7 gamma
0.24215 1.0 0.35 10 0.4 lognormal
0.34085 10.0 8.5 10 0.7 gamma
0.31346 1.0 0.35 10 0.425 lognormal
0.37268 10.0 9.0 10 0.7 gamma
0.25229 1.0 0.35 10 0.45 lognormal
0.40539 10.0 9.5 10 0.7 gamma
0.11767 1.0 0.225 10000 0.125 lognormal
0.31748 1.0 0.35 10 0.475 lognormal
0.37414 10.0 10.0 10 0.7 gamma
0.33914 1.0 0.35 10 0.5 lognormal
0.38621 10.0 2.0 10 0.75 gamma
0.32321 10.0 7.0 10000 0.4 gamma
0.26552 1.0 0.35 10 0.525 lognormal
0.33221 10.0 2.5 10 0.75 gamma
0.26636 1.0 0.35 10 0.55 lognormal
0.31831 10.0 3.0 10 0.75 gamma
0.33447 1.0 0.35 10 0.575 lognormal
0.34905 10.0 3.5 10 0.75 gamma
0.37818 10.0 4.0 10 0.75 gamma
0.32568 1.0 0.35 10 0.6 lognormal
0.31621 10.0 8.5 1000 0.4 gamma
0.33882 10.0 4.5 10 0.75 gamma
0.31816 1.0 0.35 10 0.625 lognormal
0.38798 10.0 5.0 10 0.75 gamma
0.34739 1.0 0.35 10 0.65 lognormal
0.35479 10.0 5.5 10 0.75 gamma
0.34118 1.0 0.35 10 0.675 lognormal
0.13808 1.0 0.225 10000 0.15 lognormal
0.32598 10.0 3.5 100000 0.4 gamma
0.31361 10.0 6.0 10 0.75 gamma
0.31987 1.0 0.35 10 0.7 lognormal
0.43922 10.0 6.5 10 0.75 gamma
0.30784 1.0 0.35 10 0.725 lognormal
0.33762 10.0 7.0 10 0.75 gamma
0.33088 1.0 0.35 10 0.75 lognormal
0.34058 10.0 7.5 10 0.75 gamma
0.02527 1.0 0.375 10 0.025 lognormal
0.35046 10.0 8.0 10 0.75 gamma
0.04863 1.0 0.375 10 0.05 lognormal
0.33902 10.0 8.5 10 0.75 gamma
0.07316 1.0 0.375 10 0.075 lognormal
0.35847 10.0 9.0 10 0.75 gamma
0.09052 1.0 0.375 10 0.1 lognormal
0.40255 10.0 9.5 10 0.75 gamma
0.11788 1.0 0.375 10 0.125 lognormal
0.37729 10.0 10.0 10 0.75 gamma
0.16004 1.0 0.225 10000 0.175 lognormal
0.1297 1.0 0.375 10 0.15 lognormal
0.31511 10.0 9.0 1000 0.4 gamma
0.15548 1.0 0.375 10 0.175 lognormal
0.15654 1.0 0.375 10 0.2 lognormal
0.32405 10.0 7.5 10000 0.4 gamma
0.17764 1.0 0.375 10 0.225 lognormal
0.17645 1.0 0.375 10 0.25 lognormal
0.17965 1.0 0.375 10 0.275 lognormal
0.23756 1.0 0.375 10 0.3 lognormal
0.20514 1.0 0.375 10 0.325 lognormal
0.23435 1.0 0.375 10 0.35 lognormal
0.17929 1.0 0.225 10000 0.2 lognormal
0.27249 1.0 0.375 10 0.375 lognormal
0.25314 1.0 0.375 10 0.4 lognormal
0.30404 1.0 0.375 10 0.425 lognormal
0.28729 1.0 0.375 10 0.45 lognormal
0.31562 10.0 9.5 1000 0.4 gamma
0.27455 1.0 0.375 10 0.475 lognormal
0.26689 1.0 0.375 10 0.5 lognormal
0.31781 1.0 0.375 10 0.525 lognormal
0.29253 1.0 0.375 10 0.55 lognormal
0.19935 1.0 0.225 10000 0.225 lognormal
0.29517 1.0 0.375 10 0.575 lognormal
0.28282 1.0 0.375 10 0.6 lognormal
0.29878 1.0 0.375 10 0.625 lognormal
0.30373 1.0 0.375 10 0.65 lognormal
0.28656 1.0 0.375 10 0.675 lognormal
0.36031 1.0 0.375 10 0.7 lognormal
0.29995 1.0 0.375 10 0.725 lognormal
0.36457 1.0 0.375 10 0.75 lognormal
0.3145 10.0 10.0 1000 0.4 gamma
0.02212 1.0 0.4 10 0.025 lognormal
0.2186 1.0 0.225 10000 0.25 lognormal
0.32104 10.0 8.0 10000 0.4 gamma
0.04955 1.0 0.4 10 0.05 lognormal
0.07468 1.0 0.4 10 0.075 lognormal
0.09493 1.0 0.4 10 0.1 lognormal
0.11158 1.0 0.4 10 0.125 lognormal
0.13514 1.0 0.4 10 0.15 lognormal
0.16194 1.0 0.4 10 0.175 lognormal
0.1541 1.0 0.4 10 0.2 lognormal
0.3346 10.0 2.0 1000 0.425 gamma
0.23719 1.0 0.225 10000 0.275 lognormal
0.16567 1.0 0.4 10 0.225 lognormal
0.18951 1.0 0.4 10 0.25 lognormal
0.20964 1.0 0.4 10 0.275 lognormal
0.22655 1.0 0.4 10 0.3 lognormal
0.24782 1.0 0.4 10 0.325 lognormal
0.26668 1.0 0.4 10 0.35 lognormal
0.23787 1.0 0.4 10 0.375 lognormal
0.31327 1.0 0.4 10 0.4 lognormal
0.278 1.0 0.4 10 0.425 lognormal
0.25494 1.0 0.225 10000 0.3 lognormal
0.25033 1.0 0.4 10 0.45 lognormal
0.29572 1.0 0.4 10 0.475 lognormal
0.32545 10.0 4.0 100000 0.4 gamma
0.32284 10.0 8.5 10000 0.4 gamma
0.28808 1.0 0.4 10 0.5 lognormal
0.33174 10.0 2.5 1000 0.425 gamma
0.26842 1.0 0.4 10 0.525 lognormal
0.32733 1.0 0.4 10 0.55 lognormal
0.29276 1.0 0.4 10 0.575 lognormal
0.37478 1.0 0.4 10 0.6 lognormal
0.34269 1.0 0.4 10 0.625 lognormal
0.36419 1.0 0.4 10 0.65 lognormal
0.27533 1.0 0.225 10000 0.325 lognormal
0.32236 1.0 0.4 10 0.675 lognormal
0.36664 1.0 0.4 10 0.7 lognormal
0.34082 1.0 0.4 10 0.725 lognormal
0.39805 1.0 0.4 10 0.75 lognormal
0.02325 1.0 0.425 10 0.025 lognormal
0.05042 1.0 0.425 10 0.05 lognormal
0.33184 10.0 3.0 1000 0.425 gamma
0.07506 1.0 0.425 10 0.075 lognormal
0.0951 1.0 0.425 10 0.1 lognormal
0.29055 1.0 0.225 10000 0.35 lognormal
0.0928 1.0 0.425 10 0.125 lognormal
0.12642 1.0 0.425 10 0.15 lognormal
0.14629 1.0 0.425 10 0.175 lognormal
0.16612 1.0 0.425 10 0.2 lognormal
0.31912 10.0 9.0 10000 0.4 gamma
0.20021 1.0 0.425 10 0.225 lognormal
0.2148 1.0 0.425 10 0.25 lognormal
0.19623 1.0 0.425 10 0.275 lognormal
0.20643 1.0 0.425 10 0.3 lognormal
0.30302 1.0 0.225 10000 0.375 lognormal
0.22538 1.0 0.425 10 0.325 lognormal
0.26467 1.0 0.425 10 0.35 lognormal
0.32567 10.0 3.5 1000 0.425 gamma
0.25335 1.0 0.425 10 0.375 lognormal
0.24646 1.0 0.425 10 0.4 lognormal
0.21955 1.0 0.425 10 0.425 lognormal
0.23018 1.0 0.425 10 0.45 lognormal
0.30967 1.0 0.425 10 0.475 lognormal
0.28655 1.0 0.425 10 0.5 lognormal
0.32505 1.0 0.225 10000 0.4 lognormal
0.31108 1.0 0.425 10 0.525 lognormal
0.29525 1.0 0.425 10 0.55 lognormal
0.30071 1.0 0.425 10 0.575 lognormal
0.34535 1.0 0.425 10 0.6 lognormal
0.29334 1.0 0.425 10 0.625 lognormal
0.3669 1.0 0.425 10 0.65 lognormal
0.33008 10.0 4.0 1000 0.425 gamma
0.38818 1.0 0.425 10 0.675 lognormal
0.32525 10.0 9.5 10000 0.4 gamma
0.31832 1.0 0.425 10 0.7 lognormal
0.32334 1.0 0.425 10 0.725 lognormal
0.33243 1.0 0.425 10 0.75 lognormal
0.02528 1.0 0.45 10 0.025 lognormal
0.04614 1.0 0.45 10 0.05 lognormal
0.07312 1.0 0.45 10 0.075 lognormal
0.34 1.0 0.225 10000 0.425 lognormal
0.08798 1.0 0.45 10 0.1 lognormal
0.11467 1.0 0.45 10 0.125 lognormal
0.12194 1.0 0.45 10 0.15 lognormal
0.13539 1.0 0.45 10 0.175 lognormal
0.16298 1.0 0.45 10 0.2 lognormal
0.32806 10.0 4.5 1000 0.425 gamma
0.1869 1.0 0.45 10 0.225 lognormal
0.1833 1.0 0.45 10 0.25 lognormal
0.23437 1.0 0.45 10 0.275 lognormal
0.21632 1.0 0.45 10 0.3 lognormal
0.22831 1.0 0.45 10 0.325 lognormal
0.24197 1.0 0.45 10 0.35 lognormal
0.23606 1.0 0.45 10 0.375 lognormal
0.35575 1.0 0.225 10000 0.45 lognormal
0.23117 1.0 0.45 10 0.4 lognormal
0.32252 10.0 10.0 10000 0.4 gamma
0.2564 1.0 0.45 10 0.425 lognormal
0.31577 1.0 0.45 10 0.45 lognormal
0.2876 1.0 0.45 10 0.475 lognormal
0.32631 10.0 4.5 100000 0.4 gamma
0.28035 1.0 0.45 10 0.5 lognormal
0.32682 10.0 5.0 1000 0.425 gamma
0.30144 1.0 0.45 10 0.525 lognormal
0.2807 1.0 0.45 10 0.55 lognormal
0.32222 1.0 0.45 10 0.575 lognormal
0.31778 1.0 0.45 10 0.6 lognormal
0.29449 1.0 0.45 10 0.625 lognormal
0.34281 1.0 0.45 10 0.65 lognormal
0.33918 10.0 2.0 10000 0.425 gamma
0.30859 1.0 0.45 10 0.675 lognormal
0.36912 1.0 0.225 10000 0.475 lognormal
0.39568 1.0 0.45 10 0.7 lognormal
0.36894 1.0 0.45 10 0.725 lognormal
0.3824 1.0 0.45 10 0.75 lognormal
0.02341 1.0 0.475 10 0.025 lognormal
0.04798 1.0 0.475 10 0.05 lognormal
0.07421 1.0 0.475 10 0.075 lognormal
0.32295 10.0 5.5 1000 0.425 gamma
0.08682 1.0 0.475 10 0.1 lognormal
0.11293 1.0 0.475 10 0.125 lognormal
0.13964 1.0 0.475 10 0.15 lognormal
0.33976 10.0 2.5 10000 0.425 gamma
0.16983 1.0 0.475 10 0.175 lognormal
0.14574 1.0 0.475 10 0.2 lognormal
0.19138 1.0 0.475 10 0.225 lognormal
0.38213 1.0 0.225 10000 0.5 lognormal
0.16545 1.0 0.475 10 0.25 lognormal
0.23941 1.0 0.475 10 0.275 lognormal
0.17451 1.0 0.475 10 0.3 lognormal
0.21184 1.0 0.475 10 0.325 lognormal
0.24604 1.0 0.475 10 0.35 lognormal
0.3338 10.0 6.0 1000 0.425 gamma
0.28207 1.0 0.475 10 0.375 lognormal
0.25462 1.0 0.475 10 0.4 lognormal
0.33672 10.0 3.0 10000 0.425 gamma
0.2147 1.0 0.475 10 0.425 lognormal
0.25304 1.0 0.475 10 0.45 lognormal
0.29164 1.0 0.475 10 0.475 lognormal
0.29623 1.0 0.475 10 0.5 lognormal
0.3347 1.0 0.475 10 0.525 lognormal
0.39856 1.0 0.225 10000 0.525 lognormal
0.30102 1.0 0.475 10 0.55 lognormal
0.30338 1.0 0.475 10 0.575 lognormal
0.3226 1.0 0.475 10 0.6 lognormal
0.29998 1.0 0.475 10 0.625 lognormal
0.3237 1.0 0.475 10 0.65 lognormal
0.31657 1.0 0.475 10 0.675 lognormal
0.33179 10.0 6.5 1000 0.425 gamma
0.31764 1.0 0.475 10 0.7 lognormal
0.33625 10.0 3.5 10000 0.425 gamma
0.32422 1.0 0.475 10 0.725 lognormal
0.41125 1.0 0.475 10 0.75 lognormal
0.40805 1.0 0.225 10000 0.55 lognormal
0.32609 10.0 7.0 1000 0.425 gamma
0.33922 10.0 4.0 10000 0.425 gamma
0.4227 1.0 0.225 10000 0.575 lognormal
0.32835 10.0 7.5 1000 0.425 gamma
0.32861 10.0 5.0 100000 0.4 gamma
0.43588 1.0 0.225 10000 0.6 lognormal
0.34064 10.0 4.5 10000 0.425 gamma
0.32592 10.0 8.0 1000 0.425 gamma
0.44949 1.0 0.225 10000 0.625 lognormal
0.33743 10.0 5.0 10000 0.425 gamma
0.33029 10.0 8.5 1000 0.425 gamma
0.45995 1.0 0.225 10000 0.65 lognormal
0.33179 10.0 9.0 1000 0.425 gamma
0.47722 1.0 0.225 10000 0.675 lognormal
0.33865 10.0 5.5 10000 0.425 gamma
0.33046 10.0 9.5 1000 0.425 gamma
0.48498 1.0 0.225 10000 0.7 lognormal
0.33974 10.0 6.0 10000 0.425 gamma
0.4979 1.0 0.225 10000 0.725 lognormal
0.32479 10.0 10.0 1000 0.425 gamma
0.32758 10.0 5.5 100000 0.4 gamma
0.34593 10.0 2.0 1000 0.45 gamma
0.34379 10.0 6.5 10000 0.425 gamma
0.50656 1.0 0.225 10000 0.75 lognormal
0.02439 1.0 0.25 10000 0.025 lognormal
0.34036 10.0 2.5 1000 0.45 gamma
0.0483 1.0 0.25 10000 0.05 lognormal
0.33976 10.0 7.0 10000 0.425 gamma
0.07244 1.0 0.25 10000 0.075 lognormal
0.34559 10.0 3.0 1000 0.45 gamma
0.09354 1.0 0.25 10000 0.1 lognormal
0.34254 10.0 7.5 10000 0.425 gamma
0.34629 10.0 3.5 1000 0.45 gamma
0.11703 1.0 0.25 10000 0.125 lognormal
0.34885 10.0 4.0 1000 0.45 gamma
0.13772 1.0 0.25 10000 0.15 lognormal
0.34392 10.0 8.0 10000 0.425 gamma
0.16001 1.0 0.25 10000 0.175 lognormal
0.34795 10.0 4.5 1000 0.45 gamma
0.17833 1.0 0.25 10000 0.2 lognormal
0.32565 10.0 6.0 100000 0.4 gamma
0.34573 10.0 5.0 1000 0.45 gamma
0.33575 10.0 8.5 10000 0.425 gamma
0.20161 1.0 0.25 10000 0.225 lognormal
0.34629 10.0 5.5 1000 0.45 gamma
0.22095 1.0 0.25 10000 0.25 lognormal
0.33775 10.0 9.0 10000 0.425 gamma
0.23814 1.0 0.25 10000 0.275 lognormal
0.34458 10.0 6.0 1000 0.45 gamma
0.25402 1.0 0.25 10000 0.3 lognormal
0.33942 10.0 6.5 1000 0.45 gamma
0.27193 1.0 0.25 10000 0.325 lognormal
0.33869 10.0 9.5 10000 0.425 gamma
0.34555 10.0 7.0 1000 0.45 gamma
0.2895 1.0 0.25 10000 0.35 lognormal
0.30425 1.0 0.25 10000 0.375 lognormal
0.33561 10.0 7.5 1000 0.45 gamma
0.33795 10.0 10.0 10000 0.425 gamma
0.32429 1.0 0.25 10000 0.4 lognormal
0.34716 10.0 8.0 1000 0.45 gamma
0.35328 10.0 2.0 10000 0.45 gamma
0.33841 1.0 0.25 10000 0.425 lognormal
0.3591 10.0 2.5 10000 0.45 gamma
0.3281 10.0 6.5 100000 0.4 gamma
0.34681 10.0 8.5 1000 0.45 gamma
0.35205 1.0 0.25 10000 0.45 lognormal
0.35529 10.0 3.0 10000 0.45 gamma
0.34025 10.0 9.0 1000 0.45 gamma
0.36986 1.0 0.25 10000 0.475 lognormal
0.35475 10.0 3.5 10000 0.45 gamma
0.34062 10.0 9.5 1000 0.45 gamma
0.38449 1.0 0.25 10000 0.5 lognormal
0.35708 10.0 4.0 10000 0.45 gamma
0.34464 10.0 10.0 1000 0.45 gamma
0.39763 1.0 0.25 10000 0.525 lognormal
0.35726 10.0 2.0 1000 0.475 gamma
0.35679 10.0 4.5 10000 0.45 gamma
0.41256 1.0 0.25 10000 0.55 lognormal
0.35862 10.0 2.5 1000 0.475 gamma
0.42572 1.0 0.25 10000 0.575 lognormal
0.35535 10.0 5.0 10000 0.45 gamma
0.36455 10.0 3.0 1000 0.475 gamma
0.4345 1.0 0.25 10000 0.6 lognormal
0.35342 10.0 3.5 1000 0.475 gamma
0.35343 10.0 5.5 10000 0.45 gamma
0.32738 10.0 7.0 100000 0.4 gamma
0.45243 1.0 0.25 10000 0.625 lognormal
0.3591 10.0 4.0 1000 0.475 gamma
0.35804 10.0 6.0 10000 0.45 gamma
0.45959 1.0 0.25 10000 0.65 lognormal
0.35705 10.0 4.5 1000 0.475 gamma
0.47214 1.0 0.25 10000 0.675 lognormal
0.36063 10.0 5.0 1000 0.475 gamma
0.3579 10.0 6.5 10000 0.45 gamma
0.4895 1.0 0.25 10000 0.7 lognormal
0.36225 10.0 5.5 1000 0.475 gamma
0.49671 1.0 0.25 10000 0.725 lognormal
0.35235 10.0 7.0 10000 0.45 gamma
0.35617 10.0 6.0 1000 0.475 gamma
0.50742 1.0 0.25 10000 0.75 lognormal
0.36113 10.0 6.5 1000 0.475 gamma
0.02391 1.0 0.275 10000 0.025 lognormal
0.35215 10.0 7.5 10000 0.45 gamma
0.04732 1.0 0.275 10000 0.05 lognormal
0.35826 10.0 7.0 1000 0.475 gamma
0.07348 1.0 0.275 10000 0.075 lognormal
0.35012 10.0 8.0 10000 0.45 gamma
0.35623 10.0 7.5 1000 0.475 gamma
0.32712 10.0 7.5 100000 0.4 gamma
0.0957 1.0 0.275 10000 0.1 lognormal
0.3614 10.0 8.0 1000 0.475 gamma
0.11645 1.0 0.275 10000 0.125 lognormal
0.35338 10.0 8.5 10000 0.45 gamma
0.13728 1.0 0.275 10000 0.15 lognormal
0.357 10.0 8.5 1000 0.475 gamma
0.16 1.0 0.275 10000 0.175 lognormal
0.35671 10.0 9.0 10000 0.45 gamma
0.36006 10.0 9.0 1000 0.475 gamma
0.17951 1.0 0.275 10000 0.2 lognormal
0.20211 1.0 0.275 10000 0.225 lognormal
0.35629 10.0 9.5 1000 0.475 gamma
0.35594 10.0 9.5 10000 0.45 gamma
0.22025 1.0 0.275 10000 0.25 lognormal
0.36165 10.0 10.0 1000 0.475 gamma
0.23891 1.0 0.275 10000 0.275 lognormal
0.35494 10.0 10.0 10000 0.45 gamma
0.4202 10.0 2.0 1000 0.6 gamma
0.25521 1.0 0.275 10000 0.3 lognormal
0.36658 10.0 2.0 10000 0.475 gamma
0.42048 10.0 2.5 1000 0.6 gamma
0.27615 1.0 0.275 10000 0.325 lognormal
0.3714 10.0 2.5 10000 0.475 gamma
0.32489 10.0 8.0 100000 0.4 gamma
0.42452 10.0 3.0 1000 0.6 gamma
0.28995 1.0 0.275 10000 0.35 lognormal
0.37013 10.0 3.0 10000 0.475 gamma
0.41807 10.0 3.5 1000 0.6 gamma
0.30723 1.0 0.275 10000 0.375 lognormal
0.36689 10.0 3.5 10000 0.475 gamma
0.32315 1.0 0.275 10000 0.4 lognormal
0.42311 10.0 4.0 1000 0.6 gamma
0.33759 1.0 0.275 10000 0.425 lognormal
0.37105 10.0 4.0 10000 0.475 gamma
0.40714 10.0 4.5 1000 0.6 gamma
0.42194 10.0 5.0 1000 0.6 gamma
0.35521 1.0 0.275 10000 0.45 lognormal
0.36729 10.0 4.5 10000 0.475 gamma
0.41337 10.0 5.5 1000 0.6 gamma
0.36828 1.0 0.275 10000 0.475 lognormal
0.36958 10.0 5.0 10000 0.475 gamma
0.3838 1.0 0.275 10000 0.5 lognormal
0.4131 10.0 6.0 1000 0.6 gamma
0.40076 1.0 0.275 10000 0.525 lognormal
0.36917 10.0 5.5 10000 0.475 gamma
0.41087 10.0 6.5 1000 0.6 gamma
0.32841 10.0 8.5 100000 0.4 gamma
0.40958 1.0 0.275 10000 0.55 lognormal
0.4165 10.0 7.0 1000 0.6 gamma
0.36714 10.0 6.0 10000 0.475 gamma
0.42439 1.0 0.275 10000 0.575 lognormal
0.41409 10.0 7.5 1000 0.6 gamma
0.43692 1.0 0.275 10000 0.6 lognormal
0.41907 10.0 8.0 1000 0.6 gamma
0.37243 10.0 6.5 10000 0.475 gamma
0.44715 1.0 0.275 10000 0.625 lognormal
0.42284 10.0 8.5 1000 0.6 gamma
0.36791 10.0 7.0 10000 0.475 gamma
0.45654 1.0 0.275 10000 0.65 lognormal
0.415 10.0 9.0 1000 0.6 gamma
0.47492 1.0 0.275 10000 0.675 lognormal
0.41422 10.0 9.5 1000 0.6 gamma
0.37077 10.0 7.5 10000 0.475 gamma
0.48165 1.0 0.275 10000 0.7 lognormal
0.41716 10.0 10.0 1000 0.6 gamma
0.49792 1.0 0.275 10000 0.725 lognormal
0.36982 10.0 8.0 10000 0.475 gamma
0.39632 10.0 2.0 1000 0.55 gamma
0.50484 1.0 0.275 10000 0.75 lognormal
0.32698 10.0 9.0 100000 0.4 gamma
0.39949 10.0 2.5 1000 0.55 gamma
0.02349 1.0 0.3 10000 0.025 lognormal
0.36691 10.0 8.5 10000 0.475 gamma
0.04884 1.0 0.3 10000 0.05 lognormal
0.40054 10.0 3.0 1000 0.55 gamma
0.07145 1.0 0.3 10000 0.075 lognormal
0.36568 10.0 9.0 10000 0.475 gamma
0.39133 10.0 3.5 1000 0.55 gamma
0.09314 1.0 0.3 10000 0.1 lognormal
0.11738 1.0 0.3 10000 0.125 lognormal
0.39622 10.0 4.0 1000 0.55 gamma
0.36702 10.0 9.5 10000 0.475 gamma
0.14014 1.0 0.3 10000 0.15 lognormal
0.40036 10.0 4.5 1000 0.55 gamma
0.15957 1.0 0.3 10000 0.175 lognormal
0.39438 10.0 5.0 1000 0.55 gamma
0.18068 1.0 0.3 10000 0.2 lognormal
0.36718 10.0 10.0 10000 0.475 gamma
0.19925 1.0 0.3 10000 0.225 lognormal
0.39405 10.0 5.5 1000 0.55 gamma
0.43724 10.0 2.0 10000 0.6 gamma
0.22058 1.0 0.3 10000 0.25 lognormal
0.43456 10.0 2.5 10000 0.6 gamma
0.39478 10.0 6.0 1000 0.55 gamma
0.23852 1.0 0.3 10000 0.275 lognormal
0.43645 10.0 3.0 10000 0.6 gamma
0.4031 10.0 6.5 1000 0.55 gamma
0.25776 1.0 0.3 10000 0.3 lognormal
0.32829 10.0 9.5 100000 0.4 gamma
0.27292 1.0 0.3 10000 0.325 lognormal
0.39879 10.0 7.0 1000 0.55 gamma
0.43727 10.0 3.5 10000 0.6 gamma
0.29079 1.0 0.3 10000 0.35 lognormal
0.39626 10.0 7.5 1000 0.55 gamma
0.4338 10.0 4.0 10000 0.6 gamma
0.3062 1.0 0.3 10000 0.375 lognormal
0.38843 10.0 8.0 1000 0.55 gamma
0.44175 10.0 4.5 10000 0.6 gamma
0.32504 1.0 0.3 10000 0.4 lognormal
0.39712 10.0 8.5 1000 0.55 gamma
0.34276 1.0 0.3 10000 0.425 lognormal
0.43531 10.0 5.0 10000 0.6 gamma
0.40132 10.0 9.0 1000 0.55 gamma
0.35651 1.0 0.3 10000 0.45 lognormal
0.43723 10.0 5.5 10000 0.6 gamma
0.38562 10.0 9.5 1000 0.55 gamma
0.37002 1.0 0.3 10000 0.475 lognormal
0.39542 10.0 10.0 1000 0.55 gamma
0.43344 10.0 6.0 10000 0.6 gamma
0.38485 1.0 0.3 10000 0.5 lognormal
0.36975 10.0 2.0 1000 0.5 gamma
0.32634 10.0 10.0 100000 0.4 gamma
0.39642 1.0 0.3 10000 0.525 lognormal
0.37149 10.0 2.5 1000 0.5 gamma
0.43525 10.0 6.5 10000 0.6 gamma
0.40972 1.0 0.3 10000 0.55 lognormal
0.37028 10.0 3.0 1000 0.5 gamma
0.43737 10.0 7.0 10000 0.6 gamma
0.42047 1.0 0.3 10000 0.575 lognormal
0.37823 10.0 3.5 1000 0.5 gamma
0.34385 10.0 2.0 100000 0.425 gamma
0.43434 1.0 0.3 10000 0.6 lognormal
0.36468 10.0 4.0 1000 0.5 gamma
0.43954 10.0 7.5 10000 0.6 gamma
0.44751 1.0 0.3 10000 0.625 lognormal
0.37126 10.0 4.5 1000 0.5 gamma
0.45876 1.0 0.3 10000 0.65 lognormal
0.3703 10.0 5.0 1000 0.5 gamma
0.43399 10.0 8.0 10000 0.6 gamma
0.34371 10.0 2.5 100000 0.425 gamma
0.47054 1.0 0.3 10000 0.675 lognormal
0.37387 10.0 5.5 1000 0.5 gamma
0.48356 1.0 0.3 10000 0.7 lognormal
0.37003 10.0 6.0 1000 0.5 gamma
0.43171 10.0 8.5 10000 0.6 gamma
0.49726 1.0 0.3 10000 0.725 lognormal
0.37545 10.0 6.5 1000 0.5 gamma
0.50985 1.0 0.3 10000 0.75 lognormal
0.36854 10.0 7.0 1000 0.5 gamma
0.02538 1.0 0.325 10000 0.025 lognormal
0.34254 10.0 3.0 100000 0.425 gamma
0.43572 10.0 9.0 10000 0.6 gamma
0.0479 1.0 0.325 10000 0.05 lognormal
0.37277 10.0 7.5 1000 0.5 gamma
0.07166 1.0 0.325 10000 0.075 lognormal
0.43916 10.0 9.5 10000 0.6 gamma
0.36599 10.0 8.0 1000 0.5 gamma
0.09494 1.0 0.325 10000 0.1 lognormal
0.37451 10.0 8.5 1000 0.5 gamma
0.11856 1.0 0.325 10000 0.125 lognormal
0.13799 1.0 0.325 10000 0.15 lognormal
0.43318 10.0 10.0 10000 0.6 gamma
0.37431 10.0 9.0 1000 0.5 gamma
0.34448 10.0 3.5 100000 0.425 gamma
0.16046 1.0 0.325 10000 0.175 lognormal
0.4125 10.0 2.0 10000 0.55 gamma
0.37543 10.0 9.5 1000 0.5 gamma
0.17911 1.0 0.325 10000 0.2 lognormal
0.41086 10.0 2.5 10000 0.55 gamma
0.36987 10.0 10.0 1000 0.5 gamma
0.20113 1.0 0.325 10000 0.225 lognormal
0.41077 10.0 3.0 10000 0.55 gamma
0.21924 1.0 0.325 10000 0.25 lognormal
0.439 10.0 2.0 1000 0.65 gamma
0.41251 10.0 3.5 10000 0.55 gamma
0.23702 1.0 0.325 10000 0.275 lognormal
0.44009 10.0 2.5 1000 0.65 gamma
0.25257 1.0 0.325 10000 0.3 lognormal
0.41197 10.0 4.0 10000 0.55 gamma
0.34627 10.0 4.0 100000 0.425 gamma
0.44752 10.0 3.0 1000 0.65 gamma
0.27007 1.0 0.325 10000 0.325 lognormal
0.43437 10.0 3.5 1000 0.65 gamma
0.41201 10.0 4.5 10000 0.55 gamma
0.28899 1.0 0.325 10000 0.35 lognormal
0.44431 10.0 4.0 1000 0.65 gamma
0.30944 1.0 0.325 10000 0.375 lognormal
0.41255 10.0 5.0 10000 0.55 gamma
0.44322 10.0 4.5 1000 0.65 gamma
0.3236 1.0 0.325 10000 0.4 lognormal
0.41072 10.0 5.5 10000 0.55 gamma
0.43967 10.0 5.0 1000 0.65 gamma
0.33838 1.0 0.325 10000 0.425 lognormal
0.44397 10.0 5.5 1000 0.65 gamma
0.34533 10.0 4.5 100000 0.425 gamma
0.35076 1.0 0.325 10000 0.45 lognormal
0.41179 10.0 6.0 10000 0.55 gamma
0.44209 10.0 6.0 1000 0.65 gamma
0.37035 1.0 0.325 10000 0.475 lognormal
0.43575 10.0 6.5 1000 0.65 gamma
0.41076 10.0 6.5 10000 0.55 gamma
0.38566 1.0 0.325 10000 0.5 lognormal
0.43998 10.0 7.0 1000 0.65 gamma
0.39652 1.0 0.325 10000 0.525 lognormal
0.4128 10.0 7.0 10000 0.55 gamma
0.44568 10.0 7.5 1000 0.65 gamma
0.41327 1.0 0.325 10000 0.55 lognormal
0.44232 10.0 8.0 1000 0.65 gamma
0.34408 10.0 5.0 100000 0.425 gamma
0.4267 1.0 0.325 10000 0.575 lognormal
0.41092 10.0 7.5 10000 0.55 gamma
0.43858 10.0 8.5 1000 0.65 gamma
0.43905 1.0 0.325 10000 0.6 lognormal
0.43715 10.0 9.0 1000 0.65 gamma
0.44728 1.0 0.325 10000 0.625 lognormal
0.41256 10.0 8.0 10000 0.55 gamma
0.44433 10.0 9.5 1000 0.65 gamma
0.46129 1.0 0.325 10000 0.65 lognormal
0.44307 10.0 10.0 1000 0.65 gamma
0.47226 1.0 0.325 10000 0.675 lognormal
0.41528 10.0 8.5 10000 0.55 gamma
0.46604 10.0 2.0 1000 0.7 gamma
0.48416 1.0 0.325 10000 0.7 lognormal
0.47165 10.0 2.5 1000 0.7 gamma
0.49535 1.0 0.325 10000 0.725 lognormal
0.34612 10.0 5.5 100000 0.425 gamma
0.41177 10.0 9.0 10000 0.55 gamma
0.46229 10.0 3.0 1000 0.7 gamma
0.50506 1.0 0.325 10000 0.75 lognormal
0.46405 10.0 3.5 1000 0.7 gamma
0.02451 1.0 0.35 10000 0.025 lognormal
0.41373 10.0 9.5 10000 0.55 gamma
0.04934 1.0 0.35 10000 0.05 lognormal
0.46874 10.0 4.0 1000 0.7 gamma
0.07184 1.0 0.35 10000 0.075 lognormal
0.45622 10.0 4.5 1000 0.7 gamma
0.09575 1.0 0.35 10000 0.1 lognormal
0.40888 10.0 10.0 10000 0.55 gamma
0.4655 10.0 5.0 1000 0.7 gamma
0.11524 1.0 0.35 10000 0.125 lognormal
0.38441 10.0 2.0 10000 0.5 gamma
0.46323 10.0 5.5 1000 0.7 gamma
0.13844 1.0 0.35 10000 0.15 lognormal
0.38249 10.0 2.5 10000 0.5 gamma
0.15989 1.0 0.35 10000 0.175 lognormal
0.46287 10.0 6.0 1000 0.7 gamma
0.38726 10.0 3.0 10000 0.5 gamma
0.17931 1.0 0.35 10000 0.2 lognormal
0.34128 10.0 6.0 100000 0.425 gamma
0.4579 10.0 6.5 1000 0.7 gamma
0.20124 1.0 0.35 10000 0.225 lognormal
0.38914 10.0 3.5 10000 0.5 gamma
0.45357 10.0 7.0 1000 0.7 gamma
0.22163 1.0 0.35 10000 0.25 lognormal
0.3821 10.0 4.0 10000 0.5 gamma
0.4716 10.0 7.5 1000 0.7 gamma
0.23926 1.0 0.35 10000 0.275 lognormal
0.45851 10.0 8.0 1000 0.7 gamma
0.38052 10.0 4.5 10000 0.5 gamma
0.25829 1.0 0.35 10000 0.3 lognormal
0.46615 10.0 8.5 1000 0.7 gamma
0.2713 1.0 0.35 10000 0.325 lognormal
0.38303 10.0 5.0 10000 0.5 gamma
0.46124 10.0 9.0 1000 0.7 gamma
0.28982 1.0 0.35 10000 0.35 lognormal
0.3846 10.0 5.5 10000 0.5 gamma
0.46214 10.0 9.5 1000 0.7 gamma
0.30793 1.0 0.35 10000 0.375 lognormal
0.46014 10.0 10.0 1000 0.7 gamma
0.34315 10.0 6.5 100000 0.425 gamma
0.38291 10.0 6.0 10000 0.5 gamma
0.32455 1.0 0.35 10000 0.4 lognormal
0.48177 10.0 2.0 1000 0.75 gamma
0.33841 1.0 0.35 10000 0.425 lognormal
0.3831 10.0 6.5 10000 0.5 gamma
0.47039 10.0 2.5 1000 0.75 gamma
0.35378 1.0 0.35 10000 0.45 lognormal
0.47605 10.0 3.0 1000 0.75 gamma
0.38259 10.0 7.0 10000 0.5 gamma
0.36538 1.0 0.35 10000 0.475 lognormal
0.47886 10.0 3.5 1000 0.75 gamma
0.38296 1.0 0.35 10000 0.5 lognormal
0.48009 10.0 4.0 1000 0.75 gamma
0.38616 10.0 7.5 10000 0.5 gamma
0.48079 10.0 4.5 1000 0.75 gamma
0.3952 1.0 0.35 10000 0.525 lognormal
0.38298 10.0 8.0 10000 0.5 gamma
0.41048 1.0 0.35 10000 0.55 lognormal
0.49361 10.0 5.0 1000 0.75 gamma
0.3437 10.0 7.0 100000 0.425 gamma
0.4268 1.0 0.35 10000 0.575 lognormal
0.48157 10.0 5.5 1000 0.75 gamma
0.38329 10.0 8.5 10000 0.5 gamma
0.43732 1.0 0.35 10000 0.6 lognormal
0.48076 10.0 6.0 1000 0.75 gamma
0.44736 1.0 0.35 10000 0.625 lognormal
0.3829 10.0 9.0 10000 0.5 gamma
0.47915 10.0 6.5 1000 0.75 gamma
0.46256 1.0 0.35 10000 0.65 lognormal
0.47492 10.0 7.0 1000 0.75 gamma
0.47482 1.0 0.35 10000 0.675 lognormal
0.38369 10.0 9.5 10000 0.5 gamma
0.48503 1.0 0.35 10000 0.7 lognormal
0.4799 10.0 7.5 1000 0.75 gamma
0.49502 1.0 0.35 10000 0.725 lognormal
0.38273 10.0 10.0 10000 0.5 gamma
0.48173 10.0 8.0 1000 0.75 gamma
0.50921 1.0 0.35 10000 0.75 lognormal
0.46193 10.0 2.0 10000 0.65 gamma
0.02535 1.0 0.375 10000 0.025 lognormal
0.48157 10.0 8.5 1000 0.75 gamma
0.46576 10.0 2.5 10000 0.65 gamma
0.34211 10.0 7.5 100000 0.425 gamma
0.04903 1.0 0.375 10000 0.05 lognormal
0.4763 10.0 9.0 1000 0.75 gamma
0.46248 10.0 3.0 10000 0.65 gamma
0.07154 1.0 0.375 10000 0.075 lognormal
0.09369 1.0 0.375 10000 0.1 lognormal
0.47266 10.0 9.5 1000 0.75 gamma
0.45824 10.0 3.5 10000 0.65 gamma
0.11658 1.0 0.375 10000 0.125 lognormal
0.47836 10.0 10.0 1000 0.75 gamma
0.13748 1.0 0.375 10000 0.15 lognormal
0.46034 10.0 4.0 10000 0.65 gamma
0.15992 1.0 0.375 10000 0.175 lognormal
0.4607 10.0 4.5 10000 0.65 gamma
0.17965 1.0 0.375 10000 0.2 lognormal
0.19771 1.0 0.375 10000 0.225 lognormal
0.4615 10.0 5.0 10000 0.65 gamma
0.22042 1.0 0.375 10000 0.25 lognormal
0.23748 1.0 0.375 10000 0.275 lognormal
0.4589 10.0 5.5 10000 0.65 gamma
0.33989 10.0 8.0 100000 0.425 gamma
0.25419 1.0 0.375 10000 0.3 lognormal
0.27323 1.0 0.375 10000 0.325 lognormal
0.46116 10.0 6.0 10000 0.65 gamma
0.28963 1.0 0.375 10000 0.35 lognormal
0.46101 10.0 6.5 10000 0.65 gamma
0.30699 1.0 0.375 10000 0.375 lognormal
0.32214 1.0 0.375 10000 0.4 lognormal
0.46549 10.0 7.0 10000 0.65 gamma
0.34014 1.0 0.375 10000 0.425 lognormal
0.4595 10.0 7.5 10000 0.65 gamma
0.3535 1.0 0.375 10000 0.45 lognormal
0.34194 10.0 8.5 100000 0.425 gamma
0.37173 1.0 0.375 10000 0.475 lognormal
0.4624 10.0 8.0 10000 0.65 gamma
0.38247 1.0 0.375 10000 0.5 lognormal
0.39763 1.0 0.375 10000 0.525 lognormal
0.46406 10.0 8.5 10000 0.65 gamma
0.41306 1.0 0.375 10000 0.55 lognormal
0.42286 1.0 0.375 10000 0.575 lognormal
0.46231 10.0 9.0 10000 0.65 gamma
0.43714 1.0 0.375 10000 0.6 lognormal
0.46464 10.0 9.5 10000 0.65 gamma
0.44681 1.0 0.375 10000 0.625 lognormal
0.46004 1.0 0.375 10000 0.65 lognormal
0.46132 10.0 10.0 10000 0.65 gamma
0.47568 1.0 0.375 10000 0.675 lognormal
0.34465 10.0 9.0 100000 0.425 gamma
0.48541 10.0 2.0 10000 0.7 gamma
0.48341 1.0 0.375 10000 0.7 lognormal
0.48238 10.0 2.5 10000 0.7 gamma
0.50002 1.0 0.375 10000 0.725 lognormal
0.48763 10.0 3.0 10000 0.7 gamma
0.50524 1.0 0.375 10000 0.75 lognormal
0.48309 10.0 3.5 10000 0.7 gamma
0.02529 1.0 0.4 10000 0.025 lognormal
0.04898 1.0 0.4 10000 0.05 lognormal
0.48487 10.0 4.0 10000 0.7 gamma
0.07225 1.0 0.4 10000 0.075 lognormal
0.09624 1.0 0.4 10000 0.1 lognormal
0.48049 10.0 4.5 10000 0.7 gamma
0.11632 1.0 0.4 10000 0.125 lognormal
0.13927 1.0 0.4 10000 0.15 lognormal
0.48312 10.0 5.0 10000 0.7 gamma
0.15981 1.0 0.4 10000 0.175 lognormal
0.339 10.0 9.5 100000 0.425 gamma
0.18051 1.0 0.4 10000 0.2 lognormal
0.48105 10.0 5.5 10000 0.7 gamma
0.1997 1.0 0.4 10000 0.225 lognormal
0.48354 10.0 6.0 10000 0.7 gamma
0.21784 1.0 0.4 10000 0.25 lognormal
0.23852 1.0 0.4 10000 0.275 lognormal
0.48829 10.0 6.5 10000 0.7 gamma
0.25329 1.0 0.4 10000 0.3 lognormal
0.27515 1.0 0.4 10000 0.325 lognormal
0.48651 10.0 7.0 10000 0.7 gamma
0.28795 1.0 0.4 10000 0.35 lognormal
0.30692 1.0 0.4 10000 0.375 lognormal
0.48628 10.0 7.5 10000 0.7 gamma
0.34377 10.0 10.0 100000 0.425 gamma
0.32502 1.0 0.4 10000 0.4 lognormal
0.48437 10.0 8.0 10000 0.7 gamma
0.34087 1.0 0.4 10000 0.425 lognormal
0.35706 1.0 0.4 10000 0.45 lognormal
0.36035 10.0 2.0 100000 0.45 gamma
0.48351 10.0 8.5 10000 0.7 gamma
0.36685 1.0 0.4 10000 0.475 lognormal
0.38361 1.0 0.4 10000 0.5 lognormal
0.48249 10.0 9.0 10000 0.7 gamma
0.39634 1.0 0.4 10000 0.525 lognormal
0.36022 10.0 2.5 100000 0.45 gamma
0.41121 1.0 0.4 10000 0.55 lognormal
0.48492 10.0 9.5 10000 0.7 gamma
0.42497 1.0 0.4 10000 0.575 lognormal
0.43683 1.0 0.4 10000 0.6 lognormal
0.48716 10.0 10.0 10000 0.7 gamma
0.35911 10.0 3.0 100000 0.45 gamma
0.5078 10.0 2.0 10000 0.75 gamma
0.44888 1.0 0.4 10000 0.625 lognormal
0.50596 10.0 2.5 10000 0.75 gamma
0.46158 1.0 0.4 10000 0.65 lognormal
0.50603 10.0 3.0 10000 0.75 gamma
0.47313 1.0 0.4 10000 0.675 lognormal
0.50558 10.0 3.5 10000 0.75 gamma
0.48606 1.0 0.4 10000 0.7 lognormal
0.35849 10.0 3.5 100000 0.45 gamma
0.50297 10.0 4.0 10000 0.75 gamma
0.49237 1.0 0.4 10000 0.725 lognormal
0.503 10.0 4.5 10000 0.75 gamma
0.50602 1.0 0.4 10000 0.75 lognormal
0.02444 1.0 0.425 10000 0.025 lognormal
0.50632 10.0 5.0 10000 0.75 gamma
0.04837 1.0 0.425 10000 0.05 lognormal
0.07118 1.0 0.425 10000 0.075 lognormal
0.09416 1.0 0.425 10000 0.1 lognormal
0.50853 10.0 5.5 10000 0.75 gamma
0.35761 10.0 4.0 100000 0.45 gamma
0.11683 1.0 0.425 10000 0.125 lognormal
0.13891 1.0 0.425 10000 0.15 lognormal
0.50584 10.0 6.0 10000 0.75 gamma
0.1596 1.0 0.425 10000 0.175 lognormal
0.18085 1.0 0.425 10000 0.2 lognormal
0.19936 1.0 0.425 10000 0.225 lognormal
0.50825 10.0 6.5 10000 0.75 gamma
0.21908 1.0 0.425 10000 0.25 lognormal
0.35896 10.0 4.5 100000 0.45 gamma
0.50412 10.0 7.0 10000 0.75 gamma
0.23899 1.0 0.425 10000 0.275 lognormal
0.25602 1.0 0.425 10000 0.3 lognormal
0.50675 10.0 7.5 10000 0.75 gamma
0.27365 1.0 0.425 10000 0.325 lognormal
0.29035 1.0 0.425 10000 0.35 lognormal
0.5068 10.0 8.0 10000 0.75 gamma
0.30632 1.0 0.425 10000 0.375 lognormal
0.32326 1.0 0.425 10000 0.4 lognormal
0.35728 10.0 5.0 100000 0.45 gamma
0.50315 10.0 8.5 10000 0.75 gamma
0.3404 1.0 0.425 10000 0.425 lognormal
0.50711 10.0 9.0 10000 0.75 gamma
0.35279 1.0 0.425 10000 0.45 lognormal
0.37014 1.0 0.425 10000 0.475 lognormal
0.50447 10.0 9.5 10000 0.75 gamma
0.38532 1.0 0.425 10000 0.5 lognormal
0.4009 1.0 0.425 10000 0.525 lognormal
0.50456 10.0 10.0 10000 0.75 gamma
0.41281 1.0 0.425 10000 0.55 lognormal
0.36135 10.0 5.5 100000 0.45 gamma
0.42278 1.0 0.425 10000 0.575 lognormal
0.43904 1.0 0.425 10000 0.6 lognormal
0.45214 1.0 0.425 10000 0.625 lognormal
0.45972 1.0 0.425 10000 0.65 lognormal
0.46904 1.0 0.425 10000 0.675 lognormal
0.48192 1.0 0.425 10000 0.7 lognormal
0.4929 1.0 0.425 10000 0.725 lognormal
0.35906 10.0 6.0 100000 0.45 gamma
0.50227 1.0 0.425 10000 0.75 lognormal
0.02442 1.0 0.45 10000 0.025 lognormal
0.04894 1.0 0.45 10000 0.05 lognormal
0.07284 1.0 0.45 10000 0.075 lognormal
0.09621 1.0 0.45 10000 0.1 lognormal
0.11615 1.0 0.45 10000 0.125 lognormal
0.13765 1.0 0.45 10000 0.15 lognormal
0.15779 1.0 0.45 10000 0.175 lognormal
0.18144 1.0 0.45 10000 0.2 lognormal
0.35461 10.0 6.5 100000 0.45 gamma
0.19969 1.0 0.45 10000 0.225 lognormal
0.21878 1.0 0.45 10000 0.25 lognormal
0.23765 1.0 0.45 10000 0.275 lognormal
0.2562 1.0 0.45 10000 0.3 lognormal
0.27304 1.0 0.45 10000 0.325 lognormal
0.29426 1.0 0.45 10000 0.35 lognormal
0.30524 1.0 0.45 10000 0.375 lognormal
0.3576 10.0 7.0 100000 0.45 gamma
0.32476 1.0 0.45 10000 0.4 lognormal
0.33675 1.0 0.45 10000 0.425 lognormal
0.34644 1.0 0.45 10000 0.45 lognormal
0.36949 1.0 0.45 10000 0.475 lognormal
0.38624 1.0 0.45 10000 0.5 lognormal
0.39952 1.0 0.45 10000 0.525 lognormal
0.40897 1.0 0.45 10000 0.55 lognormal
0.35938 10.0 7.5 100000 0.45 gamma
0.4228 1.0 0.45 10000 0.575 lognormal
0.44047 1.0 0.45 10000 0.6 lognormal
0.44857 1.0 0.45 10000 0.625 lognormal
0.46146 1.0 0.45 10000 0.65 lognormal
0.47376 1.0 0.45 10000 0.675 lognormal
0.48257 1.0 0.45 10000 0.7 lognormal
0.49586 1.0 0.45 10000 0.725 lognormal
0.3611 10.0 8.0 100000 0.45 gamma
0.50163 1.0 0.45 10000 0.75 lognormal
0.02424 1.0 0.475 10000 0.025 lognormal
0.0482 1.0 0.475 10000 0.05 lognormal
0.07273 1.0 0.475 10000 0.075 lognormal
0.09399 1.0 0.475 10000 0.1 lognormal
0.11733 1.0 0.475 10000 0.125 lognormal
0.13925 1.0 0.475 10000 0.15 lognormal
0.15943 1.0 0.475 10000 0.175 lognormal
0.17884 1.0 0.475 10000 0.2 lognormal
0.20363 1.0 0.475 10000 0.225 lognormal
0.35924 10.0 8.5 100000 0.45 gamma
0.21983 1.0 0.475 10000 0.25 lognormal
0.23523 1.0 0.475 10000 0.275 lognormal
0.25486 1.0 0.475 10000 0.3 lognormal
0.27307 1.0 0.475 10000 0.325 lognormal
0.29227 1.0 0.475 10000 0.35 lognormal
0.30358 1.0 0.475 10000 0.375 lognormal
0.32516 1.0 0.475 10000 0.4 lognormal
0.35706 10.0 9.0 100000 0.45 gamma
0.33873 1.0 0.475 10000 0.425 lognormal
0.34982 1.0 0.475 10000 0.45 lognormal
0.36795 1.0 0.475 10000 0.475 lognormal
0.37829 1.0 0.475 10000 0.5 lognormal
0.39406 1.0 0.475 10000 0.525 lognormal
0.41185 1.0 0.475 10000 0.55 lognormal
0.42146 1.0 0.475 10000 0.575 lognormal
0.43735 1.0 0.475 10000 0.6 lognormal
0.45017 1.0 0.475 10000 0.625 lognormal
0.3568 10.0 9.5 100000 0.45 gamma
0.4631 1.0 0.475 10000 0.65 lognormal
0.47253 1.0 0.475 10000 0.675 lognormal
0.48545 1.0 0.475 10000 0.7 lognormal
0.49347 1.0 0.475 10000 0.725 lognormal
0.50765 1.0 0.475 10000 0.75 lognormal
0.35638 10.0 10.0 100000 0.45 gamma
0.37287 10.0 2.0 100000 0.475 gamma
0.37295 10.0 2.5 100000 0.475 gamma
0.37242 10.0 3.0 100000 0.475 gamma
0.37408 10.0 3.5 100000 0.475 gamma
0.37706 10.0 4.0 100000 0.475 gamma
0.37582 10.0 4.5 100000 0.475 gamma
0.37579 10.0 5.0 100000 0.475 gamma
0.37402 10.0 5.5 100000 0.475 gamma
0.37166 10.0 6.0 100000 0.475 gamma
0.37357 10.0 6.5 100000 0.475 gamma
0.3747 10.0 7.0 100000 0.475 gamma
0.37265 10.0 7.5 100000 0.475 gamma
0.3733 10.0 8.0 100000 0.475 gamma
0.37412 10.0 8.5 100000 0.475 gamma
0.3734 10.0 9.0 100000 0.475 gamma
0.37495 10.0 9.5 100000 0.475 gamma
0.37572 10.0 10.0 100000 0.475 gamma
0.44617 10.0 2.0 100000 0.6 gamma
0.44457 10.0 2.5 100000 0.6 gamma
0.4451 10.0 3.0 100000 0.6 gamma
0.44426 10.0 3.5 100000 0.6 gamma
0.44309 10.0 4.0 100000 0.6 gamma
0.44478 10.0 4.5 100000 0.6 gamma
0.44547 10.0 5.0 100000 0.6 gamma
0.44312 10.0 5.5 100000 0.6 gamma
0.44388 10.0 6.0 100000 0.6 gamma
0.44379 10.0 6.5 100000 0.6 gamma
0.44353 10.0 7.0 100000 0.6 gamma
0.44365 10.0 7.5 100000 0.6 gamma
0.44626 10.0 8.0 100000 0.6 gamma
0.44385 10.0 8.5 100000 0.6 gamma
0.4437 10.0 9.0 100000 0.6 gamma
0.44524 10.0 9.5 100000 0.6 gamma
0.44683 10.0 10.0 100000 0.6 gamma
0.41769 10.0 2.0 100000 0.55 gamma
0.41756 10.0 2.5 100000 0.55 gamma
0.41902 10.0 3.0 100000 0.55 gamma
0.42059 10.0 3.5 100000 0.55 gamma
0.41938 10.0 4.0 100000 0.55 gamma
0.41741 10.0 4.5 100000 0.55 gamma
0.41709 10.0 5.0 100000 0.55 gamma
0.41985 10.0 5.5 100000 0.55 gamma
0.4165 10.0 6.0 100000 0.55 gamma
0.41786 10.0 6.5 100000 0.55 gamma
0.41721 10.0 7.0 100000 0.55 gamma
0.41934 10.0 7.5 100000 0.55 gamma
0.41835 10.0 8.0 100000 0.55 gamma
0.41731 10.0 8.5 100000 0.55 gamma
0.41986 10.0 9.0 100000 0.55 gamma
0.41842 10.0 9.5 100000 0.55 gamma
0.4164 10.0 10.0 100000 0.55 gamma
0.3888 10.0 2.0 100000 0.5 gamma
0.38752 10.0 2.5 100000 0.5 gamma
0.39111 10.0 3.0 100000 0.5 gamma
0.38974 10.0 3.5 100000 0.5 gamma
0.39016 10.0 4.0 100000 0.5 gamma
0.3903 10.0 4.5 100000 0.5 gamma
0.38779 10.0 5.0 100000 0.5 gamma
0.38882 10.0 5.5 100000 0.5 gamma
0.38692 10.0 6.0 100000 0.5 gamma
0.3909 10.0 6.5 100000 0.5 gamma
0.38849 10.0 7.0 100000 0.5 gamma
0.3922 10.0 7.5 100000 0.5 gamma
0.38669 10.0 8.0 100000 0.5 gamma
0.39043 10.0 8.5 100000 0.5 gamma
0.38948 10.0 9.0 100000 0.5 gamma
0.38994 10.0 9.5 100000 0.5 gamma
0.39155 10.0 10.0 100000 0.5 gamma
0.47266 10.0 2.0 100000 0.65 gamma
0.46931 10.0 2.5 100000 0.65 gamma
0.46991 10.0 3.0 100000 0.65 gamma
0.47187 10.0 3.5 100000 0.65 gamma
0.46879 10.0 4.0 100000 0.65 gamma
0.46917 10.0 4.5 100000 0.65 gamma
0.47235 10.0 5.0 100000 0.65 gamma
0.47323 10.0 5.5 100000 0.65 gamma
0.47178 10.0 6.0 100000 0.65 gamma
0.4712 10.0 6.5 100000 0.65 gamma
0.46939 10.0 7.0 100000 0.65 gamma
0.47261 10.0 7.5 100000 0.65 gamma
0.47153 10.0 8.0 100000 0.65 gamma
0.47132 10.0 8.5 100000 0.65 gamma
0.47332 10.0 9.0 100000 0.65 gamma
0.47283 10.0 9.5 100000 0.65 gamma
0.47005 10.0 10.0 100000 0.65 gamma
0.49336 10.0 2.0 100000 0.7 gamma
0.49301 10.0 2.5 100000 0.7 gamma
0.4967 10.0 3.0 100000 0.7 gamma
0.4976 10.0 3.5 100000 0.7 gamma
0.4947 10.0 4.0 100000 0.7 gamma
0.49592 10.0 4.5 100000 0.7 gamma
0.49644 10.0 5.0 100000 0.7 gamma
0.4934 10.0 5.5 100000 0.7 gamma
0.49522 10.0 6.0 100000 0.7 gamma
0.49817 10.0 6.5 100000 0.7 gamma
0.49812 10.0 7.0 100000 0.7 gamma
0.49144 10.0 7.5 100000 0.7 gamma
0.49002 10.0 8.0 100000 0.7 gamma
0.49547 10.0 8.5 100000 0.7 gamma
0.49626 10.0 9.0 100000 0.7 gamma
0.4931 10.0 9.5 100000 0.7 gamma
0.49722 10.0 10.0 100000 0.7 gamma
0.51868 10.0 2.0 100000 0.75 gamma
0.51722 10.0 2.5 100000 0.75 gamma
0.52029 10.0 3.0 100000 0.75 gamma
0.5176 10.0 3.5 100000 0.75 gamma
0.51989 10.0 4.0 100000 0.75 gamma
0.51709 10.0 4.5 100000 0.75 gamma
0.51735 10.0 5.0 100000 0.75 gamma
0.51584 10.0 5.5 100000 0.75 gamma
0.51716 10.0 6.0 100000 0.75 gamma
0.51754 10.0 6.5 100000 0.75 gamma
0.51975 10.0 7.0 100000 0.75 gamma
0.51745 10.0 7.5 100000 0.75 gamma
0.5155 10.0 8.0 100000 0.75 gamma
0.51938 10.0 8.5 100000 0.75 gamma
0.52016 10.0 9.0 100000 0.75 gamma
0.51537 10.0 9.5 100000 0.75 gamma
0.51978 10.0 10.0 100000 0.75 gamma
